ISO-10303-21;
HEADER;
FILE_DESCRIPTION (( 'STEP AP203' ),
    '1' );
FILE_NAME ('Chassis Top Plate.STEP',
    '2026-04-28T03:57:44',
    ( '' ),
    ( '' ),
    'SwSTEP 2.0',
    'SolidWorks 2025',
    '' );
FILE_SCHEMA (( 'CONFIG_CONTROL_DESIGN' ));
ENDSEC;

DATA;
#1 = EDGE_CURVE ( 'NONE', #46, #1011, #3043, .T. ) ;
#2 = VERTEX_POINT ( 'NONE', #1771 ) ;
#3 = FACE_OUTER_BOUND ( 'NONE', #1470, .T. ) ;
#4 = AXIS2_PLACEMENT_3D ( 'NONE', #1134, #3168, #139 ) ;
#5 = CIRCLE ( 'NONE', #2899, 0.06299212598425185661 ) ;
#6 = AXIS2_PLACEMENT_3D ( 'NONE', #918, #1444, #3231 ) ;
#7 = ORIENTED_EDGE ( 'NONE', *, *, #714, .F. ) ;
#8 = EDGE_CURVE ( 'NONE', #2468, #1350, #2810, .T. ) ;
#9 = VERTEX_POINT ( 'NONE', #1269 ) ;
#10 = VERTEX_POINT ( 'NONE', #3317 ) ;
#11 = LINE ( 'NONE', #1554, #2034 ) ;
#12 = VECTOR ( 'NONE', #1843, 39.37007874015748143 ) ;
#13 = VERTEX_POINT ( 'NONE', #1792 ) ;
#14 = DIRECTION ( 'NONE',  ( 0.000000000000000000, 0.000000000000000000, 1.000000000000000000 ) ) ;
#15 = EDGE_LOOP ( 'NONE', ( #2007, #2978, #38, #2840 ) ) ;
#16 = ORIENTED_EDGE ( 'NONE', *, *, #195, .T. ) ;
#17 = CIRCLE ( 'NONE', #856, 0.05511811023622041616 ) ;
#18 = CARTESIAN_POINT ( 'NONE',  ( 1.574999999999999956, 0.000000000000000000, 1.900000000000000133 ) ) ;
#19 = DIRECTION ( 'NONE',  ( 0.000000000000000000, -1.000000000000000000, 0.000000000000000000 ) ) ;
#20 =( NAMED_UNIT ( * ) SI_UNIT ( $, .STERADIAN. ) SOLID_ANGLE_UNIT ( ) );
#21 = AXIS2_PLACEMENT_3D ( 'NONE', #1667, #143, #1880 ) ;
#22 = DIRECTION ( 'NONE',  ( 0.000000000000000000, 1.000000000000000000, 0.000000000000000000 ) ) ;
#23 = ADVANCED_FACE ( 'NONE', ( #203 ), #1211, .F. ) ;
#24 = EDGE_CURVE ( 'NONE', #263, #2256, #2382, .T. ) ;
#25 = DIRECTION ( 'NONE',  ( 0.000000000000000000, 0.000000000000000000, 1.000000000000000000 ) ) ;
#26 = ORIENTED_EDGE ( 'NONE', *, *, #750, .F. ) ;
#27 = EDGE_LOOP ( 'NONE', ( #536, #2847 ) ) ;
#28 = EDGE_LOOP ( 'NONE', ( #1016, #3306, #1247, #1382 ) ) ;
#29 = CARTESIAN_POINT ( 'NONE',  ( 2.450000000000000178, -3.937007874016270969E-05, -0.8185039370078738274 ) ) ;
#30 = VERTEX_POINT ( 'NONE', #2270 ) ;
#31 = DIRECTION ( 'NONE',  ( 0.000000000000000000, 0.000000000000000000, 1.000000000000000000 ) ) ;
#32 = CARTESIAN_POINT ( 'NONE',  ( 3.000000000000000444, 0.2500000000000000000, -2.000000000000000000 ) ) ;
#33 = VERTEX_POINT ( 'NONE', #3284 ) ;
#34 = CARTESIAN_POINT ( 'NONE',  ( -2.875000000000000444, 0.000000000000000000, -1.687007874015748365 ) ) ;
#35 = LINE ( 'NONE', #2069, #3128 ) ;
#36 =( CONVERSION_BASED_UNIT ( 'INCH', #782 ) LENGTH_UNIT ( ) NAMED_UNIT ( #2104 ) );
#37 = CARTESIAN_POINT ( 'NONE',  ( 3.000000000000000444, 0.2500000000000000000, -0.08333333333333371729 ) ) ;
#38 = ORIENTED_EDGE ( 'NONE', *, *, #633, .T. ) ;
#39 = ORIENTED_EDGE ( 'NONE', *, *, #2130, .T. ) ;
#40 = ADVANCED_FACE ( 'NONE', ( #975 ), #1996, .F. ) ;
#41 = ORIENTED_EDGE ( 'NONE', *, *, #1521, .F. ) ;
#42 = CARTESIAN_POINT ( 'NONE',  ( -2.450000000000000178, 0.000000000000000000, -0.8185039370078738274 ) ) ;
#43 = EDGE_CURVE ( 'NONE', #579, #2603, #2811, .T. ) ;
#44 = EDGE_CURVE ( 'NONE', #2325, #1525, #2897, .T. ) ;
#45 = EDGE_CURVE ( 'NONE', #1011, #2146, #357, .T. ) ;
#46 = VERTEX_POINT ( 'NONE', #2117 ) ;
#47 = CARTESIAN_POINT ( 'NONE',  ( -0.5500000000000001554, 0.000000000000000000, -1.368503937007873983 ) ) ;
#48 = DIRECTION ( 'NONE',  ( -0.000000000000000000, 1.000000000000000000, -0.000000000000000000 ) ) ;
#49 = ORIENTED_EDGE ( 'NONE', *, *, #2856, .F. ) ;
#50 = CARTESIAN_POINT ( 'NONE',  ( 2.700000000000000178, -3.937007874016270969E-05, -0.1833333333333337090 ) ) ;
#51 = DIRECTION ( 'NONE',  ( -0.000000000000000000, 1.000000000000000000, -0.000000000000000000 ) ) ;
#52 = DIRECTION ( 'NONE',  ( 0.000000000000000000, 1.000000000000000000, 0.000000000000000000 ) ) ;
#53 = AXIS2_PLACEMENT_3D ( 'NONE', #2663, #365, #104 ) ;
#54 = DIRECTION ( 'NONE',  ( 1.000000000000000000, -0.000000000000000000, -0.000000000000000000 ) ) ;
#55 = EDGE_LOOP ( 'NONE', ( #512, #2539, #1044, #1153 ) ) ;
#56 = AXIS2_PLACEMENT_3D ( 'NONE', #311, #1325, #584 ) ;
#57 = CARTESIAN_POINT ( 'NONE',  ( 2.150000000000000355, 0.2500000000000000000, 0.8620078740157480768 ) ) ;
#58 = VECTOR ( 'NONE', #2397, 39.37007874015748143 ) ;
#59 = CIRCLE ( 'NONE', #899, 0.06299212598425159293 ) ;
#60 = ORIENTED_EDGE ( 'NONE', *, *, #2992, .F. ) ;
#61 = CC_DESIGN_APPROVAL ( #499, ( #2144 ) ) ;
#62 = LINE ( 'NONE', #1079, #2592 ) ;
#63 = VECTOR ( 'NONE', #709, 39.37007874015748143 ) ;
#64 = DIRECTION ( 'NONE',  ( -1.000000000000000000, 0.000000000000000000, 0.000000000000000000 ) ) ;
#65 = CC_DESIGN_DATE_AND_TIME_ASSIGNMENT ( #312, #114, ( #2543 ) ) ;
#66 = ADVANCED_FACE ( 'NONE', ( #1111 ), #1904, .T. ) ;
#67 = EDGE_CURVE ( 'NONE', #2502, #3058, #2371, .T. ) ;
#68 = AXIS2_PLACEMENT_3D ( 'NONE', #515, #2354, #550 ) ;
#69 = EDGE_LOOP ( 'NONE', ( #2361, #3109, #196, #1818, #498, #3207, #611, #1800, #2021 ) ) ;
#70 = DIRECTION ( 'NONE',  ( -0.000000000000000000, 1.000000000000000000, -0.000000000000000000 ) ) ;
#71 = AXIS2_PLACEMENT_3D ( 'NONE', #373, #314, #1328 ) ;
#72 = DIRECTION ( 'NONE',  ( -0.000000000000000000, 1.000000000000000000, -0.000000000000000000 ) ) ;
#73 = CIRCLE ( 'NONE', #2492, 0.4921259842519685179 ) ;
#74 = CARTESIAN_POINT ( 'NONE',  ( -0.5500000000000000444, 0.2500000000000000000, -0.5685039370078739385 ) ) ;
#75 = VERTEX_POINT ( 'NONE', #1080 ) ;
#76 = DIRECTION ( 'NONE',  ( -0.000000000000000000, 1.000000000000000000, -0.000000000000000000 ) ) ;
#77 = ORIENTED_EDGE ( 'NONE', *, *, #3301, .F. ) ;
#78 = DIRECTION ( 'NONE',  ( -0.000000000000000000, 1.000000000000000000, -0.000000000000000000 ) ) ;
#79 = ORIENTED_EDGE ( 'NONE', *, *, #1906, .F. ) ;
#80 = CARTESIAN_POINT ( 'NONE',  ( 0.3740157480314955096, 0.2500000000000000000, -1.051288497619611961 ) ) ;
#81 = DIRECTION ( 'NONE',  ( -1.266760602010062935E-15, 0.000000000000000000, 1.000000000000000000 ) ) ;
#82 = EDGE_CURVE ( 'NONE', #1156, #3113, #600, .T. ) ;
#83 = DIRECTION ( 'NONE',  ( -0.000000000000000000, 1.000000000000000000, -0.000000000000000000 ) ) ;
#84 = CARTESIAN_POINT ( 'NONE',  ( 2.150000000000000355, 0.2500000000000000000, 0.8620078740157480768 ) ) ;
#85 = DIRECTION ( 'NONE',  ( 0.000000000000000000, 0.000000000000000000, 1.000000000000000000 ) ) ;
#86 = DIRECTION ( 'NONE',  ( -0.000000000000000000, -1.000000000000000000, -0.000000000000000000 ) ) ;
#87 = FACE_OUTER_BOUND ( 'NONE', #2568, .T. ) ;
#88 = VERTEX_POINT ( 'NONE', #1640 ) ;
#89 = CARTESIAN_POINT ( 'NONE',  ( -2.875000000000000444, 0.2500000000000000000, -0.2499999999999998612 ) ) ;
#90 = EDGE_LOOP ( 'NONE', ( #2029, #2516, #827, #3083, #3258, #1708, #3024, #1404, #1317, #1092, #3243, #2572 ) ) ;
#91 = FACE_BOUND ( 'NONE', #2383, .T. ) ;
#92 = CARTESIAN_POINT ( 'NONE',  ( 2.700000000000000178, -3.937007874016270969E-05, -1.368503937007873983 ) ) ;
#93 = VERTEX_POINT ( 'NONE', #3184 ) ;
#94 = CARTESIAN_POINT ( 'NONE',  ( -2.450000000000000178, -3.937007874016270969E-05, -0.8185039370078738274 ) ) ;
#95 = CARTESIAN_POINT ( 'NONE',  ( 0.7415111107797446310, -3.937007874016270969E-05, -4.224845099504232593 ) ) ;
#96 = VERTEX_POINT ( 'NONE', #570 ) ;
#97 = DIRECTION ( 'NONE',  ( 0.000000000000000000, 0.000000000000000000, 1.000000000000000000 ) ) ;
#98 = DIRECTION ( 'NONE',  ( 0.000000000000000000, 1.000000000000000000, 0.000000000000000000 ) ) ;
#99 = CARTESIAN_POINT ( 'NONE',  ( 2.700000000000000178, 0.2500000000000000000, -1.368503937007873983 ) ) ;
#100 = EDGE_CURVE ( 'NONE', #1316, #2825, #3151, .T. ) ;
#101 = CARTESIAN_POINT ( 'NONE',  ( 1.424999999999999600, 0.2500000000000000000, 1.599999999999999867 ) ) ;
#102 = EDGE_CURVE ( 'NONE', #136, #2057, #1132, .T. ) ;
#103 = LINE ( 'NONE', #1118, #1284 ) ;
#104 = DIRECTION ( 'NONE',  ( 0.000000000000000000, 0.000000000000000000, 1.000000000000000000 ) ) ;
#105 = VERTEX_POINT ( 'NONE', #2408 ) ;
#106 = FACE_OUTER_BOUND ( 'NONE', #2227, .T. ) ;
#107 = PLANE ( 'NONE',  #3170 ) ;
#108 = CIRCLE ( 'NONE', #639, 0.1000000000000001582 ) ;
#109 = AXIS2_PLACEMENT_3D ( 'NONE', #828, #1641, #1395 ) ;
#110 = DIRECTION ( 'NONE',  ( 0.000000000000000000, 0.000000000000000000, 1.000000000000000000 ) ) ;
#111 = ORIENTED_EDGE ( 'NONE', *, *, #1376, .T. ) ;
#112 = DIRECTION ( 'NONE',  ( -1.000000000000000000, 0.000000000000000000, -0.000000000000000000 ) ) ;
#113 = DIRECTION ( 'NONE',  ( -0.000000000000000000, 1.000000000000000000, -0.000000000000000000 ) ) ;
#114 = DATE_TIME_ROLE ( 'classification_date' ) ;
#115 = VECTOR ( 'NONE', #1447, 39.37007874015748143 ) ;
#116 = CIRCLE ( 'NONE', #544, 0.2500000000000001665 ) ;
#117 = AXIS2_PLACEMENT_3D ( 'NONE', #2921, #2179, #2212 ) ;
#118 = DIRECTION ( 'NONE',  ( 0.000000000000000000, 1.000000000000000000, 0.000000000000000000 ) ) ;
#119 = AXIS2_PLACEMENT_3D ( 'NONE', #321, #1335, #2370 ) ;
#120 = DIRECTION ( 'NONE',  ( -0.000000000000000000, -1.000000000000000000, -0.000000000000000000 ) ) ;
#121 = EDGE_LOOP ( 'NONE', ( #1254, #2558, #837, #2576 ) ) ;
#122 = AXIS2_PLACEMENT_3D ( 'NONE', #1142, #864, #1901 ) ;
#123 = ORIENTED_EDGE ( 'NONE', *, *, #2333, .F. ) ;
#124 = CARTESIAN_POINT ( 'NONE',  ( -2.750000000000000444, 0.2500000000000000000, -1.909007441433449692 ) ) ;
#125 = PLANE ( 'NONE',  #758 ) ;
#126 = CARTESIAN_POINT ( 'NONE',  ( -0.2999999999999999334, 0.000000000000000000, -1.368503937007873983 ) ) ;
#127 = VECTOR ( 'NONE', #826, 39.37007874015748143 ) ;
#128 = FACE_BOUND ( 'NONE', #2495, .T. ) ;
#129 = ORIENTED_EDGE ( 'NONE', *, *, #1250, .T. ) ;
#130 = CARTESIAN_POINT ( 'NONE',  ( 0.3740157480314955096, 0.2500000000000000000, -0.9961703873833915868 ) ) ;
#131 = AXIS2_PLACEMENT_3D ( 'NONE', #802, #1040, #562 ) ;
#132 = ORIENTED_EDGE ( 'NONE', *, *, #532, .F. ) ;
#133 = CARTESIAN_POINT ( 'NONE',  ( 1.618669225237052478, 0.2500000000000000000, -3.451740435027140563 ) ) ;
#134 = ADVANCED_FACE ( 'NONE', ( #2932 ), #1873, .F. ) ;
#135 = ADVANCED_FACE ( 'NONE', ( #1145 ), #2391, .F. ) ;
#136 = VERTEX_POINT ( 'NONE', #1627 ) ;
#137 = CARTESIAN_POINT ( 'NONE',  ( 2.875000000000000444, 0.2500000000000000000, -1.812992125984252301 ) ) ;
#138 = DIRECTION ( 'NONE',  ( 0.000000000000000000, 0.000000000000000000, 1.000000000000000000 ) ) ;
#139 = DIRECTION ( 'NONE',  ( 1.266760602010063133E-15, 0.000000000000000000, 1.000000000000000000 ) ) ;
#140 = CARTESIAN_POINT ( 'NONE',  ( 5.770511628107025970E-16, 0.000000000000000000, -1.256012907068431161 ) ) ;
#141 = EDGE_LOOP ( 'NONE', ( #1078, #2187 ) ) ;
#142 = DIRECTION ( 'NONE',  ( -0.000000000000000000, 1.000000000000000000, -0.000000000000000000 ) ) ;
#143 = DIRECTION ( 'NONE',  ( 1.000000000000000000, 0.000000000000000000, 0.000000000000000000 ) ) ;
#144 = FACE_BOUND ( 'NONE', #2778, .T. ) ;
#145 = ORIENTED_EDGE ( 'NONE', *, *, #2913, .F. ) ;
#146 = CARTESIAN_POINT ( 'NONE',  ( -0.5500000000000000444, 0.000000000000000000, -0.5685039370078739385 ) ) ;
#147 = CARTESIAN_POINT ( 'NONE',  ( 0.000000000000000000, 0.2500000000000000000, -5.397019699529387537 ) ) ;
#148 = EDGE_CURVE ( 'NONE', #845, #2057, #552, .T. ) ;
#149 = ORIENTED_EDGE ( 'NONE', *, *, #1662, .F. ) ;
#150 = CYLINDRICAL_SURFACE ( 'NONE', #3169, 0.05511811023622041616 ) ;
#151 = EDGE_CURVE ( 'NONE', #2511, #2252, #2685, .T. ) ;
#152 = CARTESIAN_POINT ( 'NONE',  ( -3.000000000000000444, 0.2500000000000000000, -0.08333333333333371729 ) ) ;
#153 = DIRECTION ( 'NONE',  ( 0.000000000000000000, 0.000000000000000000, -1.000000000000000000 ) ) ;
#154 = CARTESIAN_POINT ( 'NONE',  ( 0.5646941913728218410, 0.2500000000000000000, -5.129166250363999424 ) ) ;
#155 = DIRECTION ( 'NONE',  ( -0.000000000000000000, 1.000000000000000000, -0.000000000000000000 ) ) ;
#156 = ORIENTED_EDGE ( 'NONE', *, *, #1294, .F. ) ;
#157 = CARTESIAN_POINT ( 'NONE',  ( 5.770511628107025970E-16, 0.000000000000000000, -0.6812097574621316376 ) ) ;
#158 = DIRECTION ( 'NONE',  ( 0.000000000000000000, 0.000000000000000000, -1.000000000000000000 ) ) ;
#159 = DIRECTION ( 'NONE',  ( -0.000000000000000000, 1.000000000000000000, -0.000000000000000000 ) ) ;
#160 = EDGE_LOOP ( 'NONE', ( #1902, #1551, #772, #451 ) ) ;
#161 = DIRECTION ( 'NONE',  ( 0.000000000000000000, 0.000000000000000000, -1.000000000000000000 ) ) ;
#162 = ADVANCED_FACE ( 'NONE', ( #396 ), #125, .T. ) ;
#163 = AXIS2_PLACEMENT_3D ( 'NONE', #1883, #2665, #1383 ) ;
#164 = DIRECTION ( 'NONE',  ( -0.000000000000000000, 1.000000000000000000, -0.000000000000000000 ) ) ;
#165 = AXIS2_PLACEMENT_3D ( 'NONE', #1340, #2622, #325 ) ;
#166 = EDGE_CURVE ( 'NONE', #2281, #2787, #2222, .T. ) ;
#167 = ADVANCED_FACE ( 'NONE', ( #1138 ), #2957, .T. ) ;
#168 = AXIS2_PLACEMENT_3D ( 'NONE', #3154, #362, #1379 ) ;
#169 = DIRECTION ( 'NONE',  ( -0.000000000000000000, 1.000000000000000000, -0.000000000000000000 ) ) ;
#170 = CIRCLE ( 'NONE', #117, 0.6250000000000005551 ) ;
#171 = DIRECTION ( 'NONE',  ( -0.000000000000000000, 1.000000000000000000, -0.000000000000000000 ) ) ;
#172 = DIRECTION ( 'NONE',  ( -0.000000000000000000, 1.000000000000000000, -0.000000000000000000 ) ) ;
#173 = DIRECTION ( 'NONE',  ( -0.5999999999999999778, 0.000000000000000000, -0.8000000000000000444 ) ) ;
#174 = VERTEX_POINT ( 'NONE', #2717 ) ;
#175 = DIRECTION ( 'NONE',  ( 0.000000000000000000, 0.000000000000000000, 1.000000000000000000 ) ) ;
#176 = AXIS2_PLACEMENT_3D ( 'NONE', #1702, #2228, #2556 ) ;
#177 = AXIS2_PLACEMENT_3D ( 'NONE', #1241, #1217, #2006 ) ;
#178 = ORIENTED_EDGE ( 'NONE', *, *, #1361, .F. ) ;
#179 = CARTESIAN_POINT ( 'NONE',  ( -0.5500000000000000444, 0.2500000000000000000, -4.064148197082598557 ) ) ;
#180 = CARTESIAN_POINT ( 'NONE',  ( 2.875000000000000444, 0.2500000000000000000, -1.687007874015748365 ) ) ;
#181 = VECTOR ( 'NONE', #120, 39.37007874015748143 ) ;
#182 = ORIENTED_EDGE ( 'NONE', *, *, #2980, .T. ) ;
#183 = CARTESIAN_POINT ( 'NONE',  ( -1.375000000000000222, 0.2500000000000000000, 2.000000000000000000 ) ) ;
#184 = CIRCLE ( 'NONE', #765, 0.05511811023622041616 ) ;
#185 = CARTESIAN_POINT ( 'NONE',  ( 2.150000000000000355, 0.2500000000000000000, 0.9249999999999999334 ) ) ;
#186 = DIRECTION ( 'NONE',  ( -0.000000000000000000, -0.000000000000000000, -1.000000000000000000 ) ) ;
#187 = LINE ( 'NONE', #2272, #1067 ) ;
#188 = ADVANCED_FACE ( 'NONE', ( #1435 ), #2467, .F. ) ;
#189 = EDGE_CURVE ( 'NONE', #319, #2554, #925, .T. ) ;
#190 = CARTESIAN_POINT ( 'NONE',  ( 1.575000000000000178, 0.2500000000000000000, 1.899999999999999911 ) ) ;
#191 = CARTESIAN_POINT ( 'NONE',  ( 0.5499999999999997113, 0.000000000000000000, 1.449999999999999734 ) ) ;
#192 = ORIENTED_EDGE ( 'NONE', *, *, #2820, .T. ) ;
#193 = DIRECTION ( 'NONE',  ( 0.000000000000000000, 1.000000000000000000, 0.000000000000000000 ) ) ;
#194 = EDGE_CURVE ( 'NONE', #2255, #33, #706, .T. ) ;
#195 = EDGE_CURVE ( 'NONE', #2008, #2736, #2213, .T. ) ;
#196 = ORIENTED_EDGE ( 'NONE', *, *, #2499, .T. ) ;
#197 = DIRECTION ( 'NONE',  ( -1.000000000000000000, 0.000000000000000000, 0.000000000000000000 ) ) ;
#198 = ORIENTED_EDGE ( 'NONE', *, *, #1747, .T. ) ;
#199 = EDGE_LOOP ( 'NONE', ( #2701, #2025, #1722, #1532 ) ) ;
#200 = ORIENTED_EDGE ( 'NONE', *, *, #1099, .F. ) ;
#201 = LINE ( 'NONE', #2487, #3222 ) ;
#202 = CARTESIAN_POINT ( 'NONE',  ( -0.5500000000000000444, 0.000000000000000000, -4.064148197082598557 ) ) ;
#203 = FACE_OUTER_BOUND ( 'NONE', #2633, .T. ) ;
#204 = CARTESIAN_POINT ( 'NONE',  ( 2.700000000000000178, 0.2500000000000000000, -0.5685039370078739385 ) ) ;
#205 = DIRECTION ( 'NONE',  ( -0.000000000000000000, 1.000000000000000000, -0.000000000000000000 ) ) ;
#206 = CARTESIAN_POINT ( 'NONE',  ( -0.2999999999999998224, -3.937007874016270969E-05, 1.449999999999999734 ) ) ;
#207 = CARTESIAN_POINT ( 'NONE',  ( 2.450000000000000178, 0.2500000000000000000, -0.1833333333333337090 ) ) ;
#208 = VERTEX_POINT ( 'NONE', #620 ) ;
#209 = DIRECTION ( 'NONE',  ( -0.000000000000000000, 1.000000000000000000, -0.000000000000000000 ) ) ;
#210 = EDGE_LOOP ( 'NONE', ( #926, #2386, #986, #3276 ) ) ;
#211 = DIRECTION ( 'NONE',  ( 0.000000000000000000, 0.000000000000000000, -1.000000000000000000 ) ) ;
#212 = EDGE_CURVE ( 'NONE', #320, #2911, #1910, .T. ) ;
#213 = ORIENTED_EDGE ( 'NONE', *, *, #2514, .F. ) ;
#214 = ORIENTED_EDGE ( 'NONE', *, *, #3299, .T. ) ;
#215 = DIRECTION ( 'NONE',  ( 1.000000000000000000, 0.000000000000000000, 0.000000000000000000 ) ) ;
#216 = ADVANCED_FACE ( 'NONE', ( #2142 ), #1855, .F. ) ;
#217 = VERTEX_POINT ( 'NONE', #1646 ) ;
#218 = CARTESIAN_POINT ( 'NONE',  ( -2.700000000000000178, 0.000000000000000000, -1.368503937007873983 ) ) ;
#219 = DIRECTION ( 'NONE',  ( -0.000000000000000000, -1.000000000000000000, -0.000000000000000000 ) ) ;
#220 = AXIS2_PLACEMENT_3D ( 'NONE', #2490, #171, #936 ) ;
#221 = AXIS2_PLACEMENT_3D ( 'NONE', #2359, #1287, #2347 ) ;
#222 = DIRECTION ( 'NONE',  ( 0.000000000000000000, 0.000000000000000000, 1.000000000000000000 ) ) ;
#223 = DIRECTION ( 'NONE',  ( -0.000000000000000000, -1.000000000000000000, -0.000000000000000000 ) ) ;
#224 = ORIENTED_EDGE ( 'NONE', *, *, #301, .F. ) ;
#225 = DIRECTION ( 'NONE',  ( 0.000000000000000000, 0.000000000000000000, 1.000000000000000000 ) ) ;
#226 = CIRCLE ( 'NONE', #2084, 0.2381889749999998862 ) ;
#227 = VECTOR ( 'NONE', #3063, 39.37007874015748143 ) ;
#228 = AXIS2_PLACEMENT_3D ( 'NONE', #2055, #1038, #796 ) ;
#229 = CIRCLE ( 'NONE', #2268, 0.2499999999999999167 ) ;
#230 = CARTESIAN_POINT ( 'NONE',  ( -2.875000000000000444, 0.2500000000000000000, -0.1870078740157480046 ) ) ;
#231 = EDGE_CURVE ( 'NONE', #2302, #1956, #348, .T. ) ;
#232 = AXIS2_PLACEMENT_3D ( 'NONE', #1262, #266, #1762 ) ;
#233 = VERTEX_POINT ( 'NONE', #1495 ) ;
#234 = DIRECTION ( 'NONE',  ( -0.000000000000000000, 1.000000000000000000, -0.000000000000000000 ) ) ;
#235 = EDGE_CURVE ( 'NONE', #247, #1618, #1726, .T. ) ;
#236 = VERTEX_POINT ( 'NONE', #697 ) ;
#237 = EDGE_CURVE ( 'NONE', #46, #2245, #1579, .T. ) ;
#238 = VERTEX_POINT ( 'NONE', #1965 ) ;
#239 = DIRECTION ( 'NONE',  ( -0.000000000000000000, 1.000000000000000000, -0.000000000000000000 ) ) ;
#240 = CIRCLE ( 'NONE', #131, 0.2499999999999999167 ) ;
#241 = CARTESIAN_POINT ( 'NONE',  ( -0.5990607571422064126, 0.000000000000000000, -4.861327968276209610 ) ) ;
#242 = EDGE_LOOP ( 'NONE', ( #2079, #1847, #1301, #1735 ) ) ;
#243 = AXIS2_PLACEMENT_3D ( 'NONE', #908, #2431, #1942 ) ;
#244 = CYLINDRICAL_SURFACE ( 'NONE', #2200, 0.06299212598425159293 ) ;
#245 = LINE ( 'NONE', #1461, #1628 ) ;
#246 = CARTESIAN_POINT ( 'NONE',  ( -2.450000000000000178, -3.937007874016270969E-05, -1.118503937007873761 ) ) ;
#247 = VERTEX_POINT ( 'NONE', #2776 ) ;
#248 = APPROVAL_STATUS ( 'not_yet_approved' ) ;
#249 = DIRECTION ( 'NONE',  ( -0.000000000000000000, 1.000000000000000000, -0.000000000000000000 ) ) ;
#250 = ORIENTED_EDGE ( 'NONE', *, *, #2799, .F. ) ;
#251 = ORIENTED_EDGE ( 'NONE', *, *, #2722, .T. ) ;
#252 = ORIENTED_EDGE ( 'NONE', *, *, #2303, .T. ) ;
#253 = DIRECTION ( 'NONE',  ( 0.000000000000000000, 1.000000000000000000, 0.000000000000000000 ) ) ;
#254 = EDGE_CURVE ( 'NONE', #1243, #263, #2528, .T. ) ;
#255 = VERTEX_POINT ( 'NONE', #489 ) ;
#256 = LINE ( 'NONE', #1995, #336 ) ;
#257 = DIRECTION ( 'NONE',  ( -0.000000000000000000, 1.000000000000000000, -0.000000000000000000 ) ) ;
#258 = CC_DESIGN_PERSON_AND_ORGANIZATION_ASSIGNMENT ( #3124, #2933, ( #2543 ) ) ;
#259 = ADVANCED_FACE ( 'NONE', ( #2250 ), #3248, .F. ) ;
#260 = CARTESIAN_POINT ( 'NONE',  ( -0.5499999999999997113, 0.000000000000000000, 1.699999999999999734 ) ) ;
#261 = ORIENTED_EDGE ( 'NONE', *, *, #2575, .T. ) ;
#262 = DIRECTION ( 'NONE',  ( 0.000000000000000000, 0.000000000000000000, 1.000000000000000000 ) ) ;
#263 = VERTEX_POINT ( 'NONE', #3290 ) ;
#264 = CARTESIAN_POINT ( 'NONE',  ( 0.000000000000000000, 0.000000000000000000, 0.000000000000000000 ) ) ;
#265 = EDGE_CURVE ( 'NONE', #911, #2582, #2757, .T. ) ;
#266 = DIRECTION ( 'NONE',  ( -0.000000000000000000, 1.000000000000000000, -0.000000000000000000 ) ) ;
#267 = EDGE_LOOP ( 'NONE', ( #1031, #149, #2651, #867 ) ) ;
#268 = ORIENTED_EDGE ( 'NONE', *, *, #1391, .F. ) ;
#269 = VERTEX_POINT ( 'NONE', #1478 ) ;
#270 = CARTESIAN_POINT ( 'NONE',  ( 1.000000000000000444, 0.000000000000000000, 1.937992125984251857 ) ) ;
#271 = ORIENTED_EDGE ( 'NONE', *, *, #1699, .T. ) ;
#272 = CYLINDRICAL_SURFACE ( 'NONE', #3167, 0.4921259842519685179 ) ;
#273 = EDGE_CURVE ( 'NONE', #1884, #247, #3126, .T. ) ;
#274 = ORIENTED_EDGE ( 'NONE', *, *, #3256, .F. ) ;
#275 = CARTESIAN_POINT ( 'NONE',  ( -0.2999999999999999334, 0.000000000000000000, -1.386283171557364247 ) ) ;
#276 = CIRCLE ( 'NONE', #1555, 0.06299212598425159293 ) ;
#277 = EDGE_CURVE ( 'NONE', #2533, #884, #2862, .T. ) ;
#278 = PERSON_AND_ORGANIZATION_ROLE ( 'creator' ) ;
#279 = AXIS2_PLACEMENT_3D ( 'NONE', #2877, #3146, #2127 ) ;
#280 = AXIS2_PLACEMENT_3D ( 'NONE', #561, #2580, #1836 ) ;
#281 = LINE ( 'NONE', #37, #1175 ) ;
#282 = CIRCLE ( 'NONE', #1877, 0.06299212598425185661 ) ;
#283 = PLANE ( 'NONE',  #1357 ) ;
#284 = CIRCLE ( 'NONE', #2030, 0.6250000000000005551 ) ;
#285 = AXIS2_PLACEMENT_3D ( 'NONE', #2269, #1509, #505 ) ;
#286 = ORIENTED_EDGE ( 'NONE', *, *, #2287, .T. ) ;
#287 = ORIENTED_EDGE ( 'NONE', *, *, #1606, .T. ) ;
#288 = CARTESIAN_POINT ( 'NONE',  ( -2.450000000000000178, 0.000000000000000000, -1.118503937007873761 ) ) ;
#289 = CIRCLE ( 'NONE', #2956, 0.06299212598425185661 ) ;
#290 = ORIENTED_EDGE ( 'NONE', *, *, #3155, .T. ) ;
#291 = CIRCLE ( 'NONE', #177, 0.06299212598425159293 ) ;
#292 = CARTESIAN_POINT ( 'NONE',  ( 0.000000000000000000, 0.2500000000000000000, -5.397019699529387537 ) ) ;
#293 = VECTOR ( 'NONE', #742, 39.37007874015748854 ) ;
#294 = ORIENTED_EDGE ( 'NONE', *, *, #2020, .T. ) ;
#295 = DIRECTION ( 'NONE',  ( -0.000000000000000000, -1.000000000000000000, -0.000000000000000000 ) ) ;
#296 = CARTESIAN_POINT ( 'NONE',  ( -2.750000000000000444, 0.2500000000000000000, -0.08333333333333368953 ) ) ;
#297 = CARTESIAN_POINT ( 'NONE',  ( 2.950000000000000622, 0.000000000000000000, 0.06666666666666630492 ) ) ;
#298 = EDGE_CURVE ( 'NONE', #238, #2942, #245, .T. ) ;
#299 = CARTESIAN_POINT ( 'NONE',  ( -0.3740157480314955096, 0.000000000000000000, -0.9410522771471711012 ) ) ;
#300 = CARTESIAN_POINT ( 'NONE',  ( 2.941511110779745142, 0.000000000000000000, -2.069704343855084172 ) ) ;
#301 = EDGE_CURVE ( 'NONE', #2302, #2412, #2275, .T. ) ;
#302 = ADVANCED_FACE ( 'NONE', ( #982 ), #3096, .T. ) ;
#303 = EDGE_CURVE ( 'NONE', #75, #319, #446, .T. ) ;
#304 = VERTEX_POINT ( 'NONE', #2002 ) ;
#305 = VERTEX_POINT ( 'NONE', #959 ) ;
#306 = ORIENTED_EDGE ( 'NONE', *, *, #2368, .F. ) ;
#307 = CARTESIAN_POINT ( 'NONE',  ( 0.2999999999999999334, 0.2500000000000000000, -1.368503937007873983 ) ) ;
#308 = ORIENTED_EDGE ( 'NONE', *, *, #1997, .F. ) ;
#309 = CYLINDRICAL_SURFACE ( 'NONE', #1772, 0.6250000000000000000 ) ;
#310 = ORIENTED_EDGE ( 'NONE', *, *, #973, .T. ) ;
#311 = CARTESIAN_POINT ( 'NONE',  ( 2.450000000000000178, -3.937007874016270969E-05, -1.118503937007873761 ) ) ;
#312 = DATE_AND_TIME ( #386, #1127 ) ;
#313 = DIRECTION ( 'NONE',  ( 0.000000000000000000, 0.000000000000000000, -1.000000000000000000 ) ) ;
#314 = DIRECTION ( 'NONE',  ( -0.000000000000000000, 1.000000000000000000, -0.000000000000000000 ) ) ;
#315 = ORIENTED_EDGE ( 'NONE', *, *, #631, .F. ) ;
#316 = ORIENTED_EDGE ( 'NONE', *, *, #2774, .T. ) ;
#317 = CARTESIAN_POINT ( 'NONE',  ( -0.7415111107797446310, 0.000000000000000000, -4.224845099504232593 ) ) ;
#318 = EDGE_CURVE ( 'NONE', #1248, #1350, #1984, .T. ) ;
#319 = VERTEX_POINT ( 'NONE', #2828 ) ;
#320 = VERTEX_POINT ( 'NONE', #260 ) ;
#321 = CARTESIAN_POINT ( 'NONE',  ( -2.650000000000000355, -3.937007874016270969E-05, -0.03333333333333366594 ) ) ;
#322 = EDGE_CURVE ( 'NONE', #895, #1545, #1308, .T. ) ;
#323 = ORIENTED_EDGE ( 'NONE', *, *, #1759, .T. ) ;
#324 = CYLINDRICAL_SURFACE ( 'NONE', #537, 0.2381889749999998862 ) ;
#325 = DIRECTION ( 'NONE',  ( 1.353402360816702007E-16, 0.000000000000000000, -1.000000000000000000 ) ) ;
#326 = CIRCLE ( 'NONE', #3046, 0.2500000000000001665 ) ;
#327 = LINE ( 'NONE', #2121, #3111 ) ;
#328 = VECTOR ( 'NONE', #2416, 39.37007874015748143 ) ;
#329 = DIRECTION ( 'NONE',  ( 0.000000000000000000, 0.000000000000000000, 1.000000000000000000 ) ) ;
#330 = EDGE_LOOP ( 'NONE', ( #820, #2453 ) ) ;
#331 = CIRCLE ( 'NONE', #1507, 0.2499999999999995282 ) ;
#332 = DIRECTION ( 'NONE',  ( 1.353402360816701760E-16, -0.000000000000000000, -1.000000000000000000 ) ) ;
#333 = VERTEX_POINT ( 'NONE', #3286 ) ;
#334 = DIRECTION ( 'NONE',  ( -0.000000000000000000, 1.000000000000000000, -0.000000000000000000 ) ) ;
#335 = AXIS2_PLACEMENT_3D ( 'NONE', #3020, #3268, #1730 ) ;
#336 = VECTOR ( 'NONE', #484, 39.37007874015748854 ) ;
#337 = EDGE_CURVE ( 'NONE', #338, #2620, #486, .T. ) ;
#338 = VERTEX_POINT ( 'NONE', #545 ) ;
#339 = LOCAL_TIME ( 20, 57, 44.00000000000000000, #3101 ) ;
#340 = LINE ( 'NONE', #3082, #2086 ) ;
#341 = CARTESIAN_POINT ( 'NONE',  ( -2.699999999999999734, 0.2500000000000000000, -1.799816371153589944 ) ) ;
#342 = CIRCLE ( 'NONE', #2705, 0.2499999999999998057 ) ;
#343 = DIRECTION ( 'NONE',  ( 0.000000000000000000, 0.000000000000000000, 1.000000000000000000 ) ) ;
#344 = AXIS2_PLACEMENT_3D ( 'NONE', #1096, #64, #371 ) ;
#345 = VECTOR ( 'NONE', #1743, 39.37007874015748143 ) ;
#346 = DIRECTION ( 'NONE',  ( -0.000000000000000000, 1.000000000000000000, -0.000000000000000000 ) ) ;
#347 = AXIS2_PLACEMENT_3D ( 'NONE', #2646, #1380, #3173 ) ;
#348 = LINE ( 'NONE', #1364, #3068 ) ;
#349 = DIRECTION ( 'NONE',  ( 0.000000000000000000, 1.000000000000000000, 0.000000000000000000 ) ) ;
#350 = FACE_BOUND ( 'NONE', #3137, .T. ) ;
#351 = VERTEX_POINT ( 'NONE', #391 ) ;
#352 = CARTESIAN_POINT ( 'NONE',  ( -0.5499999999999997113, -3.937007874016270969E-05, 1.699999999999999734 ) ) ;
#353 = ORIENTED_EDGE ( 'NONE', *, *, #3009, .F. ) ;
#354 = FACE_BOUND ( 'NONE', #2096, .T. ) ;
#355 = ORIENTED_EDGE ( 'NONE', *, *, #2780, .T. ) ;
#356 = CARTESIAN_POINT ( 'NONE',  ( -2.875000000000000444, 0.2500000000000000000, -0.3129921259842517456 ) ) ;
#357 = LINE ( 'NONE', #95, #3010 ) ;
#358 = CC_DESIGN_PERSON_AND_ORGANIZATION_ASSIGNMENT ( #2599, #1239, ( #1653 ) ) ;
#359 = CARTESIAN_POINT ( 'NONE',  ( 5.463695987328526437E-16, 0.2500000000000000000, -0.9961703873833915868 ) ) ;
#360 = EDGE_CURVE ( 'NONE', #2927, #1065, #503, .T. ) ;
#361 = VERTEX_POINT ( 'NONE', #140 ) ;
#362 = DIRECTION ( 'NONE',  ( 0.000000000000000000, 1.000000000000000000, -0.000000000000000000 ) ) ;
#363 = EDGE_CURVE ( 'NONE', #1302, #3259, #1056, .T. ) ;
#364 = DIRECTION ( 'NONE',  ( 1.092739197465705287E-15, 0.000000000000000000, 1.000000000000000000 ) ) ;
#365 = DIRECTION ( 'NONE',  ( -0.000000000000000000, 1.000000000000000000, -0.000000000000000000 ) ) ;
#366 = ORIENTED_EDGE ( 'NONE', *, *, #1403, .T. ) ;
#367 = CARTESIAN_POINT ( 'NONE',  ( -2.641511110779743987, -3.937007874016270969E-05, -1.960513273575224202 ) ) ;
#368 = DIRECTION ( 'NONE',  ( 0.000000000000000000, 1.000000000000000000, 0.000000000000000000 ) ) ;
#369 = VERTEX_POINT ( 'NONE', #1659 ) ;
#370 = CARTESIAN_POINT ( 'NONE',  ( -3.000000000000000444, 0.000000000000000000, -0.08333333333333371729 ) ) ;
#371 = DIRECTION ( 'NONE',  ( 0.000000000000000000, 0.000000000000000000, 1.000000000000000000 ) ) ;
#372 = FACE_OUTER_BOUND ( 'NONE', #2188, .T. ) ;
#373 = CARTESIAN_POINT ( 'NONE',  ( -0.5499999999999997113, -3.937007874016270969E-05, 1.449999999999999734 ) ) ;
#374 = ORIENTED_EDGE ( 'NONE', *, *, #2058, .T. ) ;
#375 = EDGE_CURVE ( 'NONE', #2037, #13, #399, .T. ) ;
#376 = DIRECTION ( 'NONE',  ( -0.000000000000000000, 1.000000000000000000, -0.000000000000000000 ) ) ;
#377 = AXIS2_PLACEMENT_3D ( 'NONE', #3247, #1562, #2087 ) ;
#378 = CARTESIAN_POINT ( 'NONE',  ( -2.650000000000000355, 0.000000000000000000, -0.03333333333333366594 ) ) ;
#379 = ORIENTED_EDGE ( 'NONE', *, *, #3051, .F. ) ;
#380 = DIRECTION ( 'NONE',  ( 0.000000000000000000, 1.000000000000000000, 0.000000000000000000 ) ) ;
#381 = CYLINDRICAL_SURFACE ( 'NONE', #2329, 0.06299212598425185661 ) ;
#382 = CIRCLE ( 'NONE', #279, 0.2500000000000000555 ) ;
#383 = ORIENTED_EDGE ( 'NONE', *, *, #1256, .T. ) ;
#384 = FACE_OUTER_BOUND ( 'NONE', #2770, .T. ) ;
#385 = CARTESIAN_POINT ( 'NONE',  ( -2.450000000000000178, -3.937007874016270969E-05, -1.118503937007873761 ) ) ;
#386 = CALENDAR_DATE ( 2026, 27, 4 ) ;
#387 = AXIS2_PLACEMENT_3D ( 'NONE', #474, #2221, #175 ) ;
#388 = VECTOR ( 'NONE', #2475, 39.37007874015748143 ) ;
#389 = DIRECTION ( 'NONE',  ( 0.000000000000000000, 0.000000000000000000, 1.000000000000000000 ) ) ;
#390 = VECTOR ( 'NONE', #502, 39.37007874015748143 ) ;
#391 = CARTESIAN_POINT ( 'NONE',  ( -0.3740157480314955096, 0.2500000000000000000, -1.051288497619611961 ) ) ;
#392 = VERTEX_POINT ( 'NONE', #2672 ) ;
#393 = CYLINDRICAL_SURFACE ( 'NONE', #913, 0.2500000000000000000 ) ;
#394 = ORIENTED_EDGE ( 'NONE', *, *, #2700, .F. ) ;
#395 = PLANE ( 'NONE',  #2259 ) ;
#396 = FACE_OUTER_BOUND ( 'NONE', #688, .T. ) ;
#397 = ADVANCED_FACE ( 'NONE', ( #2581 ), #1571, .F. ) ;
#398 = FACE_OUTER_BOUND ( 'NONE', #1140, .T. ) ;
#399 = CIRCLE ( 'NONE', #2041, 0.06299212598425185661 ) ;
#400 = CYLINDRICAL_SURFACE ( 'NONE', #795, 0.06299212598425159293 ) ;
#401 = APPROVAL ( #2550, 'UNSPECIFIED' ) ;
#402 = CIRCLE ( 'NONE', #2817, 0.2500000000000000000 ) ;
#403 = ORIENTED_EDGE ( 'NONE', *, *, #2077, .F. ) ;
#404 = FACE_BOUND ( 'NONE', #90, .T. ) ;
#405 = EDGE_CURVE ( 'NONE', #1545, #1809, #240, .T. ) ;
#406 = ORIENTED_EDGE ( 'NONE', *, *, #3077, .F. ) ;
#407 = FACE_OUTER_BOUND ( 'NONE', #1492, .T. ) ;
#408 = CARTESIAN_POINT ( 'NONE',  ( 1.000000000000000444, 0.2500000000000000000, 1.812007874015748143 ) ) ;
#409 = DIRECTION ( 'NONE',  ( 0.000000000000000000, 0.000000000000000000, 1.000000000000000000 ) ) ;
#410 = CARTESIAN_POINT ( 'NONE',  ( -0.5500000000000000444, -3.937007874016270969E-05, -4.064148197082598557 ) ) ;
#411 = ORIENTED_EDGE ( 'NONE', *, *, #1218, .F. ) ;
#412 = CARTESIAN_POINT ( 'NONE',  ( -0.5500000000000001554, 0.2500000000000000000, -1.368503937007873983 ) ) ;
#413 = EDGE_CURVE ( 'NONE', #2057, #787, #2363, .T. ) ;
#414 = ORIENTED_EDGE ( 'NONE', *, *, #1483, .T. ) ;
#415 = DIRECTION ( 'NONE',  ( 0.000000000000000000, 0.000000000000000000, 1.000000000000000000 ) ) ;
#416 = EDGE_CURVE ( 'NONE', #2682, #46, #2706, .T. ) ;
#417 = EDGE_LOOP ( 'NONE', ( #501, #1745, #1620, #1648 ) ) ;
#418 = EDGE_CURVE ( 'NONE', #304, #1638, #819, .T. ) ;
#419 = CARTESIAN_POINT ( 'NONE',  ( -0.3740157480314955096, 0.000000000000000000, -0.9961703873833915868 ) ) ;
#420 = DIRECTION ( 'NONE',  ( 0.000000000000000000, 1.000000000000000000, 0.000000000000000000 ) ) ;
#421 = CARTESIAN_POINT ( 'NONE',  ( -2.449999999999999734, -3.937007874016270969E-05, -1.799816371153589944 ) ) ;
#422 = ORIENTED_EDGE ( 'NONE', *, *, #363, .F. ) ;
#423 = CARTESIAN_POINT ( 'NONE',  ( -2.875000000000000444, 0.2500000000000000000, -1.812992125984252079 ) ) ;
#424 = VERTEX_POINT ( 'NONE', #3129 ) ;
#425 = CARTESIAN_POINT ( 'NONE',  ( -1.424999999999999600, 0.000000000000000000, 1.599999999999999867 ) ) ;
#426 = ORIENTED_EDGE ( 'NONE', *, *, #1314, .F. ) ;
#427 = AXIS2_PLACEMENT_3D ( 'NONE', #2936, #3288, #2508 ) ;
#428 = CYLINDRICAL_SURFACE ( 'NONE', #1835, 0.2500000000000000555 ) ;
#429 = EDGE_CURVE ( 'NONE', #2282, #208, #2385, .T. ) ;
#430 = AXIS2_PLACEMENT_3D ( 'NONE', #2907, #1634, #2662 ) ;
#431 = ADVANCED_FACE ( 'NONE', ( #2935 ), #283, .F. ) ;
#432 = DIRECTION ( 'NONE',  ( 0.000000000000000000, 0.000000000000000000, 1.000000000000000000 ) ) ;
#433 = VECTOR ( 'NONE', #1907, 39.37007874015748143 ) ;
#434 = EDGE_CURVE ( 'NONE', #255, #2530, #1938, .T. ) ;
#435 = VERTEX_POINT ( 'NONE', #2181 ) ;
#436 = VECTOR ( 'NONE', #142, 39.37007874015748143 ) ;
#437 = CIRCLE ( 'NONE', #957, 0.06299212598425185661 ) ;
#438 = DIRECTION ( 'NONE',  ( -0.000000000000000000, -1.000000000000000000, -0.000000000000000000 ) ) ;
#439 = DIRECTION ( 'NONE',  ( -0.000000000000000000, -1.000000000000000000, -0.000000000000000000 ) ) ;
#440 = ORIENTED_EDGE ( 'NONE', *, *, #1524, .T. ) ;
#441 = CARTESIAN_POINT ( 'NONE',  ( 0.5500000000000001554, 0.2500000000000000000, -1.118503937007873761 ) ) ;
#442 = CIRCLE ( 'NONE', #1674, 0.2499999999999998057 ) ;
#443 = AXIS2_PLACEMENT_3D ( 'NONE', #1594, #1266, #1803 ) ;
#444 = ORIENTED_EDGE ( 'NONE', *, *, #516, .T. ) ;
#445 = CARTESIAN_POINT ( 'NONE',  ( 2.699999999999999734, 0.2500000000000000000, -1.799816371153589944 ) ) ;
#446 = CIRCLE ( 'NONE', #604, 0.2500000000000000000 ) ;
#447 = EDGE_LOOP ( 'NONE', ( #1001, #806 ) ) ;
#448 = LINE ( 'NONE', #2504, #900 ) ;
#449 = CIRCLE ( 'NONE', #3072, 0.2500000000000000000 ) ;
#450 = DIRECTION ( 'NONE',  ( 0.000000000000000000, 0.000000000000000000, 1.000000000000000000 ) ) ;
#451 = ORIENTED_EDGE ( 'NONE', *, *, #1403, .F. ) ;
#452 = ORIENTED_EDGE ( 'NONE', *, *, #2514, .T. ) ;
#453 = CARTESIAN_POINT ( 'NONE',  ( 2.875000000000000444, 0.2500000000000000000, -1.812992125984252079 ) ) ;
#454 = CARTESIAN_POINT ( 'NONE',  ( 0.2999999999999999334, 0.2500000000000000000, -1.386283171557364913 ) ) ;
#455 = PRODUCT_RELATED_PRODUCT_CATEGORY ( 'detail', '', ( #1653 ) ) ;
#456 = DIRECTION ( 'NONE',  ( -0.000000000000000000, 1.000000000000000000, -0.000000000000000000 ) ) ;
#457 = DIRECTION ( 'NONE',  ( 1.000000000000000000, 0.000000000000000000, 0.000000000000000000 ) ) ;
#458 = ORIENTED_EDGE ( 'NONE', *, *, #45, .T. ) ;
#459 = CARTESIAN_POINT ( 'NONE',  ( 2.650000000000000355, 0.2500000000000000000, -0.03333333333333377696 ) ) ;
#460 = ORIENTED_EDGE ( 'NONE', *, *, #102, .F. ) ;
#461 = CARTESIAN_POINT ( 'NONE',  ( 5.463695987328526437E-16, 0.2500000000000000000, -0.9961703873833915868 ) ) ;
#462 = CARTESIAN_POINT ( 'NONE',  ( -0.2999999999999999889, 0.000000000000000000, -0.5685039370078739385 ) ) ;
#463 = ORIENTED_EDGE ( 'NONE', *, *, #2764, .F. ) ;
#464 = ORIENTED_EDGE ( 'NONE', *, *, #1945, .T. ) ;
#465 = DIRECTION ( 'NONE',  ( 0.000000000000000000, 1.000000000000000000, 0.000000000000000000 ) ) ;
#466 = ORIENTED_EDGE ( 'NONE', *, *, #906, .T. ) ;
#467 = CARTESIAN_POINT ( 'NONE',  ( -0.4734330048446981909, 0.1250000000000000000, -1.130517602835325208 ) ) ;
#468 = CARTESIAN_POINT ( 'NONE',  ( -2.750000000000000444, 0.000000000000000000, -0.08333333333333368953 ) ) ;
#469 = FACE_OUTER_BOUND ( 'NONE', #1882, .T. ) ;
#470 = EDGE_CURVE ( 'NONE', #770, #2654, #2910, .T. ) ;
#471 = CARTESIAN_POINT ( 'NONE',  ( 0.4503721911733818972, 0.2500000000000000000, -0.7977947996875864867 ) ) ;
#472 = ORIENTED_EDGE ( 'NONE', *, *, #8, .F. ) ;
#473 = EDGE_LOOP ( 'NONE', ( #549, #2126, #2949, #2835 ) ) ;
#474 = CARTESIAN_POINT ( 'NONE',  ( -2.450000000000000178, 0.2500000000000000000, -1.368503937007873983 ) ) ;
#475 = EDGE_CURVE ( 'NONE', #88, #1047, #17, .T. ) ;
#476 = EDGE_CURVE ( 'NONE', #2037, #1204, #2728, .T. ) ;
#477 = CARTESIAN_POINT ( 'NONE',  ( -0.4734330048446981909, 0.000000000000000000, -1.130517602835325208 ) ) ;
#478 = EDGE_CURVE ( 'NONE', #3033, #1214, #3178, .T. ) ;
#479 = EDGE_LOOP ( 'NONE', ( #2085, #1025 ) ) ;
#480 = CYLINDRICAL_SURFACE ( 'NONE', #1712, 0.06299212598425185661 ) ;
#481 = ORIENTED_EDGE ( 'NONE', *, *, #1465, .F. ) ;
#482 = ORIENTED_EDGE ( 'NONE', *, *, #1853, .T. ) ;
#483 = DIRECTION ( 'NONE',  ( 0.000000000000000000, 0.000000000000000000, -1.000000000000000000 ) ) ;
#484 = DIRECTION ( 'NONE',  ( 0.5999999999999999778, -0.000000000000000000, -0.7999999999999998224 ) ) ;
#485 = EDGE_LOOP ( 'NONE', ( #294, #3039 ) ) ;
#486 = LINE ( 'NONE', #3044, #1681 ) ;
#487 = CIRCLE ( 'NONE', #2372, 0.06299212598425185661 ) ;
#488 = DIRECTION ( 'NONE',  ( -0.000000000000000000, 1.000000000000000000, -0.000000000000000000 ) ) ;
#489 = CARTESIAN_POINT ( 'NONE',  ( 1.000000000000000444, 0.000000000000000000, 1.812007874015748143 ) ) ;
#490 = FACE_OUTER_BOUND ( 'NONE', #1449, .T. ) ;
#491 = ORIENTED_EDGE ( 'NONE', *, *, #2973, .F. ) ;
#492 = CIRCLE ( 'NONE', #1613, 0.05511811023622041616 ) ;
#493 = CIRCLE ( 'NONE', #2749, 0.05511811023622041616 ) ;
#494 = VERTEX_POINT ( 'NONE', #1493 ) ;
#495 = DIRECTION ( 'NONE',  ( -0.000000000000000000, 0.000000000000000000, 1.000000000000000000 ) ) ;
#496 = CYLINDRICAL_SURFACE ( 'NONE', #1837, 0.05511811023622041616 ) ;
#497 = CIRCLE ( 'NONE', #1678, 0.06299212598425185661 ) ;
#498 = ORIENTED_EDGE ( 'NONE', *, *, #2019, .T. ) ;
#499 = APPROVAL ( #248, 'UNSPECIFIED' ) ;
#500 = ORIENTED_EDGE ( 'NONE', *, *, #754, .T. ) ;
#501 = ORIENTED_EDGE ( 'NONE', *, *, #1501, .F. ) ;
#502 = DIRECTION ( 'NONE',  ( -0.000000000000000000, 1.000000000000000000, -0.000000000000000000 ) ) ;
#503 = CIRCLE ( 'NONE', #910, 0.4921259842519685179 ) ;
#504 = ORIENTED_EDGE ( 'NONE', *, *, #2720, .F. ) ;
#505 = DIRECTION ( 'NONE',  ( 0.000000000000000000, 0.000000000000000000, 1.000000000000000000 ) ) ;
#506 = ORIENTED_EDGE ( 'NONE', *, *, #596, .F. ) ;
#507 = EDGE_CURVE ( 'NONE', #2262, #2351, #2813, .T. ) ;
#508 = ORIENTED_EDGE ( 'NONE', *, *, #82, .F. ) ;
#509 = DIRECTION ( 'NONE',  ( 0.000000000000000000, 0.000000000000000000, 1.000000000000000000 ) ) ;
#510 = ORIENTED_EDGE ( 'NONE', *, *, #254, .F. ) ;
#511 = DIRECTION ( 'NONE',  ( -0.8000000000000000444, 0.000000000000000000, -0.5999999999999999778 ) ) ;
#512 = ORIENTED_EDGE ( 'NONE', *, *, #189, .T. ) ;
#513 = ORIENTED_EDGE ( 'NONE', *, *, #996, .T. ) ;
#514 = ORIENTED_EDGE ( 'NONE', *, *, #902, .F. ) ;
#515 = CARTESIAN_POINT ( 'NONE',  ( -2.875000000000000444, 0.2500000000000000000, -0.2499999999999998612 ) ) ;
#516 = EDGE_CURVE ( 'NONE', #304, #736, #969, .T. ) ;
#517 = VERTEX_POINT ( 'NONE', #1999 ) ;
#518 = DIRECTION ( 'NONE',  ( 0.000000000000000000, 1.000000000000000000, 0.000000000000000000 ) ) ;
#519 = EDGE_LOOP ( 'NONE', ( #2131, #1277 ) ) ;
#520 = EDGE_CURVE ( 'NONE', #2043, #1540, #2444, .T. ) ;
#521 = ORIENTED_EDGE ( 'NONE', *, *, #1543, .F. ) ;
#522 = CYLINDRICAL_SURFACE ( 'NONE', #2798, 0.2500000000000000000 ) ;
#523 = APPROVAL_ROLE ( '' ) ;
#524 = CARTESIAN_POINT ( 'NONE',  ( 0.000000000000000000, 0.000000000000000000, -5.397019699529387537 ) ) ;
#525 = ORIENTED_EDGE ( 'NONE', *, *, #869, .T. ) ;
#526 = ORIENTED_EDGE ( 'NONE', *, *, #929, .T. ) ;
#527 = ORIENTED_EDGE ( 'NONE', *, *, #2698, .F. ) ;
#528 = ORIENTED_EDGE ( 'NONE', *, *, #24, .F. ) ;
#529 = DIRECTION ( 'NONE',  ( 0.000000000000000000, 0.000000000000000000, 1.000000000000000000 ) ) ;
#530 = EDGE_LOOP ( 'NONE', ( #2930, #123, #472, #2283 ) ) ;
#531 = DIRECTION ( 'NONE',  ( 0.000000000000000000, 0.000000000000000000, 1.000000000000000000 ) ) ;
#532 = EDGE_CURVE ( 'NONE', #577, #1248, #2969, .T. ) ;
#533 = ORIENTED_EDGE ( 'NONE', *, *, #1544, .T. ) ;
#534 = EDGE_CURVE ( 'NONE', #217, #2819, #184, .T. ) ;
#535 = CARTESIAN_POINT ( 'NONE',  ( 1.000000000000000444, 0.2500000000000000000, 1.875000000000000000 ) ) ;
#536 = ORIENTED_EDGE ( 'NONE', *, *, #976, .F. ) ;
#537 = AXIS2_PLACEMENT_3D ( 'NONE', #1629, #2158, #2377 ) ;
#538 = EDGE_CURVE ( 'NONE', #785, #269, #2388, .T. ) ;
#539 = CARTESIAN_POINT ( 'NONE',  ( -2.650000000000000355, -3.937007874016270969E-05, -0.03333333333333377696 ) ) ;
#540 = APPLICATION_PROTOCOL_DEFINITION ( 'international standard', 'config_control_design', 1994, #1089 ) ;
#541 = VECTOR ( 'NONE', #2759, 39.37007874015748143 ) ;
#542 = VECTOR ( 'NONE', #2779, 39.37007874015748143 ) ;
#543 = DIRECTION ( 'NONE',  ( 0.000000000000000000, -1.000000000000000000, 0.000000000000000000 ) ) ;
#544 = AXIS2_PLACEMENT_3D ( 'NONE', #3214, #1431, #3202 ) ;
#545 = CARTESIAN_POINT ( 'NONE',  ( -0.4503721911733806760, 0.000000000000000000, -0.7977947996875859316 ) ) ;
#546 = VECTOR ( 'NONE', #2050, 39.37007874015748854 ) ;
#547 = ORIENTED_EDGE ( 'NONE', *, *, #3028, .T. ) ;
#548 = ORIENTED_EDGE ( 'NONE', *, *, #476, .T. ) ;
#549 = ORIENTED_EDGE ( 'NONE', *, *, #2953, .F. ) ;
#550 = DIRECTION ( 'NONE',  ( 0.000000000000000000, 0.000000000000000000, 1.000000000000000000 ) ) ;
#551 = VECTOR ( 'NONE', #2916, 39.37007874015748143 ) ;
#552 = CIRCLE ( 'NONE', #3277, 0.2500000000000000000 ) ;
#553 = ORIENTED_EDGE ( 'NONE', *, *, #2953, .T. ) ;
#554 = AXIS2_PLACEMENT_3D ( 'NONE', #2891, #3161, #2912 ) ;
#555 = CARTESIAN_POINT ( 'NONE',  ( 3.000000000000000444, 0.2500000000000000000, -1.909007441433449692 ) ) ;
#556 = AXIS2_PLACEMENT_3D ( 'NONE', #2635, #2133, #138 ) ;
#557 = EDGE_LOOP ( 'NONE', ( #2389, #2498, #833, #984 ) ) ;
#558 = LINE ( 'NONE', #1581, #2076 ) ;
#559 = AXIS2_PLACEMENT_3D ( 'NONE', #2247, #3029, #2214 ) ;
#560 = PLANE ( 'NONE',  #56 ) ;
#561 = CARTESIAN_POINT ( 'NONE',  ( 2.875000000000000444, 0.000000000000000000, -1.750000000000000222 ) ) ;
#562 = DIRECTION ( 'NONE',  ( 0.000000000000000000, 0.000000000000000000, -1.000000000000000000 ) ) ;
#563 = FACE_OUTER_BOUND ( 'NONE', #2339, .T. ) ;
#564 = ORIENTED_EDGE ( 'NONE', *, *, #691, .T. ) ;
#565 = ORIENTED_EDGE ( 'NONE', *, *, #1808, .T. ) ;
#566 = VERTEX_POINT ( 'NONE', #2994 ) ;
#567 = CYLINDRICAL_SURFACE ( 'NONE', #2641, 0.06299212598425185661 ) ;
#568 = ORIENTED_EDGE ( 'NONE', *, *, #265, .F. ) ;
#569 = DIRECTION ( 'NONE',  ( 1.000000000000000000, 0.000000000000000000, 0.000000000000000000 ) ) ;
#570 = CARTESIAN_POINT ( 'NONE',  ( 0.5646941913728218410, 0.000000000000000000, -5.129166250363999424 ) ) ;
#571 = ORIENTED_EDGE ( 'NONE', *, *, #1747, .F. ) ;
#572 = CARTESIAN_POINT ( 'NONE',  ( -1.618669225237052478, 0.2500000000000000000, -3.451740435027140563 ) ) ;
#573 = FACE_OUTER_BOUND ( 'NONE', #55, .T. ) ;
#574 = LINE ( 'NONE', #2396, #2254 ) ;
#575 = LINE ( 'NONE', #1393, #1715 ) ;
#576 = EDGE_CURVE ( 'NONE', #3308, #2282, #696, .T. ) ;
#577 = VERTEX_POINT ( 'NONE', #101 ) ;
#578 = DIRECTION ( 'NONE',  ( -0.000000000000000000, 1.000000000000000000, -0.000000000000000000 ) ) ;
#579 = VERTEX_POINT ( 'NONE', #2677 ) ;
#580 = DIRECTION ( 'NONE',  ( 0.000000000000000000, 0.000000000000000000, 1.000000000000000000 ) ) ;
#581 = ORIENTED_EDGE ( 'NONE', *, *, #1122, .T. ) ;
#582 = DIRECTION ( 'NONE',  ( 0.000000000000000000, 0.000000000000000000, 1.000000000000000000 ) ) ;
#583 = DIRECTION ( 'NONE',  ( -0.000000000000000000, 1.000000000000000000, -0.000000000000000000 ) ) ;
#584 = DIRECTION ( 'NONE',  ( -1.000000000000000000, 0.000000000000000000, 0.000000000000000000 ) ) ;
#585 = CIRCLE ( 'NONE', #2629, 0.2381889749999998862 ) ;
#586 = CARTESIAN_POINT ( 'NONE',  ( 1.375000000000000222, 0.000000000000000000, 1.750000000000000000 ) ) ;
#587 = CARTESIAN_POINT ( 'NONE',  ( 1.618669225237052478, 0.2500000000000000000, -3.451740435027140563 ) ) ;
#588 = CARTESIAN_POINT ( 'NONE',  ( -0.2999999999999999889, 0.000000000000000000, -0.5685039370078739385 ) ) ;
#589 = ORIENTED_EDGE ( 'NONE', *, *, #1218, .T. ) ;
#590 = VECTOR ( 'NONE', #3152, 39.37007874015748143 ) ;
#591 = CARTESIAN_POINT ( 'NONE',  ( -2.699999999999999734, -3.937007874016270969E-05, -1.799816371153589944 ) ) ;
#592 = EDGE_CURVE ( 'NONE', #2620, #1801, #402, .T. ) ;
#593 = DIRECTION ( 'NONE',  ( 0.6427876096865378086, 0.000000000000000000, 0.7660444431189793457 ) ) ;
#594 = AXIS2_PLACEMENT_3D ( 'NONE', #1464, #2496, #2253 ) ;
#595 = AXIS2_PLACEMENT_3D ( 'NONE', #202, #2244, #2489 ) ;
#596 = EDGE_CURVE ( 'NONE', #2173, #770, #1088, .T. ) ;
#597 = EDGE_CURVE ( 'NONE', #1822, #1710, #662, .T. ) ;
#598 = ORIENTED_EDGE ( 'NONE', *, *, #194, .F. ) ;
#599 = DIRECTION ( 'NONE',  ( -0.000000000000000000, 1.000000000000000000, -0.000000000000000000 ) ) ;
#600 = LINE ( 'NONE', #2103, #655 ) ;
#601 = VECTOR ( 'NONE', #3273, 39.37007874015748143 ) ;
#602 = ADVANCED_FACE ( 'NONE', ( #398 ), #2414, .F. ) ;
#603 = FACE_OUTER_BOUND ( 'NONE', #2059, .T. ) ;
#604 = AXIS2_PLACEMENT_3D ( 'NONE', #2344, #1212, #3265 ) ;
#605 = CARTESIAN_POINT ( 'NONE',  ( 0.000000000000000000, 0.000000000000000000, -5.635208674529387451 ) ) ;
#606 = CIRCLE ( 'NONE', #1522, 0.06299212598425185661 ) ;
#607 = FACE_BOUND ( 'NONE', #2321, .T. ) ;
#608 = VERTEX_POINT ( 'NONE', #1926 ) ;
#609 = DIRECTION ( 'NONE',  ( 0.000000000000000000, 0.000000000000000000, 1.000000000000000000 ) ) ;
#610 = FACE_BOUND ( 'NONE', #1278, .T. ) ;
#611 = ORIENTED_EDGE ( 'NONE', *, *, #2063, .T. ) ;
#612 = DIRECTION ( 'NONE',  ( -0.000000000000000000, 1.000000000000000000, -0.000000000000000000 ) ) ;
#613 = DIRECTION ( 'NONE',  ( 0.000000000000000000, 0.000000000000000000, 1.000000000000000000 ) ) ;
#614 = EDGE_CURVE ( 'NONE', #494, #1827, #606, .T. ) ;
#615 = EDGE_CURVE ( 'NONE', #2724, #608, #2143, .T. ) ;
#616 = DIRECTION ( 'NONE',  ( 0.000000000000000000, 0.000000000000000000, 1.000000000000000000 ) ) ;
#617 = CARTESIAN_POINT ( 'NONE',  ( 5.770511628107025970E-16, 0.2500000000000000000, -1.311131017304651758 ) ) ;
#618 = EDGE_CURVE ( 'NONE', #995, #2521, #1892, .T. ) ;
#619 = DIRECTION ( 'NONE',  ( -1.000000000000000000, 0.000000000000000000, -0.000000000000000000 ) ) ;
#620 = CARTESIAN_POINT ( 'NONE',  ( 2.875000000000000444, 0.2500000000000000000, -1.687007874015748143 ) ) ;
#621 = CARTESIAN_POINT ( 'NONE',  ( 0.7415111107797446310, 0.000000000000000000, -4.224845099504232593 ) ) ;
#622 = ORIENTED_EDGE ( 'NONE', *, *, #2782, .T. ) ;
#623 = DIRECTION ( 'NONE',  ( 0.000000000000000000, 1.000000000000000000, 0.000000000000000000 ) ) ;
#624 = FACE_BOUND ( 'NONE', #2945, .T. ) ;
#625 = ORIENTED_EDGE ( 'NONE', *, *, #273, .F. ) ;
#626 = LINE ( 'NONE', #1654, #3119 ) ;
#627 = CARTESIAN_POINT ( 'NONE',  ( -1.618669225237052478, 0.2500000000000000000, -3.514732561011391976 ) ) ;
#628 = PERSON_AND_ORGANIZATION_ROLE ( 'design_supplier' ) ;
#629 = ADVANCED_FACE ( 'NONE', ( #87 ), #2624, .F. ) ;
#630 = DIRECTION ( 'NONE',  ( 0.000000000000000000, 0.000000000000000000, 1.000000000000000000 ) ) ;
#631 = EDGE_CURVE ( 'NONE', #1238, #2404, #2888, .T. ) ;
#632 = DIRECTION ( 'NONE',  ( 0.000000000000000000, 0.000000000000000000, 1.000000000000000000 ) ) ;
#633 = EDGE_CURVE ( 'NONE', #75, #517, #73, .T. ) ;
#634 = ORIENTED_EDGE ( 'NONE', *, *, #653, .F. ) ;
#635 = FACE_OUTER_BOUND ( 'NONE', #242, .T. ) ;
#636 = DIRECTION ( 'NONE',  ( 2.731847993664262666E-14, 0.000000000000000000, 1.000000000000000000 ) ) ;
#637 = DIRECTION ( 'NONE',  ( 0.000000000000000000, 0.000000000000000000, -1.000000000000000000 ) ) ;
#638 = LINE ( 'NONE', #2697, #2100 ) ;
#639 = AXIS2_PLACEMENT_3D ( 'NONE', #2670, #2920, #616 ) ;
#640 = FACE_BOUND ( 'NONE', #479, .T. ) ;
#641 = ORIENTED_EDGE ( 'NONE', *, *, #470, .F. ) ;
#642 = DIRECTION ( 'NONE',  ( 0.000000000000000000, 0.000000000000000000, -1.000000000000000000 ) ) ;
#643 = FACE_BOUND ( 'NONE', #2983, .T. ) ;
#644 = VECTOR ( 'NONE', #2248, 39.37007874015748143 ) ;
#645 = VECTOR ( 'NONE', #2719, 39.37007874015748143 ) ;
#646 = VERTEX_POINT ( 'NONE', #2164 ) ;
#647 = DIRECTION ( 'NONE',  ( -0.000000000000000000, 1.000000000000000000, -0.000000000000000000 ) ) ;
#648 = CIRCLE ( 'NONE', #2536, 0.06299212598425185661 ) ;
#649 = VECTOR ( 'NONE', #2460, 39.37007874015748143 ) ;
#650 = CARTESIAN_POINT ( 'NONE',  ( -0.5646941913728218410, 0.2500000000000000000, -5.129166250363999424 ) ) ;
#651 = AXIS2_PLACEMENT_3D ( 'NONE', #2843, #2863, #2331 ) ;
#652 = DIRECTION ( 'NONE',  ( 0.000000000000000000, 0.000000000000000000, 1.000000000000000000 ) ) ;
#653 = EDGE_CURVE ( 'NONE', #2404, #320, #1412, .T. ) ;
#654 = ORIENTED_EDGE ( 'NONE', *, *, #1332, .F. ) ;
#655 = VECTOR ( 'NONE', #583, 39.37007874015748143 ) ;
#656 = CARTESIAN_POINT ( 'NONE',  ( -0.7415111107797446310, -3.937007874016270969E-05, -4.224845099504232593 ) ) ;
#657 = CARTESIAN_POINT ( 'NONE',  ( -1.375000000000000222, 0.2500000000000000000, 1.750000000000000000 ) ) ;
#658 = AXIS2_PLACEMENT_3D ( 'NONE', #32, #1513, #2357 ) ;
#659 = EDGE_CURVE ( 'NONE', #2889, #2262, #2400, .T. ) ;
#660 = VERTEX_POINT ( 'NONE', #2940 ) ;
#661 = DIRECTION ( 'NONE',  ( 0.000000000000000000, 0.000000000000000000, 1.000000000000000000 ) ) ;
#662 = CIRCLE ( 'NONE', #1307, 0.6250000000000005551 ) ;
#663 = FACE_OUTER_BOUND ( 'NONE', #1556, .T. ) ;
#664 = EDGE_CURVE ( 'NONE', #646, #1884, #638, .T. ) ;
#665 = ORIENTED_EDGE ( 'NONE', *, *, #3032, .F. ) ;
#666 = DIRECTION ( 'NONE',  ( 0.000000000000000000, 1.000000000000000000, 0.000000000000000000 ) ) ;
#667 = DIRECTION ( 'NONE',  ( 0.000000000000000000, 0.000000000000000000, 1.000000000000000000 ) ) ;
#668 = CARTESIAN_POINT ( 'NONE',  ( -1.224999999999999645, 0.2500000000000000000, 1.699999999999999956 ) ) ;
#669 = PLANE ( 'NONE',  #1559 ) ;
#670 = DIRECTION ( 'NONE',  ( -0.000000000000000000, -1.000000000000000000, -0.000000000000000000 ) ) ;
#671 = ORIENTED_EDGE ( 'NONE', *, *, #405, .F. ) ;
#672 = EDGE_CURVE ( 'NONE', #1082, #233, #2653, .T. ) ;
#673 = CARTESIAN_POINT ( 'NONE',  ( 2.450000000000000178, 0.2500000000000000000, -0.5685039370078739385 ) ) ;
#674 = ADVANCED_FACE ( 'NONE', ( #2873 ), #1831, .T. ) ;
#675 = EDGE_LOOP ( 'NONE', ( #2430, #2301, #685, #3314 ) ) ;
#676 = DIRECTION ( 'NONE',  ( 0.000000000000000000, 0.000000000000000000, 1.000000000000000000 ) ) ;
#677 = ORIENTED_EDGE ( 'NONE', *, *, #1116, .F. ) ;
#678 = DIRECTION ( 'NONE',  ( -0.000000000000000000, -1.000000000000000000, -0.000000000000000000 ) ) ;
#679 = CYLINDRICAL_SURFACE ( 'NONE', #1979, 0.2500000000000000000 ) ;
#680 = EDGE_LOOP ( 'NONE', ( #3037, #2790, #762, #508 ) ) ;
#681 = CARTESIAN_POINT ( 'NONE',  ( 2.875000000000000444, 0.2500000000000000000, -0.3129921259842520787 ) ) ;
#682 = ORIENTED_EDGE ( 'NONE', *, *, #1921, .F. ) ;
#683 = FACE_OUTER_BOUND ( 'NONE', #210, .T. ) ;
#684 = DIRECTION ( 'NONE',  ( 0.000000000000000000, 0.000000000000000000, 1.000000000000000000 ) ) ;
#685 = ORIENTED_EDGE ( 'NONE', *, *, #811, .T. ) ;
#686 = EDGE_LOOP ( 'NONE', ( #3313, #2915 ) ) ;
#687 = DIRECTION ( 'NONE',  ( 0.000000000000000000, 0.000000000000000000, 1.000000000000000000 ) ) ;
#688 = EDGE_LOOP ( 'NONE', ( #1912, #514, #1572, #2220 ) ) ;
#689 = VECTOR ( 'NONE', #1530, 39.37007874015748143 ) ;
#690 = CARTESIAN_POINT ( 'NONE',  ( -0.4734330048446981909, 0.2500000000000000000, -1.130517602835325208 ) ) ;
#691 = EDGE_CURVE ( 'NONE', #13, #1370, #3070, .T. ) ;
#692 = VECTOR ( 'NONE', #1367, 39.37007874015748143 ) ;
#693 = CIRCLE ( 'NONE', #2323, 0.06299212598425185661 ) ;
#694 = DIRECTION ( 'NONE',  ( 0.000000000000000000, 0.000000000000000000, 1.000000000000000000 ) ) ;
#695 = AXIS2_PLACEMENT_3D ( 'NONE', #2326, #295, #1036 ) ;
#696 = LINE ( 'NONE', #453, #1359 ) ;
#697 = CARTESIAN_POINT ( 'NONE',  ( 2.950000000000000622, 0.2500000000000000000, 0.06666666666666630492 ) ) ;
#698 = DIRECTION ( 'NONE',  ( 0.000000000000000000, 0.000000000000000000, 1.000000000000000000 ) ) ;
#699 = ORIENTED_EDGE ( 'NONE', *, *, #475, .T. ) ;
#700 = FACE_OUTER_BOUND ( 'NONE', #746, .T. ) ;
#701 = CIRCLE ( 'NONE', #1511, 0.05511811023622041616 ) ;
#702 = AXIS2_PLACEMENT_3D ( 'NONE', #1297, #52, #2022 ) ;
#703 = ORIENTED_EDGE ( 'NONE', *, *, #731, .F. ) ;
#704 = CARTESIAN_POINT ( 'NONE',  ( 2.700000000000000178, 0.000000000000000000, -0.5685039370078738274 ) ) ;
#705 = AXIS2_PLACEMENT_3D ( 'NONE', #873, #1336, #613 ) ;
#706 = CIRCLE ( 'NONE', #1890, 0.2500000000000001665 ) ;
#707 = ORIENTED_EDGE ( 'NONE', *, *, #2739, .T. ) ;
#708 = ORIENTED_EDGE ( 'NONE', *, *, #1544, .F. ) ;
#709 = DIRECTION ( 'NONE',  ( -0.000000000000000000, 1.000000000000000000, -0.000000000000000000 ) ) ;
#710 = DIRECTION ( 'NONE',  ( -0.000000000000000000, 1.000000000000000000, -0.000000000000000000 ) ) ;
#711 = DIRECTION ( 'NONE',  ( -0.6427876096865375866, 0.000000000000000000, 0.7660444431189793457 ) ) ;
#712 = EDGE_CURVE ( 'NONE', #2351, #939, #3047, .T. ) ;
#713 = EDGE_CURVE ( 'NONE', #2238, #338, #449, .T. ) ;
#714 = EDGE_CURVE ( 'NONE', #2255, #2654, #2842, .T. ) ;
#715 = CARTESIAN_POINT ( 'NONE',  ( -2.699999999999999734, 0.000000000000000000, -1.799816371153589944 ) ) ;
#716 = FACE_OUTER_BOUND ( 'NONE', #680, .T. ) ;
#717 = ORIENTED_EDGE ( 'NONE', *, *, #2171, .T. ) ;
#718 = DIRECTION ( 'NONE',  ( 0.000000000000000000, 0.000000000000000000, 1.000000000000000000 ) ) ;
#719 = DIRECTION ( 'NONE',  ( 0.000000000000000000, 0.000000000000000000, 1.000000000000000000 ) ) ;
#720 = FACE_OUTER_BOUND ( 'NONE', #3107, .T. ) ;
#721 = VERTEX_POINT ( 'NONE', #2598 ) ;
#722 = ORIENTED_EDGE ( 'NONE', *, *, #1944, .F. ) ;
#723 = CARTESIAN_POINT ( 'NONE',  ( -1.618669225237052478, 0.2500000000000000000, -3.388748309042889151 ) ) ;
#724 = DIRECTION ( 'NONE',  ( -1.000000000000000000, -0.000000000000000000, -0.000000000000000000 ) ) ;
#725 = VERTEX_POINT ( 'NONE', #2360 ) ;
#726 = CARTESIAN_POINT ( 'NONE',  ( 0.5500000000000000444, 0.000000000000000000, -0.5685039370078739385 ) ) ;
#727 = DIRECTION ( 'NONE',  ( -0.000000000000000000, -1.000000000000000000, -0.000000000000000000 ) ) ;
#728 = DIRECTION ( 'NONE',  ( 0.000000000000000000, 0.000000000000000000, 1.000000000000000000 ) ) ;
#729 = ORIENTED_EDGE ( 'NONE', *, *, #659, .T. ) ;
#730 = DIRECTION ( 'NONE',  ( 0.000000000000000000, 1.000000000000000000, 0.000000000000000000 ) ) ;
#731 = EDGE_CURVE ( 'NONE', #1736, #1243, #814, .T. ) ;
#732 = DIRECTION ( 'NONE',  ( 0.000000000000000000, 0.000000000000000000, 1.000000000000000000 ) ) ;
#733 = ORIENTED_EDGE ( 'NONE', *, *, #2820, .F. ) ;
#734 = EDGE_CURVE ( 'NONE', #247, #236, #35, .T. ) ;
#735 = VERTEX_POINT ( 'NONE', #3213 ) ;
#736 = VERTEX_POINT ( 'NONE', #2178 ) ;
#737 = ORIENTED_EDGE ( 'NONE', *, *, #434, .T. ) ;
#738 = FACE_OUTER_BOUND ( 'NONE', #2364, .T. ) ;
#739 = AXIS2_PLACEMENT_3D ( 'NONE', #938, #2997, #173 ) ;
#740 = ORIENTED_EDGE ( 'NONE', *, *, #713, .F. ) ;
#741 = DIRECTION ( 'NONE',  ( -0.000000000000000000, -1.000000000000000000, -0.000000000000000000 ) ) ;
#742 = DIRECTION ( 'NONE',  ( -0.6427876096865375866, 0.000000000000000000, -0.7660444431189793457 ) ) ;
#743 = AXIS2_PLACEMENT_3D ( 'NONE', #726, #2791, #2773 ) ;
#744 = CIRCLE ( 'NONE', #2082, 0.2500000000000002220 ) ;
#745 = CARTESIAN_POINT ( 'NONE',  ( 2.150000000000000355, 0.000000000000000000, 0.9879921259842517900 ) ) ;
#746 = EDGE_LOOP ( 'NONE', ( #922, #857, #1989, #463 ) ) ;
#747 = DIRECTION ( 'NONE',  ( 0.000000000000000000, 0.000000000000000000, 1.000000000000000000 ) ) ;
#748 = VECTOR ( 'NONE', #1215, 39.37007874015748143 ) ;
#749 = AXIS2_PLACEMENT_3D ( 'NONE', #2573, #1048, #14 ) ;
#750 = EDGE_CURVE ( 'NONE', #2530, #255, #1033, .T. ) ;
#751 = LOCAL_TIME ( 20, 57, 44.00000000000000000, #2447 ) ;
#752 = AXIS2_PLACEMENT_3D ( 'NONE', #1737, #239, #1768 ) ;
#753 = CARTESIAN_POINT ( 'NONE',  ( 3.000000000000000444, 0.2500000000000000000, 0.000000000000000000 ) ) ;
#754 = EDGE_CURVE ( 'NONE', #2072, #1816, #2760, .T. ) ;
#755 = VECTOR ( 'NONE', #1814, 39.37007874015748143 ) ;
#756 = ORIENTED_EDGE ( 'NONE', *, *, #194, .T. ) ;
#757 = VERTEX_POINT ( 'NONE', #2904 ) ;
#758 = AXIS2_PLACEMENT_3D ( 'NONE', #2731, #1417, #1151 ) ;
#759 = ORIENTED_EDGE ( 'NONE', *, *, #1314, .T. ) ;
#760 = LINE ( 'NONE', #1280, #12 ) ;
#761 = AXIS2_PLACEMENT_3D ( 'NONE', #1199, #48, #1064 ) ;
#762 = ORIENTED_EDGE ( 'NONE', *, *, #2092, .T. ) ;
#763 = CARTESIAN_POINT ( 'NONE',  ( -2.875000000000000444, 0.000000000000000000, -1.750000000000000222 ) ) ;
#764 = CARTESIAN_POINT ( 'NONE',  ( 0.5499999999999997113, -3.937007874016270969E-05, 1.699999999999999734 ) ) ;
#765 = AXIS2_PLACEMENT_3D ( 'NONE', #3246, #1432, #3217 ) ;
#766 = ORIENTED_EDGE ( 'NONE', *, *, #476, .F. ) ;
#767 = CARTESIAN_POINT ( 'NONE',  ( 5.463695987328526437E-16, 0.000000000000000000, -0.9961703873833915868 ) ) ;
#768 = DATE_AND_TIME ( #985, #339 ) ;
#769 = LINE ( 'NONE', #1587, #2093 ) ;
#770 = VERTEX_POINT ( 'NONE', #1362 ) ;
#771 = EDGE_CURVE ( 'NONE', #3019, #2533, #1663, .T. ) ;
#772 = ORIENTED_EDGE ( 'NONE', *, *, #322, .T. ) ;
#773 = EDGE_CURVE ( 'NONE', #2927, #911, #872, .T. ) ;
#774 = ORIENTED_EDGE ( 'NONE', *, *, #1100, .T. ) ;
#775 = PLANE ( 'NONE',  #443 ) ;
#776 = ADVANCED_FACE ( 'NONE', ( #635 ), #393, .F. ) ;
#777 = CARTESIAN_POINT ( 'NONE',  ( 0.000000000000000000, 0.2500000000000000000, -6.022019699529387537 ) ) ;
#778 = ORIENTED_EDGE ( 'NONE', *, *, #360, .F. ) ;
#779 = FACE_OUTER_BOUND ( 'NONE', #2565, .T. ) ;
#780 = EDGE_LOOP ( 'NONE', ( #2470, #774 ) ) ;
#781 = DIRECTION ( 'NONE',  ( 0.000000000000000000, 0.000000000000000000, -1.000000000000000000 ) ) ;
#782 = LENGTH_MEASURE_WITH_UNIT ( LENGTH_MEASURE( 0.02539999999999999897 ), #1777 );
#783 = DIRECTION ( 'NONE',  ( 0.7660444431189793457, -0.000000000000000000, 0.6427876096865378086 ) ) ;
#784 = CARTESIAN_POINT ( 'NONE',  ( -0.9999999999999995559, 0.000000000000000000, 1.875000000000000444 ) ) ;
#785 = VERTEX_POINT ( 'NONE', #2251 ) ;
#786 = EDGE_LOOP ( 'NONE', ( #2866, #250, #1415, #2625 ) ) ;
#787 = VERTEX_POINT ( 'NONE', #1757 ) ;
#788 = DIRECTION ( 'NONE',  ( 0.000000000000000000, 1.000000000000000000, 0.000000000000000000 ) ) ;
#789 = ORIENTED_EDGE ( 'NONE', *, *, #8, .T. ) ;
#790 = LINE ( 'NONE', #2852, #3218 ) ;
#791 = ADVANCED_FACE ( 'NONE', ( #716 ), #1985, .F. ) ;
#792 = AXIS2_PLACEMENT_3D ( 'NONE', #1874, #1147, #882 ) ;
#793 = ORIENTED_EDGE ( 'NONE', *, *, #2108, .T. ) ;
#794 = DIRECTION ( 'NONE',  ( -1.092739197465707260E-15, 0.000000000000000000, 1.000000000000000000 ) ) ;
#795 = AXIS2_PLACEMENT_3D ( 'NONE', #1141, #1420, #609 ) ;
#796 = DIRECTION ( 'NONE',  ( 0.000000000000000000, 0.000000000000000000, 1.000000000000000000 ) ) ;
#797 = EDGE_CURVE ( 'NONE', #1739, #787, #2761, .T. ) ;
#798 = VECTOR ( 'NONE', #2885, 39.37007874015748143 ) ;
#799 = AXIS2_PLACEMENT_3D ( 'NONE', #586, #1895, #636 ) ;
#800 = CARTESIAN_POINT ( 'NONE',  ( 2.450000000000000178, 0.000000000000000000, -1.118503937007873761 ) ) ;
#801 = AXIS2_PLACEMENT_3D ( 'NONE', #3045, #727, #2469 ) ;
#802 = CARTESIAN_POINT ( 'NONE',  ( -0.5499999999999997113, 0.2500000000000000000, 1.449999999999999734 ) ) ;
#803 = ORIENTED_EDGE ( 'NONE', *, *, #1251, .T. ) ;
#804 = DIRECTION ( 'NONE',  ( 1.000000000000000000, 0.000000000000000000, 0.000000000000000000 ) ) ;
#805 = CIRCLE ( 'NONE', #3116, 0.2500000000000000555 ) ;
#806 = ORIENTED_EDGE ( 'NONE', *, *, #1723, .F. ) ;
#807 = ORIENTED_EDGE ( 'NONE', *, *, #1760, .F. ) ;
#808 = FACE_OUTER_BOUND ( 'NONE', #2406, .T. ) ;
#809 = DIRECTION ( 'NONE',  ( -0.000000000000000000, 1.000000000000000000, -0.000000000000000000 ) ) ;
#810 = VECTOR ( 'NONE', #54, 39.37007874015748143 ) ;
#811 = EDGE_CURVE ( 'NONE', #660, #895, #2044, .T. ) ;
#812 = ORIENTED_EDGE ( 'NONE', *, *, #2303, .F. ) ;
#813 = EDGE_CURVE ( 'NONE', #2072, #1822, #1727, .T. ) ;
#814 = CIRCLE ( 'NONE', #1630, 0.2500000000000000000 ) ;
#815 = LINE ( 'NONE', #50, #1612 ) ;
#816 = EDGE_CURVE ( 'NONE', #217, #2043, #1693, .T. ) ;
#817 = DIRECTION ( 'NONE',  ( -1.353402360816702007E-16, 0.000000000000000000, -1.000000000000000000 ) ) ;
#818 = DIRECTION ( 'NONE',  ( -1.000000000000000000, 0.000000000000000000, 0.000000000000000000 ) ) ;
#819 = LINE ( 'NONE', #2428, #1576 ) ;
#820 = ORIENTED_EDGE ( 'NONE', *, *, #1146, .T. ) ;
#821 = PLANE ( 'NONE',  #1504 ) ;
#822 = VERTEX_POINT ( 'NONE', #2510 ) ;
#823 = FACE_OUTER_BOUND ( 'NONE', #1574, .T. ) ;
#824 = ORIENTED_EDGE ( 'NONE', *, *, #2000, .T. ) ;
#825 = DIRECTION ( 'NONE',  ( -1.353402360816701760E-16, -0.000000000000000000, -1.000000000000000000 ) ) ;
#826 = DIRECTION ( 'NONE',  ( 0.000000000000000000, -1.000000000000000000, 0.000000000000000000 ) ) ;
#827 = ORIENTED_EDGE ( 'NONE', *, *, #413, .T. ) ;
#828 = CARTESIAN_POINT ( 'NONE',  ( 5.463695987328526437E-16, 0.2500000000000000000, -0.9961703873833915868 ) ) ;
#829 = CARTESIAN_POINT ( 'NONE',  ( -0.2999999999999999334, 0.2500000000000000000, -1.368503937007873983 ) ) ;
#830 = DIRECTION ( 'NONE',  ( 0.000000000000000000, 0.000000000000000000, 1.000000000000000000 ) ) ;
#831 = CC_DESIGN_PERSON_AND_ORGANIZATION_ASSIGNMENT ( #1851, #628, ( #2144 ) ) ;
#832 = DIRECTION ( 'NONE',  ( 1.266788070910243079E-17, -0.000000000000000000, 1.000000000000000000 ) ) ;
#833 = ORIENTED_EDGE ( 'NONE', *, *, #1623, .T. ) ;
#834 = CYLINDRICAL_SURFACE ( 'NONE', #3050, 0.4921259842519685179 ) ;
#835 = FACE_BOUND ( 'NONE', #686, .T. ) ;
#836 = EDGE_CURVE ( 'NONE', #3297, #2035, #960, .T. ) ;
#837 = ORIENTED_EDGE ( 'NONE', *, *, #2148, .T. ) ;
#838 = CARTESIAN_POINT ( 'NONE',  ( -1.224999999999999645, -3.937007874016270969E-05, 1.449999999999999734 ) ) ;
#839 = FACE_OUTER_BOUND ( 'NONE', #2101, .T. ) ;
#840 = ORIENTED_EDGE ( 'NONE', *, *, #1761, .F. ) ;
#841 = CARTESIAN_POINT ( 'NONE',  ( -2.875000000000000444, 0.2500000000000000000, -1.750000000000000222 ) ) ;
#842 = CIRCLE ( 'NONE', #1821, 0.05511811023622041616 ) ;
#843 = FACE_OUTER_BOUND ( 'NONE', #2815, .T. ) ;
#844 = EDGE_CURVE ( 'NONE', #1805, #2468, #1219, .T. ) ;
#845 = VERTEX_POINT ( 'NONE', #471 ) ;
#846 = FACE_OUTER_BOUND ( 'NONE', #267, .T. ) ;
#847 = ORIENTED_EDGE ( 'NONE', *, *, #322, .F. ) ;
#848 = FACE_BOUND ( 'NONE', #447, .T. ) ;
#849 = EDGE_CURVE ( 'NONE', #1604, #3223, #326, .T. ) ;
#850 = AXIS2_PLACEMENT_3D ( 'NONE', #1909, #2695, #1644 ) ;
#851 = CIRCLE ( 'NONE', #1018, 0.2500000000000000555 ) ;
#852 = ORIENTED_EDGE ( 'NONE', *, *, #1, .F. ) ;
#853 = CARTESIAN_POINT ( 'NONE',  ( -0.2999999999999999889, 0.2500000000000000000, -0.5685039370078739385 ) ) ;
#854 = ADVANCED_FACE ( 'NONE', ( #2219 ), #1496, .F. ) ;
#855 = CYLINDRICAL_SURFACE ( 'NONE', #2638, 0.2499999999999998057 ) ;
#856 = AXIS2_PLACEMENT_3D ( 'NONE', #2463, #2271, #2195 ) ;
#857 = ORIENTED_EDGE ( 'NONE', *, *, #816, .T. ) ;
#858 = CARTESIAN_POINT ( 'NONE',  ( 1.618669225237052478, 0.000000000000000000, -3.451740435027140563 ) ) ;
#859 = AXIS2_PLACEMENT_3D ( 'NONE', #2831, #1599, #2017 ) ;
#860 = DIRECTION ( 'NONE',  ( 0.000000000000000000, 0.000000000000000000, 1.000000000000000000 ) ) ;
#861 = DIRECTION ( 'NONE',  ( 0.000000000000000000, 1.000000000000000000, 0.000000000000000000 ) ) ;
#862 = ORIENTED_EDGE ( 'NONE', *, *, #714, .T. ) ;
#863 = DIRECTION ( 'NONE',  ( 0.000000000000000000, 0.000000000000000000, 1.000000000000000000 ) ) ;
#864 = DIRECTION ( 'NONE',  ( -0.000000000000000000, 1.000000000000000000, -0.000000000000000000 ) ) ;
#865 = ADVANCED_FACE ( 'NONE', ( #2477 ), #2529, .F. ) ;
#866 = ADVANCED_FACE ( 'NONE', ( #490 ), #1514, .F. ) ;
#867 = ORIENTED_EDGE ( 'NONE', *, *, #976, .T. ) ;
#868 = CARTESIAN_POINT ( 'NONE',  ( 5.463695987328526437E-16, 0.2500000000000000000, -0.9961703873833915868 ) ) ;
#869 = EDGE_CURVE ( 'NONE', #1302, #1783, #585, .T. ) ;
#870 = DIRECTION ( 'NONE',  ( -0.000000000000000000, 1.000000000000000000, -0.000000000000000000 ) ) ;
#871 = DIRECTION ( 'NONE',  ( 0.000000000000000000, 0.000000000000000000, 1.000000000000000000 ) ) ;
#872 = LINE ( 'NONE', #1908, #1084 ) ;
#873 = CARTESIAN_POINT ( 'NONE',  ( 5.770511628107025970E-16, 0.2500000000000000000, -1.311131017304651758 ) ) ;
#874 = FACE_OUTER_BOUND ( 'NONE', #2445, .T. ) ;
#875 = DIRECTION ( 'NONE',  ( 0.000000000000000000, 0.000000000000000000, 1.000000000000000000 ) ) ;
#876 = ORIENTED_EDGE ( 'NONE', *, *, #2393, .F. ) ;
#877 = FACE_OUTER_BOUND ( 'NONE', #1533, .T. ) ;
#878 = ORIENTED_EDGE ( 'NONE', *, *, #363, .T. ) ;
#879 = CYLINDRICAL_SURFACE ( 'NONE', #122, 0.05511811023622041616 ) ;
#880 = ORIENTED_EDGE ( 'NONE', *, *, #2739, .F. ) ;
#881 = DIRECTION ( 'NONE',  ( -0.000000000000000000, -0.000000000000000000, -1.000000000000000000 ) ) ;
#882 = DIRECTION ( 'NONE',  ( 0.000000000000000000, 0.000000000000000000, 1.000000000000000000 ) ) ;
#883 = CARTESIAN_POINT ( 'NONE',  ( 0.5500000000000000444, -3.937007874016270969E-05, -4.064148197082598557 ) ) ;
#884 = VERTEX_POINT ( 'NONE', #1237 ) ;
#885 = EDGE_CURVE ( 'NONE', #269, #785, #2892, .T. ) ;
#886 = CARTESIAN_POINT ( 'NONE',  ( 2.449999999999999734, 0.000000000000000000, -1.799816371153589944 ) ) ;
#887 = FACE_OUTER_BOUND ( 'NONE', #3282, .T. ) ;
#888 = EDGE_CURVE ( 'NONE', #2825, #822, #2982, .T. ) ;
#889 = FACE_BOUND ( 'NONE', #519, .T. ) ;
#890 = ORIENTED_EDGE ( 'NONE', *, *, #2990, .F. ) ;
#891 = DIRECTION ( 'NONE',  ( 0.000000000000000000, 1.000000000000000000, -0.000000000000000000 ) ) ;
#892 = VERTEX_POINT ( 'NONE', #681 ) ;
#893 = FACE_BOUND ( 'NONE', #917, .T. ) ;
#894 = AXIS2_PLACEMENT_3D ( 'NONE', #1991, #2785, #676 ) ;
#895 = VERTEX_POINT ( 'NONE', #668 ) ;
#896 = DIRECTION ( 'NONE',  ( 0.000000000000000000, 0.000000000000000000, 1.000000000000000000 ) ) ;
#897 = PERSON_AND_ORGANIZATION ( #2223, #3114 ) ;
#898 = CIRCLE ( 'NONE', #594, 0.2499999999999998057 ) ;
#899 = AXIS2_PLACEMENT_3D ( 'NONE', #2789, #1738, #450 ) ;
#900 = VECTOR ( 'NONE', #1472, 39.37007874015748143 ) ;
#901 = CARTESIAN_POINT ( 'NONE',  ( -0.3000000000000002109, 0.2500000000000000000, -4.064148197082598557 ) ) ;
#902 = EDGE_CURVE ( 'NONE', #757, #1058, #1966, .T. ) ;
#903 = CIRCLE ( 'NONE', #1778, 0.1000000000000001582 ) ;
#904 = DIRECTION ( 'NONE',  ( -0.000000000000000000, -1.000000000000000000, -0.000000000000000000 ) ) ;
#905 = CYLINDRICAL_SURFACE ( 'NONE', #220, 0.06299212598425185661 ) ;
#906 = EDGE_CURVE ( 'NONE', #1816, #2302, #1448, .T. ) ;
#907 = AXIS2_PLACEMENT_3D ( 'NONE', #468, #219, #1229 ) ;
#908 = CARTESIAN_POINT ( 'NONE',  ( 0.000000000000000000, 0.2500000000000000000, -5.397019699529387537 ) ) ;
#909 = DIRECTION ( 'NONE',  ( -0.000000000000000000, 1.000000000000000000, -0.000000000000000000 ) ) ;
#910 = AXIS2_PLACEMENT_3D ( 'NONE', #3087, #1315, #652 ) ;
#911 = VERTEX_POINT ( 'NONE', #1026 ) ;
#912 = CYLINDRICAL_SURFACE ( 'NONE', #2138, 0.06299212598425185661 ) ;
#913 = AXIS2_PLACEMENT_3D ( 'NONE', #1414, #1479, #728 ) ;
#914 = FACE_OUTER_BOUND ( 'NONE', #2369, .T. ) ;
#915 = EDGE_LOOP ( 'NONE', ( #287, #1481, #2350, #308 ) ) ;
#916 = DIRECTION ( 'NONE',  ( 0.000000000000000000, 1.000000000000000000, 0.000000000000000000 ) ) ;
#917 = EDGE_LOOP ( 'NONE', ( #178, #2241 ) ) ;
#918 = CARTESIAN_POINT ( 'NONE',  ( -0.2999999999999999334, -3.937007874016270969E-05, -1.368503937007873983 ) ) ;
#919 = DIRECTION ( 'NONE',  ( 0.000000000000000000, 1.000000000000000000, -0.000000000000000000 ) ) ;
#920 = EDGE_CURVE ( 'NONE', #1047, #305, #2465, .T. ) ;
#921 = DIRECTION ( 'NONE',  ( 0.000000000000000000, 0.000000000000000000, 1.000000000000000000 ) ) ;
#922 = ORIENTED_EDGE ( 'NONE', *, *, #534, .F. ) ;
#923 = EDGE_LOOP ( 'NONE', ( #2561, #622 ) ) ;
#924 = CARTESIAN_POINT ( 'NONE',  ( 5.463695987328526437E-16, 0.000000000000000000, -0.9961703873833915868 ) ) ;
#925 = LINE ( 'NONE', #1955, #2650 ) ;
#926 = ORIENTED_EDGE ( 'NONE', *, *, #2122, .T. ) ;
#927 = EDGE_CURVE ( 'NONE', #941, #10, #2527, .T. ) ;
#928 = DIRECTION ( 'NONE',  ( -1.000000000000000000, 0.000000000000000000, 0.000000000000000000 ) ) ;
#929 = EDGE_CURVE ( 'NONE', #424, #1166, #2197, .T. ) ;
#930 = ORIENTED_EDGE ( 'NONE', *, *, #869, .F. ) ;
#931 = DIRECTION ( 'NONE',  ( 0.000000000000000000, 0.000000000000000000, -1.000000000000000000 ) ) ;
#932 = ADVANCED_FACE ( 'NONE', ( #1183 ), #1234, .T. ) ;
#933 = DIRECTION ( 'NONE',  ( -0.000000000000000000, 1.000000000000000000, -0.000000000000000000 ) ) ;
#934 = DIRECTION ( 'NONE',  ( -0.000000000000000000, 1.000000000000000000, -0.000000000000000000 ) ) ;
#935 = DIRECTION ( 'NONE',  ( -0.000000000000000000, 1.000000000000000000, -0.000000000000000000 ) ) ;
#936 = DIRECTION ( 'NONE',  ( 0.000000000000000000, 0.000000000000000000, 1.000000000000000000 ) ) ;
#937 = DIRECTION ( 'NONE',  ( 0.000000000000000000, 0.000000000000000000, -1.000000000000000000 ) ) ;
#938 = CARTESIAN_POINT ( 'NONE',  ( -3.000000000000000444, 0.2500000000000000000, 0.000000000000000000 ) ) ;
#939 = VERTEX_POINT ( 'NONE', #2562 ) ;
#940 = DIRECTION ( 'NONE',  ( 0.000000000000000000, 1.000000000000000000, 0.000000000000000000 ) ) ;
#941 = VERTEX_POINT ( 'NONE', #2346 ) ;
#942 = ORIENTED_EDGE ( 'NONE', *, *, #1087, .F. ) ;
#943 = CARTESIAN_POINT ( 'NONE',  ( 0.5499999999999997113, -3.937007874016270969E-05, 1.699999999999999734 ) ) ;
#944 = EDGE_CURVE ( 'NONE', #2787, #1263, #2015, .T. ) ;
#945 = APPROVAL ( #2709, 'UNSPECIFIED' ) ;
#946 = ORIENTED_EDGE ( 'NONE', *, *, #3145, .T. ) ;
#947 = AXIS2_PLACEMENT_3D ( 'NONE', #421, #3234, #2971 ) ;
#948 = EDGE_CURVE ( 'NONE', #2911, #2723, #1390, .T. ) ;
#949 = ORIENTED_EDGE ( 'NONE', *, *, #2218, .F. ) ;
#950 = DIRECTION ( 'NONE',  ( -0.000000000000000000, 1.000000000000000000, -0.000000000000000000 ) ) ;
#951 = AXIS2_PLACEMENT_3D ( 'NONE', #2232, #2215, #3232 ) ;
#952 = VECTOR ( 'NONE', #1434, 39.37007874015748143 ) ;
#953 = CARTESIAN_POINT ( 'NONE',  ( 1.224999999999999645, -3.937007874016270969E-05, 1.699999999999999956 ) ) ;
#954 = ORIENTED_EDGE ( 'NONE', *, *, #672, .F. ) ;
#955 = VECTOR ( 'NONE', #2970, 39.37007874015748143 ) ;
#956 = DIRECTION ( 'NONE',  ( 0.000000000000000000, 0.000000000000000000, 1.000000000000000000 ) ) ;
#957 = AXIS2_PLACEMENT_3D ( 'NONE', #1010, #1963, #974 ) ;
#958 = CARTESIAN_POINT ( 'NONE',  ( 0.4503721911733818417, 0.1250000000000000000, -0.7977947996875864867 ) ) ;
#959 = CARTESIAN_POINT ( 'NONE',  ( -0.3740157480314955096, 0.2500000000000000000, -0.9410522771471711012 ) ) ;
#960 = LINE ( 'NONE', #2794, #2023 ) ;
#961 = ORIENTED_EDGE ( 'NONE', *, *, #3123, .F. ) ;
#962 = ORIENTED_EDGE ( 'NONE', *, *, #2440, .F. ) ;
#963 = LINE ( 'NONE', #2478, #952 ) ;
#964 = VECTOR ( 'NONE', #804, 39.37007874015748143 ) ;
#965 = VECTOR ( 'NONE', #1407, 39.37007874015748143 ) ;
#966 = CIRCLE ( 'NONE', #2488, 0.06299212598425185661 ) ;
#967 = CARTESIAN_POINT ( 'NONE',  ( -2.149999999999999911, 0.000000000000000000, 0.9249999999999998224 ) ) ;
#968 = AXIS2_PLACEMENT_3D ( 'NONE', #1197, #1682, #409 ) ;
#969 = CIRCLE ( 'NONE', #2448, 0.06299212598425185661 ) ;
#970 = ORIENTED_EDGE ( 'NONE', *, *, #1158, .T. ) ;
#971 = ORIENTED_EDGE ( 'NONE', *, *, #1658, .F. ) ;
#972 = CARTESIAN_POINT ( 'NONE',  ( 5.463695987328526437E-16, 0.000000000000000000, -0.9961703873833915868 ) ) ;
#973 = EDGE_CURVE ( 'NONE', #1316, #1580, #558, .T. ) ;
#974 = DIRECTION ( 'NONE',  ( 0.000000000000000000, 0.000000000000000000, 1.000000000000000000 ) ) ;
#975 = FACE_OUTER_BOUND ( 'NONE', #1207, .T. ) ;
#976 = EDGE_CURVE ( 'NONE', #1201, #3058, #276, .T. ) ;
#977 = EDGE_CURVE ( 'NONE', #2245, #2768, #1820, .T. ) ;
#978 = DIRECTION ( 'NONE',  ( 1.000000000000000000, -0.000000000000000000, 0.000000000000000000 ) ) ;
#979 = DIRECTION ( 'NONE',  ( 0.000000000000000000, 1.000000000000000000, 0.000000000000000000 ) ) ;
#980 = CYLINDRICAL_SURFACE ( 'NONE', #3166, 0.2500000000000000555 ) ;
#981 = EDGE_LOOP ( 'NONE', ( #1992, #878, #491, #1074 ) ) ;
#982 = FACE_OUTER_BOUND ( 'NONE', #1334, .T. ) ;
#983 = CARTESIAN_POINT ( 'NONE',  ( 0.2999999999999999334, 0.000000000000000000, -1.368503937007873983 ) ) ;
#984 = ORIENTED_EDGE ( 'NONE', *, *, #2171, .F. ) ;
#985 = CALENDAR_DATE ( 2026, 27, 4 ) ;
#986 = ORIENTED_EDGE ( 'NONE', *, *, #2459, .F. ) ;
#987 = LINE ( 'NONE', #2534, #601 ) ;
#988 = ORIENTED_EDGE ( 'NONE', *, *, #1662, .T. ) ;
#989 = ORIENTED_EDGE ( 'NONE', *, *, #3301, .T. ) ;
#990 = EDGE_LOOP ( 'NONE', ( #444, #214 ) ) ;
#991 = CARTESIAN_POINT ( 'NONE',  ( -2.149999999999999911, 0.000000000000000000, 0.9249999999999998224 ) ) ;
#992 = ORIENTED_EDGE ( 'NONE', *, *, #298, .F. ) ;
#993 = EDGE_LOOP ( 'NONE', ( #3005, #403, #1013, #3132 ) ) ;
#994 = CARTESIAN_POINT ( 'NONE',  ( 0.5500000000000000444, -3.937007874016270969E-05, -0.5685039370078739385 ) ) ;
#995 = VERTEX_POINT ( 'NONE', #1918 ) ;
#996 = EDGE_CURVE ( 'NONE', #174, #2772, #108, .T. ) ;
#997 = ADVANCED_FACE ( 'NONE', ( #2621 ), #324, .F. ) ;
#998 = CARTESIAN_POINT ( 'NONE',  ( -0.5499999999999997113, 0.2500000000000000000, 1.699999999999999734 ) ) ;
#999 = DIRECTION ( 'NONE',  ( 0.000000000000000000, 0.000000000000000000, 1.000000000000000000 ) ) ;
#1000 = EDGE_CURVE ( 'NONE', #735, #845, #1969, .T. ) ;
#1001 = ORIENTED_EDGE ( 'NONE', *, *, #43, .F. ) ;
#1002 = APPLICATION_PROTOCOL_DEFINITION ( 'international standard', 'config_control_design', 1994, #1468 ) ;
#1003 = CARTESIAN_POINT ( 'NONE',  ( -1.618669225237052478, 0.2500000000000000000, -3.388748309042889151 ) ) ;
#1004 = FACE_OUTER_BOUND ( 'NONE', #2155, .T. ) ;
#1005 = ORIENTED_EDGE ( 'NONE', *, *, #2083, .T. ) ;
#1006 = EDGE_LOOP ( 'NONE', ( #756, #1541, #2277, #7 ) ) ;
#1007 = ORIENTED_EDGE ( 'NONE', *, *, #1465, .T. ) ;
#1008 = LINE ( 'NONE', #2027, #964 ) ;
#1009 = ORIENTED_EDGE ( 'NONE', *, *, #2513, .T. ) ;
#1010 = CARTESIAN_POINT ( 'NONE',  ( 2.150000000000000355, 0.2500000000000000000, 0.9249999999999999334 ) ) ;
#1011 = VERTEX_POINT ( 'NONE', #621 ) ;
#1012 = VECTOR ( 'NONE', #1106, 39.37007874015748143 ) ;
#1013 = ORIENTED_EDGE ( 'NONE', *, *, #1376, .F. ) ;
#1014 = AXIS2_PLACEMENT_3D ( 'NONE', #157, #1774, #661 ) ;
#1015 = DIRECTION ( 'NONE',  ( 0.000000000000000000, 0.000000000000000000, 1.000000000000000000 ) ) ;
#1016 = ORIENTED_EDGE ( 'NONE', *, *, #1658, .T. ) ;
#1017 = VECTOR ( 'NONE', #1150, 39.37007874015748143 ) ;
#1018 = AXIS2_PLACEMENT_3D ( 'NONE', #1770, #3316, #2756 ) ;
#1019 = ADVANCED_FACE ( 'NONE', ( #2699, #1647, #2941, #128, #640, #3174, #144, #1152, #889, #2165, #1104, #2125, #1381, #3192, #1927, #607, #3156, #1668, #843, #350, #2415 ), #2925, .F. ) ;
#1020 = VECTOR ( 'NONE', #3133, 39.37007874015748143 ) ;
#1021 = CYLINDRICAL_SURFACE ( 'NONE', #1936, 0.6250000000000000000 ) ;
#1022 = EDGE_CURVE ( 'NONE', #822, #1580, #103, .T. ) ;
#1023 = ADVANCED_FACE ( 'NONE', ( #1897 ), #2678, .F. ) ;
#1024 = VECTOR ( 'NONE', #2075, 39.37007874015748854 ) ;
#1025 = ORIENTED_EDGE ( 'NONE', *, *, #3013, .T. ) ;
#1026 = CARTESIAN_POINT ( 'NONE',  ( 0.4734330048446992456, 0.000000000000000000, -1.130517602835324986 ) ) ;
#1027 = EDGE_LOOP ( 'NONE', ( #2009, #1397, #3023, #2964 ) ) ;
#1028 = ORIENTED_EDGE ( 'NONE', *, *, #2063, .F. ) ;
#1029 = PLANE ( 'NONE',  #3060 ) ;
#1030 = AXIS2_PLACEMENT_3D ( 'NONE', #886, #2095, #1299 ) ;
#1031 = ORIENTED_EDGE ( 'NONE', *, *, #67, .F. ) ;
#1032 = FACE_OUTER_BOUND ( 'NONE', #2959, .T. ) ;
#1033 = CIRCLE ( 'NONE', #2710, 0.06299212598425185661 ) ;
#1034 = CARTESIAN_POINT ( 'NONE',  ( 0.2999999999999999334, 0.000000000000000000, -1.386283171557364913 ) ) ;
#1035 = ORIENTED_EDGE ( 'NONE', *, *, #3155, .F. ) ;
#1036 = DIRECTION ( 'NONE',  ( 1.092739197465706076E-15, 0.000000000000000000, 1.000000000000000000 ) ) ;
#1037 = VERTEX_POINT ( 'NONE', #2806 ) ;
#1038 = DIRECTION ( 'NONE',  ( -0.000000000000000000, 1.000000000000000000, -0.000000000000000000 ) ) ;
#1039 = CARTESIAN_POINT ( 'NONE',  ( 5.770511628107025970E-16, 0.000000000000000000, -0.6260916472259112631 ) ) ;
#1040 = DIRECTION ( 'NONE',  ( 0.000000000000000000, 1.000000000000000000, -0.000000000000000000 ) ) ;
#1041 = ORIENTED_EDGE ( 'NONE', *, *, #734, .T. ) ;
#1042 = CARTESIAN_POINT ( 'NONE',  ( -2.700000000000000178, -3.937007874016270969E-05, -0.1833333333333337090 ) ) ;
#1043 = ORIENTED_EDGE ( 'NONE', *, *, #2780, .F. ) ;
#1044 = ORIENTED_EDGE ( 'NONE', *, *, #2399, .F. ) ;
#1045 = CARTESIAN_POINT ( 'NONE',  ( 2.875000000000000444, 0.2500000000000000000, -0.2499999999999999167 ) ) ;
#1046 = ORIENTED_EDGE ( 'NONE', *, *, #1568, .F. ) ;
#1047 = VERTEX_POINT ( 'NONE', #299 ) ;
#1048 = DIRECTION ( 'NONE',  ( 0.000000000000000000, 1.000000000000000000, 0.000000000000000000 ) ) ;
#1049 = CARTESIAN_POINT ( 'NONE',  ( 0.5500000000000001554, 0.000000000000000000, -1.368503937007873983 ) ) ;
#1050 = ORIENTED_EDGE ( 'NONE', *, *, #212, .F. ) ;
#1051 = CARTESIAN_POINT ( 'NONE',  ( -2.449999999999999734, 0.000000000000000000, -1.799816371153589944 ) ) ;
#1052 = CARTESIAN_POINT ( 'NONE',  ( -0.5500000000000000444, 0.000000000000000000, -0.5685039370078739385 ) ) ;
#1053 = CALENDAR_DATE ( 2026, 27, 4 ) ;
#1054 = CARTESIAN_POINT ( 'NONE',  ( 0.2999999999999999334, 0.000000000000000000, -1.386283171557364913 ) ) ;
#1055 = LINE ( 'NONE', #2833, #1508 ) ;
#1056 = LINE ( 'NONE', #2071, #181 ) ;
#1057 = EDGE_LOOP ( 'NONE', ( #1324, #1007, #1960, #1949 ) ) ;
#1058 = VERTEX_POINT ( 'NONE', #1054 ) ;
#1059 = ORIENTED_EDGE ( 'NONE', *, *, #659, .F. ) ;
#1060 = CARTESIAN_POINT ( 'NONE',  ( 0.5500000000000001554, 0.000000000000000000, -1.118503937007873761 ) ) ;
#1061 = ADVANCED_FACE ( 'NONE', ( #2196 ), #905, .F. ) ;
#1062 = ORIENTED_EDGE ( 'NONE', *, *, #1256, .F. ) ;
#1063 = DIRECTION ( 'NONE',  ( -0.000000000000000000, -1.000000000000000000, -0.000000000000000000 ) ) ;
#1064 = DIRECTION ( 'NONE',  ( 0.000000000000000000, 0.000000000000000000, 1.000000000000000000 ) ) ;
#1065 = VERTEX_POINT ( 'NONE', #454 ) ;
#1066 = CARTESIAN_POINT ( 'NONE',  ( -2.450000000000000178, 0.000000000000000000, -1.368503937007873983 ) ) ;
#1067 = VECTOR ( 'NONE', #1198, 39.37007874015748143 ) ;
#1068 = CIRCLE ( 'NONE', #2260, 0.2500000000000000000 ) ;
#1069 = AXIS2_PLACEMENT_3D ( 'NONE', #924, #2999, #1968 ) ;
#1070 = DIRECTION ( 'NONE',  ( 0.000000000000000000, 0.000000000000000000, 1.000000000000000000 ) ) ;
#1071 = VECTOR ( 'NONE', #569, 39.37007874015748143 ) ;
#1072 = DIRECTION ( 'NONE',  ( 0.000000000000000000, 1.000000000000000000, 0.000000000000000000 ) ) ;
#1073 = VECTOR ( 'NONE', #881, 39.37007874015748143 ) ;
#1074 = ORIENTED_EDGE ( 'NONE', *, *, #1701, .F. ) ;
#1075 = CARTESIAN_POINT ( 'NONE',  ( 2.150000000000000355, 0.2500000000000000000, 0.9879921259842517900 ) ) ;
#1076 = DIRECTION ( 'NONE',  ( -0.000000000000000000, 1.000000000000000000, -0.000000000000000000 ) ) ;
#1077 = CIRCLE ( 'NONE', #554, 0.06299212598425185661 ) ;
#1078 = ORIENTED_EDGE ( 'NONE', *, *, #1945, .F. ) ;
#1079 = CARTESIAN_POINT ( 'NONE',  ( 2.650000000000000355, 0.2500000000000000000, -0.03333333333333366594 ) ) ;
#1080 = CARTESIAN_POINT ( 'NONE',  ( 0.3032303591377356611, 0.000000000000000000, -0.6085631974692091717 ) ) ;
#1081 = AXIS2_PLACEMENT_3D ( 'NONE', #1049, #1824, #2066 ) ;
#1082 = VERTEX_POINT ( 'NONE', #2464 ) ;
#1083 = CC_DESIGN_DATE_AND_TIME_ASSIGNMENT ( #768, #1798, ( #2975 ) ) ;
#1084 = VECTOR ( 'NONE', #2937, 39.37007874015748143 ) ;
#1085 = FACE_OUTER_BOUND ( 'NONE', #2149, .T. ) ;
#1086 = FACE_OUTER_BOUND ( 'NONE', #1786, .T. ) ;
#1087 = EDGE_CURVE ( 'NONE', #1082, #2256, #187, .T. ) ;
#1088 = LINE ( 'NONE', #1866, #2217 ) ;
#1089 = APPLICATION_CONTEXT ( 'configuration controlled 3d designs of mechanical parts and assemblies' ) ;
#1090 = ORIENTED_EDGE ( 'NONE', *, *, #3032, .T. ) ;
#1091 = DIRECTION ( 'NONE',  ( 0.000000000000000000, 0.000000000000000000, 1.000000000000000000 ) ) ;
#1092 = ORIENTED_EDGE ( 'NONE', *, *, #2333, .T. ) ;
#1093 = FACE_OUTER_BOUND ( 'NONE', #1413, .T. ) ;
#1094 = ORIENTED_EDGE ( 'NONE', *, *, #885, .T. ) ;
#1095 = CARTESIAN_POINT ( 'NONE',  ( -2.450000000000000178, 0.2500000000000000000, -1.118503937007873761 ) ) ;
#1096 = CARTESIAN_POINT ( 'NONE',  ( 2.700000000000000178, -3.937007874016270969E-05, -0.1833333333333337090 ) ) ;
#1097 = CARTESIAN_POINT ( 'NONE',  ( 2.650000000000000355, 0.000000000000000000, -0.03333333333333377696 ) ) ;
#1098 = CARTESIAN_POINT ( 'NONE',  ( -0.9999999999999995559, 0.2500000000000000000, 1.812007874015748587 ) ) ;
#1099 = EDGE_CURVE ( 'NONE', #3308, #333, #2136, .T. ) ;
#1100 = EDGE_CURVE ( 'NONE', #2882, #1602, #3105, .T. ) ;
#1101 = ORIENTED_EDGE ( 'NONE', *, *, #2774, .F. ) ;
#1102 = DIRECTION ( 'NONE',  ( 0.000000000000000000, 0.000000000000000000, 1.000000000000000000 ) ) ;
#1103 = DIRECTION ( 'NONE',  ( 0.000000000000000000, 1.000000000000000000, -0.000000000000000000 ) ) ;
#1104 = FACE_BOUND ( 'NONE', #780, .T. ) ;
#1105 = ORIENTED_EDGE ( 'NONE', *, *, #3203, .F. ) ;
#1106 = DIRECTION ( 'NONE',  ( -0.000000000000000000, 1.000000000000000000, -0.000000000000000000 ) ) ;
#1107 = EDGE_LOOP ( 'NONE', ( #41, #740, #1062, #2486, #1839, #598, #1300, #1577, #1050, #634, #315, #521 ) ) ;
#1108 = DIRECTION ( 'NONE',  ( 0.5999999999999999778, 0.000000000000000000, 0.7999999999999998224 ) ) ;
#1109 = ORIENTED_EDGE ( 'NONE', *, *, #929, .F. ) ;
#1110 = DIRECTION ( 'NONE',  ( 0.000000000000000000, 1.000000000000000000, 0.000000000000000000 ) ) ;
#1111 = FACE_OUTER_BOUND ( 'NONE', #28, .T. ) ;
#1112 = PLANE ( 'NONE',  #4 ) ;
#1113 = AXIS2_PLACEMENT_3D ( 'NONE', #191, #1185, #999 ) ;
#1114 = DIRECTION ( 'NONE',  ( -0.000000000000000000, 1.000000000000000000, -0.000000000000000000 ) ) ;
#1115 = LINE ( 'NONE', #1632, #436 ) ;
#1116 = EDGE_CURVE ( 'NONE', #1635, #1226, #2525, .T. ) ;
#1117 = VECTOR ( 'NONE', #1887, 39.37007874015748143 ) ;
#1118 = CARTESIAN_POINT ( 'NONE',  ( 0.5990607571422059685, 0.2500000000000000000, -4.861327968276209610 ) ) ;
#1119 = ORIENTED_EDGE ( 'NONE', *, *, #303, .F. ) ;
#1120 = CIRCLE ( 'NONE', #3000, 0.06299212598425213416 ) ;
#1122 = EDGE_CURVE ( 'NONE', #2404, #1809, #1476, .T. ) ;
#1121 = CIRCLE ( 'NONE', #1342, 0.2500000000000000000 ) ;
#1123 = DIRECTION ( 'NONE',  ( 0.000000000000000000, 0.000000000000000000, 1.000000000000000000 ) ) ;
#1124 = EDGE_CURVE ( 'NONE', #517, #845, #3264, .T. ) ;
#1125 = FACE_BOUND ( 'NONE', #3295, .T. ) ;
#1126 = EDGE_CURVE ( 'NONE', #136, #517, #2686, .T. ) ;
#1127 = LOCAL_TIME ( 20, 57, 44.00000000000000000, #2461 ) ;
#1128 = CIRCLE ( 'NONE', #1671, 0.2381889749999998862 ) ;
#1129 = ORIENTED_EDGE ( 'NONE', *, *, #413, .F. ) ;
#1130 = DIRECTION ( 'NONE',  ( 0.000000000000000000, 0.000000000000000000, 1.000000000000000000 ) ) ;
#1131 = AXIS2_PLACEMENT_3D ( 'NONE', #838, #599, #2967 ) ;
#1132 = LINE ( 'NONE', #2884, #965 ) ;
#1133 = VECTOR ( 'NONE', #1748, 39.37007874015748143 ) ;
#1134 = CARTESIAN_POINT ( 'NONE',  ( 2.699999999999999734, -3.937007874016270969E-05, -1.799816371153589944 ) ) ;
#1135 = AXIS2_PLACEMENT_3D ( 'NONE', #2169, #1914, #2293 ) ;
#1136 = VECTOR ( 'NONE', #456, 39.37007874015748143 ) ;
#1137 = FACE_OUTER_BOUND ( 'NONE', #1427, .T. ) ;
#1138 = FACE_OUTER_BOUND ( 'NONE', #3056, .T. ) ;
#1139 = DIRECTION ( 'NONE',  ( -0.000000000000000000, 1.000000000000000000, -0.000000000000000000 ) ) ;
#1140 = EDGE_LOOP ( 'NONE', ( #2345, #2807, #1817, #2297 ) ) ;
#1141 = CARTESIAN_POINT ( 'NONE',  ( -1.618669225237052478, 0.2500000000000000000, -3.451740435027140563 ) ) ;
#1142 = CARTESIAN_POINT ( 'NONE',  ( 0.3740157480314955096, 0.000000000000000000, -0.9961703873833915868 ) ) ;
#1143 = VERTEX_POINT ( 'NONE', #154 ) ;
#1144 = LINE ( 'NONE', #2174, #1073 ) ;
#1145 = FACE_OUTER_BOUND ( 'NONE', #1006, .T. ) ;
#1146 = EDGE_CURVE ( 'NONE', #361, #1172, #1972, .T. ) ;
#1147 = DIRECTION ( 'NONE',  ( -0.000000000000000000, -1.000000000000000000, -0.000000000000000000 ) ) ;
#1148 = DIRECTION ( 'NONE',  ( 0.000000000000000000, 0.000000000000000000, 1.000000000000000000 ) ) ;
#1149 = DIRECTION ( 'NONE',  ( 0.000000000000000000, 1.000000000000000000, 0.000000000000000000 ) ) ;
#1150 = DIRECTION ( 'NONE',  ( -0.000000000000000000, 1.000000000000000000, -0.000000000000000000 ) ) ;
#1151 = DIRECTION ( 'NONE',  ( 1.266788070910243079E-17, 0.000000000000000000, -1.000000000000000000 ) ) ;
#1152 = FACE_BOUND ( 'NONE', #1107, .T. ) ;
#1153 = ORIENTED_EDGE ( 'NONE', *, *, #2263, .F. ) ;
#1154 = DIRECTION ( 'NONE',  ( 0.000000000000000000, 0.000000000000000000, 1.000000000000000000 ) ) ;
#1155 = CARTESIAN_POINT ( 'NONE',  ( 2.875000000000000444, 0.2500000000000000000, -1.750000000000000222 ) ) ;
#1156 = VERTEX_POINT ( 'NONE', #1590 ) ;
#1157 = DIRECTION ( 'NONE',  ( -1.353402360816702007E-16, 0.000000000000000000, 1.000000000000000000 ) ) ;
#1158 = EDGE_CURVE ( 'NONE', #2723, #2255, #1838, .T. ) ;
#1159 = ADVANCED_FACE ( 'NONE', ( #563 ), #1346, .F. ) ;
#1160 = CARTESIAN_POINT ( 'NONE',  ( 5.770511628107025970E-16, 0.000000000000000000, -1.256012907068431161 ) ) ;
#1161 = DIRECTION ( 'NONE',  ( 0.000000000000000000, 0.000000000000000000, -1.000000000000000000 ) ) ;
#1162 = CARTESIAN_POINT ( 'NONE',  ( 5.770511628107025970E-16, 0.000000000000000000, -1.311131017304651758 ) ) ;
#1163 = DIRECTION ( 'NONE',  ( 0.000000000000000000, 1.000000000000000000, 0.000000000000000000 ) ) ;
#1164 = FACE_OUTER_BOUND ( 'NONE', #2312, .T. ) ;
#1165 = AXIS2_PLACEMENT_3D ( 'NONE', #2548, #1260, #698 ) ;
#1166 = VERTEX_POINT ( 'NONE', #3175 ) ;
#1167 = CARTESIAN_POINT ( 'NONE',  ( -0.3740157480314955096, 0.000000000000000000, -1.051288497619611961 ) ) ;
#1168 = CARTESIAN_POINT ( 'NONE',  ( -2.875000000000000444, 0.000000000000000000, -0.2499999999999998612 ) ) ;
#1169 = VECTOR ( 'NONE', #234, 39.37007874015748143 ) ;
#1170 = CIRCLE ( 'NONE', #1974, 0.06299212598425159293 ) ;
#1171 = CARTESIAN_POINT ( 'NONE',  ( -2.950000000000000622, 0.2500000000000000000, 0.06666666666666631880 ) ) ;
#1172 = VERTEX_POINT ( 'NONE', #2926 ) ;
#1173 = LINE ( 'NONE', #1225, #1456 ) ;
#1174 = CALENDAR_DATE ( 2026, 27, 4 ) ;
#1175 = VECTOR ( 'NONE', #543, 39.37007874015748143 ) ;
#1176 = VECTOR ( 'NONE', #741, 39.37007874015748143 ) ;
#1177 = APPROVAL_PERSON_ORGANIZATION ( #2308, #401, #2292 ) ;
#1178 = CIRCLE ( 'NONE', #176, 0.05511811023622041616 ) ;
#1179 = DIRECTION ( 'NONE',  ( 4.370956789862824305E-15, 0.000000000000000000, 1.000000000000000000 ) ) ;
#1180 = CARTESIAN_POINT ( 'NONE',  ( -0.2999999999999999889, -3.937007874016270969E-05, -0.5685039370078739385 ) ) ;
#1181 = CIRCLE ( 'NONE', #702, 0.2500000000000000000 ) ;
#1182 = EDGE_CURVE ( 'NONE', #2682, #2768, #1396, .T. ) ;
#1183 = FACE_OUTER_BOUND ( 'NONE', #1946, .T. ) ;
#1184 = VECTOR ( 'NONE', #113, 39.37007874015748143 ) ;
#1185 = DIRECTION ( 'NONE',  ( 0.000000000000000000, 1.000000000000000000, 0.000000000000000000 ) ) ;
#1186 = EDGE_LOOP ( 'NONE', ( #2961, #132, #156, #274 ) ) ;
#1187 = CARTESIAN_POINT ( 'NONE',  ( -2.450000000000000178, -3.937007874016270969E-05, -0.8185039370078738274 ) ) ;
#1188 = VECTOR ( 'NONE', #818, 39.37007874015748143 ) ;
#1189 = ORIENTED_EDGE ( 'NONE', *, *, #3257, .T. ) ;
#1190 = ADVANCED_FACE ( 'NONE', ( #2881 ), #3275, .F. ) ;
#1191 = AXIS2_PLACEMENT_3D ( 'NONE', #1548, #1289, #2305 ) ;
#1192 = DIRECTION ( 'NONE',  ( 0.000000000000000000, 1.000000000000000000, 0.000000000000000000 ) ) ;
#1193 = ORIENTED_EDGE ( 'NONE', *, *, #653, .T. ) ;
#1194 = PRODUCT_DEFINITION_SHAPE ( 'NONE', 'NONE',  #2975 ) ;
#1195 = CYLINDRICAL_SURFACE ( 'NONE', #1773, 0.2500000000000000555 ) ;
#1196 = DIRECTION ( 'NONE',  ( -0.000000000000000000, 1.000000000000000000, -0.000000000000000000 ) ) ;
#1197 = CARTESIAN_POINT ( 'NONE',  ( 0.3740157480314955096, 0.2500000000000000000, -0.9961703873833915868 ) ) ;
#1198 = DIRECTION ( 'NONE',  ( 0.000000000000000000, 0.000000000000000000, 1.000000000000000000 ) ) ;
#1199 = CARTESIAN_POINT ( 'NONE',  ( 2.150000000000000355, 0.2500000000000000000, 0.9249999999999999334 ) ) ;
#1200 = CARTESIAN_POINT ( 'NONE',  ( 0.000000000000000000, 0.2500000000000000000, -5.397019699529387537 ) ) ;
#1201 = VERTEX_POINT ( 'NONE', #1003 ) ;
#1202 = DIRECTION ( 'NONE',  ( 0.000000000000000000, 0.000000000000000000, 1.000000000000000000 ) ) ;
#1203 = EDGE_CURVE ( 'NONE', #736, #892, #574, .T. ) ;
#1204 = VERTEX_POINT ( 'NONE', #1098 ) ;
#1205 = LINE ( 'NONE', #3022, #1133 ) ;
#1206 = VERTEX_POINT ( 'NONE', #2119 ) ;
#1207 = EDGE_LOOP ( 'NONE', ( #1758, #1305, #1790, #1216 ) ) ;
#1208 = ORIENTED_EDGE ( 'NONE', *, *, #3233, .T. ) ;
#1209 = CARTESIAN_POINT ( 'NONE',  ( -2.875000000000000444, 0.000000000000000000, -0.3129921259842517456 ) ) ;
#1210 = CARTESIAN_POINT ( 'NONE',  ( -2.875000000000000444, 0.2500000000000000000, -1.812992125984252301 ) ) ;
#1211 = PLANE ( 'NONE',  #1779 ) ;
#1212 = DIRECTION ( 'NONE',  ( 0.000000000000000000, 1.000000000000000000, 0.000000000000000000 ) ) ;
#1213 = CARTESIAN_POINT ( 'NONE',  ( -1.224999999999999645, 0.2500000000000000000, 1.449999999999999734 ) ) ;
#1214 = VERTEX_POINT ( 'NONE', #2472 ) ;
#1215 = DIRECTION ( 'NONE',  ( -0.000000000000000000, -1.000000000000000000, -0.000000000000000000 ) ) ;
#1216 = ORIENTED_EDGE ( 'NONE', *, *, #151, .F. ) ;
#1217 = DIRECTION ( 'NONE',  ( 0.000000000000000000, 1.000000000000000000, 0.000000000000000000 ) ) ;
#1218 = EDGE_CURVE ( 'NONE', #333, #208, #1734, .T. ) ;
#1219 = CIRCLE ( 'NONE', #1113, 0.2500000000000000555 ) ;
#1220 = DIRECTION ( 'NONE',  ( 1.000000000000000000, 0.000000000000000000, 0.000000000000000000 ) ) ;
#1221 = ADVANCED_FACE ( 'NONE', ( #720 ), #480, .F. ) ;
#1222 = EDGE_LOOP ( 'NONE', ( #111, #2167, #971, #1696 ) ) ;
#1223 = AXIS2_PLACEMENT_3D ( 'NONE', #1042, #2225, #495 ) ;
#1224 = ORIENTED_EDGE ( 'NONE', *, *, #2782, .F. ) ;
#1225 = CARTESIAN_POINT ( 'NONE',  ( 0.3000000000000002109, -3.937007874016270969E-05, -4.064148197082598557 ) ) ;
#1226 = VERTEX_POINT ( 'NONE', #3242 ) ;
#1227 = CIRCLE ( 'NONE', #2482, 0.06299212598425185661 ) ;
#1228 = DIRECTION ( 'NONE',  ( 0.000000000000000000, 1.000000000000000000, 0.000000000000000000 ) ) ;
#1229 = DIRECTION ( 'NONE',  ( 0.000000000000000000, 0.000000000000000000, 1.000000000000000000 ) ) ;
#1230 = CIRCLE ( 'NONE', #1292, 0.06299212598425159293 ) ;
#1231 = DIRECTION ( 'NONE',  ( 0.000000000000000000, 0.000000000000000000, 1.000000000000000000 ) ) ;
#1232 = VECTOR ( 'NONE', #710, 39.37007874015748143 ) ;
#1233 = CARTESIAN_POINT ( 'NONE',  ( 1.618669225237052478, 0.2500000000000000000, -3.388748309042889151 ) ) ;
#1234 = PLANE ( 'NONE',  #377 ) ;
#1235 = DIRECTION ( 'NONE',  ( -0.000000000000000000, 1.000000000000000000, -0.000000000000000000 ) ) ;
#1236 = CARTESIAN_POINT ( 'NONE',  ( -2.950000000000000622, 0.2500000000000000000, 0.06666666666666630492 ) ) ;
#1237 = CARTESIAN_POINT ( 'NONE',  ( 2.150000000000000355, 0.2500000000000000000, 0.9879921259842517900 ) ) ;
#1238 = VERTEX_POINT ( 'NONE', #462 ) ;
#1239 = PERSON_AND_ORGANIZATION_ROLE ( 'design_owner' ) ;
#1240 = VECTOR ( 'NONE', #647, 39.37007874015748143 ) ;
#1241 = CARTESIAN_POINT ( 'NONE',  ( -1.618669225237052478, 0.000000000000000000, -3.451740435027140563 ) ) ;
#1242 = AXIS2_PLACEMENT_3D ( 'NONE', #657, #2163, #637 ) ;
#1243 = VERTEX_POINT ( 'NONE', #1171 ) ;
#1244 = CARTESIAN_POINT ( 'NONE',  ( -2.149999999999999911, 0.2500000000000000000, 0.9249999999999998224 ) ) ;
#1245 = EDGE_CURVE ( 'NONE', #2468, #105, #2208, .T. ) ;
#1246 = VECTOR ( 'NONE', #1114, 39.37007874015748143 ) ;
#1247 = ORIENTED_EDGE ( 'NONE', *, *, #944, .F. ) ;
#1248 = VERTEX_POINT ( 'NONE', #2261 ) ;
#1249 = FACE_OUTER_BOUND ( 'NONE', #1967, .T. ) ;
#1250 = EDGE_CURVE ( 'NONE', #3058, #1201, #2367, .T. ) ;
#1251 = EDGE_CURVE ( 'NONE', #1956, #1710, #2631, .T. ) ;
#1252 = ORIENTED_EDGE ( 'NONE', *, *, #2042, .F. ) ;
#1253 = CARTESIAN_POINT ( 'NONE',  ( 2.700000000000000178, 0.2500000000000000000, -0.1833333333333337090 ) ) ;
#1254 = ORIENTED_EDGE ( 'NONE', *, *, #1423, .T. ) ;
#1255 = DIRECTION ( 'NONE',  ( 1.000000000000000000, -0.000000000000000000, -0.000000000000000000 ) ) ;
#1256 = EDGE_CURVE ( 'NONE', #2521, #2238, #3196, .T. ) ;
#1257 = DIRECTION ( 'NONE',  ( -0.000000000000000000, 1.000000000000000000, -0.000000000000000000 ) ) ;
#1258 = CYLINDRICAL_SURFACE ( 'NONE', #1665, 0.2500000000000000000 ) ;
#1259 = CARTESIAN_POINT ( 'NONE',  ( -3.000000000000000444, 0.2500000000000000000, -2.000000000000000000 ) ) ;
#1260 = DIRECTION ( 'NONE',  ( -0.000000000000000000, 1.000000000000000000, -0.000000000000000000 ) ) ;
#1261 = ORIENTED_EDGE ( 'NONE', *, *, #2824, .F. ) ;
#1262 = CARTESIAN_POINT ( 'NONE',  ( -0.5500000000000000444, -3.937007874016270969E-05, -0.5685039370078739385 ) ) ;
#1263 = VERTEX_POINT ( 'NONE', #204 ) ;
#1264 = ORIENTED_EDGE ( 'NONE', *, *, #1623, .F. ) ;
#1265 = ORIENTED_EDGE ( 'NONE', *, *, #2373, .T. ) ;
#1266 = DIRECTION ( 'NONE',  ( -0.7999999999999999334, 0.000000000000000000, -0.6000000000000000888 ) ) ;
#1267 = EDGE_LOOP ( 'NONE', ( #766, #1869, #564, #440 ) ) ;
#1268 = LINE ( 'NONE', #2285, #2853 ) ;
#1269 = CARTESIAN_POINT ( 'NONE',  ( -2.149999999999999911, 0.2500000000000000000, 0.8620078740157479658 ) ) ;
#1270 = EDGE_CURVE ( 'NONE', #1058, #1065, #3066, .T. ) ;
#1271 = ORIENTED_EDGE ( 'NONE', *, *, #2216, .F. ) ;
#1272 = ADVANCED_FACE ( 'NONE', ( #779 ), #1323, .F. ) ;
#1273 = FACE_OUTER_BOUND ( 'NONE', #2184, .T. ) ;
#1274 = ORIENTED_EDGE ( 'NONE', *, *, #2216, .T. ) ;
#1275 = DIRECTION ( 'NONE',  ( 0.000000000000000000, 0.000000000000000000, 1.000000000000000000 ) ) ;
#1276 = CARTESIAN_POINT ( 'NONE',  ( -1.224999999999999645, 0.000000000000000000, 1.699999999999999956 ) ) ;
#1277 = ORIENTED_EDGE ( 'NONE', *, *, #375, .T. ) ;
#1278 = EDGE_LOOP ( 'NONE', ( #733, #1378 ) ) ;
#1279 = EDGE_LOOP ( 'NONE', ( #707, #547 ) ) ;
#1280 = CARTESIAN_POINT ( 'NONE',  ( -0.5646941913728219520, 0.2500000000000000000, -5.129166250363999424 ) ) ;
#1281 = EDGE_LOOP ( 'NONE', ( #3065, #1452, #759, #464 ) ) ;
#1282 = DIRECTION ( 'NONE',  ( 0.000000000000000000, 0.000000000000000000, 1.000000000000000000 ) ) ;
#1283 = ORIENTED_EDGE ( 'NONE', *, *, #43, .T. ) ;
#1284 = VECTOR ( 'NONE', #861, 39.37007874015748143 ) ;
#1285 = ORIENTED_EDGE ( 'NONE', *, *, #734, .F. ) ;
#1286 = AXIS2_PLACEMENT_3D ( 'NONE', #617, #2934, #389 ) ;
#1287 = DIRECTION ( 'NONE',  ( 0.000000000000000000, -1.000000000000000000, -0.000000000000000000 ) ) ;
#1288 = ORIENTED_EDGE ( 'NONE', *, *, #231, .T. ) ;
#1289 = DIRECTION ( 'NONE',  ( -0.000000000000000000, -1.000000000000000000, -0.000000000000000000 ) ) ;
#1290 = DIRECTION ( 'NONE',  ( 0.000000000000000000, 0.000000000000000000, 1.000000000000000000 ) ) ;
#1291 = AXIS2_PLACEMENT_3D ( 'NONE', #124, #2644, #2413 ) ;
#1292 = AXIS2_PLACEMENT_3D ( 'NONE', #1806, #1823, #31 ) ;
#1293 = EDGE_CURVE ( 'NONE', #1037, #3134, #1651, .T. ) ;
#1294 = EDGE_CURVE ( 'NONE', #721, #577, #1385, .T. ) ;
#1295 = CC_DESIGN_APPROVAL ( #945, ( #2543 ) ) ;
#1296 = AXIS2_PLACEMENT_3D ( 'NONE', #1788, #253, #2879 ) ;
#1297 = CARTESIAN_POINT ( 'NONE',  ( 2.750000000000000444, 0.2500000000000000000, -0.08333333333333371729 ) ) ;
#1298 = CIRCLE ( 'NONE', #280, 0.06299212598425185661 ) ;
#1299 = DIRECTION ( 'NONE',  ( 0.000000000000000000, 0.000000000000000000, 1.000000000000000000 ) ) ;
#1300 = ORIENTED_EDGE ( 'NONE', *, *, #1158, .F. ) ;
#1301 = ORIENTED_EDGE ( 'NONE', *, *, #102, .T. ) ;
#1302 = VERTEX_POINT ( 'NONE', #2886 ) ;
#1303 = CARTESIAN_POINT ( 'NONE',  ( 0.2999999999999999889, 0.2500000000000000000, -0.5685039370078739385 ) ) ;
#1304 = VECTOR ( 'NONE', #2509, 39.37007874015748854 ) ;
#1305 = ORIENTED_EDGE ( 'NONE', *, *, #2491, .T. ) ;
#1306 = CARTESIAN_POINT ( 'NONE',  ( 3.000000000000000444, 0.2500000000000000000, -0.08333333333333371729 ) ) ;
#1307 = AXIS2_PLACEMENT_3D ( 'NONE', #2452, #3206, #2436 ) ;
#1308 = LINE ( 'NONE', #3097, #1841 ) ;
#1309 = EDGE_LOOP ( 'NONE', ( #2541, #699 ) ) ;
#1310 = DIRECTION ( 'NONE',  ( 0.000000000000000000, 0.000000000000000000, 1.000000000000000000 ) ) ;
#1311 = DIRECTION ( 'NONE',  ( 0.000000000000000000, 1.000000000000000000, 0.000000000000000000 ) ) ;
#1312 = COORDINATED_UNIVERSAL_TIME_OFFSET ( 8, 0, .BEHIND. ) ;
#1313 = DIRECTION ( 'NONE',  ( -0.000000000000000000, -1.000000000000000000, -0.000000000000000000 ) ) ;
#1314 = EDGE_CURVE ( 'NONE', #1471, #884, #2005, .T. ) ;
#1315 = DIRECTION ( 'NONE',  ( 0.000000000000000000, 1.000000000000000000, 0.000000000000000000 ) ) ;
#1316 = VERTEX_POINT ( 'NONE', #2403 ) ;
#1317 = ORIENTED_EDGE ( 'NONE', *, *, #318, .T. ) ;
#1318 = ORIENTED_EDGE ( 'NONE', *, *, #1606, .F. ) ;
#1319 = DIRECTION ( 'NONE',  ( -0.6427876096865378086, -0.000000000000000000, 0.7660444431189793457 ) ) ;
#1320 = EDGE_LOOP ( 'NONE', ( #2342, #2648, #2715, #1560 ) ) ;
#1321 = DIRECTION ( 'NONE',  ( -0.000000000000000000, 1.000000000000000000, -0.000000000000000000 ) ) ;
#1322 = CARTESIAN_POINT ( 'NONE',  ( 2.641511110779743987, -3.937007874016270969E-05, -1.960513273575224202 ) ) ;
#1323 = CYLINDRICAL_SURFACE ( 'NONE', #1876, 0.06299212598425185661 ) ;
#1324 = ORIENTED_EDGE ( 'NONE', *, *, #475, .F. ) ;
#1325 = DIRECTION ( 'NONE',  ( -0.000000000000000000, 0.000000000000000000, -1.000000000000000000 ) ) ;
#1326 = DATE_AND_TIME ( #1174, #751 ) ;
#1327 = LINE ( 'NONE', #1039, #755 ) ;
#1328 = DIRECTION ( 'NONE',  ( 0.000000000000000000, 0.000000000000000000, 1.000000000000000000 ) ) ;
#1329 = ORIENTED_EDGE ( 'NONE', *, *, #231, .F. ) ;
#1330 = ORIENTED_EDGE ( 'NONE', *, *, #1100, .F. ) ;
#1331 = DIRECTION ( 'NONE',  ( 1.000000000000000000, 0.000000000000000000, -0.000000000000000000 ) ) ;
#1332 = EDGE_CURVE ( 'NONE', #2313, #3293, #2078, .T. ) ;
#1333 = EDGE_CURVE ( 'NONE', #392, #2554, #2168, .T. ) ;
#1334 = EDGE_LOOP ( 'NONE', ( #1593, #1573, #3088, #2166 ) ) ;
#1335 = DIRECTION ( 'NONE',  ( -0.7999999999999999334, 0.000000000000000000, 0.6000000000000000888 ) ) ;
#1336 = DIRECTION ( 'NONE',  ( 0.000000000000000000, 1.000000000000000000, 0.000000000000000000 ) ) ;
#1337 = VECTOR ( 'NONE', #3018, 39.37007874015748143 ) ;
#1338 = ORIENTED_EDGE ( 'NONE', *, *, #2992, .T. ) ;
#1339 = ADVANCED_FACE ( 'NONE', ( #106 ), #834, .T. ) ;
#1340 = CARTESIAN_POINT ( 'NONE',  ( 0.2999999999999999889, -3.937007874016270969E-05, -0.5685039370078739385 ) ) ;
#1341 = AXIS2_PLACEMENT_3D ( 'NONE', #1162, #3219, #329 ) ;
#1342 = AXIS2_PLACEMENT_3D ( 'NONE', #146, #3030, #1154 ) ;
#1343 = AXIS2_PLACEMENT_3D ( 'NONE', #2887, #1878, #85 ) ;
#1344 = CARTESIAN_POINT ( 'NONE',  ( 0.5500000000000001554, -3.937007874016270969E-05, -1.118503937007873761 ) ) ;
#1345 = AXIS2_PLACEMENT_3D ( 'NONE', #1893, #1656, #2671 ) ;
#1346 = CYLINDRICAL_SURFACE ( 'NONE', #53, 0.06299212598425185661 ) ;
#1347 = CIRCLE ( 'NONE', #3274, 0.4921259842519685179 ) ;
#1348 = ORIENTED_EDGE ( 'NONE', *, *, #2913, .T. ) ;
#1349 = CYLINDRICAL_SURFACE ( 'NONE', #2476, 0.06299212598425185661 ) ;
#1350 = VERTEX_POINT ( 'NONE', #2680 ) ;
#1351 = DIRECTION ( 'NONE',  ( 0.000000000000000000, 0.000000000000000000, 1.000000000000000000 ) ) ;
#1352 = VECTOR ( 'NONE', #2733, 39.37007874015748143 ) ;
#1353 = EDGE_CURVE ( 'NONE', #608, #2821, #1611, .T. ) ;
#1354 = ORIENTED_EDGE ( 'NONE', *, *, #24, .T. ) ;
#1355 = LINE ( 'NONE', #2343, #1930 ) ;
#1356 = EDGE_CURVE ( 'NONE', #3292, #566, #1900, .T. ) ;
#1357 = AXIS2_PLACEMENT_3D ( 'NONE', #2335, #632, #1411 ) ;
#1358 = ADVANCED_FACE ( 'NONE', ( #2418 ), #1349, .F. ) ;
#1359 = VECTOR ( 'NONE', #205, 39.37007874015748143 ) ;
#1360 = CARTESIAN_POINT ( 'NONE',  ( -0.5646941913728218410, 0.000000000000000000, -5.129166250363999424 ) ) ;
#1361 = EDGE_CURVE ( 'NONE', #1540, #2043, #842, .T. ) ;
#1362 = CARTESIAN_POINT ( 'NONE',  ( -2.700000000000000178, 0.2500000000000000000, -0.1833333333333337090 ) ) ;
#1363 = DIRECTION ( 'NONE',  ( 0.000000000000000000, 1.000000000000000000, 0.000000000000000000 ) ) ;
#1364 = CARTESIAN_POINT ( 'NONE',  ( -0.5990607571422059685, 0.000000000000000000, -4.861327968276209610 ) ) ;
#1365 = DIRECTION ( 'NONE',  ( -0.000000000000000000, -1.000000000000000000, -0.000000000000000000 ) ) ;
#1366 = EDGE_LOOP ( 'NONE', ( #1348, #3098 ) ) ;
#1367 = DIRECTION ( 'NONE',  ( -0.000000000000000000, 1.000000000000000000, -0.000000000000000000 ) ) ;
#1368 = EDGE_LOOP ( 'NONE', ( #2855, #880, #2829, #2458 ) ) ;
#1369 = FACE_BOUND ( 'NONE', #2675, .T. ) ;
#1370 = VERTEX_POINT ( 'NONE', #1603 ) ;
#1371 = DIRECTION ( 'NONE',  ( 0.000000000000000000, 0.000000000000000000, 1.000000000000000000 ) ) ;
#1372 = DIRECTION ( 'NONE',  ( -0.000000000000000000, 1.000000000000000000, -0.000000000000000000 ) ) ;
#1373 = ADVANCED_FACE ( 'NONE', ( #3131 ), #821, .F. ) ;
#1374 = LINE ( 'NONE', #1719, #1232 ) ;
#1375 = ADVANCED_FACE ( 'NONE', ( #2384 ), #2454, .F. ) ;
#1376 = EDGE_CURVE ( 'NONE', #1592, #3223, #3177, .T. ) ;
#1377 = ADVANCED_FACE ( 'NONE', ( #2702 ), #2909, .F. ) ;
#1378 = ORIENTED_EDGE ( 'NONE', *, *, #3093, .F. ) ;
#1379 = DIRECTION ( 'NONE',  ( 0.000000000000000000, 0.000000000000000000, -1.000000000000000000 ) ) ;
#1380 = DIRECTION ( 'NONE',  ( -0.000000000000000000, 1.000000000000000000, -0.000000000000000000 ) ) ;
#1381 = FACE_BOUND ( 'NONE', #1366, .T. ) ;
#1382 = ORIENTED_EDGE ( 'NONE', *, *, #166, .F. ) ;
#1383 = DIRECTION ( 'NONE',  ( 0.000000000000000000, 0.000000000000000000, 1.000000000000000000 ) ) ;
#1384 = CYLINDRICAL_SURFACE ( 'NONE', #2643, 0.06299212598425159293 ) ;
#1385 = LINE ( 'NONE', #2153, #1766 ) ;
#1386 = ORIENTED_EDGE ( 'NONE', *, *, #254, .T. ) ;
#1387 = CARTESIAN_POINT ( 'NONE',  ( -2.700000000000000178, 0.2500000000000000000, -0.5685039370078738274 ) ) ;
#1388 = DIRECTION ( 'NONE',  ( 0.000000000000000000, 0.000000000000000000, 1.000000000000000000 ) ) ;
#1389 = CARTESIAN_POINT ( 'NONE',  ( 0.2999999999999997113, 0.000000000000000000, 1.449999999999999734 ) ) ;
#1390 = CIRCLE ( 'NONE', #3261, 0.2500000000000000555 ) ;
#1391 = EDGE_CURVE ( 'NONE', #939, #2889, #382, .T. ) ;
#1392 = CARTESIAN_POINT ( 'NONE',  ( -0.3740157480314955096, 0.000000000000000000, -0.9410522771471711012 ) ) ;
#1393 = CARTESIAN_POINT ( 'NONE',  ( -1.224999999999999645, -3.937007874016270969E-05, 1.699999999999999956 ) ) ;
#1394 = VECTOR ( 'NONE', #1426, 39.37007874015748143 ) ;
#1395 = DIRECTION ( 'NONE',  ( 0.000000000000000000, 0.000000000000000000, 1.000000000000000000 ) ) ;
#1396 = LINE ( 'NONE', #1675, #1394 ) ;
#1397 = ORIENTED_EDGE ( 'NONE', *, *, #1445, .F. ) ;
#1398 = VECTOR ( 'NONE', #155, 39.37007874015748143 ) ;
#1399 = CIRCLE ( 'NONE', #2900, 0.4921259842519685179 ) ;
#1400 = DIRECTION ( 'NONE',  ( -1.000000000000000000, 0.000000000000000000, -1.266760602010063133E-15 ) ) ;
#1401 = CARTESIAN_POINT ( 'NONE',  ( -2.650000000000000355, 0.2500000000000000000, -0.03333333333333377696 ) ) ;
#1402 = VECTOR ( 'NONE', #2839, 39.37007874015748143 ) ;
#1403 = EDGE_CURVE ( 'NONE', #320, #1545, #1636, .T. ) ;
#1404 = ORIENTED_EDGE ( 'NONE', *, *, #532, .T. ) ;
#1405 = LINE ( 'NONE', #1440, #551 ) ;
#1406 = AXIS2_PLACEMENT_3D ( 'NONE', #2116, #3164, #3150 ) ;
#1407 = DIRECTION ( 'NONE',  ( -0.000000000000000000, 1.000000000000000000, -0.000000000000000000 ) ) ;
#1408 = AXIS2_PLACEMENT_3D ( 'NONE', #753, #511, #2349 ) ;
#1409 = DIRECTION ( 'NONE',  ( 0.6000000000000000888, 0.000000000000000000, -0.7999999999999999334 ) ) ;
#1410 = VECTOR ( 'NONE', #1756, 39.37007874015748143 ) ;
#1411 = DIRECTION ( 'NONE',  ( 1.000000000000000000, 0.000000000000000000, -0.000000000000000000 ) ) ;
#1412 = CIRCLE ( 'NONE', #1844, 0.2500000000000000555 ) ;
#1413 = EDGE_LOOP ( 'NONE', ( #3130, #2560, #2977, #2365 ) ) ;
#1414 = CARTESIAN_POINT ( 'NONE',  ( 0.5500000000000000444, -3.937007874016270969E-05, -0.5685039370078739385 ) ) ;
#1415 = ORIENTED_EDGE ( 'NONE', *, *, #3200, .F. ) ;
#1416 = DIRECTION ( 'NONE',  ( 0.000000000000000000, 0.000000000000000000, 1.000000000000000000 ) ) ;
#1417 = DIRECTION ( 'NONE',  ( 1.000000000000000000, 0.000000000000000000, 1.266788070910243079E-17 ) ) ;
#1418 = ADVANCED_FACE ( 'NONE', ( #846 ), #400, .F. ) ;
#1419 = ORIENTED_EDGE ( 'NONE', *, *, #614, .T. ) ;
#1420 = DIRECTION ( 'NONE',  ( -0.000000000000000000, 1.000000000000000000, -0.000000000000000000 ) ) ;
#1421 = ADVANCED_FACE ( 'NONE', ( #877 ), #1913, .F. ) ;
#1422 = DIRECTION ( 'NONE',  ( 0.000000000000000000, 1.000000000000000000, 0.000000000000000000 ) ) ;
#1423 = EDGE_CURVE ( 'NONE', #3113, #2375, #744, .T. ) ;
#1424 = ADVANCED_FACE ( 'NONE', ( #469 ), #244, .F. ) ;
#1425 = CARTESIAN_POINT ( 'NONE',  ( -2.450000000000000178, 0.000000000000000000, -0.8185039370078738274 ) ) ;
#1426 = DIRECTION ( 'NONE',  ( -0.000000000000000000, 1.000000000000000000, -0.000000000000000000 ) ) ;
#1427 = EDGE_LOOP ( 'NONE', ( #1330, #2615, #16, #665 ) ) ;
#1428 = ORIENTED_EDGE ( 'NONE', *, *, #237, .T. ) ;
#1429 = FACE_OUTER_BOUND ( 'NONE', #1975, .T. ) ;
#1430 = SHAPE_DEFINITION_REPRESENTATION ( #1194, #3172 ) ;
#1431 = DIRECTION ( 'NONE',  ( 0.000000000000000000, 1.000000000000000000, 0.000000000000000000 ) ) ;
#1432 = DIRECTION ( 'NONE',  ( 0.000000000000000000, 1.000000000000000000, 0.000000000000000000 ) ) ;
#1433 = ORIENTED_EDGE ( 'NONE', *, *, #2758, .T. ) ;
#1434 = DIRECTION ( 'NONE',  ( -0.000000000000000000, 1.000000000000000000, -0.000000000000000000 ) ) ;
#1435 = FACE_OUTER_BOUND ( 'NONE', #1732, .T. ) ;
#1436 = ORIENTED_EDGE ( 'NONE', *, *, #672, .T. ) ;
#1437 = LINE ( 'NONE', #1167, #2258 ) ;
#1438 = DIRECTION ( 'NONE',  ( -0.000000000000000000, 1.000000000000000000, -0.000000000000000000 ) ) ;
#1439 = ORIENTED_EDGE ( 'NONE', *, *, #3140, .F. ) ;
#1440 = CARTESIAN_POINT ( 'NONE',  ( 0.5646941913728219520, 0.2500000000000000000, -5.129166250363999424 ) ) ;
#1441 = APPROVAL_DATE_TIME ( #1326, #945 ) ;
#1442 = ADVANCED_FACE ( 'NONE', ( #1273 ), #522, .T. ) ;
#1443 = EDGE_CURVE ( 'NONE', #1916, #369, #2304, .T. ) ;
#1444 = DIRECTION ( 'NONE',  ( 1.000000000000000000, 0.000000000000000000, -1.266788070910243079E-17 ) ) ;
#1445 = EDGE_CURVE ( 'NONE', #3134, #1867, #2587, .T. ) ;
#1446 = CARTESIAN_POINT ( 'NONE',  ( 2.450000000000000178, -3.937007874016270969E-05, -0.8185039370078738274 ) ) ;
#1447 = DIRECTION ( 'NONE',  ( -0.000000000000000000, 1.000000000000000000, -0.000000000000000000 ) ) ;
#1448 = CIRCLE ( 'NONE', #3321, 0.2499999999999998057 ) ;
#1449 = EDGE_LOOP ( 'NONE', ( #1845, #729, #3181, #1386 ) ) ;
#1450 = DIRECTION ( 'NONE',  ( 0.000000000000000000, 0.000000000000000000, 1.000000000000000000 ) ) ;
#1451 = VECTOR ( 'NONE', #1829, 39.37007874015748143 ) ;
#1452 = ORIENTED_EDGE ( 'NONE', *, *, #2674, .F. ) ;
#1453 = DIRECTION ( 'NONE',  ( 0.000000000000000000, 0.000000000000000000, -1.000000000000000000 ) ) ;
#1454 = CIRCLE ( 'NONE', #799, 0.2500000000000000555 ) ;
#1455 = VECTOR ( 'NONE', #186, 39.37007874015748143 ) ;
#1456 = VECTOR ( 'NONE', #3260, 39.37007874015748143 ) ;
#1457 = CARTESIAN_POINT ( 'NONE',  ( 2.875000000000000444, 0.2500000000000000000, -1.750000000000000222 ) ) ;
#1458 = ADVANCED_FACE ( 'NONE', ( #2547 ), #980, .F. ) ;
#1459 = VECTOR ( 'NONE', #2552, 39.37007874015748143 ) ;
#1460 = CARTESIAN_POINT ( 'NONE',  ( -2.875000000000000444, 0.2500000000000000000, -0.2499999999999998612 ) ) ;
#1461 = CARTESIAN_POINT ( 'NONE',  ( -0.3032303591377359941, 0.1250000000000000000, -0.6085631974692102819 ) ) ;
#1462 = DIRECTION ( 'NONE',  ( -0.000000000000000000, 1.000000000000000000, -0.000000000000000000 ) ) ;
#1463 = ORIENTED_EDGE ( 'NONE', *, *, #1568, .T. ) ;
#1464 = CARTESIAN_POINT ( 'NONE',  ( 0.7905718679219506662, 0.000000000000000000, -5.022024870697843646 ) ) ;
#1465 = EDGE_CURVE ( 'NONE', #88, #351, #1437, .T. ) ;
#1466 = AXIS2_PLACEMENT_3D ( 'NONE', #2951, #919, #153 ) ;
#1467 = ORIENTED_EDGE ( 'NONE', *, *, #434, .F. ) ;
#1468 = APPLICATION_CONTEXT ( 'configuration controlled 3d designs of mechanical parts and assemblies' ) ;
#1469 = LINE ( 'NONE', #2500, #2211 ) ;
#1470 = EDGE_LOOP ( 'NONE', ( #2235, #553, #3322, #1751 ) ) ;
#1471 = VERTEX_POINT ( 'NONE', #745 ) ;
#1472 = DIRECTION ( 'NONE',  ( -0.000000000000000000, 1.000000000000000000, -0.000000000000000000 ) ) ;
#1473 = DIRECTION ( 'NONE',  ( -0.6427876096865374755, 0.000000000000000000, 0.7660444431189793457 ) ) ;
#1474 = ORIENTED_EDGE ( 'NONE', *, *, #2457, .F. ) ;
#1475 = EDGE_LOOP ( 'NONE', ( #703, #2836, #528, #510 ) ) ;
#1476 = LINE ( 'NONE', #206, #644 ) ;
#1477 = ADVANCED_FACE ( 'NONE', ( #3224 ), #1258, .F. ) ;
#1478 = CARTESIAN_POINT ( 'NONE',  ( -2.875000000000000444, 0.2500000000000000000, -0.3129921259842520231 ) ) ;
#1479 = DIRECTION ( 'NONE',  ( -0.000000000000000000, 1.000000000000000000, -0.000000000000000000 ) ) ;
#1480 = ORIENTED_EDGE ( 'NONE', *, *, #2954, .T. ) ;
#1481 = ORIENTED_EDGE ( 'NONE', *, *, #1356, .T. ) ;
#1482 = CARTESIAN_POINT ( 'NONE',  ( 0.3740157480314955096, 0.000000000000000000, -0.9961703873833915868 ) ) ;
#1483 = EDGE_CURVE ( 'NONE', #3019, #1471, #282, .T. ) ;
#1484 = ORIENTED_EDGE ( 'NONE', *, *, #944, .T. ) ;
#1485 = CARTESIAN_POINT ( 'NONE',  ( 0.3740157480314955096, 0.000000000000000000, -0.9410522771471711012 ) ) ;
#1486 = CARTESIAN_POINT ( 'NONE',  ( 0.5499999999999997113, 0.000000000000000000, 1.699999999999999734 ) ) ;
#1487 = ORIENTED_EDGE ( 'NONE', *, *, #2824, .T. ) ;
#1488 = ORIENTED_EDGE ( 'NONE', *, *, #3118, .T. ) ;
#1489 = CARTESIAN_POINT ( 'NONE',  ( 0.000000000000000000, 0.2500000000000000000, -5.397019699529387537 ) ) ;
#1490 = ORIENTED_EDGE ( 'NONE', *, *, #2673, .T. ) ;
#1491 = CYLINDRICAL_SURFACE ( 'NONE', #285, 0.06299212598425185661 ) ;
#1492 = EDGE_LOOP ( 'NONE', ( #481, #876, #2045, #252 ) ) ;
#1493 = CARTESIAN_POINT ( 'NONE',  ( 1.000000000000000444, 0.2500000000000000000, 1.937992125984251857 ) ) ;
#1494 = DIRECTION ( 'NONE',  ( 0.000000000000000000, 1.000000000000000000, 0.000000000000000000 ) ) ;
#1495 = CARTESIAN_POINT ( 'NONE',  ( -2.941511110779745142, 0.000000000000000000, -2.069704343855084172 ) ) ;
#1496 = CYLINDRICAL_SURFACE ( 'NONE', #947, 0.2499999999999995282 ) ;
#1497 = ORIENTED_EDGE ( 'NONE', *, *, #3075, .F. ) ;
#1498 = LINE ( 'NONE', #656, #1398 ) ;
#1499 = ADVANCED_FACE ( 'NONE', ( #2962 ), #3289, .F. ) ;
#1500 = CARTESIAN_POINT ( 'NONE',  ( -2.149999999999999911, 0.000000000000000000, 0.8620078740157479658 ) ) ;
#1501 = EDGE_CURVE ( 'NONE', #1172, #361, #2636, .T. ) ;
#1502 = ORIENTED_EDGE ( 'NONE', *, *, #1941, .F. ) ;
#1503 = ORIENTED_EDGE ( 'NONE', *, *, #691, .F. ) ;
#1504 = AXIS2_PLACEMENT_3D ( 'NONE', #591, #1400, #2626 ) ;
#1505 = ORIENTED_EDGE ( 'NONE', *, *, #2092, .F. ) ;
#1506 = CYLINDRICAL_SURFACE ( 'NONE', #1567, 0.4921259842519685179 ) ;
#1507 = AXIS2_PLACEMENT_3D ( 'NONE', #1051, #3100, #794 ) ;
#1508 = VECTOR ( 'NONE', #313, 39.37007874015748143 ) ;
#1509 = DIRECTION ( 'NONE',  ( -0.000000000000000000, 1.000000000000000000, -0.000000000000000000 ) ) ;
#1510 = ORIENTED_EDGE ( 'NONE', *, *, #615, .F. ) ;
#1511 = AXIS2_PLACEMENT_3D ( 'NONE', #2265, #916, #2754 ) ;
#1512 = DIRECTION ( 'NONE',  ( -0.000000000000000000, 1.000000000000000000, -0.000000000000000000 ) ) ;
#1513 = DIRECTION ( 'NONE',  ( -1.000000000000000000, 0.000000000000000000, 0.000000000000000000 ) ) ;
#1514 = PLANE ( 'NONE',  #739 ) ;
#1515 = ORIENTED_EDGE ( 'NONE', *, *, #1804, .F. ) ;
#1516 = AXIS2_PLACEMENT_3D ( 'NONE', #943, #2976, #928 ) ;
#1517 = VECTOR ( 'NONE', #81, 39.37007874015748143 ) ;
#1518 = DIRECTION ( 'NONE',  ( 0.6427876096865378086, 0.000000000000000000, -0.7660444431189793457 ) ) ;
#1519 = AXIS2_PLACEMENT_3D ( 'NONE', #2450, #1149, #25 ) ;
#1520 = ORIENTED_EDGE ( 'NONE', *, *, #195, .F. ) ;
#1521 = EDGE_CURVE ( 'NONE', #338, #2942, #2850, .T. ) ;
#1522 = AXIS2_PLACEMENT_3D ( 'NONE', #2906, #1633, #3143 ) ;
#1523 = ORIENTED_EDGE ( 'NONE', *, *, #1921, .T. ) ;
#1524 = EDGE_CURVE ( 'NONE', #1370, #1204, #487, .T. ) ;
#1525 = VERTEX_POINT ( 'NONE', #2204 ) ;
#1526 = CARTESIAN_POINT ( 'NONE',  ( 5.770511628107025970E-16, 0.000000000000000000, -1.311131017304651758 ) ) ;
#1527 = ORIENTED_EDGE ( 'NONE', *, *, #2673, .F. ) ;
#1528 = LINE ( 'NONE', #2771, #1834 ) ;
#1529 = ORIENTED_EDGE ( 'NONE', *, *, #2130, .F. ) ;
#1530 = DIRECTION ( 'NONE',  ( -0.000000000000000000, 1.000000000000000000, -0.000000000000000000 ) ) ;
#1531 = DIRECTION ( 'NONE',  ( 0.000000000000000000, 0.000000000000000000, -1.000000000000000000 ) ) ;
#1532 = ORIENTED_EDGE ( 'NONE', *, *, #1022, .T. ) ;
#1533 = EDGE_LOOP ( 'NONE', ( #422, #525, #3147, #2867 ) ) ;
#1534 = PERSON_AND_ORGANIZATION ( #2223, #3114 ) ;
#1535 = DIRECTION ( 'NONE',  ( 0.000000000000000000, 0.000000000000000000, -1.000000000000000000 ) ) ;
#1536 = ORIENTED_EDGE ( 'NONE', *, *, #2000, .F. ) ;
#1537 = ORIENTED_EDGE ( 'NONE', *, *, #996, .F. ) ;
#1538 = ORIENTED_EDGE ( 'NONE', *, *, #1828, .T. ) ;
#1539 = DIRECTION ( 'NONE',  ( -1.266760602010063133E-15, 0.000000000000000000, -1.000000000000000000 ) ) ;
#1540 = VERTEX_POINT ( 'NONE', #3305 ) ;
#1541 = ORIENTED_EDGE ( 'NONE', *, *, #2042, .T. ) ;
#1542 = DIRECTION ( 'NONE',  ( 0.000000000000000000, 1.000000000000000000, 0.000000000000000000 ) ) ;
#1543 = EDGE_CURVE ( 'NONE', #2942, #1238, #1121, .T. ) ;
#1544 = EDGE_CURVE ( 'NONE', #435, #2173, #1068, .T. ) ;
#1545 = VERTEX_POINT ( 'NONE', #998 ) ;
#1546 = CARTESIAN_POINT ( 'NONE',  ( -1.224999999999999645, 0.000000000000000000, 1.449999999999999734 ) ) ;
#1547 = CARTESIAN_POINT ( 'NONE',  ( 5.770511628107025970E-16, 0.000000000000000000, -1.311131017304651758 ) ) ;
#1548 = CARTESIAN_POINT ( 'NONE',  ( -2.750000000000000444, 0.000000000000000000, -1.909007441433449692 ) ) ;
#1549 = PERSON_AND_ORGANIZATION ( #2223, #3114 ) ;
#1550 = FACE_OUTER_BOUND ( 'NONE', #1861, .T. ) ;
#1551 = ORIENTED_EDGE ( 'NONE', *, *, #3049, .T. ) ;
#1552 = ORIENTED_EDGE ( 'NONE', *, *, #2958, .T. ) ;
#1553 = ORIENTED_EDGE ( 'NONE', *, *, #3233, .F. ) ;
#1554 = CARTESIAN_POINT ( 'NONE',  ( -2.700000000000000178, -3.937007874016270969E-05, -1.368503937007873983 ) ) ;
#1555 = AXIS2_PLACEMENT_3D ( 'NONE', #572, #1257, #97 ) ;
#1556 = EDGE_LOOP ( 'NONE', ( #1261, #2230, #824, #3250 ) ) ;
#1557 = LINE ( 'NONE', #2591, #1071 ) ;
#1558 = AXIS2_PLACEMENT_3D ( 'NONE', #2437, #1139, #2267 ) ;
#1559 = AXIS2_PLACEMENT_3D ( 'NONE', #2531, #1709, #1987 ) ;
#1560 = ORIENTED_EDGE ( 'NONE', *, *, #2491, .F. ) ;
#1561 = ADVANCED_FACE ( 'NONE', ( #2775 ), #912, .F. ) ;
#1562 = DIRECTION ( 'NONE',  ( -0.7660444431189794567, 0.000000000000000000, 0.6427876096865376976 ) ) ;
#1563 = CYLINDRICAL_SURFACE ( 'NONE', #3001, 0.06299212598425185661 ) ;
#1564 = DIRECTION ( 'NONE',  ( -0.000000000000000000, 1.000000000000000000, -0.000000000000000000 ) ) ;
#1565 = ADVANCED_FACE ( 'NONE', ( #2054 ), #2610, .F. ) ;
#1566 = VECTOR ( 'NONE', #2013, 39.37007874015748143 ) ;
#1567 = AXIS2_PLACEMENT_3D ( 'NONE', #972, #2769, #3007 ) ;
#1568 = EDGE_CURVE ( 'NONE', #1580, #1143, #3054, .T. ) ;
#1569 = CYLINDRICAL_SURFACE ( 'NONE', #651, 0.06299212598425185661 ) ;
#1570 = AXIS2_PLACEMENT_3D ( 'NONE', #673, #1697, #158 ) ;
#1571 = CYLINDRICAL_SURFACE ( 'NONE', #71, 0.2500000000000000555 ) ;
#1572 = ORIENTED_EDGE ( 'NONE', *, *, #2392, .T. ) ;
#1573 = ORIENTED_EDGE ( 'NONE', *, *, #836, .F. ) ;
#1574 = EDGE_LOOP ( 'NONE', ( #3006, #1129, #460, #1750 ) ) ;
#1575 = LINE ( 'NONE', #3079, #3062 ) ;
#1576 = VECTOR ( 'NONE', #2690, 39.37007874015748143 ) ;
#1577 = ORIENTED_EDGE ( 'NONE', *, *, #948, .F. ) ;
#1578 = DIRECTION ( 'NONE',  ( -0.000000000000000000, 1.000000000000000000, -0.000000000000000000 ) ) ;
#1579 = LINE ( 'NONE', #1322, #1136 ) ;
#1580 = VERTEX_POINT ( 'NONE', #1810 ) ;
#1581 = CARTESIAN_POINT ( 'NONE',  ( 3.000000000000000444, 0.2500000000000000000, -2.000000000000000000 ) ) ;
#1582 = CARTESIAN_POINT ( 'NONE',  ( 0.5500000000000000444, 0.2500000000000000000, -0.5685039370078739385 ) ) ;
#1583 = DIRECTION ( 'NONE',  ( 0.000000000000000000, 0.000000000000000000, 1.000000000000000000 ) ) ;
#1584 = EDGE_LOOP ( 'NONE', ( #200, #1789, #3012, #411 ) ) ;
#1585 = CARTESIAN_POINT ( 'NONE',  ( 3.000000000000000444, 0.000000000000000000, -1.909007441433449692 ) ) ;
#1586 = EDGE_CURVE ( 'NONE', #2554, #735, #3270, .T. ) ;
#1587 = CARTESIAN_POINT ( 'NONE',  ( 5.838011845382864411E-16, 0.000000000000000000, -0.7363278676983521231 ) ) ;
#1588 = ADVANCED_FACE ( 'NONE', ( #1085 ), #1563, .F. ) ;
#1589 = ADVANCED_FACE ( 'NONE', ( #603 ), #2107, .T. ) ;
#1590 = CARTESIAN_POINT ( 'NONE',  ( -0.5500000000000001554, 0.000000000000000000, -1.118503937007873761 ) ) ;
#1591 = EDGE_LOOP ( 'NONE', ( #2607, #2515, #1807, #271 ) ) ;
#1592 = VERTEX_POINT ( 'NONE', #1097 ) ;
#1593 = ORIENTED_EDGE ( 'NONE', *, *, #2108, .F. ) ;
#1594 = CARTESIAN_POINT ( 'NONE',  ( 2.650000000000000355, -3.937007874016270969E-05, -0.03333333333333366594 ) ) ;
#1595 = EDGE_LOOP ( 'NONE', ( #3312, #2703, #1189, #2895 ) ) ;
#1596 = CARTESIAN_POINT ( 'NONE',  ( 0.5500000000000000444, 0.2500000000000000000, -0.8185039370078738274 ) ) ;
#1597 = ORIENTED_EDGE ( 'NONE', *, *, #813, .F. ) ;
#1598 = PLANE ( 'NONE',  #165 ) ;
#1599 = DIRECTION ( 'NONE',  ( 0.000000000000000000, -1.000000000000000000, 0.000000000000000000 ) ) ;
#1600 = CARTESIAN_POINT ( 'NONE',  ( 2.150000000000000355, 0.000000000000000000, 0.8620078740157480768 ) ) ;
#1601 = CARTESIAN_POINT ( 'NONE',  ( -2.450000000000000178, 0.000000000000000000, -0.5685039370078739385 ) ) ;
#1602 = VERTEX_POINT ( 'NONE', #34 ) ;
#1603 = CARTESIAN_POINT ( 'NONE',  ( -0.9999999999999995559, 0.2500000000000000000, 1.937992125984252301 ) ) ;
#1604 = VERTEX_POINT ( 'NONE', #2088 ) ;
#1605 = FACE_OUTER_BOUND ( 'NONE', #1368, .T. ) ;
#1606 = EDGE_CURVE ( 'NONE', #369, #3292, #331, .T. ) ;
#1607 = ORIENTED_EDGE ( 'NONE', *, *, #977, .F. ) ;
#1608 = CARTESIAN_POINT ( 'NONE',  ( -0.9999999999999995559, 0.000000000000000000, 1.812007874015748587 ) ) ;
#1609 = AXIS2_PLACEMENT_3D ( 'NONE', #2729, #1462, #2276 ) ;
#1610 = FACE_OUTER_BOUND ( 'NONE', #786, .T. ) ;
#1611 = CIRCLE ( 'NONE', #163, 0.4921259842519685179 ) ;
#1612 = VECTOR ( 'NONE', #83, 39.37007874015748143 ) ;
#1613 = AXIS2_PLACEMENT_3D ( 'NONE', #3103, #2362, #1070 ) ;
#1614 = CARTESIAN_POINT ( 'NONE',  ( -0.5500000000000001554, 0.2500000000000000000, -1.118503937007873761 ) ) ;
#1615 = AXIS2_PLACEMENT_3D ( 'NONE', #47, #1063, #2080 ) ;
#1616 = DIRECTION ( 'NONE',  ( -0.000000000000000000, 1.000000000000000000, -0.000000000000000000 ) ) ;
#1617 = DIRECTION ( 'NONE',  ( 1.353402360816702007E-16, -0.000000000000000000, 1.000000000000000000 ) ) ;
#1618 = VERTEX_POINT ( 'NONE', #18 ) ;
#1619 = CARTESIAN_POINT ( 'NONE',  ( 0.2999999999999999889, 0.2500000000000000000, -0.5685039370078739385 ) ) ;
#1620 = ORIENTED_EDGE ( 'NONE', *, *, #1723, .T. ) ;
#1621 = FACE_OUTER_BOUND ( 'NONE', #1584, .T. ) ;
#1622 = AXIS2_PLACEMENT_3D ( 'NONE', #3255, #1971, #3003 ) ;
#1623 = EDGE_CURVE ( 'NONE', #2, #1729, #2578, .T. ) ;
#1624 = EDGE_CURVE ( 'NONE', #608, #2, #2901, .T. ) ;
#1625 = ORIENTED_EDGE ( 'NONE', *, *, #3256, .T. ) ;
#1626 = CARTESIAN_POINT ( 'NONE',  ( 5.770511628107025970E-16, 0.000000000000000000, -0.6812097574621316376 ) ) ;
#1627 = CARTESIAN_POINT ( 'NONE',  ( 0.5500000000000000444, 0.000000000000000000, -0.8185039370078741605 ) ) ;
#1628 = VECTOR ( 'NONE', #438, 39.37007874015748143 ) ;
#1629 = CARTESIAN_POINT ( 'NONE',  ( 0.000000000000000000, 0.2500000000000000000, -5.397019699529387537 ) ) ;
#1630 = AXIS2_PLACEMENT_3D ( 'NONE', #296, #1311, #2348 ) ;
#1631 = CARTESIAN_POINT ( 'NONE',  ( 2.450000000000000178, 0.000000000000000000, -0.8185039370078738274 ) ) ;
#1632 = CARTESIAN_POINT ( 'NONE',  ( -2.875000000000000444, 0.2500000000000000000, -1.687007874015748365 ) ) ;
#1633 = DIRECTION ( 'NONE',  ( -0.000000000000000000, 1.000000000000000000, -0.000000000000000000 ) ) ;
#1634 = DIRECTION ( 'NONE',  ( 0.000000000000000000, 1.000000000000000000, 0.000000000000000000 ) ) ;
#1635 = VERTEX_POINT ( 'NONE', #1863 ) ;
#1636 = LINE ( 'NONE', #352, #692 ) ;
#1637 = CARTESIAN_POINT ( 'NONE',  ( 2.150000000000000355, 0.000000000000000000, 0.9249999999999999334 ) ) ;
#1638 = VERTEX_POINT ( 'NONE', #2857 ) ;
#1639 = DIRECTION ( 'NONE',  ( 0.000000000000000000, 1.000000000000000000, 0.000000000000000000 ) ) ;
#1640 = CARTESIAN_POINT ( 'NONE',  ( -0.3740157480314955096, 0.000000000000000000, -1.051288497619611961 ) ) ;
#1641 = DIRECTION ( 'NONE',  ( 0.000000000000000000, 1.000000000000000000, 0.000000000000000000 ) ) ;
#1642 = DIRECTION ( 'NONE',  ( 0.000000000000000000, 0.000000000000000000, 1.000000000000000000 ) ) ;
#1643 = ORIENTED_EDGE ( 'NONE', *, *, #1720, .T. ) ;
#1644 = DIRECTION ( 'NONE',  ( 0.000000000000000000, 0.000000000000000000, 1.000000000000000000 ) ) ;
#1645 = ADVANCED_FACE ( 'NONE', ( #1610 ), #560, .T. ) ;
#1646 = CARTESIAN_POINT ( 'NONE',  ( 0.3740157480314955096, 0.000000000000000000, -1.051288497619611961 ) ) ;
#1647 = FACE_BOUND ( 'NONE', #1309, .T. ) ;
#1648 = ORIENTED_EDGE ( 'NONE', *, *, #1781, .F. ) ;
#1649 = DIRECTION ( 'NONE',  ( 0.000000000000000000, 0.000000000000000000, 1.000000000000000000 ) ) ;
#1650 = FACE_OUTER_BOUND ( 'NONE', #2784, .T. ) ;
#1651 = LINE ( 'NONE', #92, #1117 ) ;
#1652 = ORIENTED_EDGE ( 'NONE', *, *, #3201, .F. ) ;
#1653 = PRODUCT ( 'Chassis Top Plate', 'Chassis Top Plate', '', ( #2860 ) ) ;
#1654 = CARTESIAN_POINT ( 'NONE',  ( 0.2999999999999999889, 0.000000000000000000, -0.5685039370078739385 ) ) ;
#1655 = CARTESIAN_POINT ( 'NONE',  ( -2.450000000000000178, -3.937007874016270969E-05, -0.1833333333333337090 ) ) ;
#1656 = DIRECTION ( 'NONE',  ( 0.000000000000000000, 1.000000000000000000, 0.000000000000000000 ) ) ;
#1657 = VECTOR ( 'NONE', #1706, 39.37007874015748143 ) ;
#1658 = EDGE_CURVE ( 'NONE', #2281, #1604, #815, .T. ) ;
#1659 = CARTESIAN_POINT ( 'NONE',  ( -2.699999999999999734, 0.000000000000000000, -1.799816371153589944 ) ) ;
#1660 = EDGE_CURVE ( 'NONE', #2511, #1916, #2480, .T. ) ;
#1661 = AXIS2_PLACEMENT_3D ( 'NONE', #1672, #2649, #1091 ) ;
#1662 = EDGE_CURVE ( 'NONE', #93, #2502, #1170, .T. ) ;
#1663 = LINE ( 'NONE', #84, #1246 ) ;
#1664 = CYLINDRICAL_SURFACE ( 'NONE', #850, 0.2500000000000000000 ) ;
#1666 = ADVANCED_FACE ( 'NONE', ( #573 ), #1598, .T. ) ;
#1665 = AXIS2_PLACEMENT_3D ( 'NONE', #2792, #2185, #1947 ) ;
#1667 = CARTESIAN_POINT ( 'NONE',  ( -3.000000000000000444, 0.2500000000000000000, -2.000000000000000000 ) ) ;
#1668 = FACE_BOUND ( 'NONE', #485, .T. ) ;
#1669 = ORIENTED_EDGE ( 'NONE', *, *, #2758, .F. ) ;
#1670 = AXIS2_PLACEMENT_3D ( 'NONE', #858, #2676, #1416 ) ;
#1671 = AXIS2_PLACEMENT_3D ( 'NONE', #2320, #1542, #1282 ) ;
#1672 = CARTESIAN_POINT ( 'NONE',  ( 2.875000000000000444, 0.2500000000000000000, -0.2499999999999999167 ) ) ;
#1673 = FACE_BOUND ( 'NONE', #141, .T. ) ;
#1674 = AXIS2_PLACEMENT_3D ( 'NONE', #1950, #678, #483 ) ;
#1675 = CARTESIAN_POINT ( 'NONE',  ( 2.699999999999999734, -3.937007874016270969E-05, -1.799816371153589944 ) ) ;
#1676 = ORIENTED_EDGE ( 'NONE', *, *, #3141, .F. ) ;
#1677 = CARTESIAN_POINT ( 'NONE',  ( -0.3740157480314955096, 0.2500000000000000000, -0.9961703873833915868 ) ) ;
#1678 = AXIS2_PLACEMENT_3D ( 'NONE', #967, #2987, #687 ) ;
#1679 = CARTESIAN_POINT ( 'NONE',  ( 0.000000000000000000, 0.000000000000000000, -6.022019699529387537 ) ) ;
#1680 = ORIENTED_EDGE ( 'NONE', *, *, #416, .F. ) ;
#1681 = VECTOR ( 'NONE', #1072, 39.37007874015748143 ) ;
#1682 = DIRECTION ( 'NONE',  ( 0.000000000000000000, 1.000000000000000000, 0.000000000000000000 ) ) ;
#1683 = VECTOR ( 'NONE', #832, 39.37007874015748143 ) ;
#1684 = ORIENTED_EDGE ( 'NONE', *, *, #375, .F. ) ;
#1685 = LINE ( 'NONE', #2955, #748 ) ;
#1686 = ORIENTED_EDGE ( 'NONE', *, *, #2800, .F. ) ;
#1687 = DIRECTION ( 'NONE',  ( 0.000000000000000000, 0.000000000000000000, 1.000000000000000000 ) ) ;
#1688 = CC_DESIGN_PERSON_AND_ORGANIZATION_ASSIGNMENT ( #1534, #278, ( #2975 ) ) ;
#1689 = DIRECTION ( 'NONE',  ( -0.000000000000000000, 1.000000000000000000, -0.000000000000000000 ) ) ;
#1690 = ORIENTED_EDGE ( 'NONE', *, *, #1203, .F. ) ;
#1691 = CYLINDRICAL_SURFACE ( 'NONE', #2594, 0.05511811023622041616 ) ;
#1692 = CARTESIAN_POINT ( 'NONE',  ( -0.3740157480314955096, 0.2500000000000000000, -0.9961703873833915868 ) ) ;
#1693 = LINE ( 'NONE', #3307, #1337 ) ;
#1694 = FACE_OUTER_BOUND ( 'NONE', #121, .T. ) ;
#1695 = ORIENTED_EDGE ( 'NONE', *, *, #597, .F. ) ;
#1696 = ORIENTED_EDGE ( 'NONE', *, *, #1720, .F. ) ;
#1697 = DIRECTION ( 'NONE',  ( -0.000000000000000000, -1.000000000000000000, -0.000000000000000000 ) ) ;
#1698 = CARTESIAN_POINT ( 'NONE',  ( -0.7905718679219506662, 0.000000000000000000, -5.022024870697843646 ) ) ;
#1699 = EDGE_CURVE ( 'NONE', #1226, #2555, #2747, .T. ) ;
#1700 = ORIENTED_EDGE ( 'NONE', *, *, #2577, .F. ) ;
#1701 = EDGE_CURVE ( 'NONE', #1783, #3038, #2118, .T. ) ;
#1702 = CARTESIAN_POINT ( 'NONE',  ( 0.3740157480314955096, 0.000000000000000000, -0.9961703873833915868 ) ) ;
#1703 = DATE_AND_TIME ( #2968, #2640 ) ;
#1704 = DIRECTION ( 'NONE',  ( -0.000000000000000000, 1.000000000000000000, -0.000000000000000000 ) ) ;
#1705 = CARTESIAN_POINT ( 'NONE',  ( -2.149999999999999911, 0.2500000000000000000, 0.9879921259842516790 ) ) ;
#1706 = DIRECTION ( 'NONE',  ( -1.266788070910243079E-17, 0.000000000000000000, 1.000000000000000000 ) ) ;
#1707 = ORIENTED_EDGE ( 'NONE', *, *, #614, .F. ) ;
#1708 = ORIENTED_EDGE ( 'NONE', *, *, #849, .T. ) ;
#1709 = DIRECTION ( 'NONE',  ( 0.000000000000000000, 0.000000000000000000, -1.000000000000000000 ) ) ;
#1710 = VERTEX_POINT ( 'NONE', #1360 ) ;
#1711 = DIRECTION ( 'NONE',  ( 0.000000000000000000, 1.000000000000000000, 0.000000000000000000 ) ) ;
#1712 = AXIS2_PLACEMENT_3D ( 'NONE', #1244, #159, #2501 ) ;
#1713 = ORIENTED_EDGE ( 'NONE', *, *, #1356, .F. ) ;
#1714 = DIRECTION ( 'NONE',  ( -0.000000000000000000, -1.000000000000000000, -0.000000000000000000 ) ) ;
#1715 = VECTOR ( 'NONE', #1854, 39.37007874015748143 ) ;
#1716 = VECTOR ( 'NONE', #164, 39.37007874015748143 ) ;
#1717 = ADVANCED_FACE ( 'NONE', ( #839 ), #1112, .T. ) ;
#1718 = CIRCLE ( 'NONE', #1933, 0.05511811023622041616 ) ;
#1719 = CARTESIAN_POINT ( 'NONE',  ( -3.000000000000000444, 0.2500000000000000000, -0.08333333333333371729 ) ) ;
#1720 = EDGE_CURVE ( 'NONE', #1592, #2281, #116, .T. ) ;
#1721 = EDGE_CURVE ( 'NONE', #255, #1827, #2449, .T. ) ;
#1722 = ORIENTED_EDGE ( 'NONE', *, *, #888, .T. ) ;
#1723 = EDGE_CURVE ( 'NONE', #2603, #579, #2317, .T. ) ;
#1724 = AXIS2_PLACEMENT_3D ( 'NONE', #3179, #1932, #593 ) ;
#1725 = CLOSED_SHELL ( 'NONE', ( #134, #2243, #2858, #3254, #1565, #1957, #1588, #3121, #1358, #2630, #2455, #1221, #1272, #1424, #2612, #997, #2124, #2918, #1998, #2616, #1019, #866, #3241, #2917, #259, #2613, #2875, #2893, #602, #1421, #216, #1418, #1061, #1023, #1375, #1159, #2557, #2191, #2919, #1561, #2395, #302, #1442, #2199, #188, #167, #674, #1589, #1477, #2193, #3014, #3035, #397, #431, #2194, #2151, #135, #1190, #40, #1373, #854, #23, #3215, #1763, #3159, #791, #629, #66, #865, #2596, #1458, #2781, #3304, #1666, #776, #2493, #2410, #1645, #1377, #162, #1784, #932, #3238, #1717, #3139, #2352, #1339, #2048, #2656, #2632, #1499, #2306, #2442 ) ) ;
#1726 = LINE ( 'NONE', #190, #2273 ) ;
#1727 = LINE ( 'NONE', #2494, #2683 ) ;
#1728 = EDGE_LOOP ( 'NONE', ( #1899, #2822, #1094, #527 ) ) ;
#1729 = VERTEX_POINT ( 'NONE', #901 ) ;
#1730 = DIRECTION ( 'NONE',  ( 0.000000000000000000, 0.000000000000000000, 1.000000000000000000 ) ) ;
#1731 = AXIS2_PLACEMENT_3D ( 'NONE', #2479, #670, #2497 ) ;
#1732 = EDGE_LOOP ( 'NONE', ( #2240, #2353, #2518, #1329 ) ) ;
#1733 = DIRECTION ( 'NONE',  ( 0.6000000000000000888, 0.000000000000000000, 0.7999999999999998224 ) ) ;
#1734 = LINE ( 'NONE', #180, #1169 ) ;
#1735 = ORIENTED_EDGE ( 'NONE', *, *, #148, .F. ) ;
#1736 = VERTEX_POINT ( 'NONE', #152 ) ;
#1737 = CARTESIAN_POINT ( 'NONE',  ( -2.875000000000000444, 0.2500000000000000000, -1.750000000000000222 ) ) ;
#1738 = DIRECTION ( 'NONE',  ( -0.000000000000000000, 1.000000000000000000, -0.000000000000000000 ) ) ;
#1739 = VERTEX_POINT ( 'NONE', #1631 ) ;
#1740 = DIRECTION ( 'NONE',  ( 0.000000000000000000, 1.000000000000000000, 0.000000000000000000 ) ) ;
#1741 = EDGE_CURVE ( 'NONE', #2753, #1082, #2711, .T. ) ;
#1742 = DIRECTION ( 'NONE',  ( 0.000000000000000000, 0.000000000000000000, -1.000000000000000000 ) ) ;
#1743 = DIRECTION ( 'NONE',  ( -1.000000000000000000, 0.000000000000000000, 0.000000000000000000 ) ) ;
#1744 = DIRECTION ( 'NONE',  ( -0.000000000000000000, 0.000000000000000000, 1.000000000000000000 ) ) ;
#1745 = ORIENTED_EDGE ( 'NONE', *, *, #3009, .T. ) ;
#1746 = CARTESIAN_POINT ( 'NONE',  ( 2.875000000000000444, 0.2500000000000000000, -0.2499999999999999167 ) ) ;
#1747 = EDGE_CURVE ( 'NONE', #233, #2412, #2159, .T. ) ;
#1748 = DIRECTION ( 'NONE',  ( -0.000000000000000000, 1.000000000000000000, -0.000000000000000000 ) ) ;
#1749 = EDGE_LOOP ( 'NONE', ( #1707, #77 ) ) ;
#1750 = ORIENTED_EDGE ( 'NONE', *, *, #2722, .F. ) ;
#1751 = ORIENTED_EDGE ( 'NONE', *, *, #2880, .F. ) ;
#1752 = CARTESIAN_POINT ( 'NONE',  ( -2.941511110779745142, 0.2500000000000000000, -2.069704343855084172 ) ) ;
#1753 = CARTESIAN_POINT ( 'NONE',  ( 2.450000000000000178, 0.2500000000000000000, -1.118503937007873761 ) ) ;
#1754 = ORIENTED_EDGE ( 'NONE', *, *, #2800, .T. ) ;
#1755 = CARTESIAN_POINT ( 'NONE',  ( 1.224999999999999645, -3.937007874016270969E-05, 1.449999999999999734 ) ) ;
#1756 = DIRECTION ( 'NONE',  ( 0.000000000000000000, -1.000000000000000000, 0.000000000000000000 ) ) ;
#1757 = CARTESIAN_POINT ( 'NONE',  ( 2.450000000000000178, 0.2500000000000000000, -0.8185039370078741605 ) ) ;
#1758 = ORIENTED_EDGE ( 'NONE', *, *, #1660, .T. ) ;
#1759 = EDGE_CURVE ( 'NONE', #2, #2375, #1399, .T. ) ;
#1760 = EDGE_CURVE ( 'NONE', #351, #305, #493, .T. ) ;
#1761 = EDGE_CURVE ( 'NONE', #96, #1822, #170, .T. ) ;
#1762 = DIRECTION ( 'NONE',  ( 0.000000000000000000, 0.000000000000000000, 1.000000000000000000 ) ) ;
#1763 = ADVANCED_FACE ( 'NONE', ( #1951 ), #2727, .F. ) ;
#1764 = ORIENTED_EDGE ( 'NONE', *, *, #713, .T. ) ;
#1765 = ORIENTED_EDGE ( 'NONE', *, *, #418, .T. ) ;
#1766 = VECTOR ( 'NONE', #51, 39.37007874015748143 ) ;
#1767 = EDGE_LOOP ( 'NONE', ( #306, #930 ) ) ;
#1768 = DIRECTION ( 'NONE',  ( 0.000000000000000000, 0.000000000000000000, 1.000000000000000000 ) ) ;
#1769 = ORIENTED_EDGE ( 'NONE', *, *, #1891, .F. ) ;
#1770 = CARTESIAN_POINT ( 'NONE',  ( 2.750000000000000444, 0.000000000000000000, -1.909007441433449692 ) ) ;
#1771 = CARTESIAN_POINT ( 'NONE',  ( -0.2999999999999999334, 0.2500000000000000000, -1.386283171557364247 ) ) ;
#1772 = AXIS2_PLACEMENT_3D ( 'NONE', #292, #2065, #3095 ) ;
#1773 = AXIS2_PLACEMENT_3D ( 'NONE', #3041, #950, #3279 ) ;
#1774 = DIRECTION ( 'NONE',  ( -0.000000000000000000, 1.000000000000000000, -0.000000000000000000 ) ) ;
#1775 = CARTESIAN_POINT ( 'NONE',  ( -1.375000000000000222, 0.2500000000000000000, 2.000000000000000000 ) ) ;
#1776 = ORIENTED_EDGE ( 'NONE', *, *, #1848, .T. ) ;
#1777 =( LENGTH_UNIT ( ) NAMED_UNIT ( * ) SI_UNIT ( $, .METRE. ) );
#1778 = AXIS2_PLACEMENT_3D ( 'NONE', #461, #1711, #1450 ) ;
#1779 = AXIS2_PLACEMENT_3D ( 'NONE', #3263, #1982, #711 ) ;
#1780 = CARTESIAN_POINT ( 'NONE',  ( 5.770511628107025970E-16, 0.000000000000000000, -0.6812097574621316376 ) ) ;
#1781 = EDGE_CURVE ( 'NONE', #361, #579, #3186, .T. ) ;
#1782 = VECTOR ( 'NONE', #3237, 39.37007874015748143 ) ;
#1783 = VERTEX_POINT ( 'NONE', #2981 ) ;
#1784 = ADVANCED_FACE ( 'NONE', ( #372 ), #855, .F. ) ;
#1785 = VECTOR ( 'NONE', #2744, 39.37007874015748143 ) ;
#1786 = EDGE_LOOP ( 'NONE', ( #2224, #581, #374, #2401 ) ) ;
#1787 = ORIENTED_EDGE ( 'NONE', *, *, #1146, .F. ) ;
#1788 = CARTESIAN_POINT ( 'NONE',  ( 0.5500000000000000444, 0.000000000000000000, -4.064148197082598557 ) ) ;
#1789 = ORIENTED_EDGE ( 'NONE', *, *, #576, .T. ) ;
#1790 = ORIENTED_EDGE ( 'NONE', *, *, #3203, .T. ) ;
#1791 = CARTESIAN_POINT ( 'NONE',  ( 5.463695987328526437E-16, 0.000000000000000000, -0.9961703873833915868 ) ) ;
#1792 = CARTESIAN_POINT ( 'NONE',  ( -0.9999999999999995559, 0.000000000000000000, 1.937992125984252301 ) ) ;
#1793 = EDGE_CURVE ( 'NONE', #10, #941, #2322, .T. ) ;
#1794 = ORIENTED_EDGE ( 'NONE', *, *, #592, .F. ) ;
#1795 = DIRECTION ( 'NONE',  ( 0.000000000000000000, 1.000000000000000000, 0.000000000000000000 ) ) ;
#1796 = ORIENTED_EDGE ( 'NONE', *, *, #1524, .F. ) ;
#1797 = CARTESIAN_POINT ( 'NONE',  ( -0.9999999999999995559, 0.2500000000000000000, 1.937992125984252301 ) ) ;
#1798 = DATE_TIME_ROLE ( 'creation_date' ) ;
#1799 = DIRECTION ( 'NONE',  ( -0.000000000000000000, 1.000000000000000000, -0.000000000000000000 ) ) ;
#1800 = ORIENTED_EDGE ( 'NONE', *, *, #1445, .T. ) ;
#1801 = VERTEX_POINT ( 'NONE', #1919 ) ;
#1802 = ORIENTED_EDGE ( 'NONE', *, *, #1761, .T. ) ;
#1803 = DIRECTION ( 'NONE',  ( -0.6000000000000000888, 0.000000000000000000, 0.7999999999999999334 ) ) ;
#1804 = EDGE_CURVE ( 'NONE', #2787, #1739, #3112, .T. ) ;
#1805 = VERTEX_POINT ( 'NONE', #1389 ) ;
#1806 = CARTESIAN_POINT ( 'NONE',  ( 1.618669225237052478, 0.000000000000000000, -3.451740435027140563 ) ) ;
#1807 = ORIENTED_EDGE ( 'NONE', *, *, #1116, .T. ) ;
#1808 = EDGE_CURVE ( 'NONE', #721, #1592, #2425, .T. ) ;
#1809 = VERTEX_POINT ( 'NONE', #2947 ) ;
#1810 = CARTESIAN_POINT ( 'NONE',  ( 0.5990607571422064126, 0.2500000000000000000, -4.861327968276209610 ) ) ;
#1811 = DIRECTION ( 'NONE',  ( -0.000000000000000000, -1.000000000000000000, -0.000000000000000000 ) ) ;
#1812 = CARTESIAN_POINT ( 'NONE',  ( 2.875000000000000444, 0.000000000000000000, -0.2499999999999999167 ) ) ;
#1813 = ORIENTED_EDGE ( 'NONE', *, *, #3257, .F. ) ;
#1814 = DIRECTION ( 'NONE',  ( -0.000000000000000000, 1.000000000000000000, -0.000000000000000000 ) ) ;
#1815 = DIRECTION ( 'NONE',  ( 0.000000000000000000, 0.000000000000000000, 1.000000000000000000 ) ) ;
#1816 = VERTEX_POINT ( 'NONE', #650 ) ;
#1817 = ORIENTED_EDGE ( 'NONE', *, *, #2574, .F. ) ;
#1818 = ORIENTED_EDGE ( 'NONE', *, *, #2332, .T. ) ;
#1819 = LINE ( 'NONE', #2316, #2485 ) ;
#1820 = CIRCLE ( 'NONE', #792, 0.2499999999999995282 ) ;
#1821 = AXIS2_PLACEMENT_3D ( 'NONE', #130, #380, #1649 ) ;
#1822 = VERTEX_POINT ( 'NONE', #1679 ) ;
#1823 = DIRECTION ( 'NONE',  ( 0.000000000000000000, 1.000000000000000000, 0.000000000000000000 ) ) ;
#1824 = DIRECTION ( 'NONE',  ( 0.000000000000000000, 1.000000000000000000, 0.000000000000000000 ) ) ;
#1825 = AXIS2_PLACEMENT_3D ( 'NONE', #2928, #1868, #2890 ) ;
#1826 = CIRCLE ( 'NONE', #2637, 0.06299212598425213416 ) ;
#1827 = VERTEX_POINT ( 'NONE', #408 ) ;
#1828 = EDGE_CURVE ( 'NONE', #1238, #2209, #2192, .T. ) ;
#1829 = DIRECTION ( 'NONE',  ( -1.266788070910242771E-17, 0.000000000000000000, -1.000000000000000000 ) ) ;
#1830 = EDGE_CURVE ( 'NONE', #2256, #1736, #1374, .T. ) ;
#1831 = CYLINDRICAL_SURFACE ( 'NONE', #859, 0.2499999999999999722 ) ;
#1832 = CARTESIAN_POINT ( 'NONE',  ( 2.916973658259390741E-17, 0.000000000000000000, -5.158830724529387624 ) ) ;
#1833 = CC_DESIGN_APPROVAL ( #401, ( #2975 ) ) ;
#1834 = VECTOR ( 'NONE', #724, 39.37007874015748143 ) ;
#1835 = AXIS2_PLACEMENT_3D ( 'NONE', #2011, #2542, #931 ) ;
#1836 = DIRECTION ( 'NONE',  ( 0.000000000000000000, 0.000000000000000000, 1.000000000000000000 ) ) ;
#1837 = AXIS2_PLACEMENT_3D ( 'NONE', #1780, #249, #732 ) ;
#1838 = LINE ( 'NONE', #378, #328 ) ;
#1839 = ORIENTED_EDGE ( 'NONE', *, *, #2958, .F. ) ;
#1840 = ORIENTED_EDGE ( 'NONE', *, *, #2435, .T. ) ;
#1841 = VECTOR ( 'NONE', #1255, 39.37007874015748143 ) ;
#1842 = ORIENTED_EDGE ( 'NONE', *, *, #2330, .F. ) ;
#1843 = DIRECTION ( 'NONE',  ( 0.000000000000000000, 1.000000000000000000, 0.000000000000000000 ) ) ;
#1844 = AXIS2_PLACEMENT_3D ( 'NONE', #3191, #1365, #875 ) ;
#1845 = ORIENTED_EDGE ( 'NONE', *, *, #2669, .T. ) ;
#1846 = PLANE ( 'NONE',  #119 ) ;
#1847 = ORIENTED_EDGE ( 'NONE', *, *, #1126, .F. ) ;
#1848 = EDGE_CURVE ( 'NONE', #1801, #435, #1528, .T. ) ;
#1849 = DIRECTION ( 'NONE',  ( -0.6427876096865378086, 0.000000000000000000, -0.7660444431189793457 ) ) ;
#1850 = CARTESIAN_POINT ( 'NONE',  ( -1.618669225237052478, 0.000000000000000000, -3.451740435027140563 ) ) ;
#1851 = PERSON_AND_ORGANIZATION ( #2223, #3114 ) ;
#1852 = EDGE_CURVE ( 'NONE', #2375, #2821, #2522, .T. ) ;
#1853 = EDGE_CURVE ( 'NONE', #208, #2282, #2952, .T. ) ;
#1854 = DIRECTION ( 'NONE',  ( -0.000000000000000000, 1.000000000000000000, -0.000000000000000000 ) ) ;
#1855 = CYLINDRICAL_SURFACE ( 'NONE', #2334, 0.06299212598425159293 ) ;
#1856 = EDGE_LOOP ( 'NONE', ( #60, #3239, #1265, #2032, #2074, #2537, #1923, #3267, #3027 ) ) ;
#1857 = EDGE_CURVE ( 'NONE', #2825, #3297, #851, .T. ) ;
#1858 = CARTESIAN_POINT ( 'NONE',  ( 0.5500000000000001554, -3.937007874016270969E-05, -1.368503937007873983 ) ) ;
#1859 = ORIENTED_EDGE ( 'NONE', *, *, #1122, .F. ) ;
#1860 = LINE ( 'NONE', #3091, #1881 ) ;
#1861 = EDGE_LOOP ( 'NONE', ( #1285, #2503, #3108, #2421 ) ) ;
#1862 = FACE_OUTER_BOUND ( 'NONE', #2604, .T. ) ;
#1863 = CARTESIAN_POINT ( 'NONE',  ( 1.618669225237052478, 0.000000000000000000, -3.388748309042889151 ) ) ;
#1864 = DIRECTION ( 'NONE',  ( 0.000000000000000000, 1.000000000000000000, 0.000000000000000000 ) ) ;
#1865 = EDGE_CURVE ( 'NONE', #2555, #1226, #59, .T. ) ;
#1866 = CARTESIAN_POINT ( 'NONE',  ( -2.700000000000000178, 0.2500000000000000000, -0.1833333333333337090 ) ) ;
#1867 = VERTEX_POINT ( 'NONE', #1753 ) ;
#1868 = DIRECTION ( 'NONE',  ( -0.000000000000000000, -1.000000000000000000, -0.000000000000000000 ) ) ;
#1869 = ORIENTED_EDGE ( 'NONE', *, *, #2540, .F. ) ;
#1870 = FACE_OUTER_BOUND ( 'NONE', #199, .T. ) ;
#1871 = ORIENTED_EDGE ( 'NONE', *, *, #2263, .T. ) ;
#1872 = CYLINDRICAL_SURFACE ( 'NONE', #1980, 0.06299212598425185661 ) ;
#1873 = CYLINDRICAL_SURFACE ( 'NONE', #556, 0.05511811023622041616 ) ;
#1874 = CARTESIAN_POINT ( 'NONE',  ( 2.449999999999999734, 0.2500000000000000000, -1.799816371153589944 ) ) ;
#1875 = DIRECTION ( 'NONE',  ( 0.000000000000000000, 0.000000000000000000, 1.000000000000000000 ) ) ;
#1876 = AXIS2_PLACEMENT_3D ( 'NONE', #185, #933, #1962 ) ;
#1877 = AXIS2_PLACEMENT_3D ( 'NONE', #2001, #3320, #1015 ) ;
#1878 = DIRECTION ( 'NONE',  ( 0.000000000000000000, 1.000000000000000000, 0.000000000000000000 ) ) ;
#1879 = CIRCLE ( 'NONE', #595, 0.2499999999999998057 ) ;
#1880 = DIRECTION ( 'NONE',  ( 0.000000000000000000, 0.000000000000000000, -1.000000000000000000 ) ) ;
#1881 = VECTOR ( 'NONE', #1319, 39.37007874015748854 ) ;
#1882 = EDGE_LOOP ( 'NONE', ( #1101, #3081, #129, #2989 ) ) ;
#1883 = CARTESIAN_POINT ( 'NONE',  ( 5.463695987328526437E-16, 0.000000000000000000, -0.9961703873833915868 ) ) ;
#1884 = VERTEX_POINT ( 'NONE', #1981 ) ;
#1885 = FACE_BOUND ( 'NONE', #1749, .T. ) ;
#1886 = EDGE_CURVE ( 'NONE', #1618, #3293, #256, .T. ) ;
#1887 = DIRECTION ( 'NONE',  ( -0.000000000000000000, 1.000000000000000000, -0.000000000000000000 ) ) ;
#1888 = ORIENTED_EDGE ( 'NONE', *, *, #2658, .F. ) ;
#1889 = CARTESIAN_POINT ( 'NONE',  ( 2.450000000000000178, 0.000000000000000000, -1.368503937007873983 ) ) ;
#1890 = AXIS2_PLACEMENT_3D ( 'NONE', #2985, #2237, #684 ) ;
#1891 = EDGE_CURVE ( 'NONE', #2064, #2035, #2993, .T. ) ;
#1892 = CIRCLE ( 'NONE', #3180, 0.2500000000000000000 ) ;
#1893 = CARTESIAN_POINT ( 'NONE',  ( 2.450000000000000178, 0.000000000000000000, -0.5685039370078739385 ) ) ;
#1894 = CARTESIAN_POINT ( 'NONE',  ( 2.875000000000000444, 0.2500000000000000000, -1.750000000000000222 ) ) ;
#1895 = DIRECTION ( 'NONE',  ( -0.000000000000000000, -1.000000000000000000, -0.000000000000000000 ) ) ;
#1896 = CARTESIAN_POINT ( 'NONE',  ( -2.875000000000000444, 0.2500000000000000000, -1.750000000000000222 ) ) ;
#1897 = FACE_OUTER_BOUND ( 'NONE', #3278, .T. ) ;
#1898 = ORIENTED_EDGE ( 'NONE', *, *, #189, .F. ) ;
#1899 = ORIENTED_EDGE ( 'NONE', *, *, #3028, .F. ) ;
#1900 = LINE ( 'NONE', #367, #2894 ) ;
#1901 = DIRECTION ( 'NONE',  ( 0.000000000000000000, 0.000000000000000000, 1.000000000000000000 ) ) ;
#1902 = ORIENTED_EDGE ( 'NONE', *, *, #212, .T. ) ;
#1903 = CARTESIAN_POINT ( 'NONE',  ( 2.641511110779743987, 0.2500000000000000000, -1.960513273575224202 ) ) ;
#1904 = PLANE ( 'NONE',  #344 ) ;
#1905 = SECURITY_CLASSIFICATION_LEVEL ( 'unclassified' ) ;
#1906 = EDGE_CURVE ( 'NONE', #30, #2724, #1879, .T. ) ;
#1907 = DIRECTION ( 'NONE',  ( -0.000000000000000000, 1.000000000000000000, -0.000000000000000000 ) ) ;
#1908 = CARTESIAN_POINT ( 'NONE',  ( 0.4734330048446993566, 0.1250000000000000000, -1.130517602835324764 ) ) ;
#1909 = CARTESIAN_POINT ( 'NONE',  ( -0.5500000000000000444, -3.937007874016270969E-05, -0.5685039370078739385 ) ) ;
#1910 = LINE ( 'NONE', #3104, #1188 ) ;
#1911 = CARTESIAN_POINT ( 'NONE',  ( -1.575000000000000178, 0.2500000000000000000, 1.899999999999999911 ) ) ;
#1912 = ORIENTED_EDGE ( 'NONE', *, *, #1270, .F. ) ;
#1913 = CYLINDRICAL_SURFACE ( 'NONE', #2688, 0.2381889749999998862 ) ;
#1914 = DIRECTION ( 'NONE',  ( -0.000000000000000000, 1.000000000000000000, -0.000000000000000000 ) ) ;
#1915 = DIRECTION ( 'NONE',  ( 0.000000000000000000, 0.000000000000000000, 1.000000000000000000 ) ) ;
#1916 = VERTEX_POINT ( 'NONE', #218 ) ;
#1917 = CARTESIAN_POINT ( 'NONE',  ( -0.5990607571422064126, 0.2500000000000000000, -4.861327968276209610 ) ) ;
#1918 = CARTESIAN_POINT ( 'NONE',  ( -2.700000000000000178, 0.000000000000000000, -0.5685039370078738274 ) ) ;
#1919 = CARTESIAN_POINT ( 'NONE',  ( -0.5500000000000000444, 0.2500000000000000000, -0.8185039370078738274 ) ) ;
#1920 = ORIENTED_EDGE ( 'NONE', *, *, #2735, .F. ) ;
#1921 = EDGE_CURVE ( 'NONE', #2315, #566, #2559, .T. ) ;
#1922 = VECTOR ( 'NONE', #1220, 39.37007874015748143 ) ;
#1923 = ORIENTED_EDGE ( 'NONE', *, *, #1, .T. ) ;
#1924 = DIRECTION ( 'NONE',  ( -0.000000000000000000, 1.000000000000000000, -0.000000000000000000 ) ) ;
#1925 = AXIS2_PLACEMENT_3D ( 'NONE', #1066, #2639, #3122 ) ;
#1926 = CARTESIAN_POINT ( 'NONE',  ( -0.2999999999999999334, 0.000000000000000000, -1.386283171557364247 ) ) ;
#1927 = FACE_BOUND ( 'NONE', #923, .T. ) ;
#1928 = ORIENTED_EDGE ( 'NONE', *, *, #235, .F. ) ;
#1929 = AXIS2_PLACEMENT_3D ( 'NONE', #3252, #940, #718 ) ;
#1930 = VECTOR ( 'NONE', #2619, 39.37007874015748854 ) ;
#1931 = DIRECTION ( 'NONE',  ( -0.000000000000000000, 1.000000000000000000, -0.000000000000000000 ) ) ;
#1932 = DIRECTION ( 'NONE',  ( -0.7660444431189793457, 0.000000000000000000, 0.6427876096865378086 ) ) ;
#1933 = AXIS2_PLACEMENT_3D ( 'NONE', #1677, #2946, #2708 ) ;
#1934 = ORIENTED_EDGE ( 'NONE', *, *, #2735, .T. ) ;
#1935 = DIRECTION ( 'NONE',  ( 0.000000000000000000, 0.000000000000000000, 1.000000000000000000 ) ) ;
#1936 = AXIS2_PLACEMENT_3D ( 'NONE', #3311, #1313, #1535 ) ;
#1937 = CARTESIAN_POINT ( 'NONE',  ( -3.000000000000000444, 0.2500000000000000000, -1.909007441433449692 ) ) ;
#1938 = CIRCLE ( 'NONE', #1519, 0.06299212598425185661 ) ;
#1939 = DIRECTION ( 'NONE',  ( 0.000000000000000000, 0.000000000000000000, 1.000000000000000000 ) ) ;
#1940 = VECTOR ( 'NONE', #1564, 39.37007874015748143 ) ;
#1941 = EDGE_CURVE ( 'NONE', #566, #2325, #3002, .T. ) ;
#1942 = DIRECTION ( 'NONE',  ( 0.000000000000000000, 0.000000000000000000, 1.000000000000000000 ) ) ;
#1943 = DIRECTION ( 'NONE',  ( -0.000000000000000000, 1.000000000000000000, -0.000000000000000000 ) ) ;
#1944 = EDGE_CURVE ( 'NONE', #105, #1248, #2031, .T. ) ;
#1945 = EDGE_CURVE ( 'NONE', #884, #2533, #437, .T. ) ;
#1946 = EDGE_LOOP ( 'NONE', ( #1428, #3176, #2553, #852 ) ) ;
#1947 = DIRECTION ( 'NONE',  ( 0.000000000000000000, 0.000000000000000000, 1.000000000000000000 ) ) ;
#1948 = CARTESIAN_POINT ( 'NONE',  ( -2.875000000000000444, 0.2500000000000000000, -1.687007874015748143 ) ) ;
#1949 = ORIENTED_EDGE ( 'NONE', *, *, #920, .F. ) ;
#1950 = CARTESIAN_POINT ( 'NONE',  ( 0.5500000000000000444, 0.2500000000000000000, -4.064148197082598557 ) ) ;
#1951 = FACE_OUTER_BOUND ( 'NONE', #557, .T. ) ;
#1952 = CARTESIAN_POINT ( 'NONE',  ( 3.000000000000000444, 0.000000000000000000, -2.000000000000000000 ) ) ;
#1953 = ORIENTED_EDGE ( 'NONE', *, *, #1721, .F. ) ;
#1954 = CYLINDRICAL_SURFACE ( 'NONE', #335, 0.2500000000000002220 ) ;
#1955 = CARTESIAN_POINT ( 'NONE',  ( 0.2999999999999999889, -3.937007874016270969E-05, -0.5685039370078739385 ) ) ;
#1956 = VERTEX_POINT ( 'NONE', #241 ) ;
#1957 = ADVANCED_FACE ( 'NONE', ( #3026 ), #1491, .F. ) ;
#1958 = LINE ( 'NONE', #230, #3008 ) ;
#1959 = EDGE_CURVE ( 'NONE', #1263, #1604, #3283, .T. ) ;
#1960 = ORIENTED_EDGE ( 'NONE', *, *, #1760, .T. ) ;
#1961 = CARTESIAN_POINT ( 'NONE',  ( -2.699999999999999734, 0.2500000000000000000, -1.799816371153589944 ) ) ;
#1962 = DIRECTION ( 'NONE',  ( 0.000000000000000000, 0.000000000000000000, 1.000000000000000000 ) ) ;
#1963 = DIRECTION ( 'NONE',  ( -0.000000000000000000, 1.000000000000000000, -0.000000000000000000 ) ) ;
#1964 = DIRECTION ( 'NONE',  ( 0.000000000000000000, 1.000000000000000000, 0.000000000000000000 ) ) ;
#1965 = CARTESIAN_POINT ( 'NONE',  ( -0.3032303591377358831, 0.2500000000000000000, -0.6085631974692102819 ) ) ;
#1966 = LINE ( 'NONE', #983, #1657 ) ;
#1967 = EDGE_LOOP ( 'NONE', ( #353, #1787, #2679, #1283 ) ) ;
#1968 = DIRECTION ( 'NONE',  ( 0.000000000000000000, 0.000000000000000000, 1.000000000000000000 ) ) ;
#1969 = CIRCLE ( 'NONE', #109, 0.4921259842519685179 ) ;
#1970 = ORIENTED_EDGE ( 'NONE', *, *, #1848, .F. ) ;
#1971 = DIRECTION ( 'NONE',  ( -0.000000000000000000, 1.000000000000000000, -0.000000000000000000 ) ) ;
#1972 = CIRCLE ( 'NONE', #1341, 0.05511811023622041616 ) ;
#1973 = CIRCLE ( 'NONE', #1670, 0.06299212598425159293 ) ;
#1974 = AXIS2_PLACEMENT_3D ( 'NONE', #1850, #2872, #1875 ) ;
#1975 = EDGE_LOOP ( 'NONE', ( #383, #39, #1776, #1035 ) ) ;
#1976 = EDGE_LOOP ( 'NONE', ( #1796, #1527 ) ) ;
#1977 = DIRECTION ( 'NONE',  ( 0.000000000000000000, 0.000000000000000000, 1.000000000000000000 ) ) ;
#1978 = CC_DESIGN_SECURITY_CLASSIFICATION ( #2543, ( #2144 ) ) ;
#1979 = AXIS2_PLACEMENT_3D ( 'NONE', #994, #1704, #3042 ) ;
#1980 = AXIS2_PLACEMENT_3D ( 'NONE', #2132, #3183, #1935 ) ;
#1981 = CARTESIAN_POINT ( 'NONE',  ( 1.374999999999999112, 0.2500000000000000000, 2.000000000000000000 ) ) ;
#1982 = DIRECTION ( 'NONE',  ( -0.7660444431189794567, 0.000000000000000000, -0.6427876096865376976 ) ) ;
#1983 = AXIS2_PLACEMENT_3D ( 'NONE', #2666, #2114, #1915 ) ;
#1984 = LINE ( 'NONE', #3017, #345 ) ;
#1985 = PLANE ( 'NONE',  #3230 ) ;
#1986 = ORIENTED_EDGE ( 'NONE', *, *, #405, .T. ) ;
#1987 = DIRECTION ( 'NONE',  ( -1.000000000000000000, 0.000000000000000000, -0.000000000000000000 ) ) ;
#1988 = VECTOR ( 'NONE', #169, 39.37007874015748143 ) ;
#1989 = ORIENTED_EDGE ( 'NONE', *, *, #520, .T. ) ;
#1990 = LINE ( 'NONE', #3240, #2600 ) ;
#1991 = CARTESIAN_POINT ( 'NONE',  ( -1.618669225237052478, 0.2500000000000000000, -3.451740435027140563 ) ) ;
#1992 = ORIENTED_EDGE ( 'NONE', *, *, #2368, .T. ) ;
#1993 = ORIENTED_EDGE ( 'NONE', *, *, #750, .T. ) ;
#1994 = CARTESIAN_POINT ( 'NONE',  ( -1.424999999999999600, -3.937007874016270969E-05, 1.599999999999999867 ) ) ;
#1995 = CARTESIAN_POINT ( 'NONE',  ( 3.000000000000000444, 0.000000000000000000, 0.000000000000000000 ) ) ;
#1996 = CYLINDRICAL_SURFACE ( 'NONE', #1135, 0.2500000000000000555 ) ;
#1997 = EDGE_CURVE ( 'NONE', #369, #2325, #1268, .T. ) ;
#1998 = ADVANCED_FACE ( 'NONE', ( #2740 ), #679, .F. ) ;
#1999 = CARTESIAN_POINT ( 'NONE',  ( 0.4503721911733818972, 0.000000000000000000, -0.7977947996875864867 ) ) ;
#2000 = EDGE_CURVE ( 'NONE', #3033, #2772, #2300, .T. ) ;
#2001 = CARTESIAN_POINT ( 'NONE',  ( 2.150000000000000355, 0.000000000000000000, 0.9249999999999999334 ) ) ;
#2002 = CARTESIAN_POINT ( 'NONE',  ( 2.875000000000000444, 0.000000000000000000, -0.1870078740157480601 ) ) ;
#2003 = CARTESIAN_POINT ( 'NONE',  ( -0.7905718679219506662, 0.2500000000000000000, -5.022024870697843646 ) ) ;
#2004 = ORIENTED_EDGE ( 'NONE', *, *, #1891, .T. ) ;
#2005 = LINE ( 'NONE', #1075, #2846 ) ;
#2006 = DIRECTION ( 'NONE',  ( 0.000000000000000000, 0.000000000000000000, 1.000000000000000000 ) ) ;
#2007 = ORIENTED_EDGE ( 'NONE', *, *, #1000, .F. ) ;
#2008 = VERTEX_POINT ( 'NONE', #1210 ) ;
#2009 = ORIENTED_EDGE ( 'NONE', *, *, #3200, .T. ) ;
#2010 = ORIENTED_EDGE ( 'NONE', *, *, #1391, .T. ) ;
#2011 = CARTESIAN_POINT ( 'NONE',  ( 1.375000000000000222, 0.2500000000000000000, 1.750000000000000000 ) ) ;
#2012 = ORIENTED_EDGE ( 'NONE', *, *, #298, .T. ) ;
#2013 = DIRECTION ( 'NONE',  ( -0.000000000000000000, 1.000000000000000000, -0.000000000000000000 ) ) ;
#2014 = ORIENTED_EDGE ( 'NONE', *, *, #3118, .F. ) ;
#2015 = LINE ( 'NONE', #3319, #689 ) ;
#2016 = DIRECTION ( 'NONE',  ( -0.000000000000000000, 1.000000000000000000, -0.000000000000000000 ) ) ;
#2017 = DIRECTION ( 'NONE',  ( 0.000000000000000000, 0.000000000000000000, -1.000000000000000000 ) ) ;
#2018 = ORIENTED_EDGE ( 'NONE', *, *, #3092, .F. ) ;
#2019 = EDGE_CURVE ( 'NONE', #2146, #2245, #3262, .T. ) ;
#2020 = EDGE_CURVE ( 'NONE', #1635, #725, #1230, .T. ) ;
#2021 = ORIENTED_EDGE ( 'NONE', *, *, #2799, .T. ) ;
#2022 = DIRECTION ( 'NONE',  ( 0.000000000000000000, 0.000000000000000000, 1.000000000000000000 ) ) ;
#2023 = VECTOR ( 'NONE', #2290, 39.37007874015748143 ) ;
#2024 = ORIENTED_EDGE ( 'NONE', *, *, #1721, .T. ) ;
#2025 = ORIENTED_EDGE ( 'NONE', *, *, #100, .T. ) ;
#2026 = ORIENTED_EDGE ( 'NONE', *, *, #2856, .T. ) ;
#2027 = CARTESIAN_POINT ( 'NONE',  ( -1.500000000000000222, 0.2500000000000000000, 2.000000000000000000 ) ) ;
#2028 = AXIS2_PLACEMENT_3D ( 'NONE', #2378, #70, #343 ) ;
#2029 = ORIENTED_EDGE ( 'NONE', *, *, #1000, .T. ) ;
#2030 = AXIS2_PLACEMENT_3D ( 'NONE', #2182, #193, #2730 ) ;
#2031 = LINE ( 'NONE', #953, #1566 ) ;
#2032 = ORIENTED_EDGE ( 'NONE', *, *, #2177, .T. ) ;
#2033 = VECTOR ( 'NONE', #1409, 39.37007874015748143 ) ;
#2034 = VECTOR ( 'NONE', #3059, 39.37007874015748143 ) ;
#2035 = VERTEX_POINT ( 'NONE', #555 ) ;
#2036 = CARTESIAN_POINT ( 'NONE',  ( -1.618669225237052478, 0.2500000000000000000, -3.451740435027140563 ) ) ;
#2037 = VERTEX_POINT ( 'NONE', #1608 ) ;
#2038 = CARTESIAN_POINT ( 'NONE',  ( 1.000000000000000444, 0.2500000000000000000, 1.875000000000000000 ) ) ;
#2039 = CIRCLE ( 'NONE', #1983, 0.2500000000000002220 ) ;
#2040 = CYLINDRICAL_SURFACE ( 'NONE', #232, 0.2500000000000000000 ) ;
#2041 = AXIS2_PLACEMENT_3D ( 'NONE', #784, #3106, #1815 ) ;
#2042 = EDGE_CURVE ( 'NONE', #33, #770, #340, .T. ) ;
#2043 = VERTEX_POINT ( 'NONE', #80 ) ;
#2044 = CIRCLE ( 'NONE', #2311, 0.2499999999999999167 ) ;
#2045 = ORIENTED_EDGE ( 'NONE', *, *, #920, .T. ) ;
#2046 = EDGE_LOOP ( 'NONE', ( #3157, #717, #1934, #1553 ) ) ;
#2047 = CARTESIAN_POINT ( 'NONE',  ( 2.699999999999999734, 0.000000000000000000, -1.799816371153589944 ) ) ;
#2048 = ADVANCED_FACE ( 'NONE', ( #1862 ), #272, .T. ) ;
#2049 = ORIENTED_EDGE ( 'NONE', *, *, #811, .F. ) ;
#2050 = DIRECTION ( 'NONE',  ( 0.6427876096865374755, 0.000000000000000000, 0.7660444431189793457 ) ) ;
#2051 = ORIENTED_EDGE ( 'NONE', *, *, #1353, .F. ) ;
#2052 = DIRECTION ( 'NONE',  ( 0.000000000000000000, 1.000000000000000000, 0.000000000000000000 ) ) ;
#2053 = ORIENTED_EDGE ( 'NONE', *, *, #1270, .T. ) ;
#2054 = FACE_OUTER_BOUND ( 'NONE', #2707, .T. ) ;
#2055 = CARTESIAN_POINT ( 'NONE',  ( 0.5499999999999997113, -3.937007874016270969E-05, 1.449999999999999734 ) ) ;
#2056 = LINE ( 'NONE', #2601, #1459 ) ;
#2057 = VERTEX_POINT ( 'NONE', #1596 ) ;
#2058 = EDGE_CURVE ( 'NONE', #1809, #2209, #2634, .T. ) ;
#2059 = EDGE_LOOP ( 'NONE', ( #2014, #571, #954, #3074 ) ) ;
#2060 = ORIENTED_EDGE ( 'NONE', *, *, #303, .T. ) ;
#2061 = CARTESIAN_POINT ( 'NONE',  ( -1.618669225237052478, 0.000000000000000000, -3.514732561011392864 ) ) ;
#2062 = EDGE_CURVE ( 'NONE', #1243, #2262, #1355, .T. ) ;
#2063 = EDGE_CURVE ( 'NONE', #2768, #3134, #2883, .T. ) ;
#2064 = VERTEX_POINT ( 'NONE', #1306 ) ;
#2065 = DIRECTION ( 'NONE',  ( -0.000000000000000000, -1.000000000000000000, -0.000000000000000000 ) ) ;
#2066 = DIRECTION ( 'NONE',  ( 0.000000000000000000, 0.000000000000000000, 1.000000000000000000 ) ) ;
#2067 = ORIENTED_EDGE ( 'NONE', *, *, #277, .T. ) ;
#2068 = DIRECTION ( 'NONE',  ( -0.000000000000000000, -1.000000000000000000, -0.000000000000000000 ) ) ;
#2069 = CARTESIAN_POINT ( 'NONE',  ( 3.000000000000000444, 0.2500000000000000000, 0.000000000000000000 ) ) ;
#2070 = DIRECTION ( 'NONE',  ( 0.000000000000000000, 0.000000000000000000, 1.000000000000000000 ) ) ;
#2071 = CARTESIAN_POINT ( 'NONE',  ( 2.916973658259389509E-17, 0.2500000000000000000, -5.158830724529387624 ) ) ;
#2072 = VERTEX_POINT ( 'NONE', #777 ) ;
#2073 = ORIENTED_EDGE ( 'NONE', *, *, #1793, .F. ) ;
#2074 = ORIENTED_EDGE ( 'NONE', *, *, #2577, .T. ) ;
#2075 = DIRECTION ( 'NONE',  ( 0.6427876096865375866, 0.000000000000000000, -0.7660444431189793457 ) ) ;
#2076 = VECTOR ( 'NONE', #1849, 39.37007874015748854 ) ;
#2077 = EDGE_CURVE ( 'NONE', #3223, #577, #62, .T. ) ;
#2078 = CIRCLE ( 'NONE', #1825, 0.2500000000000000000 ) ;
#2079 = ORIENTED_EDGE ( 'NONE', *, *, #1124, .F. ) ;
#2080 = DIRECTION ( 'NONE',  ( 3.551402391763539226E-15, 0.000000000000000000, 1.000000000000000000 ) ) ;
#2081 = CARTESIAN_POINT ( 'NONE',  ( 1.375000000000000222, 0.2500000000000000000, 1.750000000000000000 ) ) ;
#2082 = AXIS2_PLACEMENT_3D ( 'NONE', #412, #2289, #222 ) ;
#2083 = EDGE_CURVE ( 'NONE', #3259, #3038, #1128, .T. ) ;
#2084 = AXIS2_PLACEMENT_3D ( 'NONE', #524, #22, #2070 ) ;
#2085 = ORIENTED_EDGE ( 'NONE', *, *, #478, .T. ) ;
#2086 = VECTOR ( 'NONE', #1578, 39.37007874015748143 ) ;
#2087 = DIRECTION ( 'NONE',  ( 0.6427876096865375866, 0.000000000000000000, 0.7660444431189793457 ) ) ;
#2088 = CARTESIAN_POINT ( 'NONE',  ( 2.700000000000000178, 0.2500000000000000000, -0.1833333333333337090 ) ) ;
#2089 = PERSON_AND_ORGANIZATION_ROLE ( 'creator' ) ;
#2090 =( GEOMETRIC_REPRESENTATION_CONTEXT ( 3 ) GLOBAL_UNCERTAINTY_ASSIGNED_CONTEXT ( ( #2986 ) ) GLOBAL_UNIT_ASSIGNED_CONTEXT ( ( #36, #3309, #20 ) ) REPRESENTATION_CONTEXT ( 'NONE', 'WORKASPACE' ) );
#2091 = AXIS2_PLACEMENT_3D ( 'NONE', #1489, #3229, #2991 ) ;
#2092 = EDGE_CURVE ( 'NONE', #2252, #3113, #2608, .T. ) ;
#2093 = VECTOR ( 'NONE', #1799, 39.37007874015748143 ) ;
#2094 = CARTESIAN_POINT ( 'NONE',  ( -2.875000000000000444, 0.000000000000000000, -1.812992125984252079 ) ) ;
#2095 = DIRECTION ( 'NONE',  ( 0.000000000000000000, 1.000000000000000000, 0.000000000000000000 ) ) ;
#2096 = EDGE_LOOP ( 'NONE', ( #812, #807 ) ) ;
#2097 = CARTESIAN_POINT ( 'NONE',  ( 0.000000000000000000, 0.2500000000000000000, -5.397019699529387537 ) ) ;
#2098 = AXIS2_PLACEMENT_3D ( 'NONE', #2743, #2233, #937 ) ;
#2099 = DIRECTION ( 'NONE',  ( 0.000000000000000000, 0.000000000000000000, 1.000000000000000000 ) ) ;
#2100 = VECTOR ( 'NONE', #2564, 39.37007874015748143 ) ;
#2101 = EDGE_LOOP ( 'NONE', ( #3057, #1028, #2998, #1700 ) ) ;
#2102 = LINE ( 'NONE', #3135, #649 ) ;
#2103 = CARTESIAN_POINT ( 'NONE',  ( -0.5500000000000001554, -3.937007874016270969E-05, -1.118503937007873761 ) ) ;
#2104 = DIMENSIONAL_EXPONENTS ( 1.000000000000000000, 0.000000000000000000, 0.000000000000000000, 0.000000000000000000, 0.000000000000000000, 0.000000000000000000, 0.000000000000000000 ) ;
#2105 = EDGE_LOOP ( 'NONE', ( #2694, #2438, #2060, #1871, #2871, #2664, #1625, #565, #1643, #3310, #3182, #251 ) ) ;
#2106 = EDGE_CURVE ( 'NONE', #1602, #2882, #648, .T. ) ;
#2107 = CYLINDRICAL_SURFACE ( 'NONE', #221, 0.2500000000000000555 ) ;
#2108 = EDGE_CURVE ( 'NONE', #2035, #1316, #2203, .T. ) ;
#2109 = LINE ( 'NONE', #1344, #58 ) ;
#2110 = DIRECTION ( 'NONE',  ( 0.000000000000000000, 0.000000000000000000, -1.000000000000000000 ) ) ;
#2111 = ORIENTED_EDGE ( 'NONE', *, *, #1521, .T. ) ;
#2112 = CARTESIAN_POINT ( 'NONE',  ( 2.650000000000000355, -3.937007874016270969E-05, -0.03333333333333377696 ) ) ;
#2113 = EDGE_LOOP ( 'NONE', ( #1597, #2786, #2341, #1802 ) ) ;
#2114 = DIRECTION ( 'NONE',  ( -0.000000000000000000, -1.000000000000000000, -0.000000000000000000 ) ) ;
#2115 = ORIENTED_EDGE ( 'NONE', *, *, #597, .T. ) ;
#2116 = CARTESIAN_POINT ( 'NONE',  ( 0.7905718679219506662, 0.2500000000000000000, -5.022024870697843646 ) ) ;
#2117 = CARTESIAN_POINT ( 'NONE',  ( 2.641511110779743987, 0.000000000000000000, -1.960513273575224202 ) ) ;
#2118 = LINE ( 'NONE', #2394, #590 ) ;
#2119 = CARTESIAN_POINT ( 'NONE',  ( 0.3000000000000002109, 0.2500000000000000000, -4.064148197082598557 ) ) ;
#2120 = ORIENTED_EDGE ( 'NONE', *, *, #2669, .F. ) ;
#2121 = CARTESIAN_POINT ( 'NONE',  ( -2.450000000000000178, 0.000000000000000000, -1.118503937007873761 ) ) ;
#2122 = EDGE_CURVE ( 'NONE', #939, #646, #1557, .T. ) ;
#2123 = CARTESIAN_POINT ( 'NONE',  ( 5.463695987328526437E-16, 0.000000000000000000, -0.9961703873833915868 ) ) ;
#2124 = ADVANCED_FACE ( 'NONE', ( #1032 ), #309, .T. ) ;
#2125 = FACE_BOUND ( 'NONE', #1279, .T. ) ;
#2126 = ORIENTED_EDGE ( 'NONE', *, *, #2176, .F. ) ;
#2127 = DIRECTION ( 'NONE',  ( 0.000000000000000000, 0.000000000000000000, 1.000000000000000000 ) ) ;
#2128 = EDGE_LOOP ( 'NONE', ( #1690, #3193, #1765, #3064 ) ) ;
#2129 = PLANE ( 'NONE',  #1724 ) ;
#2130 = EDGE_CURVE ( 'NONE', #2238, #1801, #790, .T. ) ;
#2131 = ORIENTED_EDGE ( 'NONE', *, *, #2540, .T. ) ;
#2132 = CARTESIAN_POINT ( 'NONE',  ( -2.875000000000000444, 0.2500000000000000000, -1.750000000000000222 ) ) ;
#2133 = DIRECTION ( 'NONE',  ( -0.000000000000000000, 1.000000000000000000, -0.000000000000000000 ) ) ;
#2134 = VECTOR ( 'NONE', #172, 39.37007874015748143 ) ;
#2135 = CARTESIAN_POINT ( 'NONE',  ( 1.000000000000000444, 0.2500000000000000000, 1.812007874015748143 ) ) ;
#2136 = CIRCLE ( 'NONE', #951, 0.06299212598425185661 ) ;
#2137 = VECTOR ( 'NONE', #1733, 39.37007874015748854 ) ;
#2138 = AXIS2_PLACEMENT_3D ( 'NONE', #2526, #1931, #1687 ) ;
#2139 = CIRCLE ( 'NONE', #387, 0.2500000000000000555 ) ;
#2140 = DIRECTION ( 'NONE',  ( 0.000000000000000000, 0.000000000000000000, 1.000000000000000000 ) ) ;
#2141 = AXIS2_PLACEMENT_3D ( 'NONE', #2409, #98, #1642 ) ;
#2142 = FACE_OUTER_BOUND ( 'NONE', #1591, .T. ) ;
#2143 = LINE ( 'NONE', #126, #1683 ) ;
#2144 = PRODUCT_DEFINITION_FORMATION_WITH_SPECIFIED_SOURCE ( 'ANY', '', #1653, .NOT_KNOWN. ) ;
#2145 = CIRCLE ( 'NONE', #2091, 0.2381889749999998862 ) ;
#2146 = VERTEX_POINT ( 'NONE', #2356 ) ;
#2147 = DIRECTION ( 'NONE',  ( 0.000000000000000000, 0.000000000000000000, 1.000000000000000000 ) ) ;
#2148 = EDGE_CURVE ( 'NONE', #2821, #1156, #3055, .T. ) ;
#2149 = EDGE_LOOP ( 'NONE', ( #1467, #2024, #989, #1686 ) ) ;
#2150 = FACE_BOUND ( 'NONE', #69, .T. ) ;
#2151 = ADVANCED_FACE ( 'NONE', ( #808 ), #1846, .F. ) ;
#2152 = CIRCLE ( 'NONE', #2380, 0.06299212598425185661 ) ;
#2153 = CARTESIAN_POINT ( 'NONE',  ( 1.424999999999999600, -3.937007874016270969E-05, 1.599999999999999867 ) ) ;
#2154 = VECTOR ( 'NONE', #257, 39.37007874015748143 ) ;
#2155 = EDGE_LOOP ( 'NONE', ( #1764, #2812, #2318, #1529 ) ) ;
#2156 = DIRECTION ( 'NONE',  ( 0.000000000000000000, 0.000000000000000000, 1.000000000000000000 ) ) ;
#2157 = DIRECTION ( 'NONE',  ( 0.000000000000000000, 0.000000000000000000, -1.000000000000000000 ) ) ;
#2158 = DIRECTION ( 'NONE',  ( -0.000000000000000000, -1.000000000000000000, -0.000000000000000000 ) ) ;
#2159 = LINE ( 'NONE', #2462, #955 ) ;
#2160 = DIRECTION ( 'NONE',  ( -0.000000000000000000, 1.000000000000000000, -0.000000000000000000 ) ) ;
#2161 = DIRECTION ( 'NONE',  ( -0.000000000000000000, 1.000000000000000000, -0.000000000000000000 ) ) ;
#2162 = CARTESIAN_POINT ( 'NONE',  ( 5.838011845382864411E-16, 0.000000000000000000, -1.366249127540872133 ) ) ;
#2163 = DIRECTION ( 'NONE',  ( 0.000000000000000000, -1.000000000000000000, 0.000000000000000000 ) ) ;
#2164 = CARTESIAN_POINT ( 'NONE',  ( 1.374999999999999112, 0.000000000000000000, 2.000000000000000000 ) ) ;
#2165 = FACE_BOUND ( 'NONE', #2291, .T. ) ;
#2166 = ORIENTED_EDGE ( 'NONE', *, *, #100, .F. ) ;
#2167 = ORIENTED_EDGE ( 'NONE', *, *, #849, .F. ) ;
#2168 = LINE ( 'NONE', #1619, #2532 ) ;
#2169 = CARTESIAN_POINT ( 'NONE',  ( -2.450000000000000178, -3.937007874016270969E-05, -1.368503937007873983 ) ) ;
#2170 = DIRECTION ( 'NONE',  ( 0.000000000000000000, -0.000000000000000000, 1.000000000000000000 ) ) ;
#2171 = EDGE_CURVE ( 'NONE', #2724, #1729, #2102, .T. ) ;
#2172 = EDGE_CURVE ( 'NONE', #2402, #269, #2422, .T. ) ;
#2173 = VERTEX_POINT ( 'NONE', #1387 ) ;
#2174 = CARTESIAN_POINT ( 'NONE',  ( 3.000000000000000444, 0.000000000000000000, -2.000000000000000000 ) ) ;
#2175 = DIRECTION ( 'NONE',  ( -0.000000000000000000, 1.000000000000000000, -0.000000000000000000 ) ) ;
#2176 = EDGE_CURVE ( 'NONE', #2762, #2718, #3004, .T. ) ;
#2177 = EDGE_CURVE ( 'NONE', #2865, #1037, #805, .T. ) ;
#2178 = CARTESIAN_POINT ( 'NONE',  ( 2.875000000000000444, 0.000000000000000000, -0.3129921259842518011 ) ) ;
#2179 = DIRECTION ( 'NONE',  ( 0.000000000000000000, 1.000000000000000000, 0.000000000000000000 ) ) ;
#2180 = EDGE_LOOP ( 'NONE', ( #2869, #290, #533, #2201 ) ) ;
#2181 = CARTESIAN_POINT ( 'NONE',  ( -2.450000000000000178, 0.2500000000000000000, -0.8185039370078738274 ) ) ;
#2182 = CARTESIAN_POINT ( 'NONE',  ( 0.000000000000000000, 0.2500000000000000000, -5.397019699529387537 ) ) ;
#2183 = DIRECTION ( 'NONE',  ( -0.000000000000000000, -0.000000000000000000, 1.000000000000000000 ) ) ;
#2184 = EDGE_LOOP ( 'NONE', ( #49, #1474, #654, #2844 ) ) ;
#2185 = DIRECTION ( 'NONE',  ( -0.000000000000000000, 1.000000000000000000, -0.000000000000000000 ) ) ;
#2186 = DIRECTION ( 'NONE',  ( 0.000000000000000000, 0.000000000000000000, 1.000000000000000000 ) ) ;
#2187 = ORIENTED_EDGE ( 'NONE', *, *, #277, .F. ) ;
#2188 = EDGE_LOOP ( 'NONE', ( #458, #2473, #2295, #2595 ) ) ;
#2189 = CARTESIAN_POINT ( 'NONE',  ( -0.3740157480314955096, 0.000000000000000000, -0.9961703873833915868 ) ) ;
#2190 = APPROVAL_DATE_TIME ( #1703, #499 ) ;
#2191 = ADVANCED_FACE ( 'NONE', ( #3198 ), #1872, .F. ) ;
#2192 = LINE ( 'NONE', #1180, #2483 ) ;
#2193 = ADVANCED_FACE ( 'NONE', ( #1429 ), #2474, .F. ) ;
#2194 = ADVANCED_FACE ( 'NONE', ( #2896 ), #3211, .F. ) ;
#2195 = DIRECTION ( 'NONE',  ( 0.000000000000000000, 0.000000000000000000, 1.000000000000000000 ) ) ;
#2196 = FACE_OUTER_BOUND ( 'NONE', #1281, .T. ) ;
#2197 = LINE ( 'NONE', #1705, #2134 ) ;
#2198 = DIRECTION ( 'NONE',  ( 0.000000000000000000, 0.000000000000000000, 1.000000000000000000 ) ) ;
#2199 = ADVANCED_FACE ( 'NONE', ( #384 ), #2407, .F. ) ;
#2200 = AXIS2_PLACEMENT_3D ( 'NONE', #2036, #2016, #3069 ) ;
#2201 = ORIENTED_EDGE ( 'NONE', *, *, #3145, .F. ) ;
#2202 = CIRCLE ( 'NONE', #1291, 0.2500000000000000555 ) ;
#2203 = CIRCLE ( 'NONE', #749, 0.2500000000000000555 ) ;
#2204 = CARTESIAN_POINT ( 'NONE',  ( -2.700000000000000178, 0.2500000000000000000, -1.368503937007873983 ) ) ;
#2205 = CARTESIAN_POINT ( 'NONE',  ( -3.000000000000000444, 0.2500000000000000000, -1.909007441433449692 ) ) ;
#2206 = CIRCLE ( 'NONE', #752, 0.06299212598425213416 ) ;
#2207 = ORIENTED_EDGE ( 'NONE', *, *, #664, .F. ) ;
#2208 = LINE ( 'NONE', #1486, #1922 ) ;
#2209 = VERTEX_POINT ( 'NONE', #853 ) ;
#2210 = FACE_OUTER_BOUND ( 'NONE', #1027, .T. ) ;
#2211 = VECTOR ( 'NONE', #197, 39.37007874015748143 ) ;
#2212 = DIRECTION ( 'NONE',  ( 0.000000000000000000, 0.000000000000000000, 1.000000000000000000 ) ) ;
#2213 = CIRCLE ( 'NONE', #3281, 0.06299212598425213416 ) ;
#2214 = DIRECTION ( 'NONE',  ( 0.000000000000000000, 0.000000000000000000, 1.000000000000000000 ) ) ;
#2215 = DIRECTION ( 'NONE',  ( 0.000000000000000000, 1.000000000000000000, 0.000000000000000000 ) ) ;
#2216 = EDGE_CURVE ( 'NONE', #2620, #238, #1347, .T. ) ;
#2217 = VECTOR ( 'NONE', #2183, 39.37007874015748143 ) ;
#2218 = EDGE_CURVE ( 'NONE', #1143, #96, #1405, .T. ) ;
#2219 = FACE_OUTER_BOUND ( 'NONE', #915, .T. ) ;
#2220 = ORIENTED_EDGE ( 'NONE', *, *, #2499, .F. ) ;
#2221 = DIRECTION ( 'NONE',  ( 0.000000000000000000, 1.000000000000000000, 0.000000000000000000 ) ) ;
#2222 = LINE ( 'NONE', #2939, #1782 ) ;
#2223 = PERSON ( 'UNSPECIFIED', 'UNSPECIFIED', 'UNSPECIFIED', ('UNSPECIFIED'), ('UNSPECIFIED'), ('UNSPECIFIED') ) ;
#2224 = ORIENTED_EDGE ( 'NONE', *, *, #631, .T. ) ;
#2225 = DIRECTION ( 'NONE',  ( -1.000000000000000000, 0.000000000000000000, -0.000000000000000000 ) ) ;
#2226 = LINE ( 'NONE', #1485, #2903 ) ;
#2227 = EDGE_LOOP ( 'NONE', ( #2834, #2605, #2827, #2851 ) ) ;
#2228 = DIRECTION ( 'NONE',  ( 0.000000000000000000, 1.000000000000000000, 0.000000000000000000 ) ) ;
#2229 = CARTESIAN_POINT ( 'NONE',  ( 3.000000000000000444, 0.2500000000000000000, -2.000000000000000000 ) ) ;
#2230 = ORIENTED_EDGE ( 'NONE', *, *, #478, .F. ) ;
#2231 = CARTESIAN_POINT ( 'NONE',  ( 1.224999999999999645, 0.2500000000000000000, 1.449999999999999734 ) ) ;
#2232 = CARTESIAN_POINT ( 'NONE',  ( 2.875000000000000444, 0.000000000000000000, -1.750000000000000222 ) ) ;
#2233 = DIRECTION ( 'NONE',  ( 0.000000000000000000, -1.000000000000000000, 0.000000000000000000 ) ) ;
#2234 = DIRECTION ( 'NONE',  ( 0.000000000000000000, 0.000000000000000000, -1.000000000000000000 ) ) ;
#2235 = ORIENTED_EDGE ( 'NONE', *, *, #2980, .F. ) ;
#2236 = LINE ( 'NONE', #3221, #542 ) ;
#2237 = DIRECTION ( 'NONE',  ( -0.000000000000000000, -1.000000000000000000, -0.000000000000000000 ) ) ;
#2238 = VERTEX_POINT ( 'NONE', #2655 ) ;
#2239 = CARTESIAN_POINT ( 'NONE',  ( 0.3740157480314955096, 0.000000000000000000, -0.9410522771471711012 ) ) ;
#2240 = ORIENTED_EDGE ( 'NONE', *, *, #906, .F. ) ;
#2241 = ORIENTED_EDGE ( 'NONE', *, *, #520, .F. ) ;
#2242 = CARTESIAN_POINT ( 'NONE',  ( -0.2999999999999998224, 0.000000000000000000, 1.449999999999999734 ) ) ;
#2243 = ADVANCED_FACE ( 'NONE', ( #2725 ), #1691, .F. ) ;
#2244 = DIRECTION ( 'NONE',  ( -0.000000000000000000, -1.000000000000000000, -0.000000000000000000 ) ) ;
#2245 = VERTEX_POINT ( 'NONE', #1903 ) ;
#2246 = ORIENTED_EDGE ( 'NONE', *, *, #273, .T. ) ;
#2247 = CARTESIAN_POINT ( 'NONE',  ( 5.463695987328526437E-16, 0.000000000000000000, -0.9961703873833915868 ) ) ;
#2248 = DIRECTION ( 'NONE',  ( -0.000000000000000000, 1.000000000000000000, -0.000000000000000000 ) ) ;
#2249 = VECTOR ( 'NONE', #2642, 39.37007874015748143 ) ;
#2250 = FACE_OUTER_BOUND ( 'NONE', #2974, .T. ) ;
#2251 = CARTESIAN_POINT ( 'NONE',  ( -2.875000000000000444, 0.2500000000000000000, -0.1870078740157477271 ) ) ;
#2252 = VERTEX_POINT ( 'NONE', #2446 ) ;
#2253 = DIRECTION ( 'NONE',  ( 0.000000000000000000, 0.000000000000000000, 1.000000000000000000 ) ) ;
#2254 = VECTOR ( 'NONE', #2160, 39.37007874015748143 ) ;
#2255 = VERTEX_POINT ( 'NONE', #2668 ) ;
#2256 = VERTEX_POINT ( 'NONE', #370 ) ;
#2257 = PLANE ( 'NONE',  #1516 ) ;
#2258 = VECTOR ( 'NONE', #1235, 39.37007874015748143 ) ;
#2259 = AXIS2_PLACEMENT_3D ( 'NONE', #2938, #3171, #817 ) ;
#2260 = AXIS2_PLACEMENT_3D ( 'NONE', #3208, #891, #1531 ) ;
#2261 = CARTESIAN_POINT ( 'NONE',  ( 1.224999999999999645, 0.2500000000000000000, 1.699999999999999956 ) ) ;
#2262 = VERTEX_POINT ( 'NONE', #2931 ) ;
#2263 = EDGE_CURVE ( 'NONE', #319, #1805, #626, .T. ) ;
#2264 = ORIENTED_EDGE ( 'NONE', *, *, #1443, .F. ) ;
#2265 = CARTESIAN_POINT ( 'NONE',  ( -0.3740157480314955096, 0.000000000000000000, -0.9961703873833915868 ) ) ;
#2266 = VECTOR ( 'NONE', #934, 39.37007874015748143 ) ;
#2267 = DIRECTION ( 'NONE',  ( 0.000000000000000000, 0.000000000000000000, 1.000000000000000000 ) ) ;
#2268 = AXIS2_PLACEMENT_3D ( 'NONE', #2520, #1714, #1453 ) ;
#2269 = CARTESIAN_POINT ( 'NONE',  ( -0.9999999999999995559, 0.2500000000000000000, 1.875000000000000444 ) ) ;
#2270 = CARTESIAN_POINT ( 'NONE',  ( -0.7415111107797446310, 0.000000000000000000, -4.224845099504232593 ) ) ;
#2271 = DIRECTION ( 'NONE',  ( 0.000000000000000000, 1.000000000000000000, 0.000000000000000000 ) ) ;
#2272 = CARTESIAN_POINT ( 'NONE',  ( -3.000000000000000444, 0.000000000000000000, -2.000000000000000000 ) ) ;
#2273 = VECTOR ( 'NONE', #2793, 39.37007874015748143 ) ;
#2274 = DIRECTION ( 'NONE',  ( 0.000000000000000000, -1.000000000000000000, 0.000000000000000000 ) ) ;
#2275 = LINE ( 'NONE', #1259, #1304 ) ;
#2276 = DIRECTION ( 'NONE',  ( 0.000000000000000000, 0.000000000000000000, 1.000000000000000000 ) ) ;
#2277 = ORIENTED_EDGE ( 'NONE', *, *, #470, .T. ) ;
#2278 = DATE_AND_TIME ( #1053, #3271 ) ;
#2279 = VECTOR ( 'NONE', #2924, 39.37007874015748143 ) ;
#2280 = CARTESIAN_POINT ( 'NONE',  ( 5.838011845382864411E-16, 0.000000000000000000, -0.7363278676983521231 ) ) ;
#2281 = VERTEX_POINT ( 'NONE', #2684 ) ;
#2282 = VERTEX_POINT ( 'NONE', #137 ) ;
#2283 = ORIENTED_EDGE ( 'NONE', *, *, #844, .F. ) ;
#2284 = CYLINDRICAL_SURFACE ( 'NONE', #2324, 0.05511811023622041616 ) ;
#2285 = CARTESIAN_POINT ( 'NONE',  ( -2.699999999999999734, -3.937007874016270969E-05, -1.799816371153589944 ) ) ;
#2286 = ORIENTED_EDGE ( 'NONE', *, *, #813, .T. ) ;
#2287 = EDGE_CURVE ( 'NONE', #2313, #3297, #1144, .T. ) ;
#2288 = DIRECTION ( 'NONE',  ( -0.000000000000000000, -1.000000000000000000, -0.000000000000000000 ) ) ;
#2289 = DIRECTION ( 'NONE',  ( 0.000000000000000000, 1.000000000000000000, 0.000000000000000000 ) ) ;
#2290 = DIRECTION ( 'NONE',  ( -0.000000000000000000, 1.000000000000000000, -0.000000000000000000 ) ) ;
#2291 = EDGE_LOOP ( 'NONE', ( #1993, #737 ) ) ;
#2292 = APPROVAL_ROLE ( '' ) ;
#2293 = DIRECTION ( 'NONE',  ( 0.000000000000000000, 0.000000000000000000, 1.000000000000000000 ) ) ;
#2294 = FACE_OUTER_BOUND ( 'NONE', #3163, .T. ) ;
#2295 = ORIENTED_EDGE ( 'NONE', *, *, #2392, .F. ) ;
#2296 = ORIENTED_EDGE ( 'NONE', *, *, #1245, .F. ) ;
#2297 = ORIENTED_EDGE ( 'NONE', *, *, #1741, .T. ) ;
#2298 = FACE_OUTER_BOUND ( 'NONE', #1595, .T. ) ;
#2299 = EDGE_LOOP ( 'NONE', ( #1439, #2878, #1898, #1119 ) ) ;
#2300 = LINE ( 'NONE', #3245, #2266 ) ;
#2301 = ORIENTED_EDGE ( 'NONE', *, *, #2440, .T. ) ;
#2302 = VERTEX_POINT ( 'NONE', #1917 ) ;
#2303 = EDGE_CURVE ( 'NONE', #305, #351, #1718, .T. ) ;
#2304 = LINE ( 'NONE', #715, #645 ) ;
#2305 = DIRECTION ( 'NONE',  ( -2.185478394931410180E-15, 0.000000000000000000, 1.000000000000000000 ) ) ;
#2306 = ADVANCED_FACE ( 'NONE', ( #407 ), #150, .F. ) ;
#2307 = ORIENTED_EDGE ( 'NONE', *, *, #2738, .T. ) ;
#2308 = PERSON_AND_ORGANIZATION ( #2223, #3114 ) ;
#2309 = EDGE_CURVE ( 'NONE', #2819, #217, #1178, .T. ) ;
#2310 = CARTESIAN_POINT ( 'NONE',  ( 0.4734330048446992456, 0.2500000000000000000, -1.130517602835324986 ) ) ;
#2311 = AXIS2_PLACEMENT_3D ( 'NONE', #1213, #3266, #3031 ) ;
#2312 = EDGE_LOOP ( 'NONE', ( #778, #2838, #1338, #2053 ) ) ;
#2313 = VERTEX_POINT ( 'NONE', #2788 ) ;
#2314 = VECTOR ( 'NONE', #978, 39.37007874015748143 ) ;
#2315 = VERTEX_POINT ( 'NONE', #2979 ) ;
#2316 = CARTESIAN_POINT ( 'NONE',  ( 2.950000000000000622, 0.2500000000000000000, 0.06666666666666629104 ) ) ;
#2317 = CIRCLE ( 'NONE', #1286, 0.05511811023622041616 ) ;
#2318 = ORIENTED_EDGE ( 'NONE', *, *, #592, .T. ) ;
#2319 = AXIS2_PLACEMENT_3D ( 'NONE', #2381, #72, #830 ) ;
#2320 = CARTESIAN_POINT ( 'NONE',  ( 0.000000000000000000, 0.000000000000000000, -5.397019699529387537 ) ) ;
#2321 = EDGE_LOOP ( 'NONE', ( #2609, #414 ) ) ;
#2322 = CIRCLE ( 'NONE', #2141, 0.05511811023622041616 ) ;
#2323 = AXIS2_PLACEMENT_3D ( 'NONE', #2038, #3085, #1290 ) ;
#2324 = AXIS2_PLACEMENT_3D ( 'NONE', #1526, #2340, #529 ) ;
#2325 = VERTEX_POINT ( 'NONE', #1961 ) ;
#2326 = CARTESIAN_POINT ( 'NONE',  ( 0.7905718679219506662, 0.2500000000000000000, -5.022024870697843646 ) ) ;
#2327 = DIRECTION ( 'NONE',  ( -0.000000000000000000, 1.000000000000000000, -0.000000000000000000 ) ) ;
#2328 = FACE_OUTER_BOUND ( 'NONE', #530, .T. ) ;
#2329 = AXIS2_PLACEMENT_3D ( 'NONE', #1155, #78, #3209 ) ;
#2330 = EDGE_CURVE ( 'NONE', #424, #2713, #289, .T. ) ;
#2331 = DIRECTION ( 'NONE',  ( 0.000000000000000000, 0.000000000000000000, 1.000000000000000000 ) ) ;
#2332 = EDGE_CURVE ( 'NONE', #1206, #2146, #442, .T. ) ;
#2333 = EDGE_CURVE ( 'NONE', #1350, #392, #229, .T. ) ;
#2334 = AXIS2_PLACEMENT_3D ( 'NONE', #587, #1616, #2645 ) ;
#2335 = CARTESIAN_POINT ( 'NONE',  ( -0.5499999999999997113, -3.937007874016270969E-05, 1.699999999999999734 ) ) ;
#2336 = EDGE_LOOP ( 'NONE', ( #1676, #2988, #1090, #1840 ) ) ;
#2337 = VECTOR ( 'NONE', #2327, 39.37007874015748143 ) ;
#2338 = ORIENTED_EDGE ( 'NONE', *, *, #3013, .F. ) ;
#2339 = EDGE_LOOP ( 'NONE', ( #2745, #145, #589, #482 ) ) ;
#2340 = DIRECTION ( 'NONE',  ( -0.000000000000000000, 1.000000000000000000, -0.000000000000000000 ) ) ;
#2341 = ORIENTED_EDGE ( 'NONE', *, *, #2218, .T. ) ;
#2342 = ORIENTED_EDGE ( 'NONE', *, *, #1443, .T. ) ;
#2343 = CARTESIAN_POINT ( 'NONE',  ( -3.000000000000000444, 0.2500000000000000000, 0.000000000000000000 ) ) ;
#2344 = CARTESIAN_POINT ( 'NONE',  ( 0.5500000000000000444, 0.000000000000000000, -0.5685039370078739385 ) ) ;
#2345 = ORIENTED_EDGE ( 'NONE', *, *, #1087, .T. ) ;
#2346 = CARTESIAN_POINT ( 'NONE',  ( 5.770511628107025970E-16, 0.2500000000000000000, -0.6260916472259112631 ) ) ;
#2347 = DIRECTION ( 'NONE',  ( 0.000000000000000000, 0.000000000000000000, -1.000000000000000000 ) ) ;
#2348 = DIRECTION ( 'NONE',  ( 0.000000000000000000, 0.000000000000000000, 1.000000000000000000 ) ) ;
#2349 = DIRECTION ( 'NONE',  ( -0.5999999999999999778, 0.000000000000000000, 0.8000000000000000444 ) ) ;
#2350 = ORIENTED_EDGE ( 'NONE', *, *, #1941, .T. ) ;
#2351 = VERTEX_POINT ( 'NONE', #183 ) ;
#2352 = ADVANCED_FACE ( 'NONE', ( #2737 ), #1506, .T. ) ;
#2353 = ORIENTED_EDGE ( 'NONE', *, *, #2513, .F. ) ;
#2354 = DIRECTION ( 'NONE',  ( -0.000000000000000000, 1.000000000000000000, -0.000000000000000000 ) ) ;
#2355 = EDGE_LOOP ( 'NONE', ( #2614, #1520 ) ) ;
#2356 = CARTESIAN_POINT ( 'NONE',  ( 0.7415111107797446310, 0.2500000000000000000, -4.224845099504232593 ) ) ;
#2357 = DIRECTION ( 'NONE',  ( 0.000000000000000000, 0.000000000000000000, 1.000000000000000000 ) ) ;
#2358 = ORIENTED_EDGE ( 'NONE', *, *, #773, .F. ) ;
#2359 = CARTESIAN_POINT ( 'NONE',  ( -2.750000000000000444, 0.2500000000000000000, -1.909007441433449692 ) ) ;
#2360 = CARTESIAN_POINT ( 'NONE',  ( 1.618669225237052478, 0.000000000000000000, -3.514732561011392864 ) ) ;
#2361 = ORIENTED_EDGE ( 'NONE', *, *, #2658, .T. ) ;
#2362 = DIRECTION ( 'NONE',  ( 0.000000000000000000, 1.000000000000000000, 0.000000000000000000 ) ) ;
#2363 = LINE ( 'NONE', #3187, #810 ) ;
#2364 = EDGE_LOOP ( 'NONE', ( #625, #2207, #1497, #1928 ) ) ;
#2365 = ORIENTED_EDGE ( 'NONE', *, *, #1361, .T. ) ;
#2366 = LINE ( 'NONE', #307, #1020 ) ;
#2367 = CIRCLE ( 'NONE', #894, 0.06299212598425159293 ) ;
#2368 = EDGE_CURVE ( 'NONE', #1783, #1302, #2145, .T. ) ;
#2369 = EDGE_LOOP ( 'NONE', ( #789, #3197, #722, #2296 ) ) ;
#2370 = DIRECTION ( 'NONE',  ( 0.6000000000000000888, 0.000000000000000000, 0.7999999999999999334 ) ) ;
#2371 = LINE ( 'NONE', #627, #1184 ) ;
#2373 = EDGE_CURVE ( 'NONE', #2582, #2865, #201, .T. ) ;
#2372 = AXIS2_PLACEMENT_3D ( 'NONE', #3015, #1512, #2830 ) ;
#2374 = AXIS2_PLACEMENT_3D ( 'NONE', #841, #346, #1102 ) ;
#2375 = VERTEX_POINT ( 'NONE', #690 ) ;
#2376 = AXIS2_PLACEMENT_3D ( 'NONE', #1457, #1196, #432 ) ;
#2377 = DIRECTION ( 'NONE',  ( 0.000000000000000000, 0.000000000000000000, -1.000000000000000000 ) ) ;
#2378 = CARTESIAN_POINT ( 'NONE',  ( 1.618669225237052478, 0.2500000000000000000, -3.451740435027140563 ) ) ;
#2379 = CARTESIAN_POINT ( 'NONE',  ( 1.000000000000000444, 0.000000000000000000, 1.875000000000000000 ) ) ;
#2380 = AXIS2_PLACEMENT_3D ( 'NONE', #1637, #368, #415 ) ;
#2381 = CARTESIAN_POINT ( 'NONE',  ( -2.149999999999999911, 0.2500000000000000000, 0.9249999999999998224 ) ) ;
#2382 = CIRCLE ( 'NONE', #907, 0.2500000000000000000 ) ;
#2383 = EDGE_LOOP ( 'NONE', ( #2802, #2804 ) ) ;
#2384 = FACE_OUTER_BOUND ( 'NONE', #2128, .T. ) ;
#2385 = CIRCLE ( 'NONE', #2965, 0.06299212598425213416 ) ;
#2386 = ORIENTED_EDGE ( 'NONE', *, *, #664, .T. ) ;
#2387 = CARTESIAN_POINT ( 'NONE',  ( -3.000000000000000444, 0.000000000000000000, 0.000000000000000000 ) ) ;
#2388 = CIRCLE ( 'NONE', #2914, 0.06299212598425213416 ) ;
#2389 = ORIENTED_EDGE ( 'NONE', *, *, #615, .T. ) ;
#2390 = CARTESIAN_POINT ( 'NONE',  ( 2.699999999999999734, 0.2500000000000000000, -1.799816371153589944 ) ) ;
#2391 = CYLINDRICAL_SURFACE ( 'NONE', #2859, 0.2500000000000001665 ) ;
#2392 = EDGE_CURVE ( 'NONE', #757, #1206, #1173, .T. ) ;
#2393 = EDGE_CURVE ( 'NONE', #1047, #88, #701, .T. ) ;
#2394 = CARTESIAN_POINT ( 'NONE',  ( 0.000000000000000000, 0.2500000000000000000, -5.635208674529387451 ) ) ;
#2395 = ADVANCED_FACE ( 'NONE', ( #738 ), #428, .T. ) ;
#2396 = CARTESIAN_POINT ( 'NONE',  ( 2.875000000000000444, 0.2500000000000000000, -0.3129921259842518011 ) ) ;
#2397 = DIRECTION ( 'NONE',  ( -0.000000000000000000, 1.000000000000000000, -0.000000000000000000 ) ) ;
#2398 = DESIGN_CONTEXT ( 'detailed design', #1468, 'design' ) ;
#2399 = EDGE_CURVE ( 'NONE', #1805, #392, #448, .T. ) ;
#2400 = LINE ( 'NONE', #1911, #2279 ) ;
#2401 = ORIENTED_EDGE ( 'NONE', *, *, #1828, .F. ) ;
#2402 = VERTEX_POINT ( 'NONE', #1209 ) ;
#2403 = CARTESIAN_POINT ( 'NONE',  ( 2.941511110779745142, 0.2500000000000000000, -2.069704343855084172 ) ) ;
#2404 = VERTEX_POINT ( 'NONE', #2242 ) ;
#2405 = LINE ( 'NONE', #2387, #3125 ) ;
#2406 = EDGE_LOOP ( 'NONE', ( #970, #862, #355, #962 ) ) ;
#2407 = CYLINDRICAL_SURFACE ( 'NONE', #1406, 0.2499999999999998057 ) ;
#2408 = CARTESIAN_POINT ( 'NONE',  ( 1.224999999999999645, 0.000000000000000000, 1.699999999999999734 ) ) ;
#2409 = CARTESIAN_POINT ( 'NONE',  ( 5.770511628107025970E-16, 0.2500000000000000000, -0.6812097574621316376 ) ) ;
#2410 = ADVANCED_FACE ( 'NONE', ( #2210 ), #1195, .F. ) ;
#2411 = EDGE_CURVE ( 'NONE', #93, #1201, #3025, .T. ) ;
#2412 = VERTEX_POINT ( 'NONE', #1752 ) ;
#2413 = DIRECTION ( 'NONE',  ( 0.000000000000000000, 0.000000000000000000, 1.000000000000000000 ) ) ;
#2414 = PLANE ( 'NONE',  #21 ) ;
#2415 = FACE_BOUND ( 'NONE', #2105, .T. ) ;
#2416 = DIRECTION ( 'NONE',  ( -0.6000000000000000888, 0.000000000000000000, -0.7999999999999999334 ) ) ;
#2417 = EDGE_LOOP ( 'NONE', ( #988, #316 ) ) ;
#2418 = FACE_OUTER_BOUND ( 'NONE', #1728, .T. ) ;
#2419 = ORIENTED_EDGE ( 'NONE', *, *, #3075, .T. ) ;
#2420 = FACE_BOUND ( 'NONE', #1976, .T. ) ;
#2421 = ORIENTED_EDGE ( 'NONE', *, *, #2457, .T. ) ;
#2422 = LINE ( 'NONE', #356, #1240 ) ;
#2423 = DIRECTION ( 'NONE',  ( -0.000000000000000000, -1.000000000000000000, -0.000000000000000000 ) ) ;
#2424 = APPROVAL_ROLE ( '' ) ;
#2425 = LINE ( 'NONE', #2687, #2033 ) ;
#2426 = AXIS2_PLACEMENT_3D ( 'NONE', #1698, #2734, #110 ) ;
#2427 = VECTOR ( 'NONE', #1943, 39.37007874015748143 ) ;
#2428 = CARTESIAN_POINT ( 'NONE',  ( 2.875000000000000444, 0.2500000000000000000, -0.1870078740157480601 ) ) ;
#2429 = AXIS2_PLACEMENT_3D ( 'NONE', #767, #1795, #2814 ) ;
#2430 = ORIENTED_EDGE ( 'NONE', *, *, #948, .T. ) ;
#2431 = DIRECTION ( 'NONE',  ( 0.000000000000000000, 1.000000000000000000, 0.000000000000000000 ) ) ;
#2432 = CARTESIAN_POINT ( 'NONE',  ( 5.463695987328526437E-16, 0.000000000000000000, -0.9961703873833915868 ) ) ;
#2433 = VECTOR ( 'NONE', #1473, 39.37007874015748854 ) ;
#2434 = DIRECTION ( 'NONE',  ( -0.000000000000000000, 1.000000000000000000, -0.000000000000000000 ) ) ;
#2435 = EDGE_CURVE ( 'NONE', #2736, #2008, #2206, .T. ) ;
#2436 = DIRECTION ( 'NONE',  ( 0.000000000000000000, 0.000000000000000000, 1.000000000000000000 ) ) ;
#2437 = CARTESIAN_POINT ( 'NONE',  ( -2.149999999999999911, 0.2500000000000000000, 0.9249999999999998224 ) ) ;
#2438 = ORIENTED_EDGE ( 'NONE', *, *, #633, .F. ) ;
#2439 = CARTESIAN_POINT ( 'NONE',  ( 5.463695987328526437E-16, 0.000000000000000000, -0.9961703873833915868 ) ) ;
#2440 = EDGE_CURVE ( 'NONE', #2723, #660, #2805, .T. ) ;
#2441 = DIRECTION ( 'NONE',  ( -0.000000000000000000, 1.000000000000000000, -0.000000000000000000 ) ) ;
#2442 = ADVANCED_FACE ( 'NONE', ( #1249 ), #2284, .F. ) ;
#2443 = VECTOR ( 'NONE', #1539, 39.37007874015748143 ) ;
#2444 = CIRCLE ( 'NONE', #968, 0.05511811023622041616 ) ;
#2445 = EDGE_LOOP ( 'NONE', ( #2588, #2012, #3318, #1538 ) ) ;
#2446 = CARTESIAN_POINT ( 'NONE',  ( -2.450000000000000178, 0.2500000000000000000, -1.118503937007873761 ) ) ;
#2447 = COORDINATED_UNIVERSAL_TIME_OFFSET ( 8, 0, .BEHIND. ) ;
#2448 = AXIS2_PLACEMENT_3D ( 'NONE', #2712, #979, #956 ) ;
#2449 = LINE ( 'NONE', #2135, #433 ) ;
#2450 = CARTESIAN_POINT ( 'NONE',  ( 1.000000000000000444, 0.000000000000000000, 1.875000000000000000 ) ) ;
#2451 = LINE ( 'NONE', #2162, #1017 ) ;
#2452 = CARTESIAN_POINT ( 'NONE',  ( 0.000000000000000000, 0.000000000000000000, -5.397019699529387537 ) ) ;
#2453 = ORIENTED_EDGE ( 'NONE', *, *, #1501, .T. ) ;
#2454 = CYLINDRICAL_SURFACE ( 'NONE', #1661, 0.06299212598425185661 ) ;
#2455 = ADVANCED_FACE ( 'NONE', ( #2298 ), #567, .F. ) ;
#2456 = FACE_BOUND ( 'NONE', #2481, .T. ) ;
#2457 = EDGE_CURVE ( 'NONE', #3293, #236, #1819, .T. ) ;
#2458 = ORIENTED_EDGE ( 'NONE', *, *, #538, .T. ) ;
#2459 = EDGE_CURVE ( 'NONE', #2351, #1884, #1008, .T. ) ;
#2460 = DIRECTION ( 'NONE',  ( -0.000000000000000000, 1.000000000000000000, -0.000000000000000000 ) ) ;
#2461 = COORDINATED_UNIVERSAL_TIME_OFFSET ( 8, 0, .BEHIND. ) ;
#2462 = CARTESIAN_POINT ( 'NONE',  ( -2.941511110779745142, 0.2500000000000000000, -2.069704343855084172 ) ) ;
#2463 = CARTESIAN_POINT ( 'NONE',  ( -0.3740157480314955096, 0.000000000000000000, -0.9961703873833915868 ) ) ;
#2464 = CARTESIAN_POINT ( 'NONE',  ( -3.000000000000000444, 0.000000000000000000, -1.909007441433449692 ) ) ;
#2465 = LINE ( 'NONE', #1392, #2249 ) ;
#2466 = FACE_OUTER_BOUND ( 'NONE', #2046, .T. ) ;
#2467 = CYLINDRICAL_SURFACE ( 'NONE', #1731, 0.2499999999999998057 ) ;
#2468 = VERTEX_POINT ( 'NONE', #2585 ) ;
#2469 = DIRECTION ( 'NONE',  ( 0.000000000000000000, 0.000000000000000000, 1.000000000000000000 ) ) ;
#2470 = ORIENTED_EDGE ( 'NONE', *, *, #2106, .T. ) ;
#2471 = DIRECTION ( 'NONE',  ( -0.000000000000000000, 1.000000000000000000, -0.000000000000000000 ) ) ;
#2472 = CARTESIAN_POINT ( 'NONE',  ( 5.586160667243261979E-16, 0.000000000000000000, -1.096170387383391676 ) ) ;
#2473 = ORIENTED_EDGE ( 'NONE', *, *, #2332, .F. ) ;
#2474 = PLANE ( 'NONE',  #2902 ) ;
#2475 = DIRECTION ( 'NONE',  ( 0.000000000000000000, -1.000000000000000000, -0.000000000000000000 ) ) ;
#2476 = AXIS2_PLACEMENT_3D ( 'NONE', #89, #578, #2147 ) ;
#2477 = FACE_OUTER_BOUND ( 'NONE', #1222, .T. ) ;
#2478 = CARTESIAN_POINT ( 'NONE',  ( 2.450000000000000178, -3.937007874016270969E-05, -1.118503937007873761 ) ) ;
#2479 = CARTESIAN_POINT ( 'NONE',  ( -0.7905718679219506662, 0.2500000000000000000, -5.022024870697843646 ) ) ;
#2480 = CIRCLE ( 'NONE', #1925, 0.2500000000000000555 ) ;
#2481 = EDGE_LOOP ( 'NONE', ( #3251, #3210 ) ) ;
#2482 = AXIS2_PLACEMENT_3D ( 'NONE', #1812, #730, #747 ) ;
#2483 = VECTOR ( 'NONE', #2657, 39.37007874015748143 ) ;
#2484 = CARTESIAN_POINT ( 'NONE',  ( 2.450000000000000178, 0.000000000000000000, -0.8185039370078738274 ) ) ;
#2485 = VECTOR ( 'NONE', #1076, 39.37007874015748143 ) ;
#2486 = ORIENTED_EDGE ( 'NONE', *, *, #618, .F. ) ;
#2487 = CARTESIAN_POINT ( 'NONE',  ( 2.450000000000000178, 0.000000000000000000, -1.118503937007873761 ) ) ;
#2488 = AXIS2_PLACEMENT_3D ( 'NONE', #1168, #1192, #719 ) ;
#2489 = DIRECTION ( 'NONE',  ( -8.195543980992795572E-16, 0.000000000000000000, 1.000000000000000000 ) ) ;
#2490 = CARTESIAN_POINT ( 'NONE',  ( 2.150000000000000355, 0.2500000000000000000, 0.9249999999999999334 ) ) ;
#2491 = EDGE_CURVE ( 'NONE', #1916, #1525, #11, .T. ) ;
#2492 = AXIS2_PLACEMENT_3D ( 'NONE', #2123, #349, #860 ) ;
#2493 = ADVANCED_FACE ( 'NONE', ( #823 ), #1029, .T. ) ;
#2494 = CARTESIAN_POINT ( 'NONE',  ( 0.000000000000000000, 0.2500000000000000000, -6.022019699529387537 ) ) ;
#2495 = EDGE_LOOP ( 'NONE', ( #2908, #3089 ) ) ;
#2496 = DIRECTION ( 'NONE',  ( 0.000000000000000000, 1.000000000000000000, 0.000000000000000000 ) ) ;
#2497 = DIRECTION ( 'NONE',  ( 0.000000000000000000, 0.000000000000000000, -1.000000000000000000 ) ) ;
#2498 = ORIENTED_EDGE ( 'NONE', *, *, #1624, .T. ) ;
#2499 = EDGE_CURVE ( 'NONE', #1065, #1206, #2366, .T. ) ;
#2500 = CARTESIAN_POINT ( 'NONE',  ( 2.450000000000000178, 0.2500000000000000000, -1.118503937007873761 ) ) ;
#2501 = DIRECTION ( 'NONE',  ( 0.000000000000000000, 0.000000000000000000, 1.000000000000000000 ) ) ;
#2502 = VERTEX_POINT ( 'NONE', #2061 ) ;
#2503 = ORIENTED_EDGE ( 'NONE', *, *, #235, .T. ) ;
#2504 = CARTESIAN_POINT ( 'NONE',  ( 0.2999999999999998224, -3.937007874016270969E-05, 1.449999999999999734 ) ) ;
#2505 = DIRECTION ( 'NONE',  ( 0.000000000000000000, 0.000000000000000000, 1.000000000000000000 ) ) ;
#2506 = CARTESIAN_POINT ( 'NONE',  ( 0.7415111107797446310, 0.000000000000000000, -4.224845099504232593 ) ) ;
#2507 = CARTESIAN_POINT ( 'NONE',  ( -2.875000000000000444, 0.000000000000000000, -1.750000000000000222 ) ) ;
#2508 = DIRECTION ( 'NONE',  ( 0.000000000000000000, 0.000000000000000000, 1.000000000000000000 ) ) ;
#2509 = DIRECTION ( 'NONE',  ( -0.6427876096865378086, -0.000000000000000000, 0.7660444431189793457 ) ) ;
#2510 = CARTESIAN_POINT ( 'NONE',  ( 0.5990607571422064126, 0.000000000000000000, -4.861327968276209610 ) ) ;
#2511 = VERTEX_POINT ( 'NONE', #288 ) ;
#2512 = CYLINDRICAL_SURFACE ( 'NONE', #2801, 0.2499999999999995282 ) ;
#2513 = EDGE_CURVE ( 'NONE', #1710, #1816, #760, .T. ) ;
#2514 = EDGE_CURVE ( 'NONE', #1956, #233, #1860, .T. ) ;
#2515 = ORIENTED_EDGE ( 'NONE', *, *, #2020, .F. ) ;
#2516 = ORIENTED_EDGE ( 'NONE', *, *, #148, .T. ) ;
#2517 = CARTESIAN_POINT ( 'NONE',  ( 2.699999999999999734, 0.000000000000000000, -1.799816371153589944 ) ) ;
#2518 = ORIENTED_EDGE ( 'NONE', *, *, #1251, .F. ) ;
#2519 = ORIENTED_EDGE ( 'NONE', *, *, #596, .T. ) ;
#2520 = CARTESIAN_POINT ( 'NONE',  ( 0.5499999999999997113, 0.2500000000000000000, 1.449999999999999734 ) ) ;
#2521 = VERTEX_POINT ( 'NONE', #42 ) ;
#2522 = LINE ( 'NONE', #467, #1176 ) ;
#2523 = EDGE_LOOP ( 'NONE', ( #1552, #946, #2519, #1252 ) ) ;
#2524 = DIRECTION ( 'NONE',  ( 0.000000000000000000, 1.000000000000000000, 0.000000000000000000 ) ) ;
#2525 = LINE ( 'NONE', #1233, #541 ) ;
#2526 = CARTESIAN_POINT ( 'NONE',  ( -0.9999999999999995559, 0.2500000000000000000, 1.875000000000000444 ) ) ;
#2527 = CIRCLE ( 'NONE', #427, 0.05511811023622041616 ) ;
#2528 = LINE ( 'NONE', #1236, #1410 ) ;
#2529 = CYLINDRICAL_SURFACE ( 'NONE', #1609, 0.2500000000000001665 ) ;
#2530 = VERTEX_POINT ( 'NONE', #270 ) ;
#2531 = CARTESIAN_POINT ( 'NONE',  ( -1.500000000000000222, 0.2500000000000000000, 2.000000000000000000 ) ) ;
#2532 = VECTOR ( 'NONE', #332, 39.37007874015748143 ) ;
#2533 = VERTEX_POINT ( 'NONE', #57 ) ;
#2534 = CARTESIAN_POINT ( 'NONE',  ( -2.149999999999999911, 0.2500000000000000000, 0.8620078740157479658 ) ) ;
#2535 = AXIS2_PLACEMENT_3D ( 'NONE', #1547, #1494, #509 ) ;
#2536 = AXIS2_PLACEMENT_3D ( 'NONE', #763, #2826, #531 ) ;
#2537 = ORIENTED_EDGE ( 'NONE', *, *, #416, .T. ) ;
#2538 = EDGE_CURVE ( 'NONE', #1011, #757, #2752, .T. ) ;
#2539 = ORIENTED_EDGE ( 'NONE', *, *, #1333, .F. ) ;
#2540 = EDGE_CURVE ( 'NONE', #13, #2037, #2854, .T. ) ;
#2541 = ORIENTED_EDGE ( 'NONE', *, *, #2393, .T. ) ;
#2542 = DIRECTION ( 'NONE',  ( 0.000000000000000000, -1.000000000000000000, 0.000000000000000000 ) ) ;
#2543 = SECURITY_CLASSIFICATION ( '', '', #1905 ) ;
#2544 = AXIS2_PLACEMENT_3D ( 'NONE', #1626, #1639, #1371 ) ;
#2545 = AXIS2_PLACEMENT_3D ( 'NONE', #2868, #788, #580 ) ;
#2546 = CARTESIAN_POINT ( 'NONE',  ( -2.449999999999999734, 0.2500000000000000000, -1.799816371153589944 ) ) ;
#2547 = FACE_OUTER_BOUND ( 'NONE', #1186, .T. ) ;
#2548 = CARTESIAN_POINT ( 'NONE',  ( -2.875000000000000444, 0.2500000000000000000, -0.2499999999999998612 ) ) ;
#2549 = ORIENTED_EDGE ( 'NONE', *, *, #1332, .T. ) ;
#2550 = APPROVAL_STATUS ( 'not_yet_approved' ) ;
#2551 = VECTOR ( 'NONE', #19, 39.37007874015748143 ) ;
#2552 = DIRECTION ( 'NONE',  ( -0.000000000000000000, 1.000000000000000000, -0.000000000000000000 ) ) ;
#2553 = ORIENTED_EDGE ( 'NONE', *, *, #45, .F. ) ;
#2554 = VERTEX_POINT ( 'NONE', #1303 ) ;
#2555 = VERTEX_POINT ( 'NONE', #2617 ) ;
#2556 = DIRECTION ( 'NONE',  ( 0.000000000000000000, 0.000000000000000000, 1.000000000000000000 ) ) ;
#2557 = ADVANCED_FACE ( 'NONE', ( #1605 ), #2848, .F. ) ;
#2558 = ORIENTED_EDGE ( 'NONE', *, *, #1852, .T. ) ;
#2559 = LINE ( 'NONE', #2809, #2433 ) ;
#2560 = ORIENTED_EDGE ( 'NONE', *, *, #2309, .F. ) ;
#2561 = ORIENTED_EDGE ( 'NONE', *, *, #2330, .T. ) ;
#2562 = CARTESIAN_POINT ( 'NONE',  ( -1.375000000000000222, 0.000000000000000000, 2.000000000000000000 ) ) ;
#2563 = CARTESIAN_POINT ( 'NONE',  ( 2.750000000000000444, 0.2500000000000000000, -0.08333333333333371729 ) ) ;
#2564 = DIRECTION ( 'NONE',  ( -0.000000000000000000, 1.000000000000000000, -0.000000000000000000 ) ) ;
#2565 = EDGE_LOOP ( 'NONE', ( #2589, #3040, #2067, #426 ) ) ;
#2566 = CARTESIAN_POINT ( 'NONE',  ( -2.641511110779743987, 0.000000000000000000, -1.960513273575224202 ) ) ;
#2567 = PLANE ( 'NONE',  #1408 ) ;
#2568 = EDGE_LOOP ( 'NONE', ( #1484, #394, #3021, #1515 ) ) ;
#2569 = ORIENTED_EDGE ( 'NONE', *, *, #301, .T. ) ;
#2570 = EDGE_LOOP ( 'NONE', ( #224, #1288, #452, #198 ) ) ;
#2571 = DIRECTION ( 'NONE',  ( 0.000000000000000000, 0.000000000000000000, 1.000000000000000000 ) ) ;
#2572 = ORIENTED_EDGE ( 'NONE', *, *, #1586, .T. ) ;
#2573 = CARTESIAN_POINT ( 'NONE',  ( 2.750000000000000444, 0.2500000000000000000, -1.909007441433449692 ) ) ;
#2574 = EDGE_CURVE ( 'NONE', #2753, #1736, #1575, .T. ) ;
#2575 = EDGE_CURVE ( 'NONE', #3292, #30, #2606, .T. ) ;
#2576 = ORIENTED_EDGE ( 'NONE', *, *, #82, .T. ) ;
#2577 = EDGE_CURVE ( 'NONE', #1037, #2682, #2823, .T. ) ;
#2578 = LINE ( 'NONE', #829, #1451 ) ;
#2579 = COORDINATED_UNIVERSAL_TIME_OFFSET ( 8, 0, .BEHIND. ) ;
#2580 = DIRECTION ( 'NONE',  ( 0.000000000000000000, 1.000000000000000000, 0.000000000000000000 ) ) ;
#2581 = FACE_OUTER_BOUND ( 'NONE', #3300, .T. ) ;
#2582 = VERTEX_POINT ( 'NONE', #1060 ) ;
#2583 = ORIENTED_EDGE ( 'NONE', *, *, #1660, .F. ) ;
#2584 = ORIENTED_EDGE ( 'NONE', *, *, #507, .F. ) ;
#2585 = CARTESIAN_POINT ( 'NONE',  ( 0.5499999999999997113, 0.000000000000000000, 1.699999999999999956 ) ) ;
#2586 = CIRCLE ( 'NONE', #2319, 0.06299212598425185661 ) ;
#2587 = CIRCLE ( 'NONE', #801, 0.2500000000000000555 ) ;
#2588 = ORIENTED_EDGE ( 'NONE', *, *, #3123, .T. ) ;
#2589 = ORIENTED_EDGE ( 'NONE', *, *, #1483, .F. ) ;
#2590 = CIRCLE ( 'NONE', #1343, 0.1000000000000001582 ) ;
#2591 = CARTESIAN_POINT ( 'NONE',  ( -1.500000000000000222, 0.000000000000000000, 2.000000000000000000 ) ) ;
#2592 = VECTOR ( 'NONE', #2870, 39.37007874015748854 ) ;
#2593 = APPROVAL_PERSON_ORGANIZATION ( #1549, #499, #523 ) ;
#2594 = AXIS2_PLACEMENT_3D ( 'NONE', #419, #612, #1130 ) ;
#2595 = ORIENTED_EDGE ( 'NONE', *, *, #2538, .F. ) ;
#2596 = ADVANCED_FACE ( 'NONE', ( #3110 ), #775, .T. ) ;
#2597 = DIRECTION ( 'NONE',  ( -0.000000000000000000, 1.000000000000000000, -0.000000000000000000 ) ) ;
#2598 = CARTESIAN_POINT ( 'NONE',  ( 1.424999999999999600, 0.000000000000000000, 1.599999999999999867 ) ) ;
#2599 = PERSON_AND_ORGANIZATION ( #2223, #3114 ) ;
#2600 = VECTOR ( 'NONE', #1438, 39.37007874015748143 ) ;
#2601 = CARTESIAN_POINT ( 'NONE',  ( 5.586160667243261979E-16, 0.000000000000000000, -1.096170387383391676 ) ) ;
#2602 = AXIS2_PLACEMENT_3D ( 'NONE', #2081, #2996, #3117 ) ;
#2603 = VERTEX_POINT ( 'NONE', #2652 ) ;
#2604 = EDGE_LOOP ( 'NONE', ( #2692, #2111, #992, #1271 ) ) ;
#2605 = ORIENTED_EDGE ( 'NONE', *, *, #1353, .T. ) ;
#2606 = LINE ( 'NONE', #317, #1024 ) ;
#2607 = ORIENTED_EDGE ( 'NONE', *, *, #2738, .F. ) ;
#2608 = LINE ( 'NONE', #1095, #227 ) ;
#2609 = ORIENTED_EDGE ( 'NONE', *, *, #2674, .T. ) ;
#2610 = CYLINDRICAL_SURFACE ( 'NONE', #2898, 0.1000000000000001582 ) ;
#2611 = PLANE ( 'NONE',  #2755 ) ;
#2612 = ADVANCED_FACE ( 'NONE', ( #2681 ), #1384, .F. ) ;
#2613 = ADVANCED_FACE ( 'NONE', ( #1870 ), #2129, .F. ) ;
#2614 = ORIENTED_EDGE ( 'NONE', *, *, #2435, .F. ) ;
#2615 = ORIENTED_EDGE ( 'NONE', *, *, #3141, .T. ) ;
#2616 = ADVANCED_FACE ( 'NONE', ( #848, #354, #643, #893, #1369, #2150, #2944, #1125, #404, #2420, #1885, #3148, #835, #91, #624, #610, #1673, #2963, #2456, #1650, #2929 ), #107, .T. ) ;
#2617 = CARTESIAN_POINT ( 'NONE',  ( 1.618669225237052478, 0.2500000000000000000, -3.514732561011392864 ) ) ;
#2618 = ORIENTED_EDGE ( 'NONE', *, *, #1886, .F. ) ;
#2619 = DIRECTION ( 'NONE',  ( 0.5999999999999999778, 0.000000000000000000, 0.7999999999999998224 ) ) ;
#2620 = VERTEX_POINT ( 'NONE', #2704 ) ;
#2621 = FACE_OUTER_BOUND ( 'NONE', #981, .T. ) ;
#2622 = DIRECTION ( 'NONE',  ( 1.000000000000000000, 0.000000000000000000, 1.353402360816702007E-16 ) ) ;
#2623 = CARTESIAN_POINT ( 'NONE',  ( 2.875000000000000444, 0.2500000000000000000, -0.2499999999999999167 ) ) ;
#2624 = CYLINDRICAL_SURFACE ( 'NONE', #347, 0.2500000000000000000 ) ;
#2625 = ORIENTED_EDGE ( 'NONE', *, *, #2373, .F. ) ;
#2626 = DIRECTION ( 'NONE',  ( -1.266760602010063133E-15, 0.000000000000000000, 1.000000000000000000 ) ) ;
#2627 = ORIENTED_EDGE ( 'NONE', *, *, #927, .F. ) ;
#2628 = CYLINDRICAL_SURFACE ( 'NONE', #3280, 0.1000000000000001582 ) ;
#2629 = AXIS2_PLACEMENT_3D ( 'NONE', #1200, #3249, #921 ) ;
#2630 = ADVANCED_FACE ( 'NONE', ( #1621 ), #381, .F. ) ;
#2631 = CIRCLE ( 'NONE', #2426, 0.2499999999999998057 ) ;
#2632 = ADVANCED_FACE ( 'NONE', ( #1093 ), #879, .F. ) ;
#2633 = EDGE_LOOP ( 'NONE', ( #261, #1208, #1523, #1713 ) ) ;
#2634 = LINE ( 'NONE', #3115, #3272 ) ;
#2635 = CARTESIAN_POINT ( 'NONE',  ( 5.770511628107025970E-16, 0.000000000000000000, -1.311131017304651758 ) ) ;
#2636 = CIRCLE ( 'NONE', #2535, 0.05511811023622041616 ) ;
#2637 = AXIS2_PLACEMENT_3D ( 'NONE', #1746, #3205, #2816 ) ;
#2638 = AXIS2_PLACEMENT_3D ( 'NONE', #883, #870, #630 ) ;
#2639 = DIRECTION ( 'NONE',  ( -0.000000000000000000, -1.000000000000000000, -0.000000000000000000 ) ) ;
#2640 = LOCAL_TIME ( 20, 57, 44.00000000000000000, #2579 ) ;
#2641 = AXIS2_PLACEMENT_3D ( 'NONE', #1045, #3315, #2571 ) ;
#2642 = DIRECTION ( 'NONE',  ( -0.000000000000000000, 1.000000000000000000, -0.000000000000000000 ) ) ;
#2643 = AXIS2_PLACEMENT_3D ( 'NONE', #133, #2441, #2186 ) ;
#2644 = DIRECTION ( 'NONE',  ( 0.000000000000000000, 1.000000000000000000, 0.000000000000000000 ) ) ;
#2645 = DIRECTION ( 'NONE',  ( 0.000000000000000000, 0.000000000000000000, 1.000000000000000000 ) ) ;
#2646 = CARTESIAN_POINT ( 'NONE',  ( 2.450000000000000178, -3.937007874016270969E-05, -0.5685039370078739385 ) ) ;
#2647 = VECTOR ( 'NONE', #809, 39.37007874015748143 ) ;
#2648 = ORIENTED_EDGE ( 'NONE', *, *, #1997, .T. ) ;
#2649 = DIRECTION ( 'NONE',  ( -0.000000000000000000, 1.000000000000000000, -0.000000000000000000 ) ) ;
#2650 = VECTOR ( 'NONE', #2434, 39.37007874015748143 ) ;
#2651 = ORIENTED_EDGE ( 'NONE', *, *, #2411, .T. ) ;
#2652 = CARTESIAN_POINT ( 'NONE',  ( 5.838011845382864411E-16, 0.2500000000000000000, -1.366249127540872133 ) ) ;
#2653 = CIRCLE ( 'NONE', #1191, 0.2500000000000000555 ) ;
#2654 = VERTEX_POINT ( 'NONE', #1401 ) ;
#2655 = CARTESIAN_POINT ( 'NONE',  ( -0.5500000000000000444, 0.000000000000000000, -0.8185039370078738274 ) ) ;
#2656 = ADVANCED_FACE ( 'NONE', ( #663 ), #2628, .F. ) ;
#2657 = DIRECTION ( 'NONE',  ( -0.000000000000000000, 1.000000000000000000, -0.000000000000000000 ) ) ;
#2658 = EDGE_CURVE ( 'NONE', #3160, #2927, #2039, .T. ) ;
#2659 = ORIENTED_EDGE ( 'NONE', *, *, #1423, .F. ) ;
#2660 = CARTESIAN_POINT ( 'NONE',  ( -1.618669225237052478, 0.2500000000000000000, -3.514732561011392864 ) ) ;
#2661 = DIRECTION ( 'NONE',  ( -0.000000000000000000, -1.000000000000000000, -0.000000000000000000 ) ) ;
#2662 = DIRECTION ( 'NONE',  ( 0.000000000000000000, -0.000000000000000000, 1.000000000000000000 ) ) ;
#2663 = CARTESIAN_POINT ( 'NONE',  ( 2.875000000000000444, 0.2500000000000000000, -1.750000000000000222 ) ) ;
#2664 = ORIENTED_EDGE ( 'NONE', *, *, #1245, .T. ) ;
#2665 = DIRECTION ( 'NONE',  ( 0.000000000000000000, 1.000000000000000000, 0.000000000000000000 ) ) ;
#2666 = CARTESIAN_POINT ( 'NONE',  ( 0.5500000000000001554, 0.2500000000000000000, -1.368503937007873983 ) ) ;
#2667 = ORIENTED_EDGE ( 'NONE', *, *, #2148, .F. ) ;
#2668 = CARTESIAN_POINT ( 'NONE',  ( -2.650000000000000355, 0.000000000000000000, -0.03333333333333377696 ) ) ;
#2669 = EDGE_CURVE ( 'NONE', #263, #2889, #2405, .T. ) ;
#2670 = CARTESIAN_POINT ( 'NONE',  ( 5.463695987328526437E-16, 0.2500000000000000000, -0.9961703873833915868 ) ) ;
#2671 = DIRECTION ( 'NONE',  ( 0.000000000000000000, 0.000000000000000000, 1.000000000000000000 ) ) ;
#2672 = CARTESIAN_POINT ( 'NONE',  ( 0.2999999999999998224, 0.2500000000000000000, 1.449999999999999734 ) ) ;
#2673 = EDGE_CURVE ( 'NONE', #1204, #1370, #1077, .T. ) ;
#2674 = EDGE_CURVE ( 'NONE', #1471, #3019, #2152, .T. ) ;
#2675 = EDGE_LOOP ( 'NONE', ( #504, #1537 ) ) ;
#2676 = DIRECTION ( 'NONE',  ( 0.000000000000000000, 1.000000000000000000, 0.000000000000000000 ) ) ;
#2677 = CARTESIAN_POINT ( 'NONE',  ( 5.770511628107025970E-16, 0.2500000000000000000, -1.256012907068431161 ) ) ;
#2678 = CYLINDRICAL_SURFACE ( 'NONE', #1558, 0.06299212598425185661 ) ;
#2679 = ORIENTED_EDGE ( 'NONE', *, *, #1781, .T. ) ;
#2680 = CARTESIAN_POINT ( 'NONE',  ( 0.5499999999999997113, 0.2500000000000000000, 1.699999999999999734 ) ) ;
#2681 = FACE_OUTER_BOUND ( 'NONE', #3052, .T. ) ;
#2682 = VERTEX_POINT ( 'NONE', #2517 ) ;
#2683 = VECTOR ( 'NONE', #2777, 39.37007874015748143 ) ;
#2684 = CARTESIAN_POINT ( 'NONE',  ( 2.700000000000000178, 0.000000000000000000, -0.1833333333333337090 ) ) ;
#2685 = LINE ( 'NONE', #385, #2647 ) ;
#2686 = CIRCLE ( 'NONE', #743, 0.2500000000000000000 ) ;
#2687 = CARTESIAN_POINT ( 'NONE',  ( 2.650000000000000355, 0.000000000000000000, -0.03333333333333366594 ) ) ;
#2688 = AXIS2_PLACEMENT_3D ( 'NONE', #2097, #2943, #642 ) ;
#2689 = CIRCLE ( 'NONE', #1929, 0.2500000000000000555 ) ;
#2690 = DIRECTION ( 'NONE',  ( -0.000000000000000000, 1.000000000000000000, -0.000000000000000000 ) ) ;
#2691 = AXIS2_PLACEMENT_3D ( 'NONE', #2546, #1228, #694 ) ;
#2692 = ORIENTED_EDGE ( 'NONE', *, *, #337, .F. ) ;
#2693 = AXIS2_PLACEMENT_3D ( 'NONE', #264, #1275, #3034 ) ;
#2694 = ORIENTED_EDGE ( 'NONE', *, *, #1126, .T. ) ;
#2695 = DIRECTION ( 'NONE',  ( -0.000000000000000000, 1.000000000000000000, -0.000000000000000000 ) ) ;
#2696 = VECTOR ( 'NONE', #2505, 39.37007874015748143 ) ;
#2697 = CARTESIAN_POINT ( 'NONE',  ( 1.375000000000000222, 0.2500000000000000000, 2.000000000000000000 ) ) ;
#2698 = EDGE_CURVE ( 'NONE', #3067, #785, #1958, .T. ) ;
#2699 = FACE_BOUND ( 'NONE', #330, .T. ) ;
#2700 = EDGE_CURVE ( 'NONE', #787, #1263, #2808, .T. ) ;
#2701 = ORIENTED_EDGE ( 'NONE', *, *, #973, .F. ) ;
#2702 = FACE_OUTER_BOUND ( 'NONE', #3078, .T. ) ;
#2703 = ORIENTED_EDGE ( 'NONE', *, *, #1203, .T. ) ;
#2704 = CARTESIAN_POINT ( 'NONE',  ( -0.4503721911733805650, 0.2500000000000000000, -0.7977947996875860426 ) ) ;
#2705 = AXIS2_PLACEMENT_3D ( 'NONE', #179, #2750, #211 ) ;
#2706 = CIRCLE ( 'NONE', #1030, 0.2499999999999995282 ) ;
#2707 = EDGE_LOOP ( 'NONE', ( #2338, #1487, #513, #1536 ) ) ;
#2708 = DIRECTION ( 'NONE',  ( 0.000000000000000000, 0.000000000000000000, 1.000000000000000000 ) ) ;
#2709 = APPROVAL_STATUS ( 'not_yet_approved' ) ;
#2710 = AXIS2_PLACEMENT_3D ( 'NONE', #2379, #1163, #3188 ) ;
#2711 = LINE ( 'NONE', #1937, #388 ) ;
#2712 = CARTESIAN_POINT ( 'NONE',  ( 2.875000000000000444, 0.000000000000000000, -0.2499999999999999167 ) ) ;
#2713 = VERTEX_POINT ( 'NONE', #1500 ) ;
#2714 = EDGE_LOOP ( 'NONE', ( #1684, #548, #1490, #1503 ) ) ;
#2715 = ORIENTED_EDGE ( 'NONE', *, *, #44, .T. ) ;
#2716 = CYLINDRICAL_SURFACE ( 'NONE', #1069, 0.4921259842519685179 ) ;
#2717 = CARTESIAN_POINT ( 'NONE',  ( 5.586160667243261979E-16, 0.2500000000000000000, -1.096170387383391676 ) ) ;
#2718 = VERTEX_POINT ( 'NONE', #2280 ) ;
#2719 = DIRECTION ( 'NONE',  ( 1.266760602010063133E-15, 0.000000000000000000, -1.000000000000000000 ) ) ;
#2720 = EDGE_CURVE ( 'NONE', #2772, #174, #903, .T. ) ;
#2721 = LINE ( 'NONE', #2484, #1352 ) ;
#2722 = EDGE_CURVE ( 'NONE', #1739, #136, #2721, .T. ) ;
#2723 = VERTEX_POINT ( 'NONE', #425 ) ;
#2724 = VERTEX_POINT ( 'NONE', #2783 ) ;
#2725 = FACE_OUTER_BOUND ( 'NONE', #1057, .T. ) ;
#2726 = DIRECTION ( 'NONE',  ( 0.5999999999999999778, -0.000000000000000000, -0.7999999999999998224 ) ) ;
#2727 = PLANE ( 'NONE',  #6 ) ;
#2728 = LINE ( 'NONE', #3287, #1988 ) ;
#2729 = CARTESIAN_POINT ( 'NONE',  ( 2.450000000000000178, -3.937007874016270969E-05, -0.1833333333333337090 ) ) ;
#2730 = DIRECTION ( 'NONE',  ( 0.000000000000000000, 0.000000000000000000, 1.000000000000000000 ) ) ;
#2731 = CARTESIAN_POINT ( 'NONE',  ( 0.2999999999999999334, -3.937007874016270969E-05, -1.368503937007873983 ) ) ;
#2732 = ORIENTED_EDGE ( 'NONE', *, *, #2973, .T. ) ;
#2733 = DIRECTION ( 'NONE',  ( -1.000000000000000000, 0.000000000000000000, 0.000000000000000000 ) ) ;
#2734 = DIRECTION ( 'NONE',  ( 0.000000000000000000, 1.000000000000000000, 0.000000000000000000 ) ) ;
#2735 = EDGE_CURVE ( 'NONE', #1729, #2315, #342, .T. ) ;
#2736 = VERTEX_POINT ( 'NONE', #1948 ) ;
#2737 = FACE_OUTER_BOUND ( 'NONE', #15, .T. ) ;
#2738 = EDGE_CURVE ( 'NONE', #725, #2555, #1990, .T. ) ;
#2739 = EDGE_CURVE ( 'NONE', #3067, #2402, #966, .T. ) ;
#2740 = FACE_OUTER_BOUND ( 'NONE', #2299, .T. ) ;
#2741 = CARTESIAN_POINT ( 'NONE',  ( -1.375000000000000222, 0.2500000000000000000, 1.750000000000000000 ) ) ;
#2742 = AXIS2_PLACEMENT_3D ( 'NONE', #1858, #3158, #863 ) ;
#2743 = CARTESIAN_POINT ( 'NONE',  ( 2.750000000000000444, 0.2500000000000000000, -1.909007441433449692 ) ) ;
#2744 = DIRECTION ( 'NONE',  ( -0.000000000000000000, 1.000000000000000000, -0.000000000000000000 ) ) ;
#2745 = ORIENTED_EDGE ( 'NONE', *, *, #576, .F. ) ;
#2746 = CYLINDRICAL_SURFACE ( 'NONE', #3269, 0.05511811023622041616 ) ;
#2747 = CIRCLE ( 'NONE', #2028, 0.06299212598425159293 ) ;
#2748 = CIRCLE ( 'NONE', #3216, 0.4921259842519685179 ) ;
#2749 = AXIS2_PLACEMENT_3D ( 'NONE', #1692, #420, #1148 ) ;
#2750 = DIRECTION ( 'NONE',  ( 0.000000000000000000, 1.000000000000000000, -0.000000000000000000 ) ) ;
#2751 = APPROVAL_PERSON_ORGANIZATION ( #3199, #945, #2424 ) ;
#2752 = CIRCLE ( 'NONE', #1296, 0.2499999999999998057 ) ;
#2753 = VERTEX_POINT ( 'NONE', #2205 ) ;
#2754 = DIRECTION ( 'NONE',  ( 0.000000000000000000, 0.000000000000000000, 1.000000000000000000 ) ) ;
#2755 = AXIS2_PLACEMENT_3D ( 'NONE', #3053, #783, #1518 ) ;
#2756 = DIRECTION ( 'NONE',  ( 0.000000000000000000, 0.000000000000000000, 1.000000000000000000 ) ) ;
#2757 = CIRCLE ( 'NONE', #1081, 0.2500000000000002220 ) ;
#2758 = EDGE_CURVE ( 'NONE', #2713, #9, #987, .T. ) ;
#2759 = DIRECTION ( 'NONE',  ( -0.000000000000000000, 1.000000000000000000, -0.000000000000000000 ) ) ;
#2760 = CIRCLE ( 'NONE', #243, 0.6250000000000005551 ) ;
#2761 = LINE ( 'NONE', #1446, #1785 ) ;
#2762 = VERTEX_POINT ( 'NONE', #3036 ) ;
#2763 = LINE ( 'NONE', #423, #115 ) ;
#2764 = EDGE_CURVE ( 'NONE', #2819, #1540, #2226, .T. ) ;
#2765 = ORIENTED_EDGE ( 'NONE', *, *, #3185, .T. ) ;
#2766 = CARTESIAN_POINT ( 'NONE',  ( -2.650000000000000355, 0.2500000000000000000, -0.03333333333333366594 ) ) ;
#2767 = ORIENTED_EDGE ( 'NONE', *, *, #2574, .T. ) ;
#2768 = VERTEX_POINT ( 'NONE', #445 ) ;
#2769 = DIRECTION ( 'NONE',  ( 0.000000000000000000, 1.000000000000000000, 0.000000000000000000 ) ) ;
#2770 = EDGE_LOOP ( 'NONE', ( #1046, #3076, #1652, #949 ) ) ;
#2771 = CARTESIAN_POINT ( 'NONE',  ( -2.450000000000000178, 0.2500000000000000000, -0.8185039370078738274 ) ) ;
#2772 = VERTEX_POINT ( 'NONE', #3294 ) ;
#2773 = DIRECTION ( 'NONE',  ( 0.000000000000000000, 0.000000000000000000, 1.000000000000000000 ) ) ;
#2774 = EDGE_CURVE ( 'NONE', #2502, #93, #291, .T. ) ;
#2775 = FACE_OUTER_BOUND ( 'NONE', #1267, .T. ) ;
#2776 = CARTESIAN_POINT ( 'NONE',  ( 1.574999999999999956, 0.2500000000000000000, 1.900000000000000133 ) ) ;
#2777 = DIRECTION ( 'NONE',  ( -0.000000000000000000, -1.000000000000000000, -0.000000000000000000 ) ) ;
#2778 = EDGE_LOOP ( 'NONE', ( #2051, #1510, #79, #3204, #1318, #2264, #2583, #890, #2667 ) ) ;
#2779 = DIRECTION ( 'NONE',  ( -0.000000000000000000, 1.000000000000000000, -0.000000000000000000 ) ) ;
#2780 = EDGE_CURVE ( 'NONE', #2654, #660, #3225, .T. ) ;
#2781 = ADVANCED_FACE ( 'NONE', ( #914 ), #2257, .T. ) ;
#2782 = EDGE_CURVE ( 'NONE', #2713, #424, #497, .T. ) ;
#2783 = CARTESIAN_POINT ( 'NONE',  ( -0.3000000000000002109, 0.000000000000000000, -4.064148197082598557 ) ) ;
#2784 = EDGE_LOOP ( 'NONE', ( #3080, #2246, #1041, #2026, #2004, #793, #310, #1463, #2765, #500, #466, #2569, #1488, #2767, #3144, #2845, #3303 ) ) ;
#2785 = DIRECTION ( 'NONE',  ( -0.000000000000000000, 1.000000000000000000, -0.000000000000000000 ) ) ;
#2786 = ORIENTED_EDGE ( 'NONE', *, *, #3185, .F. ) ;
#2787 = VERTEX_POINT ( 'NONE', #704 ) ;
#2788 = CARTESIAN_POINT ( 'NONE',  ( 3.000000000000000444, 0.000000000000000000, -0.08333333333333371729 ) ) ;
#2789 = CARTESIAN_POINT ( 'NONE',  ( 1.618669225237052478, 0.2500000000000000000, -3.451740435027140563 ) ) ;
#2790 = ORIENTED_EDGE ( 'NONE', *, *, #151, .T. ) ;
#2791 = DIRECTION ( 'NONE',  ( 0.000000000000000000, 1.000000000000000000, 0.000000000000000000 ) ) ;
#2792 = CARTESIAN_POINT ( 'NONE',  ( -2.450000000000000178, -3.937007874016270969E-05, -0.5685039370078739385 ) ) ;
#2793 = DIRECTION ( 'NONE',  ( 0.000000000000000000, -1.000000000000000000, 0.000000000000000000 ) ) ;
#2794 = CARTESIAN_POINT ( 'NONE',  ( 3.000000000000000444, 0.2500000000000000000, -1.909007441433449692 ) ) ;
#2795 = ORIENTED_EDGE ( 'NONE', *, *, #1865, .T. ) ;
#2796 = AXIS2_PLACEMENT_3D ( 'NONE', #2507, #1964, #2995 ) ;
#2797 = FACE_OUTER_BOUND ( 'NONE', #2113, .T. ) ;
#2798 = AXIS2_PLACEMENT_3D ( 'NONE', #2563, #2274, #1742 ) ;
#2799 = EDGE_CURVE ( 'NONE', #1867, #3160, #1469, .T. ) ;
#2800 = EDGE_CURVE ( 'NONE', #2530, #494, #1205, .T. ) ;
#2801 = AXIS2_PLACEMENT_3D ( 'NONE', #2984, #1924, #2198 ) ;
#2802 = ORIENTED_EDGE ( 'NONE', *, *, #1853, .F. ) ;
#2803 = ORIENTED_EDGE ( 'NONE', *, *, #3201, .T. ) ;
#2804 = ORIENTED_EDGE ( 'NONE', *, *, #429, .F. ) ;
#2805 = LINE ( 'NONE', #1994, #390 ) ;
#2806 = CARTESIAN_POINT ( 'NONE',  ( 2.700000000000000178, 0.000000000000000000, -1.368503937007873983 ) ) ;
#2807 = ORIENTED_EDGE ( 'NONE', *, *, #1830, .T. ) ;
#2808 = CIRCLE ( 'NONE', #1570, 0.2500000000000000000 ) ;
#2809 = CARTESIAN_POINT ( 'NONE',  ( -0.7415111107797446310, 0.2500000000000000000, -4.224845099504232593 ) ) ;
#2810 = LINE ( 'NONE', #764, #2154 ) ;
#2811 = CIRCLE ( 'NONE', #705, 0.05511811023622041616 ) ;
#2812 = ORIENTED_EDGE ( 'NONE', *, *, #337, .T. ) ;
#2813 = CIRCLE ( 'NONE', #3227, 0.2500000000000000555 ) ;
#2814 = DIRECTION ( 'NONE',  ( 0.000000000000000000, 0.000000000000000000, 1.000000000000000000 ) ) ;
#2815 = EDGE_LOOP ( 'NONE', ( #2618, #2419, #2966, #2010, #2120, #1354, #942, #1436, #213, #803, #1695, #840, #2803, #3094, #3048, #3228, #2549 ) ) ;
#2816 = DIRECTION ( 'NONE',  ( 0.000000000000000000, 0.000000000000000000, 1.000000000000000000 ) ) ;
#2817 = AXIS2_PLACEMENT_3D ( 'NONE', #74, #1103, #2110 ) ;
#2818 = FACE_OUTER_BOUND ( 'NONE', #2570, .T. ) ;
#2819 = VERTEX_POINT ( 'NONE', #2239 ) ;
#2820 = EDGE_CURVE ( 'NONE', #1166, #9, #2861, .T. ) ;
#2821 = VERTEX_POINT ( 'NONE', #477 ) ;
#2822 = ORIENTED_EDGE ( 'NONE', *, *, #2172, .T. ) ;
#2823 = LINE ( 'NONE', #2047, #2443 ) ;
#2824 = EDGE_CURVE ( 'NONE', #1214, #174, #2056, .T. ) ;
#2825 = VERTEX_POINT ( 'NONE', #300 ) ;
#2826 = DIRECTION ( 'NONE',  ( 0.000000000000000000, 1.000000000000000000, 0.000000000000000000 ) ) ;
#2827 = ORIENTED_EDGE ( 'NONE', *, *, #1852, .F. ) ;
#2828 = CARTESIAN_POINT ( 'NONE',  ( 0.2999999999999999889, 0.000000000000000000, -0.5685039370078739385 ) ) ;
#2829 = ORIENTED_EDGE ( 'NONE', *, *, #2698, .T. ) ;
#2830 = DIRECTION ( 'NONE',  ( 0.000000000000000000, 0.000000000000000000, 1.000000000000000000 ) ) ;
#2831 = CARTESIAN_POINT ( 'NONE',  ( -2.750000000000000444, 0.2500000000000000000, -0.08333333333333368953 ) ) ;
#2832 = CARTESIAN_POINT ( 'NONE',  ( 2.875000000000000444, 0.000000000000000000, -1.812992125984252079 ) ) ;
#2833 = CARTESIAN_POINT ( 'NONE',  ( -2.700000000000000178, 0.000000000000000000, -0.1833333333333337090 ) ) ;
#2834 = ORIENTED_EDGE ( 'NONE', *, *, #1624, .F. ) ;
#2835 = ORIENTED_EDGE ( 'NONE', *, *, #927, .T. ) ;
#2836 = ORIENTED_EDGE ( 'NONE', *, *, #1830, .F. ) ;
#2837 = DIRECTION ( 'NONE',  ( 0.000000000000000000, 0.000000000000000000, 1.000000000000000000 ) ) ;
#2838 = ORIENTED_EDGE ( 'NONE', *, *, #773, .T. ) ;
#2839 = DIRECTION ( 'NONE',  ( 1.266760602010062935E-15, 0.000000000000000000, 1.000000000000000000 ) ) ;
#2840 = ORIENTED_EDGE ( 'NONE', *, *, #1124, .T. ) ;
#2841 = CARTESIAN_POINT ( 'NONE',  ( 5.463695987328526437E-16, 0.000000000000000000, -0.9961703873833915868 ) ) ;
#2842 = LINE ( 'NONE', #539, #1940 ) ;
#2843 = CARTESIAN_POINT ( 'NONE',  ( 1.000000000000000444, 0.2500000000000000000, 1.875000000000000000 ) ) ;
#2844 = ORIENTED_EDGE ( 'NONE', *, *, #2954, .F. ) ;
#2845 = ORIENTED_EDGE ( 'NONE', *, *, #2062, .T. ) ;
#2846 = VECTOR ( 'NONE', #76, 39.37007874015748143 ) ;
#2847 = ORIENTED_EDGE ( 'NONE', *, *, #1250, .F. ) ;
#2848 = CYLINDRICAL_SURFACE ( 'NONE', #68, 0.06299212598425185661 ) ;
#2849 = CIRCLE ( 'NONE', #168, 0.2500000000000000000 ) ;
#2850 = CIRCLE ( 'NONE', #2429, 0.4921259842519685179 ) ;
#2851 = ORIENTED_EDGE ( 'NONE', *, *, #1759, .F. ) ;
#2852 = CARTESIAN_POINT ( 'NONE',  ( -0.5500000000000000444, -3.937007874016270969E-05, -0.8185039370078738274 ) ) ;
#2853 = VECTOR ( 'NONE', #3302, 39.37007874015748143 ) ;
#2854 = CIRCLE ( 'NONE', #2545, 0.06299212598425185661 ) ;
#2855 = ORIENTED_EDGE ( 'NONE', *, *, #2172, .F. ) ;
#2856 = EDGE_CURVE ( 'NONE', #236, #2064, #1181, .T. ) ;
#2857 = CARTESIAN_POINT ( 'NONE',  ( 2.875000000000000444, 0.2500000000000000000, -0.1870078740157477826 ) ) ;
#2858 = ADVANCED_FACE ( 'NONE', ( #3 ), #496, .F. ) ;
#2859 = AXIS2_PLACEMENT_3D ( 'NONE', #1655, #2175, #1388 ) ;
#2860 = MECHANICAL_CONTEXT ( 'NONE', #1089, 'mechanical' ) ;
#2861 = CIRCLE ( 'NONE', #1622, 0.06299212598425185661 ) ;
#2862 = CIRCLE ( 'NONE', #761, 0.06299212598425185661 ) ;
#2863 = DIRECTION ( 'NONE',  ( -0.000000000000000000, 1.000000000000000000, -0.000000000000000000 ) ) ;
#2864 = VECTOR ( 'NONE', #1617, 39.37007874015748143 ) ;
#2865 = VERTEX_POINT ( 'NONE', #800 ) ;
#2866 = ORIENTED_EDGE ( 'NONE', *, *, #3092, .T. ) ;
#2867 = ORIENTED_EDGE ( 'NONE', *, *, #2083, .F. ) ;
#2868 = CARTESIAN_POINT ( 'NONE',  ( -0.9999999999999995559, 0.000000000000000000, 1.875000000000000444 ) ) ;
#2869 = ORIENTED_EDGE ( 'NONE', *, *, #618, .T. ) ;
#2870 = DIRECTION ( 'NONE',  ( -0.6000000000000000888, 0.000000000000000000, 0.7999999999999998224 ) ) ;
#2871 = ORIENTED_EDGE ( 'NONE', *, *, #844, .T. ) ;
#2872 = DIRECTION ( 'NONE',  ( 0.000000000000000000, 1.000000000000000000, 0.000000000000000000 ) ) ;
#2873 = FACE_OUTER_BOUND ( 'NONE', #1475, .T. ) ;
#2874 = CARTESIAN_POINT ( 'NONE',  ( -2.875000000000000444, 0.000000000000000000, -0.1870078740157480046 ) ) ;
#2875 = ADVANCED_FACE ( 'NONE', ( #2797 ), #1021, .T. ) ;
#2876 = ORIENTED_EDGE ( 'NONE', *, *, #836, .T. ) ;
#2877 = CARTESIAN_POINT ( 'NONE',  ( -1.375000000000000222, 0.000000000000000000, 1.750000000000000000 ) ) ;
#2878 = ORIENTED_EDGE ( 'NONE', *, *, #1586, .F. ) ;
#2879 = DIRECTION ( 'NONE',  ( 0.000000000000000000, 0.000000000000000000, 1.000000000000000000 ) ) ;
#2880 = EDGE_CURVE ( 'NONE', #2762, #941, #1327, .T. ) ;
#2881 = FACE_OUTER_BOUND ( 'NONE', #2523, .T. ) ;
#2882 = VERTEX_POINT ( 'NONE', #2094 ) ;
#2883 = LINE ( 'NONE', #2390, #1402 ) ;
#2884 = CARTESIAN_POINT ( 'NONE',  ( 0.5500000000000000444, -3.937007874016270969E-05, -0.8185039370078738274 ) ) ;
#2885 = DIRECTION ( 'NONE',  ( 0.000000000000000000, 1.000000000000000000, 0.000000000000000000 ) ) ;
#2886 = CARTESIAN_POINT ( 'NONE',  ( 2.916973658259390741E-17, 0.2500000000000000000, -5.158830724529387624 ) ) ;
#2887 = CARTESIAN_POINT ( 'NONE',  ( 5.463695987328526437E-16, 0.000000000000000000, -0.9961703873833915868 ) ) ;
#2888 = LINE ( 'NONE', #588, #2864 ) ;
#2889 = VERTEX_POINT ( 'NONE', #3086 ) ;
#2890 = DIRECTION ( 'NONE',  ( 0.000000000000000000, 0.000000000000000000, 1.000000000000000000 ) ) ;
#2891 = CARTESIAN_POINT ( 'NONE',  ( -0.9999999999999995559, 0.2500000000000000000, 1.875000000000000444 ) ) ;
#2892 = CIRCLE ( 'NONE', #1165, 0.06299212598425213416 ) ;
#2893 = ADVANCED_FACE ( 'NONE', ( #2818 ), #2611, .F. ) ;
#2894 = VECTOR ( 'NONE', #3194, 39.37007874015748143 ) ;
#2895 = ORIENTED_EDGE ( 'NONE', *, *, #418, .F. ) ;
#2896 = FACE_OUTER_BOUND ( 'NONE', #675, .T. ) ;
#2897 = LINE ( 'NONE', #341, #1517 ) ;
#2898 = AXIS2_PLACEMENT_3D ( 'NONE', #2841, #3138, #3084 ) ;
#2899 = AXIS2_PLACEMENT_3D ( 'NONE', #2905, #1363, #2922 ) ;
#2900 = AXIS2_PLACEMENT_3D ( 'NONE', #359, #118, #667 ) ;
#2901 = LINE ( 'NONE', #275, #798 ) ;
#2902 = AXIS2_PLACEMENT_3D ( 'NONE', #94, #161, #112 ) ;
#2903 = VECTOR ( 'NONE', #2471, 39.37007874015748143 ) ;
#2904 = CARTESIAN_POINT ( 'NONE',  ( 0.3000000000000002109, 0.000000000000000000, -4.064148197082598557 ) ) ;
#2905 = CARTESIAN_POINT ( 'NONE',  ( -2.875000000000000444, 0.000000000000000000, -0.2499999999999998612 ) ) ;
#2906 = CARTESIAN_POINT ( 'NONE',  ( 1.000000000000000444, 0.2500000000000000000, 1.875000000000000000 ) ) ;
#2907 = CARTESIAN_POINT ( 'NONE',  ( 0.000000000000000000, 0.000000000000000000, -5.397019699529387537 ) ) ;
#2908 = ORIENTED_EDGE ( 'NONE', *, *, #2309, .T. ) ;
#2909 = CYLINDRICAL_SURFACE ( 'NONE', #2742, 0.2500000000000002220 ) ;
#2910 = CIRCLE ( 'NONE', #1466, 0.2500000000000001665 ) ;
#2911 = VERTEX_POINT ( 'NONE', #1276 ) ;
#2912 = DIRECTION ( 'NONE',  ( 0.000000000000000000, 0.000000000000000000, 1.000000000000000000 ) ) ;
#2913 = EDGE_CURVE ( 'NONE', #333, #3308, #1298, .T. ) ;
#2914 = AXIS2_PLACEMENT_3D ( 'NONE', #1460, #935, #1939 ) ;
#2915 = ORIENTED_EDGE ( 'NONE', *, *, #885, .F. ) ;
#2916 = DIRECTION ( 'NONE',  ( -0.000000000000000000, -1.000000000000000000, -0.000000000000000000 ) ) ;
#2917 = ADVANCED_FACE ( 'NONE', ( #1550 ), #2567, .F. ) ;
#2918 = ADVANCED_FACE ( 'NONE', ( #1004 ), #2040, .F. ) ;
#2919 = ADVANCED_FACE ( 'NONE', ( #2294 ), #1569, .F. ) ;
#2920 = DIRECTION ( 'NONE',  ( 0.000000000000000000, 1.000000000000000000, 0.000000000000000000 ) ) ;
#2921 = CARTESIAN_POINT ( 'NONE',  ( 0.000000000000000000, 0.000000000000000000, -5.397019699529387537 ) ) ;
#2922 = DIRECTION ( 'NONE',  ( 0.000000000000000000, 0.000000000000000000, 1.000000000000000000 ) ) ;
#2923 = DIRECTION ( 'NONE',  ( -0.000000000000000000, 1.000000000000000000, -0.000000000000000000 ) ) ;
#2924 = DIRECTION ( 'NONE',  ( -0.000000000000000000, 1.000000000000000000, -0.000000000000000000 ) ) ;
#2925 = PLANE ( 'NONE',  #430 ) ;
#2926 = CARTESIAN_POINT ( 'NONE',  ( 5.838011845382864411E-16, 0.000000000000000000, -1.366249127540872133 ) ) ;
#2927 = VERTEX_POINT ( 'NONE', #2310 ) ;
#2928 = CARTESIAN_POINT ( 'NONE',  ( 2.750000000000000444, 0.000000000000000000, -0.08333333333333371729 ) ) ;
#2929 = FACE_BOUND ( 'NONE', #1767, .T. ) ;
#2930 = ORIENTED_EDGE ( 'NONE', *, *, #2399, .T. ) ;
#2931 = CARTESIAN_POINT ( 'NONE',  ( -1.574999999999999956, 0.2500000000000000000, 1.900000000000000133 ) ) ;
#2932 = FACE_OUTER_BOUND ( 'NONE', #417, .T. ) ;
#2933 = PERSON_AND_ORGANIZATION_ROLE ( 'classification_officer' ) ;
#2934 = DIRECTION ( 'NONE',  ( 0.000000000000000000, 1.000000000000000000, 0.000000000000000000 ) ) ;
#2935 = FACE_OUTER_BOUND ( 'NONE', #160, .T. ) ;
#2936 = CARTESIAN_POINT ( 'NONE',  ( 5.770511628107025970E-16, 0.2500000000000000000, -0.6812097574621316376 ) ) ;
#2937 = DIRECTION ( 'NONE',  ( -0.000000000000000000, -1.000000000000000000, -0.000000000000000000 ) ) ;
#2938 = CARTESIAN_POINT ( 'NONE',  ( -0.2999999999999999889, -3.937007874016270969E-05, -0.5685039370078739385 ) ) ;
#2939 = CARTESIAN_POINT ( 'NONE',  ( 2.700000000000000178, 0.000000000000000000, -0.1833333333333337090 ) ) ;
#2940 = CARTESIAN_POINT ( 'NONE',  ( -1.424999999999999600, 0.2500000000000000000, 1.599999999999999867 ) ) ;
#2941 = FACE_BOUND ( 'NONE', #3296, .T. ) ;
#2942 = VERTEX_POINT ( 'NONE', #3073 ) ;
#2943 = DIRECTION ( 'NONE',  ( -0.000000000000000000, -1.000000000000000000, -0.000000000000000000 ) ) ;
#2944 = FACE_BOUND ( 'NONE', #3016, .T. ) ;
#2945 = EDGE_LOOP ( 'NONE', ( #406, #1813 ) ) ;
#2946 = DIRECTION ( 'NONE',  ( 0.000000000000000000, 1.000000000000000000, 0.000000000000000000 ) ) ;
#2947 = CARTESIAN_POINT ( 'NONE',  ( -0.2999999999999998224, 0.2500000000000000000, 1.449999999999999734 ) ) ;
#2948 = AXIS2_PLACEMENT_3D ( 'NONE', #1582, #2068, #781 ) ;
#2949 = ORIENTED_EDGE ( 'NONE', *, *, #2880, .T. ) ;
#2950 = AXIS2_PLACEMENT_3D ( 'NONE', #410, #909, #225 ) ;
#2951 = CARTESIAN_POINT ( 'NONE',  ( -2.450000000000000178, 0.2500000000000000000, -0.1833333333333337090 ) ) ;
#2952 = CIRCLE ( 'NONE', #2376, 0.06299212598425213416 ) ;
#2953 = EDGE_CURVE ( 'NONE', #2718, #10, #769, .T. ) ;
#2954 = EDGE_CURVE ( 'NONE', #2064, #2313, #281, .T. ) ;
#2955 = CARTESIAN_POINT ( 'NONE',  ( 0.3032303591377358831, 0.1250000000000000000, -0.6085631974692095048 ) ) ;
#2956 = AXIS2_PLACEMENT_3D ( 'NONE', #991, #465, #3244 ) ;
#2957 = CYLINDRICAL_SURFACE ( 'NONE', #1242, 0.2500000000000000555 ) ;
#2958 = EDGE_CURVE ( 'NONE', #33, #995, #1055, .T. ) ;
#2959 = EDGE_LOOP ( 'NONE', ( #3149, #2286, #2115, #1009 ) ) ;
#2960 = MANIFOLD_SOLID_BREP ( 'Cut-Extrude3', #1725 ) ;
#2961 = ORIENTED_EDGE ( 'NONE', *, *, #1944, .T. ) ;
#2962 = FACE_OUTER_BOUND ( 'NONE', #473, .T. ) ;
#2963 = FACE_BOUND ( 'NONE', #27, .T. ) ;
#2964 = ORIENTED_EDGE ( 'NONE', *, *, #2177, .F. ) ;
#2965 = AXIS2_PLACEMENT_3D ( 'NONE', #1894, #2161, #871 ) ;
#2966 = ORIENTED_EDGE ( 'NONE', *, *, #2122, .F. ) ;
#2967 = DIRECTION ( 'NONE',  ( 0.000000000000000000, 0.000000000000000000, 1.000000000000000000 ) ) ;
#2968 = CALENDAR_DATE ( 2026, 27, 4 ) ;
#2969 = CIRCLE ( 'NONE', #3285, 0.2499999999999999167 ) ;
#2970 = DIRECTION ( 'NONE',  ( -0.000000000000000000, 1.000000000000000000, 0.000000000000000000 ) ) ;
#2971 = DIRECTION ( 'NONE',  ( 0.000000000000000000, 0.000000000000000000, 1.000000000000000000 ) ) ;
#2972 = LINE ( 'NONE', #1187, #2427 ) ;
#2973 = EDGE_CURVE ( 'NONE', #3038, #3259, #226, .T. ) ;
#2974 = EDGE_LOOP ( 'NONE', ( #286, #2876, #1769, #1480 ) ) ;
#2975 = PRODUCT_DEFINITION ( 'UNKNOWN', '', #2144, #2398 ) ;
#2976 = DIRECTION ( 'NONE',  ( -0.000000000000000000, 0.000000000000000000, -1.000000000000000000 ) ) ;
#2977 = ORIENTED_EDGE ( 'NONE', *, *, #2764, .T. ) ;
#2978 = ORIENTED_EDGE ( 'NONE', *, *, #3140, .T. ) ;
#2979 = CARTESIAN_POINT ( 'NONE',  ( -0.7415111107797446310, 0.2500000000000000000, -4.224845099504232593 ) ) ;
#2980 = EDGE_CURVE ( 'NONE', #2718, #2762, #492, .T. ) ;
#2981 = CARTESIAN_POINT ( 'NONE',  ( 0.000000000000000000, 0.2500000000000000000, -5.635208674529387451 ) ) ;
#2982 = LINE ( 'NONE', #1952, #3102 ) ;
#2983 = EDGE_LOOP ( 'NONE', ( #2627, #2073 ) ) ;
#2984 = CARTESIAN_POINT ( 'NONE',  ( 2.449999999999999734, -3.937007874016270969E-05, -1.799816371153589944 ) ) ;
#2985 = CARTESIAN_POINT ( 'NONE',  ( -2.450000000000000178, 0.000000000000000000, -0.1833333333333337090 ) ) ;
#2986 = UNCERTAINTY_MEASURE_WITH_UNIT (LENGTH_MEASURE( 1.000000000000000082E-05 ), #36, 'distance_accuracy_value', 'NONE');
#2987 = DIRECTION ( 'NONE',  ( 0.000000000000000000, 1.000000000000000000, 0.000000000000000000 ) ) ;
#2988 = ORIENTED_EDGE ( 'NONE', *, *, #2106, .F. ) ;
#2989 = ORIENTED_EDGE ( 'NONE', *, *, #2411, .F. ) ;
#2990 = EDGE_CURVE ( 'NONE', #1156, #2511, #327, .T. ) ;
#2991 = DIRECTION ( 'NONE',  ( 0.000000000000000000, 0.000000000000000000, 1.000000000000000000 ) ) ;
#2992 = EDGE_CURVE ( 'NONE', #911, #1058, #2748, .T. ) ;
#2993 = LINE ( 'NONE', #2229, #1455 ) ;
#2994 = CARTESIAN_POINT ( 'NONE',  ( -2.641511110779743987, 0.2500000000000000000, -1.960513273575224202 ) ) ;
#2995 = DIRECTION ( 'NONE',  ( 0.000000000000000000, 0.000000000000000000, 1.000000000000000000 ) ) ;
#2996 = DIRECTION ( 'NONE',  ( 0.000000000000000000, 1.000000000000000000, 0.000000000000000000 ) ) ;
#2997 = DIRECTION ( 'NONE',  ( 0.8000000000000000444, 0.000000000000000000, -0.5999999999999999778 ) ) ;
#2998 = ORIENTED_EDGE ( 'NONE', *, *, #1182, .F. ) ;
#2999 = DIRECTION ( 'NONE',  ( 0.000000000000000000, 1.000000000000000000, 0.000000000000000000 ) ) ;
#3000 = AXIS2_PLACEMENT_3D ( 'NONE', #2623, #376, #3142 ) ;
#3001 = AXIS2_PLACEMENT_3D ( 'NONE', #535, #2597, #1310 ) ;
#3002 = CIRCLE ( 'NONE', #2691, 0.2499999999999995282 ) ;
#3003 = DIRECTION ( 'NONE',  ( 0.000000000000000000, 0.000000000000000000, 1.000000000000000000 ) ) ;
#3004 = CIRCLE ( 'NONE', #2544, 0.05511811023622041616 ) ;
#3005 = ORIENTED_EDGE ( 'NONE', *, *, #1294, .T. ) ;
#3006 = ORIENTED_EDGE ( 'NONE', *, *, #797, .T. ) ;
#3007 = DIRECTION ( 'NONE',  ( 0.000000000000000000, 0.000000000000000000, 1.000000000000000000 ) ) ;
#3008 = VECTOR ( 'NONE', #1689, 39.37007874015748143 ) ;
#3009 = EDGE_CURVE ( 'NONE', #1172, #2603, #2451, .T. ) ;
#3010 = VECTOR ( 'NONE', #1372, 39.37007874015748143 ) ;
#3011 = CARTESIAN_POINT ( 'NONE',  ( 0.7415111107797446310, 0.2500000000000000000, -4.224845099504232593 ) ) ;
#3012 = ORIENTED_EDGE ( 'NONE', *, *, #429, .T. ) ;
#3013 = EDGE_CURVE ( 'NONE', #1214, #3033, #2590, .T. ) ;
#3014 = ADVANCED_FACE ( 'NONE', ( #874 ), #1664, .F. ) ;
#3015 = CARTESIAN_POINT ( 'NONE',  ( -0.9999999999999995559, 0.2500000000000000000, 1.875000000000000444 ) ) ;
#3016 = EDGE_LOOP ( 'NONE', ( #1264, #323, #2659, #1505, #1105, #3226, #1502, #682, #1920 ) ) ;
#3017 = CARTESIAN_POINT ( 'NONE',  ( 0.5499999999999997113, 0.2500000000000000000, 1.699999999999999734 ) ) ;
#3018 = DIRECTION ( 'NONE',  ( -0.000000000000000000, 1.000000000000000000, -0.000000000000000000 ) ) ;
#3019 = VERTEX_POINT ( 'NONE', #1600 ) ;
#3020 = CARTESIAN_POINT ( 'NONE',  ( -0.5500000000000001554, -3.937007874016270969E-05, -1.368503937007873983 ) ) ;
#3021 = ORIENTED_EDGE ( 'NONE', *, *, #797, .F. ) ;
#3022 = CARTESIAN_POINT ( 'NONE',  ( 1.000000000000000444, 0.2500000000000000000, 1.937992125984251857 ) ) ;
#3023 = ORIENTED_EDGE ( 'NONE', *, *, #1293, .F. ) ;
#3024 = ORIENTED_EDGE ( 'NONE', *, *, #2077, .T. ) ;
#3025 = LINE ( 'NONE', #723, #63 ) ;
#3026 = FACE_OUTER_BOUND ( 'NONE', #2714, .T. ) ;
#3027 = ORIENTED_EDGE ( 'NONE', *, *, #902, .T. ) ;
#3028 = EDGE_CURVE ( 'NONE', #2402, #3067, #5, .T. ) ;
#3029 = DIRECTION ( 'NONE',  ( 0.000000000000000000, 1.000000000000000000, 0.000000000000000000 ) ) ;
#3030 = DIRECTION ( 'NONE',  ( -0.000000000000000000, -1.000000000000000000, -0.000000000000000000 ) ) ;
#3031 = DIRECTION ( 'NONE',  ( 0.000000000000000000, 0.000000000000000000, -1.000000000000000000 ) ) ;
#3032 = EDGE_CURVE ( 'NONE', #1602, #2736, #1115, .T. ) ;
#3033 = VERTEX_POINT ( 'NONE', #3127 ) ;
#3034 = DIRECTION ( 'NONE',  ( 1.000000000000000000, 0.000000000000000000, 0.000000000000000000 ) ) ;
#3035 = ADVANCED_FACE ( 'NONE', ( #1086 ), #395, .F. ) ;
#3036 = CARTESIAN_POINT ( 'NONE',  ( 5.770511628107025970E-16, 0.000000000000000000, -0.6260916472259112631 ) ) ;
#3037 = ORIENTED_EDGE ( 'NONE', *, *, #2990, .T. ) ;
#3038 = VERTEX_POINT ( 'NONE', #605 ) ;
#3039 = ORIENTED_EDGE ( 'NONE', *, *, #3051, .T. ) ;
#3040 = ORIENTED_EDGE ( 'NONE', *, *, #771, .T. ) ;
#3041 = CARTESIAN_POINT ( 'NONE',  ( 2.450000000000000178, -3.937007874016270969E-05, -1.368503937007873983 ) ) ;
#3042 = DIRECTION ( 'NONE',  ( 0.000000000000000000, 0.000000000000000000, 1.000000000000000000 ) ) ;
#3043 = LINE ( 'NONE', #2506, #293 ) ;
#3044 = CARTESIAN_POINT ( 'NONE',  ( -0.4503721911733805094, 0.1250000000000000000, -0.7977947996875859316 ) ) ;
#3045 = CARTESIAN_POINT ( 'NONE',  ( 2.450000000000000178, 0.2500000000000000000, -1.368503937007873983 ) ) ;
#3046 = AXIS2_PLACEMENT_3D ( 'NONE', #207, #223, #2234 ) ;
#3047 = LINE ( 'NONE', #1775, #2551 ) ;
#3048 = ORIENTED_EDGE ( 'NONE', *, *, #1857, .T. ) ;
#3049 = EDGE_CURVE ( 'NONE', #2911, #895, #575, .T. ) ;
#3050 = AXIS2_PLACEMENT_3D ( 'NONE', #2439, #623, #1123 ) ;
#3051 = EDGE_CURVE ( 'NONE', #725, #1635, #1973, .T. ) ;
#3052 = EDGE_LOOP ( 'NONE', ( #379, #2307, #2795, #677 ) ) ;
#3053 = CARTESIAN_POINT ( 'NONE',  ( -3.000000000000000444, 0.2500000000000000000, -2.000000000000000000 ) ) ;
#3054 = CIRCLE ( 'NONE', #695, 0.2499999999999998057 ) ;
#3055 = CIRCLE ( 'NONE', #1615, 0.2500000000000002220 ) ;
#3056 = EDGE_LOOP ( 'NONE', ( #2584, #1059, #268, #3061 ) ) ;
#3057 = ORIENTED_EDGE ( 'NONE', *, *, #1293, .T. ) ;
#3058 = VERTEX_POINT ( 'NONE', #2660 ) ;
#3059 = DIRECTION ( 'NONE',  ( -0.000000000000000000, 1.000000000000000000, -0.000000000000000000 ) ) ;
#3060 = AXIS2_PLACEMENT_3D ( 'NONE', #29, #2099, #1331 ) ;
#3061 = ORIENTED_EDGE ( 'NONE', *, *, #712, .F. ) ;
#3062 = VECTOR ( 'NONE', #2837, 39.37007874015748143 ) ;
#3063 = DIRECTION ( 'NONE',  ( 1.000000000000000000, 0.000000000000000000, 0.000000000000000000 ) ) ;
#3064 = ORIENTED_EDGE ( 'NONE', *, *, #3077, .T. ) ;
#3065 = ORIENTED_EDGE ( 'NONE', *, *, #771, .F. ) ;
#3066 = LINE ( 'NONE', #1034, #3212 ) ;
#3067 = VERTEX_POINT ( 'NONE', #2874 ) ;
#3068 = VECTOR ( 'NONE', #86, 39.37007874015748143 ) ;
#3069 = DIRECTION ( 'NONE',  ( 0.000000000000000000, 0.000000000000000000, 1.000000000000000000 ) ) ;
#3070 = LINE ( 'NONE', #1797, #2337 ) ;
#3071 = APPROVAL_DATE_TIME ( #2278, #401 ) ;
#3072 = AXIS2_PLACEMENT_3D ( 'NONE', #1052, #1811, #1583 ) ;
#3073 = CARTESIAN_POINT ( 'NONE',  ( -0.3032303591377358831, 0.000000000000000000, -0.6085631974692102819 ) ) ;
#3074 = ORIENTED_EDGE ( 'NONE', *, *, #1741, .F. ) ;
#3075 = EDGE_CURVE ( 'NONE', #1618, #646, #1454, .T. ) ;
#3076 = ORIENTED_EDGE ( 'NONE', *, *, #1022, .F. ) ;
#3077 = EDGE_CURVE ( 'NONE', #1638, #892, #1120, .T. ) ;
#3078 = EDGE_LOOP ( 'NONE', ( #2358, #1888, #2018, #568 ) ) ;
#3079 = CARTESIAN_POINT ( 'NONE',  ( -3.000000000000000444, 0.2500000000000000000, -2.000000000000000000 ) ) ;
#3080 = ORIENTED_EDGE ( 'NONE', *, *, #2459, .T. ) ;
#3081 = ORIENTED_EDGE ( 'NONE', *, *, #67, .T. ) ;
#3082 = CARTESIAN_POINT ( 'NONE',  ( -2.700000000000000178, -3.937007874016270969E-05, -0.1833333333333337090 ) ) ;
#3083 = ORIENTED_EDGE ( 'NONE', *, *, #2700, .T. ) ;
#3084 = DIRECTION ( 'NONE',  ( 0.000000000000000000, 0.000000000000000000, 1.000000000000000000 ) ) ;
#3085 = DIRECTION ( 'NONE',  ( -0.000000000000000000, 1.000000000000000000, -0.000000000000000000 ) ) ;
#3086 = CARTESIAN_POINT ( 'NONE',  ( -1.574999999999999956, 0.000000000000000000, 1.900000000000000133 ) ) ;
#3087 = CARTESIAN_POINT ( 'NONE',  ( 5.463695987328526437E-16, 0.2500000000000000000, -0.9961703873833915868 ) ) ;
#3088 = ORIENTED_EDGE ( 'NONE', *, *, #1857, .F. ) ;
#3089 = ORIENTED_EDGE ( 'NONE', *, *, #534, .T. ) ;
#3090 = ORIENTED_EDGE ( 'NONE', *, *, #1182, .T. ) ;
#3091 = CARTESIAN_POINT ( 'NONE',  ( -3.000000000000000444, 0.000000000000000000, -2.000000000000000000 ) ) ;
#3092 = EDGE_CURVE ( 'NONE', #2582, #3160, #2109, .T. ) ;
#3093 = EDGE_CURVE ( 'NONE', #9, #1166, #2586, .T. ) ;
#3094 = ORIENTED_EDGE ( 'NONE', *, *, #888, .F. ) ;
#3095 = DIRECTION ( 'NONE',  ( 0.000000000000000000, 0.000000000000000000, -1.000000000000000000 ) ) ;
#3096 = CYLINDRICAL_SURFACE ( 'NONE', #2098, 0.2500000000000000555 ) ;
#3097 = CARTESIAN_POINT ( 'NONE',  ( -0.5499999999999997113, 0.2500000000000000000, 1.699999999999999734 ) ) ;
#3098 = ORIENTED_EDGE ( 'NONE', *, *, #1099, .T. ) ;
#3099 = DIRECTION ( 'NONE',  ( 0.000000000000000000, 0.000000000000000000, 1.000000000000000000 ) ) ;
#3100 = DIRECTION ( 'NONE',  ( -0.000000000000000000, -1.000000000000000000, -0.000000000000000000 ) ) ;
#3101 = COORDINATED_UNIVERSAL_TIME_OFFSET ( 8, 0, .BEHIND. ) ;
#3102 = VECTOR ( 'NONE', #3291, 39.37007874015748854 ) ;
#3103 = CARTESIAN_POINT ( 'NONE',  ( 5.770511628107025970E-16, 0.000000000000000000, -0.6812097574621316376 ) ) ;
#3104 = CARTESIAN_POINT ( 'NONE',  ( -0.5499999999999997113, 0.000000000000000000, 1.699999999999999734 ) ) ;
#3105 = CIRCLE ( 'NONE', #2796, 0.06299212598425185661 ) ;
#3106 = DIRECTION ( 'NONE',  ( 0.000000000000000000, 1.000000000000000000, 0.000000000000000000 ) ) ;
#3107 = EDGE_LOOP ( 'NONE', ( #1224, #1433, #3153, #1109 ) ) ;
#3108 = ORIENTED_EDGE ( 'NONE', *, *, #1886, .T. ) ;
#3109 = ORIENTED_EDGE ( 'NONE', *, *, #360, .T. ) ;
#3110 = FACE_OUTER_BOUND ( 'NONE', #993, .T. ) ;
#3111 = VECTOR ( 'NONE', #619, 39.37007874015748143 ) ;
#3112 = CIRCLE ( 'NONE', #1345, 0.2500000000000000000 ) ;
#3113 = VERTEX_POINT ( 'NONE', #1614 ) ;
#3114 = ORGANIZATION ( 'UNSPECIFIED', 'UNSPECIFIED', '' ) ;
#3115 = CARTESIAN_POINT ( 'NONE',  ( -0.2999999999999999889, 0.2500000000000000000, -0.5685039370078739385 ) ) ;
#3116 = AXIS2_PLACEMENT_3D ( 'NONE', #1889, #1110, #2156 ) ;
#3117 = DIRECTION ( 'NONE',  ( 0.000000000000000000, 0.000000000000000000, 1.000000000000000000 ) ) ;
#3118 = EDGE_CURVE ( 'NONE', #2412, #2753, #2202, .T. ) ;
#3119 = VECTOR ( 'NONE', #1157, 39.37007874015748143 ) ;
#3120 = ORIENTED_EDGE ( 'NONE', *, *, #237, .F. ) ;
#3121 = ADVANCED_FACE ( 'NONE', ( #1137 ), #3189, .F. ) ;
#3122 = DIRECTION ( 'NONE',  ( 0.000000000000000000, 0.000000000000000000, 1.000000000000000000 ) ) ;
#3123 = EDGE_CURVE ( 'NONE', #2209, #238, #2849, .T. ) ;
#3124 = PERSON_AND_ORGANIZATION ( #2223, #3114 ) ;
#3125 = VECTOR ( 'NONE', #1108, 39.37007874015748854 ) ;
#3126 = CIRCLE ( 'NONE', #2602, 0.2500000000000000555 ) ;
#3127 = CARTESIAN_POINT ( 'NONE',  ( 5.463695987328526437E-16, 0.000000000000000000, -0.8961703873833913869 ) ) ;
#3128 = VECTOR ( 'NONE', #2726, 39.37007874015748854 ) ;
#3129 = CARTESIAN_POINT ( 'NONE',  ( -2.149999999999999911, 0.000000000000000000, 0.9879921259842516790 ) ) ;
#3130 = ORIENTED_EDGE ( 'NONE', *, *, #816, .F. ) ;
#3131 = FACE_OUTER_BOUND ( 'NONE', #1320, .T. ) ;
#3132 = ORIENTED_EDGE ( 'NONE', *, *, #1808, .F. ) ;
#3133 = DIRECTION ( 'NONE',  ( 1.266788070910242771E-17, 0.000000000000000000, -1.000000000000000000 ) ) ;
#3134 = VERTEX_POINT ( 'NONE', #99 ) ;
#3135 = CARTESIAN_POINT ( 'NONE',  ( -0.3000000000000002109, -3.937007874016270969E-05, -4.064148197082598557 ) ) ;
#3136 = CARTESIAN_POINT ( 'NONE',  ( 2.941511110779745142, 0.2500000000000000000, -2.069704343855084172 ) ) ;
#3137 = EDGE_LOOP ( 'NONE', ( #2732, #1005 ) ) ;
#3138 = DIRECTION ( 'NONE',  ( -0.000000000000000000, 1.000000000000000000, -0.000000000000000000 ) ) ;
#3139 = ADVANCED_FACE ( 'NONE', ( #1164 ), #2716, .T. ) ;
#3140 = EDGE_CURVE ( 'NONE', #735, #75, #1685, .T. ) ;
#3141 = EDGE_CURVE ( 'NONE', #2882, #2008, #2763, .T. ) ;
#3142 = DIRECTION ( 'NONE',  ( 0.000000000000000000, 0.000000000000000000, 1.000000000000000000 ) ) ;
#3143 = DIRECTION ( 'NONE',  ( 0.000000000000000000, 0.000000000000000000, 1.000000000000000000 ) ) ;
#3144 = ORIENTED_EDGE ( 'NONE', *, *, #731, .T. ) ;
#3145 = EDGE_CURVE ( 'NONE', #995, #2173, #2236, .T. ) ;
#3146 = DIRECTION ( 'NONE',  ( -0.000000000000000000, -1.000000000000000000, -0.000000000000000000 ) ) ;
#3147 = ORIENTED_EDGE ( 'NONE', *, *, #1701, .T. ) ;
#3148 = FACE_BOUND ( 'NONE', #2355, .T. ) ;
#3149 = ORIENTED_EDGE ( 'NONE', *, *, #754, .F. ) ;
#3150 = DIRECTION ( 'NONE',  ( 0.000000000000000000, 0.000000000000000000, -1.000000000000000000 ) ) ;
#3151 = LINE ( 'NONE', #3136, #127 ) ;
#3152 = DIRECTION ( 'NONE',  ( -0.000000000000000000, -1.000000000000000000, -0.000000000000000000 ) ) ;
#3153 = ORIENTED_EDGE ( 'NONE', *, *, #3093, .T. ) ;
#3154 = CARTESIAN_POINT ( 'NONE',  ( -0.5500000000000000444, 0.2500000000000000000, -0.5685039370078739385 ) ) ;
#3155 = EDGE_CURVE ( 'NONE', #2521, #435, #2972, .T. ) ;
#3156 = FACE_BOUND ( 'NONE', #2417, .T. ) ;
#3157 = ORIENTED_EDGE ( 'NONE', *, *, #1906, .T. ) ;
#3158 = DIRECTION ( 'NONE',  ( -0.000000000000000000, 1.000000000000000000, -0.000000000000000000 ) ) ;
#3159 = ADVANCED_FACE ( 'NONE', ( #1694 ), #1954, .F. ) ;
#3160 = VERTEX_POINT ( 'NONE', #441 ) ;
#3161 = DIRECTION ( 'NONE',  ( -0.000000000000000000, 1.000000000000000000, -0.000000000000000000 ) ) ;
#3162 = VECTOR ( 'NONE', #1740, 39.37007874015748143 ) ;
#3163 = EDGE_LOOP ( 'NONE', ( #1953, #26, #1754, #1419 ) ) ;
#3164 = DIRECTION ( 'NONE',  ( -0.000000000000000000, -1.000000000000000000, -0.000000000000000000 ) ) ;
#3165 = CARTESIAN_POINT ( 'NONE',  ( 0.5500000000000000444, 0.2500000000000000000, -0.5685039370078739385 ) ) ;
#3166 = AXIS2_PLACEMENT_3D ( 'NONE', #1755, #488, #262 ) ;
#3167 = AXIS2_PLACEMENT_3D ( 'NONE', #1791, #518, #582 ) ;
#3168 = DIRECTION ( 'NONE',  ( -1.000000000000000000, 0.000000000000000000, 1.266760602010063133E-15 ) ) ;
#3169 = AXIS2_PLACEMENT_3D ( 'NONE', #2189, #3298, #1977 ) ;
#3170 = AXIS2_PLACEMENT_3D ( 'NONE', #147, #1422, #2170 ) ;
#3171 = DIRECTION ( 'NONE',  ( 1.000000000000000000, 0.000000000000000000, -1.353402360816702007E-16 ) ) ;
#3172 = ADVANCED_BREP_SHAPE_REPRESENTATION ( 'Chassis Top Plate', ( #2960, #2693 ), #2090 ) ;
#3173 = DIRECTION ( 'NONE',  ( 0.000000000000000000, 0.000000000000000000, 1.000000000000000000 ) ) ;
#3174 = FACE_BOUND ( 'NONE', #1856, .T. ) ;
#3175 = CARTESIAN_POINT ( 'NONE',  ( -2.149999999999999911, 0.2500000000000000000, 0.9879921259842516790 ) ) ;
#3176 = ORIENTED_EDGE ( 'NONE', *, *, #2019, .F. ) ;
#3177 = LINE ( 'NONE', #2112, #1012 ) ;
#3178 = CIRCLE ( 'NONE', #559, 0.1000000000000001582 ) ;
#3179 = CARTESIAN_POINT ( 'NONE',  ( 3.000000000000000444, 0.2500000000000000000, -2.000000000000000000 ) ) ;
#3180 = AXIS2_PLACEMENT_3D ( 'NONE', #1601, #2661, #364 ) ;
#3181 = ORIENTED_EDGE ( 'NONE', *, *, #2062, .F. ) ;
#3182 = ORIENTED_EDGE ( 'NONE', *, *, #1804, .T. ) ;
#3183 = DIRECTION ( 'NONE',  ( -0.000000000000000000, 1.000000000000000000, -0.000000000000000000 ) ) ;
#3184 = CARTESIAN_POINT ( 'NONE',  ( -1.618669225237052478, 0.000000000000000000, -3.388748309042889151 ) ) ;
#3185 = EDGE_CURVE ( 'NONE', #1143, #2072, #284, .T. ) ;
#3186 = LINE ( 'NONE', #1160, #1716 ) ;
#3187 = CARTESIAN_POINT ( 'NONE',  ( 2.450000000000000178, 0.2500000000000000000, -0.8185039370078738274 ) ) ;
#3188 = DIRECTION ( 'NONE',  ( 0.000000000000000000, 0.000000000000000000, 1.000000000000000000 ) ) ;
#3189 = CYLINDRICAL_SURFACE ( 'NONE', #2374, 0.06299212598425185661 ) ;
#3190 = DIRECTION ( 'NONE',  ( 0.000000000000000000, 0.000000000000000000, 1.000000000000000000 ) ) ;
#3191 = CARTESIAN_POINT ( 'NONE',  ( -0.5499999999999997113, 0.000000000000000000, 1.449999999999999734 ) ) ;
#3192 = FACE_BOUND ( 'NONE', #990, .T. ) ;
#3193 = ORIENTED_EDGE ( 'NONE', *, *, #516, .F. ) ;
#3194 = DIRECTION ( 'NONE',  ( -0.000000000000000000, 1.000000000000000000, -0.000000000000000000 ) ) ;
#3195 = CARTESIAN_POINT ( 'NONE',  ( 5.463695987328526437E-16, 0.000000000000000000, -0.9961703873833915868 ) ) ;
#3196 = LINE ( 'NONE', #1425, #2314 ) ;
#3197 = ORIENTED_EDGE ( 'NONE', *, *, #318, .F. ) ;
#3198 = FACE_OUTER_BOUND ( 'NONE', #2336, .T. ) ;
#3199 = PERSON_AND_ORGANIZATION ( #2223, #3114 ) ;
#3200 = EDGE_CURVE ( 'NONE', #2865, #1867, #963, .T. ) ;
#3201 = EDGE_CURVE ( 'NONE', #96, #822, #898, .T. ) ;
#3202 = DIRECTION ( 'NONE',  ( 0.000000000000000000, 0.000000000000000000, 1.000000000000000000 ) ) ;
#3203 = EDGE_CURVE ( 'NONE', #1525, #2252, #2139, .T. ) ;
#3204 = ORIENTED_EDGE ( 'NONE', *, *, #2575, .F. ) ;
#3205 = DIRECTION ( 'NONE',  ( -0.000000000000000000, 1.000000000000000000, -0.000000000000000000 ) ) ;
#3206 = DIRECTION ( 'NONE',  ( 0.000000000000000000, 1.000000000000000000, 0.000000000000000000 ) ) ;
#3207 = ORIENTED_EDGE ( 'NONE', *, *, #977, .T. ) ;
#3208 = CARTESIAN_POINT ( 'NONE',  ( -2.450000000000000178, 0.2500000000000000000, -0.5685039370078739385 ) ) ;
#3209 = DIRECTION ( 'NONE',  ( 0.000000000000000000, 0.000000000000000000, 1.000000000000000000 ) ) ;
#3210 = ORIENTED_EDGE ( 'NONE', *, *, #1865, .F. ) ;
#3211 = CYLINDRICAL_SURFACE ( 'NONE', #1131, 0.2500000000000000555 ) ;
#3212 = VECTOR ( 'NONE', #2052, 39.37007874015748143 ) ;
#3213 = CARTESIAN_POINT ( 'NONE',  ( 0.3032303591377356611, 0.2500000000000000000, -0.6085631974692091717 ) ) ;
#3214 = CARTESIAN_POINT ( 'NONE',  ( 2.450000000000000178, 0.000000000000000000, -0.1833333333333337090 ) ) ;
#3215 = ADVANCED_FACE ( 'NONE', ( #2466 ), #3236, .F. ) ;
#3216 = AXIS2_PLACEMENT_3D ( 'NONE', #2432, #1864, #2140 ) ;
#3217 = DIRECTION ( 'NONE',  ( 0.000000000000000000, 0.000000000000000000, 1.000000000000000000 ) ) ;
#3218 = VECTOR ( 'NONE', #1321, 39.37007874015748143 ) ;
#3219 = DIRECTION ( 'NONE',  ( 0.000000000000000000, 1.000000000000000000, 0.000000000000000000 ) ) ;
#3220 = CC_DESIGN_PERSON_AND_ORGANIZATION_ASSIGNMENT ( #897, #2089, ( #2144 ) ) ;
#3221 = CARTESIAN_POINT ( 'NONE',  ( -2.700000000000000178, -3.937007874016270969E-05, -0.5685039370078739385 ) ) ;
#3222 = VECTOR ( 'NONE', #215, 39.37007874015748143 ) ;
#3223 = VERTEX_POINT ( 'NONE', #459 ) ;
#3224 = FACE_OUTER_BOUND ( 'NONE', #2180, .T. ) ;
#3225 = LINE ( 'NONE', #2766, #2137 ) ;
#3226 = ORIENTED_EDGE ( 'NONE', *, *, #44, .F. ) ;
#3227 = AXIS2_PLACEMENT_3D ( 'NONE', #2741, #2524, #1231 ) ;
#3228 = ORIENTED_EDGE ( 'NONE', *, *, #2287, .F. ) ;
#3229 = DIRECTION ( 'NONE',  ( 0.000000000000000000, 1.000000000000000000, 0.000000000000000000 ) ) ;
#3230 = AXIS2_PLACEMENT_3D ( 'NONE', #246, #1744, #457 ) ;
#3231 = DIRECTION ( 'NONE',  ( -1.266788070910243079E-17, 0.000000000000000000, -1.000000000000000000 ) ) ;
#3232 = DIRECTION ( 'NONE',  ( 0.000000000000000000, 0.000000000000000000, 1.000000000000000000 ) ) ;
#3233 = EDGE_CURVE ( 'NONE', #30, #2315, #1498, .T. ) ;
#3234 = DIRECTION ( 'NONE',  ( -0.000000000000000000, 1.000000000000000000, -0.000000000000000000 ) ) ;
#3235 = ORIENTED_EDGE ( 'NONE', *, *, #2058, .F. ) ;
#3236 = CYLINDRICAL_SURFACE ( 'NONE', #2950, 0.2499999999999998057 ) ;
#3237 = DIRECTION ( 'NONE',  ( 0.000000000000000000, 0.000000000000000000, -1.000000000000000000 ) ) ;
#3238 = ADVANCED_FACE ( 'NONE', ( #887 ), #2512, .F. ) ;
#3239 = ORIENTED_EDGE ( 'NONE', *, *, #265, .T. ) ;
#3240 = CARTESIAN_POINT ( 'NONE',  ( 1.618669225237052478, 0.2500000000000000000, -3.514732561011391976 ) ) ;
#3241 = ADVANCED_FACE ( 'NONE', ( #683 ), #669, .F. ) ;
#3242 = CARTESIAN_POINT ( 'NONE',  ( 1.618669225237052478, 0.2500000000000000000, -3.388748309042889151 ) ) ;
#3243 = ORIENTED_EDGE ( 'NONE', *, *, #1333, .T. ) ;
#3244 = DIRECTION ( 'NONE',  ( 0.000000000000000000, 0.000000000000000000, 1.000000000000000000 ) ) ;
#3245 = CARTESIAN_POINT ( 'NONE',  ( 5.463695987328526437E-16, 0.000000000000000000, -0.8961703873833913869 ) ) ;
#3246 = CARTESIAN_POINT ( 'NONE',  ( 0.3740157480314955096, 0.000000000000000000, -0.9961703873833915868 ) ) ;
#3247 = CARTESIAN_POINT ( 'NONE',  ( 0.7415111107797446310, -3.937007874016270969E-05, -4.224845099504232593 ) ) ;
#3248 = PLANE ( 'NONE',  #658 ) ;
#3249 = DIRECTION ( 'NONE',  ( 0.000000000000000000, 1.000000000000000000, 0.000000000000000000 ) ) ;
#3250 = ORIENTED_EDGE ( 'NONE', *, *, #2720, .T. ) ;
#3251 = ORIENTED_EDGE ( 'NONE', *, *, #1699, .F. ) ;
#3252 = CARTESIAN_POINT ( 'NONE',  ( 1.224999999999999645, 0.000000000000000000, 1.449999999999999734 ) ) ;
#3253 = ORIENTED_EDGE ( 'NONE', *, *, #2176, .T. ) ;
#3254 = ADVANCED_FACE ( 'NONE', ( #700 ), #2746, .F. ) ;
#3255 = CARTESIAN_POINT ( 'NONE',  ( -2.149999999999999911, 0.2500000000000000000, 0.9249999999999998224 ) ) ;
#3256 = EDGE_CURVE ( 'NONE', #105, #721, #2689, .T. ) ;
#3257 = EDGE_CURVE ( 'NONE', #892, #1638, #1826, .T. ) ;
#3258 = ORIENTED_EDGE ( 'NONE', *, *, #1959, .T. ) ;
#3259 = VERTEX_POINT ( 'NONE', #1832 ) ;
#3260 = DIRECTION ( 'NONE',  ( -0.000000000000000000, 1.000000000000000000, -0.000000000000000000 ) ) ;
#3261 = AXIS2_PLACEMENT_3D ( 'NONE', #1546, #2288, #3099 ) ;
#3262 = LINE ( 'NONE', #3011, #546 ) ;
#3263 = CARTESIAN_POINT ( 'NONE',  ( -0.7415111107797446310, -3.937007874016270969E-05, -4.224845099504232593 ) ) ;
#3264 = LINE ( 'NONE', #958, #3162 ) ;
#3265 = DIRECTION ( 'NONE',  ( 0.000000000000000000, 0.000000000000000000, 1.000000000000000000 ) ) ;
#3266 = DIRECTION ( 'NONE',  ( 0.000000000000000000, 1.000000000000000000, -0.000000000000000000 ) ) ;
#3267 = ORIENTED_EDGE ( 'NONE', *, *, #2538, .T. ) ;
#3268 = DIRECTION ( 'NONE',  ( -0.000000000000000000, 1.000000000000000000, -0.000000000000000000 ) ) ;
#3269 = AXIS2_PLACEMENT_3D ( 'NONE', #1482, #209, #1202 ) ;
#3270 = CIRCLE ( 'NONE', #2948, 0.2500000000000000000 ) ;
#3271 = LOCAL_TIME ( 20, 57, 44.00000000000000000, #1312 ) ;
#3272 = VECTOR ( 'NONE', #825, 39.37007874015748143 ) ;
#3273 = DIRECTION ( 'NONE',  ( -0.000000000000000000, 1.000000000000000000, -0.000000000000000000 ) ) ;
#3274 = AXIS2_PLACEMENT_3D ( 'NONE', #868, #666, #896 ) ;
#3275 = PLANE ( 'NONE',  #1223 ) ;
#3276 = ORIENTED_EDGE ( 'NONE', *, *, #712, .T. ) ;
#3277 = AXIS2_PLACEMENT_3D ( 'NONE', #3165, #2423, #2157 ) ;
#3278 = EDGE_LOOP ( 'NONE', ( #1669, #1842, #526, #192 ) ) ;
#3279 = DIRECTION ( 'NONE',  ( 0.000000000000000000, 0.000000000000000000, 1.000000000000000000 ) ) ;
#3280 = AXIS2_PLACEMENT_3D ( 'NONE', #3195, #334, #1351 ) ;
#3281 = AXIS2_PLACEMENT_3D ( 'NONE', #1896, #2923, #3190 ) ;
#3282 = EDGE_LOOP ( 'NONE', ( #3090, #1607, #3120, #1680 ) ) ;
#3283 = LINE ( 'NONE', #1253, #2696 ) ;
#3284 = CARTESIAN_POINT ( 'NONE',  ( -2.700000000000000178, 0.000000000000000000, -0.1833333333333334592 ) ) ;
#3285 = AXIS2_PLACEMENT_3D ( 'NONE', #2231, #904, #1161 ) ;
#3286 = CARTESIAN_POINT ( 'NONE',  ( 2.875000000000000444, 0.000000000000000000, -1.687007874015748365 ) ) ;
#3287 = CARTESIAN_POINT ( 'NONE',  ( -0.9999999999999995559, 0.2500000000000000000, 1.812007874015748587 ) ) ;
#3288 = DIRECTION ( 'NONE',  ( 0.000000000000000000, 1.000000000000000000, 0.000000000000000000 ) ) ;
#3289 = CYLINDRICAL_SURFACE ( 'NONE', #1014, 0.05511811023622041616 ) ;
#3290 = CARTESIAN_POINT ( 'NONE',  ( -2.950000000000000622, 0.000000000000000000, 0.06666666666666631880 ) ) ;
#3291 = DIRECTION ( 'NONE',  ( -0.6427876096865378086, 0.000000000000000000, -0.7660444431189793457 ) ) ;
#3292 = VERTEX_POINT ( 'NONE', #2566 ) ;
#3293 = VERTEX_POINT ( 'NONE', #297 ) ;
#3294 = CARTESIAN_POINT ( 'NONE',  ( 5.463695987328526437E-16, 0.2500000000000000000, -0.8961703873833913869 ) ) ;
#3295 = EDGE_LOOP ( 'NONE', ( #1794, #1274, #961, #3235, #671, #847, #2049, #1043, #641, #506, #708, #1970 ) ) ;
#3296 = EDGE_LOOP ( 'NONE', ( #3253, #182 ) ) ;
#3297 = VERTEX_POINT ( 'NONE', #1585 ) ;
#3298 = DIRECTION ( 'NONE',  ( -0.000000000000000000, 1.000000000000000000, -0.000000000000000000 ) ) ;
#3299 = EDGE_CURVE ( 'NONE', #736, #304, #1227, .T. ) ;
#3300 = EDGE_LOOP ( 'NONE', ( #1193, #366, #1986, #1859 ) ) ;
#3301 = EDGE_CURVE ( 'NONE', #1827, #494, #693, .T. ) ;
#3302 = DIRECTION ( 'NONE',  ( -0.000000000000000000, 1.000000000000000000, -0.000000000000000000 ) ) ;
#3303 = ORIENTED_EDGE ( 'NONE', *, *, #507, .T. ) ;
#3304 = ADVANCED_FACE ( 'NONE', ( #2328 ), #3323, .F. ) ;
#3305 = CARTESIAN_POINT ( 'NONE',  ( 0.3740157480314955096, 0.2500000000000000000, -0.9410522771471711012 ) ) ;
#3306 = ORIENTED_EDGE ( 'NONE', *, *, #1959, .F. ) ;
#3307 = CARTESIAN_POINT ( 'NONE',  ( 0.3740157480314955096, 0.000000000000000000, -1.051288497619611961 ) ) ;
#3308 = VERTEX_POINT ( 'NONE', #2832 ) ;
#3309 =( NAMED_UNIT ( * ) PLANE_ANGLE_UNIT ( ) SI_UNIT ( $, .RADIAN. ) );
#3310 = ORIENTED_EDGE ( 'NONE', *, *, #166, .T. ) ;
#3311 = CARTESIAN_POINT ( 'NONE',  ( 0.000000000000000000, 0.2500000000000000000, -5.397019699529387537 ) ) ;
#3312 = ORIENTED_EDGE ( 'NONE', *, *, #3299, .F. ) ;
#3313 = ORIENTED_EDGE ( 'NONE', *, *, #538, .F. ) ;
#3314 = ORIENTED_EDGE ( 'NONE', *, *, #3049, .F. ) ;
#3315 = DIRECTION ( 'NONE',  ( -0.000000000000000000, 1.000000000000000000, -0.000000000000000000 ) ) ;
#3316 = DIRECTION ( 'NONE',  ( -0.000000000000000000, -1.000000000000000000, -0.000000000000000000 ) ) ;
#3317 = CARTESIAN_POINT ( 'NONE',  ( 5.838011845382864411E-16, 0.2500000000000000000, -0.7363278676983521231 ) ) ;
#3318 = ORIENTED_EDGE ( 'NONE', *, *, #1543, .T. ) ;
#3319 = CARTESIAN_POINT ( 'NONE',  ( 2.700000000000000178, -3.937007874016270969E-05, -0.5685039370078739385 ) ) ;
#3320 = DIRECTION ( 'NONE',  ( 0.000000000000000000, 1.000000000000000000, 0.000000000000000000 ) ) ;
#3321 = AXIS2_PLACEMENT_3D ( 'NONE', #2003, #439, #1179 ) ;
#3322 = ORIENTED_EDGE ( 'NONE', *, *, #1793, .T. ) ;
#3323 = CYLINDRICAL_SURFACE ( 'NONE', #228, 0.2500000000000000555 ) ;
ENDSEC;
END-ISO-10303-21;
