ISO-10303-21;
HEADER;
FILE_DESCRIPTION (( 'STEP AP203' ),
    '1' );
FILE_NAME ('Chassis Bottom Plate.STEP',
    '2026-04-28T03:57:02',
    ( '' ),
    ( '' ),
    'SwSTEP 2.0',
    'SolidWorks 2025',
    '' );
FILE_SCHEMA (( 'CONFIG_CONTROL_DESIGN' ));
ENDSEC;

DATA;
#1 = CARTESIAN_POINT ( 'NONE',  ( 0.2999999999999999889, 0.6499999999999999112, 0.000000000000000000 ) ) ;
#2 = ORIENTED_EDGE ( 'NONE', *, *, #1253, .T. ) ;
#3 = DIRECTION ( 'NONE',  ( -0.000000000000000000, -0.000000000000000000, 1.000000000000000000 ) ) ;
#4 = DIRECTION ( 'NONE',  ( -2.731847993664264698E-16, 1.000000000000000000, 0.000000000000000000 ) ) ;
#5 = AXIS2_PLACEMENT_3D ( 'NONE', #1361, #1577, #1857 ) ;
#6 = DIRECTION ( 'NONE',  ( -0.000000000000000000, -0.000000000000000000, -1.000000000000000000 ) ) ;
#7 = ORIENTED_EDGE ( 'NONE', *, *, #2421, .T. ) ;
#8 = CYLINDRICAL_SURFACE ( 'NONE', #3013, 0.2499999999999995282 ) ;
#9 = CARTESIAN_POINT ( 'NONE',  ( 1.750000000000000444, -0.1500000000000000500, -2.121320343559642829 ) ) ;
#10 = DIRECTION ( 'NONE',  ( 1.000000000000000000, 0.000000000000000000, 0.000000000000000000 ) ) ;
#11 = CYLINDRICAL_SURFACE ( 'NONE', #1071, 0.2499999999999989730 ) ;
#12 = ORIENTED_EDGE ( 'NONE', *, *, #3019, .F. ) ;
#13 = LOCAL_TIME ( 20, 57, 2.000000000000000000, #460 ) ;
#14 = CARTESIAN_POINT ( 'NONE',  ( -0.5500000000000000444, 1.699999999999999067, 0.2500000000000000000 ) ) ;
#15 = AXIS2_PLACEMENT_3D ( 'NONE', #2614, #2891, #779 ) ;
#16 = CARTESIAN_POINT ( 'NONE',  ( -2.950000000000001066, -0.06666666666666636043, 0.2500000000000000000 ) ) ;
#17 = CIRCLE ( 'NONE', #2523, 0.2499999999999989730 ) ;
#18 = ORIENTED_EDGE ( 'NONE', *, *, #148, .F. ) ;
#19 = LINE ( 'NONE', #2609, #198 ) ;
#20 = VECTOR ( 'NONE', #1397, 39.37007874015748143 ) ;
#21 = CARTESIAN_POINT ( 'NONE',  ( -3.000000000000000888, 0.08333333333333427240, 0.000000000000000000 ) ) ;
#22 = EDGE_CURVE ( 'NONE', #1374, #1172, #1121, .T. ) ;
#23 = ORIENTED_EDGE ( 'NONE', *, *, #573, .T. ) ;
#24 = CARTESIAN_POINT ( 'NONE',  ( -2.875000000000000888, 0.2499999999999995282, 0.2500000000000000000 ) ) ;
#25 = EDGE_CURVE ( 'NONE', #1845, #314, #2586, .T. ) ;
#26 = DIRECTION ( 'NONE',  ( 0.000000000000000000, 0.000000000000000000, 1.000000000000000000 ) ) ;
#27 = DIRECTION ( 'NONE',  ( -0.000000000000000000, -0.000000000000000000, -1.000000000000000000 ) ) ;
#28 = CARTESIAN_POINT ( 'NONE',  ( 2.941929133858268486, 1.749999999999999556, -5.303588500244433124E-17 ) ) ;
#29 = ORIENTED_EDGE ( 'NONE', *, *, #3009, .T. ) ;
#30 = DIRECTION ( 'NONE',  ( -0.000000000000000000, -0.000000000000000000, -1.000000000000000000 ) ) ;
#31 = EDGE_CURVE ( 'NONE', #3041, #2955, #939, .T. ) ;
#32 = CARTESIAN_POINT ( 'NONE',  ( -0.7415111107797437429, 4.302631290847216405, 0.2500000000000000000 ) ) ;
#33 = EDGE_LOOP ( 'NONE', ( #177, #1570, #1349, #2384, #2325, #331, #2014 ) ) ;
#34 = DIRECTION ( 'NONE',  ( 1.000000000000000000, 0.000000000000000000, 0.000000000000000000 ) ) ;
#35 =( CONVERSION_BASED_UNIT ( 'INCH', #1466 ) LENGTH_UNIT ( ) NAMED_UNIT ( #635 ) );
#36 = VECTOR ( 'NONE', #2425, 39.37007874015748143 ) ;
#37 = PLANE ( 'NONE',  #311 ) ;
#38 = ORIENTED_EDGE ( 'NONE', *, *, #442, .T. ) ;
#39 = DIRECTION ( 'NONE',  ( -0.000000000000000000, -0.000000000000000000, -1.000000000000000000 ) ) ;
#40 = AXIS2_PLACEMENT_3D ( 'NONE', #1907, #30, #2835 ) ;
#41 = CARTESIAN_POINT ( 'NONE',  ( 0.5499999999999971578, 1.999999999999998446, 0.000000000000000000 ) ) ;
#42 = FACE_OUTER_BOUND ( 'NONE', #2989, .T. ) ;
#43 = VECTOR ( 'NONE', #2762, 39.37007874015748143 ) ;
#44 = ORIENTED_EDGE ( 'NONE', *, *, #2684, .F. ) ;
#45 = EDGE_CURVE ( 'NONE', #374, #1516, #2134, .T. ) ;
#46 = CARTESIAN_POINT ( 'NONE',  ( -2.450000000000000178, 0.6499999999999999112, 0.000000000000000000 ) ) ;
#47 = ORIENTED_EDGE ( 'NONE', *, *, #1897, .T. ) ;
#48 = DIRECTION ( 'NONE',  ( 0.000000000000000000, 0.000000000000000000, -1.000000000000000000 ) ) ;
#49 = AXIS2_PLACEMENT_3D ( 'NONE', #1250, #1485, #518 ) ;
#50 = LINE ( 'NONE', #1181, #2031 ) ;
#51 = DIRECTION ( 'NONE',  ( -0.000000000000000000, -0.000000000000000000, -1.000000000000000000 ) ) ;
#52 = ORIENTED_EDGE ( 'NONE', *, *, #2119, .T. ) ;
#53 = DIRECTION ( 'NONE',  ( -1.000000000000000000, 0.000000000000000000, 0.000000000000000000 ) ) ;
#54 = AXIS2_PLACEMENT_3D ( 'NONE', #1940, #1395, #2363 ) ;
#55 = DIRECTION ( 'NONE',  ( -1.000000000000000000, 0.000000000000000000, 0.000000000000000000 ) ) ;
#56 = LINE ( 'NONE', #722, #1228 ) ;
#57 = VERTEX_POINT ( 'NONE', #14 ) ;
#58 = EDGE_CURVE ( 'NONE', #345, #1605, #236, .T. ) ;
#59 = VERTEX_POINT ( 'NONE', #2116 ) ;
#60 = CARTESIAN_POINT ( 'NONE',  ( 2.450000000000000178, 1.699999999999999289, 0.000000000000000000 ) ) ;
#61 = ORIENTED_EDGE ( 'NONE', *, *, #1982, .T. ) ;
#62 = CARTESIAN_POINT ( 'NONE',  ( -1.200000000000000622, 0.09999999999999951983, -2.121320343559642829 ) ) ;
#63 = CARTESIAN_POINT ( 'NONE',  ( 3.000000000000000888, 0.08333333333333378667, 0.000000000000000000 ) ) ;
#64 = ADVANCED_FACE ( 'NONE', ( #247 ), #957, .F. ) ;
#65 = CARTESIAN_POINT ( 'NONE',  ( 2.400000000000001243, -0.3000000000000000999, -3.937007874016270969E-05 ) ) ;
#66 = ORIENTED_EDGE ( 'NONE', *, *, #406, .T. ) ;
#67 = CIRCLE ( 'NONE', #459, 0.2500000000000000555 ) ;
#68 = AXIS2_PLACEMENT_3D ( 'NONE', #1467, #6, #1200 ) ;
#69 = CARTESIAN_POINT ( 'NONE',  ( 1.500000000000000444, -0.1500000000000000500, -2.121320343559642829 ) ) ;
#70 = AXIS2_PLACEMENT_3D ( 'NONE', #1849, #2779, #1603 ) ;
#71 = DIRECTION ( 'NONE',  ( -1.000000000000000000, 0.000000000000000000, 0.000000000000000000 ) ) ;
#72 = DIRECTION ( 'NONE',  ( -0.000000000000000000, -0.000000000000000000, -1.000000000000000000 ) ) ;
#73 = ORIENTED_EDGE ( 'NONE', *, *, #2531, .F. ) ;
#74 = ORIENTED_EDGE ( 'NONE', *, *, #109, .T. ) ;
#75 = EDGE_CURVE ( 'NONE', #123, #1102, #1656, .T. ) ;
#76 = DIRECTION ( 'NONE',  ( 1.000000000000000000, 0.000000000000000000, 0.000000000000000000 ) ) ;
#77 = ORIENTED_EDGE ( 'NONE', *, *, #2519, .T. ) ;
#78 = DIRECTION ( 'NONE',  ( 1.000000000000000000, 0.000000000000000000, 0.000000000000000000 ) ) ;
#79 = DIRECTION ( 'NONE',  ( -1.000000000000000000, 0.000000000000000000, 0.000000000000000000 ) ) ;
#80 = CARTESIAN_POINT ( 'NONE',  ( 0.2999999999999999889, 0.6499999999999999112, 0.2500000000000000000 ) ) ;
#81 = ORIENTED_EDGE ( 'NONE', *, *, #142, .T. ) ;
#82 = VECTOR ( 'NONE', #1124, 39.37007874015748143 ) ;
#83 = AXIS2_PLACEMENT_3D ( 'NONE', #524, #1026, #802 ) ;
#84 = ORIENTED_EDGE ( 'NONE', *, *, #1020, .F. ) ;
#85 = DIRECTION ( 'NONE',  ( -1.000000000000000000, 0.000000000000000000, 0.000000000000000000 ) ) ;
#86 = DIRECTION ( 'NONE',  ( 0.000000000000000000, 0.000000000000000000, 1.000000000000000000 ) ) ;
#87 = EDGE_CURVE ( 'NONE', #2928, #229, #2600, .T. ) ;
#88 = ORIENTED_EDGE ( 'NONE', *, *, #1753, .T. ) ;
#89 = AXIS2_PLACEMENT_3D ( 'NONE', #508, #1463, #772 ) ;
#90 = CARTESIAN_POINT ( 'NONE',  ( 2.941511110779745142, 2.069704343855083284, 0.2500000000000000000 ) ) ;
#91 = CIRCLE ( 'NONE', #1771, 0.2500000000000000555 ) ;
#92 = ORIENTED_EDGE ( 'NONE', *, *, #998, .F. ) ;
#93 = CARTESIAN_POINT ( 'NONE',  ( 2.941929133858268486, 0.2499999999999995282, 0.000000000000000000 ) ) ;
#94 = CARTESIAN_POINT ( 'NONE',  ( -1.950000000000000400, -0.9000000000000010214, 0.000000000000000000 ) ) ;
#95 = CARTESIAN_POINT ( 'NONE',  ( -2.329032558319281687, 2.410696902421637144, 0.2500000000000000000 ) ) ;
#96 = VERTEX_POINT ( 'NONE', #2376 ) ;
#97 = VERTEX_POINT ( 'NONE', #724 ) ;
#98 = FACE_BOUND ( 'NONE', #2342, .T. ) ;
#99 = FACE_BOUND ( 'NONE', #140, .T. ) ;
#100 = CIRCLE ( 'NONE', #254, 0.2499999999999998057 ) ;
#101 = ORIENTED_EDGE ( 'NONE', *, *, #2230, .T. ) ;
#102 = DIRECTION ( 'NONE',  ( -1.000000000000000000, 0.000000000000000000, 0.000000000000000000 ) ) ;
#103 = VERTEX_POINT ( 'NONE', #1675 ) ;
#104 = DIRECTION ( 'NONE',  ( -0.000000000000000000, -0.000000000000000000, -1.000000000000000000 ) ) ;
#105 = EDGE_CURVE ( 'NONE', #1230, #792, #732, .T. ) ;
#106 = DIRECTION ( 'NONE',  ( -1.000000000000000000, 0.000000000000000000, 0.000000000000000000 ) ) ;
#107 = CC_DESIGN_APPROVAL ( #1923, ( #1892 ) ) ;
#108 = VECTOR ( 'NONE', #2795, 39.37007874015748143 ) ;
#109 = EDGE_CURVE ( 'NONE', #1064, #1196, #1410, .T. ) ;
#110 = AXIS2_PLACEMENT_3D ( 'NONE', #3042, #223, #645 ) ;
#111 = ORIENTED_EDGE ( 'NONE', *, *, #344, .F. ) ;
#112 = CARTESIAN_POINT ( 'NONE',  ( 0.2999999999999999889, 0.6499999999999999112, -3.937007874016270969E-05 ) ) ;
#113 = FACE_BOUND ( 'NONE', #1418, .T. ) ;
#114 = ADVANCED_FACE ( 'NONE', ( #2507 ), #2067, .F. ) ;
#115 = AXIS2_PLACEMENT_3D ( 'NONE', #452, #668, #225 ) ;
#116 = ORIENTED_EDGE ( 'NONE', *, *, #330, .T. ) ;
#117 = ORIENTED_EDGE ( 'NONE', *, *, #1574, .T. ) ;
#118 = CARTESIAN_POINT ( 'NONE',  ( -2.700000000000000622, 1.449999999999999067, -3.937007874016270969E-05 ) ) ;
#119 = APPROVAL ( #2292, 'UNSPECIFIED' ) ;
#120 = EDGE_LOOP ( 'NONE', ( #1490, #1324, #2181, #2469 ) ) ;
#121 = EDGE_CURVE ( 'NONE', #297, #480, #423, .T. ) ;
#122 = CARTESIAN_POINT ( 'NONE',  ( -2.216929133858268397, -0.9250000000000005995, 0.000000000000000000 ) ) ;
#123 = VERTEX_POINT ( 'NONE', #1145 ) ;
#124 = ORIENTED_EDGE ( 'NONE', *, *, #1731, .F. ) ;
#125 = CARTESIAN_POINT ( 'NONE',  ( -2.245760939581058935, 4.730774743187140530, -6.829619984160658046E-17 ) ) ;
#126 = FACE_OUTER_BOUND ( 'NONE', #1739, .T. ) ;
#127 = CIRCLE ( 'NONE', #370, 0.2500000000000000555 ) ;
#128 = VERTEX_POINT ( 'NONE', #2985 ) ;
#129 = ORIENTED_EDGE ( 'NONE', *, *, #2745, .F. ) ;
#130 = CARTESIAN_POINT ( 'NONE',  ( 1.621182571178382048, 3.448745145972105686, 0.2500000000000000000 ) ) ;
#131 = ORIENTED_EDGE ( 'NONE', *, *, #1185, .T. ) ;
#132 = ADVANCED_FACE ( 'NONE', ( #2771 ), #445, .T. ) ;
#133 = VECTOR ( 'NONE', #349, 39.37007874015748143 ) ;
#134 = LINE ( 'NONE', #2101, #1182 ) ;
#135 = DIRECTION ( 'NONE',  ( 6.829619984160665935E-16, -1.000000000000000000, 0.000000000000000000 ) ) ;
#136 = ORIENTED_EDGE ( 'NONE', *, *, #3019, .T. ) ;
#137 = ORIENTED_EDGE ( 'NONE', *, *, #916, .T. ) ;
#138 = CARTESIAN_POINT ( 'NONE',  ( -2.875000000000000888, 0.2499999999999995282, 0.000000000000000000 ) ) ;
#139 = DIRECTION ( 'NONE',  ( -0.000000000000000000, -0.000000000000000000, -1.000000000000000000 ) ) ;
#140 = EDGE_LOOP ( 'NONE', ( #1818, #403 ) ) ;
#141 = CARTESIAN_POINT ( 'NONE',  ( 0.9500000000000005107, -1.450000000000000400, -3.937007874016270969E-05 ) ) ;
#142 = EDGE_CURVE ( 'NONE', #740, #2890, #2845, .T. ) ;
#143 = ORIENTED_EDGE ( 'NONE', *, *, #1140, .T. ) ;
#144 = ORIENTED_EDGE ( 'NONE', *, *, #727, .T. ) ;
#145 = UNCERTAINTY_MEASURE_WITH_UNIT (LENGTH_MEASURE( 1.000000000000000082E-05 ), #35, 'distance_accuracy_value', 'NONE');
#146 = DIRECTION ( 'NONE',  ( 0.000000000000000000, 0.000000000000000000, 1.000000000000000000 ) ) ;
#147 = CARTESIAN_POINT ( 'NONE',  ( -1.750000000000000444, -0.1499999999999999667, -3.937007874016270969E-05 ) ) ;
#148 = EDGE_CURVE ( 'NONE', #2019, #1614, #2086, .T. ) ;
#149 = APPROVAL_PERSON_ORGANIZATION ( #1128, #119, #214 ) ;
#150 = ORIENTED_EDGE ( 'NONE', *, *, #1531, .T. ) ;
#151 = EDGE_LOOP ( 'NONE', ( #1544, #478, #2537, #1079 ) ) ;
#152 = LINE ( 'NONE', #2976, #398 ) ;
#153 = AXIS2_PLACEMENT_3D ( 'NONE', #24, #1713, #736 ) ;
#154 = CYLINDRICAL_SURFACE ( 'NONE', #2920, 0.2500000000000000555 ) ;
#155 = VECTOR ( 'NONE', #2027, 39.37007874015748143 ) ;
#156 = CARTESIAN_POINT ( 'NONE',  ( 2.400000000000001243, -0.2999999999999999334, -3.937007874016270969E-05 ) ) ;
#157 = EDGE_LOOP ( 'NONE', ( #1640, #991 ) ) ;
#158 = FACE_OUTER_BOUND ( 'NONE', #557, .T. ) ;
#159 = VECTOR ( 'NONE', #296, 39.37007874015748143 ) ;
#160 = ORIENTED_EDGE ( 'NONE', *, *, #693, .F. ) ;
#161 = CIRCLE ( 'NONE', #2633, 0.2499999999999995282 ) ;
#162 = ORIENTED_EDGE ( 'NONE', *, *, #993, .F. ) ;
#163 = CARTESIAN_POINT ( 'NONE',  ( -2.400000000000001243, -0.3000000000000000999, -3.937007874016270969E-05 ) ) ;
#164 = DIRECTION ( 'NONE',  ( -1.000000000000000000, 0.000000000000000000, 0.000000000000000000 ) ) ;
#165 = DIRECTION ( 'NONE',  ( -0.000000000000000000, -0.000000000000000000, 1.000000000000000000 ) ) ;
#166 = VERTEX_POINT ( 'NONE', #2277 ) ;
#167 = AXIS2_PLACEMENT_3D ( 'NONE', #2754, #2293, #640 ) ;
#168 = ORIENTED_EDGE ( 'NONE', *, *, #1561, .T. ) ;
#169 = EDGE_CURVE ( 'NONE', #2720, #1732, #925, .T. ) ;
#170 = DIRECTION ( 'NONE',  ( -0.000000000000000000, -0.000000000000000000, 1.000000000000000000 ) ) ;
#171 = CARTESIAN_POINT ( 'NONE',  ( -2.137521447539535657, 1.999999999999999112, 0.2500000000000000000 ) ) ;
#172 = ADVANCED_FACE ( 'NONE', ( #855 ), #908, .F. ) ;
#173 = CARTESIAN_POINT ( 'NONE',  ( 1.500000000000000444, -0.7500000000000015543, 0.2500000000000000000 ) ) ;
#174 = ORIENTED_EDGE ( 'NONE', *, *, #2411, .T. ) ;
#175 = CARTESIAN_POINT ( 'NONE',  ( 1.688111705036649424, 3.448745145972105686, 0.000000000000000000 ) ) ;
#176 = AXIS2_PLACEMENT_3D ( 'NONE', #2685, #2047, #2967 ) ;
#177 = ORIENTED_EDGE ( 'NONE', *, *, #1025, .F. ) ;
#178 = EDGE_LOOP ( 'NONE', ( #2235, #1363, #111, #2520 ) ) ;
#179 = AXIS2_PLACEMENT_3D ( 'NONE', #2690, #589, #2716 ) ;
#180 = DATE_AND_TIME ( #923, #1005 ) ;
#181 = VECTOR ( 'NONE', #2313, 39.37007874015748143 ) ;
#182 = DIRECTION ( 'NONE',  ( 0.000000000000000000, -1.000000000000000000, -0.000000000000000000 ) ) ;
#183 = CARTESIAN_POINT ( 'NONE',  ( 2.450000000000000178, 0.6499999999999999112, 0.000000000000000000 ) ) ;
#184 = CIRCLE ( 'NONE', #1325, 0.2500000000000000555 ) ;
#185 = DIRECTION ( 'NONE',  ( 1.000000000000000000, -3.594536833768766614E-17, 0.000000000000000000 ) ) ;
#186 = EDGE_CURVE ( 'NONE', #748, #1085, #1108, .T. ) ;
#187 = VERTEX_POINT ( 'NONE', #199 ) ;
#188 = CARTESIAN_POINT ( 'NONE',  ( -1.750000000000000444, 0.1000000000000000194, -3.937007874016270969E-05 ) ) ;
#189 = DIRECTION ( 'NONE',  ( 1.000000000000000000, 0.000000000000000000, 0.000000000000000000 ) ) ;
#190 = CYLINDRICAL_SURFACE ( 'NONE', #115, 0.06692913385826744499 ) ;
#191 = CARTESIAN_POINT ( 'NONE',  ( -0.2999999999999999889, 0.6499999999999999112, 0.2500000000000000000 ) ) ;
#192 = AXIS2_PLACEMENT_3D ( 'NONE', #2418, #1017, #969 ) ;
#193 = VERTEX_POINT ( 'NONE', #872 ) ;
#194 = CARTESIAN_POINT ( 'NONE',  ( -2.137521447539539210, 2.250000000000001332, -3.937007874016270969E-05 ) ) ;
#195 = EDGE_LOOP ( 'NONE', ( #267, #1526, #3004, #2881 ) ) ;
#196 = VERTEX_POINT ( 'NONE', #1824 ) ;
#197 = DATE_AND_TIME ( #1609, #1343 ) ;
#198 = VECTOR ( 'NONE', #2558, 39.37007874015748143 ) ;
#199 = CARTESIAN_POINT ( 'NONE',  ( 2.329032558319281687, 2.410696902421637144, 0.2500000000000000000 ) ) ;
#200 = CARTESIAN_POINT ( 'NONE',  ( -0.3000000000000000999, 1.449999999999999289, 0.2500000000000000000 ) ) ;
#201 = EDGE_CURVE ( 'NONE', #1605, #345, #1769, .T. ) ;
#202 = FACE_OUTER_BOUND ( 'NONE', #1935, .T. ) ;
#203 = ORIENTED_EDGE ( 'NONE', *, *, #2998, .T. ) ;
#204 = DIRECTION ( 'NONE',  ( 1.300879996982982731E-16, 1.000000000000000000, 0.000000000000000000 ) ) ;
#205 = ADVANCED_FACE ( 'NONE', ( #1856 ), #2787, .F. ) ;
#206 = LINE ( 'NONE', #431, #1151 ) ;
#207 = DIRECTION ( 'NONE',  ( 0.000000000000000000, 0.000000000000000000, 1.000000000000000000 ) ) ;
#208 = FACE_OUTER_BOUND ( 'NONE', #1105, .T. ) ;
#209 = VERTEX_POINT ( 'NONE', #1163 ) ;
#210 = CARTESIAN_POINT ( 'NONE',  ( 2.450000000000000178, 1.449999999999999067, 0.000000000000000000 ) ) ;
#211 = EDGE_LOOP ( 'NONE', ( #712, #2206, #859, #2490 ) ) ;
#212 = ORIENTED_EDGE ( 'NONE', *, *, #1280, .T. ) ;
#213 = CIRCLE ( 'NONE', #266, 0.2500000000000000555 ) ;
#214 = APPROVAL_ROLE ( '' ) ;
#215 = AXIS2_PLACEMENT_3D ( 'NONE', #1959, #51, #1682 ) ;
#216 = ADVANCED_FACE ( 'NONE', ( #1591 ), #3001, .T. ) ;
#217 = CARTESIAN_POINT ( 'NONE',  ( -2.808070866141733291, 1.749999999999999556, 0.2500000000000000000 ) ) ;
#218 = CARTESIAN_POINT ( 'NONE',  ( 0.5641990440948118080, 4.902874540044387608, 0.000000000000000000 ) ) ;
#219 = CARTESIAN_POINT ( 'NONE',  ( -2.808070866141733291, 1.749999999999999556, -5.303588500244433124E-17 ) ) ;
#220 = EDGE_CURVE ( 'NONE', #795, #2158, #719, .T. ) ;
#221 = CARTESIAN_POINT ( 'NONE',  ( 2.137521447539535657, 1.999999999999999112, -3.937007874016270969E-05 ) ) ;
#222 = VERTEX_POINT ( 'NONE', #2261 ) ;
#223 = DIRECTION ( 'NONE',  ( 9.106159978880874930E-17, 1.000000000000000000, -0.000000000000000000 ) ) ;
#224 = LINE ( 'NONE', #171, #2765 ) ;
#225 = DIRECTION ( 'NONE',  ( -1.000000000000000000, 0.000000000000000000, 0.000000000000000000 ) ) ;
#226 = DIRECTION ( 'NONE',  ( 1.000000000000000000, 1.913226279806337418E-15, 0.000000000000000000 ) ) ;
#227 = ORIENTED_EDGE ( 'NONE', *, *, #2786, .T. ) ;
#228 = LINE ( 'NONE', #1654, #2051 ) ;
#229 = VERTEX_POINT ( 'NONE', #217 ) ;
#230 = DIRECTION ( 'NONE',  ( -1.000000000000000000, 0.000000000000000000, 0.000000000000000000 ) ) ;
#231 = APPLICATION_PROTOCOL_DEFINITION ( 'international standard', 'config_control_design', 1994, #2493 ) ;
#232 = DIRECTION ( 'NONE',  ( 0.000000000000000000, 0.000000000000000000, 1.000000000000000000 ) ) ;
#233 = ADVANCED_FACE ( 'NONE', ( #2102 ), #694, .F. ) ;
#234 = CIRCLE ( 'NONE', #176, 0.06692913385826744499 ) ;
#235 = CARTESIAN_POINT ( 'NONE',  ( 0.2999999999999999889, 0.6499999999999999112, 0.2500000000000000000 ) ) ;
#236 = CIRCLE ( 'NONE', #2735, 0.06692913385826744499 ) ;
#237 = CARTESIAN_POINT ( 'NONE',  ( 3.000000000000000888, 0.08333333333333382831, 0.2500000000000000000 ) ) ;
#238 = CARTESIAN_POINT ( 'NONE',  ( 0.9500000000000008438, 0.1000000000000000194, 0.000000000000000000 ) ) ;
#239 = ORIENTED_EDGE ( 'NONE', *, *, #2947, .T. ) ;
#240 = CARTESIAN_POINT ( 'NONE',  ( -0.5500000000000000444, 1.699999999999999067, 0.000000000000000000 ) ) ;
#241 = DIRECTION ( 'NONE',  ( -0.000000000000000000, -0.000000000000000000, 1.000000000000000000 ) ) ;
#242 = CIRCLE ( 'NONE', #2652, 0.06692913385826718131 ) ;
#243 = LINE ( 'NONE', #650, #2038 ) ;
#244 = DIRECTION ( 'NONE',  ( -0.000000000000000000, -0.000000000000000000, -1.000000000000000000 ) ) ;
#245 = CARTESIAN_POINT ( 'NONE',  ( 2.875000000000000888, 1.749999999999999556, 0.2500000000000000000 ) ) ;
#246 = EDGE_LOOP ( 'NONE', ( #1564, #664, #61, #1080 ) ) ;
#247 = FACE_OUTER_BOUND ( 'NONE', #2868, .T. ) ;
#248 = ADVANCED_FACE ( 'NONE', ( #1806 ), #2736, .F. ) ;
#249 = CARTESIAN_POINT ( 'NONE',  ( 2.450000000000000178, 1.449999999999999067, -3.937007874016270969E-05 ) ) ;
#250 = ORIENTED_EDGE ( 'NONE', *, *, #2043, .F. ) ;
#251 = CARTESIAN_POINT ( 'NONE',  ( 2.450000000000000178, 0.4000000000000000222, 0.2500000000000000000 ) ) ;
#252 = VERTEX_POINT ( 'NONE', #1908 ) ;
#253 = LINE ( 'NONE', #2139, #1451 ) ;
#254 = AXIS2_PLACEMENT_3D ( 'NONE', #183, #890, #164 ) ;
#255 = LINE ( 'NONE', #1493, #159 ) ;
#256 = ORIENTED_EDGE ( 'NONE', *, *, #1460, .T. ) ;
#257 = DIRECTION ( 'NONE',  ( -1.000000000000000000, 0.000000000000000000, 0.000000000000000000 ) ) ;
#258 = CARTESIAN_POINT ( 'NONE',  ( -2.200000000000001066, -0.1499999999999999667, 0.2500000000000000000 ) ) ;
#259 = DIRECTION ( 'NONE',  ( -0.000000000000000000, -0.000000000000000000, -1.000000000000000000 ) ) ;
#260 = DIRECTION ( 'NONE',  ( -1.000000000000000000, 0.000000000000000000, 0.000000000000000000 ) ) ;
#261 = ORIENTED_EDGE ( 'NONE', *, *, #1083, .T. ) ;
#262 = CIRCLE ( 'NONE', #1698, 0.2499999999999999167 ) ;
#263 = CARTESIAN_POINT ( 'NONE',  ( 0.5499999999999999334, 4.141934388425582370, 0.000000000000000000 ) ) ;
#264 = VECTOR ( 'NONE', #1336, 39.37007874015748143 ) ;
#265 = LINE ( 'NONE', #1690, #2604 ) ;
#266 = AXIS2_PLACEMENT_3D ( 'NONE', #1798, #2727, #1033 ) ;
#267 = ORIENTED_EDGE ( 'NONE', *, *, #1615, .F. ) ;
#268 = LINE ( 'NONE', #2869, #1194 ) ;
#269 = CIRCLE ( 'NONE', #2278, 0.06692913385826744499 ) ;
#270 = CARTESIAN_POINT ( 'NONE',  ( 1.500000000000000444, -0.7500000000000009992, 0.000000000000000000 ) ) ;
#271 = ORIENTED_EDGE ( 'NONE', *, *, #2737, .F. ) ;
#272 = LINE ( 'NONE', #1684, #1301 ) ;
#273 = EDGE_CURVE ( 'NONE', #2344, #1031, #1677, .T. ) ;
#274 = DIRECTION ( 'NONE',  ( -0.5999999999999999778, -0.7999999999999998224, 0.000000000000000000 ) ) ;
#275 = ADVANCED_FACE ( 'NONE', ( #974 ), #1195, .F. ) ;
#276 = FACE_OUTER_BOUND ( 'NONE', #1004, .T. ) ;
#277 = ORIENTED_EDGE ( 'NONE', *, *, #2255, .F. ) ;
#278 = DIRECTION ( 'NONE',  ( -0.000000000000000000, -0.000000000000000000, 1.000000000000000000 ) ) ;
#279 = VERTEX_POINT ( 'NONE', #2852 ) ;
#280 = CARTESIAN_POINT ( 'NONE',  ( -1.375000000000000444, -2.000000000000000444, 0.2500000000000000000 ) ) ;
#281 =( NAMED_UNIT ( * ) PLANE_ANGLE_UNIT ( ) SI_UNIT ( $, .RADIAN. ) );
#282 = AXIS2_PLACEMENT_3D ( 'NONE', #348, #1039, #774 ) ;
#283 = DIRECTION ( 'NONE',  ( -0.000000000000000000, -0.000000000000000000, -1.000000000000000000 ) ) ;
#284 = VERTEX_POINT ( 'NONE', #2607 ) ;
#285 = AXIS2_PLACEMENT_3D ( 'NONE', #316, #2636, #1948 ) ;
#286 = DIRECTION ( 'NONE',  ( 1.000000000000000000, 0.000000000000000000, 0.000000000000000000 ) ) ;
#287 = ADVANCED_FACE ( 'NONE', ( #942 ), #1445, .F. ) ;
#288 = DIRECTION ( 'NONE',  ( -0.000000000000000000, -0.000000000000000000, -1.000000000000000000 ) ) ;
#289 = DIRECTION ( 'NONE',  ( 1.913226279806337418E-15, 1.000000000000000000, 0.000000000000000000 ) ) ;
#290 = CIRCLE ( 'NONE', #2850, 0.06692913385826772255 ) ;
#291 = ORIENTED_EDGE ( 'NONE', *, *, #2009, .T. ) ;
#292 = DIRECTION ( 'NONE',  ( -0.000000000000000000, -0.000000000000000000, -1.000000000000000000 ) ) ;
#293 = ORIENTED_EDGE ( 'NONE', *, *, #1020, .T. ) ;
#294 = CARTESIAN_POINT ( 'NONE',  ( -1.688111705036649868, 3.448745145972105686, 0.2500000000000000000 ) ) ;
#295 = DIRECTION ( 'NONE',  ( -0.6427876096865433597, -0.7660444431189745718, 0.000000000000000000 ) ) ;
#296 = DIRECTION ( 'NONE',  ( 0.6427876096865433597, 0.7660444431189746828, 0.000000000000000000 ) ) ;
#297 = VERTEX_POINT ( 'NONE', #1213 ) ;
#298 = DIRECTION ( 'NONE',  ( 1.000000000000000000, 0.000000000000000000, 0.000000000000000000 ) ) ;
#299 = ADVANCED_FACE ( 'NONE', ( #2884 ), #1938, .F. ) ;
#300 = CYLINDRICAL_SURFACE ( 'NONE', #49, 0.2500000000000000555 ) ;
#301 = CARTESIAN_POINT ( 'NONE',  ( -0.5500000000000000444, 1.699999999999999067, -3.937007874016270969E-05 ) ) ;
#302 = ORIENTED_EDGE ( 'NONE', *, *, #498, .T. ) ;
#303 = VERTEX_POINT ( 'NONE', #16 ) ;
#304 = DIRECTION ( 'NONE',  ( 0.000000000000000000, 0.000000000000000000, 1.000000000000000000 ) ) ;
#305 = VERTEX_POINT ( 'NONE', #491 ) ;
#306 = FACE_OUTER_BOUND ( 'NONE', #2424, .T. ) ;
#307 = EDGE_CURVE ( 'NONE', #1196, #943, #265, .T. ) ;
#308 = LINE ( 'NONE', #1259, #1027 ) ;
#309 = CARTESIAN_POINT ( 'NONE',  ( -1.575000000000000178, -1.900000000000000799, 0.2500000000000000000 ) ) ;
#310 = VERTEX_POINT ( 'NONE', #960 ) ;
#311 = AXIS2_PLACEMENT_3D ( 'NONE', #1449, #1233, #2185 ) ;
#312 = DIRECTION ( 'NONE',  ( 0.000000000000000000, 0.000000000000000000, -1.000000000000000000 ) ) ;
#313 = AXIS2_PLACEMENT_3D ( 'NONE', #118, #1119, #550 ) ;
#314 = VERTEX_POINT ( 'NONE', #1227 ) ;
#315 = CARTESIAN_POINT ( 'NONE',  ( -1.500000000000000444, -0.7500000000000015543, 0.2500000000000000000 ) ) ;
#316 = CARTESIAN_POINT ( 'NONE',  ( -2.450000000000000178, 1.449999999999999067, -3.937007874016270969E-05 ) ) ;
#317 = VERTEX_POINT ( 'NONE', #463 ) ;
#318 = VECTOR ( 'NONE', #2590, 39.37007874015748143 ) ;
#319 = LINE ( 'NONE', #1053, #559 ) ;
#320 = EDGE_LOOP ( 'NONE', ( #168, #429, #2853, #2732 ) ) ;
#321 = DIRECTION ( 'NONE',  ( 1.000000000000000000, 0.000000000000000000, 0.000000000000000000 ) ) ;
#322 = CARTESIAN_POINT ( 'NONE',  ( 0.9500000000000006217, -1.700000000000000400, 0.000000000000000000 ) ) ;
#323 = CARTESIAN_POINT ( 'NONE',  ( 0.5500000000000000444, 0.3999999999999999667, -3.937007874016270969E-05 ) ) ;
#324 = ORIENTED_EDGE ( 'NONE', *, *, #2611, .F. ) ;
#325 = AXIS2_PLACEMENT_3D ( 'NONE', #1472, #72, #2391 ) ;
#326 = ORIENTED_EDGE ( 'NONE', *, *, #2311, .T. ) ;
#327 = CARTESIAN_POINT ( 'NONE',  ( 2.700000000000000622, 1.449999999999999067, -3.937007874016270969E-05 ) ) ;
#328 = FACE_BOUND ( 'NONE', #586, .T. ) ;
#329 = AXIS2_PLACEMENT_3D ( 'NONE', #3034, #1576, #624 ) ;
#330 = EDGE_CURVE ( 'NONE', #1496, #421, #484, .T. ) ;
#331 = ORIENTED_EDGE ( 'NONE', *, *, #389, .F. ) ;
#332 = DIRECTION ( 'NONE',  ( 1.300879996982982485E-16, 1.000000000000000000, 0.000000000000000000 ) ) ;
#333 = EDGE_LOOP ( 'NONE', ( #2422, #129, #895, #2082 ) ) ;
#334 = CARTESIAN_POINT ( 'NONE',  ( -1.500000000000000444, -2.000000000000000444, 0.000000000000000000 ) ) ;
#335 = EDGE_CURVE ( 'NONE', #1870, #400, #2377, .T. ) ;
#336 = LINE ( 'NONE', #2001, #2699 ) ;
#337 = EDGE_LOOP ( 'NONE', ( #1320, #2061, #1114, #987 ) ) ;
#338 = FACE_BOUND ( 'NONE', #2113, .T. ) ;
#339 = CARTESIAN_POINT ( 'NONE',  ( 2.750000000000000444, 1.909007441433447916, 0.2500000000000000000 ) ) ;
#340 = ADVANCED_FACE ( 'NONE', ( #1414 ), #2394, .F. ) ;
#341 = VECTOR ( 'NONE', #2526, 39.37007874015748143 ) ;
#342 = EDGE_CURVE ( 'NONE', #209, #1720, #1282, .T. ) ;
#343 = ORIENTED_EDGE ( 'NONE', *, *, #2711, .F. ) ;
#344 = EDGE_CURVE ( 'NONE', #2208, #103, #1032, .T. ) ;
#345 = VERTEX_POINT ( 'NONE', #711 ) ;
#346 = FACE_OUTER_BOUND ( 'NONE', #2941, .T. ) ;
#347 = ORIENTED_EDGE ( 'NONE', *, *, #1794, .F. ) ;
#348 = CARTESIAN_POINT ( 'NONE',  ( 2.875000000000000888, 1.749999999999999556, 0.000000000000000000 ) ) ;
#349 = DIRECTION ( 'NONE',  ( -0.000000000000000000, -0.000000000000000000, -1.000000000000000000 ) ) ;
#350 =( GEOMETRIC_REPRESENTATION_CONTEXT ( 3 ) GLOBAL_UNCERTAINTY_ASSIGNED_CONTEXT ( ( #145 ) ) GLOBAL_UNIT_ASSIGNED_CONTEXT ( ( #35, #281, #2539 ) ) REPRESENTATION_CONTEXT ( 'NONE', 'WORKASPACE' ) );
#351 = CIRCLE ( 'NONE', #15, 0.2500000000000019429 ) ;
#352 = ORIENTED_EDGE ( 'NONE', *, *, #2120, .F. ) ;
#353 = ORIENTED_EDGE ( 'NONE', *, *, #789, .T. ) ;
#354 = PLANE ( 'NONE',  #955 ) ;
#355 = FACE_BOUND ( 'NONE', #2138, .T. ) ;
#356 = AXIS2_PLACEMENT_3D ( 'NONE', #2439, #1978, #1286 ) ;
#357 = EDGE_CURVE ( 'NONE', #792, #1558, #2639, .T. ) ;
#358 = VERTEX_POINT ( 'NONE', #1 ) ;
#359 = ORIENTED_EDGE ( 'NONE', *, *, #45, .F. ) ;
#360 = CARTESIAN_POINT ( 'NONE',  ( -0.9500000000000005107, -1.450000000000000400, -3.937007874016270969E-05 ) ) ;
#361 = EDGE_LOOP ( 'NONE', ( #1392, #1768, #2718, #2783 ) ) ;
#362 = CARTESIAN_POINT ( 'NONE',  ( 1.200000000000000622, -1.450000000000000400, 0.2500000000000000000 ) ) ;
#363 = EDGE_CURVE ( 'NONE', #1088, #804, #513, .T. ) ;
#364 = DIRECTION ( 'NONE',  ( 1.000000000000000000, -0.000000000000000000, -0.000000000000000000 ) ) ;
#365 = VERTEX_POINT ( 'NONE', #1475 ) ;
#366 = ORIENTED_EDGE ( 'NONE', *, *, #2119, .F. ) ;
#367 = FACE_BOUND ( 'NONE', #1176, .T. ) ;
#368 = EDGE_CURVE ( 'NONE', #2231, #2351, #1305, .T. ) ;
#369 = DIRECTION ( 'NONE',  ( -0.000000000000000000, -0.000000000000000000, 1.000000000000000000 ) ) ;
#370 = AXIS2_PLACEMENT_3D ( 'NONE', #2030, #1971, #2272 ) ;
#371 = ORIENTED_EDGE ( 'NONE', *, *, #1478, .F. ) ;
#372 = CARTESIAN_POINT ( 'NONE',  ( -2.750000000000000444, 1.909007441433447694, 0.000000000000000000 ) ) ;
#373 = ORIENTED_EDGE ( 'NONE', *, *, #1635, .T. ) ;
#374 = VERTEX_POINT ( 'NONE', #2180 ) ;
#375 = CIRCLE ( 'NONE', #679, 0.06692913385826772255 ) ;
#376 = DIRECTION ( 'NONE',  ( -0.000000000000000000, -0.000000000000000000, -1.000000000000000000 ) ) ;
#377 = DIRECTION ( 'NONE',  ( 0.000000000000000000, 0.000000000000000000, 1.000000000000000000 ) ) ;
#378 = EDGE_LOOP ( 'NONE', ( #705, #52, #1837, #912 ) ) ;
#379 = ORIENTED_EDGE ( 'NONE', *, *, #2930, .T. ) ;
#380 = FACE_OUTER_BOUND ( 'NONE', #1973, .T. ) ;
#381 = DIRECTION ( 'NONE',  ( -1.000000000000000000, 0.000000000000000000, 0.000000000000000000 ) ) ;
#382 = AXIS2_PLACEMENT_3D ( 'NONE', #1660, #2838, #1164 ) ;
#383 = ORIENTED_EDGE ( 'NONE', *, *, #1329, .T. ) ;
#384 = LINE ( 'NONE', #2414, #1917 ) ;
#385 = ORIENTED_EDGE ( 'NONE', *, *, #2408, .T. ) ;
#386 = VERTEX_POINT ( 'NONE', #60 ) ;
#387 = DIRECTION ( 'NONE',  ( 0.000000000000000000, 0.000000000000000000, 1.000000000000000000 ) ) ;
#388 = LINE ( 'NONE', #1628, #2506 ) ;
#389 = EDGE_CURVE ( 'NONE', #831, #1502, #653, .T. ) ;
#390 = EDGE_CURVE ( 'NONE', #1070, #2186, #1501, .T. ) ;
#391 = VECTOR ( 'NONE', #715, 39.37007874015748143 ) ;
#392 = LINE ( 'NONE', #1858, #2192 ) ;
#393 = EDGE_LOOP ( 'NONE', ( #2822, #2013, #2688, #2242 ) ) ;
#394 = ORIENTED_EDGE ( 'NONE', *, *, #368, .F. ) ;
#395 = EDGE_CURVE ( 'NONE', #2107, #196, #1037, .T. ) ;
#396 = CARTESIAN_POINT ( 'NONE',  ( 2.875000000000000888, 1.749999999999999556, -5.303588500244433124E-17 ) ) ;
#397 = CARTESIAN_POINT ( 'NONE',  ( -2.700000000000000178, 0.6499999999999999112, -3.937007874016270969E-05 ) ) ;
#398 = VECTOR ( 'NONE', #1879, 39.37007874015748143 ) ;
#399 = CARTESIAN_POINT ( 'NONE',  ( 1.500000000000000444, -0.1500000000000000500, 0.000000000000000000 ) ) ;
#400 = VERTEX_POINT ( 'NONE', #90 ) ;
#401 = DIRECTION ( 'NONE',  ( 0.000000000000000000, 0.000000000000000000, 1.000000000000000000 ) ) ;
#402 = CIRCLE ( 'NONE', #1749, 0.06692913385826772255 ) ;
#403 = ORIENTED_EDGE ( 'NONE', *, *, #330, .F. ) ;
#404 = ORIENTED_EDGE ( 'NONE', *, *, #682, .F. ) ;
#405 = COORDINATED_UNIVERSAL_TIME_OFFSET ( 8, 0, .BEHIND. ) ;
#406 = EDGE_CURVE ( 'NONE', #305, #2748, #580, .T. ) ;
#407 = CARTESIAN_POINT ( 'NONE',  ( -0.3000000000000000999, 1.449999999999999289, -3.937007874016270969E-05 ) ) ;
#408 = LINE ( 'NONE', #2249, #1979 ) ;
#409 = CARTESIAN_POINT ( 'NONE',  ( -1.500000000000000444, -0.7500000000000009992, -2.121320343559642829 ) ) ;
#410 = ORIENTED_EDGE ( 'NONE', *, *, #1696, .F. ) ;
#411 = EDGE_CURVE ( 'NONE', #2025, #510, #1705, .T. ) ;
#412 = LINE ( 'NONE', #1134, #2768 ) ;
#413 = CARTESIAN_POINT ( 'NONE',  ( 0.7415111107797437429, 4.302631290847216405, 0.2500000000000000000 ) ) ;
#414 = DIRECTION ( 'NONE',  ( 1.000000000000000000, 0.000000000000000000, 0.000000000000000000 ) ) ;
#415 = DIRECTION ( 'NONE',  ( -0.000000000000000000, -0.000000000000000000, -1.000000000000000000 ) ) ;
#416 = ORIENTED_EDGE ( 'NONE', *, *, #2805, .F. ) ;
#417 = LINE ( 'NONE', #2995, #1271 ) ;
#418 = AXIS2_PLACEMENT_3D ( 'NONE', #1040, #1505, #1737 ) ;
#419 = VERTEX_POINT ( 'NONE', #2667 ) ;
#420 = ADVANCED_FACE ( 'NONE', ( #1255 ), #2219, .F. ) ;
#421 = VERTEX_POINT ( 'NONE', #2651 ) ;
#422 = AXIS2_PLACEMENT_3D ( 'NONE', #2163, #782, #2374 ) ;
#423 = LINE ( 'NONE', #1840, #1674 ) ;
#424 = ADVANCED_FACE ( 'NONE', ( #798 ), #2898, .F. ) ;
#425 = CARTESIAN_POINT ( 'NONE',  ( 2.083070866141733202, -0.9250000000000005995, 0.000000000000000000 ) ) ;
#426 = CIRCLE ( 'NONE', #2360, 0.2499999999999989730 ) ;
#427 = CARTESIAN_POINT ( 'NONE',  ( -2.941511110779744254, 2.069704343855083284, 0.2500000000000000000 ) ) ;
#428 = ADVANCED_FACE ( 'NONE', ( #1545 ), #2478, .T. ) ;
#429 = ORIENTED_EDGE ( 'NONE', *, *, #2859, .T. ) ;
#430 = DIRECTION ( 'NONE',  ( 0.000000000000000000, 0.000000000000000000, 1.000000000000000000 ) ) ;
#431 = CARTESIAN_POINT ( 'NONE',  ( -2.941511110779744254, 2.069704343855083284, 0.2500000000000000000 ) ) ;
#432 = DIRECTION ( 'NONE',  ( -0.000000000000000000, -0.000000000000000000, -1.000000000000000000 ) ) ;
#433 = DIRECTION ( 'NONE',  ( 0.000000000000000000, 0.000000000000000000, 1.000000000000000000 ) ) ;
#434 = AXIS2_PLACEMENT_3D ( 'NONE', #1206, #27, #2831 ) ;
#435 = ADVANCED_FACE ( 'NONE', ( #2194 ), #2207, .F. ) ;
#436 = EDGE_CURVE ( 'NONE', #2974, #1558, #161, .T. ) ;
#437 = ORIENTED_EDGE ( 'NONE', *, *, #2294, .F. ) ;
#438 = CARTESIAN_POINT ( 'NONE',  ( -2.750000000000000444, 1.909007441433447694, 0.2500000000000000000 ) ) ;
#439 = ORIENTED_EDGE ( 'NONE', *, *, #2309, .T. ) ;
#440 = ADVANCED_FACE ( 'NONE', ( #346 ), #1995, .F. ) ;
#441 = ORIENTED_EDGE ( 'NONE', *, *, #1731, .T. ) ;
#442 = EDGE_CURVE ( 'NONE', #2025, #2597, #319, .T. ) ;
#443 = DIRECTION ( 'NONE',  ( 0.000000000000000000, 0.000000000000000000, 1.000000000000000000 ) ) ;
#444 = VECTOR ( 'NONE', #1891, 39.37007874015748143 ) ;
#445 = PLANE ( 'NONE',  #1122 ) ;
#446 = CARTESIAN_POINT ( 'NONE',  ( -0.5500000000000000444, 1.699999999999999067, -3.937007874016270969E-05 ) ) ;
#447 = CARTESIAN_POINT ( 'NONE',  ( 2.200000000000001066, 0.1000000000000000194, -3.937007874016270969E-05 ) ) ;
#448 = CARTESIAN_POINT ( 'NONE',  ( -1.554253437320114450, 3.448745145972105686, 0.2500000000000000000 ) ) ;
#449 = ORIENTED_EDGE ( 'NONE', *, *, #273, .F. ) ;
#450 = DIRECTION ( 'NONE',  ( -1.000000000000000000, 0.000000000000000000, 0.000000000000000000 ) ) ;
#451 = PLANE ( 'NONE',  #553 ) ;
#452 = CARTESIAN_POINT ( 'NONE',  ( 1.621182571178382048, 3.448745145972105686, 0.000000000000000000 ) ) ;
#453 = FACE_OUTER_BOUND ( 'NONE', #618, .T. ) ;
#454 = ORIENTED_EDGE ( 'NONE', *, *, #1555, .F. ) ;
#455 = CYLINDRICAL_SURFACE ( 'NONE', #2788, 0.2499999999999998057 ) ;
#456 = EDGE_CURVE ( 'NONE', #2766, #2322, #2479, .T. ) ;
#457 = ORIENTED_EDGE ( 'NONE', *, *, #953, .T. ) ;
#458 = DIRECTION ( 'NONE',  ( -1.000000000000000000, 0.000000000000000000, 0.000000000000000000 ) ) ;
#459 = AXIS2_PLACEMENT_3D ( 'NONE', #1318, #625, #2789 ) ;
#460 = COORDINATED_UNIVERSAL_TIME_OFFSET ( 8, 0, .BEHIND. ) ;
#461 = AXIS2_PLACEMENT_3D ( 'NONE', #1362, #1613, #2740 ) ;
#462 = VECTOR ( 'NONE', #1179, 39.37007874015748143 ) ;
#463 = CARTESIAN_POINT ( 'NONE',  ( 0.9500000000000006217, -1.700000000000000400, 0.2500000000000000000 ) ) ;
#464 = DIRECTION ( 'NONE',  ( -0.000000000000000000, -0.000000000000000000, -1.000000000000000000 ) ) ;
#465 = LINE ( 'NONE', #2594, #1093 ) ;
#466 = CARTESIAN_POINT ( 'NONE',  ( 2.700000000000000178, 0.6499999999999999112, 0.2500000000000000000 ) ) ;
#467 = VERTEX_POINT ( 'NONE', #1021 ) ;
#468 = CARTESIAN_POINT ( 'NONE',  ( 0.5500000000000000444, 1.699999999999999067, -3.937007874016270969E-05 ) ) ;
#469 = CARTESIAN_POINT ( 'NONE',  ( -2.875000000000000888, 1.749999999999999556, 0.000000000000000000 ) ) ;
#470 = LINE ( 'NONE', #1436, #763 ) ;
#471 = EDGE_CURVE ( 'NONE', #1487, #1161, #2462, .T. ) ;
#472 = CARTESIAN_POINT ( 'NONE',  ( -0.9330708661417319583, -1.875000000000000888, 0.2500000000000000000 ) ) ;
#473 = DIRECTION ( 'NONE',  ( -0.000000000000000000, -0.000000000000000000, 1.000000000000000000 ) ) ;
#474 = ORIENTED_EDGE ( 'NONE', *, *, #892, .T. ) ;
#475 = CARTESIAN_POINT ( 'NONE',  ( 2.875000000000000888, 0.2499999999999995282, -5.303588500244433124E-17 ) ) ;
#476 = AXIS2_PLACEMENT_3D ( 'NONE', #1557, #2257, #554 ) ;
#477 = DIRECTION ( 'NONE',  ( 1.000000000000000000, 0.000000000000000000, 0.000000000000000000 ) ) ;
#478 = ORIENTED_EDGE ( 'NONE', *, *, #1184, .T. ) ;
#479 = CARTESIAN_POINT ( 'NONE',  ( 0.5499999999999999334, 4.141934388425582370, -3.937007874016270969E-05 ) ) ;
#480 = VERTEX_POINT ( 'NONE', #2423 ) ;
#481 = DIRECTION ( 'NONE',  ( -0.000000000000000000, -0.000000000000000000, -1.000000000000000000 ) ) ;
#482 = LINE ( 'NONE', #2889, #1155 ) ;
#483 = ORIENTED_EDGE ( 'NONE', *, *, #75, .F. ) ;
#484 = CIRCLE ( 'NONE', #89, 0.06692913385826718131 ) ;
#485 = CARTESIAN_POINT ( 'NONE',  ( -0.5499999999999999334, 4.141934388425582370, -3.937007874016270969E-05 ) ) ;
#486 = CARTESIAN_POINT ( 'NONE',  ( -0.9500000000000006217, -1.700000000000000400, 0.000000000000000000 ) ) ;
#487 = DIRECTION ( 'NONE',  ( -0.000000000000000000, -0.000000000000000000, 1.000000000000000000 ) ) ;
#488 = DIRECTION ( 'NONE',  ( -0.6000000000000000888, -0.7999999999999999334, 0.000000000000000000 ) ) ;
#489 = ORIENTED_EDGE ( 'NONE', *, *, #989, .F. ) ;
#490 = DIRECTION ( 'NONE',  ( -1.000000000000000000, 0.000000000000000000, 0.000000000000000000 ) ) ;
#491 = CARTESIAN_POINT ( 'NONE',  ( 2.950000000000001066, -0.06666666666666604124, 0.000000000000000000 ) ) ;
#492 = ORIENTED_EDGE ( 'NONE', *, *, #1047, .T. ) ;
#493 = DIRECTION ( 'NONE',  ( 0.000000000000000000, -1.000000000000000000, 0.000000000000000000 ) ) ;
#494 = DIRECTION ( 'NONE',  ( -1.000000000000000000, -0.000000000000000000, -0.000000000000000000 ) ) ;
#495 = CIRCLE ( 'NONE', #2753, 0.06692913385826744499 ) ;
#496 = EDGE_CURVE ( 'NONE', #2420, #3041, #2770, .T. ) ;
#497 = CYLINDRICAL_SURFACE ( 'NONE', #2926, 0.06692913385826744499 ) ;
#498 = EDGE_CURVE ( 'NONE', #1406, #123, #1012, .T. ) ;
#499 = EDGE_CURVE ( 'NONE', #2668, #193, #959, .T. ) ;
#500 = ORIENTED_EDGE ( 'NONE', *, *, #201, .F. ) ;
#501 = PLANE ( 'NONE',  #642 ) ;
#502 = CARTESIAN_POINT ( 'NONE',  ( -1.950000000000000400, -0.9000000000000007994, 0.2500000000000000000 ) ) ;
#503 = DIRECTION ( 'NONE',  ( -1.000000000000000000, 0.000000000000000000, 0.000000000000000000 ) ) ;
#504 = ORIENTED_EDGE ( 'NONE', *, *, #456, .T. ) ;
#505 = CC_DESIGN_APPROVAL ( #119, ( #2455 ) ) ;
#506 = PRODUCT ( 'Chassis Bottom Plate', 'Chassis Bottom Plate', '', ( #676 ) ) ;
#507 = AXIS2_PLACEMENT_3D ( 'NONE', #2203, #86, #1034 ) ;
#508 = CARTESIAN_POINT ( 'NONE',  ( -2.150000000000000799, -0.9250000000000005995, -5.303588500244433124E-17 ) ) ;
#509 = VECTOR ( 'NONE', #1187, 39.37007874015748143 ) ;
#510 = VERTEX_POINT ( 'NONE', #2601 ) ;
#511 = LINE ( 'NONE', #446, #632 ) ;
#512 = EDGE_CURVE ( 'NONE', #97, #310, #243, .T. ) ;
#513 = CIRCLE ( 'NONE', #1407, 0.06692913385826772255 ) ;
#514 = DIRECTION ( 'NONE',  ( -0.000000000000000000, -0.000000000000000000, 1.000000000000000000 ) ) ;
#515 = ORIENTED_EDGE ( 'NONE', *, *, #1302, .T. ) ;
#516 = DIRECTION ( 'NONE',  ( 0.000000000000000000, -1.000000000000000000, 0.000000000000000000 ) ) ;
#517 = EDGE_CURVE ( 'NONE', #3031, #1070, #470, .T. ) ;
#518 = DIRECTION ( 'NONE',  ( -1.000000000000000000, 0.000000000000000000, 0.000000000000000000 ) ) ;
#519 = DIRECTION ( 'NONE',  ( 0.000000000000000000, 0.000000000000000000, 1.000000000000000000 ) ) ;
#520 = ORIENTED_EDGE ( 'NONE', *, *, #1175, .T. ) ;
#521 = CARTESIAN_POINT ( 'NONE',  ( -0.9999999999999996669, -1.875000000000000888, 0.2500000000000000000 ) ) ;
#522 = VERTEX_POINT ( 'NONE', #486 ) ;
#523 = FACE_OUTER_BOUND ( 'NONE', #361, .T. ) ;
#524 = CARTESIAN_POINT ( 'NONE',  ( -1.621182571178382048, 3.448745145972105686, -5.303588500244433124E-17 ) ) ;
#525 = AXIS2_PLACEMENT_3D ( 'NONE', #194, #473, #1868 ) ;
#526 = DIRECTION ( 'NONE',  ( -1.000000000000000000, 0.000000000000000000, 0.000000000000000000 ) ) ;
#527 = EDGE_CURVE ( 'NONE', #2890, #592, #1403, .T. ) ;
#528 = ORIENTED_EDGE ( 'NONE', *, *, #1865, .T. ) ;
#529 = CARTESIAN_POINT ( 'NONE',  ( -3.000000000000000444, 1.999999999999999112, 0.2500000000000000000 ) ) ;
#530 = DIRECTION ( 'NONE',  ( -1.000000000000000000, 0.000000000000000000, 0.000000000000000000 ) ) ;
#531 = LINE ( 'NONE', #547, #1764 ) ;
#532 = VECTOR ( 'NONE', #1548, 39.37007874015748143 ) ;
#533 = ORIENTED_EDGE ( 'NONE', *, *, #2519, .F. ) ;
#534 = CC_DESIGN_DATE_AND_TIME_ASSIGNMENT ( #2065, #2571, ( #1990 ) ) ;
#535 = ORIENTED_EDGE ( 'NONE', *, *, #2240, .F. ) ;
#536 = CARTESIAN_POINT ( 'NONE',  ( 1.200000000000000622, 0.09999999999999951983, 0.2500000000000000000 ) ) ;
#537 = EDGE_CURVE ( 'NONE', #193, #2668, #3018, .T. ) ;
#538 = VERTEX_POINT ( 'NONE', #915 ) ;
#539 = LINE ( 'NONE', #334, #1937 ) ;
#540 = LINE ( 'NONE', #2656, #1563 ) ;
#541 = CARTESIAN_POINT ( 'NONE',  ( 2.700000000000000622, 1.449999999999999067, -3.937007874016270969E-05 ) ) ;
#542 = EDGE_LOOP ( 'NONE', ( #1884, #2100, #2416, #674 ) ) ;
#543 = VECTOR ( 'NONE', #2052, 39.37007874015748143 ) ;
#544 = CARTESIAN_POINT ( 'NONE',  ( 2.450000000000000178, 0.4000000000000000222, 0.2500000000000000000 ) ) ;
#545 = ORIENTED_EDGE ( 'NONE', *, *, #2184, .T. ) ;
#546 = CARTESIAN_POINT ( 'NONE',  ( -1.621182571178382048, 3.448745145972105686, 0.2500000000000000000 ) ) ;
#547 = CARTESIAN_POINT ( 'NONE',  ( 2.400000000000001243, -0.3000000000000000999, 0.2500000000000000000 ) ) ;
#548 = ORIENTED_EDGE ( 'NONE', *, *, #2996, .F. ) ;
#549 = APPROVAL_PERSON_ORGANIZATION ( #692, #1923, #941 ) ;
#550 = DIRECTION ( 'NONE',  ( 6.829619984160665935E-16, -1.000000000000000000, 0.000000000000000000 ) ) ;
#551 = VERTEX_POINT ( 'NONE', #2581 ) ;
#552 = CARTESIAN_POINT ( 'NONE',  ( -0.9999999999999996669, -1.875000000000000888, 0.000000000000000000 ) ) ;
#553 = AXIS2_PLACEMENT_3D ( 'NONE', #1602, #630, #1618 ) ;
#554 = DIRECTION ( 'NONE',  ( -1.000000000000000000, 0.000000000000000000, 0.000000000000000000 ) ) ;
#555 = AXIS2_PLACEMENT_3D ( 'NONE', #1825, #2508, #2024 ) ;
#556 = DIRECTION ( 'NONE',  ( -0.000000000000000000, -0.000000000000000000, 1.000000000000000000 ) ) ;
#557 = EDGE_LOOP ( 'NONE', ( #2950, #1877, #441, #2154 ) ) ;
#558 = AXIS2_PLACEMENT_3D ( 'NONE', #2527, #2560, #1348 ) ;
#559 = VECTOR ( 'NONE', #1269, 39.37007874015748143 ) ;
#560 = ORIENTED_EDGE ( 'NONE', *, *, #1942, .T. ) ;
#561 = FACE_BOUND ( 'NONE', #1243, .T. ) ;
#562 = FACE_BOUND ( 'NONE', #2310, .T. ) ;
#563 = ADVANCED_FACE ( 'NONE', ( #2339 ), #1136, .T. ) ;
#564 = EDGE_LOOP ( 'NONE', ( #2784, #2048, #1585, #2555 ) ) ;
#565 = AXIS2_PLACEMENT_3D ( 'NONE', #743, #2821, #477 ) ;
#566 = DIRECTION ( 'NONE',  ( -1.000000000000000000, -5.162477643180737908E-16, 0.000000000000000000 ) ) ;
#567 = EDGE_CURVE ( 'NONE', #365, #681, #1952, .T. ) ;
#568 = ORIENTED_EDGE ( 'NONE', *, *, #1460, .F. ) ;
#569 = DIRECTION ( 'NONE',  ( -0.000000000000000000, -0.000000000000000000, 1.000000000000000000 ) ) ;
#570 = LINE ( 'NONE', #2212, #1035 ) ;
#571 = ORIENTED_EDGE ( 'NONE', *, *, #2393, .F. ) ;
#572 = CIRCLE ( 'NONE', #1616, 0.2500000000000003331 ) ;
#573 = EDGE_CURVE ( 'NONE', #587, #96, #1904, .T. ) ;
#574 = AXIS2_PLACEMENT_3D ( 'NONE', #2472, #2217, #1087 ) ;
#575 = VERTEX_POINT ( 'NONE', #702 ) ;
#576 = DIRECTION ( 'NONE',  ( -0.8000000000000001554, 0.5999999999999997558, 0.000000000000000000 ) ) ;
#577 = CARTESIAN_POINT ( 'NONE',  ( -0.7415111107797441869, 4.302631290847217294, 0.000000000000000000 ) ) ;
#578 = AXIS2_PLACEMENT_3D ( 'NONE', #1850, #1371, #1354 ) ;
#579 = ORIENTED_EDGE ( 'NONE', *, *, #1024, .T. ) ;
#580 = LINE ( 'NONE', #811, #1507 ) ;
#581 = EDGE_LOOP ( 'NONE', ( #533, #2961, #2681, #1803, #1740, #1511, #844 ) ) ;
#582 = DIRECTION ( 'NONE',  ( 0.000000000000000000, 0.000000000000000000, -1.000000000000000000 ) ) ;
#583 = LINE ( 'NONE', #828, #1522 ) ;
#584 = AXIS2_PLACEMENT_3D ( 'NONE', #2176, #2879, #530 ) ;
#585 = ADVANCED_FACE ( 'NONE', ( #1633 ), #190, .F. ) ;
#586 = EDGE_LOOP ( 'NONE', ( #394, #2687 ) ) ;
#587 = VERTEX_POINT ( 'NONE', #1620 ) ;
#588 = DIRECTION ( 'NONE',  ( -0.000000000000000000, -0.000000000000000000, -1.000000000000000000 ) ) ;
#589 = DIRECTION ( 'NONE',  ( -0.000000000000000000, 0.000000000000000000, -1.000000000000000000 ) ) ;
#590 = CIRCLE ( 'NONE', #793, 0.2500000000000019429 ) ;
#591 = EDGE_LOOP ( 'NONE', ( #1811, #2767, #2994, #1813 ) ) ;
#592 = VERTEX_POINT ( 'NONE', #1650 ) ;
#593 = DIRECTION ( 'NONE',  ( -0.000000000000000000, -0.000000000000000000, -1.000000000000000000 ) ) ;
#594 = ORIENTED_EDGE ( 'NONE', *, *, #1767, .F. ) ;
#595 = LINE ( 'NONE', #1519, #532 ) ;
#596 = LOCAL_TIME ( 20, 57, 2.000000000000000000, #1589 ) ;
#597 = ADVANCED_FACE ( 'NONE', ( #1170 ), #2355, .F. ) ;
#598 = ORIENTED_EDGE ( 'NONE', *, *, #2859, .F. ) ;
#599 = VECTOR ( 'NONE', #1419, 39.37007874015748143 ) ;
#600 = VERTEX_POINT ( 'NONE', #1203 ) ;
#601 = FACE_BOUND ( 'NONE', #1138, .T. ) ;
#602 = AXIS2_PLACEMENT_3D ( 'NONE', #9, #26, #414 ) ;
#603 = DIRECTION ( 'NONE',  ( 1.000000000000000000, 0.000000000000000000, 0.000000000000000000 ) ) ;
#604 = AXIS2_PLACEMENT_3D ( 'NONE', #130, #432, #2371 ) ;
#605 = EDGE_LOOP ( 'NONE', ( #1054, #2982, #84, #2460 ) ) ;
#606 = DIRECTION ( 'NONE',  ( -1.300879996982982731E-16, 1.000000000000000000, 0.000000000000000000 ) ) ;
#607 = ORIENTED_EDGE ( 'NONE', *, *, #794, .T. ) ;
#608 = ORIENTED_EDGE ( 'NONE', *, *, #1592, .F. ) ;
#609 = CARTESIAN_POINT ( 'NONE',  ( -2.400000000000001243, -0.3000000000000000999, 0.2500000000000000000 ) ) ;
#610 = CARTESIAN_POINT ( 'NONE',  ( -2.700000000000000622, 1.449999999999999067, -3.937007874016270969E-05 ) ) ;
#611 = EDGE_CURVE ( 'NONE', #1312, #1608, #2193, .T. ) ;
#612 = ORIENTED_EDGE ( 'NONE', *, *, #2407, .T. ) ;
#613 = ORIENTED_EDGE ( 'NONE', *, *, #2856, .T. ) ;
#614 = DIRECTION ( 'NONE',  ( -0.5999999999999997558, -0.8000000000000001554, 0.000000000000000000 ) ) ;
#615 = FACE_BOUND ( 'NONE', #2238, .T. ) ;
#616 = ORIENTED_EDGE ( 'NONE', *, *, #984, .F. ) ;
#617 = FACE_OUTER_BOUND ( 'NONE', #1745, .T. ) ;
#618 = EDGE_LOOP ( 'NONE', ( #809, #785, #454, #352 ) ) ;
#619 = EDGE_CURVE ( 'NONE', #759, #2158, #2532, .T. ) ;
#620 = ADVANCED_FACE ( 'NONE', ( #2550 ), #2145, .F. ) ;
#621 = ORIENTED_EDGE ( 'NONE', *, *, #1368, .F. ) ;
#622 = VECTOR ( 'NONE', #864, 39.37007874015748143 ) ;
#623 = EDGE_CURVE ( 'NONE', #2484, #2919, #2876, .T. ) ;
#624 = DIRECTION ( 'NONE',  ( 1.000000000000000000, 0.000000000000000000, 0.000000000000000000 ) ) ;
#625 = DIRECTION ( 'NONE',  ( 0.000000000000000000, 0.000000000000000000, 1.000000000000000000 ) ) ;
#626 = DIRECTION ( 'NONE',  ( 0.000000000000000000, 0.000000000000000000, 1.000000000000000000 ) ) ;
#627 = EDGE_LOOP ( 'NONE', ( #806, #1265, #3011, #2412 ) ) ;
#628 = EDGE_LOOP ( 'NONE', ( #261, #2966, #2456, #385, #1123, #1828 ) ) ;
#629 = DIRECTION ( 'NONE',  ( -0.000000000000000000, -0.000000000000000000, 1.000000000000000000 ) ) ;
#630 = DIRECTION ( 'NONE',  ( -3.594536833768766614E-17, 1.000000000000000000, 0.000000000000000000 ) ) ;
#631 = CARTESIAN_POINT ( 'NONE',  ( 1.375000000000000444, -2.000000000000000888, 0.000000000000000000 ) ) ;
#632 = VECTOR ( 'NONE', #2823, 39.37007874015748143 ) ;
#633 = ORIENTED_EDGE ( 'NONE', *, *, #1380, .T. ) ;
#634 = DIRECTION ( 'NONE',  ( -1.000000000000000000, 0.000000000000000000, 0.000000000000000000 ) ) ;
#635 = DIMENSIONAL_EXPONENTS ( 1.000000000000000000, 0.000000000000000000, 0.000000000000000000, 0.000000000000000000, 0.000000000000000000, 0.000000000000000000, 0.000000000000000000 ) ;
#636 = VERTEX_POINT ( 'NONE', #2830 ) ;
#637 = EDGE_LOOP ( 'NONE', ( #1219, #1332, #812, #1821 ) ) ;
#638 = APPROVAL_STATUS ( 'not_yet_approved' ) ;
#639 = ADVANCED_FACE ( 'NONE', ( #2320 ), #720, .T. ) ;
#640 = DIRECTION ( 'NONE',  ( 1.000000000000000000, 0.000000000000000000, 0.000000000000000000 ) ) ;
#641 = DIRECTION ( 'NONE',  ( 1.000000000000000000, 0.000000000000000000, 0.000000000000000000 ) ) ;
#642 = AXIS2_PLACEMENT_3D ( 'NONE', #529, #1452, #2645 ) ;
#643 = DIRECTION ( 'NONE',  ( 2.731847993664264698E-16, -1.000000000000000000, 0.000000000000000000 ) ) ;
#644 = VERTEX_POINT ( 'NONE', #2303 ) ;
#645 = DIRECTION ( 'NONE',  ( -1.000000000000000000, 9.106159978880874930E-17, 0.000000000000000000 ) ) ;
#646 = VECTOR ( 'NONE', #647, 39.37007874015748143 ) ;
#647 = DIRECTION ( 'NONE',  ( -1.000000000000000000, -4.047182212835941071E-16, 0.000000000000000000 ) ) ;
#648 = EDGE_CURVE ( 'NONE', #2608, #538, #1902, .T. ) ;
#649 = VECTOR ( 'NONE', #629, 39.37007874015748143 ) ;
#650 = CARTESIAN_POINT ( 'NONE',  ( 2.700000000000000622, 1.449999999999999067, 0.000000000000000000 ) ) ;
#651 = DIRECTION ( 'NONE',  ( -1.000000000000000000, -0.000000000000000000, 0.000000000000000000 ) ) ;
#652 = ORIENTED_EDGE ( 'NONE', *, *, #1794, .T. ) ;
#653 = CIRCLE ( 'NONE', #2336, 0.2500000000000000555 ) ;
#654 = CARTESIAN_POINT ( 'NONE',  ( -2.875000000000000888, 1.749999999999999556, -5.303588500244433124E-17 ) ) ;
#655 = CIRCLE ( 'NONE', #805, 0.2500000000000000000 ) ;
#656 = EDGE_CURVE ( 'NONE', #2186, #1535, #737, .T. ) ;
#657 = ORIENTED_EDGE ( 'NONE', *, *, #780, .F. ) ;
#658 = EDGE_LOOP ( 'NONE', ( #162, #2081, #1038, #124 ) ) ;
#659 = PERSON_AND_ORGANIZATION ( #1279, #2625 ) ;
#660 = DIRECTION ( 'NONE',  ( 0.5999999999999999778, -0.7999999999999998224, 0.000000000000000000 ) ) ;
#661 = CYLINDRICAL_SURFACE ( 'NONE', #1827, 0.2500000000000019984 ) ;
#662 = DIRECTION ( 'NONE',  ( 1.000000000000000000, 0.000000000000000000, 0.000000000000000000 ) ) ;
#663 = CC_DESIGN_PERSON_AND_ORGANIZATION_ASSIGNMENT ( #1872, #2769, ( #1892 ) ) ;
#664 = ORIENTED_EDGE ( 'NONE', *, *, #1839, .T. ) ;
#665 = LINE ( 'NONE', #932, #899 ) ;
#666 = FACE_OUTER_BOUND ( 'NONE', #947, .T. ) ;
#667 = EDGE_CURVE ( 'NONE', #1914, #196, #2350, .T. ) ;
#668 = DIRECTION ( 'NONE',  ( -0.000000000000000000, -0.000000000000000000, -1.000000000000000000 ) ) ;
#669 = ADVANCED_FACE ( 'NONE', ( #202 ), #1578, .F. ) ;
#670 = CARTESIAN_POINT ( 'NONE',  ( 1.750000000000000444, 0.1000000000000000194, 0.000000000000000000 ) ) ;
#671 = ORIENTED_EDGE ( 'NONE', *, *, #1525, .F. ) ;
#672 = DIRECTION ( 'NONE',  ( -0.000000000000000000, -0.000000000000000000, 1.000000000000000000 ) ) ;
#673 = ORIENTED_EDGE ( 'NONE', *, *, #342, .T. ) ;
#674 = ORIENTED_EDGE ( 'NONE', *, *, #2368, .F. ) ;
#675 = AXIS2_PLACEMENT_3D ( 'NONE', #1716, #1670, #2849 ) ;
#676 = MECHANICAL_CONTEXT ( 'NONE', #2493, 'mechanical' ) ;
#677 = DIRECTION ( 'NONE',  ( 0.000000000000000000, 0.000000000000000000, 1.000000000000000000 ) ) ;
#678 = LINE ( 'NONE', #1346, #1899 ) ;
#679 = AXIS2_PLACEMENT_3D ( 'NONE', #1041, #1751, #2482 ) ;
#680 = FACE_OUTER_BOUND ( 'NONE', #1096, .T. ) ;
#681 = VERTEX_POINT ( 'NONE', #1131 ) ;
#682 = EDGE_CURVE ( 'NONE', #128, #1914, #911, .T. ) ;
#683 = PLANE ( 'NONE',  #110 ) ;
#684 = CARTESIAN_POINT ( 'NONE',  ( 1.225000000000000533, -1.700000000000000400, 0.000000000000000000 ) ) ;
#685 = CARTESIAN_POINT ( 'NONE',  ( 1.621182571178382048, 3.448745145972105686, 0.2500000000000000000 ) ) ;
#686 = DIRECTION ( 'NONE',  ( 0.000000000000000000, 0.000000000000000000, 1.000000000000000000 ) ) ;
#687 = CIRCLE ( 'NONE', #434, 0.06692913385826718131 ) ;
#688 = ORIENTED_EDGE ( 'NONE', *, *, #2944, .F. ) ;
#689 = DIRECTION ( 'NONE',  ( 0.000000000000000000, 0.000000000000000000, -1.000000000000000000 ) ) ;
#690 = ORIENTED_EDGE ( 'NONE', *, *, #2473, .F. ) ;
#691 = VERTEX_POINT ( 'NONE', #2544 ) ;
#692 = PERSON_AND_ORGANIZATION ( #1279, #2625 ) ;
#693 = EDGE_CURVE ( 'NONE', #252, #905, #1148, .T. ) ;
#694 = CYLINDRICAL_SURFACE ( 'NONE', #2444, 0.06692913385826744499 ) ;
#695 = CARTESIAN_POINT ( 'NONE',  ( 2.875000000000000888, 0.2499999999999995282, 0.2500000000000000000 ) ) ;
#696 = CARTESIAN_POINT ( 'NONE',  ( 1.200000000000000622, -1.450000000000000400, 0.000000000000000000 ) ) ;
#697 = CARTESIAN_POINT ( 'NONE',  ( 3.000000000000000888, 0.000000000000000000, 0.2500000000000000000 ) ) ;
#698 = EDGE_CURVE ( 'NONE', #2833, #1234, #761, .T. ) ;
#699 = ORIENTED_EDGE ( 'NONE', *, *, #1724, .T. ) ;
#700 = CARTESIAN_POINT ( 'NONE',  ( -0.2999999999999999334, 4.141934388425580593, 0.000000000000000000 ) ) ;
#701 = DIRECTION ( 'NONE',  ( -0.000000000000000000, -0.000000000000000000, 1.000000000000000000 ) ) ;
#702 = CARTESIAN_POINT ( 'NONE',  ( -1.688111705036649202, 3.448745145972105686, -5.303588500244433124E-17 ) ) ;
#703 = VECTOR ( 'NONE', #494, 39.37007874015748143 ) ;
#704 = DIRECTION ( 'NONE',  ( -0.000000000000000000, -0.000000000000000000, -1.000000000000000000 ) ) ;
#705 = ORIENTED_EDGE ( 'NONE', *, *, #22, .F. ) ;
#706 = CARTESIAN_POINT ( 'NONE',  ( 0.5500000000000000444, 1.699999999999999067, 0.000000000000000000 ) ) ;
#707 = ORIENTED_EDGE ( 'NONE', *, *, #363, .F. ) ;
#708 = DIRECTION ( 'NONE',  ( 0.000000000000000000, 0.000000000000000000, 1.000000000000000000 ) ) ;
#709 = DATE_AND_TIME ( #907, #596 ) ;
#710 = AXIS2_PLACEMENT_3D ( 'NONE', #1723, #283, #1663 ) ;
#711 = CARTESIAN_POINT ( 'NONE',  ( 2.941929133858268486, 0.2499999999999995282, -5.303588500244433124E-17 ) ) ;
#712 = ORIENTED_EDGE ( 'NONE', *, *, #848, .T. ) ;
#713 = CYLINDRICAL_SURFACE ( 'NONE', #1780, 0.2499999999999994449 ) ;
#714 = VERTEX_POINT ( 'NONE', #448 ) ;
#715 = DIRECTION ( 'NONE',  ( -0.000000000000000000, -0.000000000000000000, 1.000000000000000000 ) ) ;
#716 = CARTESIAN_POINT ( 'NONE',  ( -2.700000000000000622, 1.449999999999999067, 0.000000000000000000 ) ) ;
#717 = ORIENTED_EDGE ( 'NONE', *, *, #169, .T. ) ;
#718 = CARTESIAN_POINT ( 'NONE',  ( -2.941929133858268486, 1.749999999999999556, 0.2500000000000000000 ) ) ;
#719 = CIRCLE ( 'NONE', #2044, 0.06692913385826718131 ) ;
#720 = PLANE ( 'NONE',  #958 ) ;
#721 = CARTESIAN_POINT ( 'NONE',  ( 2.200000000000001066, 0.1000000000000000194, 0.000000000000000000 ) ) ;
#722 = CARTESIAN_POINT ( 'NONE',  ( 1.500000000000000666, -2.000000000000000888, 0.000000000000000000 ) ) ;
#723 = ORIENTED_EDGE ( 'NONE', *, *, #1730, .T. ) ;
#724 = CARTESIAN_POINT ( 'NONE',  ( 2.700000000000000622, 1.449999999999999067, 0.000000000000000000 ) ) ;
#725 = EDGE_CURVE ( 'NONE', #804, #2231, #2281, .T. ) ;
#726 = AXIS2_PLACEMENT_3D ( 'NONE', #790, #2670, #2426 ) ;
#727 = EDGE_CURVE ( 'NONE', #636, #1608, #392, .T. ) ;
#728 = DIRECTION ( 'NONE',  ( 0.000000000000000000, -0.000000000000000000, 1.000000000000000000 ) ) ;
#729 = CIRCLE ( 'NONE', #1518, 0.2499999999999998057 ) ;
#730 = EDGE_LOOP ( 'NONE', ( #787, #1300, #2497, #144 ) ) ;
#731 = DIRECTION ( 'NONE',  ( -1.000000000000000000, 0.000000000000000000, 0.000000000000000000 ) ) ;
#732 = CIRCLE ( 'NONE', #866, 0.2499999999999995282 ) ;
#733 = CARTESIAN_POINT ( 'NONE',  ( 2.387521447539538322, 2.250000000000001332, 0.2500000000000000000 ) ) ;
#734 = PLANE ( 'NONE',  #2435 ) ;
#735 = ORIENTED_EDGE ( 'NONE', *, *, #1567, .F. ) ;
#736 = DIRECTION ( 'NONE',  ( -1.000000000000000000, 0.000000000000000000, 0.000000000000000000 ) ) ;
#737 = LINE ( 'NONE', #1685, #1352 ) ;
#738 = CARTESIAN_POINT ( 'NONE',  ( 2.941929133858268486, 1.749999999999999556, 0.2500000000000000000 ) ) ;
#739 = DIRECTION ( 'NONE',  ( 0.000000000000000000, 1.000000000000000000, 0.000000000000000000 ) ) ;
#740 = VERTEX_POINT ( 'NONE', #427 ) ;
#741 = EDGE_CURVE ( 'NONE', #57, #284, #1379, .T. ) ;
#742 = AXIS2_PLACEMENT_3D ( 'NONE', #1962, #1715, #2864 ) ;
#743 = CARTESIAN_POINT ( 'NONE',  ( -2.200000000000001066, -0.1499999999999999667, -3.937007874016270969E-05 ) ) ;
#744 = ORIENTED_EDGE ( 'NONE', *, *, #1340, .T. ) ;
#745 = LINE ( 'NONE', #1429, #1580 ) ;
#746 = CARTESIAN_POINT ( 'NONE',  ( -2.700000000000000622, 1.449999999999999067, 0.2500000000000000000 ) ) ;
#747 = CARTESIAN_POINT ( 'NONE',  ( -2.150000000000000799, -0.9250000000000005995, 0.000000000000000000 ) ) ;
#748 = VERTEX_POINT ( 'NONE', #238 ) ;
#749 = CARTESIAN_POINT ( 'NONE',  ( 3.000000000000000444, 1.909007441433447472, 0.000000000000000000 ) ) ;
#750 = DIRECTION ( 'NONE',  ( -0.000000000000000000, -0.000000000000000000, -1.000000000000000000 ) ) ;
#751 = EDGE_CURVE ( 'NONE', #2126, #538, #3022, .T. ) ;
#752 = FACE_OUTER_BOUND ( 'NONE', #1969, .T. ) ;
#753 = ORIENTED_EDGE ( 'NONE', *, *, #756, .T. ) ;
#754 = CIRCLE ( 'NONE', #1543, 0.2500000000000000555 ) ;
#755 = CIRCLE ( 'NONE', #1345, 0.2499999999999989730 ) ;
#756 = EDGE_CURVE ( 'NONE', #2613, #2733, #2315, .T. ) ;
#757 = DIRECTION ( 'NONE',  ( 0.000000000000000000, 0.000000000000000000, 1.000000000000000000 ) ) ;
#758 = AXIS2_PLACEMENT_3D ( 'NONE', #1648, #896, #1150 ) ;
#759 = VERTEX_POINT ( 'NONE', #1166 ) ;
#760 = PLANE ( 'NONE',  #835 ) ;
#761 = CIRCLE ( 'NONE', #461, 0.2500000000000000555 ) ;
#762 = DIRECTION ( 'NONE',  ( -1.000000000000000000, 0.000000000000000000, 0.000000000000000000 ) ) ;
#763 = VECTOR ( 'NONE', #3007, 39.37007874015748143 ) ;
#764 = FACE_OUTER_BOUND ( 'NONE', #1125, .T. ) ;
#765 = VERTEX_POINT ( 'NONE', #1598 ) ;
#766 = DIRECTION ( 'NONE',  ( -1.000000000000000000, 0.000000000000000000, 0.000000000000000000 ) ) ;
#767 = ADVANCED_FACE ( 'NONE', ( #680 ), #1629, .F. ) ;
#768 = DIRECTION ( 'NONE',  ( 0.6427876096865433597, -0.7660444431189745718, 0.000000000000000000 ) ) ;
#769 = CARTESIAN_POINT ( 'NONE',  ( 2.875000000000000888, 0.2499999999999995282, 0.000000000000000000 ) ) ;
#770 = EDGE_LOOP ( 'NONE', ( #690, #1321, #1980, #2545 ) ) ;
#771 = ORIENTED_EDGE ( 'NONE', *, *, #2948, .F. ) ;
#772 = DIRECTION ( 'NONE',  ( -1.000000000000000000, 0.000000000000000000, 0.000000000000000000 ) ) ;
#773 = ORIENTED_EDGE ( 'NONE', *, *, #2411, .F. ) ;
#774 = DIRECTION ( 'NONE',  ( -1.000000000000000000, 0.000000000000000000, 0.000000000000000000 ) ) ;
#775 = CYLINDRICAL_SURFACE ( 'NONE', #418, 0.06692913385826744499 ) ;
#776 = VECTOR ( 'NONE', #672, 39.37007874015748143 ) ;
#777 = CARTESIAN_POINT ( 'NONE',  ( 3.000000000000000444, 1.909007441433447916, 0.2500000000000000000 ) ) ;
#778 = VERTEX_POINT ( 'NONE', #466 ) ;
#779 = DIRECTION ( 'NONE',  ( 1.000000000000000000, 0.000000000000000000, 0.000000000000000000 ) ) ;
#780 = EDGE_CURVE ( 'NONE', #2927, #765, #2334, .T. ) ;
#781 = DIRECTION ( 'NONE',  ( -0.000000000000000000, -0.000000000000000000, -1.000000000000000000 ) ) ;
#782 = DIRECTION ( 'NONE',  ( -0.000000000000000000, -0.000000000000000000, -1.000000000000000000 ) ) ;
#783 = AXIS2_PLACEMENT_3D ( 'NONE', #1866, #686, #2112 ) ;
#784 = EDGE_LOOP ( 'NONE', ( #2802, #579, #876, #2710 ) ) ;
#785 = ORIENTED_EDGE ( 'NONE', *, *, #25, .T. ) ;
#786 = CARTESIAN_POINT ( 'NONE',  ( 2.200000000000001066, -0.1499999999999999667, 0.000000000000000000 ) ) ;
#787 = ORIENTED_EDGE ( 'NONE', *, *, #1000, .T. ) ;
#788 = CYLINDRICAL_SURFACE ( 'NONE', #2316, 0.2500000000000000555 ) ;
#789 = EDGE_CURVE ( 'NONE', #103, #1307, #2106, .T. ) ;
#790 = CARTESIAN_POINT ( 'NONE',  ( -2.750000000000000888, 0.08333333333333362014, 0.2500000000000000000 ) ) ;
#791 = CARTESIAN_POINT ( 'NONE',  ( -2.150000000000000799, -0.9250000000000005995, 0.2500000000000000000 ) ) ;
#792 = VERTEX_POINT ( 'NONE', #1111 ) ;
#793 = AXIS2_PLACEMENT_3D ( 'NONE', #1215, #2348, #731 ) ;
#794 = EDGE_CURVE ( 'NONE', #1964, #2440, #269, .T. ) ;
#795 = VERTEX_POINT ( 'NONE', #1826 ) ;
#796 = CARTESIAN_POINT ( 'NONE',  ( 0.2999999999999999889, 0.6499999999999999112, 0.000000000000000000 ) ) ;
#797 = FACE_OUTER_BOUND ( 'NONE', #1019, .T. ) ;
#798 = FACE_OUTER_BOUND ( 'NONE', #938, .T. ) ;
#799 = VERTEX_POINT ( 'NONE', #2070 ) ;
#800 = DIRECTION ( 'NONE',  ( -1.000000000000000000, 0.000000000000000000, 0.000000000000000000 ) ) ;
#801 = VECTOR ( 'NONE', #516, 39.37007874015748143 ) ;
#802 = DIRECTION ( 'NONE',  ( -1.000000000000000000, 0.000000000000000000, 0.000000000000000000 ) ) ;
#803 = DIRECTION ( 'NONE',  ( 0.000000000000000000, 0.000000000000000000, 1.000000000000000000 ) ) ;
#804 = VERTEX_POINT ( 'NONE', #2988 ) ;
#805 = AXIS2_PLACEMENT_3D ( 'NONE', #2427, #1262, #1984 ) ;
#806 = ORIENTED_EDGE ( 'NONE', *, *, #851, .T. ) ;
#807 = DIRECTION ( 'NONE',  ( -0.000000000000000000, -0.000000000000000000, 1.000000000000000000 ) ) ;
#808 = DIRECTION ( 'NONE',  ( -0.000000000000000000, -0.000000000000000000, -1.000000000000000000 ) ) ;
#809 = ORIENTED_EDGE ( 'NONE', *, *, #824, .T. ) ;
#810 = VERTEX_POINT ( 'NONE', #3003 ) ;
#811 = CARTESIAN_POINT ( 'NONE',  ( 2.950000000000001066, -0.06666666666666631880, 0.2500000000000000000 ) ) ;
#812 = ORIENTED_EDGE ( 'NONE', *, *, #851, .F. ) ;
#813 = ADVANCED_FACE ( 'NONE', ( #2125 ), #894, .F. ) ;
#814 = DIRECTION ( 'NONE',  ( 0.000000000000000000, 0.000000000000000000, 1.000000000000000000 ) ) ;
#815 = EDGE_CURVE ( 'NONE', #2890, #2640, #2841, .T. ) ;
#816 = LINE ( 'NONE', #1057, #2302 ) ;
#817 = VECTOR ( 'NONE', #1257, 39.37007874015748143 ) ;
#818 = AXIS2_PLACEMENT_3D ( 'NONE', #301, #739, #1919 ) ;
#819 = ORIENTED_EDGE ( 'NONE', *, *, #517, .T. ) ;
#820 = FACE_BOUND ( 'NONE', #2763, .T. ) ;
#821 = FACE_BOUND ( 'NONE', #33, .T. ) ;
#822 = ORIENTED_EDGE ( 'NONE', *, *, #1066, .T. ) ;
#823 = AXIS2_PLACEMENT_3D ( 'NONE', #2566, #2551, #2131 ) ;
#824 = EDGE_CURVE ( 'NONE', #681, #1845, #482, .T. ) ;
#825 = EDGE_LOOP ( 'NONE', ( #2851, #3048, #1355, #2046 ) ) ;
#826 = DIRECTION ( 'NONE',  ( -0.000000000000000000, -0.000000000000000000, -1.000000000000000000 ) ) ;
#827 = ORIENTED_EDGE ( 'NONE', *, *, #363, .T. ) ;
#828 = CARTESIAN_POINT ( 'NONE',  ( -2.950000000000001066, -0.06666666666666636043, 0.2500000000000000000 ) ) ;
#829 = AXIS2_PLACEMENT_3D ( 'NONE', #2634, #487, #10 ) ;
#830 = ADVANCED_FACE ( 'NONE', ( #1929 ), #1480, .F. ) ;
#831 = VERTEX_POINT ( 'NONE', #2157 ) ;
#832 = ORIENTED_EDGE ( 'NONE', *, *, #1278, .F. ) ;
#833 = CARTESIAN_POINT ( 'NONE',  ( -1.621182571178382048, 3.448745145972105686, 0.000000000000000000 ) ) ;
#834 = FACE_BOUND ( 'NONE', #1464, .T. ) ;
#835 = AXIS2_PLACEMENT_3D ( 'NONE', #1927, #493, #1447 ) ;
#836 = VERTEX_POINT ( 'NONE', #716 ) ;
#837 = ORIENTED_EDGE ( 'NONE', *, *, #2020, .F. ) ;
#838 = EDGE_LOOP ( 'NONE', ( #212, #1263, #1209, #2079 ) ) ;
#839 = ADVANCED_FACE ( 'NONE', ( #946 ), #37, .T. ) ;
#840 = CARTESIAN_POINT ( 'NONE',  ( 2.150000000000000799, -0.9250000000000005995, 0.2500000000000000000 ) ) ;
#841 = CIRCLE ( 'NONE', #1297, 0.06692913385826718131 ) ;
#842 = LINE ( 'NONE', #2037, #2332 ) ;
#843 = VERTEX_POINT ( 'NONE', #309 ) ;
#844 = ORIENTED_EDGE ( 'NONE', *, *, #105, .F. ) ;
#845 = CARTESIAN_POINT ( 'NONE',  ( -2.941929133858268486, 0.2499999999999995282, -5.303588500244433124E-17 ) ) ;
#846 = AXIS2_PLACEMENT_3D ( 'NONE', #949, #1901, #3026 ) ;
#847 = CARTESIAN_POINT ( 'NONE',  ( -1.554253437320114672, 3.448745145972105686, 0.000000000000000000 ) ) ;
#848 = EDGE_CURVE ( 'NONE', #1104, #358, #2677, .T. ) ;
#849 = AXIS2_PLACEMENT_3D ( 'NONE', #2708, #1313, #2244 ) ;
#850 = ORIENTED_EDGE ( 'NONE', *, *, #1555, .T. ) ;
#851 = EDGE_CURVE ( 'NONE', #691, #1031, #997, .T. ) ;
#852 = LINE ( 'NONE', #1802, #860 ) ;
#853 = ORIENTED_EDGE ( 'NONE', *, *, #2947, .F. ) ;
#854 = ORIENTED_EDGE ( 'NONE', *, *, #891, .T. ) ;
#855 = FACE_OUTER_BOUND ( 'NONE', #730, .T. ) ;
#856 = DIRECTION ( 'NONE',  ( -1.000000000000000000, 0.000000000000000000, 0.000000000000000000 ) ) ;
#857 = DIRECTION ( 'NONE',  ( -0.000000000000000000, -0.000000000000000000, 1.000000000000000000 ) ) ;
#858 = ORIENTED_EDGE ( 'NONE', *, *, #1062, .T. ) ;
#859 = ORIENTED_EDGE ( 'NONE', *, *, #967, .F. ) ;
#860 = VECTOR ( 'NONE', #2731, 39.37007874015748143 ) ;
#861 = LINE ( 'NONE', #1846, #2474 ) ;
#862 = DIRECTION ( 'NONE',  ( 1.000000000000000000, -3.594536833768766614E-17, 0.000000000000000000 ) ) ;
#863 = VECTOR ( 'NONE', #808, 39.37007874015748143 ) ;
#864 = DIRECTION ( 'NONE',  ( -0.000000000000000000, -0.000000000000000000, 1.000000000000000000 ) ) ;
#865 = VECTOR ( 'NONE', #2359, 39.37007874015748143 ) ;
#866 = AXIS2_PLACEMENT_3D ( 'NONE', #263, #2570, #458 ) ;
#867 = EDGE_LOOP ( 'NONE', ( #2364, #1022, #2306, #1029 ) ) ;
#868 = DIRECTION ( 'NONE',  ( -0.000000000000000000, -0.000000000000000000, -1.000000000000000000 ) ) ;
#869 = ORIENTED_EDGE ( 'NONE', *, *, #815, .T. ) ;
#870 = ORIENTED_EDGE ( 'NONE', *, *, #2298, .T. ) ;
#871 = AXIS2_PLACEMENT_3D ( 'NONE', #249, #1955, #2135 ) ;
#872 = CARTESIAN_POINT ( 'NONE',  ( 1.688111705036649868, 3.448745145972105686, 0.2500000000000000000 ) ) ;
#873 = CARTESIAN_POINT ( 'NONE',  ( 2.450000000000000178, 1.699999999999999289, 0.2500000000000000000 ) ) ;
#874 = EDGE_CURVE ( 'NONE', #804, #1088, #402, .T. ) ;
#875 = CARTESIAN_POINT ( 'NONE',  ( -0.5500000000000000444, 1.449999999999999289, -3.937007874016270969E-05 ) ) ;
#876 = ORIENTED_EDGE ( 'NONE', *, *, #1853, .F. ) ;
#877 = DIRECTION ( 'NONE',  ( -1.000000000000000000, 0.000000000000000000, 0.000000000000000000 ) ) ;
#878 = ADVANCED_FACE ( 'NONE', ( #1433 ), #1695, .T. ) ;
#879 = DIRECTION ( 'NONE',  ( 1.000000000000000000, 0.000000000000000000, 0.000000000000000000 ) ) ;
#880 = DIRECTION ( 'NONE',  ( -0.000000000000000000, -0.000000000000000000, 1.000000000000000000 ) ) ;
#881 = CARTESIAN_POINT ( 'NONE',  ( 0.2999999999999999889, 0.6499999999999999112, -3.937007874016270969E-05 ) ) ;
#882 = AXIS2_PLACEMENT_3D ( 'NONE', #552, #1721, #800 ) ;
#883 = ORIENTED_EDGE ( 'NONE', *, *, #499, .T. ) ;
#884 = DIRECTION ( 'NONE',  ( -0.000000000000000000, -0.000000000000000000, -1.000000000000000000 ) ) ;
#885 = EDGE_LOOP ( 'NONE', ( #2246, #2033 ) ) ;
#886 = ORIENTED_EDGE ( 'NONE', *, *, #3040, .T. ) ;
#887 = PERSON_AND_ORGANIZATION ( #1279, #2625 ) ;
#888 = CC_DESIGN_PERSON_AND_ORGANIZATION_ASSIGNMENT ( #1393, #2327, ( #506 ) ) ;
#889 = CARTESIAN_POINT ( 'NONE',  ( 0.5500000000000000444, 1.699999999999999067, 0.2500000000000000000 ) ) ;
#890 = DIRECTION ( 'NONE',  ( -0.000000000000000000, -0.000000000000000000, -1.000000000000000000 ) ) ;
#891 = EDGE_CURVE ( 'NONE', #2919, #1966, #2367, .T. ) ;
#892 = EDGE_CURVE ( 'NONE', #971, #2591, #1098, .T. ) ;
#893 = AXIS2_PLACEMENT_3D ( 'NONE', #469, #1420, #1900 ) ;
#894 = CYLINDRICAL_SURFACE ( 'NONE', #1651, 0.2499999999999999167 ) ;
#895 = ORIENTED_EDGE ( 'NONE', *, *, #2198, .F. ) ;
#896 = DIRECTION ( 'NONE',  ( 0.7660444431189746828, 0.6427876096865433597, -0.000000000000000000 ) ) ;
#897 = VECTOR ( 'NONE', #2400, 39.37007874015748143 ) ;
#898 = CYLINDRICAL_SURFACE ( 'NONE', #1743, 0.06692913385826744499 ) ;
#899 = VECTOR ( 'NONE', #204, 39.37007874015748143 ) ;
#900 = DIRECTION ( 'NONE',  ( -1.000000000000000000, 0.000000000000000000, 0.000000000000000000 ) ) ;
#901 = CARTESIAN_POINT ( 'NONE',  ( -2.808070866141733291, 0.2499999999999995282, 0.2500000000000000000 ) ) ;
#902 = VERTEX_POINT ( 'NONE', #1014 ) ;
#903 = AXIS2_PLACEMENT_3D ( 'NONE', #2409, #292, #1242 ) ;
#904 = CARTESIAN_POINT ( 'NONE',  ( -2.150000000000000799, -0.9250000000000005995, 0.000000000000000000 ) ) ;
#905 = VERTEX_POINT ( 'NONE', #2873 ) ;
#906 = VERTEX_POINT ( 'NONE', #21 ) ;
#907 = CALENDAR_DATE ( 2026, 27, 4 ) ;
#908 = PLANE ( 'NONE',  #1076 ) ;
#909 = ADVANCED_FACE ( 'NONE', ( #964 ), #734, .T. ) ;
#910 = PLANE ( 'NONE',  #5 ) ;
#911 = LINE ( 'NONE', #2509, #20 ) ;
#912 = ORIENTED_EDGE ( 'NONE', *, *, #2230, .F. ) ;
#913 = PLANE ( 'NONE',  #758 ) ;
#914 = LINE ( 'NONE', #2042, #1593 ) ;
#915 = CARTESIAN_POINT ( 'NONE',  ( 0.2999999999999963252, 2.250000000000001332, 0.2500000000000000000 ) ) ;
#916 = EDGE_CURVE ( 'NONE', #2874, #2289, #2147, .T. ) ;
#917 = CARTESIAN_POINT ( 'NONE',  ( -0.2999999999999999889, 0.6499999999999999112, 0.2500000000000000000 ) ) ;
#918 = ORIENTED_EDGE ( 'NONE', *, *, #1595, .T. ) ;
#919 = DIRECTION ( 'NONE',  ( -1.000000000000000000, 0.000000000000000000, 0.000000000000000000 ) ) ;
#920 = CIRCLE ( 'NONE', #1718, 0.06692913385826744499 ) ;
#921 = ORIENTED_EDGE ( 'NONE', *, *, #1113, .T. ) ;
#922 = ORIENTED_EDGE ( 'NONE', *, *, #2684, .T. ) ;
#923 = CALENDAR_DATE ( 2026, 27, 4 ) ;
#924 = ADVANCED_FACE ( 'NONE', ( #764 ), #497, .F. ) ;
#925 = LINE ( 'NONE', #407, #927 ) ;
#926 = DIRECTION ( 'NONE',  ( 1.000000000000000000, 0.000000000000000000, 0.000000000000000000 ) ) ;
#927 = VECTOR ( 'NONE', #1873, 39.37007874015748143 ) ;
#928 = CARTESIAN_POINT ( 'NONE',  ( 0.9500000000000008438, -0.1499999999999999667, 0.000000000000000000 ) ) ;
#929 = VECTOR ( 'NONE', #1137, 39.37007874015748143 ) ;
#930 = DIRECTION ( 'NONE',  ( -1.000000000000000000, 0.000000000000000000, 0.000000000000000000 ) ) ;
#931 = ORIENTED_EDGE ( 'NONE', *, *, #1075, .T. ) ;
#932 = CARTESIAN_POINT ( 'NONE',  ( 1.200000000000000622, 0.09999999999999951983, 0.000000000000000000 ) ) ;
#933 = CYLINDRICAL_SURFACE ( 'NONE', #1455, 0.2499999999999998057 ) ;
#934 = CARTESIAN_POINT ( 'NONE',  ( -3.000000000000000444, 1.909007441433447694, 0.000000000000000000 ) ) ;
#935 = DIRECTION ( 'NONE',  ( -1.913226279806337418E-15, 1.000000000000000000, 0.000000000000000000 ) ) ;
#936 = ORIENTED_EDGE ( 'NONE', *, *, #2388, .F. ) ;
#937 = DIRECTION ( 'NONE',  ( -0.000000000000000000, -0.000000000000000000, -1.000000000000000000 ) ) ;
#938 = EDGE_LOOP ( 'NONE', ( #2464, #1149, #1536, #3023 ) ) ;
#939 = LINE ( 'NONE', #1177, #1812 ) ;
#940 = AXIS2_PLACEMENT_3D ( 'NONE', #2806, #977, #992 ) ;
#941 = APPROVAL_ROLE ( '' ) ;
#942 = FACE_OUTER_BOUND ( 'NONE', #2006, .T. ) ;
#943 = VERTEX_POINT ( 'NONE', #270 ) ;
#944 = CARTESIAN_POINT ( 'NONE',  ( -1.200000000000000622, -0.1499999999999999944, 0.000000000000000000 ) ) ;
#945 = DIRECTION ( 'NONE',  ( 0.5999999999999999778, -0.8000000000000000444, 0.000000000000000000 ) ) ;
#946 = FACE_OUTER_BOUND ( 'NONE', #2757, .T. ) ;
#947 = EDGE_LOOP ( 'NONE', ( #2897, #2259, #371, #2776 ) ) ;
#948 = PLANE ( 'NONE',  #2269 ) ;
#949 = CARTESIAN_POINT ( 'NONE',  ( 2.750000000000000444, 1.909007441433447916, 0.000000000000000000 ) ) ;
#950 = AXIS2_PLACEMENT_3D ( 'NONE', #2254, #139, #381 ) ;
#951 = CARTESIAN_POINT ( 'NONE',  ( 0.5500000000000000444, 1.449999999999999289, 0.000000000000000000 ) ) ;
#952 = EDGE_CURVE ( 'NONE', #467, #1104, #1217, .T. ) ;
#953 = EDGE_CURVE ( 'NONE', #740, #810, #255, .T. ) ;
#954 = DIRECTION ( 'NONE',  ( -0.000000000000000000, -0.000000000000000000, -1.000000000000000000 ) ) ;
#955 = AXIS2_PLACEMENT_3D ( 'NONE', #125, #1045, #1772 ) ;
#956 = ORIENTED_EDGE ( 'NONE', *, *, #1641, .F. ) ;
#957 = CYLINDRICAL_SURFACE ( 'NONE', #2055, 0.2500000000000000555 ) ;
#958 = AXIS2_PLACEMENT_3D ( 'NONE', #1831, #1154, #1370 ) ;
#959 = CIRCLE ( 'NONE', #604, 0.06692913385826772255 ) ;
#960 = CARTESIAN_POINT ( 'NONE',  ( 2.700000000000000178, 0.6499999999999999112, 0.000000000000000000 ) ) ;
#961 = ORIENTED_EDGE ( 'NONE', *, *, #1954, .T. ) ;
#962 = DIRECTION ( 'NONE',  ( -0.000000000000000000, -0.000000000000000000, -1.000000000000000000 ) ) ;
#963 = DIRECTION ( 'NONE',  ( 0.000000000000000000, 0.000000000000000000, 1.000000000000000000 ) ) ;
#964 = FACE_OUTER_BOUND ( 'NONE', #2026, .T. ) ;
#965 = ORIENTED_EDGE ( 'NONE', *, *, #1204, .T. ) ;
#966 = CARTESIAN_POINT ( 'NONE',  ( 0.9999999999999996669, -1.875000000000000888, 0.000000000000000000 ) ) ;
#967 = EDGE_CURVE ( 'NONE', #799, #1783, #655, .T. ) ;
#968 = DIRECTION ( 'NONE',  ( -0.000000000000000000, -0.000000000000000000, -1.000000000000000000 ) ) ;
#969 = DIRECTION ( 'NONE',  ( 4.268512490100414977E-17, 1.000000000000000000, 0.000000000000000000 ) ) ;
#970 = CARTESIAN_POINT ( 'NONE',  ( -0.9500000000000005107, -1.450000000000000400, 0.000000000000000000 ) ) ;
#971 = VERTEX_POINT ( 'NONE', #1792 ) ;
#972 = EDGE_CURVE ( 'NONE', #2591, #971, #290, .T. ) ;
#973 = AXIS2_PLACEMENT_3D ( 'NONE', #904, #937, #919 ) ;
#974 = FACE_OUTER_BOUND ( 'NONE', #2956, .T. ) ;
#975 = VECTOR ( 'NONE', #2619, 39.37007874015748143 ) ;
#976 = ORIENTED_EDGE ( 'NONE', *, *, #1694, .F. ) ;
#977 = DIRECTION ( 'NONE',  ( -0.000000000000000000, -0.000000000000000000, -1.000000000000000000 ) ) ;
#978 = CARTESIAN_POINT ( 'NONE',  ( -3.000000000000000444, 1.999999999999999112, 0.2500000000000000000 ) ) ;
#979 = EDGE_CURVE ( 'NONE', #1514, #2629, #1974, .T. ) ;
#980 = EDGE_LOOP ( 'NONE', ( #1679, #671, #832, #489 ) ) ;
#981 = VECTOR ( 'NONE', #146, 39.37007874015748143 ) ;
#982 = AXIS2_PLACEMENT_3D ( 'NONE', #1779, #2917, #2686 ) ;
#983 = CARTESIAN_POINT ( 'NONE',  ( 1.750000000000000444, -0.1500000000000000500, 0.2500000000000000555 ) ) ;
#984 = EDGE_CURVE ( 'NONE', #2733, #2019, #2410, .T. ) ;
#985 = CYLINDRICAL_SURFACE ( 'NONE', #2953, 0.06692913385826744499 ) ;
#986 = LINE ( 'NONE', #1729, #1274 ) ;
#987 = ORIENTED_EDGE ( 'NONE', *, *, #995, .F. ) ;
#988 = CIRCLE ( 'NONE', #1240, 0.2499999999999998057 ) ;
#989 = EDGE_CURVE ( 'NONE', #303, #1529, #583, .T. ) ;
#990 = DIRECTION ( 'NONE',  ( -1.000000000000000000, 0.000000000000000000, 0.000000000000000000 ) ) ;
#991 = ORIENTED_EDGE ( 'NONE', *, *, #2305, .F. ) ;
#992 = DIRECTION ( 'NONE',  ( -1.000000000000000000, 0.000000000000000000, 0.000000000000000000 ) ) ;
#993 = EDGE_CURVE ( 'NONE', #759, #2799, #375, .T. ) ;
#994 = LINE ( 'NONE', #447, #2918 ) ;
#995 = EDGE_CURVE ( 'NONE', #400, #2484, #816, .T. ) ;
#996 = CIRCLE ( 'NONE', #1115, 0.2499999999999998057 ) ;
#997 = LINE ( 'NONE', #1895, #2036 ) ;
#998 = EDGE_CURVE ( 'NONE', #1067, #636, #1078, .T. ) ;
#999 = EDGE_LOOP ( 'NONE', ( #1997, #2662, #1625, #2583 ) ) ;
#1000 = EDGE_CURVE ( 'NONE', #1608, #1281, #1275, .T. ) ;
#1001 = CARTESIAN_POINT ( 'NONE',  ( -0.5500000000000000444, 1.699999999999999067, 0.000000000000000000 ) ) ;
#1002 = FACE_OUTER_BOUND ( 'NONE', #1112, .T. ) ;
#1003 = CARTESIAN_POINT ( 'NONE',  ( -2.245760939581058935, 4.730774743187140530, -6.829619984160658046E-17 ) ) ;
#1004 = EDGE_LOOP ( 'NONE', ( #2999, #1653, #956, #2623 ) ) ;
#1005 = LOCAL_TIME ( 20, 57, 2.000000000000000000, #2785 ) ;
#1006 = CARTESIAN_POINT ( 'NONE',  ( 0.7415111107797437429, 4.302631290847216405, -3.937007874016270969E-05 ) ) ;
#1007 = AXIS2_PLACEMENT_3D ( 'NONE', #1976, #2906, #2675 ) ;
#1008 = ORIENTED_EDGE ( 'NONE', *, *, #2290, .T. ) ;
#1009 = CARTESIAN_POINT ( 'NONE',  ( 0.5499999999999971578, 1.999999999999998446, -3.937007874016270969E-05 ) ) ;
#1010 = VECTOR ( 'NONE', #165, 39.37007874015748143 ) ;
#1011 = CARTESIAN_POINT ( 'NONE',  ( 0.2999999999999963252, 2.250000000000001332, 0.000000000000000000 ) ) ;
#1012 = CIRCLE ( 'NONE', #849, 0.2499999999999999167 ) ;
#1013 = EDGE_CURVE ( 'NONE', #1985, #2213, #2495, .T. ) ;
#1014 = CARTESIAN_POINT ( 'NONE',  ( -1.750000000000000444, 0.1000000000000000194, 0.2500000000000000000 ) ) ;
#1015 = ORIENTED_EDGE ( 'NONE', *, *, #1278, .T. ) ;
#1016 = CARTESIAN_POINT ( 'NONE',  ( 1.575000000000000622, -1.900000000000000799, 0.000000000000000000 ) ) ;
#1017 = DIRECTION ( 'NONE',  ( 1.000000000000000000, -4.268512490100414977E-17, 0.000000000000000000 ) ) ;
#1018 = CYLINDRICAL_SURFACE ( 'NONE', #422, 0.06692913385826744499 ) ;
#1019 = EDGE_LOOP ( 'NONE', ( #723, #2658, #837, #773 ) ) ;
#1020 = EDGE_CURVE ( 'NONE', #2178, #3031, #1871, .T. ) ;
#1021 = CARTESIAN_POINT ( 'NONE',  ( 2.450000000000000178, 0.4000000000000001887, 0.000000000000000000 ) ) ;
#1022 = ORIENTED_EDGE ( 'NONE', *, *, #1380, .F. ) ;
#1023 = FACE_OUTER_BOUND ( 'NONE', #378, .T. ) ;
#1024 = EDGE_CURVE ( 'NONE', #1104, #799, #2903, .T. ) ;
#1025 = EDGE_CURVE ( 'NONE', #1161, #1350, #570, .T. ) ;
#1026 = DIRECTION ( 'NONE',  ( -0.000000000000000000, -0.000000000000000000, -1.000000000000000000 ) ) ;
#1027 = VECTOR ( 'NONE', #2642, 39.37007874015748143 ) ;
#1028 = DIRECTION ( 'NONE',  ( -1.000000000000000000, 0.000000000000000000, 0.000000000000000000 ) ) ;
#1029 = ORIENTED_EDGE ( 'NONE', *, *, #2210, .T. ) ;
#1030 = EDGE_CURVE ( 'NONE', #2799, #759, #2796, .T. ) ;
#1031 = VERTEX_POINT ( 'NONE', #95 ) ;
#1032 = CIRCLE ( 'NONE', #2739, 0.2500000000000000555 ) ;
#1033 = DIRECTION ( 'NONE',  ( -1.000000000000000000, 0.000000000000000000, 0.000000000000000000 ) ) ;
#1034 = DIRECTION ( 'NONE',  ( -1.000000000000000000, 0.000000000000000000, 0.000000000000000000 ) ) ;
#1035 = VECTOR ( 'NONE', #1508, 39.37007874015748143 ) ;
#1036 = ORIENTED_EDGE ( 'NONE', *, *, #2381, .T. ) ;
#1037 = LINE ( 'NONE', #2912, #2280 ) ;
#1038 = ORIENTED_EDGE ( 'NONE', *, *, #1316, .T. ) ;
#1039 = DIRECTION ( 'NONE',  ( -0.000000000000000000, -0.000000000000000000, -1.000000000000000000 ) ) ;
#1040 = CARTESIAN_POINT ( 'NONE',  ( 2.150000000000000799, -0.9250000000000005995, 0.000000000000000000 ) ) ;
#1041 = CARTESIAN_POINT ( 'NONE',  ( 2.150000000000000799, -0.9250000000000005995, 0.2500000000000000000 ) ) ;
#1042 = ORIENTED_EDGE ( 'NONE', *, *, #1142, .F. ) ;
#1043 = VECTOR ( 'NONE', #1874, 39.37007874015748854 ) ;
#1044 = ORIENTED_EDGE ( 'NONE', *, *, #2473, .T. ) ;
#1045 = DIRECTION ( 'NONE',  ( 0.000000000000000000, -1.000000000000000000, 0.000000000000000000 ) ) ;
#1046 = DIRECTION ( 'NONE',  ( -0.000000000000000000, -0.000000000000000000, -1.000000000000000000 ) ) ;
#1047 = EDGE_CURVE ( 'NONE', #317, #2008, #595, .T. ) ;
#1048 = EDGE_CURVE ( 'NONE', #1796, #1624, #2453, .T. ) ;
#1049 = EDGE_CURVE ( 'NONE', #2107, #128, #336, .T. ) ;
#1050 = ORIENTED_EDGE ( 'NONE', *, *, #2255, .T. ) ;
#1051 = AXIS2_PLACEMENT_3D ( 'NONE', #983, #1727, #2386 ) ;
#1052 = ORIENTED_EDGE ( 'NONE', *, *, #2454, .T. ) ;
#1053 = CARTESIAN_POINT ( 'NONE',  ( 0.9330708661417322913, -1.875000000000000888, 0.000000000000000000 ) ) ;
#1054 = ORIENTED_EDGE ( 'NONE', *, *, #2431, .F. ) ;
#1055 = CARTESIAN_POINT ( 'NONE',  ( 0.9330708661417319583, -1.875000000000000888, 0.2500000000000000000 ) ) ;
#1056 = VECTOR ( 'NONE', #2284, 39.37007874015748143 ) ;
#1057 = CARTESIAN_POINT ( 'NONE',  ( 2.941511110779744254, 2.069704343855083728, 6.829619984160658046E-17 ) ) ;
#1058 = AXIS2_PLACEMENT_3D ( 'NONE', #2680, #1489, #566 ) ;
#1059 = VECTOR ( 'NONE', #2091, 39.37007874015748143 ) ;
#1060 = ORIENTED_EDGE ( 'NONE', *, *, #201, .T. ) ;
#1061 = FACE_OUTER_BOUND ( 'NONE', #770, .T. ) ;
#1062 = EDGE_CURVE ( 'NONE', #2538, #1914, #184, .T. ) ;
#1063 = CARTESIAN_POINT ( 'NONE',  ( -0.9500000000000008438, 0.1000000000000000194, 0.000000000000000000 ) ) ;
#1064 = VERTEX_POINT ( 'NONE', #2700 ) ;
#1065 = DIRECTION ( 'NONE',  ( 1.000000000000000000, 0.000000000000000000, 0.000000000000000000 ) ) ;
#1066 = EDGE_CURVE ( 'NONE', #971, #421, #2236, .T. ) ;
#1067 = VERTEX_POINT ( 'NONE', #2946 ) ;
#1068 = CARTESIAN_POINT ( 'NONE',  ( -0.5499999999999999334, 4.141934388425582370, 0.000000000000000000 ) ) ;
#1069 = AXIS2_PLACEMENT_3D ( 'NONE', #62, #1339, #606 ) ;
#1070 = VERTEX_POINT ( 'NONE', #362 ) ;
#1071 = AXIS2_PLACEMENT_3D ( 'NONE', #1905, #369, #603 ) ;
#1072 = ORIENTED_EDGE ( 'NONE', *, *, #390, .F. ) ;
#1073 = FACE_OUTER_BOUND ( 'NONE', #1126, .T. ) ;
#1074 = DIRECTION ( 'NONE',  ( -1.000000000000000000, 0.000000000000000000, 0.000000000000000000 ) ) ;
#1075 = EDGE_CURVE ( 'NONE', #1783, #2733, #1317, .T. ) ;
#1076 = AXIS2_PLACEMENT_3D ( 'NONE', #163, #2804, #660 ) ;
#1077 = ORIENTED_EDGE ( 'NONE', *, *, #148, .T. ) ;
#1078 = CIRCLE ( 'NONE', #982, 0.2500000000000000555 ) ;
#1079 = ORIENTED_EDGE ( 'NONE', *, *, #2290, .F. ) ;
#1080 = ORIENTED_EDGE ( 'NONE', *, *, #1800, .T. ) ;
#1081 = DIRECTION ( 'NONE',  ( 0.000000000000000000, 0.000000000000000000, -1.000000000000000000 ) ) ;
#1082 = LINE ( 'NONE', #610, #2276 ) ;
#1083 = EDGE_CURVE ( 'NONE', #636, #2208, #134, .T. ) ;
#1084 = VERTEX_POINT ( 'NONE', #901 ) ;
#1085 = VERTEX_POINT ( 'NONE', #3027 ) ;
#1086 = PLANE ( 'NONE',  #1993 ) ;
#1087 = DIRECTION ( 'NONE',  ( 1.000000000000000000, -5.162477643180737908E-16, 0.000000000000000000 ) ) ;
#1088 = VERTEX_POINT ( 'NONE', #472 ) ;
#1089 = DIRECTION ( 'NONE',  ( 0.000000000000000000, 0.000000000000000000, -1.000000000000000000 ) ) ;
#1090 = VERTEX_POINT ( 'NONE', #399 ) ;
#1091 = ORIENTED_EDGE ( 'NONE', *, *, #2431, .T. ) ;
#1092 = DIRECTION ( 'NONE',  ( -1.000000000000000000, 0.000000000000000000, 0.000000000000000000 ) ) ;
#1093 = VECTOR ( 'NONE', #963, 39.37007874015748143 ) ;
#1094 = DIRECTION ( 'NONE',  ( -1.000000000000000000, -5.162477643180737908E-16, 0.000000000000000000 ) ) ;
#1095 = EDGE_LOOP ( 'NONE', ( #1434, #2702, #18, #2522 ) ) ;
#1096 = EDGE_LOOP ( 'NONE', ( #1704, #1296, #621, #2133 ) ) ;
#1097 = CARTESIAN_POINT ( 'NONE',  ( -0.7086079201634136737, 4.730774743187141418, -6.829619984160658046E-17 ) ) ;
#1098 = CIRCLE ( 'NONE', #710, 0.06692913385826772255 ) ;
#1099 = DIRECTION ( 'NONE',  ( -0.000000000000000000, -0.000000000000000000, 1.000000000000000000 ) ) ;
#1100 = VECTOR ( 'NONE', #2130, 39.37007874015748143 ) ;
#1101 = LINE ( 'NONE', #1998, #2220 ) ;
#1102 = VERTEX_POINT ( 'NONE', #917 ) ;
#1103 = DIRECTION ( 'NONE',  ( -1.913226279806337418E-15, 1.000000000000000000, 0.000000000000000000 ) ) ;
#1104 = VERTEX_POINT ( 'NONE', #2798 ) ;
#1105 = EDGE_LOOP ( 'NONE', ( #1622, #2666, #1292, #2271 ) ) ;
#1106 = DIRECTION ( 'NONE',  ( 1.000000000000000000, 0.000000000000000000, 0.000000000000000000 ) ) ;
#1107 = AXIS2_PLACEMENT_3D ( 'NONE', #1427, #2361, #728 ) ;
#1108 = LINE ( 'NONE', #2050, #981 ) ;
#1109 = ADVANCED_FACE ( 'NONE', ( #208 ), #1171, .F. ) ;
#1110 = CARTESIAN_POINT ( 'NONE',  ( 2.700000000000000622, 1.449999999999999067, 0.2500000000000000000 ) ) ;
#1111 = CARTESIAN_POINT ( 'NONE',  ( 0.7415111107797437429, 4.302631290847216405, 0.000000000000000000 ) ) ;
#1112 = EDGE_LOOP ( 'NONE', ( #2605, #2922, #439, #652 ) ) ;
#1113 = EDGE_CURVE ( 'NONE', #2567, #600, #2097, .T. ) ;
#1114 = ORIENTED_EDGE ( 'NONE', *, *, #623, .F. ) ;
#1115 = AXIS2_PLACEMENT_3D ( 'NONE', #2886, #2270, #2932 ) ;
#1116 = DIRECTION ( 'NONE',  ( -1.000000000000000000, 0.000000000000000000, 0.000000000000000000 ) ) ;
#1117 = LINE ( 'NONE', #2548, #2273 ) ;
#1118 = AXIS2_PLACEMENT_3D ( 'NONE', #339, #2487, #2925 ) ;
#1119 = DIRECTION ( 'NONE',  ( -1.000000000000000000, -6.829619984160665935E-16, 0.000000000000000000 ) ) ;
#1120 = CARTESIAN_POINT ( 'NONE',  ( 0.9999999999999996669, -1.875000000000000888, 0.2500000000000000000 ) ) ;
#1121 = CIRCLE ( 'NONE', #1967, 0.06692913385826744499 ) ;
#1122 = AXIS2_PLACEMENT_3D ( 'NONE', #2035, #2971, #1643 ) ;
#1123 = ORIENTED_EDGE ( 'NONE', *, *, #1539, .T. ) ;
#1124 = DIRECTION ( 'NONE',  ( -0.000000000000000000, -0.000000000000000000, -1.000000000000000000 ) ) ;
#1125 = EDGE_LOOP ( 'NONE', ( #1252, #1446, #822, #870 ) ) ;
#1126 = EDGE_LOOP ( 'NONE', ( #1052, #66, #2256, #379 ) ) ;
#1127 = AXIS2_PLACEMENT_3D ( 'NONE', #2223, #1972, #106 ) ;
#1128 = PERSON_AND_ORGANIZATION ( #1279, #2625 ) ;
#1129 = CARTESIAN_POINT ( 'NONE',  ( -1.500000000000000444, -2.000000000000000444, -2.121320343559642829 ) ) ;
#1130 = DIRECTION ( 'NONE',  ( 0.000000000000000000, 0.000000000000000000, -1.000000000000000000 ) ) ;
#1131 = CARTESIAN_POINT ( 'NONE',  ( -0.2999999999999963252, 2.250000000000001332, 0.000000000000000000 ) ) ;
#1132 = CIRCLE ( 'NONE', #1527, 0.2499999999999989730 ) ;
#1133 = ORIENTED_EDGE ( 'NONE', *, *, #2737, .T. ) ;
#1134 = CARTESIAN_POINT ( 'NONE',  ( -0.5500000000000000444, 0.3999999999999999667, -3.937007874016270969E-05 ) ) ;
#1135 = FACE_OUTER_BOUND ( 'NONE', #542, .T. ) ;
#1136 = CYLINDRICAL_SURFACE ( 'NONE', #70, 0.2500000000000000555 ) ;
#1137 = DIRECTION ( 'NONE',  ( 4.268512490100414360E-17, 1.000000000000000000, 0.000000000000000000 ) ) ;
#1138 = EDGE_LOOP ( 'NONE', ( #23, #1372 ) ) ;
#1139 = CARTESIAN_POINT ( 'NONE',  ( 2.450000000000001066, -0.1499999999999999667, 0.2500000000000000000 ) ) ;
#1140 = EDGE_CURVE ( 'NONE', #314, #2344, #1571, .T. ) ;
#1141 = ORIENTED_EDGE ( 'NONE', *, *, #1184, .F. ) ;
#1142 = EDGE_CURVE ( 'NONE', #386, #1614, #2747, .T. ) ;
#1143 = EDGE_LOOP ( 'NONE', ( #227, #353, #1398, #2504 ) ) ;
#1144 = DATE_TIME_ROLE ( 'creation_date' ) ;
#1145 = CARTESIAN_POINT ( 'NONE',  ( -0.2999999999999999889, 0.6499999999999999112, 0.000000000000000000 ) ) ;
#1146 = CARTESIAN_POINT ( 'NONE',  ( -0.5500000000000000444, 0.6499999999999999112, 0.2500000000000000000 ) ) ;
#1147 = CIRCLE ( 'NONE', #2870, 0.2499999999999989730 ) ;
#1148 = LINE ( 'NONE', #2756, #2389 ) ;
#1149 = ORIENTED_EDGE ( 'NONE', *, *, #2996, .T. ) ;
#1150 = DIRECTION ( 'NONE',  ( -0.6427876096865433597, 0.7660444431189746828, 0.000000000000000000 ) ) ;
#1151 = VECTOR ( 'NONE', #1367, 39.37007874015748143 ) ;
#1152 = LINE ( 'NONE', #2095, #2140 ) ;
#1153 = VECTOR ( 'NONE', #430, 39.37007874015748143 ) ;
#1154 = DIRECTION ( 'NONE',  ( -0.7660444431189747938, 0.6427876096865433597, 0.000000000000000000 ) ) ;
#1155 = VECTOR ( 'NONE', #514, 39.37007874015748143 ) ;
#1156 = ADVANCED_FACE ( 'NONE', ( #2582 ), #2534, .F. ) ;
#1157 = DIRECTION ( 'NONE',  ( -1.000000000000000000, 0.000000000000000000, 0.000000000000000000 ) ) ;
#1158 = ORIENTED_EDGE ( 'NONE', *, *, #1306, .T. ) ;
#1159 = VECTOR ( 'NONE', #2007, 39.37007874015748143 ) ;
#1160 = CARTESIAN_POINT ( 'NONE',  ( -1.750000000000000444, 0.1000000000000000194, 0.000000000000000000 ) ) ;
#1161 = VERTEX_POINT ( 'NONE', #670 ) ;
#1162 = EDGE_LOOP ( 'NONE', ( #2221, #2969 ) ) ;
#1163 = CARTESIAN_POINT ( 'NONE',  ( -2.700000000000000178, 0.6499999999999999112, 0.000000000000000000 ) ) ;
#1164 = DIRECTION ( 'NONE',  ( 1.000000000000000000, 0.000000000000000000, 0.000000000000000000 ) ) ;
#1165 = CARTESIAN_POINT ( 'NONE',  ( 0.3000000000000004330, 4.141934388425580593, 0.2500000000000000000 ) ) ;
#1166 = CARTESIAN_POINT ( 'NONE',  ( 2.216929133858268397, -0.9250000000000005995, 0.2500000000000000000 ) ) ;
#1167 = ORIENTED_EDGE ( 'NONE', *, *, #342, .F. ) ;
#1168 = CARTESIAN_POINT ( 'NONE',  ( 2.400000000000001243, -0.2999999999999999334, 0.000000000000000000 ) ) ;
#1169 = CARTESIAN_POINT ( 'NONE',  ( 2.750000000000000888, 0.08333333333333375892, 0.2500000000000000000 ) ) ;
#1170 = FACE_OUTER_BOUND ( 'NONE', #2378, .T. ) ;
#1171 = PLANE ( 'NONE',  #578 ) ;
#1172 = VERTEX_POINT ( 'NONE', #1422 ) ;
#1173 = DIRECTION ( 'NONE',  ( -0.000000000000000000, -0.000000000000000000, 1.000000000000000000 ) ) ;
#1174 = CIRCLE ( 'NONE', #1965, 0.2500000000000000555 ) ;
#1175 = EDGE_CURVE ( 'NONE', #2008, #2107, #91, .T. ) ;
#1176 = EDGE_LOOP ( 'NONE', ( #1960, #2726, #1388, #1133, #2697, #2866, #2741 ) ) ;
#1177 = CARTESIAN_POINT ( 'NONE',  ( 2.387521447539538322, 2.250000000000001332, -3.937007874016270969E-05 ) ) ;
#1178 = DATE_AND_TIME ( #2346, #13 ) ;
#1179 = DIRECTION ( 'NONE',  ( -0.000000000000000000, -0.000000000000000000, 1.000000000000000000 ) ) ;
#1180 = CARTESIAN_POINT ( 'NONE',  ( 0.7086079201634137847, 4.730774743187140530, 0.2500000000000000000 ) ) ;
#1181 = CARTESIAN_POINT ( 'NONE',  ( -3.000000000000000888, 0.000000000000000000, 0.000000000000000000 ) ) ;
#1182 = VECTOR ( 'NONE', #1652, 39.37007874015748854 ) ;
#1183 = DIRECTION ( 'NONE',  ( -0.000000000000000000, -0.000000000000000000, 1.000000000000000000 ) ) ;
#1184 = EDGE_CURVE ( 'NONE', #1102, #1732, #2321, .T. ) ;
#1185 = EDGE_CURVE ( 'NONE', #2597, #2224, #242, .T. ) ;
#1186 = ORIENTED_EDGE ( 'NONE', *, *, #1753, .F. ) ;
#1187 = DIRECTION ( 'NONE',  ( -1.000000000000000000, 0.000000000000000000, 0.000000000000000000 ) ) ;
#1188 = CYLINDRICAL_SURFACE ( 'NONE', #1838, 0.06692913385826744499 ) ;
#1189 = CARTESIAN_POINT ( 'NONE',  ( 2.216929133858268397, -0.9250000000000005995, 0.000000000000000000 ) ) ;
#1190 = CARTESIAN_POINT ( 'NONE',  ( 2.137521447539539210, 2.250000000000001332, 0.000000000000000000 ) ) ;
#1191 = DIRECTION ( 'NONE',  ( -1.000000000000000000, 0.000000000000000000, 0.000000000000000000 ) ) ;
#1192 = ORIENTED_EDGE ( 'NONE', *, *, #1253, .F. ) ;
#1193 = DIRECTION ( 'NONE',  ( -0.000000000000000000, -0.000000000000000000, 1.000000000000000000 ) ) ;
#1194 = VECTOR ( 'NONE', #2624, 39.37007874015748143 ) ;
#1195 = PLANE ( 'NONE',  #2834 ) ;
#1196 = VERTEX_POINT ( 'NONE', #173 ) ;
#1197 = DIRECTION ( 'NONE',  ( -1.000000000000000000, 0.000000000000000000, 0.000000000000000000 ) ) ;
#1198 = VERTEX_POINT ( 'NONE', #1621 ) ;
#1199 = LINE ( 'NONE', #1645, #703 ) ;
#1200 = DIRECTION ( 'NONE',  ( -1.000000000000000000, 0.000000000000000000, 0.000000000000000000 ) ) ;
#1201 = ORIENTED_EDGE ( 'NONE', *, *, #1781, .F. ) ;
#1202 = CARTESIAN_POINT ( 'NONE',  ( -3.000000000000000444, 1.909007441433447694, 0.2500000000000000000 ) ) ;
#1203 = CARTESIAN_POINT ( 'NONE',  ( 1.375000000000000444, -2.000000000000000888, 0.2500000000000000000 ) ) ;
#1204 = EDGE_CURVE ( 'NONE', #902, #1985, #2117, .T. ) ;
#1205 = VECTOR ( 'NONE', #701, 39.37007874015748143 ) ;
#1206 = CARTESIAN_POINT ( 'NONE',  ( 2.150000000000000799, -0.9250000000000005995, -5.303588500244433124E-17 ) ) ;
#1207 = DIRECTION ( 'NONE',  ( 1.000000000000000000, 0.000000000000000000, 0.000000000000000000 ) ) ;
#1208 = CIRCLE ( 'NONE', #2630, 0.2500000000000003331 ) ;
#1209 = ORIENTED_EDGE ( 'NONE', *, *, #2436, .F. ) ;
#1210 = CARTESIAN_POINT ( 'NONE',  ( -0.2999999999999999889, 0.6499999999999999112, -3.937007874016270969E-05 ) ) ;
#1211 = VECTOR ( 'NONE', #1183, 39.37007874015748143 ) ;
#1212 = EDGE_CURVE ( 'NONE', #510, #2025, #2743, .T. ) ;
#1213 = CARTESIAN_POINT ( 'NONE',  ( 1.950000000000000400, -0.9000000000000010214, 0.000000000000000000 ) ) ;
#1214 = ORIENTED_EDGE ( 'NONE', *, *, #2646, .T. ) ;
#1215 = CARTESIAN_POINT ( 'NONE',  ( 0.5499999999999971578, 2.250000000000001332, 0.000000000000000000 ) ) ;
#1216 = LINE ( 'NONE', #1448, #2226 ) ;
#1217 = LINE ( 'NONE', #2415, #1601 ) ;
#1218 = EDGE_CURVE ( 'NONE', #3041, #2927, #426, .T. ) ;
#1219 = ORIENTED_EDGE ( 'NONE', *, *, #2388, .T. ) ;
#1220 = CARTESIAN_POINT ( 'NONE',  ( -0.7415111107797437429, 4.302631290847216405, -3.937007874016270969E-05 ) ) ;
#1221 = DIRECTION ( 'NONE',  ( -0.000000000000000000, -0.000000000000000000, -1.000000000000000000 ) ) ;
#1222 = CARTESIAN_POINT ( 'NONE',  ( -1.621182571178382048, 3.448745145972105686, 0.2500000000000000000 ) ) ;
#1223 = ORIENTED_EDGE ( 'NONE', *, *, #58, .F. ) ;
#1224 = CC_DESIGN_PERSON_AND_ORGANIZATION_ASSIGNMENT ( #887, #1888, ( #1892 ) ) ;
#1225 = VECTOR ( 'NONE', #1103, 39.37007874015748143 ) ;
#1226 = ADVANCED_FACE ( 'NONE', ( #1386 ), #2060, .F. ) ;
#1227 = CARTESIAN_POINT ( 'NONE',  ( -0.3000000000000004330, 4.141934388425580593, 0.2500000000000000000 ) ) ;
#1228 = VECTOR ( 'NONE', #1486, 39.37007874015748854 ) ;
#1229 = ADVANCED_FACE ( 'NONE', ( #453 ), #1405, .F. ) ;
#1230 = VERTEX_POINT ( 'NONE', #1883 ) ;
#1231 = CARTESIAN_POINT ( 'NONE',  ( -3.000000000000000444, 1.999999999999999112, 0.000000000000000000 ) ) ;
#1232 = DIRECTION ( 'NONE',  ( 0.000000000000000000, 0.000000000000000000, 1.000000000000000000 ) ) ;
#1233 = DIRECTION ( 'NONE',  ( -0.7660444431189746828, -0.6427876096865434707, 0.000000000000000000 ) ) ;
#1234 = VERTEX_POINT ( 'NONE', #631 ) ;
#1235 = AXIS2_PLACEMENT_3D ( 'NONE', #2813, #704, #1157 ) ;
#1236 = CARTESIAN_POINT ( 'NONE',  ( 2.083070866141733202, -0.9250000000000005995, 0.2500000000000000000 ) ) ;
#1237 = CYLINDRICAL_SURFACE ( 'NONE', #2556, 0.06692913385826744499 ) ;
#1238 = CARTESIAN_POINT ( 'NONE',  ( 2.750000000000000444, 1.909007441433447916, 0.2500000000000000000 ) ) ;
#1239 = ORIENTED_EDGE ( 'NONE', *, *, #471, .F. ) ;
#1240 = AXIS2_PLACEMENT_3D ( 'NONE', #1686, #288, #55 ) ;
#1241 = ADVANCED_FACE ( 'NONE', ( #1584 ), #2515, .T. ) ;
#1242 = DIRECTION ( 'NONE',  ( -1.000000000000000000, 0.000000000000000000, 0.000000000000000000 ) ) ;
#1243 = EDGE_LOOP ( 'NONE', ( #853, #117, #1072, #1091, #492, #520, #2979, #2005 ) ) ;
#1244 = PLANE ( 'NONE',  #1069 ) ;
#1245 = CYLINDRICAL_SURFACE ( 'NONE', #726, 0.2499999999999998057 ) ;
#1246 = DIRECTION ( 'NONE',  ( -1.000000000000000000, 6.829619984160665935E-16, 0.000000000000000000 ) ) ;
#1247 = ORIENTED_EDGE ( 'NONE', *, *, #307, .T. ) ;
#1248 = CARTESIAN_POINT ( 'NONE',  ( 2.200000000000001066, 0.1000000000000000194, 0.2500000000000000000 ) ) ;
#1249 = ADVANCED_FACE ( 'NONE', ( #1002 ), #1237, .F. ) ;
#1250 = CARTESIAN_POINT ( 'NONE',  ( -1.375000000000000444, -1.750000000000000444, 0.2500000000000000000 ) ) ;
#1251 = DIRECTION ( 'NONE',  ( -0.000000000000000000, -0.000000000000000000, -1.000000000000000000 ) ) ;
#1252 = ORIENTED_EDGE ( 'NONE', *, *, #3009, .F. ) ;
#1253 = EDGE_CURVE ( 'NONE', #2962, #279, #1381, .T. ) ;
#1254 = ORIENTED_EDGE ( 'NONE', *, *, #1788, .F. ) ;
#1255 = FACE_OUTER_BOUND ( 'NONE', #1575, .T. ) ;
#1256 = ORIENTED_EDGE ( 'NONE', *, *, #2436, .T. ) ;
#1257 = DIRECTION ( 'NONE',  ( -0.000000000000000000, -0.000000000000000000, -1.000000000000000000 ) ) ;
#1258 = AXIS2_PLACEMENT_3D ( 'NONE', #2141, #2383, #2858 ) ;
#1259 = CARTESIAN_POINT ( 'NONE',  ( -2.200000000000001066, 0.1000000000000000194, 0.2500000000000000000 ) ) ;
#1260 = AXIS2_PLACEMENT_3D ( 'NONE', #360, #304, #1065 ) ;
#1261 = ADVANCED_FACE ( 'NONE', ( #2617 ), #2648, .F. ) ;
#1262 = DIRECTION ( 'NONE',  ( -0.000000000000000000, -0.000000000000000000, -1.000000000000000000 ) ) ;
#1263 = ORIENTED_EDGE ( 'NONE', *, *, #121, .T. ) ;
#1264 = CARTESIAN_POINT ( 'NONE',  ( 1.575000000000000622, -1.900000000000000799, 0.2500000000000000000 ) ) ;
#1265 = ORIENTED_EDGE ( 'NONE', *, *, #2972, .T. ) ;
#1266 = CARTESIAN_POINT ( 'NONE',  ( 0.7415111107797437429, 4.302631290847216405, 0.000000000000000000 ) ) ;
#1267 = FACE_OUTER_BOUND ( 'NONE', #564, .T. ) ;
#1268 = ORIENTED_EDGE ( 'NONE', *, *, #1030, .T. ) ;
#1269 = DIRECTION ( 'NONE',  ( -0.000000000000000000, -0.000000000000000000, -1.000000000000000000 ) ) ;
#1270 = ORIENTED_EDGE ( 'NONE', *, *, #2618, .T. ) ;
#1271 = VECTOR ( 'NONE', #3049, 39.37007874015748143 ) ;
#1272 = LINE ( 'NONE', #1337, #1533 ) ;
#1273 = CARTESIAN_POINT ( 'NONE',  ( 2.200000000000001066, -0.1499999999999999667, 0.000000000000000000 ) ) ;
#1274 = VECTOR ( 'NONE', #289, 39.37007874015748143 ) ;
#1275 = LINE ( 'NONE', #609, #1482 ) ;
#1276 = ORIENTED_EDGE ( 'NONE', *, *, #1848, .T. ) ;
#1277 = VECTOR ( 'NONE', #182, 39.37007874015748143 ) ;
#1278 = EDGE_CURVE ( 'NONE', #1529, #906, #988, .T. ) ;
#1279 = PERSON ( 'UNSPECIFIED', 'UNSPECIFIED', 'UNSPECIFIED', ('UNSPECIFIED'), ('UNSPECIFIED'), ('UNSPECIFIED') ) ;
#1280 = EDGE_CURVE ( 'NONE', #1502, #297, #1728, .T. ) ;
#1281 = VERTEX_POINT ( 'NONE', #502 ) ;
#1282 = CIRCLE ( 'NONE', #2987, 0.2499999999999998057 ) ;
#1283 = DIRECTION ( 'NONE',  ( -0.000000000000000000, -0.000000000000000000, 1.000000000000000000 ) ) ;
#1284 = CARTESIAN_POINT ( 'NONE',  ( 0.9330708661417325134, -1.875000000000000888, -5.303588500244433124E-17 ) ) ;
#1285 = ORIENTED_EDGE ( 'NONE', *, *, #1788, .T. ) ;
#1286 = DIRECTION ( 'NONE',  ( 1.000000000000000000, 0.000000000000000000, 0.000000000000000000 ) ) ;
#1287 = ORIENTED_EDGE ( 'NONE', *, *, #1062, .F. ) ;
#1288 = DIRECTION ( 'NONE',  ( 1.000000000000000000, -9.106159978880874930E-17, 0.000000000000000000 ) ) ;
#1289 = DIRECTION ( 'NONE',  ( 0.6000000000000000888, -0.7999999999999999334, 0.000000000000000000 ) ) ;
#1290 = ADVANCED_FACE ( 'NONE', ( #1437 ), #985, .F. ) ;
#1291 = VECTOR ( 'NONE', #48, 39.37007874015748143 ) ;
#1292 = ORIENTED_EDGE ( 'NONE', *, *, #2939, .T. ) ;
#1293 = FACE_BOUND ( 'NONE', #2405, .T. ) ;
#1294 = FACE_BOUND ( 'NONE', #2837, .T. ) ;
#1295 = ADVANCED_FACE ( 'NONE', ( #2402 ), #300, .T. ) ;
#1296 = ORIENTED_EDGE ( 'NONE', *, *, #31, .T. ) ;
#1297 = AXIS2_PLACEMENT_3D ( 'NONE', #1665, #2631, #257 ) ;
#1298 = ORIENTED_EDGE ( 'NONE', *, *, #1049, .F. ) ;
#1299 = DIRECTION ( 'NONE',  ( -1.000000000000000000, 0.000000000000000000, 0.000000000000000000 ) ) ;
#1300 = ORIENTED_EDGE ( 'NONE', *, *, #1709, .T. ) ;
#1301 = VECTOR ( 'NONE', #2599, 39.37007874015748143 ) ;
#1302 = EDGE_CURVE ( 'NONE', #1088, #2351, #1471, .T. ) ;
#1303 = CIRCLE ( 'NONE', #1949, 0.06692913385826744499 ) ;
#1304 = DIRECTION ( 'NONE',  ( 0.000000000000000000, 0.000000000000000000, 1.000000000000000000 ) ) ;
#1305 = CIRCLE ( 'NONE', #903, 0.06692913385826718131 ) ;
#1306 = EDGE_CURVE ( 'NONE', #2224, #2597, #2855, .T. ) ;
#1307 = VERTEX_POINT ( 'NONE', #315 ) ;
#1308 = ORIENTED_EDGE ( 'NONE', *, *, #2198, .T. ) ;
#1309 = CYLINDRICAL_SURFACE ( 'NONE', #2921, 0.06692913385826744499 ) ;
#1310 = FACE_OUTER_BOUND ( 'NONE', #2142, .T. ) ;
#1311 = VERTEX_POINT ( 'NONE', #41 ) ;
#1312 = VERTEX_POINT ( 'NONE', #1933 ) ;
#1313 = DIRECTION ( 'NONE',  ( 0.000000000000000000, 0.000000000000000000, 1.000000000000000000 ) ) ;
#1314 = ORIENTED_EDGE ( 'NONE', *, *, #2861, .T. ) ;
#1315 = EDGE_CURVE ( 'NONE', #792, #2420, #1903, .T. ) ;
#1316 = EDGE_CURVE ( 'NONE', #2158, #795, #687, .T. ) ;
#1317 = LINE ( 'NONE', #80, #2252 ) ;
#1318 = CARTESIAN_POINT ( 'NONE',  ( -1.375000000000000444, -1.750000000000000444, 0.2500000000000000000 ) ) ;
#1319 = CIRCLE ( 'NONE', #1424, 0.2499999999999998057 ) ;
#1320 = ORIENTED_EDGE ( 'NONE', *, *, #2514, .F. ) ;
#1321 = ORIENTED_EDGE ( 'NONE', *, *, #2627, .T. ) ;
#1322 = CARTESIAN_POINT ( 'NONE',  ( -2.137521447539539210, 2.250000000000001332, 0.000000000000000000 ) ) ;
#1323 = LINE ( 'NONE', #847, #863 ) ;
#1324 = ORIENTED_EDGE ( 'NONE', *, *, #307, .F. ) ;
#1325 = AXIS2_PLACEMENT_3D ( 'NONE', #1765, #1304, #2199 ) ;
#1326 = CYLINDRICAL_SURFACE ( 'NONE', #476, 0.06692913385826744499 ) ;
#1327 = VERTEX_POINT ( 'NONE', #2390 ) ;
#1328 = ORIENTED_EDGE ( 'NONE', *, *, #1457, .F. ) ;
#1329 = EDGE_CURVE ( 'NONE', #1307, #1281, #2174, .T. ) ;
#1330 = DIRECTION ( 'NONE',  ( -0.000000000000000000, -0.000000000000000000, -1.000000000000000000 ) ) ;
#1331 = FACE_OUTER_BOUND ( 'NONE', #2730, .T. ) ;
#1332 = ORIENTED_EDGE ( 'NONE', *, *, #273, .T. ) ;
#1333 = AXIS2_PLACEMENT_3D ( 'NONE', #2155, #464, #1680 ) ;
#1334 = ORIENTED_EDGE ( 'NONE', *, *, #2245, .T. ) ;
#1335 = CARTESIAN_POINT ( 'NONE',  ( -2.200000000000001066, 0.1000000000000000194, 0.000000000000000000 ) ) ;
#1336 = DIRECTION ( 'NONE',  ( 0.6427876096865433597, -0.7660444431189746828, 0.000000000000000000 ) ) ;
#1337 = CARTESIAN_POINT ( 'NONE',  ( -0.5499999999999971578, 1.999999999999998446, -3.937007874016270969E-05 ) ) ;
#1338 = ORIENTED_EDGE ( 'NONE', *, *, #1534, .F. ) ;
#1339 = DIRECTION ( 'NONE',  ( 1.000000000000000000, 1.300879996982982731E-16, -0.000000000000000000 ) ) ;
#1340 = EDGE_CURVE ( 'NONE', #2613, #2375, #2066, .T. ) ;
#1341 = ORIENTED_EDGE ( 'NONE', *, *, #2398, .T. ) ;
#1342 = ORIENTED_EDGE ( 'NONE', *, *, #3030, .F. ) ;
#1343 = LOCAL_TIME ( 20, 57, 2.000000000000000000, #2524 ) ;
#1344 = DIRECTION ( 'NONE',  ( 0.000000000000000000, 0.000000000000000000, 1.000000000000000000 ) ) ;
#1345 = AXIS2_PLACEMENT_3D ( 'NONE', #1815, #2301, #189 ) ;
#1346 = CARTESIAN_POINT ( 'NONE',  ( 2.137521447539535657, 1.999999999999999112, 0.000000000000000000 ) ) ;
#1347 = AXIS2_PLACEMENT_3D ( 'NONE', #833, #2923, #1537 ) ;
#1348 = DIRECTION ( 'NONE',  ( 1.000000000000000000, 0.000000000000000000, 0.000000000000000000 ) ) ;
#1349 = ORIENTED_EDGE ( 'NONE', *, *, #2793, .T. ) ;
#1350 = VERTEX_POINT ( 'NONE', #721 ) ;
#1351 = CYLINDRICAL_SURFACE ( 'NONE', #2090, 0.06692913385826744499 ) ;
#1352 = VECTOR ( 'NONE', #968, 39.37007874015748143 ) ;
#1353 = DIRECTION ( 'NONE',  ( -1.000000000000000000, 0.000000000000000000, 0.000000000000000000 ) ) ;
#1354 = DIRECTION ( 'NONE',  ( -0.5999999999999999778, 0.8000000000000000444, 0.000000000000000000 ) ) ;
#1355 = ORIENTED_EDGE ( 'NONE', *, *, #2305, .T. ) ;
#1356 = LINE ( 'NONE', #2782, #776 ) ;
#1357 = ORIENTED_EDGE ( 'NONE', *, *, #411, .F. ) ;
#1358 = EDGE_LOOP ( 'NONE', ( #633, #1044 ) ) ;
#1359 = PERSON_AND_ORGANIZATION ( #1279, #2625 ) ;
#1360 = DIRECTION ( 'NONE',  ( -1.000000000000000000, -2.185478394931412152E-15, 0.000000000000000000 ) ) ;
#1361 = CARTESIAN_POINT ( 'NONE',  ( -1.225000000000000533, -1.700000000000000400, -3.937007874016270969E-05 ) ) ;
#1362 = CARTESIAN_POINT ( 'NONE',  ( 1.375000000000000444, -1.750000000000000666, 0.000000000000000000 ) ) ;
#1363 = ORIENTED_EDGE ( 'NONE', *, *, #789, .F. ) ;
#1364 = ADVANCED_FACE ( 'NONE', ( #1701 ), #1669, .F. ) ;
#1365 = VECTOR ( 'NONE', #1708, 39.37007874015748143 ) ;
#1366 = DIRECTION ( 'NONE',  ( -0.000000000000000000, -0.000000000000000000, 1.000000000000000000 ) ) ;
#1367 = DIRECTION ( 'NONE',  ( -0.000000000000000000, -0.000000000000000000, 1.000000000000000000 ) ) ;
#1368 = EDGE_CURVE ( 'NONE', #187, #2955, #1132, .T. ) ;
#1369 = VECTOR ( 'NONE', #2459, 39.37007874015748143 ) ;
#1370 = DIRECTION ( 'NONE',  ( -0.6427876096865432487, -0.7660444431189746828, 0.000000000000000000 ) ) ;
#1371 = DIRECTION ( 'NONE',  ( 0.8000000000000000444, 0.5999999999999999778, -0.000000000000000000 ) ) ;
#1372 = ORIENTED_EDGE ( 'NONE', *, *, #1922, .T. ) ;
#1373 = FACE_OUTER_BOUND ( 'NONE', #1926, .T. ) ;
#1374 = VERTEX_POINT ( 'NONE', #738 ) ;
#1375 = EDGE_LOOP ( 'NONE', ( #12, #1661, #2072, #1664 ) ) ;
#1376 = AXIS2_PLACEMENT_3D ( 'NONE', #840, #1532, #1028 ) ;
#1377 = CARTESIAN_POINT ( 'NONE',  ( 1.500000000000000444, -2.000000000000000444, 0.2500000000000000000 ) ) ;
#1378 = CARTESIAN_POINT ( 'NONE',  ( -1.950000000000000400, -0.9000000000000009104, -3.937007874016270969E-05 ) ) ;
#1379 = LINE ( 'NONE', #2775, #1059 ) ;
#1380 = EDGE_CURVE ( 'NONE', #2039, #714, #2143, .T. ) ;
#1381 = CIRCLE ( 'NONE', #2312, 0.06692913385826718131 ) ;
#1382 = ORIENTED_EDGE ( 'NONE', *, *, #756, .F. ) ;
#1383 = LINE ( 'NONE', #2041, #649 ) ;
#1384 = DIRECTION ( 'NONE',  ( -3.594536833768766614E-17, -1.000000000000000000, 0.000000000000000000 ) ) ;
#1385 = DIRECTION ( 'NONE',  ( 0.000000000000000000, 0.000000000000000000, 1.000000000000000000 ) ) ;
#1386 = FACE_OUTER_BOUND ( 'NONE', #2713, .T. ) ;
#1387 = CIRCLE ( 'NONE', #54, 0.2500000000000003331 ) ;
#1388 = ORIENTED_EDGE ( 'NONE', *, *, #436, .T. ) ;
#1389 = ADVANCED_FACE ( 'NONE', ( #2703 ), #354, .F. ) ;
#1390 = DIRECTION ( 'NONE',  ( 0.5999999999999997558, 0.8000000000000000444, 0.000000000000000000 ) ) ;
#1391 = EDGE_LOOP ( 'NONE', ( #77, #1276, #343, #2809 ) ) ;
#1392 = ORIENTED_EDGE ( 'NONE', *, *, #395, .F. ) ;
#1393 = PERSON_AND_ORGANIZATION ( #1279, #2625 ) ;
#1394 = DIRECTION ( 'NONE',  ( -1.000000000000000000, 0.000000000000000000, 0.000000000000000000 ) ) ;
#1395 = DIRECTION ( 'NONE',  ( 0.000000000000000000, 0.000000000000000000, 1.000000000000000000 ) ) ;
#1396 = DIRECTION ( 'NONE',  ( -1.000000000000000000, 0.000000000000000000, 0.000000000000000000 ) ) ;
#1397 = DIRECTION ( 'NONE',  ( -1.300879996982982731E-16, 1.000000000000000000, 0.000000000000000000 ) ) ;
#1398 = ORIENTED_EDGE ( 'NONE', *, *, #1942, .F. ) ;
#1399 = CARTESIAN_POINT ( 'NONE',  ( -0.7086079201634133407, 4.730774743187141418, 0.2500000000000000000 ) ) ;
#1400 = ADVANCED_FACE ( 'NONE', ( #1073 ), #1989, .F. ) ;
#1401 = DIRECTION ( 'NONE',  ( -0.000000000000000000, -0.000000000000000000, -1.000000000000000000 ) ) ;
#1402 = AXIS2_PLACEMENT_3D ( 'NONE', #147, #2262, #2986 ) ;
#1403 = LINE ( 'NONE', #934, #2878 ) ;
#1404 = VECTOR ( 'NONE', #2791, 39.37007874015748143 ) ;
#1405 = PLANE ( 'NONE',  #2167 ) ;
#1406 = VERTEX_POINT ( 'NONE', #1566 ) ;
#1407 = AXIS2_PLACEMENT_3D ( 'NONE', #521, #1889, #1658 ) ;
#1408 = DIRECTION ( 'NONE',  ( -2.731847993664264698E-16, 1.000000000000000000, 0.000000000000000000 ) ) ;
#1409 = ORIENTED_EDGE ( 'NONE', *, *, #1504, .T. ) ;
#1410 = LINE ( 'NONE', #1377, #1277 ) ;
#1411 = APPROVAL_DATE_TIME ( #180, #1923 ) ;
#1412 = ADVANCED_FACE ( 'NONE', ( #1523 ), #1309, .F. ) ;
#1413 = ADVANCED_FACE ( 'NONE', ( #1061 ), #2239, .F. ) ;
#1414 = FACE_OUTER_BOUND ( 'NONE', #2554, .T. ) ;
#1415 = CARTESIAN_POINT ( 'NONE',  ( -2.808070866141733291, 1.749999999999999556, 0.000000000000000000 ) ) ;
#1416 = DIRECTION ( 'NONE',  ( 1.000000000000000000, -1.913226279806337418E-15, 0.000000000000000000 ) ) ;
#1417 = DIRECTION ( 'NONE',  ( -1.000000000000000000, -2.731847993664264698E-16, 0.000000000000000000 ) ) ;
#1418 = EDGE_LOOP ( 'NONE', ( #347, #324 ) ) ;
#1419 = DIRECTION ( 'NONE',  ( -0.000000000000000000, -0.000000000000000000, 1.000000000000000000 ) ) ;
#1420 = DIRECTION ( 'NONE',  ( -0.000000000000000000, -0.000000000000000000, -1.000000000000000000 ) ) ;
#1421 = CARTESIAN_POINT ( 'NONE',  ( 2.875000000000000888, 0.2499999999999995282, 0.2500000000000000000 ) ) ;
#1422 = CARTESIAN_POINT ( 'NONE',  ( 2.808070866141733291, 1.749999999999999556, 0.2500000000000000000 ) ) ;
#1423 = CARTESIAN_POINT ( 'NONE',  ( 2.200000000000001066, -0.1499999999999999667, 0.2500000000000000000 ) ) ;
#1424 = AXIS2_PLACEMENT_3D ( 'NONE', #372, #2888, #79 ) ;
#1425 = ORIENTED_EDGE ( 'NONE', *, *, #984, .T. ) ;
#1426 = DIRECTION ( 'NONE',  ( -0.000000000000000000, -0.000000000000000000, -1.000000000000000000 ) ) ;
#1427 = CARTESIAN_POINT ( 'NONE',  ( -2.200000000000001066, 0.1000000000000000194, -3.937007874016270969E-05 ) ) ;
#1428 = VERTEX_POINT ( 'NONE', #845 ) ;
#1429 = CARTESIAN_POINT ( 'NONE',  ( 0.3000000000000004330, 4.141934388425580593, -3.937007874016270969E-05 ) ) ;
#1430 = ORIENTED_EDGE ( 'NONE', *, *, #2960, .T. ) ;
#1431 = DIRECTION ( 'NONE',  ( -1.000000000000000000, -5.162477643180737908E-16, 0.000000000000000000 ) ) ;
#1432 = AXIS2_PLACEMENT_3D ( 'NONE', #1120, #1817, #1604 ) ;
#1433 = FACE_OUTER_BOUND ( 'NONE', #838, .T. ) ;
#1434 = ORIENTED_EDGE ( 'NONE', *, *, #1822, .T. ) ;
#1435 = CARTESIAN_POINT ( 'NONE',  ( -2.245760939581058935, 4.730774743187140530, 0.2500000000000000000 ) ) ;
#1436 = CARTESIAN_POINT ( 'NONE',  ( 1.200000000000000622, -1.450000000000000400, -2.121320343559642829 ) ) ;
#1437 = FACE_OUTER_BOUND ( 'NONE', #1789, .T. ) ;
#1438 = EDGE_CURVE ( 'NONE', #691, #1796, #17, .T. ) ;
#1439 = CYLINDRICAL_SURFACE ( 'NONE', #285, 0.2500000000000003331 ) ;
#1440 = ORIENTED_EDGE ( 'NONE', *, *, #2589, .T. ) ;
#1441 = DIRECTION ( 'NONE',  ( 1.000000000000000000, 0.000000000000000000, 0.000000000000000000 ) ) ;
#1442 = VECTOR ( 'NONE', #364, 39.37007874015748143 ) ;
#1443 = EDGE_CURVE ( 'NONE', #358, #1783, #2500, .T. ) ;
#1444 = EDGE_CURVE ( 'NONE', #358, #2613, #2457, .T. ) ;
#1445 = PLANE ( 'NONE',  #1107 ) ;
#1446 = ORIENTED_EDGE ( 'NONE', *, *, #892, .F. ) ;
#1447 = DIRECTION ( 'NONE',  ( 0.000000000000000000, -0.000000000000000000, -1.000000000000000000 ) ) ;
#1448 = CARTESIAN_POINT ( 'NONE',  ( -2.083070866141733202, -0.9250000000000005995, 0.000000000000000000 ) ) ;
#1449 = CARTESIAN_POINT ( 'NONE',  ( 0.7415111107797437429, 4.302631290847216405, -3.937007874016270969E-05 ) ) ;
#1450 = EDGE_LOOP ( 'NONE', ( #1988, #753, #1759, #3028 ) ) ;
#1451 = VECTOR ( 'NONE', #2559, 39.37007874015748143 ) ;
#1452 = DIRECTION ( 'NONE',  ( 1.000000000000000000, -2.731847993664264698E-16, 0.000000000000000000 ) ) ;
#1453 = ADVANCED_FACE ( 'NONE', ( #1784, #1293, #2470, #338, #98, #2715, #601, #1755, #1553, #2003, #380, #2936, #561, #367, #2225, #2253, #1512, #820 ), #1086, .F. ) ;
#1454 = PRODUCT_DEFINITION_SHAPE ( 'NONE', 'NONE',  #2455 ) ;
#1455 = AXIS2_PLACEMENT_3D ( 'NONE', #1169, #3043, #1931 ) ;
#1456 = CARTESIAN_POINT ( 'NONE',  ( 1.621182571178382048, 3.448745145972105686, 0.000000000000000000 ) ) ;
#1457 = EDGE_CURVE ( 'NONE', #196, #222, #213, .T. ) ;
#1458 = CARTESIAN_POINT ( 'NONE',  ( 2.329032558319281687, 2.410696902421637144, 0.000000000000000000 ) ) ;
#1459 = AXIS2_PLACEMENT_3D ( 'NONE', #1631, #2563, #450 ) ;
#1460 = EDGE_CURVE ( 'NONE', #1614, #1707, #1744, .T. ) ;
#1461 = ORIENTED_EDGE ( 'NONE', *, *, #815, .F. ) ;
#1462 = AXIS2_PLACEMENT_3D ( 'NONE', #685, #2076, #2565 ) ;
#1463 = DIRECTION ( 'NONE',  ( -0.000000000000000000, -0.000000000000000000, -1.000000000000000000 ) ) ;
#1464 = EDGE_LOOP ( 'NONE', ( #1647, #2291 ) ) ;
#1465 = LINE ( 'NONE', #1231, #1881 ) ;
#1466 = LENGTH_MEASURE_WITH_UNIT ( LENGTH_MEASURE( 0.02539999999999999897 ), #2626 );
#1467 = CARTESIAN_POINT ( 'NONE',  ( 2.150000000000000799, -0.9250000000000005995, 0.000000000000000000 ) ) ;
#1468 = ORIENTED_EDGE ( 'NONE', *, *, #109, .F. ) ;
#1469 = LINE ( 'NONE', #1946, #1841 ) ;
#1470 = EDGE_CURVE ( 'NONE', #97, #1707, #2447, .T. ) ;
#1471 = LINE ( 'NONE', #2188, #1776 ) ;
#1472 = CARTESIAN_POINT ( 'NONE',  ( 0.9500000000000005107, -1.450000000000000400, 0.2500000000000000000 ) ) ;
#1473 = EDGE_LOOP ( 'NONE', ( #717, #2569, #2983, #2002 ) ) ;
#1474 = CIRCLE ( 'NONE', #2892, 0.2500000000000000555 ) ;
#1475 = CARTESIAN_POINT ( 'NONE',  ( -0.5499999999999971578, 1.999999999999998446, 0.000000000000000000 ) ) ;
#1476 = EDGE_LOOP ( 'NONE', ( #373, #291, #2115, #657 ) ) ;
#1477 = CARTESIAN_POINT ( 'NONE',  ( -1.500000000000000444, -0.1500000000000005773, 0.2500000000000000000 ) ) ;
#1478 = EDGE_CURVE ( 'NONE', #1406, #905, #412, .T. ) ;
#1479 = DIRECTION ( 'NONE',  ( -1.000000000000000000, 0.000000000000000000, 0.000000000000000000 ) ) ;
#1480 = CYLINDRICAL_SURFACE ( 'NONE', #68, 0.06692913385826744499 ) ;
#1481 = ORIENTED_EDGE ( 'NONE', *, *, #727, .F. ) ;
#1482 = VECTOR ( 'NONE', #1289, 39.37007874015748143 ) ;
#1483 = DIRECTION ( 'NONE',  ( -0.6427876096865433597, -0.7660444431189745718, 0.000000000000000000 ) ) ;
#1484 = EDGE_CURVE ( 'NONE', #2322, #843, #152, .T. ) ;
#1485 = DIRECTION ( 'NONE',  ( 0.000000000000000000, 0.000000000000000000, -1.000000000000000000 ) ) ;
#1486 = DIRECTION ( 'NONE',  ( 0.5999999999999997558, 0.8000000000000000444, 0.000000000000000000 ) ) ;
#1487 = VERTEX_POINT ( 'NONE', #1600 ) ;
#1488 = ORIENTED_EDGE ( 'NONE', *, *, #1696, .T. ) ;
#1489 = DIRECTION ( 'NONE',  ( -5.162477643180737908E-16, 1.000000000000000000, 0.000000000000000000 ) ) ;
#1490 = ORIENTED_EDGE ( 'NONE', *, *, #1627, .F. ) ;
#1491 = CARTESIAN_POINT ( 'NONE',  ( -2.941929133858268486, 1.749999999999999556, 0.000000000000000000 ) ) ;
#1492 = CARTESIAN_POINT ( 'NONE',  ( -0.2999999999999963252, 2.250000000000001332, 0.000000000000000000 ) ) ;
#1493 = CARTESIAN_POINT ( 'NONE',  ( -3.000000000000000444, 1.999999999999999112, 0.2500000000000000000 ) ) ;
#1494 = ORIENTED_EDGE ( 'NONE', *, *, #1444, .F. ) ;
#1495 = LINE ( 'NONE', #1264, #1787 ) ;
#1496 = VERTEX_POINT ( 'NONE', #2744 ) ;
#1497 = DIRECTION ( 'NONE',  ( -0.000000000000000000, -0.000000000000000000, -1.000000000000000000 ) ) ;
#1498 = CARTESIAN_POINT ( 'NONE',  ( 2.750000000000000888, 0.08333333333333375892, 0.2500000000000000000 ) ) ;
#1499 = VECTOR ( 'NONE', #2365, 39.37007874015748143 ) ;
#1500 = ORIENTED_EDGE ( 'NONE', *, *, #1999, .T. ) ;
#1501 = LINE ( 'NONE', #536, #2387 ) ;
#1502 = VERTEX_POINT ( 'NONE', #1168 ) ;
#1503 = CARTESIAN_POINT ( 'NONE',  ( 2.808070866141733291, 1.749999999999999556, -5.303588500244433124E-17 ) ) ;
#1504 = EDGE_CURVE ( 'NONE', #2265, #836, #1208, .T. ) ;
#1505 = DIRECTION ( 'NONE',  ( -0.000000000000000000, -0.000000000000000000, -1.000000000000000000 ) ) ;
#1506 = EDGE_CURVE ( 'NONE', #467, #2931, #861, .T. ) ;
#1507 = VECTOR ( 'NONE', #2450, 39.37007874015748143 ) ;
#1508 = DIRECTION ( 'NONE',  ( 1.000000000000000000, 0.000000000000000000, 0.000000000000000000 ) ) ;
#1509 = ORIENTED_EDGE ( 'NONE', *, *, #2861, .F. ) ;
#1510 = ADVANCED_FACE ( 'NONE', ( #2073 ), #1351, .F. ) ;
#1511 = ORIENTED_EDGE ( 'NONE', *, *, #1315, .F. ) ;
#1512 = FACE_BOUND ( 'NONE', #2951, .T. ) ;
#1513 = DIRECTION ( 'NONE',  ( -1.000000000000000000, 0.000000000000000000, 0.000000000000000000 ) ) ;
#1514 = VERTEX_POINT ( 'NONE', #700 ) ;
#1515 = DIRECTION ( 'NONE',  ( -0.000000000000000000, -0.000000000000000000, -1.000000000000000000 ) ) ;
#1516 = VERTEX_POINT ( 'NONE', #1097 ) ;
#1517 = CARTESIAN_POINT ( 'NONE',  ( 0.5500000000000000444, 1.699999999999999067, 0.2500000000000000000 ) ) ;
#1518 = AXIS2_PLACEMENT_3D ( 'NONE', #1498, #2895, #2419 ) ;
#1519 = CARTESIAN_POINT ( 'NONE',  ( 1.225000000000000533, -1.700000000000000400, 0.2500000000000000000 ) ) ;
#1520 = AXIS2_PLACEMENT_3D ( 'NONE', #3020, #1344, #1360 ) ;
#1521 = ORIENTED_EDGE ( 'NONE', *, *, #611, .F. ) ;
#1522 = VECTOR ( 'NONE', #2671, 39.37007874015748143 ) ;
#1523 = FACE_OUTER_BOUND ( 'NONE', #2428, .T. ) ;
#1524 = DIRECTION ( 'NONE',  ( -0.000000000000000000, -0.000000000000000000, 1.000000000000000000 ) ) ;
#1525 = EDGE_CURVE ( 'NONE', #906, #2640, #1383, .T. ) ;
#1526 = ORIENTED_EDGE ( 'NONE', *, *, #1484, .F. ) ;
#1527 = AXIS2_PLACEMENT_3D ( 'NONE', #2893, #781, #1918 ) ;
#1528 = DIRECTION ( 'NONE',  ( -0.000000000000000000, -0.000000000000000000, -1.000000000000000000 ) ) ;
#1529 = VERTEX_POINT ( 'NONE', #3005 ) ;
#1530 = DIRECTION ( 'NONE',  ( -1.000000000000000000, 0.000000000000000000, 0.000000000000000000 ) ) ;
#1531 = EDGE_CURVE ( 'NONE', #3031, #1535, #665, .T. ) ;
#1532 = DIRECTION ( 'NONE',  ( -0.000000000000000000, -0.000000000000000000, -1.000000000000000000 ) ) ;
#1533 = VECTOR ( 'NONE', #569, 39.37007874015748143 ) ;
#1534 = EDGE_CURVE ( 'NONE', #2358, #902, #3024, .T. ) ;
#1535 = VERTEX_POINT ( 'NONE', #1582 ) ;
#1536 = ORIENTED_EDGE ( 'NONE', *, *, #2646, .F. ) ;
#1537 = DIRECTION ( 'NONE',  ( -1.000000000000000000, 0.000000000000000000, 0.000000000000000000 ) ) ;
#1538 = CARTESIAN_POINT ( 'NONE',  ( -2.450000000000000178, 0.4000000000000000222, -3.937007874016270969E-05 ) ) ;
#1539 = EDGE_CURVE ( 'NONE', #2358, #1067, #2300, .T. ) ;
#1540 = ADVANCED_FACE ( 'NONE', ( #2318 ), #913, .T. ) ;
#1541 = EDGE_CURVE ( 'NONE', #2265, #284, #2108, .T. ) ;
#1542 = ORIENTED_EDGE ( 'NONE', *, *, #537, .F. ) ;
#1543 = AXIS2_PLACEMENT_3D ( 'NONE', #928, #2156, #2807 ) ;
#1544 = ORIENTED_EDGE ( 'NONE', *, *, #75, .T. ) ;
#1545 = FACE_OUTER_BOUND ( 'NONE', #1476, .T. ) ;
#1546 = ORIENTED_EDGE ( 'NONE', *, *, #2020, .T. ) ;
#1547 = VECTOR ( 'NONE', #2777, 39.37007874015748143 ) ;
#1548 = DIRECTION ( 'NONE',  ( -1.000000000000000000, -4.047182212835940085E-16, 0.000000000000000000 ) ) ;
#1549 = AXIS2_PLACEMENT_3D ( 'NONE', #65, #2397, #1913 ) ;
#1550 = AXIS2_PLACEMENT_3D ( 'NONE', #2992, #880, #76 ) ;
#1551 = ORIENTED_EDGE ( 'NONE', *, *, #2074, .F. ) ;
#1552 = EDGE_LOOP ( 'NONE', ( #2165, #2817, #1855, #1607 ) ) ;
#1553 = FACE_BOUND ( 'NONE', #2287, .T. ) ;
#1554 = CARTESIAN_POINT ( 'NONE',  ( -2.875000000000000888, 0.2499999999999995282, 0.2500000000000000000 ) ) ;
#1555 = EDGE_CURVE ( 'NONE', #1514, #314, #2579, .T. ) ;
#1556 = ORIENTED_EDGE ( 'NONE', *, *, #335, .T. ) ;
#1557 = CARTESIAN_POINT ( 'NONE',  ( 0.9999999999999996669, -1.875000000000000888, 0.000000000000000000 ) ) ;
#1558 = VERTEX_POINT ( 'NONE', #1862 ) ;
#1559 = EDGE_LOOP ( 'NONE', ( #2644, #359, #2395, #457 ) ) ;
#1560 = DIRECTION ( 'NONE',  ( -0.000000000000000000, -0.000000000000000000, 1.000000000000000000 ) ) ;
#1561 = EDGE_CURVE ( 'NONE', #1516, #810, #2057, .T. ) ;
#1562 = DIRECTION ( 'NONE',  ( -0.000000000000000000, -0.000000000000000000, 1.000000000000000000 ) ) ;
#1563 = VECTOR ( 'NONE', #295, 39.37007874015748854 ) ;
#1564 = ORIENTED_EDGE ( 'NONE', *, *, #1113, .F. ) ;
#1565 = ORIENTED_EDGE ( 'NONE', *, *, #2009, .F. ) ;
#1566 = CARTESIAN_POINT ( 'NONE',  ( -0.5500000000000001554, 0.3999999999999999667, 0.000000000000000000 ) ) ;
#1567 = EDGE_CURVE ( 'NONE', #2440, #1964, #1303, .T. ) ;
#1568 = ADVANCED_FACE ( 'NONE', ( #2758 ), #683, .F. ) ;
#1569 = CARTESIAN_POINT ( 'NONE',  ( -2.083070866141733202, -0.9250000000000005995, 0.2500000000000000000 ) ) ;
#1570 = ORIENTED_EDGE ( 'NONE', *, *, #2635, .T. ) ;
#1571 = CIRCLE ( 'NONE', #783, 0.2499999999999995282 ) ;
#1572 = CARTESIAN_POINT ( 'NONE',  ( 1.066929133858266932, -1.875000000000000888, -5.303588500244433124E-17 ) ) ;
#1573 = VERTEX_POINT ( 'NONE', #2529 ) ;
#1574 = EDGE_CURVE ( 'NONE', #1085, #2186, #1843, .T. ) ;
#1575 = EDGE_LOOP ( 'NONE', ( #2801, #1298, #2098, #1342 ) ) ;
#1576 = DIRECTION ( 'NONE',  ( -0.000000000000000000, -0.000000000000000000, 1.000000000000000000 ) ) ;
#1577 = DIRECTION ( 'NONE',  ( -4.047182212835941071E-16, -1.000000000000000000, 0.000000000000000000 ) ) ;
#1578 = PLANE ( 'NONE',  #1951 ) ;
#1579 = ORIENTED_EDGE ( 'NONE', *, *, #2000, .T. ) ;
#1580 = VECTOR ( 'NONE', #1692, 39.37007874015748143 ) ;
#1581 = ORIENTED_EDGE ( 'NONE', *, *, #2146, .T. ) ;
#1582 = CARTESIAN_POINT ( 'NONE',  ( 1.200000000000000622, -0.1499999999999999944, 0.000000000000000000 ) ) ;
#1583 = DIRECTION ( 'NONE',  ( 1.913226279806337023E-15, 1.000000000000000000, 0.000000000000000000 ) ) ;
#1584 = FACE_OUTER_BOUND ( 'NONE', #1450, .T. ) ;
#1585 = ORIENTED_EDGE ( 'NONE', *, *, #780, .T. ) ;
#1586 = CARTESIAN_POINT ( 'NONE',  ( -1.575000000000000178, -1.900000000000000799, 0.000000000000000000 ) ) ;
#1587 = ORIENTED_EDGE ( 'NONE', *, *, #498, .F. ) ;
#1588 = ORIENTED_EDGE ( 'NONE', *, *, #2324, .T. ) ;
#1589 = COORDINATED_UNIVERSAL_TIME_OFFSET ( 8, 0, .BEHIND. ) ;
#1590 = VECTOR ( 'NONE', #4, 39.37007874015748143 ) ;
#1591 = FACE_OUTER_BOUND ( 'NONE', #1143, .T. ) ;
#1592 = EDGE_CURVE ( 'NONE', #2904, #2265, #2337, .T. ) ;
#1593 = VECTOR ( 'NONE', #1863, 39.37007874015748143 ) ;
#1594 = FACE_OUTER_BOUND ( 'NONE', #393, .T. ) ;
#1595 = EDGE_CURVE ( 'NONE', #2375, #2019, #2127, .T. ) ;
#1596 = ADVANCED_FACE ( 'NONE', ( #2352 ), #2959, .F. ) ;
#1597 = VECTOR ( 'NONE', #807, 39.37007874015748143 ) ;
#1598 = CARTESIAN_POINT ( 'NONE',  ( 2.137521447539535657, 1.999999999999999112, 0.2500000000000000000 ) ) ;
#1599 = EDGE_LOOP ( 'NONE', ( #2679, #1509, #2742, #2243, #449, #1637 ) ) ;
#1600 = CARTESIAN_POINT ( 'NONE',  ( 1.750000000000000444, 0.1000000000000000194, 0.2500000000000000000 ) ) ;
#1601 = VECTOR ( 'NONE', #2657, 39.37007874015748143 ) ;
#1602 = CARTESIAN_POINT ( 'NONE',  ( 2.450000000000000178, 0.4000000000000000222, -3.937007874016270969E-05 ) ) ;
#1603 = DIRECTION ( 'NONE',  ( -1.000000000000000000, 0.000000000000000000, 0.000000000000000000 ) ) ;
#1604 = DIRECTION ( 'NONE',  ( -1.000000000000000000, 0.000000000000000000, 0.000000000000000000 ) ) ;
#1605 = VERTEX_POINT ( 'NONE', #3002 ) ;
#1606 = CARTESIAN_POINT ( 'NONE',  ( -2.450000000000000178, 1.699999999999999067, 0.000000000000000000 ) ) ;
#1607 = ORIENTED_EDGE ( 'NONE', *, *, #2960, .F. ) ;
#1608 = VERTEX_POINT ( 'NONE', #2295 ) ;
#1609 = CALENDAR_DATE ( 2026, 27, 4 ) ;
#1610 = EDGE_CURVE ( 'NONE', #836, #209, #842, .T. ) ;
#1611 = DIRECTION ( 'NONE',  ( -1.000000000000000000, 0.000000000000000000, 0.000000000000000000 ) ) ;
#1612 = CARTESIAN_POINT ( 'NONE',  ( 0.5499999999999971578, 2.250000000000001332, -3.937007874016270969E-05 ) ) ;
#1613 = DIRECTION ( 'NONE',  ( -0.000000000000000000, -0.000000000000000000, -1.000000000000000000 ) ) ;
#1614 = VERTEX_POINT ( 'NONE', #873 ) ;
#1615 = EDGE_CURVE ( 'NONE', #843, #2567, #67, .T. ) ;
#1616 = AXIS2_PLACEMENT_3D ( 'NONE', #210, #884, #1191 ) ;
#1617 = CARTESIAN_POINT ( 'NONE',  ( -2.450000000000000178, 1.699999999999999289, -3.937007874016270969E-05 ) ) ;
#1618 = DIRECTION ( 'NONE',  ( -1.000000000000000000, -3.594536833768766614E-17, 0.000000000000000000 ) ) ;
#1619 = AXIS2_PLACEMENT_3D ( 'NONE', #1222, #2880, #260 ) ;
#1620 = CARTESIAN_POINT ( 'NONE',  ( 2.808070866141733291, 0.2499999999999995282, 0.2500000000000000000 ) ) ;
#1621 = CARTESIAN_POINT ( 'NONE',  ( 3.000000000000000888, 0.08333333333333378667, 0.2500000000000000000 ) ) ;
#1622 = ORIENTED_EDGE ( 'NONE', *, *, #2856, .F. ) ;
#1623 = CARTESIAN_POINT ( 'NONE',  ( 2.329032558319281687, 2.410696902421637144, -3.937007874016270969E-05 ) ) ;
#1624 = VERTEX_POINT ( 'NONE', #2496 ) ;
#1625 = ORIENTED_EDGE ( 'NONE', *, *, #1025, .T. ) ;
#1626 = CARTESIAN_POINT ( 'NONE',  ( 2.150000000000000799, -0.9250000000000005995, -5.303588500244433124E-17 ) ) ;
#1627 = EDGE_CURVE ( 'NONE', #943, #297, #2717, .T. ) ;
#1628 = CARTESIAN_POINT ( 'NONE',  ( -2.808070866141733291, 0.2499999999999995282, 0.000000000000000000 ) ) ;
#1629 = CYLINDRICAL_SURFACE ( 'NONE', #558, 0.2499999999999989730 ) ;
#1630 = ORIENTED_EDGE ( 'NONE', *, *, #22, .T. ) ;
#1631 = CARTESIAN_POINT ( 'NONE',  ( 0.9500000000000008438, -0.1499999999999999667, 0.2500000000000000000 ) ) ;
#1632 = LINE ( 'NONE', #2075, #108 ) ;
#1633 = FACE_OUTER_BOUND ( 'NONE', #2957, .T. ) ;
#1634 = CARTESIAN_POINT ( 'NONE',  ( 2.450000000000000178, 1.699999999999999289, -3.937007874016270969E-05 ) ) ;
#1635 = EDGE_CURVE ( 'NONE', #2927, #1311, #678, .T. ) ;
#1636 = ADVANCED_FACE ( 'NONE', ( #1594 ), #1795, .F. ) ;
#1637 = ORIENTED_EDGE ( 'NONE', *, *, #1140, .F. ) ;
#1638 = LINE ( 'NONE', #1623, #1861 ) ;
#1639 = ORIENTED_EDGE ( 'NONE', *, *, #411, .T. ) ;
#1640 = ORIENTED_EDGE ( 'NONE', *, *, #2632, .F. ) ;
#1641 = EDGE_CURVE ( 'NONE', #836, #1573, #1082, .T. ) ;
#1642 = CALENDAR_DATE ( 2026, 27, 4 ) ;
#1643 = DIRECTION ( 'NONE',  ( 0.000000000000000000, 0.000000000000000000, -1.000000000000000000 ) ) ;
#1644 = DIRECTION ( 'NONE',  ( -0.000000000000000000, -0.000000000000000000, -1.000000000000000000 ) ) ;
#1645 = CARTESIAN_POINT ( 'NONE',  ( -2.200000000000001066, 0.1000000000000000194, 0.2500000000000000000 ) ) ;
#1646 = DIRECTION ( 'NONE',  ( -0.000000000000000000, -0.000000000000000000, -1.000000000000000000 ) ) ;
#1647 = ORIENTED_EDGE ( 'NONE', *, *, #1185, .F. ) ;
#1648 = CARTESIAN_POINT ( 'NONE',  ( 0.5641990440948118080, 4.902874540044387608, 0.2500000000000000000 ) ) ;
#1649 = LINE ( 'NONE', #684, #646 ) ;
#1650 = CARTESIAN_POINT ( 'NONE',  ( -3.000000000000000444, 1.909007441433447694, 0.000000000000000000 ) ) ;
#1651 = AXIS2_PLACEMENT_3D ( 'NONE', #875, #1844, #662 ) ;
#1652 = DIRECTION ( 'NONE',  ( 0.5999999999999999778, -0.7999999999999998224, 0.000000000000000000 ) ) ;
#1653 = ORIENTED_EDGE ( 'NONE', *, *, #1896, .T. ) ;
#1654 = CARTESIAN_POINT ( 'NONE',  ( -0.2999999999999999889, 0.6499999999999999112, 0.000000000000000000 ) ) ;
#1655 = ORIENTED_EDGE ( 'NONE', *, *, #1610, .T. ) ;
#1656 = LINE ( 'NONE', #1210, #865 ) ;
#1657 = SHAPE_DEFINITION_REPRESENTATION ( #1454, #2481 ) ;
#1658 = DIRECTION ( 'NONE',  ( -1.000000000000000000, 0.000000000000000000, 0.000000000000000000 ) ) ;
#1659 = ORIENTED_EDGE ( 'NONE', *, *, #1531, .F. ) ;
#1660 = CARTESIAN_POINT ( 'NONE',  ( -0.5500000000000000444, 1.449999999999999289, 0.2500000000000000000 ) ) ;
#1661 = ORIENTED_EDGE ( 'NONE', *, *, #656, .F. ) ;
#1662 = CARTESIAN_POINT ( 'NONE',  ( 0.2999999999999963252, 2.250000000000001332, -3.937007874016270969E-05 ) ) ;
#1663 = DIRECTION ( 'NONE',  ( -1.000000000000000000, 0.000000000000000000, 0.000000000000000000 ) ) ;
#1664 = ORIENTED_EDGE ( 'NONE', *, *, #186, .F. ) ;
#1665 = CARTESIAN_POINT ( 'NONE',  ( -1.621182571178382048, 3.448745145972105686, -5.303588500244433124E-17 ) ) ;
#1666 = CARTESIAN_POINT ( 'NONE',  ( 2.200000000000001066, -0.1499999999999999667, -3.937007874016270969E-05 ) ) ;
#1667 = CIRCLE ( 'NONE', #83, 0.06692913385826718131 ) ;
#1668 = ADVANCED_FACE ( 'NONE', ( #1331 ), #661, .F. ) ;
#1669 = PLANE ( 'NONE',  #192 ) ;
#1670 = DIRECTION ( 'NONE',  ( 0.000000000000000000, 0.000000000000000000, 1.000000000000000000 ) ) ;
#1671 = CIRCLE ( 'NONE', #325, 0.2500000000000000555 ) ;
#1672 = ORIENTED_EDGE ( 'NONE', *, *, #2210, .F. ) ;
#1673 = CLOSED_SHELL ( 'NONE', ( #1413, #1412, #2729, #2340, #1986, #585, #1510, #2069, #830, #2887, #597, #767, #132, #878, #287, #1453, #2546, #639, #2910, #1109, #1568, #1400, #669, #1540, #114, #2588, #2366, #2882, #2847, #1229, #435, #2660, #440, #424, #2467, #2406, #813, #1364, #1714, #172, #248, #1636, #1668, #2934, #1878, #839, #2533, #428, #1261, #1241, #340, #1832, #299, #909, #2637, #2694, #2655, #2089, #216, #275, #1156, #620, #1996, #205, #2228, #420, #1987, #64, #1596, #2160, #2111, #233, #2494, #1290, #1226, #924, #2924, #1249, #2483, #2621, #2266, #2149, #2774, #1295, #563, #1389 ) ) ;
#1674 = VECTOR ( 'NONE', #387, 39.37007874015748143 ) ;
#1675 = CARTESIAN_POINT ( 'NONE',  ( -1.500000000000000444, -0.7500000000000009992, 0.000000000000000000 ) ) ;
#1676 = EDGE_CURVE ( 'NONE', #1487, #2874, #2973, .T. ) ;
#1677 = LINE ( 'NONE', #32, #318 ) ;
#1678 = AXIS2_PLACEMENT_3D ( 'NONE', #2347, #278, #2166 ) ;
#1679 = ORIENTED_EDGE ( 'NONE', *, *, #2000, .F. ) ;
#1680 = DIRECTION ( 'NONE',  ( -1.000000000000000000, 0.000000000000000000, 0.000000000000000000 ) ) ;
#1681 = LINE ( 'NONE', #2610, #2429 ) ;
#1682 = DIRECTION ( 'NONE',  ( 1.000000000000000000, 0.000000000000000000, 0.000000000000000000 ) ) ;
#1683 = EDGE_LOOP ( 'NONE', ( #2750, #1270, #1158, #2258 ) ) ;
#1684 = CARTESIAN_POINT ( 'NONE',  ( -3.000000000000000888, 0.000000000000000000, 0.2500000000000000000 ) ) ;
#1685 = CARTESIAN_POINT ( 'NONE',  ( 1.200000000000000622, -0.1499999999999999944, -2.121320343559642829 ) ) ;
#1686 = CARTESIAN_POINT ( 'NONE',  ( -2.750000000000000888, 0.08333333333333362014, 0.000000000000000000 ) ) ;
#1687 = LINE ( 'NONE', #1003, #2984 ) ;
#1688 = ORIENTED_EDGE ( 'NONE', *, *, #1820, .F. ) ;
#1689 = CIRCLE ( 'NONE', #940, 0.2499999999999998057 ) ;
#1690 = CARTESIAN_POINT ( 'NONE',  ( 1.500000000000000444, -0.7500000000000009992, -2.121320343559642829 ) ) ;
#1691 = ORIENTED_EDGE ( 'NONE', *, *, #1936, .T. ) ;
#1692 = DIRECTION ( 'NONE',  ( -0.000000000000000000, -0.000000000000000000, 1.000000000000000000 ) ) ;
#1693 = LINE ( 'NONE', #237, #1499 ) ;
#1694 = EDGE_CURVE ( 'NONE', #1796, #365, #2068, .T. ) ;
#1695 = PLANE ( 'NONE',  #1549 ) ;
#1696 = EDGE_CURVE ( 'NONE', #748, #2538, #408, .T. ) ;
#1697 = EDGE_LOOP ( 'NONE', ( #1494, #2021, #2195, #2451, #2843, #277, #2535, #2136 ) ) ;
#1698 = AXIS2_PLACEMENT_3D ( 'NONE', #1912, #2574, #762 ) ;
#1699 = FACE_OUTER_BOUND ( 'NONE', #1778, .T. ) ;
#1700 = VECTOR ( 'NONE', #298, 39.37007874015748143 ) ;
#1701 = FACE_OUTER_BOUND ( 'NONE', #151, .T. ) ;
#1702 = CARTESIAN_POINT ( 'NONE',  ( 1.554253437320114672, 3.448745145972105686, 0.000000000000000000 ) ) ;
#1703 = AXIS2_PLACEMENT_3D ( 'NONE', #2486, #576, #614 ) ;
#1704 = ORIENTED_EDGE ( 'NONE', *, *, #496, .T. ) ;
#1705 = CIRCLE ( 'NONE', #2578, 0.06692913385826772255 ) ;
#1706 = DIRECTION ( 'NONE',  ( -1.000000000000000000, 0.000000000000000000, 0.000000000000000000 ) ) ;
#1707 = VERTEX_POINT ( 'NONE', #1110 ) ;
#1708 = DIRECTION ( 'NONE',  ( -0.000000000000000000, -0.000000000000000000, 1.000000000000000000 ) ) ;
#1709 = EDGE_CURVE ( 'NONE', #1281, #2208, #3021, .T. ) ;
#1710 = CYLINDRICAL_SURFACE ( 'NONE', #2204, 0.2500000000000000555 ) ;
#1711 = DIRECTION ( 'NONE',  ( -0.000000000000000000, -0.000000000000000000, -1.000000000000000000 ) ) ;
#1712 = ORIENTED_EDGE ( 'NONE', *, *, #368, .T. ) ;
#1713 = DIRECTION ( 'NONE',  ( -0.000000000000000000, -0.000000000000000000, -1.000000000000000000 ) ) ;
#1714 = ADVANCED_FACE ( 'NONE', ( #1808 ), #910, .F. ) ;
#1715 = DIRECTION ( 'NONE',  ( -0.000000000000000000, -0.000000000000000000, -1.000000000000000000 ) ) ;
#1716 = CARTESIAN_POINT ( 'NONE',  ( -1.750000000000000444, -0.1499999999999999667, 0.000000000000000000 ) ) ;
#1717 = ORIENTED_EDGE ( 'NONE', *, *, #741, .T. ) ;
#1718 = AXIS2_PLACEMENT_3D ( 'NONE', #245, #2288, #2132 ) ;
#1719 = DIRECTION ( 'NONE',  ( 1.300879996982982731E-16, 1.000000000000000000, 0.000000000000000000 ) ) ;
#1720 = VERTEX_POINT ( 'NONE', #2542 ) ;
#1721 = DIRECTION ( 'NONE',  ( -0.000000000000000000, -0.000000000000000000, -1.000000000000000000 ) ) ;
#1722 = DIRECTION ( 'NONE',  ( -0.000000000000000000, -0.000000000000000000, -1.000000000000000000 ) ) ;
#1723 = CARTESIAN_POINT ( 'NONE',  ( -2.150000000000000799, -0.9250000000000005995, 0.2500000000000000000 ) ) ;
#1724 = EDGE_CURVE ( 'NONE', #1084, #1327, #388, .T. ) ;
#1725 = ORIENTED_EDGE ( 'NONE', *, *, #1204, .F. ) ;
#1726 = VECTOR ( 'NONE', #2012, 39.37007874015748143 ) ;
#1727 = DIRECTION ( 'NONE',  ( -0.000000000000000000, -0.000000000000000000, -1.000000000000000000 ) ) ;
#1728 = LINE ( 'NONE', #2433, #2704 ) ;
#1729 = CARTESIAN_POINT ( 'NONE',  ( 0.2999999999999963252, 2.250000000000001332, 0.000000000000000000 ) ) ;
#1730 = EDGE_CURVE ( 'NONE', #310, #467, #100, .T. ) ;
#1731 = EDGE_CURVE ( 'NONE', #2799, #795, #2773, .T. ) ;
#1732 = VERTEX_POINT ( 'NONE', #200 ) ;
#1733 = DIRECTION ( 'NONE',  ( -0.000000000000000000, -0.000000000000000000, -1.000000000000000000 ) ) ;
#1734 = CIRCLE ( 'NONE', #382, 0.2499999999999999167 ) ;
#1735 = ORIENTED_EDGE ( 'NONE', *, *, #2408, .F. ) ;
#1736 = DIRECTION ( 'NONE',  ( -1.000000000000000000, 0.000000000000000000, 0.000000000000000000 ) ) ;
#1737 = DIRECTION ( 'NONE',  ( -1.000000000000000000, 0.000000000000000000, 0.000000000000000000 ) ) ;
#1738 = DIRECTION ( 'NONE',  ( -0.000000000000000000, -0.000000000000000000, -1.000000000000000000 ) ) ;
#1739 = EDGE_LOOP ( 'NONE', ( #612, #47, #2264, #771, #2593, #2283, #3050, #1761, #504, #2201, #1015, #1254, #1308, #2935 ) ) ;
#1740 = ORIENTED_EDGE ( 'NONE', *, *, #496, .F. ) ;
#1741 = CARTESIAN_POINT ( 'NONE',  ( -3.414809992080329023E-17, 5.397019699529432835, 0.2500000000000000000 ) ) ;
#1742 = FACE_BOUND ( 'NONE', #581, .T. ) ;
#1743 = AXIS2_PLACEMENT_3D ( 'NONE', #2759, #1401, #1353 ) ;
#1744 = CIRCLE ( 'NONE', #1007, 0.2500000000000003331 ) ;
#1745 = EDGE_LOOP ( 'NONE', ( #3014, #1357, #38, #131 ) ) ;
#1746 = DIRECTION ( 'NONE',  ( -1.300879996982982485E-16, 1.000000000000000000, -0.000000000000000000 ) ) ;
#1747 = ORIENTED_EDGE ( 'NONE', *, *, #648, .F. ) ;
#1748 = FACE_OUTER_BOUND ( 'NONE', #120, .T. ) ;
#1749 = AXIS2_PLACEMENT_3D ( 'NONE', #2826, #2643, #1943 ) ;
#1750 = CARTESIAN_POINT ( 'NONE',  ( -1.500000000000000444, -0.1500000000000000500, 0.000000000000000000 ) ) ;
#1751 = DIRECTION ( 'NONE',  ( -0.000000000000000000, -0.000000000000000000, -1.000000000000000000 ) ) ;
#1752 = ORIENTED_EDGE ( 'NONE', *, *, #2120, .T. ) ;
#1753 = EDGE_CURVE ( 'NONE', #905, #1102, #2129, .T. ) ;
#1754 = ORIENTED_EDGE ( 'NONE', *, *, #1541, .F. ) ;
#1755 = FACE_BOUND ( 'NONE', #2674, .T. ) ;
#1756 = CARTESIAN_POINT ( 'NONE',  ( -1.375000000000000444, -2.000000000000000444, 0.2500000000000000000 ) ) ;
#1757 = EDGE_CURVE ( 'NONE', #1311, #2126, #590, .T. ) ;
#1758 = ORIENTED_EDGE ( 'NONE', *, *, #972, .T. ) ;
#1759 = ORIENTED_EDGE ( 'NONE', *, *, #1075, .F. ) ;
#1760 = CARTESIAN_POINT ( 'NONE',  ( 0.9999999999999996669, -1.875000000000000888, 0.2500000000000000000 ) ) ;
#1761 = ORIENTED_EDGE ( 'NONE', *, *, #1982, .F. ) ;
#1762 = VECTOR ( 'NONE', #1981, 39.37007874015748143 ) ;
#1763 = CARTESIAN_POINT ( 'NONE',  ( 2.450000000000000178, 0.6499999999999999112, 0.2500000000000000000 ) ) ;
#1764 = VECTOR ( 'NONE', #488, 39.37007874015748143 ) ;
#1765 = CARTESIAN_POINT ( 'NONE',  ( -0.9500000000000008438, -0.1499999999999999667, 0.000000000000000000 ) ) ;
#1766 = CC_DESIGN_PERSON_AND_ORGANIZATION_ASSIGNMENT ( #1359, #2803, ( #2455 ) ) ;
#1767 = EDGE_CURVE ( 'NONE', #2172, #305, #1689, .T. ) ;
#1768 = ORIENTED_EDGE ( 'NONE', *, *, #1049, .T. ) ;
#1769 = CIRCLE ( 'NONE', #1805, 0.06692913385826744499 ) ;
#1770 = ORIENTED_EDGE ( 'NONE', *, *, #972, .F. ) ;
#1771 = AXIS2_PLACEMENT_3D ( 'NONE', #2304, #244, #3010 ) ;
#1772 = DIRECTION ( 'NONE',  ( 0.000000000000000000, -0.000000000000000000, -1.000000000000000000 ) ) ;
#1773 = FACE_BOUND ( 'NONE', #628, .T. ) ;
#1774 = ORIENTED_EDGE ( 'NONE', *, *, #2842, .F. ) ;
#1775 = EDGE_LOOP ( 'NONE', ( #2468, #2215, #2552, #2650 ) ) ;
#1776 = VECTOR ( 'NONE', #1947, 39.37007874015748143 ) ;
#1777 = DIRECTION ( 'NONE',  ( -1.000000000000000000, 0.000000000000000000, 0.000000000000000000 ) ) ;
#1778 = EDGE_LOOP ( 'NONE', ( #850, #143, #936, #1886 ) ) ;
#1779 = CARTESIAN_POINT ( 'NONE',  ( -2.200000000000001066, -0.1499999999999999667, 0.000000000000000000 ) ) ;
#1780 = AXIS2_PLACEMENT_3D ( 'NONE', #479, #3, #926 ) ;
#1781 = EDGE_CURVE ( 'NONE', #229, #3015, #1910, .T. ) ;
#1782 = ORIENTED_EDGE ( 'NONE', *, *, #2772, .T. ) ;
#1783 = VERTEX_POINT ( 'NONE', #235 ) ;
#1784 = FACE_BOUND ( 'NONE', #1358, .T. ) ;
#1785 = FACE_BOUND ( 'NONE', #1804, .T. ) ;
#1786 = ORIENTED_EDGE ( 'NONE', *, *, #390, .T. ) ;
#1787 = VECTOR ( 'NONE', #312, 39.37007874015748143 ) ;
#1788 = EDGE_CURVE ( 'NONE', #592, #906, #1465, .T. ) ;
#1789 = EDGE_LOOP ( 'NONE', ( #437, #2392, #7, #2 ) ) ;
#1790 = ORIENTED_EDGE ( 'NONE', *, *, #2393, .T. ) ;
#1791 = VECTOR ( 'NONE', #1283, 39.37007874015748143 ) ;
#1792 = CARTESIAN_POINT ( 'NONE',  ( -2.216929133858268397, -0.9250000000000005995, 0.2500000000000000000 ) ) ;
#1793 = VECTOR ( 'NONE', #626, 39.37007874015748143 ) ;
#1794 = EDGE_CURVE ( 'NONE', #1428, #1327, #2260, .T. ) ;
#1795 = PLANE ( 'NONE',  #555 ) ;
#1796 = VERTEX_POINT ( 'NONE', #2123 ) ;
#1797 = ORIENTED_EDGE ( 'NONE', *, *, #2561, .F. ) ;
#1798 = CARTESIAN_POINT ( 'NONE',  ( -0.9500000000000008438, -0.1499999999999999667, 0.2500000000000000555 ) ) ;
#1799 = LINE ( 'NONE', #1538, #1920 ) ;
#1800 = EDGE_CURVE ( 'NONE', #1234, #600, #19, .T. ) ;
#1801 = EDGE_LOOP ( 'NONE', ( #1461, #2282, #1285, #1823 ) ) ;
#1802 = CARTESIAN_POINT ( 'NONE',  ( 2.808070866141733291, 1.749999999999999556, 0.000000000000000000 ) ) ;
#1803 = ORIENTED_EDGE ( 'NONE', *, *, #1218, .F. ) ;
#1804 = EDGE_LOOP ( 'NONE', ( #1192, #416 ) ) ;
#1805 = AXIS2_PLACEMENT_3D ( 'NONE', #2540, #2329, #1611 ) ;
#1806 = FACE_OUTER_BOUND ( 'NONE', #1956, .T. ) ;
#1807 = CIRCLE ( 'NONE', #2595, 0.06692913385826718131 ) ;
#1808 = FACE_OUTER_BOUND ( 'NONE', #591, .T. ) ;
#1809 = AXIS2_PLACEMENT_3D ( 'NONE', #2227, #1046, #1513 ) ;
#1810 = CARTESIAN_POINT ( 'NONE',  ( -1.200000000000000622, -0.1499999999999999944, -2.121320343559642829 ) ) ;
#1811 = ORIENTED_EDGE ( 'NONE', *, *, #2719, .T. ) ;
#1812 = VECTOR ( 'NONE', #1193, 39.37007874015748143 ) ;
#1813 = ORIENTED_EDGE ( 'NONE', *, *, #2372, .T. ) ;
#1814 = DIRECTION ( 'NONE',  ( -0.000000000000000000, -0.000000000000000000, 1.000000000000000000 ) ) ;
#1815 = CARTESIAN_POINT ( 'NONE',  ( 2.137521447539539210, 2.250000000000001332, 0.2500000000000000000 ) ) ;
#1816 = VECTOR ( 'NONE', #2153, 39.37007874015748854 ) ;
#1817 = DIRECTION ( 'NONE',  ( -0.000000000000000000, -0.000000000000000000, -1.000000000000000000 ) ) ;
#1818 = ORIENTED_EDGE ( 'NONE', *, *, #2298, .F. ) ;
#1819 = LINE ( 'NONE', #2749, #2492 ) ;
#1820 = EDGE_CURVE ( 'NONE', #1732, #57, #1734, .T. ) ;
#1821 = ORIENTED_EDGE ( 'NONE', *, *, #2146, .F. ) ;
#1822 = EDGE_CURVE ( 'NONE', #2375, #386, #268, .T. ) ;
#1823 = ORIENTED_EDGE ( 'NONE', *, *, #1525, .T. ) ;
#1824 = CARTESIAN_POINT ( 'NONE',  ( -1.200000000000000622, -0.1499999999999999944, 0.2500000000000000000 ) ) ;
#1825 = CARTESIAN_POINT ( 'NONE',  ( -2.200000000000001066, 0.1000000000000000194, -3.937007874016270969E-05 ) ) ;
#1826 = CARTESIAN_POINT ( 'NONE',  ( 2.083070866141733646, -0.9250000000000005995, -5.303588500244433124E-17 ) ) ;
#1827 = AXIS2_PLACEMENT_3D ( 'NONE', #1612, #1842, #641 ) ;
#1828 = ORIENTED_EDGE ( 'NONE', *, *, #998, .T. ) ;
#1829 = DIRECTION ( 'NONE',  ( -0.000000000000000000, -0.000000000000000000, -1.000000000000000000 ) ) ;
#1830 = DIRECTION ( 'NONE',  ( 1.000000000000000000, 0.000000000000000000, 0.000000000000000000 ) ) ;
#1831 = CARTESIAN_POINT ( 'NONE',  ( -3.000000000000000444, 1.999999999999999112, 0.2500000000000000000 ) ) ;
#1832 = ADVANCED_FACE ( 'NONE', ( #3036 ), #760, .T. ) ;
#1833 = DIRECTION ( 'NONE',  ( 1.000000000000000000, 4.268512490100414977E-17, 0.000000000000000000 ) ) ;
#1834 = ORIENTED_EDGE ( 'NONE', *, *, #1438, .T. ) ;
#1835 = LINE ( 'NONE', #175, #82 ) ;
#1836 = ORIENTED_EDGE ( 'NONE', *, *, #1470, .T. ) ;
#1837 = ORIENTED_EDGE ( 'NONE', *, *, #1567, .T. ) ;
#1838 = AXIS2_PLACEMENT_3D ( 'NONE', #966, #39, #53 ) ;
#1839 = EDGE_CURVE ( 'NONE', #2567, #2766, #2379, .T. ) ;
#1840 = CARTESIAN_POINT ( 'NONE',  ( 1.950000000000000400, -0.9000000000000009104, -3.937007874016270969E-05 ) ) ;
#1841 = VECTOR ( 'NONE', #2844, 39.37007874015748143 ) ;
#1842 = DIRECTION ( 'NONE',  ( -0.000000000000000000, -0.000000000000000000, 1.000000000000000000 ) ) ;
#1843 = CIRCLE ( 'NONE', #1459, 0.2500000000000000555 ) ;
#1844 = DIRECTION ( 'NONE',  ( -0.000000000000000000, -0.000000000000000000, 1.000000000000000000 ) ) ;
#1845 = VERTEX_POINT ( 'NONE', #2854 ) ;
#1846 = CARTESIAN_POINT ( 'NONE',  ( 2.450000000000000178, 0.4000000000000000222, -3.937007874016270969E-05 ) ) ;
#1847 = LINE ( 'NONE', #413, #264 ) ;
#1848 = EDGE_CURVE ( 'NONE', #1230, #2974, #745, .T. ) ;
#1849 = CARTESIAN_POINT ( 'NONE',  ( 1.375000000000000444, -1.750000000000000666, 0.2500000000000000000 ) ) ;
#1850 = CARTESIAN_POINT ( 'NONE',  ( -3.000000000000000888, 0.000000000000000000, 0.2500000000000000000 ) ) ;
#1851 = ORIENTED_EDGE ( 'NONE', *, *, #611, .T. ) ;
#1852 = CARTESIAN_POINT ( 'NONE',  ( -0.9330708661417325134, -1.875000000000000888, -5.303588500244433124E-17 ) ) ;
#1853 = EDGE_CURVE ( 'NONE', #2931, #799, #2592, .T. ) ;
#1854 = VERTEX_POINT ( 'NONE', #2169 ) ;
#1855 = ORIENTED_EDGE ( 'NONE', *, *, #58, .T. ) ;
#1856 = FACE_OUTER_BOUND ( 'NONE', #1375, .T. ) ;
#1857 = DIRECTION ( 'NONE',  ( 1.000000000000000000, -4.047182212835941071E-16, 0.000000000000000000 ) ) ;
#1858 = CARTESIAN_POINT ( 'NONE',  ( -2.400000000000001243, -0.2999999999999999334, -3.937007874016270969E-05 ) ) ;
#1859 = PRODUCT_RELATED_PRODUCT_CATEGORY ( 'detail', '', ( #506 ) ) ;
#1860 = ORIENTED_EDGE ( 'NONE', *, *, #335, .F. ) ;
#1861 = VECTOR ( 'NONE', #1173, 39.37007874015748143 ) ;
#1862 = CARTESIAN_POINT ( 'NONE',  ( 0.7415111107797437429, 4.302631290847216405, 0.2500000000000000000 ) ) ;
#1863 = DIRECTION ( 'NONE',  ( 0.000000000000000000, 0.000000000000000000, -1.000000000000000000 ) ) ;
#1864 = CARTESIAN_POINT ( 'NONE',  ( -0.5499999999999971578, 2.250000000000001332, 0.000000000000000000 ) ) ;
#1865 = EDGE_CURVE ( 'NONE', #2904, #57, #511, .T. ) ;
#1866 = CARTESIAN_POINT ( 'NONE',  ( -0.5499999999999999334, 4.141934388425582370, 0.2500000000000000000 ) ) ;
#1867 = ORIENTED_EDGE ( 'NONE', *, *, #2913, .F. ) ;
#1868 = DIRECTION ( 'NONE',  ( 1.000000000000000000, 0.000000000000000000, 0.000000000000000000 ) ) ;
#1869 = EDGE_LOOP ( 'NONE', ( #366, #2250, #101, #607 ) ) ;
#1870 = VERTEX_POINT ( 'NONE', #1180 ) ;
#1871 = CIRCLE ( 'NONE', #1127, 0.2500000000000000555 ) ;
#1872 = PERSON_AND_ORGANIZATION ( #1279, #2625 ) ;
#1873 = DIRECTION ( 'NONE',  ( -0.000000000000000000, -0.000000000000000000, 1.000000000000000000 ) ) ;
#1874 = DIRECTION ( 'NONE',  ( 0.6427876096865433597, -0.7660444431189745718, 0.000000000000000000 ) ) ;
#1875 = DIRECTION ( 'NONE',  ( 1.913226279806337418E-15, 1.000000000000000000, 0.000000000000000000 ) ) ;
#1876 = DIRECTION ( 'NONE',  ( -0.000000000000000000, -0.000000000000000000, -1.000000000000000000 ) ) ;
#1877 = ORIENTED_EDGE ( 'NONE', *, *, #1030, .F. ) ;
#1878 = ADVANCED_FACE ( 'NONE', ( #2396 ), #713, .F. ) ;
#1879 = DIRECTION ( 'NONE',  ( -0.000000000000000000, -0.000000000000000000, 1.000000000000000000 ) ) ;
#1880 = CARTESIAN_POINT ( 'NONE',  ( 1.554253437320114450, 3.448745145972105686, 0.2500000000000000000 ) ) ;
#1881 = VECTOR ( 'NONE', #2137, 39.37007874015748143 ) ;
#1882 = DIRECTION ( 'NONE',  ( -0.000000000000000000, -0.000000000000000000, 1.000000000000000000 ) ) ;
#1883 = CARTESIAN_POINT ( 'NONE',  ( 0.3000000000000004330, 4.141934388425580593, 0.000000000000000000 ) ) ;
#1884 = ORIENTED_EDGE ( 'NONE', *, *, #2949, .F. ) ;
#1885 = DIRECTION ( 'NONE',  ( 1.000000000000000000, 0.000000000000000000, 0.000000000000000000 ) ) ;
#1886 = ORIENTED_EDGE ( 'NONE', *, *, #979, .F. ) ;
#1887 = DIRECTION ( 'NONE',  ( 0.6427876096865433597, 0.7660444431189746828, 0.000000000000000000 ) ) ;
#1888 = PERSON_AND_ORGANIZATION_ROLE ( 'creator' ) ;
#1889 = DIRECTION ( 'NONE',  ( -0.000000000000000000, -0.000000000000000000, -1.000000000000000000 ) ) ;
#1890 = ORIENTED_EDGE ( 'NONE', *, *, #2814, .F. ) ;
#1891 = DIRECTION ( 'NONE',  ( -0.000000000000000000, -0.000000000000000000, -1.000000000000000000 ) ) ;
#1892 = PRODUCT_DEFINITION_FORMATION_WITH_SPECIFIED_SOURCE ( 'ANY', '', #506, .NOT_KNOWN. ) ;
#1893 = CARTESIAN_POINT ( 'NONE',  ( 2.808070866141733291, 0.2499999999999995282, 0.000000000000000000 ) ) ;
#1894 = AXIS2_PLACEMENT_3D ( 'NONE', #2285, #1099, #1830 ) ;
#1895 = CARTESIAN_POINT ( 'NONE',  ( -2.329032558319281687, 2.410696902421637144, -3.937007874016270969E-05 ) ) ;
#1896 = EDGE_CURVE ( 'NONE', #284, #1573, #1387, .T. ) ;
#1897 = EDGE_CURVE ( 'NONE', #2577, #2484, #2330, .T. ) ;
#1898 = ORIENTED_EDGE ( 'NONE', *, *, #2309, .F. ) ;
#1899 = VECTOR ( 'NONE', #1094, 39.37007874015748143 ) ;
#1900 = DIRECTION ( 'NONE',  ( -1.000000000000000000, 0.000000000000000000, 0.000000000000000000 ) ) ;
#1901 = DIRECTION ( 'NONE',  ( -0.000000000000000000, -0.000000000000000000, -1.000000000000000000 ) ) ;
#1902 = CIRCLE ( 'NONE', #2476, 0.2500000000000019429 ) ;
#1903 = LINE ( 'NONE', #1266, #1932 ) ;
#1904 = CIRCLE ( 'NONE', #2678, 0.06692913385826744499 ) ;
#1905 = CARTESIAN_POINT ( 'NONE',  ( 2.137521447539539210, 2.250000000000001332, -3.937007874016270969E-05 ) ) ;
#1906 = ORIENTED_EDGE ( 'NONE', *, *, #2240, .T. ) ;
#1907 = CARTESIAN_POINT ( 'NONE',  ( -2.875000000000000888, 1.749999999999999556, 0.2500000000000000000 ) ) ;
#1908 = CARTESIAN_POINT ( 'NONE',  ( -2.450000000000000178, 0.4000000000000000222, 0.2500000000000000000 ) ) ;
#1909 = ORIENTED_EDGE ( 'NONE', *, *, #2719, .F. ) ;
#1910 = LINE ( 'NONE', #1415, #444 ) ;
#1911 = AXIS2_PLACEMENT_3D ( 'NONE', #1129, #2525, #677 ) ;
#1912 = CARTESIAN_POINT ( 'NONE',  ( -0.5500000000000000444, 1.449999999999999289, 0.000000000000000000 ) ) ;
#1913 = DIRECTION ( 'NONE',  ( -0.5999999999999999778, -0.7999999999999998224, 0.000000000000000000 ) ) ;
#1914 = VERTEX_POINT ( 'NONE', #944 ) ;
#1915 = FACE_OUTER_BOUND ( 'NONE', #1801, .T. ) ;
#1916 = DIRECTION ( 'NONE',  ( -0.000000000000000000, -0.000000000000000000, -1.000000000000000000 ) ) ;
#1917 = VECTOR ( 'NONE', #1408, 39.37007874015748143 ) ;
#1918 = DIRECTION ( 'NONE',  ( 1.000000000000000000, 0.000000000000000000, 0.000000000000000000 ) ) ;
#1919 = DIRECTION ( 'NONE',  ( 0.000000000000000000, -0.000000000000000000, 1.000000000000000000 ) ) ;
#1920 = VECTOR ( 'NONE', #1524, 39.37007874015748143 ) ;
#1921 = ORIENTED_EDGE ( 'NONE', *, *, #2842, .T. ) ;
#1922 = EDGE_CURVE ( 'NONE', #96, #587, #495, .T. ) ;
#1923 = APPROVAL ( #638, 'UNSPECIFIED' ) ;
#1924 = DIRECTION ( 'NONE',  ( 1.000000000000000000, -1.300879996982982731E-16, 0.000000000000000000 ) ) ;
#1925 = VECTOR ( 'NONE', #1560, 39.37007874015748143 ) ;
#1926 = EDGE_LOOP ( 'NONE', ( #1770, #29, #116, #1953 ) ) ;
#1927 = CARTESIAN_POINT ( 'NONE',  ( 0.5500000000000000444, 1.699999999999999067, -3.937007874016270969E-05 ) ) ;
#1928 = LINE ( 'NONE', #2105, #391 ) ;
#1929 = FACE_OUTER_BOUND ( 'NONE', #658, .T. ) ;
#1930 = ORIENTED_EDGE ( 'NONE', *, *, #2948, .T. ) ;
#1931 = DIRECTION ( 'NONE',  ( -1.000000000000000000, 0.000000000000000000, 0.000000000000000000 ) ) ;
#1932 = VECTOR ( 'NONE', #768, 39.37007874015748854 ) ;
#1933 = CARTESIAN_POINT ( 'NONE',  ( -2.200000000000001066, 0.1000000000000000194, 0.2500000000000000000 ) ) ;
#1934 = LINE ( 'NONE', #2865, #975 ) ;
#1935 = EDGE_LOOP ( 'NONE', ( #1930, #854, #535, #886 ) ) ;
#1936 = EDGE_CURVE ( 'NONE', #2351, #2231, #2463, .T. ) ;
#1937 = VECTOR ( 'NONE', #1288, 39.37007874015748143 ) ;
#1938 = CYLINDRICAL_SURFACE ( 'NONE', #871, 0.2500000000000003331 ) ;
#1939 = ORIENTED_EDGE ( 'NONE', *, *, #656, .T. ) ;
#1940 = CARTESIAN_POINT ( 'NONE',  ( -2.450000000000000178, 1.449999999999999067, 0.2500000000000000000 ) ) ;
#1941 = DIRECTION ( 'NONE',  ( 6.829619984160665935E-16, -1.000000000000000000, 0.000000000000000000 ) ) ;
#1942 = EDGE_CURVE ( 'NONE', #1985, #1307, #1101, .T. ) ;
#1943 = DIRECTION ( 'NONE',  ( -1.000000000000000000, 0.000000000000000000, 0.000000000000000000 ) ) ;
#1944 = ORIENTED_EDGE ( 'NONE', *, *, #436, .F. ) ;
#1945 = CC_DESIGN_SECURITY_CLASSIFICATION ( #1990, ( #1892 ) ) ;
#1946 = CARTESIAN_POINT ( 'NONE',  ( 1.500000000000000444, -2.000000000000000444, 0.000000000000000000 ) ) ;
#1947 = DIRECTION ( 'NONE',  ( -0.000000000000000000, -0.000000000000000000, -1.000000000000000000 ) ) ;
#1948 = DIRECTION ( 'NONE',  ( 1.000000000000000000, 0.000000000000000000, 0.000000000000000000 ) ) ;
#1949 = AXIS2_PLACEMENT_3D ( 'NONE', #396, #2794, #2990 ) ;
#1950 = ORIENTED_EDGE ( 'NONE', *, *, #993, .T. ) ;
#1951 = AXIS2_PLACEMENT_3D ( 'NONE', #697, #1417, #643 ) ;
#1952 = CIRCLE ( 'NONE', #2234, 0.2500000000000019984 ) ;
#1953 = ORIENTED_EDGE ( 'NONE', *, *, #1066, .F. ) ;
#1954 = EDGE_CURVE ( 'NONE', #2928, #1854, #2654, .T. ) ;
#1955 = DIRECTION ( 'NONE',  ( -0.000000000000000000, -0.000000000000000000, 1.000000000000000000 ) ) ;
#1956 = EDGE_LOOP ( 'NONE', ( #2308, #1851, #1481, #92 ) ) ;
#1957 = LINE ( 'NONE', #2045, #817 ) ;
#1958 = CARTESIAN_POINT ( 'NONE',  ( 1.200000000000000622, -0.1499999999999999944, 0.2500000000000000000 ) ) ;
#1959 = CARTESIAN_POINT ( 'NONE',  ( 2.200000000000001066, -0.1499999999999999667, 0.2500000000000000000 ) ) ;
#1960 = ORIENTED_EDGE ( 'NONE', *, *, #648, .T. ) ;
#1961 = CARTESIAN_POINT ( 'NONE',  ( -1.500000000000000444, -2.000000000000000444, 0.000000000000000000 ) ) ;
#1962 = CARTESIAN_POINT ( 'NONE',  ( -1.750000000000000444, -0.7500000000000008882, 0.2500000000000000000 ) ) ;
#1963 = DIRECTION ( 'NONE',  ( -1.000000000000000000, -2.185478394931412152E-15, 0.000000000000000000 ) ) ;
#1964 = VERTEX_POINT ( 'NONE', #1503 ) ;
#1965 = AXIS2_PLACEMENT_3D ( 'NONE', #970, #2832, #503 ) ;
#1966 = VERTEX_POINT ( 'NONE', #2915 ) ;
#1967 = AXIS2_PLACEMENT_3D ( 'NONE', #3032, #1426, #230 ) ;
#1968 = DIRECTION ( 'NONE',  ( -1.000000000000000000, 0.000000000000000000, 0.000000000000000000 ) ) ;
#1969 = EDGE_LOOP ( 'NONE', ( #528, #1717, #1754, #608 ) ) ;
#1970 = FACE_OUTER_BOUND ( 'NONE', #178, .T. ) ;
#1971 = DIRECTION ( 'NONE',  ( -0.000000000000000000, -0.000000000000000000, -1.000000000000000000 ) ) ;
#1972 = DIRECTION ( 'NONE',  ( 0.000000000000000000, 0.000000000000000000, 1.000000000000000000 ) ) ;
#1973 = EDGE_LOOP ( 'NONE', ( #1860, #598, #2751, #81, #869, #1579, #613, #2064, #921, #326, #1588, #2232, #1906, #2063 ) ) ;
#1974 = CIRCLE ( 'NONE', #2015, 0.2499999999999994449 ) ;
#1975 = ORIENTED_EDGE ( 'NONE', *, *, #2682, .T. ) ;
#1976 = CARTESIAN_POINT ( 'NONE',  ( 2.450000000000000178, 1.449999999999999067, 0.2500000000000000000 ) ) ;
#1977 = PLANE ( 'NONE',  #179 ) ;
#1978 = DIRECTION ( 'NONE',  ( -0.000000000000000000, -0.000000000000000000, 1.000000000000000000 ) ) ;
#1979 = VECTOR ( 'NONE', #856, 39.37007874015748143 ) ;
#1980 = ORIENTED_EDGE ( 'NONE', *, *, #2872, .T. ) ;
#1981 = DIRECTION ( 'NONE',  ( -0.000000000000000000, -0.000000000000000000, -1.000000000000000000 ) ) ;
#1982 = EDGE_CURVE ( 'NONE', #2766, #1234, #539, .T. ) ;
#1983 = DIRECTION ( 'NONE',  ( -0.000000000000000000, -0.000000000000000000, -1.000000000000000000 ) ) ;
#1984 = DIRECTION ( 'NONE',  ( -1.000000000000000000, 0.000000000000000000, 0.000000000000000000 ) ) ;
#1985 = VERTEX_POINT ( 'NONE', #1477 ) ;
#1986 = ADVANCED_FACE ( 'NONE', ( #306 ), #2641, .F. ) ;
#1987 = ADVANCED_FACE ( 'NONE', ( #1970 ), #2441, .F. ) ;
#1988 = ORIENTED_EDGE ( 'NONE', *, *, #1444, .T. ) ;
#1989 = PLANE ( 'NONE',  #1703 ) ;
#1990 = SECURITY_CLASSIFICATION ( '', '', #2752 ) ;
#1991 = FACE_OUTER_BOUND ( 'NONE', #337, .T. ) ;
#1992 = AXIS2_PLACEMENT_3D ( 'NONE', #2370, #2144, #766 ) ;
#1993 = AXIS2_PLACEMENT_3D ( 'NONE', #1741, #2202, #2963 ) ;
#1994 = ORIENTED_EDGE ( 'NONE', *, *, #186, .T. ) ;
#1995 = CYLINDRICAL_SURFACE ( 'NONE', #356, 0.2499999999999998057 ) ;
#1996 = ADVANCED_FACE ( 'NONE', ( #1748 ), #788, .F. ) ;
#1997 = ORIENTED_EDGE ( 'NONE', *, *, #1676, .F. ) ;
#1998 = CARTESIAN_POINT ( 'NONE',  ( -1.500000000000000444, -2.000000000000000444, 0.2500000000000000000 ) ) ;
#1999 = EDGE_CURVE ( 'NONE', #365, #2528, #1272, .T. ) ;
#2000 = EDGE_CURVE ( 'NONE', #2640, #303, #996, .T. ) ;
#2001 = CARTESIAN_POINT ( 'NONE',  ( -1.200000000000000622, -1.450000000000000400, -2.121320343559642829 ) ) ;
#2002 = ORIENTED_EDGE ( 'NONE', *, *, #2998, .F. ) ;
#2003 = FACE_BOUND ( 'NONE', #2362, .T. ) ;
#2004 = FACE_BOUND ( 'NONE', #885, .T. ) ;
#2005 = ORIENTED_EDGE ( 'NONE', *, *, #1457, .T. ) ;
#2006 = EDGE_LOOP ( 'NONE', ( #239, #1790, #410, #1994 ) ) ;
#2007 = DIRECTION ( 'NONE',  ( -0.000000000000000000, -0.000000000000000000, -1.000000000000000000 ) ) ;
#2008 = VERTEX_POINT ( 'NONE', #2452 ) ;
#2009 = EDGE_CURVE ( 'NONE', #1311, #2608, #2222, .T. ) ;
#2010 = AXIS2_PLACEMENT_3D ( 'NONE', #1273, #1983, #2197 ) ;
#2011 = AXIS2_PLACEMENT_3D ( 'NONE', #1238, #519, #1963 ) ;
#2012 = DIRECTION ( 'NONE',  ( -0.000000000000000000, -0.000000000000000000, -1.000000000000000000 ) ) ;
#2013 = ORIENTED_EDGE ( 'NONE', *, *, #1534, .T. ) ;
#2014 = ORIENTED_EDGE ( 'NONE', *, *, #2184, .F. ) ;
#2015 = AXIS2_PLACEMENT_3D ( 'NONE', #1068, #803, #2723 ) ;
#2016 = DIRECTION ( 'NONE',  ( -1.000000000000000000, 0.000000000000000000, 0.000000000000000000 ) ) ;
#2017 = EDGE_CURVE ( 'NONE', #2039, #575, #1957, .T. ) ;
#2018 = CARTESIAN_POINT ( 'NONE',  ( 0.3000000000000000999, 1.449999999999999289, 0.000000000000000000 ) ) ;
#2019 = VERTEX_POINT ( 'NONE', #1517 ) ;
#2020 = EDGE_CURVE ( 'NONE', #778, #2931, #2691, .T. ) ;
#2021 = ORIENTED_EDGE ( 'NONE', *, *, #848, .F. ) ;
#2022 = ORIENTED_EDGE ( 'NONE', *, *, #794, .F. ) ;
#2023 = DIRECTION ( 'NONE',  ( -1.000000000000000000, 0.000000000000000000, 0.000000000000000000 ) ) ;
#2024 = DIRECTION ( 'NONE',  ( 0.000000000000000000, -0.000000000000000000, 1.000000000000000000 ) ) ;
#2025 = VERTEX_POINT ( 'NONE', #1055 ) ;
#2026 = EDGE_LOOP ( 'NONE', ( #2653, #174, #44, #2446 ) ) ;
#2027 = DIRECTION ( 'NONE',  ( -4.268512490100414977E-17, 1.000000000000000000, 0.000000000000000000 ) ) ;
#2028 = CARTESIAN_POINT ( 'NONE',  ( 0.7086079201634125635, 4.730774743187141418, -6.829619984160658046E-17 ) ) ;
#2029 = ORIENTED_EDGE ( 'NONE', *, *, #967, .T. ) ;
#2030 = CARTESIAN_POINT ( 'NONE',  ( 1.750000000000000444, -0.7500000000000008882, 0.2500000000000000000 ) ) ;
#2031 = VECTOR ( 'NONE', #945, 39.37007874015748143 ) ;
#2032 = ORIENTED_EDGE ( 'NONE', *, *, #916, .F. ) ;
#2033 = ORIENTED_EDGE ( 'NONE', *, *, #1316, .F. ) ;
#2034 = DESIGN_CONTEXT ( 'detailed design', #2965, 'design' ) ;
#2035 = CARTESIAN_POINT ( 'NONE',  ( 2.200000000000001066, 0.1000000000000000194, -3.937007874016270969E-05 ) ) ;
#2036 = VECTOR ( 'NONE', #2628, 39.37007874015748143 ) ;
#2037 = CARTESIAN_POINT ( 'NONE',  ( -2.700000000000000622, 1.449999999999999067, 0.000000000000000000 ) ) ;
#2038 = VECTOR ( 'NONE', #2797, 39.37007874015748143 ) ;
#2039 = VERTEX_POINT ( 'NONE', #294 ) ;
#2040 = ORIENTED_EDGE ( 'NONE', *, *, #1592, .T. ) ;
#2041 = CARTESIAN_POINT ( 'NONE',  ( -3.000000000000000888, 0.08333333333333371729, 0.2500000000000000000 ) ) ;
#2042 = CARTESIAN_POINT ( 'NONE',  ( 0.7086079201634137847, 4.730774743187140530, 0.2500000000000000000 ) ) ;
#2043 = EDGE_CURVE ( 'NONE', #644, #252, #3035, .T. ) ;
#2044 = AXIS2_PLACEMENT_3D ( 'NONE', #1626, #2557, #1394 ) ;
#2045 = CARTESIAN_POINT ( 'NONE',  ( -1.688111705036649424, 3.448745145972105686, 0.000000000000000000 ) ) ;
#2046 = ORIENTED_EDGE ( 'NONE', *, *, #1954, .F. ) ;
#2047 = DIRECTION ( 'NONE',  ( -0.000000000000000000, -0.000000000000000000, -1.000000000000000000 ) ) ;
#2048 = ORIENTED_EDGE ( 'NONE', *, *, #1218, .T. ) ;
#2049 = ORIENTED_EDGE ( 'NONE', *, *, #979, .T. ) ;
#2050 = CARTESIAN_POINT ( 'NONE',  ( 0.9500000000000008438, 0.1000000000000000194, -3.937007874016270969E-05 ) ) ;
#2051 = VECTOR ( 'NONE', #2080, 39.37007874015748143 ) ;
#2052 = DIRECTION ( 'NONE',  ( -0.000000000000000000, -0.000000000000000000, -1.000000000000000000 ) ) ;
#2053 = CARTESIAN_POINT ( 'NONE',  ( 0.3000000000000000999, 1.449999999999999289, -3.937007874016270969E-05 ) ) ;
#2054 = ORIENTED_EDGE ( 'NONE', *, *, #1000, .F. ) ;
#2055 = AXIS2_PLACEMENT_3D ( 'NONE', #2818, #708, #1441 ) ;
#2056 = EDGE_LOOP ( 'NONE', ( #2399, #1239, #1867, #1774 ) ) ;
#2057 = LINE ( 'NONE', #1399, #1547 ) ;
#2058 = CARTESIAN_POINT ( 'NONE',  ( -2.450000000000000178, 0.4000000000000000222, -3.937007874016270969E-05 ) ) ;
#2059 = CARTESIAN_POINT ( 'NONE',  ( 0.5499999999999999334, 4.141934388425582370, 0.2500000000000000000 ) ) ;
#2060 = CYLINDRICAL_SURFACE ( 'NONE', #823, 0.06692913385826744499 ) ;
#2061 = ORIENTED_EDGE ( 'NONE', *, *, #891, .F. ) ;
#2062 = CARTESIAN_POINT ( 'NONE',  ( -2.150000000000000799, -0.9250000000000005995, -5.303588500244433124E-17 ) ) ;
#2063 = ORIENTED_EDGE ( 'NONE', *, *, #2514, .T. ) ;
#2064 = ORIENTED_EDGE ( 'NONE', *, *, #1615, .T. ) ;
#2065 = DATE_AND_TIME ( #1642, #2084 ) ;
#2066 = CIRCLE ( 'NONE', #2458, 0.2499999999999999167 ) ;
#2067 = CYLINDRICAL_SURFACE ( 'NONE', #329, 0.2500000000000019429 ) ;
#2068 = LINE ( 'NONE', #2738, #341 ) ;
#2069 = ADVANCED_FACE ( 'NONE', ( #1023 ), #2209, .F. ) ;
#2070 = CARTESIAN_POINT ( 'NONE',  ( 0.5500000000000000444, 0.4000000000000000777, 0.2500000000000000000 ) ) ;
#2071 = VECTOR ( 'NONE', #1130, 39.37007874015748143 ) ;
#2072 = ORIENTED_EDGE ( 'NONE', *, *, #1574, .F. ) ;
#2073 = FACE_OUTER_BOUND ( 'NONE', #1552, .T. ) ;
#2074 = EDGE_CURVE ( 'NONE', #96, #345, #2901, .T. ) ;
#2075 = CARTESIAN_POINT ( 'NONE',  ( 2.700000000000000622, 1.449999999999999067, 0.2500000000000000000 ) ) ;
#2076 = DIRECTION ( 'NONE',  ( -0.000000000000000000, -0.000000000000000000, -1.000000000000000000 ) ) ;
#2077 = DIRECTION ( 'NONE',  ( -0.000000000000000000, -0.000000000000000000, -1.000000000000000000 ) ) ;
#2078 = EDGE_CURVE ( 'NONE', #1502, #551, #2978, .T. ) ;
#2079 = ORIENTED_EDGE ( 'NONE', *, *, #2078, .F. ) ;
#2080 = DIRECTION ( 'NONE',  ( 4.268512490100414977E-17, 1.000000000000000000, 0.000000000000000000 ) ) ;
#2081 = ORIENTED_EDGE ( 'NONE', *, *, #619, .T. ) ;
#2082 = ORIENTED_EDGE ( 'NONE', *, *, #527, .F. ) ;
#2083 = PERSON_AND_ORGANIZATION ( #1279, #2625 ) ;
#2084 = LOCAL_TIME ( 20, 57, 2.000000000000000000, #405 ) ;
#2085 = CC_DESIGN_PERSON_AND_ORGANIZATION_ASSIGNMENT ( #659, #3052, ( #1990 ) ) ;
#2086 = LINE ( 'NONE', #889, #181 ) ;
#2087 = CIRCLE ( 'NONE', #507, 0.2500000000000000555 ) ;
#2088 = DIRECTION ( 'NONE',  ( 0.000000000000000000, 0.000000000000000000, 1.000000000000000000 ) ) ;
#2089 = ADVANCED_FACE ( 'NONE', ( #523 ), #1244, .T. ) ;
#2090 = AXIS2_PLACEMENT_3D ( 'NONE', #2267, #1829, #2094 ) ;
#2091 = DIRECTION ( 'NONE',  ( -1.000000000000000000, 0.000000000000000000, 0.000000000000000000 ) ) ;
#2092 = ORIENTED_EDGE ( 'NONE', *, *, #2421, .F. ) ;
#2093 = AXIS2_PLACEMENT_3D ( 'NONE', #2929, #1528, #2696 ) ;
#2094 = DIRECTION ( 'NONE',  ( -1.000000000000000000, 0.000000000000000000, 0.000000000000000000 ) ) ;
#2095 = CARTESIAN_POINT ( 'NONE',  ( -2.450000000000000178, 0.4000000000000000222, 0.000000000000000000 ) ) ;
#2096 = DIRECTION ( 'NONE',  ( -1.000000000000000000, 0.000000000000000000, 0.000000000000000000 ) ) ;
#2097 = LINE ( 'NONE', #2286, #43 ) ;
#2098 = ORIENTED_EDGE ( 'NONE', *, *, #1175, .F. ) ;
#2099 = CARTESIAN_POINT ( 'NONE',  ( 1.375000000000000444, -1.750000000000000666, 0.2500000000000000000 ) ) ;
#2100 = ORIENTED_EDGE ( 'NONE', *, *, #389, .T. ) ;
#2101 = CARTESIAN_POINT ( 'NONE',  ( -2.400000000000001243, -0.3000000000000000999, 0.000000000000000000 ) ) ;
#2102 = FACE_OUTER_BOUND ( 'NONE', #1869, .T. ) ;
#2103 = EDGE_CURVE ( 'NONE', #480, #1196, #127, .T. ) ;
#2104 = DIRECTION ( 'NONE',  ( -1.000000000000000000, -3.594536833768766614E-17, 0.000000000000000000 ) ) ;
#2105 = CARTESIAN_POINT ( 'NONE',  ( 2.450000000000001066, -0.1499999999999999667, -3.937007874016270969E-05 ) ) ;
#2106 = LINE ( 'NONE', #409, #1211 ) ;
#2107 = VERTEX_POINT ( 'NONE', #2902 ) ;
#2108 = LINE ( 'NONE', #1617, #2875 ) ;
#2109 = CARTESIAN_POINT ( 'NONE',  ( -3.000000000000000888, 0.08333333333333427240, 0.2500000000000000000 ) ) ;
#2110 = DIRECTION ( 'NONE',  ( -0.000000000000000000, -0.000000000000000000, -1.000000000000000000 ) ) ;
#2111 = ADVANCED_FACE ( 'NONE', ( #158 ), #775, .F. ) ;
#2112 = DIRECTION ( 'NONE',  ( 1.000000000000000000, 0.000000000000000000, 0.000000000000000000 ) ) ;
#2113 = EDGE_LOOP ( 'NONE', ( #474, #1758 ) ) ;
#2114 = DIRECTION ( 'NONE',  ( -1.000000000000000000, 0.000000000000000000, 0.000000000000000000 ) ) ;
#2115 = ORIENTED_EDGE ( 'NONE', *, *, #3039, .F. ) ;
#2116 = CARTESIAN_POINT ( 'NONE',  ( -1.554253437320114895, 3.448745145972105686, -5.303588500244433124E-17 ) ) ;
#2117 = CIRCLE ( 'NONE', #1235, 0.2500000000000000555 ) ;
#2118 = CARTESIAN_POINT ( 'NONE',  ( 0.000000000000000000, 0.000000000000000000, 0.000000000000000000 ) ) ;
#2119 = EDGE_CURVE ( 'NONE', #1374, #2440, #2916, .T. ) ;
#2120 = EDGE_CURVE ( 'NONE', #681, #1514, #2211, .T. ) ;
#2121 = CARTESIAN_POINT ( 'NONE',  ( 1.200000000000000622, 0.09999999999999951983, -2.121320343559642829 ) ) ;
#2122 = ORIENTED_EDGE ( 'NONE', *, *, #2611, .T. ) ;
#2123 = CARTESIAN_POINT ( 'NONE',  ( -2.137521447539535657, 2.000000000000002220, 0.000000000000000000 ) ) ;
#2124 = CARTESIAN_POINT ( 'NONE',  ( 3.000000000000000888, 0.000000000000000000, 0.000000000000000000 ) ) ;
#2125 = FACE_OUTER_BOUND ( 'NONE', #1473, .T. ) ;
#2126 = VERTEX_POINT ( 'NONE', #1011 ) ;
#2127 = LINE ( 'NONE', #468, #599 ) ;
#2128 = LINE ( 'NONE', #1435, #1700 ) ;
#2129 = CIRCLE ( 'NONE', #2908, 0.2500000000000000000 ) ;
#2130 = DIRECTION ( 'NONE',  ( -0.000000000000000000, -0.000000000000000000, -1.000000000000000000 ) ) ;
#2131 = DIRECTION ( 'NONE',  ( -1.000000000000000000, 0.000000000000000000, 0.000000000000000000 ) ) ;
#2132 = DIRECTION ( 'NONE',  ( -1.000000000000000000, 0.000000000000000000, 0.000000000000000000 ) ) ;
#2133 = ORIENTED_EDGE ( 'NONE', *, *, #2245, .F. ) ;
#2134 = LINE ( 'NONE', #2345, #2894 ) ;
#2135 = DIRECTION ( 'NONE',  ( 1.000000000000000000, 0.000000000000000000, 0.000000000000000000 ) ) ;
#2136 = ORIENTED_EDGE ( 'NONE', *, *, #1340, .F. ) ;
#2137 = DIRECTION ( 'NONE',  ( -2.731847993664264698E-16, -1.000000000000000000, 0.000000000000000000 ) ) ;
#2138 = EDGE_LOOP ( 'NONE', ( #2022, #735 ) ) ;
#2139 = CARTESIAN_POINT ( 'NONE',  ( -2.200000000000001066, 0.1000000000000000194, -3.937007874016270969E-05 ) ) ;
#2140 = VECTOR ( 'NONE', #3025, 39.37007874015748143 ) ;
#2141 = CARTESIAN_POINT ( 'NONE',  ( 0.5500000000000000444, 0.6499999999999999112, 0.000000000000000000 ) ) ;
#2142 = EDGE_LOOP ( 'NONE', ( #2942, #1975, #2475, #976 ) ) ;
#2143 = CIRCLE ( 'NONE', #3016, 0.06692913385826772255 ) ;
#2144 = DIRECTION ( 'NONE',  ( -0.000000000000000000, -0.000000000000000000, -1.000000000000000000 ) ) ;
#2145 = CYLINDRICAL_SURFACE ( 'NONE', #602, 0.2500000000000000555 ) ;
#2146 = EDGE_CURVE ( 'NONE', #2629, #691, #540, .T. ) ;
#2147 = CIRCLE ( 'NONE', #215, 0.2500000000000000555 ) ;
#2148 = DIRECTION ( 'NONE',  ( -1.000000000000000000, 0.000000000000000000, 0.000000000000000000 ) ) ;
#2149 = ADVANCED_FACE ( 'NONE', ( #2980 ), #1245, .T. ) ;
#2150 = CYLINDRICAL_SURFACE ( 'NONE', #2164, 0.06692913385826744499 ) ;
#2151 = ORIENTED_EDGE ( 'NONE', *, *, #995, .T. ) ;
#2152 = DIRECTION ( 'NONE',  ( -0.000000000000000000, -0.000000000000000000, -1.000000000000000000 ) ) ;
#2153 = DIRECTION ( 'NONE',  ( 0.6427876096865433597, -0.7660444431189745718, 0.000000000000000000 ) ) ;
#2154 = ORIENTED_EDGE ( 'NONE', *, *, #220, .T. ) ;
#2155 = CARTESIAN_POINT ( 'NONE',  ( -2.875000000000000888, 0.2499999999999995282, -5.303588500244433124E-17 ) ) ;
#2156 = DIRECTION ( 'NONE',  ( 0.000000000000000000, 0.000000000000000000, 1.000000000000000000 ) ) ;
#2157 = CARTESIAN_POINT ( 'NONE',  ( 2.450000000000001066, -0.1499999999999999667, 0.000000000000000000 ) ) ;
#2158 = VERTEX_POINT ( 'NONE', #2183 ) ;
#2159 = FACE_OUTER_BOUND ( 'NONE', #1683, .T. ) ;
#2160 = ADVANCED_FACE ( 'NONE', ( #617 ), #1326, .F. ) ;
#2161 = AXIS2_PLACEMENT_3D ( 'NONE', #654, #2536, #2114 ) ;
#2162 = CARTESIAN_POINT ( 'NONE',  ( 1.621182571178382048, 3.448745145972105686, -5.303588500244433124E-17 ) ) ;
#2163 = CARTESIAN_POINT ( 'NONE',  ( -1.621182571178382048, 3.448745145972105686, 0.000000000000000000 ) ) ;
#2164 = AXIS2_PLACEMENT_3D ( 'NONE', #769, #954, #2649 ) ;
#2165 = ORIENTED_EDGE ( 'NONE', *, *, #1922, .F. ) ;
#2166 = DIRECTION ( 'NONE',  ( 1.000000000000000000, 0.000000000000000000, 0.000000000000000000 ) ) ;
#2167 = AXIS2_PLACEMENT_3D ( 'NONE', #2341, #226, #935 ) ;
#2168 = ORIENTED_EDGE ( 'NONE', *, *, #2913, .T. ) ;
#2169 = CARTESIAN_POINT ( 'NONE',  ( -2.941929133858268486, 1.749999999999999556, -5.303588500244433124E-17 ) ) ;
#2170 = CARTESIAN_POINT ( 'NONE',  ( 2.387521447539538322, 2.250000000000001332, 0.000000000000000000 ) ) ;
#2171 = DIRECTION ( 'NONE',  ( -6.829619984160665935E-16, -1.000000000000000000, 0.000000000000000000 ) ) ;
#2172 = VERTEX_POINT ( 'NONE', #63 ) ;
#2173 = FACE_OUTER_BOUND ( 'NONE', #637, .T. ) ;
#2174 = CIRCLE ( 'NONE', #742, 0.2500000000000000555 ) ;
#2175 = EDGE_CURVE ( 'NONE', #902, #1312, #308, .T. ) ;
#2176 = CARTESIAN_POINT ( 'NONE',  ( 0.9999999999999996669, -1.875000000000000888, -5.303588500244433124E-17 ) ) ;
#2177 = CARTESIAN_POINT ( 'NONE',  ( -0.5499999999999971578, 1.999999999999998446, 0.2500000000000000000 ) ) ;
#2178 = VERTEX_POINT ( 'NONE', #322 ) ;
#2179 = VECTOR ( 'NONE', #2196, 39.37007874015748143 ) ;
#2180 = CARTESIAN_POINT ( 'NONE',  ( -2.941511110779744254, 2.069704343855083284, 0.000000000000000000 ) ) ;
#2181 = ORIENTED_EDGE ( 'NONE', *, *, #2103, .F. ) ;
#2182 = DIRECTION ( 'NONE',  ( -1.000000000000000000, 0.000000000000000000, 0.000000000000000000 ) ) ;
#2183 = CARTESIAN_POINT ( 'NONE',  ( 2.216929133858267953, -0.9250000000000005995, -5.303588500244433124E-17 ) ) ;
#2184 = EDGE_CURVE ( 'NONE', #1350, #831, #2734, .T. ) ;
#2185 = DIRECTION ( 'NONE',  ( 0.6427876096865433597, -0.7660444431189745718, 0.000000000000000000 ) ) ;
#2186 = VERTEX_POINT ( 'NONE', #1958 ) ;
#2187 = CYLINDRICAL_SURFACE ( 'NONE', #893, 0.06692913385826744499 ) ;
#2188 = CARTESIAN_POINT ( 'NONE',  ( -0.9330708661417322913, -1.875000000000000888, 0.000000000000000000 ) ) ;
#2189 = FACE_OUTER_BOUND ( 'NONE', #867, .T. ) ;
#2190 = AXIS2_PLACEMENT_3D ( 'NONE', #2724, #377, #2755 ) ;
#2191 = ORIENTED_EDGE ( 'NONE', *, *, #2872, .F. ) ;
#2192 = VECTOR ( 'NONE', #2297, 39.37007874015748143 ) ;
#2193 = CIRCLE ( 'NONE', #2828, 0.2500000000000000555 ) ;
#2194 = FACE_OUTER_BOUND ( 'NONE', #2792, .T. ) ;
#2195 = ORIENTED_EDGE ( 'NONE', *, *, #952, .F. ) ;
#2196 = DIRECTION ( 'NONE',  ( -0.000000000000000000, -0.000000000000000000, -1.000000000000000000 ) ) ;
#2197 = DIRECTION ( 'NONE',  ( -1.000000000000000000, 0.000000000000000000, 0.000000000000000000 ) ) ;
#2198 = EDGE_CURVE ( 'NONE', #592, #374, #1319, .T. ) ;
#2199 = DIRECTION ( 'NONE',  ( -1.000000000000000000, 0.000000000000000000, 0.000000000000000000 ) ) ;
#2200 = ORIENTED_EDGE ( 'NONE', *, *, #105, .T. ) ;
#2201 = ORIENTED_EDGE ( 'NONE', *, *, #2939, .F. ) ;
#2202 = DIRECTION ( 'NONE',  ( -0.000000000000000000, 0.000000000000000000, -1.000000000000000000 ) ) ;
#2203 = CARTESIAN_POINT ( 'NONE',  ( 1.750000000000000444, -0.1500000000000000500, 0.000000000000000000 ) ) ;
#2204 = AXIS2_PLACEMENT_3D ( 'NONE', #141, #1089, #1479 ) ;
#2205 = CIRCLE ( 'NONE', #2692, 0.06692913385826744499 ) ;
#2206 = ORIENTED_EDGE ( 'NONE', *, *, #1443, .T. ) ;
#2207 = CYLINDRICAL_SURFACE ( 'NONE', #1550, 0.2500000000000000000 ) ;
#2208 = VERTEX_POINT ( 'NONE', #94 ) ;
#2209 = CYLINDRICAL_SURFACE ( 'NONE', #282, 0.06692913385826744499 ) ;
#2210 = EDGE_CURVE ( 'NONE', #575, #59, #1667, .T. ) ;
#2211 = LINE ( 'NONE', #1492, #1225 ) ;
#2212 = CARTESIAN_POINT ( 'NONE',  ( 2.200000000000001066, 0.1000000000000000194, 0.000000000000000000 ) ) ;
#2213 = VERTEX_POINT ( 'NONE', #1750 ) ;
#2214 = EDGE_CURVE ( 'NONE', #229, #2928, #234, .T. ) ;
#2215 = ORIENTED_EDGE ( 'NONE', *, *, #1800, .F. ) ;
#2216 = DIRECTION ( 'NONE',  ( 0.000000000000000000, 0.000000000000000000, 1.000000000000000000 ) ) ;
#2217 = DIRECTION ( 'NONE',  ( -5.162477643180737908E-16, -1.000000000000000000, 0.000000000000000000 ) ) ;
#2218 = ORIENTED_EDGE ( 'NONE', *, *, #357, .F. ) ;
#2219 = CYLINDRICAL_SURFACE ( 'NONE', #1260, 0.2500000000000000555 ) ;
#2220 = VECTOR ( 'NONE', #2683, 39.37007874015748143 ) ;
#2221 = ORIENTED_EDGE ( 'NONE', *, *, #87, .T. ) ;
#2222 = LINE ( 'NONE', #1009, #36 ) ;
#2223 = CARTESIAN_POINT ( 'NONE',  ( 0.9500000000000005107, -1.450000000000000400, 0.000000000000000000 ) ) ;
#2224 = VERTEX_POINT ( 'NONE', #1572 ) ;
#2225 = FACE_BOUND ( 'NONE', #2274, .T. ) ;
#2226 = VECTOR ( 'NONE', #2349, 39.37007874015748143 ) ;
#2227 = CARTESIAN_POINT ( 'NONE',  ( -2.875000000000000888, 0.2499999999999995282, -5.303588500244433124E-17 ) ) ;
#2228 = ADVANCED_FACE ( 'NONE', ( #2489 ), #1710, .F. ) ;
#2229 = CIRCLE ( 'NONE', #1992, 0.06692913385826718131 ) ;
#2230 = EDGE_CURVE ( 'NONE', #1172, #1964, #852, .T. ) ;
#2231 = VERTEX_POINT ( 'NONE', #2503 ) ;
#2232 = ORIENTED_EDGE ( 'NONE', *, *, #2531, .T. ) ;
#2233 = CARTESIAN_POINT ( 'NONE',  ( 1.750000000000000444, 0.1000000000000000194, -3.937007874016270969E-05 ) ) ;
#2234 = AXIS2_PLACEMENT_3D ( 'NONE', #1864, #207, #3045 ) ;
#2235 = ORIENTED_EDGE ( 'NONE', *, *, #1329, .F. ) ;
#2236 = LINE ( 'NONE', #122, #1726 ) ;
#2237 = EDGE_LOOP ( 'NONE', ( #883, #2905 ) ) ;
#2238 = EDGE_LOOP ( 'NONE', ( #500, #1223 ) ) ;
#2239 = CYLINDRICAL_SURFACE ( 'NONE', #1347, 0.06692913385826744499 ) ;
#2240 = EDGE_CURVE ( 'NONE', #1198, #1966, #384, .T. ) ;
#2241 = DIRECTION ( 'NONE',  ( -0.000000000000000000, -0.000000000000000000, -1.000000000000000000 ) ) ;
#2242 = ORIENTED_EDGE ( 'NONE', *, *, #3046, .F. ) ;
#2243 = ORIENTED_EDGE ( 'NONE', *, *, #2972, .F. ) ;
#2244 = DIRECTION ( 'NONE',  ( -1.000000000000000000, 1.092739197465705682E-15, 0.000000000000000000 ) ) ;
#2245 = EDGE_CURVE ( 'NONE', #2420, #187, #1638, .T. ) ;
#2246 = ORIENTED_EDGE ( 'NONE', *, *, #220, .F. ) ;
#2247 = VECTOR ( 'NONE', #689, 39.37007874015748143 ) ;
#2248 = DIRECTION ( 'NONE',  ( -4.268512490100414360E-17, 1.000000000000000000, 0.000000000000000000 ) ) ;
#2249 = CARTESIAN_POINT ( 'NONE',  ( -2.200000000000001066, 0.1000000000000000194, 0.000000000000000000 ) ) ;
#2250 = ORIENTED_EDGE ( 'NONE', *, *, #2381, .F. ) ;
#2251 = EDGE_LOOP ( 'NONE', ( #1256, #2781, #1468, #2168, #2945, #137, #2620 ) ) ;
#2252 = VECTOR ( 'NONE', #2248, 39.37007874015748143 ) ;
#2253 = FACE_BOUND ( 'NONE', #1599, .T. ) ;
#2254 = CARTESIAN_POINT ( 'NONE',  ( -2.875000000000000888, 1.749999999999999556, -5.303588500244433124E-17 ) ) ;
#2255 = EDGE_CURVE ( 'NONE', #386, #97, #572, .T. ) ;
#2256 = ORIENTED_EDGE ( 'NONE', *, *, #2324, .F. ) ;
#2257 = DIRECTION ( 'NONE',  ( -0.000000000000000000, -0.000000000000000000, -1.000000000000000000 ) ) ;
#2258 = ORIENTED_EDGE ( 'NONE', *, *, #442, .F. ) ;
#2259 = ORIENTED_EDGE ( 'NONE', *, *, #693, .T. ) ;
#2260 = CIRCLE ( 'NONE', #1333, 0.06692913385826744499 ) ;
#2261 = CARTESIAN_POINT ( 'NONE',  ( -0.9500000000000008438, 0.1000000000000000194, 0.2500000000000000000 ) ) ;
#2262 = DIRECTION ( 'NONE',  ( 0.000000000000000000, 0.000000000000000000, 1.000000000000000000 ) ) ;
#2263 = APPROVAL ( #3017, 'UNSPECIFIED' ) ;
#2264 = ORIENTED_EDGE ( 'NONE', *, *, #623, .T. ) ;
#2265 = VERTEX_POINT ( 'NONE', #1606 ) ;
#2266 = ADVANCED_FACE ( 'NONE', ( #2517 ), #455, .T. ) ;
#2267 = CARTESIAN_POINT ( 'NONE',  ( 2.875000000000000888, 0.2499999999999995282, 0.000000000000000000 ) ) ;
#2268 = CARTESIAN_POINT ( 'NONE',  ( -1.375000000000000444, -2.000000000000000444, 0.000000000000000000 ) ) ;
#2269 = AXIS2_PLACEMENT_3D ( 'NONE', #1220, #2877, #1483 ) ;
#2270 = DIRECTION ( 'NONE',  ( 0.000000000000000000, 0.000000000000000000, 1.000000000000000000 ) ) ;
#2271 = ORIENTED_EDGE ( 'NONE', *, *, #1484, .T. ) ;
#2272 = DIRECTION ( 'NONE',  ( -1.000000000000000000, 0.000000000000000000, 0.000000000000000000 ) ) ;
#2273 = VECTOR ( 'NONE', #1583, 39.37007874015748143 ) ;
#2274 = EDGE_LOOP ( 'NONE', ( #1141, #1186, #160, #250, #548, #2585, #2488, #1688 ) ) ;
#2275 = ORIENTED_EDGE ( 'NONE', *, *, #2175, .F. ) ;
#2276 = VECTOR ( 'NONE', #1562, 39.37007874015748143 ) ;
#2277 = CARTESIAN_POINT ( 'NONE',  ( -2.941929133858268486, 0.2499999999999995282, 0.2500000000000000000 ) ) ;
#2278 = AXIS2_PLACEMENT_3D ( 'NONE', #3038, #1876, #930 ) ;
#2279 = DIRECTION ( 'NONE',  ( -0.000000000000000000, -0.000000000000000000, -1.000000000000000000 ) ) ;
#2280 = VECTOR ( 'NONE', #1746, 39.37007874015748143 ) ;
#2281 = LINE ( 'NONE', #2808, #2333 ) ;
#2282 = ORIENTED_EDGE ( 'NONE', *, *, #527, .T. ) ;
#2283 = ORIENTED_EDGE ( 'NONE', *, *, #2454, .F. ) ;
#2284 = DIRECTION ( 'NONE',  ( -0.000000000000000000, -0.000000000000000000, 1.000000000000000000 ) ) ;
#2285 = CARTESIAN_POINT ( 'NONE',  ( 2.450000000000000178, 0.6499999999999999112, -3.937007874016270969E-05 ) ) ;
#2286 = CARTESIAN_POINT ( 'NONE',  ( -1.500000000000000444, -2.000000000000000444, 0.2500000000000000000 ) ) ;
#2287 = EDGE_LOOP ( 'NONE', ( #1268, #1950 ) ) ;
#2288 = DIRECTION ( 'NONE',  ( -0.000000000000000000, -0.000000000000000000, -1.000000000000000000 ) ) ;
#2289 = VERTEX_POINT ( 'NONE', #1139 ) ;
#2290 = EDGE_CURVE ( 'NONE', #123, #2720, #228, .T. ) ;
#2291 = ORIENTED_EDGE ( 'NONE', *, *, #1306, .F. ) ;
#2292 = APPROVAL_STATUS ( 'not_yet_approved' ) ;
#2293 = DIRECTION ( 'NONE',  ( 0.000000000000000000, 0.000000000000000000, 1.000000000000000000 ) ) ;
#2294 = EDGE_CURVE ( 'NONE', #193, #279, #1835, .T. ) ;
#2295 = CARTESIAN_POINT ( 'NONE',  ( -2.400000000000001243, -0.2999999999999999334, 0.2500000000000000000 ) ) ;
#2296 = CIRCLE ( 'NONE', #1619, 0.06692913385826772255 ) ;
#2297 = DIRECTION ( 'NONE',  ( -0.000000000000000000, -0.000000000000000000, 1.000000000000000000 ) ) ;
#2298 = EDGE_CURVE ( 'NONE', #421, #1496, #1807, .T. ) ;
#2299 = EDGE_LOOP ( 'NONE', ( #73, #2970, #594, #2445 ) ) ;
#2300 = LINE ( 'NONE', #1335, #2385 ) ;
#2301 = DIRECTION ( 'NONE',  ( -0.000000000000000000, -0.000000000000000000, -1.000000000000000000 ) ) ;
#2302 = VECTOR ( 'NONE', #1081, 39.37007874015748143 ) ;
#2303 = CARTESIAN_POINT ( 'NONE',  ( -2.700000000000000178, 0.6499999999999999112, 0.2500000000000000000 ) ) ;
#2304 = CARTESIAN_POINT ( 'NONE',  ( -0.9500000000000005107, -1.450000000000000400, 0.2500000000000000000 ) ) ;
#2305 = EDGE_CURVE ( 'NONE', #3015, #1854, #2647, .T. ) ;
#2306 = ORIENTED_EDGE ( 'NONE', *, *, #2017, .T. ) ;
#2307 = CYLINDRICAL_SURFACE ( 'NONE', #973, 0.06692913385826744499 ) ;
#2308 = ORIENTED_EDGE ( 'NONE', *, *, #3046, .T. ) ;
#2309 = EDGE_CURVE ( 'NONE', #166, #1428, #417, .T. ) ;
#2310 = EDGE_LOOP ( 'NONE', ( #2885, #1752, #2049, #1581, #1834, #2860 ) ) ;
#2311 = EDGE_CURVE ( 'NONE', #600, #419, #2541, .T. ) ;
#2312 = AXIS2_PLACEMENT_3D ( 'NONE', #2162, #1497, #71 ) ;
#2313 = DIRECTION ( 'NONE',  ( 1.000000000000000000, 0.000000000000000000, 0.000000000000000000 ) ) ;
#2314 = CARTESIAN_POINT ( 'NONE',  ( 2.200000000000001066, 0.1000000000000000194, 0.2500000000000000000 ) ) ;
#2315 = LINE ( 'NONE', #2053, #1404 ) ;
#2316 = AXIS2_PLACEMENT_3D ( 'NONE', #2413, #2669, #321 ) ;
#2317 = ORIENTED_EDGE ( 'NONE', *, *, #2793, .F. ) ;
#2318 = FACE_OUTER_BOUND ( 'NONE', #2714, .T. ) ;
#2319 = CARTESIAN_POINT ( 'NONE',  ( -0.2999999999999999334, 1.449999999999999067, 0.000000000000000000 ) ) ;
#2320 = FACE_OUTER_BOUND ( 'NONE', #1559, .T. ) ;
#2321 = LINE ( 'NONE', #191, #929 ) ;
#2322 = VERTEX_POINT ( 'NONE', #1586 ) ;
#2323 = LINE ( 'NONE', #2800, #2247 ) ;
#2324 = EDGE_CURVE ( 'NONE', #419, #2748, #3012, .T. ) ;
#2325 = ORIENTED_EDGE ( 'NONE', *, *, #1280, .F. ) ;
#2326 = ORIENTED_EDGE ( 'NONE', *, *, #1853, .T. ) ;
#2327 = PERSON_AND_ORGANIZATION_ROLE ( 'design_owner' ) ;
#2328 = APPROVAL_PERSON_ORGANIZATION ( #2083, #2263, #3000 ) ;
#2329 = DIRECTION ( 'NONE',  ( -0.000000000000000000, -0.000000000000000000, -1.000000000000000000 ) ) ;
#2330 = LINE ( 'NONE', #218, #1043 ) ;
#2331 = DIRECTION ( 'NONE',  ( -0.000000000000000000, -0.000000000000000000, 1.000000000000000000 ) ) ;
#2332 = VECTOR ( 'NONE', #135, 39.37007874015748143 ) ;
#2333 = VECTOR ( 'NONE', #1646, 39.37007874015748143 ) ;
#2334 = LINE ( 'NONE', #221, #1010 ) ;
#2335 = ORIENTED_EDGE ( 'NONE', *, *, #87, .F. ) ;
#2336 = AXIS2_PLACEMENT_3D ( 'NONE', #786, #1733, #1299 ) ;
#2337 = LINE ( 'NONE', #240, #509 ) ;
#2338 = FACE_OUTER_BOUND ( 'NONE', #2299, .T. ) ;
#2339 = FACE_OUTER_BOUND ( 'NONE', #1775, .T. ) ;
#2340 = ADVANCED_FACE ( 'NONE', ( #1373 ), #2307, .F. ) ;
#2341 = CARTESIAN_POINT ( 'NONE',  ( -0.2999999999999963252, 2.250000000000001332, -3.937007874016270969E-05 ) ) ;
#2342 = EDGE_LOOP ( 'NONE', ( #2725, #827 ) ) ;
#2343 = DIRECTION ( 'NONE',  ( 1.000000000000000000, 0.000000000000000000, 0.000000000000000000 ) ) ;
#2344 = VERTEX_POINT ( 'NONE', #2568 ) ;
#2345 = CARTESIAN_POINT ( 'NONE',  ( -3.000000000000000444, 1.999999999999999112, 0.000000000000000000 ) ) ;
#2346 = CALENDAR_DATE ( 2026, 27, 4 ) ;
#2347 = CARTESIAN_POINT ( 'NONE',  ( 0.5500000000000000444, 1.449999999999999289, -3.937007874016270969E-05 ) ) ;
#2348 = DIRECTION ( 'NONE',  ( -0.000000000000000000, -0.000000000000000000, -1.000000000000000000 ) ) ;
#2349 = DIRECTION ( 'NONE',  ( -0.000000000000000000, -0.000000000000000000, -1.000000000000000000 ) ) ;
#2350 = LINE ( 'NONE', #1810, #1793 ) ;
#2351 = VERTEX_POINT ( 'NONE', #1852 ) ;
#2352 = FACE_OUTER_BOUND ( 'NONE', #2701, .T. ) ;
#2353 = LINE ( 'NONE', #1961, #801 ) ;
#2354 = VECTOR ( 'NONE', #2606, 39.37007874015748143 ) ;
#2355 = CYLINDRICAL_SURFACE ( 'NONE', #2437, 0.2500000000000000555 ) ;
#2356 = CARTESIAN_POINT ( 'NONE',  ( 1.500000000000000444, -2.000000000000000444, -2.121320343559642829 ) ) ;
#2357 = CARTESIAN_POINT ( 'NONE',  ( 1.500000000000000666, -2.000000000000000888, 0.2500000000000000000 ) ) ;
#2358 = VERTEX_POINT ( 'NONE', #1160 ) ;
#2359 = DIRECTION ( 'NONE',  ( -0.000000000000000000, -0.000000000000000000, 1.000000000000000000 ) ) ;
#2360 = AXIS2_PLACEMENT_3D ( 'NONE', #1190, #415, #3047 ) ;
#2361 = DIRECTION ( 'NONE',  ( -0.000000000000000000, 1.000000000000000000, 0.000000000000000000 ) ) ;
#2362 = EDGE_LOOP ( 'NONE', ( #1639, #2438 ) ) ;
#2363 = DIRECTION ( 'NONE',  ( -1.000000000000000000, 0.000000000000000000, 0.000000000000000000 ) ) ;
#2364 = ORIENTED_EDGE ( 'NONE', *, *, #2627, .F. ) ;
#2365 = DIRECTION ( 'NONE',  ( 0.000000000000000000, 0.000000000000000000, -1.000000000000000000 ) ) ;
#2366 = ADVANCED_FACE ( 'NONE', ( #3029 ), #2584, .F. ) ;
#2367 = LINE ( 'NONE', #777, #2968 ) ;
#2368 = EDGE_CURVE ( 'NONE', #2289, #551, #1474, .T. ) ;
#2369 = ORIENTED_EDGE ( 'NONE', *, *, #1478, .T. ) ;
#2370 = CARTESIAN_POINT ( 'NONE',  ( 1.621182571178382048, 3.448745145972105686, -5.303588500244433124E-17 ) ) ;
#2371 = DIRECTION ( 'NONE',  ( -1.000000000000000000, 0.000000000000000000, 0.000000000000000000 ) ) ;
#2372 = EDGE_CURVE ( 'NONE', #317, #2178, #2323, .T. ) ;
#2373 = CARTESIAN_POINT ( 'NONE',  ( -2.875000000000000888, 0.2499999999999995282, 0.000000000000000000 ) ) ;
#2374 = DIRECTION ( 'NONE',  ( -1.000000000000000000, 0.000000000000000000, 0.000000000000000000 ) ) ;
#2375 = VERTEX_POINT ( 'NONE', #706 ) ;
#2376 = CARTESIAN_POINT ( 'NONE',  ( 2.941929133858268486, 0.2499999999999995282, 0.2500000000000000000 ) ) ;
#2377 = LINE ( 'NONE', #2836, #1816 ) ;
#2378 = EDGE_LOOP ( 'NONE', ( #545, #2914, #2032, #688 ) ) ;
#2379 = LINE ( 'NONE', #280, #1291 ) ;
#2380 = CC_DESIGN_APPROVAL ( #2263, ( #1990 ) ) ;
#2381 = EDGE_CURVE ( 'NONE', #1172, #1374, #920, .T. ) ;
#2382 = AXIS2_PLACEMENT_3D ( 'NONE', #2058, #1384, #862 ) ;
#2383 = DIRECTION ( 'NONE',  ( -0.000000000000000000, -0.000000000000000000, -1.000000000000000000 ) ) ;
#2384 = ORIENTED_EDGE ( 'NONE', *, *, #1627, .T. ) ;
#2385 = VECTOR ( 'NONE', #1116, 39.37007874015748143 ) ;
#2386 = DIRECTION ( 'NONE',  ( -1.000000000000000000, 0.000000000000000000, 0.000000000000000000 ) ) ;
#2387 = VECTOR ( 'NONE', #332, 39.37007874015748143 ) ;
#2388 = EDGE_CURVE ( 'NONE', #2629, #2344, #1356, .T. ) ;
#2389 = VECTOR ( 'NONE', #185, 39.37007874015748143 ) ;
#2390 = CARTESIAN_POINT ( 'NONE',  ( -2.808070866141733291, 0.2499999999999995282, -5.303588500244433124E-17 ) ) ;
#2391 = DIRECTION ( 'NONE',  ( -1.000000000000000000, 0.000000000000000000, 0.000000000000000000 ) ) ;
#2392 = ORIENTED_EDGE ( 'NONE', *, *, #499, .F. ) ;
#2393 = EDGE_CURVE ( 'NONE', #222, #2538, #1819, .T. ) ;
#2394 = CYLINDRICAL_SURFACE ( 'NONE', #1678, 0.2499999999999999167 ) ;
#2395 = ORIENTED_EDGE ( 'NONE', *, *, #2745, .T. ) ;
#2396 = FACE_OUTER_BOUND ( 'NONE', #2693, .T. ) ;
#2397 = DIRECTION ( 'NONE',  ( -0.8000000000000000444, 0.6000000000000000888, 0.000000000000000000 ) ) ;
#2398 = EDGE_CURVE ( 'NONE', #128, #522, #1174, .T. ) ;
#2399 = ORIENTED_EDGE ( 'NONE', *, *, #2635, .F. ) ;
#2400 = DIRECTION ( 'NONE',  ( 0.000000000000000000, 0.000000000000000000, 1.000000000000000000 ) ) ;
#2401 = VECTOR ( 'NONE', #1390, 39.37007874015748854 ) ;
#2402 = FACE_OUTER_BOUND ( 'NONE', #195, .T. ) ;
#2403 = CARTESIAN_POINT ( 'NONE',  ( 2.941511110779745142, 2.069704343855083284, 0.000000000000000000 ) ) ;
#2404 = CIRCLE ( 'NONE', #2011, 0.2499999999999998057 ) ;
#2405 = EDGE_LOOP ( 'NONE', ( #1440, #2900 ) ) ;
#2406 = ADVANCED_FACE ( 'NONE', ( #752 ), #2664, .F. ) ;
#2407 = EDGE_CURVE ( 'NONE', #1516, #2577, #1687, .T. ) ;
#2408 = EDGE_CURVE ( 'NONE', #2213, #2358, #2543, .T. ) ;
#2409 = CARTESIAN_POINT ( 'NONE',  ( -0.9999999999999996669, -1.875000000000000888, -5.303588500244433124E-17 ) ) ;
#2410 = CIRCLE ( 'NONE', #2899, 0.2499999999999999167 ) ;
#2411 = EDGE_CURVE ( 'NONE', #310, #778, #1934, .T. ) ;
#2412 = ORIENTED_EDGE ( 'NONE', *, *, #1438, .F. ) ;
#2413 = CARTESIAN_POINT ( 'NONE',  ( 1.750000000000000444, -0.7500000000000008882, -3.937007874016270969E-05 ) ) ;
#2414 = CARTESIAN_POINT ( 'NONE',  ( 3.000000000000000888, 0.000000000000000000, 0.2500000000000000000 ) ) ;
#2415 = CARTESIAN_POINT ( 'NONE',  ( 2.450000000000000178, 0.4000000000000000222, 0.000000000000000000 ) ) ;
#2416 = ORIENTED_EDGE ( 'NONE', *, *, #2078, .T. ) ;
#2417 = FACE_OUTER_BOUND ( 'NONE', #2883, .T. ) ;
#2418 = CARTESIAN_POINT ( 'NONE',  ( -0.2999999999999999889, 0.6499999999999999112, -3.937007874016270969E-05 ) ) ;
#2419 = DIRECTION ( 'NONE',  ( -1.000000000000000000, -1.775701195881772571E-15, 0.000000000000000000 ) ) ;
#2420 = VERTEX_POINT ( 'NONE', #1458 ) ;
#2421 = EDGE_CURVE ( 'NONE', #2668, #2962, #2434, .T. ) ;
#2422 = ORIENTED_EDGE ( 'NONE', *, *, #142, .F. ) ;
#2423 = CARTESIAN_POINT ( 'NONE',  ( 1.950000000000000400, -0.9000000000000007994, 0.2500000000000000000 ) ) ;
#2424 = EDGE_LOOP ( 'NONE', ( #707, #515, #1691, #2485 ) ) ;
#2425 = DIRECTION ( 'NONE',  ( -0.000000000000000000, -0.000000000000000000, 1.000000000000000000 ) ) ;
#2426 = DIRECTION ( 'NONE',  ( -1.000000000000000000, 0.000000000000000000, 0.000000000000000000 ) ) ;
#2427 = CARTESIAN_POINT ( 'NONE',  ( 0.5500000000000000444, 0.6499999999999999112, 0.2500000000000000000 ) ) ;
#2428 = EDGE_LOOP ( 'NONE', ( #1890, #699, #2122, #1898 ) ) ;
#2429 = VECTOR ( 'NONE', #1431, 39.37007874015748143 ) ;
#2430 = FACE_OUTER_BOUND ( 'NONE', #1391, .T. ) ;
#2431 = EDGE_CURVE ( 'NONE', #1070, #317, #1671, .T. ) ;
#2432 = ORIENTED_EDGE ( 'NONE', *, *, #2632, .T. ) ;
#2433 = CARTESIAN_POINT ( 'NONE',  ( 2.400000000000001243, -0.3000000000000000999, 0.000000000000000000 ) ) ;
#2434 = LINE ( 'NONE', #1702, #2940 ) ;
#2435 = AXIS2_PLACEMENT_3D ( 'NONE', #541, #1246, #2171 ) ;
#2436 = EDGE_CURVE ( 'NONE', #551, #480, #531, .T. ) ;
#2437 = AXIS2_PLACEMENT_3D ( 'NONE', #1666, #1882, #2812 ) ;
#2438 = ORIENTED_EDGE ( 'NONE', *, *, #1212, .T. ) ;
#2439 = CARTESIAN_POINT ( 'NONE',  ( -2.450000000000000178, 0.6499999999999999112, -3.937007874016270969E-05 ) ) ;
#2440 = VERTEX_POINT ( 'NONE', #28 ) ;
#2441 = CYLINDRICAL_SURFACE ( 'NONE', #2863, 0.2500000000000000555 ) ;
#2442 = CARTESIAN_POINT ( 'NONE',  ( 2.941929133858268486, 1.749999999999999556, 0.000000000000000000 ) ) ;
#2443 = CARTESIAN_POINT ( 'NONE',  ( 0.5500000000000000444, 1.449999999999999289, 0.2500000000000000000 ) ) ;
#2444 = AXIS2_PLACEMENT_3D ( 'NONE', #2572, #1330, #1092 ) ;
#2445 = ORIENTED_EDGE ( 'NONE', *, *, #3040, .F. ) ;
#2446 = ORIENTED_EDGE ( 'NONE', *, *, #1470, .F. ) ;
#2447 = LINE ( 'NONE', #327, #1791 ) ;
#2448 = CYLINDRICAL_SURFACE ( 'NONE', #1118, 0.2499999999999998057 ) ;
#2449 = AXIS2_PLACEMENT_3D ( 'NONE', #1763, #104, #78 ) ;
#2450 = DIRECTION ( 'NONE',  ( -0.000000000000000000, -0.000000000000000000, 1.000000000000000000 ) ) ;
#2451 = ORIENTED_EDGE ( 'NONE', *, *, #1730, .F. ) ;
#2452 = CARTESIAN_POINT ( 'NONE',  ( -0.9500000000000006217, -1.700000000000000400, 0.2500000000000000000 ) ) ;
#2453 = LINE ( 'NONE', #2466, #1925 ) ;
#2454 = EDGE_CURVE ( 'NONE', #2833, #305, #56, .T. ) ;
#2455 = PRODUCT_DEFINITION ( 'UNKNOWN', '', #1892, #2034 ) ;
#2456 = ORIENTED_EDGE ( 'NONE', *, *, #2786, .F. ) ;
#2457 = LINE ( 'NONE', #796, #155 ) ;
#2458 = AXIS2_PLACEMENT_3D ( 'NONE', #951, #750, #2148 ) ;
#2459 = DIRECTION ( 'NONE',  ( -0.000000000000000000, -0.000000000000000000, -1.000000000000000000 ) ) ;
#2460 = ORIENTED_EDGE ( 'NONE', *, *, #2372, .F. ) ;
#2461 = ORIENTED_EDGE ( 'NONE', *, *, #2805, .T. ) ;
#2462 = LINE ( 'NONE', #2233, #1159 ) ;
#2463 = CIRCLE ( 'NONE', #2709, 0.06692913385826718131 ) ;
#2464 = ORIENTED_EDGE ( 'NONE', *, *, #1641, .T. ) ;
#2465 = CARTESIAN_POINT ( 'NONE',  ( -1.750000000000000444, -0.7500000000000008882, -3.937007874016270969E-05 ) ) ;
#2466 = CARTESIAN_POINT ( 'NONE',  ( -2.137521447539535657, 1.999999999999999112, -3.937007874016270969E-05 ) ) ;
#2467 = ADVANCED_FACE ( 'NONE', ( #276 ), #1439, .F. ) ;
#2468 = ORIENTED_EDGE ( 'NONE', *, *, #2311, .F. ) ;
#2469 = ORIENTED_EDGE ( 'NONE', *, *, #121, .F. ) ;
#2470 = FACE_BOUND ( 'NONE', #1162, .T. ) ;
#2471 = VECTOR ( 'NONE', #481, 39.37007874015748143 ) ;
#2472 = CARTESIAN_POINT ( 'NONE',  ( -2.137521447539535657, 1.999999999999999112, -3.937007874016270969E-05 ) ) ;
#2473 = EDGE_CURVE ( 'NONE', #714, #2039, #2296, .T. ) ;
#2474 = VECTOR ( 'NONE', #1366, 39.37007874015748143 ) ;
#2475 = ORIENTED_EDGE ( 'NONE', *, *, #1999, .F. ) ;
#2476 = AXIS2_PLACEMENT_3D ( 'NONE', #2616, #1916, #2846 ) ;
#2477 = ORIENTED_EDGE ( 'NONE', *, *, #1302, .F. ) ;
#2478 = PLANE ( 'NONE',  #1058 ) ;
#2479 = CIRCLE ( 'NONE', #2093, 0.2500000000000000555 ) ;
#2480 = ORIENTED_EDGE ( 'NONE', *, *, #2665, .F. ) ;
#2481 = ADVANCED_BREP_SHAPE_REPRESENTATION ( 'Chassis Bottom Plate', ( #2521, #2672 ), #350 ) ;
#2482 = DIRECTION ( 'NONE',  ( -1.000000000000000000, 0.000000000000000000, 0.000000000000000000 ) ) ;
#2483 = ADVANCED_FACE ( 'NONE', ( #2189 ), #1018, .F. ) ;
#2484 = VERTEX_POINT ( 'NONE', #2403 ) ;
#2485 = ORIENTED_EDGE ( 'NONE', *, *, #725, .F. ) ;
#2486 = CARTESIAN_POINT ( 'NONE',  ( 1.500000000000000666, -2.000000000000000888, 0.2500000000000000000 ) ) ;
#2487 = DIRECTION ( 'NONE',  ( 0.000000000000000000, 0.000000000000000000, 1.000000000000000000 ) ) ;
#2488 = ORIENTED_EDGE ( 'NONE', *, *, #741, .F. ) ;
#2489 = FACE_OUTER_BOUND ( 'NONE', #605, .T. ) ;
#2490 = ORIENTED_EDGE ( 'NONE', *, *, #1024, .F. ) ;
#2491 = EDGE_LOOP ( 'NONE', ( #1500, #1314, #2827, #2815 ) ) ;
#2492 = VECTOR ( 'NONE', #1251, 39.37007874015748143 ) ;
#2493 = APPLICATION_CONTEXT ( 'configuration controlled 3d designs of mechanical parts and assemblies' ) ;
#2494 = ADVANCED_FACE ( 'NONE', ( #42 ), #2150, .F. ) ;
#2495 = LINE ( 'NONE', #2712, #133 ) ;
#2496 = CARTESIAN_POINT ( 'NONE',  ( -2.137521447539535657, 1.999999999999999112, 0.2500000000000000000 ) ) ;
#2497 = ORIENTED_EDGE ( 'NONE', *, *, #1083, .F. ) ;
#2498 = ORIENTED_EDGE ( 'NONE', *, *, #874, .F. ) ;
#2499 = VECTOR ( 'NONE', #556, 39.37007874015748143 ) ;
#2500 = LINE ( 'NONE', #112, #1597 ) ;
#2501 = CARTESIAN_POINT ( 'NONE',  ( 0.5499999999999971578, 1.999999999999998668, 0.2500000000000000000 ) ) ;
#2502 = EDGE_LOOP ( 'NONE', ( #136, #1488, #858, #404, #1341, #1909, #293, #150 ) ) ;
#2503 = CARTESIAN_POINT ( 'NONE',  ( -1.066929133858266932, -1.875000000000000888, -5.303588500244433124E-17 ) ) ;
#2504 = ORIENTED_EDGE ( 'NONE', *, *, #1013, .T. ) ;
#2505 = ORIENTED_EDGE ( 'NONE', *, *, #1897, .F. ) ;
#2506 = VECTOR ( 'NONE', #2279, 39.37007874015748143 ) ;
#2507 = FACE_OUTER_BOUND ( 'NONE', #2491, .T. ) ;
#2508 = DIRECTION ( 'NONE',  ( -0.000000000000000000, 1.000000000000000000, 0.000000000000000000 ) ) ;
#2509 = CARTESIAN_POINT ( 'NONE',  ( -1.200000000000000622, 0.09999999999999951983, 0.000000000000000000 ) ) ;
#2510 = EDGE_LOOP ( 'NONE', ( #2317, #1921, #74, #1247 ) ) ;
#2511 = ORIENTED_EDGE ( 'NONE', *, *, #667, .F. ) ;
#2512 = CARTESIAN_POINT ( 'NONE',  ( -0.3000000000000004330, 4.141934388425580593, -3.937007874016270969E-05 ) ) ;
#2513 = PLANE ( 'NONE',  #2382 ) ;
#2514 = EDGE_CURVE ( 'NONE', #1966, #400, #2404, .T. ) ;
#2515 = PLANE ( 'NONE',  #2549 ) ;
#2516 = ORIENTED_EDGE ( 'NONE', *, *, #1315, .T. ) ;
#2517 = FACE_OUTER_BOUND ( 'NONE', #333, .T. ) ;
#2518 = CIRCLE ( 'NONE', #153, 0.06692913385826744499 ) ;
#2519 = EDGE_CURVE ( 'NONE', #2126, #1230, #986, .T. ) ;
#2520 = ORIENTED_EDGE ( 'NONE', *, *, #1709, .F. ) ;
#2521 = MANIFOLD_SOLID_BREP ( 'Cut-Extrude3', #1673 ) ;
#2522 = ORIENTED_EDGE ( 'NONE', *, *, #1595, .F. ) ;
#2523 = AXIS2_PLACEMENT_3D ( 'NONE', #1322, #2216, #85 ) ;
#2524 = COORDINATED_UNIVERSAL_TIME_OFFSET ( 8, 0, .BEHIND. ) ;
#2525 = DIRECTION ( 'NONE',  ( -1.000000000000000000, 0.000000000000000000, 0.000000000000000000 ) ) ;
#2526 = DIRECTION ( 'NONE',  ( 1.000000000000000000, -5.162477643180737908E-16, 0.000000000000000000 ) ) ;
#2527 = CARTESIAN_POINT ( 'NONE',  ( 2.137521447539539210, 2.250000000000001332, -3.937007874016270969E-05 ) ) ;
#2528 = VERTEX_POINT ( 'NONE', #2177 ) ;
#2529 = CARTESIAN_POINT ( 'NONE',  ( -2.700000000000000622, 1.449999999999999067, 0.2500000000000000000 ) ) ;
#2530 = CARTESIAN_POINT ( 'NONE',  ( 0.3000000000000000999, 1.449999999999999289, 0.2500000000000000000 ) ) ;
#2531 = EDGE_CURVE ( 'NONE', #2748, #1198, #729, .T. ) ;
#2532 = LINE ( 'NONE', #1189, #1100 ) ;
#2533 = ADVANCED_FACE ( 'NONE', ( #1267 ), #11, .F. ) ;
#2534 = PLANE ( 'NONE',  #3044 ) ;
#2535 = ORIENTED_EDGE ( 'NONE', *, *, #1822, .F. ) ;
#2536 = DIRECTION ( 'NONE',  ( -0.000000000000000000, -0.000000000000000000, -1.000000000000000000 ) ) ;
#2537 = ORIENTED_EDGE ( 'NONE', *, *, #169, .F. ) ;
#2538 = VERTEX_POINT ( 'NONE', #1063 ) ;
#2539 =( NAMED_UNIT ( * ) SI_UNIT ( $, .STERADIAN. ) SOLID_ANGLE_UNIT ( ) );
#2540 = CARTESIAN_POINT ( 'NONE',  ( 2.875000000000000888, 0.2499999999999995282, -5.303588500244433124E-17 ) ) ;
#2541 = CIRCLE ( 'NONE', #2938, 0.2500000000000000555 ) ;
#2542 = CARTESIAN_POINT ( 'NONE',  ( -2.450000000000000178, 0.4000000000000000222, 0.000000000000000000 ) ) ;
#2543 = CIRCLE ( 'NONE', #675, 0.2500000000000000555 ) ;
#2544 = CARTESIAN_POINT ( 'NONE',  ( -2.329032558319277690, 2.410696902421636700, 0.000000000000000000 ) ) ;
#2545 = ORIENTED_EDGE ( 'NONE', *, *, #2017, .F. ) ;
#2546 = ADVANCED_FACE ( 'NONE', ( #126, #1294, #113, #2907, #99, #328, #1785, #615, #355, #2004, #834, #2937, #821, #1773, #2964, #562, #1742, #2705 ), #1977, .T. ) ;
#2547 = CARTESIAN_POINT ( 'NONE',  ( -2.450000000000000178, 1.449999999999999067, 0.000000000000000000 ) ) ;
#2548 = CARTESIAN_POINT ( 'NONE',  ( 0.2999999999999963252, 2.250000000000001332, 0.2500000000000000000 ) ) ;
#2549 = AXIS2_PLACEMENT_3D ( 'NONE', #881, #1833, #2602 ) ;
#2550 = FACE_OUTER_BOUND ( 'NONE', #2056, .T. ) ;
#2551 = DIRECTION ( 'NONE',  ( -0.000000000000000000, -0.000000000000000000, -1.000000000000000000 ) ) ;
#2552 = ORIENTED_EDGE ( 'NONE', *, *, #698, .F. ) ;
#2553 = DIRECTION ( 'NONE',  ( 0.000000000000000000, 0.000000000000000000, 1.000000000000000000 ) ) ;
#2554 = EDGE_LOOP ( 'NONE', ( #744, #918, #616, #1382 ) ) ;
#2555 = ORIENTED_EDGE ( 'NONE', *, *, #2661, .F. ) ;
#2556 = AXIS2_PLACEMENT_3D ( 'NONE', #2373, #1221, #2663 ) ;
#2557 = DIRECTION ( 'NONE',  ( -0.000000000000000000, -0.000000000000000000, -1.000000000000000000 ) ) ;
#2558 = DIRECTION ( 'NONE',  ( -0.000000000000000000, -0.000000000000000000, 1.000000000000000000 ) ) ;
#2559 = DIRECTION ( 'NONE',  ( -0.000000000000000000, -0.000000000000000000, 1.000000000000000000 ) ) ;
#2560 = DIRECTION ( 'NONE',  ( -0.000000000000000000, -0.000000000000000000, 1.000000000000000000 ) ) ;
#2561 = EDGE_CURVE ( 'NONE', #1720, #252, #1799, .T. ) ;
#2562 = ORIENTED_EDGE ( 'NONE', *, *, #357, .T. ) ;
#2563 = DIRECTION ( 'NONE',  ( -0.000000000000000000, -0.000000000000000000, -1.000000000000000000 ) ) ;
#2564 = FACE_OUTER_BOUND ( 'NONE', #784, .T. ) ;
#2565 = DIRECTION ( 'NONE',  ( -1.000000000000000000, 0.000000000000000000, 0.000000000000000000 ) ) ;
#2566 = CARTESIAN_POINT ( 'NONE',  ( -0.9999999999999996669, -1.875000000000000888, 0.000000000000000000 ) ) ;
#2567 = VERTEX_POINT ( 'NONE', #1756 ) ;
#2568 = CARTESIAN_POINT ( 'NONE',  ( -0.7415111107797437429, 4.302631290847216405, 0.2500000000000000000 ) ) ;
#2569 = ORIENTED_EDGE ( 'NONE', *, *, #1820, .T. ) ;
#2570 = DIRECTION ( 'NONE',  ( -0.000000000000000000, -0.000000000000000000, -1.000000000000000000 ) ) ;
#2571 = DATE_TIME_ROLE ( 'classification_date' ) ;
#2572 = CARTESIAN_POINT ( 'NONE',  ( 2.875000000000000888, 1.749999999999999556, 0.000000000000000000 ) ) ;
#2573 = CARTESIAN_POINT ( 'NONE',  ( -0.9999999999999996669, -1.875000000000000888, -5.303588500244433124E-17 ) ) ;
#2574 = DIRECTION ( 'NONE',  ( 0.000000000000000000, 0.000000000000000000, 1.000000000000000000 ) ) ;
#2575 = VECTOR ( 'NONE', #2596, 39.37007874015748143 ) ;
#2576 = CARTESIAN_POINT ( 'NONE',  ( 0.2999999999999963252, 2.250000000000001332, -3.937007874016270969E-05 ) ) ;
#2577 = VERTEX_POINT ( 'NONE', #2028 ) ;
#2578 = AXIS2_PLACEMENT_3D ( 'NONE', #1760, #593, #102 ) ;
#2579 = LINE ( 'NONE', #2512, #1056 ) ;
#2580 = CARTESIAN_POINT ( 'NONE',  ( 2.200000000000001066, -0.1499999999999999667, -3.937007874016270969E-05 ) ) ;
#2581 = CARTESIAN_POINT ( 'NONE',  ( 2.400000000000001243, -0.2999999999999999334, 0.2500000000000000000 ) ) ;
#2582 = FACE_OUTER_BOUND ( 'NONE', #2510, .T. ) ;
#2583 = ORIENTED_EDGE ( 'NONE', *, *, #2944, .T. ) ;
#2584 = CYLINDRICAL_SURFACE ( 'NONE', #525, 0.2499999999999989730 ) ;
#2585 = ORIENTED_EDGE ( 'NONE', *, *, #1896, .F. ) ;
#2586 = LINE ( 'NONE', #3051, #2354 ) ;
#2587 = APPLICATION_PROTOCOL_DEFINITION ( 'international standard', 'config_control_design', 1994, #2965 ) ;
#2588 = ADVANCED_FACE ( 'NONE', ( #1310 ), #2728, .F. ) ;
#2589 = EDGE_CURVE ( 'NONE', #166, #1084, #2205, .T. ) ;
#2590 = DIRECTION ( 'NONE',  ( -0.6427876096865433597, -0.7660444431189746828, 0.000000000000000000 ) ) ;
#2591 = VERTEX_POINT ( 'NONE', #1569 ) ;
#2592 = LINE ( 'NONE', #251, #2615 ) ;
#2593 = ORIENTED_EDGE ( 'NONE', *, *, #1767, .T. ) ;
#2594 = CARTESIAN_POINT ( 'NONE',  ( -0.9500000000000006217, -1.700000000000000400, -3.937007874016270969E-05 ) ) ;
#2595 = AXIS2_PLACEMENT_3D ( 'NONE', #2062, #2764, #634 ) ;
#2596 = DIRECTION ( 'NONE',  ( -2.731847993664264698E-16, -1.000000000000000000, 0.000000000000000000 ) ) ;
#2597 = VERTEX_POINT ( 'NONE', #1284 ) ;
#2598 = CIRCLE ( 'NONE', #950, 0.06692913385826744499 ) ;
#2599 = DIRECTION ( 'NONE',  ( 0.5999999999999999778, -0.8000000000000000444, 0.000000000000000000 ) ) ;
#2600 = CIRCLE ( 'NONE', #40, 0.06692913385826744499 ) ;
#2601 = CARTESIAN_POINT ( 'NONE',  ( 1.066929133858267376, -1.875000000000000888, 0.2500000000000000000 ) ) ;
#2602 = DIRECTION ( 'NONE',  ( -4.268512490100414977E-17, 1.000000000000000000, 0.000000000000000000 ) ) ;
#2603 = DIRECTION ( 'NONE',  ( -0.000000000000000000, -0.000000000000000000, -1.000000000000000000 ) ) ;
#2604 = VECTOR ( 'NONE', #2622, 39.37007874015748143 ) ;
#2605 = ORIENTED_EDGE ( 'NONE', *, *, #1724, .F. ) ;
#2606 = DIRECTION ( 'NONE',  ( -1.913226279806337023E-15, 1.000000000000000000, 0.000000000000000000 ) ) ;
#2607 = CARTESIAN_POINT ( 'NONE',  ( -2.450000000000000178, 1.699999999999999289, 0.2500000000000000000 ) ) ;
#2608 = VERTEX_POINT ( 'NONE', #2501 ) ;
#2609 = CARTESIAN_POINT ( 'NONE',  ( 1.375000000000000444, -2.000000000000000888, 0.2500000000000000000 ) ) ;
#2610 = CARTESIAN_POINT ( 'NONE',  ( 2.137521447539535657, 1.999999999999999112, 0.2500000000000000000 ) ) ;
#2611 = EDGE_CURVE ( 'NONE', #1327, #1428, #2790, .T. ) ;
#2612 = DIRECTION ( 'NONE',  ( -0.000000000000000000, -0.000000000000000000, 1.000000000000000000 ) ) ;
#2613 = VERTEX_POINT ( 'NONE', #2018 ) ;
#2614 = CARTESIAN_POINT ( 'NONE',  ( -0.5499999999999971578, 2.250000000000001332, 0.2500000000000000000 ) ) ;
#2615 = VECTOR ( 'NONE', #2104, 39.37007874015748143 ) ;
#2616 = CARTESIAN_POINT ( 'NONE',  ( 0.5499999999999971578, 2.250000000000001332, 0.2500000000000000000 ) ) ;
#2617 = FACE_OUTER_BOUND ( 'NONE', #211, .T. ) ;
#2618 = EDGE_CURVE ( 'NONE', #510, #2224, #2676, .T. ) ;
#2619 = DIRECTION ( 'NONE',  ( -0.000000000000000000, -0.000000000000000000, 1.000000000000000000 ) ) ;
#2620 = ORIENTED_EDGE ( 'NONE', *, *, #2368, .T. ) ;
#2621 = ADVANCED_FACE ( 'NONE', ( #1991 ), #2448, .T. ) ;
#2622 = DIRECTION ( 'NONE',  ( -0.000000000000000000, -0.000000000000000000, -1.000000000000000000 ) ) ;
#2623 = ORIENTED_EDGE ( 'NONE', *, *, #1504, .F. ) ;
#2624 = DIRECTION ( 'NONE',  ( 1.000000000000000000, 0.000000000000000000, 0.000000000000000000 ) ) ;
#2625 = ORGANIZATION ( 'UNSPECIFIED', 'UNSPECIFIED', '' ) ;
#2626 =( LENGTH_UNIT ( ) NAMED_UNIT ( * ) SI_UNIT ( $, .METRE. ) );
#2627 = EDGE_CURVE ( 'NONE', #714, #59, #1323, .T. ) ;
#2628 = DIRECTION ( 'NONE',  ( -0.000000000000000000, -0.000000000000000000, 1.000000000000000000 ) ) ;
#2629 = VERTEX_POINT ( 'NONE', #577 ) ;
#2630 = AXIS2_PLACEMENT_3D ( 'NONE', #2547, #2810, #877 ) ;
#2631 = DIRECTION ( 'NONE',  ( -0.000000000000000000, -0.000000000000000000, -1.000000000000000000 ) ) ;
#2632 = EDGE_CURVE ( 'NONE', #1854, #3015, #2598, .T. ) ;
#2633 = AXIS2_PLACEMENT_3D ( 'NONE', #2059, #1515, #1968 ) ;
#2634 = CARTESIAN_POINT ( 'NONE',  ( 0.5500000000000000444, 0.6499999999999999112, -3.937007874016270969E-05 ) ) ;
#2635 = EDGE_CURVE ( 'NONE', #1161, #1090, #2087, .T. ) ;
#2636 = DIRECTION ( 'NONE',  ( -0.000000000000000000, -0.000000000000000000, 1.000000000000000000 ) ) ;
#2637 = ADVANCED_FACE ( 'NONE', ( #797 ), #2811, .F. ) ;
#2638 = ORIENTED_EDGE ( 'NONE', *, *, #2043, .T. ) ;
#2639 = LINE ( 'NONE', #1006, #462 ) ;
#2640 = VERTEX_POINT ( 'NONE', #2109 ) ;
#2641 = CYLINDRICAL_SURFACE ( 'NONE', #882, 0.06692913385826744499 ) ;
#2642 = DIRECTION ( 'NONE',  ( -1.000000000000000000, -0.000000000000000000, -0.000000000000000000 ) ) ;
#2643 = DIRECTION ( 'NONE',  ( -0.000000000000000000, -0.000000000000000000, -1.000000000000000000 ) ) ;
#2644 = ORIENTED_EDGE ( 'NONE', *, *, #1561, .F. ) ;
#2645 = DIRECTION ( 'NONE',  ( 2.731847993664264698E-16, 1.000000000000000000, 0.000000000000000000 ) ) ;
#2646 = EDGE_CURVE ( 'NONE', #209, #644, #3006, .T. ) ;
#2647 = CIRCLE ( 'NONE', #2161, 0.06692913385826744499 ) ;
#2648 = CYLINDRICAL_SURFACE ( 'NONE', #829, 0.2499999999999999167 ) ;
#2649 = DIRECTION ( 'NONE',  ( -1.000000000000000000, 0.000000000000000000, 0.000000000000000000 ) ) ;
#2650 = ORIENTED_EDGE ( 'NONE', *, *, #2930, .F. ) ;
#2651 = CARTESIAN_POINT ( 'NONE',  ( -2.216929133858267953, -0.9250000000000005995, -5.303588500244433124E-17 ) ) ;
#2652 = AXIS2_PLACEMENT_3D ( 'NONE', #2993, #2077, #2780 ) ;
#2653 = ORIENTED_EDGE ( 'NONE', *, *, #512, .T. ) ;
#2654 = LINE ( 'NONE', #1491, #2179 ) ;
#2655 = ADVANCED_FACE ( 'NONE', ( #1135 ), #154, .F. ) ;
#2656 = CARTESIAN_POINT ( 'NONE',  ( -0.7415111107797437429, 4.302631290847216405, 0.000000000000000000 ) ) ;
#2657 = DIRECTION ( 'NONE',  ( -1.000000000000000000, -3.594536833768766614E-17, 0.000000000000000000 ) ) ;
#2658 = ORIENTED_EDGE ( 'NONE', *, *, #1506, .T. ) ;
#2659 = PLANE ( 'NONE',  #2820 ) ;
#2660 = ADVANCED_FACE ( 'NONE', ( #666 ), #2513, .F. ) ;
#2661 = EDGE_CURVE ( 'NONE', #2955, #765, #755, .T. ) ;
#2662 = ORIENTED_EDGE ( 'NONE', *, *, #471, .T. ) ;
#2663 = DIRECTION ( 'NONE',  ( -1.000000000000000000, 0.000000000000000000, 0.000000000000000000 ) ) ;
#2664 = PLANE ( 'NONE',  #818 ) ;
#2665 = EDGE_CURVE ( 'NONE', #1870, #2577, #914, .T. ) ;
#2666 = ORIENTED_EDGE ( 'NONE', *, *, #989, .T. ) ;
#2667 = CARTESIAN_POINT ( 'NONE',  ( 1.575000000000000622, -1.900000000000000799, 0.2500000000000000000 ) ) ;
#2668 = VERTEX_POINT ( 'NONE', #1880 ) ;
#2669 = DIRECTION ( 'NONE',  ( 0.000000000000000000, 0.000000000000000000, 1.000000000000000000 ) ) ;
#2670 = DIRECTION ( 'NONE',  ( 0.000000000000000000, 0.000000000000000000, -1.000000000000000000 ) ) ;
#2671 = DIRECTION ( 'NONE',  ( 0.000000000000000000, 0.000000000000000000, -1.000000000000000000 ) ) ;
#2672 = AXIS2_PLACEMENT_3D ( 'NONE', #2118, #443, #1106 ) ;
#2673 = ORIENTED_EDGE ( 'NONE', *, *, #1757, .T. ) ;
#2674 = EDGE_LOOP ( 'NONE', ( #1036, #1630 ) ) ;
#2675 = DIRECTION ( 'NONE',  ( 1.000000000000000000, 0.000000000000000000, 0.000000000000000000 ) ) ;
#2676 = LINE ( 'NONE', #2954, #1369 ) ;
#2677 = CIRCLE ( 'NONE', #1258, 0.2500000000000000000 ) ;
#2678 = AXIS2_PLACEMENT_3D ( 'NONE', #1421, #2110, #900 ) ;
#2679 = ORIENTED_EDGE ( 'NONE', *, *, #25, .F. ) ;
#2680 = CARTESIAN_POINT ( 'NONE',  ( 2.137521447539535657, 1.999999999999999112, -3.937007874016270969E-05 ) ) ;
#2681 = ORIENTED_EDGE ( 'NONE', *, *, #1635, .F. ) ;
#2682 = EDGE_CURVE ( 'NONE', #1624, #2528, #224, .T. ) ;
#2683 = DIRECTION ( 'NONE',  ( -0.000000000000000000, -1.000000000000000000, -0.000000000000000000 ) ) ;
#2684 = EDGE_CURVE ( 'NONE', #1707, #778, #1632, .T. ) ;
#2685 = CARTESIAN_POINT ( 'NONE',  ( -2.875000000000000888, 1.749999999999999556, 0.2500000000000000000 ) ) ;
#2686 = DIRECTION ( 'NONE',  ( -1.000000000000000000, 0.000000000000000000, 0.000000000000000000 ) ) ;
#2687 = ORIENTED_EDGE ( 'NONE', *, *, #1936, .F. ) ;
#2688 = ORIENTED_EDGE ( 'NONE', *, *, #2175, .T. ) ;
#2689 = DIRECTION ( 'NONE',  ( -0.000000000000000000, -0.000000000000000000, -1.000000000000000000 ) ) ;
#2690 = CARTESIAN_POINT ( 'NONE',  ( -3.414809992080329023E-17, 5.397019699529432835, 0.000000000000000000 ) ) ;
#2691 = CIRCLE ( 'NONE', #2449, 0.2499999999999998057 ) ;
#2692 = AXIS2_PLACEMENT_3D ( 'NONE', #1554, #2241, #1074 ) ;
#2693 = EDGE_LOOP ( 'NONE', ( #2200, #2562, #1944, #2706 ) ) ;
#2694 = ADVANCED_FACE ( 'NONE', ( #2564 ), #451, .T. ) ;
#2695 = ORIENTED_EDGE ( 'NONE', *, *, #1013, .F. ) ;
#2696 = DIRECTION ( 'NONE',  ( -1.000000000000000000, 0.000000000000000000, 0.000000000000000000 ) ) ;
#2697 = ORIENTED_EDGE ( 'NONE', *, *, #1368, .T. ) ;
#2698 = CARTESIAN_POINT ( 'NONE',  ( -2.450000000000000178, 0.6499999999999999112, 0.2500000000000000000 ) ) ;
#2699 = VECTOR ( 'NONE', #376, 39.37007874015748143 ) ;
#2700 = CARTESIAN_POINT ( 'NONE',  ( 1.500000000000000444, -0.1500000000000005773, 0.2500000000000000000 ) ) ;
#2701 = EDGE_LOOP ( 'NONE', ( #1735, #2695, #1725, #1338 ) ) ;
#2702 = ORIENTED_EDGE ( 'NONE', *, *, #1142, .T. ) ;
#2703 = FACE_OUTER_BOUND ( 'NONE', #320, .T. ) ;
#2704 = VECTOR ( 'NONE', #274, 39.37007874015748854 ) ;
#2705 = FACE_BOUND ( 'NONE', #1697, .T. ) ;
#2706 = ORIENTED_EDGE ( 'NONE', *, *, #1848, .F. ) ;
#2707 = EDGE_LOOP ( 'NONE', ( #302, #1008, #203, #2040, #1409, #1655, #673, #1782 ) ) ;
#2708 = CARTESIAN_POINT ( 'NONE',  ( -0.5500000000000000444, 0.6499999999999999112, 0.000000000000000000 ) ) ;
#2709 = AXIS2_PLACEMENT_3D ( 'NONE', #2573, #962, #1736 ) ;
#2710 = ORIENTED_EDGE ( 'NONE', *, *, #1506, .F. ) ;
#2711 = EDGE_CURVE ( 'NONE', #538, #2974, #1117, .T. ) ;
#2712 = CARTESIAN_POINT ( 'NONE',  ( -1.500000000000000444, -0.1500000000000000500, -2.121320343559642829 ) ) ;
#2713 = EDGE_LOOP ( 'NONE', ( #2477, #2498, #2997, #1712 ) ) ;
#2714 = EDGE_LOOP ( 'NONE', ( #2480, #1556, #2151, #2505 ) ) ;
#2715 = FACE_BOUND ( 'NONE', #2237, .T. ) ;
#2716 = DIRECTION ( 'NONE',  ( -1.000000000000000000, 0.000000000000000000, 0.000000000000000000 ) ) ;
#2717 = CIRCLE ( 'NONE', #2190, 0.2500000000000000555 ) ;
#2718 = ORIENTED_EDGE ( 'NONE', *, *, #682, .T. ) ;
#2719 = EDGE_CURVE ( 'NONE', #2178, #522, #1649, .T. ) ;
#2720 = VERTEX_POINT ( 'NONE', #2319 ) ;
#2721 = AXIS2_PLACEMENT_3D ( 'NONE', #2943, #826, #1777 ) ;
#2722 = ORIENTED_EDGE ( 'NONE', *, *, #573, .F. ) ;
#2723 = DIRECTION ( 'NONE',  ( -1.000000000000000000, 2.185478394931415308E-15, 0.000000000000000000 ) ) ;
#2724 = CARTESIAN_POINT ( 'NONE',  ( 1.750000000000000444, -0.7500000000000008882, 0.000000000000000000 ) ) ;
#2725 = ORIENTED_EDGE ( 'NONE', *, *, #874, .T. ) ;
#2726 = ORIENTED_EDGE ( 'NONE', *, *, #2711, .T. ) ;
#2727 = DIRECTION ( 'NONE',  ( -0.000000000000000000, -0.000000000000000000, -1.000000000000000000 ) ) ;
#2728 = PLANE ( 'NONE',  #574 ) ;
#2729 = ADVANCED_FACE ( 'NONE', ( #2991 ), #898, .F. ) ;
#2730 = EDGE_LOOP ( 'NONE', ( #2673, #2896, #1747, #1565 ) ) ;
#2731 = DIRECTION ( 'NONE',  ( -0.000000000000000000, -0.000000000000000000, -1.000000000000000000 ) ) ;
#2732 = ORIENTED_EDGE ( 'NONE', *, *, #2407, .F. ) ;
#2733 = VERTEX_POINT ( 'NONE', #2530 ) ;
#2734 = CIRCLE ( 'NONE', #2010, 0.2500000000000000555 ) ;
#2735 = AXIS2_PLACEMENT_3D ( 'NONE', #475, #2152, #490 ) ;
#2736 = CYLINDRICAL_SURFACE ( 'NONE', #565, 0.2500000000000000555 ) ;
#2737 = EDGE_CURVE ( 'NONE', #1558, #187, #1847, .T. ) ;
#2738 = CARTESIAN_POINT ( 'NONE',  ( -2.137521447539535657, 1.999999999999999112, 0.000000000000000000 ) ) ;
#2739 = AXIS2_PLACEMENT_3D ( 'NONE', #2867, #757, #1706 ) ;
#2740 = DIRECTION ( 'NONE',  ( -1.000000000000000000, 0.000000000000000000, 0.000000000000000000 ) ) ;
#2741 = ORIENTED_EDGE ( 'NONE', *, *, #3039, .T. ) ;
#2742 = ORIENTED_EDGE ( 'NONE', *, *, #2682, .F. ) ;
#2743 = CIRCLE ( 'NONE', #1432, 0.06692913385826772255 ) ;
#2744 = CARTESIAN_POINT ( 'NONE',  ( -2.083070866141733646, -0.9250000000000005995, -5.303588500244433124E-17 ) ) ;
#2745 = EDGE_CURVE ( 'NONE', #374, #740, #206, .T. ) ;
#2746 = DIRECTION ( 'NONE',  ( -0.000000000000000000, -0.000000000000000000, 1.000000000000000000 ) ) ;
#2747 = LINE ( 'NONE', #1634, #622 ) ;
#2748 = VERTEX_POINT ( 'NONE', #2778 ) ;
#2749 = CARTESIAN_POINT ( 'NONE',  ( -0.9500000000000008438, 0.1000000000000000194, -3.937007874016270969E-05 ) ) ;
#2750 = ORIENTED_EDGE ( 'NONE', *, *, #1212, .F. ) ;
#2751 = ORIENTED_EDGE ( 'NONE', *, *, #953, .F. ) ;
#2752 = SECURITY_CLASSIFICATION_LEVEL ( 'unclassified' ) ;
#2753 = AXIS2_PLACEMENT_3D ( 'NONE', #695, #1644, #1197 ) ;
#2754 = CARTESIAN_POINT ( 'NONE',  ( 0.9500000000000008438, -0.1499999999999999667, -3.937007874016270969E-05 ) ) ;
#2755 = DIRECTION ( 'NONE',  ( -1.000000000000000000, -1.092739197465705090E-15, 0.000000000000000000 ) ) ;
#2756 = CARTESIAN_POINT ( 'NONE',  ( -2.450000000000000178, 0.4000000000000000222, 0.2500000000000000000 ) ) ;
#2757 = EDGE_LOOP ( 'NONE', ( #2516, #1334, #271, #2218 ) ) ;
#2758 = FACE_OUTER_BOUND ( 'NONE', #246, .T. ) ;
#2759 = CARTESIAN_POINT ( 'NONE',  ( -2.875000000000000888, 1.749999999999999556, 0.000000000000000000 ) ) ;
#2760 = DIRECTION ( 'NONE',  ( 0.000000000000000000, 0.000000000000000000, -1.000000000000000000 ) ) ;
#2761 = VECTOR ( 'NONE', #1941, 39.37007874015748143 ) ;
#2762 = DIRECTION ( 'NONE',  ( 1.000000000000000000, -9.106159978880874930E-17, 0.000000000000000000 ) ) ;
#2763 = EDGE_LOOP ( 'NONE', ( #2275, #965, #560, #383, #2054, #1521 ) ) ;
#2764 = DIRECTION ( 'NONE',  ( -0.000000000000000000, -0.000000000000000000, -1.000000000000000000 ) ) ;
#2765 = VECTOR ( 'NONE', #2977, 39.37007874015748143 ) ;
#2766 = VERTEX_POINT ( 'NONE', #2268 ) ;
#2767 = ORIENTED_EDGE ( 'NONE', *, *, #3030, .T. ) ;
#2768 = VECTOR ( 'NONE', #1814, 39.37007874015748143 ) ;
#2769 = PERSON_AND_ORGANIZATION_ROLE ( 'design_supplier' ) ;
#2770 = CIRCLE ( 'NONE', #2721, 0.2499999999999989730 ) ;
#2771 = FACE_OUTER_BOUND ( 'NONE', #999, .T. ) ;
#2772 = EDGE_CURVE ( 'NONE', #1720, #1406, #1152, .T. ) ;
#2773 = LINE ( 'NONE', #425, #543 ) ;
#2774 = ADVANCED_FACE ( 'NONE', ( #2338 ), #933, .T. ) ;
#2775 = CARTESIAN_POINT ( 'NONE',  ( -0.5500000000000000444, 1.699999999999999067, 0.2500000000000000000 ) ) ;
#2776 = ORIENTED_EDGE ( 'NONE', *, *, #2772, .F. ) ;
#2777 = DIRECTION ( 'NONE',  ( 0.000000000000000000, 0.000000000000000000, 1.000000000000000000 ) ) ;
#2778 = CARTESIAN_POINT ( 'NONE',  ( 2.950000000000001066, -0.06666666666666604124, 0.2500000000000000000 ) ) ;
#2779 = DIRECTION ( 'NONE',  ( 0.000000000000000000, 0.000000000000000000, -1.000000000000000000 ) ) ;
#2780 = DIRECTION ( 'NONE',  ( -1.000000000000000000, 0.000000000000000000, 0.000000000000000000 ) ) ;
#2781 = ORIENTED_EDGE ( 'NONE', *, *, #2103, .T. ) ;
#2782 = CARTESIAN_POINT ( 'NONE',  ( -0.7415111107797437429, 4.302631290847216405, -3.937007874016270969E-05 ) ) ;
#2783 = ORIENTED_EDGE ( 'NONE', *, *, #667, .T. ) ;
#2784 = ORIENTED_EDGE ( 'NONE', *, *, #31, .F. ) ;
#2785 = COORDINATED_UNIVERSAL_TIME_OFFSET ( 8, 0, .BEHIND. ) ;
#2786 = EDGE_CURVE ( 'NONE', #2213, #103, #2353, .T. ) ;
#2787 = CYLINDRICAL_SURFACE ( 'NONE', #167, 0.2500000000000000555 ) ;
#2788 = AXIS2_PLACEMENT_3D ( 'NONE', #438, #2553, #2343 ) ;
#2789 = DIRECTION ( 'NONE',  ( -1.000000000000000000, 0.000000000000000000, 0.000000000000000000 ) ) ;
#2790 = CIRCLE ( 'NONE', #1809, 0.06692913385826744499 ) ;
#2791 = DIRECTION ( 'NONE',  ( -0.000000000000000000, -0.000000000000000000, 1.000000000000000000 ) ) ;
#2792 = EDGE_LOOP ( 'NONE', ( #2369, #88, #483, #1587 ) ) ;
#2793 = EDGE_CURVE ( 'NONE', #1090, #943, #1469, .T. ) ;
#2794 = DIRECTION ( 'NONE',  ( -0.000000000000000000, -0.000000000000000000, -1.000000000000000000 ) ) ;
#2795 = DIRECTION ( 'NONE',  ( -6.829619984160665935E-16, -1.000000000000000000, 0.000000000000000000 ) ) ;
#2796 = CIRCLE ( 'NONE', #1376, 0.06692913385826772255 ) ;
#2797 = DIRECTION ( 'NONE',  ( -6.829619984160665935E-16, -1.000000000000000000, 0.000000000000000000 ) ) ;
#2798 = CARTESIAN_POINT ( 'NONE',  ( 0.5500000000000001554, 0.3999999999999999667, 0.000000000000000000 ) ) ;
#2799 = VERTEX_POINT ( 'NONE', #1236 ) ;
#2800 = CARTESIAN_POINT ( 'NONE',  ( 0.9500000000000006217, -1.700000000000000400, -3.937007874016270969E-05 ) ) ;
#2801 = ORIENTED_EDGE ( 'NONE', *, *, #2398, .F. ) ;
#2802 = ORIENTED_EDGE ( 'NONE', *, *, #952, .T. ) ;
#2803 = PERSON_AND_ORGANIZATION_ROLE ( 'creator' ) ;
#2804 = DIRECTION ( 'NONE',  ( -0.8000000000000000444, -0.6000000000000000888, 0.000000000000000000 ) ) ;
#2805 = EDGE_CURVE ( 'NONE', #279, #2962, #2229, .T. ) ;
#2806 = CARTESIAN_POINT ( 'NONE',  ( 2.750000000000000888, 0.08333333333333375892, 0.000000000000000000 ) ) ;
#2807 = DIRECTION ( 'NONE',  ( -1.000000000000000000, 0.000000000000000000, 0.000000000000000000 ) ) ;
#2808 = CARTESIAN_POINT ( 'NONE',  ( -1.066929133858267154, -1.875000000000000888, 0.000000000000000000 ) ) ;
#2809 = ORIENTED_EDGE ( 'NONE', *, *, #751, .F. ) ;
#2810 = DIRECTION ( 'NONE',  ( 0.000000000000000000, 0.000000000000000000, 1.000000000000000000 ) ) ;
#2811 = CYLINDRICAL_SURFACE ( 'NONE', #1894, 0.2499999999999998057 ) ;
#2812 = DIRECTION ( 'NONE',  ( 1.000000000000000000, 0.000000000000000000, 0.000000000000000000 ) ) ;
#2813 = CARTESIAN_POINT ( 'NONE',  ( -1.750000000000000444, -0.1499999999999999667, 0.2500000000000000000 ) ) ;
#2814 = EDGE_CURVE ( 'NONE', #1084, #166, #2518, .T. ) ;
#2815 = ORIENTED_EDGE ( 'NONE', *, *, #567, .F. ) ;
#2816 = DIRECTION ( 'NONE',  ( -1.000000000000000000, 0.000000000000000000, 0.000000000000000000 ) ) ;
#2817 = ORIENTED_EDGE ( 'NONE', *, *, #2074, .T. ) ;
#2818 = CARTESIAN_POINT ( 'NONE',  ( -0.9500000000000008438, -0.1499999999999999667, -2.121320343559642829 ) ) ;
#2819 = APPROVAL_DATE_TIME ( #1178, #2263 ) ;
#2820 = AXIS2_PLACEMENT_3D ( 'NONE', #1662, #1416, #1875 ) ;
#2821 = DIRECTION ( 'NONE',  ( -0.000000000000000000, -0.000000000000000000, 1.000000000000000000 ) ) ;
#2822 = ORIENTED_EDGE ( 'NONE', *, *, #1539, .F. ) ;
#2823 = DIRECTION ( 'NONE',  ( -0.000000000000000000, -0.000000000000000000, 1.000000000000000000 ) ) ;
#2824 = CARTESIAN_POINT ( 'NONE',  ( 1.554253437320114895, 3.448745145972105686, -5.303588500244433124E-17 ) ) ;
#2825 = VECTOR ( 'NONE', #857, 39.37007874015748143 ) ;
#2826 = CARTESIAN_POINT ( 'NONE',  ( -0.9999999999999996669, -1.875000000000000888, 0.2500000000000000000 ) ) ;
#2827 = ORIENTED_EDGE ( 'NONE', *, *, #824, .F. ) ;
#2828 = AXIS2_PLACEMENT_3D ( 'NONE', #258, #1385, #2096 ) ;
#2829 = CARTESIAN_POINT ( 'NONE',  ( 2.137521447539535657, 1.999999999999999334, 0.000000000000000000 ) ) ;
#2830 = CARTESIAN_POINT ( 'NONE',  ( -2.400000000000001243, -0.2999999999999998779, 0.000000000000000000 ) ) ;
#2831 = DIRECTION ( 'NONE',  ( -1.000000000000000000, 0.000000000000000000, 0.000000000000000000 ) ) ;
#2832 = DIRECTION ( 'NONE',  ( 0.000000000000000000, 0.000000000000000000, 1.000000000000000000 ) ) ;
#2833 = VERTEX_POINT ( 'NONE', #1016 ) ;
#2834 = AXIS2_PLACEMENT_3D ( 'NONE', #2121, #1924, #1719 ) ;
#2835 = DIRECTION ( 'NONE',  ( -1.000000000000000000, 0.000000000000000000, 0.000000000000000000 ) ) ;
#2836 = CARTESIAN_POINT ( 'NONE',  ( 0.5641990440948118080, 4.902874540044387608, 0.2500000000000000000 ) ) ;
#2837 = EDGE_LOOP ( 'NONE', ( #1672, #2191 ) ) ;
#2838 = DIRECTION ( 'NONE',  ( 0.000000000000000000, 0.000000000000000000, 1.000000000000000000 ) ) ;
#2839 = LINE ( 'NONE', #2124, #1590 ) ;
#2840 = VECTOR ( 'NONE', #1722, 39.37007874015748143 ) ;
#2841 = LINE ( 'NONE', #978, #2575 ) ;
#2842 = EDGE_CURVE ( 'NONE', #1090, #1064, #2862, .T. ) ;
#2843 = ORIENTED_EDGE ( 'NONE', *, *, #512, .F. ) ;
#2844 = DIRECTION ( 'NONE',  ( 0.000000000000000000, -1.000000000000000000, 0.000000000000000000 ) ) ;
#2845 = CIRCLE ( 'NONE', #1520, 0.2499999999999998057 ) ;
#2846 = DIRECTION ( 'NONE',  ( -1.000000000000000000, 0.000000000000000000, 0.000000000000000000 ) ) ;
#2847 = ADVANCED_FACE ( 'NONE', ( #1699 ), #8, .F. ) ;
#2848 = DIRECTION ( 'NONE',  ( -1.000000000000000000, 0.000000000000000000, 0.000000000000000000 ) ) ;
#2849 = DIRECTION ( 'NONE',  ( -1.000000000000000000, 0.000000000000000000, 0.000000000000000000 ) ) ;
#2850 = AXIS2_PLACEMENT_3D ( 'NONE', #791, #1738, #2023 ) ;
#2851 = ORIENTED_EDGE ( 'NONE', *, *, #2214, .F. ) ;
#2852 = CARTESIAN_POINT ( 'NONE',  ( 1.688111705036649202, 3.448745145972105686, -5.303588500244433124E-17 ) ) ;
#2853 = ORIENTED_EDGE ( 'NONE', *, *, #2665, .T. ) ;
#2854 = CARTESIAN_POINT ( 'NONE',  ( -0.2999999999999963252, 2.250000000000001332, 0.2500000000000000000 ) ) ;
#2855 = CIRCLE ( 'NONE', #584, 0.06692913385826718131 ) ;
#2856 = EDGE_CURVE ( 'NONE', #303, #843, #272, .T. ) ;
#2857 = LINE ( 'NONE', #746, #2761 ) ;
#2858 = DIRECTION ( 'NONE',  ( -1.000000000000000000, 0.000000000000000000, 0.000000000000000000 ) ) ;
#2859 = EDGE_CURVE ( 'NONE', #810, #1870, #2128, .T. ) ;
#2860 = ORIENTED_EDGE ( 'NONE', *, *, #1694, .T. ) ;
#2861 = EDGE_CURVE ( 'NONE', #2528, #1845, #351, .T. ) ;
#2862 = LINE ( 'NONE', #69, #897 ) ;
#2863 = AXIS2_PLACEMENT_3D ( 'NONE', #2465, #582, #2182 ) ;
#2864 = DIRECTION ( 'NONE',  ( -1.000000000000000000, 0.000000000000000000, 0.000000000000000000 ) ) ;
#2865 = CARTESIAN_POINT ( 'NONE',  ( 2.700000000000000178, 0.6499999999999999112, -3.937007874016270969E-05 ) ) ;
#2866 = ORIENTED_EDGE ( 'NONE', *, *, #2661, .T. ) ;
#2867 = CARTESIAN_POINT ( 'NONE',  ( -1.750000000000000444, -0.7500000000000008882, 0.000000000000000000 ) ) ;
#2868 = EDGE_LOOP ( 'NONE', ( #1287, #571, #1328, #2511 ) ) ;
#2869 = CARTESIAN_POINT ( 'NONE',  ( 0.5500000000000000444, 1.699999999999999067, 0.000000000000000000 ) ) ;
#2870 = AXIS2_PLACEMENT_3D ( 'NONE', #2871, #1232, #1396 ) ;
#2871 = CARTESIAN_POINT ( 'NONE',  ( -2.137521447539539210, 2.250000000000001332, 0.2500000000000000000 ) ) ;
#2872 = EDGE_CURVE ( 'NONE', #59, #575, #841, .T. ) ;
#2873 = CARTESIAN_POINT ( 'NONE',  ( -0.5500000000000000444, 0.3999999999999999667, 0.2500000000000000000 ) ) ;
#2874 = VERTEX_POINT ( 'NONE', #1248 ) ;
#2875 = VECTOR ( 'NONE', #170, 39.37007874015748143 ) ;
#2876 = CIRCLE ( 'NONE', #846, 0.2499999999999998057 ) ;
#2877 = DIRECTION ( 'NONE',  ( -0.7660444431189746828, 0.6427876096865434707, 0.000000000000000000 ) ) ;
#2878 = VECTOR ( 'NONE', #2760, 39.37007874015748143 ) ;
#2879 = DIRECTION ( 'NONE',  ( -0.000000000000000000, -0.000000000000000000, -1.000000000000000000 ) ) ;
#2880 = DIRECTION ( 'NONE',  ( -0.000000000000000000, -0.000000000000000000, -1.000000000000000000 ) ) ;
#2881 = ORIENTED_EDGE ( 'NONE', *, *, #1839, .F. ) ;
#2882 = ADVANCED_FACE ( 'NONE', ( #2173 ), #948, .F. ) ;
#2883 = EDGE_LOOP ( 'NONE', ( #1201, #2335, #961, #2432 ) ) ;
#2884 = FACE_OUTER_BOUND ( 'NONE', #2911, .T. ) ;
#2885 = ORIENTED_EDGE ( 'NONE', *, *, #567, .T. ) ;
#2886 = CARTESIAN_POINT ( 'NONE',  ( -2.750000000000000888, 0.08333333333333362014, 0.2500000000000000000 ) ) ;
#2887 = ADVANCED_FACE ( 'NONE', ( #2159 ), #1188, .F. ) ;
#2888 = DIRECTION ( 'NONE',  ( -0.000000000000000000, -0.000000000000000000, -1.000000000000000000 ) ) ;
#2889 = CARTESIAN_POINT ( 'NONE',  ( -0.2999999999999963252, 2.250000000000001332, -3.937007874016270969E-05 ) ) ;
#2890 = VERTEX_POINT ( 'NONE', #1202 ) ;
#2891 = DIRECTION ( 'NONE',  ( 0.000000000000000000, 0.000000000000000000, 1.000000000000000000 ) ) ;
#2892 = AXIS2_PLACEMENT_3D ( 'NONE', #1423, #868, #1885 ) ;
#2893 = CARTESIAN_POINT ( 'NONE',  ( 2.137521447539539210, 2.250000000000001332, 0.2500000000000000000 ) ) ;
#2894 = VECTOR ( 'NONE', #1887, 39.37007874015748143 ) ;
#2895 = DIRECTION ( 'NONE',  ( 0.000000000000000000, 0.000000000000000000, 1.000000000000000000 ) ) ;
#2896 = ORIENTED_EDGE ( 'NONE', *, *, #751, .T. ) ;
#2897 = ORIENTED_EDGE ( 'NONE', *, *, #2561, .T. ) ;
#2898 = PLANE ( 'NONE',  #313 ) ;
#2899 = AXIS2_PLACEMENT_3D ( 'NONE', #2443, #2933, #2958 ) ;
#2900 = ORIENTED_EDGE ( 'NONE', *, *, #2814, .T. ) ;
#2901 = LINE ( 'NONE', #93, #1762 ) ;
#2902 = CARTESIAN_POINT ( 'NONE',  ( -1.200000000000000622, -1.450000000000000400, 0.2500000000000000000 ) ) ;
#2903 = LINE ( 'NONE', #323, #2499 ) ;
#2904 = VERTEX_POINT ( 'NONE', #1001 ) ;
#2905 = ORIENTED_EDGE ( 'NONE', *, *, #537, .T. ) ;
#2906 = DIRECTION ( 'NONE',  ( -0.000000000000000000, -0.000000000000000000, -1.000000000000000000 ) ) ;
#2907 = FACE_BOUND ( 'NONE', #157, .T. ) ;
#2908 = AXIS2_PLACEMENT_3D ( 'NONE', #1146, #2088, #34 ) ;
#2909 = CC_DESIGN_DATE_AND_TIME_ASSIGNMENT ( #709, #1144, ( #2455 ) ) ;
#2910 = ADVANCED_FACE ( 'NONE', ( #1915 ), #501, .F. ) ;
#2911 = EDGE_LOOP ( 'NONE', ( #1050, #1836, #568, #1042 ) ) ;
#2912 = CARTESIAN_POINT ( 'NONE',  ( -1.200000000000000622, 0.09999999999999951983, 0.2500000000000000000 ) ) ;
#2913 = EDGE_CURVE ( 'NONE', #1064, #1487, #3008, .T. ) ;
#2914 = ORIENTED_EDGE ( 'NONE', *, *, #2949, .T. ) ;
#2915 = CARTESIAN_POINT ( 'NONE',  ( 3.000000000000000444, 1.909007441433447472, 0.2500000000000000000 ) ) ;
#2916 = LINE ( 'NONE', #2442, #2840 ) ;
#2917 = DIRECTION ( 'NONE',  ( 0.000000000000000000, 0.000000000000000000, 1.000000000000000000 ) ) ;
#2918 = VECTOR ( 'NONE', #2331, 39.37007874015748143 ) ;
#2919 = VERTEX_POINT ( 'NONE', #749 ) ;
#2920 = AXIS2_PLACEMENT_3D ( 'NONE', #2580, #2746, #879 ) ;
#2921 = AXIS2_PLACEMENT_3D ( 'NONE', #138, #588, #2016 ) ;
#2922 = ORIENTED_EDGE ( 'NONE', *, *, #2589, .F. ) ;
#2923 = DIRECTION ( 'NONE',  ( -0.000000000000000000, -0.000000000000000000, -1.000000000000000000 ) ) ;
#2924 = ADVANCED_FACE ( 'NONE', ( #2417 ), #2187, .F. ) ;
#2925 = DIRECTION ( 'NONE',  ( 1.000000000000000000, 0.000000000000000000, 0.000000000000000000 ) ) ;
#2926 = AXIS2_PLACEMENT_3D ( 'NONE', #747, #1711, #526 ) ;
#2927 = VERTEX_POINT ( 'NONE', #2829 ) ;
#2928 = VERTEX_POINT ( 'NONE', #718 ) ;
#2929 = CARTESIAN_POINT ( 'NONE',  ( -1.375000000000000444, -1.750000000000000444, 0.000000000000000000 ) ) ;
#2930 = EDGE_CURVE ( 'NONE', #419, #2833, #1495, .T. ) ;
#2931 = VERTEX_POINT ( 'NONE', #544 ) ;
#2932 = DIRECTION ( 'NONE',  ( -1.000000000000000000, 0.000000000000000000, 0.000000000000000000 ) ) ;
#2933 = DIRECTION ( 'NONE',  ( -0.000000000000000000, -0.000000000000000000, -1.000000000000000000 ) ) ;
#2934 = ADVANCED_FACE ( 'NONE', ( #2430 ), #2659, .T. ) ;
#2935 = ORIENTED_EDGE ( 'NONE', *, *, #45, .T. ) ;
#2936 = FACE_BOUND ( 'NONE', #2251, .T. ) ;
#2937 = FACE_BOUND ( 'NONE', #2502, .T. ) ;
#2938 = AXIS2_PLACEMENT_3D ( 'NONE', #2099, #401, #2816 ) ;
#2939 = EDGE_CURVE ( 'NONE', #1529, #2322, #50, .T. ) ;
#2940 = VECTOR ( 'NONE', #2603, 39.37007874015748143 ) ;
#2941 = EDGE_LOOP ( 'NONE', ( #1214, #2638, #1797, #1167 ) ) ;
#2942 = ORIENTED_EDGE ( 'NONE', *, *, #1048, .T. ) ;
#2943 = CARTESIAN_POINT ( 'NONE',  ( 2.137521447539539210, 2.250000000000001332, 0.000000000000000000 ) ) ;
#2944 = EDGE_CURVE ( 'NONE', #1350, #2874, #994, .T. ) ;
#2945 = ORIENTED_EDGE ( 'NONE', *, *, #1676, .T. ) ;
#2946 = CARTESIAN_POINT ( 'NONE',  ( -2.200000000000001066, 0.09999999999999947820, 0.000000000000000000 ) ) ;
#2947 = EDGE_CURVE ( 'NONE', #1085, #222, #1199, .T. ) ;
#2948 = EDGE_CURVE ( 'NONE', #2172, #2919, #2839, .T. ) ;
#2949 = EDGE_CURVE ( 'NONE', #831, #2289, #1928, .T. ) ;
#2950 = ORIENTED_EDGE ( 'NONE', *, *, #619, .F. ) ;
#2951 = EDGE_LOOP ( 'NONE', ( #2029, #931, #1425, #1077, #256, #922, #1546, #2326 ) ) ;
#2952 = DIRECTION ( 'NONE',  ( -1.000000000000000000, 0.000000000000000000, 0.000000000000000000 ) ) ;
#2953 = AXIS2_PLACEMENT_3D ( 'NONE', #1456, #259, #2848 ) ;
#2954 = CARTESIAN_POINT ( 'NONE',  ( 1.066929133858267154, -1.875000000000000888, 0.000000000000000000 ) ) ;
#2955 = VERTEX_POINT ( 'NONE', #733 ) ;
#2956 = EDGE_LOOP ( 'NONE', ( #1786, #1939, #1659, #819 ) ) ;
#2957 = EDGE_LOOP ( 'NONE', ( #1542, #2975, #2461, #2092 ) ) ;
#2958 = DIRECTION ( 'NONE',  ( -1.000000000000000000, 0.000000000000000000, 0.000000000000000000 ) ) ;
#2959 = CYLINDRICAL_SURFACE ( 'NONE', #1402, 0.2500000000000000555 ) ;
#2960 = EDGE_CURVE ( 'NONE', #587, #1605, #3037, .T. ) ;
#2961 = ORIENTED_EDGE ( 'NONE', *, *, #1757, .F. ) ;
#2962 = VERTEX_POINT ( 'NONE', #2824 ) ;
#2963 = DIRECTION ( 'NONE',  ( -1.000000000000000000, 0.000000000000000000, 0.000000000000000000 ) ) ;
#2964 = FACE_BOUND ( 'NONE', #2707, .T. ) ;
#2965 = APPLICATION_CONTEXT ( 'configuration controlled 3d designs of mechanical parts and assemblies' ) ;
#2966 = ORIENTED_EDGE ( 'NONE', *, *, #344, .T. ) ;
#2967 = DIRECTION ( 'NONE',  ( -1.000000000000000000, 0.000000000000000000, 0.000000000000000000 ) ) ;
#2968 = VECTOR ( 'NONE', #2612, 39.37007874015748143 ) ;
#2969 = ORIENTED_EDGE ( 'NONE', *, *, #2214, .T. ) ;
#2970 = ORIENTED_EDGE ( 'NONE', *, *, #406, .F. ) ;
#2971 = DIRECTION ( 'NONE',  ( 0.000000000000000000, -1.000000000000000000, -0.000000000000000000 ) ) ;
#2972 = EDGE_CURVE ( 'NONE', #1031, #1624, #1147, .T. ) ;
#2973 = LINE ( 'NONE', #2314, #1442 ) ;
#2974 = VERTEX_POINT ( 'NONE', #1165 ) ;
#2975 = ORIENTED_EDGE ( 'NONE', *, *, #2294, .T. ) ;
#2976 = CARTESIAN_POINT ( 'NONE',  ( -1.575000000000000178, -1.900000000000000799, 0.2500000000000000000 ) ) ;
#2977 = DIRECTION ( 'NONE',  ( 1.000000000000000000, -5.162477643180737908E-16, 0.000000000000000000 ) ) ;
#2978 = LINE ( 'NONE', #156, #1365 ) ;
#2979 = ORIENTED_EDGE ( 'NONE', *, *, #395, .T. ) ;
#2980 = FACE_OUTER_BOUND ( 'NONE', #980, .T. ) ;
#2981 = AXIS2_PLACEMENT_3D ( 'NONE', #2698, #814, #1530 ) ;
#2982 = ORIENTED_EDGE ( 'NONE', *, *, #517, .F. ) ;
#2983 = ORIENTED_EDGE ( 'NONE', *, *, #1865, .F. ) ;
#2984 = VECTOR ( 'NONE', #1207, 39.37007874015748143 ) ;
#2985 = CARTESIAN_POINT ( 'NONE',  ( -1.200000000000000622, -1.450000000000000400, 0.000000000000000000 ) ) ;
#2986 = DIRECTION ( 'NONE',  ( 1.000000000000000000, 0.000000000000000000, 0.000000000000000000 ) ) ;
#2987 = AXIS2_PLACEMENT_3D ( 'NONE', #46, #232, #990 ) ;
#2988 = CARTESIAN_POINT ( 'NONE',  ( -1.066929133858267376, -1.875000000000000888, 0.2500000000000000000 ) ) ;
#2989 = EDGE_LOOP ( 'NONE', ( #1551, #2722, #1430, #1060 ) ) ;
#2990 = DIRECTION ( 'NONE',  ( -1.000000000000000000, 0.000000000000000000, 0.000000000000000000 ) ) ;
#2991 = FACE_OUTER_BOUND ( 'NONE', #825, .T. ) ;
#2992 = CARTESIAN_POINT ( 'NONE',  ( -0.5500000000000000444, 0.6499999999999999112, -3.937007874016270969E-05 ) ) ;
#2993 = CARTESIAN_POINT ( 'NONE',  ( 0.9999999999999996669, -1.875000000000000888, -5.303588500244433124E-17 ) ) ;
#2994 = ORIENTED_EDGE ( 'NONE', *, *, #1047, .F. ) ;
#2995 = CARTESIAN_POINT ( 'NONE',  ( -2.941929133858268486, 0.2499999999999995282, 0.000000000000000000 ) ) ;
#2996 = EDGE_CURVE ( 'NONE', #1573, #644, #2857, .T. ) ;
#2997 = ORIENTED_EDGE ( 'NONE', *, *, #725, .T. ) ;
#2998 = EDGE_CURVE ( 'NONE', #2720, #2904, #262, .T. ) ;
#2999 = ORIENTED_EDGE ( 'NONE', *, *, #1541, .T. ) ;
#3000 = APPROVAL_ROLE ( '' ) ;
#3001 = PLANE ( 'NONE',  #1911 ) ;
#3002 = CARTESIAN_POINT ( 'NONE',  ( 2.808070866141733291, 0.2499999999999995282, -5.303588500244433124E-17 ) ) ;
#3003 = CARTESIAN_POINT ( 'NONE',  ( -0.7086079201634136737, 4.730774743187141418, 0.2500000000000000000 ) ) ;
#3004 = ORIENTED_EDGE ( 'NONE', *, *, #456, .F. ) ;
#3005 = CARTESIAN_POINT ( 'NONE',  ( -2.950000000000001066, -0.06666666666666636043, 0.000000000000000000 ) ) ;
#3006 = LINE ( 'NONE', #397, #1205 ) ;
#3007 = DIRECTION ( 'NONE',  ( -0.000000000000000000, -0.000000000000000000, 1.000000000000000000 ) ) ;
#3008 = CIRCLE ( 'NONE', #1051, 0.2500000000000000555 ) ;
#3009 = EDGE_CURVE ( 'NONE', #2591, #1496, #1216, .T. ) ;
#3010 = DIRECTION ( 'NONE',  ( -1.000000000000000000, 0.000000000000000000, 0.000000000000000000 ) ) ;
#3011 = ORIENTED_EDGE ( 'NONE', *, *, #1048, .F. ) ;
#3012 = LINE ( 'NONE', #2357, #2401 ) ;
#3013 = AXIS2_PLACEMENT_3D ( 'NONE', #485, #241, #286 ) ;
#3014 = ORIENTED_EDGE ( 'NONE', *, *, #2618, .F. ) ;
#3015 = VERTEX_POINT ( 'NONE', #219 ) ;
#3016 = AXIS2_PLACEMENT_3D ( 'NONE', #546, #2689, #2952 ) ;
#3017 = APPROVAL_STATUS ( 'not_yet_approved' ) ;
#3018 = CIRCLE ( 'NONE', #1462, 0.06692913385826772255 ) ;
#3019 = EDGE_CURVE ( 'NONE', #1535, #748, #754, .T. ) ;
#3020 = CARTESIAN_POINT ( 'NONE',  ( -2.750000000000000444, 1.909007441433447694, 0.2500000000000000000 ) ) ;
#3021 = LINE ( 'NONE', #1378, #2071 ) ;
#3022 = LINE ( 'NONE', #2576, #2825 ) ;
#3023 = ORIENTED_EDGE ( 'NONE', *, *, #1610, .F. ) ;
#3024 = LINE ( 'NONE', #188, #1153 ) ;
#3025 = DIRECTION ( 'NONE',  ( 1.000000000000000000, -3.594536833768766614E-17, 0.000000000000000000 ) ) ;
#3026 = DIRECTION ( 'NONE',  ( -1.000000000000000000, 0.000000000000000000, 0.000000000000000000 ) ) ;
#3027 = CARTESIAN_POINT ( 'NONE',  ( 0.9500000000000008438, 0.1000000000000000194, 0.2500000000000000000 ) ) ;
#3028 = ORIENTED_EDGE ( 'NONE', *, *, #1443, .F. ) ;
#3029 = FACE_OUTER_BOUND ( 'NONE', #627, .T. ) ;
#3030 = EDGE_CURVE ( 'NONE', #522, #2008, #465, .T. ) ;
#3031 = VERTEX_POINT ( 'NONE', #696 ) ;
#3032 = CARTESIAN_POINT ( 'NONE',  ( 2.875000000000000888, 1.749999999999999556, 0.2500000000000000000 ) ) ;
#3033 = APPROVAL_DATE_TIME ( #197, #119 ) ;
#3034 = CARTESIAN_POINT ( 'NONE',  ( -0.5499999999999971578, 2.250000000000001332, -3.937007874016270969E-05 ) ) ;
#3035 = CIRCLE ( 'NONE', #2981, 0.2499999999999998057 ) ;
#3036 = FACE_OUTER_BOUND ( 'NONE', #1095, .T. ) ;
#3037 = LINE ( 'NONE', #1893, #2471 ) ;
#3038 = CARTESIAN_POINT ( 'NONE',  ( 2.875000000000000888, 1.749999999999999556, -5.303588500244433124E-17 ) ) ;
#3039 = EDGE_CURVE ( 'NONE', #765, #2608, #1681, .T. ) ;
#3040 = EDGE_CURVE ( 'NONE', #1198, #2172, #1693, .T. ) ;
#3041 = VERTEX_POINT ( 'NONE', #2170 ) ;
#3042 = CARTESIAN_POINT ( 'NONE',  ( -1.500000000000000444, -2.000000000000000444, 0.2500000000000000000 ) ) ;
#3043 = DIRECTION ( 'NONE',  ( 0.000000000000000000, 0.000000000000000000, -1.000000000000000000 ) ) ;
#3044 = AXIS2_PLACEMENT_3D ( 'NONE', #2356, #651, #433 ) ;
#3045 = DIRECTION ( 'NONE',  ( -1.000000000000000000, 1.092739197465696610E-15, 0.000000000000000000 ) ) ;
#3046 = EDGE_CURVE ( 'NONE', #1067, #1312, #253, .T. ) ;
#3047 = DIRECTION ( 'NONE',  ( -1.000000000000000000, 0.000000000000000000, 0.000000000000000000 ) ) ;
#3048 = ORIENTED_EDGE ( 'NONE', *, *, #1781, .T. ) ;
#3049 = DIRECTION ( 'NONE',  ( -0.000000000000000000, -0.000000000000000000, -1.000000000000000000 ) ) ;
#3050 = ORIENTED_EDGE ( 'NONE', *, *, #698, .T. ) ;
#3051 = CARTESIAN_POINT ( 'NONE',  ( -0.2999999999999963252, 2.250000000000001332, 0.2500000000000000000 ) ) ;
#3052 = PERSON_AND_ORGANIZATION_ROLE ( 'classification_officer' ) ;
ENDSEC;
END-ISO-10303-21;
