ISO-10303-21;
HEADER;
FILE_DESCRIPTION (( 'STEP AP203' ),
    '1' );
FILE_NAME ('Internal Walls.STEP',
    '2026-03-20T23:17:46',
    ( '' ),
    ( '' ),
    'SwSTEP 2.0',
    'SolidWorks 2025',
    '' );
FILE_SCHEMA (( 'CONFIG_CONTROL_DESIGN' ));
ENDSEC;

DATA;
#1 = DIRECTION ( 'NONE',  ( 0.000000000000000000, 0.000000000000000000, 1.000000000000000000 ) ) ;
#2 = ORIENTED_EDGE ( 'NONE', *, *, #1747, .T. ) ;
#3 = DIRECTION ( 'NONE',  ( 0.000000000000000000, -1.000000000000000000, 5.919874639972142603E-16 ) ) ;
#4 = AXIS2_PLACEMENT_3D ( 'NONE', #248, #1294, #276 ) ;
#5 = CARTESIAN_POINT ( 'NONE',  ( 1.350000000000000089, -0.8499999999999887645, 2.275000000000140243 ) ) ;
#6 = DIRECTION ( 'NONE',  ( 0.000000000000000000, 0.000000000000000000, -1.000000000000000000 ) ) ;
#7 = VECTOR ( 'NONE', #874, 39.37007874015748143 ) ;
#8 = EDGE_CURVE ( 'NONE', #1916, #314, #1776, .T. ) ;
#9 = AXIS2_PLACEMENT_3D ( 'NONE', #17, #611, #1073 ) ;
#10 = ORIENTED_EDGE ( 'NONE', *, *, #1337, .F. ) ;
#11 = EDGE_CURVE ( 'NONE', #1141, #564, #1675, .T. ) ;
#12 = VECTOR ( 'NONE', #1755, 39.37007874015748143 ) ;
#13 = ORIENTED_EDGE ( 'NONE', *, *, #618, .T. ) ;
#14 = APPROVAL_STATUS ( 'not_yet_approved' ) ;
#15 = CARTESIAN_POINT ( 'NONE',  ( 1.350000000000000089, -1.874999999999995337, 0.000000000000000000 ) ) ;
#16 = DIRECTION ( 'NONE',  ( 0.000000000000000000, -1.000000000000000000, 0.000000000000000000 ) ) ;
#17 = CARTESIAN_POINT ( 'NONE',  ( 1.350000000000000089, -1.874999999999996003, 4.874999999999999112 ) ) ;
#18 = ORIENTED_EDGE ( 'NONE', *, *, #11, .F. ) ;
#19 = CARTESIAN_POINT ( 'NONE',  ( 0.1000000000000000056, -0.2499999999999877598, 6.999999999999981348 ) ) ;
#20 = VERTEX_POINT ( 'NONE', #36 ) ;
#21 = APPLICATION_PROTOCOL_DEFINITION ( 'international standard', 'config_control_design', 1994, #23 ) ;
#22 = ADVANCED_FACE ( 'NONE', ( #1649 ), #1487, .F. ) ;
#23 = APPLICATION_CONTEXT ( 'configuration controlled 3d designs of mechanical parts and assemblies' ) ;
#24 = CARTESIAN_POINT ( 'NONE',  ( 0.7000000000000000666, -1.074999999999996403, 5.875000000000140332 ) ) ;
#25 = CARTESIAN_POINT ( 'NONE',  ( 1.349999999999989209, -1.874999999999995337, 6.425000000000134825 ) ) ;
#26 = DIRECTION ( 'NONE',  ( 0.000000000000000000, -1.000000000000000000, -5.919874639972142603E-16 ) ) ;
#27 = FACE_OUTER_BOUND ( 'NONE', #1268, .T. ) ;
#28 = CARTESIAN_POINT ( 'NONE',  ( 0.7000000000000000666, -1.774999999999995470, 2.275000000000140243 ) ) ;
#29 = ORIENTED_EDGE ( 'NONE', *, *, #534, .T. ) ;
#30 = ORIENTED_EDGE ( 'NONE', *, *, #1686, .T. ) ;
#31 = DATE_AND_TIME ( #1773, #1157 ) ;
#32 = LINE ( 'NONE', #493, #570 ) ;
#33 = EDGE_CURVE ( 'NONE', #1787, #520, #1033, .T. ) ;
#34 = CARTESIAN_POINT ( 'NONE',  ( 0.5999999999999999778, -1.874999999999996003, 6.325000000000135181 ) ) ;
#35 = DIRECTION ( 'NONE',  ( 0.000000000000000000, 0.000000000000000000, -1.000000000000000000 ) ) ;
#36 = CARTESIAN_POINT ( 'NONE',  ( 0.1000000000000000056, -1.774999999999995470, 1.250000000000013767 ) ) ;
#37 = VECTOR ( 'NONE', #943, 39.37007874015748143 ) ;
#38 = CARTESIAN_POINT ( 'NONE',  ( 0.1000000000000000056, -1.874999999999995337, 3.474999999999997424 ) ) ;
#39 = VECTOR ( 'NONE', #1555, 39.37007874015748143 ) ;
#40 = ORIENTED_EDGE ( 'NONE', *, *, #1709, .F. ) ;
#41 = AXIS2_PLACEMENT_3D ( 'NONE', #1688, #64, #1232 ) ;
#42 = VERTEX_POINT ( 'NONE', #1501 ) ;
#43 = CIRCLE ( 'NONE', #482, 5.000000000000000000 ) ;
#44 = DIRECTION ( 'NONE',  ( 0.000000000000000000, 0.000000000000000000, 1.000000000000000000 ) ) ;
#45 = LINE ( 'NONE', #953, #390 ) ;
#46 = CARTESIAN_POINT ( 'NONE',  ( 0.1000000000000000056, -7.755511132637299632, 4.125000000000000000 ) ) ;
#47 = CARTESIAN_POINT ( 'NONE',  ( 0.5999999999999999778, -1.774999999999995470, 0.000000000000000000 ) ) ;
#48 = EDGE_CURVE ( 'NONE', #191, #1717, #1627, .T. ) ;
#49 = DIRECTION ( 'NONE',  ( 2.101421533587894366E-16, 1.000000000000000000, -0.000000000000000000 ) ) ;
#50 = ORIENTED_EDGE ( 'NONE', *, *, #687, .T. ) ;
#51 = VERTEX_POINT ( 'NONE', #903 ) ;
#52 = CARTESIAN_POINT ( 'NONE',  ( 0.1000000000000000056, -1.874999999999996003, 4.774999999999997691 ) ) ;
#53 = CARTESIAN_POINT ( 'NONE',  ( 1.350000000000000089, -4.075379793827247042E-16, 2.275000000000140243 ) ) ;
#54 = CARTESIAN_POINT ( 'NONE',  ( 0.6000000000000000888, -1.774999999999995470, 2.175000000000140155 ) ) ;
#55 = DESIGN_CONTEXT ( 'detailed design', #23, 'design' ) ;
#56 = CARTESIAN_POINT ( 'NONE',  ( 0.7000000000000000666, -1.774999999999995470, 5.975000000000138201 ) ) ;
#57 = FACE_OUTER_BOUND ( 'NONE', #1901, .T. ) ;
#58 = EDGE_CURVE ( 'NONE', #129, #1342, #782, .T. ) ;
#59 = ORIENTED_EDGE ( 'NONE', *, *, #168, .F. ) ;
#60 = EDGE_LOOP ( 'NONE', ( #1016, #119, #405, #144, #1349, #1652, #470, #1454, #585, #1258 ) ) ;
#61 = CARTESIAN_POINT ( 'NONE',  ( 0.7000000000000000666, -1.174999999999996270, 2.375000000000140776 ) ) ;
#62 = CARTESIAN_POINT ( 'NONE',  ( 1.350000000000000089, 0.000000000000000000, 5.975000000000139089 ) ) ;
#63 = DIRECTION ( 'NONE',  ( 1.000000000000000000, -0.000000000000000000, 0.000000000000000000 ) ) ;
#64 = DIRECTION ( 'NONE',  ( 1.000000000000000000, 0.000000000000000000, 0.000000000000000000 ) ) ;
#65 = CYLINDRICAL_SURFACE ( 'NONE', #839, 5.000000000000000000 ) ;
#66 = ORIENTED_EDGE ( 'NONE', *, *, #255, .T. ) ;
#67 = VECTOR ( 'NONE', #704, 39.37007874015748143 ) ;
#68 = EDGE_CURVE ( 'NONE', #114, #883, #791, .T. ) ;
#69 = VECTOR ( 'NONE', #1231, 39.37007874015748143 ) ;
#70 = ORIENTED_EDGE ( 'NONE', *, *, #743, .F. ) ;
#71 = ADVANCED_FACE ( 'NONE', ( #1193 ), #178, .T. ) ;
#72 = LINE ( 'NONE', #522, #1522 ) ;
#73 = VECTOR ( 'NONE', #924, 39.37007874015748143 ) ;
#74 = VECTOR ( 'NONE', #1893, 39.37007874015748143 ) ;
#75 = DIRECTION ( 'NONE',  ( 0.000000000000000000, 1.000000000000000000, 0.000000000000000000 ) ) ;
#76 = DIRECTION ( 'NONE',  ( 0.000000000000000000, 0.000000000000000000, -1.000000000000000000 ) ) ;
#77 = DIRECTION ( 'NONE',  ( 1.000000000000000000, 0.000000000000000000, 0.000000000000000000 ) ) ;
#78 = ORIENTED_EDGE ( 'NONE', *, *, #628, .T. ) ;
#79 = DIRECTION ( 'NONE',  ( -1.000000000000000000, 0.000000000000000000, 0.000000000000000000 ) ) ;
#80 = VERTEX_POINT ( 'NONE', #1202 ) ;
#81 = SECURITY_CLASSIFICATION ( '', '', #1801 ) ;
#82 = DIRECTION ( 'NONE',  ( -1.000000000000000000, -0.000000000000000000, -0.000000000000000000 ) ) ;
#83 = ADVANCED_FACE ( 'NONE', ( #27 ), #335, .F. ) ;
#84 = ORIENTED_EDGE ( 'NONE', *, *, #110, .T. ) ;
#85 = CARTESIAN_POINT ( 'NONE',  ( 0.1000000000000000056, -1.774999999999995470, 0.000000000000000000 ) ) ;
#86 = PLANE ( 'NONE',  #41 ) ;
#87 = CARTESIAN_POINT ( 'NONE',  ( 0.5999999999999997558, -1.874999999999996003, 6.075000000000138733 ) ) ;
#88 = VERTEX_POINT ( 'NONE', #631 ) ;
#89 = EDGE_LOOP ( 'NONE', ( #279, #259, #673, #1296 ) ) ;
#90 = DIRECTION ( 'NONE',  ( -0.000000000000000000, 0.000000000000000000, 1.000000000000000000 ) ) ;
#91 = LINE ( 'NONE', #683, #663 ) ;
#92 = ORIENTED_EDGE ( 'NONE', *, *, #618, .F. ) ;
#93 = DIRECTION ( 'NONE',  ( -1.000000000000000000, -0.000000000000000000, -0.000000000000000000 ) ) ;
#94 = ADVANCED_FACE ( 'NONE', ( #1214 ), #929, .T. ) ;
#95 = CARTESIAN_POINT ( 'NONE',  ( 0.5999999999999999778, -0.9499999999999886313, 6.999999999999988454 ) ) ;
#96 = CARTESIAN_POINT ( 'NONE',  ( 1.350000000000000089, -1.174999999999996492, 0.000000000000000000 ) ) ;
#97 = LINE ( 'NONE', #575, #867 ) ;
#98 = ORIENTED_EDGE ( 'NONE', *, *, #1237, .T. ) ;
#99 = CARTESIAN_POINT ( 'NONE',  ( 0.5999999999999999778, -3.500000000000081712, 6.325000000000135181 ) ) ;
#100 = ORIENTED_EDGE ( 'NONE', *, *, #1327, .F. ) ;
#101 = AXIS2_PLACEMENT_3D ( 'NONE', #1194, #479, #1887 ) ;
#102 = LINE ( 'NONE', #1097, #1012 ) ;
#103 = VERTEX_POINT ( 'NONE', #165 ) ;
#104 = DIRECTION ( 'NONE',  ( 0.000000000000000000, 0.000000000000000000, -1.000000000000000000 ) ) ;
#105 = AXIS2_PLACEMENT_3D ( 'NONE', #1784, #16, #320 ) ;
#106 = PLANE ( 'NONE',  #1434 ) ;
#107 = VECTOR ( 'NONE', #1600, 39.37007874015748143 ) ;
#108 = AXIS2_PLACEMENT_3D ( 'NONE', #672, #1438, #1421 ) ;
#109 = DIRECTION ( 'NONE',  ( 0.000000000000000000, 0.000000000000000000, 1.000000000000000000 ) ) ;
#110 = EDGE_CURVE ( 'NONE', #1787, #1248, #602, .T. ) ;
#111 = ORIENTED_EDGE ( 'NONE', *, *, #736, .T. ) ;
#112 = EDGE_CURVE ( 'NONE', #977, #913, #1246, .T. ) ;
#113 = VECTOR ( 'NONE', #1119, 39.37007874015748143 ) ;
#114 = VERTEX_POINT ( 'NONE', #1635 ) ;
#115 = DIRECTION ( 'NONE',  ( -0.000000000000000000, 1.000000000000000000, -2.118232905856536629E-14 ) ) ;
#116 = CARTESIAN_POINT ( 'NONE',  ( 0.7000000000000000666, -3.500000000000081712, 5.975000000000138201 ) ) ;
#117 = FACE_OUTER_BOUND ( 'NONE', #1869, .T. ) ;
#118 = FACE_OUTER_BOUND ( 'NONE', #1899, .T. ) ;
#119 = ORIENTED_EDGE ( 'NONE', *, *, #1298, .F. ) ;
#120 = EDGE_CURVE ( 'NONE', #878, #970, #771, .T. ) ;
#121 = ORIENTED_EDGE ( 'NONE', *, *, #1778, .T. ) ;
#122 = DIRECTION ( 'NONE',  ( 0.000000000000000000, -0.000000000000000000, -1.000000000000000000 ) ) ;
#123 = DIRECTION ( 'NONE',  ( 1.000000000000000000, 0.000000000000000000, 0.000000000000000000 ) ) ;
#124 = ORIENTED_EDGE ( 'NONE', *, *, #571, .T. ) ;
#125 = LINE ( 'NONE', #558, #205 ) ;
#126 = DIRECTION ( 'NONE',  ( -2.731847993664311043E-16, 0.000000000000000000, -1.000000000000000000 ) ) ;
#127 = CYLINDRICAL_SURFACE ( 'NONE', #563, 0.1000000000000000194 ) ;
#128 = ORIENTED_EDGE ( 'NONE', *, *, #605, .T. ) ;
#129 = VERTEX_POINT ( 'NONE', #1224 ) ;
#130 = ADVANCED_FACE ( 'NONE', ( #1658 ), #322, .F. ) ;
#131 = DIRECTION ( 'NONE',  ( 0.000000000000000000, -2.353592117618430567E-15, -1.000000000000000000 ) ) ;
#132 = ORIENTED_EDGE ( 'NONE', *, *, #702, .F. ) ;
#133 = LINE ( 'NONE', #116, #1799 ) ;
#134 = ADVANCED_FACE ( 'NONE', ( #1519 ), #518, .F. ) ;
#135 = AXIS2_PLACEMENT_3D ( 'NONE', #1638, #280, #1900 ) ;
#136 = LINE ( 'NONE', #457, #727 ) ;
#137 = VECTOR ( 'NONE', #126, 39.37007874015748143 ) ;
#138 = CARTESIAN_POINT ( 'NONE',  ( 1.350000000000000089, -1.874999999999995337, 4.374999999999981348 ) ) ;
#139 = VERTEX_POINT ( 'NONE', #525 ) ;
#140 = VECTOR ( 'NONE', #1090, 39.37007874015748143 ) ;
#141 = VERTEX_POINT ( 'NONE', #807 ) ;
#142 = DIRECTION ( 'NONE',  ( 0.000000000000000000, -1.000000000000000000, 0.000000000000000000 ) ) ;
#143 = CARTESIAN_POINT ( 'NONE',  ( 0.1000000000000000056, -7.755511132637299632, 4.125000000000000000 ) ) ;
#144 = ORIENTED_EDGE ( 'NONE', *, *, #1817, .T. ) ;
#145 = PERSON_AND_ORGANIZATION_ROLE ( 'classification_officer' ) ;
#146 = EDGE_CURVE ( 'NONE', #653, #554, #373, .T. ) ;
#147 = EDGE_CURVE ( 'NONE', #1916, #1698, #1495, .T. ) ;
#148 = DIRECTION ( 'NONE',  ( 0.000000000000000000, 0.000000000000000000, 1.000000000000000000 ) ) ;
#149 = CARTESIAN_POINT ( 'NONE',  ( 1.350000000000000089, -1.774999999999995470, 2.275000000000140243 ) ) ;
#150 = ORIENTED_EDGE ( 'NONE', *, *, #287, .F. ) ;
#151 = ORIENTED_EDGE ( 'NONE', *, *, #1486, .T. ) ;
#152 = PLANE ( 'NONE',  #1530 ) ;
#153 = ORIENTED_EDGE ( 'NONE', *, *, #1791, .F. ) ;
#154 = APPROVAL_ROLE ( '' ) ;
#155 = CYLINDRICAL_SURFACE ( 'NONE', #1740, 0.1000000000000000194 ) ;
#156 = ADVANCED_FACE ( 'NONE', ( #247 ), #86, .T. ) ;
#157 = CARTESIAN_POINT ( 'NONE',  ( 0.7000000000000000666, -0.9499999999999886313, 2.275000000000140243 ) ) ;
#158 = ORIENTED_EDGE ( 'NONE', *, *, #48, .T. ) ;
#159 = EDGE_CURVE ( 'NONE', #460, #1259, #1264, .T. ) ;
#160 = ORIENTED_EDGE ( 'NONE', *, *, #147, .F. ) ;
#161 = ORIENTED_EDGE ( 'NONE', *, *, #1548, .F. ) ;
#162 = LINE ( 'NONE', #15, #1834 ) ;
#163 = AXIS2_PLACEMENT_3D ( 'NONE', #1520, #49, #488 ) ;
#164 = PLANE ( 'NONE',  #1861 ) ;
#165 = CARTESIAN_POINT ( 'NONE',  ( 0.7000000000000000666, -1.774999999999995470, 3.874999999999980904 ) ) ;
#166 = VECTOR ( 'NONE', #1462, 39.37007874015748143 ) ;
#167 = VECTOR ( 'NONE', #1531, 39.37007874015748143 ) ;
#168 = EDGE_CURVE ( 'NONE', #1576, #129, #1386, .T. ) ;
#169 = ORIENTED_EDGE ( 'NONE', *, *, #857, .F. ) ;
#170 = AXIS2_PLACEMENT_3D ( 'NONE', #1622, #1148, #1167 ) ;
#171 = CARTESIAN_POINT ( 'NONE',  ( 1.350000000000000089, -0.2499999999999877598, 5.875000000000140332 ) ) ;
#172 = VERTEX_POINT ( 'NONE', #658 ) ;
#173 =( CONVERSION_BASED_UNIT ( 'INCH', #1360 ) LENGTH_UNIT ( ) NAMED_UNIT ( #361 ) );
#174 = PLANE ( 'NONE',  #1488 ) ;
#175 = LINE ( 'NONE', #53, #267 ) ;
#176 = CARTESIAN_POINT ( 'NONE',  ( 1.350000000000000089, -0.2499999999999877598, 2.275000000000140243 ) ) ;
#177 = PRODUCT_DEFINITION_FORMATION_WITH_SPECIFIED_SOURCE ( 'ANY', '', #537, .NOT_KNOWN. ) ;
#178 = PLANE ( 'NONE',  #388 ) ;
#179 = DIRECTION ( 'NONE',  ( 0.000000000000000000, -1.000000000000000000, 0.000000000000000000 ) ) ;
#180 = VERTEX_POINT ( 'NONE', #1705 ) ;
#181 = EDGE_CURVE ( 'NONE', #1045, #1720, #1394, .T. ) ;
#182 = VERTEX_POINT ( 'NONE', #56 ) ;
#183 =( NAMED_UNIT ( * ) PLANE_ANGLE_UNIT ( ) SI_UNIT ( $, .RADIAN. ) );
#184 = LINE ( 'NONE', #1535, #627 ) ;
#185 = CARTESIAN_POINT ( 'NONE',  ( 1.350000000000000089, -1.774999999999995470, 6.999999999999984013 ) ) ;
#186 = CARTESIAN_POINT ( 'NONE',  ( 1.350000000000000089, -1.874999999999996003, 4.774999999999997691 ) ) ;
#187 = CARTESIAN_POINT ( 'NONE',  ( 1.350000000000000089, -4.075379793827247042E-16, 2.275000000000140243 ) ) ;
#188 = CARTESIAN_POINT ( 'NONE',  ( 0.1000000000000000056, -4.075379793827247042E-16, 2.275000000000140243 ) ) ;
#189 = ORIENTED_EDGE ( 'NONE', *, *, #311, .T. ) ;
#190 = LINE ( 'NONE', #491, #1183 ) ;
#191 = VERTEX_POINT ( 'NONE', #1852 ) ;
#192 = EDGE_CURVE ( 'NONE', #1259, #553, #532, .T. ) ;
#193 = FACE_OUTER_BOUND ( 'NONE', #591, .T. ) ;
#194 = DIRECTION ( 'NONE',  ( 0.000000000000000000, -1.000000000000000000, -1.791375733550327828E-16 ) ) ;
#195 = ADVANCED_FACE ( 'NONE', ( #800 ), #1256, .F. ) ;
#196 = CARTESIAN_POINT ( 'NONE',  ( 0.5999999999999999778, -3.500000000000081712, 1.925000000000144595 ) ) ;
#197 = DIRECTION ( 'NONE',  ( 0.000000000000000000, 0.000000000000000000, -1.000000000000000000 ) ) ;
#198 = DIRECTION ( 'NONE',  ( -1.000000000000000000, 0.000000000000000000, 2.731847993664311043E-16 ) ) ;
#199 = AXIS2_PLACEMENT_3D ( 'NONE', #1724, #408, #1585 ) ;
#200 = EDGE_LOOP ( 'NONE', ( #453, #461, #1412, #1437 ) ) ;
#201 = AXIS2_PLACEMENT_3D ( 'NONE', #1378, #752, #6 ) ;
#202 = EDGE_LOOP ( 'NONE', ( #858, #869, #40, #1590 ) ) ;
#203 = CIRCLE ( 'NONE', #1557, 0.1000000000000000194 ) ;
#204 = CARTESIAN_POINT ( 'NONE',  ( 0.5999999999999999778, -1.074999999999996403, 5.875000000000140332 ) ) ;
#205 = VECTOR ( 'NONE', #1579, 39.37007874015748143 ) ;
#206 = EDGE_CURVE ( 'NONE', #180, #1578, #1099, .T. ) ;
#207 = DIRECTION ( 'NONE',  ( 0.000000000000000000, 0.000000000000000000, -1.000000000000000000 ) ) ;
#208 = CARTESIAN_POINT ( 'NONE',  ( 1.350000000000000089, -1.874999999999995337, 0.000000000000000000 ) ) ;
#209 = LINE ( 'NONE', #188, #1670 ) ;
#210 = ORIENTED_EDGE ( 'NONE', *, *, #1253, .F. ) ;
#211 = ORIENTED_EDGE ( 'NONE', *, *, #676, .T. ) ;
#212 = DIRECTION ( 'NONE',  ( 1.000000000000000000, -2.101421533587894366E-16, 0.000000000000000000 ) ) ;
#213 = CARTESIAN_POINT ( 'NONE',  ( 0.1000000000000000056, -7.755511132637299632, 4.125000000000000000 ) ) ;
#214 = CARTESIAN_POINT ( 'NONE',  ( 1.350000000000000089, -2.812081149316003170, 3.374999999999996447 ) ) ;
#215 = ADVANCED_FACE ( 'NONE', ( #956 ), #1556, .F. ) ;
#216 = CARTESIAN_POINT ( 'NONE',  ( 0.5999999999999999778, -1.774999999999995470, 6.075000000000138733 ) ) ;
#217 = CARTESIAN_POINT ( 'NONE',  ( 0.6000000000000000888, -1.874999999999996003, 2.175000000000140155 ) ) ;
#218 = ADVANCED_FACE ( 'NONE', ( #506 ), #678, .F. ) ;
#219 = VERTEX_POINT ( 'NONE', #1680 ) ;
#220 = EDGE_LOOP ( 'NONE', ( #1726, #18, #1124, #1621, #1103, #1160, #1283, #402 ) ) ;
#221 = LINE ( 'NONE', #397, #1080 ) ;
#222 = DIRECTION ( 'NONE',  ( 0.000000000000000000, 1.311287036958904721E-14, -1.000000000000000000 ) ) ;
#223 = DIRECTION ( 'NONE',  ( 8.405686134351579437E-16, 0.000000000000000000, -1.000000000000000000 ) ) ;
#224 = DIRECTION ( 'NONE',  ( -1.000000000000000000, -0.000000000000000000, -0.000000000000000000 ) ) ;
#225 = ORIENTED_EDGE ( 'NONE', *, *, #502, .F. ) ;
#226 = VECTOR ( 'NONE', #816, 39.37007874015748143 ) ;
#227 = ADVANCED_FACE ( 'NONE', ( #939 ), #1538, .F. ) ;
#228 = VECTOR ( 'NONE', #968, 39.37007874015748143 ) ;
#229 = DIRECTION ( 'NONE',  ( -0.000000000000000000, 0.000000000000000000, -1.000000000000000000 ) ) ;
#230 = ORIENTED_EDGE ( 'NONE', *, *, #365, .F. ) ;
#231 = AXIS2_PLACEMENT_3D ( 'NONE', #367, #1546, #1845 ) ;
#232 = DIRECTION ( 'NONE',  ( -1.000000000000000000, 0.000000000000000000, 4.202843067175790212E-16 ) ) ;
#233 = CIRCLE ( 'NONE', #1310, 0.1000000000000000194 ) ;
#234 = AXIS2_PLACEMENT_3D ( 'NONE', #1497, #645, #1229 ) ;
#235 = CIRCLE ( 'NONE', #1898, 0.1000000000000005745 ) ;
#236 = LINE ( 'NONE', #818, #1111 ) ;
#237 = DIRECTION ( 'NONE',  ( -1.000000000000000000, -0.000000000000000000, -0.000000000000000000 ) ) ;
#238 = FACE_OUTER_BOUND ( 'NONE', #510, .T. ) ;
#239 = ORIENTED_EDGE ( 'NONE', *, *, #534, .F. ) ;
#240 = VERTEX_POINT ( 'NONE', #350 ) ;
#241 = EDGE_CURVE ( 'NONE', #269, #977, #1631, .T. ) ;
#242 = APPROVAL_PERSON_ORGANIZATION ( #1643, #745, #1663 ) ;
#243 = CARTESIAN_POINT ( 'NONE',  ( 1.350000000000000089, -0.2499999999999877598, 0.000000000000000000 ) ) ;
#244 = ORIENTED_EDGE ( 'NONE', *, *, #1253, .T. ) ;
#245 = CARTESIAN_POINT ( 'NONE',  ( 0.1000000000000000056, -1.774999999999995470, 2.275000000000140243 ) ) ;
#246 = DIRECTION ( 'NONE',  ( -0.000000000000000000, 0.000000000000000000, 1.000000000000000000 ) ) ;
#247 = FACE_OUTER_BOUND ( 'NONE', #850, .T. ) ;
#248 = CARTESIAN_POINT ( 'NONE',  ( 1.350000000000000089, -1.174999999999996492, 6.999999999999988454 ) ) ;
#249 = VERTEX_POINT ( 'NONE', #61 ) ;
#250 = ORIENTED_EDGE ( 'NONE', *, *, #1718, .F. ) ;
#251 = CARTESIAN_POINT ( 'NONE',  ( 1.350000000000000089, -1.774999999999995470, 0.000000000000000000 ) ) ;
#252 = EDGE_CURVE ( 'NONE', #314, #139, #1896, .T. ) ;
#253 = DIRECTION ( 'NONE',  ( 0.000000000000000000, 0.000000000000000000, 1.000000000000000000 ) ) ;
#254 = EDGE_CURVE ( 'NONE', #838, #740, #934, .T. ) ;
#255 = EDGE_CURVE ( 'NONE', #520, #80, #32, .T. ) ;
#256 = CARTESIAN_POINT ( 'NONE',  ( 1.350000000000000089, -0.8499999999999887645, 6.999999999999988454 ) ) ;
#257 = DIRECTION ( 'NONE',  ( 0.000000000000000000, -1.000000000000000000, 2.118232905856536629E-14 ) ) ;
#258 = ORIENTED_EDGE ( 'NONE', *, *, #58, .F. ) ;
#259 = ORIENTED_EDGE ( 'NONE', *, *, #905, .T. ) ;
#260 = AXIS2_PLACEMENT_3D ( 'NONE', #1411, #1418, #1563 ) ;
#261 = CARTESIAN_POINT ( 'NONE',  ( 1.350000000000000089, -1.874999999999995337, 6.999999999999984013 ) ) ;
#262 = ORIENTED_EDGE ( 'NONE', *, *, #1014, .T. ) ;
#263 = CARTESIAN_POINT ( 'NONE',  ( 1.350000000000000089, -0.2499999999999877598, 2.275000000000140243 ) ) ;
#264 = VECTOR ( 'NONE', #1843, 39.37007874015748143 ) ;
#265 = CARTESIAN_POINT ( 'NONE',  ( 0.1000000000000000056, -1.874999999999995337, 0.000000000000000000 ) ) ;
#266 = EDGE_CURVE ( 'NONE', #249, #460, #1781, .T. ) ;
#267 = VECTOR ( 'NONE', #194, 39.37007874015748143 ) ;
#268 = CARTESIAN_POINT ( 'NONE',  ( 1.350000000000000089, -1.874999999999995337, 1.250000000000015987 ) ) ;
#269 = VERTEX_POINT ( 'NONE', #1220 ) ;
#270 = ORIENTED_EDGE ( 'NONE', *, *, #1624, .T. ) ;
#271 = DIRECTION ( 'NONE',  ( -1.000000000000000000, -0.000000000000000000, -0.000000000000000000 ) ) ;
#272 =( GEOMETRIC_REPRESENTATION_CONTEXT ( 3 ) GLOBAL_UNCERTAINTY_ASSIGNED_CONTEXT ( ( #1432 ) ) GLOBAL_UNIT_ASSIGNED_CONTEXT ( ( #173, #183, #1197 ) ) REPRESENTATION_CONTEXT ( 'NONE', 'WORKASPACE' ) );
#273 = ORIENTED_EDGE ( 'NONE', *, *, #206, .T. ) ;
#274 = CARTESIAN_POINT ( 'NONE',  ( 1.350000000000000089, -0.2499999999999877598, 0.000000000000000000 ) ) ;
#275 = DIRECTION ( 'NONE',  ( -1.000000000000000000, 0.000000000000000000, 0.000000000000000000 ) ) ;
#276 = DIRECTION ( 'NONE',  ( 1.000000000000000000, -2.101421533587894366E-16, 0.000000000000000000 ) ) ;
#277 = ORIENTED_EDGE ( 'NONE', *, *, #339, .T. ) ;
#278 = EDGE_CURVE ( 'NONE', #724, #240, #908, .T. ) ;
#279 = ORIENTED_EDGE ( 'NONE', *, *, #489, .T. ) ;
#280 = DIRECTION ( 'NONE',  ( -0.000000000000000000, 1.000000000000000000, -0.000000000000000000 ) ) ;
#281 = VERTEX_POINT ( 'NONE', #788 ) ;
#282 = DIRECTION ( 'NONE',  ( -0.000000000000000000, -1.000000000000000000, -0.000000000000000000 ) ) ;
#283 = CARTESIAN_POINT ( 'NONE',  ( 1.350000000000000089, -1.874999999999995337, 0.000000000000000000 ) ) ;
#284 = DIRECTION ( 'NONE',  ( 0.000000000000000000, 5.919874639972142603E-16, -1.000000000000000000 ) ) ;
#285 = ORIENTED_EDGE ( 'NONE', *, *, #1842, .F. ) ;
#286 = ORIENTED_EDGE ( 'NONE', *, *, #1604, .F. ) ;
#287 = EDGE_CURVE ( 'NONE', #1066, #441, #1353, .T. ) ;
#288 = FACE_OUTER_BOUND ( 'NONE', #1217, .T. ) ;
#289 = DIRECTION ( 'NONE',  ( -1.000000000000000000, -0.000000000000000000, -0.000000000000000000 ) ) ;
#290 = ORIENTED_EDGE ( 'NONE', *, *, #1676, .T. ) ;
#291 = PERSON_AND_ORGANIZATION_ROLE ( 'design_supplier' ) ;
#292 = VECTOR ( 'NONE', #1742, 39.37007874015748143 ) ;
#293 = PLANE ( 'NONE',  #1377 ) ;
#294 = VECTOR ( 'NONE', #1425, 39.37007874015748143 ) ;
#295 = AXIS2_PLACEMENT_3D ( 'NONE', #781, #1348, #476 ) ;
#296 = DIRECTION ( 'NONE',  ( 0.000000000000000000, -1.000000000000000000, 0.000000000000000000 ) ) ;
#297 = MANIFOLD_SOLID_BREP ( 'Cut-Extrude4', #1436 ) ;
#298 = ORIENTED_EDGE ( 'NONE', *, *, #181, .F. ) ;
#299 = ORIENTED_EDGE ( 'NONE', *, *, #374, .T. ) ;
#300 = CARTESIAN_POINT ( 'NONE',  ( 1.350000000000000089, -1.874999999999995337, 1.825000000000144507 ) ) ;
#301 = EDGE_CURVE ( 'NONE', #1586, #1640, #1037, .T. ) ;
#302 = ORIENTED_EDGE ( 'NONE', *, *, #33, .T. ) ;
#303 = PRODUCT_RELATED_PRODUCT_CATEGORY ( 'detail', '', ( #537 ) ) ;
#304 = CARTESIAN_POINT ( 'NONE',  ( 0.7000000000000000666, -1.874999999999995337, 6.075000000000138733 ) ) ;
#305 = LINE ( 'NONE', #1611, #7 ) ;
#306 = EDGE_LOOP ( 'NONE', ( #443, #1330, #30, #1847, #831, #1380, #1359, #151, #1104, #614 ) ) ;
#307 = ORIENTED_EDGE ( 'NONE', *, *, #515, .F. ) ;
#308 = ORIENTED_EDGE ( 'NONE', *, *, #396, .F. ) ;
#309 = MECHANICAL_CONTEXT ( 'NONE', #1312, 'mechanical' ) ;
#310 = DIRECTION ( 'NONE',  ( -1.000000000000000000, -0.000000000000000000, -0.000000000000000000 ) ) ;
#311 = EDGE_CURVE ( 'NONE', #718, #803, #1803, .T. ) ;
#312 = LINE ( 'NONE', #5, #808 ) ;
#313 = CARTESIAN_POINT ( 'NONE',  ( 0.1000000000000000056, -3.500000000000000444, 1.499999999999997113 ) ) ;
#314 = VERTEX_POINT ( 'NONE', #204 ) ;
#315 = ORIENTED_EDGE ( 'NONE', *, *, #1410, .F. ) ;
#316 = APPLICATION_PROTOCOL_DEFINITION ( 'international standard', 'config_control_design', 1994, #1312 ) ;
#317 = DIRECTION ( 'NONE',  ( -1.000000000000000000, 2.101421533587894366E-16, 0.000000000000000000 ) ) ;
#318 = CARTESIAN_POINT ( 'NONE',  ( 0.7000000000000000666, -0.8499999999999886535, 5.975000000000139089 ) ) ;
#319 = VECTOR ( 'NONE', #698, 39.37007874015748143 ) ;
#320 = DIRECTION ( 'NONE',  ( 0.000000000000000000, 0.000000000000000000, -1.000000000000000000 ) ) ;
#321 = EDGE_CURVE ( 'NONE', #931, #1370, #897, .T. ) ;
#322 = CYLINDRICAL_SURFACE ( 'NONE', #1464, 0.1000000000000005745 ) ;
#323 = VECTOR ( 'NONE', #381, 39.37007874015748143 ) ;
#324 = FACE_OUTER_BOUND ( 'NONE', #680, .T. ) ;
#325 = AXIS2_PLACEMENT_3D ( 'NONE', #24, #1664, #760 ) ;
#326 = VERTEX_POINT ( 'NONE', #1209 ) ;
#327 = VECTOR ( 'NONE', #862, 39.37007874015748143 ) ;
#328 = CARTESIAN_POINT ( 'NONE',  ( 0.7000000000000000666, -1.174999999999996270, 5.975000000000139089 ) ) ;
#329 = VERTEX_POINT ( 'NONE', #472 ) ;
#330 = DATE_TIME_ROLE ( 'creation_date' ) ;
#331 = CARTESIAN_POINT ( 'NONE',  ( 0.5999999999999999778, -3.500000000000081712, 6.075000000000138733 ) ) ;
#332 = DIRECTION ( 'NONE',  ( -1.000000000000000000, -0.000000000000000000, -0.000000000000000000 ) ) ;
#333 = DIRECTION ( 'NONE',  ( 0.000000000000000000, -1.311287036958904721E-14, 1.000000000000000000 ) ) ;
#334 = CC_DESIGN_APPROVAL ( #516, ( #177 ) ) ;
#335 = PLANE ( 'NONE',  #1832 ) ;
#336 = ADVANCED_FACE ( 'NONE', ( #193 ), #1646, .T. ) ;
#337 = DIRECTION ( 'NONE',  ( -0.000000000000000000, -1.000000000000000000, -0.000000000000000000 ) ) ;
#338 = ORIENTED_EDGE ( 'NONE', *, *, #321, .T. ) ;
#339 = EDGE_CURVE ( 'NONE', #875, #1024, #775, .T. ) ;
#340 = EDGE_LOOP ( 'NONE', ( #92, #851, #1446, #315, #70, #1533 ) ) ;
#341 = DIRECTION ( 'NONE',  ( -1.000000000000000000, -0.000000000000000000, -0.000000000000000000 ) ) ;
#342 = LINE ( 'NONE', #777, #512 ) ;
#343 = CARTESIAN_POINT ( 'NONE',  ( 1.350000000000000089, 0.000000000000000000, 0.000000000000000000 ) ) ;
#344 = DIRECTION ( 'NONE',  ( -0.000000000000000000, -1.000000000000000000, -0.000000000000000000 ) ) ;
#345 = DIRECTION ( 'NONE',  ( 1.000000000000000000, -0.000000000000000000, 8.405686134351579437E-16 ) ) ;
#346 = ORIENTED_EDGE ( 'NONE', *, *, #1829, .T. ) ;
#347 = LINE ( 'NONE', #171, #697 ) ;
#348 = EDGE_LOOP ( 'NONE', ( #1881, #1144, #498, #384, #1321 ) ) ;
#349 = ADVANCED_FACE ( 'NONE', ( #1048 ), #1372, .T. ) ;
#350 = CARTESIAN_POINT ( 'NONE',  ( 0.1000000000000000056, -2.812081149316002282, 4.874999999999999112 ) ) ;
#351 = CARTESIAN_POINT ( 'NONE',  ( 1.350000000000000089, -7.755511132637299632, 4.125000000000000000 ) ) ;
#352 = CARTESIAN_POINT ( 'NONE',  ( 1.350000000000000089, -1.874999999999995337, 0.000000000000000000 ) ) ;
#353 = DIRECTION ( 'NONE',  ( 0.000000000000000000, -1.000000000000000000, 0.000000000000000000 ) ) ;
#354 = VECTOR ( 'NONE', #1257, 39.37007874015748143 ) ;
#355 = PLANE ( 'NONE',  #597 ) ;
#356 = VECTOR ( 'NONE', #630, 39.37007874015748143 ) ;
#357 = ORIENTED_EDGE ( 'NONE', *, *, #422, .F. ) ;
#358 = DIRECTION ( 'NONE',  ( 0.000000000000000000, 0.000000000000000000, -1.000000000000000000 ) ) ;
#359 = VECTOR ( 'NONE', #282, 39.37007874015748143 ) ;
#360 = ORIENTED_EDGE ( 'NONE', *, *, #1433, .T. ) ;
#361 = DIMENSIONAL_EXPONENTS ( 1.000000000000000000, 0.000000000000000000, 0.000000000000000000, 0.000000000000000000, 0.000000000000000000, 0.000000000000000000, 0.000000000000000000 ) ;
#362 = VECTOR ( 'NONE', #580, 39.37007874015748143 ) ;
#363 = CARTESIAN_POINT ( 'NONE',  ( 1.349999999999999867, -0.8499999999999887645, 5.875000000000140332 ) ) ;
#364 = ADVANCED_FACE ( 'NONE', ( #1673 ), #174, .F. ) ;
#365 = EDGE_CURVE ( 'NONE', #718, #1855, #184, .T. ) ;
#366 = DIRECTION ( 'NONE',  ( 0.000000000000000000, 0.000000000000000000, -1.000000000000000000 ) ) ;
#367 = CARTESIAN_POINT ( 'NONE',  ( 0.7000000000000000666, -0.9499999999999886313, 6.999999999999988454 ) ) ;
#368 = CARTESIAN_POINT ( 'NONE',  ( 0.1000000000000000056, -3.500000000000003109, 6.999999999999988454 ) ) ;
#369 = EDGE_LOOP ( 'NONE', ( #1599, #1013, #150, #132, #606, #1289, #1811, #10, #370, #121, #1839, #387 ) ) ;
#370 = ORIENTED_EDGE ( 'NONE', *, *, #1841, .F. ) ;
#371 = LINE ( 'NONE', #529, #1582 ) ;
#372 = CARTESIAN_POINT ( 'NONE',  ( 0.1000000000000000056, -1.874999999999995337, 3.374999999999996447 ) ) ;
#373 = LINE ( 'NONE', #216, #419 ) ;
#374 = EDGE_CURVE ( 'NONE', #1576, #1699, #637, .T. ) ;
#375 = ADVANCED_FACE ( 'NONE', ( #1552 ), #964, .F. ) ;
#376 = CARTESIAN_POINT ( 'NONE',  ( 0.5999999999999999778, -3.500000000000081712, 1.925000000000144595 ) ) ;
#377 = ORIENTED_EDGE ( 'NONE', *, *, #1905, .F. ) ;
#378 = ORIENTED_EDGE ( 'NONE', *, *, #1769, .F. ) ;
#379 = DIRECTION ( 'NONE',  ( 0.000000000000000000, 0.000000000000000000, -1.000000000000000000 ) ) ;
#380 = LINE ( 'NONE', #1704, #39 ) ;
#381 = DIRECTION ( 'NONE',  ( -0.000000000000000000, 0.000000000000000000, 1.000000000000000000 ) ) ;
#382 = CARTESIAN_POINT ( 'NONE',  ( 0.7000000000000000666, -3.500000000000081712, 2.275000000000140243 ) ) ;
#383 = EDGE_CURVE ( 'NONE', #893, #42, #371, .T. ) ;
#384 = ORIENTED_EDGE ( 'NONE', *, *, #1479, .T. ) ;
#385 = VECTOR ( 'NONE', #1909, 39.37007874015748143 ) ;
#386 = VECTOR ( 'NONE', #424, 39.37007874015748143 ) ;
#387 = ORIENTED_EDGE ( 'NONE', *, *, #181, .T. ) ;
#388 = AXIS2_PLACEMENT_3D ( 'NONE', #1056, #353, #620 ) ;
#389 = LINE ( 'NONE', #1870, #536 ) ;
#390 = VECTOR ( 'NONE', #1106, 39.37007874015748143 ) ;
#391 = DIRECTION ( 'NONE',  ( 0.000000000000000000, 1.000000000000000000, 0.000000000000000000 ) ) ;
#392 = CARTESIAN_POINT ( 'NONE',  ( 0.1000000000000000056, -0.2499999999999877598, 6.999999999999981348 ) ) ;
#393 = DIRECTION ( 'NONE',  ( 0.000000000000000000, -1.000000000000000000, 0.000000000000000000 ) ) ;
#394 = ORIENTED_EDGE ( 'NONE', *, *, #979, .T. ) ;
#395 = ORIENTED_EDGE ( 'NONE', *, *, #1889, .T. ) ;
#396 = EDGE_CURVE ( 'NONE', #773, #1141, #1400, .T. ) ;
#397 = CARTESIAN_POINT ( 'NONE',  ( 1.350000000000000089, -1.774999999999995470, 0.000000000000000000 ) ) ;
#398 = DIRECTION ( 'NONE',  ( 0.000000000000000000, -1.000000000000000000, 0.000000000000000000 ) ) ;
#399 = DIRECTION ( 'NONE',  ( 0.000000000000000000, -3.256362808448494581E-13, -1.000000000000000000 ) ) ;
#400 = DIRECTION ( 'NONE',  ( -0.000000000000000000, -1.000000000000000000, 2.353592117618430962E-15 ) ) ;
#401 = ORIENTED_EDGE ( 'NONE', *, *, #287, .T. ) ;
#402 = ORIENTED_EDGE ( 'NONE', *, *, #1215, .T. ) ;
#403 = DIRECTION ( 'NONE',  ( 0.000000000000000000, 0.000000000000000000, 1.000000000000000000 ) ) ;
#404 = EDGE_CURVE ( 'NONE', #1035, #1481, #1118, .T. ) ;
#405 = ORIENTED_EDGE ( 'NONE', *, *, #383, .F. ) ;
#406 = CARTESIAN_POINT ( 'NONE',  ( 0.5999999999999999778, -0.2499999999999877598, 3.974999999999981437 ) ) ;
#407 = CYLINDRICAL_SURFACE ( 'NONE', #1081, 0.1000000000000000194 ) ;
#408 = DIRECTION ( 'NONE',  ( 1.000000000000000000, 0.000000000000000000, 0.000000000000000000 ) ) ;
#409 = ORIENTED_EDGE ( 'NONE', *, *, #1504, .F. ) ;
#410 = VECTOR ( 'NONE', #578, 39.37007874015748143 ) ;
#411 = ORIENTED_EDGE ( 'NONE', *, *, #776, .F. ) ;
#412 = VECTOR ( 'NONE', #1367, 39.37007874015748143 ) ;
#413 = LINE ( 'NONE', #1146, #385 ) ;
#414 = CARTESIAN_POINT ( 'NONE',  ( 0.7000000000000000666, -1.774999999999995470, 6.325000000000135181 ) ) ;
#415 = AXIS2_PLACEMENT_3D ( 'NONE', #790, #1384, #366 ) ;
#416 = VECTOR ( 'NONE', #93, 39.37007874015748143 ) ;
#417 = EDGE_CURVE ( 'NONE', #641, #180, #389, .T. ) ;
#418 = EDGE_CURVE ( 'NONE', #747, #1542, #1108, .T. ) ;
#419 = VECTOR ( 'NONE', #1245, 39.37007874015748143 ) ;
#420 = CARTESIAN_POINT ( 'NONE',  ( 0.7000000000000000666, -1.174999999999996270, 6.999999999999988454 ) ) ;
#421 = VECTOR ( 'NONE', #1762, 39.37007874015748143 ) ;
#422 = EDGE_CURVE ( 'NONE', #114, #1885, #221, .T. ) ;
#423 = AXIS2_PLACEMENT_3D ( 'NONE', #569, #973, #981 ) ;
#424 = DIRECTION ( 'NONE',  ( 0.000000000000000000, 1.311287036958904721E-14, -1.000000000000000000 ) ) ;
#425 = ORIENTED_EDGE ( 'NONE', *, *, #1252, .F. ) ;
#426 = ORIENTED_EDGE ( 'NONE', *, *, #1211, .T. ) ;
#427 = FACE_OUTER_BOUND ( 'NONE', #579, .T. ) ;
#428 = ORIENTED_EDGE ( 'NONE', *, *, #1905, .T. ) ;
#429 = CARTESIAN_POINT ( 'NONE',  ( 1.349999999999996758, -1.774999999999995470, 3.874999999999981348 ) ) ;
#430 = DIRECTION ( 'NONE',  ( -1.000000000000000000, 0.000000000000000000, 0.000000000000000000 ) ) ;
#431 = AXIS2_PLACEMENT_3D ( 'NONE', #445, #759, #1017 ) ;
#432 = CARTESIAN_POINT ( 'NONE',  ( 1.350000000000000089, -1.874999999999996003, 4.874999999999999112 ) ) ;
#433 = EDGE_CURVE ( 'NONE', #576, #1682, #1711, .T. ) ;
#434 = ORIENTED_EDGE ( 'NONE', *, *, #1594, .F. ) ;
#435 = EDGE_LOOP ( 'NONE', ( #1777, #1620, #1826, #1115 ) ) ;
#436 = CARTESIAN_POINT ( 'NONE',  ( 0.5999999999999997558, -1.774999999999995470, 6.075000000000138733 ) ) ;
#437 = ORIENTED_EDGE ( 'NONE', *, *, #1113, .F. ) ;
#438 = CARTESIAN_POINT ( 'NONE',  ( 1.350000000000000089, -1.874999999999995337, 4.774999999999997691 ) ) ;
#439 = CARTESIAN_POINT ( 'NONE',  ( 0.7000000000000000666, -1.874999999999995337, 3.874999999999980904 ) ) ;
#440 = LINE ( 'NONE', #1906, #1613 ) ;
#441 = VERTEX_POINT ( 'NONE', #1577 ) ;
#442 = ADVANCED_FACE ( 'NONE', ( #972 ), #824, .F. ) ;
#443 = ORIENTED_EDGE ( 'NONE', *, *, #68, .F. ) ;
#444 = ORIENTED_EDGE ( 'NONE', *, *, #605, .F. ) ;
#445 = CARTESIAN_POINT ( 'NONE',  ( 0.000000000000000000, 0.000000000000000000, 0.000000000000000000 ) ) ;
#446 = AXIS2_PLACEMENT_3D ( 'NONE', #855, #1558, #1566 ) ;
#447 = DIRECTION ( 'NONE',  ( 0.000000000000000000, -1.000000000000000000, 0.000000000000000000 ) ) ;
#448 = VECTOR ( 'NONE', #1255, 39.37007874015748143 ) ;
#449 = CARTESIAN_POINT ( 'NONE',  ( 0.5999999999999997558, -3.500000000000081712, 6.075000000000138733 ) ) ;
#450 = ORIENTED_EDGE ( 'NONE', *, *, #1177, .T. ) ;
#451 = VECTOR ( 'NONE', #123, 39.37007874015748143 ) ;
#452 = ORIENTED_EDGE ( 'NONE', *, *, #1385, .T. ) ;
#453 = ORIENTED_EDGE ( 'NONE', *, *, #68, .T. ) ;
#454 = APPROVAL_ROLE ( '' ) ;
#455 = ADVANCED_FACE ( 'NONE', ( #654 ), #1239, .T. ) ;
#456 = EDGE_CURVE ( 'NONE', #553, #1907, #72, .T. ) ;
#457 = CARTESIAN_POINT ( 'NONE',  ( 1.350000000000000089, -1.874999999999996003, 3.474999999999997424 ) ) ;
#458 = CARTESIAN_POINT ( 'NONE',  ( 1.350000000000000089, -1.874999999999996003, 3.474999999999997424 ) ) ;
#459 = DIRECTION ( 'NONE',  ( -0.000000000000000000, 1.000000000000000000, 0.000000000000000000 ) ) ;
#460 = VERTEX_POINT ( 'NONE', #1428 ) ;
#461 = ORIENTED_EDGE ( 'NONE', *, *, #1039, .T. ) ;
#462 = CARTESIAN_POINT ( 'NONE',  ( 0.5999999999999999778, -0.9499999999999886313, 6.999999999999988454 ) ) ;
#463 = EDGE_CURVE ( 'NONE', #483, #219, #1719, .T. ) ;
#464 = CARTESIAN_POINT ( 'NONE',  ( 1.350000000000000089, -1.774999999999995470, 1.250000000000013989 ) ) ;
#465 = LINE ( 'NONE', #149, #166 ) ;
#466 = CARTESIAN_POINT ( 'NONE',  ( 0.5999999999999999778, -1.074999999999996403, 6.999999999999988454 ) ) ;
#467 = CARTESIAN_POINT ( 'NONE',  ( 1.350000000000000089, -1.874999999999996003, 6.425000000000134825 ) ) ;
#468 = VERTEX_POINT ( 'NONE', #1684 ) ;
#469 = DIRECTION ( 'NONE',  ( 1.000000000000000000, -2.101421533587894366E-16, 0.000000000000000000 ) ) ;
#470 = ORIENTED_EDGE ( 'NONE', *, *, #1211, .F. ) ;
#471 = DATE_AND_TIME ( #1477, #937 ) ;
#472 = CARTESIAN_POINT ( 'NONE',  ( 0.1000000000000000056, -1.774999999999995470, 6.999999999999984013 ) ) ;
#473 = DIRECTION ( 'NONE',  ( -1.000000000000000000, 0.000000000000000000, -1.681137226870316085E-15 ) ) ;
#474 = VECTOR ( 'NONE', #275, 39.37007874015748143 ) ;
#475 = LINE ( 'NONE', #1648, #1672 ) ;
#476 = DIRECTION ( 'NONE',  ( 1.000000000000000000, 0.000000000000000000, 0.000000000000000000 ) ) ;
#477 = AXIS2_PLACEMENT_3D ( 'NONE', #1093, #223, #1403 ) ;
#478 = EDGE_CURVE ( 'NONE', #795, #1168, #102, .T. ) ;
#479 = DIRECTION ( 'NONE',  ( 1.000000000000000000, -0.000000000000000000, 0.000000000000000000 ) ) ;
#480 = VECTOR ( 'NONE', #1198, 39.37007874015748143 ) ;
#481 = VERTEX_POINT ( 'NONE', #1105 ) ;
#482 = AXIS2_PLACEMENT_3D ( 'NONE', #143, #289, #1771 ) ;
#483 = VERTEX_POINT ( 'NONE', #261 ) ;
#484 = PERSON_AND_ORGANIZATION ( #1156, #608 ) ;
#485 = DIRECTION ( 'NONE',  ( 0.000000000000000000, -0.000000000000000000, -1.000000000000000000 ) ) ;
#486 = PLANE ( 'NONE',  #1796 ) ;
#487 = CARTESIAN_POINT ( 'NONE',  ( 0.5999999999999999778, -1.074999999999996403, 6.999999999999988454 ) ) ;
#488 = DIRECTION ( 'NONE',  ( -1.000000000000000000, 2.101421533587894366E-16, 0.000000000000000000 ) ) ;
#489 = EDGE_CURVE ( 'NONE', #1616, #885, #540, .T. ) ;
#490 = ORIENTED_EDGE ( 'NONE', *, *, #1661, .F. ) ;
#491 = CARTESIAN_POINT ( 'NONE',  ( 1.349999999999999867, -1.174999999999996492, 5.875000000000140332 ) ) ;
#492 = ORIENTED_EDGE ( 'NONE', *, *, #936, .T. ) ;
#493 = CARTESIAN_POINT ( 'NONE',  ( 0.1000000000000000056, -3.500000000000081712, 1.250000000000050404 ) ) ;
#494 = DIRECTION ( 'NONE',  ( -0.000000000000000000, 0.000000000000000000, 1.000000000000000000 ) ) ;
#495 = CARTESIAN_POINT ( 'NONE',  ( 0.1000000000000000056, -3.500000000000003109, 6.999999999999988454 ) ) ;
#496 = DIRECTION ( 'NONE',  ( -0.000000000000000000, -0.000000000000000000, -1.000000000000000000 ) ) ;
#497 = LINE ( 'NONE', #947, #719 ) ;
#498 = ORIENTED_EDGE ( 'NONE', *, *, #1594, .T. ) ;
#499 = EDGE_CURVE ( 'NONE', #281, #468, #1282, .T. ) ;
#500 = DIRECTION ( 'NONE',  ( -1.000000000000000000, -0.000000000000000000, -0.000000000000000000 ) ) ;
#501 = ORIENTED_EDGE ( 'NONE', *, *, #948, .F. ) ;
#502 = EDGE_CURVE ( 'NONE', #1702, #1370, #674, .T. ) ;
#503 = DIRECTION ( 'NONE',  ( 0.000000000000000000, -1.000000000000000000, 0.000000000000000000 ) ) ;
#504 = LINE ( 'NONE', #1079, #140 ) ;
#505 = FACE_OUTER_BOUND ( 'NONE', #435, .T. ) ;
#506 = FACE_OUTER_BOUND ( 'NONE', #369, .T. ) ;
#507 = VECTOR ( 'NONE', #1070, 39.37007874015748143 ) ;
#508 = LINE ( 'NONE', #1084, #955 ) ;
#509 = AXIS2_PLACEMENT_3D ( 'NONE', #820, #1874, #1121 ) ;
#510 = EDGE_LOOP ( 'NONE', ( #662, #1890, #2, #1465 ) ) ;
#511 = ORIENTED_EDGE ( 'NONE', *, *, #58, .T. ) ;
#512 = VECTOR ( 'NONE', #1373, 39.37007874015748143 ) ;
#513 = CARTESIAN_POINT ( 'NONE',  ( 0.1000000000000000056, -3.500000000000081712, 1.250000000000050404 ) ) ;
#514 = DIRECTION ( 'NONE',  ( 0.000000000000000000, 0.000000000000000000, 1.000000000000000000 ) ) ;
#515 = EDGE_CURVE ( 'NONE', #1671, #249, #1763, .T. ) ;
#516 = APPROVAL ( #14, 'UNSPECIFIED' ) ;
#517 = DIRECTION ( 'NONE',  ( -1.000000000000000000, -0.000000000000000000, -0.000000000000000000 ) ) ;
#518 = PLANE ( 'NONE',  #477 ) ;
#519 = CARTESIAN_POINT ( 'NONE',  ( 1.350000000000000089, -0.8499999999999887645, 5.875000000000140332 ) ) ;
#520 = VERTEX_POINT ( 'NONE', #513 ) ;
#521 = ORIENTED_EDGE ( 'NONE', *, *, #1866, .F. ) ;
#522 = CARTESIAN_POINT ( 'NONE',  ( 1.350000000000001199, -1.874999999999995337, 2.275000000000140243 ) ) ;
#523 = EDGE_CURVE ( 'NONE', #520, #42, #1088, .T. ) ;
#524 = DIRECTION ( 'NONE',  ( -0.000000000000000000, 0.000000000000000000, 1.000000000000000000 ) ) ;
#525 = CARTESIAN_POINT ( 'NONE',  ( 0.7000000000000000666, -1.174999999999996270, 5.875000000000140332 ) ) ;
#526 = DIRECTION ( 'NONE',  ( -1.000000000000000000, -0.000000000000000000, -0.000000000000000000 ) ) ;
#527 = EDGE_LOOP ( 'NONE', ( #1396, #1458, #1750, #1559 ) ) ;
#528 = ORIENTED_EDGE ( 'NONE', *, *, #404, .F. ) ;
#529 = CARTESIAN_POINT ( 'NONE',  ( 1.350000000000000089, -1.874999999999995337, 1.250000000000015987 ) ) ;
#530 = VERTEX_POINT ( 'NONE', #859 ) ;
#531 = LINE ( 'NONE', #544, #538 ) ;
#532 = LINE ( 'NONE', #1835, #1143 ) ;
#533 = FACE_OUTER_BOUND ( 'NONE', #774, .T. ) ;
#534 = EDGE_CURVE ( 'NONE', #20, #1045, #556, .T. ) ;
#535 = EDGE_LOOP ( 'NONE', ( #830, #1797, #1575, #210 ) ) ;
#536 = VECTOR ( 'NONE', #1260, 39.37007874015748143 ) ;
#537 = PRODUCT ( 'Internal Walls', 'Internal Walls', '', ( #309 ) ) ;
#538 = VECTOR ( 'NONE', #399, 39.37007874015748143 ) ;
#539 = ORIENTED_EDGE ( 'NONE', *, *, #1722, .T. ) ;
#540 = LINE ( 'NONE', #694, #926 ) ;
#541 = VECTOR ( 'NONE', #1129, 39.37007874015748143 ) ;
#542 = LINE ( 'NONE', #1271, #113 ) ;
#543 = VECTOR ( 'NONE', #1030, 39.37007874015748143 ) ;
#544 = CARTESIAN_POINT ( 'NONE',  ( 0.000000000000000000, -3.500000000000000444, 1.499999999999997113 ) ) ;
#545 = FACE_OUTER_BOUND ( 'NONE', #1117, .T. ) ;
#546 = EDGE_LOOP ( 'NONE', ( #511, #1123, #856, #1331 ) ) ;
#547 = ADVANCED_FACE ( 'NONE', ( #324 ), #996, .F. ) ;
#548 = ORIENTED_EDGE ( 'NONE', *, *, #559, .T. ) ;
#549 = DIRECTION ( 'NONE',  ( -0.000000000000000000, -0.000000000000000000, 1.000000000000000000 ) ) ;
#550 = CARTESIAN_POINT ( 'NONE',  ( 1.349999999999999867, -0.8499999999999887645, 5.975000000000139089 ) ) ;
#551 = LINE ( 'NONE', #827, #474 ) ;
#552 = LINE ( 'NONE', #1715, #386 ) ;
#553 = VERTEX_POINT ( 'NONE', #1322 ) ;
#554 = VERTEX_POINT ( 'NONE', #722 ) ;
#555 = EDGE_CURVE ( 'NONE', #182, #703, #1042, .T. ) ;
#556 = LINE ( 'NONE', #852, #1610 ) ;
#557 = VERTEX_POINT ( 'NONE', #1313 ) ;
#558 = CARTESIAN_POINT ( 'NONE',  ( 0.5999999999999999778, -1.074999999999996403, 6.999999999999988454 ) ) ;
#559 = EDGE_CURVE ( 'NONE', #931, #724, #586, .T. ) ;
#560 = CARTESIAN_POINT ( 'NONE',  ( 0.1000000000000000056, -1.774999999999995470, 0.000000000000000000 ) ) ;
#561 = DIRECTION ( 'NONE',  ( -0.000000000000000000, 2.118232905856536629E-14, 1.000000000000000000 ) ) ;
#562 = ORIENTED_EDGE ( 'NONE', *, *, #1879, .T. ) ;
#563 = AXIS2_PLACEMENT_3D ( 'NONE', #1444, #1154, #109 ) ;
#564 = VERTEX_POINT ( 'NONE', #28 ) ;
#565 = CIRCLE ( 'NONE', #105, 0.1000000000000000194 ) ;
#566 = DIRECTION ( 'NONE',  ( -1.000000000000000000, -0.000000000000000000, -0.000000000000000000 ) ) ;
#567 = DIRECTION ( 'NONE',  ( 1.000000000000000000, 0.000000000000000000, 0.000000000000000000 ) ) ;
#568 = ORIENTED_EDGE ( 'NONE', *, *, #1039, .F. ) ;
#569 = CARTESIAN_POINT ( 'NONE',  ( 0.7000000000000000666, -1.774999999999995470, 3.974999999999981437 ) ) ;
#570 = VECTOR ( 'NONE', #341, 39.37007874015748143 ) ;
#571 = EDGE_CURVE ( 'NONE', #1196, #823, #1795, .T. ) ;
#572 = CC_DESIGN_PERSON_AND_ORGANIZATION_ASSIGNMENT ( #1608, #1325, ( #1338 ) ) ;
#573 = DIRECTION ( 'NONE',  ( -1.000000000000000000, -0.000000000000000000, -0.000000000000000000 ) ) ;
#574 = VECTOR ( 'NONE', #1528, 39.37007874015748143 ) ;
#575 = CARTESIAN_POINT ( 'NONE',  ( 1.350000000000000089, 0.000000000000000000, 5.975000000000139089 ) ) ;
#576 = VERTEX_POINT ( 'NONE', #764 ) ;
#577 = ORIENTED_EDGE ( 'NONE', *, *, #1527, .T. ) ;
#578 = DIRECTION ( 'NONE',  ( -0.000000000000000000, 0.000000000000000000, 1.000000000000000000 ) ) ;
#579 = EDGE_LOOP ( 'NONE', ( #1837, #1741, #584, #1788 ) ) ;
#580 = DIRECTION ( 'NONE',  ( -1.000000000000000000, -0.000000000000000000, -0.000000000000000000 ) ) ;
#581 = FACE_OUTER_BOUND ( 'NONE', #1266, .T. ) ;
#582 = ADVANCED_FACE ( 'NONE', ( #621 ), #1134, .F. ) ;
#583 = CARTESIAN_POINT ( 'NONE',  ( 0.7000000000000000666, -1.874999999999995337, 4.374999999999981348 ) ) ;
#584 = ORIENTED_EDGE ( 'NONE', *, *, #992, .T. ) ;
#585 = ORIENTED_EDGE ( 'NONE', *, *, #456, .F. ) ;
#586 = LINE ( 'NONE', #1203, #894 ) ;
#587 = ORIENTED_EDGE ( 'NONE', *, *, #1297, .F. ) ;
#588 = PERSON_AND_ORGANIZATION_ROLE ( 'creator' ) ;
#589 = FACE_OUTER_BOUND ( 'NONE', #1867, .T. ) ;
#590 = CARTESIAN_POINT ( 'NONE',  ( 1.350000000000000089, -1.874999999999996003, 3.474999999999997424 ) ) ;
#591 = EDGE_LOOP ( 'NONE', ( #230, #995, #1474, #169 ) ) ;
#592 = ADVANCED_FACE ( 'NONE', ( #1299 ), #1880, .T. ) ;
#593 = ORIENTED_EDGE ( 'NONE', *, *, #1636, .F. ) ;
#594 = LINE ( 'NONE', #300, #451 ) ;
#595 = EDGE_LOOP ( 'NONE', ( #693, #1034, #623, #1739 ) ) ;
#596 = PERSON_AND_ORGANIZATION_ROLE ( 'design_owner' ) ;
#597 = AXIS2_PLACEMENT_3D ( 'NONE', #794, #649, #1532 ) ;
#598 = DIRECTION ( 'NONE',  ( 1.000000000000000000, 0.000000000000000000, -0.000000000000000000 ) ) ;
#599 = VECTOR ( 'NONE', #391, 39.37007874015748143 ) ;
#600 = LINE ( 'NONE', #590, #1583 ) ;
#601 = VECTOR ( 'NONE', #861, 39.37007874015748143 ) ;
#602 = LINE ( 'NONE', #313, #167 ) ;
#603 = AXIS2_PLACEMENT_3D ( 'NONE', #351, #1508, #514 ) ;
#604 = ORIENTED_EDGE ( 'NONE', *, *, #982, .T. ) ;
#605 = EDGE_CURVE ( 'NONE', #1716, #1576, #413, .T. ) ;
#606 = ORIENTED_EDGE ( 'NONE', *, *, #433, .F. ) ;
#607 = PERSON_AND_ORGANIZATION ( #1156, #608 ) ;
#608 = ORGANIZATION ( 'UNSPECIFIED', 'UNSPECIFIED', '' ) ;
#609 = CARTESIAN_POINT ( 'NONE',  ( 0.7000000000000000666, -3.500000000000081712, 2.175000000000140155 ) ) ;
#610 = CARTESIAN_POINT ( 'NONE',  ( 0.1000000000000000056, -0.2499999999999877598, 1.249999999999981570 ) ) ;
#611 = DIRECTION ( 'NONE',  ( 0.000000000000000000, 0.000000000000000000, -1.000000000000000000 ) ) ;
#612 = ORIENTED_EDGE ( 'NONE', *, *, #1914, .T. ) ;
#613 = LINE ( 'NONE', #99, #1147 ) ;
#614 = ORIENTED_EDGE ( 'NONE', *, *, #1077, .F. ) ;
#615 = COORDINATED_UNIVERSAL_TIME_OFFSET ( 8, 0, .BEHIND. ) ;
#616 = CARTESIAN_POINT ( 'NONE',  ( 1.349999999999999867, -1.174999999999996492, 2.375000000000140332 ) ) ;
#617 = CARTESIAN_POINT ( 'NONE',  ( 0.1000000000000000056, -1.874999999999995337, 4.774999999999997691 ) ) ;
#618 = EDGE_CURVE ( 'NONE', #1158, #1248, #1637, .T. ) ;
#619 = DIRECTION ( 'NONE',  ( 0.000000000000000000, 1.000000000000000000, 0.000000000000000000 ) ) ;
#620 = DIRECTION ( 'NONE',  ( 0.000000000000000000, -0.000000000000000000, -1.000000000000000000 ) ) ;
#621 = FACE_OUTER_BOUND ( 'NONE', #1128, .T. ) ;
#622 = ORIENTED_EDGE ( 'NONE', *, *, #1361, .F. ) ;
#623 = ORIENTED_EDGE ( 'NONE', *, *, #1504, .T. ) ;
#624 = CALENDAR_DATE ( 2026, 20, 3 ) ;
#625 = CARTESIAN_POINT ( 'NONE',  ( 1.350000000000000089, -1.874999999999995337, 0.000000000000000000 ) ) ;
#626 = CARTESIAN_POINT ( 'NONE',  ( 0.1000000000000000056, -3.500000000000000000, 6.750000000000000000 ) ) ;
#627 = VECTOR ( 'NONE', #768, 39.37007874015748143 ) ;
#628 = EDGE_CURVE ( 'NONE', #1095, #1141, #1057, .T. ) ;
#629 = VECTOR ( 'NONE', #1443, 39.37007874015748143 ) ;
#630 = DIRECTION ( 'NONE',  ( -0.000000000000000000, 1.000000000000000000, -0.000000000000000000 ) ) ;
#631 = CARTESIAN_POINT ( 'NONE',  ( 1.350000000000000089, -2.812081149316002282, 4.874999999999999112 ) ) ;
#632 = AXIS2_PLACEMENT_3D ( 'NONE', #392, #648, #1083 ) ;
#633 = LINE ( 'NONE', #1659, #1858 ) ;
#634 = ORIENTED_EDGE ( 'NONE', *, *, #301, .F. ) ;
#635 = VECTOR ( 'NONE', #3, 39.37007874015748143 ) ;
#636 = EDGE_LOOP ( 'NONE', ( #1250, #1493, #593, #153 ) ) ;
#637 = LINE ( 'NONE', #1812, #507 ) ;
#638 = LINE ( 'NONE', #62, #1346 ) ;
#639 = CARTESIAN_POINT ( 'NONE',  ( 0.5999999999999999778, -1.774999999999995470, 1.925000000000144595 ) ) ;
#640 = ADVANCED_FACE ( 'NONE', ( #427 ), #1598, .F. ) ;
#641 = VERTEX_POINT ( 'NONE', #467 ) ;
#642 = CARTESIAN_POINT ( 'NONE',  ( 0.7000000000000000666, -1.774999999999995470, 6.425000000000134825 ) ) ;
#643 = ORIENTED_EDGE ( 'NONE', *, *, #168, .T. ) ;
#644 = ORIENTED_EDGE ( 'NONE', *, *, #456, .T. ) ;
#645 = DIRECTION ( 'NONE',  ( 1.000000000000000000, -0.000000000000000000, 0.000000000000000000 ) ) ;
#646 = LINE ( 'NONE', #1230, #1587 ) ;
#647 = CARTESIAN_POINT ( 'NONE',  ( 1.350000000000000089, -1.774999999999995470, 5.875000000000140332 ) ) ;
#648 = DIRECTION ( 'NONE',  ( 0.000000000000000000, -1.000000000000000000, 0.000000000000000000 ) ) ;
#649 = DIRECTION ( 'NONE',  ( 0.000000000000000000, -1.000000000000000000, 0.000000000000000000 ) ) ;
#650 = ORIENTED_EDGE ( 'NONE', *, *, #147, .T. ) ;
#651 = EDGE_CURVE ( 'NONE', #703, #1066, #1650, .T. ) ;
#652 = CARTESIAN_POINT ( 'NONE',  ( 0.7000000000000000666, -1.874999999999995337, 5.975000000000138201 ) ) ;
#653 = VERTEX_POINT ( 'NONE', #436 ) ;
#654 = FACE_OUTER_BOUND ( 'NONE', #1908, .T. ) ;
#655 = CARTESIAN_POINT ( 'NONE',  ( 1.350000000000000089, -0.8499999999999887645, 2.375000000000140776 ) ) ;
#656 = DIRECTION ( 'NONE',  ( -1.000000000000000000, -0.000000000000000000, -0.000000000000000000 ) ) ;
#657 = AXIS2_PLACEMENT_3D ( 'NONE', #1840, #978, #667 ) ;
#658 = CARTESIAN_POINT ( 'NONE',  ( 0.5999999999999999778, -1.874999999999996003, 1.925000000000144595 ) ) ;
#659 = VECTOR ( 'NONE', #524, 39.37007874015748143 ) ;
#660 = CARTESIAN_POINT ( 'NONE',  ( 0.1000000000000000056, -7.755511132637299632, 4.125000000000000000 ) ) ;
#661 = VECTOR ( 'NONE', #656, 39.37007874015748143 ) ;
#662 = ORIENTED_EDGE ( 'NONE', *, *, #1173, .F. ) ;
#663 = VECTOR ( 'NONE', #1300, 39.37007874015748143 ) ;
#664 = ORIENTED_EDGE ( 'NONE', *, *, #1298, .T. ) ;
#665 = EDGE_CURVE ( 'NONE', #103, #1389, #904, .T. ) ;
#666 = CC_DESIGN_DATE_AND_TIME_ASSIGNMENT ( #896, #1046, ( #81 ) ) ;
#667 = DIRECTION ( 'NONE',  ( 0.000000000000000000, 0.000000000000000000, -1.000000000000000000 ) ) ;
#668 = CARTESIAN_POINT ( 'NONE',  ( 0.7000000000000000666, -0.8499999999999886535, 2.275000000000140243 ) ) ;
#669 = DIRECTION ( 'NONE',  ( -1.000000000000000000, 2.101421533587894366E-16, 0.000000000000000000 ) ) ;
#670 = LINE ( 'NONE', #1547, #1139 ) ;
#671 = ORIENTED_EDGE ( 'NONE', *, *, #417, .F. ) ;
#672 = CARTESIAN_POINT ( 'NONE',  ( 0.7000000000000000666, -1.074999999999996403, 2.275000000000140243 ) ) ;
#673 = ORIENTED_EDGE ( 'NONE', *, *, #146, .T. ) ;
#674 = LINE ( 'NONE', #952, #1461 ) ;
#675 = ORIENTED_EDGE ( 'NONE', *, *, #1385, .F. ) ;
#676 = EDGE_CURVE ( 'NONE', #740, #314, #1006, .T. ) ;
#677 = CARTESIAN_POINT ( 'NONE',  ( 1.350000000000000089, -1.774999999999995470, 1.250000000000013989 ) ) ;
#678 = PLANE ( 'NONE',  #632 ) ;
#679 = CARTESIAN_POINT ( 'NONE',  ( 1.350000000000000089, -2.812081149316002282, 4.874999999999999112 ) ) ;
#680 = EDGE_LOOP ( 'NONE', ( #969, #976, #528, #1759, #395, #1820, #357, #1133, #394, #951 ) ) ;
#681 = EDGE_LOOP ( 'NONE', ( #634, #1155, #1683, #1011 ) ) ;
#682 = DIRECTION ( 'NONE',  ( -0.000000000000000000, -0.000000000000000000, -1.000000000000000000 ) ) ;
#683 = CARTESIAN_POINT ( 'NONE',  ( 0.1000000000000000056, -3.500000000000000000, 6.750000000000000000 ) ) ;
#684 = ORIENTED_EDGE ( 'NONE', *, *, #676, .F. ) ;
#685 = CARTESIAN_POINT ( 'NONE',  ( 1.350000000000000089, -1.774999999999995470, 5.875000000000140332 ) ) ;
#686 = DIRECTION ( 'NONE',  ( 0.000000000000000000, 0.000000000000000000, -1.000000000000000000 ) ) ;
#687 = EDGE_CURVE ( 'NONE', #893, #1196, #990, .T. ) ;
#688 = FACE_OUTER_BOUND ( 'NONE', #348, .T. ) ;
#689 = ORIENTED_EDGE ( 'NONE', *, *, #1177, .F. ) ;
#690 = AXIS2_PLACEMENT_3D ( 'NONE', #1435, #561, #257 ) ;
#691 = AXIS2_PLACEMENT_3D ( 'NONE', #728, #619, #1318 ) ;
#692 = FACE_OUTER_BOUND ( 'NONE', #1076, .T. ) ;
#693 = ORIENTED_EDGE ( 'NONE', *, *, #1126, .T. ) ;
#694 = CARTESIAN_POINT ( 'NONE',  ( 0.5999999999999999778, -1.874999999999995337, 0.000000000000000000 ) ) ;
#695 = ORIENTED_EDGE ( 'NONE', *, *, #33, .F. ) ;
#696 = LINE ( 'NONE', #1891, #107 ) ;
#697 = VECTOR ( 'NONE', #757, 39.37007874015748143 ) ;
#698 = DIRECTION ( 'NONE',  ( -0.000000000000000000, 1.000000000000000000, -0.000000000000000000 ) ) ;
#699 = PLANE ( 'NONE',  #509 ) ;
#700 = ADVANCED_FACE ( 'NONE', ( #288 ), #783, .F. ) ;
#701 = ORIENTED_EDGE ( 'NONE', *, *, #8, .F. ) ;
#702 = EDGE_CURVE ( 'NONE', #1682, #1066, #670, .T. ) ;
#703 = VERTEX_POINT ( 'NONE', #1808 ) ;
#704 = DIRECTION ( 'NONE',  ( 0.000000000000000000, 1.000000000000000000, 0.000000000000000000 ) ) ;
#705 = VERTEX_POINT ( 'NONE', #642 ) ;
#706 = DIRECTION ( 'NONE',  ( 1.000000000000000000, 0.000000000000000000, 8.405686134351579437E-16 ) ) ;
#707 = CARTESIAN_POINT ( 'NONE',  ( 1.350000000000000089, -1.874999999999995337, 0.000000000000000000 ) ) ;
#708 = DIRECTION ( 'NONE',  ( 0.000000000000000000, 3.256362808448494581E-13, 1.000000000000000000 ) ) ;
#709 = EDGE_LOOP ( 'NONE', ( #562, #1023, #1096, #963 ) ) ;
#710 = VERTEX_POINT ( 'NONE', #1379 ) ;
#711 = ADVANCED_FACE ( 'NONE', ( #930 ), #65, .F. ) ;
#712 = ADVANCED_FACE ( 'NONE', ( #1395 ), #1094, .F. ) ;
#713 = CARTESIAN_POINT ( 'NONE',  ( 0.1000000000000000056, -0.2499999999999877598, 1.249999999999981570 ) ) ;
#714 = ORIENTED_EDGE ( 'NONE', *, *, #1817, .F. ) ;
#715 = DIRECTION ( 'NONE',  ( 1.000000000000000000, 0.000000000000000000, -0.000000000000000000 ) ) ;
#716 = CARTESIAN_POINT ( 'NONE',  ( 1.350000000000000089, -0.2499999999999877598, 2.375000000000140332 ) ) ;
#717 = CARTESIAN_POINT ( 'NONE',  ( 1.350000000000000089, -1.874999999999995337, 4.374999999999981348 ) ) ;
#718 = VERTEX_POINT ( 'NONE', #519 ) ;
#719 = VECTOR ( 'NONE', #1074, 39.37007874015748143 ) ;
#720 = ORIENTED_EDGE ( 'NONE', *, *, #743, .T. ) ;
#721 = CIRCLE ( 'NONE', #691, 0.1000000000000005745 ) ;
#722 = CARTESIAN_POINT ( 'NONE',  ( 0.5999999999999999778, -1.774999999999995470, 6.325000000000135181 ) ) ;
#723 = EDGE_CURVE ( 'NONE', #931, #88, #1696, .T. ) ;
#724 = VERTEX_POINT ( 'NONE', #1815 ) ;
#725 = DIRECTION ( 'NONE',  ( 0.000000000000000000, 0.000000000000000000, -1.000000000000000000 ) ) ;
#726 = LINE ( 'NONE', #1345, #327 ) ;
#727 = VECTOR ( 'NONE', #310, 39.37007874015748143 ) ;
#728 = CARTESIAN_POINT ( 'NONE',  ( 0.7000000000000000666, -1.774999999999995470, 6.075000000000138733 ) ) ;
#729 = ORIENTED_EDGE ( 'NONE', *, *, #802, .F. ) ;
#730 = ORIENTED_EDGE ( 'NONE', *, *, #1164, .T. ) ;
#731 = DIRECTION ( 'NONE',  ( 0.000000000000000000, 1.000000000000000000, -2.118232905856536629E-14 ) ) ;
#732 = CARTESIAN_POINT ( 'NONE',  ( 0.7000000000000000666, -0.9499999999999886313, 5.975000000000139089 ) ) ;
#733 = ORIENTED_EDGE ( 'NONE', *, *, #1818, .T. ) ;
#734 = COORDINATED_UNIVERSAL_TIME_OFFSET ( 8, 0, .BEHIND. ) ;
#735 = DIRECTION ( 'NONE',  ( 0.000000000000000000, 0.000000000000000000, 1.000000000000000000 ) ) ;
#736 = EDGE_CURVE ( 'NONE', #1417, #803, #1846, .T. ) ;
#737 = DIRECTION ( 'NONE',  ( -1.000000000000000000, 0.000000000000000000, 0.000000000000000000 ) ) ;
#738 = VERTEX_POINT ( 'NONE', #368 ) ;
#739 = VERTEX_POINT ( 'NONE', #1387 ) ;
#740 = VERTEX_POINT ( 'NONE', #1512 ) ;
#741 = LINE ( 'NONE', #464, #753 ) ;
#742 = DIRECTION ( 'NONE',  ( 0.000000000000000000, -0.000000000000000000, -1.000000000000000000 ) ) ;
#743 = EDGE_CURVE ( 'NONE', #80, #1720, #497, .T. ) ;
#744 = EDGE_LOOP ( 'NONE', ( #1420, #1398, #989, #671 ) ) ;
#745 = APPROVAL ( #1654, 'UNSPECIFIED' ) ;
#746 = ORIENTED_EDGE ( 'NONE', *, *, #1469, .F. ) ;
#747 = VERTEX_POINT ( 'NONE', #801 ) ;
#748 = AXIS2_PLACEMENT_3D ( 'NONE', #1859, #682, #832 ) ;
#749 = DIRECTION ( 'NONE',  ( -0.000000000000000000, 0.000000000000000000, 1.000000000000000000 ) ) ;
#750 = AXIS2_PLACEMENT_3D ( 'NONE', #157, #742, #1500 ) ;
#751 = DIRECTION ( 'NONE',  ( 0.000000000000000000, 0.000000000000000000, -1.000000000000000000 ) ) ;
#752 = DIRECTION ( 'NONE',  ( 0.000000000000000000, -1.000000000000000000, 0.000000000000000000 ) ) ;
#753 = VECTOR ( 'NONE', #573, 39.37007874015748143 ) ;
#754 = ADVANCED_FACE ( 'NONE', ( #1668 ), #355, .F. ) ;
#755 = ORIENTED_EDGE ( 'NONE', *, *, #651, .T. ) ;
#756 = EDGE_CURVE ( 'NONE', #557, #1772, #209, .T. ) ;
#757 = DIRECTION ( 'NONE',  ( -1.000000000000000000, -0.000000000000000000, -0.000000000000000000 ) ) ;
#758 = ORIENTED_EDGE ( 'NONE', *, *, #266, .F. ) ;
#759 = DIRECTION ( 'NONE',  ( 0.000000000000000000, 0.000000000000000000, 1.000000000000000000 ) ) ;
#760 = DIRECTION ( 'NONE',  ( 1.000000000000000000, 0.000000000000000000, 0.000000000000000000 ) ) ;
#761 = LINE ( 'NONE', #25, #1405 ) ;
#762 = DIRECTION ( 'NONE',  ( -0.000000000000000000, 1.000000000000000000, -0.000000000000000000 ) ) ;
#763 = ORIENTED_EDGE ( 'NONE', *, *, #948, .T. ) ;
#764 = CARTESIAN_POINT ( 'NONE',  ( 1.350000000000000089, -0.2499999999999877598, 5.875000000000140332 ) ) ;
#765 = EDGE_LOOP ( 'NONE', ( #1172, #244, #1351, #907 ) ) ;
#766 = ORIENTED_EDGE ( 'NONE', *, *, #971, .F. ) ;
#767 = ADVANCED_FACE ( 'NONE', ( #57 ), #1233, .T. ) ;
#768 = DIRECTION ( 'NONE',  ( 0.000000000000000000, 0.000000000000000000, 1.000000000000000000 ) ) ;
#769 = CARTESIAN_POINT ( 'NONE',  ( 0.7000000000000000666, -0.9499999999999886313, 5.875000000000140332 ) ) ;
#770 = CARTESIAN_POINT ( 'NONE',  ( 0.000000000000000000, -7.755511132637299632, 4.125000000000000000 ) ) ;
#771 = LINE ( 'NONE', #47, #1554 ) ;
#772 = CARTESIAN_POINT ( 'NONE',  ( 1.350000000000000089, 0.000000000000000000, 0.000000000000000000 ) ) ;
#773 = VERTEX_POINT ( 'NONE', #217 ) ;
#774 = EDGE_LOOP ( 'NONE', ( #290, #817, #1728, #437 ) ) ;
#775 = LINE ( 'NONE', #1821, #480 ) ;
#776 = EDGE_CURVE ( 'NONE', #1578, #329, #508, .T. ) ;
#777 = CARTESIAN_POINT ( 'NONE',  ( 0.1000000000000000056, -3.500000000000003109, 6.999999999999988454 ) ) ;
#778 = VECTOR ( 'NONE', #1102, 39.37007874015748143 ) ;
#779 = VECTOR ( 'NONE', #751, 39.37007874015748143 ) ;
#780 = CARTESIAN_POINT ( 'NONE',  ( 0.7000000000000000666, -1.774999999999995470, 1.925000000000144595 ) ) ;
#781 = CARTESIAN_POINT ( 'NONE',  ( 0.7000000000000000666, -0.9499999999999886313, 2.375000000000140776 ) ) ;
#782 = CIRCLE ( 'NONE', #295, 0.1000000000000000194 ) ;
#783 = PLANE ( 'NONE',  #1369 ) ;
#784 = EDGE_LOOP ( 'NONE', ( #1588, #1309, #501, #1149 ) ) ;
#785 = CIRCLE ( 'NONE', #1679, 5.000000000000000000 ) ;
#786 = LINE ( 'NONE', #19, #1770 ) ;
#787 = ORIENTED_EDGE ( 'NONE', *, *, #1486, .F. ) ;
#788 = CARTESIAN_POINT ( 'NONE',  ( 0.1000000000000000056, -0.2499999999999877598, 2.375000000000140776 ) ) ;
#789 = DIRECTION ( 'NONE',  ( 0.000000000000000000, 0.000000000000000000, -1.000000000000000000 ) ) ;
#790 = CARTESIAN_POINT ( 'NONE',  ( 1.350000000000000089, 0.000000000000000000, 0.000000000000000000 ) ) ;
#791 = LINE ( 'NONE', #1356, #1344 ) ;
#792 = ADVANCED_FACE ( 'NONE', ( #1681 ), #1065, .T. ) ;
#793 = EDGE_CURVE ( 'NONE', #1907, #564, #1836, .T. ) ;
#794 = CARTESIAN_POINT ( 'NONE',  ( 1.350000000000000089, -1.774999999999995470, 0.000000000000000000 ) ) ;
#795 = VERTEX_POINT ( 'NONE', #38 ) ;
#796 = ORIENTED_EDGE ( 'NONE', *, *, #1337, .T. ) ;
#797 = DIRECTION ( 'NONE',  ( 0.000000000000000000, -1.000000000000000000, 5.919874639972142603E-16 ) ) ;
#798 = CARTESIAN_POINT ( 'NONE',  ( 0.7000000000000000666, -1.074999999999996403, 6.999999999999988454 ) ) ;
#799 = DIRECTION ( 'NONE',  ( -0.000000000000000000, 0.000000000000000000, 1.000000000000000000 ) ) ;
#800 = FACE_OUTER_BOUND ( 'NONE', #1660, .T. ) ;
#801 = CARTESIAN_POINT ( 'NONE',  ( 1.350000000000000089, -2.812081149316003170, 3.374999999999996447 ) ) ;
#802 = EDGE_CURVE ( 'NONE', #1389, #1717, #633, .T. ) ;
#803 = VERTEX_POINT ( 'NONE', #985 ) ;
#804 = ORIENTED_EDGE ( 'NONE', *, *, #1126, .F. ) ;
#805 = DIRECTION ( 'NONE',  ( 0.000000000000000000, 0.000000000000000000, 1.000000000000000000 ) ) ;
#806 = LINE ( 'NONE', #647, #69 ) ;
#807 = CARTESIAN_POINT ( 'NONE',  ( 1.350000000000000089, -1.174999999999996492, 5.975000000000139089 ) ) ;
#808 = VECTOR ( 'NONE', #1764, 39.37007874015748143 ) ;
#809 = DIRECTION ( 'NONE',  ( 2.731847993664311043E-16, 0.000000000000000000, 1.000000000000000000 ) ) ;
#810 = ORIENTED_EDGE ( 'NONE', *, *, #756, .F. ) ;
#811 = ADVANCED_FACE ( 'NONE', ( #533 ), #127, .F. ) ;
#812 = VECTOR ( 'NONE', #212, 39.37007874015748143 ) ;
#813 = EDGE_LOOP ( 'NONE', ( #444, #161, #1075, #1521 ) ) ;
#814 = SHAPE_DEFINITION_REPRESENTATION ( #1109, #1737 ) ;
#815 = ADVANCED_FACE ( 'NONE', ( #118 ), #1574, .F. ) ;
#816 = DIRECTION ( 'NONE',  ( -0.000000000000000000, 1.000000000000000000, -0.000000000000000000 ) ) ;
#817 = ORIENTED_EDGE ( 'NONE', *, *, #1262, .T. ) ;
#818 = CARTESIAN_POINT ( 'NONE',  ( 1.350000000000000089, -1.174999999999996492, 2.275000000000140243 ) ) ;
#819 = CARTESIAN_POINT ( 'NONE',  ( 1.350000000000000089, -1.174999999999996492, 6.999999999999988454 ) ) ;
#820 = CARTESIAN_POINT ( 'NONE',  ( 0.1000000000000000056, -7.755511132637299632, 4.125000000000000000 ) ) ;
#821 = ORIENTED_EDGE ( 'NONE', *, *, #417, .T. ) ;
#822 = LINE ( 'NONE', #1267, #1439 ) ;
#823 = VERTEX_POINT ( 'NONE', #975 ) ;
#824 = CYLINDRICAL_SURFACE ( 'NONE', #748, 0.1000000000000000194 ) ;
#825 = EDGE_CURVE ( 'NONE', #441, #329, #1593, .T. ) ;
#826 = CARTESIAN_POINT ( 'NONE',  ( 0.7000000000000000666, -1.874999999999995337, 2.175000000000140155 ) ) ;
#827 = CARTESIAN_POINT ( 'NONE',  ( 1.350000000000000089, -1.774999999999995470, 4.374999999999981348 ) ) ;
#828 = CARTESIAN_POINT ( 'NONE',  ( 0.1000000000000000056, -0.2499999999999877598, 1.249999999999981570 ) ) ;
#829 = PLANE ( 'NONE',  #1525 ) ;
#830 = ORIENTED_EDGE ( 'NONE', *, *, #266, .T. ) ;
#831 = ORIENTED_EDGE ( 'NONE', *, *, #1570, .F. ) ;
#832 = DIRECTION ( 'NONE',  ( -1.000000000000000000, 0.000000000000000000, 0.000000000000000000 ) ) ;
#833 = PLANE ( 'NONE',  #846 ) ;
#834 = ADVANCED_FACE ( 'NONE', ( #1895 ), #1748, .F. ) ;
#835 = CYLINDRICAL_SURFACE ( 'NONE', #1142, 0.1000000000000000194 ) ;
#836 = ADVANCED_FACE ( 'NONE', ( #1854 ), #1452, .F. ) ;
#837 = FACE_OUTER_BOUND ( 'NONE', #1186, .T. ) ;
#838 = VERTEX_POINT ( 'NONE', #1884 ) ;
#839 = AXIS2_PLACEMENT_3D ( 'NONE', #1225, #224, #920 ) ;
#840 = VECTOR ( 'NONE', #1687, 39.37007874015748143 ) ;
#841 = ORIENTED_EDGE ( 'NONE', *, *, #555, .F. ) ;
#842 = CARTESIAN_POINT ( 'NONE',  ( 0.1000000000000000056, -0.2499999999999877598, 6.999999999999981348 ) ) ;
#843 = DIRECTION ( 'NONE',  ( -0.000000000000000000, -0.000000000000000000, 1.000000000000000000 ) ) ;
#844 = AXIS2_PLACEMENT_3D ( 'NONE', #798, #1240, #1200 ) ;
#845 = CARTESIAN_POINT ( 'NONE',  ( 0.000000000000000000, -3.500000000000000444, 1.499999999999997113 ) ) ;
#846 = AXIS2_PLACEMENT_3D ( 'NONE', #1754, #253, #715 ) ;
#847 = ADVANCED_FACE ( 'NONE', ( #837 ), #1286, .F. ) ;
#848 = LINE ( 'NONE', #449, #1401 ) ;
#849 = ADVANCED_FACE ( 'NONE', ( #545 ), #829, .F. ) ;
#850 = EDGE_LOOP ( 'NONE', ( #346, #980, #1206, #29 ) ) ;
#851 = ORIENTED_EDGE ( 'NONE', *, *, #880, .F. ) ;
#852 = CARTESIAN_POINT ( 'NONE',  ( 0.1000000000000000056, -0.2499999999999877598, 1.249999999999981570 ) ) ;
#853 = LINE ( 'NONE', #1284, #1244 ) ;
#854 = CARTESIAN_POINT ( 'NONE',  ( 0.7000000000000000666, -1.074999999999996403, 6.999999999999988454 ) ) ;
#855 = CARTESIAN_POINT ( 'NONE',  ( 1.350000000000000089, -3.500000000000081712, 6.425000000000134825 ) ) ;
#856 = ORIENTED_EDGE ( 'NONE', *, *, #961, .T. ) ;
#857 = EDGE_CURVE ( 'NONE', #1855, #1682, #97, .T. ) ;
#858 = ORIENTED_EDGE ( 'NONE', *, *, #1842, .T. ) ;
#859 = CARTESIAN_POINT ( 'NONE',  ( 0.7000000000000000666, -1.874999999999996003, 1.825000000000144507 ) ) ;
#860 = ORIENTED_EDGE ( 'NONE', *, *, #1397, .F. ) ;
#861 = DIRECTION ( 'NONE',  ( -0.000000000000000000, 0.000000000000000000, 1.000000000000000000 ) ) ;
#862 = DIRECTION ( 'NONE',  ( -0.000000000000000000, -0.000000000000000000, 1.000000000000000000 ) ) ;
#863 = DIRECTION ( 'NONE',  ( 0.000000000000000000, 1.000000000000000000, 5.919874639972142603E-16 ) ) ;
#864 = EDGE_LOOP ( 'NONE', ( #1476, #1753, #1877, #548 ) ) ;
#865 = VECTOR ( 'NONE', #179, 39.37007874015748143 ) ;
#866 = ORIENTED_EDGE ( 'NONE', *, *, #888, .T. ) ;
#867 = VECTOR ( 'NONE', #1112, 39.37007874015748143 ) ;
#868 = DIRECTION ( 'NONE',  ( 0.000000000000000000, 1.000000000000000000, -2.353592117618430567E-15 ) ) ;
#869 = ORIENTED_EDGE ( 'NONE', *, *, #1026, .T. ) ;
#870 = AXIS2_PLACEMENT_3D ( 'NONE', #916, #1362, #1391 ) ;
#871 = ADVANCED_FACE ( 'NONE', ( #238 ), #699, .T. ) ;
#872 = CARTESIAN_POINT ( 'NONE',  ( 1.350000000000000089, 0.000000000000000000, 2.375000000000140332 ) ) ;
#873 = CIRCLE ( 'NONE', #170, 0.1000000000000000194 ) ;
#874 = DIRECTION ( 'NONE',  ( -0.000000000000000000, -0.000000000000000000, -1.000000000000000000 ) ) ;
#875 = VERTEX_POINT ( 'NONE', #1415 ) ;
#876 = ORIENTED_EDGE ( 'NONE', *, *, #1695, .T. ) ;
#877 = LINE ( 'NONE', #1468, #1706 ) ;
#878 = VERTEX_POINT ( 'NONE', #1265 ) ;
#879 = PERSON_AND_ORGANIZATION ( #1156, #608 ) ;
#880 = EDGE_CURVE ( 'NONE', #739, #1158, #552, .T. ) ;
#881 = CARTESIAN_POINT ( 'NONE',  ( 1.350000000000000089, -1.874999999999995337, 1.825000000000144507 ) ) ;
#882 = PLANE ( 'NONE',  #1830 ) ;
#883 = VERTEX_POINT ( 'NONE', #717 ) ;
#884 = EDGE_LOOP ( 'NONE', ( #1132, #1653, #1195, #378, #100, #1166, #644, #922, #1712, #810, #1007, #1761 ) ) ;
#885 = VERTEX_POINT ( 'NONE', #87 ) ;
#886 = DATE_AND_TIME ( #624, #1751 ) ;
#887 = CARTESIAN_POINT ( 'NONE',  ( 0.5999999999999999778, -0.9499999999999886313, 2.375000000000140776 ) ) ;
#888 = EDGE_CURVE ( 'NONE', #1342, #1671, #1707, .T. ) ;
#889 = EDGE_CURVE ( 'NONE', #88, #240, #1131, .T. ) ;
#890 = DIRECTION ( 'NONE',  ( -0.000000000000000000, 1.000000000000000000, -0.000000000000000000 ) ) ;
#891 = ORIENTED_EDGE ( 'NONE', *, *, #1252, .T. ) ;
#892 = ADVANCED_FACE ( 'NONE', ( #688 ), #1276, .T. ) ;
#893 = VERTEX_POINT ( 'NONE', #268 ) ;
#894 = VECTOR ( 'NONE', #1290, 39.37007874015748143 ) ;
#895 = ORIENTED_EDGE ( 'NONE', *, *, #1316, .T. ) ;
#896 = DATE_AND_TIME ( #1036, #1221 ) ;
#897 = LINE ( 'NONE', #625, #1052 ) ;
#898 = CARTESIAN_POINT ( 'NONE',  ( 1.350000000000000089, -1.874999999999995337, 3.374999999999996447 ) ) ;
#899 = VECTOR ( 'NONE', #237, 39.37007874015748143 ) ;
#900 = VECTOR ( 'NONE', #1667, 39.37007874015748143 ) ;
#901 = CARTESIAN_POINT ( 'NONE',  ( 0.5999999999999999778, -1.874999999999995337, 4.274999999999980815 ) ) ;
#902 = VECTOR ( 'NONE', #1363, 39.37007874015748143 ) ;
#903 = CARTESIAN_POINT ( 'NONE',  ( 0.1000000000000000056, -1.774999999999995470, 2.375000000000140332 ) ) ;
#904 = LINE ( 'NONE', #1502, #1431 ) ;
#905 = EDGE_CURVE ( 'NONE', #885, #653, #848, .T. ) ;
#906 = ORIENTED_EDGE ( 'NONE', *, *, #1527, .F. ) ;
#907 = ORIENTED_EDGE ( 'NONE', *, *, #1818, .F. ) ;
#908 = LINE ( 'NONE', #1516, #1404 ) ;
#909 = DIRECTION ( 'NONE',  ( 0.000000000000000000, -1.000000000000000000, 0.000000000000000000 ) ) ;
#910 = FACE_OUTER_BOUND ( 'NONE', #306, .T. ) ;
#911 = CARTESIAN_POINT ( 'NONE',  ( 0.7000000000000000666, -1.774999999999995470, 2.175000000000140155 ) ) ;
#912 = CARTESIAN_POINT ( 'NONE',  ( 1.350000000000000089, 2.647791132320620378E-14, 1.249999999999976241 ) ) ;
#913 = VERTEX_POINT ( 'NONE', #901 ) ;
#914 = EDGE_CURVE ( 'NONE', #705, #180, #1163, .T. ) ;
#915 = ORIENTED_EDGE ( 'NONE', *, *, #971, .T. ) ;
#916 = CARTESIAN_POINT ( 'NONE',  ( 0.7000000000000000666, -3.500000000000081712, 6.325000000000135181 ) ) ;
#917 = DIRECTION ( 'NONE',  ( 0.000000000000000000, 0.000000000000000000, 1.000000000000000000 ) ) ;
#918 = LINE ( 'NONE', #196, #356 ) ;
#919 = DIRECTION ( 'NONE',  ( 0.000000000000000000, 0.000000000000000000, -1.000000000000000000 ) ) ;
#920 = DIRECTION ( 'NONE',  ( 0.000000000000000000, 0.000000000000000000, 1.000000000000000000 ) ) ;
#921 = VERTEX_POINT ( 'NONE', #1619 ) ;
#922 = ORIENTED_EDGE ( 'NONE', *, *, #793, .T. ) ;
#923 = ADVANCED_FACE ( 'NONE', ( #1010 ), #1913, .F. ) ;
#924 = DIRECTION ( 'NONE',  ( -0.000000000000000000, -0.000000000000000000, -1.000000000000000000 ) ) ;
#925 = DIRECTION ( 'NONE',  ( 0.000000000000000000, 1.000000000000000000, 0.000000000000000000 ) ) ;
#926 = VECTOR ( 'NONE', #379, 39.37007874015748143 ) ;
#927 = VECTOR ( 'NONE', #246, 39.37007874015748143 ) ;
#928 = DIRECTION ( 'NONE',  ( 0.000000000000000000, 1.000000000000000000, 0.000000000000000000 ) ) ;
#929 = PLANE ( 'NONE',  #1018 ) ;
#930 = FACE_OUTER_BOUND ( 'NONE', #933, .T. ) ;
#931 = VERTEX_POINT ( 'NONE', #432 ) ;
#932 = CIRCLE ( 'NONE', #108, 0.1000000000000000194 ) ;
#933 = EDGE_LOOP ( 'NONE', ( #13, #1043, #1390, #1279, #1897, #1597, #804, #986, #787, #1571, #746, #1426 ) ) ;
#934 = LINE ( 'NONE', #462, #73 ) ;
#935 = LINE ( 'NONE', #1536, #1496 ) ;
#936 = EDGE_CURVE ( 'NONE', #1698, #139, #305, .T. ) ;
#937 = LOCAL_TIME ( 16, 17, 46.00000000000000000, #615 ) ;
#938 = CARTESIAN_POINT ( 'NONE',  ( 0.000000000000000000, -3.500000000000000000, 6.750000000000000000 ) ) ;
#939 = FACE_OUTER_BOUND ( 'NONE', #1270, .T. ) ;
#940 = DIRECTION ( 'NONE',  ( 1.000000000000000000, -0.000000000000000000, 0.000000000000000000 ) ) ;
#941 = EDGE_LOOP ( 'NONE', ( #643, #1314, #262, #128 ) ) ;
#942 = VERTEX_POINT ( 'NONE', #176 ) ;
#943 = DIRECTION ( 'NONE',  ( -0.000000000000000000, 0.000000000000000000, 1.000000000000000000 ) ) ;
#944 = CYLINDRICAL_SURFACE ( 'NONE', #844, 0.1000000000000000194 ) ;
#945 = CARTESIAN_POINT ( 'NONE',  ( 1.350000000000000089, 0.000000000000000000, 1.825000000000144507 ) ) ;
#946 = CARTESIAN_POINT ( 'NONE',  ( 1.349999999999999867, -0.8499999999999887645, 2.375000000000140332 ) ) ;
#947 = CARTESIAN_POINT ( 'NONE',  ( 0.000000000000000000, -0.2499999999999877598, 1.249999999999981570 ) ) ;
#948 = EDGE_CURVE ( 'NONE', #191, #1542, #600, .T. ) ;
#949 = ORIENTED_EDGE ( 'NONE', *, *, #687, .F. ) ;
#950 = CARTESIAN_POINT ( 'NONE',  ( 1.350000000000000089, -3.500000000000081712, 1.825000000000144507 ) ) ;
#951 = ORIENTED_EDGE ( 'NONE', *, *, #120, .T. ) ;
#952 = CARTESIAN_POINT ( 'NONE',  ( 1.349999999999989875, -1.874999999999995337, 5.975000000000139089 ) ) ;
#953 = CARTESIAN_POINT ( 'NONE',  ( 1.350000000000000089, -1.774999999999995470, 1.825000000000144507 ) ) ;
#954 = CARTESIAN_POINT ( 'NONE',  ( 0.000000000000000000, -0.2499999999999877598, 6.999999999999981348 ) ) ;
#955 = VECTOR ( 'NONE', #526, 39.37007874015748143 ) ;
#956 = FACE_OUTER_BOUND ( 'NONE', #535, .T. ) ;
#957 = AXIS2_PLACEMENT_3D ( 'NONE', #1480, #1355, #1022 ) ;
#958 = CARTESIAN_POINT ( 'NONE',  ( 0.1000000000000000056, -3.500000000000003109, 6.999999999999988454 ) ) ;
#959 = AXIS2_PLACEMENT_3D ( 'NONE', #819, #1414, #1824 ) ;
#960 = EDGE_LOOP ( 'NONE', ( #1513, #1261, #763, #1710, #766, #587, #1523, #1085, #425, #1800 ) ) ;
#961 = EDGE_CURVE ( 'NONE', #1024, #1187, #1491, .T. ) ;
#962 = VECTOR ( 'NONE', #1071, 39.37007874015748143 ) ;
#963 = ORIENTED_EDGE ( 'NONE', *, *, #1783, .F. ) ;
#964 = PLANE ( 'NONE',  #1551 ) ;
#965 = ORIENTED_EDGE ( 'NONE', *, *, #1580, .F. ) ;
#966 = LINE ( 'NONE', #1430, #319 ) ;
#967 = DIRECTION ( 'NONE',  ( 1.000000000000000000, 0.000000000000000000, 0.000000000000000000 ) ) ;
#968 = DIRECTION ( 'NONE',  ( 0.000000000000000000, -1.000000000000000000, 0.000000000000000000 ) ) ;
#969 = ORIENTED_EDGE ( 'NONE', *, *, #1783, .T. ) ;
#970 = VERTEX_POINT ( 'NONE', #1040 ) ;
#971 = EDGE_CURVE ( 'NONE', #1333, #747, #440, .T. ) ;
#972 = FACE_OUTER_BOUND ( 'NONE', #546, .T. ) ;
#973 = DIRECTION ( 'NONE',  ( 0.000000000000000000, -1.000000000000000000, 0.000000000000000000 ) ) ;
#974 = CARTESIAN_POINT ( 'NONE',  ( 0.5999999999999994227, -1.874999999999995337, 2.048885995248235131E-16 ) ) ;
#975 = CARTESIAN_POINT ( 'NONE',  ( 1.350000000000000089, -1.774999999999995470, 1.825000000000144507 ) ) ;
#976 = ORIENTED_EDGE ( 'NONE', *, *, #1791, .T. ) ;
#977 = VERTEX_POINT ( 'NONE', #583 ) ;
#978 = DIRECTION ( 'NONE',  ( 1.000000000000000000, 0.000000000000000000, 0.000000000000000000 ) ) ;
#979 = EDGE_CURVE ( 'NONE', #269, #878, #565, .T. ) ;
#980 = ORIENTED_EDGE ( 'NONE', *, *, #756, .T. ) ;
#981 = DIRECTION ( 'NONE',  ( 0.000000000000000000, 0.000000000000000000, -1.000000000000000000 ) ) ;
#982 = EDGE_CURVE ( 'NONE', #913, #1605, #1335, .T. ) ;
#983 = APPROVAL ( #1343, 'UNSPECIFIED' ) ;
#984 = LINE ( 'NONE', #707, #264 ) ;
#985 = CARTESIAN_POINT ( 'NONE',  ( 0.7000000000000000666, -0.8499999999999886535, 5.875000000000140332 ) ) ;
#986 = ORIENTED_EDGE ( 'NONE', *, *, #1153, .F. ) ;
#987 = VECTOR ( 'NONE', #566, 39.37007874015748143 ) ;
#988 = VECTOR ( 'NONE', #1775, 39.37007874015748143 ) ;
#989 = ORIENTED_EDGE ( 'NONE', *, *, #914, .T. ) ;
#990 = LINE ( 'NONE', #912, #1305 ) ;
#991 = DIRECTION ( 'NONE',  ( -1.000000000000000000, 0.000000000000000000, -0.000000000000000000 ) ) ;
#992 = EDGE_CURVE ( 'NONE', #182, #653, #721, .T. ) ;
#993 = CARTESIAN_POINT ( 'NONE',  ( 0.5999999999999999778, 0.000000000000000000, 2.375000000000140332 ) ) ;
#994 = ORIENTED_EDGE ( 'NONE', *, *, #1661, .T. ) ;
#995 = ORIENTED_EDGE ( 'NONE', *, *, #1375, .T. ) ;
#996 = PLANE ( 'NONE',  #1044 ) ;
#997 = LINE ( 'NONE', #1760, #1280 ) ;
#998 = ORIENTED_EDGE ( 'NONE', *, *, #1002, .F. ) ;
#999 = DIRECTION ( 'NONE',  ( 0.000000000000000000, -1.000000000000000000, 0.000000000000000000 ) ) ;
#1000 = PLANE ( 'NONE',  #1467 ) ;
#1001 = CARTESIAN_POINT ( 'NONE',  ( 0.5999999999999999778, -1.874999999999995337, 4.274999999999980815 ) ) ;
#1002 = EDGE_CURVE ( 'NONE', #1911, #705, #1602, .T. ) ;
#1003 = ORIENTED_EDGE ( 'NONE', *, *, #1189, .T. ) ;
#1004 = ADVANCED_FACE ( 'NONE', ( #1184 ), #882, .F. ) ;
#1005 = EDGE_LOOP ( 'NONE', ( #1416, #1483, #1319, #1857, #841, #1595, #1749, #1448, #285, #160, #1368, #490 ) ) ;
#1006 = LINE ( 'NONE', #1606, #865 ) ;
#1007 = ORIENTED_EDGE ( 'NONE', *, *, #1778, .F. ) ;
#1008 = DIRECTION ( 'NONE',  ( -0.000000000000000000, 1.000000000000000000, 0.000000000000000000 ) ) ;
#1009 = LINE ( 'NONE', #1484, #421 ) ;
#1010 = FACE_OUTER_BOUND ( 'NONE', #200, .T. ) ;
#1011 = ORIENTED_EDGE ( 'NONE', *, *, #1153, .T. ) ;
#1012 = VECTOR ( 'NONE', #1544, 39.37007874015748143 ) ;
#1013 = ORIENTED_EDGE ( 'NONE', *, *, #1722, .F. ) ;
#1014 = EDGE_CURVE ( 'NONE', #1187, #1716, #312, .T. ) ;
#1015 = AXIS2_PLACEMENT_3D ( 'NONE', #495, #1393, #333 ) ;
#1016 = ORIENTED_EDGE ( 'NONE', *, *, #1604, .T. ) ;
#1017 = DIRECTION ( 'NONE',  ( 1.000000000000000000, 0.000000000000000000, 0.000000000000000000 ) ) ;
#1018 = AXIS2_PLACEMENT_3D ( 'NONE', #187, #1041, #1807 ) ;
#1019 = AXIS2_PLACEMENT_3D ( 'NONE', #1429, #999, #104 ) ;
#1020 = LINE ( 'NONE', #716, #543 ) ;
#1021 = AXIS2_PLACEMENT_3D ( 'NONE', #1674, #909, #917 ) ;
#1022 = DIRECTION ( 'NONE',  ( 1.000000000000000000, 0.000000000000000000, -0.000000000000000000 ) ) ;
#1023 = ORIENTED_EDGE ( 'NONE', *, *, #1539, .T. ) ;
#1024 = VERTEX_POINT ( 'NONE', #1347 ) ;
#1025 = DIRECTION ( 'NONE',  ( 1.000000000000000000, -0.000000000000000000, 0.000000000000000000 ) ) ;
#1026 = EDGE_CURVE ( 'NONE', #141, #326, #1032, .T. ) ;
#1027 = EDGE_LOOP ( 'NONE', ( #1809, #189, #577, #211, #1358, #1691, #1690, #1623, #1612, #250 ) ) ;
#1028 = COORDINATED_UNIVERSAL_TIME_OFFSET ( 8, 0, .BEHIND. ) ;
#1029 = CC_DESIGN_PERSON_AND_ORGANIZATION_ASSIGNMENT ( #484, #145, ( #81 ) ) ;
#1030 = DIRECTION ( 'NONE',  ( -1.000000000000000000, -0.000000000000000000, -0.000000000000000000 ) ) ;
#1031 = EDGE_CURVE ( 'NONE', #564, #1772, #465, .T. ) ;
#1032 = LINE ( 'NONE', #1472, #988 ) ;
#1033 = LINE ( 'NONE', #1063, #900 ) ;
#1034 = ORIENTED_EDGE ( 'NONE', *, *, #478, .F. ) ;
#1035 = VERTEX_POINT ( 'NONE', #1171 ) ;
#1036 = CALENDAR_DATE ( 2026, 20, 3 ) ;
#1037 = LINE ( 'NONE', #52, #1145 ) ;
#1038 = DIRECTION ( 'NONE',  ( 0.000000000000000000, -1.000000000000000000, 0.000000000000000000 ) ) ;
#1039 = EDGE_CURVE ( 'NONE', #883, #977, #1626, .T. ) ;
#1040 = CARTESIAN_POINT ( 'NONE',  ( 0.5999999999999999778, -1.774999999999995470, 3.974999999999981437 ) ) ;
#1041 = DIRECTION ( 'NONE',  ( 0.000000000000000000, 1.791375733550327828E-16, -1.000000000000000000 ) ) ;
#1042 = LINE ( 'NONE', #1457, #987 ) ;
#1043 = ORIENTED_EDGE ( 'NONE', *, *, #110, .F. ) ;
#1044 = AXIS2_PLACEMENT_3D ( 'NONE', #1357, #142, #122 ) ;
#1045 = VERTEX_POINT ( 'NONE', #610 ) ;
#1046 = DATE_TIME_ROLE ( 'classification_date' ) ;
#1047 = VECTOR ( 'NONE', #75, 39.37007874015748143 ) ;
#1048 = FACE_OUTER_BOUND ( 'NONE', #60, .T. ) ;
#1049 = LINE ( 'NONE', #1665, #902 ) ;
#1050 = VECTOR ( 'NONE', #1511, 39.37007874015748143 ) ;
#1051 = AXIS2_PLACEMENT_3D ( 'NONE', #414, #1008, #725 ) ;
#1052 = VECTOR ( 'NONE', #1382, 39.37007874015748143 ) ;
#1053 = FACE_OUTER_BOUND ( 'NONE', #681, .T. ) ;
#1054 = AXIS2_PLACEMENT_3D ( 'NONE', #283, #447, #1162 ) ;
#1055 = ADVANCED_FACE ( 'NONE', ( #1485 ), #164, .T. ) ;
#1056 = CARTESIAN_POINT ( 'NONE',  ( 1.350000000000000089, -1.874999999999995337, 0.000000000000000000 ) ) ;
#1057 = LINE ( 'NONE', #1159, #292 ) ;
#1058 = ORIENTED_EDGE ( 'NONE', *, *, #11, .T. ) ;
#1059 = ORIENTED_EDGE ( 'NONE', *, *, #1731, .T. ) ;
#1060 = CARTESIAN_POINT ( 'NONE',  ( 1.350000000000000089, -1.874999999999995337, 0.000000000000000000 ) ) ;
#1061 = CARTESIAN_POINT ( 'NONE',  ( 0.1000000000000000056, -2.812081149316003170, 3.374999999999996447 ) ) ;
#1062 = DIRECTION ( 'NONE',  ( 0.000000000000000000, -5.919874639972142603E-16, -1.000000000000000000 ) ) ;
#1063 = CARTESIAN_POINT ( 'NONE',  ( 0.1000000000000000056, -3.500000000000000444, 1.499999999999997113 ) ) ;
#1064 = ADVANCED_FACE ( 'NONE', ( #1053 ), #1813, .T. ) ;
#1065 = PLANE ( 'NONE',  #1241 ) ;
#1066 = VERTEX_POINT ( 'NONE', #1365 ) ;
#1067 = EDGE_CURVE ( 'NONE', #738, #1473, #475, .T. ) ;
#1068 = ORIENTED_EDGE ( 'NONE', *, *, #914, .F. ) ;
#1069 = CALENDAR_DATE ( 2026, 20, 3 ) ;
#1070 = DIRECTION ( 'NONE',  ( 0.000000000000000000, 1.000000000000000000, 0.000000000000000000 ) ) ;
#1071 = DIRECTION ( 'NONE',  ( -0.000000000000000000, -0.000000000000000000, -1.000000000000000000 ) ) ;
#1072 = DIRECTION ( 'NONE',  ( 0.000000000000000000, 0.000000000000000000, -1.000000000000000000 ) ) ;
#1073 = DIRECTION ( 'NONE',  ( -1.000000000000000000, 0.000000000000000000, -0.000000000000000000 ) ) ;
#1074 = DIRECTION ( 'NONE',  ( -0.000000000000000000, 1.000000000000000000, -2.118232905856536629E-14 ) ) ;
#1075 = ORIENTED_EDGE ( 'NONE', *, *, #1841, .T. ) ;
#1076 = EDGE_LOOP ( 'NONE', ( #876, #450, #270, #1875 ) ) ;
#1077 = EDGE_CURVE ( 'NONE', #883, #1848, #1510, .T. ) ;
#1078 = DIRECTION ( 'NONE',  ( 0.000000000000000000, -1.000000000000000000, 0.000000000000000000 ) ) ;
#1079 = CARTESIAN_POINT ( 'NONE',  ( 0.1000000000000000056, -3.500000000000003109, 6.999999999999988454 ) ) ;
#1080 = VECTOR ( 'NONE', #90, 39.37007874015748143 ) ;
#1081 = AXIS2_PLACEMENT_3D ( 'NONE', #854, #1423, #1451 ) ;
#1082 = LINE ( 'NONE', #1678, #661 ) ;
#1083 = DIRECTION ( 'NONE',  ( 0.000000000000000000, -0.000000000000000000, -1.000000000000000000 ) ) ;
#1084 = CARTESIAN_POINT ( 'NONE',  ( 1.350000000000000089, -1.774999999999995470, 6.999999999999984013 ) ) ;
#1085 = ORIENTED_EDGE ( 'NONE', *, *, #159, .F. ) ;
#1086 = AXIS2_PLACEMENT_3D ( 'NONE', #1746, #430, #735 ) ;
#1087 = ORIENTED_EDGE ( 'NONE', *, *, #206, .F. ) ;
#1088 = LINE ( 'NONE', #713, #1827 ) ;
#1089 = ADVANCED_FACE ( 'NONE', ( #505 ), #1212, .F. ) ;
#1090 = DIRECTION ( 'NONE',  ( -0.000000000000000000, -1.000000000000000000, 2.353592117618430962E-15 ) ) ;
#1091 = ADVANCED_FACE ( 'NONE', ( #1805 ), #1529, .T. ) ;
#1092 = CARTESIAN_POINT ( 'NONE',  ( 0.1000000000000000056, -0.000000000000000000, 5.875000000000140332 ) ) ;
#1093 = CARTESIAN_POINT ( 'NONE',  ( 1.350000000000000089, -0.2499999999999877598, 3.874999999999981348 ) ) ;
#1094 = PLANE ( 'NONE',  #163 ) ;
#1095 = VERTEX_POINT ( 'NONE', #639 ) ;
#1096 = ORIENTED_EDGE ( 'NONE', *, *, #665, .F. ) ;
#1097 = CARTESIAN_POINT ( 'NONE',  ( 0.1000000000000000056, -1.874999999999996003, 3.474999999999997424 ) ) ;
#1098 = LINE ( 'NONE', #265, #629 ) ;
#1099 = LINE ( 'NONE', #1694, #323 ) ;
#1100 = ADVANCED_FACE ( 'NONE', ( #1518 ), #486, .F. ) ;
#1101 = CC_DESIGN_PERSON_AND_ORGANIZATION_ASSIGNMENT ( #607, #588, ( #177 ) ) ;
#1102 = DIRECTION ( 'NONE',  ( 0.000000000000000000, -1.000000000000000000, 0.000000000000000000 ) ) ;
#1103 = ORIENTED_EDGE ( 'NONE', *, *, #1624, .F. ) ;
#1104 = ORIENTED_EDGE ( 'NONE', *, *, #1447, .F. ) ;
#1105 = CARTESIAN_POINT ( 'NONE',  ( 0.7000000000000000666, -1.174999999999996270, 2.275000000000140243 ) ) ;
#1106 = DIRECTION ( 'NONE',  ( -1.000000000000000000, 0.000000000000000000, 0.000000000000000000 ) ) ;
#1107 = CARTESIAN_POINT ( 'NONE',  ( 1.350000000000000089, -1.174999999999996492, 2.275000000000140243 ) ) ;
#1108 = CIRCLE ( 'NONE', #260, 5.000000000000000000 ) ;
#1109 = PRODUCT_DEFINITION_SHAPE ( 'NONE', 'NONE',  #1338 ) ;
#1110 = CARTESIAN_POINT ( 'NONE',  ( 0.7000000000000000666, -1.074999999999996403, 5.975000000000139089 ) ) ;
#1111 = VECTOR ( 'NONE', #1317, 39.37007874015748143 ) ;
#1112 = DIRECTION ( 'NONE',  ( 0.000000000000000000, 1.000000000000000000, 0.000000000000000000 ) ) ;
#1113 = EDGE_CURVE ( 'NONE', #172, #1095, #918, .T. ) ;
#1114 = AXIS2_PLACEMENT_3D ( 'NONE', #1110, #1565, #967 ) ;
#1115 = ORIENTED_EDGE ( 'NONE', *, *, #1617, .T. ) ;
#1116 = CIRCLE ( 'NONE', #603, 5.000000000000000000 ) ;
#1117 = EDGE_LOOP ( 'NONE', ( #1087, #1068, #377, #1336, #1204, #1236, #1003, #411 ) ) ;
#1118 = LINE ( 'NONE', #251, #37 ) ;
#1119 = DIRECTION ( 'NONE',  ( -0.000000000000000000, 0.000000000000000000, 1.000000000000000000 ) ) ;
#1120 = CARTESIAN_POINT ( 'NONE',  ( 0.7000000000000000666, -0.2499999999999877598, 4.274999999999980815 ) ) ;
#1121 = DIRECTION ( 'NONE',  ( 0.000000000000000000, 0.000000000000000000, -1.000000000000000000 ) ) ;
#1122 = APPROVAL_PERSON_ORGANIZATION ( #879, #983, #154 ) ;
#1123 = ORIENTED_EDGE ( 'NONE', *, *, #1303, .T. ) ;
#1124 = ORIENTED_EDGE ( 'NONE', *, *, #628, .F. ) ;
#1125 = EDGE_CURVE ( 'NONE', #710, #1095, #1489, .T. ) ;
#1126 = EDGE_CURVE ( 'NONE', #1640, #1168, #1275, .T. ) ;
#1127 = DIRECTION ( 'NONE',  ( 1.000000000000000000, 0.000000000000000000, 1.681137226870316085E-15 ) ) ;
#1128 = EDGE_LOOP ( 'NONE', ( #1534, #1662, #1871, #1915, #675, #1614, #1324, #539 ) ) ;
#1129 = DIRECTION ( 'NONE',  ( -1.000000000000000000, -0.000000000000000000, -0.000000000000000000 ) ) ;
#1130 = FACE_OUTER_BOUND ( 'NONE', #765, .T. ) ;
#1131 = LINE ( 'NONE', #679, #294 ) ;
#1132 = ORIENTED_EDGE ( 'NONE', *, *, #1014, .F. ) ;
#1133 = ORIENTED_EDGE ( 'NONE', *, *, #1278, .T. ) ;
#1134 = PLANE ( 'NONE',  #1730 ) ;
#1135 = ADVANCED_FACE ( 'NONE', ( #910 ), #1823, .T. ) ;
#1136 = ORIENTED_EDGE ( 'NONE', *, *, #1853, .F. ) ;
#1137 = LINE ( 'NONE', #1150, #541 ) ;
#1138 = DIRECTION ( 'NONE',  ( 0.000000000000000000, 0.000000000000000000, -1.000000000000000000 ) ) ;
#1139 = VECTOR ( 'NONE', #1216, 39.37007874015748143 ) ;
#1140 = DIRECTION ( 'NONE',  ( 0.000000000000000000, 1.000000000000000000, -3.256362808448494581E-13 ) ) ;
#1141 = VERTEX_POINT ( 'NONE', #54 ) ;
#1142 = AXIS2_PLACEMENT_3D ( 'NONE', #1120, #1581, #686 ) ;
#1143 = VECTOR ( 'NONE', #1424, 39.37007874015748143 ) ;
#1144 = ORIENTED_EDGE ( 'NONE', *, *, #278, .F. ) ;
#1145 = VECTOR ( 'NONE', #797, 39.37007874015748143 ) ;
#1146 = CARTESIAN_POINT ( 'NONE',  ( 1.350000000000000089, -0.8499999999999887645, 0.000000000000000000 ) ) ;
#1147 = VECTOR ( 'NONE', #1560, 39.37007874015748143 ) ;
#1148 = DIRECTION ( 'NONE',  ( 0.000000000000000000, -1.000000000000000000, 0.000000000000000000 ) ) ;
#1149 = ORIENTED_EDGE ( 'NONE', *, *, #1419, .T. ) ;
#1150 = CARTESIAN_POINT ( 'NONE',  ( 1.350000000000000089, -1.774999999999995470, 2.375000000000140332 ) ) ;
#1151 = EDGE_CURVE ( 'NONE', #1885, #921, #806, .T. ) ;
#1152 = LINE ( 'NONE', #1460, #1615 ) ;
#1153 = EDGE_CURVE ( 'NONE', #1767, #1640, #1082, .T. ) ;
#1154 = DIRECTION ( 'NONE',  ( -0.000000000000000000, 1.000000000000000000, -0.000000000000000000 ) ) ;
#1155 = ORIENTED_EDGE ( 'NONE', *, *, #1433, .F. ) ;
#1156 = PERSON ( 'UNSPECIFIED', 'UNSPECIFIED', 'UNSPECIFIED', ('UNSPECIFIED'), ('UNSPECIFIED'), ('UNSPECIFIED') ) ;
#1157 = LOCAL_TIME ( 16, 17, 46.00000000000000000, #1506 ) ;
#1158 = VERTEX_POINT ( 'NONE', #938 ) ;
#1159 = CARTESIAN_POINT ( 'NONE',  ( 0.5999999999999999778, -1.774999999999995470, 1.925000000000144595 ) ) ;
#1160 = ORIENTED_EDGE ( 'NONE', *, *, #571, .F. ) ;
#1161 = CARTESIAN_POINT ( 'NONE',  ( 0.1000000000000000056, -3.500000000000000444, 1.499999999999997113 ) ) ;
#1162 = DIRECTION ( 'NONE',  ( 0.000000000000000000, -0.000000000000000000, -1.000000000000000000 ) ) ;
#1163 = LINE ( 'NONE', #1756, #1766 ) ;
#1164 = EDGE_CURVE ( 'NONE', #747, #1567, #1537, .T. ) ;
#1165 = EDGE_LOOP ( 'NONE', ( #434, #1301, #338, #225, #860, #1816, #521, #965, #1568, #1561 ) ) ;
#1166 = ORIENTED_EDGE ( 'NONE', *, *, #192, .T. ) ;
#1167 = DIRECTION ( 'NONE',  ( 0.000000000000000000, 0.000000000000000000, -1.000000000000000000 ) ) ;
#1168 = VERTEX_POINT ( 'NONE', #1243 ) ;
#1169 =( LENGTH_UNIT ( ) NAMED_UNIT ( * ) SI_UNIT ( $, .METRE. ) );
#1170 = FACE_OUTER_BOUND ( 'NONE', #1027, .T. ) ;
#1171 = CARTESIAN_POINT ( 'NONE',  ( 1.350000000000000089, -1.774999999999995470, 2.375000000000140332 ) ) ;
#1172 = ORIENTED_EDGE ( 'NONE', *, *, #515, .T. ) ;
#1173 = EDGE_CURVE ( 'NONE', #921, #468, #1833, .T. ) ;
#1174 = AXIS2_PLACEMENT_3D ( 'NONE', #1786, #271, #1752 ) ;
#1175 = VERTEX_POINT ( 'NONE', #372 ) ;
#1176 = VECTOR ( 'NONE', #737, 39.37007874015748143 ) ;
#1177 = EDGE_CURVE ( 'NONE', #1453, #823, #1402, .T. ) ;
#1178 = CARTESIAN_POINT ( 'NONE',  ( 0.1000000000000000056, -2.797941163388252495, 4.774999999999998579 ) ) ;
#1179 = EDGE_LOOP ( 'NONE', ( #612, #1550, #1058, #1340 ) ) ;
#1180 = APPROVAL_DATE_TIME ( #471, #983 ) ;
#1181 = VECTOR ( 'NONE', #1721, 39.37007874015748143 ) ;
#1182 = PLANE ( 'NONE',  #1054 ) ;
#1183 = VECTOR ( 'NONE', #469, 39.37007874015748143 ) ;
#1184 = FACE_OUTER_BOUND ( 'NONE', #784, .T. ) ;
#1185 = DIRECTION ( 'NONE',  ( 0.000000000000000000, 0.000000000000000000, -1.000000000000000000 ) ) ;
#1186 = EDGE_LOOP ( 'NONE', ( #720, #298, #239, #622, #949, #1603, #1629, #66 ) ) ;
#1187 = VERTEX_POINT ( 'NONE', #668 ) ;
#1188 = PERSON_AND_ORGANIZATION ( #1156, #608 ) ;
#1189 = EDGE_CURVE ( 'NONE', #703, #329, #1792, .T. ) ;
#1190 = DIRECTION ( 'NONE',  ( -0.000000000000000000, -1.000000000000000000, -0.000000000000000000 ) ) ;
#1191 = DIRECTION ( 'NONE',  ( -0.000000000000000000, 1.000000000000000000, -0.000000000000000000 ) ) ;
#1192 = CARTESIAN_POINT ( 'NONE',  ( 0.1000000000000000056, -7.755511132637299632, 4.125000000000000000 ) ) ;
#1193 = FACE_OUTER_BOUND ( 'NONE', #1165, .T. ) ;
#1194 = CARTESIAN_POINT ( 'NONE',  ( 1.350000000000000089, 0.000000000000000000, 0.000000000000000000 ) ) ;
#1195 = ORIENTED_EDGE ( 'NONE', *, *, #339, .F. ) ;
#1196 = VERTEX_POINT ( 'NONE', #677 ) ;
#1197 =( NAMED_UNIT ( * ) SI_UNIT ( $, .STERADIAN. ) SOLID_ANGLE_UNIT ( ) );
#1198 = DIRECTION ( 'NONE',  ( 0.000000000000000000, 1.000000000000000000, 0.000000000000000000 ) ) ;
#1199 = ADVANCED_FACE ( 'NONE', ( #1573 ), #106, .F. ) ;
#1200 = DIRECTION ( 'NONE',  ( -1.000000000000000000, 0.000000000000000000, 0.000000000000000000 ) ) ;
#1201 = CARTESIAN_POINT ( 'NONE',  ( 0.7000000000000000666, -3.500000000000081712, 6.425000000000134825 ) ) ;
#1202 = CARTESIAN_POINT ( 'NONE',  ( 0.000000000000000000, -3.500000000000081712, 1.250000000000050404 ) ) ;
#1203 = CARTESIAN_POINT ( 'NONE',  ( 1.350000000000000089, -1.874999999999996003, 4.874999999999999112 ) ) ;
#1204 = ORIENTED_EDGE ( 'NONE', *, *, #992, .F. ) ;
#1205 = VECTOR ( 'NONE', #805, 39.37007874015748143 ) ;
#1206 = ORIENTED_EDGE ( 'NONE', *, *, #1215, .F. ) ;
#1207 = APPROVAL_DATE_TIME ( #886, #516 ) ;
#1208 = AXIS2_PLACEMENT_3D ( 'NONE', #46, #1545, #207 ) ;
#1209 = CARTESIAN_POINT ( 'NONE',  ( 1.350000000000000089, -1.174999999999996492, 5.875000000000140332 ) ) ;
#1210 = DIRECTION ( 'NONE',  ( 0.000000000000000000, 0.000000000000000000, 1.000000000000000000 ) ) ;
#1211 = EDGE_CURVE ( 'NONE', #773, #172, #1263, .T. ) ;
#1212 = PLANE ( 'NONE',  #1015 ) ;
#1213 = CIRCLE ( 'NONE', #1021, 0.1000000000000005745 ) ;
#1214 = FACE_OUTER_BOUND ( 'NONE', #884, .T. ) ;
#1215 = EDGE_CURVE ( 'NONE', #20, #1772, #1272, .T. ) ;
#1216 = DIRECTION ( 'NONE',  ( -1.000000000000000000, -0.000000000000000000, -0.000000000000000000 ) ) ;
#1217 = EDGE_LOOP ( 'NONE', ( #426, #1463, #78, #308 ) ) ;
#1218 = CARTESIAN_POINT ( 'NONE',  ( 1.350000000000000089, -0.8499999999999887645, 2.275000000000140243 ) ) ;
#1219 = ORIENTED_EDGE ( 'NONE', *, *, #1189, .F. ) ;
#1220 = CARTESIAN_POINT ( 'NONE',  ( 0.7000000000000000666, -1.774999999999995470, 4.374999999999981348 ) ) ;
#1221 = LOCAL_TIME ( 16, 17, 46.00000000000000000, #734 ) ;
#1222 = DIRECTION ( 'NONE',  ( 0.000000000000000000, 0.000000000000000000, 1.000000000000000000 ) ) ;
#1223 = DIRECTION ( 'NONE',  ( 0.000000000000000000, 1.000000000000000000, -5.919874639972142603E-16 ) ) ;
#1224 = CARTESIAN_POINT ( 'NONE',  ( 0.7000000000000000666, -0.8499999999999886535, 2.375000000000140776 ) ) ;
#1225 = CARTESIAN_POINT ( 'NONE',  ( 0.1000000000000000056, -7.755511132637299632, 4.125000000000000000 ) ) ;
#1226 = ADVANCED_FACE ( 'NONE', ( #117 ), #1714, .T. ) ;
#1227 = ORIENTED_EDGE ( 'NONE', *, *, #1866, .T. ) ;
#1228 = ORIENTED_EDGE ( 'NONE', *, *, #365, .T. ) ;
#1229 = DIRECTION ( 'NONE',  ( 0.000000000000000000, 0.000000000000000000, -1.000000000000000000 ) ) ;
#1230 = CARTESIAN_POINT ( 'NONE',  ( 0.1000000000000000056, -1.874999999999995337, 0.000000000000000000 ) ) ;
#1231 = DIRECTION ( 'NONE',  ( -1.000000000000000000, -0.000000000000000000, -0.000000000000000000 ) ) ;
#1232 = DIRECTION ( 'NONE',  ( 0.000000000000000000, 0.000000000000000000, -1.000000000000000000 ) ) ;
#1233 = PLANE ( 'NONE',  #1794 ) ;
#1234 = VERTEX_POINT ( 'NONE', #954 ) ;
#1235 = ADVANCED_FACE ( 'NONE', ( #1851 ), #835, .F. ) ;
#1236 = ORIENTED_EDGE ( 'NONE', *, *, #555, .T. ) ;
#1237 = EDGE_CURVE ( 'NONE', #1248, #80, #531, .T. ) ;
#1238 = AXIS2_PLACEMENT_3D ( 'NONE', #1060, #503, #485 ) ;
#1239 = PLANE ( 'NONE',  #657 ) ;
#1240 = DIRECTION ( 'NONE',  ( -0.000000000000000000, -0.000000000000000000, -1.000000000000000000 ) ) ;
#1241 = AXIS2_PLACEMENT_3D ( 'NONE', #772, #940, #1247 ) ;
#1242 = VECTOR ( 'NONE', #799, 39.37007874015748143 ) ;
#1243 = CARTESIAN_POINT ( 'NONE',  ( 0.1000000000000000056, -2.797941163388252495, 3.474999999999997424 ) ) ;
#1244 = VECTOR ( 'NONE', #843, 39.37007874015748143 ) ;
#1245 = DIRECTION ( 'NONE',  ( 0.000000000000000000, 0.000000000000000000, 1.000000000000000000 ) ) ;
#1246 = CIRCLE ( 'NONE', #201, 0.1000000000000000194 ) ;
#1247 = DIRECTION ( 'NONE',  ( 0.000000000000000000, 0.000000000000000000, -1.000000000000000000 ) ) ;
#1248 = VERTEX_POINT ( 'NONE', #845 ) ;
#1249 = CIRCLE ( 'NONE', #423, 0.1000000000000005745 ) ;
#1250 = ORIENTED_EDGE ( 'NONE', *, *, #665, .T. ) ;
#1251 = CARTESIAN_POINT ( 'NONE',  ( 0.5999999999999999778, -0.2499999999999877598, 4.274999999999980815 ) ) ;
#1252 = EDGE_CURVE ( 'NONE', #1035, #460, #1723, .T. ) ;
#1253 = EDGE_CURVE ( 'NONE', #249, #481, #1564, .T. ) ;
#1254 = APPROVAL_PERSON_ORGANIZATION ( #1494, #516, #454 ) ;
#1255 = DIRECTION ( 'NONE',  ( -0.000000000000000000, -0.000000000000000000, -1.000000000000000000 ) ) ;
#1256 = CYLINDRICAL_SURFACE ( 'NONE', #231, 0.1000000000000000194 ) ;
#1257 = DIRECTION ( 'NONE',  ( -0.000000000000000000, -0.000000000000000000, -1.000000000000000000 ) ) ;
#1258 = ORIENTED_EDGE ( 'NONE', *, *, #1297, .T. ) ;
#1259 = VERTEX_POINT ( 'NONE', #1107 ) ;
#1260 = DIRECTION ( 'NONE',  ( -0.000000000000000000, 1.000000000000000000, -0.000000000000000000 ) ) ;
#1261 = ORIENTED_EDGE ( 'NONE', *, *, #48, .F. ) ;
#1262 = EDGE_CURVE ( 'NONE', #530, #710, #966, .T. ) ;
#1263 = LINE ( 'NONE', #974, #137 ) ;
#1264 = LINE ( 'NONE', #96, #1277 ) ;
#1265 = CARTESIAN_POINT ( 'NONE',  ( 0.5999999999999999778, -1.774999999999995470, 4.274999999999980815 ) ) ;
#1266 = EDGE_LOOP ( 'NONE', ( #1427, #1628, #684, #1307 ) ) ;
#1267 = CARTESIAN_POINT ( 'NONE',  ( 0.1000000000000000056, -0.000000000000000000, 2.375000000000140332 ) ) ;
#1268 = EDGE_LOOP ( 'NONE', ( #866, #733, #277, #1828 ) ) ;
#1269 = DIRECTION ( 'NONE',  ( 0.000000000000000000, 0.000000000000000000, 1.000000000000000000 ) ) ;
#1270 = EDGE_LOOP ( 'NONE', ( #1227, #1059, #428, #998 ) ) ;
#1271 = CARTESIAN_POINT ( 'NONE',  ( 1.350000000000000089, -1.874999999999995337, 0.000000000000000000 ) ) ;
#1272 = LINE ( 'NONE', #560, #659 ) ;
#1273 = VECTOR ( 'NONE', #400, 39.37007874015748143 ) ;
#1274 = EDGE_CURVE ( 'NONE', #838, #1916, #1732, .T. ) ;
#1275 = CIRCLE ( 'NONE', #1208, 5.000000000000000000 ) ;
#1276 = PLANE ( 'NONE',  #199 ) ;
#1277 = VECTOR ( 'NONE', #76, 39.37007874015748143 ) ;
#1278 = EDGE_CURVE ( 'NONE', #114, #269, #551, .T. ) ;
#1279 = ORIENTED_EDGE ( 'NONE', *, *, #1164, .F. ) ;
#1280 = VECTOR ( 'NONE', #1743, 39.37007874015748143 ) ;
#1281 = ORIENTED_EDGE ( 'NONE', *, *, #736, .F. ) ;
#1282 = LINE ( 'NONE', #842, #1700 ) ;
#1283 = ORIENTED_EDGE ( 'NONE', *, *, #1361, .T. ) ;
#1284 = CARTESIAN_POINT ( 'NONE',  ( 0.1000000000000000056, -0.2499999999999877598, 6.999999999999981348 ) ) ;
#1285 = CARTESIAN_POINT ( 'NONE',  ( 1.350000000000000089, 0.000000000000000000, 2.375000000000140332 ) ) ;
#1286 = PLANE ( 'NONE',  #690 ) ;
#1287 = ORIENTED_EDGE ( 'NONE', *, *, #982, .F. ) ;
#1288 = ADVANCED_FACE ( 'NONE', ( #1130 ), #407, .F. ) ;
#1289 = ORIENTED_EDGE ( 'NONE', *, *, #1718, .T. ) ;
#1290 = DIRECTION ( 'NONE',  ( -1.000000000000000000, -0.000000000000000000, -0.000000000000000000 ) ) ;
#1291 = ORIENTED_EDGE ( 'NONE', *, *, #523, .T. ) ;
#1292 = CARTESIAN_POINT ( 'NONE',  ( 1.350000000000000089, -0.8499999999999887645, 5.975000000000139089 ) ) ;
#1293 = DIRECTION ( 'NONE',  ( -0.000000000000000000, -0.000000000000000000, -1.000000000000000000 ) ) ;
#1294 = DIRECTION ( 'NONE',  ( -2.101421533587894366E-16, -1.000000000000000000, 0.000000000000000000 ) ) ;
#1295 = ORIENTED_EDGE ( 'NONE', *, *, #1455, .F. ) ;
#1296 = ORIENTED_EDGE ( 'NONE', *, *, #1731, .F. ) ;
#1297 = EDGE_CURVE ( 'NONE', #553, #1333, #984, .T. ) ;
#1298 = EDGE_CURVE ( 'NONE', #42, #1175, #1098, .T. ) ;
#1299 = FACE_OUTER_BOUND ( 'NONE', #1514, .T. ) ;
#1300 = DIRECTION ( 'NONE',  ( -1.000000000000000000, -0.000000000000000000, -0.000000000000000000 ) ) ;
#1301 = ORIENTED_EDGE ( 'NONE', *, *, #559, .F. ) ;
#1302 = LINE ( 'NONE', #274, #1768 ) ;
#1303 = EDGE_CURVE ( 'NONE', #1342, #1024, #1693, .T. ) ;
#1304 = DIRECTION ( 'NONE',  ( 0.000000000000000000, -1.000000000000000000, 2.353592117618430962E-15 ) ) ;
#1305 = VECTOR ( 'NONE', #731, 39.37007874015748143 ) ;
#1306 = DIRECTION ( 'NONE',  ( 0.000000000000000000, -0.000000000000000000, -1.000000000000000000 ) ) ;
#1307 = ORIENTED_EDGE ( 'NONE', *, *, #254, .F. ) ;
#1308 = VECTOR ( 'NONE', #1873, 39.37007874015748143 ) ;
#1309 = ORIENTED_EDGE ( 'NONE', *, *, #1878, .F. ) ;
#1310 = AXIS2_PLACEMENT_3D ( 'NONE', #826, #398, #1630 ) ;
#1311 = VECTOR ( 'NONE', #1789, 39.37007874015748143 ) ;
#1312 = APPLICATION_CONTEXT ( 'configuration controlled 3d designs of mechanical parts and assemblies' ) ;
#1313 = CARTESIAN_POINT ( 'NONE',  ( 0.1000000000000000056, -0.2499999999999877598, 2.275000000000140243 ) ) ;
#1314 = ORIENTED_EDGE ( 'NONE', *, *, #1562, .T. ) ;
#1315 = LINE ( 'NONE', #429, #1499 ) ;
#1316 = EDGE_CURVE ( 'NONE', #1175, #1567, #380, .T. ) ;
#1317 = DIRECTION ( 'NONE',  ( -1.000000000000000000, 2.101421533587894859E-16, 0.000000000000000000 ) ) ;
#1318 = DIRECTION ( 'NONE',  ( 0.000000000000000000, 0.000000000000000000, 1.000000000000000000 ) ) ;
#1319 = ORIENTED_EDGE ( 'NONE', *, *, #702, .T. ) ;
#1320 = CC_DESIGN_SECURITY_CLASSIFICATION ( #81, ( #177 ) ) ;
#1321 = ORIENTED_EDGE ( 'NONE', *, *, #1067, .T. ) ;
#1322 = CARTESIAN_POINT ( 'NONE',  ( 1.350000000000000089, -1.874999999999996003, 2.275000000000140243 ) ) ;
#1323 = DIRECTION ( 'NONE',  ( -0.000000000000000000, -1.000000000000000000, -0.000000000000000000 ) ) ;
#1324 = ORIENTED_EDGE ( 'NONE', *, *, #825, .F. ) ;
#1325 = PERSON_AND_ORGANIZATION_ROLE ( 'creator' ) ;
#1326 = LINE ( 'NONE', #1912, #635 ) ;
#1327 = EDGE_CURVE ( 'NONE', #1259, #481, #236, .T. ) ;
#1328 = CC_DESIGN_PERSON_AND_ORGANIZATION_ASSIGNMENT ( #1188, #291, ( #177 ) ) ;
#1329 = DIRECTION ( 'NONE',  ( 1.000000000000000000, -0.000000000000000000, 1.681137226870315887E-15 ) ) ;
#1330 = ORIENTED_EDGE ( 'NONE', *, *, #422, .T. ) ;
#1331 = ORIENTED_EDGE ( 'NONE', *, *, #1562, .F. ) ;
#1332 = CARTESIAN_POINT ( 'NONE',  ( 1.350000000000000089, 0.000000000000000000, 0.000000000000000000 ) ) ;
#1333 = VERTEX_POINT ( 'NONE', #898 ) ;
#1334 = CARTESIAN_POINT ( 'NONE',  ( 1.350000000000000089, -1.874999999999996003, 5.975000000000139089 ) ) ;
#1335 = LINE ( 'NONE', #1001, #779 ) ;
#1336 = ORIENTED_EDGE ( 'NONE', *, *, #146, .F. ) ;
#1337 = EDGE_CURVE ( 'NONE', #1699, #281, #1020, .T. ) ;
#1338 = PRODUCT_DEFINITION ( 'UNKNOWN', '', #177, #55 ) ;
#1339 = VECTOR ( 'NONE', #82, 39.37007874015748143 ) ;
#1340 = ORIENTED_EDGE ( 'NONE', *, *, #793, .F. ) ;
#1341 = VECTOR ( 'NONE', #890, 39.37007874015748143 ) ;
#1342 = VERTEX_POINT ( 'NONE', #887 ) ;
#1343 = APPROVAL_STATUS ( 'not_yet_approved' ) ;
#1344 = VECTOR ( 'NONE', #1793, 39.37007874015748143 ) ;
#1345 = CARTESIAN_POINT ( 'NONE',  ( 0.000000000000000000, -0.2499999999999877598, 6.999999999999981348 ) ) ;
#1346 = VECTOR ( 'NONE', #925, 39.37007874015748143 ) ;
#1347 = CARTESIAN_POINT ( 'NONE',  ( 0.5999999999999999778, -0.9499999999999886313, 2.275000000000140243 ) ) ;
#1348 = DIRECTION ( 'NONE',  ( 0.000000000000000000, 0.000000000000000000, 1.000000000000000000 ) ) ;
#1349 = ORIENTED_EDGE ( 'NONE', *, *, #1695, .F. ) ;
#1350 = ADVANCED_FACE ( 'NONE', ( #589 ), #1182, .T. ) ;
#1351 = ORIENTED_EDGE ( 'NONE', *, *, #1769, .T. ) ;
#1352 = CARTESIAN_POINT ( 'NONE',  ( 0.5999999999999999778, -1.074999999999996403, 5.975000000000139089 ) ) ;
#1353 = LINE ( 'NONE', #1526, #1311 ) ;
#1354 = CARTESIAN_POINT ( 'NONE',  ( 1.350000000000000089, -2.797941163388252495, 3.474999999999997424 ) ) ;
#1355 = DIRECTION ( 'NONE',  ( 0.000000000000000000, -0.000000000000000000, 1.000000000000000000 ) ) ;
#1356 = CARTESIAN_POINT ( 'NONE',  ( 1.350000000000000089, -0.2499999999999877598, 4.374999999999981348 ) ) ;
#1357 = CARTESIAN_POINT ( 'NONE',  ( 1.350000000000000089, -1.774999999999995470, 0.000000000000000000 ) ) ;
#1358 = ORIENTED_EDGE ( 'NONE', *, *, #252, .T. ) ;
#1359 = ORIENTED_EDGE ( 'NONE', *, *, #723, .T. ) ;
#1360 = LENGTH_MEASURE_WITH_UNIT ( LENGTH_MEASURE( 0.02539999999999999897 ), #1169 );
#1361 = EDGE_CURVE ( 'NONE', #1196, #20, #741, .T. ) ;
#1362 = DIRECTION ( 'NONE',  ( -0.000000000000000000, 1.000000000000000000, -0.000000000000000000 ) ) ;
#1363 = DIRECTION ( 'NONE',  ( -0.000000000000000000, -1.000000000000000000, -0.000000000000000000 ) ) ;
#1364 = ADVANCED_FACE ( 'NONE', ( #1170 ), #1000, .F. ) ;
#1365 = CARTESIAN_POINT ( 'NONE',  ( 0.1000000000000000056, -0.2499999999999877598, 5.975000000000139089 ) ) ;
#1366 = CARTESIAN_POINT ( 'NONE',  ( 0.7000000000000000666, -0.2499999999999877598, 3.974999999999981437 ) ) ;
#1367 = DIRECTION ( 'NONE',  ( -0.000000000000000000, 1.000000000000000000, -0.000000000000000000 ) ) ;
#1368 = ORIENTED_EDGE ( 'NONE', *, *, #1274, .F. ) ;
#1369 = AXIS2_PLACEMENT_3D ( 'NONE', #376, #198, #809 ) ;
#1370 = VERTEX_POINT ( 'NONE', #1334 ) ;
#1371 = AXIS2_PLACEMENT_3D ( 'NONE', #1883, #1138, #991 ) ;
#1372 = PLANE ( 'NONE',  #1238 ) ;
#1373 = DIRECTION ( 'NONE',  ( -1.000000000000000000, -0.000000000000000000, -0.000000000000000000 ) ) ;
#1374 = VECTOR ( 'NONE', #1190, 39.37007874015748143 ) ;
#1375 = EDGE_CURVE ( 'NONE', #718, #576, #1774, .T. ) ;
#1376 = DIRECTION ( 'NONE',  ( 0.000000000000000000, 0.000000000000000000, 1.000000000000000000 ) ) ;
#1377 = AXIS2_PLACEMENT_3D ( 'NONE', #872, #1618, #1471 ) ;
#1378 = CARTESIAN_POINT ( 'NONE',  ( 0.7000000000000000666, -1.874999999999995337, 4.274999999999980815 ) ) ;
#1379 = CARTESIAN_POINT ( 'NONE',  ( 0.7000000000000000666, -1.774999999999995470, 1.825000000000144507 ) ) ;
#1380 = ORIENTED_EDGE ( 'NONE', *, *, #321, .F. ) ;
#1381 = EDGE_LOOP ( 'NONE', ( #689, #714, #50, #124 ) ) ;
#1382 = DIRECTION ( 'NONE',  ( -0.000000000000000000, 0.000000000000000000, 1.000000000000000000 ) ) ;
#1383 = DIRECTION ( 'NONE',  ( 1.000000000000000000, 0.000000000000000000, 0.000000000000000000 ) ) ;
#1384 = DIRECTION ( 'NONE',  ( 1.000000000000000000, -0.000000000000000000, 0.000000000000000000 ) ) ;
#1385 = EDGE_CURVE ( 'NONE', #1578, #483, #1152, .T. ) ;
#1386 = LINE ( 'NONE', #946, #1734 ) ;
#1387 = CARTESIAN_POINT ( 'NONE',  ( 0.000000000000000000, -3.500000000000003109, 6.999999999999988454 ) ) ;
#1388 = ADVANCED_FACE ( 'NONE', ( #581 ), #1782, .F. ) ;
#1389 = VERTEX_POINT ( 'NONE', #439 ) ;
#1390 = ORIENTED_EDGE ( 'NONE', *, *, #1651, .F. ) ;
#1391 = DIRECTION ( 'NONE',  ( 0.000000000000000000, 0.000000000000000000, 1.000000000000000000 ) ) ;
#1392 = CARTESIAN_POINT ( 'NONE',  ( 1.350000000000000089, -1.774999999999995470, 3.874999999999981348 ) ) ;
#1393 = DIRECTION ( 'NONE',  ( -0.000000000000000000, 1.000000000000000000, 1.311287036958904721E-14 ) ) ;
#1394 = LINE ( 'NONE', #828, #899 ) ;
#1395 = FACE_OUTER_BOUND ( 'NONE', #941, .T. ) ;
#1396 = ORIENTED_EDGE ( 'NONE', *, *, #241, .T. ) ;
#1397 = EDGE_CURVE ( 'NONE', #885, #1702, #235, .T. ) ;
#1398 = ORIENTED_EDGE ( 'NONE', *, *, #1002, .T. ) ;
#1399 = AXIS2_PLACEMENT_3D ( 'NONE', #1865, #1140, #708 ) ;
#1400 = LINE ( 'NONE', #1701, #226 ) ;
#1401 = VECTOR ( 'NONE', #762, 39.37007874015748143 ) ;
#1402 = LINE ( 'NONE', #945, #1047 ) ;
#1403 = DIRECTION ( 'NONE',  ( -1.000000000000000000, 0.000000000000000000, -8.405686134351579437E-16 ) ) ;
#1404 = VECTOR ( 'NONE', #1078, 39.37007874015748143 ) ;
#1405 = VECTOR ( 'NONE', #473, 39.37007874015748143 ) ;
#1406 = DIRECTION ( 'NONE',  ( 0.000000000000000000, -1.000000000000000000, -1.791375733550327828E-16 ) ) ;
#1407 = ORIENTED_EDGE ( 'NONE', *, *, #120, .F. ) ;
#1408 = ORIENTED_EDGE ( 'NONE', *, *, #1651, .T. ) ;
#1409 = COORDINATED_UNIVERSAL_TIME_OFFSET ( 8, 0, .BEHIND. ) ;
#1410 = EDGE_CURVE ( 'NONE', #1720, #1234, #726, .T. ) ;
#1411 = CARTESIAN_POINT ( 'NONE',  ( 1.350000000000000089, -7.755511132637299632, 4.125000000000000000 ) ) ;
#1412 = ORIENTED_EDGE ( 'NONE', *, *, #241, .F. ) ;
#1413 = DIRECTION ( 'NONE',  ( 2.101421533587894366E-16, 1.000000000000000000, -0.000000000000000000 ) ) ;
#1414 = DIRECTION ( 'NONE',  ( -2.101421533587894366E-16, -1.000000000000000000, 0.000000000000000000 ) ) ;
#1415 = CARTESIAN_POINT ( 'NONE',  ( 0.5999999999999999778, -1.074999999999996403, 2.275000000000140243 ) ) ;
#1416 = ORIENTED_EDGE ( 'NONE', *, *, #1876, .F. ) ;
#1417 = VERTEX_POINT ( 'NONE', #318 ) ;
#1418 = DIRECTION ( 'NONE',  ( 1.000000000000000000, 0.000000000000000000, 0.000000000000000000 ) ) ;
#1419 = EDGE_CURVE ( 'NONE', #191, #795, #136, .T. ) ;
#1420 = ORIENTED_EDGE ( 'NONE', *, *, #1580, .T. ) ;
#1421 = DIRECTION ( 'NONE',  ( -1.000000000000000000, 0.000000000000000000, 0.000000000000000000 ) ) ;
#1422 = EDGE_CURVE ( 'NONE', #1234, #739, #1009, .T. ) ;
#1423 = DIRECTION ( 'NONE',  ( -0.000000000000000000, -0.000000000000000000, -1.000000000000000000 ) ) ;
#1424 = DIRECTION ( 'NONE',  ( 0.000000000000000000, -1.000000000000000000, -1.791375733550327828E-16 ) ) ;
#1425 = DIRECTION ( 'NONE',  ( -1.000000000000000000, -0.000000000000000000, -0.000000000000000000 ) ) ;
#1426 = ORIENTED_EDGE ( 'NONE', *, *, #1633, .T. ) ;
#1427 = ORIENTED_EDGE ( 'NONE', *, *, #1274, .T. ) ;
#1428 = CARTESIAN_POINT ( 'NONE',  ( 1.350000000000000089, -1.174999999999996492, 2.375000000000140332 ) ) ;
#1429 = CARTESIAN_POINT ( 'NONE',  ( 0.7000000000000000666, -1.874999999999995337, 6.325000000000135181 ) ) ;
#1430 = CARTESIAN_POINT ( 'NONE',  ( 0.7000000000000000666, -3.500000000000081712, 1.825000000000144507 ) ) ;
#1431 = VECTOR ( 'NONE', #337, 39.37007874015748143 ) ;
#1432 = UNCERTAINTY_MEASURE_WITH_UNIT (LENGTH_MEASURE( 1.000000000000000082E-05 ), #173, 'distance_accuracy_value', 'NONE');
#1433 = EDGE_CURVE ( 'NONE', #1848, #1586, #1625, .T. ) ;
#1434 = AXIS2_PLACEMENT_3D ( 'NONE', #256, #1413, #1862 ) ;
#1435 = CARTESIAN_POINT ( 'NONE',  ( 0.1000000000000000056, -0.2499999999999877598, 1.249999999999981570 ) ) ;
#1436 = CLOSED_SHELL ( 'NONE', ( #792, #1055, #892, #1350, #71, #592, #1135, #336, #1697, #156, #767, #455, #711, #815, #847, #218, #582, #1089, #871, #1100, #1806, #849, #349, #754, #94, #1445, #547, #1364, #1091, #215, #1288, #83, #712, #442, #195, #1388, #1515, #1199, #834, #1456, #700, #811, #1758, #836, #227, #364, #640, #22, #1064, #1226, #1004, #134, #130, #375, #1235, #923 ) ) ;
#1437 = ORIENTED_EDGE ( 'NONE', *, *, #1278, .F. ) ;
#1438 = DIRECTION ( 'NONE',  ( 0.000000000000000000, 0.000000000000000000, -1.000000000000000000 ) ) ;
#1439 = VECTOR ( 'NONE', #1856, 39.37007874015748143 ) ;
#1440 = ORIENTED_EDGE ( 'NONE', *, *, #112, .F. ) ;
#1441 = DIRECTION ( 'NONE',  ( 1.000000000000000000, 0.000000000000000000, 0.000000000000000000 ) ) ;
#1442 = LINE ( 'NONE', #1459, #416 ) ;
#1443 = DIRECTION ( 'NONE',  ( -0.000000000000000000, 0.000000000000000000, 1.000000000000000000 ) ) ;
#1444 = CARTESIAN_POINT ( 'NONE',  ( 0.7000000000000000666, -3.500000000000081712, 1.925000000000144595 ) ) ;
#1445 = ADVANCED_FACE ( 'NONE', ( #1609 ), #293, .T. ) ;
#1446 = ORIENTED_EDGE ( 'NONE', *, *, #1422, .F. ) ;
#1447 = EDGE_CURVE ( 'NONE', #1848, #1767, #1326, .T. ) ;
#1448 = ORIENTED_EDGE ( 'NONE', *, *, #1570, .T. ) ;
#1449 = DIRECTION ( 'NONE',  ( -0.000000000000000000, 1.000000000000000000, -2.118232905856536629E-14 ) ) ;
#1450 = CARTESIAN_POINT ( 'NONE',  ( 0.1000000000000000056, -1.774999999999995470, 0.000000000000000000 ) ) ;
#1451 = DIRECTION ( 'NONE',  ( -1.000000000000000000, 0.000000000000000000, 0.000000000000000000 ) ) ;
#1452 = PLANE ( 'NONE',  #446 ) ;
#1453 = VERTEX_POINT ( 'NONE', #881 ) ;
#1454 = ORIENTED_EDGE ( 'NONE', *, *, #1914, .F. ) ;
#1455 = EDGE_CURVE ( 'NONE', #641, #483, #162, .T. ) ;
#1456 = ADVANCED_FACE ( 'NONE', ( #1478 ), #155, .F. ) ;
#1457 = CARTESIAN_POINT ( 'NONE',  ( 1.350000000000000089, -1.774999999999995470, 5.975000000000139089 ) ) ;
#1458 = ORIENTED_EDGE ( 'NONE', *, *, #112, .T. ) ;
#1459 = CARTESIAN_POINT ( 'NONE',  ( 1.350000000000000089, -2.797941163388252495, 3.474999999999997424 ) ) ;
#1460 = CARTESIAN_POINT ( 'NONE',  ( 1.350000000000000089, 1.647514482332896743E-14, 6.999999999999979572 ) ) ;
#1461 = VECTOR ( 'NONE', #1127, 39.37007874015748143 ) ;
#1462 = DIRECTION ( 'NONE',  ( -1.000000000000000000, -0.000000000000000000, -0.000000000000000000 ) ) ;
#1463 = ORIENTED_EDGE ( 'NONE', *, *, #1113, .T. ) ;
#1464 = AXIS2_PLACEMENT_3D ( 'NONE', #1366, #344, #919 ) ;
#1465 = ORIENTED_EDGE ( 'NONE', *, *, #499, .T. ) ;
#1466 = CARTESIAN_POINT ( 'NONE',  ( 0.1000000000000000056, -0.000000000000000000, 5.975000000000139089 ) ) ;
#1467 = AXIS2_PLACEMENT_3D ( 'NONE', #1904, #148, #598 ) ;
#1468 = CARTESIAN_POINT ( 'NONE',  ( 1.350000000000000089, -0.2499999999999877598, 3.874999999999981348 ) ) ;
#1469 = EDGE_CURVE ( 'NONE', #1473, #240, #785, .T. ) ;
#1470 = ORIENTED_EDGE ( 'NONE', *, *, #254, .T. ) ;
#1471 = DIRECTION ( 'NONE',  ( 1.000000000000000000, 0.000000000000000000, -0.000000000000000000 ) ) ;
#1472 = CARTESIAN_POINT ( 'NONE',  ( 1.350000000000000089, -1.174999999999996492, 0.000000000000000000 ) ) ;
#1473 = VERTEX_POINT ( 'NONE', #626 ) ;
#1474 = ORIENTED_EDGE ( 'NONE', *, *, #433, .T. ) ;
#1475 = FACE_OUTER_BOUND ( 'NONE', #813, .T. ) ;
#1476 = ORIENTED_EDGE ( 'NONE', *, *, #278, .T. ) ;
#1477 = CALENDAR_DATE ( 2026, 20, 3 ) ;
#1478 = FACE_OUTER_BOUND ( 'NONE', #1179, .T. ) ;
#1479 = EDGE_CURVE ( 'NONE', #219, #738, #504, .T. ) ;
#1480 = CARTESIAN_POINT ( 'NONE',  ( 1.350000000000000089, -0.2499999999999877598, 4.374999999999981348 ) ) ;
#1481 = VERTEX_POINT ( 'NONE', #1392 ) ;
#1482 = ORIENTED_EDGE ( 'NONE', *, *, #255, .F. ) ;
#1483 = ORIENTED_EDGE ( 'NONE', *, *, #857, .T. ) ;
#1484 = CARTESIAN_POINT ( 'NONE',  ( 0.000000000000000000, -3.500000000000003109, 6.999999999999988454 ) ) ;
#1485 = FACE_OUTER_BOUND ( 'NONE', #595, .T. ) ;
#1486 = EDGE_CURVE ( 'NONE', #88, #1767, #1116, .T. ) ;
#1487 = PLANE ( 'NONE',  #9 ) ;
#1488 = AXIS2_PLACEMENT_3D ( 'NONE', #331, #1655, #44 ) ;
#1489 = CIRCLE ( 'NONE', #1733, 0.1000000000000000194 ) ;
#1490 = ORIENTED_EDGE ( 'NONE', *, *, #825, .T. ) ;
#1491 = CIRCLE ( 'NONE', #750, 0.1000000000000000194 ) ;
#1492 = CARTESIAN_POINT ( 'NONE',  ( 1.350000000000000089, -1.874999999999995337, 3.874999999999981348 ) ) ;
#1493 = ORIENTED_EDGE ( 'NONE', *, *, #802, .T. ) ;
#1494 = PERSON_AND_ORGANIZATION ( #1156, #608 ) ;
#1495 = CIRCLE ( 'NONE', #1114, 0.1000000000000000194 ) ;
#1496 = VECTOR ( 'NONE', #1790, 39.37007874015748143 ) ;
#1497 = CARTESIAN_POINT ( 'NONE',  ( 1.350000000000000089, 0.000000000000000000, 0.000000000000000000 ) ) ;
#1498 = CARTESIAN_POINT ( 'NONE',  ( 1.350000000000000089, -1.874999999999996003, 4.774999999999997691 ) ) ;
#1499 = VECTOR ( 'NONE', #706, 39.37007874015748143 ) ;
#1500 = DIRECTION ( 'NONE',  ( 1.000000000000000000, 0.000000000000000000, 0.000000000000000000 ) ) ;
#1501 = CARTESIAN_POINT ( 'NONE',  ( 0.1000000000000000056, -1.874999999999995337, 1.250000000000015987 ) ) ;
#1502 = CARTESIAN_POINT ( 'NONE',  ( 0.7000000000000000666, -0.2499999999999877598, 3.874999999999980904 ) ) ;
#1503 = ORIENTED_EDGE ( 'NONE', *, *, #252, .F. ) ;
#1504 = EDGE_CURVE ( 'NONE', #795, #1586, #646, .T. ) ;
#1505 = ORIENTED_EDGE ( 'NONE', *, *, #1539, .F. ) ;
#1506 = COORDINATED_UNIVERSAL_TIME_OFFSET ( 8, 0, .BEHIND. ) ;
#1507 = CARTESIAN_POINT ( 'NONE',  ( 0.7000000000000000666, -0.2499999999999877598, 4.374999999999981348 ) ) ;
#1508 = DIRECTION ( 'NONE',  ( -1.000000000000000000, -0.000000000000000000, -0.000000000000000000 ) ) ;
#1509 = LOCAL_TIME ( 16, 17, 46.00000000000000000, #1409 ) ;
#1510 = LINE ( 'NONE', #352, #1242 ) ;
#1511 = DIRECTION ( 'NONE',  ( -0.000000000000000000, 0.000000000000000000, 1.000000000000000000 ) ) ;
#1512 = CARTESIAN_POINT ( 'NONE',  ( 0.5999999999999999778, -0.9499999999999886313, 5.875000000000140332 ) ) ;
#1513 = ORIENTED_EDGE ( 'NONE', *, *, #1636, .T. ) ;
#1514 = EDGE_LOOP ( 'NONE', ( #821, #273, #452, #1295 ) ) ;
#1515 = ADVANCED_FACE ( 'NONE', ( #1685 ), #944, .F. ) ;
#1516 = CARTESIAN_POINT ( 'NONE',  ( 0.1000000000000000056, -1.874999999999996003, 4.874999999999999112 ) ) ;
#1517 = LINE ( 'NONE', #1822, #962 ) ;
#1518 = FACE_OUTER_BOUND ( 'NONE', #340, .T. ) ;
#1519 = FACE_OUTER_BOUND ( 'NONE', #636, .T. ) ;
#1520 = CARTESIAN_POINT ( 'NONE',  ( 1.350000000000000089, -0.8499999999999887645, 6.999999999999988454 ) ) ;
#1521 = ORIENTED_EDGE ( 'NONE', *, *, #374, .F. ) ;
#1522 = VECTOR ( 'NONE', #232, 39.37007874015748143 ) ;
#1523 = ORIENTED_EDGE ( 'NONE', *, *, #192, .F. ) ;
#1524 = DATE_AND_TIME ( #1069, #1509 ) ;
#1525 = AXIS2_PLACEMENT_3D ( 'NONE', #1735, #393, #1306 ) ;
#1526 = CARTESIAN_POINT ( 'NONE',  ( 0.1000000000000000056, -0.2499999999999877598, 6.999999999999981348 ) ) ;
#1527 = EDGE_CURVE ( 'NONE', #803, #740, #1864, .T. ) ;
#1528 = DIRECTION ( 'NONE',  ( -1.000000000000000000, -0.000000000000000000, -0.000000000000000000 ) ) ;
#1529 = PLANE ( 'NONE',  #1553 ) ;
#1530 = AXIS2_PLACEMENT_3D ( 'NONE', #1332, #1025, #358 ) ;
#1531 = DIRECTION ( 'NONE',  ( -1.000000000000000000, -0.000000000000000000, -0.000000000000000000 ) ) ;
#1532 = DIRECTION ( 'NONE',  ( 0.000000000000000000, -0.000000000000000000, -1.000000000000000000 ) ) ;
#1533 = ORIENTED_EDGE ( 'NONE', *, *, #1237, .F. ) ;
#1534 = ORIENTED_EDGE ( 'NONE', *, *, #1422, .T. ) ;
#1535 = CARTESIAN_POINT ( 'NONE',  ( 1.350000000000000089, -0.8499999999999887645, 0.000000000000000000 ) ) ;
#1536 = CARTESIAN_POINT ( 'NONE',  ( 0.1000000000000000056, -1.874999999999995337, 0.000000000000000000 ) ) ;
#1537 = LINE ( 'NONE', #214, #1894 ) ;
#1538 = CYLINDRICAL_SURFACE ( 'NONE', #870, 0.09999999999999947820 ) ;
#1539 = EDGE_CURVE ( 'NONE', #1605, #1389, #1213, .T. ) ;
#1540 = CARTESIAN_POINT ( 'NONE',  ( 1.350000000000000089, -1.874999999999996003, 4.874999999999999112 ) ) ;
#1541 = EDGE_LOOP ( 'NONE', ( #1765, #111, #1669, #1228 ) ) ;
#1542 = VERTEX_POINT ( 'NONE', #1354 ) ;
#1543 = APPROVAL_DATE_TIME ( #1524, #745 ) ;
#1544 = DIRECTION ( 'NONE',  ( 0.000000000000000000, -1.000000000000000000, -5.919874639972142603E-16 ) ) ;
#1545 = DIRECTION ( 'NONE',  ( -1.000000000000000000, -0.000000000000000000, -0.000000000000000000 ) ) ;
#1546 = DIRECTION ( 'NONE',  ( -0.000000000000000000, -0.000000000000000000, -1.000000000000000000 ) ) ;
#1547 = CARTESIAN_POINT ( 'NONE',  ( 1.350000000000000089, -0.2499999999999877598, 5.975000000000139089 ) ) ;
#1548 = EDGE_CURVE ( 'NONE', #942, #1716, #175, .T. ) ;
#1549 = ORIENTED_EDGE ( 'NONE', *, *, #1077, .T. ) ;
#1550 = ORIENTED_EDGE ( 'NONE', *, *, #396, .T. ) ;
#1551 = AXIS2_PLACEMENT_3D ( 'NONE', #1251, #1692, #1269 ) ;
#1552 = FACE_OUTER_BOUND ( 'NONE', #1850, .T. ) ;
#1553 = AXIS2_PLACEMENT_3D ( 'NONE', #343, #63, #35 ) ;
#1554 = VECTOR ( 'NONE', #1185, 39.37007874015748143 ) ;
#1555 = DIRECTION ( 'NONE',  ( 0.000000000000000000, -1.000000000000000000, 0.000000000000000000 ) ) ;
#1556 = PLANE ( 'NONE',  #959 ) ;
#1557 = AXIS2_PLACEMENT_3D ( 'NONE', #732, #1, #567 ) ;
#1558 = DIRECTION ( 'NONE',  ( -1.681137226870316085E-15, 0.000000000000000000, 1.000000000000000000 ) ) ;
#1559 = ORIENTED_EDGE ( 'NONE', *, *, #979, .F. ) ;
#1560 = DIRECTION ( 'NONE',  ( -0.000000000000000000, 1.000000000000000000, -0.000000000000000000 ) ) ;
#1561 = ORIENTED_EDGE ( 'NONE', *, *, #463, .T. ) ;
#1562 = EDGE_CURVE ( 'NONE', #129, #1187, #1517, .T. ) ;
#1563 = DIRECTION ( 'NONE',  ( 0.000000000000000000, 0.000000000000000000, -1.000000000000000000 ) ) ;
#1564 = LINE ( 'NONE', #420, #448 ) ;
#1565 = DIRECTION ( 'NONE',  ( 0.000000000000000000, 0.000000000000000000, 1.000000000000000000 ) ) ;
#1566 = DIRECTION ( 'NONE',  ( 1.000000000000000000, 0.000000000000000000, 1.681137226870316085E-15 ) ) ;
#1567 = VERTEX_POINT ( 'NONE', #1061 ) ;
#1568 = ORIENTED_EDGE ( 'NONE', *, *, #1455, .T. ) ;
#1569 = DIRECTION ( 'NONE',  ( -1.000000000000000000, -0.000000000000000000, -0.000000000000000000 ) ) ;
#1570 = EDGE_CURVE ( 'NONE', #1370, #141, #638, .T. ) ;
#1571 = ORIENTED_EDGE ( 'NONE', *, *, #889, .T. ) ;
#1572 = LINE ( 'NONE', #550, #1181 ) ;
#1573 = FACE_OUTER_BOUND ( 'NONE', #1541, .T. ) ;
#1574 = PLANE ( 'NONE',  #1399 ) ;
#1575 = ORIENTED_EDGE ( 'NONE', *, *, #1327, .T. ) ;
#1576 = VERTEX_POINT ( 'NONE', #655 ) ;
#1577 = CARTESIAN_POINT ( 'NONE',  ( 0.1000000000000000056, -0.2499999999999877598, 6.999999999999981348 ) ) ;
#1578 = VERTEX_POINT ( 'NONE', #185 ) ;
#1579 = DIRECTION ( 'NONE',  ( -0.000000000000000000, -0.000000000000000000, -1.000000000000000000 ) ) ;
#1580 = EDGE_CURVE ( 'NONE', #641, #1911, #761, .T. ) ;
#1581 = DIRECTION ( 'NONE',  ( -0.000000000000000000, -1.000000000000000000, -0.000000000000000000 ) ) ;
#1582 = VECTOR ( 'NONE', #1569, 39.37007874015748143 ) ;
#1583 = VECTOR ( 'NONE', #26, 39.37007874015748143 ) ;
#1584 = EDGE_CURVE ( 'NONE', #878, #913, #1049, .T. ) ;
#1585 = DIRECTION ( 'NONE',  ( 0.000000000000000000, 0.000000000000000000, -1.000000000000000000 ) ) ;
#1586 = VERTEX_POINT ( 'NONE', #617 ) ;
#1587 = VECTOR ( 'NONE', #494, 39.37007874015748143 ) ;
#1588 = ORIENTED_EDGE ( 'NONE', *, *, #478, .T. ) ;
#1589 = CARTESIAN_POINT ( 'NONE',  ( 1.350000000000000089, -1.774999999999995470, 0.000000000000000000 ) ) ;
#1590 = ORIENTED_EDGE ( 'NONE', *, *, #936, .F. ) ;
#1591 = CARTESIAN_POINT ( 'NONE',  ( 0.7000000000000000666, -1.874999999999996003, 6.425000000000134825 ) ) ;
#1592 = CARTESIAN_POINT ( 'NONE',  ( 0.5999999999999999778, 0.000000000000000000, 5.975000000000139089 ) ) ;
#1593 = LINE ( 'NONE', #958, #1273 ) ;
#1594 = EDGE_CURVE ( 'NONE', #724, #219, #935, .T. ) ;
#1595 = ORIENTED_EDGE ( 'NONE', *, *, #1903, .F. ) ;
#1596 = CC_DESIGN_DATE_AND_TIME_ASSIGNMENT ( #31, #330, ( #1338 ) ) ;
#1597 = ORIENTED_EDGE ( 'NONE', *, *, #1878, .T. ) ;
#1598 = CYLINDRICAL_SURFACE ( 'NONE', #135, 0.1000000000000005745 ) ;
#1599 = ORIENTED_EDGE ( 'NONE', *, *, #1410, .T. ) ;
#1600 = DIRECTION ( 'NONE',  ( 1.000000000000000000, -2.101421533587894366E-16, 0.000000000000000000 ) ) ;
#1601 = CARTESIAN_POINT ( 'NONE',  ( 1.350000000000000089, 0.000000000000000000, 5.875000000000140332 ) ) ;
#1602 = LINE ( 'NONE', #1201, #1341 ) ;
#1603 = ORIENTED_EDGE ( 'NONE', *, *, #383, .T. ) ;
#1604 = EDGE_CURVE ( 'NONE', #1333, #1175, #1647, .T. ) ;
#1605 = VERTEX_POINT ( 'NONE', #1804 ) ;
#1606 = CARTESIAN_POINT ( 'NONE',  ( 0.5999999999999999778, 0.000000000000000000, 5.875000000000140332 ) ) ;
#1607 = ORIENTED_EDGE ( 'NONE', *, *, #1419, .F. ) ;
#1608 = PERSON_AND_ORGANIZATION ( #1156, #608 ) ;
#1609 = FACE_OUTER_BOUND ( 'NONE', #1757, .T. ) ;
#1610 = VECTOR ( 'NONE', #115, 39.37007874015748143 ) ;
#1611 = CARTESIAN_POINT ( 'NONE',  ( 0.7000000000000000666, -1.174999999999996270, 6.999999999999988454 ) ) ;
#1612 = ORIENTED_EDGE ( 'NONE', *, *, #1173, .T. ) ;
#1613 = VECTOR ( 'NONE', #296, 39.37007874015748143 ) ;
#1614 = ORIENTED_EDGE ( 'NONE', *, *, #776, .T. ) ;
#1615 = VECTOR ( 'NONE', #1304, 39.37007874015748143 ) ;
#1616 = VERTEX_POINT ( 'NONE', #34 ) ;
#1617 = EDGE_CURVE ( 'NONE', #738, #739, #342, .T. ) ;
#1618 = DIRECTION ( 'NONE',  ( 0.000000000000000000, 0.000000000000000000, 1.000000000000000000 ) ) ;
#1619 = CARTESIAN_POINT ( 'NONE',  ( 0.1000000000000000056, -1.774999999999995470, 5.875000000000140332 ) ) ;
#1620 = ORIENTED_EDGE ( 'NONE', *, *, #1633, .F. ) ;
#1621 = ORIENTED_EDGE ( 'NONE', *, *, #1125, .F. ) ;
#1622 = CARTESIAN_POINT ( 'NONE',  ( 0.7000000000000000666, -1.874999999999995337, 1.925000000000144595 ) ) ;
#1623 = ORIENTED_EDGE ( 'NONE', *, *, #1151, .T. ) ;
#1624 = EDGE_CURVE ( 'NONE', #823, #710, #45, .T. ) ;
#1625 = LINE ( 'NONE', #1498, #74 ) ;
#1626 = LINE ( 'NONE', #138, #1176 ) ;
#1627 = LINE ( 'NONE', #208, #1050 ) ;
#1628 = ORIENTED_EDGE ( 'NONE', *, *, #8, .T. ) ;
#1629 = ORIENTED_EDGE ( 'NONE', *, *, #523, .F. ) ;
#1630 = DIRECTION ( 'NONE',  ( 0.000000000000000000, 0.000000000000000000, -1.000000000000000000 ) ) ;
#1631 = LINE ( 'NONE', #1507, #1374 ) ;
#1632 = DIRECTION ( 'NONE',  ( 0.000000000000000000, 0.000000000000000000, -1.000000000000000000 ) ) ;
#1633 = EDGE_CURVE ( 'NONE', #1473, #1158, #91, .T. ) ;
#1634 = DIRECTION ( 'NONE',  ( 1.000000000000000000, 0.000000000000000000, 0.000000000000000000 ) ) ;
#1635 = CARTESIAN_POINT ( 'NONE',  ( 1.350000000000000089, -1.774999999999995470, 4.374999999999981348 ) ) ;
#1636 = EDGE_CURVE ( 'NONE', #1481, #1717, #877, .T. ) ;
#1637 = CIRCLE ( 'NONE', #1174, 5.000000000000000000 ) ;
#1638 = CARTESIAN_POINT ( 'NONE',  ( 0.7000000000000000666, -3.500000000000081712, 6.075000000000138733 ) ) ;
#1639 = AXIS2_PLACEMENT_3D ( 'NONE', #186, #1062, #1223 ) ;
#1640 = VERTEX_POINT ( 'NONE', #1178 ) ;
#1641 = AXIS2_PLACEMENT_3D ( 'NONE', #911, #459, #197 ) ;
#1642 = ORIENTED_EDGE ( 'NONE', *, *, #1879, .F. ) ;
#1643 = PERSON_AND_ORGANIZATION ( #1156, #608 ) ;
#1644 = VECTOR ( 'NONE', #317, 39.37007874015748143 ) ;
#1645 = AXIS2_PLACEMENT_3D ( 'NONE', #950, #229, #79 ) ;
#1646 = PLANE ( 'NONE',  #234 ) ;
#1647 = LINE ( 'NONE', #1656, #574 ) ;
#1648 = CARTESIAN_POINT ( 'NONE',  ( 0.1000000000000000056, -3.500000000000003109, 6.999999999999988454 ) ) ;
#1649 = FACE_OUTER_BOUND ( 'NONE', #864, .T. ) ;
#1650 = LINE ( 'NONE', #1466, #67 ) ;
#1651 = EDGE_CURVE ( 'NONE', #1567, #1787, #43, .T. ) ;
#1652 = ORIENTED_EDGE ( 'NONE', *, *, #1676, .F. ) ;
#1653 = ORIENTED_EDGE ( 'NONE', *, *, #961, .F. ) ;
#1654 = APPROVAL_STATUS ( 'not_yet_approved' ) ;
#1655 = DIRECTION ( 'NONE',  ( -1.000000000000000000, 0.000000000000000000, 0.000000000000000000 ) ) ;
#1656 = CARTESIAN_POINT ( 'NONE',  ( 1.350000000000000089, -1.874999999999996003, 3.374999999999996447 ) ) ;
#1657 = DIRECTION ( 'NONE',  ( 1.000000000000000000, 0.000000000000000000, 0.000000000000000000 ) ) ;
#1658 = FACE_OUTER_BOUND ( 'NONE', #709, .T. ) ;
#1659 = CARTESIAN_POINT ( 'NONE',  ( 1.350000000000000089, -1.874999999999995337, 3.874999999999981348 ) ) ;
#1660 = EDGE_LOOP ( 'NONE', ( #994, #1470, #906, #1281 ) ) ;
#1661 = EDGE_CURVE ( 'NONE', #1417, #838, #203, .T. ) ;
#1662 = ORIENTED_EDGE ( 'NONE', *, *, #1617, .F. ) ;
#1663 = APPROVAL_ROLE ( '' ) ;
#1664 = DIRECTION ( 'NONE',  ( 0.000000000000000000, 0.000000000000000000, 1.000000000000000000 ) ) ;
#1665 = CARTESIAN_POINT ( 'NONE',  ( 0.5999999999999999778, -0.2499999999999877598, 4.274999999999980815 ) ) ;
#1666 = DIRECTION ( 'NONE',  ( 0.000000000000000000, 0.000000000000000000, -1.000000000000000000 ) ) ;
#1667 = DIRECTION ( 'NONE',  ( 0.000000000000000000, -3.256362808448494581E-13, -1.000000000000000000 ) ) ;
#1668 = FACE_OUTER_BOUND ( 'NONE', #220, .T. ) ;
#1669 = ORIENTED_EDGE ( 'NONE', *, *, #311, .F. ) ;
#1670 = VECTOR ( 'NONE', #1406, 39.37007874015748143 ) ;
#1671 = VERTEX_POINT ( 'NONE', #1910 ) ;
#1672 = VECTOR ( 'NONE', #222, 39.37007874015748143 ) ;
#1673 = FACE_OUTER_BOUND ( 'NONE', #89, .T. ) ;
#1674 = CARTESIAN_POINT ( 'NONE',  ( 0.7000000000000000666, -1.874999999999995337, 3.974999999999981437 ) ) ;
#1675 = CIRCLE ( 'NONE', #1641, 0.1000000000000000194 ) ;
#1676 = EDGE_CURVE ( 'NONE', #172, #530, #873, .T. ) ;
#1677 = CC_DESIGN_PERSON_AND_ORGANIZATION_ASSIGNMENT ( #1780, #596, ( #537 ) ) ;
#1678 = CARTESIAN_POINT ( 'NONE',  ( 1.350000000000000089, -2.797941163388252495, 4.774999999999998579 ) ) ;
#1679 = AXIS2_PLACEMENT_3D ( 'NONE', #213, #332, #789 ) ;
#1680 = CARTESIAN_POINT ( 'NONE',  ( 0.1000000000000000056, -1.874999999999995337, 6.999999999999985789 ) ) ;
#1681 = FACE_OUTER_BOUND ( 'NONE', #960, .T. ) ;
#1682 = VERTEX_POINT ( 'NONE', #1888 ) ;
#1683 = ORIENTED_EDGE ( 'NONE', *, *, #1447, .T. ) ;
#1684 = CARTESIAN_POINT ( 'NONE',  ( 0.1000000000000000056, -0.2499999999999877598, 5.875000000000140332 ) ) ;
#1685 = FACE_OUTER_BOUND ( 'NONE', #1886, .T. ) ;
#1686 = EDGE_CURVE ( 'NONE', #1885, #326, #997, .T. ) ;
#1687 = DIRECTION ( 'NONE',  ( 0.000000000000000000, 1.000000000000000000, 0.000000000000000000 ) ) ;
#1688 = CARTESIAN_POINT ( 'NONE',  ( 0.1000000000000000056, -7.755511132637299632, 4.125000000000000000 ) ) ;
#1689 = CARTESIAN_POINT ( 'NONE',  ( 0.7000000000000000666, -0.8499999999999886535, 6.999999999999988454 ) ) ;
#1690 = ORIENTED_EDGE ( 'NONE', *, *, #1686, .F. ) ;
#1691 = ORIENTED_EDGE ( 'NONE', *, *, #1709, .T. ) ;
#1692 = DIRECTION ( 'NONE',  ( -1.000000000000000000, 0.000000000000000000, 0.000000000000000000 ) ) ;
#1693 = LINE ( 'NONE', #95, #1703 ) ;
#1694 = CARTESIAN_POINT ( 'NONE',  ( 1.350000000000000089, -1.774999999999995470, 0.000000000000000000 ) ) ;
#1695 = EDGE_CURVE ( 'NONE', #530, #1453, #594, .T. ) ;
#1696 = LINE ( 'NONE', #1540, #778 ) ;
#1697 = ADVANCED_FACE ( 'NONE', ( #1475 ), #152, .T. ) ;
#1698 = VERTEX_POINT ( 'NONE', #328 ) ;
#1699 = VERTEX_POINT ( 'NONE', #1798 ) ;
#1700 = VECTOR ( 'NONE', #549, 39.37007874015748143 ) ;
#1701 = CARTESIAN_POINT ( 'NONE',  ( 0.6000000000000000888, -3.500000000000081712, 2.175000000000140155 ) ) ;
#1702 = VERTEX_POINT ( 'NONE', #652 ) ;
#1703 = VECTOR ( 'NONE', #1293, 39.37007874015748143 ) ;
#1704 = CARTESIAN_POINT ( 'NONE',  ( 0.1000000000000000056, -1.874999999999996003, 3.374999999999996447 ) ) ;
#1705 = CARTESIAN_POINT ( 'NONE',  ( 1.350000000000000089, -1.774999999999995470, 6.425000000000134825 ) ) ;
#1706 = VECTOR ( 'NONE', #1323, 39.37007874015748143 ) ;
#1707 = LINE ( 'NONE', #993, #228 ) ;
#1708 = ORIENTED_EDGE ( 'NONE', *, *, #1584, .T. ) ;
#1709 = EDGE_CURVE ( 'NONE', #139, #326, #190, .T. ) ;
#1710 = ORIENTED_EDGE ( 'NONE', *, *, #418, .F. ) ;
#1711 = LINE ( 'NONE', #243, #1205 ) ;
#1712 = ORIENTED_EDGE ( 'NONE', *, *, #1031, .T. ) ;
#1713 = CARTESIAN_POINT ( 'NONE',  ( 0.7000000000000000666, -1.874999999999996003, 2.275000000000140243 ) ) ;
#1714 = PLANE ( 'NONE',  #1371 ) ;
#1715 = CARTESIAN_POINT ( 'NONE',  ( 0.000000000000000000, -3.500000000000003109, 6.999999999999988454 ) ) ;
#1716 = VERTEX_POINT ( 'NONE', #1218 ) ;
#1717 = VERTEX_POINT ( 'NONE', #1492 ) ;
#1718 = EDGE_CURVE ( 'NONE', #576, #468, #347, .T. ) ;
#1719 = LINE ( 'NONE', #1831, #1339 ) ;
#1720 = VERTEX_POINT ( 'NONE', #1819 ) ;
#1721 = DIRECTION ( 'NONE',  ( -1.000000000000000000, 2.101421533587894366E-16, 0.000000000000000000 ) ) ;
#1722 = EDGE_CURVE ( 'NONE', #441, #1234, #786, .T. ) ;
#1723 = LINE ( 'NONE', #1285, #599 ) ;
#1724 = CARTESIAN_POINT ( 'NONE',  ( 0.1000000000000000056, -7.755511132637299632, 4.125000000000000000 ) ) ;
#1725 = ORIENTED_EDGE ( 'NONE', *, *, #1747, .F. ) ;
#1726 = ORIENTED_EDGE ( 'NONE', *, *, #1031, .F. ) ;
#1727 = CARTESIAN_POINT ( 'NONE',  ( 0.1000000000000000056, -3.500000000000003109, 6.999999999999988454 ) ) ;
#1728 = ORIENTED_EDGE ( 'NONE', *, *, #1125, .T. ) ;
#1729 = DIRECTION ( 'NONE',  ( -0.000000000000000000, 1.000000000000000000, -0.000000000000000000 ) ) ;
#1730 = AXIS2_PLACEMENT_3D ( 'NONE', #1727, #131, #868 ) ;
#1731 = EDGE_CURVE ( 'NONE', #1616, #554, #613, .T. ) ;
#1732 = LINE ( 'NONE', #1592, #1308 ) ;
#1733 = AXIS2_PLACEMENT_3D ( 'NONE', #780, #928, #1376 ) ;
#1734 = VECTOR ( 'NONE', #669, 39.37007874015748143 ) ;
#1735 = CARTESIAN_POINT ( 'NONE',  ( 1.350000000000000089, -1.774999999999995470, 0.000000000000000000 ) ) ;
#1736 = CIRCLE ( 'NONE', #1051, 0.09999999999999947820 ) ;
#1737 = ADVANCED_BREP_SHAPE_REPRESENTATION ( 'Internal Walls', ( #297, #431 ), #272 ) ;
#1738 = VECTOR ( 'NONE', #496, 39.37007874015748143 ) ;
#1739 = ORIENTED_EDGE ( 'NONE', *, *, #301, .T. ) ;
#1740 = AXIS2_PLACEMENT_3D ( 'NONE', #609, #1191, #1222 ) ;
#1741 = ORIENTED_EDGE ( 'NONE', *, *, #1903, .T. ) ;
#1742 = DIRECTION ( 'NONE',  ( 2.731847993664310550E-16, 0.000000000000000000, 1.000000000000000000 ) ) ;
#1743 = DIRECTION ( 'NONE',  ( 0.000000000000000000, 1.000000000000000000, 0.000000000000000000 ) ) ;
#1744 = ORIENTED_EDGE ( 'NONE', *, *, #888, .F. ) ;
#1745 = LINE ( 'NONE', #263, #362 ) ;
#1746 = CARTESIAN_POINT ( 'NONE',  ( 0.5999999999999999778, -1.074999999999996403, 6.999999999999988454 ) ) ;
#1747 = EDGE_CURVE ( 'NONE', #51, #281, #822, .T. ) ;
#1748 = PLANE ( 'NONE',  #4 ) ;
#1749 = ORIENTED_EDGE ( 'NONE', *, *, #502, .T. ) ;
#1750 = ORIENTED_EDGE ( 'NONE', *, *, #1584, .F. ) ;
#1751 = LOCAL_TIME ( 16, 17, 46.00000000000000000, #1028 ) ;
#1752 = DIRECTION ( 'NONE',  ( 0.000000000000000000, 0.000000000000000000, -1.000000000000000000 ) ) ;
#1753 = ORIENTED_EDGE ( 'NONE', *, *, #889, .F. ) ;
#1754 = CARTESIAN_POINT ( 'NONE',  ( 1.350000000000000089, 0.000000000000000000, 5.975000000000139089 ) ) ;
#1755 = DIRECTION ( 'NONE',  ( 0.000000000000000000, 1.000000000000000000, 0.000000000000000000 ) ) ;
#1756 = CARTESIAN_POINT ( 'NONE',  ( 1.350000000000000089, -1.774999999999995470, 6.425000000000134825 ) ) ;
#1757 = EDGE_LOOP ( 'NONE', ( #59, #299, #796, #1725, #1136, #891, #758, #307, #1744, #258 ) ) ;
#1758 = ADVANCED_FACE ( 'NONE', ( #692 ), #1838, .F. ) ;
#1759 = ORIENTED_EDGE ( 'NONE', *, *, #1853, .T. ) ;
#1760 = CARTESIAN_POINT ( 'NONE',  ( 1.350000000000000089, 0.000000000000000000, 5.875000000000140332 ) ) ;
#1761 = ORIENTED_EDGE ( 'NONE', *, *, #1548, .T. ) ;
#1762 = DIRECTION ( 'NONE',  ( -0.000000000000000000, -1.000000000000000000, 2.353592117618430962E-15 ) ) ;
#1763 = CIRCLE ( 'NONE', #1892, 0.1000000000000000194 ) ;
#1764 = DIRECTION ( 'NONE',  ( 1.000000000000000000, -2.101421533587894859E-16, -0.000000000000000000 ) ) ;
#1765 = ORIENTED_EDGE ( 'NONE', *, *, #1876, .T. ) ;
#1766 = VECTOR ( 'NONE', #1329, 39.37007874015748143 ) ;
#1767 = VERTEX_POINT ( 'NONE', #1868 ) ;
#1768 = VECTOR ( 'NONE', #1872, 39.37007874015748143 ) ;
#1769 = EDGE_CURVE ( 'NONE', #481, #875, #932, .T. ) ;
#1770 = VECTOR ( 'NONE', #500, 39.37007874015748143 ) ;
#1771 = DIRECTION ( 'NONE',  ( 0.000000000000000000, 0.000000000000000000, -1.000000000000000000 ) ) ;
#1772 = VERTEX_POINT ( 'NONE', #245 ) ;
#1773 = CALENDAR_DATE ( 2026, 20, 3 ) ;
#1774 = LINE ( 'NONE', #1601, #12 ) ;
#1775 = DIRECTION ( 'NONE',  ( 0.000000000000000000, 0.000000000000000000, -1.000000000000000000 ) ) ;
#1776 = LINE ( 'NONE', #487, #1738 ) ;
#1777 = ORIENTED_EDGE ( 'NONE', *, *, #880, .T. ) ;
#1778 = EDGE_CURVE ( 'NONE', #942, #557, #1745, .T. ) ;
#1779 = ORIENTED_EDGE ( 'NONE', *, *, #1316, .F. ) ;
#1780 = PERSON_AND_ORGANIZATION ( #1156, #608 ) ;
#1781 = LINE ( 'NONE', #616, #812 ) ;
#1782 = PLANE ( 'NONE',  #1086 ) ;
#1783 = EDGE_CURVE ( 'NONE', #970, #103, #1249, .T. ) ;
#1784 = CARTESIAN_POINT ( 'NONE',  ( 0.7000000000000000666, -1.774999999999995470, 4.274999999999980815 ) ) ;
#1785 = DIRECTION ( 'NONE',  ( 0.000000000000000000, 0.000000000000000000, 1.000000000000000000 ) ) ;
#1786 = CARTESIAN_POINT ( 'NONE',  ( 0.000000000000000000, -7.755511132637299632, 4.125000000000000000 ) ) ;
#1787 = VERTEX_POINT ( 'NONE', #1161 ) ;
#1788 = ORIENTED_EDGE ( 'NONE', *, *, #905, .F. ) ;
#1789 = DIRECTION ( 'NONE',  ( -0.000000000000000000, -0.000000000000000000, 1.000000000000000000 ) ) ;
#1790 = DIRECTION ( 'NONE',  ( -0.000000000000000000, 0.000000000000000000, 1.000000000000000000 ) ) ;
#1791 = EDGE_CURVE ( 'NONE', #103, #1481, #1315, .T. ) ;
#1792 = LINE ( 'NONE', #85, #927 ) ;
#1793 = DIRECTION ( 'NONE',  ( -0.000000000000000000, -1.000000000000000000, -0.000000000000000000 ) ) ;
#1794 = AXIS2_PLACEMENT_3D ( 'NONE', #660, #77, #1825 ) ;
#1795 = LINE ( 'NONE', #1589, #410 ) ;
#1796 = AXIS2_PLACEMENT_3D ( 'NONE', #770, #1657, #1072 ) ;
#1797 = ORIENTED_EDGE ( 'NONE', *, *, #159, .T. ) ;
#1798 = CARTESIAN_POINT ( 'NONE',  ( 1.350000000000000089, -0.2499999999999877598, 2.375000000000140332 ) ) ;
#1799 = VECTOR ( 'NONE', #1729, 39.37007874015748143 ) ;
#1800 = ORIENTED_EDGE ( 'NONE', *, *, #404, .T. ) ;
#1801 = SECURITY_CLASSIFICATION_LEVEL ( 'unclassified' ) ;
#1802 = AXIS2_PLACEMENT_3D ( 'NONE', #769, #1210, #1383 ) ;
#1803 = LINE ( 'NONE', #363, #1644 ) ;
#1804 = CARTESIAN_POINT ( 'NONE',  ( 0.5999999999999999778, -1.874999999999995337, 3.974999999999981437 ) ) ;
#1805 = FACE_OUTER_BOUND ( 'NONE', #1381, .T. ) ;
#1806 = ADVANCED_FACE ( 'NONE', ( #1882 ), #833, .T. ) ;
#1807 = DIRECTION ( 'NONE',  ( 0.000000000000000000, 1.000000000000000000, 1.791375733550327828E-16 ) ) ;
#1808 = CARTESIAN_POINT ( 'NONE',  ( 0.1000000000000000056, -1.774999999999995470, 5.975000000000139089 ) ) ;
#1809 = ORIENTED_EDGE ( 'NONE', *, *, #1375, .F. ) ;
#1810 = CC_DESIGN_APPROVAL ( #983, ( #1338 ) ) ;
#1811 = ORIENTED_EDGE ( 'NONE', *, *, #499, .F. ) ;
#1812 = CARTESIAN_POINT ( 'NONE',  ( 1.350000000000000089, 0.000000000000000000, 2.375000000000140332 ) ) ;
#1813 = PLANE ( 'NONE',  #1639 ) ;
#1814 = DIRECTION ( 'NONE',  ( -1.000000000000000000, 0.000000000000000000, 0.000000000000000000 ) ) ;
#1815 = CARTESIAN_POINT ( 'NONE',  ( 0.1000000000000000056, -1.874999999999995337, 4.874999999999999112 ) ) ;
#1816 = ORIENTED_EDGE ( 'NONE', *, *, #489, .F. ) ;
#1817 = EDGE_CURVE ( 'NONE', #893, #1453, #542, .T. ) ;
#1818 = EDGE_CURVE ( 'NONE', #1671, #875, #125, .T. ) ;
#1819 = CARTESIAN_POINT ( 'NONE',  ( 0.000000000000000000, -0.2499999999999877598, 1.249999999999981570 ) ) ;
#1820 = ORIENTED_EDGE ( 'NONE', *, *, #1151, .F. ) ;
#1821 = CARTESIAN_POINT ( 'NONE',  ( 0.5999999999999999778, -1.074999999999996403, 2.275000000000140243 ) ) ;
#1822 = CARTESIAN_POINT ( 'NONE',  ( 0.7000000000000000666, -0.8499999999999886535, 6.999999999999988454 ) ) ;
#1823 = PLANE ( 'NONE',  #415 ) ;
#1824 = DIRECTION ( 'NONE',  ( 1.000000000000000000, -2.101421533587894366E-16, 0.000000000000000000 ) ) ;
#1825 = DIRECTION ( 'NONE',  ( 0.000000000000000000, 0.000000000000000000, -1.000000000000000000 ) ) ;
#1826 = ORIENTED_EDGE ( 'NONE', *, *, #1067, .F. ) ;
#1827 = VECTOR ( 'NONE', #1449, 39.37007874015748143 ) ;
#1828 = ORIENTED_EDGE ( 'NONE', *, *, #1303, .F. ) ;
#1829 = EDGE_CURVE ( 'NONE', #1045, #557, #853, .T. ) ;
#1830 = AXIS2_PLACEMENT_3D ( 'NONE', #458, #284, #863 ) ;
#1831 = CARTESIAN_POINT ( 'NONE',  ( 1.350000000000000089, -1.874999999999995337, 6.999999999999984013 ) ) ;
#1832 = AXIS2_PLACEMENT_3D ( 'NONE', #466, #1814, #1785 ) ;
#1833 = LINE ( 'NONE', #1092, #840 ) ;
#1834 = VECTOR ( 'NONE', #749, 39.37007874015748143 ) ;
#1835 = CARTESIAN_POINT ( 'NONE',  ( 1.350000000000000089, -4.075379793827247042E-16, 2.275000000000140243 ) ) ;
#1836 = LINE ( 'NONE', #382, #412 ) ;
#1837 = ORIENTED_EDGE ( 'NONE', *, *, #1397, .T. ) ;
#1838 = PLANE ( 'NONE',  #1645 ) ;
#1839 = ORIENTED_EDGE ( 'NONE', *, *, #1829, .F. ) ;
#1840 = CARTESIAN_POINT ( 'NONE',  ( 0.1000000000000000056, -7.755511132637299632, 4.125000000000000000 ) ) ;
#1841 = EDGE_CURVE ( 'NONE', #942, #1699, #1302, .T. ) ;
#1842 = EDGE_CURVE ( 'NONE', #1698, #141, #696, .T. ) ;
#1843 = DIRECTION ( 'NONE',  ( -0.000000000000000000, 0.000000000000000000, 1.000000000000000000 ) ) ;
#1844 = CC_DESIGN_APPROVAL ( #745, ( #81 ) ) ;
#1845 = DIRECTION ( 'NONE',  ( -1.000000000000000000, 0.000000000000000000, 0.000000000000000000 ) ) ;
#1846 = LINE ( 'NONE', #1689, #354 ) ;
#1847 = ORIENTED_EDGE ( 'NONE', *, *, #1026, .F. ) ;
#1848 = VERTEX_POINT ( 'NONE', #438 ) ;
#1849 = CARTESIAN_POINT ( 'NONE',  ( 0.7000000000000000666, -1.074999999999996403, 2.375000000000140776 ) ) ;
#1850 = EDGE_LOOP ( 'NONE', ( #1708, #604, #1642, #1407 ) ) ;
#1851 = FACE_OUTER_BOUND ( 'NONE', #527, .T. ) ;
#1852 = CARTESIAN_POINT ( 'NONE',  ( 1.350000000000000089, -1.874999999999996003, 3.474999999999997424 ) ) ;
#1853 = EDGE_CURVE ( 'NONE', #1035, #51, #1137, .T. ) ;
#1854 = FACE_OUTER_BOUND ( 'NONE', #744, .T. ) ;
#1855 = VERTEX_POINT ( 'NONE', #1292 ) ;
#1856 = DIRECTION ( 'NONE',  ( 0.000000000000000000, 1.000000000000000000, 0.000000000000000000 ) ) ;
#1857 = ORIENTED_EDGE ( 'NONE', *, *, #651, .F. ) ;
#1858 = VECTOR ( 'NONE', #345, 39.37007874015748143 ) ;
#1859 = CARTESIAN_POINT ( 'NONE',  ( 0.7000000000000000666, -0.9499999999999886313, 6.999999999999988454 ) ) ;
#1860 = LINE ( 'NONE', #406, #359 ) ;
#1861 = AXIS2_PLACEMENT_3D ( 'NONE', #1192, #1634, #1666 ) ;
#1862 = DIRECTION ( 'NONE',  ( -1.000000000000000000, 2.101421533587894366E-16, 0.000000000000000000 ) ) ;
#1863 = CIRCLE ( 'NONE', #1019, 0.09999999999999947820 ) ;
#1864 = CIRCLE ( 'NONE', #1802, 0.1000000000000000194 ) ;
#1865 = CARTESIAN_POINT ( 'NONE',  ( 0.1000000000000000056, -3.500000000000000444, 1.499999999999997113 ) ) ;
#1866 = EDGE_CURVE ( 'NONE', #1911, #1616, #1863, .T. ) ;
#1867 = EDGE_LOOP ( 'NONE', ( #729, #1505, #1287, #1440, #568, #1549, #360, #409, #1607, #158 ) ) ;
#1868 = CARTESIAN_POINT ( 'NONE',  ( 1.350000000000000089, -2.797941163388252495, 4.774999999999998579 ) ) ;
#1869 = EDGE_LOOP ( 'NONE', ( #1779, #286, #915, #730 ) ) ;
#1870 = CARTESIAN_POINT ( 'NONE',  ( 1.350000000000000089, -3.500000000000081712, 6.425000000000134825 ) ) ;
#1871 = ORIENTED_EDGE ( 'NONE', *, *, #1479, .F. ) ;
#1872 = DIRECTION ( 'NONE',  ( 0.000000000000000000, 0.000000000000000000, 1.000000000000000000 ) ) ;
#1873 = DIRECTION ( 'NONE',  ( 0.000000000000000000, -1.000000000000000000, 0.000000000000000000 ) ) ;
#1874 = DIRECTION ( 'NONE',  ( 1.000000000000000000, 0.000000000000000000, 0.000000000000000000 ) ) ;
#1875 = ORIENTED_EDGE ( 'NONE', *, *, #1262, .F. ) ;
#1876 = EDGE_CURVE ( 'NONE', #1855, #1417, #1572, .T. ) ;
#1877 = ORIENTED_EDGE ( 'NONE', *, *, #723, .F. ) ;
#1878 = EDGE_CURVE ( 'NONE', #1542, #1168, #1442, .T. ) ;
#1879 = EDGE_CURVE ( 'NONE', #970, #1605, #1860, .T. ) ;
#1880 = PLANE ( 'NONE',  #101 ) ;
#1881 = ORIENTED_EDGE ( 'NONE', *, *, #1469, .T. ) ;
#1882 = FACE_OUTER_BOUND ( 'NONE', #1005, .T. ) ;
#1883 = CARTESIAN_POINT ( 'NONE',  ( 1.350000000000000089, -1.874999999999996003, 3.374999999999996447 ) ) ;
#1884 = CARTESIAN_POINT ( 'NONE',  ( 0.5999999999999999778, -0.9499999999999886313, 5.975000000000139089 ) ) ;
#1885 = VERTEX_POINT ( 'NONE', #685 ) ;
#1886 = EDGE_LOOP ( 'NONE', ( #650, #492, #1503, #701 ) ) ;
#1887 = DIRECTION ( 'NONE',  ( 0.000000000000000000, 0.000000000000000000, -1.000000000000000000 ) ) ;
#1888 = CARTESIAN_POINT ( 'NONE',  ( 1.350000000000000089, -0.2499999999999877598, 5.975000000000139089 ) ) ;
#1889 = EDGE_CURVE ( 'NONE', #51, #921, #1902, .T. ) ;
#1890 = ORIENTED_EDGE ( 'NONE', *, *, #1889, .F. ) ;
#1891 = CARTESIAN_POINT ( 'NONE',  ( 1.349999999999999867, -1.174999999999996492, 5.975000000000139089 ) ) ;
#1892 = AXIS2_PLACEMENT_3D ( 'NONE', #1849, #403, #1441 ) ;
#1893 = DIRECTION ( 'NONE',  ( -1.000000000000000000, -0.000000000000000000, -0.000000000000000000 ) ) ;
#1894 = VECTOR ( 'NONE', #517, 39.37007874015748143 ) ;
#1895 = FACE_OUTER_BOUND ( 'NONE', #202, .T. ) ;
#1896 = CIRCLE ( 'NONE', #325, 0.1000000000000000194 ) ;
#1897 = ORIENTED_EDGE ( 'NONE', *, *, #418, .T. ) ;
#1898 = AXIS2_PLACEMENT_3D ( 'NONE', #304, #1038, #1632 ) ;
#1899 = EDGE_LOOP ( 'NONE', ( #98, #1482, #695, #84 ) ) ;
#1900 = DIRECTION ( 'NONE',  ( 0.000000000000000000, 0.000000000000000000, 1.000000000000000000 ) ) ;
#1901 = EDGE_LOOP ( 'NONE', ( #895, #1408, #302, #1291, #664 ) ) ;
#1902 = LINE ( 'NONE', #1450, #601 ) ;
#1903 = EDGE_CURVE ( 'NONE', #1702, #182, #133, .T. ) ;
#1904 = CARTESIAN_POINT ( 'NONE',  ( 1.350000000000000089, 0.000000000000000000, 5.875000000000140332 ) ) ;
#1905 = EDGE_CURVE ( 'NONE', #554, #705, #1736, .T. ) ;
#1906 = CARTESIAN_POINT ( 'NONE',  ( 1.350000000000000089, -1.874999999999996003, 3.374999999999996447 ) ) ;
#1907 = VERTEX_POINT ( 'NONE', #1713 ) ;
#1908 = EDGE_LOOP ( 'NONE', ( #1219, #755, #401, #1490 ) ) ;
#1909 = DIRECTION ( 'NONE',  ( 0.000000000000000000, 0.000000000000000000, 1.000000000000000000 ) ) ;
#1910 = CARTESIAN_POINT ( 'NONE',  ( 0.5999999999999999778, -1.074999999999996403, 2.375000000000140776 ) ) ;
#1911 = VERTEX_POINT ( 'NONE', #1591 ) ;
#1912 = CARTESIAN_POINT ( 'NONE',  ( 1.350000000000000089, -1.874999999999996003, 4.774999999999997691 ) ) ;
#1913 = PLANE ( 'NONE',  #957 ) ;
#1914 = EDGE_CURVE ( 'NONE', #1907, #773, #233, .T. ) ;
#1915 = ORIENTED_EDGE ( 'NONE', *, *, #463, .F. ) ;
#1916 = VERTEX_POINT ( 'NONE', #1352 ) ;
ENDSEC;
END-ISO-10303-21;
