ISO-10303-21;
HEADER;
FILE_DESCRIPTION (( 'STEP AP203' ),
    '1' );
FILE_NAME ('Armor Side Wall.STEP',
    '2026-04-28T03:48:54',
    ( '' ),
    ( '' ),
    'SwSTEP 2.0',
    'SolidWorks 2025',
    '' );
FILE_SCHEMA (( 'CONFIG_CONTROL_DESIGN' ));
ENDSEC;

DATA;
#1 = EDGE_LOOP ( 'NONE', ( #67, #327, #114, #2142 ) ) ;
#2 = FACE_OUTER_BOUND ( 'NONE', #270, .T. ) ;
#3 = ADVANCED_FACE ( 'NONE', ( #435, #670 ), #228, .F. ) ;
#4 = DIRECTION ( 'NONE',  ( 0.000000000000000000, 0.000000000000000000, 1.000000000000000000 ) ) ;
#5 = LINE ( 'NONE', #2662, #479 ) ;
#6 = EDGE_CURVE ( 'NONE', #861, #399, #285, .T. ) ;
#7 = ORIENTED_EDGE ( 'NONE', *, *, #1013, .T. ) ;
#8 = DIRECTION ( 'NONE',  ( -0.6427876096865451361, 0.000000000000000000, -0.7660444431189731285 ) ) ;
#9 = VERTEX_POINT ( 'NONE', #2359 ) ;
#10 = DIRECTION ( 'NONE',  ( 1.000000000000000000, 0.000000000000000000, 0.000000000000000000 ) ) ;
#11 = CARTESIAN_POINT ( 'NONE',  ( 2.144397541036853649, 1.262807006203082949, -1.643541312189892523 ) ) ;
#12 = CARTESIAN_POINT ( 'NONE',  ( 0.8649606299999997860, 0.5249999999999999112, 4.299999999999999822 ) ) ;
#13 = ORIENTED_EDGE ( 'NONE', *, *, #1372, .T. ) ;
#14 = CARTESIAN_POINT ( 'NONE',  ( 1.199999999999999956, 1.124999999999999778, 4.299999999999999822 ) ) ;
#15 = CARTESIAN_POINT ( 'NONE',  ( 1.199999999999999956, 1.124999999999999778, 4.299999999999999822 ) ) ;
#16 = LINE ( 'NONE', #2447, #1788 ) ;
#17 = EDGE_LOOP ( 'NONE', ( #1434, #1061 ) ) ;
#18 = ORIENTED_EDGE ( 'NONE', *, *, #1495, .F. ) ;
#19 = CARTESIAN_POINT ( 'NONE',  ( 0.7552336110952795334, 0.6556345089401389714, 4.448456191622939038 ) ) ;
#20 = ORIENTED_EDGE ( 'NONE', *, *, #2187, .F. ) ;
#21 = PLANE ( 'NONE',  #344 ) ;
#22 = CARTESIAN_POINT ( 'NONE',  ( 0.6958661088623682156, 1.034298548430431897, 4.444118705160766680 ) ) ;
#23 = PLANE ( 'NONE',  #517 ) ;
#24 = ORIENTED_EDGE ( 'NONE', *, *, #360, .T. ) ;
#25 = DIRECTION ( 'NONE',  ( -1.000000000000000000, 0.000000000000000000, 0.000000000000000000 ) ) ;
#26 = CARTESIAN_POINT ( 'NONE',  ( 0.7382887391536598898, 1.248536824568107217, 4.404645671960440545 ) ) ;
#27 =( BOUNDED_CURVE ( )  B_SPLINE_CURVE ( 3, ( #1959, #2034, #2019, #1122 ),
 .UNSPECIFIED., .F., .F. ) 
 B_SPLINE_CURVE_WITH_KNOTS ( ( 4, 4 ),
 ( 2.650682704242084409, 3.632502602937502267 ),
 .UNSPECIFIED. ) 
 CURVE ( )  GEOMETRIC_REPRESENTATION_ITEM ( )  RATIONAL_B_SPLINE_CURVE ( ( 1.000000000000000000, 0.9212694984400249254, 0.9212694984400249254, 1.000000000000000000 ) ) 
 REPRESENTATION_ITEM ( '' )  );
#28 = CARTESIAN_POINT ( 'NONE',  ( 1.199999999999999734, 0.5249999999999999112, 4.299999999999999822 ) ) ;
#29 = AXIS2_PLACEMENT_3D ( 'NONE', #989, #1406, #1819 ) ;
#30 = ORIENTED_EDGE ( 'NONE', *, *, #124, .F. ) ;
#31 = ORIENTED_EDGE ( 'NONE', *, *, #206, .T. ) ;
#32 = CARTESIAN_POINT ( 'NONE',  ( 1.309876744974723950, 1.041360955496535956, 4.443257625739749805 ) ) ;
#33 = AXIS2_PLACEMENT_3D ( 'NONE', #2081, #2504, #219 ) ;
#34 = DIRECTION ( 'NONE',  ( 1.000000000000000000, 0.000000000000000000, 0.000000000000000000 ) ) ;
#35 = CIRCLE ( 'NONE', #1309, 0.06496063000000011634 ) ;
#36 = AXIS2_PLACEMENT_3D ( 'NONE', #1680, #2128, #2506 ) ;
#37 = EDGE_LOOP ( 'NONE', ( #1559, #275 ) ) ;
#38 = DIRECTION ( 'NONE',  ( 0.5999999999999972022, 0.000000000000000000, -0.8000000000000019318 ) ) ;
#39 = CARTESIAN_POINT ( 'NONE',  ( 0.9198142931686159596, 1.056349260716304528, 4.441324482572841958 ) ) ;
#40 = DIRECTION ( 'NONE',  ( 0.000000000000000000, 0.000000000000000000, -1.000000000000000000 ) ) ;
#41 = AXIS2_PLACEMENT_3D ( 'NONE', #2258, #2686, #373 ) ;
#42 = EDGE_CURVE ( 'NONE', #1118, #1546, #448, .T. ) ;
#43 = ADVANCED_FACE ( 'NONE', ( #640, #1062 ), #655, .F. ) ;
#44 = DIRECTION ( 'NONE',  ( 0.8000000000000002665, 0.000000000000000000, 0.5999999999999996447 ) ) ;
#45 = CARTESIAN_POINT ( 'NONE',  ( 2.767872668824078897, 1.208792471232507104, 2.999639041803081607 ) ) ;
#46 = CARTESIAN_POINT ( 'NONE',  ( 2.651972306206574981, 1.056237220247176367, 3.199602482490150557 ) ) ;
#47 = VERTEX_POINT ( 'NONE', #1689 ) ;
#48 = ORIENTED_EDGE ( 'NONE', *, *, #1619, .F. ) ;
#49 = ORIENTED_EDGE ( 'NONE', *, *, #1755, .F. ) ;
#50 = CARTESIAN_POINT ( 'NONE',  ( 2.261537875562093181, 1.124999999999999778, -1.550210868123321095 ) ) ;
#51 = EDGE_LOOP ( 'NONE', ( #1890, #185, #2663, #1638, #884, #7, #1444, #298, #2171, #1151, #2254, #2452, #673, #1180 ) ) ;
#52 = CARTESIAN_POINT ( 'NONE',  ( 4.531443936573129605, 0.5264988551497095104, -0.7814439365731312703 ) ) ;
#53 = CARTESIAN_POINT ( 'NONE',  ( -2.153726238107965596, 0.5250000000000000222, 1.889956584865391420 ) ) ;
#54 = CARTESIAN_POINT ( 'NONE',  ( 4.531443936573131381, 1.123501144850290290, 2.781443936573131381 ) ) ;
#55 = EDGE_LOOP ( 'NONE', ( #1447, #2384 ) ) ;
#56 = CARTESIAN_POINT ( 'NONE',  ( 1.625000000000000888, 1.649999999999999911, 4.249999999999998224 ) ) ;
#57 = CARTESIAN_POINT ( 'NONE',  ( 2.763213504032700385, 1.215724583304246709, 3.003221530379831083 ) ) ;
#58 = DIRECTION ( 'NONE',  ( -0.8000000000000003775, 0.000000000000000000, -0.5999999999999997558 ) ) ;
#59 = ORIENTED_EDGE ( 'NONE', *, *, #2493, .T. ) ;
#60 = DIRECTION ( 'NONE',  ( -0.8000000000000001554, 0.000000000000000000, -0.5999999999999997558 ) ) ;
#61 = CARTESIAN_POINT ( 'NONE',  ( 0.9197171209068885078, 0.5938263152247179599, 4.441348025124526977 ) ) ;
#62 = ORIENTED_EDGE ( 'NONE', *, *, #2190, .F. ) ;
#63 = CARTESIAN_POINT ( 'NONE',  ( 2.141182111814383227, 0.6444980714175937431, -1.719438610078201979 ) ) ;
#64 = DIRECTION ( 'NONE',  ( -0.7660444431189737946, 0.000000000000000000, 0.6427876096865445810 ) ) ;
#65 = DIRECTION ( 'NONE',  ( -0.8000000000000002665, 0.000000000000000000, -0.5999999999999996447 ) ) ;
#66 = EDGE_CURVE ( 'NONE', #89, #642, #1699, .T. ) ;
#67 = ORIENTED_EDGE ( 'NONE', *, *, #1379, .F. ) ;
#68 = CARTESIAN_POINT ( 'NONE',  ( 1.062204725000000183, 1.133953834936796579, 4.429203524542913328 ) ) ;
#69 = CARTESIAN_POINT ( 'NONE',  ( 2.638239729035990244, 1.215566873910197021, 3.169913423645079220 ) ) ;
#70 = CARTESIAN_POINT ( 'NONE',  ( 2.686999489973730171, 1.005593432120582165, 3.162886804698479271 ) ) ;
#71 = ORIENTED_EDGE ( 'NONE', *, *, #358, .F. ) ;
#72 = EDGE_CURVE ( 'NONE', #1419, #994, #699, .T. ) ;
#73 = VERTEX_POINT ( 'NONE', #2531 ) ;
#74 = DIRECTION ( 'NONE',  ( 0.6427876096865449140, 0.000000000000000000, 0.7660444431189734615 ) ) ;
#75 = CIRCLE ( 'NONE', #1603, 0.06496063000000011634 ) ;
#76 = ORIENTED_EDGE ( 'NONE', *, *, #446, .F. ) ;
#77 = CARTESIAN_POINT ( 'NONE',  ( 4.000000000000000000, 1.649999999999999911, -0.2500000000000006106 ) ) ;
#78 = CARTESIAN_POINT ( 'NONE',  ( 0.7999999999999997113, 0.5249999999999999112, 4.299999999999999822 ) ) ;
#79 = AXIS2_PLACEMENT_3D ( 'NONE', #2288, #1296, #863 ) ;
#80 = CIRCLE ( 'NONE', #36, 0.06496063000000050491 ) ;
#81 = CARTESIAN_POINT ( 'NONE',  ( 2.083183118126970435, 0.5159331531562301176, -1.760311369781888624 ) ) ;
#82 = ORIENTED_EDGE ( 'NONE', *, *, #2022, .F. ) ;
#83 = VECTOR ( 'NONE', #1269, 39.37007874015748143 ) ;
#84 = CARTESIAN_POINT ( 'NONE',  ( 1.309762367851980747, 1.208792471232507548, 4.414081560141111638 ) ) ;
#85 = CARTESIAN_POINT ( 'NONE',  ( 0.6622047249999998275, 1.133953834936796135, 4.429203524542912440 ) ) ;
#86 = EDGE_CURVE ( 'NONE', #2626, #279, #955, .T. ) ;
#87 = CARTESIAN_POINT ( 'NONE',  ( 2.610750000000001680, 0.5250000000000000222, 3.018999999999999684 ) ) ;
#88 = ADVANCED_FACE ( 'NONE', ( #461 ), #683, .F. ) ;
#89 = VERTEX_POINT ( 'NONE', #1467 ) ;
#90 = DIRECTION ( 'NONE',  ( 0.6427876096865451361, 0.000000000000000000, 0.7660444431189730174 ) ) ;
#91 = EDGE_CURVE ( 'NONE', #47, #1756, #2107, .T. ) ;
#92 = VERTEX_POINT ( 'NONE', #2191 ) ;
#93 = CARTESIAN_POINT ( 'NONE',  ( 2.174251570721200455, 0.3916969055540856504, -1.609764825302219426 ) ) ;
#94 = CARTESIAN_POINT ( 'NONE',  ( 2.395608762947840642, 0.5427536152942786796, 3.528821296638438021 ) ) ;
#95 = DIRECTION ( 'NONE',  ( 0.7660444431189737946, 0.000000000000000000, -0.6427876096865443589 ) ) ;
#96 = VERTEX_POINT ( 'NONE', #507 ) ;
#97 = CARTESIAN_POINT ( 'NONE',  ( 1.337795274999999506, 1.134064344815648218, 4.429184295333641330 ) ) ;
#98 = DIRECTION ( 'NONE',  ( -0.000000000000000000, -1.000000000000000000, -0.000000000000000000 ) ) ;
#99 = CYLINDRICAL_SURFACE ( 'NONE', #1470, 0.06496063000000033838 ) ;
#100 = CYLINDRICAL_SURFACE ( 'NONE', #212, 0.06496062999999997756 ) ;
#101 = DIRECTION ( 'NONE',  ( 0.000000000000000000, -0.000000000000000000, 1.000000000000000000 ) ) ;
#102 = ORIENTED_EDGE ( 'NONE', *, *, #1976, .F. ) ;
#103 = DIRECTION ( 'NONE',  ( 0.8000000000000003775, 0.000000000000000000, 0.5999999999999996447 ) ) ;
#104 = CARTESIAN_POINT ( 'NONE',  ( 2.491394121383955440, 0.4013944508250544829, 3.352521979511894568 ) ) ;
#105 = VERTEX_POINT ( 'NONE', #1970 ) ;
#106 = CARTESIAN_POINT ( 'NONE',  ( 1.244697973225935339, 1.255661369095923741, 4.402852653997616272 ) ) ;
#107 = CARTESIAN_POINT ( 'NONE',  ( 2.370750000000000579, 0.5250000000000000222, 2.838999999999999080 ) ) ;
#108 = PLANE ( 'NONE',  #2302 ) ;
#109 = CC_DESIGN_APPROVAL ( #1912, ( #690 ) ) ;
#110 = DIRECTION ( 'NONE',  ( 0.000000000000000000, 0.000000000000000000, 1.000000000000000000 ) ) ;
#111 = DIRECTION ( 'NONE',  ( 0.000000000000000000, 0.000000000000000000, 1.000000000000000000 ) ) ;
#112 = CYLINDRICAL_SURFACE ( 'NONE', #1086, 0.06496062999999990817 ) ;
#113 = AXIS2_PLACEMENT_3D ( 'NONE', #2060, #1078, #1696 ) ;
#114 = ORIENTED_EDGE ( 'NONE', *, *, #1121, .T. ) ;
#115 = DIRECTION ( 'NONE',  ( -0.000000000000000000, -0.000000000000000000, -1.000000000000000000 ) ) ;
#116 = FACE_OUTER_BOUND ( 'NONE', #2526, .T. ) ;
#117 = AXIS2_PLACEMENT_3D ( 'NONE', #2551, #1478, #442 ) ;
#118 = EDGE_LOOP ( 'NONE', ( #2193, #411, #1688, #1458 ) ) ;
#119 = CARTESIAN_POINT ( 'NONE',  ( 1.337795274999999950, 1.124999999999999556, 4.430761531551600463 ) ) ;
#120 = ADVANCED_FACE ( 'NONE', ( #312 ), #100, .F. ) ;
#121 = AXIS2_PLACEMENT_3D ( 'NONE', #796, #2450, #2676 ) ;
#122 = CARTESIAN_POINT ( 'NONE',  ( 2.331773622000000046, 1.124999999999999778, 2.890968503999998163 ) ) ;
#123 = AXIS2_PLACEMENT_3D ( 'NONE', #808, #352, #1635 ) ;
#124 = EDGE_CURVE ( 'NONE', #691, #1756, #941, .T. ) ;
#125 = VECTOR ( 'NONE', #1632, 39.37007874015748143 ) ;
#126 = AXIS2_PLACEMENT_3D ( 'NONE', #2573, #1280, #444 ) ;
#127 = CARTESIAN_POINT ( 'NONE',  ( -1.385551987099622684, 1.124999999999999778, 0.02177350967528412715 ) ) ;
#128 = FACE_OUTER_BOUND ( 'NONE', #1, .T. ) ;
#129 = DIRECTION ( 'NONE',  ( 0.000000000000000000, 0.000000000000000000, 1.000000000000000000 ) ) ;
#130 = CARTESIAN_POINT ( 'NONE',  ( 2.288072835000002136, 1.124999999999999778, 3.449236219999999520 ) ) ;
#131 = ORIENTED_EDGE ( 'NONE', *, *, #2221, .F. ) ;
#132 = CARTESIAN_POINT ( 'NONE',  ( 2.411875877594164219, 0.5935590482308417126, 3.519686479484536612 ) ) ;
#133 = CARTESIAN_POINT ( 'NONE',  ( 2.426199289267969128, 0.3943487336652194974, 3.436492964102084713 ) ) ;
#134 = ORIENTED_EDGE ( 'NONE', *, *, #1461, .F. ) ;
#135 = CARTESIAN_POINT ( 'NONE',  ( 1.095763098505527999, 1.215566873910196355, 4.412539837415839550 ) ) ;
#136 = CARTESIAN_POINT ( 'NONE',  ( -1.346575609099622817, 1.124999999999999778, -0.03019499432471585074 ) ) ;
#137 = DIRECTION ( 'NONE',  ( 0.5999999999999987566, 0.000000000000000000, -0.8000000000000009326 ) ) ;
#138 = LINE ( 'NONE', #981, #259 ) ;
#139 = CARTESIAN_POINT ( 'NONE',  ( 1.075970299442355005, 1.064294410211906516, 4.440250242374789380 ) ) ;
#140 = CARTESIAN_POINT ( 'NONE',  ( 1.337795274999999950, 0.5159331531562298956, 4.429183859969647585 ) ) ;
#141 = ORIENTED_EDGE ( 'NONE', *, *, #2212, .F. ) ;
#142 = DIRECTION ( 'NONE',  ( 0.000000000000000000, 1.000000000000000000, 0.000000000000000000 ) ) ;
#143 = CARTESIAN_POINT ( 'NONE',  ( 2.558036390241281488, 1.124999999999999778, 3.307220698930959824 ) ) ;
#144 = PERSON_AND_ORGANIZATION ( #1355, #1302 ) ;
#145 = ORIENTED_EDGE ( 'NONE', *, *, #293, .F. ) ;
#146 = DIRECTION ( 'NONE',  ( 0.000000000000000000, 0.000000000000000000, -1.000000000000000000 ) ) ;
#147 = CARTESIAN_POINT ( 'NONE',  ( 0.9197521037075844230, 1.193763284457128426, 4.417390468285459448 ) ) ;
#148 = DIRECTION ( 'NONE',  ( 0.6427876096865451361, 0.000000000000000000, 0.7660444431189731285 ) ) ;
#149 = CARTESIAN_POINT ( 'NONE',  ( 2.239094641352235460, 0.6342834882876730029, -1.601056131933703330 ) ) ;
#150 = CARTESIAN_POINT ( 'NONE',  ( 1.984222540056563400, 0.5250000000000000222, -1.677273585221918495 ) ) ;
#151 = EDGE_CURVE ( 'NONE', #1829, #1281, #1426, .T. ) ;
#152 = EDGE_CURVE ( 'NONE', #658, #964, #1254, .T. ) ;
#153 = ORIENTED_EDGE ( 'NONE', *, *, #2379, .F. ) ;
#154 = DIRECTION ( 'NONE',  ( 0.8000000000000002665, 0.000000000000000000, 0.5999999999999996447 ) ) ;
#155 = DIRECTION ( 'NONE',  ( 0.7660444431189736836, 0.000000000000000000, -0.6427876096865444699 ) ) ;
#156 =( LENGTH_UNIT ( ) NAMED_UNIT ( * ) SI_UNIT ( $, .METRE. ) );
#157 = VERTEX_POINT ( 'NONE', #1645 ) ;
#158 = FACE_BOUND ( 'NONE', #880, .T. ) ;
#159 = CARTESIAN_POINT ( 'NONE',  ( 2.403425910272875221, 1.228293421883753567, 3.478058771942525329 ) ) ;
#160 = CIRCLE ( 'NONE', #557, 0.1377952749999998561 ) ;
#161 = CIRCLE ( 'NONE', #1169, 0.06496062999999997756 ) ;
#162 = ORIENTED_EDGE ( 'NONE', *, *, #2226, .T. ) ;
#163 = AXIS2_PLACEMENT_3D ( 'NONE', #1690, #2124, #462 ) ;
#164 = EDGE_CURVE ( 'NONE', #550, #591, #27, .T. ) ;
#165 = CARTESIAN_POINT ( 'NONE',  ( 1.261263509130296834, 0.6487615498175758333, 4.447774194193074848 ) ) ;
#166 = VECTOR ( 'NONE', #983, 39.37007874015748143 ) ;
#167 = CARTESIAN_POINT ( 'NONE',  ( 4.250000000000000000, 0.000000000000000000, 2.500000000000000000 ) ) ;
#168 = ADVANCED_FACE ( 'NONE', ( #2092 ), #1779, .F. ) ;
#169 = DIRECTION ( 'NONE',  ( 0.7660444431189737946, 0.000000000000000000, -0.6427876096865445810 ) ) ;
#170 = CARTESIAN_POINT ( 'NONE',  ( 2.209793379071002040, 0.9916553136748753605, -1.639808163967511723 ) ) ;
#171 = ORIENTED_EDGE ( 'NONE', *, *, #1578, .F. ) ;
#172 = FACE_BOUND ( 'NONE', #748, .T. ) ;
#173 = CARTESIAN_POINT ( 'NONE',  ( 2.500841124991549425, 0.9880921810708822584, 3.413965479986664775 ) ) ;
#174 = CARTESIAN_POINT ( 'NONE',  ( 2.391623637905843758, 0.4642860742784719608, 3.509684194593331696 ) ) ;
#175 = EDGE_CURVE ( 'NONE', #2287, #1027, #1004, .T. ) ;
#176 = ORIENTED_EDGE ( 'NONE', *, *, #1097, .T. ) ;
#177 = DIRECTION ( 'NONE',  ( 0.5999999999999972022, 0.000000000000000000, -0.8000000000000019318 ) ) ;
#178 = FACE_OUTER_BOUND ( 'NONE', #1856, .T. ) ;
#179 = ORIENTED_EDGE ( 'NONE', *, *, #701, .T. ) ;
#180 = CARTESIAN_POINT ( 'NONE',  ( 2.261537875562093181, 0.5250000000000000222, -1.550210868123321539 ) ) ;
#181 = CARTESIAN_POINT ( 'NONE',  ( 2.670850865766010607, 0.3916969055540860944, 3.109160326562395493 ) ) ;
#182 = EDGE_CURVE ( 'NONE', #202, #441, #1361, .T. ) ;
#183 = CARTESIAN_POINT ( 'NONE',  ( 1.333449241424342402, 0.4895258639824796032, 4.424234582350309530 ) ) ;
#184 = B_SPLINE_CURVE_WITH_KNOTS ( 'NONE', 3,
 ( #2218, #2021, #276, #1197, #2646, #2563, #776, #1155, #1398, #2417, #149, #1577, #2203, #2634, #709, #1789, #969, #2406, #331, #764, #1384, #2362, #63, #1167, #2610, #2434, #1589, #2143, #1938, #1532, #1108, #992 ),
 .UNSPECIFIED., .F., .F.,
 ( 4, 2, 2, 2, 2, 2, 2, 2, 2, 2, 2, 2, 2, 2, 2, 4 ),
 ( 0.01106034027894396352, 0.01174726996695314718, 0.01243419965496232911, 0.01312112934297151277, 0.01380805903098069644, 0.01449498871898987837, 0.01518191840699906203, 0.01586884809500824570, 0.01655577778301742936, 0.01724270747102660956, 0.01792963715903579669, 0.01861656684704497688, 0.01930349653505416055, 0.01999042622306335115, 0.02067735591107254176, 0.02205121528709092296 ),
 .UNSPECIFIED. ) ;
#185 = ORIENTED_EDGE ( 'NONE', *, *, #637, .T. ) ;
#186 = PLANE ( 'NONE',  #1872 ) ;
#187 = CARTESIAN_POINT ( 'NONE',  ( 2.559567076722295997, 1.080909960501633460, 3.317036354865990244 ) ) ;
#188 = APPLICATION_PROTOCOL_DEFINITION ( 'international standard', 'config_control_design', 1994, #1192 ) ;
#189 = ORIENTED_EDGE ( 'NONE', *, *, #647, .F. ) ;
#190 = CARTESIAN_POINT ( 'NONE',  ( 0.7999999999999997113, 0.5249999999999999112, 4.299999999999999822 ) ) ;
#191 = CARTESIAN_POINT ( 'NONE',  ( 2.391616198135341875, 1.185637184839438252, 3.509720636683696604 ) ) ;
#192 = ORIENTED_EDGE ( 'NONE', *, *, #86, .F. ) ;
#193 = CARTESIAN_POINT ( 'NONE',  ( 0.000000000000000000, 0.000000000000000000, 3.999999999999999556 ) ) ;
#194 = CYLINDRICAL_SURFACE ( 'NONE', #529, 0.1377952749999998561 ) ;
#195 = CARTESIAN_POINT ( 'NONE',  ( 0.7083585286097034972, 1.228293421883753789, 4.409575991383814397 ) ) ;
#196 = CARTESIAN_POINT ( 'NONE',  ( 1.135039369999999881, 1.124999999999999778, 4.000000000000000000 ) ) ;
#197 = ORIENTED_EDGE ( 'NONE', *, *, #1379, .T. ) ;
#198 = DIRECTION ( 'NONE',  ( -0.8000000000000003775, 0.000000000000000000, -0.5999999999999997558 ) ) ;
#199 = ADVANCED_FACE ( 'NONE', ( #2649 ), #1830, .F. ) ;
#200 = CARTESIAN_POINT ( 'NONE',  ( 2.393921277041473061, 1.116097807472996806, 3.528622551531102491 ) ) ;
#201 = CARTESIAN_POINT ( 'NONE',  ( 0.000000000000000000, 0.000000000000000000, 0.000000000000000000 ) ) ;
#202 = VERTEX_POINT ( 'NONE', #795 ) ;
#203 = CARTESIAN_POINT ( 'NONE',  ( 2.790225092205677271, 1.649999999999999911, -0.2500000000000004996 ) ) ;
#204 = CARTESIAN_POINT ( 'NONE',  ( 0.7999999999999997113, 1.124999999999999778, 4.299999999999999822 ) ) ;
#205 = CARTESIAN_POINT ( 'NONE',  ( 2.390065297579353043, 1.160510370552979564, 3.520292822650709308 ) ) ;
#206 = EDGE_CURVE ( 'NONE', #2246, #2690, #1087, .T. ) ;
#207 = ORIENTED_EDGE ( 'NONE', *, *, #175, .F. ) ;
#208 = AXIS2_PLACEMENT_3D ( 'NONE', #2615, #935, #95 ) ;
#209 = DIRECTION ( 'NONE',  ( -0.8000000000000002665, 0.000000000000000000, -0.5999999999999996447 ) ) ;
#210 = EDGE_CURVE ( 'NONE', #1107, #96, #2042, .T. ) ;
#211 = AXIS2_PLACEMENT_3D ( 'NONE', #812, #1435, #604 ) ;
#212 = AXIS2_PLACEMENT_3D ( 'NONE', #1774, #111, #2204 ) ;
#213 = CARTESIAN_POINT ( 'NONE',  ( 2.631623637905843971, 0.4642860742784722383, 3.189684194593331412 ) ) ;
#214 = AXIS2_PLACEMENT_3D ( 'NONE', #921, #545, #1350 ) ;
#215 = AXIS2_PLACEMENT_3D ( 'NONE', #867, #2086, #1299 ) ;
#216 = FACE_BOUND ( 'NONE', #922, .T. ) ;
#217 = AXIS2_PLACEMENT_3D ( 'NONE', #87, #58, #1480 ) ;
#218 = ORIENTED_EDGE ( 'NONE', *, *, #1410, .F. ) ;
#219 = DIRECTION ( 'NONE',  ( -0.6427876096865442479, 0.000000000000000000, -0.7660444431189739056 ) ) ;
#220 = VERTEX_POINT ( 'NONE', #559 ) ;
#221 = CARTESIAN_POINT ( 'NONE',  ( 2.130750000000000366, 1.124999999999999778, 3.158999999999998920 ) ) ;
#222 = CARTESIAN_POINT ( 'NONE',  ( 2.082186579487060207, 1.160705049638478537, -1.753729863283733481 ) ) ;
#223 = CARTESIAN_POINT ( 'NONE',  ( -1.625551987099622897, 0.5250000000000000222, 0.3417735096752839707 ) ) ;
#224 = CARTESIAN_POINT ( 'NONE',  ( -1.625551987099622897, 1.124999999999999778, 0.3417735096752839707 ) ) ;
#225 = CARTESIAN_POINT ( 'NONE',  ( 2.610750000000001680, 0.5250000000000000222, 3.018999999999999684 ) ) ;
#226 = CARTESIAN_POINT ( 'NONE',  ( 2.258040765071898104, 1.056237220247175923, -1.570834702133127925 ) ) ;
#227 = ORIENTED_EDGE ( 'NONE', *, *, #2221, .T. ) ;
#228 = PLANE ( 'NONE',  #607 ) ;
#229 = LINE ( 'NONE', #1511, #2261 ) ;
#230 = ORIENTED_EDGE ( 'NONE', *, *, #2458, .T. ) ;
#231 = CARTESIAN_POINT ( 'NONE',  ( 1.714424780626911504, 0.000000000000000000, -1.532088886237948033 ) ) ;
#232 = CARTESIAN_POINT ( 'NONE',  ( 1.199999999999999956, 1.124999999999999778, 4.000000000000000000 ) ) ;
#233 = CYLINDRICAL_SURFACE ( 'NONE', #2298, 0.06496062999999997756 ) ;
#234 = EDGE_CURVE ( 'NONE', #1554, #717, #2132, .T. ) ;
#235 = ORIENTED_EDGE ( 'NONE', *, *, #1097, .F. ) ;
#236 = DIRECTION ( 'NONE',  ( 0.000000000000000000, 0.000000000000000000, -1.000000000000000000 ) ) ;
#237 = CARTESIAN_POINT ( 'NONE',  ( 2.782068154093112256, 1.021466377480908072, 3.033269447915111883 ) ) ;
#238 = ORIENTED_EDGE ( 'NONE', *, *, #2138, .F. ) ;
#239 = ORIENTED_EDGE ( 'NONE', *, *, #1687, .T. ) ;
#240 = EDGE_CURVE ( 'NONE', #363, #2003, #1230, .T. ) ;
#241 = CARTESIAN_POINT ( 'NONE',  ( 1.319814293168616093, 1.056349260716304528, 4.441324482572843735 ) ) ;
#242 = CARTESIAN_POINT ( 'NONE',  ( 0.6801263429688667594, 0.5935590482308414906, 4.441312589766051921 ) ) ;
#243 = EDGE_CURVE ( 'NONE', #363, #2312, #2476, .T. ) ;
#244 = ORIENTED_EDGE ( 'NONE', *, *, #1972, .T. ) ;
#245 = FACE_OUTER_BOUND ( 'NONE', #1610, .T. ) ;
#246 = CARTESIAN_POINT ( 'NONE',  ( 2.031039747418481145, 1.124999999999999778, -1.621479010153125344 ) ) ;
#247 = FACE_BOUND ( 'NONE', #476, .T. ) ;
#248 = ORIENTED_EDGE ( 'NONE', *, *, #2652, .F. ) ;
#249 = FACE_BOUND ( 'NONE', #599, .T. ) ;
#250 = CARTESIAN_POINT ( 'NONE',  ( 2.731336662724642039, 1.248650771696695916, 3.032579847630944681 ) ) ;
#251 = AXIS2_PLACEMENT_3D ( 'NONE', #201, #1038, #1832 ) ;
#252 = CARTESIAN_POINT ( 'NONE',  ( 2.677167932199421063, 1.015640948593784731, 3.174209289445375060 ) ) ;
#253 = ORIENTED_EDGE ( 'NONE', *, *, #151, .F. ) ;
#254 = ORIENTED_EDGE ( 'NONE', *, *, #766, .T. ) ;
#255 = CARTESIAN_POINT ( 'NONE',  ( 1.324012625133365928, 1.064259205246530726, 4.440255107009434710 ) ) ;
#256 = CIRCLE ( 'NONE', #2517, 0.06496062999999997756 ) ;
#257 = CARTESIAN_POINT ( 'NONE',  ( 0.8089676444336021399, 0.6628052051090727037, 4.449135026437850193 ) ) ;
#258 = AXIS2_PLACEMENT_3D ( 'NONE', #1199, #390, #2460 ) ;
#259 = VECTOR ( 'NONE', #1811, 39.37007874015748143 ) ;
#260 = ORIENTED_EDGE ( 'NONE', *, *, #2105, .F. ) ;
#261 = CARTESIAN_POINT ( 'NONE',  ( 2.072795635499913747, 0.5250000000000000222, -1.571716280520117470 ) ) ;
#262 = CARTESIAN_POINT ( 'NONE',  ( 2.083183451635138628, 1.134064344815648218, -1.760311649628470310 ) ) ;
#263 = CARTESIAN_POINT ( 'NONE',  ( 1.199999999999999956, 1.124999999999999778, 4.299999999999999822 ) ) ;
#264 = ORIENTED_EDGE ( 'NONE', *, *, #647, .T. ) ;
#265 = LINE ( 'NONE', #1279, #606 ) ;
#266 = CARTESIAN_POINT ( 'NONE',  ( 2.630658865850180383, 1.142846830381547774, 3.205095251335701168 ) ) ;
#267 = CYLINDRICAL_SURFACE ( 'NONE', #126, 0.1377952749999999393 ) ;
#268 = ADVANCED_FACE ( 'NONE', ( #2223, #172, #1189, #1842, #2053 ), #2664, .F. ) ;
#269 = VERTEX_POINT ( 'NONE', #2463 ) ;
#270 = EDGE_LOOP ( 'NONE', ( #248, #794 ) ) ;
#271 = DIRECTION ( 'NONE',  ( -0.7660444431189736836, 0.000000000000000000, 0.6427876096865444699 ) ) ;
#272 = CARTESIAN_POINT ( 'NONE',  ( 0.000000000000000000, 1.649999999999999911, 3.999999999999999556 ) ) ;
#273 = APPROVAL_DATE_TIME ( #896, #783 ) ;
#274 = DESIGN_CONTEXT ( 'detailed design', #669, 'design' ) ;
#275 = ORIENTED_EDGE ( 'NONE', *, *, #66, .F. ) ;
#276 = CARTESIAN_POINT ( 'NONE',  ( 2.263301378098481198, 0.5427536152942789016, -1.552804781643406518 ) ) ;
#277 = CARTESIAN_POINT ( 'NONE',  ( 2.192626104851821633, 1.248536824568107662, -1.591707653414406787 ) ) ;
#278 = CARTESIAN_POINT ( 'NONE',  ( 1.264960629999999586, 0.5249999999999999112, 4.299999999999999822 ) ) ;
#279 = VERTEX_POINT ( 'NONE', #364 ) ;
#280 = FACE_BOUND ( 'NONE', #608, .T. ) ;
#281 = CARTESIAN_POINT ( 'NONE',  ( 2.670800388020705629, 1.258274646172914402, 3.109239747611385773 ) ) ;
#282 = ADVANCED_FACE ( 'NONE', ( #600 ), #186, .F. ) ;
#283 =( BOUNDED_CURVE ( )  B_SPLINE_CURVE ( 3, ( #2547, #1874, #2349, #482 ),
 .UNSPECIFIED., .F., .T. ) 
 B_SPLINE_CURVE_WITH_KNOTS ( ( 4, 4 ),
 ( 2.650682704242083965, 3.632502602937502711 ),
 .UNSPECIFIED. ) 
 CURVE ( )  GEOMETRIC_REPRESENTATION_ITEM ( )  RATIONAL_B_SPLINE_CURVE ( ( 1.000000000000000000, 0.9212694984400249254, 0.9212694984400249254, 1.000000000000000000 ) ) 
 REPRESENTATION_ITEM ( '' )  );
#284 = CARTESIAN_POINT ( 'NONE',  ( 2.756320234233869293, 0.9943354449055702426, 3.072338137397199631 ) ) ;
#285 = LINE ( 'NONE', #862, #1387 ) ;
#286 = CARTESIAN_POINT ( 'NONE',  ( 0.8912980454350617476, 0.6286021411897833033, 4.445623925644379248 ) ) ;
#287 = EDGE_CURVE ( 'NONE', #888, #1803, #1200, .T. ) ;
#288 = ORIENTED_EDGE ( 'NONE', *, *, #2190, .T. ) ;
#289 = CARTESIAN_POINT ( 'NONE',  ( 2.906802006744427125, 0.000000000000000000, -0.5000000000000004441 ) ) ;
#290 = FACE_OUTER_BOUND ( 'NONE', #902, .T. ) ;
#291 = FACE_OUTER_BOUND ( 'NONE', #1237, .T. ) ;
#292 = VERTEX_POINT ( 'NONE', #196 ) ;
#293 = EDGE_CURVE ( 'NONE', #2398, #2530, #432, .T. ) ;
#294 = CARTESIAN_POINT ( 'NONE',  ( 1.304100878115755036, 1.215724583304246709, 4.412503721454059225 ) ) ;
#295 = CARTESIAN_POINT ( 'NONE',  ( 2.776513636852918410, 1.193763284457127982, 2.993632598005206535 ) ) ;
#296 = CARTESIAN_POINT ( 'NONE',  ( 2.799290901683313848, 1.115987934974272289, 2.988161582512483427 ) ) ;
#297 = EDGE_CURVE ( 'NONE', #2682, #2307, #16, .T. ) ;
#298 = ORIENTED_EDGE ( 'NONE', *, *, #2179, .T. ) ;
#299 = AXIS2_PLACEMENT_3D ( 'NONE', #2115, #1515, #661 ) ;
#300 = DIRECTION ( 'NONE',  ( -0.6427876096865443589, 0.000000000000000000, -0.7660444431189737946 ) ) ;
#301 = CIRCLE ( 'NONE', #1824, 0.1377952749999999393 ) ;
#302 = VECTOR ( 'NONE', #2240, 39.37007874015748143 ) ;
#303 = VERTEX_POINT ( 'NONE', #1664 ) ;
#304 = CARTESIAN_POINT ( 'NONE',  ( 2.408491595440600985, 0.5855983934897602827, 3.522403147138052582 ) ) ;
#305 = CARTESIAN_POINT ( 'NONE',  ( 2.453427165000001686, 0.5250000000000000222, 3.228763779999999528 ) ) ;
#306 = AXIS2_PLACEMENT_3D ( 'NONE', #1446, #1431, #1855 ) ;
#307 = ORIENTED_EDGE ( 'NONE', *, *, #656, .F. ) ;
#308 = CIRCLE ( 'NONE', #1479, 0.06496063000000029675 ) ;
#309 = CARTESIAN_POINT ( 'NONE',  ( 2.672341366092539694, 0.6284331060056819185, 3.179552865422901053 ) ) ;
#310 = LINE ( 'NONE', #990, #1235 ) ;
#311 = DIRECTION ( 'NONE',  ( 0.7660444431189735726, 0.000000000000000000, -0.6427876096865445810 ) ) ;
#312 = FACE_OUTER_BOUND ( 'NONE', #1330, .T. ) ;
#313 = CYLINDRICAL_SURFACE ( 'NONE', #1349, 0.1377952749999998561 ) ;
#314 = ORIENTED_EDGE ( 'NONE', *, *, #1813, .F. ) ;
#315 = CARTESIAN_POINT ( 'NONE',  ( 0.6691279057254716500, 1.080942875807213488, 4.437870602881041293 ) ) ;
#316 = CARTESIAN_POINT ( 'NONE',  ( 2.536575079215855233, 0.4563629128456436757, 3.313595564621592882 ) ) ;
#317 = EDGE_LOOP ( 'NONE', ( #972, #2181 ) ) ;
#318 = CARTESIAN_POINT ( 'NONE',  ( 1.115397735153099923, 1.234140314901803093, 4.408176097445152486 ) ) ;
#319 = FACE_OUTER_BOUND ( 'NONE', #558, .T. ) ;
#320 = DIRECTION ( 'NONE',  ( 0.5999999999999987566, 0.000000000000000000, -0.8000000000000009326 ) ) ;
#321 = DIRECTION ( 'NONE',  ( 0.8000000000000002665, 0.000000000000000000, 0.5999999999999995337 ) ) ;
#322 = ADVANCED_FACE ( 'NONE', ( #216, #598, #1007, #587, #2490 ), #1676, .T. ) ;
#323 = EDGE_LOOP ( 'NONE', ( #603, #1080, #1400, #1362 ) ) ;
#324 = CARTESIAN_POINT ( 'NONE',  ( 2.215486897878763628, 0.4215271462523724755, -1.572067809072579259 ) ) ;
#325 = CARTESIAN_POINT ( 'NONE',  ( 2.409726378000000668, 0.5250000000000000222, 3.287031495999998665 ) ) ;
#326 = CARTESIAN_POINT ( 'NONE',  ( 2.474297043949206909, 0.3909286673515074417, 3.370928320127495326 ) ) ;
#327 = ORIENTED_EDGE ( 'NONE', *, *, #2585, .T. ) ;
#328 = CARTESIAN_POINT ( 'NONE',  ( 2.812500000000000000, 1.649999999999999911, 2.249999999999999556 ) ) ;
#329 = DIRECTION ( 'NONE',  ( 0.8000000000000002665, 0.000000000000000000, 0.5999999999999996447 ) ) ;
#330 = DIRECTION ( 'NONE',  ( -1.000000000000000000, 0.000000000000000000, 0.000000000000000000 ) ) ;
#331 = CARTESIAN_POINT ( 'NONE',  ( 2.175386703706825742, 0.6619078905581492478, -1.681337009098558433 ) ) ;
#332 = CARTESIAN_POINT ( 'NONE',  ( 1.080251397731823104, 1.056237220247175923, 4.441339334459350141 ) ) ;
#333 = DIRECTION ( 'NONE',  ( 0.000000000000000000, 0.000000000000000000, 1.000000000000000000 ) ) ;
#334 = VECTOR ( 'NONE', #1571, 39.37007874015748143 ) ;
#335 = ORIENTED_EDGE ( 'NONE', *, *, #1658, .F. ) ;
#336 = CARTESIAN_POINT ( 'NONE',  ( 2.084324862723525573, 0.4642390298688995887, -1.743262323325005081 ) ) ;
#337 = CARTESIAN_POINT ( 'NONE',  ( 2.495438607810443798, 0.6628052051090727037, 3.421306900315827626 ) ) ;
#338 = CARTESIAN_POINT ( 'NONE',  ( 2.446176947357141085, 0.3871983834719870954, 3.406797194999276801 ) ) ;
#339 = AXIS2_PLACEMENT_3D ( 'NONE', #1491, #2324, #1304 ) ;
#340 = ORIENTED_EDGE ( 'NONE', *, *, #1661, .F. ) ;
#341 = CARTESIAN_POINT ( 'NONE',  ( 2.751156806557764511, 0.6583904615623920042, 3.079656491853034694 ) ) ;
#342 = VECTOR ( 'NONE', #321, 39.37007874015748854 ) ;
#343 = CARTESIAN_POINT ( 'NONE',  ( 4.250000000000000000, 0.000000000000000000, -0.5000000000000005551 ) ) ;
#344 = AXIS2_PLACEMENT_3D ( 'NONE', #261, #2331, #1276 ) ;
#345 = AXIS2_PLACEMENT_3D ( 'NONE', #2416, #1810, #311 ) ;
#346 = LINE ( 'NONE', #2584, #1791 ) ;
#347 = FACE_OUTER_BOUND ( 'NONE', #1030, .T. ) ;
#348 = CARTESIAN_POINT ( 'NONE',  ( 1.066557112150340769, 1.089495682314153502, 4.436586920499954623 ) ) ;
#349 = CARTESIAN_POINT ( 'NONE',  ( 1.337795274999999950, 1.124999999999999778, 4.299999999999999822 ) ) ;
#350 = ADVANCED_FACE ( 'NONE', ( #2245 ), #376, .F. ) ;
#351 = ORIENTED_EDGE ( 'NONE', *, *, #766, .F. ) ;
#352 = DIRECTION ( 'NONE',  ( 0.8000000000000001554, -0.000000000000000000, 0.5999999999999997558 ) ) ;
#353 = CARTESIAN_POINT ( 'NONE',  ( 2.452208558658494741, 1.001242090231399429, 3.476678274264452195 ) ) ;
#354 = DIRECTION ( 'NONE',  ( -0.7660444431189737946, 0.000000000000000000, 0.6427876096865445810 ) ) ;
#355 = ORIENTED_EDGE ( 'NONE', *, *, #72, .T. ) ;
#356 = CARTESIAN_POINT ( 'NONE',  ( 0.7350393699999995256, 0.5249999999999999112, -1.825629139790877042 ) ) ;
#357 = DIRECTION ( 'NONE',  ( -0.7660444431189735726, -0.000000000000000000, 0.6427876096865445810 ) ) ;
#358 = EDGE_CURVE ( 'NONE', #2674, #1118, #5, .T. ) ;
#359 = CARTESIAN_POINT ( 'NONE',  ( 2.084391684675392931, 1.124999999999999778, -1.761325477526922922 ) ) ;
#360 = EDGE_CURVE ( 'NONE', #73, #2052, #830, .T. ) ;
#361 = DIRECTION ( 'NONE',  ( -0.7660444431189737946, 0.000000000000000000, 0.6427876096865445810 ) ) ;
#362 = LINE ( 'NONE', #765, #166 ) ;
#363 = VERTEX_POINT ( 'NONE', #1889 ) ;
#364 = CARTESIAN_POINT ( 'NONE',  ( 2.288072835000002136, 0.5250000000000000222, 3.449236219999999520 ) ) ;
#365 = CARTESIAN_POINT ( 'NONE',  ( 2.560088379098534705, 1.089615647808951149, 3.314162872688772410 ) ) ;
#366 = COORDINATED_UNIVERSAL_TIME_OFFSET ( 8, 0, .BEHIND. ) ;
#367 = ADVANCED_FACE ( 'NONE', ( #871 ), #1715, .F. ) ;
#368 = ORIENTED_EDGE ( 'NONE', *, *, #1142, .F. ) ;
#369 = CARTESIAN_POINT ( 'NONE',  ( 2.130750000000000366, 0.5250000000000000222, 3.158999999999998920 ) ) ;
#370 = CARTESIAN_POINT ( 'NONE',  ( 2.169726378000000455, 0.5250000000000000222, 3.107031495999998061 ) ) ;
#371 = ADVANCED_FACE ( 'NONE', ( #2382 ), #885, .F. ) ;
#372 = DIRECTION ( 'NONE',  ( -0.5999999999999996447, 0.000000000000000000, 0.8000000000000002665 ) ) ;
#373 = DIRECTION ( 'NONE',  ( 0.5999999999999994227, 0.000000000000000000, -0.8000000000000004885 ) ) ;
#374 = ADVANCED_FACE ( 'NONE', ( #451, #2320, #1694 ), #1066, .F. ) ;
#375 = LINE ( 'NONE', #349, #2263 ) ;
#376 = CYLINDRICAL_SURFACE ( 'NONE', #653, 0.06496063000000029675 ) ;
#377 = ORIENTED_EDGE ( 'NONE', *, *, #240, .T. ) ;
#378 = DIRECTION ( 'NONE',  ( 0.6427876096865442479, 0.000000000000000000, 0.7660444431189739056 ) ) ;
#379 = DIRECTION ( 'NONE',  ( -0.6427876096865451361, 0.000000000000000000, -0.7660444431189731285 ) ) ;
#380 = CARTESIAN_POINT ( 'NONE',  ( 2.409726377999999780, 1.124999999999999778, 2.787031495999998665 ) ) ;
#381 = ORIENTED_EDGE ( 'NONE', *, *, #1369, .F. ) ;
#382 = CARTESIAN_POINT ( 'NONE',  ( 2.260344372950747527, 1.133953834936796135, -1.549209400522332025 ) ) ;
#383 = CARTESIAN_POINT ( 'NONE',  ( 2.130750000000000366, 1.124999999999999778, 3.158999999999998920 ) ) ;
#384 = AXIS2_PLACEMENT_3D ( 'NONE', #991, #1800, #2594 ) ;
#385 = CIRCLE ( 'NONE', #1915, 0.1377952749999998561 ) ;
#386 = CARTESIAN_POINT ( 'NONE',  ( 1.138535983310769106, 0.6486591248312301161, 4.447763824584023418 ) ) ;
#387 = VECTOR ( 'NONE', #2233, 39.37007874015748854 ) ;
#388 = AXIS2_PLACEMENT_3D ( 'NONE', #1035, #1048, #1866 ) ;
#389 = LINE ( 'NONE', #1441, #1351 ) ;
#390 = DIRECTION ( 'NONE',  ( -0.8000000000000003775, 0.000000000000000000, -0.5999999999999997558 ) ) ;
#391 = CARTESIAN_POINT ( 'NONE',  ( 2.125609177621971657, 1.021466377480907628, -1.735314131466254350 ) ) ;
#392 = ORIENTED_EDGE ( 'NONE', *, *, #293, .T. ) ;
#393 = CARTESIAN_POINT ( 'NONE',  ( -1.664528365099622986, 1.124999999999999778, 0.3937420136752843303 ) ) ;
#394 = DIRECTION ( 'NONE',  ( -0.7660444431189739056, -0.000000000000000000, 0.6427876096865444699 ) ) ;
#395 = DATE_TIME_ROLE ( 'creation_date' ) ;
#396 = VERTEX_POINT ( 'NONE', #1487 ) ;
#397 = CARTESIAN_POINT ( 'NONE',  ( 4.000000000000000000, 0.000000000000000000, -0.2500000000000006106 ) ) ;
#398 = CARTESIAN_POINT ( 'NONE',  ( 2.937500000000000000, 0.8249999999999999556, 0.9566675665949342378 ) ) ;
#399 = VERTEX_POINT ( 'NONE', #2534 ) ;
#400 = CARTESIAN_POINT ( 'NONE',  ( 1.291298045435062214, 0.6286021411897829703, 4.445623925644380137 ) ) ;
#401 = ADVANCED_FACE ( 'NONE', ( #853, #465 ), #21, .F. ) ;
#402 = CARTESIAN_POINT ( 'NONE',  ( 1.337795274999999950, 1.124999999999999778, 4.299999999999999822 ) ) ;
#403 = CARTESIAN_POINT ( 'NONE',  ( 2.714017259845168617, 1.258347354197575596, 3.051586247744133118 ) ) ;
#404 = CARTESIAN_POINT ( 'NONE',  ( 2.263307863312525203, 1.107046995331611772, -1.552847406513879758 ) ) ;
#405 = EDGE_CURVE ( 'NONE', #2264, #798, #2540, .T. ) ;
#406 = ORIENTED_EDGE ( 'NONE', *, *, #784, .T. ) ;
#407 = CARTESIAN_POINT ( 'NONE',  ( 2.453427165000001686, 1.124999999999999778, 3.228763779999999528 ) ) ;
#408 = FACE_OUTER_BOUND ( 'NONE', #2590, .T. ) ;
#409 = CARTESIAN_POINT ( 'NONE',  ( 2.403506512075874291, 0.4215271462523726975, 3.477880995273711306 ) ) ;
#410 = ADVANCED_FACE ( 'NONE', ( #1041 ), #2099, .F. ) ;
#411 = ORIENTED_EDGE ( 'NONE', *, *, #2697, .T. ) ;
#412 = DIRECTION ( 'NONE',  ( -0.8000000000000001554, 0.000000000000000000, -0.5999999999999997558 ) ) ;
#413 = ADVANCED_FACE ( 'NONE', ( #245 ), #687, .F. ) ;
#414 = CARTESIAN_POINT ( 'NONE',  ( 2.523213504032699728, 1.215724583304246487, 3.323221530379829591 ) ) ;
#415 = CARTESIAN_POINT ( 'NONE',  ( 1.115580689672250658, 0.6342834882876725588, 4.446251722288077524 ) ) ;
#416 = CARTESIAN_POINT ( 'NONE',  ( 2.731394121383956097, 0.4013944508250545384, 3.032521979511895616 ) ) ;
#417 = DIRECTION ( 'NONE',  ( -0.8000000000000000444, 0.000000000000000000, -0.5999999999999998668 ) ) ;
#418 = ORIENTED_EDGE ( 'NONE', *, *, #2458, .F. ) ;
#419 = CARTESIAN_POINT ( 'NONE',  ( 1.714424780626911504, 1.649999999999999911, -1.532088886237948033 ) ) ;
#420 = CALENDAR_DATE ( 2026, 27, 4 ) ;
#421 = LOCAL_TIME ( 20, 48, 54.00000000000000000, #366 ) ;
#422 = VERTEX_POINT ( 'NONE', #423 ) ;
#423 = CARTESIAN_POINT ( 'NONE',  ( 0.7350393699999995256, 0.5249999999999999112, 4.299999999999999822 ) ) ;
#424 = CARTESIAN_POINT ( 'NONE',  ( 0.9334727293081008792, 1.089615647808951149, 4.436568426892091743 ) ) ;
#425 = DIRECTION ( 'NONE',  ( 0.000000000000000000, 0.000000000000000000, 1.000000000000000000 ) ) ;
#426 = EDGE_LOOP ( 'NONE', ( #771, #866 ) ) ;
#427 = CIRCLE ( 'NONE', #1953, 0.06496063000000006082 ) ;
#428 = CARTESIAN_POINT ( 'NONE',  ( 0.9377952749999995952, 1.124999999999999778, 4.299999999999999822 ) ) ;
#429 = AXIS2_PLACEMENT_3D ( 'NONE', #1081, #1930, #1704 ) ;
#430 = CARTESIAN_POINT ( 'NONE',  ( 2.643506512075874060, 0.4215271462523731416, 3.157880995273710578 ) ) ;
#431 = AXIS2_PLACEMENT_3D ( 'NONE', #1117, #930, #1541 ) ;
#432 = CIRCLE ( 'NONE', #388, 0.06496062999999997756 ) ;
#433 = CARTESIAN_POINT ( 'NONE',  ( 2.163596516282808135, 0.9916697364444426732, -1.694861315554434089 ) ) ;
#434 = EDGE_LOOP ( 'NONE', ( #2109, #1885, #501, #2428 ) ) ;
#435 = FACE_BOUND ( 'NONE', #547, .T. ) ;
#436 = CARTESIAN_POINT ( 'NONE',  ( 0.7085125273172007132, 0.6284331060056814744, 4.445604812127771588 ) ) ;
#437 = ORIENTED_EDGE ( 'NONE', *, *, #1322, .T. ) ;
#438 = DIRECTION ( 'NONE',  ( -0.8000000000000001554, 0.000000000000000000, -0.5999999999999997558 ) ) ;
#439 = CARTESIAN_POINT ( 'NONE',  ( 2.084391684675392931, 1.124999999999999778, -1.761325477526922922 ) ) ;
#440 = DIRECTION ( 'NONE',  ( 0.000000000000000000, 0.000000000000000000, -1.000000000000000000 ) ) ;
#441 = VERTEX_POINT ( 'NONE', #1260 ) ;
#442 = DIRECTION ( 'NONE',  ( 0.000000000000000000, 0.000000000000000000, -1.000000000000000000 ) ) ;
#443 = EDGE_CURVE ( 'NONE', #936, #2164, #1133, .T. ) ;
#444 = DIRECTION ( 'NONE',  ( 1.000000000000000000, 0.000000000000000000, 0.000000000000000000 ) ) ;
#445 = MANIFOLD_SOLID_BREP ( 'Cut-Extrude6', #1171 ) ;
#446 = EDGE_CURVE ( 'NONE', #1193, #1527, #80, .T. ) ;
#447 = ORIENTED_EDGE ( 'NONE', *, *, #2147, .T. ) ;
#448 = LINE ( 'NONE', #1948, #1520 ) ;
#449 = CARTESIAN_POINT ( 'NONE',  ( 0.6691344255391894480, 0.5690636780220805768, 4.437871293851659793 ) ) ;
#450 = ORIENTED_EDGE ( 'NONE', *, *, #1785, .F. ) ;
#451 = FACE_BOUND ( 'NONE', #1882, .T. ) ;
#452 = CARTESIAN_POINT ( 'NONE',  ( 2.085746782907988983, 1.193763284457127538, -1.738908852626313895 ) ) ;
#453 = DIRECTION ( 'NONE',  ( 0.000000000000000000, 0.000000000000000000, 1.000000000000000000 ) ) ;
#454 = EDGE_CURVE ( 'NONE', #1311, #399, #1604, .T. ) ;
#455 = VERTEX_POINT ( 'NONE', #2522 ) ;
#456 = CARTESIAN_POINT ( 'NONE',  ( 2.091773622000000277, 1.124999999999999778, 3.210968503999999335 ) ) ;
#457 = CARTESIAN_POINT ( 'NONE',  ( 2.631435654634332266, 1.133953834936796135, 3.206758334725746895 ) ) ;
#458 = EDGE_CURVE ( 'NONE', #2045, #658, #283, .T. ) ;
#459 = CARTESIAN_POINT ( 'NONE',  ( 2.791282147576634731, 1.041360955496536178, 3.017053179464070034 ) ) ;
#460 = ORIENTED_EDGE ( 'NONE', *, *, #1297, .F. ) ;
#461 = FACE_OUTER_BOUND ( 'NONE', #2121, .T. ) ;
#462 = DIRECTION ( 'NONE',  ( -0.5999999999999972022, 0.000000000000000000, 0.8000000000000019318 ) ) ;
#463 = SHAPE_DEFINITION_REPRESENTATION ( #1266, #2421 ) ;
#464 = VERTEX_POINT ( 'NONE', #1459 ) ;
#465 = FACE_OUTER_BOUND ( 'NONE', #1174, .T. ) ;
#466 = CARTESIAN_POINT ( 'NONE',  ( 0.8693713041075455950, 1.005594779920926163, 4.447331663793917755 ) ) ;
#467 = CARTESIAN_POINT ( 'NONE',  ( 0.000000000000000000, 1.649999999999999911, 3.999999999999999556 ) ) ;
#468 = ORIENTED_EDGE ( 'NONE', *, *, #2661, .T. ) ;
#469 = CARTESIAN_POINT ( 'NONE',  ( 0.000000000000000000, 0.000000000000000000, 4.249999999999999112 ) ) ;
#470 = CARTESIAN_POINT ( 'NONE',  ( 2.632781310329610491, 1.193589332254316959, 3.185338232428522431 ) ) ;
#471 = APPROVAL ( #2249, 'UNSPECIFIED' ) ;
#472 = VECTOR ( 'NONE', #946, 39.37007874015748143 ) ;
#473 = DIRECTION ( 'NONE',  ( 0.5999999999999987566, 0.000000000000000000, -0.8000000000000009326 ) ) ;
#474 = VECTOR ( 'NONE', #584, 39.37007874015748143 ) ;
#475 = ORIENTED_EDGE ( 'NONE', *, *, #2167, .T. ) ;
#476 = EDGE_LOOP ( 'NONE', ( #1466, #912 ) ) ;
#477 = CARTESIAN_POINT ( 'NONE',  ( 1.164100956813870935, 0.9916553136748758046, 4.448714979182676998 ) ) ;
#478 = AXIS2_PLACEMENT_3D ( 'NONE', #272, #2111, #2692 ) ;
#479 = VECTOR ( 'NONE', #806, 39.37007874015748854 ) ;
#480 = PLANE ( 'NONE',  #478 ) ;
#481 = ORIENTED_EDGE ( 'NONE', *, *, #1263, .T. ) ;
#482 = CARTESIAN_POINT ( 'NONE',  ( 2.937500000000000000, 1.649999999999999911, 2.499999999999999112 ) ) ;
#483 = CARTESIAN_POINT ( 'NONE',  ( 2.180534545057287499, 1.255553573049138283, -1.603370956372607070 ) ) ;
#484 = CYLINDRICAL_SURFACE ( 'NONE', #2513, 0.1377952749999999393 ) ;
#485 = EDGE_CURVE ( 'NONE', #464, #843, #643, .T. ) ;
#486 = DIRECTION ( 'NONE',  ( -1.000000000000000000, 0.000000000000000000, 0.000000000000000000 ) ) ;
#487 = ORIENTED_EDGE ( 'NONE', *, *, #1128, .T. ) ;
#488 = PLANE ( 'NONE',  #2125 ) ;
#489 = CARTESIAN_POINT ( 'NONE',  ( 2.685958364094275463, 1.262783314055509365, 3.087096521148714690 ) ) ;
#490 = CARTESIAN_POINT ( 'NONE',  ( 2.633921277041472830, 1.116097807472996806, 3.208622551531102207 ) ) ;
#491 = EDGE_CURVE ( 'NONE', #1107, #2682, #2306, .T. ) ;
#492 = ORIENTED_EDGE ( 'NONE', *, *, #2295, .T. ) ;
#493 = CARTESIAN_POINT ( 'NONE',  ( 2.370750000000001911, 0.5250000000000000222, 3.338999999999999524 ) ) ;
#494 = CYLINDRICAL_SURFACE ( 'NONE', #1750, 0.06496063000000011634 ) ;
#495 = ADVANCED_FACE ( 'NONE', ( #1472 ), #1670, .F. ) ;
#496 = VERTEX_POINT ( 'NONE', #1711 ) ;
#497 = CARTESIAN_POINT ( 'NONE',  ( 2.370750000000001911, 0.5250000000000000222, 3.338999999999999524 ) ) ;
#498 = CARTESIAN_POINT ( 'NONE',  ( 2.097878108901061633, 0.4216152602188834586, -1.712260541919883083 ) ) ;
#499 = CARTESIAN_POINT ( 'NONE',  ( 2.437099791633815293, 0.6342834882876726699, 3.494286481635044961 ) ) ;
#500 = CARTESIAN_POINT ( 'NONE',  ( 1.199999999999999956, 1.124999999999999778, 4.000000000000000000 ) ) ;
#501 = ORIENTED_EDGE ( 'NONE', *, *, #42, .F. ) ;
#502 = EDGE_CURVE ( 'NONE', #1027, #2287, #184, .T. ) ;
#503 = DIRECTION ( 'NONE',  ( 0.000000000000000000, 0.000000000000000000, 1.000000000000000000 ) ) ;
#504 = LINE ( 'NONE', #1538, #526 ) ;
#505 = CARTESIAN_POINT ( 'NONE',  ( -1.586575609099622808, 0.5250000000000000222, 0.2898050056752836667 ) ) ;
#506 = CARTESIAN_POINT ( 'NONE',  ( 2.111909933369824799, 1.041360955496536178, -1.747970977254628577 ) ) ;
#507 = CARTESIAN_POINT ( 'NONE',  ( 2.331773621999999602, 1.124999999999999778, 3.390968503999999051 ) ) ;
#508 = CYLINDRICAL_SURFACE ( 'NONE', #652, 1.750000000000000000 ) ;
#509 = ORIENTED_EDGE ( 'NONE', *, *, #1609, .T. ) ;
#510 = CARTESIAN_POINT ( 'NONE',  ( 2.155954602515396168, 0.3871983834719869288, -1.629770309168478093 ) ) ;
#511 = CARTESIAN_POINT ( 'NONE',  ( 2.610750000000001680, 1.124999999999999778, 3.018999999999999684 ) ) ;
#512 = CARTESIAN_POINT ( 'NONE',  ( 0.000000000000000000, 0.000000000000000000, 3.999999999999999556 ) ) ;
#513 = ORIENTED_EDGE ( 'NONE', *, *, #124, .T. ) ;
#514 = LINE ( 'NONE', #328, #2561 ) ;
#515 = CARTESIAN_POINT ( 'NONE',  ( 0.9333941112100446746, 1.160705049638478092, 4.424189956252103428 ) ) ;
#516 = CARTESIAN_POINT ( 'NONE',  ( -1.625551987099622897, 1.124999999999999778, 0.3417735096752839707 ) ) ;
#517 = AXIS2_PLACEMENT_3D ( 'NONE', #467, #1110, #645 ) ;
#518 = CARTESIAN_POINT ( 'NONE',  ( 0.9377952749999995952, 0.5249999999999998002, 4.430761531551600463 ) ) ;
#519 = AXIS2_PLACEMENT_3D ( 'NONE', #581, #1448, #999 ) ;
#520 = VECTOR ( 'NONE', #1741, 39.37007874015748143 ) ;
#521 = AXIS2_PLACEMENT_3D ( 'NONE', #1934, #60, #2317 ) ;
#522 = ORIENTED_EDGE ( 'NONE', *, *, #458, .T. ) ;
#523 = CARTESIAN_POINT ( 'NONE',  ( 2.239704364876634823, 0.4562587383857413803, -1.555436237394322241 ) ) ;
#524 = CARTESIAN_POINT ( 'NONE',  ( 2.452082649653680946, 0.6486591248312300051, 3.476829508101797916 ) ) ;
#525 = DIRECTION ( 'NONE',  ( 0.000000000000000000, 0.000000000000000000, 1.000000000000000000 ) ) ;
#526 = VECTOR ( 'NONE', #2367, 39.37007874015748143 ) ;
#527 = AXIS2_PLACEMENT_3D ( 'NONE', #2495, #1052, #659 ) ;
#528 = EDGE_LOOP ( 'NONE', ( #2370, #755, #998, #1834 ) ) ;
#529 = AXIS2_PLACEMENT_3D ( 'NONE', #225, #2659, #804 ) ;
#530 = CARTESIAN_POINT ( 'NONE',  ( 1.181618251893122862, 1.261864536868799069, 4.401262742590443366 ) ) ;
#531 = CARTESIAN_POINT ( 'NONE',  ( 1.714424780626911504, 1.649999999999999911, -1.532088886237948033 ) ) ;
#532 = FACE_OUTER_BOUND ( 'NONE', #434, .T. ) ;
#533 = EDGE_CURVE ( 'NONE', #2061, #1528, #1982, .T. ) ;
#534 = ADVANCED_FACE ( 'NONE', ( #2232 ), #952, .F. ) ;
#535 = LINE ( 'NONE', #1775, #2519 ) ;
#536 = ORIENTED_EDGE ( 'NONE', *, *, #1729, .T. ) ;
#537 = CARTESIAN_POINT ( 'NONE',  ( 2.243759309112308031, 0.4642860742784716832, -1.553271082002537717 ) ) ;
#538 = LINE ( 'NONE', #1364, #1564 ) ;
#539 = CARTESIAN_POINT ( 'NONE',  ( 2.558036390241281488, 0.5250000000000002442, 3.307220698930959824 ) ) ;
#540 = EDGE_LOOP ( 'NONE', ( #654, #1499, #475, #1423 ) ) ;
#541 = CARTESIAN_POINT ( 'NONE',  ( 1.090115752728989973, 1.208632545117943824, 4.414117532089901097 ) ) ;
#542 = LINE ( 'NONE', #2201, #1579 ) ;
#543 = CARTESIAN_POINT ( 'NONE',  ( 2.091773622000000277, 0.5250000000000000222, 3.210968503999999335 ) ) ;
#544 = LINE ( 'NONE', #1326, #2394 ) ;
#545 = DIRECTION ( 'NONE',  ( -0.8000000000000001554, 0.000000000000000000, -0.5999999999999997558 ) ) ;
#546 = CC_DESIGN_PERSON_AND_ORGANIZATION_ASSIGNMENT ( #1896, #865, ( #690 ) ) ;
#547 = EDGE_LOOP ( 'NONE', ( #852, #630 ) ) ;
#548 = CYLINDRICAL_SURFACE ( 'NONE', #1265, 0.1377952750000001336 ) ;
#549 = LINE ( 'NONE', #1778, #472 ) ;
#550 = VERTEX_POINT ( 'NONE', #289 ) ;
#551 = CARTESIAN_POINT ( 'NONE',  ( 1.284405454183966011, 1.234292065752937040, 4.408139548505060290 ) ) ;
#552 = CARTESIAN_POINT ( 'NONE',  ( 0.8649606299999997860, 0.5249999999999999112, -1.825629139790877042 ) ) ;
#553 = CYLINDRICAL_SURFACE ( 'NONE', #707, 0.06496062999999989429 ) ;
#554 = CYLINDRICAL_SURFACE ( 'NONE', #1438, 0.1377952749999999393 ) ;
#555 = CARTESIAN_POINT ( 'NONE',  ( 1.138732515783533294, 1.001242090231399207, 4.447773811485466133 ) ) ;
#556 = DIRECTION ( 'NONE',  ( -0.8000000000000003775, 0.000000000000000000, -0.5999999999999997558 ) ) ;
#557 = AXIS2_PLACEMENT_3D ( 'NONE', #2225, #744, #1594 ) ;
#558 = EDGE_LOOP ( 'NONE', ( #2353, #20, #807, #492 ) ) ;
#559 = CARTESIAN_POINT ( 'NONE',  ( -6.829619984160658046E-16, 1.649999999999999911, 4.249999999999999112 ) ) ;
#560 = CARTESIAN_POINT ( 'NONE',  ( 2.559290901683313191, 1.115987934974272289, 3.308161582512483267 ) ) ;
#561 = FACE_OUTER_BOUND ( 'NONE', #1201, .T. ) ;
#562 = VECTOR ( 'NONE', #1070, 39.37007874015748143 ) ;
#563 = CARTESIAN_POINT ( 'NONE',  ( -1.385551987099622684, 0.5250000000000000222, 0.02177350967528412715 ) ) ;
#564 = VERTEX_POINT ( 'NONE', #913 ) ;
#565 = CARTESIAN_POINT ( 'NONE',  ( 2.797349538552885040, 0.5857916296654451793, 3.003970350499757025 ) ) ;
#566 = EDGE_CURVE ( 'NONE', #994, #2398, #544, .T. ) ;
#567 = CARTESIAN_POINT ( 'NONE',  ( 0.8914651133070784494, 1.228450838024269132, 4.409538703387248404 ) ) ;
#568 = VECTOR ( 'NONE', #2067, 39.37007874015748854 ) ;
#569 = VECTOR ( 'NONE', #4, 39.37007874015748143 ) ;
#570 = LINE ( 'NONE', #979, #2219 ) ;
#571 = B_SPLINE_CURVE_WITH_KNOTS ( 'NONE', 3,
 ( #2489, #2091, #818, #2273, #1880, #1227, #1020, #833, #1644, #626, #1453, #2284, #416, #1253, #2049, #1675, #614, #181, #2075, #1850, #1059, #2243, #430, #2036, #2672, #2473, #213, #2501, #1465, #2297, #859, #2512 ),
 .UNSPECIFIED., .F., .F.,
 ( 4, 2, 2, 2, 2, 2, 2, 2, 2, 2, 2, 2, 2, 2, 2, 4 ),
 ( 3.469446951953614189E-18, 0.0006912712674340054176, 0.001382542534868007366, 0.002073813802302009422, 0.002765085069736011262, 0.003456356337170013535, 0.004147627604604015375, 0.005530170139471993034, 0.006221441406905986633, 0.006912712674339980233, 0.007603983941773973833, 0.008295255209207966565, 0.008986526476641960165, 0.009677797744075953765, 0.01036906901150994736, 0.01106034027894393923 ),
 .UNSPECIFIED. ) ;
#572 = CARTESIAN_POINT ( 'NONE',  ( 2.072795635499913747, 1.124999999999999778, -1.571716280520117470 ) ) ;
#573 = CARTESIAN_POINT ( 'NONE',  ( 2.161368730943263650, 1.124999999999999778, -1.466158975818316890 ) ) ;
#574 = ADVANCED_FACE ( 'NONE', ( #128 ), #554, .F. ) ;
#575 = ORIENTED_EDGE ( 'NONE', *, *, #458, .F. ) ;
#576 = CARTESIAN_POINT ( 'NONE',  ( 0.8365855702675267791, 0.3909286673515073307, 4.401994627235863433 ) ) ;
#577 = CARTESIAN_POINT ( 'NONE',  ( 2.419471225136238690, 1.041288547341400195, 3.512815963916277262 ) ) ;
#578 = PERSON_AND_ORGANIZATION ( #1355, #1302 ) ;
#579 = ADVANCED_FACE ( 'NONE', ( #347 ), #1186, .F. ) ;
#580 = EDGE_LOOP ( 'NONE', ( #2290, #1720 ) ) ;
#581 = CARTESIAN_POINT ( 'NONE',  ( 1.842982302564220465, 0.5250000000000000222, -1.378879997614153696 ) ) ;
#582 = CARTESIAN_POINT ( 'NONE',  ( 2.513260030694047575, 1.228450838024269132, 3.331551131386685682 ) ) ;
#583 = EDGE_CURVE ( 'NONE', #2246, #1933, #138, .T. ) ;
#584 = DIRECTION ( 'NONE',  ( 0.000000000000000000, 0.000000000000000000, 1.000000000000000000 ) ) ;
#585 = LINE ( 'NONE', #1032, #2569 ) ;
#586 = CARTESIAN_POINT ( 'NONE',  ( 0.9377952749999995952, 1.124999999999999778, 4.299999999999999822 ) ) ;
#587 = FACE_BOUND ( 'NONE', #2282, .T. ) ;
#588 = EDGE_LOOP ( 'NONE', ( #264, #2423 ) ) ;
#589 = CARTESIAN_POINT ( 'NONE',  ( 0.6691548289125130999, 0.4808698583333567700, 4.422518990043300846 ) ) ;
#590 = DIRECTION ( 'NONE',  ( 2.185478394931410575E-16, 0.000000000000000000, 1.000000000000000000 ) ) ;
#591 = VERTEX_POINT ( 'NONE', #1601 ) ;
#592 = CARTESIAN_POINT ( 'NONE',  ( 0.000000000000000000, 0.000000000000000000, 3.999999999999999556 ) ) ;
#593 = LINE ( 'NONE', #605, #914 ) ;
#594 = VERTEX_POINT ( 'NONE', #1740 ) ;
#595 = LINE ( 'NONE', #2256, #2431 ) ;
#596 = CYLINDRICAL_SURFACE ( 'NONE', #41, 0.1377952749999998561 ) ;
#597 = CARTESIAN_POINT ( 'NONE',  ( 2.558036390241281488, 1.124999999999999778, 3.307220698930959824 ) ) ;
#598 = FACE_BOUND ( 'NONE', #2327, .T. ) ;
#599 = EDGE_LOOP ( 'NONE', ( #2639, #1065 ) ) ;
#600 = FACE_OUTER_BOUND ( 'NONE', #932, .T. ) ;
#601 = CARTESIAN_POINT ( 'NONE',  ( 4.250000000000000000, 1.649999999999999911, -0.5000000000000005551 ) ) ;
#602 = AXIS2_PLACEMENT_3D ( 'NONE', #2509, #2130, #870 ) ;
#603 = ORIENTED_EDGE ( 'NONE', *, *, #533, .F. ) ;
#604 = DIRECTION ( 'NONE',  ( 1.000000000000000000, 0.000000000000000000, 0.000000000000000000 ) ) ;
#605 = CARTESIAN_POINT ( 'NONE',  ( -2.070214461945101725, 0.5250000000000000222, 1.989482044131406724 ) ) ;
#606 = VECTOR ( 'NONE', #2135, 39.37007874015748143 ) ;
#607 = AXIS2_PLACEMENT_3D ( 'NONE', #1272, #271, #2544 ) ;
#608 = EDGE_LOOP ( 'NONE', ( #1018, #2487 ) ) ;
#609 = CIRCLE ( 'NONE', #1698, 0.1377952750000001336 ) ;
#610 = AXIS2_PLACEMENT_3D ( 'NONE', #2247, #2236, #378 ) ;
#611 = CARTESIAN_POINT ( 'NONE',  ( 1.063058220457951508, 0.5427536152942784575, 4.433779788341334793 ) ) ;
#612 = VECTOR ( 'NONE', #778, 39.37007874015748854 ) ;
#613 = CIRCLE ( 'NONE', #1179, 0.06496062999999997756 ) ;
#614 = CARTESIAN_POINT ( 'NONE',  ( 2.680836166904732920, 0.3881078597300990918, 3.094311153726692520 ) ) ;
#615 = CARTESIAN_POINT ( 'NONE',  ( 1.155275202279112623, 0.3943487336652197750, 4.402855209875626841 ) ) ;
#616 = EDGE_CURVE ( 'NONE', #1471, #958, #308, .T. ) ;
#617 = CARTESIAN_POINT ( 'NONE',  ( 2.253135144961115000, 1.041288547341400195, -1.579679220819630414 ) ) ;
#618 = EDGE_CURVE ( 'NONE', #2153, #958, #585, .T. ) ;
#619 = EDGE_LOOP ( 'NONE', ( #2235, #2491 ) ) ;
#620 = CARTESIAN_POINT ( 'NONE',  ( 0.7552752022791118236, 0.3943487336652195530, 4.402855209875623288 ) ) ;
#621 = CARTESIAN_POINT ( 'NONE',  ( 2.462806313518886903, 0.9942818688304281283, 3.463698757612424739 ) ) ;
#622 = ORIENTED_EDGE ( 'NONE', *, *, #637, .F. ) ;
#623 = CARTESIAN_POINT ( 'NONE',  ( 2.226008341334593243, 1.215566873910197021, -1.564205394449377007 ) ) ;
#624 = CARTESIAN_POINT ( 'NONE',  ( 2.398239729035989587, 1.215566873910196577, 3.489913423645081281 ) ) ;
#625 = DIRECTION ( 'NONE',  ( 0.8000000000000002665, 0.000000000000000000, 0.5999999999999996447 ) ) ;
#626 = CARTESIAN_POINT ( 'NONE',  ( 2.753317787768157832, 0.4216152602188836251, 3.011500281657367495 ) ) ;
#627 = CARTESIAN_POINT ( 'NONE',  ( 0.2950953494824060108, 0.8249999999999999556, 3.450985478348350011 ) ) ;
#628 = VERTEX_POINT ( 'NONE', #402 ) ;
#629 = CARTESIAN_POINT ( 'NONE',  ( 0.7350393699999995256, 0.5249999999999999112, 4.000000000000000000 ) ) ;
#630 = ORIENTED_EDGE ( 'NONE', *, *, #908, .T. ) ;
#631 = CARTESIAN_POINT ( 'NONE',  ( 1.199999999999999956, 1.124999999999999778, 4.299999999999999822 ) ) ;
#632 = LINE ( 'NONE', #2030, #1909 ) ;
#633 = CARTESIAN_POINT ( 'NONE',  ( 2.456962595027814000, 1.262807006203082505, 3.392414010422879489 ) ) ;
#634 = ORIENTED_EDGE ( 'NONE', *, *, #91, .F. ) ;
#635 = CARTESIAN_POINT ( 'NONE',  ( 2.610750000000001680, 0.5250000000000000222, 3.018999999999999684 ) ) ;
#636 = LINE ( 'NONE', #1838, #2525 ) ;
#637 = EDGE_CURVE ( 'NONE', #220, #1841, #636, .T. ) ;
#638 = CARTESIAN_POINT ( 'NONE',  ( 2.175353163227585540, 0.9880921810708822584, -1.681377018697394643 ) ) ;
#639 = VERTEX_POINT ( 'NONE', #167 ) ;
#640 = FACE_BOUND ( 'NONE', #1259, .T. ) ;
#641 = CARTESIAN_POINT ( 'NONE',  ( 2.610750000000001680, 1.124999999999999778, 3.018999999999999684 ) ) ;
#642 = VERTEX_POINT ( 'NONE', #1411 ) ;
#643 = LINE ( 'NONE', #231, #1828 ) ;
#644 = CARTESIAN_POINT ( 'NONE',  ( 2.092063731539702598, 1.215724583304246709, -1.723778177918790622 ) ) ;
#645 = DIRECTION ( 'NONE',  ( 1.000000000000000000, 0.000000000000000000, -0.000000000000000000 ) ) ;
#646 = EDGE_CURVE ( 'NONE', #2361, #1325, #389, .T. ) ;
#647 = EDGE_CURVE ( 'NONE', #399, #1311, #613, .T. ) ;
#648 = VECTOR ( 'NONE', #1979, 39.37007874015748143 ) ;
#649 = DIRECTION ( 'NONE',  ( 0.000000000000000000, 0.000000000000000000, -1.000000000000000000 ) ) ;
#650 = CIRCLE ( 'NONE', #2215, 0.1377952749999999393 ) ;
#651 = CARTESIAN_POINT ( 'NONE',  ( 2.648532373565243514, 1.064294410211906294, 3.202373905870987691 ) ) ;
#652 = AXIS2_PLACEMENT_3D ( 'NONE', #2205, #300, #1552 ) ;
#653 = AXIS2_PLACEMENT_3D ( 'NONE', #1213, #1255, #1881 ) ;
#654 = ORIENTED_EDGE ( 'NONE', *, *, #2226, .F. ) ;
#655 = PLANE ( 'NONE',  #2126 ) ;
#656 = EDGE_CURVE ( 'NONE', #2045, #639, #2063, .T. ) ;
#657 = DIRECTION ( 'NONE',  ( -0.5999999999999994227, 0.000000000000000000, 0.8000000000000004885 ) ) ;
#658 = VERTEX_POINT ( 'NONE', #845 ) ;
#659 = DIRECTION ( 'NONE',  ( 0.5999999999999994227, 0.000000000000000000, -0.8000000000000004885 ) ) ;
#660 = CARTESIAN_POINT ( 'NONE',  ( 2.082503005337330126, 1.143017518378447894, -1.758584377455586711 ) ) ;
#661 = DIRECTION ( 'NONE',  ( 0.5999999999999987566, 0.000000000000000000, -0.8000000000000009326 ) ) ;
#662 = ORIENTED_EDGE ( 'NONE', *, *, #2541, .F. ) ;
#663 = CYLINDRICAL_SURFACE ( 'NONE', #339, 1.750000000000000222 ) ;
#664 = CARTESIAN_POINT ( 'NONE',  ( 2.630065297579353700, 1.160510370552979564, 3.200292822650711244 ) ) ;
#665 = PRODUCT_RELATED_PRODUCT_CATEGORY ( 'detail', '', ( #1022 ) ) ;
#666 = EDGE_CURVE ( 'NONE', #292, #1311, #1892, .T. ) ;
#667 = DIRECTION ( 'NONE',  ( 1.000000000000000000, 0.000000000000000000, 0.000000000000000000 ) ) ;
#668 = EDGE_LOOP ( 'NONE', ( #1531, #836, #1056, #1246 ) ) ;
#669 = APPLICATION_CONTEXT ( 'configuration controlled 3d designs of mechanical parts and assemblies' ) ;
#670 = FACE_OUTER_BOUND ( 'NONE', #926, .T. ) ;
#671 = CARTESIAN_POINT ( 'NONE',  ( 0.7640436549444528103, 0.6583273434689143055, 4.448713320102145374 ) ) ;
#672 = CALENDAR_DATE ( 2026, 27, 4 ) ;
#673 = ORIENTED_EDGE ( 'NONE', *, *, #1976, .T. ) ;
#674 = CARTESIAN_POINT ( 'NONE',  ( 4.250000000000000000, 1.649999999999999911, -0.5000000000000005551 ) ) ;
#675 = CARTESIAN_POINT ( 'NONE',  ( 2.097914508983806048, 1.228450838024269132, -1.712192743626705260 ) ) ;
#676 = CARTESIAN_POINT ( 'NONE',  ( 4.531443936573131381, 0.5264988551497090663, 2.781443936573131381 ) ) ;
#677 = ORIENTED_EDGE ( 'NONE', *, *, #1422, .T. ) ;
#678 = CARTESIAN_POINT ( 'NONE',  ( 1.765721968286566801, 0.5264988551497093994, 4.531443936573129605 ) ) ;
#679 = CARTESIAN_POINT ( 'NONE',  ( 2.630261062884464263, 1.169152597449807596, 3.197175644433247310 ) ) ;
#680 = FACE_OUTER_BOUND ( 'NONE', #1356, .T. ) ;
#681 = CARTESIAN_POINT ( 'NONE',  ( 2.084391684675392931, 1.124999999999999778, -1.761325477526922922 ) ) ;
#682 = ORIENTED_EDGE ( 'NONE', *, *, #735, .F. ) ;
#683 = CYLINDRICAL_SURFACE ( 'NONE', #875, 0.1377952749999998006 ) ;
#684 = CARTESIAN_POINT ( 'NONE',  ( 0.8649606299999997860, 1.124999999999999778, 4.000000000000000000 ) ) ;
#685 = DATE_TIME_ROLE ( 'classification_date' ) ;
#686 = ORIENTED_EDGE ( 'NONE', *, *, #618, .T. ) ;
#687 = CYLINDRICAL_SURFACE ( 'NONE', #1389, 0.1377952749999999393 ) ;
#688 = CARTESIAN_POINT ( 'NONE',  ( 2.198532781187014784, 1.244251884290352050, -1.586328612578357555 ) ) ;
#689 = FACE_OUTER_BOUND ( 'NONE', #2469, .T. ) ;
#690 = PRODUCT_DEFINITION_FORMATION_WITH_SPECIFIED_SOURCE ( 'ANY', '', #1022, .NOT_KNOWN. ) ;
#691 = VERTEX_POINT ( 'NONE', #1425 ) ;
#692 = DIRECTION ( 'NONE',  ( -1.000000000000000000, 0.000000000000000000, 0.000000000000000000 ) ) ;
#693 = CARTESIAN_POINT ( 'NONE',  ( 1.080241900237866037, 0.4562587383857417134, 4.417394894640663594 ) ) ;
#694 = ADVANCED_FACE ( 'NONE', ( #1863 ), #194, .F. ) ;
#695 = AXIS2_PLACEMENT_3D ( 'NONE', #398, #1236, #1054 ) ;
#696 = CARTESIAN_POINT ( 'NONE',  ( 2.770238113499660759, 1.005594779920926163, 3.051901954990313026 ) ) ;
#697 = ADVANCED_FACE ( 'NONE', ( #1631 ), #596, .F. ) ;
#698 = AXIS2_PLACEMENT_3D ( 'NONE', #1942, #904, #2538 ) ;
#699 = CIRCLE ( 'NONE', #2607, 0.06496062999999985266 ) ;
#700 = ORIENTED_EDGE ( 'NONE', *, *, #2059, .F. ) ;
#701 = EDGE_CURVE ( 'NONE', #1572, #1002, #571, .T. ) ;
#702 = CARTESIAN_POINT ( 'NONE',  ( 1.337795274999999950, 1.124999999999999556, 4.430761531551600463 ) ) ;
#703 = CIRCLE ( 'NONE', #214, 0.06496063000000050491 ) ;
#704 = AXIS2_PLACEMENT_3D ( 'NONE', #203, #840, #1898 ) ;
#705 = CARTESIAN_POINT ( 'NONE',  ( 0.9040128209627003031, 0.6158298950497667068, 4.444133884201939999 ) ) ;
#706 = ADVANCED_FACE ( 'NONE', ( #1945 ), #1494, .F. ) ;
#707 = AXIS2_PLACEMENT_3D ( 'NONE', #127, #2432, #137 ) ;
#708 = EDGE_LOOP ( 'NONE', ( #2630, #1666 ) ) ;
#709 = CARTESIAN_POINT ( 'NONE',  ( 2.209828941073254338, 0.6583273434689146386, -1.639763201752455490 ) ) ;
#710 = CARTESIAN_POINT ( 'NONE',  ( 2.101262254669688634, 0.4158888454759189224, -1.706094174772434302 ) ) ;
#711 = DIRECTION ( 'NONE',  ( -0.6427876096865442479, 0.000000000000000000, -0.7660444431189739056 ) ) ;
#712 = CARTESIAN_POINT ( 'NONE',  ( 1.884738190645652178, 0.5250000000000000222, -1.329117267981146266 ) ) ;
#713 = ORIENTED_EDGE ( 'NONE', *, *, #2572, .F. ) ;
#714 = CARTESIAN_POINT ( 'NONE',  ( 1.075943209534246270, 1.185637184839437808, 4.419125340518489153 ) ) ;
#715 = CARTESIAN_POINT ( 'NONE',  ( 2.649726377999999993, 0.5250000000000000222, 2.967031495999998381 ) ) ;
#716 = CARTESIAN_POINT ( 'NONE',  ( 2.795698161959444761, 1.056349260716304528, 3.007943255008811878 ) ) ;
#717 = VERTEX_POINT ( 'NONE', #876 ) ;
#718 = CARTESIAN_POINT ( 'NONE',  ( 2.072795635499913747, 0.5250000000000000222, -1.571716280520117248 ) ) ;
#719 = ORIENTED_EDGE ( 'NONE', *, *, #2697, .F. ) ;
#720 = CARTESIAN_POINT ( 'NONE',  ( 0.6759702994423542055, 1.064294410211906294, 4.440250242374786716 ) ) ;
#721 = CARTESIAN_POINT ( 'NONE',  ( 2.440836166904733151, 0.3881078597300988697, 3.414311153726692361 ) ) ;
#722 = ORIENTED_EDGE ( 'NONE', *, *, #2285, .T. ) ;
#723 = CARTESIAN_POINT ( 'NONE',  ( 2.639918421118469638, 0.5603835598263116058, 3.207723202675714536 ) ) ;
#724 = CARTESIAN_POINT ( 'NONE',  ( 0.6759432095342461366, 1.185637184839438252, 4.419125340518490042 ) ) ;
#725 = FACE_OUTER_BOUND ( 'NONE', #51, .T. ) ;
#726 = DIRECTION ( 'NONE',  ( 1.000000000000000000, 0.000000000000000000, 0.000000000000000000 ) ) ;
#727 = ORIENTED_EDGE ( 'NONE', *, *, #1170, .T. ) ;
#728 = CARTESIAN_POINT ( 'NONE',  ( 2.538284437014308725, 0.6344522491377240225, 3.359404297031535869 ) ) ;
#729 = CYLINDRICAL_SURFACE ( 'NONE', #1469, 0.1377952749999999393 ) ;
#730 = ORIENTED_EDGE ( 'NONE', *, *, #2082, .F. ) ;
#731 = CARTESIAN_POINT ( 'NONE',  ( 1.269424650439660684, 1.244370240193596322, 4.405683605940486913 ) ) ;
#732 = EDGE_CURVE ( 'NONE', #1439, #2227, #1877, .T. ) ;
#733 = CARTESIAN_POINT ( 'NONE',  ( 0.7906478015375908441, 1.262783314055509365, 4.401024603964647675 ) ) ;
#734 = SECURITY_CLASSIFICATION ( '', '', #2560 ) ;
#735 = EDGE_CURVE ( 'NONE', #269, #1334, #1321, .T. ) ;
#736 = ORIENTED_EDGE ( 'NONE', *, *, #618, .F. ) ;
#737 = DIRECTION ( 'NONE',  ( -1.000000000000000000, 0.000000000000000000, 0.000000000000000000 ) ) ;
#738 = CARTESIAN_POINT ( 'NONE',  ( 1.069127905725472116, 1.080942875807213710, 4.437870602881040405 ) ) ;
#739 = DIRECTION ( 'NONE',  ( 0.8000000000000002665, 0.000000000000000000, 0.5999999999999995337 ) ) ;
#740 = VECTOR ( 'NONE', #1370, 39.37007874015748143 ) ;
#741 = VECTOR ( 'NONE', #2492, 39.37007874015748854 ) ;
#742 = ORIENTED_EDGE ( 'NONE', *, *, #2056, .T. ) ;
#743 = CARTESIAN_POINT ( 'NONE',  ( 2.560650887109856555, 0.5609879165796023415, 3.313663176697760893 ) ) ;
#744 = DIRECTION ( 'NONE',  ( -0.8000000000000003775, 0.000000000000000000, -0.5999999999999997558 ) ) ;
#745 = VECTOR ( 'NONE', #2404, 39.37007874015748143 ) ;
#746 = VECTOR ( 'NONE', #110, 39.37007874015748143 ) ;
#747 = DIRECTION ( 'NONE',  ( 0.000000000000000000, 0.000000000000000000, -1.000000000000000000 ) ) ;
#748 = EDGE_LOOP ( 'NONE', ( #1503, #2462 ) ) ;
#749 = VECTOR ( 'NONE', #1719, 39.37007874015748143 ) ;
#750 = CARTESIAN_POINT ( 'NONE',  ( 2.702655119955521545, 0.6556345089401386383, 3.143886826097538556 ) ) ;
#751 = CARTESIAN_POINT ( 'NONE',  ( 0.8181134721371405849, 1.261899994729827501, 4.401253580299733237 ) ) ;
#752 = DIRECTION ( 'NONE',  ( 0.000000000000000000, 0.000000000000000000, -1.000000000000000000 ) ) ;
#753 = DIRECTION ( 'NONE',  ( 0.8000000000000003775, 0.000000000000000000, 0.5999999999999996447 ) ) ;
#754 = CARTESIAN_POINT ( 'NONE',  ( 0.7999999999999997113, 0.5249999999999999112, -1.825629139790877042 ) ) ;
#755 = ORIENTED_EDGE ( 'NONE', *, *, #2022, .T. ) ;
#756 = CARTESIAN_POINT ( 'NONE',  ( 2.258503631181933535, 0.5069656867920807608, -1.548829644828905616 ) ) ;
#757 = FACE_OUTER_BOUND ( 'NONE', #668, .T. ) ;
#758 = CARTESIAN_POINT ( 'NONE',  ( 2.169726378000000455, 1.124999999999999778, 3.107031495999998061 ) ) ;
#759 = ORIENTED_EDGE ( 'NONE', *, *, #2341, .F. ) ;
#760 = ADVANCED_FACE ( 'NONE', ( #2119 ), #1932, .F. ) ;
#761 = CARTESIAN_POINT ( 'NONE',  ( 1.130371416449202471, 1.244251884290351162, 4.405712867742906269 ) ) ;
#762 = CARTESIAN_POINT ( 'NONE',  ( 0.7549956523909122641, 1.255553573049138505, 4.402880026400747937 ) ) ;
#763 = DIRECTION ( 'NONE',  ( 0.000000000000000000, 0.000000000000000000, -1.000000000000000000 ) ) ;
#764 = CARTESIAN_POINT ( 'NONE',  ( 2.163761599551058179, 0.6583904615623923373, -1.694673487368321796 ) ) ;
#765 = CARTESIAN_POINT ( 'NONE',  ( 1.337795274999999506, 0.5249999999999999112, 4.299999999999999822 ) ) ;
#766 = EDGE_CURVE ( 'NONE', #843, #2184, #1751, .T. ) ;
#767 = ORIENTED_EDGE ( 'NONE', *, *, #1782, .T. ) ;
#768 = CARTESIAN_POINT ( 'NONE',  ( 2.370750000000001911, 1.124999999999999778, 3.338999999999999524 ) ) ;
#769 = CARTESIAN_POINT ( 'NONE',  ( 2.542068154093111598, 1.021466377480907628, 3.353269447915112611 ) ) ;
#770 = CYLINDRICAL_SURFACE ( 'NONE', #1166, 0.06496063000000011634 ) ;
#771 = ORIENTED_EDGE ( 'NONE', *, *, #2341, .T. ) ;
#772 = CARTESIAN_POINT ( 'NONE',  ( 2.788464799939172512, 0.6158298950497667068, 3.022270073751001984 ) ) ;
#773 = LINE ( 'NONE', #1598, #648 ) ;
#774 = EDGE_CURVE ( 'NONE', #2323, #1527, #1085, .T. ) ;
#775 = PLANE ( 'NONE',  #384 ) ;
#776 = CARTESIAN_POINT ( 'NONE',  ( 2.258100661100375550, 0.5935590482308419347, -1.570721713469404701 ) ) ;
#777 = ADVANCED_FACE ( 'NONE', ( #680 ), #267, .F. ) ;
#778 = DIRECTION ( 'NONE',  ( 0.8000000000000002665, 0.000000000000000000, 0.5999999999999995337 ) ) ;
#779 = CIRCLE ( 'NONE', #2343, 0.1377952749999999393 ) ;
#780 = ORIENTED_EDGE ( 'NONE', *, *, #1493, .F. ) ;
#781 = DIRECTION ( 'NONE',  ( 0.000000000000000000, 0.000000000000000000, 1.000000000000000000 ) ) ;
#782 = FACE_OUTER_BOUND ( 'NONE', #2340, .T. ) ;
#783 = APPROVAL ( #1724, 'UNSPECIFIED' ) ;
#784 = EDGE_CURVE ( 'NONE', #1334, #2103, #1685, .T. ) ;
#785 = ORIENTED_EDGE ( 'NONE', *, *, #1752, .T. ) ;
#786 = CYLINDRICAL_SURFACE ( 'NONE', #29, 0.06496062999999989429 ) ;
#787 = CIRCLE ( 'NONE', #2352, 0.06496063000000029675 ) ;
#788 = CARTESIAN_POINT ( 'NONE',  ( 2.392781310329610278, 1.193589332254316737, 3.505338232428522716 ) ) ;
#789 = AXIS2_PLACEMENT_3D ( 'NONE', #1927, #1076, #2113 ) ;
#790 = CARTESIAN_POINT ( 'NONE',  ( 1.066522490530509071, 0.5603835598263114948, 4.436568658500203988 ) ) ;
#791 = DIRECTION ( 'NONE',  ( 0.000000000000000000, 0.000000000000000000, 1.000000000000000000 ) ) ;
#792 = CARTESIAN_POINT ( 'NONE',  ( 4.250000000000000000, 1.649999999999999911, 2.500000000000000000 ) ) ;
#793 = CARTESIAN_POINT ( 'NONE',  ( 1.309939580058604003, 0.4414486123587314514, 4.414135468167571297 ) ) ;
#794 = ORIENTED_EDGE ( 'NONE', *, *, #732, .F. ) ;
#795 = CARTESIAN_POINT ( 'NONE',  ( 0.9377952749999995952, 0.5249999999999998002, 4.430761531551600463 ) ) ;
#796 = CARTESIAN_POINT ( 'NONE',  ( -2.111970350026533438, 0.5250000000000000222, 1.939719314498399072 ) ) ;
#797 =( NAMED_UNIT ( * ) PLANE_ANGLE_UNIT ( ) SI_UNIT ( $, .RADIAN. ) );
#798 = VERTEX_POINT ( 'NONE', #2150 ) ;
#799 = DIRECTION ( 'NONE',  ( -0.8000000000000003775, 0.000000000000000000, -0.5999999999999997558 ) ) ;
#800 = DIRECTION ( 'NONE',  ( -0.6000000000000013101, 0.000000000000000000, 0.7999999999999990452 ) ) ;
#801 = ORIENTED_EDGE ( 'NONE', *, *, #2179, .F. ) ;
#802 = ORIENTED_EDGE ( 'NONE', *, *, #774, .F. ) ;
#803 = CARTESIAN_POINT ( 'NONE',  ( 1.284197224583355501, 0.6344522491377232454, 4.446270127830367791 ) ) ;
#804 = DIRECTION ( 'NONE',  ( 0.5999999999999994227, 0.000000000000000000, -0.8000000000000004885 ) ) ;
#805 = DIRECTION ( 'NONE',  ( 0.5999999999999987566, 0.000000000000000000, -0.8000000000000010436 ) ) ;
#806 = DIRECTION ( 'NONE',  ( 0.6427876096865443589, -0.000000000000000000, 0.7660444431189737946 ) ) ;
#807 = ORIENTED_EDGE ( 'NONE', *, *, #851, .F. ) ;
#808 = CARTESIAN_POINT ( 'NONE',  ( 1.500000000000000888, 1.649999999999999911, 3.999999999999999556 ) ) ;
#809 = CARTESIAN_POINT ( 'NONE',  ( 1.842982302564220021, 1.124999999999999778, -1.378879997614153474 ) ) ;
#810 = CARTESIAN_POINT ( 'NONE',  ( 2.390067433431232402, 0.4894054914821260316, 3.520262122268150051 ) ) ;
#811 = ORIENTED_EDGE ( 'NONE', *, *, #982, .F. ) ;
#812 = CARTESIAN_POINT ( 'NONE',  ( 0.7999999999999997113, 0.5249999999999999112, 4.000000000000000000 ) ) ;
#813 = CARTESIAN_POINT ( 'NONE',  ( 2.392682060241281938, 1.124999999999999778, 3.527693138930959371 ) ) ;
#814 = ORIENTED_EDGE ( 'NONE', *, *, #2212, .T. ) ;
#815 = ADVANCED_FACE ( 'NONE', ( #919 ), #99, .F. ) ;
#816 = CARTESIAN_POINT ( 'NONE',  ( 1.309699664688956489, 0.6088763034043425115, 4.443287304334559096 ) ) ;
#817 = ADVANCED_FACE ( 'NONE', ( #725 ), #1550, .T. ) ;
#818 = CARTESIAN_POINT ( 'NONE',  ( 2.794944124092783699, 0.5070282871539264491, 2.986009080033300567 ) ) ;
#819 = CARTESIAN_POINT ( 'NONE',  ( 1.191018412414861949, 0.3871983834719870399, 4.401019874885278682 ) ) ;
#820 = CC_DESIGN_APPROVAL ( #471, ( #956 ) ) ;
#821 = ORIENTED_EDGE ( 'NONE', *, *, #1268, .F. ) ;
#822 = CARTESIAN_POINT ( 'NONE',  ( 0.7385103267861266030, 0.4013509764935155322, 4.404617665772131652 ) ) ;
#823 = CARTESIAN_POINT ( 'NONE',  ( 2.528072835000001906, 0.5250000000000000222, 3.129236219999999680 ) ) ;
#824 = LINE ( 'NONE', #987, #2642 ) ;
#825 = EDGE_LOOP ( 'NONE', ( #2085, #218, #102, #1512 ) ) ;
#826 = CARTESIAN_POINT ( 'NONE',  ( 2.239789944834829072, 1.193589332254316959, -1.555385730864965899 ) ) ;
#827 = CARTESIAN_POINT ( 'NONE',  ( 1.500000000000000888, 0.000000000000000000, 3.999999999999999556 ) ) ;
#828 = ORIENTED_EDGE ( 'NONE', *, *, #443, .F. ) ;
#829 = CIRCLE ( 'NONE', #957, 0.06496063000000011634 ) ;
#830 = CIRCLE ( 'NONE', #1566, 0.1377952749999999393 ) ;
#831 = CARTESIAN_POINT ( 'NONE',  ( 1.334209990907704091, 0.5609879165796016753, 4.436718615706539914 ) ) ;
#832 = AXIS2_PLACEMENT_3D ( 'NONE', #1345, #2177, #1563 ) ;
#833 = CARTESIAN_POINT ( 'NONE',  ( 2.768022122569221644, 0.4414486123587315625, 2.999529616853659153 ) ) ;
#834 = CARTESIAN_POINT ( 'NONE',  ( 0.000000000000000000, 1.649999999999999911, 3.999999999999999556 ) ) ;
#835 = CARTESIAN_POINT ( 'NONE',  ( 2.263202721862188849, 1.089495682314153280, -1.557289477951748990 ) ) ;
#836 = ORIENTED_EDGE ( 'NONE', *, *, #234, .T. ) ;
#837 = CARTESIAN_POINT ( 'NONE',  ( 0.8180300824702569917, 0.6619078905581489147, 4.449052163808579152 ) ) ;
#838 = APPLICATION_PROTOCOL_DEFINITION ( 'international standard', 'config_control_design', 1994, #669 ) ;
#839 = EDGE_LOOP ( 'NONE', ( #2668, #522, #381, #1414 ) ) ;
#840 = DIRECTION ( 'NONE',  ( 0.7660444431189737946, 0.000000000000000000, -0.6427876096865443589 ) ) ;
#841 = CARTESIAN_POINT ( 'NONE',  ( 1.135039369999999881, 0.5249999999999999112, 4.000000000000000000 ) ) ;
#842 = CYLINDRICAL_SURFACE ( 'NONE', #1258, 0.06496062999999985266 ) ;
#843 = VERTEX_POINT ( 'NONE', #2633 ) ;
#844 = CARTESIAN_POINT ( 'NONE',  ( 0.9377952749999995952, 0.5249999999999999112, 4.299999999999999822 ) ) ;
#845 = CARTESIAN_POINT ( 'NONE',  ( 2.937500000000000000, 1.649999999999999911, 2.499999999999999112 ) ) ;
#846 = CARTESIAN_POINT ( 'NONE',  ( 2.157807510301607223, 0.9943354449055701316, -1.701364385552959435 ) ) ;
#847 = ORIENTED_EDGE ( 'NONE', *, *, #931, .T. ) ;
#848 = EDGE_CURVE ( 'NONE', #2389, #2061, #301, .T. ) ;
#849 = LINE ( 'NONE', #2318, #741 ) ;
#850 = PERSON_AND_ORGANIZATION ( #1355, #1302 ) ;
#851 = EDGE_CURVE ( 'NONE', #1546, #496, #346, .T. ) ;
#852 = ORIENTED_EDGE ( 'NONE', *, *, #616, .T. ) ;
#853 = FACE_BOUND ( 'NONE', #1904, .T. ) ;
#854 = CARTESIAN_POINT ( 'NONE',  ( 0.7641009568138704688, 0.9916553136748753605, 4.448714979182675222 ) ) ;
#855 = CARTESIAN_POINT ( 'NONE',  ( 1.199999999999999956, 1.124999999999999778, 4.299999999999999822 ) ) ;
#856 = ORIENTED_EDGE ( 'NONE', *, *, #616, .F. ) ;
#857 = LINE ( 'NONE', #1919, #2514 ) ;
#858 = ADVANCED_FACE ( 'NONE', ( #1185 ), #2006, .F. ) ;
#859 = CARTESIAN_POINT ( 'NONE',  ( 2.631435769960225546, 0.5160469935326917890, 3.206758421220166966 ) ) ;
#860 = ADVANCED_FACE ( 'NONE', ( #2405 ), #553, .F. ) ;
#861 = VERTEX_POINT ( 'NONE', #1787 ) ;
#862 = CARTESIAN_POINT ( 'NONE',  ( 1.264960629999999808, 1.124999999999999778, -1.825629139790877042 ) ) ;
#863 = DIRECTION ( 'NONE',  ( 0.6427876096865449140, 0.000000000000000000, 0.7660444431189734615 ) ) ;
#864 = LOCAL_TIME ( 20, 48, 54.00000000000000000, #2677 ) ;
#865 = PERSON_AND_ORGANIZATION_ROLE ( 'creator' ) ;
#866 = ORIENTED_EDGE ( 'NONE', *, *, #443, .T. ) ;
#867 = CARTESIAN_POINT ( 'NONE',  ( 2.610750000000000348, 0.5250000000000000222, 3.018999999999999240 ) ) ;
#868 = CARTESIAN_POINT ( 'NONE',  ( 0.6901799639487199434, 1.041288547341399973, 4.443266558458756954 ) ) ;
#869 = EDGE_CURVE ( 'NONE', #1118, #2184, #570, .T. ) ;
#870 = DIRECTION ( 'NONE',  ( -1.000000000000000000, 0.000000000000000000, 0.000000000000000000 ) ) ;
#871 = FACE_OUTER_BOUND ( 'NONE', #528, .T. ) ;
#872 = ORIENTED_EDGE ( 'NONE', *, *, #2575, .T. ) ;
#873 = DIRECTION ( 'NONE',  ( 0.8000000000000002665, 0.000000000000000000, 0.5999999999999995337 ) ) ;
#874 = CARTESIAN_POINT ( 'NONE',  ( 0.6901157527289897287, 1.208632545117943824, 4.414117532089901985 ) ) ;
#875 = AXIS2_PLACEMENT_3D ( 'NONE', #1295, #2095, #1736 ) ;
#876 = CARTESIAN_POINT ( 'NONE',  ( 1.984222540056563400, 0.5250000000000000222, -1.677273585221918495 ) ) ;
#877 = VECTOR ( 'NONE', #357, 39.37007874015748143 ) ;
#878 = AXIS2_PLACEMENT_3D ( 'NONE', #497, #753, #2008 ) ;
#879 =( BOUNDED_CURVE ( )  B_SPLINE_CURVE ( 3, ( #1319, #678, #1112, #56 ),
 .UNSPECIFIED., .F., .T. ) 
 B_SPLINE_CURVE_WITH_KNOTS ( ( 4, 4 ),
 ( 5.792275357831877081, 6.774095256527295383 ),
 .UNSPECIFIED. ) 
 CURVE ( )  GEOMETRIC_REPRESENTATION_ITEM ( )  RATIONAL_B_SPLINE_CURVE ( ( 1.000000000000000000, 0.9212694984400249254, 0.9212694984400249254, 1.000000000000000000 ) ) 
 REPRESENTATION_ITEM ( '' )  );
#880 = EDGE_LOOP ( 'NONE', ( #1693, #2436 ) ) ;
#881 = VERTEX_POINT ( 'NONE', #543 ) ;
#882 = DIRECTION ( 'NONE',  ( -0.8000000000000002665, 0.000000000000000000, -0.5999999999999996447 ) ) ;
#883 = CARTESIAN_POINT ( 'NONE',  ( -1.346575609099622817, 0.5250000000000000222, -0.03019499432471585074 ) ) ;
#884 = ORIENTED_EDGE ( 'NONE', *, *, #1663, .T. ) ;
#885 = CYLINDRICAL_SURFACE ( 'NONE', #1225, 0.1377952749999999393 ) ;
#886 = LINE ( 'NONE', #53, #1000 ) ;
#887 = PLANE ( 'NONE',  #1126 ) ;
#888 = VERTEX_POINT ( 'NONE', #359 ) ;
#889 = CARTESIAN_POINT ( 'NONE',  ( 2.331773621999999602, 0.5250000000000000222, 3.390968503999999051 ) ) ;
#890 = CARTESIAN_POINT ( 'NONE',  ( 2.798036390241281701, 1.124999999999999778, 2.987220698930960427 ) ) ;
#891 = CARTESIAN_POINT ( 'NONE',  ( 2.639953803690169742, 1.089495682314153280, 3.207706462579699824 ) ) ;
#892 = ORIENTED_EDGE ( 'NONE', *, *, #2102, .F. ) ;
#893 = ORIENTED_EDGE ( 'NONE', *, *, #906, .F. ) ;
#894 = DIRECTION ( 'NONE',  ( -0.5999999999999996447, 0.000000000000000000, 0.8000000000000002665 ) ) ;
#895 = DIRECTION ( 'NONE',  ( 0.000000000000000000, 0.000000000000000000, 1.000000000000000000 ) ) ;
#896 = DATE_AND_TIME ( #672, #1164 ) ;
#897 = ADVANCED_FACE ( 'NONE', ( #1981 ), #2395, .F. ) ;
#898 = EDGE_LOOP ( 'NONE', ( #1481, #31, #288, #1716 ) ) ;
#899 = CARTESIAN_POINT ( 'NONE',  ( 4.250000000000000000, 0.000000000000000000, -0.5000000000000005551 ) ) ;
#900 = CARTESIAN_POINT ( 'NONE',  ( 0.8613122325380073718, 1.001268069271876726, 4.447771153801171273 ) ) ;
#901 = FACE_OUTER_BOUND ( 'NONE', #2339, .T. ) ;
#902 = EDGE_LOOP ( 'NONE', ( #677, #2024, #2251, #682 ) ) ;
#903 = EDGE_CURVE ( 'NONE', #591, #92, #2202, .T. ) ;
#904 = DIRECTION ( 'NONE',  ( -0.000000000000000000, -0.000000000000000000, -1.000000000000000000 ) ) ;
#905 = CARTESIAN_POINT ( 'NONE',  ( 1.095768479728724820, 0.4344147542993329614, 4.412535950048718902 ) ) ;
#906 = EDGE_CURVE ( 'NONE', #422, #2510, #1344, .T. ) ;
#907 = CARTESIAN_POINT ( 'NONE',  ( 2.765754262563743904, 1.001268069271877170, 3.058612906250296248 ) ) ;
#908 = EDGE_CURVE ( 'NONE', #958, #1471, #2035, .T. ) ;
#909 = ORIENTED_EDGE ( 'NONE', *, *, #234, .F. ) ;
#910 = DIRECTION ( 'NONE',  ( -0.8000000000000003775, 0.000000000000000000, -0.5999999999999997558 ) ) ;
#911 = CARTESIAN_POINT ( 'NONE',  ( 2.571773622000000259, 1.124999999999999778, 3.070968503999999211 ) ) ;
#912 = ORIENTED_EDGE ( 'NONE', *, *, #1521, .F. ) ;
#913 = CARTESIAN_POINT ( 'NONE',  ( 4.000000000000000888, 0.000000000000000000, 2.249999999999999556 ) ) ;
#914 = VECTOR ( 'NONE', #1876, 39.37007874015748854 ) ;
#915 = DIRECTION ( 'NONE',  ( 0.6427876096865442479, 0.000000000000000000, 0.7660444431189739056 ) ) ;
#916 = DIRECTION ( 'NONE',  ( -1.000000000000000000, 0.000000000000000000, -0.000000000000000000 ) ) ;
#917 = CARTESIAN_POINT ( 'NONE',  ( 2.736951675016186858, 1.244370240193596544, 3.026870443212563266 ) ) ;
#918 = CIRCLE ( 'NONE', #1079, 0.1377952749999999393 ) ;
#919 = FACE_OUTER_BOUND ( 'NONE', #1585, .T. ) ;
#920 = CARTESIAN_POINT ( 'NONE',  ( 1.244671630622560476, 0.9943354449055702426, 4.448459069825415391 ) ) ;
#921 = CARTESIAN_POINT ( 'NONE',  ( 2.130750000000000366, 0.5250000000000000222, 3.158999999999998920 ) ) ;
#922 = EDGE_LOOP ( 'NONE', ( #2612, #1926 ) ) ;
#923 = CARTESIAN_POINT ( 'NONE',  ( 2.138452020581862900, 0.3872175099950286858, -1.650636762457821538 ) ) ;
#924 = CARTESIAN_POINT ( 'NONE',  ( 2.393920523105670384, 0.5338967764596401766, 3.528621986079249595 ) ) ;
#925 = CARTESIAN_POINT ( 'NONE',  ( 2.528022122569221874, 0.4414486123587313959, 3.319529616853658993 ) ) ;
#926 = EDGE_LOOP ( 'NONE', ( #1814, #1318 ) ) ;
#927 = DIRECTION ( 'NONE',  ( 0.000000000000000000, 0.000000000000000000, -1.000000000000000000 ) ) ;
#928 = CARTESIAN_POINT ( 'NONE',  ( 0.6630691184415457018, 1.142846830381547552, 4.427584243481564208 ) ) ;
#929 = CARTESIAN_POINT ( 'NONE',  ( 2.751302223496732591, 0.9916697364444428953, 3.079453056785222298 ) ) ;
#930 = DIRECTION ( 'NONE',  ( 0.000000000000000000, 0.000000000000000000, 1.000000000000000000 ) ) ;
#931 = EDGE_CURVE ( 'NONE', #2307, #96, #2169, .T. ) ;
#932 = EDGE_LOOP ( 'NONE', ( #2057, #2094, #1710, #2188, #335, #948, #351, #2543, #719, #1161, #131, #307, #662, #1766 ) ) ;
#933 = CARTESIAN_POINT ( 'NONE',  ( 2.230843284558416517, 0.4413693102295678794, -1.560897890064811611 ) ) ;
#934 = CARTESIAN_POINT ( 'NONE',  ( 2.479037497246109112, 0.6618789616382539931, 3.443032459065796136 ) ) ;
#935 = DIRECTION ( 'NONE',  ( -0.6427876096865445810, 0.000000000000000000, -0.7660444431189737946 ) ) ;
#936 = VERTEX_POINT ( 'NONE', #2608 ) ;
#937 = CARTESIAN_POINT ( 'NONE',  ( 2.778284437014308939, 0.6344522491377236895, 3.039404297031535584 ) ) ;
#938 = CARTESIAN_POINT ( 'NONE',  ( 0.8694246504396608843, 1.244370240193596322, 4.405683605940486913 ) ) ;
#939 = B_SPLINE_CURVE_WITH_KNOTS ( 'NONE', 3,
 ( #2635, #140, #2023, #183, #1826, #1602, #2647, #793, #1211, #2037, #1006, #1021, #1839, #2259, #2673, #819, #1646, #2474, #615, #1442, #1320, #1717, #2336, #905, #1519, #693, #2136, #1492, #1943, #1505, #2325, #1931 ),
 .UNSPECIFIED., .F., .F.,
 ( 4, 2, 2, 2, 2, 2, 2, 2, 2, 2, 2, 2, 2, 2, 2, 4 ),
 ( 1.734723475976807094E-18, 0.0006912712674339915398, 0.001382542534867981345, 0.002073813802301971258, 0.002765085069735960955, 0.003456356337169950652, 0.004147627604603940782, 0.005530170139471940992, 0.006221441406905940663, 0.006912712674339942069, 0.007603983941773942608, 0.008295255209207944014, 0.008986526476641944552, 0.009677797744075945091, 0.01036906901150994563, 0.01106034027894394617 ),
 .UNSPECIFIED. ) ;
#940 = CARTESIAN_POINT ( 'NONE',  ( 0.000000000000000000, 1.649999999999999911, 0.000000000000000000 ) ) ;
#941 = LINE ( 'NONE', #2596, #1306 ) ;
#942 = DIRECTION ( 'NONE',  ( 0.5999999999999994227, 0.000000000000000000, -0.8000000000000004885 ) ) ;
#943 = ADVANCED_FACE ( 'NONE', ( #532 ), #775, .F. ) ;
#944 = EDGE_LOOP ( 'NONE', ( #509, #1629 ) ) ;
#945 = CARTESIAN_POINT ( 'NONE',  ( 2.419460111367734090, 0.6087006425535851362, 3.512829246702506403 ) ) ;
#946 = DIRECTION ( 'NONE',  ( -1.000000000000000000, -0.000000000000000000, -0.000000000000000000 ) ) ;
#947 = CC_DESIGN_DATE_AND_TIME_ASSIGNMENT ( #1274, #685, ( #734 ) ) ;
#948 = ORIENTED_EDGE ( 'NONE', *, *, #1294, .F. ) ;
#949 = CARTESIAN_POINT ( 'NONE',  ( 2.686976860696282277, 0.6443893131147170328, 3.162914135610596755 ) ) ;
#950 = CARTESIAN_POINT ( 'NONE',  ( 2.084391684675392931, 0.5250000000000000222, -1.761325477526923144 ) ) ;
#951 = CARTESIAN_POINT ( 'NONE',  ( 0.7999999999999997113, 0.5249999999999999112, 4.299999999999999822 ) ) ;
#952 = CYLINDRICAL_SURFACE ( 'NONE', #878, 0.1377952749999998561 ) ;
#953 = CARTESIAN_POINT ( 'NONE',  ( 1.062204724999999961, 1.124999999999999778, 4.430761531551600463 ) ) ;
#954 = PLANE ( 'NONE',  #2083 ) ;
#955 = CIRCLE ( 'NONE', #2472, 0.1377952749999998561 ) ;
#956 = PRODUCT_DEFINITION ( 'UNKNOWN', '', #690, #274 ) ;
#957 = AXIS2_PLACEMENT_3D ( 'NONE', #960, #115, #2156 ) ;
#958 = VERTEX_POINT ( 'NONE', #1599 ) ;
#959 = CARTESIAN_POINT ( 'NONE',  ( 2.092030754940562343, 0.4343603783650396011, -1.723847807114253783 ) ) ;
#960 = CARTESIAN_POINT ( 'NONE',  ( 0.7999999999999997113, 1.124999999999999778, 4.000000000000000000 ) ) ;
#961 = DIRECTION ( 'NONE',  ( 0.000000000000000000, 0.000000000000000000, 1.000000000000000000 ) ) ;
#962 = CIRCLE ( 'NONE', #2478, 0.1377952749999998561 ) ;
#963 = AXIS2_PLACEMENT_3D ( 'NONE', #1825, #791, #1616 ) ;
#964 = VERTEX_POINT ( 'NONE', #2231 ) ;
#965 = CARTESIAN_POINT ( 'NONE',  ( 2.648491595440601198, 0.5855983934897602827, 3.202403147138053630 ) ) ;
#966 = DIRECTION ( 'NONE',  ( 1.000000000000000000, 0.000000000000000000, -2.185478394931410575E-16 ) ) ;
#967 = CARTESIAN_POINT ( 'NONE',  ( 2.906802006744426237, 1.649999999999999911, -0.5000000000000004441 ) ) ;
#968 = EDGE_CURVE ( 'NONE', #2555, #1325, #1562, .T. ) ;
#969 = CARTESIAN_POINT ( 'NONE',  ( 2.192997073934603414, 0.6627851787455534271, -1.660475798239806400 ) ) ;
#970 = DIRECTION ( 'NONE',  ( -0.5999999999999972022, 0.000000000000000000, 0.8000000000000019318 ) ) ;
#971 = B_SPLINE_CURVE_WITH_KNOTS ( 'NONE', 3,
 ( #1611, #382, #1015, #1845, #1857, #2680, #826, #2484, #623, #2070, #1928, #688, #277, #483, #1285, #1109, #1887, #11, #2129, #1712, #1316, #2114, #1277, #2144, #675, #644, #2535, #452, #2087, #1095, #222, #660, #262, #439 ),
 .UNSPECIFIED., .F., .F.,
 ( 4, 2, 2, 2, 2, 2, 2, 2, 2, 2, 2, 2, 2, 2, 2, 2, 4 ),
 ( 0.01099622584882957964, 0.01168747684457798613, 0.01237872784032639090, 0.01306997883607479739, 0.01376122983182320389, 0.01445248082757161733, 0.01514373182332003076, 0.01583498281906844246, 0.01652623381481685763, 0.01721748481056526933, 0.01790873580631368450, 0.01859998680206209620, 0.01929123779781051137, 0.01998248879355892654, 0.02067373978930733824, 0.02136499078505574994, 0.02205624178080416511 ),
 .UNSPECIFIED. ) ;
#972 = ORIENTED_EDGE ( 'NONE', *, *, #287, .T. ) ;
#973 = CARTESIAN_POINT ( 'NONE',  ( 2.511156806557764298, 0.6583904615623923373, 3.399656491853035867 ) ) ;
#974 = CARTESIAN_POINT ( 'NONE',  ( 2.417550328689384020, 0.4013509764935154767, 3.450962338034377019 ) ) ;
#975 = ADVANCED_FACE ( 'NONE', ( #1588, #1359 ), #108, .F. ) ;
#976 = ORIENTED_EDGE ( 'NONE', *, *, #2108, .T. ) ;
#977 = CARTESIAN_POINT ( 'NONE',  ( 2.635608762947841299, 0.5427536152942787906, 3.208821296638438181 ) ) ;
#978 = DIRECTION ( 'NONE',  ( 0.7660444431189736836, 0.000000000000000000, -0.6427876096865444699 ) ) ;
#979 = CARTESIAN_POINT ( 'NONE',  ( 2.790225092205677271, 1.649999999999999911, -0.2500000000000004996 ) ) ;
#980 = CC_DESIGN_PERSON_AND_ORGANIZATION_ASSIGNMENT ( #850, #1064, ( #690 ) ) ;
#981 = CARTESIAN_POINT ( 'NONE',  ( -1.424528365099622551, 1.124999999999999778, 0.07374201367528410156 ) ) ;
#982 = EDGE_CURVE ( 'NONE', #2061, #2389, #2080, .T. ) ;
#983 = DIRECTION ( 'NONE',  ( 0.000000000000000000, 0.000000000000000000, 1.000000000000000000 ) ) ;
#984 = ORIENTED_EDGE ( 'NONE', *, *, #1214, .T. ) ;
#985 = CARTESIAN_POINT ( 'NONE',  ( 0.6622047249999997165, 0.5249999999999999112, 4.430761531551600463 ) ) ;
#986 = CARTESIAN_POINT ( 'NONE',  ( 2.525754262563743247, 1.001268069271876726, 3.378612906250296977 ) ) ;
#987 = CARTESIAN_POINT ( 'NONE',  ( 2.906802006744426237, 0.000000000000000000, -0.5000000000000004441 ) ) ;
#988 = ORIENTED_EDGE ( 'NONE', *, *, #2146, .F. ) ;
#989 = CARTESIAN_POINT ( 'NONE',  ( -1.385551987099622684, 1.124999999999999778, 0.02177350967528412715 ) ) ;
#990 = CARTESIAN_POINT ( 'NONE',  ( 4.250000000000000000, 0.000000000000000000, -0.5000000000000005551 ) ) ;
#991 = CARTESIAN_POINT ( 'NONE',  ( 4.000000000000000000, 1.649999999999999911, -0.2500000000000006106 ) ) ;
#992 = CARTESIAN_POINT ( 'NONE',  ( 2.084391684675392931, 0.5250000000000000222, -1.761325477526923144 ) ) ;
#993 = LINE ( 'NONE', #1399, #1223 ) ;
#994 = VERTEX_POINT ( 'NONE', #2272 ) ;
#995 = CARTESIAN_POINT ( 'NONE',  ( 0.6957684797287245759, 0.4344147542993329059, 4.412535950048718014 ) ) ;
#996 = CYLINDRICAL_SURFACE ( 'NONE', #121, 0.06496062999999990817 ) ;
#997 = AXIS2_PLACEMENT_3D ( 'NONE', #204, #146, #1875 ) ;
#998 = ORIENTED_EDGE ( 'NONE', *, *, #1609, .F. ) ;
#999 = DIRECTION ( 'NONE',  ( -0.6427876096865449140, 0.000000000000000000, -0.7660444431189734615 ) ) ;
#1000 = VECTOR ( 'NONE', #2100, 39.37007874015748854 ) ;
#1001 = CARTESIAN_POINT ( 'NONE',  ( 2.430800388020706304, 1.258274646172914402, 3.429239747611386946 ) ) ;
#1002 = VERTEX_POINT ( 'NONE', #1862 ) ;
#1003 = CARTESIAN_POINT ( 'NONE',  ( 1.062204724999999739, 0.5249999999999999112, 4.430761531551600463 ) ) ;
#1004 = B_SPLINE_CURVE_WITH_KNOTS ( 'NONE', 3,
 ( #2198, #81, #2374, #2170, #1138, #336, #2577, #1148, #959, #498, #710, #1175, #2155, #2194, #923, #510, #1757, #93, #2600, #2371, #1337, #1555, #324, #2399, #933, #523, #537, #1363, #1158, #756, #1327, #1986 ),
 .UNSPECIFIED., .F., .F.,
 ( 4, 2, 2, 2, 2, 2, 2, 2, 2, 2, 2, 2, 2, 2, 2, 4 ),
 ( 1.734723475976807094E-18, 0.0006912712674339993460, 0.001382542534867996957, 0.002073813802301994677, 0.002765085069735992180, 0.003456356337169989683, 0.004147627604603987619, 0.005530170139471993901, 0.006221441406905990103, 0.006912712674339986305, 0.007603983941773982506, 0.008295255209207978708, 0.008986526476641975777, 0.009677797744075971112, 0.01036906901150996818, 0.01106034027894396352 ),
 .UNSPECIFIED. ) ;
#1005 = DIRECTION ( 'NONE',  ( 0.000000000000000000, 0.000000000000000000, -1.000000000000000000 ) ) ;
#1006 = CARTESIAN_POINT ( 'NONE',  ( 1.284641449078019360, 0.4158888454759189224, 4.408183140870548300 ) ) ;
#1007 = FACE_OUTER_BOUND ( 'NONE', #839, .T. ) ;
#1008 = UNCERTAINTY_MEASURE_WITH_UNIT (LENGTH_MEASURE( 1.000000000000000082E-05 ), #1637, 'distance_accuracy_value', 'NONE');
#1009 = ORIENTED_EDGE ( 'NONE', *, *, #1142, .T. ) ;
#1010 = CARTESIAN_POINT ( 'NONE',  ( 0.6622047249999997165, 0.5160469935326914559, 4.429203668700278484 ) ) ;
#1011 = CARTESIAN_POINT ( 'NONE',  ( 2.402523225740116342, 1.080942875807213932, 3.526420037148245257 ) ) ;
#1012 = CARTESIAN_POINT ( 'NONE',  ( 2.391435769960226221, 0.5160469935326914559, 3.526758421220168138 ) ) ;
#1013 = EDGE_CURVE ( 'NONE', #798, #591, #595, .T. ) ;
#1014 = EDGE_LOOP ( 'NONE', ( #976, #1634, #1284, #62 ) ) ;
#1015 = CARTESIAN_POINT ( 'NONE',  ( 2.258548310297733508, 1.142846830381547774, -1.548830710512061781 ) ) ;
#1016 = EDGE_CURVE ( 'NONE', #2264, #550, #2658, .T. ) ;
#1017 = CARTESIAN_POINT ( 'NONE',  ( 2.610750000000000348, 0.5250000000000000222, 3.018999999999999240 ) ) ;
#1018 = ORIENTED_EDGE ( 'NONE', *, *, #2146, .T. ) ;
#1019 = DIRECTION ( 'NONE',  ( -1.000000000000000000, 0.000000000000000000, 0.000000000000000000 ) ) ;
#1020 = CARTESIAN_POINT ( 'NONE',  ( 2.776575079215855446, 0.4563629128456437867, 2.993595564621593041 ) ) ;
#1021 = CARTESIAN_POINT ( 'NONE',  ( 1.269645758792210311, 0.4057570244171085916, 4.405715097914438161 ) ) ;
#1022 = PRODUCT ( 'Armor Side Wall', 'Armor Side Wall', '', ( #2666 ) ) ;
#1023 = EDGE_LOOP ( 'NONE', ( #418, #2210 ) ) ;
#1024 = CARTESIAN_POINT ( 'NONE',  ( 0.7639322582096885750, 0.3916969055540854838, 4.402176888550244804 ) ) ;
#1025 = LINE ( 'NONE', #823, #1871 ) ;
#1026 = APPROVAL_ROLE ( '' ) ;
#1027 = VERTEX_POINT ( 'NONE', #180 ) ;
#1028 = DIRECTION ( 'NONE',  ( -1.000000000000000000, 0.000000000000000000, -0.000000000000000000 ) ) ;
#1029 = CARTESIAN_POINT ( 'NONE',  ( 2.507904911314430496, 1.234292065752937040, 3.336359365755862783 ) ) ;
#1030 = EDGE_LOOP ( 'NONE', ( #1683, #355, #2069, #1621 ) ) ;
#1031 = CARTESIAN_POINT ( 'NONE',  ( 4.250000000000000000, 0.000000000000000000, -0.5000000000000005551 ) ) ;
#1032 = CARTESIAN_POINT ( 'NONE',  ( -2.070214461945101281, 1.124999999999999778, 1.989482044131406724 ) ) ;
#1033 = CARTESIAN_POINT ( 'NONE',  ( 0.7153977351530993456, 1.234140314901803093, 4.408176097445152486 ) ) ;
#1034 = CC_DESIGN_APPROVAL ( #783, ( #734 ) ) ;
#1035 = CARTESIAN_POINT ( 'NONE',  ( 1.199999999999999734, 0.5249999999999999112, 4.299999999999999822 ) ) ;
#1036 = ORIENTED_EDGE ( 'NONE', *, *, #2147, .F. ) ;
#1037 = CARTESIAN_POINT ( 'NONE',  ( 2.511302223496732822, 0.9916697364444426732, 3.399453056785222582 ) ) ;
#1038 = DIRECTION ( 'NONE',  ( 0.000000000000000000, 0.000000000000000000, 1.000000000000000000 ) ) ;
#1039 = CIRCLE ( 'NONE', #1647, 0.06496062999999997756 ) ;
#1040 = EDGE_LOOP ( 'NONE', ( #1104, #2546, #1536, #802 ) ) ;
#1041 = FACE_OUTER_BOUND ( 'NONE', #2116, .T. ) ;
#1042 = CARTESIAN_POINT ( 'NONE',  ( 2.798036390241281701, 0.5250000000000001332, 2.987220698930960427 ) ) ;
#1043 = CARTESIAN_POINT ( 'NONE',  ( 2.288072835000002136, 1.124999999999999778, 3.449236219999999520 ) ) ;
#1044 = VECTOR ( 'NONE', #1639, 39.37007874015748143 ) ;
#1045 = DIRECTION ( 'NONE',  ( 0.000000000000000000, 0.000000000000000000, -1.000000000000000000 ) ) ;
#1046 = DIRECTION ( 'NONE',  ( -1.000000000000000000, 0.000000000000000000, 0.000000000000000000 ) ) ;
#1047 = EDGE_CURVE ( 'NONE', #1281, #396, #2644, .T. ) ;
#1048 = DIRECTION ( 'NONE',  ( 0.000000000000000000, 0.000000000000000000, -1.000000000000000000 ) ) ;
#1049 = EDGE_LOOP ( 'NONE', ( #1157, #1242 ) ) ;
#1050 = CARTESIAN_POINT ( 'NONE',  ( 0.6622047249999998275, 0.5338967764596399546, 4.432309610132086242 ) ) ;
#1051 = ORIENTED_EDGE ( 'NONE', *, *, #1422, .F. ) ;
#1052 = DIRECTION ( 'NONE',  ( 0.8000000000000003775, 0.000000000000000000, 0.5999999999999996447 ) ) ;
#1053 = CARTESIAN_POINT ( 'NONE',  ( 0.7387325157835330502, 1.001242090231399207, 4.447773811485466133 ) ) ;
#1054 = DIRECTION ( 'NONE',  ( 3.122111992759157964E-16, 0.000000000000000000, -1.000000000000000000 ) ) ;
#1055 = ADVANCED_FACE ( 'NONE', ( #1879, #2 ), #1642, .F. ) ;
#1056 = ORIENTED_EDGE ( 'NONE', *, *, #2141, .T. ) ;
#1057 = CARTESIAN_POINT ( 'NONE',  ( 2.370750000000001911, 1.124999999999999778, 3.338999999999999524 ) ) ;
#1058 = EDGE_CURVE ( 'NONE', #1528, #594, #2685, .T. ) ;
#1059 = CARTESIAN_POINT ( 'NONE',  ( 2.653567966639833298, 0.4057211262374454952, 3.138086272855789449 ) ) ;
#1060 = ADVANCED_FACE ( 'NONE', ( #1226 ), #2074, .F. ) ;
#1061 = ORIENTED_EDGE ( 'NONE', *, *, #360, .F. ) ;
#1062 = FACE_OUTER_BOUND ( 'NONE', #1088, .T. ) ;
#1063 = CARTESIAN_POINT ( 'NONE',  ( -2.111970350026533438, 1.124999999999999778, 1.939719314498398850 ) ) ;
#1064 = PERSON_AND_ORGANIZATION_ROLE ( 'design_supplier' ) ;
#1065 = ORIENTED_EDGE ( 'NONE', *, *, #1821, .T. ) ;
#1066 = PLANE ( 'NONE',  #704 ) ;
#1067 = CARTESIAN_POINT ( 'NONE',  ( 0.8359688886698596333, 0.9916697364444426732, 4.448713612868519185 ) ) ;
#1068 = LINE ( 'NONE', #1900, #2123 ) ;
#1069 = ORIENTED_EDGE ( 'NONE', *, *, #1493, .T. ) ;
#1070 = DIRECTION ( 'NONE',  ( 1.000000000000000000, 0.000000000000000000, 0.000000000000000000 ) ) ;
#1071 = CARTESIAN_POINT ( 'NONE',  ( 2.788495275695363596, 1.034241921059344316, 3.022215037661857728 ) ) ;
#1072 = VERTEX_POINT ( 'NONE', #1451 ) ;
#1073 = CARTESIAN_POINT ( 'NONE',  ( 1.199999999999999734, 0.5249999999999999112, 4.000000000000000000 ) ) ;
#1074 = FACE_OUTER_BOUND ( 'NONE', #2365, .T. ) ;
#1075 = ORIENTED_EDGE ( 'NONE', *, *, #2167, .F. ) ;
#1076 = DIRECTION ( 'NONE',  ( 0.000000000000000000, 0.000000000000000000, -1.000000000000000000 ) ) ;
#1077 = LINE ( 'NONE', #2292, #520 ) ;
#1078 = DIRECTION ( 'NONE',  ( -0.000000000000000000, -0.000000000000000000, -1.000000000000000000 ) ) ;
#1079 = AXIS2_PLACEMENT_3D ( 'NONE', #1393, #354, #1952 ) ;
#1080 = ORIENTED_EDGE ( 'NONE', *, *, #982, .T. ) ;
#1081 = CARTESIAN_POINT ( 'NONE',  ( 2.610750000000000348, 1.124999999999999778, 3.018999999999999240 ) ) ;
#1082 = AXIS2_PLACEMENT_3D ( 'NONE', #1969, #2018, #148 ) ;
#1083 = CARTESIAN_POINT ( 'NONE',  ( 2.753260030694047789, 1.228450838024269132, 3.011551131386685398 ) ) ;
#1084 = CIRCLE ( 'NONE', #2688, 0.06496063000000011634 ) ;
#1085 = LINE ( 'NONE', #505, #749 ) ;
#1086 = AXIS2_PLACEMENT_3D ( 'NONE', #1792, #169, #1812 ) ;
#1087 = CIRCLE ( 'NONE', #2520, 0.06496062999999989429 ) ;
#1088 = EDGE_LOOP ( 'NONE', ( #192, #700 ) ) ;
#1089 = VERTEX_POINT ( 'NONE', #844 ) ;
#1090 = DIRECTION ( 'NONE',  ( -0.000000000000000000, -0.000000000000000000, -1.000000000000000000 ) ) ;
#1091 = CYLINDRICAL_SURFACE ( 'NONE', #1220, 0.06496063000000029675 ) ;
#1092 = PERSON_AND_ORGANIZATION ( #1355, #1302 ) ;
#1093 = ORIENTED_EDGE ( 'NONE', *, *, #2178, .F. ) ;
#1094 = DIRECTION ( 'NONE',  ( 0.8000000000000003775, 0.000000000000000000, 0.5999999999999996447 ) ) ;
#1095 = CARTESIAN_POINT ( 'NONE',  ( 2.082560143173000089, 1.169335437464843697, -1.750620621278716316 ) ) ;
#1096 = DIRECTION ( 'NONE',  ( -1.000000000000000000, 0.000000000000000000, 0.000000000000000000 ) ) ;
#1097 = EDGE_CURVE ( 'NONE', #2052, #1965, #2296, .T. ) ;
#1098 = ORIENTED_EDGE ( 'NONE', *, *, #2661, .F. ) ;
#1099 = EDGE_CURVE ( 'NONE', #2312, #363, #2387, .T. ) ;
#1100 = DIRECTION ( 'NONE',  ( 0.000000000000000000, 0.000000000000000000, -1.000000000000000000 ) ) ;
#1101 = CARTESIAN_POINT ( 'NONE',  ( 2.747904911314429377, 1.234292065752937262, 3.016359365755863386 ) ) ;
#1102 = B_SPLINE_CURVE_WITH_KNOTS ( 'NONE', 3,
 ( #2523, #2350, #1913, #424, #1488, #2309, #39, #2507, #2321, #2565, #1501, #466, #900, #1727, #1067, #2332, #1261, #1300, #2548, #854, #1514, #1053, #1681, #1473, #1899, #22, #868, #2588, #720, #315, #1119, #1987, #2372, #2614 ),
 .UNSPECIFIED., .F., .F.,
 ( 4, 2, 2, 2, 2, 2, 2, 2, 2, 2, 2, 2, 2, 2, 2, 2, 4 ),
 ( 0.000000000000000000, 0.0006872641155518489442, 0.001374528231103697888, 0.002061792346655546941, 0.002749056462207395777, 0.003436320577759244613, 0.004123584693311093882, 0.004810848808862942284, 0.005498112924414791554, 0.006185377039966640823, 0.006872641155518489225, 0.007559905271070338495, 0.008247169386622187764, 0.008934433502174037034, 0.009621697617725884569, 0.01030896173327773384, 0.01099622584882958311 ),
 .UNSPECIFIED. ) ;
#1103 = CARTESIAN_POINT ( 'NONE',  ( 2.800088379098534919, 1.089615647808951593, 2.994162872688773014 ) ) ;
#1104 = ORIENTED_EDGE ( 'NONE', *, *, #1859, .T. ) ;
#1105 = DIRECTION ( 'NONE',  ( 0.000000000000000000, 0.000000000000000000, 1.000000000000000000 ) ) ;
#1106 = CARTESIAN_POINT ( 'NONE',  ( 2.610750000000001680, 1.124999999999999778, 3.018999999999999684 ) ) ;
#1107 = VERTEX_POINT ( 'NONE', #456 ) ;
#1108 = CARTESIAN_POINT ( 'NONE',  ( 2.086793636792188433, 0.5430198037066908956, -1.763340954662231841 ) ) ;
#1109 = CARTESIAN_POINT ( 'NONE',  ( 2.162182956683790014, 1.261864536868799513, -1.622725480788047348 ) ) ;
#1110 = DIRECTION ( 'NONE',  ( 0.000000000000000000, 0.000000000000000000, 1.000000000000000000 ) ) ;
#1111 = EDGE_LOOP ( 'NONE', ( #1893, #1744 ) ) ;
#1112 = CARTESIAN_POINT ( 'NONE',  ( 1.765721968286565913, 1.123501144850290068, 4.531443936573129605 ) ) ;
#1113 = CARTESIAN_POINT ( 'NONE',  ( 2.794937913381362549, 1.143017518378447894, 2.986004072286648103 ) ) ;
#1114 = CARTESIAN_POINT ( 'NONE',  ( 2.778414116004944034, 1.015730155404008128, 3.039198295157027552 ) ) ;
#1115 = CARTESIAN_POINT ( 'NONE',  ( 2.091618503395805906, 1.089615647808951593, -1.761746815795130150 ) ) ;
#1116 = CARTESIAN_POINT ( 'NONE',  ( 1.209094628785778447, 0.9872089288445269339, 4.449133710719637591 ) ) ;
#1117 = CARTESIAN_POINT ( 'NONE',  ( 0.7999999999999997113, 1.124999999999999778, -1.825629139790877042 ) ) ;
#1118 = VERTEX_POINT ( 'NONE', #1891 ) ;
#1119 = CARTESIAN_POINT ( 'NONE',  ( 0.6665571121503401919, 1.089495682314153280, 4.436586920499954623 ) ) ;
#1120 = DIRECTION ( 'NONE',  ( 1.000000000000000000, 0.000000000000000000, 0.000000000000000000 ) ) ;
#1121 = EDGE_CURVE ( 'NONE', #1089, #202, #265, .T. ) ;
#1122 = CARTESIAN_POINT ( 'NONE',  ( 2.906802006744427125, 1.649999999999999911, -0.5000000000000004441 ) ) ;
#1123 = ORIENTED_EDGE ( 'NONE', *, *, #2303, .T. ) ;
#1124 = CARTESIAN_POINT ( 'NONE',  ( 1.323970251228947292, 1.185814214415624956, 4.419088035517191315 ) ) ;
#1125 = CARTESIAN_POINT ( 'NONE',  ( 2.780402579151122211, 1.185814214415624290, 2.991276620327155911 ) ) ;
#1126 = AXIS2_PLACEMENT_3D ( 'NONE', #1713, #65, #2145 ) ;
#1127 = CARTESIAN_POINT ( 'NONE',  ( 2.799943114014614487, 1.107110084966379082, 2.989745354112827158 ) ) ;
#1128 = EDGE_CURVE ( 'NONE', #396, #2294, #1288, .T. ) ;
#1129 = AXIS2_PLACEMENT_3D ( 'NONE', #1057, #2148, #1684 ) ;
#1130 = ORIENTED_EDGE ( 'NONE', *, *, #405, .T. ) ;
#1131 = ADVANCED_FACE ( 'NONE', ( #1517, #2354 ), #488, .F. ) ;
#1132 = CARTESIAN_POINT ( 'NONE',  ( 1.130640250225453336, 1.005593432120582165, 4.447331674798071788 ) ) ;
#1133 = CIRCLE ( 'NONE', #215, 0.06496063000000006082 ) ;
#1134 = CARTESIAN_POINT ( 'NONE',  ( 4.000000000000000888, 1.649999999999999911, 2.249999999999999556 ) ) ;
#1135 = ORIENTED_EDGE ( 'NONE', *, *, #869, .F. ) ;
#1136 = CARTESIAN_POINT ( 'NONE',  ( 2.462655119955520000, 0.6556345089401384163, 3.463886826097539284 ) ) ;
#1137 = FACE_OUTER_BOUND ( 'NONE', #2562, .T. ) ;
#1138 = CARTESIAN_POINT ( 'NONE',  ( 2.082546071574276958, 0.4808442953466386949, -1.750693983508861296 ) ) ;
#1139 = ORIENTED_EDGE ( 'NONE', *, *, #2446, .F. ) ;
#1140 = CARTESIAN_POINT ( 'NONE',  ( 2.765727460832640094, 0.6487615498175758333, 3.058653709211607286 ) ) ;
#1141 = DIRECTION ( 'NONE',  ( -2.185478394931410575E-16, 0.000000000000000000, -1.000000000000000000 ) ) ;
#1142 = EDGE_CURVE ( 'NONE', #279, #1205, #857, .T. ) ;
#1143 = DIRECTION ( 'NONE',  ( 0.000000000000000000, -0.000000000000000000, 1.000000000000000000 ) ) ;
#1144 = EDGE_CURVE ( 'NONE', #2510, #422, #75, .T. ) ;
#1145 = CARTESIAN_POINT ( 'NONE',  ( 0.9342099909077041797, 0.5609879165796016753, 4.436718615706538138 ) ) ;
#1146 = ADVANCED_FACE ( 'NONE', ( #249, #1731, #2117, #1901, #280 ), #1331, .T. ) ;
#1147 = ORIENTED_EDGE ( 'NONE', *, *, #1729, .F. ) ;
#1148 = CARTESIAN_POINT ( 'NONE',  ( 2.089560676776652137, 0.4414486123587316735, -1.729299749666733721 ) ) ;
#1149 = CARTESIAN_POINT ( 'NONE',  ( 2.542027967776542052, 0.6286021411897835254, 3.353335919038578528 ) ) ;
#1150 = CARTESIAN_POINT ( 'NONE',  ( 2.550207210734853902, 0.4895258639824798252, 3.306781356270709793 ) ) ;
#1151 = ORIENTED_EDGE ( 'NONE', *, *, #42, .T. ) ;
#1152 = CARTESIAN_POINT ( 'NONE',  ( 1.190647801537590977, 1.262783314055509365, 4.401024603964645898 ) ) ;
#1153 = CARTESIAN_POINT ( 'NONE',  ( 4.000000000000000000, 1.649999999999999911, -0.2500000000000006106 ) ) ;
#1154 = DIRECTION ( 'NONE',  ( -0.5999999999999972022, 0.000000000000000000, 0.8000000000000019318 ) ) ;
#1155 = CARTESIAN_POINT ( 'NONE',  ( 2.253145555855323501, 0.6087006425535856913, -1.579665380243695960 ) ) ;
#1156 = FACE_OUTER_BOUND ( 'NONE', #1973, .T. ) ;
#1157 = ORIENTED_EDGE ( 'NONE', *, *, #1859, .F. ) ;
#1158 = CARTESIAN_POINT ( 'NONE',  ( 2.253707183358285349, 0.4894054914821260316, -1.549352648100235097 ) ) ;
#1159 = CARTESIAN_POINT ( 'NONE',  ( 2.161368730943263650, 0.5250000000000000222, -1.466158975818316446 ) ) ;
#1160 = CARTESIAN_POINT ( 'NONE',  ( 2.462521944995383016, 0.3872175099950287414, 3.385012101485079139 ) ) ;
#1161 = ORIENTED_EDGE ( 'NONE', *, *, #1016, .F. ) ;
#1162 = CARTESIAN_POINT ( 'NONE',  ( 0.7999999999999997113, 0.5249999999999999112, 4.299999999999999822 ) ) ;
#1163 = CARTESIAN_POINT ( 'NONE',  ( 0.8446979732259348728, 1.255661369095923741, 4.402852653997615384 ) ) ;
#1164 = LOCAL_TIME ( 20, 48, 54.00000000000000000, #2345 ) ;
#1165 = DIRECTION ( 'NONE',  ( -0.8000000000000003775, 0.000000000000000000, -0.5999999999999997558 ) ) ;
#1166 = AXIS2_PLACEMENT_3D ( 'NONE', #1975, #961, #2411 ) ;
#1167 = CARTESIAN_POINT ( 'NONE',  ( 2.130724121386492254, 0.6344522491377241336, -1.730235722374864782 ) ) ;
#1168 = CARTESIAN_POINT ( 'NONE',  ( 2.370750000000000579, 1.124999999999999778, 3.338999999999999080 ) ) ;
#1169 = AXIS2_PLACEMENT_3D ( 'NONE', #2159, #236, #692 ) ;
#1170 = EDGE_CURVE ( 'NONE', #1072, #1933, #1216, .T. ) ;
#1171 = CLOSED_SHELL ( 'NONE', ( #413, #88, #199, #2624, #858, #2622, #2337, #120, #367, #694, #1547, #534, #760, #860, #168, #815, #1735, #371, #1714, #1999, #1146, #322, #1946, #1697, #897, #374, #943, #2262, #1936, #268, #2456, #817, #282, #2377, #2580, #1184, #1612, #350, #1628, #3, #1542, #401, #1060, #2500, #1346, #2346, #495, #43, #1968, #2419, #410, #1055, #697, #975, #2508, #579, #1861, #1902, #777, #1374, #574, #1418, #706, #2383, #2415, #1131 ) ) ;
#1172 = CIRCLE ( 'NONE', #163, 0.06496063000000050491 ) ;
#1173 = AXIS2_PLACEMENT_3D ( 'NONE', #1700, #2234, #2397 ) ;
#1174 = EDGE_LOOP ( 'NONE', ( #134, #909 ) ) ;
#1175 = CARTESIAN_POINT ( 'NONE',  ( 2.109010667992196275, 0.4057570244171085916, -1.693020382125896006 ) ) ;
#1176 = CARTESIAN_POINT ( 'NONE',  ( 2.500809780529019477, 0.6619078905581491368, 3.414007232308941209 ) ) ;
#1177 = CARTESIAN_POINT ( 'NONE',  ( 2.706667566594934904, 0.8249999999999999556, 2.813525338104460261 ) ) ;
#1178 = EDGE_CURVE ( 'NONE', #881, #1193, #2313, .T. ) ;
#1179 = AXIS2_PLACEMENT_3D ( 'NONE', #15, #1005, #1046 ) ;
#1180 = ORIENTED_EDGE ( 'NONE', *, *, #2572, .T. ) ;
#1181 = CARTESIAN_POINT ( 'NONE',  ( 2.756209471414670542, 0.6557358812168129214, 3.072497445828601403 ) ) ;
#1182 = EDGE_CURVE ( 'NONE', #2530, #2398, #161, .T. ) ;
#1183 = CARTESIAN_POINT ( 'NONE',  ( 0.8089963486783834368, 1.262807006203082505, 4.401018482275977917 ) ) ;
#1184 = ADVANCED_FACE ( 'NONE', ( #2527 ), #663, .T. ) ;
#1185 = FACE_OUTER_BOUND ( 'NONE', #1897, .T. ) ;
#1186 = CYLINDRICAL_SURFACE ( 'NONE', #963, 0.06496062999999985266 ) ;
#1187 = DIRECTION ( 'NONE',  ( -0.8000000000000003775, 0.000000000000000000, -0.5999999999999997558 ) ) ;
#1188 = EDGE_LOOP ( 'NONE', ( #2316, #2133 ) ) ;
#1189 = FACE_BOUND ( 'NONE', #37, .T. ) ;
#1190 = CARTESIAN_POINT ( 'NONE',  ( 2.437167932199420850, 1.015640948593784731, 3.494209289445376232 ) ) ;
#1191 = PERSON_AND_ORGANIZATION ( #1355, #1302 ) ;
#1192 = APPLICATION_CONTEXT ( 'configuration controlled 3d designs of mechanical parts and assemblies' ) ;
#1193 = VERTEX_POINT ( 'NONE', #889 ) ;
#1194 = DIRECTION ( 'NONE',  ( -0.5999999999999994227, 0.000000000000000000, 0.8000000000000004885 ) ) ;
#1195 = CARTESIAN_POINT ( 'NONE',  ( 4.000000000000000888, 1.649999999999999911, 2.249999999999999556 ) ) ;
#1196 = CARTESIAN_POINT ( 'NONE',  ( 0.7999999999999997113, 1.124999999999999778, 4.299999999999999822 ) ) ;
#1197 = CARTESIAN_POINT ( 'NONE',  ( 2.263210986707014705, 0.5603835598263118278, -1.557251217665097220 ) ) ;
#1198 = DIRECTION ( 'NONE',  ( -0.000000000000000000, -1.000000000000000000, -0.000000000000000000 ) ) ;
#1199 = CARTESIAN_POINT ( 'NONE',  ( 2.610750000000000348, 1.124999999999999778, 3.018999999999999240 ) ) ;
#1200 = B_SPLINE_CURVE_WITH_KNOTS ( 'NONE', 3,
 ( #681, #1507, #1869, #1115, #2691, #2554, #1883, #506, #1525, #391, #1620, #1648, #2078, #846, #433, #638, #1443, #1270, #2039, #170, #2286, #2461, #2299, #2275, #1428, #2093, #617, #226, #1840, #2477, #835, #404, #2065, #1413 ),
 .UNSPECIFIED., .F., .F.,
 ( 4, 2, 2, 2, 2, 2, 2, 2, 2, 2, 2, 2, 2, 2, 2, 2, 4 ),
 ( 3.469446951953614189E-18, 0.0006872641155518519800, 0.001374528231103700491, 0.002061792346655549110, 0.002749056462207397512, 0.003436320577759245914, 0.004123584693311094750, 0.004810848808862943152, 0.005498112924414791554, 0.006185377039966639956, 0.006872641155518488358, 0.007559905271070336760, 0.008247169386622186030, 0.008934433502174033565, 0.009621697617725882834, 0.01030896173327773037, 0.01099622584882957964 ),
 .UNSPECIFIED. ) ;
#1201 = EDGE_LOOP ( 'NONE', ( #1649, #13, #1221, #141 ) ) ;
#1202 = CARTESIAN_POINT ( 'NONE',  ( 0.7910184124148617046, 0.3871983834719869288, 4.401019874885277794 ) ) ;
#1203 = CARTESIAN_POINT ( 'NONE',  ( 2.072795635499913747, 1.124999999999999778, -1.571716280520117470 ) ) ;
#1204 = CALENDAR_DATE ( 2026, 27, 4 ) ;
#1205 = VERTEX_POINT ( 'NONE', #2570 ) ;
#1206 = CARTESIAN_POINT ( 'NONE',  ( 1.135039369999999881, 1.124999999999999778, 4.299999999999999822 ) ) ;
#1207 = CARTESIAN_POINT ( 'NONE',  ( 2.558036390241281488, 1.124999999999999778, 3.307220698930959824 ) ) ;
#1208 = ORIENTED_EDGE ( 'NONE', *, *, #2311, .F. ) ;
#1209 = CARTESIAN_POINT ( 'NONE',  ( 1.181746531095027253, 0.6618789616382537710, 4.449049473236362573 ) ) ;
#1210 = DIRECTION ( 'NONE',  ( 0.7660444431189736836, 0.000000000000000000, -0.6427876096865444699 ) ) ;
#1211 = CARTESIAN_POINT ( 'NONE',  ( 1.304175414123354138, 0.4343603783650397121, 4.412523216697647577 ) ) ;
#1212 = EDGE_CURVE ( 'NONE', #2294, #1841, #879, .T. ) ;
#1213 = CARTESIAN_POINT ( 'NONE',  ( -2.111970350026533438, 1.124999999999999778, 1.939719314498398850 ) ) ;
#1214 = EDGE_CURVE ( 'NONE', #1739, #2521, #1518, .T. ) ;
#1215 = EDGE_LOOP ( 'NONE', ( #1463, #1009, #2276, #260 ) ) ;
#1216 = CIRCLE ( 'NONE', #429, 0.06496063000000006082 ) ;
#1217 = CARTESIAN_POINT ( 'NONE',  ( 0.9099395800586044247, 0.4414486123587317290, 4.414135468167573073 ) ) ;
#1218 = LINE ( 'NONE', #601, #2038 ) ;
#1219 = DIRECTION ( 'NONE',  ( -0.6427876096865443589, 0.000000000000000000, -0.7660444431189737946 ) ) ;
#1220 = AXIS2_PLACEMENT_3D ( 'NONE', #1063, #2518, #8 ) ;
#1221 = ORIENTED_EDGE ( 'NONE', *, *, #1144, .F. ) ;
#1222 = FACE_OUTER_BOUND ( 'NONE', #898, .T. ) ;
#1223 = VECTOR ( 'NONE', #333, 39.37007874015748143 ) ;
#1224 = DIRECTION ( 'NONE',  ( -0.8000000000000001554, 0.000000000000000000, -0.5999999999999997558 ) ) ;
#1225 = AXIS2_PLACEMENT_3D ( 'NONE', #2694, #2291, #1513 ) ;
#1226 = FACE_OUTER_BOUND ( 'NONE', #2498, .T. ) ;
#1227 = CARTESIAN_POINT ( 'NONE',  ( 2.780430286055757261, 0.4642390298688996442, 2.991258904015397402 ) ) ;
#1228 = CARTESIAN_POINT ( 'NONE',  ( 2.370750000000000579, 1.124999999999999778, 2.838999999999999080 ) ) ;
#1229 = ORIENTED_EDGE ( 'NONE', *, *, #491, .T. ) ;
#1230 = LINE ( 'NONE', #407, #568 ) ;
#1231 = FACE_OUTER_BOUND ( 'NONE', #540, .T. ) ;
#1232 = PERSON_AND_ORGANIZATION ( #1355, #1302 ) ;
#1233 = ORIENTED_EDGE ( 'NONE', *, *, #2446, .T. ) ;
#1234 = LINE ( 'NONE', #2058, #1475 ) ;
#1235 = VECTOR ( 'NONE', #2186, 39.37007874015748143 ) ;
#1236 = DIRECTION ( 'NONE',  ( 1.000000000000000000, 0.000000000000000000, 4.162815990345542966E-16 ) ) ;
#1237 = EDGE_LOOP ( 'NONE', ( #1793, #1497, #1725, #2073 ) ) ;
#1238 = CARTESIAN_POINT ( 'NONE',  ( 1.090162669458632827, 0.6087006425535851362, 4.443265637115691113 ) ) ;
#1239 = DIRECTION ( 'NONE',  ( 1.000000000000000000, 0.000000000000000000, 0.000000000000000000 ) ) ;
#1240 = EDGE_CURVE ( 'NONE', #1756, #47, #1553, .T. ) ;
#1241 = CARTESIAN_POINT ( 'NONE',  ( 0.6801482002549465999, 1.193589332254317181, 4.417427987720800253 ) ) ;
#1242 = ORIENTED_EDGE ( 'NONE', *, *, #1322, .F. ) ;
#1243 = CARTESIAN_POINT ( 'NONE',  ( 0.9198185958322373512, 0.4563629128456437312, 4.417417402145637162 ) ) ;
#1244 = CARTESIAN_POINT ( 'NONE',  ( 2.516320234233869080, 0.9943354449055701316, 3.392338137397199471 ) ) ;
#1245 = LENGTH_MEASURE_WITH_UNIT ( LENGTH_MEASURE( 0.02539999999999999897 ), #156 );
#1246 = ORIENTED_EDGE ( 'NONE', *, *, #502, .F. ) ;
#1247 = CARTESIAN_POINT ( 'NONE',  ( 0.7350393699999995256, 1.124999999999999778, 4.299999999999999822 ) ) ;
#1248 = CARTESIAN_POINT ( 'NONE',  ( 2.390658865850180170, 1.142846830381547552, 3.525095251335701008 ) ) ;
#1249 = VERTEX_POINT ( 'NONE', #1762 ) ;
#1250 = EDGE_CURVE ( 'NONE', #1509, #157, #514, .T. ) ;
#1251 = CARTESIAN_POINT ( 'NONE',  ( 1.337795274999999506, 0.5249999999999999112, 4.430761531551600463 ) ) ;
#1252 = VECTOR ( 'NONE', #2589, 39.37007874015748143 ) ;
#1253 = CARTESIAN_POINT ( 'NONE',  ( 2.714297043949207122, 0.3909286673515076638, 3.050928320127495041 ) ) ;
#1254 = LINE ( 'NONE', #792, #1523 ) ;
#1255 = DIRECTION ( 'NONE',  ( 0.7660444431189737946, 0.000000000000000000, -0.6427876096865445810 ) ) ;
#1256 = ORIENTED_EDGE ( 'NONE', *, *, #1600, .T. ) ;
#1257 = FACE_OUTER_BOUND ( 'NONE', #1540, .T. ) ;
#1258 = AXIS2_PLACEMENT_3D ( 'NONE', #1672, #425, #2047 ) ;
#1259 = EDGE_LOOP ( 'NONE', ( #1482, #1450 ) ) ;
#1260 = CARTESIAN_POINT ( 'NONE',  ( 0.6622047249999997165, 0.5249999999999999112, 4.430761531551600463 ) ) ;
#1261 = CARTESIAN_POINT ( 'NONE',  ( 0.8090946287857782027, 0.9872089288445270450, 4.449133710719637591 ) ) ;
#1262 = DIRECTION ( 'NONE',  ( 0.5999999999999972022, 0.000000000000000000, -0.8000000000000019318 ) ) ;
#1263 = EDGE_CURVE ( 'NONE', #1089, #9, #650, .T. ) ;
#1264 = AXIS2_PLACEMENT_3D ( 'NONE', #635, #2242, #372 ) ;
#1265 = AXIS2_PLACEMENT_3D ( 'NONE', #1353, #1951, #711 ) ;
#1266 = PRODUCT_DEFINITION_SHAPE ( 'NONE', 'NONE',  #956 ) ;
#1267 = CARTESIAN_POINT ( 'NONE',  ( 1.208967644433602162, 0.6628052051090723706, 4.449135026437849305 ) ) ;
#1268 = EDGE_CURVE ( 'NONE', #1002, #1572, #1944, .T. ) ;
#1269 = DIRECTION ( 'NONE',  ( 1.000000000000000000, -0.000000000000000000, 4.162815990345542966E-16 ) ) ;
#1270 = CARTESIAN_POINT ( 'NONE',  ( 2.192803026319118498, 0.9872005508048276035, -1.660709121844363478 ) ) ;
#1271 = EDGE_LOOP ( 'NONE', ( #1923, #984, #814, #893 ) ) ;
#1272 = CARTESIAN_POINT ( 'NONE',  ( 2.072795635499913747, 1.124999999999999778, -1.571716280520117470 ) ) ;
#1273 = CARTESIAN_POINT ( 'NONE',  ( 0.7306048079292895014, 0.6443893131147166997, 4.447329969923383253 ) ) ;
#1274 = DATE_AND_TIME ( #420, #2250 ) ;
#1275 = ORIENTED_EDGE ( 'NONE', *, *, #2427, .T. ) ;
#1276 = DIRECTION ( 'NONE',  ( 0.6427876096865444699, 0.000000000000000000, 0.7660444431189736836 ) ) ;
#1277 = CARTESIAN_POINT ( 'NONE',  ( 2.109128669449965354, 1.244370240193596544, -1.692830760650437583 ) ) ;
#1278 = FACE_BOUND ( 'NONE', #1292, .T. ) ;
#1279 = CARTESIAN_POINT ( 'NONE',  ( 0.9377952749999995952, 0.5249999999999999112, 4.299999999999999822 ) ) ;
#1280 = DIRECTION ( 'NONE',  ( 0.000000000000000000, 0.000000000000000000, 1.000000000000000000 ) ) ;
#1281 = VERTEX_POINT ( 'NONE', #592 ) ;
#1282 = CARTESIAN_POINT ( 'NONE',  ( 1.235968888669859878, 0.9916697364444426732, 4.448713612868519185 ) ) ;
#1283 = CARTESIAN_POINT ( 'NONE',  ( 0.7999999999999997113, 1.124999999999999778, 4.000000000000000000 ) ) ;
#1284 = ORIENTED_EDGE ( 'NONE', *, *, #1170, .F. ) ;
#1285 = CARTESIAN_POINT ( 'NONE',  ( 2.174317448770654693, 1.258274646172914624, -1.609697625686193678 ) ) ;
#1286 = CARTESIAN_POINT ( 'NONE',  ( 4.250000000000000000, 1.649999999999999911, 2.500000000000000000 ) ) ;
#1287 = ORIENTED_EDGE ( 'NONE', *, *, #2141, .F. ) ;
#1288 = LINE ( 'NONE', #469, #562 ) ;
#1289 = CARTESIAN_POINT ( 'NONE',  ( 2.646529519047983392, 1.234140314901802871, 3.151587470344611841 ) ) ;
#1290 = B_SPLINE_CURVE_WITH_KNOTS ( 'NONE', 3,
 ( #1332, #85, #928, #1763, #2583, #724, #1241, #874, #2064, #195, #1033, #1864, #26, #762, #2618, #1368, #733, #1183, #751, #1561, #1163, #1342, #938, #1549, #567, #2378, #1771, #147, #2641, #1799, #515, #1587, #1396, #2174 ),
 .UNSPECIFIED., .F., .F.,
 ( 4, 2, 2, 2, 2, 2, 2, 2, 2, 2, 2, 2, 2, 2, 2, 2, 4 ),
 ( 0.01099622584882958311, 0.01168747684457799481, 0.01237872784032640477, 0.01306997883607481648, 0.01376122983182322818, 0.01445248082757163988, 0.01514373182332004984, 0.01583498281906846328, 0.01652623381481687151, 0.01721748481056528321, 0.01790873580631369491, 0.01859998680206210661, 0.01929123779781051484, 0.01998248879355892654, 0.02067373978930733824, 0.02136499078505574994, 0.02205624178080416165 ),
 .UNSPECIFIED. ) ;
#1291 = CARTESIAN_POINT ( 'NONE',  ( 2.692208558658494066, 1.001242090231399429, 3.156678274264452355 ) ) ;
#1292 = EDGE_LOOP ( 'NONE', ( #460, #2279 ) ) ;
#1293 = ORIENTED_EDGE ( 'NONE', *, *, #1854, .F. ) ;
#1294 = EDGE_CURVE ( 'NONE', #2184, #1375, #2269, .T. ) ;
#1295 = CARTESIAN_POINT ( 'NONE',  ( 1.199999999999999734, 0.5249999999999999112, 4.299999999999999822 ) ) ;
#1296 = DIRECTION ( 'NONE',  ( -0.7660444431189737946, 0.000000000000000000, 0.6427876096865445810 ) ) ;
#1297 = EDGE_CURVE ( 'NONE', #2521, #1739, #1386, .T. ) ;
#1298 = ORIENTED_EDGE ( 'NONE', *, *, #931, .F. ) ;
#1299 = DIRECTION ( 'NONE',  ( -0.6000000000000013101, 0.000000000000000000, 0.7999999999999990452 ) ) ;
#1300 = CARTESIAN_POINT ( 'NONE',  ( 0.7910332076844106552, 0.9872005508048276035, 4.449134490624285121 ) ) ;
#1301 = DIRECTION ( 'NONE',  ( 1.000000000000000000, 0.000000000000000000, 0.000000000000000000 ) ) ;
#1302 = ORGANIZATION ( 'UNSPECIFIED', 'UNSPECIFIED', '' ) ;
#1303 = ORIENTED_EDGE ( 'NONE', *, *, #1408, .T. ) ;
#1304 = DIRECTION ( 'NONE',  ( 0.000000000000000000, 0.000000000000000000, 1.000000000000000000 ) ) ;
#1305 = CARTESIAN_POINT ( 'NONE',  ( 2.696962595027815102, 1.262807006203082505, 3.072414010422880093 ) ) ;
#1306 = VECTOR ( 'NONE', #129, 39.37007874015748143 ) ;
#1307 = AXIS2_PLACEMENT_3D ( 'NONE', #809, #394, #1402 ) ;
#1308 = CARTESIAN_POINT ( 'NONE',  ( 2.659471225136239347, 1.041288547341400195, 3.192815963916276978 ) ) ;
#1309 = AXIS2_PLACEMENT_3D ( 'NONE', #2625, #2050, #1590 ) ;
#1310 = ORIENTED_EDGE ( 'NONE', *, *, #1748, .F. ) ;
#1311 = VERTEX_POINT ( 'NONE', #1206 ) ;
#1312 = CARTESIAN_POINT ( 'NONE',  ( 1.155474782021391311, 0.9942818688304284613, 4.448464305382564987 ) ) ;
#1313 = DIRECTION ( 'NONE',  ( -0.000000000000000000, -1.000000000000000000, -0.000000000000000000 ) ) ;
#1314 = PERSON_AND_ORGANIZATION_ROLE ( 'classification_officer' ) ;
#1315 = EDGE_LOOP ( 'NONE', ( #1051, #1310 ) ) ;
#1316 = CARTESIAN_POINT ( 'NONE',  ( 2.122854036187092674, 1.255661369095923297, -1.672069326141569556 ) ) ;
#1317 = FACE_BOUND ( 'NONE', #1390, .T. ) ;
#1318 = ORIENTED_EDGE ( 'NONE', *, *, #1833, .F. ) ;
#1319 = CARTESIAN_POINT ( 'NONE',  ( 1.625000000000000888, 0.000000000000000000, 4.249999999999998224 ) ) ;
#1320 = CARTESIAN_POINT ( 'NONE',  ( 1.130421761699266670, 0.4057211262374454397, 4.405706137025338975 ) ) ;
#1321 = LINE ( 'NONE', #1506, #1568 ) ;
#1322 = EDGE_CURVE ( 'NONE', #881, #2323, #1746, .T. ) ;
#1323 = CARTESIAN_POINT ( 'NONE',  ( 1.291375334123776808, 1.021466377480907850, 4.445616192023554625 ) ) ;
#1324 = CARTESIAN_POINT ( 'NONE',  ( 2.072795635499913747, 1.124999999999999778, -1.571716280520117470 ) ) ;
#1325 = VERTEX_POINT ( 'NONE', #1247 ) ;
#1326 = CARTESIAN_POINT ( 'NONE',  ( 1.264960629999999586, 0.5249999999999999112, -1.825629139790877042 ) ) ;
#1327 = CARTESIAN_POINT ( 'NONE',  ( 2.260344483381699021, 0.5160469935326917890, -1.549209493184902309 ) ) ;
#1328 = CARTESIAN_POINT ( 'NONE',  ( 2.812500000000000000, 1.649999999999999911, 2.249999999999999556 ) ) ;
#1329 = FACE_BOUND ( 'NONE', #1336, .T. ) ;
#1330 = EDGE_LOOP ( 'NONE', ( #2412, #2537, #189, #1722 ) ) ;
#1331 = CYLINDRICAL_SURFACE ( 'NONE', #117, 1.750000000000000000 ) ;
#1332 = CARTESIAN_POINT ( 'NONE',  ( 0.6622047249999997165, 1.124999999999999778, 4.430761531551600463 ) ) ;
#1333 = CARTESIAN_POINT ( 'NONE',  ( 2.672484126082929290, 1.021372225181661264, 3.179399680382990923 ) ) ;
#1334 = VERTEX_POINT ( 'NONE', #2496 ) ;
#1335 = CARTESIAN_POINT ( 'NONE',  ( 0.9377952749999993731, 0.5430198037066905625, 4.433897057353490823 ) ) ;
#1336 = EDGE_LOOP ( 'NONE', ( #392, #2455 ) ) ;
#1337 = CARTESIAN_POINT ( 'NONE',  ( 2.198495263855275716, 0.4057211262374452176, -1.586362852855548677 ) ) ;
#1338 = CARTESIAN_POINT ( 'NONE',  ( 2.392682060241281938, 0.5250000000000000222, 3.527693138930959371 ) ) ;
#1339 = CARTESIAN_POINT ( 'NONE',  ( 4.000000000000000888, 1.649999999999999911, 2.249999999999999556 ) ) ;
#1340 = EDGE_LOOP ( 'NONE', ( #82, #1769, #377, #1208 ) ) ;
#1341 = DIRECTION ( 'NONE',  ( -1.000000000000000000, 0.000000000000000000, 0.000000000000000000 ) ) ;
#1342 = CARTESIAN_POINT ( 'NONE',  ( 0.8614881195300277961, 1.248650771696695472, 4.404617238758278930 ) ) ;
#1343 = CIRCLE ( 'NONE', #113, 0.06496062999999985266 ) ;
#1344 = CIRCLE ( 'NONE', #1692, 0.06496063000000011634 ) ;
#1345 = CARTESIAN_POINT ( 'NONE',  ( 0.7999999999999997113, 1.124999999999999778, -1.825629139790877042 ) ) ;
#1346 = ADVANCED_FACE ( 'NONE', ( #1222 ), #786, .F. ) ;
#1347 = CIRCLE ( 'NONE', #306, 1.750000000000000222 ) ;
#1348 = CARTESIAN_POINT ( 'NONE',  ( 1.062204725000000405, 1.116097807472997472, 4.432310552551840921 ) ) ;
#1349 = AXIS2_PLACEMENT_3D ( 'NONE', #1106, #1971, #942 ) ;
#1350 = DIRECTION ( 'NONE',  ( 0.5999999999999972022, 0.000000000000000000, -0.8000000000000019318 ) ) ;
#1351 = VECTOR ( 'NONE', #1662, 39.37007874015748143 ) ;
#1352 = VERTEX_POINT ( 'NONE', #2467 ) ;
#1353 = CARTESIAN_POINT ( 'NONE',  ( 2.072795635499913747, 0.5250000000000000222, -1.571716280520117470 ) ) ;
#1354 = CARTESIAN_POINT ( 'NONE',  ( 2.556774252975718476, 0.5159331531562300066, 3.306274095981787564 ) ) ;
#1355 = PERSON ( 'UNSPECIFIED', 'UNSPECIFIED', 'UNSPECIFIED', ('UNSPECIFIED'), ('UNSPECIFIED'), ('UNSPECIFIED') ) ;
#1356 = EDGE_LOOP ( 'NONE', ( #314, #24, #176, #1093 ) ) ;
#1357 = CARTESIAN_POINT ( 'NONE',  ( 2.708146849048389093, 0.6583273434689143055, 3.136993068105723204 ) ) ;
#1358 = LINE ( 'NONE', #1195, #1565 ) ;
#1359 = FACE_OUTER_BOUND ( 'NONE', #708, .T. ) ;
#1360 = DIRECTION ( 'NONE',  ( -0.5999999999999997558, -0.000000000000000000, 0.8000000000000001554 ) ) ;
#1361 = B_SPLINE_CURVE_WITH_KNOTS ( 'NONE', 3,
 ( #1794, #1582, #1376, #2207, #2564, #1533, #1243, #1217, #2627, #2025, #1592, #1430, #2437, #576, #1804, #1202, #2265, #1024, #620, #822, #1622, #1401, #1853, #995, #2449, #2637, #2675, #589, #1606, #1651, #1010, #985 ),
 .UNSPECIFIED., .F., .F.,
 ( 4, 2, 2, 2, 2, 2, 2, 2, 2, 2, 2, 2, 2, 2, 2, 4 ),
 ( 3.469446951953614189E-18, 0.0006912712674339995629, 0.001382542534867995656, 0.002073813802301991641, 0.002765085069735987843, 0.003456356337169984045, 0.004147627604603979813, 0.005530170139471967013, 0.006221441406905964082, 0.006912712674339963753, 0.007603983941773961690, 0.008295255209207959626, 0.008986526476641958430, 0.009677797744075957234, 0.01036906901150995604, 0.01106034027894395311 ),
 .UNSPECIFIED. ) ;
#1362 = ORIENTED_EDGE ( 'NONE', *, *, #1058, .F. ) ;
#1363 = CARTESIAN_POINT ( 'NONE',  ( 2.250756281761485678, 0.4808698583333569920, -1.550236753050739713 ) ) ;
#1364 = CARTESIAN_POINT ( 'NONE',  ( 4.000000000000000888, 0.000000000000000000, 2.249999999999999556 ) ) ;
#1365 = CARTESIAN_POINT ( 'NONE',  ( 2.540430286055757492, 0.4642390298688995887, 3.311258904015397242 ) ) ;
#1366 = ORIENTED_EDGE ( 'NONE', *, *, #566, .F. ) ;
#1367 = CARTESIAN_POINT ( 'NONE',  ( 1.235891357711794258, 1.258347354197576040, 4.402165556522614764 ) ) ;
#1368 = CARTESIAN_POINT ( 'NONE',  ( 0.7816182518931227285, 1.261864536868799069, 4.401262742590443366 ) ) ;
#1369 = EDGE_CURVE ( 'NONE', #1841, #658, #1234, .T. ) ;
#1370 = DIRECTION ( 'NONE',  ( -0.6427876096865443589, 0.000000000000000000, -0.7660444431189737946 ) ) ;
#1371 = DIRECTION ( 'NONE',  ( 0.000000000000000000, 0.000000000000000000, 1.000000000000000000 ) ) ;
#1372 = EDGE_CURVE ( 'NONE', #1739, #422, #1835, .T. ) ;
#1373 = DIRECTION ( 'NONE',  ( -0.7660444431189737946, 0.000000000000000000, 0.6427876096865445810 ) ) ;
#1374 = ADVANCED_FACE ( 'NONE', ( #2654, #2441 ), #2669, .F. ) ;
#1375 = VERTEX_POINT ( 'NONE', #2453 ) ;
#1376 = CARTESIAN_POINT ( 'NONE',  ( 0.9369092104290294154, 0.5070282871539261160, 4.427560747294207566 ) ) ;
#1377 = DIRECTION ( 'NONE',  ( 0.7660444431189736836, 0.000000000000000000, -0.6427876096865444699 ) ) ;
#1378 = LINE ( 'NONE', #1339, #1252 ) ;
#1379 = EDGE_CURVE ( 'NONE', #9, #441, #1671, .T. ) ;
#1380 = ORIENTED_EDGE ( 'NONE', *, *, #1665, .F. ) ;
#1381 = CARTESIAN_POINT ( 'NONE',  ( 2.740809780529018802, 0.6619078905581489147, 3.094007232308940036 ) ) ;
#1382 = CARTESIAN_POINT ( 'NONE',  ( 2.693427165000001455, 0.5250000000000000222, 2.908763779999999688 ) ) ;
#1383 = CARTESIAN_POINT ( 'NONE',  ( 2.370750000000001911, 1.124999999999999778, 3.338999999999999524 ) ) ;
#1384 = CARTESIAN_POINT ( 'NONE',  ( 2.157937492680392033, 0.6557358812168130324, -1.701220329454032232 ) ) ;
#1385 = DIRECTION ( 'NONE',  ( -0.5999999999999997558, -0.000000000000000000, 0.8000000000000001554 ) ) ;
#1386 = CIRCLE ( 'NONE', #211, 0.06496063000000011634 ) ;
#1387 = VECTOR ( 'NONE', #1105, 39.37007874015748143 ) ;
#1388 = CIRCLE ( 'NONE', #1307, 0.06496063000000029675 ) ;
#1389 = AXIS2_PLACEMENT_3D ( 'NONE', #631, #1500, #10 ) ;
#1390 = EDGE_LOOP ( 'NONE', ( #727, #2127 ) ) ;
#1391 = DIRECTION ( 'NONE',  ( -0.5999999999999994227, 0.000000000000000000, 0.8000000000000004885 ) ) ;
#1392 = CARTESIAN_POINT ( 'NONE',  ( 2.495513745847178999, 0.9872089288445272670, 3.421204523403159836 ) ) ;
#1393 = CARTESIAN_POINT ( 'NONE',  ( 2.072795635499913747, 1.124999999999999778, -1.571716280520117470 ) ) ;
#1394 = ORIENTED_EDGE ( 'NONE', *, *, #2260, .T. ) ;
#1395 = CARTESIAN_POINT ( 'NONE',  ( 2.800650887109857656, 0.5609879165796023415, 2.993663176697759720 ) ) ;
#1396 = CARTESIAN_POINT ( 'NONE',  ( 0.9377952749999997062, 1.134064344815648440, 4.429184295333641330 ) ) ;
#1397 = DIRECTION ( 'NONE',  ( -0.000000000000000000, -1.000000000000000000, -0.000000000000000000 ) ) ;
#1398 = CARTESIAN_POINT ( 'NONE',  ( 2.250141053548504910, 0.6156687138106839985, -1.584566537484823234 ) ) ;
#1399 = CARTESIAN_POINT ( 'NONE',  ( 0.000000000000000000, 1.649999999999999911, 3.999999999999999556 ) ) ;
#1400 = ORIENTED_EDGE ( 'NONE', *, *, #2102, .T. ) ;
#1401 = CARTESIAN_POINT ( 'NONE',  ( 0.7154940488746707183, 0.4157877058408691595, 4.408158717351473577 ) ) ;
#1402 = DIRECTION ( 'NONE',  ( -0.6427876096865451361, 0.000000000000000000, -0.7660444431189731285 ) ) ;
#1403 = DATE_AND_TIME ( #2439, #421 ) ;
#1404 = CIRCLE ( 'NONE', #2168, 0.06496062999999989429 ) ;
#1405 = ORIENTED_EDGE ( 'NONE', *, *, #1941, .F. ) ;
#1406 = DIRECTION ( 'NONE',  ( 0.8000000000000002665, 0.000000000000000000, 0.5999999999999996447 ) ) ;
#1407 = CARTESIAN_POINT ( 'NONE',  ( 2.440731145208230757, 1.261864536868799069, 3.414463044039767858 ) ) ;
#1408 = EDGE_CURVE ( 'NONE', #1852, #2402, #2173, .T. ) ;
#1409 = CARTESIAN_POINT ( 'NONE',  ( 1.062204724999999739, 0.5338967764596400656, 4.432309610132085353 ) ) ;
#1410 = EDGE_CURVE ( 'NONE', #1249, #2300, #632, .T. ) ;
#1411 = CARTESIAN_POINT ( 'NONE',  ( 2.409726377999999780, 0.5250000000000000222, 2.787031495999998665 ) ) ;
#1412 = DIRECTION ( 'NONE',  ( -0.5999999999999994227, 0.000000000000000000, 0.8000000000000004885 ) ) ;
#1413 = CARTESIAN_POINT ( 'NONE',  ( 2.261537875562093181, 1.124999999999999778, -1.550210868123321095 ) ) ;
#1414 = ORIENTED_EDGE ( 'NONE', *, *, #1212, .F. ) ;
#1415 = CARTESIAN_POINT ( 'NONE',  ( 0.7999999999999997113, 0.5249999999999999112, 4.299999999999999822 ) ) ;
#1416 = CARTESIAN_POINT ( 'NONE',  ( 1.842982302564220021, 1.124999999999999778, -1.378879997614153474 ) ) ;
#1417 = PERSON_AND_ORGANIZATION_ROLE ( 'design_owner' ) ;
#1418 = ADVANCED_FACE ( 'NONE', ( #158, #2280 ), #2228, .F. ) ;
#1419 = VERTEX_POINT ( 'NONE', #841 ) ;
#1420 = CARTESIAN_POINT ( 'NONE',  ( 0.6622047249999997165, 0.5249999999999999112, 4.299999999999999822 ) ) ;
#1421 = FACE_OUTER_BOUND ( 'NONE', #1873, .T. ) ;
#1422 = EDGE_CURVE ( 'NONE', #269, #105, #2567, .T. ) ;
#1423 = ORIENTED_EDGE ( 'NONE', *, *, #1452, .F. ) ;
#1424 = CARTESIAN_POINT ( 'NONE',  ( 1.108512527317200513, 0.6284331060056815854, 4.445604812127771588 ) ) ;
#1425 = CARTESIAN_POINT ( 'NONE',  ( 1.062204724999999961, 1.124999999999999778, 4.299999999999999822 ) ) ;
#1426 = LINE ( 'NONE', #834, #1749 ) ;
#1427 = CARTESIAN_POINT ( 'NONE',  ( 2.632682060241281707, 1.124999999999999778, 3.207693138930959087 ) ) ;
#1428 = CARTESIAN_POINT ( 'NONE',  ( 2.243025656104224552, 1.021372225181661264, -1.595399605355204198 ) ) ;
#1429 = ORIENTED_EDGE ( 'NONE', *, *, #848, .T. ) ;
#1430 = CARTESIAN_POINT ( 'NONE',  ( 0.8696457587922101773, 0.4057570244171084806, 4.405715097914437273 ) ) ;
#1431 = DIRECTION ( 'NONE',  ( 1.000000000000000000, 0.000000000000000000, 1.665334536937734318E-16 ) ) ;
#1432 = COORDINATED_UNIVERSAL_TIME_OFFSET ( 8, 0, .BEHIND. ) ;
#1433 = AXIS2_PLACEMENT_3D ( 'NONE', #190, #2640, #1028 ) ;
#1434 = ORIENTED_EDGE ( 'NONE', *, *, #2493, .F. ) ;
#1435 = DIRECTION ( 'NONE',  ( -0.000000000000000000, -0.000000000000000000, -1.000000000000000000 ) ) ;
#1436 = AXIS2_PLACEMENT_3D ( 'NONE', #1168, #556, #970 ) ;
#1437 = FACE_OUTER_BOUND ( 'NONE', #2533, .T. ) ;
#1438 = AXIS2_PLACEMENT_3D ( 'NONE', #2154, #1801, #2623 ) ;
#1439 = VERTEX_POINT ( 'NONE', #1626 ) ;
#1440 = CARTESIAN_POINT ( 'NONE',  ( 1.164043654944452832, 0.6583273434689143055, 4.448713320102144486 ) ) ;
#1441 = CARTESIAN_POINT ( 'NONE',  ( 0.7350393699999995256, 1.124999999999999778, -1.825629139790877042 ) ) ;
#1442 = CARTESIAN_POINT ( 'NONE',  ( 1.138510326786126736, 0.4013509764935153101, 4.404617665772132540 ) ) ;
#1443 = CARTESIAN_POINT ( 'NONE',  ( 2.181192771180206602, 0.9872089288445272670, -1.674544471800852863 ) ) ;
#1444 = ORIENTED_EDGE ( 'NONE', *, *, #903, .T. ) ;
#1445 = DIRECTION ( 'NONE',  ( -0.8000000000000001554, 0.000000000000000000, -0.5999999999999997558 ) ) ;
#1446 = CARTESIAN_POINT ( 'NONE',  ( -6.146657985744592735E-16, 0.8249999999999999556, 2.706667566594934016 ) ) ;
#1447 = ORIENTED_EDGE ( 'NONE', *, *, #968, .T. ) ;
#1448 = DIRECTION ( 'NONE',  ( -0.7660444431189739056, -0.000000000000000000, 0.6427876096865444699 ) ) ;
#1449 = CARTESIAN_POINT ( 'NONE',  ( 2.406529519047983179, 1.234140314901802871, 3.471587470344611681 ) ) ;
#1450 = ORIENTED_EDGE ( 'NONE', *, *, #446, .T. ) ;
#1451 = CARTESIAN_POINT ( 'NONE',  ( 2.649726377999999993, 1.124999999999999778, 2.967031495999998381 ) ) ;
#1452 = EDGE_CURVE ( 'NONE', #1803, #888, #971, .T. ) ;
#1453 = CARTESIAN_POINT ( 'NONE',  ( 2.748081382143251705, 0.4158888454759191999, 3.016196725259913336 ) ) ;
#1454 = DIRECTION ( 'NONE',  ( 0.5999999999999998668, 0.000000000000000000, -0.8000000000000001554 ) ) ;
#1455 = EDGE_CURVE ( 'NONE', #1852, #1679, #886, .T. ) ;
#1456 = ORIENTED_EDGE ( 'NONE', *, *, #2105, .T. ) ;
#1457 = CARTESIAN_POINT ( 'NONE',  ( 0.8357188904522286910, 0.6583904615623924483, 4.448719340358032071 ) ) ;
#1458 = ORIENTED_EDGE ( 'NONE', *, *, #903, .F. ) ;
#1459 = CARTESIAN_POINT ( 'NONE',  ( 1.905935891406655092, 0.000000000000000000, -1.692785788659584290 ) ) ;
#1460 = DIRECTION ( 'NONE',  ( -0.000000000000000000, -0.000000000000000000, -1.000000000000000000 ) ) ;
#1461 = EDGE_CURVE ( 'NONE', #717, #1554, #609, .T. ) ;
#1462 = CARTESIAN_POINT ( 'NONE',  ( 2.462620947522072168, 1.261899994729827501, 3.385261370470126430 ) ) ;
#1463 = ORIENTED_EDGE ( 'NONE', *, *, #86, .T. ) ;
#1464 = DIRECTION ( 'NONE',  ( 0.5999999999999987566, 0.000000000000000000, -0.8000000000000009326 ) ) ;
#1465 = CARTESIAN_POINT ( 'NONE',  ( 2.630067433431231283, 0.4894054914821261426, 3.200262122268149767 ) ) ;
#1466 = ORIENTED_EDGE ( 'NONE', *, *, #1782, .F. ) ;
#1467 = CARTESIAN_POINT ( 'NONE',  ( 2.331773622000000046, 0.5250000000000000222, 2.890968503999998163 ) ) ;
#1468 = CARTESIAN_POINT ( 'NONE',  ( 0.6759224395539158436, 0.5855983934897602827, 4.440235164635311982 ) ) ;
#1469 = AXIS2_PLACEMENT_3D ( 'NONE', #2373, #525, #1557 ) ;
#1470 = AXIS2_PLACEMENT_3D ( 'NONE', #516, #1575, #320 ) ;
#1471 = VERTEX_POINT ( 'NONE', #246 ) ;
#1472 = FACE_OUTER_BOUND ( 'NONE', #1776, .T. ) ;
#1473 = CARTESIAN_POINT ( 'NONE',  ( 0.7156833277633504187, 1.015640948593784509, 4.446259919426761797 ) ) ;
#1474 = CARTESIAN_POINT ( 'NONE',  ( 0.8649606299999997860, 0.5249999999999999112, 4.000000000000000000 ) ) ;
#1475 = VECTOR ( 'NONE', #1656, 39.37007874015748854 ) ;
#1476 = ORIENTED_EDGE ( 'NONE', *, *, #701, .F. ) ;
#1477 = AXIS2_PLACEMENT_3D ( 'NONE', #221, #438, #38 ) ;
#1478 = DIRECTION ( 'NONE',  ( 1.000000000000000000, 0.000000000000000000, 0.000000000000000000 ) ) ;
#1479 = AXIS2_PLACEMENT_3D ( 'NONE', #572, #361, #2444 ) ;
#1480 = DIRECTION ( 'NONE',  ( -0.5999999999999994227, 0.000000000000000000, 0.8000000000000004885 ) ) ;
#1481 = ORIENTED_EDGE ( 'NONE', *, *, #583, .F. ) ;
#1482 = ORIENTED_EDGE ( 'NONE', *, *, #1701, .T. ) ;
#1483 = LINE ( 'NONE', #419, #2391 ) ;
#1484 = PERSON_AND_ORGANIZATION ( #1355, #1302 ) ;
#1485 = EDGE_CURVE ( 'NONE', #861, #292, #256, .T. ) ;
#1486 = ORIENTED_EDGE ( 'NONE', *, *, #1687, .F. ) ;
#1487 = CARTESIAN_POINT ( 'NONE',  ( -6.829619984160658046E-16, 0.000000000000000000, 4.249999999999999112 ) ) ;
#1488 = CARTESIAN_POINT ( 'NONE',  ( 0.9308611621405837866, 1.080909960501633460, 4.437875474297430678 ) ) ;
#1489 = DIRECTION ( 'NONE',  ( 0.5999999999999997558, 0.000000000000000000, -0.8000000000000000444 ) ) ;
#1490 = EDGE_LOOP ( 'NONE', ( #1673, #1147, #801, #872 ) ) ;
#1491 = CARTESIAN_POINT ( 'NONE',  ( 4.563525338104459372, 0.8249999999999999556, 1.043332433405064652 ) ) ;
#1492 = CARTESIAN_POINT ( 'NONE',  ( 1.069154828912513233, 0.4808698583333568255, 4.422518990043301734 ) ) ;
#1493 = EDGE_CURVE ( 'NONE', #1807, #2555, #1077, .T. ) ;
#1494 = CYLINDRICAL_SURFACE ( 'NONE', #2044, 0.1377952749999998006 ) ;
#1495 = EDGE_CURVE ( 'NONE', #1965, #455, #1102, .T. ) ;
#1496 = ORIENTED_EDGE ( 'NONE', *, *, #2056, .F. ) ;
#1497 = ORIENTED_EDGE ( 'NONE', *, *, #2486, .T. ) ;
#1498 = CYLINDRICAL_SURFACE ( 'NONE', #33, 0.1377952750000001336 ) ;
#1499 = ORIENTED_EDGE ( 'NONE', *, *, #1833, .T. ) ;
#1500 = DIRECTION ( 'NONE',  ( 0.000000000000000000, 0.000000000000000000, 1.000000000000000000 ) ) ;
#1501 = CARTESIAN_POINT ( 'NONE',  ( 0.8844398334773427850, 1.015730155404007906, 4.446250269898171403 ) ) ;
#1502 = FACE_BOUND ( 'NONE', #580, .T. ) ;
#1503 = ORIENTED_EDGE ( 'NONE', *, *, #2108, .F. ) ;
#1504 = CARTESIAN_POINT ( 'NONE',  ( 1.062204724999999961, 1.124999999999999778, 4.430761531551600463 ) ) ;
#1505 = CARTESIAN_POINT ( 'NONE',  ( 1.063097021262933817, 0.5069656867920804277, 4.427549332285252603 ) ) ;
#1506 = CARTESIAN_POINT ( 'NONE',  ( 2.693427165000001455, 1.124999999999999778, 2.908763779999999688 ) ) ;
#1507 = CARTESIAN_POINT ( 'NONE',  ( 2.085592949074138946, 1.115987934974272289, -1.762333458040858059 ) ) ;
#1508 = CC_DESIGN_PERSON_AND_ORGANIZATION_ASSIGNMENT ( #144, #2289, ( #956 ) ) ;
#1509 = VERTEX_POINT ( 'NONE', #1328 ) ;
#1510 = CARTESIAN_POINT ( 'NONE',  ( 1.218082291005596396, 0.9880921810708820363, 4.449052187985237161 ) ) ;
#1511 = CARTESIAN_POINT ( 'NONE',  ( 0.6622047249999997165, 1.124999999999999778, 4.299999999999999822 ) ) ;
#1512 = ORIENTED_EDGE ( 'NONE', *, *, #1250, .T. ) ;
#1513 = DIRECTION ( 'NONE',  ( -0.6427876096865451361, 0.000000000000000000, -0.7660444431189730174 ) ) ;
#1514 = CARTESIAN_POINT ( 'NONE',  ( 0.7554747820213906229, 0.9942818688304281283, 4.448464305382563211 ) ) ;
#1515 = DIRECTION ( 'NONE',  ( 0.8000000000000002665, 0.000000000000000000, 0.5999999999999996447 ) ) ;
#1516 = AXIS2_PLACEMENT_3D ( 'NONE', #1153, #966, #1141 ) ;
#1517 = FACE_BOUND ( 'NONE', #588, .T. ) ;
#1518 = CIRCLE ( 'NONE', #698, 0.06496063000000011634 ) ;
#1519 = CARTESIAN_POINT ( 'NONE',  ( 1.090121561553328622, 0.4413693102295680459, 4.414117595967861796 ) ) ;
#1520 = VECTOR ( 'NONE', #2503, 39.37007874015748143 ) ;
#1521 = EDGE_CURVE ( 'NONE', #2361, #1807, #829, .T. ) ;
#1522 = CIRCLE ( 'NONE', #79, 0.06496062999999990817 ) ;
#1523 = VECTOR ( 'NONE', #1617, 39.37007874015748143 ) ;
#1524 = CARTESIAN_POINT ( 'NONE',  ( 2.740841124991549194, 0.9880921810708828135, 3.093965479986664491 ) ) ;
#1525 = CARTESIAN_POINT ( 'NONE',  ( 2.116303769691345593, 1.034241921059344316, -1.744084380116208033 ) ) ;
#1526 = AXIS2_PLACEMENT_3D ( 'NONE', #2553, #1733, #473 ) ;
#1527 = VERTEX_POINT ( 'NONE', #325 ) ;
#1528 = VERTEX_POINT ( 'NONE', #1767 ) ;
#1529 = CARTESIAN_POINT ( 'NONE',  ( 1.337795274999999506, 1.115987934974271845, 4.432329670854138648 ) ) ;
#1530 = CARTESIAN_POINT ( 'NONE',  ( 1.625000000000000888, 1.649999999999999911, 4.249999999999998224 ) ) ;
#1531 = ORIENTED_EDGE ( 'NONE', *, *, #1576, .F. ) ;
#1532 = CARTESIAN_POINT ( 'NONE',  ( 2.091259652081210341, 0.5609879165796021194, -1.762408130455672906 ) ) ;
#1533 = CARTESIAN_POINT ( 'NONE',  ( 0.9240010484211351738, 0.4642390298688993666, 4.419099571253843450 ) ) ;
#1534 = DIRECTION ( 'NONE',  ( 0.5999999999999994227, 0.000000000000000000, -0.8000000000000004885 ) ) ;
#1535 = DIRECTION ( 'NONE',  ( 0.000000000000000000, 0.000000000000000000, 1.000000000000000000 ) ) ;
#1536 = ORIENTED_EDGE ( 'NONE', *, *, #1701, .F. ) ;
#1537 = CARTESIAN_POINT ( 'NONE',  ( 1.063069118441545946, 1.142846830381547329, 4.427584243481563320 ) ) ;
#1538 = CARTESIAN_POINT ( 'NONE',  ( 1.984222540056563400, 1.124999999999999778, -1.677273585221918273 ) ) ;
#1539 = CARTESIAN_POINT ( 'NONE',  ( 2.708182557434464677, 0.9916553136748756936, 3.136948222058509206 ) ) ;
#1540 = EDGE_LOOP ( 'NONE', ( #2603, #2502, #207, #1287 ) ) ;
#1541 = DIRECTION ( 'NONE',  ( 1.000000000000000000, 0.000000000000000000, 0.000000000000000000 ) ) ;
#1542 = ADVANCED_FACE ( 'NONE', ( #757 ), #548, .F. ) ;
#1543 = ORIENTED_EDGE ( 'NONE', *, *, #1665, .T. ) ;
#1544 = CARTESIAN_POINT ( 'NONE',  ( 2.468146849048389324, 0.6583273434689143055, 3.456993068105723488 ) ) ;
#1545 = CARTESIAN_POINT ( 'NONE',  ( 2.413567966639834417, 0.4057211262374454397, 3.458086272855789733 ) ) ;
#1546 = VERTEX_POINT ( 'NONE', #77 ) ;
#1547 = ADVANCED_FACE ( 'NONE', ( #290 ), #1795, .F. ) ;
#1548 = CARTESIAN_POINT ( 'NONE',  ( 1.138288739153660245, 1.248536824568107662, 4.404645671960440545 ) ) ;
#1549 = CARTESIAN_POINT ( 'NONE',  ( 0.8844054541839654338, 1.234292065752937262, 4.408139548505060290 ) ) ;
#1550 = PLANE ( 'NONE',  #2609 ) ;
#1551 = CARTESIAN_POINT ( 'NONE',  ( 1.063086704387882664, 1.107046995331611994, 4.433812155042122782 ) ) ;
#1552 = DIRECTION ( 'NONE',  ( -0.7660444431189737946, 0.000000000000000000, 0.6427876096865442479 ) ) ;
#1553 = B_SPLINE_CURVE_WITH_KNOTS ( 'NONE', 3,
 ( #1504, #68, #1537, #2335, #1745, #714, #2366, #541, #135, #2390, #318, #761, #1548, #2592, #1781, #530, #1152, #1573, #2200, #1367, #106, #1978, #731, #551, #2403, #294, #84, #2376, #1124, #2004, #1954, #1560, #97, #119 ),
 .UNSPECIFIED., .F., .F.,
 ( 4, 2, 2, 2, 2, 2, 2, 2, 2, 2, 2, 2, 2, 2, 2, 2, 4 ),
 ( 0.01099622584882957964, 0.01168747684457799481, 0.01237872784032640998, 0.01306997883607482341, 0.01376122983182323858, 0.01445248082757165375, 0.01514373182332006892, 0.01583498281906848409, 0.01652623381481689926, 0.01721748481056531443, 0.01790873580631371920, 0.01859998680206212396, 0.01929123779781052872, 0.01998248879355893348, 0.02067373978930733824, 0.02136499078505574301, 0.02205624178080414777 ),
 .UNSPECIFIED. ) ;
#1554 = VERTEX_POINT ( 'NONE', #1159 ) ;
#1555 = CARTESIAN_POINT ( 'NONE',  ( 2.209969398230023696, 0.4157877058408692150, -1.576504049643191463 ) ) ;
#1556 = CARTESIAN_POINT ( 'NONE',  ( 2.548464799939173187, 0.6158298950497668178, 3.342270073751003601 ) ) ;
#1557 = DIRECTION ( 'NONE',  ( 1.000000000000000000, 0.000000000000000000, 0.000000000000000000 ) ) ;
#1558 = DIRECTION ( 'NONE',  ( 0.8000000000000002665, 0.000000000000000000, 0.5999999999999996447 ) ) ;
#1559 = ORIENTED_EDGE ( 'NONE', *, *, #2260, .F. ) ;
#1560 = CARTESIAN_POINT ( 'NONE',  ( 1.336909490199497563, 1.143017518378448116, 4.427552774077078368 ) ) ;
#1561 = CARTESIAN_POINT ( 'NONE',  ( 0.8358913577117933480, 1.258347354197575818, 4.402165556522613876 ) ) ;
#1562 = CIRCLE ( 'NONE', #1650, 0.06496063000000011634 ) ;
#1563 = DIRECTION ( 'NONE',  ( 1.000000000000000000, 0.000000000000000000, 0.000000000000000000 ) ) ;
#1564 = VECTOR ( 'NONE', #2195, 39.37007874015748143 ) ;
#1565 = VECTOR ( 'NONE', #2414, 39.37007874015748143 ) ;
#1566 = AXIS2_PLACEMENT_3D ( 'NONE', #1633, #747, #486 ) ;
#1567 = LINE ( 'NONE', #2611, #342 ) ;
#1568 = VECTOR ( 'NONE', #2326, 39.37007874015748854 ) ;
#1569 = ORIENTED_EDGE ( 'NONE', *, *, #646, .F. ) ;
#1570 = CARTESIAN_POINT ( 'NONE',  ( 2.560544810882796618, 0.5430198037066910066, 3.309102014412097059 ) ) ;
#1571 = DIRECTION ( 'NONE',  ( -1.000000000000000000, -0.000000000000000000, -0.000000000000000000 ) ) ;
#1572 = VERTEX_POINT ( 'NONE', #2410 ) ;
#1573 = CARTESIAN_POINT ( 'NONE',  ( 1.208996348678383903, 1.262807006203082061, 4.401018482275976140 ) ) ;
#1574 = LINE ( 'NONE', #136, #745 ) ;
#1575 = DIRECTION ( 'NONE',  ( 0.8000000000000002665, 0.000000000000000000, 0.5999999999999996447 ) ) ;
#1576 = EDGE_CURVE ( 'NONE', #1554, #1027, #2001, .T. ) ;
#1577 = CARTESIAN_POINT ( 'NONE',  ( 2.230263309899477964, 0.6443893131147170328, -1.613258358457417829 ) ) ;
#1578 = EDGE_CURVE ( 'NONE', #1205, #2222, #1615, .T. ) ;
#1579 = VECTOR ( 'NONE', #978, 39.37007874015748143 ) ;
#1580 = CARTESIAN_POINT ( 'NONE',  ( 0.000000000000000000, 1.649999999999999911, 3.999999999999999556 ) ) ;
#1581 = EDGE_LOOP ( 'NONE', ( #1916, #1098 ) ) ;
#1582 = CARTESIAN_POINT ( 'NONE',  ( 0.9377952749999997062, 0.5159331531562300066, 4.429183859969646697 ) ) ;
#1583 = CARTESIAN_POINT ( 'NONE',  ( 2.161368730943263650, 0.5250000000000000222, -1.466158975818316446 ) ) ;
#1584 = CARTESIAN_POINT ( 'NONE',  ( 2.554944124092784818, 0.5070282871539264491, 3.306009080033300407 ) ) ;
#1585 = EDGE_LOOP ( 'NONE', ( #1123, #1655, #1298, #2636 ) ) ;
#1586 = CARTESIAN_POINT ( 'NONE',  ( 2.677099791633815062, 0.6342834882876730029, 3.174286481635045121 ) ) ;
#1587 = CARTESIAN_POINT ( 'NONE',  ( 0.9369094901994973190, 1.143017518378448116, 4.427552774077077480 ) ) ;
#1588 = FACE_BOUND ( 'NONE', #1980, .T. ) ;
#1589 = CARTESIAN_POINT ( 'NONE',  ( 2.112046493506069211, 0.6088763034043427336, -1.747854402918747274 ) ) ;
#1590 = DIRECTION ( 'NONE',  ( -1.000000000000000000, 0.000000000000000000, 0.000000000000000000 ) ) ;
#1591 = ORIENTED_EDGE ( 'NONE', *, *, #1941, .T. ) ;
#1592 = CARTESIAN_POINT ( 'NONE',  ( 0.8846414490780190043, 0.4158888454759189224, 4.408183140870548300 ) ) ;
#1593 = CARTESIAN_POINT ( 'NONE',  ( 2.530238113499661878, 1.005594779920926163, 3.371901954990311978 ) ) ;
#1594 = DIRECTION ( 'NONE',  ( -0.5999999999999994227, 0.000000000000000000, 0.8000000000000004885 ) ) ;
#1595 = CIRCLE ( 'NONE', #1992, 0.1377952749999999393 ) ;
#1596 = ORIENTED_EDGE ( 'NONE', *, *, #2230, .F. ) ;
#1597 = CARTESIAN_POINT ( 'NONE',  ( 2.791199642281022353, 0.6088763034043426225, 3.017212650849570021 ) ) ;
#1598 = CARTESIAN_POINT ( 'NONE',  ( 1.135039369999999881, 0.5249999999999999112, -1.825629139790877042 ) ) ;
#1599 = CARTESIAN_POINT ( 'NONE',  ( 2.114551523581345904, 1.124999999999999778, -1.521953550887109596 ) ) ;
#1600 = EDGE_CURVE ( 'NONE', #564, #157, #538, .T. ) ;
#1601 = CARTESIAN_POINT ( 'NONE',  ( 2.906802006744427125, 1.649999999999999911, -0.5000000000000004441 ) ) ;
#1602 = CARTESIAN_POINT ( 'NONE',  ( 1.324001048421135751, 0.4642390298688996442, 4.419099571253844339 ) ) ;
#1603 = AXIS2_PLACEMENT_3D ( 'NONE', #2511, #649, #25 ) ;
#1604 = CIRCLE ( 'NONE', #789, 0.06496062999999997756 ) ;
#1605 = ORIENTED_EDGE ( 'NONE', *, *, #1619, .T. ) ;
#1606 = CARTESIAN_POINT ( 'NONE',  ( 0.6665807622442175839, 0.4894054914821259206, 4.424211220105874531 ) ) ;
#1607 = CARTESIAN_POINT ( 'NONE',  ( 2.399953803690169973, 1.089495682314153280, 3.527706462579699664 ) ) ;
#1608 = CARTESIAN_POINT ( 'NONE',  ( 2.396117013706289267, 0.4413693102295680459, 3.495373308338054485 ) ) ;
#1609 = EDGE_CURVE ( 'NONE', #2003, #2268, #1847, .T. ) ;
#1610 = EDGE_LOOP ( 'NONE', ( #230, #513, #634, #1496 ) ) ;
#1611 = CARTESIAN_POINT ( 'NONE',  ( 2.261537875562093181, 1.124999999999999778, -1.550210868123321095 ) ) ;
#1612 = ADVANCED_FACE ( 'NONE', ( #782 ), #996, .F. ) ;
#1613 = CARTESIAN_POINT ( 'NONE',  ( 2.409726378000000668, 1.124999999999999778, 3.287031495999998665 ) ) ;
#1614 = CARTESIAN_POINT ( 'NONE',  ( 1.244477726185919453, 0.6557358812168129214, 4.448466044628895055 ) ) ;
#1615 = B_SPLINE_CURVE_WITH_KNOTS ( 'NONE', 3,
 ( #1338, #924, #94, #1777, #2165, #304, #132, #945, #2363, #1758, #499, #2578, #524, #1136, #1544, #934, #2208, #337, #1176, #973, #2182, #1963, #1805, #728, #1149, #1556, #2385, #1974, #2601, #743, #1570, #2400 ),
 .UNSPECIFIED., .F., .F.,
 ( 4, 2, 2, 2, 2, 2, 2, 2, 2, 2, 2, 2, 2, 2, 2, 4 ),
 ( 0.01106034027894394964, 0.01174726996695312636, 0.01243419965496230135, 0.01312112934297147808, 0.01380805903098065307, 0.01449498871898982980, 0.01518191840699900652, 0.01586884809500819365, 0.01655577778301738079, 0.01724270747102657139, 0.01792963715903575853, 0.01861656684704494566, 0.01930349653505413626, 0.01999042622306332340, 0.02067735591107251053, 0.02205121528709088827 ),
 .UNSPECIFIED. ) ;
#1616 = DIRECTION ( 'NONE',  ( 1.000000000000000000, 0.000000000000000000, 0.000000000000000000 ) ) ;
#1617 = DIRECTION ( 'NONE',  ( 1.000000000000000000, -0.000000000000000000, 4.162815990345542966E-16 ) ) ;
#1618 = CARTESIAN_POINT ( 'NONE',  ( 1.500000000000000888, 0.000000000000000000, 3.999999999999999556 ) ) ;
#1619 = EDGE_CURVE ( 'NONE', #1352, #2153, #1388, .T. ) ;
#1620 = CARTESIAN_POINT ( 'NONE',  ( 2.130552963336826089, 1.015730155404007906, -1.730408807137185034 ) ) ;
#1621 = ORIENTED_EDGE ( 'NONE', *, *, #1182, .F. ) ;
#1622 = CARTESIAN_POINT ( 'NONE',  ( 0.7304217616992665363, 0.4057211262374452732, 4.405706137025338975 ) ) ;
#1623 = CARTESIAN_POINT ( 'NONE',  ( 2.559943114014615162, 1.107110084966378860, 3.309745354112827886 ) ) ;
#1624 = CARTESIAN_POINT ( 'NONE',  ( 2.392682060241281938, 0.5250000000000000222, 3.527693138930959371 ) ) ;
#1625 = EDGE_LOOP ( 'NONE', ( #1256, #1848, #2029, #2158 ) ) ;
#1626 = CARTESIAN_POINT ( 'NONE',  ( 2.528072835000001906, 0.5250000000000000222, 3.129236219999999680 ) ) ;
#1627 = CARTESIAN_POINT ( 'NONE',  ( 2.417439781060549908, 1.248536824568107217, 3.451156411853335548 ) ) ;
#1628 = ADVANCED_FACE ( 'NONE', ( #1231 ), #2237, .F. ) ;
#1629 = ORIENTED_EDGE ( 'NONE', *, *, #2311, .T. ) ;
#1630 = CARTESIAN_POINT ( 'NONE',  ( 1.304012820962700436, 0.6158298950497663737, 4.444133884201939111 ) ) ;
#1631 = FACE_OUTER_BOUND ( 'NONE', #1340, .T. ) ;
#1632 = DIRECTION ( 'NONE',  ( 0.7660444431189736836, 0.000000000000000000, -0.6427876096865444699 ) ) ;
#1633 = CARTESIAN_POINT ( 'NONE',  ( 0.7999999999999997113, 1.124999999999999778, 4.299999999999999822 ) ) ;
#1634 = ORIENTED_EDGE ( 'NONE', *, *, #583, .T. ) ;
#1635 = DIRECTION ( 'NONE',  ( 0.5999999999999997558, 0.000000000000000000, -0.8000000000000001554 ) ) ;
#1636 = LINE ( 'NONE', #2650, #1995 ) ;
#1637 =( CONVERSION_BASED_UNIT ( 'INCH', #1245 ) LENGTH_UNIT ( ) NAMED_UNIT ( #1773 ) );
#1638 = ORIENTED_EDGE ( 'NONE', *, *, #152, .T. ) ;
#1639 = DIRECTION ( 'NONE',  ( 1.000000000000000000, -0.000000000000000000, -8.468046336750996077E-17 ) ) ;
#1640 = CARTESIAN_POINT ( 'NONE',  ( 0.7350393699999995256, 1.124999999999999778, 4.000000000000000000 ) ) ;
#1641 = ORIENTED_EDGE ( 'NONE', *, *, #2379, .T. ) ;
#1642 = PLANE ( 'NONE',  #1264 ) ;
#1643 = CC_DESIGN_SECURITY_CLASSIFICATION ( #734, ( #690 ) ) ;
#1644 = CARTESIAN_POINT ( 'NONE',  ( 2.763273821832131993, 0.4343603783650398786, 3.003173598719903747 ) ) ;
#1645 = CARTESIAN_POINT ( 'NONE',  ( 2.812500000000000000, 0.000000000000000000, 2.249999999999999556 ) ) ;
#1646 = CARTESIAN_POINT ( 'NONE',  ( 1.181802777161484963, 0.3881078597300985922, 4.401255625759800338 ) ) ;
#1647 = AXIS2_PLACEMENT_3D ( 'NONE', #500, #2157, #1301 ) ;
#1648 = CARTESIAN_POINT ( 'NONE',  ( 2.141067223096588368, 1.005594779920925941, -1.719560750544851802 ) ) ;
#1649 = ORIENTED_EDGE ( 'NONE', *, *, #1297, .T. ) ;
#1650 = AXIS2_PLACEMENT_3D ( 'NONE', #1196, #763, #737 ) ;
#1651 = CARTESIAN_POINT ( 'NONE',  ( 0.6630970212629337945, 0.5069656867920804277, 4.427549332285252603 ) ) ;
#1652 = CARTESIAN_POINT ( 'NONE',  ( 2.538414116004943821, 1.015730155404007906, 3.359198295157028280 ) ) ;
#1653 = CARTESIAN_POINT ( 'NONE',  ( 2.390258089382151674, 0.4808698583333573251, 3.517187530895969250 ) ) ;
#1654 = AXIS2_PLACEMENT_3D ( 'NONE', #2252, #799, #1194 ) ;
#1655 = ORIENTED_EDGE ( 'NONE', *, *, #210, .T. ) ;
#1656 = DIRECTION ( 'NONE',  ( 0.5999999999999997558, 0.000000000000000000, -0.8000000000000000444 ) ) ;
#1657 = CARTESIAN_POINT ( 'NONE',  ( 2.396113477309317119, 1.208632545117943380, 3.495377917070747742 ) ) ;
#1658 = EDGE_CURVE ( 'NONE', #1375, #564, #1636, .T. ) ;
#1659 = ORIENTED_EDGE ( 'NONE', *, *, #297, .T. ) ;
#1660 = CARTESIAN_POINT ( 'NONE',  ( 1.130604807929289413, 0.6443893131147166997, 4.447329969923382365 ) ) ;
#1661 = EDGE_CURVE ( 'NONE', #2153, #1352, #787, .T. ) ;
#1662 = DIRECTION ( 'NONE',  ( 0.000000000000000000, 0.000000000000000000, 1.000000000000000000 ) ) ;
#1663 = EDGE_CURVE ( 'NONE', #964, #798, #1218, .T. ) ;
#1664 = CARTESIAN_POINT ( 'NONE',  ( 2.114551523581345904, 0.5250000000000000222, -1.521953550887109818 ) ) ;
#1665 = EDGE_CURVE ( 'NONE', #220, #396, #1347, .T. ) ;
#1666 = ORIENTED_EDGE ( 'NONE', *, *, #1099, .F. ) ;
#1667 = CARTESIAN_POINT ( 'NONE',  ( 0.8444777261859192086, 0.6557358812168131434, 4.448466044628895055 ) ) ;
#1668 = APPROVAL_DATE_TIME ( #2013, #471 ) ;
#1669 = EDGE_LOOP ( 'NONE', ( #153, #2581 ) ) ;
#1670 = CYLINDRICAL_SURFACE ( 'NONE', #527, 0.1377952749999998561 ) ;
#1671 = LINE ( 'NONE', #1420, #1827 ) ;
#1672 = CARTESIAN_POINT ( 'NONE',  ( 1.199999999999999734, 0.5249999999999999112, -1.825629139790877042 ) ) ;
#1673 = ORIENTED_EDGE ( 'NONE', *, *, #485, .T. ) ;
#1674 = CARTESIAN_POINT ( 'NONE',  ( 1.155233611095279889, 0.6556345089401385273, 4.448456191622938150 ) ) ;
#1675 = CARTESIAN_POINT ( 'NONE',  ( 2.686176947357142186, 0.3871983834719873174, 3.086797194999277405 ) ) ;
#1676 = CYLINDRICAL_SURFACE ( 'NONE', #1996, 1.750000000000000000 ) ;
#1677 = ORIENTED_EDGE ( 'NONE', *, *, #1813, .T. ) ;
#1678 = CARTESIAN_POINT ( 'NONE',  ( 0.6622047249999997165, 0.5249999999999999112, 4.430761531551600463 ) ) ;
#1679 = VERTEX_POINT ( 'NONE', #2054 ) ;
#1680 = CARTESIAN_POINT ( 'NONE',  ( 2.370750000000000579, 0.5250000000000000222, 3.338999999999999080 ) ) ;
#1681 = CARTESIAN_POINT ( 'NONE',  ( 0.7306402502254529807, 1.005593432120581943, 4.447331674798071788 ) ) ;
#1682 = FACE_OUTER_BOUND ( 'NONE', #2239, .T. ) ;
#1683 = ORIENTED_EDGE ( 'NONE', *, *, #2285, .F. ) ;
#1684 = DIRECTION ( 'NONE',  ( -0.5999999999999994227, 0.000000000000000000, 0.8000000000000004885 ) ) ;
#1685 = B_SPLINE_CURVE_WITH_KNOTS ( 'NONE', 3,
 ( #2106, #296, #1127, #1103, #1706, #1958, #716, #459, #1071, #237, #1114, #696, #907, #284, #929, #1524, #1903, #2356, #1922, #1539, #1764, #1291, #70, #252, #1333, #2542, #1308, #46, #651, #2137, #891, #2529, #490, #2338 ),
 .UNSPECIFIED., .F., .F.,
 ( 4, 2, 2, 2, 2, 2, 2, 2, 2, 2, 2, 2, 2, 2, 2, 2, 4 ),
 ( 3.469446951953614189E-18, 0.0006872641155518497032, 0.001374528231103695937, 0.002061792346655542171, 0.002749056462207388404, 0.003436320577759234638, 0.004123584693311080872, 0.004810848808862927539, 0.005498112924414773339, 0.006185377039966619139, 0.006872641155518465807, 0.007559905271070312474, 0.008247169386622158274, 0.008934433502174004074, 0.009621697617725851609, 0.01030896173327769741, 0.01099622584882954321 ),
 .UNSPECIFIED. ) ;
#1686 = CARTESIAN_POINT ( 'NONE',  ( 4.250000000000000000, 0.000000000000000000, 2.500000000000000000 ) ) ;
#1687 = EDGE_CURVE ( 'NONE', #1439, #1002, #1025, .T. ) ;
#1688 = ORIENTED_EDGE ( 'NONE', *, *, #2575, .F. ) ;
#1689 = CARTESIAN_POINT ( 'NONE',  ( 1.337795274999999950, 1.124999999999999556, 4.430761531551600463 ) ) ;
#1690 = CARTESIAN_POINT ( 'NONE',  ( 2.370750000000000579, 0.5250000000000000222, 3.338999999999999080 ) ) ;
#1691 = APPROVAL_DATE_TIME ( #2027, #1912 ) ;
#1692 = AXIS2_PLACEMENT_3D ( 'NONE', #951, #752, #330 ) ;
#1693 = ORIENTED_EDGE ( 'NONE', *, *, #1144, .T. ) ;
#1694 = FACE_OUTER_BOUND ( 'NONE', #2079, .T. ) ;
#1695 = DIRECTION ( 'NONE',  ( 1.000000000000000000, 0.000000000000000000, 0.000000000000000000 ) ) ;
#1696 = DIRECTION ( 'NONE',  ( 1.000000000000000000, 0.000000000000000000, 0.000000000000000000 ) ) ;
#1697 = ADVANCED_FACE ( 'NONE', ( #408 ), #480, .F. ) ;
#1698 = AXIS2_PLACEMENT_3D ( 'NONE', #1939, #64, #915 ) ;
#1699 = CIRCLE ( 'NONE', #521, 0.06496062999999989429 ) ;
#1700 = CARTESIAN_POINT ( 'NONE',  ( 2.370750000000001911, 1.124999999999999778, 3.338999999999999524 ) ) ;
#1701 = EDGE_CURVE ( 'NONE', #1527, #1193, #1172, .T. ) ;
#1702 = AXIS2_PLACEMENT_3D ( 'NONE', #1228, #2435, #805 ) ;
#1703 = VECTOR ( 'NONE', #154, 39.37007874015748143 ) ;
#1704 = DIRECTION ( 'NONE',  ( -0.6000000000000013101, 0.000000000000000000, 0.7999999999999990452 ) ) ;
#1705 = CARTESIAN_POINT ( 'NONE',  ( 2.680731145208231414, 1.261864536868799291, 3.094463044039768018 ) ) ;
#1706 = CARTESIAN_POINT ( 'NONE',  ( 2.799567076722296211, 1.080909960501633460, 2.997036354865990848 ) ) ;
#1707 = ORIENTED_EDGE ( 'NONE', *, *, #848, .F. ) ;
#1708 = CARTESIAN_POINT ( 'NONE',  ( 1.261312232538007727, 1.001268069271876726, 4.447771153801171273 ) ) ;
#1709 = CARTESIAN_POINT ( 'NONE',  ( 0.7155806896722508581, 0.6342834882876726699, 4.446251722288079300 ) ) ;
#1710 = ORIENTED_EDGE ( 'NONE', *, *, #2017, .F. ) ;
#1711 = CARTESIAN_POINT ( 'NONE',  ( 4.000000000000000888, 1.649999999999999911, 2.249999999999999556 ) ) ;
#1712 = CARTESIAN_POINT ( 'NONE',  ( 2.127988472320250679, 1.258347354197575596, -1.664881409520698963 ) ) ;
#1713 = CARTESIAN_POINT ( 'NONE',  ( 2.610750000000001680, 1.124999999999999778, 3.018999999999999684 ) ) ;
#1714 = ADVANCED_FACE ( 'NONE', ( #1074 ), #1091, .F. ) ;
#1715 = CYLINDRICAL_SURFACE ( 'NONE', #1173, 0.1377952749999998561 ) ;
#1716 = ORIENTED_EDGE ( 'NONE', *, *, #2090, .F. ) ;
#1717 = CARTESIAN_POINT ( 'NONE',  ( 1.115494048874671185, 0.4157877058408693260, 4.408158717351474465 ) ) ;
#1718 = CC_DESIGN_DATE_AND_TIME_ASSIGNMENT ( #1403, #395, ( #956 ) ) ;
#1719 = DIRECTION ( 'NONE',  ( 0.8000000000000002665, 0.000000000000000000, 0.5999999999999996447 ) ) ;
#1720 = ORIENTED_EDGE ( 'NONE', *, *, #2486, .F. ) ;
#1721 = EDGE_LOOP ( 'NONE', ( #2648, #1937 ) ) ;
#1722 = ORIENTED_EDGE ( 'NONE', *, *, #6, .F. ) ;
#1723 = DIRECTION ( 'NONE',  ( 0.8000000000000002665, 0.000000000000000000, 0.5999999999999996447 ) ) ;
#1724 = APPROVAL_STATUS ( 'not_yet_approved' ) ;
#1725 = ORIENTED_EDGE ( 'NONE', *, *, #6, .T. ) ;
#1726 = CARTESIAN_POINT ( 'NONE',  ( 4.531443936573129605, 1.123501144850289846, -0.7814439365731312703 ) ) ;
#1727 = CARTESIAN_POINT ( 'NONE',  ( 0.8446716306225604542, 0.9943354449055702426, 4.448459069825414502 ) ) ;
#1728 = DIRECTION ( 'NONE',  ( -1.000000000000000000, 0.000000000000000000, -0.000000000000000000 ) ) ;
#1729 = EDGE_CURVE ( 'NONE', #2674, #843, #1483, .T. ) ;
#1730 = ORIENTED_EDGE ( 'NONE', *, *, #1755, .T. ) ;
#1731 = FACE_BOUND ( 'NONE', #619, .T. ) ;
#1732 = CARTESIAN_POINT ( 'NONE',  ( 2.653543144063849279, 1.244251884290351384, 3.138130587486380296 ) ) ;
#1733 = DIRECTION ( 'NONE',  ( 0.8000000000000002665, 0.000000000000000000, 0.5999999999999996447 ) ) ;
#1734 = ORIENTED_EDGE ( 'NONE', *, *, #2314, .T. ) ;
#1735 = ADVANCED_FACE ( 'NONE', ( #1257 ), #1498, .F. ) ;
#1736 = DIRECTION ( 'NONE',  ( 1.000000000000000000, 0.000000000000000000, 0.000000000000000000 ) ) ;
#1737 = DIRECTION ( 'NONE',  ( -0.7660444431189737946, 0.000000000000000000, 0.6427876096865445810 ) ) ;
#1738 = COORDINATED_UNIVERSAL_TIME_OFFSET ( 8, 0, .BEHIND. ) ;
#1739 = VERTEX_POINT ( 'NONE', #629 ) ;
#1740 = CARTESIAN_POINT ( 'NONE',  ( 1.337795274999999506, 0.5249999999999999112, 4.430761531551600463 ) ) ;
#1741 = DIRECTION ( 'NONE',  ( 0.000000000000000000, 0.000000000000000000, 1.000000000000000000 ) ) ;
#1742 = DIRECTION ( 'NONE',  ( 1.000000000000000000, 0.000000000000000000, 0.000000000000000000 ) ) ;
#1743 = AXIS2_PLACEMENT_3D ( 'NONE', #1177, #2196, #1806 ) ;
#1744 = ORIENTED_EDGE ( 'NONE', *, *, #2178, .T. ) ;
#1745 = CARTESIAN_POINT ( 'NONE',  ( 1.069166122184078693, 1.169152597449807374, 4.422514236967518109 ) ) ;
#1746 = CIRCLE ( 'NONE', #1955, 0.06496063000000050491 ) ;
#1747 = CARTESIAN_POINT ( 'NONE',  ( 2.643425910272874546, 1.228293421883754011, 3.158058771942525045 ) ) ;
#1748 = EDGE_CURVE ( 'NONE', #105, #269, #385, .T. ) ;
#1749 = VECTOR ( 'NONE', #1198, 39.37007874015748143 ) ;
#1750 = AXIS2_PLACEMENT_3D ( 'NONE', #754, #2408, #726 ) ;
#1751 = LINE ( 'NONE', #2368, #1921 ) ;
#1752 = EDGE_CURVE ( 'NONE', #1352, #1471, #849, .T. ) ;
#1753 = FACE_OUTER_BOUND ( 'NONE', #118, .T. ) ;
#1754 = B_SPLINE_CURVE_WITH_KNOTS ( 'NONE', 3,
 ( #539, #1354, #1584, #1150, #2183, #1365, #316, #925, #1759, #2579, #2209, #1796, #104, #326, #1160, #338, #721, #2002, #133, #974, #1545, #2238, #409, #2651, #1608, #2482, #174, #1653, #810, #2451, #1012, #1624 ),
 .UNSPECIFIED., .F., .F.,
 ( 4, 2, 2, 2, 2, 2, 2, 2, 2, 2, 2, 2, 2, 2, 2, 4 ),
 ( 1.734723475976807094E-18, 0.0006912712674339870945, 0.001382542534867972454, 0.002073813802301957814, 0.002765085069735943174, 0.003456356337169928968, 0.004147627604603913894, 0.005530170139471910634, 0.006221441406905916377, 0.006912712674339920385, 0.007603983941773925261, 0.008295255209207930136, 0.008986526476641935879, 0.009677797744075939887, 0.01036906901150994563, 0.01106034027894394964 ),
 .UNSPECIFIED. ) ;
#1755 = EDGE_CURVE ( 'NONE', #642, #2164, #1925, .T. ) ;
#1756 = VERTEX_POINT ( 'NONE', #1895 ) ;
#1757 = CARTESIAN_POINT ( 'NONE',  ( 2.162058894319044633, 0.3881078597300984812, -1.622862260733932249 ) ) ;
#1758 = CARTESIAN_POINT ( 'NONE',  ( 2.432341366092540369, 0.6284331060056816964, 3.499552865422902226 ) ) ;
#1759 = CARTESIAN_POINT ( 'NONE',  ( 2.523273821832132668, 0.4343603783650395456, 3.323173598719904920 ) ) ;
#1760 = B_SPLINE_CURVE_WITH_KNOTS ( 'NONE', 3,
 ( #1678, #1050, #2344, #1884, #449, #1468, #242, #2304, #2140, #436, #1709, #1273, #2532, #19, #671, #2329, #2545, #257, #837, #1457, #1667, #2096, #2360, #2559, #286, #705, #1765, #61, #1961, #1145, #1335, #518 ),
 .UNSPECIFIED., .F., .F.,
 ( 4, 2, 2, 2, 2, 2, 2, 2, 2, 2, 2, 2, 2, 2, 2, 4 ),
 ( 0.01106034027894395311, 0.01174726996695313504, 0.01243419965496231870, 0.01312112934297150063, 0.01380805903098068430, 0.01449498871898986622, 0.01518191840699904815, 0.01586884809500823182, 0.01655577778301741548, 0.01724270747102659568, 0.01792963715903577934, 0.01861656684704496301, 0.01930349653505414320, 0.01999042622306333380, 0.02067735591107252441, 0.02205121528709090908 ),
 .UNSPECIFIED. ) ;
#1761 = EDGE_LOOP ( 'NONE', ( #736, #2568, #785, #1860 ) ) ;
#1762 = CARTESIAN_POINT ( 'NONE',  ( 1.500000000000000888, 1.649999999999999911, 3.999999999999999556 ) ) ;
#1763 = CARTESIAN_POINT ( 'NONE',  ( 0.6665549204270414529, 1.160510370552979342, 4.424227931653909707 ) ) ;
#1764 = CARTESIAN_POINT ( 'NONE',  ( 2.702806313518887560, 0.9942818688304283503, 3.143698757612424455 ) ) ;
#1765 = CARTESIAN_POINT ( 'NONE',  ( 0.9096996646889562443, 0.6088763034043426225, 4.443287304334559096 ) ) ;
#1766 = ORIENTED_EDGE ( 'NONE', *, *, #1128, .F. ) ;
#1767 = CARTESIAN_POINT ( 'NONE',  ( 1.062204724999999739, 0.5249999999999999112, 4.430761531551600463 ) ) ;
#1768 = CYLINDRICAL_SURFACE ( 'NONE', #1743, 1.750000000000000000 ) ;
#1769 = ORIENTED_EDGE ( 'NONE', *, *, #1099, .T. ) ;
#1770 = CARTESIAN_POINT ( 'NONE',  ( 2.663550624724039473, 0.6156687138106838875, 3.188789930312842191 ) ) ;
#1771 = CARTESIAN_POINT ( 'NONE',  ( 0.9097623678519802803, 1.208792471232507104, 4.414081560141111638 ) ) ;
#1772 = CARTESIAN_POINT ( 'NONE',  ( 2.370750000000000579, 1.124999999999999778, 3.338999999999999080 ) ) ;
#1773 = DIMENSIONAL_EXPONENTS ( 1.000000000000000000, 0.000000000000000000, 0.000000000000000000, 0.000000000000000000, 0.000000000000000000, 0.000000000000000000, 0.000000000000000000 ) ;
#1774 = CARTESIAN_POINT ( 'NONE',  ( 1.199999999999999956, 1.124999999999999778, -1.825629139790877042 ) ) ;
#1775 = CARTESIAN_POINT ( 'NONE',  ( 2.693427165000001455, 0.5250000000000000222, 2.908763779999999688 ) ) ;
#1776 = EDGE_LOOP ( 'NONE', ( #368, #2550, #1456, #171 ) ) ;
#1777 = CARTESIAN_POINT ( 'NONE',  ( 2.399918421118470313, 0.5603835598263114948, 3.527723202675714376 ) ) ;
#1778 = CARTESIAN_POINT ( 'NONE',  ( 0.000000000000000000, 1.649999999999999911, 3.999999999999999556 ) ) ;
#1779 = CYLINDRICAL_SURFACE ( 'NONE', #2084, 0.06496062999999989429 ) ;
#1780 = ORIENTED_EDGE ( 'NONE', *, *, #287, .F. ) ;
#1781 = CARTESIAN_POINT ( 'NONE',  ( 1.163838434723313275, 1.258274646172914402, 4.402184158983394546 ) ) ;
#1782 = EDGE_CURVE ( 'NONE', #1807, #2361, #1084, .T. ) ;
#1783 = CARTESIAN_POINT ( 'NONE',  ( 1.625000000000000888, 0.000000000000000000, 4.249999999999998224 ) ) ;
#1784 = APPROVAL_PERSON_ORGANIZATION ( #578, #471, #2465 ) ;
#1785 = EDGE_CURVE ( 'NONE', #303, #1679, #1522, .T. ) ;
#1786 = VECTOR ( 'NONE', #503, 39.37007874015748143 ) ;
#1787 = CARTESIAN_POINT ( 'NONE',  ( 1.264960629999999808, 1.124999999999999778, 4.000000000000000000 ) ) ;
#1788 = VECTOR ( 'NONE', #2689, 39.37007874015748143 ) ;
#1789 = CARTESIAN_POINT ( 'NONE',  ( 2.198707259868355024, 0.6618789616382544372, -1.653540466724459757 ) ) ;
#1790 = CIRCLE ( 'NONE', #1702, 0.06496062999999989429 ) ;
#1791 = VECTOR ( 'NONE', #2189, 39.37007874015748143 ) ;
#1792 = CARTESIAN_POINT ( 'NONE',  ( -2.111970350026533438, 0.5250000000000000222, 1.939719314498399072 ) ) ;
#1793 = ORIENTED_EDGE ( 'NONE', *, *, #666, .F. ) ;
#1794 = CARTESIAN_POINT ( 'NONE',  ( 0.9377952749999995952, 0.5249999999999998002, 4.430761531551600463 ) ) ;
#1795 = CYLINDRICAL_SURFACE ( 'NONE', #2475, 0.1377952749999998561 ) ;
#1796 = CARTESIAN_POINT ( 'NONE',  ( 2.497109533606879594, 0.4057570244171087581, 3.346712451714894510 ) ) ;
#1797 = ORIENTED_EDGE ( 'NONE', *, *, #182, .F. ) ;
#1798 = CARTESIAN_POINT ( 'NONE',  ( 2.719037497246109325, 0.6618789616382542151, 3.123032459065795408 ) ) ;
#1799 = CARTESIAN_POINT ( 'NONE',  ( 0.9307721715410385288, 1.169335437464843475, 4.422477540401528628 ) ) ;
#1800 = DIRECTION ( 'NONE',  ( -8.468046336750996077E-17, 0.000000000000000000, -1.000000000000000000 ) ) ;
#1801 = DIRECTION ( 'NONE',  ( 0.000000000000000000, 0.000000000000000000, 1.000000000000000000 ) ) ;
#1802 = LINE ( 'NONE', #2009, #612 ) ;
#1803 = VERTEX_POINT ( 'NONE', #50 ) ;
#1804 = CARTESIAN_POINT ( 'NONE',  ( 0.8182534858091643493, 0.3872175099950288524, 4.401024816887354696 ) ) ;
#1805 = CARTESIAN_POINT ( 'NONE',  ( 2.530145264645824010, 0.6444980714175938541, 3.372041585937496144 ) ) ;
#1806 = DIRECTION ( 'NONE',  ( -1.000000000000000000, 0.000000000000000000, 3.122111992759157964E-16 ) ) ;
#1807 = VERTEX_POINT ( 'NONE', #684 ) ;
#1808 = CARTESIAN_POINT ( 'NONE',  ( 2.642527690404845142, 0.5690636780220807989, 3.206415235879644499 ) ) ;
#1809 = PLANE ( 'NONE',  #1516 ) ;
#1810 = DIRECTION ( 'NONE',  ( 0.6427876096865445810, -0.000000000000000000, 0.7660444431189735726 ) ) ;
#1811 = DIRECTION ( 'NONE',  ( 0.8000000000000002665, 0.000000000000000000, 0.5999999999999996447 ) ) ;
#1812 = DIRECTION ( 'NONE',  ( -0.6427876096865449140, 0.000000000000000000, -0.7660444431189734615 ) ) ;
#1813 = EDGE_CURVE ( 'NONE', #73, #455, #229, .T. ) ;
#1814 = ORIENTED_EDGE ( 'NONE', *, *, #2667, .F. ) ;
#1815 = DIRECTION ( 'NONE',  ( 0.000000000000000000, -0.000000000000000000, 1.000000000000000000 ) ) ;
#1816 = CARTESIAN_POINT ( 'NONE',  ( 2.423564629446034679, 1.034298548430432341, 3.508778336006564746 ) ) ;
#1817 =( NAMED_UNIT ( * ) SI_UNIT ( $, .STERADIAN. ) SOLID_ANGLE_UNIT ( ) );
#1818 = ORIENTED_EDGE ( 'NONE', *, *, #1785, .T. ) ;
#1819 = DIRECTION ( 'NONE',  ( 0.5999999999999987566, 0.000000000000000000, -0.8000000000000009326 ) ) ;
#1820 = CARTESIAN_POINT ( 'NONE',  ( 4.000000000000000000, 1.649999999999999911, -0.2500000000000006106 ) ) ;
#1821 = EDGE_CURVE ( 'NONE', #441, #202, #1760, .T. ) ;
#1822 = CARTESIAN_POINT ( 'NONE',  ( 1.190729740030767925, 0.6627851787455529831, 4.449133162199769842 ) ) ;
#1823 = AXIS2_PLACEMENT_3D ( 'NONE', #2566, #40, #1728 ) ;
#1824 = AXIS2_PLACEMENT_3D ( 'NONE', #2621, #1994, #2216 ) ;
#1825 = CARTESIAN_POINT ( 'NONE',  ( 1.199999999999999734, 0.5249999999999999112, -1.825629139790877042 ) ) ;
#1826 = CARTESIAN_POINT ( 'NONE',  ( 1.330837415319083172, 0.4808442953466384728, 4.422513917264076611 ) ) ;
#1827 = VECTOR ( 'NONE', #2015, 39.37007874015748143 ) ;
#1828 = VECTOR ( 'NONE', #1911, 39.37007874015748143 ) ;
#1829 = VERTEX_POINT ( 'NONE', #1580 ) ;
#1830 = CYLINDRICAL_SURFACE ( 'NONE', #2176, 0.1377952749999999393 ) ;
#1831 = DIRECTION ( 'NONE',  ( -0.6427876096865451361, 0.000000000000000000, -0.7660444431189730174 ) ) ;
#1832 = DIRECTION ( 'NONE',  ( 1.000000000000000000, 0.000000000000000000, 0.000000000000000000 ) ) ;
#1833 = EDGE_CURVE ( 'NONE', #2000, #1977, #2605, .T. ) ;
#1834 = ORIENTED_EDGE ( 'NONE', *, *, #240, .F. ) ;
#1835 = LINE ( 'NONE', #356, #302 ) ;
#1836 = CARTESIAN_POINT ( 'NONE',  ( 2.550138431727711819, 1.160705049638478759, 3.306798684783225806 ) ) ;
#1837 = CARTESIAN_POINT ( 'NONE',  ( 1.095848430584148714, 0.6156687138106838875, 4.444114457966938048 ) ) ;
#1838 = CARTESIAN_POINT ( 'NONE',  ( 0.000000000000000000, 1.649999999999999911, 4.249999999999999112 ) ) ;
#1839 = CARTESIAN_POINT ( 'NONE',  ( 1.261568889220855860, 0.4013944508250544274, 4.404628484814299583 ) ) ;
#1840 = CARTESIAN_POINT ( 'NONE',  ( 2.259958309068794691, 1.064294410211906294, -1.566855135680270905 ) ) ;
#1841 = VERTEX_POINT ( 'NONE', #1530 ) ;
#1842 = FACE_BOUND ( 'NONE', #1721, .T. ) ;
#1843 = CARTESIAN_POINT ( 'NONE',  ( 2.392682060241281938, 1.124999999999999778, 3.527693138930959371 ) ) ;
#1844 = ORIENTED_EDGE ( 'NONE', *, *, #66, .T. ) ;
#1845 = CARTESIAN_POINT ( 'NONE',  ( 2.253736595946686627, 1.160510370552979564, -1.549343594095802690 ) ) ;
#1846 = CARTESIAN_POINT ( 'NONE',  ( 2.413543144063848622, 1.244251884290351384, 3.458130587486380580 ) ) ;
#1847 = B_SPLINE_CURVE_WITH_KNOTS ( 'NONE', 3,
 ( #143, #560, #1623, #365, #187, #2043, #2628, #2425, #2012, #769, #1652, #1593, #986, #1244, #1037, #173, #1392, #2665, #2481, #2224, #621, #353, #2068, #1190, #2266, #1816, #577, #2638, #2026, #1011, #1607, #2438, #200, #1843 ),
 .UNSPECIFIED., .F., .F.,
 ( 4, 2, 2, 2, 2, 2, 2, 2, 2, 2, 2, 2, 2, 2, 2, 2, 4 ),
 ( 3.469446951953614189E-18, 0.0006872641155518508958, 0.001374528231103698322, 0.002061792346655545640, 0.002749056462207393175, 0.003436320577759240710, 0.004123584693311087811, 0.004810848808862935345, 0.005498112924414782880, 0.006185377039966630415, 0.006872641155518477950, 0.007559905271070325485, 0.008247169386622172152, 0.008934433502174019687, 0.009621697617725867221, 0.01030896173327771476, 0.01099622584882956229 ),
 .UNSPECIFIED. ) ;
#1848 = ORIENTED_EDGE ( 'NONE', *, *, #1250, .F. ) ;
#1849 = CARTESIAN_POINT ( 'NONE',  ( 1.269203890037497340, 0.6444980714175936320, 4.447341163279156184 ) ) ;
#1850 = CARTESIAN_POINT ( 'NONE',  ( 2.657550328689382901, 0.4013509764935158652, 3.130962338034377623 ) ) ;
#1851 = CARTESIAN_POINT ( 'NONE',  ( 1.062204724999999739, 0.5249999999999999112, 4.299999999999999822 ) ) ;
#1852 = VERTEX_POINT ( 'NONE', #1935 ) ;
#1853 = CARTESIAN_POINT ( 'NONE',  ( 0.7085491110265542680, 0.4215271462523724755, 4.409533806824923907 ) ) ;
#1854 = EDGE_CURVE ( 'NONE', #105, #2103, #1567, .T. ) ;
#1855 = DIRECTION ( 'NONE',  ( -1.665334536937734318E-16, 0.000000000000000000, 1.000000000000000000 ) ) ;
#1856 = EDGE_LOOP ( 'NONE', ( #2206, #437, #2334, #76 ) ) ;
#1857 = CARTESIAN_POINT ( 'NONE',  ( 2.250745381519159594, 1.169152597449807596, -1.550242348980446883 ) ) ;
#1858 = DIRECTION ( 'NONE',  ( -0.8000000000000003775, 0.000000000000000000, -0.5999999999999997558 ) ) ;
#1859 = EDGE_CURVE ( 'NONE', #2323, #881, #703, .T. ) ;
#1860 = ORIENTED_EDGE ( 'NONE', *, *, #908, .F. ) ;
#1861 = ADVANCED_FACE ( 'NONE', ( #1949 ), #494, .F. ) ;
#1862 = CARTESIAN_POINT ( 'NONE',  ( 2.632682060241282151, 0.5250000000000000222, 3.207693138930959531 ) ) ;
#1863 = FACE_OUTER_BOUND ( 'NONE', #2357, .T. ) ;
#1864 = CARTESIAN_POINT ( 'NONE',  ( 0.7303714164492028926, 1.244251884290351384, 4.405712867742907157 ) ) ;
#1865 = CIRCLE ( 'NONE', #2076, 0.06496062999999990817 ) ;
#1866 = DIRECTION ( 'NONE',  ( -1.000000000000000000, 0.000000000000000000, 0.000000000000000000 ) ) ;
#1867 = EDGE_LOOP ( 'NONE', ( #1394, #2599, #759, #49 ) ) ;
#1868 = VECTOR ( 'NONE', #2033, 39.37007874015748143 ) ;
#1869 = CARTESIAN_POINT ( 'NONE',  ( 2.087283474245762882, 1.107110084966379082, -1.762608845134364666 ) ) ;
#1870 = DIRECTION ( 'NONE',  ( -0.000000000000000000, -0.000000000000000000, -1.000000000000000000 ) ) ;
#1871 = VECTOR ( 'NONE', #2278, 39.37007874015748854 ) ;
#1872 = AXIS2_PLACEMENT_3D ( 'NONE', #2011, #142, #1815 ) ;
#1873 = EDGE_LOOP ( 'NONE', ( #1641, #722, #145, #1366 ) ) ;
#1874 = CARTESIAN_POINT ( 'NONE',  ( 3.078221968286565247, 0.5264988551497100655, 2.781443936573130937 ) ) ;
#1875 = DIRECTION ( 'NONE',  ( -1.000000000000000000, 0.000000000000000000, -0.000000000000000000 ) ) ;
#1876 = DIRECTION ( 'NONE',  ( 0.7660444431189736836, 0.000000000000000000, -0.6427876096865444699 ) ) ;
#1877 = CIRCLE ( 'NONE', #217, 0.1377952749999998561 ) ;
#1878 = EDGE_LOOP ( 'NONE', ( #481, #197, #1797, #2032 ) ) ;
#1879 = FACE_BOUND ( 'NONE', #426, .T. ) ;
#1880 = CARTESIAN_POINT ( 'NONE',  ( 2.787263583002712597, 0.4808442953466384728, 2.987838418103178295 ) ) ;
#1881 = DIRECTION ( 'NONE',  ( -0.6427876096865451361, 0.000000000000000000, -0.7660444431189731285 ) ) ;
#1882 = EDGE_LOOP ( 'NONE', ( #48, #340 ) ) ;
#1883 = CARTESIAN_POINT ( 'NONE',  ( 2.104041326939365408, 1.056349260716304528, -1.754340980351348112 ) ) ;
#1884 = CARTESIAN_POINT ( 'NONE',  ( 0.6665224905305088265, 0.5603835598263114948, 4.436568658500203988 ) ) ;
#1885 = ORIENTED_EDGE ( 'NONE', *, *, #2295, .F. ) ;
#1886 = CARTESIAN_POINT ( 'NONE',  ( 2.610750000000001680, 0.5250000000000000222, 3.018999999999999684 ) ) ;
#1887 = CARTESIAN_POINT ( 'NONE',  ( 2.156196449280292526, 1.262783314055509809, -1.629489444559009126 ) ) ;
#1888 = CARTESIAN_POINT ( 'NONE',  ( 2.496951675016186645, 1.244370240193596322, 3.346870443212563551 ) ) ;
#1889 = CARTESIAN_POINT ( 'NONE',  ( 2.453427165000001686, 1.124999999999999778, 3.228763779999999528 ) ) ;
#1890 = ORIENTED_EDGE ( 'NONE', *, *, #2082, .T. ) ;
#1891 = CARTESIAN_POINT ( 'NONE',  ( 2.790225092205677271, 1.649999999999999911, -0.2500000000000004996 ) ) ;
#1892 = LINE ( 'NONE', #2459, #569 ) ;
#1893 = ORIENTED_EDGE ( 'NONE', *, *, #1495, .T. ) ;
#1894 = CARTESIAN_POINT ( 'NONE',  ( 1.336919585118505838, 1.107110084966378638, 4.433801703679387529 ) ) ;
#1895 = CARTESIAN_POINT ( 'NONE',  ( 1.062204724999999961, 1.124999999999999778, 4.430761531551600463 ) ) ;
#1896 = PERSON_AND_ORGANIZATION ( #1355, #1302 ) ;
#1897 = EDGE_LOOP ( 'NONE', ( #767, #2616, #2098, #780 ) ) ;
#1898 = DIRECTION ( 'NONE',  ( -0.6427876096865443589, 0.000000000000000000, -0.7660444431189737946 ) ) ;
#1899 = CARTESIAN_POINT ( 'NONE',  ( 0.7087207313433633304, 1.021372225181661042, 4.445627109096137453 ) ) ;
#1900 = CARTESIAN_POINT ( 'NONE',  ( 1.625000000000000888, 0.000000000000000000, 4.249999999999999112 ) ) ;
#1901 = FACE_BOUND ( 'NONE', #1111, .T. ) ;
#1902 = ADVANCED_FACE ( 'NONE', ( #2163 ), #2152, .F. ) ;
#1903 = CARTESIAN_POINT ( 'NONE',  ( 2.735513745847178324, 0.9872089288445272670, 3.101204523403158220 ) ) ;
#1904 = EDGE_LOOP ( 'NONE', ( #1591, #1818 ) ) ;
#1905 = CARTESIAN_POINT ( 'NONE',  ( 1.330861162140584142, 1.080909960501633238, 4.437875474297430678 ) ) ;
#1906 =( GEOMETRIC_REPRESENTATION_CONTEXT ( 3 ) GLOBAL_UNCERTAINTY_ASSIGNED_CONTEXT ( ( #1008 ) ) GLOBAL_UNIT_ASSIGNED_CONTEXT ( ( #1637, #797, #1817 ) ) REPRESENTATION_CONTEXT ( 'NONE', 'WORKASPACE' ) );
#1907 = DIRECTION ( 'NONE',  ( -0.8000000000000003775, 0.000000000000000000, -0.5999999999999997558 ) ) ;
#1908 = B_SPLINE_CURVE_WITH_KNOTS ( 'NONE', 3,
 ( #2539, #457, #266, #664, #679, #2160, #470, #2149, #69, #1747, #1289, #1732, #2274, #2355, #281, #1705, #489, #1305, #2118, #403, #2528, #250, #917, #1101, #1083, #57, #45, #295, #1125, #1956, #2571, #1113, #1920, #890 ),
 .UNSPECIFIED., .F., .F.,
 ( 4, 2, 2, 2, 2, 2, 2, 2, 2, 2, 2, 2, 2, 2, 2, 2, 4 ),
 ( 0.01099622584882954321, 0.01168747684457794797, 0.01237872784032635100, 0.01306997883607475576, 0.01376122983182315879, 0.01445248082757157049, 0.01514373182331998219, 0.01583498281906839389, 0.01652623381481680559, 0.01721748481056521729, 0.01790873580631362899, 0.01859998680206203722, 0.01929123779781045239, 0.01998248879355886062, 0.02067373978930727232, 0.02136499078505568402, 0.02205624178080409573 ),
 .UNSPECIFIED. ) ;
#1909 = VECTOR ( 'NONE', #2695, 39.37007874015748143 ) ;
#1910 = ORIENTED_EDGE ( 'NONE', *, *, #152, .F. ) ;
#1911 = DIRECTION ( 'NONE',  ( -0.7660444431189735726, -0.000000000000000000, 0.6427876096865445810 ) ) ;
#1912 = APPROVAL ( #2055, 'UNSPECIFIED' ) ;
#1913 = CARTESIAN_POINT ( 'NONE',  ( 0.9369195851185052604, 1.107110084966378638, 4.433801703679388417 ) ) ;
#1914 = PLANE ( 'NONE',  #1823 ) ;
#1915 = AXIS2_PLACEMENT_3D ( 'NONE', #641, #1907, #657 ) ;
#1916 = ORIENTED_EDGE ( 'NONE', *, *, #1408, .F. ) ;
#1917 = CIRCLE ( 'NONE', #258, 0.06496063000000006082 ) ;
#1918 = AXIS2_PLACEMENT_3D ( 'NONE', #1886, #1094, #2308 ) ;
#1919 = CARTESIAN_POINT ( 'NONE',  ( 2.288072835000002136, 0.5250000000000000222, 3.449236219999999520 ) ) ;
#1920 = CARTESIAN_POINT ( 'NONE',  ( 2.796774601266914129, 1.134064344815648218, 2.986274357200184859 ) ) ;
#1921 = VECTOR ( 'NONE', #2315, 39.37007874015748854 ) ;
#1922 = CARTESIAN_POINT ( 'NONE',  ( 2.719107528072171487, 0.9881039533508071404, 3.122941750085278745 ) ) ;
#1923 = ORIENTED_EDGE ( 'NONE', *, *, #1372, .F. ) ;
#1924 = CARTESIAN_POINT ( 'NONE',  ( 1.304075135287730669, 1.034241921059344316, 4.444125243153405513 ) ) ;
#1925 = LINE ( 'NONE', #883, #2433 ) ;
#1926 = ORIENTED_EDGE ( 'NONE', *, *, #1578, .T. ) ;
#1927 = CARTESIAN_POINT ( 'NONE',  ( 1.199999999999999956, 1.124999999999999778, 4.299999999999999822 ) ) ;
#1928 = CARTESIAN_POINT ( 'NONE',  ( 2.210044621421075828, 1.234140314901803093, -1.576441440760858015 ) ) ;
#1929 = FACE_OUTER_BOUND ( 'NONE', #1315, .T. ) ;
#1930 = DIRECTION ( 'NONE',  ( -0.8000000000000003775, 0.000000000000000000, -0.5999999999999997558 ) ) ;
#1931 = CARTESIAN_POINT ( 'NONE',  ( 1.062204724999999739, 0.5249999999999999112, 4.430761531551600463 ) ) ;
#1932 = CYLINDRICAL_SURFACE ( 'NONE', #1526, 0.06496063000000033838 ) ;
#1933 = VERTEX_POINT ( 'NONE', #911 ) ;
#1934 = CARTESIAN_POINT ( 'NONE',  ( 2.370750000000000579, 0.5250000000000000222, 2.838999999999999080 ) ) ;
#1935 = CARTESIAN_POINT ( 'NONE',  ( 1.801226414482788751, 0.5250000000000000222, -1.428642727247161126 ) ) ;
#1936 = ADVANCED_FACE ( 'NONE', ( #2586 ), #954, .F. ) ;
#1937 = ORIENTED_EDGE ( 'NONE', *, *, #491, .F. ) ;
#1938 = CARTESIAN_POINT ( 'NONE',  ( 2.100547418694139079, 0.5857916296654449573, -1.756851681461671477 ) ) ;
#1939 = CARTESIAN_POINT ( 'NONE',  ( 2.072795635499913747, 0.5250000000000000222, -1.571716280520117470 ) ) ;
#1940 = CARTESIAN_POINT ( 'NONE',  ( 1.199999999999999956, 1.124999999999999778, 4.299999999999999822 ) ) ;
#1941 = EDGE_CURVE ( 'NONE', #1679, #303, #1957, .T. ) ;
#1942 = CARTESIAN_POINT ( 'NONE',  ( 0.7999999999999997113, 0.5249999999999999112, 4.000000000000000000 ) ) ;
#1943 = CARTESIAN_POINT ( 'NONE',  ( 1.066580762244217828, 0.4894054914821260316, 4.424211220105874531 ) ) ;
#1944 = B_SPLINE_CURVE_WITH_KNOTS ( 'NONE', 3,
 ( #2582, #1990, #977, #723, #1808, #965, #2172, #2211, #1770, #309, #1586, #949, #2413, #750, #1357, #1798, #2185, #2617, #1381, #341, #1181, #1140, #2631, #937, #1966, #772, #1597, #2429, #565, #1395, #2046, #1042 ),
 .UNSPECIFIED., .F., .F.,
 ( 4, 2, 2, 2, 2, 2, 2, 2, 2, 2, 2, 2, 2, 2, 2, 4 ),
 ( 0.01106034027894393923, 0.01174726996695312289, 0.01243419965496230482, 0.01312112934297148849, 0.01380805903098067042, 0.01449498871898985408, 0.01518191840699903775, 0.01586884809500822141, 0.01655577778301740161, 0.01724270747102658527, 0.01792963715903576893, 0.01861656684704494913, 0.01930349653505413626, 0.01999042622306331646, 0.02067735591107250012, 0.02205121528709086051 ),
 .UNSPECIFIED. ) ;
#1945 = FACE_OUTER_BOUND ( 'NONE', #323, .T. ) ;
#1946 = ADVANCED_FACE ( 'NONE', ( #2369, #1753, #2574 ), #508, .T. ) ;
#1947 = AXIS2_PLACEMENT_3D ( 'NONE', #383, #1224, #1262 ) ;
#1948 = CARTESIAN_POINT ( 'NONE',  ( 4.000000000000000000, 1.649999999999999911, -0.2500000000000006106 ) ) ;
#1949 = FACE_OUTER_BOUND ( 'NONE', #1271, .T. ) ;
#1950 = ORIENTED_EDGE ( 'NONE', *, *, #2314, .F. ) ;
#1951 = DIRECTION ( 'NONE',  ( 0.7660444431189736836, 0.000000000000000000, -0.6427876096865444699 ) ) ;
#1952 = DIRECTION ( 'NONE',  ( 0.6427876096865451361, 0.000000000000000000, 0.7660444431189730174 ) ) ;
#1953 = AXIS2_PLACEMENT_3D ( 'NONE', #1017, #1858, #800 ) ;
#1954 = CARTESIAN_POINT ( 'NONE',  ( 1.333394111210045363, 1.160705049638478314, 4.424189956252105205 ) ) ;
#1955 = AXIS2_PLACEMENT_3D ( 'NONE', #369, #412, #177 ) ;
#1956 = CARTESIAN_POINT ( 'NONE',  ( 2.787195335245847616, 1.169335437464843253, 2.987868787008085558 ) ) ;
#1957 = CIRCLE ( 'NONE', #2305, 0.06496062999999990817 ) ;
#1958 = CARTESIAN_POINT ( 'NONE',  ( 2.797361660687569529, 1.064259205246531170, 3.003942964098967661 ) ) ;
#1959 = CARTESIAN_POINT ( 'NONE',  ( 2.906802006744427125, 0.000000000000000000, -0.5000000000000004441 ) ) ;
#1960 = CARTESIAN_POINT ( 'NONE',  ( 1.115683327763350885, 1.015640948593784731, 4.446259919426762686 ) ) ;
#1961 = CARTESIAN_POINT ( 'NONE',  ( 0.9239834427319248977, 0.5857916296654448463, 4.440261841142159049 ) ) ;
#1962 = ORIENTED_EDGE ( 'NONE', *, *, #1410, .T. ) ;
#1963 = CARTESIAN_POINT ( 'NONE',  ( 2.525727460832639881, 0.6487615498175759443, 3.378653709211607126 ) ) ;
#1964 = DIRECTION ( 'NONE',  ( -0.6427876096865449140, 0.000000000000000000, -0.7660444431189734615 ) ) ;
#1965 = VERTEX_POINT ( 'NONE', #2381 ) ;
#1966 = CARTESIAN_POINT ( 'NONE',  ( 2.782027967776541377, 0.6286021411897830813, 3.033335919038577355 ) ) ;
#1967 = LINE ( 'NONE', #2593, #2613 ) ;
#1968 = ADVANCED_FACE ( 'NONE', ( #2180 ), #313, .F. ) ;
#1969 = CARTESIAN_POINT ( 'NONE',  ( 2.072795635499913747, 1.124999999999999778, -1.571716280520117470 ) ) ;
#1970 = CARTESIAN_POINT ( 'NONE',  ( 2.528072835000001906, 1.124999999999999778, 3.129236219999999680 ) ) ;
#1971 = DIRECTION ( 'NONE',  ( 0.8000000000000003775, 0.000000000000000000, 0.5999999999999996447 ) ) ;
#1972 = EDGE_CURVE ( 'NONE', #2227, #1572, #535, .T. ) ;
#1973 = EDGE_LOOP ( 'NONE', ( #1303, #1734, #1405, #2556 ) ) ;
#1974 = CARTESIAN_POINT ( 'NONE',  ( 2.555658692643755892, 0.5938263152247185150, 3.328035118349203181 ) ) ;
#1975 = CARTESIAN_POINT ( 'NONE',  ( 0.7999999999999997113, 0.5249999999999999112, -1.825629139790877042 ) ) ;
#1976 = EDGE_CURVE ( 'NONE', #1509, #1249, #1984, .T. ) ;
#1977 = VERTEX_POINT ( 'NONE', #2192 ) ;
#1978 = CARTESIAN_POINT ( 'NONE',  ( 1.261488119530028928, 1.248650771696696138, 4.404617238758279818 ) ) ;
#1979 = DIRECTION ( 'NONE',  ( 0.000000000000000000, 0.000000000000000000, 1.000000000000000000 ) ) ;
#1980 = EDGE_LOOP ( 'NONE', ( #847, #2271 ) ) ;
#1981 = FACE_OUTER_BOUND ( 'NONE', #1490, .T. ) ;
#1982 = LINE ( 'NONE', #1997, #746 ) ;
#1983 = CARTESIAN_POINT ( 'NONE',  ( 1.095866108862368682, 1.034298548430432119, 4.444118705160765792 ) ) ;
#1984 = LINE ( 'NONE', #2597, #2040 ) ;
#1985 = ORIENTED_EDGE ( 'NONE', *, *, #1240, .F. ) ;
#1986 = CARTESIAN_POINT ( 'NONE',  ( 2.261537875562093181, 0.5250000000000000222, -1.550210868123321539 ) ) ;
#1987 = CARTESIAN_POINT ( 'NONE',  ( 0.6630867043878820866, 1.107046995331611772, 4.433812155042121894 ) ) ;
#1988 = DIRECTION ( 'NONE',  ( 0.000000000000000000, 0.000000000000000000, -1.000000000000000000 ) ) ;
#1989 = ORIENTED_EDGE ( 'NONE', *, *, #405, .F. ) ;
#1990 = CARTESIAN_POINT ( 'NONE',  ( 2.633920523105669709, 0.5338967764596402876, 3.208621986079250643 ) ) ;
#1991 = DIRECTION ( 'NONE',  ( 0.000000000000000000, 0.000000000000000000, 1.000000000000000000 ) ) ;
#1992 = AXIS2_PLACEMENT_3D ( 'NONE', #263, #440, #1096 ) ;
#1993 = AXIS2_PLACEMENT_3D ( 'NONE', #224, #625, #1464 ) ;
#1994 = DIRECTION ( 'NONE',  ( 0.000000000000000000, 0.000000000000000000, -1.000000000000000000 ) ) ;
#1995 = VECTOR ( 'NONE', #590, 39.37007874015748143 ) ;
#1996 = AXIS2_PLACEMENT_3D ( 'NONE', #627, #1454, #417 ) ;
#1997 = CARTESIAN_POINT ( 'NONE',  ( 1.062204724999999739, 0.5249999999999999112, 4.299999999999999822 ) ) ;
#1998 = DIRECTION ( 'NONE',  ( 0.000000000000000000, 0.000000000000000000, 1.000000000000000000 ) ) ;
#1999 = ADVANCED_FACE ( 'NONE', ( #1156 ), #112, .F. ) ;
#2000 = VERTEX_POINT ( 'NONE', #573 ) ;
#2001 = LINE ( 'NONE', #1583, #2131 ) ;
#2002 = CARTESIAN_POINT ( 'NONE',  ( 2.430850865766011726, 0.3916969055540857059, 3.429160326562395777 ) ) ;
#2003 = VERTEX_POINT ( 'NONE', #597 ) ;
#2004 = CARTESIAN_POINT ( 'NONE',  ( 1.330772171541038995, 1.169335437464843697, 4.422477540401528628 ) ) ;
#2005 = CARTESIAN_POINT ( 'NONE',  ( 2.558036390241281488, 0.5250000000000002442, 3.307220698930959824 ) ) ;
#2006 = CYLINDRICAL_SURFACE ( 'NONE', #832, 0.06496063000000011634 ) ;
#2007 = EDGE_CURVE ( 'NONE', #96, #2307, #2393, .T. ) ;
#2008 = DIRECTION ( 'NONE',  ( 0.5999999999999994227, 0.000000000000000000, -0.8000000000000004885 ) ) ;
#2009 = CARTESIAN_POINT ( 'NONE',  ( 2.453427165000001686, 0.5250000000000000222, 3.228763779999999528 ) ) ;
#2010 = ORIENTED_EDGE ( 'NONE', *, *, #1972, .F. ) ;
#2011 = CARTESIAN_POINT ( 'NONE',  ( 0.000000000000000000, 0.000000000000000000, 0.000000000000000000 ) ) ;
#2012 = CARTESIAN_POINT ( 'NONE',  ( 2.548495275695362938, 1.034241921059344316, 3.342215037661857568 ) ) ;
#2013 = DATE_AND_TIME ( #2267, #2470 ) ;
#2014 = ORIENTED_EDGE ( 'NONE', *, *, #1212, .T. ) ;
#2015 = DIRECTION ( 'NONE',  ( 0.000000000000000000, 0.000000000000000000, 1.000000000000000000 ) ) ;
#2016 = LINE ( 'NONE', #552, #2077 ) ;
#2017 = EDGE_CURVE ( 'NONE', #157, #2300, #2445, .T. ) ;
#2018 = DIRECTION ( 'NONE',  ( -0.7660444431189737946, 0.000000000000000000, 0.6427876096865445810 ) ) ;
#2019 = CARTESIAN_POINT ( 'NONE',  ( 3.038041469709765519, 1.123501144850289846, -0.7814439365731302711 ) ) ;
#2020 = CC_DESIGN_PERSON_AND_ORGANIZATION_ASSIGNMENT ( #1092, #1314, ( #734 ) ) ;
#2021 = CARTESIAN_POINT ( 'NONE',  ( 2.262723772556185065, 0.5338967764596400656, -1.551205953853677766 ) ) ;
#2022 = EDGE_CURVE ( 'NONE', #2312, #2268, #2660, .T. ) ;
#2023 = CARTESIAN_POINT ( 'NONE',  ( 1.336909210429029438, 0.5070282871539262270, 4.427560747294207566 ) ) ;
#2024 = ORIENTED_EDGE ( 'NONE', *, *, #1854, .T. ) ;
#2025 = CARTESIAN_POINT ( 'NONE',  ( 0.8915404473350007075, 0.4216152602188835696, 4.409554399208946762 ) ) ;
#2026 = CARTESIAN_POINT ( 'NONE',  ( 2.408532373565243745, 1.064294410211906738, 3.522373905870987976 ) ) ;
#2027 = DATE_AND_TIME ( #1204, #864 ) ;
#2028 = APPROVAL_PERSON_ORGANIZATION ( #1232, #1912, #1026 ) ;
#2029 = ORIENTED_EDGE ( 'NONE', *, *, #2619, .F. ) ;
#2030 = CARTESIAN_POINT ( 'NONE',  ( 1.500000000000000888, 1.649999999999999911, 3.999999999999999556 ) ) ;
#2031 = CYLINDRICAL_SURFACE ( 'NONE', #2072, 0.06496063000000033838 ) ;
#2032 = ORIENTED_EDGE ( 'NONE', *, *, #1121, .F. ) ;
#2033 = DIRECTION ( 'NONE',  ( -1.000000000000000000, 0.000000000000000000, 5.084596625704734012E-17 ) ) ;
#2034 = CARTESIAN_POINT ( 'NONE',  ( 3.038041469709765519, 0.5264988551497103986, -0.7814439365731304932 ) ) ;
#2035 = CIRCLE ( 'NONE', #1082, 0.06496063000000029675 ) ;
#2036 = CARTESIAN_POINT ( 'NONE',  ( 2.638239847876211464, 0.4344147542993337385, 3.169906786246250441 ) ) ;
#2037 = CARTESIAN_POINT ( 'NONE',  ( 1.291540447335000286, 0.4216152602188834586, 4.409554399208944986 ) ) ;
#2038 = VECTOR ( 'NONE', #2464, 39.37007874015748143 ) ;
#2039 = CARTESIAN_POINT ( 'NONE',  ( 2.198634830726811984, 0.9881039533508070294, -1.653629272440496623 ) ) ;
#2040 = VECTOR ( 'NONE', #1360, 39.37007874015748143 ) ;
#2041 = ORIENTED_EDGE ( 'NONE', *, *, #1521, .T. ) ;
#2042 = LINE ( 'NONE', #393, #1703 ) ;
#2043 = CARTESIAN_POINT ( 'NONE',  ( 2.557361660687569316, 1.064259205246530948, 3.323942964098967501 ) ) ;
#2044 = AXIS2_PLACEMENT_3D ( 'NONE', #28, #2161, #667 ) ;
#2045 = VERTEX_POINT ( 'NONE', #2220 ) ;
#2046 = CARTESIAN_POINT ( 'NONE',  ( 2.800544810882796387, 0.5430198037066907846, 2.989102014412096331 ) ) ;
#2047 = DIRECTION ( 'NONE',  ( 1.000000000000000000, 0.000000000000000000, 0.000000000000000000 ) ) ;
#2048 = CARTESIAN_POINT ( 'NONE',  ( 1.080126342968867226, 0.5935590482308417126, 4.441312589766052810 ) ) ;
#2049 = CARTESIAN_POINT ( 'NONE',  ( 2.702521944995383230, 0.3872175099950290189, 3.065012101485078411 ) ) ;
#2050 = DIRECTION ( 'NONE',  ( 0.000000000000000000, 0.000000000000000000, -1.000000000000000000 ) ) ;
#2051 =( BOUNDED_CURVE ( )  B_SPLINE_CURVE ( 3, ( #2333, #676, #54, #1286 ),
 .UNSPECIFIED., .F., .F. ) 
 B_SPLINE_CURVE_WITH_KNOTS ( ( 4, 4 ),
 ( 5.792275357831876192, 6.774095256527296272 ),
 .UNSPECIFIED. ) 
 CURVE ( )  GEOMETRIC_REPRESENTATION_ITEM ( )  RATIONAL_B_SPLINE_CURVE ( ( 1.000000000000000000, 0.9212694984400245923, 0.9212694984400245923, 1.000000000000000000 ) ) 
 REPRESENTATION_ITEM ( '' )  );
#2052 = VERTEX_POINT ( 'NONE', #586 ) ;
#2053 = FACE_OUTER_BOUND ( 'NONE', #825, .T. ) ;
#2054 = CARTESIAN_POINT ( 'NONE',  ( 2.031039747418482033, 0.5250000000000000222, -1.621479010153125122 ) ) ;
#2055 = APPROVAL_STATUS ( 'not_yet_approved' ) ;
#2056 = EDGE_CURVE ( 'NONE', #628, #47, #375, .T. ) ;
#2057 = ORIENTED_EDGE ( 'NONE', *, *, #1047, .F. ) ;
#2058 = CARTESIAN_POINT ( 'NONE',  ( 1.625000000000000888, 1.649999999999999911, 4.249999999999999112 ) ) ;
#2059 = EDGE_CURVE ( 'NONE', #279, #2626, #962, .T. ) ;
#2060 = CARTESIAN_POINT ( 'NONE',  ( 1.199999999999999734, 0.5249999999999999112, 4.000000000000000000 ) ) ;
#2061 = VERTEX_POINT ( 'NONE', #1851 ) ;
#2062 = CARTESIAN_POINT ( 'NONE',  ( 1.323983442731924365, 0.5857916296654448463, 4.440261841142159049 ) ) ;
#2063 = LINE ( 'NONE', #1686, #83 ) ;
#2064 = CARTESIAN_POINT ( 'NONE',  ( 0.6957630985055277550, 1.215566873910196577, 4.412539837415839550 ) ) ;
#2065 = CARTESIAN_POINT ( 'NONE',  ( 2.262724494491600069, 1.116097807472996806, -1.551206559629418003 ) ) ;
#2066 = EDGE_LOOP ( 'NONE', ( #1569, #2041, #1069, #238 ) ) ;
#2067 = DIRECTION ( 'NONE',  ( 0.8000000000000002665, 0.000000000000000000, 0.5999999999999995337 ) ) ;
#2068 = CARTESIAN_POINT ( 'NONE',  ( 2.446999489973730402, 1.005593432120582165, 3.482886804698479999 ) ) ;
#2069 = ORIENTED_EDGE ( 'NONE', *, *, #566, .T. ) ;
#2070 = CARTESIAN_POINT ( 'NONE',  ( 2.215641717141862976, 1.228293421883754011, -1.571948930182969661 ) ) ;
#2071 = CARTESIAN_POINT ( 'NONE',  ( 2.474017259845169292, 1.258347354197575818, 3.371586247744132514 ) ) ;
#2072 = AXIS2_PLACEMENT_3D ( 'NONE', #223, #2655, #2670 ) ;
#2073 = ORIENTED_EDGE ( 'NONE', *, *, #454, .F. ) ;
#2074 = CYLINDRICAL_SURFACE ( 'NONE', #1993, 0.06496063000000033838 ) ;
#2075 = CARTESIAN_POINT ( 'NONE',  ( 2.666199289267968009, 0.3943487336652198860, 3.116492964102084873 ) ) ;
#2076 = AXIS2_PLACEMENT_3D ( 'NONE', #2426, #2401, #1964 ) ;
#2077 = VECTOR ( 'NONE', #1991, 39.37007874015748143 ) ;
#2078 = CARTESIAN_POINT ( 'NONE',  ( 2.146584163324928518, 1.001268069271876948, -1.713669642283554673 ) ) ;
#2079 = EDGE_LOOP ( 'NONE', ( #254, #1135, #71, #536 ) ) ;
#2080 = CIRCLE ( 'NONE', #2643, 0.1377952749999999393 ) ;
#2081 = CARTESIAN_POINT ( 'NONE',  ( 2.072795635499913747, 0.5250000000000000222, -1.571716280520117470 ) ) ;
#2082 = EDGE_CURVE ( 'NONE', #1829, #220, #993, .T. ) ;
#2083 = AXIS2_PLACEMENT_3D ( 'NONE', #1134, #101, #2396 ) ;
#2084 = AXIS2_PLACEMENT_3D ( 'NONE', #563, #1558, #2388 ) ;
#2085 = ORIENTED_EDGE ( 'NONE', *, *, #2017, .T. ) ;
#2086 = DIRECTION ( 'NONE',  ( -0.8000000000000003775, 0.000000000000000000, -0.5999999999999997558 ) ) ;
#2087 = CARTESIAN_POINT ( 'NONE',  ( 2.084335821890116236, 1.185814214415624734, -1.743231316278476495 ) ) ;
#2088 = CARTESIAN_POINT ( 'NONE',  ( 2.491336662724641826, 1.248650771696695472, 3.352579847630943188 ) ) ;
#2089 = CARTESIAN_POINT ( 'NONE',  ( 1.218030082470257014, 0.6619078905581488037, 4.449052163808576488 ) ) ;
#2090 = EDGE_CURVE ( 'NONE', #1933, #1072, #1917, .T. ) ;
#2091 = CARTESIAN_POINT ( 'NONE',  ( 2.796774252975718245, 0.5159331531562301176, 2.986274095981788168 ) ) ;
#2092 = FACE_OUTER_BOUND ( 'NONE', #1867, .T. ) ;
#2093 = CARTESIAN_POINT ( 'NONE',  ( 2.250132943709536093, 1.034298548430431897, -1.584582809875187071 ) ) ;
#2094 = ORIENTED_EDGE ( 'NONE', *, *, #2591, .F. ) ;
#2095 = DIRECTION ( 'NONE',  ( 0.000000000000000000, 0.000000000000000000, 1.000000000000000000 ) ) ;
#2096 = CARTESIAN_POINT ( 'NONE',  ( 0.8612635091302964785, 0.6487615498175758333, 4.447774194193073960 ) ) ;
#2097 = APPROVAL_ROLE ( '' ) ;
#2098 = ORIENTED_EDGE ( 'NONE', *, *, #968, .F. ) ;
#2099 = CYLINDRICAL_SURFACE ( 'NONE', #1918, 0.1377952749999998561 ) ;
#2100 = DIRECTION ( 'NONE',  ( 0.7660444431189736836, 0.000000000000000000, -0.6427876096865444699 ) ) ;
#2101 = CYLINDRICAL_SURFACE ( 'NONE', #299, 0.06496062999999989429 ) ;
#2102 = EDGE_CURVE ( 'NONE', #2389, #594, #362, .T. ) ;
#2103 = VERTEX_POINT ( 'NONE', #1427 ) ;
#2104 = CARTESIAN_POINT ( 'NONE',  ( -1.664528365099622986, 0.5250000000000000222, 0.3937420136752843303 ) ) ;
#2105 = EDGE_CURVE ( 'NONE', #2626, #2222, #1802, .T. ) ;
#2106 = CARTESIAN_POINT ( 'NONE',  ( 2.798036390241281701, 1.124999999999999778, 2.987220698930960427 ) ) ;
#2107 = B_SPLINE_CURVE_WITH_KNOTS ( 'NONE', 3,
 ( #702, #1529, #1894, #2301, #1905, #255, #241, #32, #1924, #1323, #2516, #2151, #1708, #920, #1282, #1510, #1116, #2110, #2342, #477, #1312, #555, #1132, #1960, #2407, #1983, #2418, #332, #139, #738, #348, #1551, #1348, #953 ),
 .UNSPECIFIED., .F., .F.,
 ( 4, 2, 2, 2, 2, 2, 2, 2, 2, 2, 2, 2, 2, 2, 2, 2, 4 ),
 ( 3.469446951953614189E-18, 0.0006872641155518464506, 0.001374528231103689432, 0.002061792346655532630, 0.002749056462207375394, 0.003436320577759218592, 0.004123584693311061790, 0.004810848808862904988, 0.005498112924414757727, 0.006185377039966609598, 0.006872641155518463205, 0.007559905271070315076, 0.008247169386622168682, 0.008934433502174021421, 0.009621697617725874160, 0.01030896173327772690, 0.01099622584882957964 ),
 .UNSPECIFIED. ) ;
#2108 = EDGE_CURVE ( 'NONE', #2690, #2246, #1790, .T. ) ;
#2109 = ORIENTED_EDGE ( 'NONE', *, *, #1294, .T. ) ;
#2110 = CARTESIAN_POINT ( 'NONE',  ( 1.191033207684410788, 0.9872005508048277145, 4.449134490624285121 ) ) ;
#2111 = DIRECTION ( 'NONE',  ( 1.000000000000000000, 0.000000000000000000, 0.000000000000000000 ) ) ;
#2112 = EDGE_LOOP ( 'NONE', ( #2656, #162, #1780, #1075 ) ) ;
#2113 = DIRECTION ( 'NONE',  ( -1.000000000000000000, 0.000000000000000000, 0.000000000000000000 ) ) ;
#2114 = CARTESIAN_POINT ( 'NONE',  ( 2.113413288528316780, 1.248650771696695916, -1.686065577637371637 ) ) ;
#2115 = CARTESIAN_POINT ( 'NONE',  ( -1.385551987099622684, 0.5250000000000000222, 0.02177350967528412715 ) ) ;
#2116 = EDGE_LOOP ( 'NONE', ( #1486, #2679, #244, #821 ) ) ;
#2117 = FACE_OUTER_BOUND ( 'NONE', #2479, .T. ) ;
#2118 = CARTESIAN_POINT ( 'NONE',  ( 2.702620947522071937, 1.261899994729827279, 3.065261370470127478 ) ) ;
#2119 = FACE_OUTER_BOUND ( 'NONE', #1040, .T. ) ;
#2120 = EDGE_LOOP ( 'NONE', ( #2653, #2409, #2162, #1989 ) ) ;
#2121 = EDGE_LOOP ( 'NONE', ( #1429, #2657, #988, #892 ) ) ;
#2122 = CARTESIAN_POINT ( 'NONE',  ( 2.370750000000001911, 0.5250000000000000222, 3.338999999999999524 ) ) ;
#2123 = VECTOR ( 'NONE', #1489, 39.37007874015748854 ) ;
#2124 = DIRECTION ( 'NONE',  ( -0.8000000000000003775, 0.000000000000000000, -0.5999999999999997558 ) ) ;
#2125 = AXIS2_PLACEMENT_3D ( 'NONE', #14, #1100, #916 ) ;
#2126 = AXIS2_PLACEMENT_3D ( 'NONE', #2122, #882, #894 ) ;
#2127 = ORIENTED_EDGE ( 'NONE', *, *, #2090, .T. ) ;
#2128 = DIRECTION ( 'NONE',  ( -0.8000000000000003775, 0.000000000000000000, -0.5999999999999997558 ) ) ;
#2129 = CARTESIAN_POINT ( 'NONE',  ( 2.138717262576268041, 1.261899994729827501, -1.650676552049434420 ) ) ;
#2130 = DIRECTION ( 'NONE',  ( 0.000000000000000000, 0.000000000000000000, -1.000000000000000000 ) ) ;
#2131 = VECTOR ( 'NONE', #1377, 39.37007874015748143 ) ;
#2132 = CIRCLE ( 'NONE', #610, 0.1377952750000001336 ) ;
#2133 = ORIENTED_EDGE ( 'NONE', *, *, #2585, .F. ) ;
#2134 = VECTOR ( 'NONE', #1385, 39.37007874015748143 ) ;
#2135 = DIRECTION ( 'NONE',  ( 0.000000000000000000, 0.000000000000000000, 1.000000000000000000 ) ) ;
#2136 = CARTESIAN_POINT ( 'NONE',  ( 1.075976827068840347, 0.4642860742784718497, 4.419109427080673669 ) ) ;
#2137 = CARTESIAN_POINT ( 'NONE',  ( 2.642523225740116555, 1.080942875807213488, 3.206420037148245417 ) ) ;
#2138 = EDGE_CURVE ( 'NONE', #1325, #2555, #35, .T. ) ;
#2139 = ORIENTED_EDGE ( 'NONE', *, *, #1047, .T. ) ;
#2140 = CARTESIAN_POINT ( 'NONE',  ( 0.6958484305841484696, 0.6156687138106835544, 4.444114457966936271 ) ) ;
#2141 = EDGE_CURVE ( 'NONE', #717, #2287, #2420, .T. ) ;
#2142 = ORIENTED_EDGE ( 'NONE', *, *, #1821, .F. ) ;
#2143 = CARTESIAN_POINT ( 'NONE',  ( 2.104121822706102929, 0.5938263152247180710, -1.754281674940749269 ) ) ;
#2144 = CARTESIAN_POINT ( 'NONE',  ( 2.101380555574191344, 1.234292065752937262, -1.705885371562827935 ) ) ;
#2145 = DIRECTION ( 'NONE',  ( -0.5999999999999996447, 0.000000000000000000, 0.8000000000000002665 ) ) ;
#2146 = EDGE_CURVE ( 'NONE', #594, #1528, #939, .T. ) ;
#2147 = EDGE_CURVE ( 'NONE', #2103, #1334, #1908, .T. ) ;
#2148 = DIRECTION ( 'NONE',  ( -0.8000000000000003775, 0.000000000000000000, -0.5999999999999997558 ) ) ;
#2149 = CARTESIAN_POINT ( 'NONE',  ( 2.636113477309315556, 1.208632545117944490, 3.175377917070747902 ) ) ;
#2150 = CARTESIAN_POINT ( 'NONE',  ( 4.250000000000000000, 1.649999999999999911, -0.5000000000000005551 ) ) ;
#2151 = CARTESIAN_POINT ( 'NONE',  ( 1.269371304107545617, 1.005594779920926163, 4.447331663793916867 ) ) ;
#2152 = CYLINDRICAL_SURFACE ( 'NONE', #431, 0.06496063000000011634 ) ;
#2153 = VERTEX_POINT ( 'NONE', #2552 ) ;
#2154 = CARTESIAN_POINT ( 'NONE',  ( 0.7999999999999997113, 0.5249999999999999112, 4.299999999999999822 ) ) ;
#2155 = CARTESIAN_POINT ( 'NONE',  ( 2.113369985750537250, 0.4013944508250543164, -1.686134679635671096 ) ) ;
#2156 = DIRECTION ( 'NONE',  ( 1.000000000000000000, 0.000000000000000000, 0.000000000000000000 ) ) ;
#2157 = DIRECTION ( 'NONE',  ( -0.000000000000000000, -0.000000000000000000, -1.000000000000000000 ) ) ;
#2158 = ORIENTED_EDGE ( 'NONE', *, *, #2187, .T. ) ;
#2159 = CARTESIAN_POINT ( 'NONE',  ( 1.199999999999999734, 0.5249999999999999112, 4.299999999999999822 ) ) ;
#2160 = CARTESIAN_POINT ( 'NONE',  ( 2.631616198135341200, 1.185637184839438252, 3.189720636683696764 ) ) ;
#2161 = DIRECTION ( 'NONE',  ( 0.000000000000000000, 0.000000000000000000, 1.000000000000000000 ) ) ;
#2162 = ORIENTED_EDGE ( 'NONE', *, *, #1013, .F. ) ;
#2163 = FACE_OUTER_BOUND ( 'NONE', #2066, .T. ) ;
#2164 = VERTEX_POINT ( 'NONE', #715 ) ;
#2165 = CARTESIAN_POINT ( 'NONE',  ( 2.402527690404844041, 0.5690636780220807989, 3.526415235879643895 ) ) ;
#2166 = CARTESIAN_POINT ( 'NONE',  ( 0.8649606299999997860, 1.124999999999999778, 4.299999999999999822 ) ) ;
#2167 = EDGE_CURVE ( 'NONE', #1977, #888, #504, .T. ) ;
#2168 = AXIS2_PLACEMENT_3D ( 'NONE', #107, #2213, #2392 ) ;
#2169 = CIRCLE ( 'NONE', #2257, 0.06496063000000050491 ) ;
#2170 = CARTESIAN_POINT ( 'NONE',  ( 2.082185328042937211, 0.4895258639824795477, -1.753800780581037833 ) ) ;
#2171 = ORIENTED_EDGE ( 'NONE', *, *, #358, .T. ) ;
#2172 = CARTESIAN_POINT ( 'NONE',  ( 2.651875877594164432, 0.5935590482308417126, 3.199686479484537216 ) ) ;
#2173 = CIRCLE ( 'NONE', #519, 0.06496062999999990817 ) ;
#2174 = CARTESIAN_POINT ( 'NONE',  ( 0.9377952749999995952, 1.124999999999999778, 4.430761531551600463 ) ) ;
#2175 = AXIS2_PLACEMENT_3D ( 'NONE', #1203, #155, #1831 ) ;
#2176 = AXIS2_PLACEMENT_3D ( 'NONE', #1415, #781, #2480 ) ;
#2177 = DIRECTION ( 'NONE',  ( 0.000000000000000000, 0.000000000000000000, 1.000000000000000000 ) ) ;
#2178 = EDGE_CURVE ( 'NONE', #455, #1965, #1290, .T. ) ;
#2179 = EDGE_CURVE ( 'NONE', #92, #2674, #2229, .T. ) ;
#2180 = FACE_OUTER_BOUND ( 'NONE', #2348, .T. ) ;
#2181 = ORIENTED_EDGE ( 'NONE', *, *, #1452, .T. ) ;
#2182 = CARTESIAN_POINT ( 'NONE',  ( 2.516209471414669441, 0.6557358812168132545, 3.392497445828601244 ) ) ;
#2183 = CARTESIAN_POINT ( 'NONE',  ( 2.547263583002712384, 0.4808442953466384173, 3.307838418103178135 ) ) ;
#2184 = VERTEX_POINT ( 'NONE', #2606 ) ;
#2185 = CARTESIAN_POINT ( 'NONE',  ( 2.724494373778279854, 0.6627851787455529831, 3.115896105295247853 ) ) ;
#2186 = DIRECTION ( 'NONE',  ( -1.821231995776174986E-16, -0.000000000000000000, -1.000000000000000000 ) ) ;
#2187 = EDGE_CURVE ( 'NONE', #496, #564, #1358, .T. ) ;
#2188 = ORIENTED_EDGE ( 'NONE', *, *, #1600, .F. ) ;
#2189 = DIRECTION ( 'NONE',  ( 2.185478394931410575E-16, 0.000000000000000000, 1.000000000000000000 ) ) ;
#2190 = EDGE_CURVE ( 'NONE', #2690, #1072, #1574, .T. ) ;
#2191 = CARTESIAN_POINT ( 'NONE',  ( 1.905935891406655092, 1.649999999999999911, -1.692785788659584068 ) ) ;
#2192 = CARTESIAN_POINT ( 'NONE',  ( 1.984222540056563400, 1.124999999999999778, -1.677273585221918273 ) ) ;
#2193 = ORIENTED_EDGE ( 'NONE', *, *, #164, .F. ) ;
#2194 = CARTESIAN_POINT ( 'NONE',  ( 2.127411301660654175, 0.3909286673515072197, -1.665303335963704834 ) ) ;
#2195 = DIRECTION ( 'NONE',  ( -1.000000000000000000, 0.000000000000000000, 0.000000000000000000 ) ) ;
#2196 = DIRECTION ( 'NONE',  ( -1.821231995776174986E-16, 0.000000000000000000, -1.000000000000000000 ) ) ;
#2197 = B_SPLINE_CURVE_WITH_KNOTS ( 'NONE', 3,
 ( #813, #2485, #1248, #205, #2454, #191, #788, #1657, #624, #159, #1449, #1846, #1627, #2442, #1001, #1407, #2468, #633, #1462, #2071, #2281, #2088, #1888, #1029, #582, #414, #2293, #2241, #2497, #2681, #1836, #2696, #2253, #1207 ),
 .UNSPECIFIED., .F., .F.,
 ( 4, 2, 2, 2, 2, 2, 2, 2, 2, 2, 2, 2, 2, 2, 2, 2, 4 ),
 ( 0.01099622584882956229, 0.01168747684457797226, 0.01237872784032638222, 0.01306997883607479219, 0.01376122983182320042, 0.01445248082757161039, 0.01514373182332002035, 0.01583498281906842858, 0.01652623381481684028, 0.01721748481056524852, 0.01790873580631365675, 0.01859998680206206845, 0.01929123779781048015, 0.01998248879355888838, 0.02067373978930729661, 0.02136499078505570831, 0.02205624178080411654 ),
 .UNSPECIFIED. ) ;
#2198 = CARTESIAN_POINT ( 'NONE',  ( 2.084391684675392931, 0.5250000000000000222, -1.761325477526923144 ) ) ;
#2199 = ORIENTED_EDGE ( 'NONE', *, *, #502, .T. ) ;
#2200 = CARTESIAN_POINT ( 'NONE',  ( 1.218113472137140718, 1.261899994729827279, 4.401253580299733237 ) ) ;
#2201 = CARTESIAN_POINT ( 'NONE',  ( 2.161368730943263650, 1.124999999999999778, -1.466158975818316890 ) ) ;
#2202 = LINE ( 'NONE', #967, #740 ) ;
#2203 = CARTESIAN_POINT ( 'NONE',  ( 2.225497600585915059, 0.6486591248312305602, -1.619612867686065716 ) ) ;
#2204 = DIRECTION ( 'NONE',  ( 1.000000000000000000, 0.000000000000000000, 0.000000000000000000 ) ) ;
#2205 = CARTESIAN_POINT ( 'NONE',  ( 1.724540772249192777, 0.8249999999999999556, 0.4920349658201598197 ) ) ;
#2206 = ORIENTED_EDGE ( 'NONE', *, *, #1178, .F. ) ;
#2207 = CARTESIAN_POINT ( 'NONE',  ( 0.9334492414243423797, 0.4895258639824793812, 4.424234582350308642 ) ) ;
#2208 = CARTESIAN_POINT ( 'NONE',  ( 2.484494373778280085, 0.6627851787455533161, 3.435896105295247693 ) ) ;
#2209 = CARTESIAN_POINT ( 'NONE',  ( 2.508081382143252824, 0.4158888454759190889, 3.336196725259912732 ) ) ;
#2210 = ORIENTED_EDGE ( 'NONE', *, *, #2427, .F. ) ;
#2211 = CARTESIAN_POINT ( 'NONE',  ( 2.659460111367733859, 0.6087006425535852472, 3.192829246702507007 ) ) ;
#2212 = EDGE_CURVE ( 'NONE', #2521, #2510, #2016, .T. ) ;
#2213 = DIRECTION ( 'NONE',  ( -0.8000000000000001554, 0.000000000000000000, -0.5999999999999997558 ) ) ;
#2214 = CIRCLE ( 'NONE', #208, 1.750000000000000000 ) ;
#2215 = AXIS2_PLACEMENT_3D ( 'NONE', #1162, #927, #1341 ) ;
#2216 = DIRECTION ( 'NONE',  ( -1.000000000000000000, 0.000000000000000000, 0.000000000000000000 ) ) ;
#2217 = AXIS2_PLACEMENT_3D ( 'NONE', #1324, #1737, #90 ) ;
#2218 = CARTESIAN_POINT ( 'NONE',  ( 2.261537875562093181, 0.5250000000000000222, -1.550210868123321539 ) ) ;
#2219 = VECTOR ( 'NONE', #1397, 39.37007874015748143 ) ;
#2220 = CARTESIAN_POINT ( 'NONE',  ( 2.937500000000000000, 0.000000000000000000, 2.499999999999999112 ) ) ;
#2221 = EDGE_CURVE ( 'NONE', #639, #2264, #310, .T. ) ;
#2222 = VERTEX_POINT ( 'NONE', #2005 ) ;
#2223 = FACE_BOUND ( 'NONE', #1049, .T. ) ;
#2224 = CARTESIAN_POINT ( 'NONE',  ( 2.468182557434465352, 0.9916553136748753605, 3.456948222058509046 ) ) ;
#2225 = CARTESIAN_POINT ( 'NONE',  ( 2.610750000000001680, 0.5250000000000000222, 3.018999999999999684 ) ) ;
#2226 = EDGE_CURVE ( 'NONE', #2000, #1803, #542, .T. ) ;
#2227 = VERTEX_POINT ( 'NONE', #1382 ) ;
#2228 = PLANE ( 'NONE',  #1433 ) ;
#2229 = LINE ( 'NONE', #531, #877 ) ;
#2230 = EDGE_CURVE ( 'NONE', #89, #936, #1967, .T. ) ;
#2231 = CARTESIAN_POINT ( 'NONE',  ( 4.250000000000000000, 1.649999999999999911, 2.500000000000000000 ) ) ;
#2232 = FACE_OUTER_BOUND ( 'NONE', #1215, .T. ) ;
#2233 = DIRECTION ( 'NONE',  ( 0.8000000000000002665, 0.000000000000000000, 0.5999999999999995337 ) ) ;
#2234 = DIRECTION ( 'NONE',  ( 0.8000000000000003775, 0.000000000000000000, 0.5999999999999996447 ) ) ;
#2235 = ORIENTED_EDGE ( 'NONE', *, *, #91, .T. ) ;
#2236 = DIRECTION ( 'NONE',  ( -0.7660444431189737946, 0.000000000000000000, 0.6427876096865445810 ) ) ;
#2237 = CYLINDRICAL_SURFACE ( 'NONE', #2175, 0.1377952749999999393 ) ;
#2238 = CARTESIAN_POINT ( 'NONE',  ( 2.406573403205984452, 0.4157877058408690485, 3.471499991311148392 ) ) ;
#2239 = EDGE_LOOP ( 'NONE', ( #1707, #811 ) ) ;
#2240 = DIRECTION ( 'NONE',  ( 0.000000000000000000, 0.000000000000000000, 1.000000000000000000 ) ) ;
#2241 = CARTESIAN_POINT ( 'NONE',  ( 2.536513636852919973, 1.193763284457128426, 3.313632598005207264 ) ) ;
#2242 = DIRECTION ( 'NONE',  ( -0.8000000000000002665, 0.000000000000000000, -0.5999999999999996447 ) ) ;
#2243 = CARTESIAN_POINT ( 'NONE',  ( 2.646573403205982000, 0.4157877058408692705, 3.151499991311145443 ) ) ;
#2244 = CARTESIAN_POINT ( 'NONE',  ( 2.370750000000001911, 0.5250000000000000222, 3.338999999999999524 ) ) ;
#2245 = FACE_OUTER_BOUND ( 'NONE', #1761, .T. ) ;
#2246 = VERTEX_POINT ( 'NONE', #122 ) ;
#2247 = CARTESIAN_POINT ( 'NONE',  ( 2.072795635499913747, 0.5250000000000000222, -1.571716280520117470 ) ) ;
#2248 = DIRECTION ( 'NONE',  ( -0.7660444431189739056, -0.000000000000000000, 0.6427876096865444699 ) ) ;
#2249 = APPROVAL_STATUS ( 'not_yet_approved' ) ;
#2250 = LOCAL_TIME ( 20, 48, 54.00000000000000000, #1738 ) ;
#2251 = ORIENTED_EDGE ( 'NONE', *, *, #784, .F. ) ;
#2252 = CARTESIAN_POINT ( 'NONE',  ( 2.610750000000001680, 1.124999999999999778, 3.018999999999999684 ) ) ;
#2253 = CARTESIAN_POINT ( 'NONE',  ( 2.556774601266916136, 1.134064344815648884, 3.306274357200184699 ) ) ;
#2254 = ORIENTED_EDGE ( 'NONE', *, *, #851, .T. ) ;
#2255 = VECTOR ( 'NONE', #98, 39.37007874015748143 ) ;
#2256 = CARTESIAN_POINT ( 'NONE',  ( 4.250000000000000000, 1.649999999999999911, -0.5000000000000005551 ) ) ;
#2257 = AXIS2_PLACEMENT_3D ( 'NONE', #1772, #1165, #1154 ) ;
#2258 = CARTESIAN_POINT ( 'NONE',  ( 2.370750000000001911, 1.124999999999999778, 3.338999999999999524 ) ) ;
#2259 = CARTESIAN_POINT ( 'NONE',  ( 1.236585570267527245, 0.3909286673515073862, 4.401994627235863433 ) ) ;
#2260 = EDGE_CURVE ( 'NONE', #642, #89, #1404, .T. ) ;
#2261 = VECTOR ( 'NONE', #895, 39.37007874015748143 ) ;
#2262 = ADVANCED_FACE ( 'NONE', ( #319 ), #1809, .F. ) ;
#2263 = VECTOR ( 'NONE', #1998, 39.37007874015748143 ) ;
#2264 = VERTEX_POINT ( 'NONE', #343 ) ;
#2265 = CARTESIAN_POINT ( 'NONE',  ( 0.7818027771614849408, 0.3881078597300984812, 4.401255625759800338 ) ) ;
#2266 = CARTESIAN_POINT ( 'NONE',  ( 2.432484126082929077, 1.021372225181661264, 3.499399680382990763 ) ) ;
#2267 = CALENDAR_DATE ( 2026, 27, 4 ) ;
#2268 = VERTEX_POINT ( 'NONE', #2632 ) ;
#2269 = LINE ( 'NONE', #397, #1044 ) ;
#2270 = CYLINDRICAL_SURFACE ( 'NONE', #695, 1.750000000000000000 ) ;
#2271 = ORIENTED_EDGE ( 'NONE', *, *, #2007, .T. ) ;
#2272 = CARTESIAN_POINT ( 'NONE',  ( 1.264960629999999586, 0.5249999999999999112, 4.000000000000000000 ) ) ;
#2273 = CARTESIAN_POINT ( 'NONE',  ( 2.790207210734854115, 0.4895258639824798252, 2.986781356270710397 ) ) ;
#2274 = CARTESIAN_POINT ( 'NONE',  ( 2.657439781060550121, 1.248536824568107217, 3.131156411853335264 ) ) ;
#2275 = CARTESIAN_POINT ( 'NONE',  ( 2.239034946231532430, 1.015640948593784509, -1.601140026292223073 ) ) ;
#2276 = ORIENTED_EDGE ( 'NONE', *, *, #2687, .F. ) ;
#2277 = DIRECTION ( 'NONE',  ( 0.5999999999999987566, 0.000000000000000000, -0.8000000000000010436 ) ) ;
#2278 = DIRECTION ( 'NONE',  ( 0.8000000000000002665, 0.000000000000000000, 0.5999999999999995337 ) ) ;
#2279 = ORIENTED_EDGE ( 'NONE', *, *, #1214, .F. ) ;
#2280 = FACE_OUTER_BOUND ( 'NONE', #1188, .T. ) ;
#2281 = CARTESIAN_POINT ( 'NONE',  ( 2.479850907133655191, 1.255661369095923741, 3.364953213817821087 ) ) ;
#2282 = EDGE_LOOP ( 'NONE', ( #179, #2466 ) ) ;
#2283 = CARTESIAN_POINT ( 'NONE',  ( 1.337795274999999284, 0.5430198037066904515, 4.433897057353491711 ) ) ;
#2284 = CARTESIAN_POINT ( 'NONE',  ( 2.737109533606879364, 0.4057570244171089802, 3.026712451714895558 ) ) ;
#2285 = EDGE_CURVE ( 'NONE', #1419, #2530, #773, .T. ) ;
#2286 = CARTESIAN_POINT ( 'NONE',  ( 2.215146150074986497, 0.9942818688304281283, -1.633039000689573861 ) ) ;
#2287 = VERTEX_POINT ( 'NONE', #950 ) ;
#2288 = CARTESIAN_POINT ( 'NONE',  ( 2.072795635499913747, 0.5250000000000000222, -1.571716280520117248 ) ) ;
#2289 = PERSON_AND_ORGANIZATION_ROLE ( 'creator' ) ;
#2290 = ORIENTED_EDGE ( 'NONE', *, *, #1485, .F. ) ;
#2291 = DIRECTION ( 'NONE',  ( 0.7660444431189736836, 0.000000000000000000, -0.6427876096865444699 ) ) ;
#2292 = CARTESIAN_POINT ( 'NONE',  ( 0.8649606299999997860, 1.124999999999999778, -1.825629139790877042 ) ) ;
#2293 = CARTESIAN_POINT ( 'NONE',  ( 2.527872668824078684, 1.208792471232507326, 3.319639041803081447 ) ) ;
#2294 = VERTEX_POINT ( 'NONE', #1783 ) ;
#2295 = EDGE_CURVE ( 'NONE', #1546, #1375, #2430, .T. ) ;
#2296 = LINE ( 'NONE', #428, #1786 ) ;
#2297 = CARTESIAN_POINT ( 'NONE',  ( 2.630647678585964044, 0.5069656867920807608, 3.205051982360803464 ) ) ;
#2298 = AXIS2_PLACEMENT_3D ( 'NONE', #2351, #453, #1120 ) ;
#2299 = CARTESIAN_POINT ( 'NONE',  ( 2.230241834040425086, 1.005593432120581943, -1.613286604703770610 ) ) ;
#2300 = VERTEX_POINT ( 'NONE', #827 ) ;
#2301 = CARTESIAN_POINT ( 'NONE',  ( 1.333472729308101234, 1.089615647808951371, 4.436568426892091743 ) ) ;
#2302 = AXIS2_PLACEMENT_3D ( 'NONE', #1383, #209, #2443 ) ;
#2303 = EDGE_CURVE ( 'NONE', #2682, #1107, #2683, .T. ) ;
#2304 = CARTESIAN_POINT ( 'NONE',  ( 0.6901626694586326938, 0.6087006425535851362, 4.443265637115690225 ) ) ;
#2305 = AXIS2_PLACEMENT_3D ( 'NONE', #718, #1373, #74 ) ;
#2306 = CIRCLE ( 'NONE', #1477, 0.06496063000000050491 ) ;
#2307 = VERTEX_POINT ( 'NONE', #1613 ) ;
#2308 = DIRECTION ( 'NONE',  ( 0.5999999999999994227, 0.000000000000000000, -0.8000000000000004885 ) ) ;
#2309 = CARTESIAN_POINT ( 'NONE',  ( 0.9240126251333656837, 1.064259205246530948, 4.440255107009436486 ) ) ;
#2310 = CARTESIAN_POINT ( 'NONE',  ( 1.135039369999999881, 0.5249999999999999112, 4.299999999999999822 ) ) ;
#2311 = EDGE_CURVE ( 'NONE', #2268, #2003, #2197, .T. ) ;
#2312 = VERTEX_POINT ( 'NONE', #1043 ) ;
#2313 = LINE ( 'NONE', #2104, #2347 ) ;
#2314 = EDGE_CURVE ( 'NONE', #2402, #303, #593, .T. ) ;
#2315 = DIRECTION ( 'NONE',  ( 0.6427876096865443589, -0.000000000000000000, 0.7660444431189737946 ) ) ;
#2316 = ORIENTED_EDGE ( 'NONE', *, *, #1263, .F. ) ;
#2317 = DIRECTION ( 'NONE',  ( 0.5999999999999987566, 0.000000000000000000, -0.8000000000000010436 ) ) ;
#2318 = CARTESIAN_POINT ( 'NONE',  ( -2.153726238107966040, 1.124999999999999778, 1.889956584865390976 ) ) ;
#2319 = ORIENTED_EDGE ( 'NONE', *, *, #210, .F. ) ;
#2320 = FACE_BOUND ( 'NONE', #1581, .T. ) ;
#2321 = CARTESIAN_POINT ( 'NONE',  ( 0.9040751352877307578, 1.034241921059344316, 4.444125243153404625 ) ) ;
#2322 = FACE_OUTER_BOUND ( 'NONE', #2620, .T. ) ;
#2323 = VERTEX_POINT ( 'NONE', #370 ) ;
#2324 = DIRECTION ( 'NONE',  ( -1.000000000000000000, 0.000000000000000000, 5.084596625704734012E-17 ) ) ;
#2325 = CARTESIAN_POINT ( 'NONE',  ( 1.062204724999999961, 0.5160469935326914559, 4.429203668700279373 ) ) ;
#2326 = DIRECTION ( 'NONE',  ( 0.8000000000000002665, 0.000000000000000000, 0.5999999999999995337 ) ) ;
#2327 = EDGE_LOOP ( 'NONE', ( #406, #447 ) ) ;
#2328 = DIRECTION ( 'NONE',  ( -0.5999999999999994227, 0.000000000000000000, 0.8000000000000004885 ) ) ;
#2329 = CARTESIAN_POINT ( 'NONE',  ( 0.7817465310950273416, 0.6618789616382539931, 4.449049473236364349 ) ) ;
#2330 = ORIENTED_EDGE ( 'NONE', *, *, #1752, .F. ) ;
#2331 = DIRECTION ( 'NONE',  ( -0.7660444431189736836, 0.000000000000000000, 0.6427876096865444699 ) ) ;
#2332 = CARTESIAN_POINT ( 'NONE',  ( 0.8180822910055962627, 0.9880921810708821473, 4.449052187985238049 ) ) ;
#2333 = CARTESIAN_POINT ( 'NONE',  ( 4.250000000000000000, 0.000000000000000000, 2.500000000000000000 ) ) ;
#2334 = ORIENTED_EDGE ( 'NONE', *, *, #774, .T. ) ;
#2335 = CARTESIAN_POINT ( 'NONE',  ( 1.066554920427041919, 1.160510370552979342, 4.424227931653909707 ) ) ;
#2336 = CARTESIAN_POINT ( 'NONE',  ( 1.108549111026554401, 0.4215271462523726420, 4.409533806824924795 ) ) ;
#2337 = ADVANCED_FACE ( 'NONE', ( #1421 ), #842, .F. ) ;
#2338 = CARTESIAN_POINT ( 'NONE',  ( 2.632682060241281707, 1.124999999999999778, 3.207693138930959087 ) ) ;
#2339 = EDGE_LOOP ( 'NONE', ( #1596, #1844, #1730, #828 ) ) ;
#2340 = EDGE_LOOP ( 'NONE', ( #1950, #468, #2515, #450 ) ) ;
#2341 = EDGE_CURVE ( 'NONE', #2164, #936, #427, .T. ) ;
#2342 = CARTESIAN_POINT ( 'NONE',  ( 1.181861116775079434, 0.9881039533508069184, 4.449051072508903637 ) ) ;
#2343 = AXIS2_PLACEMENT_3D ( 'NONE', #78, #1988, #2629 ) ;
#2344 = CARTESIAN_POINT ( 'NONE',  ( 0.6630582204579514860, 0.5427536152942786796, 4.433779788341334793 ) ) ;
#2345 = COORDINATED_UNIVERSAL_TIME_OFFSET ( 8, 0, .BEHIND. ) ;
#2346 = ADVANCED_FACE ( 'NONE', ( #178 ), #2031, .F. ) ;
#2347 = VECTOR ( 'NONE', #44, 39.37007874015748143 ) ;
#2348 = EDGE_LOOP ( 'NONE', ( #1293, #2505, #2494, #1036 ) ) ;
#2349 = CARTESIAN_POINT ( 'NONE',  ( 3.078221968286565247, 1.123501144850290290, 2.781443936573130937 ) ) ;
#2350 = CARTESIAN_POINT ( 'NONE',  ( 0.9377952749999994841, 1.115987934974271845, 4.432329670854138648 ) ) ;
#2351 = CARTESIAN_POINT ( 'NONE',  ( 1.199999999999999956, 1.124999999999999778, -1.825629139790877042 ) ) ;
#2352 = AXIS2_PLACEMENT_3D ( 'NONE', #1416, #2248, #379 ) ;
#2353 = ORIENTED_EDGE ( 'NONE', *, *, #1658, .T. ) ;
#2354 = FACE_OUTER_BOUND ( 'NONE', #1023, .T. ) ;
#2355 = CARTESIAN_POINT ( 'NONE',  ( 2.666051412555148215, 1.255553573049138505, 3.116731493927717533 ) ) ;
#2356 = CARTESIAN_POINT ( 'NONE',  ( 2.724677517110076774, 0.9872005508048280475, 3.115654128227041575 ) ) ;
#2357 = EDGE_LOOP ( 'NONE', ( #2440, #239, #1476, #2010 ) ) ;
#2358 = ORIENTED_EDGE ( 'NONE', *, *, #151, .T. ) ;
#2359 = CARTESIAN_POINT ( 'NONE',  ( 0.6622047249999997165, 0.5249999999999999112, 4.299999999999999822 ) ) ;
#2360 = CARTESIAN_POINT ( 'NONE',  ( 0.8692038900374966515, 0.6444980714175937431, 4.447341163279156184 ) ) ;
#2361 = VERTEX_POINT ( 'NONE', #1640 ) ;
#2362 = CARTESIAN_POINT ( 'NONE',  ( 2.146617811203029191, 0.6487615498175759443, -1.713634272314072282 ) ) ;
#2363 = CARTESIAN_POINT ( 'NONE',  ( 2.423550624724040148, 0.6156687138106837764, 3.508789930312842031 ) ) ;
#2364 = DIRECTION ( 'NONE',  ( -1.000000000000000000, 0.000000000000000000, 0.000000000000000000 ) ) ;
#2365 = EDGE_LOOP ( 'NONE', ( #1605, #686, #856, #2330 ) ) ;
#2366 = CARTESIAN_POINT ( 'NONE',  ( 1.080148200254946955, 1.193589332254316737, 4.417427987720800253 ) ) ;
#2367 = DIRECTION ( 'NONE',  ( 0.7660444431189736836, 0.000000000000000000, -0.6427876096865444699 ) ) ;
#2368 = CARTESIAN_POINT ( 'NONE',  ( 2.790225092205677271, 0.000000000000000000, -0.2500000000000004996 ) ) ;
#2369 = FACE_BOUND ( 'NONE', #2693, .T. ) ;
#2370 = ORIENTED_EDGE ( 'NONE', *, *, #243, .T. ) ;
#2371 = CARTESIAN_POINT ( 'NONE',  ( 2.192462217082284948, 0.4013509764935153101, -1.591859397358082573 ) ) ;
#2372 = CARTESIAN_POINT ( 'NONE',  ( 0.6622047249999997165, 1.116097807472996806, 4.432310552551839145 ) ) ;
#2373 = CARTESIAN_POINT ( 'NONE',  ( 0.7999999999999997113, 1.124999999999999778, 4.299999999999999822 ) ) ;
#2374 = CARTESIAN_POINT ( 'NONE',  ( 2.082509293008996121, 0.5070282871539264491, -1.758589288224154945 ) ) ;
#2375 = ORIENTED_EDGE ( 'NONE', *, *, #656, .T. ) ;
#2376 = CARTESIAN_POINT ( 'NONE',  ( 1.319752103707585000, 1.193763284457128204, 4.417390468285459448 ) ) ;
#2377 = ADVANCED_FACE ( 'NONE', ( #1437 ), #2270, .T. ) ;
#2378 = CARTESIAN_POINT ( 'NONE',  ( 0.9041008781157540142, 1.215724583304246709, 4.412503721454056560 ) ) ;
#2379 = EDGE_CURVE ( 'NONE', #994, #1419, #1343, .T. ) ;
#2380 = DIRECTION ( 'NONE',  ( 0.000000000000000000, 1.000000000000000000, 0.000000000000000000 ) ) ;
#2381 = CARTESIAN_POINT ( 'NONE',  ( 0.9377952749999995952, 1.124999999999999778, 4.430761531551600463 ) ) ;
#2382 = FACE_OUTER_BOUND ( 'NONE', #2112, .T. ) ;
#2383 = ADVANCED_FACE ( 'NONE', ( #1329, #1682 ), #1914, .F. ) ;
#2384 = ORIENTED_EDGE ( 'NONE', *, *, #2138, .T. ) ;
#2385 = CARTESIAN_POINT ( 'NONE',  ( 2.551199642281024360, 0.6088763034043430666, 3.337212650849570750 ) ) ;
#2386 = CARTESIAN_POINT ( 'NONE',  ( 1.714424780626911504, 1.649999999999999911, -1.532088886237948033 ) ) ;
#2387 = CIRCLE ( 'NONE', #1129, 0.1377952749999998561 ) ;
#2388 = DIRECTION ( 'NONE',  ( 0.5999999999999987566, 0.000000000000000000, -0.8000000000000009326 ) ) ;
#2389 = VERTEX_POINT ( 'NONE', #2536 ) ;
#2390 = CARTESIAN_POINT ( 'NONE',  ( 1.108358528609703519, 1.228293421883753789, 4.409575991383815285 ) ) ;
#2391 = VECTOR ( 'NONE', #1313, 39.37007874015748143 ) ;
#2392 = DIRECTION ( 'NONE',  ( 0.5999999999999987566, 0.000000000000000000, -0.8000000000000010436 ) ) ;
#2393 = CIRCLE ( 'NONE', #1436, 0.06496063000000050491 ) ;
#2394 = VECTOR ( 'NONE', #1371, 39.37007874015748143 ) ;
#2395 = PLANE ( 'NONE',  #345 ) ;
#2396 = DIRECTION ( 'NONE',  ( 1.000000000000000000, 0.000000000000000000, -0.000000000000000000 ) ) ;
#2397 = DIRECTION ( 'NONE',  ( 0.5999999999999994227, 0.000000000000000000, -0.8000000000000004885 ) ) ;
#2398 = VERTEX_POINT ( 'NONE', #278 ) ;
#2399 = CARTESIAN_POINT ( 'NONE',  ( 2.226001904455015445, 0.4344147542993330724, -1.564207017954083900 ) ) ;
#2400 = CARTESIAN_POINT ( 'NONE',  ( 2.558036390241281488, 0.5250000000000002442, 3.307220698930959824 ) ) ;
#2401 = DIRECTION ( 'NONE',  ( -0.7660444431189739056, -0.000000000000000000, 0.6427876096865444699 ) ) ;
#2402 = VERTEX_POINT ( 'NONE', #712 ) ;
#2403 = CARTESIAN_POINT ( 'NONE',  ( 1.291465113307078916, 1.228450838024268910, 4.409538703387248404 ) ) ;
#2404 = DIRECTION ( 'NONE',  ( 0.8000000000000002665, 0.000000000000000000, 0.5999999999999996447 ) ) ;
#2405 = FACE_OUTER_BOUND ( 'NONE', #1014, .T. ) ;
#2406 = CARTESIAN_POINT ( 'NONE',  ( 2.181275403047034711, 0.6628052051090729258, -1.674448041870870929 ) ) ;
#2407 = CARTESIAN_POINT ( 'NONE',  ( 1.108720731343363575, 1.021372225181661264, 4.445627109096137453 ) ) ;
#2408 = DIRECTION ( 'NONE',  ( 0.000000000000000000, 0.000000000000000000, 1.000000000000000000 ) ) ;
#2409 = ORIENTED_EDGE ( 'NONE', *, *, #164, .T. ) ;
#2410 = CARTESIAN_POINT ( 'NONE',  ( 2.798036390241281701, 0.5250000000000001332, 2.987220698930960427 ) ) ;
#2411 = DIRECTION ( 'NONE',  ( 1.000000000000000000, 0.000000000000000000, 0.000000000000000000 ) ) ;
#2412 = ORIENTED_EDGE ( 'NONE', *, *, #1485, .T. ) ;
#2413 = CARTESIAN_POINT ( 'NONE',  ( 2.692082649653681159, 0.6486591248312300051, 3.156829508101797188 ) ) ;
#2414 = DIRECTION ( 'NONE',  ( -0.000000000000000000, -1.000000000000000000, -0.000000000000000000 ) ) ;
#2415 = ADVANCED_FACE ( 'NONE', ( #2322 ), #484, .F. ) ;
#2416 = CARTESIAN_POINT ( 'NONE',  ( 1.714424780626911504, 1.649999999999999911, -1.532088886237948033 ) ) ;
#2417 = CARTESIAN_POINT ( 'NONE',  ( 2.243142406603815697, 0.6284331060056820295, -1.595225779602929661 ) ) ;
#2418 = CARTESIAN_POINT ( 'NONE',  ( 1.090179963948720188, 1.041288547341399751, 4.443266558458756066 ) ) ;
#2419 = ADVANCED_FACE ( 'NONE', ( #1317, #1929 ), #887, .F. ) ;
#2420 = LINE ( 'NONE', #150, #125 ) ;
#2421 = ADVANCED_BREP_SHAPE_REPRESENTATION ( 'Armor Side Wall', ( #445, #251 ), #1906 ) ;
#2422 = AXIS2_PLACEMENT_3D ( 'NONE', #855, #2524, #2364 ) ;
#2423 = ORIENTED_EDGE ( 'NONE', *, *, #454, .T. ) ;
#2424 = CARTESIAN_POINT ( 'NONE',  ( 2.370750000000000579, 1.124999999999999778, 2.838999999999999080 ) ) ;
#2425 = CARTESIAN_POINT ( 'NONE',  ( 2.551282147576635850, 1.041360955496536178, 3.337053179464069430 ) ) ;
#2426 = CARTESIAN_POINT ( 'NONE',  ( 1.842982302564220465, 0.5250000000000000222, -1.378879997614153696 ) ) ;
#2427 = EDGE_CURVE ( 'NONE', #691, #628, #1595, .T. ) ;
#2428 = ORIENTED_EDGE ( 'NONE', *, *, #869, .T. ) ;
#2429 = CARTESIAN_POINT ( 'NONE',  ( 2.795658692643754772, 0.5938263152247181820, 3.008035118349204229 ) ) ;
#2430 = LINE ( 'NONE', #1820, #2255 ) ;
#2431 = VECTOR ( 'NONE', #2471, 39.37007874015748143 ) ;
#2432 = DIRECTION ( 'NONE',  ( 0.8000000000000002665, 0.000000000000000000, 0.5999999999999996447 ) ) ;
#2433 = VECTOR ( 'NONE', #1723, 39.37007874015748143 ) ;
#2434 = CARTESIAN_POINT ( 'NONE',  ( 2.116350443994594155, 0.6158298950497667068, -1.744042198932725718 ) ) ;
#2435 = DIRECTION ( 'NONE',  ( -0.8000000000000001554, 0.000000000000000000, -0.5999999999999997558 ) ) ;
#2436 = ORIENTED_EDGE ( 'NONE', *, *, #906, .T. ) ;
#2437 = CARTESIAN_POINT ( 'NONE',  ( 0.8615688892208556160, 0.4013944508250543719, 4.404628484814299583 ) ) ;
#2438 = CARTESIAN_POINT ( 'NONE',  ( 2.395651746666427773, 1.107046995331611772, 3.528817929514966867 ) ) ;
#2439 = CALENDAR_DATE ( 2026, 27, 4 ) ;
#2440 = ORIENTED_EDGE ( 'NONE', *, *, #2652, .T. ) ;
#2441 = FACE_OUTER_BOUND ( 'NONE', #17, .T. ) ;
#2442 = CARTESIAN_POINT ( 'NONE',  ( 2.426051412555148001, 1.255553573049138505, 3.436731493927718706 ) ) ;
#2443 = DIRECTION ( 'NONE',  ( -0.5999999999999996447, 0.000000000000000000, 0.8000000000000002665 ) ) ;
#2444 = DIRECTION ( 'NONE',  ( 0.6427876096865451361, 0.000000000000000000, 0.7660444431189731285 ) ) ;
#2445 = LINE ( 'NONE', #1618, #2134 ) ;
#2446 = EDGE_CURVE ( 'NONE', #639, #964, #2051, .T. ) ;
#2447 = CARTESIAN_POINT ( 'NONE',  ( -1.586575609099622808, 1.124999999999999778, 0.2898050056752836667 ) ) ;
#2448 = ORIENTED_EDGE ( 'NONE', *, *, #175, .T. ) ;
#2449 = CARTESIAN_POINT ( 'NONE',  ( 0.6901215615533283776, 0.4413693102295680459, 4.414117595967860908 ) ) ;
#2450 = DIRECTION ( 'NONE',  ( 0.7660444431189737946, 0.000000000000000000, -0.6427876096865445810 ) ) ;
#2451 = CARTESIAN_POINT ( 'NONE',  ( 2.390647678585964719, 0.5069656867920804277, 3.525051982360804637 ) ) ;
#2452 = ORIENTED_EDGE ( 'NONE', *, *, #2619, .T. ) ;
#2453 = CARTESIAN_POINT ( 'NONE',  ( 4.000000000000000000, 0.000000000000000000, -0.2500000000000006106 ) ) ;
#2454 = CARTESIAN_POINT ( 'NONE',  ( 2.390261062884464494, 1.169152597449807818, 3.517175644433248038 ) ) ;
#2455 = ORIENTED_EDGE ( 'NONE', *, *, #1182, .T. ) ;
#2456 = ADVANCED_FACE ( 'NONE', ( #247, #1278, #2549, #1502, #689 ), #23, .F. ) ;
#2457 = CARTESIAN_POINT ( 'NONE',  ( 1.199999999999999734, 0.5249999999999999112, 4.299999999999999822 ) ) ;
#2458 = EDGE_CURVE ( 'NONE', #628, #691, #2598, .T. ) ;
#2459 = CARTESIAN_POINT ( 'NONE',  ( 1.135039369999999881, 1.124999999999999778, -1.825629139790877042 ) ) ;
#2460 = DIRECTION ( 'NONE',  ( -0.6000000000000013101, 0.000000000000000000, 0.7999999999999990452 ) ) ;
#2461 = CARTESIAN_POINT ( 'NONE',  ( 2.225378922357875489, 1.001242090231399207, -1.619769839751225904 ) ) ;
#2462 = ORIENTED_EDGE ( 'NONE', *, *, #206, .F. ) ;
#2463 = CARTESIAN_POINT ( 'NONE',  ( 2.693427165000001455, 1.124999999999999778, 2.908763779999999688 ) ) ;
#2464 = DIRECTION ( 'NONE',  ( -1.821231995776174986E-16, -0.000000000000000000, -1.000000000000000000 ) ) ;
#2465 = APPROVAL_ROLE ( '' ) ;
#2466 = ORIENTED_EDGE ( 'NONE', *, *, #1268, .T. ) ;
#2467 = CARTESIAN_POINT ( 'NONE',  ( 1.801226414482787641, 1.124999999999999778, -1.428642727247161348 ) ) ;
#2468 = CARTESIAN_POINT ( 'NONE',  ( 2.445958364094274362, 1.262783314055509365, 3.407096521148714086 ) ) ;
#2469 = EDGE_LOOP ( 'NONE', ( #2576, #253, #713, #1962 ) ) ;
#2470 = LOCAL_TIME ( 20, 48, 54.00000000000000000, #1432 ) ;
#2471 = DIRECTION ( 'NONE',  ( -1.000000000000000000, 0.000000000000000000, 5.084596625704734012E-17 ) ) ;
#2472 = AXIS2_PLACEMENT_3D ( 'NONE', #493, #910, #2328 ) ;
#2473 = CARTESIAN_POINT ( 'NONE',  ( 2.632811055855251325, 0.4562587383857423240, 3.185243416594105259 ) ) ;
#2474 = CARTESIAN_POINT ( 'NONE',  ( 1.163932258209688930, 0.3916969055540856504, 4.402176888550244804 ) ) ;
#2475 = AXIS2_PLACEMENT_3D ( 'NONE', #511, #103, #1534 ) ;
#2476 = CIRCLE ( 'NONE', #2645, 0.1377952749999998561 ) ;
#2477 = CARTESIAN_POINT ( 'NONE',  ( 2.262533605359791977, 1.080942875807213488, -1.560083955213719342 ) ) ;
#2478 = AXIS2_PLACEMENT_3D ( 'NONE', #2244, #1187, #1412 ) ;
#2479 = EDGE_LOOP ( 'NONE', ( #487, #2014, #622, #1543 ) ) ;
#2480 = DIRECTION ( 'NONE',  ( 1.000000000000000000, 0.000000000000000000, 0.000000000000000000 ) ) ;
#2481 = CARTESIAN_POINT ( 'NONE',  ( 2.479107528072172606, 0.9881039533508070294, 3.442941750085278585 ) ) ;
#2482 = CARTESIAN_POINT ( 'NONE',  ( 2.392811055855251556, 0.4562587383857413803, 3.505243416594102879 ) ) ;
#2483 = ORIENTED_EDGE ( 'NONE', *, *, #2007, .F. ) ;
#2484 = CARTESIAN_POINT ( 'NONE',  ( 2.230846969465371199, 1.208632545117944490, -1.560893399187244679 ) ) ;
#2485 = CARTESIAN_POINT ( 'NONE',  ( 2.391435654634332053, 1.133953834936796135, 3.526758334725746291 ) ) ;
#2486 = EDGE_CURVE ( 'NONE', #292, #861, #1039, .T. ) ;
#2487 = ORIENTED_EDGE ( 'NONE', *, *, #1058, .T. ) ;
#2488 = CARTESIAN_POINT ( 'NONE',  ( 1.235718890452228269, 0.6583904615623923373, 4.448719340358030294 ) ) ;
#2489 = CARTESIAN_POINT ( 'NONE',  ( 2.798036390241281701, 0.5250000000000001332, 2.987220698930960427 ) ) ;
#2490 = FACE_BOUND ( 'NONE', #944, .T. ) ;
#2491 = ORIENTED_EDGE ( 'NONE', *, *, #1240, .T. ) ;
#2492 = DIRECTION ( 'NONE',  ( 0.7660444431189736836, 0.000000000000000000, -0.6427876096865444699 ) ) ;
#2493 = EDGE_CURVE ( 'NONE', #2052, #73, #2558, .T. ) ;
#2494 = ORIENTED_EDGE ( 'NONE', *, *, #735, .T. ) ;
#2495 = CARTESIAN_POINT ( 'NONE',  ( 2.370750000000001911, 0.5250000000000000222, 3.338999999999999524 ) ) ;
#2496 = CARTESIAN_POINT ( 'NONE',  ( 2.798036390241281701, 1.124999999999999778, 2.987220698930960427 ) ) ;
#2497 = CARTESIAN_POINT ( 'NONE',  ( 2.540402579151123330, 1.185814214415625401, 3.311276620327157083 ) ) ;
#2498 = EDGE_LOOP ( 'NONE', ( #2319, #1229, #1659, #2483 ) ) ;
#2499 = CARTESIAN_POINT ( 'NONE',  ( 1.319717120906888530, 0.5938263152247181820, 4.441348025124526089 ) ) ;
#2500 = ADVANCED_FACE ( 'NONE', ( #901 ), #2101, .F. ) ;
#2501 = CARTESIAN_POINT ( 'NONE',  ( 2.630258089382150999, 0.4808698583333576027, 3.197187530895970742 ) ) ;
#2502 = ORIENTED_EDGE ( 'NONE', *, *, #1576, .T. ) ;
#2503 = DIRECTION ( 'NONE',  ( 1.000000000000000000, -0.000000000000000000, -8.468046336750996077E-17 ) ) ;
#2504 = DIRECTION ( 'NONE',  ( 0.7660444431189736836, 0.000000000000000000, -0.6427876096865444699 ) ) ;
#2505 = ORIENTED_EDGE ( 'NONE', *, *, #1748, .T. ) ;
#2506 = DIRECTION ( 'NONE',  ( -0.5999999999999972022, 0.000000000000000000, 0.8000000000000019318 ) ) ;
#2507 = CARTESIAN_POINT ( 'NONE',  ( 0.9098767449747240388, 1.041360955496536178, 4.443257625739748029 ) ) ;
#2508 = ADVANCED_FACE ( 'NONE', ( #291 ), #233, .F. ) ;
#2509 = CARTESIAN_POINT ( 'NONE',  ( 0.7999999999999997113, 1.124999999999999778, 4.299999999999999822 ) ) ;
#2510 = VERTEX_POINT ( 'NONE', #12 ) ;
#2511 = CARTESIAN_POINT ( 'NONE',  ( 0.7999999999999997113, 0.5249999999999999112, 4.299999999999999822 ) ) ;
#2512 = CARTESIAN_POINT ( 'NONE',  ( 2.632682060241282151, 0.5250000000000000222, 3.207693138930959531 ) ) ;
#2513 = AXIS2_PLACEMENT_3D ( 'NONE', #1940, #1535, #1742 ) ;
#2514 = VECTOR ( 'NONE', #873, 39.37007874015748854 ) ;
#2515 = ORIENTED_EDGE ( 'NONE', *, *, #1455, .T. ) ;
#2516 = CARTESIAN_POINT ( 'NONE',  ( 1.284439833477343251, 1.015730155404007906, 4.446250269898171403 ) ) ;
#2517 = AXIS2_PLACEMENT_3D ( 'NONE', #232, #1460, #1695 ) ;
#2518 = DIRECTION ( 'NONE',  ( 0.7660444431189737946, 0.000000000000000000, -0.6427876096865445810 ) ) ;
#2519 = VECTOR ( 'NONE', #739, 39.37007874015748854 ) ;
#2520 = AXIS2_PLACEMENT_3D ( 'NONE', #2424, #1445, #2277 ) ;
#2521 = VERTEX_POINT ( 'NONE', #1474 ) ;
#2522 = CARTESIAN_POINT ( 'NONE',  ( 0.6622047249999997165, 1.124999999999999778, 4.430761531551600463 ) ) ;
#2523 = CARTESIAN_POINT ( 'NONE',  ( 0.9377952749999995952, 1.124999999999999778, 4.430761531551600463 ) ) ;
#2524 = DIRECTION ( 'NONE',  ( 0.000000000000000000, 0.000000000000000000, -1.000000000000000000 ) ) ;
#2525 = VECTOR ( 'NONE', #1239, 39.37007874015748143 ) ;
#2526 = EDGE_LOOP ( 'NONE', ( #59, #1677, #18, #235 ) ) ;
#2527 = FACE_OUTER_BOUND ( 'NONE', #2120, .T. ) ;
#2528 = CARTESIAN_POINT ( 'NONE',  ( 2.719850907133654072, 1.255661369095923074, 3.044953213817820359 ) ) ;
#2529 = CARTESIAN_POINT ( 'NONE',  ( 2.635651746666428874, 1.107046995331611772, 3.208817929514967471 ) ) ;
#2530 = VERTEX_POINT ( 'NONE', #2310 ) ;
#2531 = CARTESIAN_POINT ( 'NONE',  ( 0.6622047249999997165, 1.124999999999999778, 4.299999999999999822 ) ) ;
#2532 = CARTESIAN_POINT ( 'NONE',  ( 0.7385359833107685290, 0.6486591248312300051, 4.447763824584023418 ) ) ;
#2533 = EDGE_LOOP ( 'NONE', ( #2375, #1233, #1910, #575 ) ) ;
#2534 = CARTESIAN_POINT ( 'NONE',  ( 1.264960629999999808, 1.124999999999999778, 4.299999999999999822 ) ) ;
#2535 = CARTESIAN_POINT ( 'NONE',  ( 2.089633290643244212, 1.208792471232506882, -1.729129345829124365 ) ) ;
#2536 = CARTESIAN_POINT ( 'NONE',  ( 1.337795274999999506, 0.5249999999999999112, 4.299999999999999822 ) ) ;
#2537 = ORIENTED_EDGE ( 'NONE', *, *, #666, .T. ) ;
#2538 = DIRECTION ( 'NONE',  ( 1.000000000000000000, 0.000000000000000000, 0.000000000000000000 ) ) ;
#2539 = CARTESIAN_POINT ( 'NONE',  ( 2.632682060241281707, 1.124999999999999778, 3.207693138930959087 ) ) ;
#2540 =( BOUNDED_CURVE ( )  B_SPLINE_CURVE ( 3, ( #899, #52, #1726, #674 ),
 .UNSPECIFIED., .F., .T. ) 
 B_SPLINE_CURVE_WITH_KNOTS ( ( 4, 4 ),
 ( 5.792275357831877081, 6.774095256527295383 ),
 .UNSPECIFIED. ) 
 CURVE ( )  GEOMETRIC_REPRESENTATION_ITEM ( )  RATIONAL_B_SPLINE_CURVE ( ( 1.000000000000000000, 0.9212694984400249254, 0.9212694984400249254, 1.000000000000000000 ) ) 
 REPRESENTATION_ITEM ( '' )  );
#2541 = EDGE_CURVE ( 'NONE', #2294, #2045, #1068, .T. ) ;
#2542 = CARTESIAN_POINT ( 'NONE',  ( 2.663564629446034893, 1.034298548430431897, 3.188778336006563574 ) ) ;
#2543 = ORIENTED_EDGE ( 'NONE', *, *, #485, .F. ) ;
#2544 = DIRECTION ( 'NONE',  ( 0.6427876096865444699, 0.000000000000000000, 0.7660444431189736836 ) ) ;
#2545 = CARTESIAN_POINT ( 'NONE',  ( 0.7907297400307683466, 0.6627851787455530941, 4.449133162199773395 ) ) ;
#2546 = ORIENTED_EDGE ( 'NONE', *, *, #1178, .T. ) ;
#2547 = CARTESIAN_POINT ( 'NONE',  ( 2.937500000000000000, 0.000000000000000000, 2.499999999999999112 ) ) ;
#2548 = CARTESIAN_POINT ( 'NONE',  ( 0.7818611167750791902, 0.9881039533508068073, 4.449051072508902749 ) ) ;
#2549 = FACE_BOUND ( 'NONE', #1669, .T. ) ;
#2550 = ORIENTED_EDGE ( 'NONE', *, *, #2059, .T. ) ;
#2551 = CARTESIAN_POINT ( 'NONE',  ( -6.146657985744592735E-16, 0.8249999999999999556, 2.706667566594934016 ) ) ;
#2552 = CARTESIAN_POINT ( 'NONE',  ( 1.884738190645652178, 1.124999999999999778, -1.329117267981145600 ) ) ;
#2553 = CARTESIAN_POINT ( 'NONE',  ( -1.625551987099622897, 0.5250000000000000222, 0.3417735096752839707 ) ) ;
#2554 = CARTESIAN_POINT ( 'NONE',  ( 2.100523501963118989, 1.064259205246531170, -1.756869707861054009 ) ) ;
#2555 = VERTEX_POINT ( 'NONE', #2166 ) ;
#2556 = ORIENTED_EDGE ( 'NONE', *, *, #1455, .F. ) ;
#2557 = DIRECTION ( 'NONE',  ( 1.000000000000000000, 0.000000000000000000, 0.000000000000000000 ) ) ;
#2558 = CIRCLE ( 'NONE', #602, 0.1377952749999999393 ) ;
#2559 = CARTESIAN_POINT ( 'NONE',  ( 0.8841972245833549238, 0.6344522491377235784, 4.446270127830368679 ) ) ;
#2560 = SECURITY_CLASSIFICATION_LEVEL ( 'unclassified' ) ;
#2561 = VECTOR ( 'NONE', #2604, 39.37007874015748143 ) ;
#2562 = EDGE_LOOP ( 'NONE', ( #227, #1130, #2587, #1139 ) ) ;
#2563 = CARTESIAN_POINT ( 'NONE',  ( 2.259977522593545007, 0.5855983934897607268, -1.566808781094567671 ) ) ;
#2564 = CARTESIAN_POINT ( 'NONE',  ( 0.9308374153190830391, 0.4808442953466384173, 4.422513917264076611 ) ) ;
#2565 = CARTESIAN_POINT ( 'NONE',  ( 0.8913753341237765637, 1.021466377480907628, 4.445616192023555513 ) ) ;
#2566 = CARTESIAN_POINT ( 'NONE',  ( 1.199999999999999734, 0.5249999999999999112, 4.299999999999999822 ) ) ;
#2567 = CIRCLE ( 'NONE', #1654, 0.1377952749999998561 ) ;
#2568 = ORIENTED_EDGE ( 'NONE', *, *, #1661, .T. ) ;
#2569 = VECTOR ( 'NONE', #1210, 39.37007874015748854 ) ;
#2570 = CARTESIAN_POINT ( 'NONE',  ( 2.392682060241281938, 0.5250000000000000222, 3.527693138930959371 ) ) ;
#2571 = CARTESIAN_POINT ( 'NONE',  ( 2.790138431727711588, 1.160705049638478537, 2.986798684783225966 ) ) ;
#2572 = EDGE_CURVE ( 'NONE', #1249, #1829, #549, .T. ) ;
#2573 = CARTESIAN_POINT ( 'NONE',  ( 0.7999999999999997113, 1.124999999999999778, 4.299999999999999822 ) ) ;
#2574 = FACE_BOUND ( 'NONE', #317, .T. ) ;
#2575 = EDGE_CURVE ( 'NONE', #92, #464, #2214, .T. ) ;
#2576 = ORIENTED_EDGE ( 'NONE', *, *, #2591, .T. ) ;
#2577 = CARTESIAN_POINT ( 'NONE',  ( 2.085724675128044048, 0.4563629128456437867, -1.738977101300520633 ) ) ;
#2578 = CARTESIAN_POINT ( 'NONE',  ( 2.446976860696282952, 0.6443893131147170328, 3.482914135610599260 ) ) ;
#2579 = CARTESIAN_POINT ( 'NONE',  ( 2.513317787768157618, 0.4216152602188833476, 3.331500281657366003 ) ) ;
#2580 = ADVANCED_FACE ( 'NONE', ( #1137 ), #1768, .T. ) ;
#2581 = ORIENTED_EDGE ( 'NONE', *, *, #72, .F. ) ;
#2582 = CARTESIAN_POINT ( 'NONE',  ( 2.632682060241282151, 0.5250000000000000222, 3.207693138930959531 ) ) ;
#2583 = CARTESIAN_POINT ( 'NONE',  ( 0.6691661221840786711, 1.169152597449807596, 4.422514236967518997 ) ) ;
#2584 = CARTESIAN_POINT ( 'NONE',  ( 4.000000000000000000, 1.649999999999999911, -0.2500000000000006106 ) ) ;
#2585 = EDGE_CURVE ( 'NONE', #9, #1089, #779, .T. ) ;
#2586 = FACE_OUTER_BOUND ( 'NONE', #1625, .T. ) ;
#2587 = ORIENTED_EDGE ( 'NONE', *, *, #1663, .F. ) ;
#2588 = CARTESIAN_POINT ( 'NONE',  ( 0.6802513977318226379, 1.056237220247175923, 4.441339334459348365 ) ) ;
#2589 = DIRECTION ( 'NONE',  ( -1.000000000000000000, 0.000000000000000000, 0.000000000000000000 ) ) ;
#2590 = EDGE_LOOP ( 'NONE', ( #2139, #1380, #730, #2358 ) ) ;
#2591 = EDGE_CURVE ( 'NONE', #2300, #1281, #2602, .T. ) ;
#2592 = CARTESIAN_POINT ( 'NONE',  ( 1.154995652390912619, 1.255553573049138505, 4.402880026400747049 ) ) ;
#2593 = CARTESIAN_POINT ( 'NONE',  ( -1.424528365099622551, 0.5250000000000000222, 0.07374201367528410156 ) ) ;
#2594 = DIRECTION ( 'NONE',  ( -1.000000000000000000, 0.000000000000000000, 8.468046336750996077E-17 ) ) ;
#2595 = APPROVAL_PERSON_ORGANIZATION ( #1484, #783, #2097 ) ;
#2596 = CARTESIAN_POINT ( 'NONE',  ( 1.062204724999999961, 1.124999999999999778, 4.299999999999999822 ) ) ;
#2597 = CARTESIAN_POINT ( 'NONE',  ( 1.500000000000000888, 1.649999999999999911, 3.999999999999999556 ) ) ;
#2598 = CIRCLE ( 'NONE', #2422, 0.1377952749999999393 ) ;
#2599 = ORIENTED_EDGE ( 'NONE', *, *, #2230, .T. ) ;
#2600 = CARTESIAN_POINT ( 'NONE',  ( 2.180335843291694164, 0.3943487336652194419, -1.603569152256170804 ) ) ;
#2601 = CARTESIAN_POINT ( 'NONE',  ( 2.557349538552884383, 0.5857916296654452903, 3.323970350499755533 ) ) ;
#2602 = LINE ( 'NONE', #512, #334 ) ;
#2603 = ORIENTED_EDGE ( 'NONE', *, *, #1461, .T. ) ;
#2604 = DIRECTION ( 'NONE',  ( -0.000000000000000000, -1.000000000000000000, -0.000000000000000000 ) ) ;
#2605 = CIRCLE ( 'NONE', #2217, 0.1377952749999999393 ) ;
#2606 = CARTESIAN_POINT ( 'NONE',  ( 2.790225092205677271, 0.000000000000000000, -0.2500000000000004996 ) ) ;
#2607 = AXIS2_PLACEMENT_3D ( 'NONE', #1073, #1090, #2557 ) ;
#2608 = CARTESIAN_POINT ( 'NONE',  ( 2.571773622000000259, 0.5250000000000000222, 3.070968503999999211 ) ) ;
#2609 = AXIS2_PLACEMENT_3D ( 'NONE', #940, #2380, #1143 ) ;
#2610 = CARTESIAN_POINT ( 'NONE',  ( 2.125664782130703312, 0.6286021411897833033, -1.735259895971391408 ) ) ;
#2611 = CARTESIAN_POINT ( 'NONE',  ( 2.528072835000001906, 1.124999999999999778, 3.129236219999999680 ) ) ;
#2612 = ORIENTED_EDGE ( 'NONE', *, *, #2687, .T. ) ;
#2613 = VECTOR ( 'NONE', #329, 39.37007874015748143 ) ;
#2614 = CARTESIAN_POINT ( 'NONE',  ( 0.6622047249999997165, 1.124999999999999778, 4.430761531551600463 ) ) ;
#2615 = CARTESIAN_POINT ( 'NONE',  ( 0.7236746569114214100, 0.8249999999999999556, -0.7007508228394241367 ) ) ;
#2616 = ORIENTED_EDGE ( 'NONE', *, *, #646, .T. ) ;
#2617 = CARTESIAN_POINT ( 'NONE',  ( 2.735438607810443123, 0.6628052051090725927, 3.101306900315826898 ) ) ;
#2618 = CARTESIAN_POINT ( 'NONE',  ( 0.7638384347233129201, 1.258274646172914402, 4.402184158983394546 ) ) ;
#2619 = EDGE_CURVE ( 'NONE', #496, #1509, #1378, .T. ) ;
#2620 = EDGE_LOOP ( 'NONE', ( #30, #1275, #742, #1985 ) ) ;
#2621 = CARTESIAN_POINT ( 'NONE',  ( 1.199999999999999734, 0.5249999999999999112, 4.299999999999999822 ) ) ;
#2622 = ADVANCED_FACE ( 'NONE', ( #561 ), #770, .F. ) ;
#2623 = DIRECTION ( 'NONE',  ( 1.000000000000000000, 0.000000000000000000, 0.000000000000000000 ) ) ;
#2624 = ADVANCED_FACE ( 'NONE', ( #116 ), #729, .F. ) ;
#2625 = CARTESIAN_POINT ( 'NONE',  ( 0.7999999999999997113, 1.124999999999999778, 4.299999999999999822 ) ) ;
#2626 = VERTEX_POINT ( 'NONE', #305 ) ;
#2627 = CARTESIAN_POINT ( 'NONE',  ( 0.9041754141233546704, 0.4343603783650398786, 4.412523216697649353 ) ) ;
#2628 = CARTESIAN_POINT ( 'NONE',  ( 2.555698161959444548, 1.056349260716304528, 3.327943255008811718 ) ) ;
#2629 = DIRECTION ( 'NONE',  ( -1.000000000000000000, 0.000000000000000000, 0.000000000000000000 ) ) ;
#2630 = ORIENTED_EDGE ( 'NONE', *, *, #243, .F. ) ;
#2631 = CARTESIAN_POINT ( 'NONE',  ( 2.770145264645824668, 0.6444980714175938541, 3.052041585937496304 ) ) ;
#2632 = CARTESIAN_POINT ( 'NONE',  ( 2.392682060241281938, 1.124999999999999778, 3.527693138930959371 ) ) ;
#2633 = CARTESIAN_POINT ( 'NONE',  ( 1.714424780626911504, 0.000000000000000000, -1.532088886237948033 ) ) ;
#2634 = CARTESIAN_POINT ( 'NONE',  ( 2.215294956257634951, 0.6556345089401390824, -1.632849037617630339 ) ) ;
#2635 = CARTESIAN_POINT ( 'NONE',  ( 1.337795274999999506, 0.5249999999999999112, 4.430761531551600463 ) ) ;
#2636 = ORIENTED_EDGE ( 'NONE', *, *, #297, .F. ) ;
#2637 = CARTESIAN_POINT ( 'NONE',  ( 0.6802419002378657931, 0.4562587383857416024, 4.417394894640663594 ) ) ;
#2638 = CARTESIAN_POINT ( 'NONE',  ( 2.411972306206575212, 1.056237220247175923, 3.519602482490149953 ) ) ;
#2639 = ORIENTED_EDGE ( 'NONE', *, *, #182, .T. ) ;
#2640 = DIRECTION ( 'NONE',  ( 0.000000000000000000, 0.000000000000000000, -1.000000000000000000 ) ) ;
#2641 = CARTESIAN_POINT ( 'NONE',  ( 0.9239702512289468261, 1.185814214415624956, 4.419088035517191315 ) ) ;
#2642 = VECTOR ( 'NONE', #1219, 39.37007874015748143 ) ;
#2643 = AXIS2_PLACEMENT_3D ( 'NONE', #2457, #1045, #1019 ) ;
#2644 = LINE ( 'NONE', #193, #474 ) ;
#2645 = AXIS2_PLACEMENT_3D ( 'NONE', #768, #198, #1391 ) ;
#2646 = CARTESIAN_POINT ( 'NONE',  ( 2.262529943818522238, 0.5690636780220811319, -1.560089393828141713 ) ) ;
#2647 = CARTESIAN_POINT ( 'NONE',  ( 1.319818595832237484, 0.4563629128456436757, 4.417417402145638050 ) ) ;
#2648 = ORIENTED_EDGE ( 'NONE', *, *, #2303, .F. ) ;
#2649 = FACE_OUTER_BOUND ( 'NONE', #1878, .T. ) ;
#2650 = CARTESIAN_POINT ( 'NONE',  ( 4.000000000000000000, 0.000000000000000000, -0.2500000000000006106 ) ) ;
#2651 = CARTESIAN_POINT ( 'NONE',  ( 2.398239847876211250, 0.4344147542993331834, 3.489906786246250725 ) ) ;
#2652 = EDGE_CURVE ( 'NONE', #2227, #1439, #160, .T. ) ;
#2653 = ORIENTED_EDGE ( 'NONE', *, *, #1016, .T. ) ;
#2654 = FACE_BOUND ( 'NONE', #55, .T. ) ;
#2655 = DIRECTION ( 'NONE',  ( 0.8000000000000002665, 0.000000000000000000, 0.5999999999999996447 ) ) ;
#2656 = ORIENTED_EDGE ( 'NONE', *, *, #2667, .T. ) ;
#2657 = ORIENTED_EDGE ( 'NONE', *, *, #533, .T. ) ;
#2658 = LINE ( 'NONE', #1031, #1868 ) ;
#2659 = DIRECTION ( 'NONE',  ( 0.8000000000000003775, 0.000000000000000000, 0.5999999999999996447 ) ) ;
#2660 = LINE ( 'NONE', #130, #387 ) ;
#2661 = EDGE_CURVE ( 'NONE', #2402, #1852, #1865, .T. ) ;
#2662 = CARTESIAN_POINT ( 'NONE',  ( 2.790225092205677271, 1.649999999999999911, -0.2500000000000004996 ) ) ;
#2663 = ORIENTED_EDGE ( 'NONE', *, *, #1369, .T. ) ;
#2664 = PLANE ( 'NONE',  #123 ) ;
#2665 = CARTESIAN_POINT ( 'NONE',  ( 2.484677517110076561, 0.9872005508048276035, 3.435654128227040971 ) ) ;
#2666 = MECHANICAL_CONTEXT ( 'NONE', #1192, 'mechanical' ) ;
#2667 = EDGE_CURVE ( 'NONE', #1977, #2000, #918, .T. ) ;
#2668 = ORIENTED_EDGE ( 'NONE', *, *, #2541, .T. ) ;
#2669 = PLANE ( 'NONE',  #997 ) ;
#2670 = DIRECTION ( 'NONE',  ( 0.5999999999999987566, 0.000000000000000000, -0.8000000000000009326 ) ) ;
#2671 = CARTESIAN_POINT ( 'NONE',  ( 1.069134425539189692, 0.5690636780220809099, 4.437871293851661569 ) ) ;
#2672 = CARTESIAN_POINT ( 'NONE',  ( 2.636117013706289036, 0.4413693102295687676, 3.175373308338054645 ) ) ;
#2673 = CARTESIAN_POINT ( 'NONE',  ( 1.218253485809164260, 0.3872175099950287414, 4.401024816887352920 ) ) ;
#2674 = VERTEX_POINT ( 'NONE', #2386 ) ;
#2675 = CARTESIAN_POINT ( 'NONE',  ( 0.6759768270688399916, 0.4642860742784717387, 4.419109427080673669 ) ) ;
#2676 = DIRECTION ( 'NONE',  ( -0.6427876096865449140, 0.000000000000000000, -0.7660444431189734615 ) ) ;
#2677 = COORDINATED_UNIVERSAL_TIME_OFFSET ( 8, 0, .BEHIND. ) ;
#2678 = CC_DESIGN_PERSON_AND_ORGANIZATION_ASSIGNMENT ( #1191, #1417, ( #1022 ) ) ;
#2679 = ORIENTED_EDGE ( 'NONE', *, *, #732, .T. ) ;
#2680 = CARTESIAN_POINT ( 'NONE',  ( 2.243793108447624807, 1.185637184839438252, -1.553255558437627748 ) ) ;
#2681 = CARTESIAN_POINT ( 'NONE',  ( 2.547195335245847403, 1.169335437464843697, 3.307868787008085398 ) ) ;
#2682 = VERTEX_POINT ( 'NONE', #758 ) ;
#2683 = CIRCLE ( 'NONE', #1947, 0.06496063000000050491 ) ;
#2684 = CARTESIAN_POINT ( 'NONE',  ( 1.075922439553915977, 0.5855983934897606158, 4.440235164635312870 ) ) ;
#2685 = B_SPLINE_CURVE_WITH_KNOTS ( 'NONE', 3,
 ( #1003, #1409, #611, #790, #2671, #2684, #2048, #1238, #1837, #1424, #415, #1660, #386, #1674, #1440, #1209, #1822, #1267, #2089, #2488, #1614, #165, #1849, #803, #400, #1630, #816, #2499, #2062, #831, #2283, #1251 ),
 .UNSPECIFIED., .F., .F.,
 ( 4, 2, 2, 2, 2, 2, 2, 2, 2, 2, 2, 2, 2, 2, 2, 4 ),
 ( 0.01106034027894394617, 0.01174726996695313330, 0.01243419965496231870, 0.01312112934297150584, 0.01380805903098069123, 0.01449498871898987837, 0.01518191840699906550, 0.01586884809500824917, 0.01655577778301743630, 0.01724270747102662343, 0.01792963715903580016, 0.01861656684704497688, 0.01930349653505415361, 0.01999042622306333727, 0.02067735591107252094, 0.02205121528709089521 ),
 .UNSPECIFIED. ) ;
#2686 = DIRECTION ( 'NONE',  ( 0.8000000000000003775, 0.000000000000000000, 0.5999999999999996447 ) ) ;
#2687 = EDGE_CURVE ( 'NONE', #2222, #1205, #1754, .T. ) ;
#2688 = AXIS2_PLACEMENT_3D ( 'NONE', #1283, #1870, #34 ) ;
#2689 = DIRECTION ( 'NONE',  ( 0.8000000000000002665, 0.000000000000000000, 0.5999999999999996447 ) ) ;
#2690 = VERTEX_POINT ( 'NONE', #380 ) ;
#2691 = CARTESIAN_POINT ( 'NONE',  ( 2.094298442814703343, 1.080909960501633460, -1.760586393156046814 ) ) ;
#2692 = DIRECTION ( 'NONE',  ( 0.000000000000000000, 0.000000000000000000, -1.000000000000000000 ) ) ;
#2693 = EDGE_LOOP ( 'NONE', ( #2448, #2199 ) ) ;
#2694 = CARTESIAN_POINT ( 'NONE',  ( 2.072795635499913747, 1.124999999999999778, -1.571716280520117470 ) ) ;
#2695 = DIRECTION ( 'NONE',  ( -0.000000000000000000, -1.000000000000000000, -0.000000000000000000 ) ) ;
#2696 = CARTESIAN_POINT ( 'NONE',  ( 2.554937913381362780, 1.143017518378448338, 3.306004072286648388 ) ) ;
#2697 = EDGE_CURVE ( 'NONE', #550, #464, #824, .T. ) ;
ENDSEC;
END-ISO-10303-21;
