ISO-10303-21;
HEADER;
FILE_DESCRIPTION (( 'STEP AP203' ),
    '1' );
FILE_NAME ('Bottom Armor.STEP',
    '2026-04-28T03:49:36',
    ( '' ),
    ( '' ),
    'SwSTEP 2.0',
    'SolidWorks 2025',
    '' );
FILE_SCHEMA (( 'CONFIG_CONTROL_DESIGN' ));
ENDSEC;

DATA;
#1 = CARTESIAN_POINT ( 'NONE',  ( 0.1000000000000000056, -2.575000000000000622, -0.3000000000000010991 ) ) ;
#2 = EDGE_LOOP ( 'NONE', ( #376, #2015, #1945, #405, #3313, #2025, #74 ) ) ;
#3 = CARTESIAN_POINT ( 'NONE',  ( 0.2000000000000000389, -0.7499999999999980016, -2.084999999999999964 ) ) ;
#4 = VECTOR ( 'NONE', #202, 39.37007874015748143 ) ;
#5 = VECTOR ( 'NONE', #2620, 39.37007874015748143 ) ;
#6 = FACE_OUTER_BOUND ( 'NONE', #1600, .T. ) ;
#7 = ADVANCED_FACE ( 'NONE', ( #3372 ), #3157, .F. ) ;
#8 = LINE ( 'NONE', #2209, #363 ) ;
#9 = CARTESIAN_POINT ( 'NONE',  ( -1.001545631273520698, -2.050000000000001155, -1.900000000000000133 ) ) ;
#10 = ORIENTED_EDGE ( 'NONE', *, *, #1808, .T. ) ;
#11 = AXIS2_PLACEMENT_3D ( 'NONE', #2214, #1374, #2228 ) ;
#12 = VECTOR ( 'NONE', #316, 39.37007874015748143 ) ;
#13 = CARTESIAN_POINT ( 'NONE',  ( 0.000000000000000000, -2.875000000000000888, -0.1850393700000005637 ) ) ;
#14 = CARTESIAN_POINT ( 'NONE',  ( 0.1000000000000000194, 1.525000000000001243, -1.900000000000000133 ) ) ;
#15 = DIRECTION ( 'NONE',  ( 1.000000000000000000, 0.000000000000000000, 0.000000000000000000 ) ) ;
#16 = ORIENTED_EDGE ( 'NONE', *, *, #1806, .F. ) ;
#17 = ORIENTED_EDGE ( 'NONE', *, *, #200, .T. ) ;
#18 = ORIENTED_EDGE ( 'NONE', *, *, #239, .T. ) ;
#19 = LINE ( 'NONE', #2695, #2709 ) ;
#20 = VECTOR ( 'NONE', #3304, 39.37007874015748143 ) ;
#21 = LOCAL_TIME ( 20, 49, 36.00000000000000000, #2751 ) ;
#22 = CARTESIAN_POINT ( 'NONE',  ( 0.1000000000000000056, 0.8660254037844384856, -4.780733988912460139E-16 ) ) ;
#23 = ORIENTED_EDGE ( 'NONE', *, *, #1706, .T. ) ;
#24 = EDGE_CURVE ( 'NONE', #3298, #3294, #959, .T. ) ;
#25 = EDGE_CURVE ( 'NONE', #1189, #2109, #2309, .T. ) ;
#26 = DIRECTION ( 'NONE',  ( 0.000000000000000000, 0.000000000000000000, 1.000000000000000000 ) ) ;
#27 = CARTESIAN_POINT ( 'NONE',  ( 1.100000000000000089, -2.450000000000000178, -1.524999999999999911 ) ) ;
#28 = DIRECTION ( 'NONE',  ( -1.000000000000000000, -0.000000000000000000, -0.000000000000000000 ) ) ;
#29 = DIRECTION ( 'NONE',  ( 0.000000000000000000, 0.000000000000000000, -1.000000000000000000 ) ) ;
#30 = EDGE_LOOP ( 'NONE', ( #1138, #1383, #1478, #703, #2128, #1019 ) ) ;
#31 = LINE ( 'NONE', #2121, #1583 ) ;
#32 = CARTESIAN_POINT ( 'NONE',  ( 0.6999999999999999556, -0.8249999999999995115, -0.4000000000000008549 ) ) ;
#33 = DIRECTION ( 'NONE',  ( 0.000000000000000000, -1.000000000000000000, 1.517693329813478087E-16 ) ) ;
#34 = EDGE_LOOP ( 'NONE', ( #57, #777, #3339, #1154 ) ) ;
#35 = ORIENTED_EDGE ( 'NONE', *, *, #410, .F. ) ;
#36 = ORIENTED_EDGE ( 'NONE', *, *, #311, .F. ) ;
#37 = DIRECTION ( 'NONE',  ( 0.000000000000000000, -1.000000000000000000, 0.000000000000000000 ) ) ;
#38 = APPROVAL_ROLE ( '' ) ;
#39 = CARTESIAN_POINT ( 'NONE',  ( 0.8249999999999999556, 0.9499999999999999556, -1.525000000000002132 ) ) ;
#40 = ORIENTED_EDGE ( 'NONE', *, *, #2346, .T. ) ;
#41 = DIRECTION ( 'NONE',  ( 1.000000000000000000, 0.000000000000000000, 0.000000000000000000 ) ) ;
#42 = VECTOR ( 'NONE', #3155, 39.37007874015748143 ) ;
#43 = EDGE_CURVE ( 'NONE', #1201, #1181, #927, .T. ) ;
#45 = ADVANCED_FACE ( 'NONE', ( #1911 ), #1590, .T. ) ;
#44 = CYLINDRICAL_SURFACE ( 'NONE', #3273, 0.2499999999999998057 ) ;
#46 = LINE ( 'NONE', #297, #73 ) ;
#47 = CARTESIAN_POINT ( 'NONE',  ( 0.1000000000000000056, -0.4250000000000003220, -1.399999999999999911 ) ) ;
#48 = ORIENTED_EDGE ( 'NONE', *, *, #876, .F. ) ;
#49 = LINE ( 'NONE', #831, #1250 ) ;
#50 = DIRECTION ( 'NONE',  ( -0.000000000000000000, 1.517693329813478087E-16, 1.000000000000000000 ) ) ;
#51 = DIRECTION ( 'NONE',  ( 0.000000000000000000, 0.000000000000000000, -1.000000000000000000 ) ) ;
#52 = AXIS2_PLACEMENT_3D ( 'NONE', #3418, #1852, #2111 ) ;
#53 = EDGE_LOOP ( 'NONE', ( #2423, #1960, #1978, #1134, #2674, #2649, #2072 ) ) ;
#54 = ORIENTED_EDGE ( 'NONE', *, *, #3217, .F. ) ;
#55 = EDGE_LOOP ( 'NONE', ( #1744, #3256 ) ) ;
#56 = DIRECTION ( 'NONE',  ( 1.000000000000000000, 0.000000000000000000, 0.000000000000000000 ) ) ;
#57 = ORIENTED_EDGE ( 'NONE', *, *, #3019, .F. ) ;
#58 = LINE ( 'NONE', #1123, #3480 ) ;
#59 = DIRECTION ( 'NONE',  ( 0.000000000000000000, 0.000000000000000000, -1.000000000000000000 ) ) ;
#60 = CARTESIAN_POINT ( 'NONE',  ( 0.000000000000000000, -2.150000000000000355, -2.860039370000001302 ) ) ;
#61 = FACE_OUTER_BOUND ( 'NONE', #441, .T. ) ;
#62 = ORIENTED_EDGE ( 'NONE', *, *, #2352, .T. ) ;
#63 = CARTESIAN_POINT ( 'NONE',  ( 0.1000000000000000749, 0.7914213562373116906, -2.026421356237309457 ) ) ;
#64 = DIRECTION ( 'NONE',  ( -1.000000000000000000, -0.000000000000000000, -0.000000000000000000 ) ) ;
#65 = FACE_OUTER_BOUND ( 'NONE', #1364, .T. ) ;
#66 = EDGE_CURVE ( 'NONE', #1930, #3330, #1030, .T. ) ;
#67 = EDGE_CURVE ( 'NONE', #1246, #2891, #555, .T. ) ;
#68 = AXIS2_PLACEMENT_3D ( 'NONE', #132, #2500, #3308 ) ;
#69 = VERTEX_POINT ( 'NONE', #1607 ) ;
#70 = AXIS2_PLACEMENT_3D ( 'NONE', #488, #3444, #2066 ) ;
#71 = ORIENTED_EDGE ( 'NONE', *, *, #1973, .T. ) ;
#72 = DATE_AND_TIME ( #2235, #1259 ) ;
#73 = VECTOR ( 'NONE', #3292, 39.37007874015748143 ) ;
#74 = ORIENTED_EDGE ( 'NONE', *, *, #1899, .T. ) ;
#75 =( BOUNDED_CURVE ( )  B_SPLINE_CURVE ( 3, ( #1024, #1834, #3172, #1043 ),
 .UNSPECIFIED., .F., .F. ) 
 B_SPLINE_CURVE_WITH_KNOTS ( ( 4, 4 ),
 ( 0.000000000000000000, 1.570796326794896558 ),
 .UNSPECIFIED. ) 
 CURVE ( )  GEOMETRIC_REPRESENTATION_ITEM ( )  RATIONAL_B_SPLINE_CURVE ( ( 1.000000000000000000, 0.8047378541243649375, 0.8047378541243649375, 1.000000000000000000 ) ) 
 REPRESENTATION_ITEM ( '' )  );
#76 = CARTESIAN_POINT ( 'NONE',  ( 0.1000000000000000749, -0.7914213562373075828, -2.026421356237309457 ) ) ;
#77 = DIRECTION ( 'NONE',  ( 0.000000000000000000, 0.000000000000000000, 1.000000000000000000 ) ) ;
#78 = CARTESIAN_POINT ( 'NONE',  ( 0.000000000000000000, 2.875000000000000888, -0.2500000000000004996 ) ) ;
#79 = DIRECTION ( 'NONE',  ( -0.000000000000000000, -1.821231995776165224E-15, 1.000000000000000000 ) ) ;
#80 = ORIENTED_EDGE ( 'NONE', *, *, #2196, .T. ) ;
#81 = DIRECTION ( 'NONE',  ( 1.000000000000000000, 0.000000000000000000, 0.000000000000000000 ) ) ;
#82 = CARTESIAN_POINT ( 'NONE',  ( 0.2249999999999999223, 0.7000000000000007327, -0.4000000000000029088 ) ) ;
#83 = DIRECTION ( 'NONE',  ( 0.000000000000000000, 0.000000000000000000, 1.000000000000000000 ) ) ;
#84 = EDGE_CURVE ( 'NONE', #1728, #3202, #254, .T. ) ;
#85 = ORIENTED_EDGE ( 'NONE', *, *, #2980, .F. ) ;
#86 = EDGE_CURVE ( 'NONE', #2845, #701, #1343, .T. ) ;
#87 = ORIENTED_EDGE ( 'NONE', *, *, #3186, .T. ) ;
#88 = COORDINATED_UNIVERSAL_TIME_OFFSET ( 8, 0, .BEHIND. ) ;
#89 = ORIENTED_EDGE ( 'NONE', *, *, #1571, .F. ) ;
#90 = LINE ( 'NONE', #3023, #737 ) ;
#91 = CARTESIAN_POINT ( 'NONE',  ( 1.100000000000000089, 0.7000000000000007327, 0.000000000000000000 ) ) ;
#92 = DIRECTION ( 'NONE',  ( 0.000000000000000000, 0.000000000000000000, 1.000000000000000000 ) ) ;
#93 = EDGE_CURVE ( 'NONE', #3283, #2009, #1628, .T. ) ;
#94 = ORIENTED_EDGE ( 'NONE', *, *, #1973, .F. ) ;
#95 = CIRCLE ( 'NONE', #718, 0.1250000000000000278 ) ;
#96 = CARTESIAN_POINT ( 'NONE',  ( 0.1414213562373095867, 0.7500000000000022204, -1.984999999999999654 ) ) ;
#97 = CARTESIAN_POINT ( 'NONE',  ( 0.1030096478456666853, -0.6141876160043627797, -0.3000000000000005995 ) ) ;
#98 = CARTESIAN_POINT ( 'NONE',  ( 0.000000000000000000, -2.875000000000000888, -1.814960630000000741 ) ) ;
#99 = CIRCLE ( 'NONE', #1337, 0.06496062999999985266 ) ;
#100 = ORIENTED_EDGE ( 'NONE', *, *, #3116, .T. ) ;
#101 = VERTEX_POINT ( 'NONE', #2099 ) ;
#102 = EDGE_CURVE ( 'NONE', #1115, #2110, #1793, .T. ) ;
#103 = EDGE_CURVE ( 'NONE', #1530, #939, #293, .T. ) ;
#104 = ORIENTED_EDGE ( 'NONE', *, *, #2925, .F. ) ;
#105 = ORIENTED_EDGE ( 'NONE', *, *, #102, .T. ) ;
#106 = ADVANCED_FACE ( 'NONE', ( #1292 ), #2645, .F. ) ;
#107 = ADVANCED_FACE ( 'NONE', ( #3194 ), #1065, .F. ) ;
#108 = DIRECTION ( 'NONE',  ( -0.000000000000000000, -0.000000000000000000, 1.000000000000000000 ) ) ;
#109 = DIRECTION ( 'NONE',  ( 0.000000000000000000, 0.000000000000000000, 1.000000000000000000 ) ) ;
#110 = DIRECTION ( 'NONE',  ( 1.000000000000000000, -0.000000000000000000, -0.000000000000000000 ) ) ;
#111 = EDGE_LOOP ( 'NONE', ( #3065, #3306, #247, #2498 ) ) ;
#112 = ADVANCED_FACE ( 'NONE', ( #807 ), #1048, .F. ) ;
#113 = CARTESIAN_POINT ( 'NONE',  ( 0.1000000000000000056, 1.500000000000000222, -4.000000000000000888 ) ) ;
#114 = CARTESIAN_POINT ( 'NONE',  ( 0.1000000000000000056, 0.4250000000000003220, -1.400000000000001910 ) ) ;
#115 = CARTESIAN_POINT ( 'NONE',  ( 0.1000000000000000056, 0.5832083017175495598, -0.3123845962607211257 ) ) ;
#116 = VECTOR ( 'NONE', #1434, 39.37007874015748143 ) ;
#117 = DIRECTION ( 'NONE',  ( -1.000000000000000000, 0.000000000000000000, 0.000000000000000000 ) ) ;
#118 = AXIS2_PLACEMENT_3D ( 'NONE', #1137, #837, #1946 ) ;
#119 = ORIENTED_EDGE ( 'NONE', *, *, #1619, .F. ) ;
#120 = AXIS2_PLACEMENT_3D ( 'NONE', #1323, #231, #2904 ) ;
#121 = ORIENTED_EDGE ( 'NONE', *, *, #2436, .T. ) ;
#122 = AXIS2_PLACEMENT_3D ( 'NONE', #1709, #3042, #2824 ) ;
#123 = AXIS2_PLACEMENT_3D ( 'NONE', #3259, #2915, #1863 ) ;
#124 = ORIENTED_EDGE ( 'NONE', *, *, #1831, .F. ) ;
#125 = DIRECTION ( 'NONE',  ( -1.000000000000000000, 0.000000000000000000, 0.000000000000000000 ) ) ;
#126 = CARTESIAN_POINT ( 'NONE',  ( 0.1000000000000000056, 2.875000000000000888, -1.749999999999999556 ) ) ;
#127 = EDGE_CURVE ( 'NONE', #3180, #3034, #618, .T. ) ;
#128 = CARTESIAN_POINT ( 'NONE',  ( 0.1000000000000000056, -3.000000000000000888, -2.000000000000000444 ) ) ;
#129 = ADVANCED_FACE ( 'NONE', ( #1102 ), #1084, .F. ) ;
#130 = ORIENTED_EDGE ( 'NONE', *, *, #1037, .T. ) ;
#131 = VECTOR ( 'NONE', #2164, 39.37007874015748143 ) ;
#132 = CARTESIAN_POINT ( 'NONE',  ( 0.3500000000000000333, -1.775000000000001465, -2.000000000000000444 ) ) ;
#133 = CYLINDRICAL_SURFACE ( 'NONE', #1025, 0.06496063000000004695 ) ;
#134 = CARTESIAN_POINT ( 'NONE',  ( 0.2249999999999999223, 0.7000000000000007327, -0.3181534085976860937 ) ) ;
#135 = FACE_OUTER_BOUND ( 'NONE', #1040, .T. ) ;
#136 = ORIENTED_EDGE ( 'NONE', *, *, #742, .T. ) ;
#137 = ORIENTED_EDGE ( 'NONE', *, *, #3207, .T. ) ;
#138 = VERTEX_POINT ( 'NONE', #2679 ) ;
#139 = DIRECTION ( 'NONE',  ( 1.000000000000000000, -0.000000000000000000, 0.000000000000000000 ) ) ;
#140 = LINE ( 'NONE', #1982, #1942 ) ;
#141 = CARTESIAN_POINT ( 'NONE',  ( 0.000000000000000000, 0.9999999999999994449, -3.874999999999998224 ) ) ;
#142 = ORIENTED_EDGE ( 'NONE', *, *, #2340, .F. ) ;
#143 = EDGE_CURVE ( 'NONE', #393, #1823, #770, .T. ) ;
#144 = ADVANCED_FACE ( 'NONE', ( #2116 ), #2384, .F. ) ;
#145 = CARTESIAN_POINT ( 'NONE',  ( 0.000000000000000000, 3.000000000000000444, -7.512581982576723358E-16 ) ) ;
#146 = DIRECTION ( 'NONE',  ( 1.000000000000000000, -0.000000000000000000, -0.000000000000000000 ) ) ;
#147 = CARTESIAN_POINT ( 'NONE',  ( 0.6999999999999999556, 0.8250000000000003997, -0.3000000000000028755 ) ) ;
#148 = DIRECTION ( 'NONE',  ( 0.000000000000000000, 2.146451995021921100E-16, -1.000000000000000000 ) ) ;
#149 = DIRECTION ( 'NONE',  ( 1.000000000000000000, -0.000000000000000000, -0.000000000000000000 ) ) ;
#150 = VECTOR ( 'NONE', #79, 39.37007874015748143 ) ;
#151 = ORIENTED_EDGE ( 'NONE', *, *, #2388, .T. ) ;
#152 = DATE_TIME_ROLE ( 'creation_date' ) ;
#153 = AXIS2_PLACEMENT_3D ( 'NONE', #1773, #3411, #490 ) ;
#154 = EDGE_LOOP ( 'NONE', ( #3114, #2710, #1673, #1442 ) ) ;
#155 = ORIENTED_EDGE ( 'NONE', *, *, #729, .T. ) ;
#156 = ORIENTED_EDGE ( 'NONE', *, *, #1987, .F. ) ;
#157 = AXIS2_PLACEMENT_3D ( 'NONE', #2167, #3233, #1858 ) ;
#158 = DIRECTION ( 'NONE',  ( 0.000000000000000000, 0.000000000000000000, -1.000000000000000000 ) ) ;
#159 = LINE ( 'NONE', #1008, #248 ) ;
#160 = DIRECTION ( 'NONE',  ( 0.000000000000000000, 0.000000000000000000, 1.000000000000000000 ) ) ;
#161 = ORIENTED_EDGE ( 'NONE', *, *, #2834, .F. ) ;
#162 = DIRECTION ( 'NONE',  ( 0.000000000000000000, 0.000000000000000000, 1.000000000000000000 ) ) ;
#163 = CARTESIAN_POINT ( 'NONE',  ( 0.1557150580483133706, -0.6809136806377381612, -0.3000000000000007105 ) ) ;
#164 = CARTESIAN_POINT ( 'NONE',  ( 0.1000000000000000194, -1.775000000000001243, -2.716666666666667673 ) ) ;
#165 = VECTOR ( 'NONE', #1367, 39.37007874015748143 ) ;
#166 = CARTESIAN_POINT ( 'NONE',  ( 0.4012143256376110023, -1.613047751354597326, -1.959364259339745340 ) ) ;
#167 = CARTESIAN_POINT ( 'NONE',  ( 2.601873829587559417, -0.7499999999999980016, -1.984999999999999654 ) ) ;
#168 = VERTEX_POINT ( 'NONE', #2927 ) ;
#169 = EDGE_CURVE ( 'NONE', #2272, #1491, #522, .T. ) ;
#170 = VERTEX_POINT ( 'NONE', #3022 ) ;
#171 = AXIS2_PLACEMENT_3D ( 'NONE', #3478, #2137, #2102 ) ;
#172 = ORIENTED_EDGE ( 'NONE', *, *, #1706, .F. ) ;
#173 = ORIENTED_EDGE ( 'NONE', *, *, #1291, .F. ) ;
#174 = AXIS2_PLACEMENT_3D ( 'NONE', #1045, #2398, #500 ) ;
#175 = CC_DESIGN_DATE_AND_TIME_ASSIGNMENT ( #3020, #152, ( #765 ) ) ;
#176 = VECTOR ( 'NONE', #1516, 39.37007874015748143 ) ;
#177 = DIRECTION ( 'NONE',  ( 0.000000000000000000, -1.000000000000000000, -3.902639990948946839E-17 ) ) ;
#178 = DIRECTION ( 'NONE',  ( 0.000000000000000000, -2.146451995021921100E-16, -1.000000000000000000 ) ) ;
#179 = FACE_OUTER_BOUND ( 'NONE', #2226, .T. ) ;
#180 = VERTEX_POINT ( 'NONE', #1684 ) ;
#181 = CARTESIAN_POINT ( 'NONE',  ( 1.100000000000000089, 0.7500000000000023315, -1.909999999999999920 ) ) ;
#182 = FACE_OUTER_BOUND ( 'NONE', #3389, .T. ) ;
#183 = DIRECTION ( 'NONE',  ( 1.000000000000000000, -0.000000000000000000, 0.000000000000000000 ) ) ;
#184 = VECTOR ( 'NONE', #627, 39.37007874015748143 ) ;
#185 = LINE ( 'NONE', #1296, #1560 ) ;
#186 = DIRECTION ( 'NONE',  ( 1.000000000000000000, -0.000000000000000000, -0.000000000000000000 ) ) ;
#187 = LOCAL_TIME ( 20, 49, 36.00000000000000000, #2562 ) ;
#188 = ORIENTED_EDGE ( 'NONE', *, *, #932, .T. ) ;
#189 = EDGE_LOOP ( 'NONE', ( #343, #1547 ) ) ;
#190 = EDGE_CURVE ( 'NONE', #1491, #2284, #861, .T. ) ;
#191 = EDGE_CURVE ( 'NONE', #3483, #1372, #2720, .T. ) ;
#192 = ORIENTED_EDGE ( 'NONE', *, *, #3229, .T. ) ;
#193 = ORIENTED_EDGE ( 'NONE', *, *, #2968, .F. ) ;
#194 = LINE ( 'NONE', #801, #341 ) ;
#195 = DIRECTION ( 'NONE',  ( 0.000000000000000000, 0.000000000000000000, -1.000000000000000000 ) ) ;
#196 = CARTESIAN_POINT ( 'NONE',  ( 1.100000000000000089, -6.439355985065822465E-17, -0.3000000000000027645 ) ) ;
#197 = LINE ( 'NONE', #1062, #3190 ) ;
#198 = ORIENTED_EDGE ( 'NONE', *, *, #1746, .F. ) ;
#199 = CARTESIAN_POINT ( 'NONE',  ( 0.1000000000000000056, -2.200000000000001066, -1.900000000000000133 ) ) ;
#200 = EDGE_CURVE ( 'NONE', #1577, #2284, #609, .T. ) ;
#201 = CARTESIAN_POINT ( 'NONE',  ( 0.3094391052952796262, -1.626141318311981276, -1.949113200278467906 ) ) ;
#202 = DIRECTION ( 'NONE',  ( -0.000000000000000000, -2.875629467015014277E-16, -1.000000000000000000 ) ) ;
#203 = CARTESIAN_POINT ( 'NONE',  ( 0.4036057274573158771, -1.551970598584827554, -2.036978682358137061 ) ) ;
#204 = DIRECTION ( 'NONE',  ( 0.000000000000000000, -2.731847993664263711E-16, -1.000000000000000000 ) ) ;
#205 = EDGE_LOOP ( 'NONE', ( #1875, #1905, #2821, #2956 ) ) ;
#206 =( BOUNDED_CURVE ( )  B_SPLINE_CURVE ( 3, ( #712, #1223, #2348, #432 ),
 .UNSPECIFIED., .F., .F. ) 
 B_SPLINE_CURVE_WITH_KNOTS ( ( 4, 4 ),
 ( 1.570796326794896114, 3.141592653589792672 ),
 .UNSPECIFIED. ) 
 CURVE ( )  GEOMETRIC_REPRESENTATION_ITEM ( )  RATIONAL_B_SPLINE_CURVE ( ( 1.000000000000000000, 0.8047378541243649375, 0.8047378541243649375, 1.000000000000000000 ) ) 
 REPRESENTATION_ITEM ( '' )  );
#207 = ORIENTED_EDGE ( 'NONE', *, *, #2044, .T. ) ;
#208 = VECTOR ( 'NONE', #2259, 39.37007874015748143 ) ;
#209 = ORIENTED_EDGE ( 'NONE', *, *, #1872, .T. ) ;
#210 = ORIENTED_EDGE ( 'NONE', *, *, #607, .F. ) ;
#211 = DIRECTION ( 'NONE',  ( 1.000000000000000000, -0.000000000000000000, -0.000000000000000000 ) ) ;
#212 =( BOUNDED_CURVE ( )  B_SPLINE_CURVE ( 3, ( #1687, #884, #1370, #3213 ),
 .UNSPECIFIED., .F., .F. ) 
 B_SPLINE_CURVE_WITH_KNOTS ( ( 4, 4 ),
 ( 1.570796326794895226, 3.141592653589793116 ),
 .UNSPECIFIED. ) 
 CURVE ( )  GEOMETRIC_REPRESENTATION_ITEM ( )  RATIONAL_B_SPLINE_CURVE ( ( 1.000000000000000000, 0.8047378541243646044, 0.8047378541243646044, 1.000000000000000000 ) ) 
 REPRESENTATION_ITEM ( '' )  );
#213 = FACE_OUTER_BOUND ( 'NONE', #3201, .T. ) ;
#214 = CARTESIAN_POINT ( 'NONE',  ( 0.1000000000000000194, -1.525000000000001243, -1.900000000000000133 ) ) ;
#215 = CARTESIAN_POINT ( 'NONE',  ( 0.1000000000000000056, -2.875000000000000888, -0.2500000000000006106 ) ) ;
#216 = EDGE_CURVE ( 'NONE', #1275, #1113, #2977, .T. ) ;
#217 = CARTESIAN_POINT ( 'NONE',  ( 0.000000000000000000, -2.875000000000000888, -1.814960630000000741 ) ) ;
#218 = CARTESIAN_POINT ( 'NONE',  ( 0.8249999999999999556, -0.8249999999999995115, -0.3000000000000007105 ) ) ;
#219 = CARTESIAN_POINT ( 'NONE',  ( 0.3449934406660276620, -1.647360164721186404, -1.935039370000000369 ) ) ;
#220 = LINE ( 'NONE', #811, #1805 ) ;
#221 = CARTESIAN_POINT ( 'NONE',  ( 0.3978667040643517616, -1.548476192017253839, -2.044156263510263027 ) ) ;
#222 = EDGE_CURVE ( 'NONE', #1602, #1319, #1234, .T. ) ;
#223 = CARTESIAN_POINT ( 'NONE',  ( 0.000000000000000000, -0.9999999999999994449, -3.810039370000000591 ) ) ;
#224 = DIRECTION ( 'NONE',  ( -0.000000000000000000, 1.000000000000000000, 0.000000000000000000 ) ) ;
#225 = VERTEX_POINT ( 'NONE', #315 ) ;
#226 = VERTEX_POINT ( 'NONE', #592 ) ;
#227 =( BOUNDED_CURVE ( )  B_SPLINE_CURVE ( 3, ( #1464, #1237, #2275, #2308 ),
 .UNSPECIFIED., .F., .F. ) 
 B_SPLINE_CURVE_WITH_KNOTS ( ( 4, 4 ),
 ( 1.570796326794896558, 3.141592653589793116 ),
 .UNSPECIFIED. ) 
 CURVE ( )  GEOMETRIC_REPRESENTATION_ITEM ( )  RATIONAL_B_SPLINE_CURVE ( ( 1.000000000000000000, 0.8047378541243649375, 0.8047378541243649375, 1.000000000000000000 ) ) 
 REPRESENTATION_ITEM ( '' )  );
#228 = AXIS2_PLACEMENT_3D ( 'NONE', #645, #2188, #1735 ) ;
#229 = ORIENTED_EDGE ( 'NONE', *, *, #1898, .T. ) ;
#230 = CARTESIAN_POINT ( 'NONE',  ( 0.1000000000000000194, 1.775000000000001243, -2.716666666666669006 ) ) ;
#231 = DIRECTION ( 'NONE',  ( 1.000000000000000000, 0.000000000000000000, 0.000000000000000000 ) ) ;
#232 = DIRECTION ( 'NONE',  ( 0.000000000000000000, 0.000000000000000000, -1.000000000000000000 ) ) ;
#233 = CARTESIAN_POINT ( 'NONE',  ( 0.1000000000000000056, -2.875000000000000888, -0.1850393700000005637 ) ) ;
#234 = VECTOR ( 'NONE', #515, 39.37007874015748143 ) ;
#235 = AXIS2_PLACEMENT_3D ( 'NONE', #2805, #1177, #1438 ) ;
#236 = DIRECTION ( 'NONE',  ( -0.000000000000000000, 3.642463991552356480E-15, 1.000000000000000000 ) ) ;
#237 = EDGE_CURVE ( 'NONE', #565, #2554, #2738, .T. ) ;
#239 = EDGE_CURVE ( 'NONE', #3362, #2292, #724, .T. ) ;
#238 = PLANE ( 'NONE',  #1922 ) ;
#240 = VECTOR ( 'NONE', #3160, 39.37007874015748143 ) ;
#241 = LINE ( 'NONE', #1328, #240 ) ;
#242 = CARTESIAN_POINT ( 'NONE',  ( 0.000000000000000000, 0.8660254037844384856, -4.780733988912460139E-16 ) ) ;
#243 = ORIENTED_EDGE ( 'NONE', *, *, #3062, .T. ) ;
#244 = LINE ( 'NONE', #2706, #2312 ) ;
#245 = CARTESIAN_POINT ( 'NONE',  ( -2.259157688667718489, 1.525000000000001243, -1.900000000000000133 ) ) ;
#246 = VECTOR ( 'NONE', #348, 39.37007874015748143 ) ;
#247 = ORIENTED_EDGE ( 'NONE', *, *, #2597, .T. ) ;
#248 = VECTOR ( 'NONE', #1836, 39.37007874015748143 ) ;
#249 = EDGE_LOOP ( 'NONE', ( #2249, #830, #1923, #1320 ) ) ;
#250 = ORIENTED_EDGE ( 'NONE', *, *, #1184, .T. ) ;
#251 = CARTESIAN_POINT ( 'NONE',  ( 0.1000000000000000056, 1.975000000000001199, -2.866666666666669361 ) ) ;
#252 = DIRECTION ( 'NONE',  ( 0.000000000000000000, 0.000000000000000000, -1.000000000000000000 ) ) ;
#253 = DIRECTION ( 'NONE',  ( -1.000000000000000000, 0.000000000000000000, 0.000000000000000000 ) ) ;
#254 = LINE ( 'NONE', #1311, #906 ) ;
#255 = PLANE ( 'NONE',  #2251 ) ;
#256 = CARTESIAN_POINT ( 'NONE',  ( 0.3500000000000000888, -1.525000000000001243, -2.150000000000000355 ) ) ;
#257 = CARTESIAN_POINT ( 'NONE',  ( 0.2249999999999999223, 0.5500000000000001554, -1.525000000000002132 ) ) ;
#258 = EDGE_CURVE ( 'NONE', #3401, #1113, #58, .T. ) ;
#259 = ORIENTED_EDGE ( 'NONE', *, *, #2278, .T. ) ;
#260 = EDGE_CURVE ( 'NONE', #2337, #3034, #3290, .T. ) ;
#261 = DIRECTION ( 'NONE',  ( 1.000000000000000000, 0.000000000000000000, -0.000000000000000000 ) ) ;
#262 = LINE ( 'NONE', #1599, #610 ) ;
#263 = ORIENTED_EDGE ( 'NONE', *, *, #3347, .F. ) ;
#264 = EDGE_CURVE ( 'NONE', #2563, #1189, #1870, .T. ) ;
#265 = ORIENTED_EDGE ( 'NONE', *, *, #3327, .T. ) ;
#266 = ORIENTED_EDGE ( 'NONE', *, *, #264, .F. ) ;
#267 = CYLINDRICAL_SURFACE ( 'NONE', #503, 0.06496062999999985266 ) ;
#268 = VECTOR ( 'NONE', #1822, 39.37007874015748143 ) ;
#269 = EDGE_CURVE ( 'NONE', #1433, #3485, #621, .T. ) ;
#270 = AXIS2_PLACEMENT_3D ( 'NONE', #1394, #2467, #51 ) ;
#271 = CARTESIAN_POINT ( 'NONE',  ( 0.5999999999999999778, -1.775000000000001243, -1.900000000000000133 ) ) ;
#272 = ORIENTED_EDGE ( 'NONE', *, *, #2412, .T. ) ;
#273 = CARTESIAN_POINT ( 'NONE',  ( 1.100000000000000089, 0.9500000000000005107, 2.731847993664263218E-16 ) ) ;
#274 = FACE_OUTER_BOUND ( 'NONE', #2790, .T. ) ;
#275 = CARTESIAN_POINT ( 'NONE',  ( 0.2249999999999999223, 0.5500000000000000444, -1.600000000000001421 ) ) ;
#276 = CARTESIAN_POINT ( 'NONE',  ( 0.1000000000000000194, 1.525000000000001243, -2.716666666666669006 ) ) ;
#277 = ORIENTED_EDGE ( 'NONE', *, *, #588, .F. ) ;
#278 = AXIS2_PLACEMENT_3D ( 'NONE', #3176, #2945, #537 ) ;
#279 = CLOSED_SHELL ( 'NONE', ( #2238, #2005, #129, #3258, #7, #1151, #2699, #334, #1572, #1481, #3279, #2135, #953, #2245, #1838, #1077, #2365, #3467, #1362, #3018, #3127, #3447, #112, #2482, #1013, #3318, #759, #779, #1247, #626, #2690, #1501, #2071, #2796, #3037, #106, #2622, #2124, #2798, #1357, #993, #3403, #3231, #2029, #352, #913, #1150, #517, #2258, #2996, #45, #710, #2863, #2321, #1206, #1443, #1451, #874, #1316, #3358, #144, #1546, #2463, #2092, #1641, #1624, #2926, #2285, #735, #2577, #988, #2300, #3206, #2781, #2642, #1035, #1510, #378, #3380, #3184, #1427, #499, #594, #652, #2882, #2994, #1483, #1500, #1874, #2219, #1594, #353, #2644, #1157, #3058, #1786, #1402, #856, #1369, #519, #2520, #498, #1919, #431, #107, #2583 ) ) ;
#280 = DIRECTION ( 'NONE',  ( 0.000000000000000000, 0.000000000000000000, -1.000000000000000000 ) ) ;
#281 = FACE_OUTER_BOUND ( 'NONE', #2810, .T. ) ;
#282 = CARTESIAN_POINT ( 'NONE',  ( 0.000000000000000000, -2.150000000000000355, -2.925000000000001155 ) ) ;
#283 = EDGE_LOOP ( 'NONE', ( #799, #3222, #266, #591 ) ) ;
#284 = EDGE_CURVE ( 'NONE', #325, #1848, #2302, .T. ) ;
#285 = ORIENTED_EDGE ( 'NONE', *, *, #66, .T. ) ;
#286 = EDGE_CURVE ( 'NONE', #2090, #1433, #1531, .T. ) ;
#287 = EDGE_LOOP ( 'NONE', ( #3238, #2464, #3047, #2093 ) ) ;
#288 = LINE ( 'NONE', #878, #741 ) ;
#289 = CIRCLE ( 'NONE', #2375, 1.000000000000000222 ) ;
#290 =( CONVERSION_BASED_UNIT ( 'INCH', #2696 ) LENGTH_UNIT ( ) NAMED_UNIT ( #1214 ) );
#291 = DIRECTION ( 'NONE',  ( 1.000000000000000000, 0.000000000000000000, -0.000000000000000000 ) ) ;
#292 = ORIENTED_EDGE ( 'NONE', *, *, #1688, .T. ) ;
#293 = LINE ( 'NONE', #217, #165 ) ;
#294 = VECTOR ( 'NONE', #1349, 39.37007874015748143 ) ;
#295 = CIRCLE ( 'NONE', #2254, 0.1249999999999999029 ) ;
#296 = DIRECTION ( 'NONE',  ( 0.000000000000000000, 1.000000000000000000, 0.000000000000000000 ) ) ;
#297 = CARTESIAN_POINT ( 'NONE',  ( 1.100000000000000089, -2.450000000000000178, -1.524999999999999911 ) ) ;
#298 = PLANE ( 'NONE',  #1732 ) ;
#299 = VERTEX_POINT ( 'NONE', #3225 ) ;
#300 = AXIS2_PLACEMENT_3D ( 'NONE', #2076, #444, #3135 ) ;
#301 = VECTOR ( 'NONE', #2080, 39.37007874015748143 ) ;
#302 = CARTESIAN_POINT ( 'NONE',  ( 0.1332107402435213639, 0.6628019959104869407, -0.3000000000000028755 ) ) ;
#303 = CARTESIAN_POINT ( 'NONE',  ( 1.100000000000000089, -0.7499999999999980016, -1.984999999999999654 ) ) ;
#304 = DIRECTION ( 'NONE',  ( -0.000000000000000000, -3.902639990948946222E-17, 1.000000000000000000 ) ) ;
#305 = ORIENTED_EDGE ( 'NONE', *, *, #2716, .T. ) ;
#306 = ORIENTED_EDGE ( 'NONE', *, *, #2023, .F. ) ;
#307 = EDGE_LOOP ( 'NONE', ( #547, #314, #877, #40 ) ) ;
#308 = CARTESIAN_POINT ( 'NONE',  ( 0.2249999999999999223, -2.575000000000000178, -1.599999999999999867 ) ) ;
#309 = AXIS2_PLACEMENT_3D ( 'NONE', #589, #3247, #3228 ) ;
#310 = EDGE_CURVE ( 'NONE', #2286, #3485, #820, .T. ) ;
#311 = EDGE_CURVE ( 'NONE', #3455, #1577, #2357, .T. ) ;
#312 = CARTESIAN_POINT ( 'NONE',  ( 0.2249999999999999223, -2.450000000000000178, -1.524999999999999911 ) ) ;
#313 = LINE ( 'NONE', #2438, #1171 ) ;
#314 = ORIENTED_EDGE ( 'NONE', *, *, #451, .F. ) ;
#315 = CARTESIAN_POINT ( 'NONE',  ( 0.5999999999999999778, -1.775000000000001243, -2.500000000000000444 ) ) ;
#316 = DIRECTION ( 'NONE',  ( -0.000000000000000000, -0.000000000000000000, 1.000000000000000000 ) ) ;
#317 = CARTESIAN_POINT ( 'NONE',  ( 0.2249999999999999223, 0.7000000000000007327, -0.3181534085976782111 ) ) ;
#318 = CARTESIAN_POINT ( 'NONE',  ( 0.1000000000000000056, 2.575000000000000622, -0.5250000000000029088 ) ) ;
#319 = ORIENTED_EDGE ( 'NONE', *, *, #3098, .T. ) ;
#320 = EDGE_CURVE ( 'NONE', #2138, #2750, #2581, .T. ) ;
#321 = CARTESIAN_POINT ( 'NONE',  ( 1.100000000000000089, -0.9499999999999999556, -1.524999999999999911 ) ) ;
#322 = CARTESIAN_POINT ( 'NONE',  ( 1.100000000000000089, 0.5500000000000001554, -1.525000000000002132 ) ) ;
#323 = CARTESIAN_POINT ( 'NONE',  ( 1.100000000000000089, -0.9499999999999995115, -0.3000000000000007661 ) ) ;
#324 = ORIENTED_EDGE ( 'NONE', *, *, #103, .F. ) ;
#325 = VERTEX_POINT ( 'NONE', #2675 ) ;
#326 = VERTEX_POINT ( 'NONE', #251 ) ;
#327 = PLANE ( 'NONE',  #572 ) ;
#328 =( NAMED_UNIT ( * ) PLANE_ANGLE_UNIT ( ) SI_UNIT ( $, .RADIAN. ) );
#329 = ORIENTED_EDGE ( 'NONE', *, *, #3097, .T. ) ;
#330 = DIRECTION ( 'NONE',  ( -1.000000000000000000, -0.000000000000000000, -0.000000000000000000 ) ) ;
#331 = DIRECTION ( 'NONE',  ( 0.000000000000000000, 0.000000000000000000, -1.000000000000000000 ) ) ;
#332 = CARTESIAN_POINT ( 'NONE',  ( 0.1000000000000000056, -1.500000000000000222, -4.000000000000000888 ) ) ;
#333 = AXIS2_PLACEMENT_3D ( 'NONE', #1227, #3376, #3164 ) ;
#334 = ADVANCED_FACE ( 'NONE', ( #1340 ), #267, .F. ) ;
#335 = DIRECTION ( 'NONE',  ( 0.000000000000000000, 0.000000000000000000, -1.000000000000000000 ) ) ;
#336 = EDGE_CURVE ( 'NONE', #299, #2747, #75, .T. ) ;
#337 = ORIENTED_EDGE ( 'NONE', *, *, #2754, .F. ) ;
#338 = CYLINDRICAL_SURFACE ( 'NONE', #1083, 0.2500000000000000555 ) ;
#339 = CARTESIAN_POINT ( 'NONE',  ( 0.3500000000000000333, -1.525000000000001243, -2.300000000000000266 ) ) ;
#340 = CARTESIAN_POINT ( 'NONE',  ( -1.001545631273520698, -2.050000000000001155, -1.900000000000000133 ) ) ;
#341 = VECTOR ( 'NONE', #497, 39.37007874015748143 ) ;
#342 = ORIENTED_EDGE ( 'NONE', *, *, #1664, .T. ) ;
#343 = ORIENTED_EDGE ( 'NONE', *, *, #2483, .T. ) ;
#344 = SECURITY_CLASSIFICATION_LEVEL ( 'unclassified' ) ;
#345 = EDGE_LOOP ( 'NONE', ( #3198, #751 ) ) ;
#346 = CARTESIAN_POINT ( 'NONE',  ( 0.1000000000000000056, -0.8499999999999980904, -2.084999999999999964 ) ) ;
#347 = CARTESIAN_POINT ( 'NONE',  ( 0.2249999999999999223, -2.450000000000000622, -0.4000000000000007994 ) ) ;
#348 = DIRECTION ( 'NONE',  ( 1.000000000000000000, 0.000000000000000000, 0.000000000000000000 ) ) ;
#349 = LINE ( 'NONE', #2497, #150 ) ;
#350 =( BOUNDED_CURVE ( )  B_SPLINE_CURVE ( 3, ( #2634, #3112, #1297, #473 ),
 .UNSPECIFIED., .F., .F. ) 
 B_SPLINE_CURVE_WITH_KNOTS ( ( 4, 4 ),
 ( 1.570796326794896558, 3.141592653589793116 ),
 .UNSPECIFIED. ) 
 CURVE ( )  GEOMETRIC_REPRESENTATION_ITEM ( )  RATIONAL_B_SPLINE_CURVE ( ( 1.000000000000000000, 0.8047378541243649375, 0.8047378541243649375, 1.000000000000000000 ) ) 
 REPRESENTATION_ITEM ( '' )  );
#351 = VERTEX_POINT ( 'NONE', #1322 ) ;
#352 = ADVANCED_FACE ( 'NONE', ( #1585 ), #3471, .F. ) ;
#353 = ADVANCED_FACE ( 'NONE', ( #1060, #3435, #2129 ), #2604, .F. ) ;
#354 = DIRECTION ( 'NONE',  ( 0.000000000000000000, 0.6000000000000000888, 0.7999999999999998224 ) ) ;
#355 = PLANE ( 'NONE',  #2874 ) ;
#356 = CARTESIAN_POINT ( 'NONE',  ( 0.6999999999999999556, -0.5499999999999994893, 8.195543980992789655E-16 ) ) ;
#357 = AXIS2_PLACEMENT_3D ( 'NONE', #2038, #2069, #2104 ) ;
#358 = VECTOR ( 'NONE', #1578, 39.37007874015748143 ) ;
#359 = ORIENTED_EDGE ( 'NONE', *, *, #1817, .T. ) ;
#360 = AXIS2_PLACEMENT_3D ( 'NONE', #2349, #980, #1294 ) ;
#361 = EDGE_LOOP ( 'NONE', ( #3346, #891, #2532, #2324 ) ) ;
#362 = APPROVAL_STATUS ( 'not_yet_approved' ) ;
#363 = VECTOR ( 'NONE', #1609, 39.37007874015748143 ) ;
#364 = ORIENTED_EDGE ( 'NONE', *, *, #3300, .F. ) ;
#365 = CARTESIAN_POINT ( 'NONE',  ( 0.3500000000000000333, -2.050000000000001155, -1.900000000000000133 ) ) ;
#366 = DIRECTION ( 'NONE',  ( 1.000000000000000000, 0.000000000000000000, 0.000000000000000000 ) ) ;
#367 = PLANE ( 'NONE',  #2402 ) ;
#368 = ORIENTED_EDGE ( 'NONE', *, *, #668, .F. ) ;
#369 = CARTESIAN_POINT ( 'NONE',  ( 0.1000000000000000056, 3.000000000000000444, -7.512581982576723358E-16 ) ) ;
#370 = DIRECTION ( 'NONE',  ( 1.000000000000000000, -0.000000000000000000, -0.000000000000000000 ) ) ;
#371 = FACE_OUTER_BOUND ( 'NONE', #2813, .T. ) ;
#372 = EDGE_CURVE ( 'NONE', #326, #819, #952, .T. ) ;
#373 = EDGE_CURVE ( 'NONE', #1319, #2678, #194, .T. ) ;
#374 = ORIENTED_EDGE ( 'NONE', *, *, #2575, .F. ) ;
#375 = EDGE_CURVE ( 'NONE', #1199, #2563, #2379, .T. ) ;
#376 = ORIENTED_EDGE ( 'NONE', *, *, #1618, .F. ) ;
#377 = ORIENTED_EDGE ( 'NONE', *, *, #2435, .F. ) ;
#378 = ADVANCED_FACE ( 'NONE', ( #1269 ), #3151, .F. ) ;
#379 = CARTESIAN_POINT ( 'NONE',  ( 0.1517766952966368710, -2.450000000000000178, -0.4000000000000007438 ) ) ;
#380 = CARTESIAN_POINT ( 'NONE',  ( 0.2249999999999999223, 2.575000000000000622, 0.000000000000000000 ) ) ;
#381 = LINE ( 'NONE', #1188, #2058 ) ;
#382 = ORIENTED_EDGE ( 'NONE', *, *, #2970, .F. ) ;
#383 = VECTOR ( 'NONE', #2553, 39.37007874015748143 ) ;
#384 = DIRECTION ( 'NONE',  ( 0.000000000000000000, 0.8000000000000003775, -0.5999999999999995337 ) ) ;
#385 = CARTESIAN_POINT ( 'NONE',  ( 0.000000000000000000, 2.875000000000000888, -0.2500000000000004996 ) ) ;
#386 = CARTESIAN_POINT ( 'NONE',  ( 0.3500000000000000333, -1.525000000000001243, -2.364960630000000563 ) ) ;
#387 = VECTOR ( 'NONE', #2486, 39.37007874015748143 ) ;
#388 = DIRECTION ( 'NONE',  ( -0.000000000000000000, -2.875629467015014277E-16, 1.000000000000000000 ) ) ;
#389 = ORIENTED_EDGE ( 'NONE', *, *, #1467, .T. ) ;
#390 = ORIENTED_EDGE ( 'NONE', *, *, #2535, .F. ) ;
#391 = EDGE_CURVE ( 'NONE', #554, #3322, #2887, .T. ) ;
#392 = EDGE_CURVE ( 'NONE', #351, #2799, #19, .T. ) ;
#393 = VERTEX_POINT ( 'NONE', #2474 ) ;
#394 = DIRECTION ( 'NONE',  ( 0.000000000000000000, 0.000000000000000000, -1.000000000000000000 ) ) ;
#395 = LINE ( 'NONE', #3103, #184 ) ;
#396 = DIRECTION ( 'NONE',  ( 0.000000000000000000, 0.000000000000000000, -1.000000000000000000 ) ) ;
#397 = ORIENTED_EDGE ( 'NONE', *, *, #2506, .T. ) ;
#398 = DIRECTION ( 'NONE',  ( 0.000000000000000000, 0.5999999999999995337, 0.8000000000000003775 ) ) ;
#399 = CARTESIAN_POINT ( 'NONE',  ( 0.2096235257096456805, -0.7000000000000008438, -0.3000000000000007105 ) ) ;
#400 = FACE_OUTER_BOUND ( 'NONE', #881, .T. ) ;
#401 = VECTOR ( 'NONE', #1049, 39.37007874015748143 ) ;
#402 = LINE ( 'NONE', #3359, #1190 ) ;
#403 = ORIENTED_EDGE ( 'NONE', *, *, #2197, .T. ) ;
#404 = VECTOR ( 'NONE', #2316, 39.37007874015748143 ) ;
#405 = ORIENTED_EDGE ( 'NONE', *, *, #3098, .F. ) ;
#406 = CIRCLE ( 'NONE', #3161, 0.1250000000000000278 ) ;
#407 = VECTOR ( 'NONE', #1261, 39.37007874015748143 ) ;
#408 = CIRCLE ( 'NONE', #3433, 0.06496063000000011634 ) ;
#409 = ORIENTED_EDGE ( 'NONE', *, *, #1228, .F. ) ;
#410 = EDGE_CURVE ( 'NONE', #1344, #2103, #288, .T. ) ;
#411 = EDGE_CURVE ( 'NONE', #69, #1181, #402, .T. ) ;
#412 = CARTESIAN_POINT ( 'NONE',  ( 0.2249999999999999223, -2.048885995248208199E-17, -0.5250000000000029088 ) ) ;
#413 = CARTESIAN_POINT ( 'NONE',  ( 0.3500000000000000333, -2.050000000000001155, -1.900000000000000133 ) ) ;
#414 = DIRECTION ( 'NONE',  ( 1.000000000000000000, 0.000000000000000000, -0.000000000000000000 ) ) ;
#415 = ORIENTED_EDGE ( 'NONE', *, *, #2107, .T. ) ;
#416 = AXIS2_PLACEMENT_3D ( 'NONE', #2382, #3457, #975 ) ;
#417 = LINE ( 'NONE', #487, #866 ) ;
#418 = DIRECTION ( 'NONE',  ( 0.000000000000000000, 1.000000000000000000, 0.000000000000000000 ) ) ;
#419 = DIRECTION ( 'NONE',  ( 0.000000000000000000, 0.000000000000000000, -1.000000000000000000 ) ) ;
#420 = CARTESIAN_POINT ( 'NONE',  ( 0.4154037042846898675, -1.574241017948449617, -2.000698812217747591 ) ) ;
#421 = EDGE_CURVE ( 'NONE', #614, #793, #295, .T. ) ;
#422 = DIRECTION ( 'NONE',  ( 0.000000000000000000, -1.000000000000000000, 2.875629467015017729E-16 ) ) ;
#423 = ORIENTED_EDGE ( 'NONE', *, *, #608, .T. ) ;
#424 = PERSON_AND_ORGANIZATION_ROLE ( 'design_supplier' ) ;
#425 = ORIENTED_EDGE ( 'NONE', *, *, #3257, .F. ) ;
#426 = ORIENTED_EDGE ( 'NONE', *, *, #2277, .F. ) ;
#427 = DIRECTION ( 'NONE',  ( -1.000000000000000000, -0.000000000000000000, -0.000000000000000000 ) ) ;
#428 = LINE ( 'NONE', #2818, #641 ) ;
#429 = CARTESIAN_POINT ( 'NONE',  ( 0.3500000000000000333, 2.200000000000001066, -2.150000000000001243 ) ) ;
#430 = ORIENTED_EDGE ( 'NONE', *, *, #1037, .F. ) ;
#431 = ADVANCED_FACE ( 'NONE', ( #567 ), #2183, .F. ) ;
#432 = CARTESIAN_POINT ( 'NONE',  ( 0.2249999999999999223, -0.7000000000000007327, -0.4000000000000007438 ) ) ;
#433 = CARTESIAN_POINT ( 'NONE',  ( 1.100000000000000089, -0.5500000000000000444, -1.600000000000000311 ) ) ;
#434 = CARTESIAN_POINT ( 'NONE',  ( 0.1148449401908515910, 0.7000000000000952127, -0.3042902956222832134 ) ) ;
#435 = VECTOR ( 'NONE', #2047, 39.37007874015748143 ) ;
#436 = FACE_OUTER_BOUND ( 'NONE', #3400, .T. ) ;
#437 = DIRECTION ( 'NONE',  ( -1.000000000000000000, -0.000000000000000000, -0.000000000000000000 ) ) ;
#438 = VECTOR ( 'NONE', #2526, 39.37007874015748143 ) ;
#439 = EDGE_LOOP ( 'NONE', ( #2094, #931, #3398, #1339, #2969, #342, #1921, #3096, #2347 ) ) ;
#440 = ORIENTED_EDGE ( 'NONE', *, *, #1184, .F. ) ;
#441 = EDGE_LOOP ( 'NONE', ( #1564, #566, #467, #3382 ) ) ;
#442 = ORIENTED_EDGE ( 'NONE', *, *, #3236, .F. ) ;
#443 = AXIS2_PLACEMENT_3D ( 'NONE', #2419, #843, #3475 ) ;
#444 = DIRECTION ( 'NONE',  ( 1.000000000000000000, 0.000000000000000000, 0.000000000000000000 ) ) ;
#445 = DIRECTION ( 'NONE',  ( -1.000000000000000000, -0.000000000000000000, -0.000000000000000000 ) ) ;
#446 = DIRECTION ( 'NONE',  ( 1.000000000000000000, 0.000000000000000000, 0.000000000000000000 ) ) ;
#447 = EDGE_LOOP ( 'NONE', ( #2638, #263, #2211, #1792 ) ) ;
#448 = DIRECTION ( 'NONE',  ( 0.000000000000000000, 0.000000000000000000, 1.000000000000000000 ) ) ;
#449 = DIRECTION ( 'NONE',  ( 0.000000000000000000, -0.6000000000000001998, 0.7999999999999997113 ) ) ;
#450 = CARTESIAN_POINT ( 'NONE',  ( 0.1000000000000000056, 0.8500000000000024203, -1.909999999999999920 ) ) ;
#451 = EDGE_CURVE ( 'NONE', #2672, #3133, #3329, .T. ) ;
#452 = CARTESIAN_POINT ( 'NONE',  ( 0.3731778987975942208, -1.640609688121878351, -1.939169764687109554 ) ) ;
#453 = EDGE_CURVE ( 'NONE', #803, #3302, #2991, .T. ) ;
#454 = LINE ( 'NONE', #167, #2431 ) ;
#455 = EDGE_LOOP ( 'NONE', ( #2304, #2658, #193, #3026 ) ) ;
#456 = EDGE_LOOP ( 'NONE', ( #2269, #2205, #1511, #2156, #1810, #155 ) ) ;
#457 = AXIS2_PLACEMENT_3D ( 'NONE', #2155, #489, #2405 ) ;
#458 = CIRCLE ( 'NONE', #2288, 0.1250000000000000000 ) ;
#459 = ORIENTED_EDGE ( 'NONE', *, *, #2822, .F. ) ;
#460 = ORIENTED_EDGE ( 'NONE', *, *, #2881, .F. ) ;
#461 = CARTESIAN_POINT ( 'NONE',  ( 0.1000000000000000056, -1.500000000000000222, -4.000000000000000888 ) ) ;
#462 = AXIS2_PLACEMENT_3D ( 'NONE', #3436, #2358, #2661 ) ;
#463 = AXIS2_PLACEMENT_3D ( 'NONE', #1317, #1598, #2392 ) ;
#464 = CARTESIAN_POINT ( 'NONE',  ( 0.000000000000000000, -0.9999999999999994449, -3.939960630000000297 ) ) ;
#465 = LINE ( 'NONE', #767, #1762 ) ;
#466 = CARTESIAN_POINT ( 'NONE',  ( 0.1000000000000000056, -3.000000000000000888, -2.000000000000000444 ) ) ;
#467 = ORIENTED_EDGE ( 'NONE', *, *, #2150, .T. ) ;
#468 = CARTESIAN_POINT ( 'NONE',  ( 0.2241211082926798659, 0.7000000000000007327, -0.3000000000000028755 ) ) ;
#469 = CARTESIAN_POINT ( 'NONE',  ( 0.3310364340663955462, -1.642971471438867459, -1.937697487331554003 ) ) ;
#470 = LINE ( 'NONE', #147, #656 ) ;
#471 = VECTOR ( 'NONE', #1701, 39.37007874015748143 ) ;
#472 = FACE_OUTER_BOUND ( 'NONE', #1995, .T. ) ;
#473 = CARTESIAN_POINT ( 'NONE',  ( 0.2249999999999999223, 2.450000000000000622, -0.4000000000000029643 ) ) ;
#474 = EDGE_CURVE ( 'NONE', #3331, #1422, #3046, .T. ) ;
#475 = EDGE_LOOP ( 'NONE', ( #1396, #2564, #743, #3262 ) ) ;
#476 = EDGE_LOOP ( 'NONE', ( #2271, #1136, #3209, #1493 ) ) ;
#477 = ADVANCED_BREP_SHAPE_REPRESENTATION ( 'Bottom Armor', ( #1637, #644 ), #978 ) ;
#478 = EDGE_CURVE ( 'NONE', #2579, #170, #918, .T. ) ;
#479 = ORIENTED_EDGE ( 'NONE', *, *, #876, .T. ) ;
#480 = VERTEX_POINT ( 'NONE', #2163 ) ;
#481 = CARTESIAN_POINT ( 'NONE',  ( 0.1000000000000000056, -0.9999999999999994449, -3.875000000000000444 ) ) ;
#482 = LINE ( 'NONE', #1550, #234 ) ;
#483 = FACE_OUTER_BOUND ( 'NONE', #307, .T. ) ;
#484 = CARTESIAN_POINT ( 'NONE',  ( 0.000000000000000000, -1.500000000000000222, -4.000000000000000888 ) ) ;
#485 = EDGE_CURVE ( 'NONE', #1731, #1304, #1456, .T. ) ;
#486 = CARTESIAN_POINT ( 'NONE',  ( 0.3500000000000000333, 0.000000000000000000, 0.000000000000000000 ) ) ;
#487 = CARTESIAN_POINT ( 'NONE',  ( 0.1000000000000000194, -1.775000000000001243, -1.900000000000000133 ) ) ;
#488 = CARTESIAN_POINT ( 'NONE',  ( -2.259157688667718489, -1.525000000000001243, -1.900000000000000133 ) ) ;
#489 = DIRECTION ( 'NONE',  ( 0.000000000000000000, -1.000000000000000000, 0.000000000000000000 ) ) ;
#490 = DIRECTION ( 'NONE',  ( 0.000000000000000000, 0.000000000000000000, -1.000000000000000000 ) ) ;
#491 = CARTESIAN_POINT ( 'NONE',  ( 0.8249999999999999556, -0.9499999999999995115, -0.3000000000000007661 ) ) ;
#492 = PLANE ( 'NONE',  #2847 ) ;
#493 = ORIENTED_EDGE ( 'NONE', *, *, #2716, .F. ) ;
#494 = AXIS2_PLACEMENT_3D ( 'NONE', #2587, #3072, #2569 ) ;
#495 = ORIENTED_EDGE ( 'NONE', *, *, #3097, .F. ) ;
#496 = ORIENTED_EDGE ( 'NONE', *, *, #2217, .F. ) ;
#497 = DIRECTION ( 'NONE',  ( 0.000000000000000000, -2.875629467015014277E-16, -1.000000000000000000 ) ) ;
#498 = ADVANCED_FACE ( 'NONE', ( #135 ), #2958, .F. ) ;
#499 = ADVANCED_FACE ( 'NONE', ( #2282 ), #549, .F. ) ;
#500 = DIRECTION ( 'NONE',  ( 0.000000000000000000, 1.000000000000000000, 0.000000000000000000 ) ) ;
#501 = CARTESIAN_POINT ( 'NONE',  ( 1.100000000000000089, 2.450000000000000178, -1.525000000000002132 ) ) ;
#502 = DIRECTION ( 'NONE',  ( 0.000000000000000000, 2.875629467015014277E-16, 1.000000000000000000 ) ) ;
#503 = AXIS2_PLACEMENT_3D ( 'NONE', #514, #2095, #2415 ) ;
#504 = DIRECTION ( 'NONE',  ( 0.000000000000000000, -2.875629467015014277E-16, -1.000000000000000000 ) ) ;
#505 = FACE_BOUND ( 'NONE', #1107, .T. ) ;
#506 = CARTESIAN_POINT ( 'NONE',  ( 0.3500000000000000333, -1.775000000000001465, -2.000000000000000444 ) ) ;
#507 = PLANE ( 'NONE',  #2427 ) ;
#508 = ORIENTED_EDGE ( 'NONE', *, *, #286, .F. ) ;
#509 = CARTESIAN_POINT ( 'NONE',  ( 0.2096232164382381413, 0.7000000000000008438, -0.3000000000000028755 ) ) ;
#510 = DIRECTION ( 'NONE',  ( 0.000000000000000000, 1.000000000000000000, 0.000000000000000000 ) ) ;
#511 = VERTEX_POINT ( 'NONE', #2434 ) ;
#512 = ORIENTED_EDGE ( 'NONE', *, *, #2085, .T. ) ;
#513 = ORIENTED_EDGE ( 'NONE', *, *, #2836, .F. ) ;
#514 = CARTESIAN_POINT ( 'NONE',  ( 0.000000000000000000, -0.9999999999999994449, -3.875000000000000444 ) ) ;
#515 = DIRECTION ( 'NONE',  ( 0.000000000000000000, 0.000000000000000000, -1.000000000000000000 ) ) ;
#516 = LINE ( 'NONE', #2676, #3340 ) ;
#517 = ADVANCED_FACE ( 'NONE', ( #1925 ), #1907, .T. ) ;
#518 = PLANE ( 'NONE',  #2468 ) ;
#519 = ADVANCED_FACE ( 'NONE', ( #604 ), #327, .F. ) ;
#520 = CIRCLE ( 'NONE', #11, 0.1250000000000000278 ) ;
#521 = VECTOR ( 'NONE', #2933, 39.37007874015748143 ) ;
#522 = LINE ( 'NONE', #2908, #1231 ) ;
#523 = CARTESIAN_POINT ( 'NONE',  ( 0.1000000000000000194, -2.050000000000001155, -2.766666666666667496 ) ) ;
#524 = CARTESIAN_POINT ( 'NONE',  ( 0.2883372381058732503, -1.593036350570121940, -1.978313733960463283 ) ) ;
#525 = CARTESIAN_POINT ( 'NONE',  ( 0.000000000000000000, -0.8660254037844387076, -2.048885995248197414E-16 ) ) ;
#526 = EDGE_LOOP ( 'NONE', ( #2053, #1041, #2862, #62 ) ) ;
#527 = LINE ( 'NONE', #13, #922 ) ;
#528 = CYLINDRICAL_SURFACE ( 'NONE', #666, 0.2499999999999998057 ) ;
#529 = AXIS2_PLACEMENT_3D ( 'NONE', #1046, #178, #1256 ) ;
#530 = ORIENTED_EDGE ( 'NONE', *, *, #411, .T. ) ;
#531 = ORIENTED_EDGE ( 'NONE', *, *, #2003, .T. ) ;
#532 = EDGE_LOOP ( 'NONE', ( #3268, #2938, #1851, #1640 ) ) ;
#533 = CARTESIAN_POINT ( 'NONE',  ( 0.2249999999999999778, -2.450000000000000622, -0.5250000000000006883 ) ) ;
#534 = DIRECTION ( 'NONE',  ( 0.000000000000000000, 0.000000000000000000, 1.000000000000000000 ) ) ;
#535 = DIRECTION ( 'NONE',  ( 1.000000000000000000, -0.000000000000000000, -0.000000000000000000 ) ) ;
#536 = ORIENTED_EDGE ( 'NONE', *, *, #3163, .F. ) ;
#537 = DIRECTION ( 'NONE',  ( 0.000000000000000000, 0.000000000000000000, -1.000000000000000000 ) ) ;
#538 = DIRECTION ( 'NONE',  ( -0.000000000000000000, 2.875629467015014277E-16, 1.000000000000000000 ) ) ;
#539 = CARTESIAN_POINT ( 'NONE',  ( 0.1000000000000000194, -1.775000000000001243, -2.966666666666667673 ) ) ;
#540 = DIRECTION ( 'NONE',  ( 0.000000000000000000, 0.000000000000000000, -1.000000000000000000 ) ) ;
#541 = VERTEX_POINT ( 'NONE', #1663 ) ;
#542 = EDGE_CURVE ( 'NONE', #1181, #2414, #458, .T. ) ;
#543 = CARTESIAN_POINT ( 'NONE',  ( 1.100000000000000089, 0.9500000000000003997, -0.4000000000000029643 ) ) ;
#544 = LINE ( 'NONE', #1110, #1984 ) ;
#545 = PLANE ( 'NONE',  #2967 ) ;
#546 = ORIENTED_EDGE ( 'NONE', *, *, #2044, .F. ) ;
#547 = ORIENTED_EDGE ( 'NONE', *, *, #2107, .F. ) ;
#548 = ORIENTED_EDGE ( 'NONE', *, *, #1619, .T. ) ;
#549 = CYLINDRICAL_SURFACE ( 'NONE', #2083, 0.06496062999999985266 ) ;
#550 = VECTOR ( 'NONE', #3230, 39.37007874015748854 ) ;
#551 = VECTOR ( 'NONE', #617, 39.37007874015748143 ) ;
#552 = CARTESIAN_POINT ( 'NONE',  ( 0.000000000000000000, 3.000000000000000888, -2.000000000000000444 ) ) ;
#553 = FACE_OUTER_BOUND ( 'NONE', #2244, .T. ) ;
#554 = VERTEX_POINT ( 'NONE', #1195 ) ;
#555 = LINE ( 'NONE', #1553, #1694 ) ;
#556 = CARTESIAN_POINT ( 'NONE',  ( 0.8249999999999999556, -0.9499999999999998446, -1.600000000000000311 ) ) ;
#557 = LINE ( 'NONE', #1895, #246 ) ;
#558 = DIRECTION ( 'NONE',  ( 0.000000000000000000, -1.000000000000000000, -2.875629467015014277E-16 ) ) ;
#559 = EDGE_LOOP ( 'NONE', ( #1795, #71, #1059, #442 ) ) ;
#560 = CARTESIAN_POINT ( 'NONE',  ( 0.1000000000000000056, 2.200000000000001066, -2.150000000000001243 ) ) ;
#561 = DIRECTION ( 'NONE',  ( -0.000000000000000000, 1.000000000000000000, 1.517693329813478087E-16 ) ) ;
#562 = EDGE_CURVE ( 'NONE', #2335, #1081, #3215, .T. ) ;
#563 = EDGE_CURVE ( 'NONE', #793, #1444, #185, .T. ) ;
#564 = VERTEX_POINT ( 'NONE', #950 ) ;
#565 = VERTEX_POINT ( 'NONE', #1541 ) ;
#566 = ORIENTED_EDGE ( 'NONE', *, *, #2043, .F. ) ;
#567 = FACE_OUTER_BOUND ( 'NONE', #2186, .T. ) ;
#568 = VECTOR ( 'NONE', #2787, 39.37007874015748143 ) ;
#569 = FACE_OUTER_BOUND ( 'NONE', #2413, .T. ) ;
#570 = VERTEX_POINT ( 'NONE', #2559 ) ;
#571 = CARTESIAN_POINT ( 'NONE',  ( 0.8249999999999999556, 0.8250000000000000666, -1.525000000000002132 ) ) ;
#572 = AXIS2_PLACEMENT_3D ( 'NONE', #2794, #2979, #2715 ) ;
#573 = DIRECTION ( 'NONE',  ( 0.000000000000000000, 0.000000000000000000, -1.000000000000000000 ) ) ;
#574 = DIRECTION ( 'NONE',  ( 0.000000000000000000, 0.000000000000000000, -1.000000000000000000 ) ) ;
#575 = CYLINDRICAL_SURFACE ( 'NONE', #1399, 1.000000000000000222 ) ;
#576 = VECTOR ( 'NONE', #2424, 39.37007874015748143 ) ;
#577 = ORIENTED_EDGE ( 'NONE', *, *, #3165, .F. ) ;
#578 = VECTOR ( 'NONE', #3108, 39.37007874015748143 ) ;
#579 = AXIS2_PLACEMENT_3D ( 'NONE', #632, #384, #398 ) ;
#580 = DIRECTION ( 'NONE',  ( 1.000000000000000000, 0.000000000000000000, 0.000000000000000000 ) ) ;
#581 = CARTESIAN_POINT ( 'NONE',  ( 0.6999999999999999556, 0.7000000000000007327, -0.4000000000000029088 ) ) ;
#582 = CYLINDRICAL_SURFACE ( 'NONE', #839, 0.06496063000000004695 ) ;
#583 = ORIENTED_EDGE ( 'NONE', *, *, #2363, .T. ) ;
#584 = ORIENTED_EDGE ( 'NONE', *, *, #2654, .F. ) ;
#585 = EDGE_LOOP ( 'NONE', ( #816, #2218, #835, #423 ) ) ;
#586 = DIRECTION ( 'NONE',  ( 0.000000000000000000, 0.000000000000000000, 1.000000000000000000 ) ) ;
#587 = VECTOR ( 'NONE', #1821, 39.37007874015748143 ) ;
#588 = EDGE_CURVE ( 'NONE', #823, #1072, #781, .T. ) ;
#589 = CARTESIAN_POINT ( 'NONE',  ( 0.1000000000000000056, -3.000000000000000444, -7.512581982576723358E-16 ) ) ;
#590 = DIRECTION ( 'NONE',  ( 0.000000000000000000, 0.000000000000000000, 1.000000000000000000 ) ) ;
#591 = ORIENTED_EDGE ( 'NONE', *, *, #3141, .T. ) ;
#592 = CARTESIAN_POINT ( 'NONE',  ( 0.3500000000000000333, -1.775000000000001465, -1.935039370000000147 ) ) ;
#593 = DIRECTION ( 'NONE',  ( 0.000000000000000000, -0.5999999999999992006, 0.8000000000000005995 ) ) ;
#594 = ADVANCED_FACE ( 'NONE', ( #998 ), #2051, .F. ) ;
#595 = FACE_OUTER_BOUND ( 'NONE', #2636, .T. ) ;
#596 = CARTESIAN_POINT ( 'NONE',  ( 0.1000000000000000056, -2.875000000000000888, -1.814960630000000741 ) ) ;
#597 = EDGE_LOOP ( 'NONE', ( #124, #1161 ) ) ;
#598 = FACE_OUTER_BOUND ( 'NONE', #1498, .T. ) ;
#599 = DIRECTION ( 'NONE',  ( -0.000000000000000000, 1.000000000000000000, 1.821231995776165224E-15 ) ) ;
#600 = CARTESIAN_POINT ( 'NONE',  ( 0.1000000000000000056, 0.8660254037844384856, -4.780733988912460139E-16 ) ) ;
#601 = VERTEX_POINT ( 'NONE', #681 ) ;
#602 = ORIENTED_EDGE ( 'NONE', *, *, #2234, .T. ) ;
#603 = EDGE_LOOP ( 'NONE', ( #3015, #1268 ) ) ;
#604 = FACE_OUTER_BOUND ( 'NONE', #1527, .T. ) ;
#605 = PERSON_AND_ORGANIZATION ( #2237, #2941 ) ;
#606 = VERTEX_POINT ( 'NONE', #1263 ) ;
#607 = EDGE_CURVE ( 'NONE', #3095, #2439, #2841, .T. ) ;
#608 = EDGE_CURVE ( 'NONE', #570, #2742, #1505, .T. ) ;
#609 = LINE ( 'NONE', #3005, #3204 ) ;
#610 = VECTOR ( 'NONE', #2708, 39.37007874015748143 ) ;
#611 = LINE ( 'NONE', #3053, #568 ) ;
#612 = CARTESIAN_POINT ( 'NONE',  ( 0.1000000000000000056, -1.500000000000000222, -4.000000000000000888 ) ) ;
#613 = DIRECTION ( 'NONE',  ( 0.000000000000000000, 0.000000000000000000, 1.000000000000000000 ) ) ;
#614 = VERTEX_POINT ( 'NONE', #1807 ) ;
#615 = DIRECTION ( 'NONE',  ( -1.000000000000000000, -0.000000000000000000, -0.000000000000000000 ) ) ;
#616 = CARTESIAN_POINT ( 'NONE',  ( 0.1000000000000000056, -0.9999999999999994449, -3.875000000000000444 ) ) ;
#617 = DIRECTION ( 'NONE',  ( 0.000000000000000000, -1.000000000000000000, 0.000000000000000000 ) ) ;
#618 = CIRCLE ( 'NONE', #278, 0.2499999999999998057 ) ;
#619 = ORIENTED_EDGE ( 'NONE', *, *, #3448, .T. ) ;
#620 = ORIENTED_EDGE ( 'NONE', *, *, #284, .F. ) ;
#621 = CIRCLE ( 'NONE', #2411, 0.06496062999999985266 ) ;
#622 = APPROVAL_ROLE ( '' ) ;
#623 = EDGE_LOOP ( 'NONE', ( #2108, #3010, #3280, #964, #1176, #3224, #87 ) ) ;
#624 = EDGE_CURVE ( 'NONE', #1122, #2407, #2878, .T. ) ;
#626 = ADVANCED_FACE ( 'NONE', ( #472 ), #2036, .F. ) ;
#625 = CARTESIAN_POINT ( 'NONE',  ( 0.3500000000000000333, -1.775000000000001465, -2.300000000000000266 ) ) ;
#627 = DIRECTION ( 'NONE',  ( 0.000000000000000000, 1.000000000000000000, 0.000000000000000000 ) ) ;
#628 = DIRECTION ( 'NONE',  ( 0.000000000000000000, 1.092739197465706076E-15, -1.000000000000000000 ) ) ;
#629 = ORIENTED_EDGE ( 'NONE', *, *, #2782, .F. ) ;
#630 = CIRCLE ( 'NONE', #1698, 0.07874016000000005899 ) ;
#631 = EDGE_CURVE ( 'NONE', #986, #351, #3429, .T. ) ;
#632 = CARTESIAN_POINT ( 'NONE',  ( 0.3500000000000000333, 2.640000000000002345, -1.979999999999999316 ) ) ;
#633 = FACE_OUTER_BOUND ( 'NONE', #860, .T. ) ;
#634 = DIRECTION ( 'NONE',  ( 0.000000000000000000, 0.000000000000000000, 1.000000000000000000 ) ) ;
#635 = AXIS2_PLACEMENT_3D ( 'NONE', #1512, #139, #394 ) ;
#636 = VECTOR ( 'NONE', #2246, 39.37007874015748143 ) ;
#637 = EDGE_LOOP ( 'NONE', ( #1252, #1068, #1507, #847 ) ) ;
#638 = EDGE_CURVE ( 'NONE', #3264, #2143, #1681, .T. ) ;
#639 = EDGE_LOOP ( 'NONE', ( #2918, #2430, #2804, #2328 ) ) ;
#640 = CALENDAR_DATE ( 2026, 27, 4 ) ;
#641 = VECTOR ( 'NONE', #3071, 39.37007874015748143 ) ;
#642 = ORIENTED_EDGE ( 'NONE', *, *, #2412, .F. ) ;
#643 = VECTOR ( 'NONE', #2048, 39.37007874015748143 ) ;
#644 = AXIS2_PLACEMENT_3D ( 'NONE', #1588, #880, #2662 ) ;
#645 = CARTESIAN_POINT ( 'NONE',  ( 0.1000000000000000056, -2.875000000000000888, -0.2500000000000006106 ) ) ;
#646 = LINE ( 'NONE', #2290, #2268 ) ;
#647 = CARTESIAN_POINT ( 'NONE',  ( 1.100000000000000089, -2.450000000000000178, -1.599999999999999867 ) ) ;
#648 = EDGE_LOOP ( 'NONE', ( #1705, #36, #460, #85 ) ) ;
#649 = LINE ( 'NONE', #3011, #3050 ) ;
#650 = DIRECTION ( 'NONE',  ( 1.000000000000000000, 0.000000000000000000, 0.000000000000000000 ) ) ;
#651 = DIRECTION ( 'NONE',  ( 0.000000000000000000, 0.5999999999999992006, -0.8000000000000005995 ) ) ;
#652 = ADVANCED_FACE ( 'NONE', ( #436 ), #2576, .F. ) ;
#653 = EDGE_CURVE ( 'NONE', #2978, #1081, #3143, .T. ) ;
#654 = ORIENTED_EDGE ( 'NONE', *, *, #485, .T. ) ;
#655 = ORIENTED_EDGE ( 'NONE', *, *, #1899, .F. ) ;
#656 = VECTOR ( 'NONE', #1772, 39.37007874015748143 ) ;
#657 = ORIENTED_EDGE ( 'NONE', *, *, #143, .T. ) ;
#658 = CARTESIAN_POINT ( 'NONE',  ( 0.3500000000000000333, -2.050000000000001155, -2.766666666666667496 ) ) ;
#659 = DIRECTION ( 'NONE',  ( -0.000000000000000000, 1.000000000000000000, 0.000000000000000000 ) ) ;
#660 = DIRECTION ( 'NONE',  ( -0.000000000000000000, -2.875629467015014277E-16, 1.000000000000000000 ) ) ;
#661 = ORIENTED_EDGE ( 'NONE', *, *, #3116, .F. ) ;
#662 = AXIS2_PLACEMENT_3D ( 'NONE', #2061, #160, #414 ) ;
#663 = LINE ( 'NONE', #2528, #2145 ) ;
#664 = CARTESIAN_POINT ( 'NONE',  ( 0.3130103788489373984, -1.544305787078943837, -2.053611739065007047 ) ) ;
#665 = CARTESIAN_POINT ( 'NONE',  ( 0.6999999999999999556, -0.7000000000000007327, 0.000000000000000000 ) ) ;
#666 = AXIS2_PLACEMENT_3D ( 'NONE', #833, #2089, #758 ) ;
#667 = CARTESIAN_POINT ( 'NONE',  ( 0.1000000000000000056, -2.150000000000000355, -2.925000000000001155 ) ) ;
#668 = EDGE_CURVE ( 'NONE', #2103, #3095, #1118, .T. ) ;
#669 = VERTEX_POINT ( 'NONE', #2266 ) ;
#670 = EDGE_CURVE ( 'NONE', #1201, #3040, #3357, .T. ) ;
#671 = ORIENTED_EDGE ( 'NONE', *, *, #1213, .T. ) ;
#672 = ORIENTED_EDGE ( 'NONE', *, *, #804, .T. ) ;
#673 = CARTESIAN_POINT ( 'NONE',  ( 0.3500000000000000333, -2.050000000000001155, -2.766666666666667496 ) ) ;
#674 = CYLINDRICAL_SURFACE ( 'NONE', #2940, 0.06496063000000011634 ) ;
#675 = LINE ( 'NONE', #693, #2624 ) ;
#676 = EDGE_CURVE ( 'NONE', #299, #853, #2807, .T. ) ;
#677 = VERTEX_POINT ( 'NONE', #1194 ) ;
#678 = DIRECTION ( 'NONE',  ( 0.000000000000000000, 0.000000000000000000, -1.000000000000000000 ) ) ;
#679 = FACE_OUTER_BOUND ( 'NONE', #1632, .T. ) ;
#680 = LINE ( 'NONE', #1758, #2253 ) ;
#681 = CARTESIAN_POINT ( 'NONE',  ( 0.6999999999999999556, 0.5500000000000001554, -1.525000000000002132 ) ) ;
#682 = B_SPLINE_CURVE_WITH_KNOTS ( 'NONE', 3,
 ( #706, #3369, #2273, #725 ),
 .UNSPECIFIED., .F., .F.,
 ( 4, 4 ),
 ( 0.000000000000000000, 0.0004616366632376451120 ),
 .UNSPECIFIED. ) ;
#683 = ORIENTED_EDGE ( 'NONE', *, *, #892, .F. ) ;
#684 = AXIS2_PLACEMENT_3D ( 'NONE', #3449, #1542, #2842 ) ;
#685 = ORIENTED_EDGE ( 'NONE', *, *, #43, .T. ) ;
#686 = VECTOR ( 'NONE', #2610, 39.37007874015748143 ) ;
#687 = VECTOR ( 'NONE', #146, 39.37007874015748143 ) ;
#688 = ORIENTED_EDGE ( 'NONE', *, *, #1251, .T. ) ;
#689 = EDGE_CURVE ( 'NONE', #138, #1696, #470, .T. ) ;
#690 = PLANE ( 'NONE',  #635 ) ;
#691 = VECTOR ( 'NONE', #2307, 39.37007874015748143 ) ;
#692 = FACE_OUTER_BOUND ( 'NONE', #1509, .T. ) ;
#693 = CARTESIAN_POINT ( 'NONE',  ( 0.000000000000000000, -2.150000000000000355, -2.989960630000001007 ) ) ;
#694 = ORIENTED_EDGE ( 'NONE', *, *, #3484, .F. ) ;
#695 = CC_DESIGN_APPROVAL ( #1532, ( #2445 ) ) ;
#696 = CARTESIAN_POINT ( 'NONE',  ( 0.2249999999999999778, -0.7000000000000007327, -0.3181534085976782111 ) ) ;
#697 = CARTESIAN_POINT ( 'NONE',  ( 0.3056044868736310094, -1.546883648091131436, -2.047660141131976363 ) ) ;
#698 = CARTESIAN_POINT ( 'NONE',  ( 0.3500000000000000333, 2.200000000000001066, -1.900000000000001243 ) ) ;
#699 = DIRECTION ( 'NONE',  ( 0.000000000000000000, 0.000000000000000000, 1.000000000000000000 ) ) ;
#700 = CARTESIAN_POINT ( 'NONE',  ( 0.1000000000000000056, -2.150000000000000355, -2.860039370000001302 ) ) ;
#701 = VERTEX_POINT ( 'NONE', #450 ) ;
#702 =( BOUNDED_CURVE ( )  B_SPLINE_CURVE ( 3, ( #82, #1352, #2176, #1425 ),
 .UNSPECIFIED., .F., .F. ) 
 B_SPLINE_CURVE_WITH_KNOTS ( ( 4, 4 ),
 ( 0.000000000000000000, 1.570796326794896558 ),
 .UNSPECIFIED. ) 
 CURVE ( )  GEOMETRIC_REPRESENTATION_ITEM ( )  RATIONAL_B_SPLINE_CURVE ( ( 1.000000000000000000, 0.8047378541243649375, 0.8047378541243649375, 1.000000000000000000 ) ) 
 REPRESENTATION_ITEM ( '' )  );
#703 = ORIENTED_EDGE ( 'NONE', *, *, #1345, .T. ) ;
#704 = ORIENTED_EDGE ( 'NONE', *, *, #2201, .F. ) ;
#705 = ORIENTED_EDGE ( 'NONE', *, *, #2150, .F. ) ;
#706 = CARTESIAN_POINT ( 'NONE',  ( 0.2249999999999999778, -0.7000000000000007327, -0.3181534085976782111 ) ) ;
#707 = LINE ( 'NONE', #1782, #2660 ) ;
#708 = EDGE_CURVE ( 'NONE', #168, #834, #1804, .T. ) ;
#709 = PLANE ( 'NONE',  #662 ) ;
#710 = ADVANCED_FACE ( 'NONE', ( #2313 ), #1225, .F. ) ;
#711 = CARTESIAN_POINT ( 'NONE',  ( 0.1000000000000000056, 0.000000000000000000, 0.5000000000000000000 ) ) ;
#712 = CARTESIAN_POINT ( 'NONE',  ( 0.1000000000000000056, -0.5750000000000005107, -0.5250000000000006883 ) ) ;
#713 = LINE ( 'NONE', #3427, #3443 ) ;
#714 = CARTESIAN_POINT ( 'NONE',  ( 0.2225981317094815615, 0.7000000000000007327, -0.2833423683827548389 ) ) ;
#715 = VECTOR ( 'NONE', #92, 39.37007874015748143 ) ;
#716 = CARTESIAN_POINT ( 'NONE',  ( 0.4115741076788512198, -1.560723915389129690, -2.021124875802226217 ) ) ;
#717 = CYLINDRICAL_SURFACE ( 'NONE', #357, 0.1249999999999999584 ) ;
#718 = AXIS2_PLACEMENT_3D ( 'NONE', #776, #304, #1071 ) ;
#719 = VERTEX_POINT ( 'NONE', #698 ) ;
#720 = EDGE_CURVE ( 'NONE', #1636, #3294, #2035, .T. ) ;
#721 = ORIENTED_EDGE ( 'NONE', *, *, #999, .F. ) ;
#722 = VERTEX_POINT ( 'NONE', #2019 ) ;
#723 = VERTEX_POINT ( 'NONE', #3393 ) ;
#724 = CIRCLE ( 'NONE', #1180, 0.06496063000000004695 ) ;
#725 = CARTESIAN_POINT ( 'NONE',  ( 0.2241211082926797271, -0.7000000000000007327, -0.3000000000000007105 ) ) ;
#726 = FACE_BOUND ( 'NONE', #1601, .T. ) ;
#727 = FACE_OUTER_BOUND ( 'NONE', #2160, .T. ) ;
#728 = ORIENTED_EDGE ( 'NONE', *, *, #2737, .T. ) ;
#729 = EDGE_CURVE ( 'NONE', #1301, #1114, #1360, .T. ) ;
#730 = EDGE_CURVE ( 'NONE', #2685, #3052, #3125, .T. ) ;
#731 = DIRECTION ( 'NONE',  ( 0.000000000000000000, 0.000000000000000000, -1.000000000000000000 ) ) ;
#732 = CARTESIAN_POINT ( 'NONE',  ( 0.1000000000000000056, 2.575000000000000622, -0.3000000000000032641 ) ) ;
#733 = DIRECTION ( 'NONE',  ( 0.000000000000000000, 1.000000000000000000, -3.902639990948946839E-17 ) ) ;
#734 = CARTESIAN_POINT ( 'NONE',  ( 0.3742195213678439214, -1.541567355784898785, -2.060475771656882671 ) ) ;
#735 = ADVANCED_FACE ( 'NONE', ( #3093 ), #3338, .F. ) ;
#736 = CYLINDRICAL_SURFACE ( 'NONE', #684, 0.1000000000000000056 ) ;
#737 = VECTOR ( 'NONE', #3303, 39.37007874015748143 ) ;
#738 = ORIENTED_EDGE ( 'NONE', *, *, #3327, .F. ) ;
#739 = EDGE_LOOP ( 'NONE', ( #161, #1887, #1712, #1655, #1283, #2657, #2522, #2394, #2303 ) ) ;
#740 = VECTOR ( 'NONE', #846, 39.37007874015748143 ) ;
#741 = VECTOR ( 'NONE', #1398, 39.37007874015748143 ) ;
#742 = EDGE_CURVE ( 'NONE', #1491, #2891, #2002, .T. ) ;
#743 = ORIENTED_EDGE ( 'NONE', *, *, #542, .F. ) ;
#744 = EDGE_LOOP ( 'NONE', ( #536, #3416, #1580, #2831 ) ) ;
#745 = CARTESIAN_POINT ( 'NONE',  ( 0.000000000000000000, -2.875000000000000888, -1.750000000000000666 ) ) ;
#746 = CIRCLE ( 'NONE', #1197, 0.2500000000000000555 ) ;
#747 = VECTOR ( 'NONE', #1191, 39.37007874015748143 ) ;
#748 = DIRECTION ( 'NONE',  ( 1.000000000000000000, 0.000000000000000000, 0.000000000000000000 ) ) ;
#749 = DIRECTION ( 'NONE',  ( -0.000000000000000000, -1.000000000000000000, -0.000000000000000000 ) ) ;
#750 = FACE_OUTER_BOUND ( 'NONE', #1023, .T. ) ;
#751 = ORIENTED_EDGE ( 'NONE', *, *, #2171, .F. ) ;
#752 = DIRECTION ( 'NONE',  ( 0.000000000000000000, 0.000000000000000000, -1.000000000000000000 ) ) ;
#753 = DIRECTION ( 'NONE',  ( 1.000000000000000000, 0.000000000000000000, 0.000000000000000000 ) ) ;
#754 = LINE ( 'NONE', #2422, #2306 ) ;
#755 = VECTOR ( 'NONE', #3024, 39.37007874015748143 ) ;
#756 = DIRECTION ( 'NONE',  ( -0.000000000000000000, -0.000000000000000000, 1.000000000000000000 ) ) ;
#757 = DIRECTION ( 'NONE',  ( 1.000000000000000000, 0.000000000000000000, 0.000000000000000000 ) ) ;
#758 = DIRECTION ( 'NONE',  ( 0.000000000000000000, 0.000000000000000000, 1.000000000000000000 ) ) ;
#759 = ADVANCED_FACE ( 'NONE', ( #400 ), #1472, .T. ) ;
#760 = EDGE_CURVE ( 'NONE', #1862, #1275, #680, .T. ) ;
#761 = VERTEX_POINT ( 'NONE', #792 ) ;
#762 = ORIENTED_EDGE ( 'NONE', *, *, #2900, .T. ) ;
#763 = ORIENTED_EDGE ( 'NONE', *, *, #286, .T. ) ;
#764 = DIRECTION ( 'NONE',  ( 1.000000000000000000, -0.000000000000000000, -0.000000000000000000 ) ) ;
#765 = PRODUCT_DEFINITION ( 'UNKNOWN', '', #1377, #3368 ) ;
#766 = CARTESIAN_POINT ( 'NONE',  ( 0.1000000000000000056, -0.5500000000000001554, -1.399999999999999911 ) ) ;
#767 = CARTESIAN_POINT ( 'NONE',  ( 0.1000000000000000056, -3.000000000000000444, -7.512581982576723358E-16 ) ) ;
#768 = PLANE ( 'NONE',  #1958 ) ;
#769 = B_SPLINE_CURVE_WITH_KNOTS ( 'NONE', 3,
 ( #1090, #1130, #3275, #1613, #302, #1392, #2448, #3220, #509, #2465 ),
 .UNSPECIFIED., .F., .F.,
 ( 4, 2, 2, 2, 4 ),
 ( 2.312507319931811998E-14, 0.001088955635497601115, 0.002177911270972077065, 0.003266866906446553014, 0.004355822541921028530 ),
 .UNSPECIFIED. ) ;
#770 = LINE ( 'NONE', #1839, #3039 ) ;
#771 = FACE_BOUND ( 'NONE', #3171, .T. ) ;
#772 = CARTESIAN_POINT ( 'NONE',  ( 0.2946460731488211859, -1.606331029384590048, -1.965236037031090399 ) ) ;
#773 = LINE ( 'NONE', #9, #2141 ) ;
#774 = ORIENTED_EDGE ( 'NONE', *, *, #1105, .F. ) ;
#775 = FACE_OUTER_BOUND ( 'NONE', #1865, .T. ) ;
#776 = CARTESIAN_POINT ( 'NONE',  ( 0.8249999999999999556, -0.8249999999999995115, -0.4000000000000007438 ) ) ;
#777 = ORIENTED_EDGE ( 'NONE', *, *, #653, .T. ) ;
#778 = AXIS2_PLACEMENT_3D ( 'NONE', #1647, #3248, #822 ) ;
#779 = ADVANCED_FACE ( 'NONE', ( #2387 ), #3428, .T. ) ;
#780 = EDGE_CURVE ( 'NONE', #2009, #2845, #1861, .T. ) ;
#781 = CIRCLE ( 'NONE', #1109, 0.06496063000000011634 ) ;
#782 = ORIENTED_EDGE ( 'NONE', *, *, #1128, .F. ) ;
#783 = ORIENTED_EDGE ( 'NONE', *, *, #86, .F. ) ;
#784 = DIRECTION ( 'NONE',  ( 0.000000000000000000, 0.6000000000000000888, -0.7999999999999998224 ) ) ;
#785 = CARTESIAN_POINT ( 'NONE',  ( 0.6999999999999999556, -0.8249999999999998446, -1.524999999999999911 ) ) ;
#786 = DIRECTION ( 'NONE',  ( 0.000000000000000000, 0.000000000000000000, 1.000000000000000000 ) ) ;
#787 = LINE ( 'NONE', #2677, #1333 ) ;
#788 = VECTOR ( 'NONE', #1934, 39.37007874015748143 ) ;
#789 = DIRECTION ( 'NONE',  ( 0.000000000000000000, 1.000000000000000000, -2.875629467015014277E-16 ) ) ;
#790 = FACE_BOUND ( 'NONE', #30, .T. ) ;
#791 = CARTESIAN_POINT ( 'NONE',  ( 0.3500000000000000333, 1.975000000000001199, -2.866666666666669361 ) ) ;
#792 = CARTESIAN_POINT ( 'NONE',  ( 0.8249999999999999556, -0.9499999999999999556, -1.524999999999999911 ) ) ;
#793 = VERTEX_POINT ( 'NONE', #2683 ) ;
#794 = CARTESIAN_POINT ( 'NONE',  ( 0.5500000000000000444, -1.775000000000001243, -2.550000000000000266 ) ) ;
#795 = AXIS2_PLACEMENT_3D ( 'NONE', #481, #2397, #2659 ) ;
#796 = CARTESIAN_POINT ( 'NONE',  ( 0.2000000000000000389, -0.7499999999999980016, -1.984999999999999654 ) ) ;
#797 = EDGE_LOOP ( 'NONE', ( #2131, #3316, #2527, #100 ) ) ;
#798 = ORIENTED_EDGE ( 'NONE', *, *, #269, .T. ) ;
#799 = ORIENTED_EDGE ( 'NONE', *, *, #2910, .T. ) ;
#800 = AXIS2_PLACEMENT_3D ( 'NONE', #962, #183, #2050 ) ;
#801 = CARTESIAN_POINT ( 'NONE',  ( 0.8249999999999999556, 0.9500000000000000666, -1.600000000000000977 ) ) ;
#802 = DIRECTION ( 'NONE',  ( -0.000000000000000000, -1.000000000000000000, 0.000000000000000000 ) ) ;
#803 = VERTEX_POINT ( 'NONE', #1051 ) ;
#804 = EDGE_CURVE ( 'NONE', #1284, #541, #630, .T. ) ;
#805 = VECTOR ( 'NONE', #2088, 39.37007874015748143 ) ;
#806 = VECTOR ( 'NONE', #3239, 39.37007874015748143 ) ;
#807 = FACE_OUTER_BOUND ( 'NONE', #2901, .T. ) ;
#808 = LINE ( 'NONE', #1878, #1813 ) ;
#809 = CIRCLE ( 'NONE', #3388, 0.06496063000000011634 ) ;
#810 = FACE_OUTER_BOUND ( 'NONE', #2543, .T. ) ;
#811 = CARTESIAN_POINT ( 'NONE',  ( 1.100000000000000089, -0.9499999999999998446, -1.600000000000000311 ) ) ;
#812 = ORIENTED_EDGE ( 'NONE', *, *, #478, .T. ) ;
#813 = CYLINDRICAL_SURFACE ( 'NONE', #123, 0.1250000000000000000 ) ;
#814 = DIRECTION ( 'NONE',  ( 0.000000000000000000, 1.000000000000000000, -2.875629467015014277E-16 ) ) ;
#815 = AXIS2_PLACEMENT_3D ( 'NONE', #1666, #2204, #3473 ) ;
#816 = ORIENTED_EDGE ( 'NONE', *, *, #1729, .T. ) ;
#817 = LOCAL_TIME ( 20, 49, 36.00000000000000000, #1079 ) ;
#818 = EDGE_LOOP ( 'NONE', ( #2472, #2767, #1529, #324 ) ) ;
#819 = VERTEX_POINT ( 'NONE', #276 ) ;
#820 = LINE ( 'NONE', #2639, #2126 ) ;
#821 = DIRECTION ( 'NONE',  ( 0.000000000000000000, -0.7999999999999998224, 0.6000000000000003109 ) ) ;
#822 = DIRECTION ( 'NONE',  ( 0.000000000000000000, 0.000000000000000000, -1.000000000000000000 ) ) ;
#823 = VERTEX_POINT ( 'NONE', #3462 ) ;
#824 = DIRECTION ( 'NONE',  ( 0.000000000000000000, 0.000000000000000000, -1.000000000000000000 ) ) ;
#825 = EDGE_CURVE ( 'NONE', #564, #1266, #2930, .T. ) ;
#827 = EDGE_CURVE ( 'NONE', #1458, #677, #3162, .T. ) ;
#826 = DIRECTION ( 'NONE',  ( 1.000000000000000000, 0.000000000000000000, 0.000000000000000000 ) ) ;
#828 = CARTESIAN_POINT ( 'NONE',  ( 0.5999999999999999778, -1.775000000000001465, -2.150000000000000355 ) ) ;
#829 = DIRECTION ( 'NONE',  ( 0.000000000000000000, -1.000000000000000000, 2.875629467015014277E-16 ) ) ;
#830 = ORIENTED_EDGE ( 'NONE', *, *, #1715, .T. ) ;
#831 = CARTESIAN_POINT ( 'NONE',  ( 1.100000000000000089, 0.9500000000000005107, 2.731847993664263218E-16 ) ) ;
#832 = LINE ( 'NONE', #3296, #1143 ) ;
#833 = CARTESIAN_POINT ( 'NONE',  ( 0.3500000000000000333, 1.775000000000001243, -2.716666666666669006 ) ) ;
#834 = VERTEX_POINT ( 'NONE', #1596 ) ;
#835 = ORIENTED_EDGE ( 'NONE', *, *, #1105, .T. ) ;
#836 = VERTEX_POINT ( 'NONE', #525 ) ;
#837 = DIRECTION ( 'NONE',  ( 1.000000000000000000, 0.000000000000000000, 0.000000000000000000 ) ) ;
#838 = VECTOR ( 'NONE', #535, 39.37007874015748143 ) ;
#839 = AXIS2_PLACEMENT_3D ( 'NONE', #2177, #1972, #2745 ) ;
#840 = LINE ( 'NONE', #2184, #131 ) ;
#841 = CARTESIAN_POINT ( 'NONE',  ( 0.3500000000000000333, -2.200000000000001066, -1.900000000000000133 ) ) ;
#842 = EDGE_LOOP ( 'NONE', ( #1350, #192, #1430, #2775 ) ) ;
#843 = DIRECTION ( 'NONE',  ( 1.000000000000000000, 0.000000000000000000, 0.000000000000000000 ) ) ;
#844 = CARTESIAN_POINT ( 'NONE',  ( 0.6999999999999999556, 0.8250000000000000666, -1.600000000000000977 ) ) ;
#845 = DIRECTION ( 'NONE',  ( 0.000000000000000000, 0.5999999999999992006, -0.8000000000000005995 ) ) ;
#846 = DIRECTION ( 'NONE',  ( -0.000000000000000000, -1.000000000000000000, 1.280168938519223078E-16 ) ) ;
#847 = ORIENTED_EDGE ( 'NONE', *, *, #2461, .F. ) ;
#848 = DIRECTION ( 'NONE',  ( 0.000000000000000000, 0.000000000000000000, 1.000000000000000000 ) ) ;
#849 = DIRECTION ( 'NONE',  ( 0.000000000000000000, 0.000000000000000000, -1.000000000000000000 ) ) ;
#850 = DIRECTION ( 'NONE',  ( 0.000000000000000000, -1.000000000000000000, -0.000000000000000000 ) ) ;
#851 = ORIENTED_EDGE ( 'NONE', *, *, #1099, .F. ) ;
#852 = EDGE_CURVE ( 'NONE', #1636, #393, #2912, .T. ) ;
#853 = VERTEX_POINT ( 'NONE', #257 ) ;
#854 = ORIENTED_EDGE ( 'NONE', *, *, #1168, .T. ) ;
#855 = CARTESIAN_POINT ( 'NONE',  ( 0.000000000000000000, -2.150000000000000355, -2.925000000000001155 ) ) ;
#856 = ADVANCED_FACE ( 'NONE', ( #1067 ), #1329, .T. ) ;
#857 = AXIS2_PLACEMENT_3D ( 'NONE', #2026, #1479, #2848 ) ;
#858 = LINE ( 'NONE', #552, #1820 ) ;
#859 = CARTESIAN_POINT ( 'NONE',  ( 0.1000000000000000056, -3.000000000000000444, -7.512581982576723358E-16 ) ) ;
#860 = EDGE_LOOP ( 'NONE', ( #1216, #2637, #1660, #1777 ) ) ;
#861 = LINE ( 'NONE', #1669, #788 ) ;
#862 = CARTESIAN_POINT ( 'NONE',  ( 0.3500000000000000333, -1.775000000000001243, -2.716666666666667673 ) ) ;
#863 = PLANE ( 'NONE',  #3006 ) ;
#864 = DIRECTION ( 'NONE',  ( 1.000000000000000000, -0.000000000000000000, 0.000000000000000000 ) ) ;
#865 = CIRCLE ( 'NONE', #120, 0.06496063000000004695 ) ;
#866 = VECTOR ( 'NONE', #2065, 39.37007874015748143 ) ;
#867 = ORIENTED_EDGE ( 'NONE', *, *, #563, .T. ) ;
#868 = VECTOR ( 'NONE', #418, 39.37007874015748143 ) ;
#869 = VECTOR ( 'NONE', #1629, 39.37007874015748143 ) ;
#870 = PLANE ( 'NONE',  #579 ) ;
#871 = CARTESIAN_POINT ( 'NONE',  ( 0.000000000000000000, 2.875000000000000888, -0.1850393700000004249 ) ) ;
#872 = DIRECTION ( 'NONE',  ( 0.000000000000000000, 1.000000000000000000, 1.517693329813478087E-16 ) ) ;
#873 = ORIENTED_EDGE ( 'NONE', *, *, #1441, .T. ) ;
#874 = ADVANCED_FACE ( 'NONE', ( #1576 ), #507, .F. ) ;
#875 = ORIENTED_EDGE ( 'NONE', *, *, #43, .F. ) ;
#876 = EDGE_CURVE ( 'NONE', #1258, #836, #754, .T. ) ;
#877 = ORIENTED_EDGE ( 'NONE', *, *, #1129, .T. ) ;
#878 = CARTESIAN_POINT ( 'NONE',  ( -2.259157688667718489, -1.525000000000001243, -2.716666666666667673 ) ) ;
#879 = AXIS2_PLACEMENT_3D ( 'NONE', #380, #912, #2496 ) ;
#880 = DIRECTION ( 'NONE',  ( 0.000000000000000000, 0.000000000000000000, 1.000000000000000000 ) ) ;
#881 = EDGE_LOOP ( 'NONE', ( #10, #3032, #642, #2054 ) ) ;
#882 = CARTESIAN_POINT ( 'NONE',  ( 0.3500000000000000333, 2.640000000000002345, -1.979999999999999316 ) ) ;
#883 = DIRECTION ( 'NONE',  ( -1.000000000000000000, -0.000000000000000000, -0.000000000000000000 ) ) ;
#884 = CARTESIAN_POINT ( 'NONE',  ( 0.09999999999999981126, 0.4982233047033632900, -1.473223304703365377 ) ) ;
#885 = FACE_OUTER_BOUND ( 'NONE', #3249, .T. ) ;
#886 = ORIENTED_EDGE ( 'NONE', *, *, #451, .T. ) ;
#887 = LINE ( 'NONE', #3027, #301 ) ;
#888 = DIRECTION ( 'NONE',  ( 0.000000000000000000, 2.875629467015014277E-16, 1.000000000000000000 ) ) ;
#889 = DIRECTION ( 'NONE',  ( 1.000000000000000000, -0.000000000000000000, -0.000000000000000000 ) ) ;
#890 = ORIENTED_EDGE ( 'NONE', *, *, #3139, .F. ) ;
#891 = ORIENTED_EDGE ( 'NONE', *, *, #720, .T. ) ;
#892 = EDGE_CURVE ( 'NONE', #480, #3099, #917, .T. ) ;
#893 = EDGE_CURVE ( 'NONE', #987, #69, #1896, .T. ) ;
#894 = SHAPE_DEFINITION_REPRESENTATION ( #2812, #477 ) ;
#895 = ORIENTED_EDGE ( 'NONE', *, *, #2535, .T. ) ;
#896 = VECTOR ( 'NONE', #991, 39.37007874015748143 ) ;
#897 = AXIS2_PLACEMENT_3D ( 'NONE', #3043, #1693, #83 ) ;
#898 = CARTESIAN_POINT ( 'NONE',  ( 0.1000000000000000056, -2.575000000000000622, -0.5250000000000007994 ) ) ;
#899 = CYLINDRICAL_SURFACE ( 'NONE', #879, 0.1250000000000000278 ) ;
#900 = FACE_OUTER_BOUND ( 'NONE', #2042, .T. ) ;
#901 = ORIENTED_EDGE ( 'NONE', *, *, #730, .T. ) ;
#902 = EDGE_CURVE ( 'NONE', #3202, #2143, #220, .T. ) ;
#903 = DIRECTION ( 'NONE',  ( 0.000000000000000000, 0.000000000000000000, -1.000000000000000000 ) ) ;
#904 = DIRECTION ( 'NONE',  ( 0.000000000000000000, 0.000000000000000000, 1.000000000000000000 ) ) ;
#905 = DIRECTION ( 'NONE',  ( 0.000000000000000000, 0.000000000000000000, 1.000000000000000000 ) ) ;
#906 = VECTOR ( 'NONE', #504, 39.37007874015748143 ) ;
#907 = ORIENTED_EDGE ( 'NONE', *, *, #670, .T. ) ;
#908 = EDGE_LOOP ( 'NONE', ( #2301, #661, #1721, #137 ) ) ;
#909 = COORDINATED_UNIVERSAL_TIME_OFFSET ( 8, 0, .BEHIND. ) ;
#910 = ORIENTED_EDGE ( 'NONE', *, *, #3019, .T. ) ;
#911 = CARTESIAN_POINT ( 'NONE',  ( 0.2249999999999999223, -0.7000000000000007327, -0.4000000000000007438 ) ) ;
#912 = DIRECTION ( 'NONE',  ( -0.000000000000000000, 0.000000000000000000, 1.000000000000000000 ) ) ;
#913 = ADVANCED_FACE ( 'NONE', ( #1295 ), #2367, .T. ) ;
#914 = LINE ( 'NONE', #1436, #715 ) ;
#915 = EDGE_CURVE ( 'NONE', #701, #1862, #1033, .T. ) ;
#916 = ORIENTED_EDGE ( 'NONE', *, *, #825, .F. ) ;
#917 = CIRCLE ( 'NONE', #171, 0.06496062999999985266 ) ;
#918 = CIRCLE ( 'NONE', #1020, 0.06496062999999985266 ) ;
#919 = DIRECTION ( 'NONE',  ( 0.000000000000000000, -2.731847993664263711E-16, -1.000000000000000000 ) ) ;
#920 = CARTESIAN_POINT ( 'NONE',  ( 0.8249999999999999556, 0.8250000000000005107, 3.091301677041139880E-16 ) ) ;
#921 = AXIS2_PLACEMENT_3D ( 'NONE', #2860, #983, #422 ) ;
#922 = VECTOR ( 'NONE', #2157, 39.37007874015748143 ) ;
#923 = ORIENTED_EDGE ( 'NONE', *, *, #2836, .T. ) ;
#924 = ORIENTED_EDGE ( 'NONE', *, *, #1257, .T. ) ;
#925 = CIRCLE ( 'NONE', #416, 0.2499999999999998057 ) ;
#926 = ORIENTED_EDGE ( 'NONE', *, *, #892, .T. ) ;
#927 = CIRCLE ( 'NONE', #2270, 1.000000000000000222 ) ;
#928 = FACE_BOUND ( 'NONE', #2198, .T. ) ;
#929 = CARTESIAN_POINT ( 'NONE',  ( 1.100000000000000089, 0.7500000000000021094, -1.984999999999999654 ) ) ;
#930 = FACE_OUTER_BOUND ( 'NONE', #1415, .T. ) ;
#931 = ORIENTED_EDGE ( 'NONE', *, *, #1112, .T. ) ;
#932 = EDGE_CURVE ( 'NONE', #1096, #3185, #773, .T. ) ;
#933 = EDGE_CURVE ( 'NONE', #1999, #2864, #2648, .T. ) ;
#934 = DIRECTION ( 'NONE',  ( -0.000000000000000000, -0.000000000000000000, -1.000000000000000000 ) ) ;
#935 = CARTESIAN_POINT ( 'NONE',  ( 0.1000000000000000056, -0.5999999999999993117, -0.3000000000000005995 ) ) ;
#936 = CARTESIAN_POINT ( 'NONE',  ( 1.100000000000000089, 6.439355985065775627E-17, -0.3000000000000005440 ) ) ;
#937 = CARTESIAN_POINT ( 'NONE',  ( 0.3550247216900407898, -1.647360164721186848, -1.935039369999999925 ) ) ;
#938 = ORIENTED_EDGE ( 'NONE', *, *, #1880, .T. ) ;
#939 = VERTEX_POINT ( 'NONE', #596 ) ;
#940 = ORIENTED_EDGE ( 'NONE', *, *, #1745, .F. ) ;
#941 = DIRECTION ( 'NONE',  ( 1.000000000000000000, 0.000000000000000000, 0.000000000000000000 ) ) ;
#942 = CARTESIAN_POINT ( 'NONE',  ( 1.100000000000000089, 0.7000000000000007327, -0.3000000000000028755 ) ) ;
#943 = CARTESIAN_POINT ( 'NONE',  ( 0.1000000000000000194, -2.050000000000001155, -1.900000000000000133 ) ) ;
#944 = ORIENTED_EDGE ( 'NONE', *, *, #1707, .F. ) ;
#945 = AXIS2_PLACEMENT_3D ( 'NONE', #215, #2400, #2130 ) ;
#946 = AXIS2_PLACEMENT_3D ( 'NONE', #2857, #2877, #1789 ) ;
#947 = LINE ( 'NONE', #1276, #1421 ) ;
#948 = LINE ( 'NONE', #961, #868 ) ;
#949 = DIRECTION ( 'NONE',  ( 0.000000000000000000, 1.000000000000000000, -2.146451995021921100E-16 ) ) ;
#950 = CARTESIAN_POINT ( 'NONE',  ( 1.100000000000000089, 2.450000000000000178, -1.525000000000002132 ) ) ;
#951 = ORIENTED_EDGE ( 'NONE', *, *, #2062, .F. ) ;
#952 = CIRCLE ( 'NONE', #2914, 0.2499999999999998057 ) ;
#953 = ADVANCED_FACE ( 'NONE', ( #1983 ), #298, .T. ) ;
#954 = EDGE_LOOP ( 'NONE', ( #2550, #23, #54, #250 ) ) ;
#955 = ORIENTED_EDGE ( 'NONE', *, *, #375, .F. ) ;
#956 = CARTESIAN_POINT ( 'NONE',  ( 0.1000000000000000056, 2.150000000000000355, -2.924999999999998934 ) ) ;
#957 = FACE_BOUND ( 'NONE', #1815, .T. ) ;
#958 = CARTESIAN_POINT ( 'NONE',  ( 0.2000000000000000389, -0.7499999999999980016, -1.984999999999999654 ) ) ;
#959 = LINE ( 'NONE', #2030, #3060 ) ;
#960 = DIRECTION ( 'NONE',  ( 0.000000000000000000, 1.000000000000000000, 1.517693329813478087E-16 ) ) ;
#961 = CARTESIAN_POINT ( 'NONE',  ( 0.000000000000000000, -1.500000000000000222, -4.000000000000000888 ) ) ;
#962 = CARTESIAN_POINT ( 'NONE',  ( 0.3500000000000000333, 1.775000000000001465, -2.150000000000001243 ) ) ;
#963 = DIRECTION ( 'NONE',  ( 0.000000000000000000, -2.731847993664263711E-16, 1.000000000000000000 ) ) ;
#964 = ORIENTED_EDGE ( 'NONE', *, *, #3466, .T. ) ;
#965 = AXIS2_PLACEMENT_3D ( 'NONE', #2012, #748, #195 ) ;
#966 = VERTEX_POINT ( 'NONE', #3293 ) ;
#967 = VECTOR ( 'NONE', #2310, 39.37007874015748143 ) ;
#968 = EDGE_CURVE ( 'NONE', #601, #853, #1914, .T. ) ;
#969 = EDGE_CURVE ( 'NONE', #3115, #565, #1162, .T. ) ;
#970 = AXIS2_PLACEMENT_3D ( 'NONE', #3012, #599, #1675 ) ;
#971 = EDGE_LOOP ( 'NONE', ( #2377, #2752, #2951, #2616 ) ) ;
#972 = ORIENTED_EDGE ( 'NONE', *, *, #1112, .F. ) ;
#973 = CARTESIAN_POINT ( 'NONE',  ( 0.2249999999999999223, 0.7000000000000007327, -0.3181534085976782111 ) ) ;
#974 = AXIS2_PLACEMENT_3D ( 'NONE', #1569, #2641, #786 ) ;
#975 = DIRECTION ( 'NONE',  ( 0.000000000000000000, 1.092739197465706076E-15, -1.000000000000000000 ) ) ;
#976 = DIRECTION ( 'NONE',  ( -1.000000000000000000, 0.000000000000000000, -0.000000000000000000 ) ) ;
#977 = CARTESIAN_POINT ( 'NONE',  ( 0.1000000000000000056, 1.500000000000000222, -4.000000000000000888 ) ) ;
#978 =( GEOMETRIC_REPRESENTATION_CONTEXT ( 3 ) GLOBAL_UNCERTAINTY_ASSIGNED_CONTEXT ( ( #3117 ) ) GLOBAL_UNIT_ASSIGNED_CONTEXT ( ( #290, #328, #2437 ) ) REPRESENTATION_CONTEXT ( 'NONE', 'WORKASPACE' ) );
#979 = CARTESIAN_POINT ( 'NONE',  ( 1.100000000000000089, -2.450000000000000178, -1.524999999999999911 ) ) ;
#980 = DIRECTION ( 'NONE',  ( -0.000000000000000000, -0.000000000000000000, -1.000000000000000000 ) ) ;
#981 = DIRECTION ( 'NONE',  ( 1.000000000000000000, -0.000000000000000000, -0.000000000000000000 ) ) ;
#982 = CARTESIAN_POINT ( 'NONE',  ( 0.3549479654845910659, -1.539907878587983392, -2.064960630000000741 ) ) ;
#983 = DIRECTION ( 'NONE',  ( 0.000000000000000000, 2.875629467015014277E-16, 1.000000000000000000 ) ) ;
#984 = ORIENTED_EDGE ( 'NONE', *, *, #320, .T. ) ;
#985 = ORIENTED_EDGE ( 'NONE', *, *, #478, .F. ) ;
#986 = VERTEX_POINT ( 'NONE', #3305 ) ;
#987 = VERTEX_POINT ( 'NONE', #318 ) ;
#988 = ADVANCED_FACE ( 'NONE', ( #885 ), #3001, .F. ) ;
#989 = CARTESIAN_POINT ( 'NONE',  ( 0.3500000000000000333, -1.775000000000001243, -2.966666666666667673 ) ) ;
#990 = FACE_OUTER_BOUND ( 'NONE', #526, .T. ) ;
#991 = DIRECTION ( 'NONE',  ( -1.000000000000000000, -0.000000000000000000, 0.000000000000000000 ) ) ;
#992 = EDGE_CURVE ( 'NONE', #2685, #2797, #914, .T. ) ;
#993 = ADVANCED_FACE ( 'NONE', ( #61 ), #367, .T. ) ;
#994 = ORIENTED_EDGE ( 'NONE', *, *, #1733, .F. ) ;
#995 = CARTESIAN_POINT ( 'NONE',  ( 0.2000000000000000389, -0.8499999999999980904, -1.909999999999999920 ) ) ;
#996 = DIRECTION ( 'NONE',  ( 0.000000000000000000, 1.000000000000000000, 2.875629467015014277E-16 ) ) ;
#997 = CARTESIAN_POINT ( 'NONE',  ( 0.09999999999999999167, 0.5749999999999971800, -0.3181534085976808202 ) ) ;
#998 = FACE_OUTER_BOUND ( 'NONE', #1832, .T. ) ;
#999 = EDGE_CURVE ( 'NONE', #1731, #1258, #3415, .T. ) ;
#1000 = DIRECTION ( 'NONE',  ( 0.000000000000000000, 0.000000000000000000, -1.000000000000000000 ) ) ;
#1001 = VECTOR ( 'NONE', #2502, 39.37007874015748143 ) ;
#1002 = ORIENTED_EDGE ( 'NONE', *, *, #3141, .F. ) ;
#1003 = VERTEX_POINT ( 'NONE', #1142 ) ;
#1004 = VERTEX_POINT ( 'NONE', #3254 ) ;
#1005 = ORIENTED_EDGE ( 'NONE', *, *, #1226, .T. ) ;
#1006 = DIRECTION ( 'NONE',  ( 0.000000000000000000, 1.000000000000000000, 0.000000000000000000 ) ) ;
#1007 = CARTESIAN_POINT ( 'NONE',  ( 0.000000000000000000, 0.9999999999999994449, -3.939960629999998076 ) ) ;
#1008 = CARTESIAN_POINT ( 'NONE',  ( 0.1000000000000000056, 3.000000000000000888, -2.000000000000000444 ) ) ;
#1009 = DIRECTION ( 'NONE',  ( 0.000000000000000000, -0.000000000000000000, 1.000000000000000000 ) ) ;
#1010 = DIRECTION ( 'NONE',  ( 0.000000000000000000, 0.000000000000000000, -1.000000000000000000 ) ) ;
#1011 = EDGE_CURVE ( 'NONE', #3362, #3074, #1419, .T. ) ;
#1013 = ADVANCED_FACE ( 'NONE', ( #900 ), #575, .F. ) ;
#1012 = DIRECTION ( 'NONE',  ( 0.000000000000000000, 2.146451995021921100E-16, -1.000000000000000000 ) ) ;
#1014 = LINE ( 'NONE', #2666, #2820 ) ;
#1015 = DIRECTION ( 'NONE',  ( 0.000000000000000000, 3.902639990948946222E-17, -1.000000000000000000 ) ) ;
#1016 = CARTESIAN_POINT ( 'NONE',  ( 1.100000000000000089, 0.9500000000000003997, -0.3000000000000029310 ) ) ;
#1017 = DIRECTION ( 'NONE',  ( -0.000000000000000000, 1.000000000000000000, 0.000000000000000000 ) ) ;
#1018 = AXIS2_PLACEMENT_3D ( 'NONE', #1935, #3035, #3335 ) ;
#1019 = ORIENTED_EDGE ( 'NONE', *, *, #1688, .F. ) ;
#1020 = AXIS2_PLACEMENT_3D ( 'NONE', #667, #1361, #1889 ) ;
#1021 = ORIENTED_EDGE ( 'NONE', *, *, #3186, .F. ) ;
#1022 = CIRCLE ( 'NONE', #965, 0.06496062999999985266 ) ;
#1023 = EDGE_LOOP ( 'NONE', ( #2476, #1198, #3150, #3068, #1267 ) ) ;
#1024 = CARTESIAN_POINT ( 'NONE',  ( 0.2249999999999999223, 2.450000000000000178, -1.525000000000002132 ) ) ;
#1025 = AXIS2_PLACEMENT_3D ( 'NONE', #385, #370, #1439 ) ;
#1026 = VECTOR ( 'NONE', #2801, 39.37007874015748143 ) ;
#1027 = DIRECTION ( 'NONE',  ( 1.000000000000000000, 0.000000000000000000, 0.000000000000000000 ) ) ;
#1028 = PLANE ( 'NONE',  #3394 ) ;
#1029 = CARTESIAN_POINT ( 'NONE',  ( 0.1000000000000000056, -0.8660254037844387076, -2.048885995248197414E-16 ) ) ;
#1030 = LINE ( 'NONE', #3210, #2571 ) ;
#1031 = CARTESIAN_POINT ( 'NONE',  ( 0.000000000000000000, 2.150000000000000355, -2.989960629999998787 ) ) ;
#1032 = CARTESIAN_POINT ( 'NONE',  ( 0.3500000000000000333, 0.000000000000000000, -1.900000000000000133 ) ) ;
#1033 = LINE ( 'NONE', #3179, #294 ) ;
#1034 = VECTOR ( 'NONE', #845, 39.37007874015748143 ) ;
#1035 = ADVANCED_FACE ( 'NONE', ( #1689 ), #2190, .F. ) ;
#1036 = ORIENTED_EDGE ( 'NONE', *, *, #2600, .T. ) ;
#1037 = EDGE_CURVE ( 'NONE', #1004, #3115, #349, .T. ) ;
#1038 = LINE ( 'NONE', #2827, #3049 ) ;
#1039 = CARTESIAN_POINT ( 'NONE',  ( 0.1000000000000000056, 0.9999999999999994449, -3.810039369999998371 ) ) ;
#1040 = EDGE_LOOP ( 'NONE', ( #2063, #2944, #198, #3129 ) ) ;
#1041 = ORIENTED_EDGE ( 'NONE', *, *, #1745, .T. ) ;
#1042 = ORIENTED_EDGE ( 'NONE', *, *, #1129, .F. ) ;
#1043 = CARTESIAN_POINT ( 'NONE',  ( 0.1000000000000000056, 2.575000000000000178, -1.400000000000001910 ) ) ;
#1044 = EDGE_CURVE ( 'NONE', #3483, #1064, #1781, .T. ) ;
#1045 = CARTESIAN_POINT ( 'NONE',  ( 0.2249999999999999223, 0.4249999999999999889, -1.600000000000001421 ) ) ;
#1046 = CARTESIAN_POINT ( 'NONE',  ( 0.2249999999999999223, 2.575000000000000622, -0.3000000000000032641 ) ) ;
#1047 = DIRECTION ( 'NONE',  ( 0.000000000000000000, 0.000000000000000000, -1.000000000000000000 ) ) ;
#1048 = PLANE ( 'NONE',  #1063 ) ;
#1049 = DIRECTION ( 'NONE',  ( 1.000000000000000000, -0.000000000000000000, -0.000000000000000000 ) ) ;
#1050 = CARTESIAN_POINT ( 'NONE',  ( 0.3500000000000000333, -1.775000000000001465, -2.064960630000000297 ) ) ;
#1051 = CARTESIAN_POINT ( 'NONE',  ( 0.1000000000000000056, 2.575000000000000178, -1.600000000000000977 ) ) ;
#1052 = ORIENTED_EDGE ( 'NONE', *, *, #3378, .F. ) ;
#1053 = LINE ( 'NONE', #1656, #806 ) ;
#1054 = FACE_OUTER_BOUND ( 'NONE', #3243, .T. ) ;
#1055 = EDGE_LOOP ( 'NONE', ( #2705, #209, #3146, #2518 ) ) ;
#1056 = CIRCLE ( 'NONE', #1279, 0.1250000000000000278 ) ;
#1057 = EDGE_CURVE ( 'NONE', #1753, #614, #3371, .T. ) ;
#1058 = ORIENTED_EDGE ( 'NONE', *, *, #3086, .F. ) ;
#1059 = ORIENTED_EDGE ( 'NONE', *, *, #3082, .F. ) ;
#1060 = FACE_BOUND ( 'NONE', #2317, .T. ) ;
#1061 = DIRECTION ( 'NONE',  ( -1.000000000000000000, 0.000000000000000000, -0.000000000000000000 ) ) ;
#1062 = CARTESIAN_POINT ( 'NONE',  ( 0.6999999999999999556, 2.450000000000000178, -1.525000000000002132 ) ) ;
#1063 = AXIS2_PLACEMENT_3D ( 'NONE', #3441, #1876, #3250 ) ;
#1064 = VERTEX_POINT ( 'NONE', #3352 ) ;
#1065 = CYLINDRICAL_SURFACE ( 'NONE', #2241, 0.1000000000000000194 ) ;
#1066 = FACE_BOUND ( 'NONE', #1717, .T. ) ;
#1067 = FACE_OUTER_BOUND ( 'NONE', #2829, .T. ) ;
#1068 = ORIENTED_EDGE ( 'NONE', *, *, #2060, .F. ) ;
#1069 = CARTESIAN_POINT ( 'NONE',  ( 0.5999999999999999778, -1.525000000000001243, -2.500000000000000444 ) ) ;
#1070 = AXIS2_PLACEMENT_3D ( 'NONE', #3205, #2341, #1287 ) ;
#1071 = DIRECTION ( 'NONE',  ( 0.000000000000000000, 1.000000000000000000, 0.000000000000000000 ) ) ;
#1072 = VERTEX_POINT ( 'NONE', #2327 ) ;
#1073 = ORIENTED_EDGE ( 'NONE', *, *, #1592, .T. ) ;
#1074 = ORIENTED_EDGE ( 'NONE', *, *, #2782, .T. ) ;
#1075 = VECTOR ( 'NONE', #558, 39.37007874015748143 ) ;
#1076 = CARTESIAN_POINT ( 'NONE',  ( 0.1000000000000000056, 0.9999999999999994449, -3.874999999999998224 ) ) ;
#1077 = ADVANCED_FACE ( 'NONE', ( #930 ), #1720, .F. ) ;
#1078 = EDGE_CURVE ( 'NONE', #1199, #180, #2789, .T. ) ;
#1079 = COORDINATED_UNIVERSAL_TIME_OFFSET ( 8, 0, .BEHIND. ) ;
#1080 = CARTESIAN_POINT ( 'NONE',  ( 0.1000000000000000056, 1.775000000000001465, -1.900000000000001243 ) ) ;
#1081 = VERTEX_POINT ( 'NONE', #3406 ) ;
#1082 = VECTOR ( 'NONE', #50, 39.37007874015748143 ) ;
#1083 = AXIS2_PLACEMENT_3D ( 'NONE', #1939, #1453, #1424 ) ;
#1084 = CYLINDRICAL_SURFACE ( 'NONE', #157, 0.07874016000000005899 ) ;
#1085 = FACE_OUTER_BOUND ( 'NONE', #637, .T. ) ;
#1086 = CARTESIAN_POINT ( 'NONE',  ( 0.3500000000000000333, -2.640000000000002345, -1.979999999999997540 ) ) ;
#1087 = CARTESIAN_POINT ( 'NONE',  ( 1.100000000000000089, 2.450000000000000178, -1.600000000000000977 ) ) ;
#1088 = ORIENTED_EDGE ( 'NONE', *, *, #1765, .T. ) ;
#1089 = EDGE_CURVE ( 'NONE', #2902, #1617, #2540, .T. ) ;
#1090 = CARTESIAN_POINT ( 'NONE',  ( 0.1000000000000000056, 0.5999999999999964251, -0.3000000000000028200 ) ) ;
#1091 = DIRECTION ( 'NONE',  ( 0.000000000000000000, 0.000000000000000000, -1.000000000000000000 ) ) ;
#1092 = DIRECTION ( 'NONE',  ( 1.000000000000000000, -0.000000000000000000, -0.000000000000000000 ) ) ;
#1093 = AXIS2_PLACEMENT_3D ( 'NONE', #91, #659, #3036 ) ;
#1094 = ORIENTED_EDGE ( 'NONE', *, *, #2197, .F. ) ;
#1095 = EDGE_LOOP ( 'NONE', ( #319, #2999, #1408, #705 ) ) ;
#1096 = VERTEX_POINT ( 'NONE', #943 ) ;
#1097 = CARTESIAN_POINT ( 'NONE',  ( 0.2249999999999999778, 2.575000000000000178, -1.600000000000000977 ) ) ;
#1098 = FACE_OUTER_BOUND ( 'NONE', #1611, .T. ) ;
#1099 = EDGE_CURVE ( 'NONE', #2678, #2149, #1056, .T. ) ;
#1100 = DIRECTION ( 'NONE',  ( -0.000000000000000000, -1.000000000000000000, 1.280168938519223078E-16 ) ) ;
#1101 = EDGE_LOOP ( 'NONE', ( #3016, #2809, #2656, #306 ) ) ;
#1102 = FACE_OUTER_BOUND ( 'NONE', #1215, .T. ) ;
#1103 = CARTESIAN_POINT ( 'NONE',  ( 1.100000000000000089, 2.450000000000000178, -1.525000000000002132 ) ) ;
#1104 = CARTESIAN_POINT ( 'NONE',  ( 0.2241211082926798659, 0.7000000000000007327, -0.3000000000000028755 ) ) ;
#1105 = EDGE_CURVE ( 'NONE', #2009, #570, #2014, .T. ) ;
#1106 = CARTESIAN_POINT ( 'NONE',  ( 0.1000000000000000056, -0.4982233047033633455, -1.473223304703362935 ) ) ;
#1107 = EDGE_LOOP ( 'NONE', ( #620, #459 ) ) ;
#1108 = CARTESIAN_POINT ( 'NONE',  ( 0.1000000000000000056, 2.875000000000000888, -0.2500000000000004996 ) ) ;
#1109 = AXIS2_PLACEMENT_3D ( 'NONE', #1827, #3094, #699 ) ;
#1110 = CARTESIAN_POINT ( 'NONE',  ( 1.100000000000000089, -2.450000000000000178, -1.599999999999999867 ) ) ;
#1111 = DIRECTION ( 'NONE',  ( -1.000000000000000000, 0.000000000000000000, 0.000000000000000000 ) ) ;
#1112 = EDGE_CURVE ( 'NONE', #986, #554, #3337, .T. ) ;
#1113 = VERTEX_POINT ( 'NONE', #958 ) ;
#1114 = VERTEX_POINT ( 'NONE', #3104 ) ;
#1115 = VERTEX_POINT ( 'NONE', #1204 ) ;
#1116 = DIRECTION ( 'NONE',  ( -0.000000000000000000, -0.000000000000000000, 1.000000000000000000 ) ) ;
#1117 = AXIS2_PLACEMENT_3D ( 'NONE', #1953, #1126, #29 ) ;
#1118 = CIRCLE ( 'NONE', #3193, 0.2499999999999998057 ) ;
#1119 = CIRCLE ( 'NONE', #897, 0.06496063000000011634 ) ;
#1120 = CALENDAR_DATE ( 2026, 27, 4 ) ;
#1121 = DIRECTION ( 'NONE',  ( 0.000000000000000000, 2.731847993664263711E-16, 1.000000000000000000 ) ) ;
#1122 = VERTEX_POINT ( 'NONE', #3089 ) ;
#1123 = CARTESIAN_POINT ( 'NONE',  ( 0.2000000000000000389, -0.7499999999999980016, -1.909999999999999920 ) ) ;
#1124 = CARTESIAN_POINT ( 'NONE',  ( 0.3500000000000000333, -2.640000000000002345, -1.979999999999997540 ) ) ;
#1125 = CARTESIAN_POINT ( 'NONE',  ( 0.2249999999999999223, -0.5500000000000001554, -1.524999999999999911 ) ) ;
#1126 = DIRECTION ( 'NONE',  ( -1.000000000000000000, -0.000000000000000000, -0.000000000000000000 ) ) ;
#1127 = ORIENTED_EDGE ( 'NONE', *, *, #216, .T. ) ;
#1128 = EDGE_CURVE ( 'NONE', #2286, #2090, #2010, .T. ) ;
#1129 = EDGE_CURVE ( 'NONE', #2672, #170, #675, .T. ) ;
#1130 = CARTESIAN_POINT ( 'NONE',  ( 0.1030095930294347151, 0.6141873575978087363, -0.3000000000007383427 ) ) ;
#1131 = FACE_OUTER_BOUND ( 'NONE', #361, .T. ) ;
#1132 = FACE_OUTER_BOUND ( 'NONE', #1101, .T. ) ;
#1133 = ORIENTED_EDGE ( 'NONE', *, *, #3236, .T. ) ;
#1134 = ORIENTED_EDGE ( 'NONE', *, *, #3378, .T. ) ;
#1135 = CC_DESIGN_PERSON_AND_ORGANIZATION_ASSIGNMENT ( #1697, #424, ( #1377 ) ) ;
#1136 = ORIENTED_EDGE ( 'NONE', *, *, #2621, .F. ) ;
#1137 = CARTESIAN_POINT ( 'NONE',  ( 0.000000000000000000, -1.912500000000001199, -2.150000000000000355 ) ) ;
#1138 = ORIENTED_EDGE ( 'NONE', *, *, #3082, .T. ) ;
#1139 = DIRECTION ( 'NONE',  ( 0.000000000000000000, 0.000000000000000000, -1.000000000000000000 ) ) ;
#1140 = CARTESIAN_POINT ( 'NONE',  ( 0.1000000000000000056, -0.5750000000000007327, -0.5250000000000006883 ) ) ;
#1141 = DIRECTION ( 'NONE',  ( -1.000000000000000000, -0.000000000000000000, -0.000000000000000000 ) ) ;
#1142 = CARTESIAN_POINT ( 'NONE',  ( 0.1000000000000000056, -2.875000000000000888, -1.685039370000000591 ) ) ;
#1143 = VECTOR ( 'NONE', #1164, 39.37007874015748143 ) ;
#1144 = CIRCLE ( 'NONE', #2091, 0.2499999999999998057 ) ;
#1145 = EDGE_LOOP ( 'NONE', ( #3463, #1021, #1537, #1052 ) ) ;
#1146 = VECTOR ( 'NONE', #919, 39.37007874015748143 ) ;
#1147 = FACE_OUTER_BOUND ( 'NONE', #559, .T. ) ;
#1148 = FACE_OUTER_BOUND ( 'NONE', #1055, .T. ) ;
#1149 = FACE_OUTER_BOUND ( 'NONE', #2565, .T. ) ;
#1150 = ADVANCED_FACE ( 'NONE', ( #1751 ), #1514, .T. ) ;
#1151 = ADVANCED_FACE ( 'NONE', ( #1998 ), #1497, .F. ) ;
#1152 = AXIS2_PLACEMENT_3D ( 'NONE', #3119, #2114, #232 ) ;
#1153 = ORIENTED_EDGE ( 'NONE', *, *, #2968, .T. ) ;
#1154 = ORIENTED_EDGE ( 'NONE', *, *, #2597, .F. ) ;
#1155 = PERSON_AND_ORGANIZATION ( #2237, #2941 ) ;
#1156 = ORIENTED_EDGE ( 'NONE', *, *, #2060, .T. ) ;
#1157 = ADVANCED_FACE ( 'NONE', ( #179 ), #709, .F. ) ;
#1158 = LINE ( 'NONE', #2524, #1298 ) ;
#1159 = CARTESIAN_POINT ( 'NONE',  ( 0.1000000000000000056, 0.000000000000000000, -1.400000000000001910 ) ) ;
#1160 = CARTESIAN_POINT ( 'NONE',  ( 0.3500000000000000333, -2.200000000000001066, -2.150000000000000355 ) ) ;
#1161 = ORIENTED_EDGE ( 'NONE', *, *, #3067, .F. ) ;
#1162 =( BOUNDED_CURVE ( )  B_SPLINE_CURVE ( 3, ( #2774, #1968, #1106, #47 ),
 .UNSPECIFIED., .F., .F. ) 
 B_SPLINE_CURVE_WITH_KNOTS ( ( 4, 4 ),
 ( 0.000000000000000000, 1.570796326794896558 ),
 .UNSPECIFIED. ) 
 CURVE ( )  GEOMETRIC_REPRESENTATION_ITEM ( )  RATIONAL_B_SPLINE_CURVE ( ( 1.000000000000000000, 0.8047378541243649375, 0.8047378541243649375, 1.000000000000000000 ) ) 
 REPRESENTATION_ITEM ( '' )  );
#1163 = CARTESIAN_POINT ( 'NONE',  ( 0.1000000000000000056, 0.8500000000000017542, -2.084999999999999964 ) ) ;
#1164 = DIRECTION ( 'NONE',  ( 0.000000000000000000, -1.000000000000000000, 2.146451995021921100E-16 ) ) ;
#1165 = CARTESIAN_POINT ( 'NONE',  ( 0.1000000000000000056, 2.875000000000000888, -0.2500000000000004996 ) ) ;
#1166 = ORIENTED_EDGE ( 'NONE', *, *, #1664, .F. ) ;
#1167 = ORIENTED_EDGE ( 'NONE', *, *, #2461, .T. ) ;
#1168 = EDGE_CURVE ( 'NONE', #1444, #3451, #227, .T. ) ;
#1169 = PERSON_AND_ORGANIZATION ( #2237, #2941 ) ;
#1170 = ORIENTED_EDGE ( 'NONE', *, *, #3278, .T. ) ;
#1171 = VECTOR ( 'NONE', #1929, 39.37007874015748143 ) ;
#1172 = AXIS2_PLACEMENT_3D ( 'NONE', #412, #3420, #2605 ) ;
#1173 = FACE_OUTER_BOUND ( 'NONE', #1668, .T. ) ;
#1174 = DIRECTION ( 'NONE',  ( 1.000000000000000000, -0.000000000000000000, -0.000000000000000000 ) ) ;
#1175 = CARTESIAN_POINT ( 'NONE',  ( 1.100000000000000089, 0.000000000000000000, 0.000000000000000000 ) ) ;
#1176 = ORIENTED_EDGE ( 'NONE', *, *, #1987, .T. ) ;
#1177 = DIRECTION ( 'NONE',  ( -0.000000000000000000, 3.902639990948946222E-17, 1.000000000000000000 ) ) ;
#1178 = CARTESIAN_POINT ( 'NONE',  ( 0.1682094693567320332, -0.6878976956451792191, -0.3000000000000007661 ) ) ;
#1179 = FACE_OUTER_BOUND ( 'NONE', #154, .T. ) ;
#1180 = AXIS2_PLACEMENT_3D ( 'NONE', #2458, #41, #3269 ) ;
#1181 = VERTEX_POINT ( 'NONE', #1737 ) ;
#1182 = ORIENTED_EDGE ( 'NONE', *, *, #237, .F. ) ;
#1183 = ORIENTED_EDGE ( 'NONE', *, *, #66, .F. ) ;
#1184 = EDGE_CURVE ( 'NONE', #1114, #1992, #3387, .T. ) ;
#1185 = EDGE_CURVE ( 'NONE', #1412, #1617, #381, .T. ) ;
#1186 = PLANE ( 'NONE',  #2704 ) ;
#1187 = DIRECTION ( 'NONE',  ( 0.000000000000000000, 0.000000000000000000, -1.000000000000000000 ) ) ;
#1188 = CARTESIAN_POINT ( 'NONE',  ( 0.5999999999999999778, -1.525000000000001243, -2.550000000000000266 ) ) ;
#1189 = VERTEX_POINT ( 'NONE', #3474 ) ;
#1190 = VECTOR ( 'NONE', #1116, 39.37007874015748143 ) ;
#1191 = DIRECTION ( 'NONE',  ( -1.000000000000000000, -0.000000000000000000, -0.000000000000000000 ) ) ;
#1192 = AXIS2_PLACEMENT_3D ( 'NONE', #956, #941, #1797 ) ;
#1193 = CARTESIAN_POINT ( 'NONE',  ( 0.2000000000000000389, 0.7500000000000023315, -1.909999999999999920 ) ) ;
#1194 = CARTESIAN_POINT ( 'NONE',  ( 1.100000000000000089, 0.9500000000000008438, -1.600000000000001421 ) ) ;
#1195 = CARTESIAN_POINT ( 'NONE',  ( 1.100000000000000089, 2.450000000000000622, -0.3000000000000032641 ) ) ;
#1196 = EDGE_CURVE ( 'NONE', #2414, #3052, #2098, .T. ) ;
#1197 = AXIS2_PLACEMENT_3D ( 'NONE', #2614, #1828, #3412 ) ;
#1198 = ORIENTED_EDGE ( 'NONE', *, *, #1963, .T. ) ;
#1199 = VERTEX_POINT ( 'NONE', #466 ) ;
#1200 = AXIS2_PLACEMENT_3D ( 'NONE', #3253, #3235, #2965 ) ;
#1201 = VERTEX_POINT ( 'NONE', #2115 ) ;
#1202 = FACE_OUTER_BOUND ( 'NONE', #1969, .T. ) ;
#1203 = CYLINDRICAL_SURFACE ( 'NONE', #3226, 0.06496063000000004695 ) ;
#1204 = CARTESIAN_POINT ( 'NONE',  ( 0.000000000000000000, 2.150000000000000355, -2.860039369999999082 ) ) ;
#1205 = ORIENTED_EDGE ( 'NONE', *, *, #2435, .T. ) ;
#1206 = ADVANCED_FACE ( 'NONE', ( #727 ), #2643, .F. ) ;
#1208 = EDGE_CURVE ( 'NONE', #601, #1602, #197, .T. ) ;
#1207 = CARTESIAN_POINT ( 'NONE',  ( 0.2000000000000000389, 0.7500000000000021094, -1.984999999999999654 ) ) ;
#1209 = CARTESIAN_POINT ( 'NONE',  ( 0.6999999999999999556, -0.7000000000000007327, -0.3000000000000007105 ) ) ;
#1210 = DIRECTION ( 'NONE',  ( 0.000000000000000000, -1.000000000000000000, 0.000000000000000000 ) ) ;
#1211 = DIRECTION ( 'NONE',  ( -0.000000000000000000, 2.875629467015014277E-16, 1.000000000000000000 ) ) ;
#1212 = VERTEX_POINT ( 'NONE', #1080 ) ;
#1213 = EDGE_CURVE ( 'NONE', #2678, #677, #1274, .T. ) ;
#1214 = DIMENSIONAL_EXPONENTS ( 1.000000000000000000, 0.000000000000000000, 0.000000000000000000, 0.000000000000000000, 0.000000000000000000, 0.000000000000000000, 0.000000000000000000 ) ;
#1215 = EDGE_LOOP ( 'NONE', ( #2534, #1036, #1074, #513 ) ) ;
#1216 = ORIENTED_EDGE ( 'NONE', *, *, #1920, .F. ) ;
#1217 = DIRECTION ( 'NONE',  ( -0.000000000000000000, -1.000000000000000000, -1.280168938519223078E-16 ) ) ;
#1218 = CARTESIAN_POINT ( 'NONE',  ( 0.2249999999999999223, 2.450000000000000178, -1.600000000000000977 ) ) ;
#1219 = DIRECTION ( 'NONE',  ( 0.000000000000000000, 0.000000000000000000, 1.000000000000000000 ) ) ;
#1220 = VERTEX_POINT ( 'NONE', #233 ) ;
#1221 = AXIS2_PLACEMENT_3D ( 'NONE', #3272, #2758, #3038 ) ;
#1222 = AXIS2_PLACEMENT_3D ( 'NONE', #1243, #148, #2613 ) ;
#1223 = CARTESIAN_POINT ( 'NONE',  ( 0.1000000000000000056, -0.6482233047033637563, -0.4517766952966376648 ) ) ;
#1224 = CARTESIAN_POINT ( 'NONE',  ( 0.1083860310354235607, -0.6274138367714893194, -0.3000000000000007105 ) ) ;
#1225 = CYLINDRICAL_SURFACE ( 'NONE', #946, 0.1249999999999999029 ) ;
#1226 = EDGE_CURVE ( 'NONE', #3074, #1220, #2905, .T. ) ;
#1227 = CARTESIAN_POINT ( 'NONE',  ( 0.8249999999999999556, -0.8249999999999998446, -1.600000000000000311 ) ) ;
#1228 = EDGE_CURVE ( 'NONE', #3040, #987, #1605, .T. ) ;
#1229 = FACE_OUTER_BOUND ( 'NONE', #2732, .T. ) ;
#1230 = VERTEX_POINT ( 'NONE', #2345 ) ;
#1231 = VECTOR ( 'NONE', #1416, 39.37007874015748143 ) ;
#1232 = ORIENTED_EDGE ( 'NONE', *, *, #2975, .F. ) ;
#1233 = VERTEX_POINT ( 'NONE', #2626 ) ;
#1234 = CIRCLE ( 'NONE', #3367, 0.1250000000000000278 ) ;
#1235 = LINE ( 'NONE', #2584, #2261 ) ;
#1236 = PLANE ( 'NONE',  #974 ) ;
#1237 = CARTESIAN_POINT ( 'NONE',  ( 0.1000000000000000056, -2.501776695296637154, -1.473223304703362935 ) ) ;
#1238 = DIRECTION ( 'NONE',  ( -0.000000000000000000, 0.000000000000000000, 1.000000000000000000 ) ) ;
#1239 = LINE ( 'NONE', #3355, #3440 ) ;
#1240 = DIRECTION ( 'NONE',  ( 0.000000000000000000, 0.6000000000000000888, 0.7999999999999998224 ) ) ;
#1241 = DIRECTION ( 'NONE',  ( -0.000000000000000000, 1.000000000000000000, 1.517693329813478087E-16 ) ) ;
#1242 = AXIS2_PLACEMENT_3D ( 'NONE', #2546, #1210, #2281 ) ;
#1243 = CARTESIAN_POINT ( 'NONE',  ( 1.100000000000000089, 6.439355985065775627E-17, -0.3000000000000005440 ) ) ;
#1244 = CARTESIAN_POINT ( 'NONE',  ( 0.000000000000000000, 2.150000000000000355, -2.989960629999998787 ) ) ;
#1245 = EDGE_CURVE ( 'NONE', #1412, #1763, #787, .T. ) ;
#1246 = VERTEX_POINT ( 'NONE', #3438 ) ;
#1247 = ADVANCED_FACE ( 'NONE', ( #750 ), #768, .T. ) ;
#1248 = AXIS2_PLACEMENT_3D ( 'NONE', #1791, #2578, #3430 ) ;
#1249 = ORIENTED_EDGE ( 'NONE', *, *, #689, .T. ) ;
#1250 = VECTOR ( 'NONE', #2652, 39.37007874015748143 ) ;
#1251 = EDGE_CURVE ( 'NONE', #1530, #2182, #1558, .T. ) ;
#1252 = ORIENTED_EDGE ( 'NONE', *, *, #336, .F. ) ;
#1253 = EDGE_LOOP ( 'NONE', ( #2588, #1581, #2931, #2470 ) ) ;
#1254 = DIRECTION ( 'NONE',  ( 0.000000000000000000, 1.000000000000000000, 1.517693329813478087E-16 ) ) ;
#1255 = CIRCLE ( 'NONE', #2828, 1.000000000000000222 ) ;
#1256 = DIRECTION ( 'NONE',  ( 0.000000000000000000, -1.000000000000000000, 2.731847993664265191E-16 ) ) ;
#1257 = EDGE_CURVE ( 'NONE', #723, #225, #2383, .T. ) ;
#1258 = VERTEX_POINT ( 'NONE', #1029 ) ;
#1259 = LOCAL_TIME ( 20, 49, 36.00000000000000000, #88 ) ;
#1260 = DIRECTION ( 'NONE',  ( 0.000000000000000000, -2.875629467015014277E-16, -1.000000000000000000 ) ) ;
#1261 = DIRECTION ( 'NONE',  ( 1.000000000000000000, -0.000000000000000000, -0.000000000000000000 ) ) ;
#1262 = DIRECTION ( 'NONE',  ( -1.000000000000000000, -0.000000000000000000, -0.000000000000000000 ) ) ;
#1263 = CARTESIAN_POINT ( 'NONE',  ( 0.6999999999999999556, 0.5500000000000000444, -1.600000000000000977 ) ) ;
#1264 = CYLINDRICAL_SURFACE ( 'NONE', #921, 0.1250000000000000278 ) ;
#1265 = ORIENTED_EDGE ( 'NONE', *, *, #3334, .T. ) ;
#1266 = VERTEX_POINT ( 'NONE', #3208 ) ;
#1267 = ORIENTED_EDGE ( 'NONE', *, *, #742, .F. ) ;
#1268 = ORIENTED_EDGE ( 'NONE', *, *, #2814, .F. ) ;
#1269 = FACE_OUTER_BOUND ( 'NONE', #639, .T. ) ;
#1270 = EDGE_CURVE ( 'NONE', #606, #3147, #1570, .T. ) ;
#1271 = EDGE_CURVE ( 'NONE', #1760, #2845, #2943, .T. ) ;
#1272 = CARTESIAN_POINT ( 'NONE',  ( 0.000000000000000000, -3.000000000000000444, -7.512581982576723358E-16 ) ) ;
#1273 = CARTESIAN_POINT ( 'NONE',  ( 0.1000000000000000056, -2.450000000000000178, -1.599999999999999867 ) ) ;
#1274 = LINE ( 'NONE', #1309, #838 ) ;
#1275 = VERTEX_POINT ( 'NONE', #1342 ) ;
#1276 = CARTESIAN_POINT ( 'NONE',  ( 0.3500000000000000333, 1.975000000000001199, -2.866666666666668473 ) ) ;
#1277 = CYLINDRICAL_SURFACE ( 'NONE', #2493, 0.1250000000000000278 ) ;
#1278 = CARTESIAN_POINT ( 'NONE',  ( 1.100000000000000089, -0.9499999999999994005, 8.195543980992789655E-16 ) ) ;
#1279 = AXIS2_PLACEMENT_3D ( 'NONE', #1768, #660, #2028 ) ;
#1280 = CARTESIAN_POINT ( 'NONE',  ( 0.3870656926268664089, -1.544326853809878441, -2.053560697082528197 ) ) ;
#1281 = CARTESIAN_POINT ( 'NONE',  ( 0.000000000000000000, -2.150000000000000355, -2.989960630000001007 ) ) ;
#1282 = AXIS2_PLACEMENT_3D ( 'NONE', #282, #1092, #2159 ) ;
#1283 = ORIENTED_EDGE ( 'NONE', *, *, #2766, .F. ) ;
#1284 = VERTEX_POINT ( 'NONE', #2890 ) ;
#1285 = EDGE_LOOP ( 'NONE', ( #1679, #2006, #2263, #2691 ) ) ;
#1286 = VERTEX_POINT ( 'NONE', #484 ) ;
#1287 = DIRECTION ( 'NONE',  ( 0.000000000000000000, 0.000000000000000000, 1.000000000000000000 ) ) ;
#1288 = PLANE ( 'NONE',  #462 ) ;
#1289 = LINE ( 'NONE', #214, #587 ) ;
#1290 = DIRECTION ( 'NONE',  ( 1.000000000000000000, 0.000000000000000000, 0.000000000000000000 ) ) ;
#1291 = EDGE_CURVE ( 'NONE', #168, #986, #2907, .T. ) ;
#1292 = FACE_OUTER_BOUND ( 'NONE', #971, .T. ) ;
#1293 = CARTESIAN_POINT ( 'NONE',  ( 0.5999999999999999778, -1.525000000000001243, -2.550000000000000266 ) ) ;
#1294 = DIRECTION ( 'NONE',  ( -1.000000000000000000, 0.000000000000000000, 0.000000000000000000 ) ) ;
#1295 = FACE_OUTER_BOUND ( 'NONE', #2322, .T. ) ;
#1296 = CARTESIAN_POINT ( 'NONE',  ( 0.1000000000000000056, -2.575000000000000178, 0.5000000000000000000 ) ) ;
#1297 = CARTESIAN_POINT ( 'NONE',  ( 0.1517766952966368155, 2.450000000000000178, -0.4000000000000030198 ) ) ;
#1298 = VECTOR ( 'NONE', #2256, 39.37007874015748143 ) ;
#1299 = DIRECTION ( 'NONE',  ( 0.000000000000000000, -0.000000000000000000, 1.000000000000000000 ) ) ;
#1300 = VERTEX_POINT ( 'NONE', #1857 ) ;
#1301 = VERTEX_POINT ( 'NONE', #3458 ) ;
#1302 = CIRCLE ( 'NONE', #2536, 0.06496062999999985266 ) ;
#1303 = AXIS2_PLACEMENT_3D ( 'NONE', #995, #731, #1802 ) ;
#1304 = VERTEX_POINT ( 'NONE', #1 ) ;
#1305 = DIRECTION ( 'NONE',  ( -1.000000000000000000, -0.000000000000000000, -0.000000000000000000 ) ) ;
#1306 = VECTOR ( 'NONE', #2018, 39.37007874015748143 ) ;
#1307 = FACE_OUTER_BOUND ( 'NONE', #287, .T. ) ;
#1308 = DIRECTION ( 'NONE',  ( -0.000000000000000000, 2.146451995021921100E-16, 1.000000000000000000 ) ) ;
#1309 = CARTESIAN_POINT ( 'NONE',  ( 1.100000000000000089, 0.9500000000000000666, -1.600000000000000977 ) ) ;
#1310 =( BOUNDED_CURVE ( )  B_SPLINE_CURVE ( 3, ( #2227, #63, #96, #1207 ),
 .UNSPECIFIED., .F., .F. ) 
 B_SPLINE_CURVE_WITH_KNOTS ( ( 4, 4 ),
 ( 1.570796326794897224, 3.141592653589793116 ),
 .UNSPECIFIED. ) 
 CURVE ( )  GEOMETRIC_REPRESENTATION_ITEM ( )  RATIONAL_B_SPLINE_CURVE ( ( 1.000000000000000000, 0.8047378541243652705, 0.8047378541243652705, 1.000000000000000000 ) ) 
 REPRESENTATION_ITEM ( '' )  );
#1311 = CARTESIAN_POINT ( 'NONE',  ( 1.100000000000000089, -0.9499999999999994005, 2.731847993664262232E-16 ) ) ;
#1312 = DIRECTION ( 'NONE',  ( 0.000000000000000000, 0.000000000000000000, 1.000000000000000000 ) ) ;
#1313 = DIRECTION ( 'NONE',  ( -1.000000000000000000, -0.000000000000000000, -0.000000000000000000 ) ) ;
#1314 = CIRCLE ( 'NONE', #2441, 0.06496063000000011634 ) ;
#1315 = ORIENTED_EDGE ( 'NONE', *, *, #3402, .T. ) ;
#1316 = ADVANCED_FACE ( 'NONE', ( #2923 ), #518, .F. ) ;
#1317 = CARTESIAN_POINT ( 'NONE',  ( 0.000000000000000000, -1.912500000000001199, -2.150000000000000355 ) ) ;
#1318 = DIRECTION ( 'NONE',  ( 0.000000000000000000, 0.000000000000000000, -1.000000000000000000 ) ) ;
#1319 = VERTEX_POINT ( 'NONE', #39 ) ;
#1320 = ORIENTED_EDGE ( 'NONE', *, *, #1555, .F. ) ;
#1321 = ORIENTED_EDGE ( 'NONE', *, *, #1099, .T. ) ;
#1322 = CARTESIAN_POINT ( 'NONE',  ( 0.8249999999999999556, 0.9500000000000003997, -0.3000000000000029310 ) ) ;
#1323 = CARTESIAN_POINT ( 'NONE',  ( 0.000000000000000000, 2.875000000000000888, -0.2500000000000004996 ) ) ;
#1324 = CARTESIAN_POINT ( 'NONE',  ( 0.5999999999999999778, -1.525000000000001243, -2.500000000000000444 ) ) ;
#1325 = DIRECTION ( 'NONE',  ( 0.000000000000000000, 0.000000000000000000, 1.000000000000000000 ) ) ;
#1326 = DIRECTION ( 'NONE',  ( 0.000000000000000000, 0.000000000000000000, -1.000000000000000000 ) ) ;
#1327 = LINE ( 'NONE', #2403, #401 ) ;
#1328 = CARTESIAN_POINT ( 'NONE',  ( 0.1000000000000000056, -2.575000000000000622, -0.3000000000000010436 ) ) ;
#1329 = CYLINDRICAL_SURFACE ( 'NONE', #457, 0.04999999999999973910 ) ;
#1330 = ORIENTED_EDGE ( 'NONE', *, *, #3139, .T. ) ;
#1331 = CARTESIAN_POINT ( 'NONE',  ( 1.100000000000000089, -2.450000000000000178, -1.599999999999999867 ) ) ;
#1332 = DIRECTION ( 'NONE',  ( 0.000000000000000000, 0.000000000000000000, 1.000000000000000000 ) ) ;
#1333 = VECTOR ( 'NONE', #802, 39.37007874015748143 ) ;
#1334 = EDGE_CURVE ( 'NONE', #1064, #1938, #2734, .T. ) ;
#1335 = EDGE_CURVE ( 'NONE', #180, #1286, #1363, .T. ) ;
#1336 = ORIENTED_EDGE ( 'NONE', *, *, #1525, .F. ) ;
#1337 = AXIS2_PLACEMENT_3D ( 'NONE', #3241, #15, #1563 ) ;
#1338 = EDGE_LOOP ( 'NONE', ( #2039, #2693, #2917, #1994 ) ) ;
#1339 = ORIENTED_EDGE ( 'NONE', *, *, #3419, .T. ) ;
#1340 = FACE_OUTER_BOUND ( 'NONE', #2473, .T. ) ;
#1341 = PERSON_AND_ORGANIZATION ( #2237, #2941 ) ;
#1342 = CARTESIAN_POINT ( 'NONE',  ( 0.1000000000000000056, -0.8499999999999980904, -2.084999999999999964 ) ) ;
#1343 = CIRCLE ( 'NONE', #2692, 0.1000000000000000056 ) ;
#1344 = VERTEX_POINT ( 'NONE', #2456 ) ;
#1345 = EDGE_CURVE ( 'NONE', #1992, #1212, #1843, .T. ) ;
#1346 = DIRECTION ( 'NONE',  ( 0.000000000000000000, 2.875629467015014277E-16, 1.000000000000000000 ) ) ;
#1347 = CARTESIAN_POINT ( 'NONE',  ( 0.2249999999999999778, 2.575000000000000178, 0.5000000000000000000 ) ) ;
#1348 = CARTESIAN_POINT ( 'NONE',  ( 0.1000000000000000056, 0.9999999999999994449, -3.874999999999998224 ) ) ;
#1349 = DIRECTION ( 'NONE',  ( 0.000000000000000000, -3.642463991552356480E-15, -1.000000000000000000 ) ) ;
#1350 = ORIENTED_EDGE ( 'NONE', *, *, #1592, .F. ) ;
#1351 = CARTESIAN_POINT ( 'NONE',  ( -2.259157688667718489, 1.525000000000001243, -2.716666666666669006 ) ) ;
#1352 = CARTESIAN_POINT ( 'NONE',  ( 0.1517766952966368155, 0.7000000000000006217, -0.4000000000000029088 ) ) ;
#1353 = CARTESIAN_POINT ( 'NONE',  ( 0.5500000000000000444, -1.525000000000001243, -2.550000000000000266 ) ) ;
#1354 = EDGE_LOOP ( 'NONE', ( #2374, #940, #851, #3274 ) ) ;
#1355 = AXIS2_PLACEMENT_3D ( 'NONE', #2867, #1254, #3385 ) ;
#1356 = EDGE_CURVE ( 'NONE', #3264, #1515, #313, .T. ) ;
#1357 = ADVANCED_FACE ( 'NONE', ( #1891 ), #3003, .T. ) ;
#1358 = ORIENTED_EDGE ( 'NONE', *, *, #2859, .F. ) ;
#1359 = VERTEX_POINT ( 'NONE', #1909 ) ;
#1360 = CIRCLE ( 'NONE', #800, 0.2500000000000000555 ) ;
#1361 = DIRECTION ( 'NONE',  ( 1.000000000000000000, 0.000000000000000000, 0.000000000000000000 ) ) ;
#1362 = ADVANCED_FACE ( 'NONE', ( #553 ), #2981, .F. ) ;
#1363 = LINE ( 'NONE', #2148, #550 ) ;
#1364 = EDGE_LOOP ( 'NONE', ( #1910, #2668, #2255, #136 ) ) ;
#1365 = AXIS2_PLACEMENT_3D ( 'NONE', #2342, #1495, #158 ) ;
#1366 = AXIS2_PLACEMENT_3D ( 'NONE', #3091, #960, #162 ) ;
#1367 = DIRECTION ( 'NONE',  ( 1.000000000000000000, -0.000000000000000000, -0.000000000000000000 ) ) ;
#1368 = LINE ( 'NONE', #27, #2362 ) ;
#1369 = ADVANCED_FACE ( 'NONE', ( #569 ), #1382, .F. ) ;
#1370 = CARTESIAN_POINT ( 'NONE',  ( 0.1517766952966367322, 0.5500000000000002665, -1.525000000000002576 ) ) ;
#1371 = CARTESIAN_POINT ( 'NONE',  ( 0.09999999999999999167, -0.5750000000000009548, -0.3181534085976781001 ) ) ;
#1372 = VERTEX_POINT ( 'NONE', #1667 ) ;
#1373 = CARTESIAN_POINT ( 'NONE',  ( 1.100000000000000089, -0.7499999999999980016, -1.984999999999999654 ) ) ;
#1374 = DIRECTION ( 'NONE',  ( -0.000000000000000000, 2.875629467015014277E-16, 1.000000000000000000 ) ) ;
#1375 = CARTESIAN_POINT ( 'NONE',  ( 1.100000000000000089, 0.9500000000000005107, 2.731847993664263218E-16 ) ) ;
#1376 = EDGE_LOOP ( 'NONE', ( #1699, #2181, #3203, #3432 ) ) ;
#1377 = PRODUCT_DEFINITION_FORMATION_WITH_SPECIFIED_SOURCE ( 'ANY', '', #3353, .NOT_KNOWN. ) ;
#1378 = ORIENTED_EDGE ( 'NONE', *, *, #1947, .T. ) ;
#1379 = ORIENTED_EDGE ( 'NONE', *, *, #2106, .F. ) ;
#1380 = DIRECTION ( 'NONE',  ( 0.000000000000000000, 0.000000000000000000, -1.000000000000000000 ) ) ;
#1381 = PLANE ( 'NONE',  #309 ) ;
#1382 = PLANE ( 'NONE',  #1680 ) ;
#1383 = ORIENTED_EDGE ( 'NONE', *, *, #372, .T. ) ;
#1384 = EDGE_CURVE ( 'NONE', #2407, #1584, #2697, .T. ) ;
#1385 = EDGE_CURVE ( 'NONE', #834, #1233, #262, .T. ) ;
#1386 = DIRECTION ( 'NONE',  ( -1.000000000000000000, 0.000000000000000000, 0.000000000000000000 ) ) ;
#1387 = CARTESIAN_POINT ( 'NONE',  ( 0.1000000000000000056, 0.000000000000000000, 0.5000000000000000000 ) ) ;
#1388 = CARTESIAN_POINT ( 'NONE',  ( 2.601873829587559417, -0.7499999999999980016, -1.909999999999999920 ) ) ;
#1389 = CARTESIAN_POINT ( 'NONE',  ( 0.1000000000000000194, -0.5832717979211896608, -0.3123399709876108488 ) ) ;
#1390 = EDGE_LOOP ( 'NONE', ( #425, #763, #798, #2987 ) ) ;
#1391 = CC_DESIGN_DATE_AND_TIME_ASSIGNMENT ( #72, #1492, ( #2445 ) ) ;
#1392 = CARTESIAN_POINT ( 'NONE',  ( 0.1557523764497069363, 0.6809346666632388745, -0.3000000000000029310 ) ) ;
#1393 = DIRECTION ( 'NONE',  ( 0.000000000000000000, 1.821231995776191651E-15, 1.000000000000000000 ) ) ;
#1394 = CARTESIAN_POINT ( 'NONE',  ( 0.3500000000000000333, 2.200000000000001066, -2.150000000000001243 ) ) ;
#1395 = ORIENTED_EDGE ( 'NONE', *, *, #375, .T. ) ;
#1396 = ORIENTED_EDGE ( 'NONE', *, *, #2736, .F. ) ;
#1397 = ORIENTED_EDGE ( 'NONE', *, *, #2608, .F. ) ;
#1398 = DIRECTION ( 'NONE',  ( -1.000000000000000000, -0.000000000000000000, -0.000000000000000000 ) ) ;
#1399 = AXIS2_PLACEMENT_3D ( 'NONE', #1654, #3025, #613 ) ;
#1400 = VECTOR ( 'NONE', #2084, 39.37007874015748143 ) ;
#1401 = ORIENTED_EDGE ( 'NONE', *, *, #992, .T. ) ;
#1402 = ADVANCED_FACE ( 'NONE', ( #1054 ), #2934, .F. ) ;
#1404 = EDGE_CURVE ( 'NONE', #2143, #761, #1902, .T. ) ;
#1403 = LINE ( 'NONE', #1140, #3149 ) ;
#1405 = VECTOR ( 'NONE', #784, 39.37007874015748854 ) ;
#1406 = LINE ( 'NONE', #1086, #1034 ) ;
#1407 = CARTESIAN_POINT ( 'NONE',  ( 0.1000000000000000194, -0.6001518714228151197, -0.2998860739053363367 ) ) ;
#1408 = ORIENTED_EDGE ( 'NONE', *, *, #1057, .F. ) ;
#1409 = DIRECTION ( 'NONE',  ( 0.000000000000000000, -1.821231995776191651E-15, -1.000000000000000000 ) ) ;
#1410 = PLANE ( 'NONE',  #2315 ) ;
#1411 = DIRECTION ( 'NONE',  ( 1.000000000000000000, 0.000000000000000000, 0.000000000000000000 ) ) ;
#1412 = VERTEX_POINT ( 'NONE', #1353 ) ;
#1413 = VERTEX_POINT ( 'NONE', #1847 ) ;
#1414 = CALENDAR_DATE ( 2026, 27, 4 ) ;
#1415 = EDGE_LOOP ( 'NONE', ( #938, #1088, #89, #1315 ) ) ;
#1416 = DIRECTION ( 'NONE',  ( 0.000000000000000000, 1.000000000000000000, 3.902639990948946222E-17 ) ) ;
#1417 = CARTESIAN_POINT ( 'NONE',  ( 1.100000000000000089, 2.450000000000000178, -1.600000000000000977 ) ) ;
#1418 = DIRECTION ( 'NONE',  ( 0.000000000000000000, -0.5999999999999995337, -0.8000000000000002665 ) ) ;
#1419 = LINE ( 'NONE', #2210, #3251 ) ;
#1420 = CIRCLE ( 'NONE', #2650, 0.04999999999999973910 ) ;
#1421 = VECTOR ( 'NONE', #2017, 39.37007874015748143 ) ;
#1422 = VERTEX_POINT ( 'NONE', #2671 ) ;
#1423 = AXIS2_PLACEMENT_3D ( 'NONE', #2911, #1788, #449 ) ;
#1424 = DIRECTION ( 'NONE',  ( 0.000000000000000000, 0.000000000000000000, 1.000000000000000000 ) ) ;
#1425 = CARTESIAN_POINT ( 'NONE',  ( 0.1000000000000000056, 0.5750000000000007327, -0.5250000000000029088 ) ) ;
#1426 = CARTESIAN_POINT ( 'NONE',  ( 0.6999999999999999556, -0.5499999999999999334, -1.600000000000000311 ) ) ;
#1427 = ADVANCED_FACE ( 'NONE', ( #3482 ), #1884, .F. ) ;
#1428 = AXIS2_PLACEMENT_3D ( 'NONE', #2359, #749, #1551 ) ;
#1429 = ORIENTED_EDGE ( 'NONE', *, *, #2151, .T. ) ;
#1430 = ORIENTED_EDGE ( 'NONE', *, *, #2339, .T. ) ;
#1431 = CC_DESIGN_SECURITY_CLASSIFICATION ( #2445, ( #1377 ) ) ;
#1432 = CALENDAR_DATE ( 2026, 27, 4 ) ;
#1433 = VERTEX_POINT ( 'NONE', #1039 ) ;
#1434 = DIRECTION ( 'NONE',  ( 0.000000000000000000, 0.000000000000000000, -1.000000000000000000 ) ) ;
#1435 = CARTESIAN_POINT ( 'NONE',  ( 0.000000000000000000, -2.875000000000000888, -1.750000000000000666 ) ) ;
#1436 = CARTESIAN_POINT ( 'NONE',  ( 0.6999999999999999556, 0.7000000000000007327, 0.000000000000000000 ) ) ;
#1437 = ORIENTED_EDGE ( 'NONE', *, *, #3229, .F. ) ;
#1438 = DIRECTION ( 'NONE',  ( 0.000000000000000000, -1.000000000000000000, 0.000000000000000000 ) ) ;
#1439 = DIRECTION ( 'NONE',  ( 0.000000000000000000, 0.000000000000000000, -1.000000000000000000 ) ) ;
#1440 = DIRECTION ( 'NONE',  ( 0.000000000000000000, 0.000000000000000000, -1.000000000000000000 ) ) ;
#1441 = EDGE_CURVE ( 'NONE', #2272, #1823, #95, .T. ) ;
#1442 = ORIENTED_EDGE ( 'NONE', *, *, #1011, .F. ) ;
#1443 = ADVANCED_FACE ( 'NONE', ( #3221 ), #2372, .F. ) ;
#1444 = VERTEX_POINT ( 'NONE', #2916 ) ;
#1445 = ORIENTED_EDGE ( 'NONE', *, *, #127, .F. ) ;
#1446 = AXIS2_PLACEMENT_3D ( 'NONE', #3182, #561, #1332 ) ;
#1447 = AXIS2_PLACEMENT_3D ( 'NONE', #245, #33, #1864 ) ;
#1448 = FACE_OUTER_BOUND ( 'NONE', #249, .T. ) ;
#1449 = CARTESIAN_POINT ( 'NONE',  ( 0.3500000000000000333, 1.525000000000001243, -1.900000000000000133 ) ) ;
#1450 = CARTESIAN_POINT ( 'NONE',  ( 0.3500000000000000333, 0.000000000000000000, -1.900000000000001243 ) ) ;
#1451 = ADVANCED_FACE ( 'NONE', ( #2954 ), #545, .F. ) ;
#1452 = VERTEX_POINT ( 'NONE', #2105 ) ;
#1453 = DIRECTION ( 'NONE',  ( -1.000000000000000000, 0.000000000000000000, 0.000000000000000000 ) ) ;
#1454 = CARTESIAN_POINT ( 'NONE',  ( 0.3022498915081621162, -1.548415138785851353, -2.044286120958953124 ) ) ;
#1455 = CARTESIAN_POINT ( 'NONE',  ( 0.000000000000000000, 2.150000000000000355, -2.860039369999999082 ) ) ;
#1456 = LINE ( 'NONE', #2200, #2869 ) ;
#1457 = ORIENTED_EDGE ( 'NONE', *, *, #1404, .F. ) ;
#1458 = VERTEX_POINT ( 'NONE', #1615 ) ;
#1459 = ORIENTED_EDGE ( 'NONE', *, *, #1639, .F. ) ;
#1460 = ORIENTED_EDGE ( 'NONE', *, *, #3422, .F. ) ;
#1461 = EDGE_CURVE ( 'NONE', #1113, #1760, #2426, .T. ) ;
#1462 = LINE ( 'NONE', #1272, #3156 ) ;
#1463 = LINE ( 'NONE', #1767, #3057 ) ;
#1464 = CARTESIAN_POINT ( 'NONE',  ( 0.1000000000000000056, -2.575000000000000178, -1.399999999999999911 ) ) ;
#1465 = EDGE_LOOP ( 'NONE', ( #1166, #685, #1962, #1058 ) ) ;
#1466 = AXIS2_PLACEMENT_3D ( 'NONE', #3286, #586, #1643 ) ;
#1467 = EDGE_CURVE ( 'NONE', #3133, #2672, #99, .T. ) ;
#1468 = CARTESIAN_POINT ( 'NONE',  ( 0.2249999999999999223, -1.561055996379590075E-17, -0.4000000000000029088 ) ) ;
#1469 = CIRCLE ( 'NONE', #2373, 0.07874016000000005899 ) ;
#1470 = CARTESIAN_POINT ( 'NONE',  ( 0.2845905347771101046, -1.574128595205948944, -2.000844879426528333 ) ) ;
#1471 = VECTOR ( 'NONE', #1691, 39.37007874015748143 ) ;
#1472 = PLANE ( 'NONE',  #1242 ) ;
#1473 = DIRECTION ( 'NONE',  ( 0.000000000000000000, -2.875629467015014277E-16, -1.000000000000000000 ) ) ;
#1474 = CIRCLE ( 'NONE', #2206, 0.06496062999999985266 ) ;
#1475 = AXIS2_PLACEMENT_3D ( 'NONE', #625, #2772, #1996 ) ;
#1476 = ORIENTED_EDGE ( 'NONE', *, *, #1612, .T. ) ;
#1477 = ORIENTED_EDGE ( 'NONE', *, *, #372, .F. ) ;
#1478 = ORIENTED_EDGE ( 'NONE', *, *, #2689, .T. ) ;
#1479 = DIRECTION ( 'NONE',  ( 0.000000000000000000, 0.000000000000000000, -1.000000000000000000 ) ) ;
#1480 = FACE_OUTER_BOUND ( 'NONE', #1814, .T. ) ;
#1481 = ADVANCED_FACE ( 'NONE', ( #2688 ), #1579, .F. ) ;
#1482 = CARTESIAN_POINT ( 'NONE',  ( 0.1000000000000000194, 1.525000000000001243, -2.150000000000001243 ) ) ;
#1483 = ADVANCED_FACE ( 'NONE', ( #2653 ), #3200, .T. ) ;
#1484 = CARTESIAN_POINT ( 'NONE',  ( 0.000000000000000000, 2.875000000000000888, -1.749999999999999556 ) ) ;
#1485 = CARTESIAN_POINT ( 'NONE',  ( 0.1000000000000000194, -1.775000000000001465, -2.150000000000000355 ) ) ;
#1486 = CARTESIAN_POINT ( 'NONE',  ( 0.3401398388570842646, -1.539907878587983392, -2.064960630000000741 ) ) ;
#1487 = DIRECTION ( 'NONE',  ( -1.000000000000000000, -0.000000000000000000, -0.000000000000000000 ) ) ;
#1488 = CARTESIAN_POINT ( 'NONE',  ( 0.1000000000000000056, 3.000000000000000888, -2.000000000000000444 ) ) ;
#1489 = CC_DESIGN_PERSON_AND_ORGANIZATION_ASSIGNMENT ( #2508, #1961, ( #1377 ) ) ;
#1490 = DIRECTION ( 'NONE',  ( 1.000000000000000000, -0.000000000000000000, -0.000000000000000000 ) ) ;
#1491 = VERTEX_POINT ( 'NONE', #2897 ) ;
#1492 = DATE_TIME_ROLE ( 'classification_date' ) ;
#1493 = ORIENTED_EDGE ( 'NONE', *, *, #2723, .F. ) ;
#1494 = ORIENTED_EDGE ( 'NONE', *, *, #969, .T. ) ;
#1495 = DIRECTION ( 'NONE',  ( -1.000000000000000000, -0.000000000000000000, -0.000000000000000000 ) ) ;
#1496 = CARTESIAN_POINT ( 'NONE',  ( 0.000000000000000000, 0.000000000000000000, 0.5000000000000000000 ) ) ;
#1497 = CYLINDRICAL_SURFACE ( 'NONE', #494, 0.06496062999999985266 ) ;
#1498 = EDGE_LOOP ( 'NONE', ( #3187, #440, #2252, #2749 ) ) ;
#1499 = AXIS2_PLACEMENT_3D ( 'NONE', #429, #2835, #2850 ) ;
#1500 = ADVANCED_FACE ( 'NONE', ( #3167 ), #528, .T. ) ;
#1501 = ADVANCED_FACE ( 'NONE', ( #1829 ), #492, .T. ) ;
#1502 = CARTESIAN_POINT ( 'NONE',  ( 0.000000000000000000, -3.000000000000000444, -7.512581982576723358E-16 ) ) ;
#1503 = CARTESIAN_POINT ( 'NONE',  ( 0.000000000000000000, 0.8660254037844384856, -4.780733988912460139E-16 ) ) ;
#1504 = CARTESIAN_POINT ( 'NONE',  ( 0.2249999998778782484, 0.7000000000000007327, -0.3007108065403942265 ) ) ;
#1505 = LINE ( 'NONE', #3144, #2748 ) ;
#1506 = PLANE ( 'NONE',  #1248 ) ;
#1507 = ORIENTED_EDGE ( 'NONE', *, *, #453, .F. ) ;
#1508 = AXIS2_PLACEMENT_3D ( 'NONE', #273, #789, #1346 ) ;
#1509 = EDGE_LOOP ( 'NONE', ( #2580, #1776, #2222, #3454, #1401 ) ) ;
#1510 = ADVANCED_FACE ( 'NONE', ( #3450 ), #2248, .F. ) ;
#1511 = ORIENTED_EDGE ( 'NONE', *, *, #260, .F. ) ;
#1512 = CARTESIAN_POINT ( 'NONE',  ( 0.3500000000000000333, 0.000000000000000000, 0.000000000000000000 ) ) ;
#1513 = PLANE ( 'NONE',  #1591 ) ;
#1514 = CYLINDRICAL_SURFACE ( 'NONE', #1499, 0.2499999999999998057 ) ;
#1515 = VERTEX_POINT ( 'NONE', #1426 ) ;
#1516 = DIRECTION ( 'NONE',  ( 1.000000000000000000, -0.000000000000000000, -0.000000000000000000 ) ) ;
#1517 = CARTESIAN_POINT ( 'NONE',  ( 0.2249999999999999223, 0.4250000000000000999, -1.525000000000001910 ) ) ;
#1518 = CARTESIAN_POINT ( 'NONE',  ( 0.1197264626436249507, 0.7000000000000006217, -0.2942713744169067613 ) ) ;
#1519 = VECTOR ( 'NONE', #2894, 39.37007874015748143 ) ;
#1520 = AXIS2_PLACEMENT_3D ( 'NONE', #3017, #2808, #1727 ) ;
#1521 = CARTESIAN_POINT ( 'NONE',  ( 0.4148932003570456328, -1.568380942072968187, -2.008930098199601666 ) ) ;
#1522 = CARTESIAN_POINT ( 'NONE',  ( 0.1000000000000000056, -0.4249999999999999889, -1.600000000000000311 ) ) ;
#1523 = ORIENTED_EDGE ( 'NONE', *, *, #933, .F. ) ;
#1524 = EDGE_CURVE ( 'NONE', #1372, #2073, #1957, .T. ) ;
#1525 = EDGE_CURVE ( 'NONE', #2957, #3115, #1724, .T. ) ;
#1526 = AXIS2_PLACEMENT_3D ( 'NONE', #3456, #1027, #2096 ) ;
#1527 = EDGE_LOOP ( 'NONE', ( #774, #2453, #3113, #602, #207, #495 ) ) ;
#1528 = CIRCLE ( 'NONE', #1303, 0.1000000000000000056 ) ;
#1529 = ORIENTED_EDGE ( 'NONE', *, *, #3067, .T. ) ;
#1530 = VERTEX_POINT ( 'NONE', #98 ) ;
#1531 = LINE ( 'NONE', #1567, #2016 ) ;
#1532 = APPROVAL ( #362, 'UNSPECIFIED' ) ;
#1533 = CYLINDRICAL_SURFACE ( 'NONE', #1172, 0.1250000000000000278 ) ;
#1534 = AXIS2_PLACEMENT_3D ( 'NONE', #2833, #366, #2539 ) ;
#1535 = FACE_BOUND ( 'NONE', #1622, .T. ) ;
#1536 = DIRECTION ( 'NONE',  ( 0.000000000000000000, 0.000000000000000000, -1.000000000000000000 ) ) ;
#1537 = ORIENTED_EDGE ( 'NONE', *, *, #1981, .T. ) ;
#1538 = CARTESIAN_POINT ( 'NONE',  ( 0.3500000000000000333, -1.775000000000001465, -2.000000000000000444 ) ) ;
#1539 = CARTESIAN_POINT ( 'NONE',  ( 0.3499999999999999778, -1.647360164721186404, -1.935039370000000147 ) ) ;
#1540 = CARTESIAN_POINT ( 'NONE',  ( 0.1000000000000000194, 0.6001513031906191564, -0.2998865002477550390 ) ) ;
#1541 = CARTESIAN_POINT ( 'NONE',  ( 0.1000000000000000056, -0.4250000000000003220, -1.399999999999999911 ) ) ;
#1542 = DIRECTION ( 'NONE',  ( 0.000000000000000000, 0.000000000000000000, -1.000000000000000000 ) ) ;
#1543 = ORIENTED_EDGE ( 'NONE', *, *, #2260, .F. ) ;
#1544 = ORIENTED_EDGE ( 'NONE', *, *, #284, .T. ) ;
#1545 = EDGE_CURVE ( 'NONE', #511, #1566, #2180, .T. ) ;
#1546 = ADVANCED_FACE ( 'NONE', ( #65 ), #3029, .F. ) ;
#1547 = ORIENTED_EDGE ( 'NONE', *, *, #2654, .T. ) ;
#1548 = ORIENTED_EDGE ( 'NONE', *, *, #624, .T. ) ;
#1549 = CARTESIAN_POINT ( 'NONE',  ( 1.100000000000000089, 2.450000000000000622, -0.3000000000000032641 ) ) ;
#1550 = CARTESIAN_POINT ( 'NONE',  ( 0.1000000000000000056, 2.575000000000000178, -1.600000000000000977 ) ) ;
#1551 = DIRECTION ( 'NONE',  ( 0.000000000000000000, 0.000000000000000000, 1.000000000000000000 ) ) ;
#1552 = CARTESIAN_POINT ( 'NONE',  ( 0.2000000000000000389, 0.7500000000000023315, -1.909999999999999920 ) ) ;
#1553 = CARTESIAN_POINT ( 'NONE',  ( 0.6999999999999999556, 6.439355985065775627E-17, -0.3000000000000005440 ) ) ;
#1554 = DIRECTION ( 'NONE',  ( 1.000000000000000000, -0.000000000000000000, 0.000000000000000000 ) ) ;
#1555 = EDGE_CURVE ( 'NONE', #823, #511, #3277, .T. ) ;
#1556 = CARTESIAN_POINT ( 'NONE',  ( 0.3066129674393536231, -1.622943876604723501, -1.951515167806241013 ) ) ;
#1557 = DIRECTION ( 'NONE',  ( 0.000000000000000000, 0.000000000000000000, -1.000000000000000000 ) ) ;
#1558 = CIRCLE ( 'NONE', #3307, 0.06496063000000011634 ) ;
#1559 = CARTESIAN_POINT ( 'NONE',  ( 0.3905273554842561556, -1.626177674233161952, -1.949086264754607223 ) ) ;
#1560 = VECTOR ( 'NONE', #756, 39.37007874015748143 ) ;
#1561 = CARTESIAN_POINT ( 'NONE',  ( 0.1000000000000000056, -3.000000000000000444, -7.512581982576723358E-16 ) ) ;
#1562 = AXIS2_PLACEMENT_3D ( 'NONE', #2530, #3261, #2729 ) ;
#1563 = DIRECTION ( 'NONE',  ( 0.000000000000000000, 0.000000000000000000, -1.000000000000000000 ) ) ;
#1564 = ORIENTED_EDGE ( 'NONE', *, *, #84, .F. ) ;
#1565 = ORIENTED_EDGE ( 'NONE', *, *, #1245, .T. ) ;
#1566 = VERTEX_POINT ( 'NONE', #386 ) ;
#1567 = CARTESIAN_POINT ( 'NONE',  ( 0.000000000000000000, 0.9999999999999994449, -3.810039369999998371 ) ) ;
#1568 = PLANE ( 'NONE',  #1645 ) ;
#1569 = CARTESIAN_POINT ( 'NONE',  ( 0.6999999999999999556, 0.5500000000000005995, 2.731847993664263218E-16 ) ) ;
#1570 = LINE ( 'NONE', #3175, #42 ) ;
#1571 = EDGE_CURVE ( 'NONE', #719, #1301, #1676, .T. ) ;
#1572 = ADVANCED_FACE ( 'NONE', ( #1179 ), #582, .F. ) ;
#1573 = CARTESIAN_POINT ( 'NONE',  ( 1.100000000000000089, 0.7500000000000023315, -1.909999999999999920 ) ) ;
#1574 = FACE_BOUND ( 'NONE', #55, .T. ) ;
#1575 = DIRECTION ( 'NONE',  ( 0.000000000000000000, -1.821231995776191651E-15, -1.000000000000000000 ) ) ;
#1576 = FACE_OUTER_BOUND ( 'NONE', #1338, .T. ) ;
#1577 = VERTEX_POINT ( 'NONE', #3310 ) ;
#1578 = DIRECTION ( 'NONE',  ( 1.000000000000000000, -0.000000000000000000, -0.000000000000000000 ) ) ;
#1579 = CYLINDRICAL_SURFACE ( 'NONE', #1282, 0.06496062999999985266 ) ;
#1580 = ORIENTED_EDGE ( 'NONE', *, *, #2506, .F. ) ;
#1581 = ORIENTED_EDGE ( 'NONE', *, *, #2217, .T. ) ;
#1582 = VECTOR ( 'NONE', #427, 39.37007874015748143 ) ;
#1583 = VECTOR ( 'NONE', #3199, 39.37007874015748143 ) ;
#1584 = VERTEX_POINT ( 'NONE', #600 ) ;
#1585 = FACE_OUTER_BOUND ( 'NONE', #3069, .T. ) ;
#1586 = VECTOR ( 'NONE', #753, 39.37007874015748143 ) ;
#1587 = CARTESIAN_POINT ( 'NONE',  ( 0.1000000000000000056, 0.8660254037844384856, -4.780733988912460139E-16 ) ) ;
#1588 = CARTESIAN_POINT ( 'NONE',  ( 0.000000000000000000, 0.000000000000000000, 0.000000000000000000 ) ) ;
#1589 = CARTESIAN_POINT ( 'NONE',  ( 0.1000000000000000056, 2.575000000000000622, 0.5000000000000000000 ) ) ;
#1590 = PLANE ( 'NONE',  #2854 ) ;
#1591 = AXIS2_PLACEMENT_3D ( 'NONE', #196, #1308, #2586 ) ;
#1592 = EDGE_CURVE ( 'NONE', #1413, #1833, #1119, .T. ) ;
#1594 = ADVANCED_FACE ( 'NONE', ( #1149 ), #2763, .F. ) ;
#1593 = LINE ( 'NONE', #2665, #869 ) ;
#1595 = CARTESIAN_POINT ( 'NONE',  ( 0.3268174240823968346, -1.640605426660754818, -1.939172685222452230 ) ) ;
#1596 = CARTESIAN_POINT ( 'NONE',  ( 1.100000000000000089, 2.450000000000000622, -0.4000000000000029643 ) ) ;
#1597 = EDGE_LOOP ( 'NONE', ( #2055, #985 ) ) ;
#1598 = DIRECTION ( 'NONE',  ( 1.000000000000000000, 0.000000000000000000, 0.000000000000000000 ) ) ;
#1599 = CARTESIAN_POINT ( 'NONE',  ( 1.100000000000000089, 2.450000000000000622, -0.4000000000000029643 ) ) ;
#1600 = EDGE_LOOP ( 'NONE', ( #2694, #530, #1205, #259, #285, #2619, #2974, #3132, #2457, #2582, #1395, #1761, #3407, #1548, #1924, #80, #907, #2936 ) ) ;
#1601 = EDGE_LOOP ( 'NONE', ( #886, #389 ) ) ;
#1602 = VERTEX_POINT ( 'NONE', #1658 ) ;
#1603 = DIRECTION ( 'NONE',  ( 0.000000000000000000, 1.000000000000000000, 0.000000000000000000 ) ) ;
#1604 = DIRECTION ( 'NONE',  ( 0.000000000000000000, -0.6000000000000001998, -0.7999999999999997113 ) ) ;
#1605 = LINE ( 'NONE', #1589, #2680 ) ;
#1606 = ORIENTED_EDGE ( 'NONE', *, *, #3347, .T. ) ;
#1607 = CARTESIAN_POINT ( 'NONE',  ( 0.1000000000000000056, 0.5750000000000007327, -0.5250000000000029088 ) ) ;
#1608 = CARTESIAN_POINT ( 'NONE',  ( 0.2249999999999999778, 2.450000000000000178, -1.400000000000001910 ) ) ;
#1609 = DIRECTION ( 'NONE',  ( 0.000000000000000000, 1.000000000000000000, 0.000000000000000000 ) ) ;
#1610 = DIRECTION ( 'NONE',  ( 0.000000000000000000, -1.000000000000000000, -0.000000000000000000 ) ) ;
#1611 = EDGE_LOOP ( 'NONE', ( #151, #738, #364, #479 ) ) ;
#1612 = EDGE_CURVE ( 'NONE', #1866, #3479, #3255, .T. ) ;
#1613 = CARTESIAN_POINT ( 'NONE',  ( 0.1236836404687096241, 0.6520593870341367948, -0.3000000000000028200 ) ) ;
#1614 = DIRECTION ( 'NONE',  ( 0.000000000000000000, -1.000000000000000000, 2.875629467015017729E-16 ) ) ;
#1615 = CARTESIAN_POINT ( 'NONE',  ( 1.100000000000000089, 2.450000000000000178, -1.600000000000000977 ) ) ;
#1616 = VECTOR ( 'NONE', #1100, 39.37007874015748143 ) ;
#1617 = VERTEX_POINT ( 'NONE', #2793 ) ;
#1618 = EDGE_CURVE ( 'NONE', #2957, #2509, #3297, .T. ) ;
#1619 = EDGE_CURVE ( 'NONE', #1115, #3099, #2215, .T. ) ;
#1620 = AXIS2_PLACEMENT_3D ( 'NONE', #356, #1111, #1918 ) ;
#1621 = VERTEX_POINT ( 'NONE', #2779 ) ;
#1622 = EDGE_LOOP ( 'NONE', ( #2533, #105 ) ) ;
#1623 = DIRECTION ( 'NONE',  ( 0.000000000000000000, 0.000000000000000000, -1.000000000000000000 ) ) ;
#1624 = ADVANCED_FACE ( 'NONE', ( #371 ), #2516, .F. ) ;
#1625 = LINE ( 'NONE', #2399, #1659 ) ;
#1626 = DIRECTION ( 'NONE',  ( 0.000000000000000000, -1.000000000000000000, 3.642463991552356480E-15 ) ) ;
#1627 = ORIENTED_EDGE ( 'NONE', *, *, #392, .F. ) ;
#1628 = LINE ( 'NONE', #1573, #3314 ) ;
#1629 = DIRECTION ( 'NONE',  ( -0.000000000000000000, -1.000000000000000000, 0.000000000000000000 ) ) ;
#1630 = CARTESIAN_POINT ( 'NONE',  ( 0.1000000000000000056, 2.150000000000000355, -2.860039369999999082 ) ) ;
#1631 = CARTESIAN_POINT ( 'NONE',  ( 0.09999999999726844058, -0.5916622918641368800, -0.3062557773147005502 ) ) ;
#1632 = EDGE_LOOP ( 'NONE', ( #2719, #854, #1379, #1494 ) ) ;
#1633 = CARTESIAN_POINT ( 'NONE',  ( 0.1000000000000000056, -0.5999999999999993117, -0.3000000000000005995 ) ) ;
#1634 = FACE_OUTER_BOUND ( 'NONE', #476, .T. ) ;
#1635 = DIRECTION ( 'NONE',  ( -0.000000000000000000, 2.875629467015014277E-16, 1.000000000000000000 ) ) ;
#1636 = VERTEX_POINT ( 'NONE', #323 ) ;
#1637 = MANIFOLD_SOLID_BREP ( 'Fillet5', #279 ) ;
#1638 = CIRCLE ( 'NONE', #228, 0.06496063000000004695 ) ;
#1639 = EDGE_CURVE ( 'NONE', #2337, #719, #3311, .T. ) ;
#1640 = ORIENTED_EDGE ( 'NONE', *, *, #3121, .F. ) ;
#1641 = ADVANCED_FACE ( 'NONE', ( #1132 ), #813, .F. ) ;
#1642 = ORIENTED_EDGE ( 'NONE', *, *, #216, .F. ) ;
#1643 = DIRECTION ( 'NONE',  ( 1.000000000000000000, 0.000000000000000000, -0.000000000000000000 ) ) ;
#1644 = AXIS2_PLACEMENT_3D ( 'NONE', #1097, #388, #2547 ) ;
#1645 = AXIS2_PLACEMENT_3D ( 'NONE', #1587, #3472, #1835 ) ;
#1646 = MECHANICAL_CONTEXT ( 'NONE', #1818, 'mechanical' ) ;
#1647 = CARTESIAN_POINT ( 'NONE',  ( 0.1000000000000000194, 1.775000000000001465, -2.150000000000001243 ) ) ;
#1648 = ORIENTED_EDGE ( 'NONE', *, *, #222, .T. ) ;
#1649 = CIRCLE ( 'NONE', #122, 0.1249999999999999029 ) ;
#1650 = VECTOR ( 'NONE', #1260, 39.37007874015748143 ) ;
#1651 = DIRECTION ( 'NONE',  ( 0.000000000000000000, 1.821231995776165224E-15, -1.000000000000000000 ) ) ;
#1652 = DIRECTION ( 'NONE',  ( 1.000000000000000000, 0.000000000000000000, 0.000000000000000000 ) ) ;
#1653 = PLANE ( 'NONE',  #2771 ) ;
#1654 = CARTESIAN_POINT ( 'NONE',  ( 0.1000000000000000056, 0.000000000000000000, 0.5000000000000000000 ) ) ;
#1655 = ORIENTED_EDGE ( 'NONE', *, *, #902, .F. ) ;
#1656 = CARTESIAN_POINT ( 'NONE',  ( 0.6999999999999999556, 0.8250000000000000666, -1.525000000000002132 ) ) ;
#1657 = CARTESIAN_POINT ( 'NONE',  ( 0.1000000000000000056, 2.575000000000000178, -1.400000000000001910 ) ) ;
#1658 = CARTESIAN_POINT ( 'NONE',  ( 0.6999999999999999556, 0.8250000000000000666, -1.525000000000002132 ) ) ;
#1659 = VECTOR ( 'NONE', #534, 39.37007874015748143 ) ;
#1660 = ORIENTED_EDGE ( 'NONE', *, *, #2975, .T. ) ;
#1661 = ORIENTED_EDGE ( 'NONE', *, *, #1467, .F. ) ;
#1662 = ORIENTED_EDGE ( 'NONE', *, *, #624, .F. ) ;
#1663 = CARTESIAN_POINT ( 'NONE',  ( 0.1000000000000000056, -1.912500000000001199, -2.071259840000000185 ) ) ;
#1664 = EDGE_CURVE ( 'NONE', #1201, #2022, #769, .T. ) ;
#1665 = EDGE_CURVE ( 'NONE', #225, #3469, #1883, .T. ) ;
#1666 = CARTESIAN_POINT ( 'NONE',  ( 0.8249999999999999556, 0.8250000000000003997, -0.3000000000000029310 ) ) ;
#1667 = CARTESIAN_POINT ( 'NONE',  ( 0.1000000000000000056, -2.400000000000000799, -2.300000000000000266 ) ) ;
#1668 = EDGE_LOOP ( 'NONE', ( #2598, #210, #368, #35 ) ) ;
#1669 = CARTESIAN_POINT ( 'NONE',  ( 1.100000000000000089, -0.7000000000000007327, -0.4000000000000007438 ) ) ;
#1670 = CARTESIAN_POINT ( 'NONE',  ( 0.000000000000000000, 2.875000000000000888, -1.749999999999999556 ) ) ;
#1671 = CARTESIAN_POINT ( 'NONE',  ( 0.1000000000000000056, -2.875000000000000888, -1.750000000000000666 ) ) ;
#1672 = CARTESIAN_POINT ( 'NONE',  ( 0.2177651086910593892, -0.7000000000000007327, -0.2663635062991226987 ) ) ;
#1673 = ORIENTED_EDGE ( 'NONE', *, *, #2171, .T. ) ;
#1674 = DIRECTION ( 'NONE',  ( 1.000000000000000000, 0.000000000000000000, 0.000000000000000000 ) ) ;
#1675 = DIRECTION ( 'NONE',  ( 0.000000000000000000, -1.821231995776165224E-15, 1.000000000000000000 ) ) ;
#1676 = LINE ( 'NONE', #3013, #551 ) ;
#1677 = ORIENTED_EDGE ( 'NONE', *, *, #1808, .F. ) ;
#1678 = VERTEX_POINT ( 'NONE', #1846 ) ;
#1679 = ORIENTED_EDGE ( 'NONE', *, *, #631, .T. ) ;
#1680 = AXIS2_PLACEMENT_3D ( 'NONE', #2165, #1626, #3267 ) ;
#1681 = CIRCLE ( 'NONE', #333, 0.1250000000000000278 ) ;
#1682 = APPROVAL_DATE_TIME ( #3033, #2631 ) ;
#1683 = ORIENTED_EDGE ( 'NONE', *, *, #1245, .F. ) ;
#1684 = CARTESIAN_POINT ( 'NONE',  ( 0.000000000000000000, -3.000000000000000888, -2.000000000000000444 ) ) ;
#1685 = LINE ( 'NONE', #1417, #2542 ) ;
#1686 = VECTOR ( 'NONE', #1651, 39.37007874015748143 ) ;
#1687 = CARTESIAN_POINT ( 'NONE',  ( 0.1000000000000000056, 0.4250000000000003220, -1.400000000000001910 ) ) ;
#1688 = EDGE_CURVE ( 'NONE', #1886, #1897, #1144, .T. ) ;
#1689 = FACE_OUTER_BOUND ( 'NONE', #1354, .T. ) ;
#1690 = ORIENTED_EDGE ( 'NONE', *, *, #1931, .T. ) ;
#1691 = DIRECTION ( 'NONE',  ( 0.000000000000000000, -1.000000000000000000, 0.000000000000000000 ) ) ;
#1692 = DIRECTION ( 'NONE',  ( 1.000000000000000000, -0.000000000000000000, 0.000000000000000000 ) ) ;
#1693 = DIRECTION ( 'NONE',  ( 1.000000000000000000, 0.000000000000000000, 0.000000000000000000 ) ) ;
#1694 = VECTOR ( 'NONE', #2700, 39.37007874015748143 ) ;
#1695 = ORIENTED_EDGE ( 'NONE', *, *, #827, .T. ) ;
#1696 = VERTEX_POINT ( 'NONE', #2139 ) ;
#1697 = PERSON_AND_ORGANIZATION ( #2237, #2941 ) ;
#1698 = AXIS2_PLACEMENT_3D ( 'NONE', #2612, #3197, #1557 ) ;
#1699 = ORIENTED_EDGE ( 'NONE', *, *, #3360, .F. ) ;
#1700 = CARTESIAN_POINT ( 'NONE',  ( 0.6999999999999999556, -0.8249999999999995115, -0.4000000000000007438 ) ) ;
#1701 = DIRECTION ( 'NONE',  ( 1.000000000000000000, -0.000000000000000000, -0.000000000000000000 ) ) ;
#1702 = CARTESIAN_POINT ( 'NONE',  ( 0.1148628127674063831, -0.7000000000000633493, -0.3042538642433054163 ) ) ;
#1703 = AXIS2_PLACEMENT_3D ( 'NONE', #2501, #64, #849 ) ;
#1704 = AXIS2_PLACEMENT_3D ( 'NONE', #3323, #3075, #1739 ) ;
#1705 = ORIENTED_EDGE ( 'NONE', *, *, #2151, .F. ) ;
#1706 = EDGE_CURVE ( 'NONE', #819, #3180, #2952, .T. ) ;
#1707 = EDGE_CURVE ( 'NONE', #1266, #677, #49, .T. ) ;
#1708 = CARTESIAN_POINT ( 'NONE',  ( 0.1000000000000000056, -0.000000000000000000, -1.900000000000001243 ) ) ;
#1709 = CARTESIAN_POINT ( 'NONE',  ( 0.2249999999999999778, -2.575000000000000622, -0.3000000000000010436 ) ) ;
#1710 = CARTESIAN_POINT ( 'NONE',  ( 0.6999999999999999556, -2.450000000000000178, -1.524999999999999911 ) ) ;
#1711 = VECTOR ( 'NONE', #1736, 39.37007874015748143 ) ;
#1712 = ORIENTED_EDGE ( 'NONE', *, *, #638, .T. ) ;
#1713 = ORIENTED_EDGE ( 'NONE', *, *, #2834, .T. ) ;
#1714 = LOCAL_TIME ( 20, 49, 36.00000000000000000, #909 ) ;
#1715 = EDGE_CURVE ( 'NONE', #1072, #1566, #244, .T. ) ;
#1716 = PERSON_AND_ORGANIZATION_ROLE ( 'creator' ) ;
#1717 = EDGE_LOOP ( 'NONE', ( #1167, #1915, #512, #1170 ) ) ;
#1718 = FACE_OUTER_BOUND ( 'NONE', #3366, .T. ) ;
#1719 = FACE_BOUND ( 'NONE', #2161, .T. ) ;
#1720 = PLANE ( 'NONE',  #2517 ) ;
#1721 = ORIENTED_EDGE ( 'NONE', *, *, #1334, .F. ) ;
#1722 = LINE ( 'NONE', #1468, #636 ) ;
#1723 = CARTESIAN_POINT ( 'NONE',  ( 0.3500000000000000333, -1.539907878587983170, -2.064960630000000297 ) ) ;
#1724 = LINE ( 'NONE', #2229, #2064 ) ;
#1725 = EDGE_CURVE ( 'NONE', #168, #2799, #2192, .T. ) ;
#1726 = EDGE_CURVE ( 'NONE', #1422, #3331, #2262, .T. ) ;
#1727 = DIRECTION ( 'NONE',  ( 0.000000000000000000, 0.000000000000000000, 1.000000000000000000 ) ) ;
#1728 = VERTEX_POINT ( 'NONE', #3464 ) ;
#1729 = EDGE_CURVE ( 'NONE', #2742, #3283, #2670, .T. ) ;
#1730 = ORIENTED_EDGE ( 'NONE', *, *, #1011, .T. ) ;
#1731 = VERTEX_POINT ( 'NONE', #1633 ) ;
#1732 = AXIS2_PLACEMENT_3D ( 'NONE', #2173, #864, #3009 ) ;
#1733 = EDGE_CURVE ( 'NONE', #2292, #1220, #527, .T. ) ;
#1734 = VECTOR ( 'NONE', #510, 39.37007874015748143 ) ;
#1735 = DIRECTION ( 'NONE',  ( 0.000000000000000000, 0.000000000000000000, -1.000000000000000000 ) ) ;
#1736 = DIRECTION ( 'NONE',  ( 0.000000000000000000, -1.517693329813478087E-16, -1.000000000000000000 ) ) ;
#1737 = CARTESIAN_POINT ( 'NONE',  ( 0.1000000000000000056, 0.5750000000000007327, -0.3181534085976782111 ) ) ;
#1738 = ORIENTED_EDGE ( 'NONE', *, *, #676, .F. ) ;
#1739 = DIRECTION ( 'NONE',  ( 0.000000000000000000, 0.000000000000000000, -1.000000000000000000 ) ) ;
#1740 = CARTESIAN_POINT ( 'NONE',  ( 0.2935500490719462618, -1.553682961228485038, -2.033452745365849523 ) ) ;
#1741 = DIRECTION ( 'NONE',  ( 0.000000000000000000, 0.000000000000000000, 1.000000000000000000 ) ) ;
#1742 = CARTESIAN_POINT ( 'NONE',  ( 0.3690226624418800339, -1.642948163942764772, -1.937711771083163059 ) ) ;
#1743 = EDGE_LOOP ( 'NONE', ( #2433, #2276, #923, #672 ) ) ;
#1744 = ORIENTED_EDGE ( 'NONE', *, *, #3242, .F. ) ;
#1745 = EDGE_CURVE ( 'NONE', #2149, #1602, #1053, .T. ) ;
#1746 = EDGE_CURVE ( 'NONE', #3283, #1760, #31, .T. ) ;
#1747 = EDGE_LOOP ( 'NONE', ( #508, #782, #2609, #1330 ) ) ;
#1748 = CIRCLE ( 'NONE', #1355, 0.06496063000000011634 ) ;
#1749 = CARTESIAN_POINT ( 'NONE',  ( 1.100000000000000089, -0.7000000000000007327, -0.3000000000000007105 ) ) ;
#1750 = LINE ( 'NONE', #942, #1991 ) ;
#1751 = FACE_OUTER_BOUND ( 'NONE', #3021, .T. ) ;
#1752 = CC_DESIGN_PERSON_AND_ORGANIZATION_ASSIGNMENT ( #1341, #2942, ( #3353 ) ) ;
#1753 = VERTEX_POINT ( 'NONE', #1331 ) ;
#1754 = CARTESIAN_POINT ( 'NONE',  ( 0.3500000000000000333, -1.775000000000001243, -2.716666666666667673 ) ) ;
#1755 = VECTOR ( 'NONE', #3181, 39.37007874015748143 ) ;
#1756 = CARTESIAN_POINT ( 'NONE',  ( 0.2249999999999999778, 0.000000000000000000, -1.399999999999999911 ) ) ;
#1757 = CIRCLE ( 'NONE', #235, 0.1250000000000000278 ) ;
#1758 = CARTESIAN_POINT ( 'NONE',  ( 0.1000000000000000056, 0.000000000000000000, -2.084999999999999964 ) ) ;
#1759 = CARTESIAN_POINT ( 'NONE',  ( 0.3842366263162138029, -1.632347097572546923, -1.944659884372463399 ) ) ;
#1760 = VERTEX_POINT ( 'NONE', #2408 ) ;
#1761 = ORIENTED_EDGE ( 'NONE', *, *, #264, .T. ) ;
#1762 = VECTOR ( 'NONE', #3191, 39.37007874015748143 ) ;
#1763 = VERTEX_POINT ( 'NONE', #794 ) ;
#1764 = EDGE_CURVE ( 'NONE', #3479, #1866, #2768, .T. ) ;
#1765 = EDGE_CURVE ( 'NONE', #1212, #1301, #1916, .T. ) ;
#1766 = LINE ( 'NONE', #1749, #1582 ) ;
#1767 = CARTESIAN_POINT ( 'NONE',  ( 0.3500000000000000333, 2.400000000000001243, -2.300000000000001155 ) ) ;
#1768 = CARTESIAN_POINT ( 'NONE',  ( 0.8249999999999999556, 0.8250000000000000666, -1.600000000000001421 ) ) ;
#1769 = ORIENTED_EDGE ( 'NONE', *, *, #2948, .T. ) ;
#1770 = CARTESIAN_POINT ( 'NONE',  ( 1.100000000000000089, -1.561055996379590075E-17, -0.4000000000000029088 ) ) ;
#1771 = CARTESIAN_POINT ( 'NONE',  ( 0.2895757023153187060, -1.558111034625945024, -2.025295234063920979 ) ) ;
#1772 = DIRECTION ( 'NONE',  ( -0.000000000000000000, 2.875629467015014277E-16, 1.000000000000000000 ) ) ;
#1773 = CARTESIAN_POINT ( 'NONE',  ( 0.000000000000000000, 2.150000000000000355, -2.924999999999998934 ) ) ;
#1774 = EDGE_CURVE ( 'NONE', #761, #1728, #2727, .T. ) ;
#1775 = CARTESIAN_POINT ( 'NONE',  ( 0.1000000000000000056, -1.500000000000000222, -4.000000000000000888 ) ) ;
#1776 = ORIENTED_EDGE ( 'NONE', *, *, #3086, .T. ) ;
#1777 = ORIENTED_EDGE ( 'NONE', *, *, #1764, .T. ) ;
#1778 = ORIENTED_EDGE ( 'NONE', *, *, #1885, .F. ) ;
#1779 = ORIENTED_EDGE ( 'NONE', *, *, #67, .T. ) ;
#1780 = DIRECTION ( 'NONE',  ( -0.000000000000000000, -2.875629467015014277E-16, -1.000000000000000000 ) ) ;
#1781 = CIRCLE ( 'NONE', #3030, 0.2499999999999998057 ) ;
#1782 = CARTESIAN_POINT ( 'NONE',  ( 0.3500000000000000333, 2.200000000000001066, -1.900000000000001243 ) ) ;
#1783 = DIRECTION ( 'NONE',  ( 0.000000000000000000, -1.000000000000000000, 0.000000000000000000 ) ) ;
#1784 = DIRECTION ( 'NONE',  ( -1.000000000000000000, -0.000000000000000000, -0.000000000000000000 ) ) ;
#1785 = AXIS2_PLACEMENT_3D ( 'NONE', #920, #1990, #3064 ) ;
#1786 = ADVANCED_FACE ( 'NONE', ( #3481 ), #2761, .F. ) ;
#1787 = LINE ( 'NONE', #1293, #967 ) ;
#1788 = DIRECTION ( 'NONE',  ( -0.000000000000000000, 0.7999999999999998224, 0.6000000000000003109 ) ) ;
#1789 = DIRECTION ( 'NONE',  ( 0.000000000000000000, 0.000000000000000000, -1.000000000000000000 ) ) ;
#1790 = CARTESIAN_POINT ( 'NONE',  ( 0.3944883370612589646, -1.546921495348757558, -2.047575221569630788 ) ) ;
#1791 = CARTESIAN_POINT ( 'NONE',  ( 1.100000000000000089, -2.450000000000000178, -1.524999999999999911 ) ) ;
#1792 = ORIENTED_EDGE ( 'NONE', *, *, #25, .T. ) ;
#1793 = CIRCLE ( 'NONE', #443, 0.06496062999999985266 ) ;
#1794 = ORIENTED_EDGE ( 'NONE', *, *, #1044, .F. ) ;
#1795 = ORIENTED_EDGE ( 'NONE', *, *, #260, .T. ) ;
#1796 = ORIENTED_EDGE ( 'NONE', *, *, #2340, .T. ) ;
#1797 = DIRECTION ( 'NONE',  ( 0.000000000000000000, 0.000000000000000000, 1.000000000000000000 ) ) ;
#1798 = CARTESIAN_POINT ( 'NONE',  ( 0.000000000000000000, -2.875000000000000888, -0.3149606300000006853 ) ) ;
#1799 = DIRECTION ( 'NONE',  ( -0.000000000000000000, 1.000000000000000000, 3.902639990948946222E-17 ) ) ;
#1800 = VERTEX_POINT ( 'NONE', #2264 ) ;
#1801 = CIRCLE ( 'NONE', #300, 0.06496063000000011634 ) ;
#1802 = DIRECTION ( 'NONE',  ( -1.000000000000000000, 0.000000000000000000, 0.000000000000000000 ) ) ;
#1803 = CARTESIAN_POINT ( 'NONE',  ( 0.2249999999999999223, 0.7000000000000007327, -0.4000000000000029088 ) ) ;
#1804 = LINE ( 'NONE', #2593, #2617 ) ;
#1805 = VECTOR ( 'NONE', #1881, 39.37007874015748143 ) ;
#1806 = EDGE_CURVE ( 'NONE', #1862, #1760, #1310, .T. ) ;
#1807 = CARTESIAN_POINT ( 'NONE',  ( 0.2249999999999999223, -2.450000000000000178, -1.599999999999999867 ) ) ;
#1808 = EDGE_CURVE ( 'NONE', #3294, #3455, #663, .T. ) ;
#1809 = CARTESIAN_POINT ( 'NONE',  ( 0.000000000000000000, -0.9999999999999994449, -3.875000000000000444 ) ) ;
#1810 = ORIENTED_EDGE ( 'NONE', *, *, #1571, .T. ) ;
#1811 = AXIS2_PLACEMENT_3D ( 'NONE', #2989, #2762, #3240 ) ;
#1812 = ORIENTED_EDGE ( 'NONE', *, *, #3317, .F. ) ;
#1813 = VECTOR ( 'NONE', #296, 39.37007874015748143 ) ;
#1814 = EDGE_LOOP ( 'NONE', ( #390, #409, #3216, #1358 ) ) ;
#1815 = EDGE_LOOP ( 'NONE', ( #3399, #2982 ) ) ;
#1816 = DIRECTION ( 'NONE',  ( 0.000000000000000000, 0.000000000000000000, -1.000000000000000000 ) ) ;
#1817 = EDGE_CURVE ( 'NONE', #3052, #1233, #1722, .T. ) ;
#1818 = APPLICATION_CONTEXT ( 'configuration controlled 3d designs of mechanical parts and assemblies' ) ;
#1819 = CARTESIAN_POINT ( 'NONE',  ( 0.6999999999999999556, 0.5500000000000005995, 2.731847993664263218E-16 ) ) ;
#1820 = VECTOR ( 'NONE', #1908, 39.37007874015748143 ) ;
#1821 = DIRECTION ( 'NONE',  ( 0.000000000000000000, -1.517693329813478087E-16, 1.000000000000000000 ) ) ;
#1822 = DIRECTION ( 'NONE',  ( -0.000000000000000000, 3.642463991552356480E-15, 1.000000000000000000 ) ) ;
#1823 = VERTEX_POINT ( 'NONE', #2484 ) ;
#1824 = DIRECTION ( 'NONE',  ( -0.000000000000000000, -0.000000000000000000, 1.000000000000000000 ) ) ;
#1825 = FACE_OUTER_BOUND ( 'NONE', #744, .T. ) ;
#1826 = CARTESIAN_POINT ( 'NONE',  ( 1.100000000000000089, 2.450000000000000178, -1.525000000000002132 ) ) ;
#1827 = CARTESIAN_POINT ( 'NONE',  ( 0.3500000000000000333, -1.775000000000001465, -2.300000000000000266 ) ) ;
#1828 = DIRECTION ( 'NONE',  ( 1.000000000000000000, 0.000000000000000000, 0.000000000000000000 ) ) ;
#1829 = FACE_OUTER_BOUND ( 'NONE', #2976, .T. ) ;
#1830 = ORIENTED_EDGE ( 'NONE', *, *, #2260, .T. ) ;
#1831 = EDGE_CURVE ( 'NONE', #939, #1003, #2651, .T. ) ;
#1832 = EDGE_LOOP ( 'NONE', ( #119, #1944, #2615, #926 ) ) ;
#1833 = VERTEX_POINT ( 'NONE', #2791 ) ;
#1834 = CARTESIAN_POINT ( 'NONE',  ( 0.1517766952966368432, 2.450000000000000178, -1.525000000000001910 ) ) ;
#1835 = DIRECTION ( 'NONE',  ( 0.000000000000000000, 1.000000000000000000, -1.280168938519223078E-16 ) ) ;
#1836 = DIRECTION ( 'NONE',  ( -1.000000000000000000, -0.000000000000000000, -0.000000000000000000 ) ) ;
#1837 = DIRECTION ( 'NONE',  ( 0.000000000000000000, -0.000000000000000000, -1.000000000000000000 ) ) ;
#1838 = ADVANCED_FACE ( 'NONE', ( #1147 ), #870, .T. ) ;
#1839 = CARTESIAN_POINT ( 'NONE',  ( 1.100000000000000089, -0.9499999999999995115, -0.4000000000000007994 ) ) ;
#1840 = DIRECTION ( 'NONE',  ( 0.000000000000000000, 0.000000000000000000, -1.000000000000000000 ) ) ;
#1841 = PLANE ( 'NONE',  #1423 ) ;
#1842 = DIRECTION ( 'NONE',  ( 0.000000000000000000, 1.000000000000000000, 3.902639990948946222E-17 ) ) ;
#1843 = CIRCLE ( 'NONE', #778, 0.2500000000000000555 ) ;
#1844 = ORIENTED_EDGE ( 'NONE', *, *, #915, .F. ) ;
#1845 = VECTOR ( 'NONE', #963, 39.37007874015748143 ) ;
#1846 = CARTESIAN_POINT ( 'NONE',  ( 0.000000000000000000, -0.9999999999999994449, -3.810039370000000591 ) ) ;
#1847 = CARTESIAN_POINT ( 'NONE',  ( 0.000000000000000000, 2.875000000000000888, -1.685039369999999481 ) ) ;
#1848 = VERTEX_POINT ( 'NONE', #2743 ) ;
#1849 = VECTOR ( 'NONE', #1950, 39.37007874015748143 ) ;
#1850 = EDGE_LOOP ( 'NONE', ( #18, #2992 ) ) ;
#1851 = ORIENTED_EDGE ( 'NONE', *, *, #1356, .T. ) ;
#1852 = DIRECTION ( 'NONE',  ( 0.000000000000000000, -1.000000000000000000, 0.000000000000000000 ) ) ;
#1853 = EDGE_CURVE ( 'NONE', #1189, #1122, #2514, .T. ) ;
#1854 = EDGE_CURVE ( 'NONE', #2799, #138, #1757, .T. ) ;
#1855 = DIRECTION ( 'NONE',  ( 0.000000000000000000, 1.000000000000000000, -0.000000000000000000 ) ) ;
#1856 = FACE_OUTER_BOUND ( 'NONE', #2299, .T. ) ;
#1857 = CARTESIAN_POINT ( 'NONE',  ( 0.000000000000000000, 3.000000000000000888, -2.000000000000000444 ) ) ;
#1858 = DIRECTION ( 'NONE',  ( 0.000000000000000000, 0.000000000000000000, -1.000000000000000000 ) ) ;
#1859 = CYLINDRICAL_SURFACE ( 'NONE', #2986, 0.1249999999999999584 ) ;
#1860 = FACE_OUTER_BOUND ( 'NONE', #908, .T. ) ;
#1861 = LINE ( 'NONE', #2082, #2585 ) ;
#1862 = VERTEX_POINT ( 'NONE', #1163 ) ;
#1863 = DIRECTION ( 'NONE',  ( -1.000000000000000000, 0.000000000000000000, 0.000000000000000000 ) ) ;
#1864 = DIRECTION ( 'NONE',  ( 0.000000000000000000, -1.517693329813478087E-16, -1.000000000000000000 ) ) ;
#1865 = EDGE_LOOP ( 'NONE', ( #655, #1457, #2146, #3349 ) ) ;
#1866 = VERTEX_POINT ( 'NONE', #3295 ) ;
#1867 = CIRCLE ( 'NONE', #1192, 0.06496062999999985266 ) ;
#1868 = AXIS2_PLACEMENT_3D ( 'NONE', #1485, #2556, #752 ) ;
#1869 = ORIENTED_EDGE ( 'NONE', *, *, #3059, .T. ) ;
#1870 = LINE ( 'NONE', #461, #2133 ) ;
#1871 = AXIS2_PLACEMENT_3D ( 'NONE', #2331, #3409, #996 ) ;
#1872 = EDGE_CURVE ( 'NONE', #853, #3147, #1955, .T. ) ;
#1873 = CARTESIAN_POINT ( 'NONE',  ( 1.100000000000000089, -0.7000000000000007327, 0.000000000000000000 ) ) ;
#1874 = ADVANCED_FACE ( 'NONE', ( #598 ), #338, .T. ) ;
#1875 = ORIENTED_EDGE ( 'NONE', *, *, #2239, .T. ) ;
#1876 = DIRECTION ( 'NONE',  ( 0.000000000000000000, -1.000000000000000000, -2.731847993664263711E-16 ) ) ;
#1877 = CIRCLE ( 'NONE', #815, 0.1250000000000000278 ) ;
#1878 = CARTESIAN_POINT ( 'NONE',  ( 0.6999999999999999556, 0.5500000000000000444, -1.600000000000000977 ) ) ;
#1879 = DIRECTION ( 'NONE',  ( 0.000000000000000000, 0.000000000000000000, -1.000000000000000000 ) ) ;
#1880 = EDGE_CURVE ( 'NONE', #1897, #1212, #3061, .T. ) ;
#1881 = DIRECTION ( 'NONE',  ( -1.000000000000000000, 0.000000000000000000, 0.000000000000000000 ) ) ;
#1882 = ORIENTED_EDGE ( 'NONE', *, *, #689, .F. ) ;
#1883 = LINE ( 'NONE', #1069, #521 ) ;
#1884 = CYLINDRICAL_SURFACE ( 'NONE', #3134, 0.06496062999999985266 ) ;
#1885 = EDGE_CURVE ( 'NONE', #2407, #1999, #1970, .T. ) ;
#1886 = VERTEX_POINT ( 'NONE', #2544 ) ;
#1887 = ORIENTED_EDGE ( 'NONE', *, *, #1356, .F. ) ;
#1888 = ORIENTED_EDGE ( 'NONE', *, *, #2881, .T. ) ;
#1889 = DIRECTION ( 'NONE',  ( 0.000000000000000000, 0.000000000000000000, -1.000000000000000000 ) ) ;
#1890 = CARTESIAN_POINT ( 'NONE',  ( 0.1000000000000000056, 1.500000000000000222, -4.000000000000000888 ) ) ;
#1891 = FACE_OUTER_BOUND ( 'NONE', #2, .T. ) ;
#1892 = ORIENTED_EDGE ( 'NONE', *, *, #969, .F. ) ;
#1893 = DIRECTION ( 'NONE',  ( -1.000000000000000000, 0.000000000000000000, 0.000000000000000000 ) ) ;
#1894 = DIRECTION ( 'NONE',  ( 0.000000000000000000, 0.000000000000000000, -1.000000000000000000 ) ) ;
#1895 = CARTESIAN_POINT ( 'NONE',  ( 1.100000000000000089, 0.9499999999999999556, -1.525000000000002132 ) ) ;
#1896 = LINE ( 'NONE', #3214, #3328 ) ;
#1897 = VERTEX_POINT ( 'NONE', #2213 ) ;
#1898 = EDGE_CURVE ( 'NONE', #1763, #2902, #649, .T. ) ;
#1899 = EDGE_CURVE ( 'NONE', #761, #2509, #2203, .T. ) ;
#1900 = DIRECTION ( 'NONE',  ( 0.000000000000000000, 1.000000000000000000, 0.000000000000000000 ) ) ;
#1901 = DIRECTION ( 'NONE',  ( 1.000000000000000000, 0.000000000000000000, 0.000000000000000000 ) ) ;
#1902 = LINE ( 'NONE', #2973, #2566 ) ;
#1903 = ORIENTED_EDGE ( 'NONE', *, *, #2504, .F. ) ;
#1904 = AXIS2_PLACEMENT_3D ( 'NONE', #1165, #1411, #634 ) ;
#1905 = ORIENTED_EDGE ( 'NONE', *, *, #2234, .F. ) ;
#1906 = ORIENTED_EDGE ( 'NONE', *, *, #391, .F. ) ;
#1907 = CYLINDRICAL_SURFACE ( 'NONE', #1520, 0.2499999999999998057 ) ;
#1908 = DIRECTION ( 'NONE',  ( 0.000000000000000000, -2.731847993664263711E-16, 1.000000000000000000 ) ) ;
#1909 = CARTESIAN_POINT ( 'NONE',  ( 0.1000000000000000194, -1.525000000000001243, -2.150000000000000355 ) ) ;
#1910 = ORIENTED_EDGE ( 'NONE', *, *, #67, .F. ) ;
#1911 = FACE_OUTER_BOUND ( 'NONE', #1145, .T. ) ;
#1912 = DIRECTION ( 'NONE',  ( -0.000000000000000000, 1.821231995776191651E-15, 1.000000000000000000 ) ) ;
#1913 = CARTESIAN_POINT ( 'NONE',  ( 0.1000000000000000056, 2.640000000000002345, -1.979999999999999316 ) ) ;
#1914 = LINE ( 'NONE', #2725, #2795 ) ;
#1915 = ORIENTED_EDGE ( 'NONE', *, *, #2946, .T. ) ;
#1916 = LINE ( 'NONE', #2988, #2432 ) ;
#1917 = LINE ( 'NONE', #32, #2144 ) ;
#1918 = DIRECTION ( 'NONE',  ( 0.000000000000000000, 0.000000000000000000, 1.000000000000000000 ) ) ;
#1919 = ADVANCED_FACE ( 'NONE', ( #3041 ), #2000, .T. ) ;
#1920 = EDGE_CURVE ( 'NONE', #2750, #1866, #887, .T. ) ;
#1921 = ORIENTED_EDGE ( 'NONE', *, *, #3289, .F. ) ;
#1922 = AXIS2_PLACEMENT_3D ( 'NONE', #3234, #826, #1894 ) ;
#1923 = ORIENTED_EDGE ( 'NONE', *, *, #2814, .T. ) ;
#1924 = ORIENTED_EDGE ( 'NONE', *, *, #1384, .T. ) ;
#1925 = FACE_OUTER_BOUND ( 'NONE', #1376, .T. ) ;
#1926 = AXIS2_PLACEMENT_3D ( 'NONE', #2449, #888, #1614 ) ;
#1927 = VECTOR ( 'NONE', #261, 39.37007874015748143 ) ;
#1928 =( LENGTH_UNIT ( ) NAMED_UNIT ( * ) SI_UNIT ( $, .METRE. ) );
#1929 = DIRECTION ( 'NONE',  ( -0.000000000000000000, 1.000000000000000000, -0.000000000000000000 ) ) ;
#1930 = VERTEX_POINT ( 'NONE', #2629 ) ;
#1931 = EDGE_CURVE ( 'NONE', #3469, #1621, #1787, .T. ) ;
#1932 = CIRCLE ( 'NONE', #2541, 0.06496063000000011634 ) ;
#1933 = CIRCLE ( 'NONE', #2998, 0.06496063000000004695 ) ;
#1934 = DIRECTION ( 'NONE',  ( -1.000000000000000000, -0.000000000000000000, -0.000000000000000000 ) ) ;
#1935 = CARTESIAN_POINT ( 'NONE',  ( -2.259157688667718489, -1.775000000000001465, -2.150000000000000355 ) ) ;
#1936 = DIRECTION ( 'NONE',  ( 1.000000000000000000, 0.000000000000000000, -0.000000000000000000 ) ) ;
#1937 = CARTESIAN_POINT ( 'NONE',  ( 0.1000000000000002692, -0.7000000000000006217, -0.3181534085976781001 ) ) ;
#1938 = VERTEX_POINT ( 'NONE', #199 ) ;
#1939 = CARTESIAN_POINT ( 'NONE',  ( 0.3500000000000000333, 1.775000000000001465, -2.150000000000001243 ) ) ;
#1940 = CYLINDRICAL_SURFACE ( 'NONE', #1926, 0.1250000000000000278 ) ;
#1941 = CARTESIAN_POINT ( 'NONE',  ( 0.3500000000000000333, -1.775000000000001465, -2.235039370000000414 ) ) ;
#1942 = VECTOR ( 'NONE', #2525, 39.37007874015748143 ) ;
#1943 = ORIENTED_EDGE ( 'NONE', *, *, #2899, .T. ) ;
#1944 = ORIENTED_EDGE ( 'NONE', *, *, #2756, .F. ) ;
#1945 = ORIENTED_EDGE ( 'NONE', *, *, #2106, .T. ) ;
#1946 = DIRECTION ( 'NONE',  ( 0.000000000000000000, 0.000000000000000000, -1.000000000000000000 ) ) ;
#1947 = EDGE_CURVE ( 'NONE', #2220, #1246, #406, .T. ) ;
#1948 = CARTESIAN_POINT ( 'NONE',  ( 0.1000000000000000056, 0.9999999999999994449, -3.939960629999998076 ) ) ;
#1949 = ORIENTED_EDGE ( 'NONE', *, *, #1089, .T. ) ;
#1950 = DIRECTION ( 'NONE',  ( 0.000000000000000000, -0.5999999999999995337, -0.8000000000000002665 ) ) ;
#1951 = CARTESIAN_POINT ( 'NONE',  ( 0.000000000000000000, -2.875000000000000888, -1.685039370000000591 ) ) ;
#1952 = CARTESIAN_POINT ( 'NONE',  ( 0.1000000000000000056, -2.875000000000000888, -0.3149606300000006853 ) ) ;
#1953 = CARTESIAN_POINT ( 'NONE',  ( 0.1000000000000000056, 0.000000000000000000, 0.5000000000000000000 ) ) ;
#1954 = ORIENTED_EDGE ( 'NONE', *, *, #2852, .F. ) ;
#1955 = LINE ( 'NONE', #1988, #3219 ) ;
#1956 = DIRECTION ( 'NONE',  ( 0.000000000000000000, 0.000000000000000000, 1.000000000000000000 ) ) ;
#1957 = LINE ( 'NONE', #2194, #2684 ) ;
#1958 = AXIS2_PLACEMENT_3D ( 'NONE', #1873, #3423, #1009 ) ;
#1959 = ORIENTED_EDGE ( 'NONE', *, *, #3207, .F. ) ;
#1960 = ORIENTED_EDGE ( 'NONE', *, *, #2447, .T. ) ;
#1961 = PERSON_AND_ORGANIZATION_ROLE ( 'creator' ) ;
#1962 = ORIENTED_EDGE ( 'NONE', *, *, #542, .T. ) ;
#1963 = EDGE_CURVE ( 'NONE', #2284, #2024, #1239, .T. ) ;
#1964 = EDGE_CURVE ( 'NONE', #2182, #1003, #3391, .T. ) ;
#1965 = DIRECTION ( 'NONE',  ( -1.000000000000000000, -0.000000000000000000, -0.000000000000000000 ) ) ;
#1966 = AXIS2_PLACEMENT_3D ( 'NONE', #2132, #2440, #2361 ) ;
#1967 = LINE ( 'NONE', #3320, #471 ) ;
#1968 = CARTESIAN_POINT ( 'NONE',  ( 0.1517766952966368710, -0.5500000000000000444, -1.524999999999999689 ) ) ;
#1969 = EDGE_LOOP ( 'NONE', ( #2336, #3417, #2886, #895 ) ) ;
#1970 = LINE ( 'NONE', #369, #747 ) ;
#1971 = CARTESIAN_POINT ( 'NONE',  ( 0.000000000000000000, -1.912500000000001199, -2.228740160000000525 ) ) ;
#1972 = DIRECTION ( 'NONE',  ( 1.000000000000000000, -0.000000000000000000, -0.000000000000000000 ) ) ;
#1973 = EDGE_CURVE ( 'NONE', #3034, #326, #947, .T. ) ;
#1974 = ORIENTED_EDGE ( 'NONE', *, *, #3341, .F. ) ;
#1975 = ORIENTED_EDGE ( 'NONE', *, *, #269, .F. ) ;
#1976 = APPROVAL_STATUS ( 'not_yet_approved' ) ;
#1977 = AXIS2_PLACEMENT_3D ( 'NONE', #3078, #2267, #3265 ) ;
#1978 = ORIENTED_EDGE ( 'NONE', *, *, #1185, .T. ) ;
#1979 = EDGE_CURVE ( 'NONE', #1072, #823, #2876, .T. ) ;
#1981 = EDGE_CURVE ( 'NONE', #2439, #1344, #2087, .T. ) ;
#1980 = FACE_OUTER_BOUND ( 'NONE', #475, .T. ) ;
#1982 = CARTESIAN_POINT ( 'NONE',  ( 0.1000000000000000056, -3.000000000000000444, -7.512581982576723358E-16 ) ) ;
#1983 = FACE_OUTER_BOUND ( 'NONE', #2786, .T. ) ;
#1984 = VECTOR ( 'NONE', #3260, 39.37007874015748143 ) ;
#1985 = VECTOR ( 'NONE', #1912, 39.37007874015748143 ) ;
#1986 = ORIENTED_EDGE ( 'NONE', *, *, #1078, .T. ) ;
#1987 = EDGE_CURVE ( 'NONE', #966, #3095, #417, .T. ) ;
#1988 = CARTESIAN_POINT ( 'NONE',  ( 0.2249999999999999223, 0.5500000000000001554, -1.525000000000002132 ) ) ;
#1989 = LINE ( 'NONE', #1971, #687 ) ;
#1990 = DIRECTION ( 'NONE',  ( 0.000000000000000000, 2.875629467015014277E-16, 1.000000000000000000 ) ) ;
#1991 = VECTOR ( 'NONE', #2242, 39.37007874015748143 ) ;
#1992 = VERTEX_POINT ( 'NONE', #2823 ) ;
#1993 = EDGE_CURVE ( 'NONE', #966, #1359, #2816, .T. ) ;
#1994 = ORIENTED_EDGE ( 'NONE', *, *, #84, .T. ) ;
#1995 = EDGE_LOOP ( 'NONE', ( #3468, #1378, #1779, #2199, #2481, #654, #1888, #1677, #2760 ) ) ;
#1996 = DIRECTION ( 'NONE',  ( 0.000000000000000000, 0.000000000000000000, 1.000000000000000000 ) ) ;
#1997 = FACE_OUTER_BOUND ( 'NONE', #818, .T. ) ;
#1998 = FACE_OUTER_BOUND ( 'NONE', #2162, .T. ) ;
#1999 = VERTEX_POINT ( 'NONE', #145 ) ;
#2000 = PLANE ( 'NONE',  #1704 ) ;
#2001 = CARTESIAN_POINT ( 'NONE',  ( 0.2249999999999999223, 2.450000000000000622, 0.000000000000000000 ) ) ;
#2002 = LINE ( 'NONE', #665, #3045 ) ;
#2003 = EDGE_CURVE ( 'NONE', #1930, #2284, #206, .T. ) ;
#2004 = CARTESIAN_POINT ( 'NONE',  ( 0.3599188534374631598, -1.646352678213306886, -1.935631517848715788 ) ) ;
#2005 = ADVANCED_FACE ( 'NONE', ( #2329 ), #2892, .F. ) ;
#2006 = ORIENTED_EDGE ( 'NONE', *, *, #392, .T. ) ;
#2007 = ORIENTED_EDGE ( 'NONE', *, *, #1461, .F. ) ;
#2008 = CC_DESIGN_PERSON_AND_ORGANIZATION_ASSIGNMENT ( #605, #2769, ( #2445 ) ) ;
#2009 = VERTEX_POINT ( 'NONE', #181 ) ;
#2010 = CIRCLE ( 'NONE', #2343, 0.06496062999999985266 ) ;
#2011 = VECTOR ( 'NONE', #2558, 39.37007874015748143 ) ;
#2012 = CARTESIAN_POINT ( 'NONE',  ( 0.1000000000000000056, -2.150000000000000355, -2.925000000000001155 ) ) ;
#2013 = CARTESIAN_POINT ( 'NONE',  ( 1.100000000000000089, -2.450000000000000622, -0.4000000000000007994 ) ) ;
#2014 = LINE ( 'NONE', #2291, #2178 ) ;
#2015 = ORIENTED_EDGE ( 'NONE', *, *, #1525, .T. ) ;
#2016 = VECTOR ( 'NONE', #764, 39.37007874015748143 ) ;
#2017 = DIRECTION ( 'NONE',  ( -1.000000000000000000, 0.000000000000000000, 0.000000000000000000 ) ) ;
#2018 = DIRECTION ( 'NONE',  ( -0.000000000000000000, 0.000000000000000000, 1.000000000000000000 ) ) ;
#2019 = CARTESIAN_POINT ( 'NONE',  ( 0.1000000000000000056, 2.875000000000000888, -1.685039369999999481 ) ) ;
#2020 = CARTESIAN_POINT ( 'NONE',  ( 0.3808199847929812920, -1.635282269430430535, -1.942661870816587477 ) ) ;
#2021 = EDGE_CURVE ( 'NONE', #2509, #3264, #2031, .T. ) ;
#2022 = VERTEX_POINT ( 'NONE', #468 ) ;
#2023 = EDGE_CURVE ( 'NONE', #3451, #614, #2294, .T. ) ;
#2024 = VERTEX_POINT ( 'NONE', #696 ) ;
#2025 = ORIENTED_EDGE ( 'NONE', *, *, #1774, .F. ) ;
#2026 = CARTESIAN_POINT ( 'NONE',  ( 0.2249999999999999778, -2.575000000000000622, 0.5000000000000000000 ) ) ;
#2027 = FACE_BOUND ( 'NONE', #2602, .T. ) ;
#2028 = DIRECTION ( 'NONE',  ( 0.000000000000000000, 1.000000000000000000, 0.000000000000000000 ) ) ;
#2029 = ADVANCED_FACE ( 'NONE', ( #3426 ), #3408, .F. ) ;
#2030 = CARTESIAN_POINT ( 'NONE',  ( 1.100000000000000089, -2.450000000000000622, 0.000000000000000000 ) ) ;
#2031 = LINE ( 'NONE', #3107, #1650 ) ;
#2032 = VECTOR ( 'NONE', #204, 39.37007874015748143 ) ;
#2033 = CARTESIAN_POINT ( 'NONE',  ( 0.3302628241771294326, -1.540712184646898297, -2.062648923997506323 ) ) ;
#2034 = AXIS2_PLACEMENT_3D ( 'NONE', #2279, #81, #903 ) ;
#2035 = LINE ( 'NONE', #936, #2471 ) ;
#2036 = PLANE ( 'NONE',  #1222 ) ;
#2037 = AXIS2_PLACEMENT_3D ( 'NONE', #1032, #2875, #3124 ) ;
#2038 = CARTESIAN_POINT ( 'NONE',  ( 0.2249999999999999778, -0.5750000000000007327, 0.5000000000000000000 ) ) ;
#2039 = ORIENTED_EDGE ( 'NONE', *, *, #902, .T. ) ;
#2040 = VERTEX_POINT ( 'NONE', #1502 ) ;
#2041 = CIRCLE ( 'NONE', #529, 0.1249999999999999029 ) ;
#2042 = EDGE_LOOP ( 'NONE', ( #305, #48, #721, #577, #377, #875, #2765, #1769 ) ) ;
#2043 = EDGE_CURVE ( 'NONE', #1230, #1728, #2572, .T. ) ;
#2044 = EDGE_CURVE ( 'NONE', #101, #3401, #1528, .T. ) ;
#2045 = CARTESIAN_POINT ( 'NONE',  ( 0.2249999999999999223, 0.5750000000000007327, 0.000000000000000000 ) ) ;
#2046 = DIRECTION ( 'NONE',  ( 0.000000000000000000, 0.000000000000000000, -1.000000000000000000 ) ) ;
#2047 = DIRECTION ( 'NONE',  ( -1.000000000000000000, -0.000000000000000000, -0.000000000000000000 ) ) ;
#2048 = DIRECTION ( 'NONE',  ( -1.000000000000000000, -0.000000000000000000, -0.000000000000000000 ) ) ;
#2049 = PLANE ( 'NONE',  #70 ) ;
#2050 = DIRECTION ( 'NONE',  ( 0.000000000000000000, 0.000000000000000000, -1.000000000000000000 ) ) ;
#2051 = CYLINDRICAL_SURFACE ( 'NONE', #153, 0.06496062999999985266 ) ;
#2052 = FACE_OUTER_BOUND ( 'NONE', #455, .T. ) ;
#2053 = ORIENTED_EDGE ( 'NONE', *, *, #2062, .T. ) ;
#2054 = ORIENTED_EDGE ( 'NONE', *, *, #24, .T. ) ;
#2055 = ORIENTED_EDGE ( 'NONE', *, *, #2346, .F. ) ;
#2056 = ORIENTED_EDGE ( 'NONE', *, *, #1545, .T. ) ;
#2057 = CARTESIAN_POINT ( 'NONE',  ( 0.5500000000000000444, -1.525000000000001243, -2.500000000000000444 ) ) ;
#2058 = VECTOR ( 'NONE', #2803, 39.37007874015748143 ) ;
#2059 = FACE_BOUND ( 'NONE', #2232, .T. ) ;
#2060 = EDGE_CURVE ( 'NONE', #3302, #299, #2873, .T. ) ;
#2061 = CARTESIAN_POINT ( 'NONE',  ( 0.5999999999999999778, -1.775000000000001243, -2.550000000000000266 ) ) ;
#2062 = EDGE_CURVE ( 'NONE', #606, #2149, #808, .T. ) ;
#2063 = ORIENTED_EDGE ( 'NONE', *, *, #2608, .T. ) ;
#2064 = VECTOR ( 'NONE', #2990, 39.37007874015748143 ) ;
#2065 = DIRECTION ( 'NONE',  ( 0.000000000000000000, 0.000000000000000000, -1.000000000000000000 ) ) ;
#2066 = DIRECTION ( 'NONE',  ( 0.000000000000000000, 1.517693329813478087E-16, -1.000000000000000000 ) ) ;
#2067 = CARTESIAN_POINT ( 'NONE',  ( 1.100000000000000089, 0.7000000000000007327, -0.4000000000000029088 ) ) ;
#2068 = DIRECTION ( 'NONE',  ( 1.000000000000000000, -0.000000000000000000, -0.000000000000000000 ) ) ;
#2069 = DIRECTION ( 'NONE',  ( 0.000000000000000000, -0.000000000000000000, 1.000000000000000000 ) ) ;
#2070 = ORIENTED_EDGE ( 'NONE', *, *, #1271, .F. ) ;
#2071 = ADVANCED_FACE ( 'NONE', ( #274 ), #2385, .F. ) ;
#2072 = ORIENTED_EDGE ( 'NONE', *, *, #2970, .T. ) ;
#2073 = VERTEX_POINT ( 'NONE', #523 ) ;
#2074 = EDGE_LOOP ( 'NONE', ( #1974, #867, #3434, #2488 ) ) ;
#2075 = CARTESIAN_POINT ( 'NONE',  ( 0.1000000000000000056, -3.000000000000000888, -2.000000000000000444 ) ) ;
#2076 = CARTESIAN_POINT ( 'NONE',  ( 0.1000000000000000056, 2.875000000000000888, -1.749999999999999556 ) ) ;
#2077 = CARTESIAN_POINT ( 'NONE',  ( 0.1000000000000000056, -2.575000000000000622, -0.5250000000000007994 ) ) ;
#2078 = DIRECTION ( 'NONE',  ( 0.000000000000000000, 0.000000000000000000, -1.000000000000000000 ) ) ;
#2079 = EDGE_LOOP ( 'NONE', ( #3364, #2007, #1642, #3348 ) ) ;
#2080 = DIRECTION ( 'NONE',  ( 1.000000000000000000, -0.000000000000000000, -0.000000000000000000 ) ) ;
#2081 = CARTESIAN_POINT ( 'NONE',  ( 0.6999999999999999556, -0.5499999999999998224, -1.524999999999999911 ) ) ;
#2082 = CARTESIAN_POINT ( 'NONE',  ( 2.601873829587559417, 0.7500000000000023315, -1.909999999999999920 ) ) ;
#2083 = AXIS2_PLACEMENT_3D ( 'NONE', #3246, #2531, #1623 ) ;
#2084 = DIRECTION ( 'NONE',  ( -1.000000000000000000, 0.000000000000000000, 0.000000000000000000 ) ) ;
#2085 = EDGE_CURVE ( 'NONE', #1800, #2880, #3442, .T. ) ;
#2086 = VECTOR ( 'NONE', #2832, 39.37007874015748143 ) ;
#2087 = CIRCLE ( 'NONE', #2370, 0.2499999999999998057 ) ;
#2088 = DIRECTION ( 'NONE',  ( -0.000000000000000000, 1.000000000000000000, 1.517693329813478087E-16 ) ) ;
#2089 = DIRECTION ( 'NONE',  ( -1.000000000000000000, 0.000000000000000000, 0.000000000000000000 ) ) ;
#2090 = VERTEX_POINT ( 'NONE', #2722 ) ;
#2091 = AXIS2_PLACEMENT_3D ( 'NONE', #560, #2686, #280 ) ;
#2092 = ADVANCED_FACE ( 'NONE', ( #1085 ), #1859, .F. ) ;
#2093 = ORIENTED_EDGE ( 'NONE', *, *, #1885, .T. ) ;
#2094 = ORIENTED_EDGE ( 'NONE', *, *, #631, .F. ) ;
#2095 = DIRECTION ( 'NONE',  ( 1.000000000000000000, -0.000000000000000000, -0.000000000000000000 ) ) ;
#2096 = DIRECTION ( 'NONE',  ( 0.000000000000000000, 0.000000000000000000, -1.000000000000000000 ) ) ;
#2097 = FACE_BOUND ( 'NONE', #189, .T. ) ;
#2098 = LINE ( 'NONE', #3192, #3079 ) ;
#2099 = CARTESIAN_POINT ( 'NONE',  ( 0.1000000000000000056, -0.8499999999999980904, -1.909999999999999920 ) ) ;
#2100 = FACE_OUTER_BOUND ( 'NONE', #739, .T. ) ;
#2101 = FACE_OUTER_BOUND ( 'NONE', #2236, .T. ) ;
#2102 = DIRECTION ( 'NONE',  ( 0.000000000000000000, 0.000000000000000000, 1.000000000000000000 ) ) ;
#2103 = VERTEX_POINT ( 'NONE', #2947 ) ;
#2104 = DIRECTION ( 'NONE',  ( 1.000000000000000000, 0.000000000000000000, 0.000000000000000000 ) ) ;
#2105 = CARTESIAN_POINT ( 'NONE',  ( 0.2241211082926797271, -0.7000000000000007327, -0.3000000000000007105 ) ) ;
#2106 = EDGE_CURVE ( 'NONE', #3115, #3451, #1593, .T. ) ;
#2107 = EDGE_CURVE ( 'NONE', #3133, #2579, #1327, .T. ) ;
#2108 = ORIENTED_EDGE ( 'NONE', *, *, #1898, .F. ) ;
#2109 = VERTEX_POINT ( 'NONE', #3212 ) ;
#2110 = VERTEX_POINT ( 'NONE', #1031 ) ;
#2111 = DIRECTION ( 'NONE',  ( 0.000000000000000000, -0.000000000000000000, -1.000000000000000000 ) ) ;
#2112 = APPROVAL ( #1976, 'UNSPECIFIED' ) ;
#2113 = CARTESIAN_POINT ( 'NONE',  ( 2.601873829587559417, -0.7499999999999980016, -1.909999999999999920 ) ) ;
#2114 = DIRECTION ( 'NONE',  ( 1.000000000000000000, -0.000000000000000000, -0.000000000000000000 ) ) ;
#2115 = CARTESIAN_POINT ( 'NONE',  ( 0.1000000000000000056, 0.5999999999999964251, -0.3000000000000028200 ) ) ;
#2116 = FACE_OUTER_BOUND ( 'NONE', #3263, .T. ) ;
#2117 = CARTESIAN_POINT ( 'NONE',  ( 1.100000000000000089, -2.450000000000000178, -1.599999999999999867 ) ) ;
#2118 = CARTESIAN_POINT ( 'NONE',  ( 0.3192047850755755922, -1.635300535225025609, -1.942649770820153998 ) ) ;
#2119 = DIRECTION ( 'NONE',  ( -1.000000000000000000, -0.000000000000000000, -0.000000000000000000 ) ) ;
#2120 = ORIENTED_EDGE ( 'NONE', *, *, #1128, .T. ) ;
#2121 = CARTESIAN_POINT ( 'NONE',  ( 2.601873829587559417, 0.7500000000000021094, -1.984999999999999654 ) ) ;
#2122 = DIRECTION ( 'NONE',  ( 0.000000000000000000, 0.000000000000000000, 1.000000000000000000 ) ) ;
#2123 = ORIENTED_EDGE ( 'NONE', *, *, #708, .F. ) ;
#2124 = ADVANCED_FACE ( 'NONE', ( #2100 ), #255, .F. ) ;
#2125 = EDGE_CURVE ( 'NONE', #2292, #3362, #1933, .T. ) ;
#2126 = VECTOR ( 'NONE', #2939, 39.37007874015748143 ) ;
#2127 = EDGE_LOOP ( 'NONE', ( #2549, #873, #3285, #121, #272, #17, #3332 ) ) ;
#2128 = ORIENTED_EDGE ( 'NONE', *, *, #1880, .F. ) ;
#2129 = FACE_OUTER_BOUND ( 'NONE', #623, .T. ) ;
#2130 = DIRECTION ( 'NONE',  ( 0.000000000000000000, 0.000000000000000000, -1.000000000000000000 ) ) ;
#2131 = ORIENTED_EDGE ( 'NONE', *, *, #3488, .F. ) ;
#2132 = CARTESIAN_POINT ( 'NONE',  ( 1.100000000000000089, 0.000000000000000000, 0.000000000000000000 ) ) ;
#2133 = VECTOR ( 'NONE', #1603, 39.37007874015748143 ) ;
#2134 = CARTESIAN_POINT ( 'NONE',  ( 0.1000000000000000056, 0.4250000000000038192, 0.4999999999999992228 ) ) ;
#2135 = ADVANCED_FACE ( 'NONE', ( #2681, #2701, #2909, #790, #771, #1574, #3177, #2928, #505, #2420, #2442, #2646, #1066, #6, #2984, #2153 ), #238, .T. ) ;
#2136 = DIRECTION ( 'NONE',  ( 0.000000000000000000, 0.000000000000000000, -1.000000000000000000 ) ) ;
#2137 = DIRECTION ( 'NONE',  ( 1.000000000000000000, 0.000000000000000000, 0.000000000000000000 ) ) ;
#2138 = VERTEX_POINT ( 'NONE', #2964 ) ;
#2139 = CARTESIAN_POINT ( 'NONE',  ( 0.6999999999999999556, 0.8250000000000003997, -0.3000000000000029310 ) ) ;
#2140 = CARTESIAN_POINT ( 'NONE',  ( 0.000000000000000000, -0.9999999999999994449, -3.875000000000000444 ) ) ;
#2141 = VECTOR ( 'NONE', #2966, 39.37007874015748143 ) ;
#2142 = EDGE_LOOP ( 'NONE', ( #1738, #2919, #2851, #2731 ) ) ;
#2143 = VERTEX_POINT ( 'NONE', #556 ) ;
#2144 = VECTOR ( 'NONE', #2953, 39.37007874015748143 ) ;
#2145 = VECTOR ( 'NONE', #615, 39.37007874015748143 ) ;
#2146 = ORIENTED_EDGE ( 'NONE', *, *, #638, .F. ) ;
#2147 = DIRECTION ( 'NONE',  ( 1.000000000000000000, 0.000000000000000000, 0.000000000000000000 ) ) ;
#2148 = CARTESIAN_POINT ( 'NONE',  ( 0.000000000000000000, -3.000000000000000888, -2.000000000000000444 ) ) ;
#2149 = VERTEX_POINT ( 'NONE', #844 ) ;
#2150 = EDGE_CURVE ( 'NONE', #1230, #1753, #1368, .T. ) ;
#2151 = EDGE_CURVE ( 'NONE', #1577, #3330, #2391, .T. ) ;
#2152 = DIRECTION ( 'NONE',  ( 0.000000000000000000, 1.000000000000000000, 0.000000000000000000 ) ) ;
#2153 = FACE_BOUND ( 'NONE', #205, .T. ) ;
#2154 = DIRECTION ( 'NONE',  ( 1.000000000000000000, 0.000000000000000000, 0.000000000000000000 ) ) ;
#2155 = CARTESIAN_POINT ( 'NONE',  ( 0.5500000000000000444, -1.775000000000001465, -2.500000000000000444 ) ) ;
#2156 = ORIENTED_EDGE ( 'NONE', *, *, #1639, .T. ) ;
#2157 = DIRECTION ( 'NONE',  ( 1.000000000000000000, -0.000000000000000000, -0.000000000000000000 ) ) ;
#2158 = CYLINDRICAL_SURFACE ( 'NONE', #1811, 0.06496062999999985266 ) ;
#2159 = DIRECTION ( 'NONE',  ( 0.000000000000000000, 0.000000000000000000, -1.000000000000000000 ) ) ;
#2160 = EDGE_LOOP ( 'NONE', ( #1183, #531, #3170, #1429 ) ) ;
#2161 = EDGE_LOOP ( 'NONE', ( #1830, #1073 ) ) ;
#2162 = EDGE_LOOP ( 'NONE', ( #3004, #548, #583, #374 ) ) ;
#2163 = CARTESIAN_POINT ( 'NONE',  ( 0.1000000000000000056, 2.150000000000000355, -2.989960629999998787 ) ) ;
#2164 = DIRECTION ( 'NONE',  ( 1.000000000000000000, -0.000000000000000000, -0.000000000000000000 ) ) ;
#2165 = CARTESIAN_POINT ( 'NONE',  ( 2.601873829587559417, 0.7500000000000023315, -1.909999999999999920 ) ) ;
#2166 = ORIENTED_EDGE ( 'NONE', *, *, #2388, .F. ) ;
#2167 = CARTESIAN_POINT ( 'NONE',  ( 0.000000000000000000, -1.912500000000001199, -2.150000000000000355 ) ) ;
#2168 = VECTOR ( 'NONE', #2068, 39.37007874015748143 ) ;
#2169 = EDGE_CURVE ( 'NONE', #834, #554, #90, .T. ) ;
#2171 = EDGE_CURVE ( 'NONE', #1220, #3074, #1638, .T. ) ;
#2170 = DIRECTION ( 'NONE',  ( 0.000000000000000000, -1.000000000000000000, 2.875629467015014277E-16 ) ) ;
#2172 = CARTESIAN_POINT ( 'NONE',  ( 0.1000000000000000056, 0.000000000000000000, 0.5000000000000000000 ) ) ;
#2173 = CARTESIAN_POINT ( 'NONE',  ( 0.3500000000000000333, 0.000000000000000000, 0.000000000000000000 ) ) ;
#2174 = EDGE_LOOP ( 'NONE', ( #329, #2800, #1397, #2995 ) ) ;
#2175 = DIRECTION ( 'NONE',  ( 1.000000000000000000, 0.000000000000000000, 0.000000000000000000 ) ) ;
#2176 = CARTESIAN_POINT ( 'NONE',  ( 0.09999999999999997780, 0.6482233047033637563, -0.4517766952966398297 ) ) ;
#2177 = CARTESIAN_POINT ( 'NONE',  ( 0.000000000000000000, -2.875000000000000888, -0.2500000000000006106 ) ) ;
#2178 = VECTOR ( 'NONE', #1783, 39.37007874015748143 ) ;
#2179 = ORIENTED_EDGE ( 'NONE', *, *, #1993, .T. ) ;
#2180 = CIRCLE ( 'NONE', #2233, 0.06496063000000011634 ) ;
#2181 = ORIENTED_EDGE ( 'NONE', *, *, #191, .F. ) ;
#2182 = VERTEX_POINT ( 'NONE', #1951 ) ;
#2183 = CYLINDRICAL_SURFACE ( 'NONE', #1977, 0.1000000000000000194 ) ;
#2184 = CARTESIAN_POINT ( 'NONE',  ( 0.000000000000000000, 2.875000000000000888, -1.814960629999999853 ) ) ;
#2185 = DIRECTION ( 'NONE',  ( 0.000000000000000000, 1.000000000000000000, -2.731847993664263711E-16 ) ) ;
#2186 = EDGE_LOOP ( 'NONE', ( #783, #2070, #16, #1844 ) ) ;
#2187 = CARTESIAN_POINT ( 'NONE',  ( 0.1000000000000000056, -0.4249999999999999889, -1.600000000000000089 ) ) ;
#2188 = DIRECTION ( 'NONE',  ( 1.000000000000000000, 0.000000000000000000, 0.000000000000000000 ) ) ;
#2189 = CARTESIAN_POINT ( 'NONE',  ( 0.6999999999999999556, -0.5499999999999994893, 8.195543980992789655E-16 ) ) ;
#2190 = CYLINDRICAL_SURFACE ( 'NONE', #1221, 0.1250000000000000278 ) ;
#2191 = ORIENTED_EDGE ( 'NONE', *, *, #1920, .T. ) ;
#2192 = LINE ( 'NONE', #543, #576 ) ;
#2193 = CARTESIAN_POINT ( 'NONE',  ( 0.6999999999999999556, 0.7000000000000007327, -0.3000000000000028755 ) ) ;
#2194 = CARTESIAN_POINT ( 'NONE',  ( 0.1000000000000000056, -2.640000000000002345, -1.979999999999997540 ) ) ;
#2195 = ORIENTED_EDGE ( 'NONE', *, *, #1993, .F. ) ;
#2196 = EDGE_CURVE ( 'NONE', #1584, #1201, #289, .T. ) ;
#2197 = EDGE_CURVE ( 'NONE', #138, #2685, #1158, .T. ) ;
#2198 = EDGE_LOOP ( 'NONE', ( #3106, #104 ) ) ;
#2199 = ORIENTED_EDGE ( 'NONE', *, *, #2390, .T. ) ;
#2200 = CARTESIAN_POINT ( 'NONE',  ( 0.1000000000000000056, 6.439355985065775627E-17, -0.3000000000000005440 ) ) ;
#2201 = EDGE_CURVE ( 'NONE', #1458, #3302, #1685, .T. ) ;
#2202 = CIRCLE ( 'NONE', #174, 0.1250000000000000278 ) ;
#2203 = CIRCLE ( 'NONE', #2713, 0.1250000000000000278 ) ;
#2204 = DIRECTION ( 'NONE',  ( 0.000000000000000000, -2.146451995021921100E-16, -1.000000000000000000 ) ) ;
#2205 = ORIENTED_EDGE ( 'NONE', *, *, #127, .T. ) ;
#2206 = AXIS2_PLACEMENT_3D ( 'NONE', #616, #2265, #2545 ) ;
#2207 = DIRECTION ( 'NONE',  ( 0.000000000000000000, 0.000000000000000000, -1.000000000000000000 ) ) ;
#2208 = LINE ( 'NONE', #3070, #3326 ) ;
#2209 = CARTESIAN_POINT ( 'NONE',  ( 0.1000000000000000056, 0.000000000000000000, -1.900000000000000133 ) ) ;
#2210 = CARTESIAN_POINT ( 'NONE',  ( 0.000000000000000000, -2.875000000000000888, -0.3149606300000006853 ) ) ;
#2211 = ORIENTED_EDGE ( 'NONE', *, *, #1853, .F. ) ;
#2212 = VECTOR ( 'NONE', #2344, 39.37007874015748143 ) ;
#2213 = CARTESIAN_POINT ( 'NONE',  ( 0.1000000000000000056, 2.200000000000001066, -1.900000000000001021 ) ) ;
#2214 = CARTESIAN_POINT ( 'NONE',  ( 0.2249999999999999778, -0.4249999999999999889, -1.600000000000000311 ) ) ;
#2215 = LINE ( 'NONE', #1455, #3084 ) ;
#2216 = AXIS2_PLACEMENT_3D ( 'NONE', #1348, #2154, #2682 ) ;
#2217 = EDGE_CURVE ( 'NONE', #2073, #2354, #2459, .T. ) ;
#2218 = ORIENTED_EDGE ( 'NONE', *, *, #93, .T. ) ;
#2219 = ADVANCED_FACE ( 'NONE', ( #928, #1718 ), #3270, .T. ) ;
#2220 = VERTEX_POINT ( 'NONE', #2495 ) ;
#2221 = DATE_AND_TIME ( #640, #21 ) ;
#2222 = ORIENTED_EDGE ( 'NONE', *, *, #1196, .T. ) ;
#2223 = LINE ( 'NONE', #365, #116 ) ;
#2224 = CARTESIAN_POINT ( 'NONE',  ( 1.100000000000000089, -0.9499999999999998446, -1.600000000000000311 ) ) ;
#2225 = DIRECTION ( 'NONE',  ( -1.000000000000000000, 0.000000000000000000, -0.000000000000000000 ) ) ;
#2226 = EDGE_LOOP ( 'NONE', ( #3080, #1565, #229, #1949 ) ) ;
#2227 = CARTESIAN_POINT ( 'NONE',  ( 0.1000000000000000056, 0.8500000000000017542, -2.084999999999999964 ) ) ;
#2228 = DIRECTION ( 'NONE',  ( 0.000000000000000000, -1.000000000000000000, 0.000000000000000000 ) ) ;
#2229 = CARTESIAN_POINT ( 'NONE',  ( 1.100000000000000089, -0.5500000000000001554, -1.524999999999999911 ) ) ;
#2230 = AXIS2_PLACEMENT_3D ( 'NONE', #2607, #1799, #2360 ) ;
#2231 = EDGE_LOOP ( 'NONE', ( #2123, #3122, #2955, #403, #901, #359, #2735 ) ) ;
#2232 = EDGE_LOOP ( 'NONE', ( #2120, #2356 ) ) ;
#2233 = AXIS2_PLACEMENT_3D ( 'NONE', #3325, #872, #905 ) ;
#2234 = EDGE_CURVE ( 'NONE', #701, #101, #611, .T. ) ;
#2235 = CALENDAR_DATE ( 2026, 27, 4 ) ;
#2236 = EDGE_LOOP ( 'NONE', ( #3354, #1002, #955, #1986 ) ) ;
#2237 = PERSON ( 'UNSPECIFIED', 'UNSPECIFIED', 'UNSPECIFIED', ('UNSPECIFIED'), ('UNSPECIFIED'), ('UNSPECIFIED') ) ;
#2238 = ADVANCED_FACE ( 'NONE', ( #1448 ), #3319, .F. ) ;
#2239 = EDGE_CURVE ( 'NONE', #1275, #101, #2208, .T. ) ;
#2240 = CARTESIAN_POINT ( 'NONE',  ( 0.1000000000000000194, -2.501776695296637598, -0.4517766952966375538 ) ) ;
#2241 = AXIS2_PLACEMENT_3D ( 'NONE', #3, #2152, #26 ) ;
#2242 = DIRECTION ( 'NONE',  ( -1.000000000000000000, -0.000000000000000000, -0.000000000000000000 ) ) ;
#2243 = DIRECTION ( 'NONE',  ( 1.000000000000000000, 0.000000000000000000, 0.000000000000000000 ) ) ;
#2244 = EDGE_LOOP ( 'NONE', ( #1943, #2507, #2784, #265 ) ) ;
#2245 = ADVANCED_FACE ( 'NONE', ( #1173 ), #44, .T. ) ;
#2246 = DIRECTION ( 'NONE',  ( 0.000000000000000000, 1.000000000000000000, -3.902639990948946222E-17 ) ) ;
#2247 = CARTESIAN_POINT ( 'NONE',  ( 0.2241211082926797271, -0.7000000000000007327, -0.3000000000000007105 ) ) ;
#2248 = CYLINDRICAL_SURFACE ( 'NONE', #1785, 0.1250000000000000278 ) ;
#2249 = ORIENTED_EDGE ( 'NONE', *, *, #1979, .F. ) ;
#2250 = ORIENTED_EDGE ( 'NONE', *, *, #852, .T. ) ;
#2251 = AXIS2_PLACEMENT_3D ( 'NONE', #2117, #538, #2170 ) ;
#2252 = ORIENTED_EDGE ( 'NONE', *, *, #729, .F. ) ;
#2253 = VECTOR ( 'NONE', #1610, 39.37007874015748143 ) ;
#2254 = AXIS2_PLACEMENT_3D ( 'NONE', #308, #1211, #37 ) ;
#2255 = ORIENTED_EDGE ( 'NONE', *, *, #169, .T. ) ;
#2256 = DIRECTION ( 'NONE',  ( 0.000000000000000000, -1.000000000000000000, 3.902639990948946222E-17 ) ) ;
#2257 = LINE ( 'NONE', #1449, #1711 ) ;
#2258 = ADVANCED_FACE ( 'NONE', ( #2755 ), #1186, .F. ) ;
#2259 = DIRECTION ( 'NONE',  ( -1.000000000000000000, -0.000000000000000000, -0.000000000000000000 ) ) ;
#2260 = EDGE_CURVE ( 'NONE', #1833, #1413, #408, .T. ) ;
#2261 = VECTOR ( 'NONE', #177, 39.37007874015748143 ) ;
#2262 = CIRCLE ( 'NONE', #463, 0.07874016000000005899 ) ;
#2263 = ORIENTED_EDGE ( 'NONE', *, *, #1725, .F. ) ;
#2264 = CARTESIAN_POINT ( 'NONE',  ( 0.1000000000000000056, 0.4249999999999999889, -1.600000000000001421 ) ) ;
#2265 = DIRECTION ( 'NONE',  ( 1.000000000000000000, 0.000000000000000000, 0.000000000000000000 ) ) ;
#2266 = CARTESIAN_POINT ( 'NONE',  ( 0.1000000000000000056, 2.875000000000000888, -1.814960629999999853 ) ) ;
#2267 = DIRECTION ( 'NONE',  ( -0.000000000000000000, 3.642463991552356480E-15, 1.000000000000000000 ) ) ;
#2268 = VECTOR ( 'NONE', #3370, 39.37007874015748143 ) ;
#2269 = ORIENTED_EDGE ( 'NONE', *, *, #3217, .T. ) ;
#2270 = AXIS2_PLACEMENT_3D ( 'NONE', #711, #1784, #824 ) ;
#2271 = ORIENTED_EDGE ( 'NONE', *, *, #1947, .F. ) ;
#2272 = VERTEX_POINT ( 'NONE', #1700 ) ;
#2273 = CARTESIAN_POINT ( 'NONE',  ( 0.2247055142142412587, -0.7000000000000007327, -0.3060370261232927547 ) ) ;
#2274 = DIRECTION ( 'NONE',  ( 1.000000000000000000, -0.000000000000000000, -0.000000000000000000 ) ) ;
#2275 = CARTESIAN_POINT ( 'NONE',  ( 0.1517766952966368432, -2.450000000000000178, -1.524999999999999689 ) ) ;
#2276 = ORIENTED_EDGE ( 'NONE', *, *, #474, .F. ) ;
#2277 = EDGE_CURVE ( 'NONE', #3185, #2354, #2223, .T. ) ;
#2278 = EDGE_CURVE ( 'NONE', #3244, #1930, #1403, .T. ) ;
#2279 = CARTESIAN_POINT ( 'NONE',  ( 0.1000000000000000056, -2.875000000000000888, -1.750000000000000666 ) ) ;
#2280 = LINE ( 'NONE', #2515, #1146 ) ;
#2281 = DIRECTION ( 'NONE',  ( 0.000000000000000000, -0.000000000000000000, -1.000000000000000000 ) ) ;
#2282 = FACE_OUTER_BOUND ( 'NONE', #1747, .T. ) ;
#2283 = ORIENTED_EDGE ( 'NONE', *, *, #1385, .T. ) ;
#2284 = VERTEX_POINT ( 'NONE', #911 ) ;
#2285 = ADVANCED_FACE ( 'NONE', ( #1980 ), #3291, .F. ) ;
#2286 = VERTEX_POINT ( 'NONE', #1007 ) ;
#2287 = VECTOR ( 'NONE', #2078, 39.37007874015748143 ) ;
#2288 = AXIS2_PLACEMENT_3D ( 'NONE', #2454, #2733, #117 ) ;
#2289 = DIRECTION ( 'NONE',  ( 0.000000000000000000, 0.000000000000000000, -1.000000000000000000 ) ) ;
#2290 = CARTESIAN_POINT ( 'NONE',  ( 1.100000000000000089, -0.9499999999999995115, -0.3000000000000007661 ) ) ;
#2291 = CARTESIAN_POINT ( 'NONE',  ( 1.100000000000000089, -0.7499999999999980016, -1.909999999999999920 ) ) ;
#2292 = VERTEX_POINT ( 'NONE', #2325 ) ;
#2293 = VECTOR ( 'NONE', #330, 39.37007874015748143 ) ;
#2294 = LINE ( 'NONE', #3373, #686 ) ;
#2295 = DIRECTION ( 'NONE',  ( 0.000000000000000000, 0.000000000000000000, -1.000000000000000000 ) ) ;
#2296 = CARTESIAN_POINT ( 'NONE',  ( 0.2249999999999999223, 2.450000000000000178, -1.525000000000002132 ) ) ;
#2297 = CARTESIAN_POINT ( 'NONE',  ( 0.4060255460700170627, -1.553926721053672466, -2.033178686556959214 ) ) ;
#2298 = DIRECTION ( 'NONE',  ( 0.000000000000000000, 0.000000000000000000, -1.000000000000000000 ) ) ;
#2299 = EDGE_LOOP ( 'NONE', ( #2166, #493, #1523, #694, #2730, #2452, #2937, #2338 ) ) ;
#2300 = ADVANCED_FACE ( 'NONE', ( #3087 ), #3152, .F. ) ;
#2301 = ORIENTED_EDGE ( 'NONE', *, *, #932, .F. ) ;
#2302 = CIRCLE ( 'NONE', #795, 0.06496062999999985266 ) ;
#2303 = ORIENTED_EDGE ( 'NONE', *, *, #2754, .T. ) ;
#2304 = ORIENTED_EDGE ( 'NONE', *, *, #2003, .F. ) ;
#2305 = CARTESIAN_POINT ( 'NONE',  ( 0.3499999999999999778, -1.647360164721186404, -1.935039370000000147 ) ) ;
#2306 = VECTOR ( 'NONE', #1313, 39.37007874015748143 ) ;
#2307 = DIRECTION ( 'NONE',  ( 0.000000000000000000, 1.517693329813478087E-16, -1.000000000000000000 ) ) ;
#2308 = CARTESIAN_POINT ( 'NONE',  ( 0.2249999999999999223, -2.450000000000000178, -1.524999999999999911 ) ) ;
#2309 = LINE ( 'NONE', #977, #643 ) ;
#2310 = DIRECTION ( 'NONE',  ( 0.000000000000000000, 0.000000000000000000, 1.000000000000000000 ) ) ;
#2311 = CYLINDRICAL_SURFACE ( 'NONE', #2655, 0.1249999999999999029 ) ;
#2312 = VECTOR ( 'NONE', #2971, 39.37007874015748143 ) ;
#2313 = FACE_OUTER_BOUND ( 'NONE', #2142, .T. ) ;
#2314 = CARTESIAN_POINT ( 'NONE',  ( 0.000000000000000000, 2.875000000000000888, -1.749999999999999556 ) ) ;
#2315 = AXIS2_PLACEMENT_3D ( 'NONE', #322, #3028, #1393 ) ;
#2316 = DIRECTION ( 'NONE',  ( 1.000000000000000000, -0.000000000000000000, -0.000000000000000000 ) ) ;
#2317 = EDGE_LOOP ( 'NONE', ( #2861, #2389 ) ) ;
#2318 = EDGE_LOOP ( 'NONE', ( #1094, #1249, #728, #2492 ) ) ;
#2319 = AXIS2_PLACEMENT_3D ( 'NONE', #1496, #3174, #2046 ) ;
#2320 = EDGE_CURVE ( 'NONE', #226, #2978, #1748, .T. ) ;
#2321 = ADVANCED_FACE ( 'NONE', ( #1202 ), #1533, .F. ) ;
#2322 = EDGE_LOOP ( 'NONE', ( #173, #2512, #2885, #972 ) ) ;
#2323 = CC_DESIGN_APPROVAL ( #2631, ( #765 ) ) ;
#2324 = ORIENTED_EDGE ( 'NONE', *, *, #2436, .F. ) ;
#2325 = CARTESIAN_POINT ( 'NONE',  ( 0.000000000000000000, -2.875000000000000888, -0.1850393700000005637 ) ) ;
#2326 = FACE_BOUND ( 'NONE', #1850, .T. ) ;
#2327 = CARTESIAN_POINT ( 'NONE',  ( 0.3500000000000000333, -1.775000000000001465, -2.364960630000000563 ) ) ;
#2328 = ORIENTED_EDGE ( 'NONE', *, *, #1831, .T. ) ;
#2329 = FACE_OUTER_BOUND ( 'NONE', #34, .T. ) ;
#2330 = EDGE_CURVE ( 'NONE', #2024, #1452, #682, .T. ) ;
#2331 = CARTESIAN_POINT ( 'NONE',  ( 1.100000000000000089, 2.450000000000000178, -1.600000000000000977 ) ) ;
#2332 = CARTESIAN_POINT ( 'NONE',  ( 0.1000000000018263224, 0.5916387586962540412, -0.3062734247368055773 ) ) ;
#2333 = CARTESIAN_POINT ( 'NONE',  ( -1.001545631273520698, -1.775000000000001243, -2.966666666666667673 ) ) ;
#2334 = FACE_OUTER_BOUND ( 'NONE', #1743, .T. ) ;
#2335 = VERTEX_POINT ( 'NONE', #2305 ) ;
#2336 = ORIENTED_EDGE ( 'NONE', *, *, #1817, .F. ) ;
#2337 = VERTEX_POINT ( 'NONE', #3350 ) ;
#2338 = ORIENTED_EDGE ( 'NONE', *, *, #2899, .F. ) ;
#2339 = EDGE_CURVE ( 'NONE', #722, #669, #1801, .T. ) ;
#2340 = EDGE_CURVE ( 'NONE', #2846, #325, #2567, .T. ) ;
#2341 = DIRECTION ( 'NONE',  ( 1.000000000000000000, 0.000000000000000000, 0.000000000000000000 ) ) ;
#2342 = CARTESIAN_POINT ( 'NONE',  ( 0.1000000000000000056, 0.000000000000000000, 0.5000000000000000000 ) ) ;
#2343 = AXIS2_PLACEMENT_3D ( 'NONE', #141, #446, #1219 ) ;
#2344 = DIRECTION ( 'NONE',  ( -1.000000000000000000, -0.000000000000000000, -0.000000000000000000 ) ) ;
#2345 = CARTESIAN_POINT ( 'NONE',  ( 1.100000000000000089, -2.450000000000000178, -1.524999999999999911 ) ) ;
#2346 = EDGE_CURVE ( 'NONE', #170, #2579, #1022, .T. ) ;
#2347 = ORIENTED_EDGE ( 'NONE', *, *, #3453, .T. ) ;
#2348 = CARTESIAN_POINT ( 'NONE',  ( 0.1517766952966368155, -0.7000000000000006217, -0.4000000000000008549 ) ) ;
#2349 = CARTESIAN_POINT ( 'NONE',  ( 0.2249999999999999778, -0.5750000000000007327, -0.3181534085976782111 ) ) ;
#2350 = DIRECTION ( 'NONE',  ( 0.000000000000000000, -2.875629467015014277E-16, -1.000000000000000000 ) ) ;
#2351 = DIRECTION ( 'NONE',  ( 0.000000000000000000, 0.000000000000000000, -1.000000000000000000 ) ) ;
#2352 = EDGE_CURVE ( 'NONE', #601, #606, #3404, .T. ) ;
#2353 = CARTESIAN_POINT ( 'NONE',  ( 0.8249999999999999556, 0.9500000000000000666, -1.600000000000000977 ) ) ;
#2354 = VERTEX_POINT ( 'NONE', #673 ) ;
#2355 = ORIENTED_EDGE ( 'NONE', *, *, #3334, .F. ) ;
#2356 = ORIENTED_EDGE ( 'NONE', *, *, #3257, .T. ) ;
#2357 = LINE ( 'NONE', #533, #2759 ) ;
#2358 = DIRECTION ( 'NONE',  ( 0.000000000000000000, -1.000000000000000000, 2.875629467015014277E-16 ) ) ;
#2359 = CARTESIAN_POINT ( 'NONE',  ( 0.5500000000000000444, -1.775000000000001243, -2.500000000000000444 ) ) ;
#2360 = DIRECTION ( 'NONE',  ( 0.000000000000000000, -3.902639990948944990E-17, 1.000000000000000000 ) ) ;
#2361 = DIRECTION ( 'NONE',  ( -0.000000000000000000, 0.000000000000000000, 1.000000000000000000 ) ) ;
#2362 = VECTOR ( 'NONE', #573, 39.37007874015748143 ) ;
#2363 = EDGE_CURVE ( 'NONE', #3099, #480, #1867, .T. ) ;
#2365 = ADVANCED_FACE ( 'NONE', ( #3102 ), #690, .T. ) ;
#2364 = DIRECTION ( 'NONE',  ( -1.000000000000000000, 0.000000000000000000, -0.000000000000000000 ) ) ;
#2366 = DIRECTION ( 'NONE',  ( 0.000000000000000000, 1.000000000000000000, -2.185478394931410180E-15 ) ) ;
#2367 = PLANE ( 'NONE',  #2868 ) ;
#2368 = CARTESIAN_POINT ( 'NONE',  ( 0.3695423953416394069, -1.540942016695547423, -2.062146267107232145 ) ) ;
#2369 = VECTOR ( 'NONE', #252, 39.37007874015748143 ) ;
#2370 = AXIS2_PLACEMENT_3D ( 'NONE', #1754, #1554, #678 ) ;
#2371 = LINE ( 'NONE', #1244, #404 ) ;
#2372 = PLANE ( 'NONE',  #2628 ) ;
#2373 = AXIS2_PLACEMENT_3D ( 'NONE', #2728, #2707, #3309 ) ;
#2374 = ORIENTED_EDGE ( 'NONE', *, *, #222, .F. ) ;
#2375 = AXIS2_PLACEMENT_3D ( 'NONE', #1387, #1965, #331 ) ;
#2376 = EDGE_LOOP ( 'NONE', ( #1903, #2191, #1476, #1232 ) ) ;
#2377 = ORIENTED_EDGE ( 'NONE', *, *, #825, .T. ) ;
#2378 = APPLICATION_CONTEXT ( 'configuration controlled 3d designs of mechanical parts and assemblies' ) ;
#2379 = LINE ( 'NONE', #2075, #1405 ) ;
#2380 = FACE_OUTER_BOUND ( 'NONE', #2174, .T. ) ;
#2381 = CIRCLE ( 'NONE', #2776, 0.06496063000000011634 ) ;
#2382 = CARTESIAN_POINT ( 'NONE',  ( 0.1000000000000000056, -2.200000000000001066, -2.150000000000000355 ) ) ;
#2383 = LINE ( 'NONE', #271, #2287 ) ;
#2384 = PLANE ( 'NONE',  #1508 ) ;
#2385 = PLANE ( 'NONE',  #2537 ) ;
#2386 = DIRECTION ( 'NONE',  ( 0.000000000000000000, -1.000000000000000000, -2.875629467015014277E-16 ) ) ;
#2387 = FACE_OUTER_BOUND ( 'NONE', #2127, .T. ) ;
#2388 = EDGE_CURVE ( 'NONE', #836, #2040, #1462, .T. ) ;
#2389 = ORIENTED_EDGE ( 'NONE', *, *, #1979, .T. ) ;
#2390 = EDGE_CURVE ( 'NONE', #2891, #1452, #1766, .T. ) ;
#2391 =( BOUNDED_CURVE ( )  B_SPLINE_CURVE ( 3, ( #347, #379, #2240, #898 ),
 .UNSPECIFIED., .F., .F. ) 
 B_SPLINE_CURVE_WITH_KNOTS ( ( 4, 4 ),
 ( 0.000000000000000000, 1.570796326794896558 ),
 .UNSPECIFIED. ) 
 CURVE ( )  GEOMETRIC_REPRESENTATION_ITEM ( )  RATIONAL_B_SPLINE_CURVE ( ( 1.000000000000000000, 0.8047378541243649375, 0.8047378541243649375, 1.000000000000000000 ) ) 
 REPRESENTATION_ITEM ( '' )  );
#2392 = DIRECTION ( 'NONE',  ( 0.000000000000000000, 0.000000000000000000, -1.000000000000000000 ) ) ;
#2393 = DIRECTION ( 'NONE',  ( 0.000000000000000000, 2.875629467015014277E-16, 1.000000000000000000 ) ) ;
#2394 = ORIENTED_EDGE ( 'NONE', *, *, #3341, .T. ) ;
#2395 = ORIENTED_EDGE ( 'NONE', *, *, #93, .F. ) ;
#2396 = ORIENTED_EDGE ( 'NONE', *, *, #1208, .T. ) ;
#2397 = DIRECTION ( 'NONE',  ( 1.000000000000000000, 0.000000000000000000, 0.000000000000000000 ) ) ;
#2398 = DIRECTION ( 'NONE',  ( -0.000000000000000000, -2.875629467015014277E-16, 1.000000000000000000 ) ) ;
#2399 = CARTESIAN_POINT ( 'NONE',  ( 0.1000000000000000194, -2.050000000000001155, -1.900000000000000133 ) ) ;
#2400 = DIRECTION ( 'NONE',  ( 1.000000000000000000, 0.000000000000000000, 0.000000000000000000 ) ) ;
#2401 = DIRECTION ( 'NONE',  ( 0.000000000000000000, -1.000000000000000000, -3.902639990948946222E-17 ) ) ;
#2402 = AXIS2_PLACEMENT_3D ( 'NONE', #1175, #2243, #335 ) ;
#2403 = CARTESIAN_POINT ( 'NONE',  ( 0.000000000000000000, -2.150000000000000355, -2.860039370000001302 ) ) ;
#2404 = CARTESIAN_POINT ( 'NONE',  ( 0.3157219432951981486, -1.632309888466516590, -1.944685739689578474 ) ) ;
#2405 = DIRECTION ( 'NONE',  ( 0.000000000000000000, 0.000000000000000000, -1.000000000000000000 ) ) ;
#2406 = AXIS2_PLACEMENT_3D ( 'NONE', #340, #850, #1440 ) ;
#2407 = VERTEX_POINT ( 'NONE', #2538 ) ;
#2408 = CARTESIAN_POINT ( 'NONE',  ( 0.2000000000000000389, 0.7500000000000021094, -1.984999999999999654 ) ) ;
#2409 = DIRECTION ( 'NONE',  ( 1.000000000000000000, -0.000000000000000000, -0.000000000000000000 ) ) ;
#2410 = ORIENTED_EDGE ( 'NONE', *, *, #373, .T. ) ;
#2411 = AXIS2_PLACEMENT_3D ( 'NONE', #1076, #2147, #3487 ) ;
#2412 = EDGE_CURVE ( 'NONE', #3298, #1577, #3118, .T. ) ;
#2413 = EDGE_LOOP ( 'NONE', ( #2446, #2843, #2714, #2395 ) ) ;
#2414 = VERTEX_POINT ( 'NONE', #973 ) ;
#2415 = DIRECTION ( 'NONE',  ( 0.000000000000000000, 0.000000000000000000, -1.000000000000000000 ) ) ;
#2416 = PERSON_AND_ORGANIZATION ( #2237, #2941 ) ;
#2417 = CARTESIAN_POINT ( 'NONE',  ( 1.100000000000000089, 0.9500000000000005107, -2.731847993664265191E-16 ) ) ;
#2418 = ORIENTED_EDGE ( 'NONE', *, *, #3488, .T. ) ;
#2419 = CARTESIAN_POINT ( 'NONE',  ( 0.000000000000000000, 2.150000000000000355, -2.924999999999998934 ) ) ;
#2420 = FACE_BOUND ( 'NONE', #345, .T. ) ;
#2421 = CYLINDRICAL_SURFACE ( 'NONE', #1200, 0.06496063000000004695 ) ;
#2422 = CARTESIAN_POINT ( 'NONE',  ( 0.1000000000000000056, -0.8660254037844387076, -2.048885995248197414E-16 ) ) ;
#2423 = ORIENTED_EDGE ( 'NONE', *, *, #1931, .F. ) ;
#2424 = DIRECTION ( 'NONE',  ( -1.000000000000000000, 0.000000000000000000, 0.000000000000000000 ) ) ;
#2425 = CARTESIAN_POINT ( 'NONE',  ( 0.000000000000000000, 2.150000000000000355, -2.924999999999998934 ) ) ;
#2426 = LINE ( 'NONE', #796, #1734 ) ;
#2427 = AXIS2_PLACEMENT_3D ( 'NONE', #1278, #829, #2350 ) ;
#2428 = AXIS2_PLACEMENT_3D ( 'NONE', #745, #211, #1816 ) ;
#2429 = ORIENTED_EDGE ( 'NONE', *, *, #2521, .F. ) ;
#2430 = ORIENTED_EDGE ( 'NONE', *, *, #1251, .F. ) ;
#2431 = VECTOR ( 'NONE', #437, 39.37007874015748143 ) ;
#2432 = VECTOR ( 'NONE', #580, 39.37007874015748143 ) ;
#2433 = ORIENTED_EDGE ( 'NONE', *, *, #2600, .F. ) ;
#2434 = CARTESIAN_POINT ( 'NONE',  ( 0.3500000000000000333, -1.525000000000001243, -2.235039370000000414 ) ) ;
#2435 = EDGE_CURVE ( 'NONE', #1181, #3244, #2712, .T. ) ;
#2436 = EDGE_CURVE ( 'NONE', #393, #3298, #1235, .T. ) ;
#2437 =( NAMED_UNIT ( * ) SI_UNIT ( $, .STERADIAN. ) SOLID_ANGLE_UNIT ( ) );
#2438 = CARTESIAN_POINT ( 'NONE',  ( 0.6999999999999999556, -0.5499999999999999334, -1.600000000000000311 ) ) ;
#2439 = VERTEX_POINT ( 'NONE', #989 ) ;
#2440 = DIRECTION ( 'NONE',  ( -1.000000000000000000, 0.000000000000000000, -0.000000000000000000 ) ) ;
#2441 = AXIS2_PLACEMENT_3D ( 'NONE', #126, #3054, #109 ) ;
#2442 = FACE_BOUND ( 'NONE', #1597, .T. ) ;
#2443 = LINE ( 'NONE', #1388, #2884 ) ;
#2444 = CARTESIAN_POINT ( 'NONE',  ( 0.1080126868608894813, -0.7000000000000597966, -0.3125220743719452909 ) ) ;
#2445 = SECURITY_CLASSIFICATION ( '', '', #344 ) ;
#2446 = ORIENTED_EDGE ( 'NONE', *, *, #1746, .T. ) ;
#2447 = EDGE_CURVE ( 'NONE', #3469, #1412, #1420, .T. ) ;
#2448 = CARTESIAN_POINT ( 'NONE',  ( 0.1682864762837874839, 0.6879316942918622946, -0.3000000000000028755 ) ) ;
#2449 = CARTESIAN_POINT ( 'NONE',  ( 0.8249999999999999556, -0.8249999999999994005, 8.986342084421918015E-16 ) ) ;
#2450 = DIRECTION ( 'NONE',  ( -1.000000000000000000, 0.000000000000000000, 0.000000000000000000 ) ) ;
#2451 = ORIENTED_EDGE ( 'NONE', *, *, #2555, .T. ) ;
#2452 = ORIENTED_EDGE ( 'NONE', *, *, #2910, .F. ) ;
#2453 = ORIENTED_EDGE ( 'NONE', *, *, #780, .T. ) ;
#2454 = CARTESIAN_POINT ( 'NONE',  ( 0.2249999999999999778, 0.5750000000000007327, -0.3181534085976782111 ) ) ;
#2455 = APPLICATION_PROTOCOL_DEFINITION ( 'international standard', 'config_control_design', 1994, #2378 ) ;
#2456 = CARTESIAN_POINT ( 'NONE',  ( 0.3500000000000000333, -1.525000000000001243, -2.716666666666667673 ) ) ;
#2457 = ORIENTED_EDGE ( 'NONE', *, *, #3300, .T. ) ;
#2458 = CARTESIAN_POINT ( 'NONE',  ( 0.000000000000000000, -2.875000000000000888, -0.2500000000000006106 ) ) ;
#2459 = LINE ( 'NONE', #658, #1026 ) ;
#2460 = DIRECTION ( 'NONE',  ( -1.000000000000000000, -0.000000000000000000, -0.000000000000000000 ) ) ;
#2461 = EDGE_CURVE ( 'NONE', #2747, #803, #482, .T. ) ;
#2462 = DIRECTION ( 'NONE',  ( -1.000000000000000000, -0.000000000000000000, -0.000000000000000000 ) ) ;
#2463 = ADVANCED_FACE ( 'NONE', ( #213 ), #1288, .F. ) ;
#2464 = ORIENTED_EDGE ( 'NONE', *, *, #2948, .F. ) ;
#2465 = CARTESIAN_POINT ( 'NONE',  ( 0.2241211082926798659, 0.7000000000000007327, -0.3000000000000028755 ) ) ;
#2466 = LINE ( 'NONE', #14, #1082 ) ;
#2467 = DIRECTION ( 'NONE',  ( 1.000000000000000000, -0.000000000000000000, 0.000000000000000000 ) ) ;
#2468 = AXIS2_PLACEMENT_3D ( 'NONE', #2663, #253, #1325 ) ;
#2469 = EDGE_CURVE ( 'NONE', #1444, #565, #2921, .T. ) ;
#2470 = ORIENTED_EDGE ( 'NONE', *, *, #191, .T. ) ;
#2471 = VECTOR ( 'NONE', #3375, 39.37007874015748143 ) ;
#2472 = ORIENTED_EDGE ( 'NONE', *, *, #2900, .F. ) ;
#2473 = EDGE_LOOP ( 'NONE', ( #584, #3066, #3085, #142 ) ) ;
#2474 = CARTESIAN_POINT ( 'NONE',  ( 1.100000000000000089, -0.9499999999999995115, -0.4000000000000007994 ) ) ;
#2475 = AXIS2_PLACEMENT_3D ( 'NONE', #2920, #1006, #2903 ) ;
#2476 = ORIENTED_EDGE ( 'NONE', *, *, #190, .T. ) ;
#2477 = CARTESIAN_POINT ( 'NONE',  ( 0.2000000000000000389, -0.7499999999999980016, -1.984999999999999654 ) ) ;
#2478 = DIRECTION ( 'NONE',  ( 1.000000000000000000, 0.000000000000000000, 0.000000000000000000 ) ) ;
#2479 = DIRECTION ( 'NONE',  ( 0.000000000000000000, 0.000000000000000000, 1.000000000000000000 ) ) ;
#2480 = CARTESIAN_POINT ( 'NONE',  ( 0.2225838463863245853, -0.7000000000000007327, -0.2832917796831769808 ) ) ;
#2481 = ORIENTED_EDGE ( 'NONE', *, *, #2852, .T. ) ;
#2482 = ADVANCED_FACE ( 'NONE', ( #1307 ), #1568, .F. ) ;
#2483 = EDGE_CURVE ( 'NONE', #2846, #1678, #3383, .T. ) ;
#2484 = CARTESIAN_POINT ( 'NONE',  ( 0.8249999999999999556, -0.9499999999999995115, -0.4000000000000007994 ) ) ;
#2485 = DIRECTION ( 'NONE',  ( 0.000000000000000000, 1.000000000000000000, 1.517693329813478087E-16 ) ) ;
#2486 = DIRECTION ( 'NONE',  ( 0.000000000000000000, -1.000000000000000000, 0.000000000000000000 ) ) ;
#2487 = EDGE_LOOP ( 'NONE', ( #3379, #910 ) ) ;
#2488 = ORIENTED_EDGE ( 'NONE', *, *, #237, .T. ) ;
#2489 = CIRCLE ( 'NONE', #3159, 0.06496062999999985266 ) ;
#2490 = VECTOR ( 'NONE', #354, 39.37007874015748854 ) ;
#2491 = DATE_AND_TIME ( #1414, #187 ) ;
#2492 = ORIENTED_EDGE ( 'NONE', *, *, #992, .F. ) ;
#2493 = AXIS2_PLACEMENT_3D ( 'NONE', #1517, #1575, #2366 ) ;
#2494 = DIRECTION ( 'NONE',  ( -0.000000000000000000, 1.000000000000000000, 3.902639990948946222E-17 ) ) ;
#2495 = CARTESIAN_POINT ( 'NONE',  ( 0.8249999999999999556, -0.9499999999999995115, -0.3000000000000007661 ) ) ;
#2496 = DIRECTION ( 'NONE',  ( 1.000000000000000000, 0.000000000000000000, 0.000000000000000000 ) ) ;
#2497 = CARTESIAN_POINT ( 'NONE',  ( 0.2249999999999999778, -0.5500000000000003775, -1.399999999999999911 ) ) ;
#2498 = ORIENTED_EDGE ( 'NONE', *, *, #562, .T. ) ;
#2499 = CIRCLE ( 'NONE', #1428, 0.05000000000000000971 ) ;
#2500 = DIRECTION ( 'NONE',  ( -0.000000000000000000, 1.000000000000000000, 1.517693329813478087E-16 ) ) ;
#2501 = CARTESIAN_POINT ( 'NONE',  ( 0.000000000000000000, 0.000000000000000000, 0.5000000000000000000 ) ) ;
#2502 = DIRECTION ( 'NONE',  ( -0.000000000000000000, 1.000000000000000000, 1.517693329813478087E-16 ) ) ;
#2503 = EDGE_CURVE ( 'NONE', #564, #1458, #3189, .T. ) ;
#2504 = EDGE_CURVE ( 'NONE', #2750, #2138, #865, .T. ) ;
#2505 = ORIENTED_EDGE ( 'NONE', *, *, #3453, .F. ) ;
#2506 = EDGE_CURVE ( 'NONE', #3147, #1800, #2202, .T. ) ;
#2507 = ORIENTED_EDGE ( 'NONE', *, *, #1078, .F. ) ;
#2508 = PERSON_AND_ORGANIZATION ( #2237, #2941 ) ;
#2509 = VERTEX_POINT ( 'NONE', #785 ) ;
#2510 = DIRECTION ( 'NONE',  ( 0.000000000000000000, 0.000000000000000000, -1.000000000000000000 ) ) ;
#2511 = CARTESIAN_POINT ( 'NONE',  ( 0.1000000000000000056, -0.5750000000000007327, -0.3181534085976782111 ) ) ;
#2512 = ORIENTED_EDGE ( 'NONE', *, *, #708, .T. ) ;
#2513 = B_SPLINE_CURVE_WITH_KNOTS ( 'NONE', 3,
 ( #1104, #2702, #3477, #317 ),
 .UNSPECIFIED., .F., .F.,
 ( 4, 4 ),
 ( 8.673617379884034509E-19, 0.0004616366632375903598 ),
 .UNSPECIFIED. ) ;
#2514 = LINE ( 'NONE', #113, #2490 ) ;
#2515 = CARTESIAN_POINT ( 'NONE',  ( 0.000000000000000000, -3.000000000000000444, -7.512581982576723358E-16 ) ) ;
#2516 = CYLINDRICAL_SURFACE ( 'NONE', #1562, 0.1250000000000000278 ) ;
#2517 = AXIS2_PLACEMENT_3D ( 'NONE', #1450, #396, #976 ) ;
#2518 = ORIENTED_EDGE ( 'NONE', *, *, #2352, .F. ) ;
#2519 = ORIENTED_EDGE ( 'NONE', *, *, #3242, .T. ) ;
#2520 = ADVANCED_FACE ( 'NONE', ( #2380 ), #2640, .F. ) ;
#2521 = EDGE_CURVE ( 'NONE', #1678, #1848, #3128, .T. ) ;
#2522 = ORIENTED_EDGE ( 'NONE', *, *, #421, .T. ) ;
#2523 = ORIENTED_EDGE ( 'NONE', *, *, #453, .T. ) ;
#2524 = CARTESIAN_POINT ( 'NONE',  ( 0.6999999999999999556, -1.561055996379590075E-17, -0.4000000000000029088 ) ) ;
#2525 = DIRECTION ( 'NONE',  ( -0.000000000000000000, -1.000000000000000000, -1.280168938519223078E-16 ) ) ;
#2526 = DIRECTION ( 'NONE',  ( 0.000000000000000000, 1.000000000000000000, 0.000000000000000000 ) ) ;
#2527 = ORIENTED_EDGE ( 'NONE', *, *, #3360, .T. ) ;
#2528 = CARTESIAN_POINT ( 'NONE',  ( 1.100000000000000089, -2.450000000000000622, -0.3000000000000010436 ) ) ;
#2529 = DIRECTION ( 'NONE',  ( 0.000000000000000000, -1.000000000000000000, 0.000000000000000000 ) ) ;
#2530 = CARTESIAN_POINT ( 'NONE',  ( 0.2249999999999999778, -0.4250000000000038192, 0.4999999999999992228 ) ) ;
#2531 = DIRECTION ( 'NONE',  ( 1.000000000000000000, -0.000000000000000000, -0.000000000000000000 ) ) ;
#2532 = ORIENTED_EDGE ( 'NONE', *, *, #24, .F. ) ;
#2533 = ORIENTED_EDGE ( 'NONE', *, *, #2756, .T. ) ;
#2534 = ORIENTED_EDGE ( 'NONE', *, *, #1726, .F. ) ;
#2535 = EDGE_CURVE ( 'NONE', #987, #1233, #350, .T. ) ;
#2536 = AXIS2_PLACEMENT_3D ( 'NONE', #1809, #757, #2298 ) ;
#2537 = AXIS2_PLACEMENT_3D ( 'NONE', #1103, #1840, #2364 ) ;
#2538 = CARTESIAN_POINT ( 'NONE',  ( 0.1000000000000000056, 3.000000000000000444, -7.512581982576723358E-16 ) ) ;
#2539 = DIRECTION ( 'NONE',  ( 0.000000000000000000, 0.000000000000000000, 1.000000000000000000 ) ) ;
#2540 = LINE ( 'NONE', #3120, #438 ) ;
#2541 = AXIS2_PLACEMENT_3D ( 'NONE', #339, #2485, #1956 ) ;
#2542 = VECTOR ( 'NONE', #883, 39.37007874015748143 ) ;
#2543 = EDGE_LOOP ( 'NONE', ( #924, #3168, #1690, #2451 ) ) ;
#2544 = CARTESIAN_POINT ( 'NONE',  ( 0.1000000000000000194, 2.400000000000001243, -2.300000000000000711 ) ) ;
#2545 = DIRECTION ( 'NONE',  ( 0.000000000000000000, 0.000000000000000000, -1.000000000000000000 ) ) ;
#2546 = CARTESIAN_POINT ( 'NONE',  ( 1.100000000000000089, -2.450000000000000622, 0.000000000000000000 ) ) ;
#2547 = DIRECTION ( 'NONE',  ( 0.000000000000000000, 1.000000000000000000, 0.000000000000000000 ) ) ;
#2548 = ORIENTED_EDGE ( 'NONE', *, *, #2483, .F. ) ;
#2549 = ORIENTED_EDGE ( 'NONE', *, *, #169, .F. ) ;
#2550 = ORIENTED_EDGE ( 'NONE', *, *, #2689, .F. ) ;
#2551 = DIRECTION ( 'NONE',  ( 1.000000000000000000, -0.000000000000000000, -0.000000000000000000 ) ) ;
#2552 = CARTESIAN_POINT ( 'NONE',  ( 1.100000000000000089, -2.450000000000000622, -0.3000000000000010436 ) ) ;
#2553 = DIRECTION ( 'NONE',  ( 0.000000000000000000, 1.000000000000000000, -2.146451995021921100E-16 ) ) ;
#2554 = VERTEX_POINT ( 'NONE', #1522 ) ;
#2555 = EDGE_CURVE ( 'NONE', #1621, #723, #746, .T. ) ;
#2556 = DIRECTION ( 'NONE',  ( -1.000000000000000000, -0.000000000000000000, -0.000000000000000000 ) ) ;
#2557 = CARTESIAN_POINT ( 'NONE',  ( 0.2862038220622974416, -1.586456355618324432, -1.985537647406775186 ) ) ;
#2558 = DIRECTION ( 'NONE',  ( 0.000000000000000000, -1.000000000000000000, 0.000000000000000000 ) ) ;
#2559 = CARTESIAN_POINT ( 'NONE',  ( 1.100000000000000089, -0.7499999999999980016, -1.909999999999999920 ) ) ;
#2560 = CYLINDRICAL_SURFACE ( 'NONE', #2815, 0.07874016000000005899 ) ;
#2561 = EDGE_LOOP ( 'NONE', ( #1445, #172, #1477, #94 ) ) ;
#2562 = COORDINATED_UNIVERSAL_TIME_OFFSET ( 8, 0, .BEHIND. ) ;
#2563 = VERTEX_POINT ( 'NONE', #1775 ) ;
#2564 = ORIENTED_EDGE ( 'NONE', *, *, #1196, .F. ) ;
#2565 = EDGE_LOOP ( 'NONE', ( #2418, #188, #3414, #496 ) ) ;
#2566 = VECTOR ( 'NONE', #1635, 39.37007874015748143 ) ;
#2567 = LINE ( 'NONE', #464, #2932 ) ;
#2568 = LINE ( 'NONE', #501, #2212 ) ;
#2569 = DIRECTION ( 'NONE',  ( 0.000000000000000000, 0.000000000000000000, -1.000000000000000000 ) ) ;
#2570 = ORIENTED_EDGE ( 'NONE', *, *, #1715, .F. ) ;
#2571 = VECTOR ( 'NONE', #2401, 39.37007874015748143 ) ;
#2572 = LINE ( 'NONE', #979, #2592 ) ;
#2573 = LINE ( 'NONE', #3324, #3284 ) ;
#2574 = CARTESIAN_POINT ( 'NONE',  ( 0.1079576771598393797, 0.7000000000001180833, -0.3125607353695453172 ) ) ;
#2575 = EDGE_CURVE ( 'NONE', #2110, #480, #2371, .T. ) ;
#2576 = CYLINDRICAL_SURFACE ( 'NONE', #3363, 0.06496063000000011634 ) ;
#2577 = ADVANCED_FACE ( 'NONE', ( #2052 ), #717, .F. ) ;
#2578 = DIRECTION ( 'NONE',  ( -0.000000000000000000, 1.000000000000000000, 0.000000000000000000 ) ) ;
#2579 = VERTEX_POINT ( 'NONE', #700 ) ;
#2580 = ORIENTED_EDGE ( 'NONE', *, *, #3289, .T. ) ;
#2581 = CIRCLE ( 'NONE', #1070, 0.06496063000000004695 ) ;
#2582 = ORIENTED_EDGE ( 'NONE', *, *, #2669, .T. ) ;
#2583 = ADVANCED_FACE ( 'NONE', ( #1229 ), #736, .F. ) ;
#2584 = CARTESIAN_POINT ( 'NONE',  ( 1.100000000000000089, 1.561055996379581447E-17, -0.4000000000000007438 ) ) ;
#2585 = VECTOR ( 'NONE', #2119, 39.37007874015748143 ) ;
#2586 = DIRECTION ( 'NONE',  ( 0.000000000000000000, -1.000000000000000000, 2.146451995021921100E-16 ) ) ;
#2587 = CARTESIAN_POINT ( 'NONE',  ( 0.000000000000000000, 2.150000000000000355, -2.924999999999998934 ) ) ;
#2588 = ORIENTED_EDGE ( 'NONE', *, *, #1524, .T. ) ;
#2589 = DIRECTION ( 'NONE',  ( -0.000000000000000000, 1.000000000000000000, 1.517693329813478087E-16 ) ) ;
#2590 = CIRCLE ( 'NONE', #1703, 1.000000000000000222 ) ;
#2591 = DIRECTION ( 'NONE',  ( -1.000000000000000000, -0.000000000000000000, -0.000000000000000000 ) ) ;
#2592 = VECTOR ( 'NONE', #3123, 39.37007874015748143 ) ;
#2593 = CARTESIAN_POINT ( 'NONE',  ( 1.100000000000000089, -1.561055996379590075E-17, -0.4000000000000029088 ) ) ;
#2594 = CARTESIAN_POINT ( 'NONE',  ( 0.4100267290951954413, -1.558314294847744641, -2.025228532423043237 ) ) ;
#2595 = FACE_OUTER_BOUND ( 'NONE', #1095, .T. ) ;
#2596 = ORIENTED_EDGE ( 'NONE', *, *, #3121, .T. ) ;
#2597 = EDGE_CURVE ( 'NONE', #226, #2335, #2879, .T. ) ;
#2598 = ORIENTED_EDGE ( 'NONE', *, *, #1981, .F. ) ;
#2599 = VECTOR ( 'NONE', #1418, 39.37007874015748143 ) ;
#2600 = EDGE_CURVE ( 'NONE', #1422, #541, #1038, .T. ) ;
#2601 = AXIS2_PLACEMENT_3D ( 'NONE', #1484, #3425, #1010 ) ;
#2602 = EDGE_LOOP ( 'NONE', ( #984, #2711 ) ) ;
#2603 = ORIENTED_EDGE ( 'NONE', *, *, #2239, .F. ) ;
#2604 = PLANE ( 'NONE',  #2475 ) ;
#2605 = DIRECTION ( 'NONE',  ( 0.000000000000000000, 3.902639990948944990E-17, 1.000000000000000000 ) ) ;
#2606 = FACE_OUTER_BOUND ( 'NONE', #439, .T. ) ;
#2607 = CARTESIAN_POINT ( 'NONE',  ( 0.2249999999999999778, 4.000205990722672990E-17, -0.5250000000000006883 ) ) ;
#2608 = EDGE_CURVE ( 'NONE', #2742, #1113, #454, .T. ) ;
#2609 = ORIENTED_EDGE ( 'NONE', *, *, #310, .T. ) ;
#2610 = DIRECTION ( 'NONE',  ( 0.000000000000000000, 0.000000000000000000, -1.000000000000000000 ) ) ;
#2611 = LINE ( 'NONE', #256, #1586 ) ;
#2612 = CARTESIAN_POINT ( 'NONE',  ( 0.1000000000000000056, -1.912500000000001199, -2.150000000000000355 ) ) ;
#2613 = DIRECTION ( 'NONE',  ( 0.000000000000000000, 1.000000000000000000, 2.146451995021921100E-16 ) ) ;
#2614 = CARTESIAN_POINT ( 'NONE',  ( 0.5999999999999999778, -1.775000000000001465, -2.150000000000000355 ) ) ;
#2615 = ORIENTED_EDGE ( 'NONE', *, *, #2575, .T. ) ;
#2616 = ORIENTED_EDGE ( 'NONE', *, *, #2503, .F. ) ;
#2617 = VECTOR ( 'NONE', #733, 39.37007874015748143 ) ;
#2618 = ORIENTED_EDGE ( 'NONE', *, *, #668, .T. ) ;
#2619 = ORIENTED_EDGE ( 'NONE', *, *, #2980, .T. ) ;
#2620 = DIRECTION ( 'NONE',  ( -1.000000000000000000, -0.000000000000000000, -0.000000000000000000 ) ) ;
#2621 = EDGE_CURVE ( 'NONE', #1823, #2220, #3396, .T. ) ;
#2622 = ADVANCED_FACE ( 'NONE', ( #2595 ), #1506, .F. ) ;
#2623 = DIRECTION ( 'NONE',  ( 0.000000000000000000, 0.000000000000000000, -1.000000000000000000 ) ) ;
#2624 = VECTOR ( 'NONE', #110, 39.37007874015748143 ) ;
#2625 = CARTESIAN_POINT ( 'NONE',  ( 0.2249999999999999223, 2.450000000000000622, -0.3000000000000032641 ) ) ;
#2626 = CARTESIAN_POINT ( 'NONE',  ( 0.2249999999999999223, 2.450000000000000622, -0.4000000000000029643 ) ) ;
#2627 = CARTESIAN_POINT ( 'NONE',  ( 0.2000000000000000389, 0.8500000000000024203, -1.909999999999999920 ) ) ;
#2628 = AXIS2_PLACEMENT_3D ( 'NONE', #1375, #814, #2393 ) ;
#2629 = CARTESIAN_POINT ( 'NONE',  ( 0.1000000000000000056, -0.5750000000000005107, -0.5250000000000006883 ) ) ;
#2630 = CARTESIAN_POINT ( 'NONE',  ( 0.3400429244313790123, -1.646337174221082611, -1.935641033539678979 ) ) ;
#2631 = APPROVAL ( #2717, 'UNSPECIFIED' ) ;
#2632 = DIRECTION ( 'NONE',  ( -0.000000000000000000, -1.000000000000000000, 3.902639990948946222E-17 ) ) ;
#2633 = CARTESIAN_POINT ( 'NONE',  ( 0.4116773877530541803, -1.593004322859657318, -1.978345658626432080 ) ) ;
#2634 = CARTESIAN_POINT ( 'NONE',  ( 0.1000000000000000056, 2.575000000000000622, -0.5250000000000029088 ) ) ;
#2635 = CARTESIAN_POINT ( 'NONE',  ( 1.100000000000000089, 2.450000000000000178, -1.525000000000002132 ) ) ;
#2636 = EDGE_LOOP ( 'NONE', ( #994, #3090, #1730, #1005 ) ) ;
#2637 = ORIENTED_EDGE ( 'NONE', *, *, #320, .F. ) ;
#2638 = ORIENTED_EDGE ( 'NONE', *, *, #2853, .T. ) ;
#2639 = CARTESIAN_POINT ( 'NONE',  ( 0.000000000000000000, 0.9999999999999994449, -3.939960629999998076 ) ) ;
#2640 = PLANE ( 'NONE',  #3281 ) ;
#2641 = DIRECTION ( 'NONE',  ( -1.000000000000000000, 0.000000000000000000, 0.000000000000000000 ) ) ;
#2642 = ADVANCED_FACE ( 'NONE', ( #775 ), #1264, .F. ) ;
#2643 = CYLINDRICAL_SURFACE ( 'NONE', #2230, 0.1250000000000000278 ) ;
#2644 = ADVANCED_FACE ( 'NONE', ( #2334 ), #2560, .F. ) ;
#2645 = PLANE ( 'NONE',  #1966 ) ;
#2646 = FACE_BOUND ( 'NONE', #597, .T. ) ;
#2647 = DIRECTION ( 'NONE',  ( 0.000000000000000000, 1.000000000000000000, 1.517693329813478087E-16 ) ) ;
#2648 = LINE ( 'NONE', #242, #740 ) ;
#2649 = ORIENTED_EDGE ( 'NONE', *, *, #3424, .T. ) ;
#2650 = AXIS2_PLACEMENT_3D ( 'NONE', #2057, #2888, #2623 ) ;
#2651 = CIRCLE ( 'NONE', #2034, 0.06496063000000011634 ) ;
#2652 = DIRECTION ( 'NONE',  ( -0.000000000000000000, -2.875629467015014277E-16, -1.000000000000000000 ) ) ;
#2653 = FACE_OUTER_BOUND ( 'NONE', #954, .T. ) ;
#2654 = EDGE_CURVE ( 'NONE', #1678, #2846, #1302, .T. ) ;
#2655 = AXIS2_PLACEMENT_3D ( 'NONE', #1756, #2529, #3076 ) ;
#2656 = ORIENTED_EDGE ( 'NONE', *, *, #421, .F. ) ;
#2657 = ORIENTED_EDGE ( 'NONE', *, *, #1057, .T. ) ;
#2658 = ORIENTED_EDGE ( 'NONE', *, *, #2278, .F. ) ;
#2659 = DIRECTION ( 'NONE',  ( 0.000000000000000000, 0.000000000000000000, -1.000000000000000000 ) ) ;
#2660 = VECTOR ( 'NONE', #445, 39.37007874015748143 ) ;
#2661 = DIRECTION ( 'NONE',  ( 0.000000000000000000, -2.875629467015014277E-16, -1.000000000000000000 ) ) ;
#2662 = DIRECTION ( 'NONE',  ( 1.000000000000000000, 0.000000000000000000, 0.000000000000000000 ) ) ;
#2663 = CARTESIAN_POINT ( 'NONE',  ( 0.6999999999999999556, -0.5499999999999994893, 8.195543980992789655E-16 ) ) ;
#2664 = DIRECTION ( 'NONE',  ( 0.000000000000000000, 0.000000000000000000, -1.000000000000000000 ) ) ;
#2665 = CARTESIAN_POINT ( 'NONE',  ( 0.2249999999999999778, -2.450000000000000178, -1.524999999999999911 ) ) ;
#2666 = CARTESIAN_POINT ( 'NONE',  ( 0.1000000000000000056, 0.8660254037844384856, -4.780733988912460139E-16 ) ) ;
#2667 = CARTESIAN_POINT ( 'NONE',  ( 1.100000000000000089, -0.9499999999999994005, 8.195543980992789655E-16 ) ) ;
#2668 = ORIENTED_EDGE ( 'NONE', *, *, #2723, .T. ) ;
#2669 = EDGE_CURVE ( 'NONE', #3431, #1199, #3145, .T. ) ;
#2670 = LINE ( 'NONE', #1373, #3101 ) ;
#2671 = CARTESIAN_POINT ( 'NONE',  ( 0.000000000000000000, -1.912500000000001199, -2.071259840000000185 ) ) ;
#2672 = VERTEX_POINT ( 'NONE', #1281 ) ;
#2673 = ORIENTED_EDGE ( 'NONE', *, *, #968, .F. ) ;
#2674 = ORIENTED_EDGE ( 'NONE', *, *, #410, .T. ) ;
#2675 = CARTESIAN_POINT ( 'NONE',  ( 0.1000000000000000056, -0.9999999999999994449, -3.939960630000000297 ) ) ;
#2676 = CARTESIAN_POINT ( 'NONE',  ( 0.1000000000000000194, -1.775000000000001465, -1.900000000000000133 ) ) ;
#2677 = CARTESIAN_POINT ( 'NONE',  ( 0.5500000000000000444, -1.775000000000001243, -2.550000000000000266 ) ) ;
#2678 = VERTEX_POINT ( 'NONE', #2353 ) ;
#2679 = CARTESIAN_POINT ( 'NONE',  ( 0.6999999999999999556, 0.8250000000000003997, -0.4000000000000029088 ) ) ;
#2680 = VECTOR ( 'NONE', #1837, 39.37007874015748143 ) ;
#2681 = FACE_BOUND ( 'NONE', #2961, .T. ) ;
#2682 = DIRECTION ( 'NONE',  ( 0.000000000000000000, 0.000000000000000000, 1.000000000000000000 ) ) ;
#2683 = CARTESIAN_POINT ( 'NONE',  ( 0.1000000000000000056, -2.575000000000000178, -1.599999999999999867 ) ) ;
#2684 = VECTOR ( 'NONE', #651, 39.37007874015748143 ) ;
#2685 = VERTEX_POINT ( 'NONE', #581 ) ;
#2686 = DIRECTION ( 'NONE',  ( 1.000000000000000000, -0.000000000000000000, 0.000000000000000000 ) ) ;
#2687 = FACE_OUTER_BOUND ( 'NONE', #1390, .T. ) ;
#2688 = FACE_OUTER_BOUND ( 'NONE', #3138, .T. ) ;
#2689 = EDGE_CURVE ( 'NONE', #819, #1992, #2466, .T. ) ;
#2690 = ADVANCED_FACE ( 'NONE', ( #1131 ), #355, .T. ) ;
#2691 = ORIENTED_EDGE ( 'NONE', *, *, #1291, .T. ) ;
#2692 = AXIS2_PLACEMENT_3D ( 'NONE', #2627, #1326, #3459 ) ;
#2693 = ORIENTED_EDGE ( 'NONE', *, *, #1404, .T. ) ;
#2694 = ORIENTED_EDGE ( 'NONE', *, *, #893, .T. ) ;
#2695 = CARTESIAN_POINT ( 'NONE',  ( 0.8249999999999999556, 0.9500000000000003997, -0.4000000000000029643 ) ) ;
#2696 = LENGTH_MEASURE_WITH_UNIT ( LENGTH_MEASURE( 0.02539999999999999897 ), #1928 );
#2697 = LINE ( 'NONE', #22, #1616 ) ;
#2698 = ORIENTED_EDGE ( 'NONE', *, *, #2555, .F. ) ;
#2699 = ADVANCED_FACE ( 'NONE', ( #2687 ), #2158, .F. ) ;
#2700 = DIRECTION ( 'NONE',  ( 0.000000000000000000, 1.000000000000000000, 2.146451995021921100E-16 ) ) ;
#2701 = FACE_BOUND ( 'NONE', #3183, .T. ) ;
#2702 = CARTESIAN_POINT ( 'NONE',  ( 0.2247055142142412310, 0.7000000000000007327, -0.3060370261232941425 ) ) ;
#2703 = CARTESIAN_POINT ( 'NONE',  ( 0.2249999998369790477, -0.7000000000000007327, -0.3005813928858788731 ) ) ;
#2704 = AXIS2_PLACEMENT_3D ( 'NONE', #1124, #3007, #593 ) ;
#2705 = ORIENTED_EDGE ( 'NONE', *, *, #968, .T. ) ;
#2706 = CARTESIAN_POINT ( 'NONE',  ( 0.3500000000000000333, -1.775000000000001465, -2.364960630000000563 ) ) ;
#2707 = DIRECTION ( 'NONE',  ( 1.000000000000000000, 0.000000000000000000, 0.000000000000000000 ) ) ;
#2708 = DIRECTION ( 'NONE',  ( -1.000000000000000000, -0.000000000000000000, -0.000000000000000000 ) ) ;
#2709 = VECTOR ( 'NONE', #1473, 39.37007874015748143 ) ;
#2710 = ORIENTED_EDGE ( 'NONE', *, *, #1733, .T. ) ;
#2711 = ORIENTED_EDGE ( 'NONE', *, *, #2504, .T. ) ;
#2712 = CIRCLE ( 'NONE', #1365, 1.000000000000000222 ) ;
#2713 = AXIS2_PLACEMENT_3D ( 'NONE', #2777, #934, #1674 ) ;
#2714 = ORIENTED_EDGE ( 'NONE', *, *, #780, .F. ) ;
#2715 = DIRECTION ( 'NONE',  ( -1.000000000000000000, 0.000000000000000000, -0.000000000000000000 ) ) ;
#2716 = EDGE_CURVE ( 'NONE', #2864, #836, #2590, .T. ) ;
#2717 = APPROVAL_STATUS ( 'not_yet_approved' ) ;
#2718 = DIRECTION ( 'NONE',  ( -1.000000000000000000, -0.000000000000000000, -0.000000000000000000 ) ) ;
#2719 = ORIENTED_EDGE ( 'NONE', *, *, #2469, .F. ) ;
#2720 = LINE ( 'NONE', #2753, #2293 ) ;
#2721 = CIRCLE ( 'NONE', #2216, 0.06496062999999985266 ) ;
#2722 = CARTESIAN_POINT ( 'NONE',  ( 0.000000000000000000, 0.9999999999999994449, -3.810039369999998371 ) ) ;
#2723 = EDGE_CURVE ( 'NONE', #1246, #2272, #1917, .T. ) ;
#2724 = DIRECTION ( 'NONE',  ( 1.000000000000000000, 0.000000000000000000, 0.000000000000000000 ) ) ;
#2725 = CARTESIAN_POINT ( 'NONE',  ( 1.100000000000000089, 0.5500000000000001554, -1.525000000000002132 ) ) ;
#2726 = ORIENTED_EDGE ( 'NONE', *, *, #1854, .F. ) ;
#2727 = LINE ( 'NONE', #321, #1927 ) ;
#2728 = CARTESIAN_POINT ( 'NONE',  ( 0.1000000000000000056, -1.912500000000001199, -2.150000000000000355 ) ) ;
#2729 = DIRECTION ( 'NONE',  ( 0.000000000000000000, -1.000000000000000000, -1.639108796198557537E-15 ) ) ;
#2730 = ORIENTED_EDGE ( 'NONE', *, *, #2853, .F. ) ;
#2731 = ORIENTED_EDGE ( 'NONE', *, *, #3163, .T. ) ;
#2732 = EDGE_LOOP ( 'NONE', ( #546, #2603, #1127, #3312 ) ) ;
#2733 = DIRECTION ( 'NONE',  ( 0.000000000000000000, 0.000000000000000000, -1.000000000000000000 ) ) ;
#2734 = LINE ( 'NONE', #841, #3361 ) ;
#2735 = ORIENTED_EDGE ( 'NONE', *, *, #1385, .F. ) ;
#2736 = EDGE_CURVE ( 'NONE', #3052, #69, #702, .T. ) ;
#2737 = EDGE_CURVE ( 'NONE', #1696, #2797, #832, .T. ) ;
#2738 = LINE ( 'NONE', #2187, #1686 ) ;
#2739 = DIRECTION ( 'NONE',  ( 1.000000000000000000, 0.000000000000000000, 0.000000000000000000 ) ) ;
#2740 = LINE ( 'NONE', #1913, #2599 ) ;
#2741 = CARTESIAN_POINT ( 'NONE',  ( 0.1197267795853875355, -0.7000000000000006217, -0.2942707239119962681 ) ) ;
#2742 = VERTEX_POINT ( 'NONE', #303 ) ;
#2743 = CARTESIAN_POINT ( 'NONE',  ( 0.1000000000000000056, -0.9999999999999994449, -3.810039370000000591 ) ) ;
#2744 = CARTESIAN_POINT ( 'NONE',  ( 0.8249999999999999556, 0.9500000000000003997, -0.4000000000000029643 ) ) ;
#2745 = DIRECTION ( 'NONE',  ( 0.000000000000000000, 0.000000000000000000, -1.000000000000000000 ) ) ;
#2746 = AXIS2_PLACEMENT_3D ( 'NONE', #859, #2185, #1121 ) ;
#2747 = VERTEX_POINT ( 'NONE', #1657 ) ;
#2748 = VECTOR ( 'NONE', #2351, 39.37007874015748143 ) ;
#2749 = ORIENTED_EDGE ( 'NONE', *, *, #1765, .F. ) ;
#2750 = VERTEX_POINT ( 'NONE', #871 ) ;
#2751 = COORDINATED_UNIVERSAL_TIME_OFFSET ( 8, 0, .BEHIND. ) ;
#2752 = ORIENTED_EDGE ( 'NONE', *, *, #1707, .T. ) ;
#2753 = CARTESIAN_POINT ( 'NONE',  ( 0.3500000000000000333, -2.400000000000000799, -2.300000000000000266 ) ) ;
#2754 = EDGE_CURVE ( 'NONE', #2554, #1004, #520, .T. ) ;
#2756 = EDGE_CURVE ( 'NONE', #2110, #1115, #2489, .T. ) ;
#2755 = FACE_OUTER_BOUND ( 'NONE', #1253, .T. ) ;
#2757 = CARTESIAN_POINT ( 'NONE',  ( 0.3500000000000000333, 1.525000000000001243, -2.716666666666669006 ) ) ;
#2758 = DIRECTION ( 'NONE',  ( 0.000000000000000000, 2.875629467015014277E-16, 1.000000000000000000 ) ) ;
#2759 = VECTOR ( 'NONE', #2866, 39.37007874015748143 ) ;
#2760 = ORIENTED_EDGE ( 'NONE', *, *, #720, .F. ) ;
#2761 = CYLINDRICAL_SURFACE ( 'NONE', #68, 0.06496063000000011634 ) ;
#2762 = DIRECTION ( 'NONE',  ( 1.000000000000000000, -0.000000000000000000, -0.000000000000000000 ) ) ;
#2763 = PLANE ( 'NONE',  #2406 ) ;
#2764 = VECTOR ( 'NONE', #1262, 39.37007874015748143 ) ;
#2765 = ORIENTED_EDGE ( 'NONE', *, *, #2196, .F. ) ;
#2766 = EDGE_CURVE ( 'NONE', #1753, #3202, #544, .T. ) ;
#2767 = ORIENTED_EDGE ( 'NONE', *, *, #1964, .T. ) ;
#2768 = CIRCLE ( 'NONE', #3282, 0.06496063000000004695 ) ;
#2769 = PERSON_AND_ORGANIZATION_ROLE ( 'classification_officer' ) ;
#2770 = ORIENTED_EDGE ( 'NONE', *, *, #2503, .T. ) ;
#2771 = AXIS2_PLACEMENT_3D ( 'NONE', #828, #2985, #1879 ) ;
#2772 = DIRECTION ( 'NONE',  ( -0.000000000000000000, 1.000000000000000000, 1.517693329813478087E-16 ) ) ;
#2773 = DIRECTION ( 'NONE',  ( -1.000000000000000000, -0.000000000000000000, -0.000000000000000000 ) ) ;
#2774 = CARTESIAN_POINT ( 'NONE',  ( 0.2249999999999999223, -0.5500000000000001554, -1.524999999999999911 ) ) ;
#2775 = ORIENTED_EDGE ( 'NONE', *, *, #3448, .F. ) ;
#2776 = AXIS2_PLACEMENT_3D ( 'NONE', #1671, #2724, #574 ) ;
#2777 = CARTESIAN_POINT ( 'NONE',  ( 0.8249999999999999556, -0.8249999999999998446, -1.524999999999999911 ) ) ;
#2778 = LINE ( 'NONE', #2001, #1306 ) ;
#2779 = CARTESIAN_POINT ( 'NONE',  ( 0.5999999999999999778, -1.525000000000001243, -2.150000000000000355 ) ) ;
#2780 = CC_DESIGN_APPROVAL ( #2112, ( #1377 ) ) ;
#2781 = ADVANCED_FACE ( 'NONE', ( #1634 ), #1940, .F. ) ;
#2782 = EDGE_CURVE ( 'NONE', #541, #1284, #1469, .T. ) ;
#2783 = ORIENTED_EDGE ( 'NONE', *, *, #1612, .F. ) ;
#2784 = ORIENTED_EDGE ( 'NONE', *, *, #2669, .F. ) ;
#2785 = APPROVAL_DATE_TIME ( #2221, #2112 ) ;
#2786 = EDGE_LOOP ( 'NONE', ( #426, #1959, #1794, #1869 ) ) ;
#2787 = DIRECTION ( 'NONE',  ( -0.000000000000000000, -1.000000000000000000, -0.000000000000000000 ) ) ;
#2788 = PLANE ( 'NONE',  #1093 ) ;
#2789 = LINE ( 'NONE', #128, #435 ) ;
#2790 = EDGE_LOOP ( 'NONE', ( #2396, #1648, #243, #916, #1265, #3130, #2673 ) ) ;
#2791 = CARTESIAN_POINT ( 'NONE',  ( 0.000000000000000000, 2.875000000000000888, -1.814960629999999853 ) ) ;
#2792 = CARTESIAN_POINT ( 'NONE',  ( 0.3171527640669357107, -1.543230605892434104, -2.056254623151634320 ) ) ;
#2793 = CARTESIAN_POINT ( 'NONE',  ( 0.3500000000000000333, -1.525000000000001243, -2.550000000000000266 ) ) ;
#2794 = CARTESIAN_POINT ( 'NONE',  ( 2.601873829587559417, -0.7499999999999980016, -1.909999999999999920 ) ) ;
#2795 = VECTOR ( 'NONE', #2462, 39.37007874015748143 ) ;
#2796 = ADVANCED_FACE ( 'NONE', ( #1148 ), #1410, .F. ) ;
#2797 = VERTEX_POINT ( 'NONE', #2193 ) ;
#2798 = ADVANCED_FACE ( 'NONE', ( #281 ), #3276, .T. ) ;
#2799 = VERTEX_POINT ( 'NONE', #2744 ) ;
#2800 = ORIENTED_EDGE ( 'NONE', *, *, #258, .T. ) ;
#2801 = DIRECTION ( 'NONE',  ( 1.000000000000000000, 0.000000000000000000, 0.000000000000000000 ) ) ;
#2802 = FACE_OUTER_BOUND ( 'NONE', #2376, .T. ) ;
#2803 = DIRECTION ( 'NONE',  ( -1.000000000000000000, -0.000000000000000000, -0.000000000000000000 ) ) ;
#2804 = ORIENTED_EDGE ( 'NONE', *, *, #103, .T. ) ;
#2805 = CARTESIAN_POINT ( 'NONE',  ( 0.8249999999999999556, 0.8250000000000003997, -0.4000000000000029088 ) ) ;
#2806 = CARTESIAN_POINT ( 'NONE',  ( 0.2851207656001686352, -1.568309543624033298, -2.009034907898108457 ) ) ;
#2807 = LINE ( 'NONE', #2296, #2011 ) ;
#2808 = DIRECTION ( 'NONE',  ( -1.000000000000000000, -0.000000000000000000, -0.000000000000000000 ) ) ;
#2809 = ORIENTED_EDGE ( 'NONE', *, *, #563, .F. ) ;
#2810 = EDGE_LOOP ( 'NONE', ( #1713, #130, #1336, #2596 ) ) ;
#2811 = AXIS2_PLACEMENT_3D ( 'NONE', #2045, #2289, #125 ) ;
#2812 = PRODUCT_DEFINITION_SHAPE ( 'NONE', 'NONE',  #765 ) ;
#2813 = EDGE_LOOP ( 'NONE', ( #1892, #430, #337, #1182 ) ) ;
#2814 = EDGE_CURVE ( 'NONE', #1566, #511, #1932, .T. ) ;
#2815 = AXIS2_PLACEMENT_3D ( 'NONE', #3166, #149, #1000 ) ;
#2816 = CIRCLE ( 'NONE', #1868, 0.2500000000000000555 ) ;
#2817 = CARTESIAN_POINT ( 'NONE',  ( 1.100000000000000089, -2.450000000000000622, -0.4000000000000007994 ) ) ;
#2818 = CARTESIAN_POINT ( 'NONE',  ( 0.3500000000000000333, -1.775000000000001243, -1.900000000000000133 ) ) ;
#2819 = CARTESIAN_POINT ( 'NONE',  ( 1.100000000000000089, -6.439355985065822465E-17, -0.3000000000000027645 ) ) ;
#2820 = VECTOR ( 'NONE', #2591, 39.37007874015748143 ) ;
#2821 = ORIENTED_EDGE ( 'NONE', *, *, #915, .T. ) ;
#2822 = EDGE_CURVE ( 'NONE', #1848, #325, #1474, .T. ) ;
#2823 = CARTESIAN_POINT ( 'NONE',  ( 0.1000000000000000194, 1.525000000000001243, -2.150000000000001243 ) ) ;
#2824 = DIRECTION ( 'NONE',  ( 0.000000000000000000, 1.000000000000000000, 2.731847993664265191E-16 ) ) ;
#2825 = CARTESIAN_POINT ( 'NONE',  ( 0.3500000000000000333, -1.775000000000001465, -2.064960630000000297 ) ) ;
#2826 = CARTESIAN_POINT ( 'NONE',  ( 0.3934129155078483486, -1.622915781170637173, -1.951535848331093614 ) ) ;
#2827 = CARTESIAN_POINT ( 'NONE',  ( 0.000000000000000000, -1.912500000000001199, -2.071259840000000185 ) ) ;
#2828 = AXIS2_PLACEMENT_3D ( 'NONE', #2172, #28, #2136 ) ;
#2829 = EDGE_LOOP ( 'NONE', ( #1460, #1683, #2837, #2883 ) ) ;
#2830 = ORIENTED_EDGE ( 'NONE', *, *, #2363, .F. ) ;
#2831 = ORIENTED_EDGE ( 'NONE', *, *, #1872, .F. ) ;
#2832 = DIRECTION ( 'NONE',  ( -1.000000000000000000, -0.000000000000000000, -0.000000000000000000 ) ) ;
#2833 = CARTESIAN_POINT ( 'NONE',  ( 0.000000000000000000, 0.9999999999999994449, -3.874999999999998224 ) ) ;
#2834 = EDGE_CURVE ( 'NONE', #1515, #1004, #3092, .T. ) ;
#2835 = DIRECTION ( 'NONE',  ( -1.000000000000000000, -0.000000000000000000, -0.000000000000000000 ) ) ;
#2836 = EDGE_CURVE ( 'NONE', #3331, #1284, #1989, .T. ) ;
#2837 = ORIENTED_EDGE ( 'NONE', *, *, #2447, .F. ) ;
#2838 = DIRECTION ( 'NONE',  ( -0.000000000000000000, 3.902639990948946222E-17, 1.000000000000000000 ) ) ;
#2839 = CARTESIAN_POINT ( 'NONE',  ( 0.000000000000000000, -0.9999999999999994449, -3.939960630000000297 ) ) ;
#2840 = CARTESIAN_POINT ( 'NONE',  ( 0.2177654315099722959, 0.7000000000000007327, -0.2663646403786546490 ) ) ;
#2841 = LINE ( 'NONE', #2333, #2168 ) ;
#2842 = DIRECTION ( 'NONE',  ( -1.000000000000000000, 0.000000000000000000, 0.000000000000000000 ) ) ;
#2843 = ORIENTED_EDGE ( 'NONE', *, *, #1271, .T. ) ;
#2844 = ORIENTED_EDGE ( 'NONE', *, *, #3484, .T. ) ;
#2845 = VERTEX_POINT ( 'NONE', #1193 ) ;
#2846 = VERTEX_POINT ( 'NONE', #2839 ) ;
#2847 = AXIS2_PLACEMENT_3D ( 'NONE', #2635, #224, #1299 ) ;
#2848 = DIRECTION ( 'NONE',  ( -1.000000000000000000, 0.000000000000000000, 0.000000000000000000 ) ) ;
#2849 = CARTESIAN_POINT ( 'NONE',  ( 0.2000000000000000389, -0.7499999999999980016, -1.909999999999999920 ) ) ;
#2850 = DIRECTION ( 'NONE',  ( 0.000000000000000000, 0.000000000000000000, 1.000000000000000000 ) ) ;
#2851 = ORIENTED_EDGE ( 'NONE', *, *, #3278, .F. ) ;
#2852 = EDGE_CURVE ( 'NONE', #1452, #1731, #2924, .T. ) ;
#2853 = EDGE_CURVE ( 'NONE', #2109, #1300, #2573, .T. ) ;
#2854 = AXIS2_PLACEMENT_3D ( 'NONE', #486, #2962, #2664 ) ;
#2855 = CARTESIAN_POINT ( 'NONE',  ( 0.000000000000000000, -2.875000000000000888, -1.685039370000000591 ) ) ;
#2856 = PLANE ( 'NONE',  #2037 ) ;
#2857 = CARTESIAN_POINT ( 'NONE',  ( 0.2249999999999999223, 2.450000000000000178, -1.400000000000002354 ) ) ;
#2858 = CARTESIAN_POINT ( 'NONE',  ( 0.3599647067666985611, -1.540115747256882939, -2.064379875350190741 ) ) ;
#2859 = EDGE_CURVE ( 'NONE', #1233, #3322, #2778, .T. ) ;
#2860 = CARTESIAN_POINT ( 'NONE',  ( 0.8249999999999999556, -0.8249999999999994005, 8.986342084421918015E-16 ) ) ;
#2861 = ORIENTED_EDGE ( 'NONE', *, *, #588, .T. ) ;
#2862 = ORIENTED_EDGE ( 'NONE', *, *, #1208, .F. ) ;
#2863 = ADVANCED_FACE ( 'NONE', ( #679 ), #2311, .F. ) ;
#2864 = VERTEX_POINT ( 'NONE', #1503 ) ;
#2865 = ORIENTED_EDGE ( 'NONE', *, *, #2859, .T. ) ;
#2866 = DIRECTION ( 'NONE',  ( -0.000000000000000000, -0.000000000000000000, -1.000000000000000000 ) ) ;
#2867 = CARTESIAN_POINT ( 'NONE',  ( 0.3500000000000000333, -1.775000000000001465, -2.000000000000000444 ) ) ;
#2868 = AXIS2_PLACEMENT_3D ( 'NONE', #3445, #2950, #540 ) ;
#2869 = VECTOR ( 'NONE', #3000, 39.37007874015748143 ) ;
#2870 = CARTESIAN_POINT ( 'NONE',  ( 0.000000000000000000, -1.912500000000001199, -2.228740160000000525 ) ) ;
#2871 = DIRECTION ( 'NONE',  ( 0.000000000000000000, 1.000000000000000000, 0.000000000000000000 ) ) ;
#2872 = ORIENTED_EDGE ( 'NONE', *, *, #804, .F. ) ;
#2873 = LINE ( 'NONE', #1608, #12 ) ;
#2874 = AXIS2_PLACEMENT_3D ( 'NONE', #2972, #1692, #1091 ) ;
#2875 = DIRECTION ( 'NONE',  ( 0.000000000000000000, 0.000000000000000000, 1.000000000000000000 ) ) ;
#2876 = CIRCLE ( 'NONE', #1366, 0.06496063000000011634 ) ;
#2877 = DIRECTION ( 'NONE',  ( 0.000000000000000000, -1.000000000000000000, 0.000000000000000000 ) ) ;
#2878 = LINE ( 'NONE', #1488, #1845 ) ;
#2879 = LINE ( 'NONE', #2896, #805 ) ;
#2880 = VERTEX_POINT ( 'NONE', #114 ) ;
#2881 = EDGE_CURVE ( 'NONE', #1304, #3455, #1649, .T. ) ;
#2882 = ADVANCED_FACE ( 'NONE', ( #633 ), #133, .F. ) ;
#2883 = ORIENTED_EDGE ( 'NONE', *, *, #1665, .F. ) ;
#2884 = VECTOR ( 'NONE', #2460, 39.37007874015748143 ) ;
#2885 = ORIENTED_EDGE ( 'NONE', *, *, #2169, .T. ) ;
#2886 = ORIENTED_EDGE ( 'NONE', *, *, #893, .F. ) ;
#2887 = LINE ( 'NONE', #1549, #5 ) ;
#2888 = DIRECTION ( 'NONE',  ( 0.000000000000000000, 1.000000000000000000, 1.517693329813478087E-16 ) ) ;
#2889 = DIRECTION ( 'NONE',  ( 0.000000000000000000, 1.000000000000000000, -2.875629467015014277E-16 ) ) ;
#2890 = CARTESIAN_POINT ( 'NONE',  ( 0.1000000000000000056, -1.912500000000001199, -2.228740160000000525 ) ) ;
#2891 = VERTEX_POINT ( 'NONE', #1209 ) ;
#2892 = CYLINDRICAL_SURFACE ( 'NONE', #3384, 0.06496063000000011634 ) ;
#2893 = FACE_OUTER_BOUND ( 'NONE', #53, .T. ) ;
#2894 = DIRECTION ( 'NONE',  ( 0.000000000000000000, -1.000000000000000000, 0.000000000000000000 ) ) ;
#2895 = CARTESIAN_POINT ( 'NONE',  ( 0.4053447039894167991, -1.606351670269818843, -1.965215313704340883 ) ) ;
#2896 = CARTESIAN_POINT ( 'NONE',  ( 0.3500000000000000333, -1.775000000000001465, -1.935039370000000147 ) ) ;
#2897 = CARTESIAN_POINT ( 'NONE',  ( 0.6999999999999999556, -0.7000000000000007327, -0.4000000000000007438 ) ) ;
#2898 = ORIENTED_EDGE ( 'NONE', *, *, #2621, .T. ) ;
#2899 = EDGE_CURVE ( 'NONE', #2040, #180, #2280, .T. ) ;
#2900 = EDGE_CURVE ( 'NONE', #2182, #1530, #2997, .T. ) ;
#2901 = EDGE_LOOP ( 'NONE', ( #2844, #1778, #1662, #1606 ) ) ;
#2902 = VERTEX_POINT ( 'NONE', #3374 ) ;
#2903 = DIRECTION ( 'NONE',  ( 0.000000000000000000, -0.000000000000000000, 1.000000000000000000 ) ) ;
#2904 = DIRECTION ( 'NONE',  ( 0.000000000000000000, 0.000000000000000000, 1.000000000000000000 ) ) ;
#2905 = CIRCLE ( 'NONE', #945, 0.06496063000000004695 ) ;
#2906 = PLANE ( 'NONE',  #2319 ) ;
#2907 = LINE ( 'NONE', #2417, #3131 ) ;
#2908 = CARTESIAN_POINT ( 'NONE',  ( 0.6999999999999999556, 1.561055996379581447E-17, -0.4000000000000007438 ) ) ;
#2909 = FACE_BOUND ( 'NONE', #797, .T. ) ;
#2910 = EDGE_CURVE ( 'NONE', #1286, #2109, #948, .T. ) ;
#2911 = CARTESIAN_POINT ( 'NONE',  ( 0.1000000000000000056, -3.000000000000000888, -2.000000000000000444 ) ) ;
#2912 = LINE ( 'NONE', #2667, #4 ) ;
#2913 = ORIENTED_EDGE ( 'NONE', *, *, #1764, .F. ) ;
#2914 = AXIS2_PLACEMENT_3D ( 'NONE', #230, #1305, #3188 ) ;
#2915 = DIRECTION ( 'NONE',  ( 0.000000000000000000, 0.000000000000000000, -1.000000000000000000 ) ) ;
#2916 = CARTESIAN_POINT ( 'NONE',  ( 0.1000000000000000056, -2.575000000000000178, -1.399999999999999911 ) ) ;
#2917 = ORIENTED_EDGE ( 'NONE', *, *, #1774, .T. ) ;
#2918 = ORIENTED_EDGE ( 'NONE', *, *, #1964, .F. ) ;
#2919 = ORIENTED_EDGE ( 'NONE', *, *, #336, .T. ) ;
#2920 = CARTESIAN_POINT ( 'NONE',  ( -1.001545631273520698, -1.775000000000001243, -1.900000000000000133 ) ) ;
#2921 = LINE ( 'NONE', #766, #3100 ) ;
#2922 = LINE ( 'NONE', #1273, #3169 ) ;
#2923 = FACE_OUTER_BOUND ( 'NONE', #532, .T. ) ;
#2924 = B_SPLINE_CURVE_WITH_KNOTS ( 'NONE', 3,
 ( #2247, #399, #3343, #1178, #163, #3392, #3356, #1224, #97, #935 ),
 .UNSPECIFIED., .F., .F.,
 ( 4, 2, 2, 2, 4 ),
 ( 0.000000000000000000, 0.001088933808718693403, 0.002177867617437386806, 0.003266801426156079342, 0.004355735234874771877 ),
 .UNSPECIFIED. ) ;
#2925 = EDGE_CURVE ( 'NONE', #1081, #2335, #3390, .T. ) ;
#2926 = ADVANCED_FACE ( 'NONE', ( #1825 ), #1277, .F. ) ;
#2927 = CARTESIAN_POINT ( 'NONE',  ( 1.100000000000000089, 0.9500000000000003997, -0.4000000000000029643 ) ) ;
#2928 = FACE_BOUND ( 'NONE', #3148, .T. ) ;
#2929 = PLANE ( 'NONE',  #1871 ) ;
#2930 = LINE ( 'NONE', #1826, #1519 ) ;
#2931 = ORIENTED_EDGE ( 'NONE', *, *, #3059, .F. ) ;
#2932 = VECTOR ( 'NONE', #2551, 39.37007874015748143 ) ;
#2933 = DIRECTION ( 'NONE',  ( 0.000000000000000000, 1.000000000000000000, -0.000000000000000000 ) ) ;
#2934 = CYLINDRICAL_SURFACE ( 'NONE', #1446, 0.06496063000000011634 ) ;
#2935 = CIRCLE ( 'NONE', #360, 0.1250000000000000000 ) ;
#2936 = ORIENTED_EDGE ( 'NONE', *, *, #1228, .T. ) ;
#2937 = ORIENTED_EDGE ( 'NONE', *, *, #1335, .F. ) ;
#2938 = ORIENTED_EDGE ( 'NONE', *, *, #2021, .T. ) ;
#2939 = DIRECTION ( 'NONE',  ( 1.000000000000000000, -0.000000000000000000, -0.000000000000000000 ) ) ;
#2940 = AXIS2_PLACEMENT_3D ( 'NONE', #1435, #1174, #3351 ) ;
#2941 = ORGANIZATION ( 'UNSPECIFIED', 'UNSPECIFIED', '' ) ;
#2942 = PERSON_AND_ORGANIZATION_ROLE ( 'design_owner' ) ;
#2943 = LINE ( 'NONE', #1552, #268 ) ;
#2944 = ORIENTED_EDGE ( 'NONE', *, *, #1461, .T. ) ;
#2945 = DIRECTION ( 'NONE',  ( 1.000000000000000000, -0.000000000000000000, 0.000000000000000000 ) ) ;
#2946 = EDGE_CURVE ( 'NONE', #803, #1800, #713, .T. ) ;
#2948 = EDGE_CURVE ( 'NONE', #1584, #2864, #1014, .T. ) ;
#2947 = CARTESIAN_POINT ( 'NONE',  ( 0.1000000000000000194, -1.525000000000001243, -2.716666666666667673 ) ) ;
#2949 = LINE ( 'NONE', #2189, #755 ) ;
#2950 = DIRECTION ( 'NONE',  ( 1.000000000000000000, -0.000000000000000000, 0.000000000000000000 ) ) ;
#2951 = ORIENTED_EDGE ( 'NONE', *, *, #827, .F. ) ;
#2952 = LINE ( 'NONE', #1351, #358 ) ;
#2953 = DIRECTION ( 'NONE',  ( 0.000000000000000000, -2.875629467015014277E-16, -1.000000000000000000 ) ) ;
#2954 = FACE_OUTER_BOUND ( 'NONE', #2318, .T. ) ;
#2955 = ORIENTED_EDGE ( 'NONE', *, *, #1854, .T. ) ;
#2956 = ORIENTED_EDGE ( 'NONE', *, *, #760, .T. ) ;
#2957 = VERTEX_POINT ( 'NONE', #2081 ) ;
#2958 = PLANE ( 'NONE',  #1466 ) ;
#2959 = CARTESIAN_POINT ( 'NONE',  ( 0.3500000000000000333, -2.400000000000000799, -2.300000000000000266 ) ) ;
#2960 = CARTESIAN_POINT ( 'NONE',  ( 1.100000000000000089, -2.450000000000000178, -1.524999999999999911 ) ) ;
#2961 = EDGE_LOOP ( 'NONE', ( #2872, #629 ) ) ;
#2962 = DIRECTION ( 'NONE',  ( 1.000000000000000000, -0.000000000000000000, 0.000000000000000000 ) ) ;
#2963 = AXIS2_PLACEMENT_3D ( 'NONE', #2960, #590, #291 ) ;
#2964 = CARTESIAN_POINT ( 'NONE',  ( 0.000000000000000000, 2.875000000000000888, -0.3149606300000005188 ) ) ;
#2965 = DIRECTION ( 'NONE',  ( 0.000000000000000000, 0.000000000000000000, -1.000000000000000000 ) ) ;
#2966 = DIRECTION ( 'NONE',  ( 1.000000000000000000, -0.000000000000000000, -0.000000000000000000 ) ) ;
#2967 = AXIS2_PLACEMENT_3D ( 'NONE', #3465, #2450, #2122 ) ;
#2968 = EDGE_CURVE ( 'NONE', #2024, #3244, #2935, .T. ) ;
#2969 = ORIENTED_EDGE ( 'NONE', *, *, #670, .F. ) ;
#2970 = EDGE_CURVE ( 'NONE', #1359, #1621, #2611, .T. ) ;
#2971 = DIRECTION ( 'NONE',  ( -0.000000000000000000, 1.000000000000000000, 1.517693329813478087E-16 ) ) ;
#2972 = CARTESIAN_POINT ( 'NONE',  ( 1.100000000000000089, 0.000000000000000000, 0.000000000000000000 ) ) ;
#2973 = CARTESIAN_POINT ( 'NONE',  ( 0.8249999999999999556, -0.9499999999999998446, -1.524999999999999911 ) ) ;
#2974 = ORIENTED_EDGE ( 'NONE', *, *, #485, .F. ) ;
#2975 = EDGE_CURVE ( 'NONE', #2138, #3479, #3142, .T. ) ;
#2976 = EDGE_LOOP ( 'NONE', ( #3031, #1156, #2355, #2770 ) ) ;
#2977 =( BOUNDED_CURVE ( )  B_SPLINE_CURVE ( 3, ( #346, #76, #2983, #2477 ),
 .UNSPECIFIED., .F., .F. ) 
 B_SPLINE_CURVE_WITH_KNOTS ( ( 4, 4 ),
 ( 4.712388980384689674, 6.283185307179586232 ),
 .UNSPECIFIED. ) 
 CURVE ( )  GEOMETRIC_REPRESENTATION_ITEM ( )  RATIONAL_B_SPLINE_CURVE ( ( 1.000000000000000000, 0.8047378541243649375, 0.8047378541243649375, 1.000000000000000000 ) ) 
 REPRESENTATION_ITEM ( '' )  );
#2978 = VERTEX_POINT ( 'NONE', #1050 ) ;
#2979 = DIRECTION ( 'NONE',  ( 0.000000000000000000, 0.000000000000000000, -1.000000000000000000 ) ) ;
#2980 = EDGE_CURVE ( 'NONE', #3330, #1304, #241, .T. ) ;
#2981 = PLANE ( 'NONE',  #2746 ) ;
#2982 = ORIENTED_EDGE ( 'NONE', *, *, #1726, .T. ) ;
#2983 = CARTESIAN_POINT ( 'NONE',  ( 0.1414213562373095590, -0.7499999999999980016, -1.984999999999999432 ) ) ;
#2984 = FACE_BOUND ( 'NONE', #2074, .T. ) ;
#2985 = DIRECTION ( 'NONE',  ( 1.000000000000000000, 0.000000000000000000, 0.000000000000000000 ) ) ;
#2986 = AXIS2_PLACEMENT_3D ( 'NONE', #1347, #3460, #1652 ) ;
#2987 = ORIENTED_EDGE ( 'NONE', *, *, #310, .F. ) ;
#2988 = CARTESIAN_POINT ( 'NONE',  ( 0.3500000000000000333, 1.775000000000001465, -1.900000000000001243 ) ) ;
#2989 = CARTESIAN_POINT ( 'NONE',  ( 0.000000000000000000, 0.9999999999999994449, -3.874999999999998224 ) ) ;
#2990 = DIRECTION ( 'NONE',  ( -1.000000000000000000, -0.000000000000000000, -0.000000000000000000 ) ) ;
#2991 = CIRCLE ( 'NONE', #1644, 0.1249999999999999029 ) ;
#2992 = ORIENTED_EDGE ( 'NONE', *, *, #2125, .T. ) ;
#2993 = AXIS2_PLACEMENT_3D ( 'NONE', #1770, #2838, #3140 ) ;
#2994 = ADVANCED_FACE ( 'NONE', ( #3178, #2893 ), #2049, .F. ) ;
#2995 = ORIENTED_EDGE ( 'NONE', *, *, #608, .F. ) ;
#2996 = ADVANCED_FACE ( 'NONE', ( #1860 ), #2856, .T. ) ;
#2997 = CIRCLE ( 'NONE', #3105, 0.06496063000000011634 ) ;
#2998 = AXIS2_PLACEMENT_3D ( 'NONE', #3476, #3252, #3195 ) ;
#2999 = ORIENTED_EDGE ( 'NONE', *, *, #2023, .T. ) ;
#3000 = DIRECTION ( 'NONE',  ( 0.000000000000000000, -1.000000000000000000, -2.146451995021921100E-16 ) ) ;
#3001 =( BOUNDED_SURFACE ( )  B_SPLINE_SURFACE ( 3, 2, ( 
 ( #3055, #1937, #1371 ),
 ( #2703, #2444, #1389 ),
 ( #2480, #1702, #1631 ),
 ( #1672, #2741, #1407 ) ),
 .UNSPECIFIED., .F., .F., .F. ) 
 B_SPLINE_SURFACE_WITH_KNOTS ( ( 4, 4 ),
 ( 3, 3 ),
 ( 0.005453014386967792830, 0.006783086008734430516 ),
 ( 0.000000000000000000, 1.000000000000000000 ),
 .UNSPECIFIED. ) 
 GEOMETRIC_REPRESENTATION_ITEM ( )  RATIONAL_B_SPLINE_SURFACE ( (
 ( 1.000000000000000000, 0.7071067811865485719, 1.000000000000000000),
 ( 1.000000000000000000, 0.7305016885265532833, 1.000000000000000000),
 ( 1.000000000000000000, 0.7530785565999652542, 1.000000000000000000),
 ( 1.000000000000000000, 0.7749887003635977933, 1.000000000000000000) ) ) 
 REPRESENTATION_ITEM ( '' )  SURFACE ( )  );
#3002 = CARTESIAN_POINT ( 'NONE',  ( 0.2249999999999999223, -2.450000000000000622, -0.3000000000000010436 ) ) ;
#3003 = PLANE ( 'NONE',  #2963 ) ;
#3004 = ORIENTED_EDGE ( 'NONE', *, *, #102, .F. ) ;
#3005 = CARTESIAN_POINT ( 'NONE',  ( 0.2249999999999999778, -0.7000000000000007327, -0.4000000000000007438 ) ) ;
#3006 = AXIS2_PLACEMENT_3D ( 'NONE', #332, #2479, #1936 ) ;
#3007 = DIRECTION ( 'NONE',  ( -0.000000000000000000, 0.8000000000000005995, 0.5999999999999992006 ) ) ;
#3008 = LINE ( 'NONE', #612, #3110 ) ;
#3009 = DIRECTION ( 'NONE',  ( 0.000000000000000000, 0.000000000000000000, -1.000000000000000000 ) ) ;
#3010 = ORIENTED_EDGE ( 'NONE', *, *, #3422, .T. ) ;
#3011 = CARTESIAN_POINT ( 'NONE',  ( 0.5999999999999999778, -1.775000000000001243, -2.550000000000000266 ) ) ;
#3012 = CARTESIAN_POINT ( 'NONE',  ( 1.100000000000000089, -0.5500000000000001554, -1.524999999999999911 ) ) ;
#3013 = CARTESIAN_POINT ( 'NONE',  ( 0.3500000000000000333, 0.000000000000000000, -1.900000000000001243 ) ) ;
#3014 = EDGE_LOOP ( 'NONE', ( #688, #762 ) ) ;
#3015 = ORIENTED_EDGE ( 'NONE', *, *, #1545, .F. ) ;
#3016 = ORIENTED_EDGE ( 'NONE', *, *, #1168, .F. ) ;
#3017 = CARTESIAN_POINT ( 'NONE',  ( 0.3500000000000000333, -2.200000000000001066, -2.150000000000000355 ) ) ;
#3018 = ADVANCED_FACE ( 'NONE', ( #2101 ), #1841, .F. ) ;
#3019 = EDGE_CURVE ( 'NONE', #2978, #226, #809, .T. ) ;
#3020 = DATE_AND_TIME ( #1432, #1714 ) ;
#3021 = EDGE_LOOP ( 'NONE', ( #292, #3299, #1459, #1133 ) ) ;
#3022 = CARTESIAN_POINT ( 'NONE',  ( 0.1000000000000000056, -2.150000000000000355, -2.989960630000001007 ) ) ;
#3023 = CARTESIAN_POINT ( 'NONE',  ( 1.100000000000000089, 2.450000000000000622, 0.000000000000000000 ) ) ;
#3024 = DIRECTION ( 'NONE',  ( -0.000000000000000000, -2.875629467015014277E-16, -1.000000000000000000 ) ) ;
#3025 = DIRECTION ( 'NONE',  ( -1.000000000000000000, -0.000000000000000000, -0.000000000000000000 ) ) ;
#3026 = ORIENTED_EDGE ( 'NONE', *, *, #1963, .F. ) ;
#3027 = CARTESIAN_POINT ( 'NONE',  ( 0.000000000000000000, 2.875000000000000888, -0.1850393700000004249 ) ) ;
#3028 = DIRECTION ( 'NONE',  ( 0.000000000000000000, 1.000000000000000000, -1.821231995776191651E-15 ) ) ;
#3029 = PLANE ( 'NONE',  #1620 ) ;
#3030 = AXIS2_PLACEMENT_3D ( 'NONE', #1160, #2225, #628 ) ;
#3031 = ORIENTED_EDGE ( 'NONE', *, *, #2201, .T. ) ;
#3032 = ORIENTED_EDGE ( 'NONE', *, *, #311, .T. ) ;
#3033 = DATE_AND_TIME ( #1120, #817 ) ;
#3034 = VERTEX_POINT ( 'NONE', #791 ) ;
#3035 = DIRECTION ( 'NONE',  ( -1.000000000000000000, 0.000000000000000000, 0.000000000000000000 ) ) ;
#3036 = DIRECTION ( 'NONE',  ( 0.000000000000000000, -0.000000000000000000, 1.000000000000000000 ) ) ;
#3037 = ADVANCED_FACE ( 'NONE', ( #182 ), #2929, .T. ) ;
#3038 = DIRECTION ( 'NONE',  ( 0.000000000000000000, -1.000000000000000000, 2.875629467015012798E-16 ) ) ;
#3039 = VECTOR ( 'NONE', #1893, 39.37007874015748143 ) ;
#3040 = VERTEX_POINT ( 'NONE', #732 ) ;
#3041 = FACE_OUTER_BOUND ( 'NONE', #585, .T. ) ;
#3042 = DIRECTION ( 'NONE',  ( 0.000000000000000000, 2.146451995021921100E-16, -1.000000000000000000 ) ) ;
#3043 = CARTESIAN_POINT ( 'NONE',  ( 0.000000000000000000, 2.875000000000000888, -1.749999999999999556 ) ) ;
#3044 = PRODUCT_RELATED_PRODUCT_CATEGORY ( 'detail', '', ( #3353 ) ) ;
#3045 = VECTOR ( 'NONE', #1741, 39.37007874015748143 ) ;
#3046 = CIRCLE ( 'NONE', #118, 0.07874016000000005899 ) ;
#3047 = ORIENTED_EDGE ( 'NONE', *, *, #1384, .F. ) ;
#3048 = ORIENTED_EDGE ( 'NONE', *, *, #2169, .F. ) ;
#3049 = VECTOR ( 'NONE', #186, 39.37007874015748143 ) ;
#3050 = VECTOR ( 'NONE', #3342, 39.37007874015748143 ) ;
#3051 = PERSON_AND_ORGANIZATION ( #2237, #2941 ) ;
#3052 = VERTEX_POINT ( 'NONE', #1803 ) ;
#3053 = CARTESIAN_POINT ( 'NONE',  ( 0.1000000000000000056, -0.7499999999999980016, -1.909999999999999920 ) ) ;
#3054 = DIRECTION ( 'NONE',  ( 1.000000000000000000, 0.000000000000000000, 0.000000000000000000 ) ) ;
#3055 = CARTESIAN_POINT ( 'NONE',  ( 0.2249999999999999223, -0.7000000000000007327, -0.3181534085976784332 ) ) ;
#3056 = ORIENTED_EDGE ( 'NONE', *, *, #1213, .F. ) ;
#3057 = VECTOR ( 'NONE', #2773, 39.37007874015748143 ) ;
#3058 = ADVANCED_FACE ( 'NONE', ( #810 ), #1653, .T. ) ;
#3059 = EDGE_CURVE ( 'NONE', #3483, #2354, #1406, .T. ) ;
#3060 = VECTOR ( 'NONE', #1238, 39.37007874015748143 ) ;
#3061 = LINE ( 'NONE', #1708, #1471 ) ;
#3062 = EDGE_CURVE ( 'NONE', #1319, #1266, #557, .T. ) ;
#3063 = CARTESIAN_POINT ( 'NONE',  ( 0.000000000000000000, -2.875000000000000888, -1.750000000000000666 ) ) ;
#3064 = DIRECTION ( 'NONE',  ( 0.000000000000000000, -1.000000000000000000, 2.875629467015012798E-16 ) ) ;
#3065 = ORIENTED_EDGE ( 'NONE', *, *, #653, .F. ) ;
#3066 = ORIENTED_EDGE ( 'NONE', *, *, #2521, .T. ) ;
#3067 = EDGE_CURVE ( 'NONE', #1003, #939, #2381, .T. ) ;
#3068 = ORIENTED_EDGE ( 'NONE', *, *, #2390, .F. ) ;
#3069 = EDGE_LOOP ( 'NONE', ( #2283, #2865, #1906, #3048 ) ) ;
#3070 = CARTESIAN_POINT ( 'NONE',  ( 0.1000000000000000056, -0.8499999999999980904, 0.5000000000000000000 ) ) ;
#3071 = DIRECTION ( 'NONE',  ( -0.000000000000000000, -0.000000000000000000, 1.000000000000000000 ) ) ;
#3072 = DIRECTION ( 'NONE',  ( 1.000000000000000000, -0.000000000000000000, -0.000000000000000000 ) ) ;
#3073 = VECTOR ( 'NONE', #1241, 39.37007874015748143 ) ;
#3074 = VERTEX_POINT ( 'NONE', #1952 ) ;
#3075 = DIRECTION ( 'NONE',  ( 1.000000000000000000, 0.000000000000000000, 0.000000000000000000 ) ) ;
#3076 = DIRECTION ( 'NONE',  ( 0.000000000000000000, 0.000000000000000000, -1.000000000000000000 ) ) ;
#3077 = CARTESIAN_POINT ( 'NONE',  ( 0.1000000000000000056, -6.439355985065822465E-17, -0.3000000000000027645 ) ) ;
#3078 = CARTESIAN_POINT ( 'NONE',  ( 0.2000000000000000389, 0.8500000000000024203, -1.910000000000000142 ) ) ;
#3079 = VECTOR ( 'NONE', #1536, 39.37007874015748143 ) ;
#3080 = ORIENTED_EDGE ( 'NONE', *, *, #1185, .F. ) ;
#3081 = VECTOR ( 'NONE', #949, 39.37007874015748143 ) ;
#3082 = EDGE_CURVE ( 'NONE', #1886, #326, #2740, .T. ) ;
#3083 = EDGE_LOOP ( 'NONE', ( #2429, #2548, #1796, #1544 ) ) ;
#3084 = VECTOR ( 'NONE', #889, 39.37007874015748143 ) ;
#3085 = ORIENTED_EDGE ( 'NONE', *, *, #2822, .T. ) ;
#3086 = EDGE_CURVE ( 'NONE', #2022, #2414, #2513, .T. ) ;
#3087 = FACE_OUTER_BOUND ( 'NONE', #648, .T. ) ;
#3088 = LINE ( 'NONE', #1159, #20 ) ;
#3089 = CARTESIAN_POINT ( 'NONE',  ( 0.1000000000000000056, 3.000000000000000888, -2.000000000000000444 ) ) ;
#3090 = ORIENTED_EDGE ( 'NONE', *, *, #239, .F. ) ;
#3091 = CARTESIAN_POINT ( 'NONE',  ( 0.3500000000000000333, -1.775000000000001465, -2.300000000000000266 ) ) ;
#3092 = LINE ( 'NONE', #433, #578 ) ;
#3093 = FACE_OUTER_BOUND ( 'NONE', #1465, .T. ) ;
#3094 = DIRECTION ( 'NONE',  ( 0.000000000000000000, 1.000000000000000000, 1.517693329813478087E-16 ) ) ;
#3095 = VERTEX_POINT ( 'NONE', #539 ) ;
#3096 = ORIENTED_EDGE ( 'NONE', *, *, #2737, .F. ) ;
#3097 = EDGE_CURVE ( 'NONE', #570, #3401, #2443, .T. ) ;
#3098 = EDGE_CURVE ( 'NONE', #1230, #3451, #46, .T. ) ;
#3099 = VERTEX_POINT ( 'NONE', #1630 ) ;
#3100 = VECTOR ( 'NONE', #1855, 39.37007874015748143 ) ;
#3101 = VECTOR ( 'NONE', #1900, 39.37007874015748143 ) ;
#3102 = FACE_OUTER_BOUND ( 'NONE', #456, .T. ) ;
#3103 = CARTESIAN_POINT ( 'NONE',  ( 0.3500000000000000333, 0.000000000000000000, -1.900000000000000133 ) ) ;
#3104 = CARTESIAN_POINT ( 'NONE',  ( 0.3500000000000000333, 1.525000000000001243, -2.150000000000001243 ) ) ;
#3105 = AXIS2_PLACEMENT_3D ( 'NONE', #3063, #650, #2295 ) ;
#3106 = ORIENTED_EDGE ( 'NONE', *, *, #562, .F. ) ;
#3107 = CARTESIAN_POINT ( 'NONE',  ( 0.6999999999999999556, -0.8249999999999998446, -1.600000000000000311 ) ) ;
#3108 = DIRECTION ( 'NONE',  ( -1.000000000000000000, -0.000000000000000000, -0.000000000000000000 ) ) ;
#3109 = DIRECTION ( 'NONE',  ( 0.000000000000000000, 0.000000000000000000, -1.000000000000000000 ) ) ;
#3110 = VECTOR ( 'NONE', #1141, 39.37007874015748143 ) ;
#3111 = CARTESIAN_POINT ( 'NONE',  ( 0.3830191518611218982, -1.543269703697957906, -2.056157277205674205 ) ) ;
#3112 = CARTESIAN_POINT ( 'NONE',  ( 0.09999999999999997780, 2.501776695296637598, -0.4517766952966398297 ) ) ;
#3113 = ORIENTED_EDGE ( 'NONE', *, *, #86, .T. ) ;
#3114 = ORIENTED_EDGE ( 'NONE', *, *, #2125, .F. ) ;
#3115 = VERTEX_POINT ( 'NONE', #1125 ) ;
#3116 = EDGE_CURVE ( 'NONE', #1938, #1096, #8, .T. ) ;
#3117 = UNCERTAINTY_MEASURE_WITH_UNIT (LENGTH_MEASURE( 1.000000000000000082E-05 ), #290, 'distance_accuracy_value', 'NONE');
#3118 = LINE ( 'NONE', #2817, #2086 ) ;
#3119 = CARTESIAN_POINT ( 'NONE',  ( 0.000000000000000000, -2.150000000000000355, -2.925000000000001155 ) ) ;
#3120 = CARTESIAN_POINT ( 'NONE',  ( 0.3500000000000000333, -1.775000000000001243, -2.550000000000000266 ) ) ;
#3121 = EDGE_CURVE ( 'NONE', #2957, #1515, #2949, .T. ) ;
#3122 = ORIENTED_EDGE ( 'NONE', *, *, #1725, .T. ) ;
#3123 = DIRECTION ( 'NONE',  ( 0.000000000000000000, 1.000000000000000000, 0.000000000000000000 ) ) ;
#3124 = DIRECTION ( 'NONE',  ( 1.000000000000000000, 0.000000000000000000, -0.000000000000000000 ) ) ;
#3125 = LINE ( 'NONE', #2067, #2764 ) ;
#3126 = CARTESIAN_POINT ( 'NONE',  ( 0.4137846497190507677, -1.586475307353282904, -1.985520658409553496 ) ) ;
#3127 = ADVANCED_FACE ( 'NONE', ( #3271 ), #863, .F. ) ;
#3128 = LINE ( 'NONE', #223, #3439 ) ;
#3129 = ORIENTED_EDGE ( 'NONE', *, *, #1729, .F. ) ;
#3130 = ORIENTED_EDGE ( 'NONE', *, *, #676, .T. ) ;
#3131 = VECTOR ( 'NONE', #502, 39.37007874015748143 ) ;
#3132 = ORIENTED_EDGE ( 'NONE', *, *, #999, .T. ) ;
#3133 = VERTEX_POINT ( 'NONE', #60 ) ;
#3134 = AXIS2_PLACEMENT_3D ( 'NONE', #2140, #2409, #1318 ) ;
#3135 = DIRECTION ( 'NONE',  ( 0.000000000000000000, 0.000000000000000000, 1.000000000000000000 ) ) ;
#3136 = CYLINDRICAL_SURFACE ( 'NONE', #1152, 0.06496062999999985266 ) ;
#3137 = CARTESIAN_POINT ( 'NONE',  ( 0.000000000000000000, -2.875000000000000888, -1.750000000000000666 ) ) ;
#3138 = EDGE_LOOP ( 'NONE', ( #1661, #415, #812, #1042 ) ) ;
#3139 = EDGE_CURVE ( 'NONE', #3485, #1433, #2721, .T. ) ;
#3141 = EDGE_CURVE ( 'NONE', #2563, #1286, #3008, .T. ) ;
#3140 = DIRECTION ( 'NONE',  ( 0.000000000000000000, -1.000000000000000000, 3.902639990948946222E-17 ) ) ;
#3142 = LINE ( 'NONE', #3196, #407 ) ;
#3143 = LINE ( 'NONE', #2825, #3073 ) ;
#3144 = CARTESIAN_POINT ( 'NONE',  ( 1.100000000000000089, -0.7499999999999980016, -1.909999999999999920 ) ) ;
#3145 = LINE ( 'NONE', #1561, #2032 ) ;
#3146 = ORIENTED_EDGE ( 'NONE', *, *, #1270, .F. ) ;
#3147 = VERTEX_POINT ( 'NONE', #275 ) ;
#3148 = EDGE_LOOP ( 'NONE', ( #890, #1975 ) ) ;
#3149 = VECTOR ( 'NONE', #2510, 39.37007874015748143 ) ;
#3150 = ORIENTED_EDGE ( 'NONE', *, *, #2330, .T. ) ;
#3151 = CYLINDRICAL_SURFACE ( 'NONE', #2428, 0.06496063000000011634 ) ;
#3152 = CYLINDRICAL_SURFACE ( 'NONE', #857, 0.1250000000000000000 ) ;
#3153 = AXIS2_PLACEMENT_3D ( 'NONE', #855, #56, #1380 ) ;
#3154 = CARTESIAN_POINT ( 'NONE',  ( 0.3500000000000000333, -1.525000000000001243, -1.900000000000000133 ) ) ;
#3155 = DIRECTION ( 'NONE',  ( -1.000000000000000000, -0.000000000000000000, -0.000000000000000000 ) ) ;
#3156 = VECTOR ( 'NONE', #1217, 39.37007874015748143 ) ;
#3157 = CYLINDRICAL_SURFACE ( 'NONE', #2601, 0.06496063000000011634 ) ;
#3158 = DIRECTION ( 'NONE',  ( 0.000000000000000000, 1.000000000000000000, 2.731847993664262725E-16 ) ) ;
#3159 = AXIS2_PLACEMENT_3D ( 'NONE', #2425, #1901, #904 ) ;
#3160 = DIRECTION ( 'NONE',  ( -0.000000000000000000, 0.000000000000000000, 1.000000000000000000 ) ) ;
#3161 = AXIS2_PLACEMENT_3D ( 'NONE', #218, #1012, #3158 ) ;
#3162 = LINE ( 'NONE', #1087, #1075 ) ;
#3163 = EDGE_CURVE ( 'NONE', #2880, #853, #212, .T. ) ;
#3164 = DIRECTION ( 'NONE',  ( 0.000000000000000000, -1.000000000000000000, 0.000000000000000000 ) ) ;
#3165 = EDGE_CURVE ( 'NONE', #3244, #1731, #1255, .T. ) ;
#3166 = CARTESIAN_POINT ( 'NONE',  ( 0.000000000000000000, -1.912500000000001199, -2.150000000000000355 ) ) ;
#3167 = FACE_OUTER_BOUND ( 'NONE', #2561, .T. ) ;
#3168 = ORIENTED_EDGE ( 'NONE', *, *, #1665, .T. ) ;
#3169 = VECTOR ( 'NONE', #2889, 39.37007874015748143 ) ;
#3170 = ORIENTED_EDGE ( 'NONE', *, *, #200, .F. ) ;
#3171 = EDGE_LOOP ( 'NONE', ( #2913, #2783 ) ) ;
#3172 = CARTESIAN_POINT ( 'NONE',  ( 0.1000000000000000056, 2.501776695296637154, -1.473223304703365155 ) ) ;
#3173 = CARTESIAN_POINT ( 'NONE',  ( 1.100000000000000089, 2.450000000000000178, -1.525000000000002132 ) ) ;
#3174 = DIRECTION ( 'NONE',  ( 1.000000000000000000, 0.000000000000000000, 0.000000000000000000 ) ) ;
#3175 = CARTESIAN_POINT ( 'NONE',  ( 1.100000000000000089, 0.5500000000000000444, -1.600000000000001421 ) ) ;
#3176 = CARTESIAN_POINT ( 'NONE',  ( 0.3500000000000000333, 1.775000000000001243, -2.716666666666669006 ) ) ;
#3177 = FACE_BOUND ( 'NONE', #3288, .T. ) ;
#3178 = FACE_BOUND ( 'NONE', #603, .T. ) ;
#3179 = CARTESIAN_POINT ( 'NONE',  ( 0.1000000000000000056, 0.8500000000000111910, 0.4999999999999969469 ) ) ;
#3180 = VERTEX_POINT ( 'NONE', #2757 ) ;
#3181 = DIRECTION ( 'NONE',  ( -0.000000000000000000, 2.875629467015014277E-16, 1.000000000000000000 ) ) ;
#3182 = CARTESIAN_POINT ( 'NONE',  ( 0.3500000000000000333, -1.775000000000001465, -2.300000000000000266 ) ) ;
#3183 = EDGE_LOOP ( 'NONE', ( #2618, #156, #2179, #3486 ) ) ;
#3184 = ADVANCED_FACE ( 'NONE', ( #595 ), #2421, .F. ) ;
#3185 = VERTEX_POINT ( 'NONE', #413 ) ;
#3186 = EDGE_CURVE ( 'NONE', #2439, #2902, #428, .T. ) ;
#3187 = ORIENTED_EDGE ( 'NONE', *, *, #1345, .F. ) ;
#3188 = DIRECTION ( 'NONE',  ( 0.000000000000000000, 3.278217592397118229E-15, -1.000000000000000000 ) ) ;
#3189 = LINE ( 'NONE', #3173, #2369 ) ;
#3190 = VECTOR ( 'NONE', #2871, 39.37007874015748143 ) ;
#3191 = DIRECTION ( 'NONE',  ( -1.000000000000000000, -0.000000000000000000, -0.000000000000000000 ) ) ;
#3192 = CARTESIAN_POINT ( 'NONE',  ( 0.2249999999999999223, 0.7000000000000007327, 0.000000000000000000 ) ) ;
#3193 = AXIS2_PLACEMENT_3D ( 'NONE', #164, #1487, #419 ) ;
#3194 = FACE_OUTER_BOUND ( 'NONE', #2079, .T. ) ;
#3195 = DIRECTION ( 'NONE',  ( 0.000000000000000000, 0.000000000000000000, -1.000000000000000000 ) ) ;
#3196 = CARTESIAN_POINT ( 'NONE',  ( 0.000000000000000000, 2.875000000000000888, -0.3149606300000005188 ) ) ;
#3197 = DIRECTION ( 'NONE',  ( 1.000000000000000000, 0.000000000000000000, 0.000000000000000000 ) ) ;
#3198 = ORIENTED_EDGE ( 'NONE', *, *, #1226, .F. ) ;
#3199 = DIRECTION ( 'NONE',  ( -1.000000000000000000, -0.000000000000000000, -0.000000000000000000 ) ) ;
#3200 = PLANE ( 'NONE',  #1447 ) ;
#3201 = EDGE_LOOP ( 'NONE', ( #657, #2898, #1812, #2250 ) ) ;
#3202 = VERTEX_POINT ( 'NONE', #2224 ) ;
#3203 = ORIENTED_EDGE ( 'NONE', *, *, #1044, .T. ) ;
#3204 = VECTOR ( 'NONE', #2494, 39.37007874015748143 ) ;
#3205 = CARTESIAN_POINT ( 'NONE',  ( 0.000000000000000000, 2.875000000000000888, -0.2500000000000004996 ) ) ;
#3206 = ADVANCED_FACE ( 'NONE', ( #1480 ), #899, .F. ) ;
#3207 = EDGE_CURVE ( 'NONE', #1064, #3185, #395, .T. ) ;
#3208 = CARTESIAN_POINT ( 'NONE',  ( 1.100000000000000089, 0.9500000000000000666, -1.525000000000002132 ) ) ;
#3209 = ORIENTED_EDGE ( 'NONE', *, *, #1441, .F. ) ;
#3210 = CARTESIAN_POINT ( 'NONE',  ( 0.1000000000000000056, -2.450000000000000622, -0.5250000000000007994 ) ) ;
#3211 = AXIS2_PLACEMENT_3D ( 'NONE', #3237, #1015, #1842 ) ;
#3212 = CARTESIAN_POINT ( 'NONE',  ( 0.000000000000000000, 1.500000000000000222, -4.000000000000000888 ) ) ;
#3213 = CARTESIAN_POINT ( 'NONE',  ( 0.2249999999999999223, 0.5500000000000001554, -1.525000000000002132 ) ) ;
#3214 = CARTESIAN_POINT ( 'NONE',  ( 0.1000000000000000056, -4.000205990722681002E-17, -0.5250000000000029088 ) ) ;
#3215 = B_SPLINE_CURVE_WITH_KNOTS ( 'NONE', 3,
 ( #3345, #937, #2004, #1742, #452, #2020, #1759, #1559, #2826, #166, #2895, #2633, #3126, #420, #1521, #716, #2594, #2297, #203, #221, #1790, #1280, #3111, #734, #2368, #2858, #982, #3395 ),
 .UNSPECIFIED., .F., .F.,
 ( 4, 2, 2, 2, 2, 2, 2, 2, 2, 2, 2, 2, 2, 4 ),
 ( 1.734723475976807094E-18, 0.0003767470215579212228, 0.0007534940431158407108, 0.001130241064673760199, 0.001506988086231679687, 0.002260482129347510423, 0.003013976172463341159, 0.003767470215579171895, 0.004144217237137078590, 0.004520964258694985284, 0.004897711280252891979, 0.005274458301810799540, 0.005651205323368705367, 0.006027952344926612062 ),
 .UNSPECIFIED. ) ;
#3216 = ORIENTED_EDGE ( 'NONE', *, *, #3419, .F. ) ;
#3217 = EDGE_CURVE ( 'NONE', #1114, #3180, #2257, .T. ) ;
#3218 = VECTOR ( 'NONE', #1780, 39.37007874015748143 ) ;
#3219 = VECTOR ( 'NONE', #1409, 39.37007874015748143 ) ;
#3220 = CARTESIAN_POINT ( 'NONE',  ( 0.1955592213807557933, 0.6975722967085877801, -0.3000000000000029310 ) ) ;
#3221 = FACE_OUTER_BOUND ( 'NONE', #1285, .T. ) ;
#3222 = ORIENTED_EDGE ( 'NONE', *, *, #25, .F. ) ;
#3223 = ORIENTED_EDGE ( 'NONE', *, *, #3062, .F. ) ;
#3224 = ORIENTED_EDGE ( 'NONE', *, *, #607, .T. ) ;
#3225 = CARTESIAN_POINT ( 'NONE',  ( 0.2249999999999999223, 2.450000000000000178, -1.525000000000002132 ) ) ;
#3226 = AXIS2_PLACEMENT_3D ( 'NONE', #78, #2274, #1187 ) ;
#3227 = APPROVAL_PERSON_ORGANIZATION ( #2416, #2631, #38 ) ;
#3228 = DIRECTION ( 'NONE',  ( 0.000000000000000000, 1.000000000000000000, 1.280168938519223078E-16 ) ) ;
#3229 = EDGE_CURVE ( 'NONE', #1413, #722, #1967, .T. ) ;
#3230 = DIRECTION ( 'NONE',  ( 0.000000000000000000, 0.6000000000000000888, -0.7999999999999998224 ) ) ;
#3231 = ADVANCED_FACE ( 'NONE', ( #692 ), #2788, .F. ) ;
#3232 = ORIENTED_EDGE ( 'NONE', *, *, #2946, .F. ) ;
#3233 = DIRECTION ( 'NONE',  ( 1.000000000000000000, -0.000000000000000000, -0.000000000000000000 ) ) ;
#3234 = CARTESIAN_POINT ( 'NONE',  ( 0.1000000000000000056, 0.000000000000000000, 0.5000000000000000000 ) ) ;
#3235 = DIRECTION ( 'NONE',  ( 1.000000000000000000, -0.000000000000000000, -0.000000000000000000 ) ) ;
#3236 = EDGE_CURVE ( 'NONE', #2337, #1886, #1463, .T. ) ;
#3237 = CARTESIAN_POINT ( 'NONE',  ( 1.100000000000000089, 1.561055996379581447E-17, -0.4000000000000007438 ) ) ;
#3238 = ORIENTED_EDGE ( 'NONE', *, *, #933, .T. ) ;
#3239 = DIRECTION ( 'NONE',  ( -0.000000000000000000, 2.875629467015014277E-16, 1.000000000000000000 ) ) ;
#3240 = DIRECTION ( 'NONE',  ( 0.000000000000000000, 0.000000000000000000, -1.000000000000000000 ) ) ;
#3241 = CARTESIAN_POINT ( 'NONE',  ( 0.000000000000000000, -2.150000000000000355, -2.925000000000001155 ) ) ;
#3242 = EDGE_CURVE ( 'NONE', #669, #722, #1314, .T. ) ;
#3243 = EDGE_LOOP ( 'NONE', ( #2570, #277, #3333, #2056 ) ) ;
#3244 = VERTEX_POINT ( 'NONE', #2511 ) ;
#3245 = ORIENTED_EDGE ( 'NONE', *, *, #3466, .F. ) ;
#3246 = CARTESIAN_POINT ( 'NONE',  ( 0.000000000000000000, 0.9999999999999994449, -3.874999999999998224 ) ) ;
#3247 = DIRECTION ( 'NONE',  ( 0.000000000000000000, 1.280168938519223078E-16, -1.000000000000000000 ) ) ;
#3248 = DIRECTION ( 'NONE',  ( -1.000000000000000000, -0.000000000000000000, -0.000000000000000000 ) ) ;
#3249 = EDGE_LOOP ( 'NONE', ( #1954, #3381, #1153, #3446 ) ) ;
#3250 = DIRECTION ( 'NONE',  ( 0.000000000000000000, 2.731847993664263711E-16, -1.000000000000000000 ) ) ;
#3251 = VECTOR ( 'NONE', #3321, 39.37007874015748143 ) ;
#3252 = DIRECTION ( 'NONE',  ( 1.000000000000000000, 0.000000000000000000, 0.000000000000000000 ) ) ;
#3253 = CARTESIAN_POINT ( 'NONE',  ( 0.000000000000000000, -2.875000000000000888, -0.2500000000000006106 ) ) ;
#3254 = CARTESIAN_POINT ( 'NONE',  ( 0.2249999999999999223, -0.5500000000000000444, -1.600000000000000311 ) ) ;
#3255 = CIRCLE ( 'NONE', #1904, 0.06496063000000004695 ) ;
#3256 = ORIENTED_EDGE ( 'NONE', *, *, #2339, .F. ) ;
#3257 = EDGE_CURVE ( 'NONE', #2090, #2286, #3452, .T. ) ;
#3258 = ADVANCED_FACE ( 'NONE', ( #2802 ), #1203, .F. ) ;
#3259 = CARTESIAN_POINT ( 'NONE',  ( 0.2249999999999999223, -2.575000000000000178, -1.524999999999999911 ) ) ;
#3260 = DIRECTION ( 'NONE',  ( 0.000000000000000000, 1.000000000000000000, -2.875629467015014277E-16 ) ) ;
#3261 = DIRECTION ( 'NONE',  ( 0.000000000000000000, -1.821231995776165224E-15, 1.000000000000000000 ) ) ;
#3262 = ORIENTED_EDGE ( 'NONE', *, *, #411, .F. ) ;
#3263 = EDGE_LOOP ( 'NONE', ( #3223, #2410, #671, #944 ) ) ;
#3264 = VERTEX_POINT ( 'NONE', #3336 ) ;
#3265 = DIRECTION ( 'NONE',  ( 0.000000000000000000, -1.000000000000000000, 2.731847993664262824E-15 ) ) ;
#3266 = APPLICATION_PROTOCOL_DEFINITION ( 'international standard', 'config_control_design', 1994, #1818 ) ;
#3267 = DIRECTION ( 'NONE',  ( 0.000000000000000000, -3.642463991552356480E-15, -1.000000000000000000 ) ) ;
#3268 = ORIENTED_EDGE ( 'NONE', *, *, #1618, .T. ) ;
#3269 = DIRECTION ( 'NONE',  ( 0.000000000000000000, 0.000000000000000000, -1.000000000000000000 ) ) ;
#3270 = CYLINDRICAL_SURFACE ( 'NONE', #1018, 0.2500000000000000555 ) ;
#3271 = FACE_OUTER_BOUND ( 'NONE', #283, .T. ) ;
#3272 = CARTESIAN_POINT ( 'NONE',  ( 0.8249999999999999556, 0.8250000000000005107, 3.091301677041139880E-16 ) ) ;
#3273 = AXIS2_PLACEMENT_3D ( 'NONE', #862, #2478, #59 ) ;
#3274 = ORIENTED_EDGE ( 'NONE', *, *, #373, .F. ) ;
#3275 = CARTESIAN_POINT ( 'NONE',  ( 0.1084049344023597233, 0.6274530728955031167, -0.3000000000000028755 ) ) ;
#3276 = PLANE ( 'NONE',  #970 ) ;
#3277 = LINE ( 'NONE', #1941, #1001 ) ;
#3278 = EDGE_CURVE ( 'NONE', #2880, #2747, #3088, .T. ) ;
#3279 = ADVANCED_FACE ( 'NONE', ( #1997 ), #674, .F. ) ;
#3280 = ORIENTED_EDGE ( 'NONE', *, *, #1257, .F. ) ;
#3281 = AXIS2_PLACEMENT_3D ( 'NONE', #2113, #1017, #3377 ) ;
#3282 = AXIS2_PLACEMENT_3D ( 'NONE', #1108, #2175, #848 ) ;
#3283 = VERTEX_POINT ( 'NONE', #929 ) ;
#3284 = VECTOR ( 'NONE', #1240, 39.37007874015748854 ) ;
#3285 = ORIENTED_EDGE ( 'NONE', *, *, #143, .F. ) ;
#3286 = CARTESIAN_POINT ( 'NONE',  ( 2.601873829587559417, -0.7499999999999980016, -1.984999999999999654 ) ) ;
#3287 = CARTESIAN_POINT ( 'NONE',  ( 0.1000000000000000056, 2.875000000000000888, -0.3149606300000005188 ) ) ;
#3288 = EDGE_LOOP ( 'NONE', ( #683, #2830 ) ) ;
#3289 = EDGE_CURVE ( 'NONE', #2797, #2022, #1750, .T. ) ;
#3290 = LINE ( 'NONE', #882, #1849 ) ;
#3291 = CYLINDRICAL_SURFACE ( 'NONE', #2811, 0.1250000000000000000 ) ;
#3292 = DIRECTION ( 'NONE',  ( -1.000000000000000000, -0.000000000000000000, -0.000000000000000000 ) ) ;
#3293 = CARTESIAN_POINT ( 'NONE',  ( 0.1000000000000000194, -1.775000000000001243, -1.900000000000000133 ) ) ;
#3294 = VERTEX_POINT ( 'NONE', #2552 ) ;
#3295 = CARTESIAN_POINT ( 'NONE',  ( 0.1000000000000000056, 2.875000000000000888, -0.1850393700000004249 ) ) ;
#3296 = CARTESIAN_POINT ( 'NONE',  ( 0.6999999999999999556, -6.439355985065822465E-17, -0.3000000000000027645 ) ) ;
#3297 = LINE ( 'NONE', #1710, #387 ) ;
#3298 = VERTEX_POINT ( 'NONE', #2013 ) ;
#3299 = ORIENTED_EDGE ( 'NONE', *, *, #3402, .F. ) ;
#3300 = EDGE_CURVE ( 'NONE', #1258, #3431, #140, .T. ) ;
#3301 = APPROVAL_ROLE ( '' ) ;
#3302 = VERTEX_POINT ( 'NONE', #1218 ) ;
#3303 = DIRECTION ( 'NONE',  ( -0.000000000000000000, 0.000000000000000000, 1.000000000000000000 ) ) ;
#3304 = DIRECTION ( 'NONE',  ( -0.000000000000000000, 1.000000000000000000, -0.000000000000000000 ) ) ;
#3305 = CARTESIAN_POINT ( 'NONE',  ( 1.100000000000000089, 0.9500000000000003997, -0.3000000000000028755 ) ) ;
#3306 = ORIENTED_EDGE ( 'NONE', *, *, #2320, .F. ) ;
#3307 = AXIS2_PLACEMENT_3D ( 'NONE', #3137, #1290, #1047 ) ;
#3308 = DIRECTION ( 'NONE',  ( 0.000000000000000000, 0.000000000000000000, 1.000000000000000000 ) ) ;
#3309 = DIRECTION ( 'NONE',  ( 0.000000000000000000, 0.000000000000000000, -1.000000000000000000 ) ) ;
#3310 = CARTESIAN_POINT ( 'NONE',  ( 0.2249999999999999223, -2.450000000000000622, -0.4000000000000007994 ) ) ;
#3311 = CIRCLE ( 'NONE', #270, 0.2499999999999998057 ) ;
#3312 = ORIENTED_EDGE ( 'NONE', *, *, #258, .F. ) ;
#3313 = ORIENTED_EDGE ( 'NONE', *, *, #2043, .T. ) ;
#3314 = VECTOR ( 'NONE', #236, 39.37007874015748143 ) ;
#3315 = APPROVAL_DATE_TIME ( #2491, #1532 ) ;
#3316 = ORIENTED_EDGE ( 'NONE', *, *, #1524, .F. ) ;
#3317 = EDGE_CURVE ( 'NONE', #1636, #2220, #646, .T. ) ;
#3318 = ADVANCED_FACE ( 'NONE', ( #957, #2027, #1719, #1535, #2059, #2097, #2326, #726, #3386, #1856 ), #2906, .F. ) ;
#3319 = CYLINDRICAL_SURFACE ( 'NONE', #1475, 0.06496063000000011634 ) ;
#3320 = CARTESIAN_POINT ( 'NONE',  ( 0.000000000000000000, 2.875000000000000888, -1.685039369999999481 ) ) ;
#3321 = DIRECTION ( 'NONE',  ( 1.000000000000000000, -0.000000000000000000, -0.000000000000000000 ) ) ;
#3322 = VERTEX_POINT ( 'NONE', #2625 ) ;
#3323 = CARTESIAN_POINT ( 'NONE',  ( 1.100000000000000089, 0.000000000000000000, 0.000000000000000000 ) ) ;
#3324 = CARTESIAN_POINT ( 'NONE',  ( 0.000000000000000000, 1.500000000000000222, -4.000000000000000888 ) ) ;
#3325 = CARTESIAN_POINT ( 'NONE',  ( 0.3500000000000000333, -1.525000000000001243, -2.300000000000000266 ) ) ;
#3326 = VECTOR ( 'NONE', #108, 39.37007874015748143 ) ;
#3327 = EDGE_CURVE ( 'NONE', #3431, #2040, #465, .T. ) ;
#3328 = VECTOR ( 'NONE', #2632, 39.37007874015748143 ) ;
#3329 = CIRCLE ( 'NONE', #3153, 0.06496062999999985266 ) ;
#3330 = VERTEX_POINT ( 'NONE', #2077 ) ;
#3331 = VERTEX_POINT ( 'NONE', #2870 ) ;
#3332 = ORIENTED_EDGE ( 'NONE', *, *, #190, .F. ) ;
#3333 = ORIENTED_EDGE ( 'NONE', *, *, #1555, .T. ) ;
#3334 = EDGE_CURVE ( 'NONE', #564, #299, #2568, .T. ) ;
#3335 = DIRECTION ( 'NONE',  ( 0.000000000000000000, 0.000000000000000000, 1.000000000000000000 ) ) ;
#3336 = CARTESIAN_POINT ( 'NONE',  ( 0.6999999999999999556, -0.8249999999999998446, -1.600000000000000311 ) ) ;
#3337 = LINE ( 'NONE', #2819, #383 ) ;
#3338 =( BOUNDED_SURFACE ( )  B_SPLINE_SURFACE ( 3, 2, ( 
 ( #2840, #1518, #1540 ),
 ( #714, #434, #2332 ),
 ( #1504, #2574, #115 ),
 ( #134, #3410, #997 ) ),
 .UNSPECIFIED., .F., .F., .F. ) 
 B_SPLINE_SURFACE_WITH_KNOTS ( ( 4, 4 ),
 ( 3, 3 ),
 ( 0.004310663393295012177, 0.005640584742031285945 ),
 ( 0.000000000000000000, 1.000000000000000000 ),
 .UNSPECIFIED. ) 
 GEOMETRIC_REPRESENTATION_ITEM ( )  RATIONAL_B_SPLINE_SURFACE ( (
 ( 1.000000000000000000, 0.7749872339351625561, 1.000000000000000000),
 ( 1.000000000000000000, 0.7530198709991822170, 1.000000000000000000),
 ( 1.000000000000000000, 0.7303258375431249672, 1.000000000000000000),
 ( 1.000000000000000000, 0.7071067811865379138, 1.000000000000000000) ) ) 
 REPRESENTATION_ITEM ( '' )  SURFACE ( )  );
#3339 = ORIENTED_EDGE ( 'NONE', *, *, #2925, .T. ) ;
#3340 = VECTOR ( 'NONE', #1061, 39.37007874015748143 ) ;
#3341 = EDGE_CURVE ( 'NONE', #793, #2554, #2922, .T. ) ;
#3342 = DIRECTION ( 'NONE',  ( -1.000000000000000000, -0.000000000000000000, -0.000000000000000000 ) ) ;
#3343 = CARTESIAN_POINT ( 'NONE',  ( 0.1955307471461316116, -0.6975689828608077070, -0.3000000000000007105 ) ) ;
#3344 = APPROVAL_PERSON_ORGANIZATION ( #3051, #1532, #3301 ) ;
#3345 = CARTESIAN_POINT ( 'NONE',  ( 0.3499999999999999778, -1.647360164721186404, -1.935039370000000147 ) ) ;
#3346 = ORIENTED_EDGE ( 'NONE', *, *, #852, .F. ) ;
#3347 = EDGE_CURVE ( 'NONE', #1122, #1300, #159, .T. ) ;
#3348 = ORIENTED_EDGE ( 'NONE', *, *, #760, .F. ) ;
#3349 = ORIENTED_EDGE ( 'NONE', *, *, #2021, .F. ) ;
#3350 = CARTESIAN_POINT ( 'NONE',  ( 0.3500000000000000333, 2.400000000000001243, -2.300000000000001155 ) ) ;
#3351 = DIRECTION ( 'NONE',  ( 0.000000000000000000, 0.000000000000000000, -1.000000000000000000 ) ) ;
#3352 = CARTESIAN_POINT ( 'NONE',  ( 0.3500000000000000333, -2.200000000000001066, -1.900000000000000133 ) ) ;
#3353 = PRODUCT ( 'Bottom Armor', 'Bottom Armor', '', ( #1646 ) ) ;
#3354 = ORIENTED_EDGE ( 'NONE', *, *, #1335, .T. ) ;
#3355 = CARTESIAN_POINT ( 'NONE',  ( 0.2249999999999999778, -0.7000000000000007327, -0.3000000000000005995 ) ) ;
#3356 = CARTESIAN_POINT ( 'NONE',  ( 0.1236598173825074753, -0.6520297877682053045, -0.3000000000000005995 ) ) ;
#3357 = LINE ( 'NONE', #3077, #3081 ) ;
#3358 = ADVANCED_FACE ( 'NONE', ( #990 ), #1236, .F. ) ;
#3359 = CARTESIAN_POINT ( 'NONE',  ( 0.1000000000000000056, 0.5750000000000007327, 0.5000000000000000000 ) ) ;
#3360 = EDGE_CURVE ( 'NONE', #1372, #1938, #925, .T. ) ;
#3361 = VECTOR ( 'NONE', #2718, 39.37007874015748143 ) ;
#3362 = VERTEX_POINT ( 'NONE', #1798 ) ;
#3363 = AXIS2_PLACEMENT_3D ( 'NONE', #2314, #981, #3109 ) ;
#3364 = ORIENTED_EDGE ( 'NONE', *, *, #1806, .T. ) ;
#3365 = CC_DESIGN_PERSON_AND_ORGANIZATION_ASSIGNMENT ( #1169, #1716, ( #765 ) ) ;
#3366 = EDGE_LOOP ( 'NONE', ( #2195, #3245, #2698, #382 ) ) ;
#3367 = AXIS2_PLACEMENT_3D ( 'NONE', #571, #2207, #1386 ) ;
#3368 = DESIGN_CONTEXT ( 'detailed design', #2378, 'design' ) ;
#3369 = CARTESIAN_POINT ( 'NONE',  ( 0.2249999999999999778, -0.7000000000000007327, -0.3120880886410046795 ) ) ;
#3370 = DIRECTION ( 'NONE',  ( -1.000000000000000000, 0.000000000000000000, 0.000000000000000000 ) ) ;
#3371 = LINE ( 'NONE', #647, #208 ) ;
#3372 = FACE_OUTER_BOUND ( 'NONE', #842, .T. ) ;
#3373 = CARTESIAN_POINT ( 'NONE',  ( 0.2249999999999999223, -2.450000000000000178, -1.524999999999999911 ) ) ;
#3374 = CARTESIAN_POINT ( 'NONE',  ( 0.3500000000000000333, -1.775000000000001243, -2.550000000000000266 ) ) ;
#3375 = DIRECTION ( 'NONE',  ( 0.000000000000000000, -1.000000000000000000, -2.146451995021921100E-16 ) ) ;
#3376 = DIRECTION ( 'NONE',  ( -0.000000000000000000, 2.875629467015014277E-16, 1.000000000000000000 ) ) ;
#3377 = DIRECTION ( 'NONE',  ( 0.000000000000000000, -0.000000000000000000, 1.000000000000000000 ) ) ;
#3378 = EDGE_CURVE ( 'NONE', #1617, #1344, #3405, .T. ) ;
#3379 = ORIENTED_EDGE ( 'NONE', *, *, #2320, .T. ) ;
#3380 = ADVANCED_FACE ( 'NONE', ( #483 ), #3136, .F. ) ;
#3381 = ORIENTED_EDGE ( 'NONE', *, *, #2330, .F. ) ;
#3382 = ORIENTED_EDGE ( 'NONE', *, *, #2766, .T. ) ;
#3383 = CIRCLE ( 'NONE', #1526, 0.06496062999999985266 ) ;
#3384 = AXIS2_PLACEMENT_3D ( 'NONE', #1538, #2589, #448 ) ;
#3385 = DIRECTION ( 'NONE',  ( 0.000000000000000000, 0.000000000000000000, 1.000000000000000000 ) ) ;
#3386 = FACE_BOUND ( 'NONE', #3014, .T. ) ;
#3387 = LINE ( 'NONE', #1482, #896 ) ;
#3388 = AXIS2_PLACEMENT_3D ( 'NONE', #506, #2647, #1312 ) ;
#3389 = EDGE_LOOP ( 'NONE', ( #3056, #1321, #951, #3413, #397, #3232, #2523, #704, #1695 ) ) ;
#3390 = B_SPLINE_CURVE_WITH_KNOTS ( 'NONE', 3,
 ( #1723, #1486, #2033, #2792, #664, #697, #1454, #1740, #1771, #2806, #1470, #2557, #524, #772, #3461, #1556, #201, #2404, #2118, #1595, #469, #2630, #219, #1539 ),
 .UNSPECIFIED., .F., .F.,
 ( 4, 2, 2, 2, 2, 2, 2, 2, 2, 2, 2, 4 ),
 ( 0.006027952344926612062, 0.006778722808916948228, 0.007154108040912115878, 0.007529493272907283527, 0.008280263736897613622, 0.009031034200887943716, 0.009781804664878273811, 0.01053257512886860391, 0.01090796036086376201, 0.01128334559285892012, 0.01165873082485407997, 0.01203411605684923807 ),
 .UNSPECIFIED. ) ;
#3391 = LINE ( 'NONE', #2855, #176 ) ;
#3392 = CARTESIAN_POINT ( 'NONE',  ( 0.1331509903349779589, -0.6627448604824017764, -0.3000000000000007105 ) ) ;
#3393 = CARTESIAN_POINT ( 'NONE',  ( 0.5999999999999999778, -1.775000000000001243, -1.900000000000000133 ) ) ;
#3394 = AXIS2_PLACEMENT_3D ( 'NONE', #1890, #821, #1604 ) ;
#3395 = CARTESIAN_POINT ( 'NONE',  ( 0.3500000000000000333, -1.539907878587983170, -2.064960630000000297 ) ) ;
#3396 = LINE ( 'NONE', #491, #1755 ) ;
#3397 = APPROVAL_PERSON_ORGANIZATION ( #1155, #2112, #622 ) ;
#3398 = ORIENTED_EDGE ( 'NONE', *, *, #391, .T. ) ;
#3399 = ORIENTED_EDGE ( 'NONE', *, *, #474, .T. ) ;
#3400 = EDGE_LOOP ( 'NONE', ( #1437, #1543, #619, #2519 ) ) ;
#3401 = VERTEX_POINT ( 'NONE', #2849 ) ;
#3402 = EDGE_CURVE ( 'NONE', #719, #1897, #707, .T. ) ;
#3403 = ADVANCED_FACE ( 'NONE', ( #2606 ), #1513, .T. ) ;
#3404 = LINE ( 'NONE', #1819, #3218 ) ;
#3405 = LINE ( 'NONE', #3154, #691 ) ;
#3406 = CARTESIAN_POINT ( 'NONE',  ( 0.3500000000000000333, -1.539907878587983170, -2.064960630000000297 ) ) ;
#3407 = ORIENTED_EDGE ( 'NONE', *, *, #1853, .T. ) ;
#3408 = PLANE ( 'NONE',  #2993 ) ;
#3409 = DIRECTION ( 'NONE',  ( 0.000000000000000000, 2.875629467015014277E-16, -1.000000000000000000 ) ) ;
#3410 = CARTESIAN_POINT ( 'NONE',  ( 0.09999999999999650835, 0.7000000000000006217, -0.3181534085976808202 ) ) ;
#3411 = DIRECTION ( 'NONE',  ( 1.000000000000000000, -0.000000000000000000, -0.000000000000000000 ) ) ;
#3412 = DIRECTION ( 'NONE',  ( 0.000000000000000000, 0.000000000000000000, -1.000000000000000000 ) ) ;
#3413 = ORIENTED_EDGE ( 'NONE', *, *, #1270, .T. ) ;
#3414 = ORIENTED_EDGE ( 'NONE', *, *, #2277, .T. ) ;
#3415 = CIRCLE ( 'NONE', #1117, 1.000000000000000222 ) ;
#3416 = ORIENTED_EDGE ( 'NONE', *, *, #2085, .F. ) ;
#3417 = ORIENTED_EDGE ( 'NONE', *, *, #2736, .T. ) ;
#3418 = CARTESIAN_POINT ( 'NONE',  ( 1.100000000000000089, 2.450000000000000622, 0.000000000000000000 ) ) ;
#3419 = EDGE_CURVE ( 'NONE', #3322, #3040, #2041, .T. ) ;
#3420 = DIRECTION ( 'NONE',  ( 0.000000000000000000, 1.000000000000000000, -3.902639990948946222E-17 ) ) ;
#3421 = CARTESIAN_POINT ( 'NONE',  ( 0.1000000000000000056, -3.000000000000000444, -7.512581982576723358E-16 ) ) ;
#3422 = EDGE_CURVE ( 'NONE', #1763, #225, #2499, .T. ) ;
#3423 = DIRECTION ( 'NONE',  ( -0.000000000000000000, 1.000000000000000000, 0.000000000000000000 ) ) ;
#3424 = EDGE_CURVE ( 'NONE', #2103, #1359, #1289, .T. ) ;
#3425 = DIRECTION ( 'NONE',  ( 1.000000000000000000, -0.000000000000000000, -0.000000000000000000 ) ) ;
#3426 = FACE_OUTER_BOUND ( 'NONE', #2231, .T. ) ;
#3427 = CARTESIAN_POINT ( 'NONE',  ( 0.1000000000000000056, 2.450000000000000178, -1.600000000000000977 ) ) ;
#3428 = PLANE ( 'NONE',  #3211 ) ;
#3429 = LINE ( 'NONE', #1016, #1400 ) ;
#3430 = DIRECTION ( 'NONE',  ( 0.000000000000000000, -0.000000000000000000, 1.000000000000000000 ) ) ;
#3431 = VERTEX_POINT ( 'NONE', #3421 ) ;
#3432 = ORIENTED_EDGE ( 'NONE', *, *, #1334, .T. ) ;
#3433 = AXIS2_PLACEMENT_3D ( 'NONE', #1670, #2739, #77 ) ;
#3434 = ORIENTED_EDGE ( 'NONE', *, *, #2469, .T. ) ;
#3435 = FACE_BOUND ( 'NONE', #2487, .T. ) ;
#3436 = CARTESIAN_POINT ( 'NONE',  ( 1.100000000000000089, -0.9499999999999994005, 8.195543980992789655E-16 ) ) ;
#3437 = FACE_OUTER_BOUND ( 'NONE', #447, .T. ) ;
#3438 = CARTESIAN_POINT ( 'NONE',  ( 0.6999999999999999556, -0.8249999999999995115, -0.3000000000000007105 ) ) ;
#3439 = VECTOR ( 'NONE', #1490, 39.37007874015748143 ) ;
#3440 = VECTOR ( 'NONE', #1824, 39.37007874015748143 ) ;
#3441 = CARTESIAN_POINT ( 'NONE',  ( 0.1000000000000000056, 3.000000000000000888, -2.000000000000000444 ) ) ;
#3442 = LINE ( 'NONE', #2134, #1985 ) ;
#3443 = VECTOR ( 'NONE', #2386, 39.37007874015748143 ) ;
#3444 = DIRECTION ( 'NONE',  ( 0.000000000000000000, -1.000000000000000000, -1.517693329813478087E-16 ) ) ;
#3445 = CARTESIAN_POINT ( 'NONE',  ( 1.100000000000000089, 0.000000000000000000, 0.000000000000000000 ) ) ;
#3446 = ORIENTED_EDGE ( 'NONE', *, *, #3165, .T. ) ;
#3447 = ADVANCED_FACE ( 'NONE', ( #3437 ), #1028, .F. ) ;
#3448 = EDGE_CURVE ( 'NONE', #1833, #669, #840, .T. ) ;
#3449 = CARTESIAN_POINT ( 'NONE',  ( 0.2000000000000000389, -0.8499999999999980904, -1.909999999999999920 ) ) ;
#3450 = FACE_OUTER_BOUND ( 'NONE', #3470, .T. ) ;
#3451 = VERTEX_POINT ( 'NONE', #312 ) ;
#3452 = CIRCLE ( 'NONE', #1534, 0.06496062999999985266 ) ;
#3453 = EDGE_CURVE ( 'NONE', #1696, #351, #1877, .T. ) ;
#3454 = ORIENTED_EDGE ( 'NONE', *, *, #730, .F. ) ;
#3455 = VERTEX_POINT ( 'NONE', #3002 ) ;
#3456 = CARTESIAN_POINT ( 'NONE',  ( 0.000000000000000000, -0.9999999999999994449, -3.875000000000000444 ) ) ;
#3457 = DIRECTION ( 'NONE',  ( -1.000000000000000000, 0.000000000000000000, -0.000000000000000000 ) ) ;
#3458 = CARTESIAN_POINT ( 'NONE',  ( 0.3500000000000000333, 1.775000000000001465, -1.900000000000001243 ) ) ;
#3459 = DIRECTION ( 'NONE',  ( -1.000000000000000000, 0.000000000000000000, 0.000000000000000000 ) ) ;
#3460 = DIRECTION ( 'NONE',  ( 0.000000000000000000, -0.000000000000000000, 1.000000000000000000 ) ) ;
#3461 = CARTESIAN_POINT ( 'NONE',  ( 0.2988734690253087023, -1.613167966567388145, -1.959265718742000395 ) ) ;
#3462 = CARTESIAN_POINT ( 'NONE',  ( 0.3500000000000000333, -1.775000000000001465, -2.235039370000000414 ) ) ;
#3463 = ORIENTED_EDGE ( 'NONE', *, *, #1089, .F. ) ;
#3464 = CARTESIAN_POINT ( 'NONE',  ( 1.100000000000000089, -0.9500000000000002887, -1.524999999999999911 ) ) ;
#3465 = CARTESIAN_POINT ( 'NONE',  ( 0.6999999999999999556, 0.5500000000000005995, 2.731847993664263218E-16 ) ) ;
#3466 = EDGE_CURVE ( 'NONE', #723, #966, #516, .T. ) ;
#3467 = ADVANCED_FACE ( 'NONE', ( #1098 ), #1381, .F. ) ;
#3468 = ORIENTED_EDGE ( 'NONE', *, *, #3317, .T. ) ;
#3469 = VERTEX_POINT ( 'NONE', #1324 ) ;
#3470 = EDGE_LOOP ( 'NONE', ( #2505, #1882, #2726, #1627 ) ) ;
#3471 = PLANE ( 'NONE',  #52 ) ;
#3472 = DIRECTION ( 'NONE',  ( 0.000000000000000000, -1.280168938519223078E-16, -1.000000000000000000 ) ) ;
#3473 = DIRECTION ( 'NONE',  ( 0.000000000000000000, -1.000000000000000000, 2.731847993664262725E-16 ) ) ;
#3474 = CARTESIAN_POINT ( 'NONE',  ( 0.1000000000000000056, 1.500000000000000222, -4.000000000000000888 ) ) ;
#3475 = DIRECTION ( 'NONE',  ( 0.000000000000000000, 0.000000000000000000, 1.000000000000000000 ) ) ;
#3476 = CARTESIAN_POINT ( 'NONE',  ( 0.000000000000000000, -2.875000000000000888, -0.2500000000000006106 ) ) ;
#3477 = CARTESIAN_POINT ( 'NONE',  ( 0.2249999999999999778, 0.7000000000000007327, -0.3120880886410054011 ) ) ;
#3478 = CARTESIAN_POINT ( 'NONE',  ( 0.1000000000000000056, 2.150000000000000355, -2.924999999999998934 ) ) ;
#3479 = VERTEX_POINT ( 'NONE', #3287 ) ;
#3480 = VECTOR ( 'NONE', #1139, 39.37007874015748143 ) ;
#3481 = FACE_OUTER_BOUND ( 'NONE', #111, .T. ) ;
#3482 = FACE_OUTER_BOUND ( 'NONE', #3083, .T. ) ;
#3483 = VERTEX_POINT ( 'NONE', #2959 ) ;
#3484 = EDGE_CURVE ( 'NONE', #1300, #1999, #858, .T. ) ;
#3485 = VERTEX_POINT ( 'NONE', #1948 ) ;
#3486 = ORIENTED_EDGE ( 'NONE', *, *, #3424, .F. ) ;
#3487 = DIRECTION ( 'NONE',  ( 0.000000000000000000, 0.000000000000000000, 1.000000000000000000 ) ) ;
#3488 = EDGE_CURVE ( 'NONE', #2073, #1096, #1625, .T. ) ;
ENDSEC;
END-ISO-10303-21;
