ISO-10303-21;
HEADER;
FILE_DESCRIPTION (( 'STEP AP203' ),
    '1' );
FILE_NAME ('Front Armor.STEP',
    '2026-04-28T03:48:20',
    ( '' ),
    ( '' ),
    'SwSTEP 2.0',
    'SolidWorks 2025',
    '' );
FILE_SCHEMA (( 'CONFIG_CONTROL_DESIGN' ));
ENDSEC;

DATA;
#1 = CARTESIAN_POINT ( 'NONE',  ( 0.5857916296654450683, 1.842761210383152104, -1.332950378191916085 ) ) ;
#2 = CARTESIAN_POINT ( 'NONE',  ( 1.064259205246531170, -2.002164851412990387, -1.522930716512553628 ) ) ;
#3 = CARTESIAN_POINT ( 'NONE',  ( 1.160510370552979564, 1.995950387635700096, -1.540458465557783763 ) ) ;
#4 = CARTESIAN_POINT ( 'NONE',  ( 0.5264988551497098435, 0.4338173938904745786, 1.238221487575756452 ) ) ;
#5 = ORIENTED_EDGE ( 'NONE', *, *, #630, .T. ) ;
#6 = CARTESIAN_POINT ( 'NONE',  ( 0.5250000000000000222, -1.726436331745577757, -1.412528474431664627 ) ) ;
#7 = CIRCLE ( 'NONE', #706, 0.06496062999999972776 ) ;
#8 = CARTESIAN_POINT ( 'NONE',  ( 0.3909286673515068311, 1.869625093349667866, -1.424498723689881841 ) ) ;
#9 = CARTESIAN_POINT ( 'NONE',  ( 1.228450838024269132, 1.840128300672819961, -1.377609316026882302 ) ) ;
#10 = CARTESIAN_POINT ( 'NONE',  ( 0.5264988551497098435, 0.2170232073832509267, 1.293943936573130449 ) ) ;
#11 = ORIENTED_EDGE ( 'NONE', *, *, #326, .T. ) ;
#12 = CARTESIAN_POINT ( 'NONE',  ( 1.650000000000000355, 0.9862011154823112635, -0.2331652668937137241 ) ) ;
#13 = CYLINDRICAL_SURFACE ( 'NONE', #289, 1.749999999999999778 ) ;
#14 = EDGE_LOOP ( 'NONE', ( #1383, #39, #1441, #1425 ) ) ;
#15 = EDGE_CURVE ( 'NONE', #839, #817, #199, .T. ) ;
#16 = CARTESIAN_POINT ( 'NONE',  ( 0.000000000000000000, -0.6949352548373718408, -0.6499505083196484012 ) ) ;
#17 = CARTESIAN_POINT ( 'NONE',  ( 0.5264988551497098435, -1.260334769007336542, -0.2979780575965728096 ) ) ;
#18 = APPROVAL_STATUS ( 'not_yet_approved' ) ;
#19 = CARTESIAN_POINT ( 'NONE',  ( 1.650000000000000355, 0.8920195039539550175, -0.4820883346413414872 ) ) ;
#20 = FACE_OUTER_BOUND ( 'NONE', #438, .T. ) ;
#21 = CARTESIAN_POINT ( 'NONE',  ( 0.6443893131147170328, -1.883264362318748386, -1.370224098666284362 ) ) ;
#22 = CARTESIAN_POINT ( 'NONE',  ( 1.365923996832131609E-16, -1.010287447045551623, -0.1080983431781426113 ) ) ;
#23 = ORIENTED_EDGE ( 'NONE', *, *, #940, .F. ) ;
#24 = PERSON_AND_ORGANIZATION_ROLE ( 'classification_officer' ) ;
#25 = CARTESIAN_POINT ( 'NONE',  ( 1.649999999999999911, 1.905264726970284483, -1.703434048241590171 ) ) ;
#26 = VECTOR ( 'NONE', #1451, 39.37007874015748143 ) ;
#27 = CARTESIAN_POINT ( 'NONE',  ( 0.000000000000000000, -0.6949352548373718408, -0.6499505083196484012 ) ) ;
#28 = CARTESIAN_POINT ( 'NONE',  ( 0.5249999999999999112, 1.815009427188930324, -1.518085779133465874 ) ) ;
#29 = CARTESIAN_POINT ( 'NONE',  ( 0.5690636780220809099, -1.836506195911693284, -1.329214973602891092 ) ) ;
#30 = CARTESIAN_POINT ( 'NONE',  ( 1.365923996832131609E-16, -0.1698187929665634088, 1.012499999999675548 ) ) ;
#31 = ORIENTED_EDGE ( 'NONE', *, *, #1014, .T. ) ;
#32 = DIRECTION ( 'NONE',  ( 0.000000000000000000, -0.7660444431189744607, 0.6427876096865438038 ) ) ;
#33 = ADVANCED_FACE ( 'NONE', ( #1068, #691, #1321 ), #597, .F. ) ;
#34 = VECTOR ( 'NONE', #186, 39.37007874015748143 ) ;
#35 = CARTESIAN_POINT ( 'NONE',  ( 1.650000000000000355, -0.9263007994815577462, -0.4088413594125357986 ) ) ;
#36 = DIRECTION ( 'NONE',  ( 0.000000000000000000, -0.6427876096865426936, -0.7660444431189751269 ) ) ;
#37 = CARTESIAN_POINT ( 'NONE',  ( 0.6486591248312301161, -1.888694775536117865, -1.376020855094404194 ) ) ;
#38 = FACE_OUTER_BOUND ( 'NONE', #1456, .T. ) ;
#39 = ORIENTED_EDGE ( 'NONE', *, *, #209, .T. ) ;
#40 = PLANE ( 'NONE',  #1303 ) ;
#41 = ORIENTED_EDGE ( 'NONE', *, *, #692, .T. ) ;
#42 = CARTESIAN_POINT ( 'NONE',  ( 1.650000000000000355, 0.9007319007789966747, -0.4636715473163667833 ) ) ;
#43 = CARTESIAN_POINT ( 'NONE',  ( 0.5250000000000000222, -1.726436331745577757, -1.412528474431664627 ) ) ;
#44 = EDGE_CURVE ( 'NONE', #1449, #1347, #714, .T. ) ;
#45 = CARTESIAN_POINT ( 'NONE',  ( 0.5603835598263117168, -1.833829399878412092, -1.328051433167559470 ) ) ;
#46 = CARTESIAN_POINT ( 'NONE',  ( 1.208632545117944046, -1.831796295863307611, -1.360556226449803674 ) ) ;
#47 = VERTEX_POINT ( 'NONE', #1195 ) ;
#48 = PERSON_AND_ORGANIZATION_ROLE ( 'design_supplier' ) ;
#49 = LINE ( 'NONE', #1394, #1583 ) ;
#50 = CARTESIAN_POINT ( 'NONE',  ( 1.123501144850290734, 1.181028301971063232, -0.5286861925105729165 ) ) ;
#51 = CARTESIAN_POINT ( 'NONE',  ( 1.124999999999999778, 1.815009427188930324, -1.518085779133465874 ) ) ;
#52 = CARTESIAN_POINT ( 'NONE',  ( 1.649999999999999911, 0.000000000000000000, 0.7624999999999999556 ) ) ;
#53 = CARTESIAN_POINT ( 'NONE',  ( 1.262783314055509809, -1.886387286379372474, -1.445984215768428172 ) ) ;
#54 = DATE_AND_TIME ( #304, #1053 ) ;
#55 = CARTESIAN_POINT ( 'NONE',  ( 1.124999999999999778, -1.903582522632277785, -1.623643083835266232 ) ) ;
#56 = CARTESIAN_POINT ( 'NONE',  ( 1.123501144850290734, 1.134815107250254140, -0.6269983460679260379 ) ) ;
#57 = CARTESIAN_POINT ( 'NONE',  ( 1.649999999999999911, 0.000000000000000000, 0.000000000000000000 ) ) ;
#58 = AXIS2_PLACEMENT_3D ( 'NONE', #1108, #1354, #103 ) ;
#59 = CARTESIAN_POINT ( 'NONE',  ( 0.4808698583333568255, -1.824758763925792726, -1.339098874161803510 ) ) ;
#60 = CARTESIAN_POINT ( 'NONE',  ( 1.649999999999999911, 1.713753616190544005, -1.864130950663223540 ) ) ;
#61 = ORIENTED_EDGE ( 'NONE', *, *, #824, .F. ) ;
#62 = VERTEX_POINT ( 'NONE', #1081 ) ;
#63 = CARTESIAN_POINT ( 'NONE',  ( 1.125000000000000000, 2.003751667251107094, -1.539591191530265357 ) ) ;
#64 = CARTESIAN_POINT ( 'NONE',  ( 0.5264988551497098435, 1.146431636350276229, -0.6024426296346541143 ) ) ;
#65 = DIRECTION ( 'NONE',  ( 0.000000000000000000, -0.7660444431189757930, -0.6427876096865422495 ) ) ;
#66 = AXIS2_PLACEMENT_3D ( 'NONE', #81, #673, #457 ) ;
#67 = DIRECTION ( 'NONE',  ( -0.000000000000000000, 0.000000000000000000, 1.000000000000000000 ) ) ;
#68 = CIRCLE ( 'NONE', #1050, 0.1377952750000003834 ) ;
#69 = CARTESIAN_POINT ( 'NONE',  ( 1.124999999999999778, 1.815009427188930324, -1.518085779133466540 ) ) ;
#70 = CARTESIAN_POINT ( 'NONE',  ( 1.649999999999999911, -0.6949352548373718408, -0.6499505083196484012 ) ) ;
#71 = APPROVAL_PERSON_ORGANIZATION ( #245, #965, #738 ) ;
#72 = AXIS2_PLACEMENT_3D ( 'NONE', #1396, #1513, #423 ) ;
#73 = CARTESIAN_POINT ( 'NONE',  ( 1.015730155404008350, 1.872766755025840224, -1.359393252516402084 ) ) ;
#74 = EDGE_CURVE ( 'NONE', #329, #548, #1533, .T. ) ;
#75 = DIRECTION ( 'NONE',  ( 0.000000000000000000, 0.000000000000000000, 1.000000000000000000 ) ) ;
#76 = DIRECTION ( 'NONE',  ( 0.000000000000000000, 0.7660444431189757930, 0.6427876096865422495 ) ) ;
#77 = DIRECTION ( 'NONE',  ( 0.000000000000000000, 0.6427876096865436928, 0.7660444431189743497 ) ) ;
#78 = ORIENTED_EDGE ( 'NONE', *, *, #1246, .F. ) ;
#79 = FACE_OUTER_BOUND ( 'NONE', #774, .T. ) ;
#80 = EDGE_CURVE ( 'NONE', #768, #1170, #486, .T. ) ;
#81 = CARTESIAN_POINT ( 'NONE',  ( 1.124999999999999778, -1.585196094253234822, -1.710922062039428537 ) ) ;
#82 = CARTESIAN_POINT ( 'NONE',  ( 0.5069656867920805388, -1.824718345948211917, -1.331224882608751159 ) ) ;
#83 = CARTESIAN_POINT ( 'NONE',  ( 0.4654918442599134676, -1.088505074099022751, -0.4642838983300561218 ) ) ;
#84 = VERTEX_POINT ( 'NONE', #372 ) ;
#85 = CARTESIAN_POINT ( 'NONE',  ( 0.9943354449055705757, 1.900021301990621803, -1.388437674100627461 ) ) ;
#86 = CARTESIAN_POINT ( 'NONE',  ( 1.124999999999999778, -1.856765315270359595, -1.567848508766473081 ) ) ;
#87 = ORIENTED_EDGE ( 'NONE', *, *, #1294, .T. ) ;
#88 = DIRECTION ( 'NONE',  ( -1.000000000000000000, -0.000000000000000000, -0.000000000000000000 ) ) ;
#89 = EDGE_CURVE ( 'NONE', #1551, #1570, #718, .T. ) ;
#90 = LINE ( 'NONE', #60, #113 ) ;
#91 = APPROVAL ( #635, 'UNSPECIFIED' ) ;
#92 = CIRCLE ( 'NONE', #1209, 0.06496063000000013021 ) ;
#93 = VERTEX_POINT ( 'NONE', #494 ) ;
#94 = CARTESIAN_POINT ( 'NONE',  ( 0.5264988551497098435, 1.172362789638864644, -0.5476276610517920584 ) ) ;
#95 = ORIENTED_EDGE ( 'NONE', *, *, #1293, .T. ) ;
#96 = CARTESIAN_POINT ( 'NONE',  ( 1.001242090231399651, 1.967592714046890290, -1.470032219902360993 ) ) ;
#97 = LINE ( 'NONE', #1199, #165 ) ;
#98 = CARTESIAN_POINT ( 'NONE',  ( 0.4013944508250538168, 1.855583777439550719, -1.403667380017916244 ) ) ;
#99 = CARTESIAN_POINT ( 'NONE',  ( 1.005593432120581721, -1.883288450197361241, -1.370250153167986484 ) ) ;
#100 = ADVANCED_FACE ( 'NONE', ( #382 ), #1335, .F. ) ;
#101 = VECTOR ( 'NONE', #515, 39.37007874015748854 ) ;
#102 = VERTEX_POINT ( 'NONE', #391 ) ;
#103 = DIRECTION ( 'NONE',  ( 0.000000000000000000, -0.6427876096865442479, -0.7660444431189739056 ) ) ;
#104 = CARTESIAN_POINT ( 'NONE',  ( 1.123501144850290734, 1.260334769007384059, -0.2979780575966441414 ) ) ;
#105 = CC_DESIGN_PERSON_AND_ORGANIZATION_ASSIGNMENT ( #127, #627, ( #1390 ) ) ;
#106 = VERTEX_POINT ( 'NONE', #1361 ) ;
#107 = CARTESIAN_POINT ( 'NONE',  ( 1.021372225181661264, 1.985239447793238687, -1.494402454298382033 ) ) ;
#108 = VERTEX_POINT ( 'NONE', #16 ) ;
#109 = DIRECTION ( 'NONE',  ( 0.000000000000000000, -0.7660444431189744607, 0.6427876096865433597 ) ) ;
#110 = ORIENTED_EDGE ( 'NONE', *, *, #510, .F. ) ;
#111 = CARTESIAN_POINT ( 'NONE',  ( 0.6628052051090731478, 1.923489194736048624, -1.415354017782717078 ) ) ;
#112 = CARTESIAN_POINT ( 'NONE',  ( 1.107046995331611772, -1.829509314959896660, -1.327191314554168500 ) ) ;
#113 = VECTOR ( 'NONE', #202, 39.37007874015748143 ) ;
#114 = DIRECTION ( 'NONE',  ( 0.000000000000000000, 0.9039531478064517511, -0.4276315079256988727 ) ) ;
#115 = CARTESIAN_POINT ( 'NONE',  ( 0.5264988551497098435, -1.291116361778346766, -0.1381463661324890957 ) ) ;
#116 = VERTEX_POINT ( 'NONE', #735 ) ;
#117 = CARTESIAN_POINT ( 'NONE',  ( 1.015640948593784731, 1.981248737920546343, -1.488662033361363823 ) ) ;
#118 = EDGE_CURVE ( 'NONE', #384, #1212, #608, .T. ) ;
#119 = CARTESIAN_POINT ( 'NONE',  ( 0.7541429816295062150, 1.129981685247017920, -0.4578791855973337599 ) ) ;
#120 = ORIENTED_EDGE ( 'NONE', *, *, #1113, .T. ) ;
#121 = ORIENTED_EDGE ( 'NONE', *, *, #400, .F. ) ;
#122 = CARTESIAN_POINT ( 'NONE',  ( 0.4563629128456433981, 1.827938466817056851, -1.350824958353066929 ) ) ;
#123 = CARTESIAN_POINT ( 'NONE',  ( 0.9942818688304279062, -1.900119424893514042, -1.388546467341662094 ) ) ;
#124 = CARTESIAN_POINT ( 'NONE',  ( 1.244251884290351384, 1.940746572876028253, -1.503473447075230229 ) ) ;
#125 = CARTESIAN_POINT ( 'NONE',  ( 0.5264988551497098435, 1.197121259782246483, -0.4912999480581428102 ) ) ;
#126 = ORIENTED_EDGE ( 'NONE', *, *, #1267, .T. ) ;
#127 = PERSON_AND_ORGANIZATION ( #1166, #157 ) ;
#128 = CARTESIAN_POINT ( 'NONE',  ( 1.124999999999999778, 1.815009427188930324, -1.518085779133466540 ) ) ;
#129 = APPROVAL_PERSON_ORGANIZATION ( #1525, #1419, #163 ) ;
#130 = CARTESIAN_POINT ( 'NONE',  ( 0.3881078597300983146, 1.904272686008058546, -1.466939798919654869 ) ) ;
#131 = DIRECTION ( 'NONE',  ( 0.000000000000000000, 0.7660444431189744607, 0.6427876096865433597 ) ) ;
#132 = CARTESIAN_POINT ( 'NONE',  ( 1.365923996832131609E-16, 0.9485185708363521595, -0.3548513953548060873 ) ) ;
#133 = ORIENTED_EDGE ( 'NONE', *, *, #580, .T. ) ;
#134 = CARTESIAN_POINT ( 'NONE',  ( 1.080942875807213932, 2.004747397048806778, -1.529718104439867776 ) ) ;
#135 = CARTESIAN_POINT ( 'NONE',  ( 1.650000000000000355, -0.1698187929665634088, 1.012499999999675548 ) ) ;
#136 = EDGE_CURVE ( 'NONE', #928, #669, #1538, .T. ) ;
#137 = CIRCLE ( 'NONE', #1527, 1.749999999999999778 ) ;
#138 = CARTESIAN_POINT ( 'NONE',  ( 0.5249999999999998002, 1.826605476364406844, -1.328476582126663752 ) ) ;
#139 = B_SPLINE_CURVE_WITH_KNOTS ( 'NONE', 3,
 ( #890, #159, #1521, #45, #29, #652, #659, #546, #531, #1275, #1152, #21, #37, #786, #1010, #147, #1138, #1032, #408, #1374, #1018, #1397, #1506, #555, #780, #301, #1498, #523, #433, #1280, #913, #416 ),
 .UNSPECIFIED., .F., .F.,
 ( 4, 2, 2, 2, 2, 2, 2, 2, 2, 2, 2, 2, 2, 2, 2, 4 ),
 ( 0.01106034027894395831, 0.01174726996695314198, 0.01243419965496232737, 0.01312112934297151104, 0.01380805903098069644, 0.01449498871898988010, 0.01518191840699906550, 0.01586884809500824917, 0.01655577778301743283, 0.01724270747102661649, 0.01792963715903580363, 0.01861656684704498729, 0.01930349653505417096, 0.01999042622306335462, 0.02067735591107253829, 0.02205121528709091602 ),
 .UNSPECIFIED. ) ;
#140 = DIRECTION ( 'NONE',  ( 0.000000000000000000, -0.6427876096865423605, 0.7660444431189755710 ) ) ;
#141 = CARTESIAN_POINT ( 'NONE',  ( 0.5264988551497098435, 1.246718451974351716, -0.3506109823559260263 ) ) ;
#142 = ORIENTED_EDGE ( 'NONE', *, *, #791, .F. ) ;
#143 = DIRECTION ( 'NONE',  ( 0.000000000000000000, 0.000000000000000000, 1.000000000000000000 ) ) ;
#144 = LINE ( 'NONE', #904, #858 ) ;
#145 = DIRECTION ( 'NONE',  ( 0.000000000000000000, 0.7660444431189742387, -0.6427876096865439148 ) ) ;
#146 = VECTOR ( 'NONE', #131, 39.37007874015748854 ) ;
#147 = CARTESIAN_POINT ( 'NONE',  ( 0.6618789616382544372, -1.917454844265537250, -1.408295656084528558 ) ) ;
#148 = EDGE_CURVE ( 'NONE', #102, #1449, #923, .T. ) ;
#149 = CARTESIAN_POINT ( 'NONE',  ( 0.5264988551497098435, -1.175419441694888212, -0.5410416585565595016 ) ) ;
#150 = EDGE_LOOP ( 'NONE', ( #727, #590 ) ) ;
#151 = DATE_AND_TIME ( #1035, #1516 ) ;
#152 = CARTESIAN_POINT ( 'NONE',  ( 0.5250000000000000222, -1.815009427188927660, -1.518085779133465207 ) ) ;
#153 = B_SPLINE_CURVE_WITH_KNOTS ( 'NONE', 3,
 ( #742, #485, #606, #239, #1360, #2, #380, #860, #256, #751, #1088, #1214, #389, #1223, #368, #1352, #249, #1582, #1233, #1463, #123, #1480, #99, #968, #229, #493, #624, #849, #1343, #868, #733, #112, #979, #1098 ),
 .UNSPECIFIED., .F., .F.,
 ( 4, 2, 2, 2, 2, 2, 2, 2, 2, 2, 2, 2, 2, 2, 2, 2, 4 ),
 ( 0.000000000000000000, 0.0006872641155518490527, 0.001374528231103698105, 0.002061792346655546941, 0.002749056462207396211, 0.003436320577759245480, 0.004123584693311093882, 0.004810848808862943152, 0.005498112924414792421, 0.006185377039966641691, 0.006872641155518490960, 0.007559905271070339362, 0.008247169386622187764, 0.008934433502174037034, 0.009621697617725886303, 0.01030896173327773557, 0.01099622584882958484 ),
 .UNSPECIFIED. ) ;
#154 = AXIS2_PLACEMENT_3D ( 'NONE', #279, #1261, #287 ) ;
#155 = LINE ( 'NONE', #665, #101 ) ;
#156 = CYLINDRICAL_SURFACE ( 'NONE', #650, 0.06496063000000013021 ) ;
#157 = ORGANIZATION ( 'UNSPECIFIED', 'UNSPECIFIED', '' ) ;
#158 = VECTOR ( 'NONE', #1000, 39.37007874015748854 ) ;
#159 = CARTESIAN_POINT ( 'NONE',  ( 0.5338967764596400656, -1.827791373358496507, -1.327481496396305527 ) ) ;
#160 = CARTESIAN_POINT ( 'NONE',  ( 1.365923996832131609E-16, -0.8920195039539575710, -0.4820883346413358250 ) ) ;
#161 = ADVANCED_FACE ( 'NONE', ( #1216 ), #743, .F. ) ;
#162 = EDGE_LOOP ( 'NONE', ( #418, #1541, #1391, #788 ) ) ;
#163 = APPROVAL_ROLE ( '' ) ;
#164 = LINE ( 'NONE', #1162, #1376 ) ;
#165 = VECTOR ( 'NONE', #1485, 39.37007874015748143 ) ;
#166 = CARTESIAN_POINT ( 'NONE',  ( 1.650000000000000355, -0.6370012500017091517, 0.8051236426405271596 ) ) ;
#167 = ORIENTED_EDGE ( 'NONE', *, *, #118, .T. ) ;
#168 = DIRECTION ( 'NONE',  ( 0.000000000000000000, -0.6427876096865435818, 0.7660444431189744607 ) ) ;
#169 = CARTESIAN_POINT ( 'NONE',  ( 1.649999999999999911, 0.000000000000000000, 0.7624999999999999556 ) ) ;
#170 = CARTESIAN_POINT ( 'NONE',  ( 1.365923996832131609E-16, -0.6370012500017091517, 0.8051236426405271596 ) ) ;
#171 = ORIENTED_EDGE ( 'NONE', *, *, #1448, .T. ) ;
#172 = CARTESIAN_POINT ( 'NONE',  ( 1.649999999999999911, -0.8878426458844456137, -0.4909176279228788520 ) ) ;
#173 = ORIENTED_EDGE ( 'NONE', *, *, #709, .F. ) ;
#174 = EDGE_CURVE ( 'NONE', #855, #480, #232, .T. ) ;
#175 = CARTESIAN_POINT ( 'NONE',  ( 1.650000000000000355, -0.9094442976040212345, -0.4452547599914055687 ) ) ;
#176 = CARTESIAN_POINT ( 'NONE',  ( 0.8250000000000007327, 0.3056014137065132252, -1.469625421759855666 ) ) ;
#177 = CARTESIAN_POINT ( 'NONE',  ( 0.3881078597300987032, -1.880878787265452434, -1.439060036048368740 ) ) ;
#178 = CARTESIAN_POINT ( 'NONE',  ( 1.124999999999999778, -1.815009427188927660, -1.518085779133465207 ) ) ;
#179 = EDGE_LOOP ( 'NONE', ( #133, #901 ) ) ;
#180 = DIRECTION ( 'NONE',  ( 0.000000000000000000, -0.7660444431189743497, 0.6427876096865436928 ) ) ;
#181 = CARTESIAN_POINT ( 'NONE',  ( 1.123501144850290734, 1.146431636350275562, -0.6024426296346541143 ) ) ;
#182 = CYLINDRICAL_SURFACE ( 'NONE', #772, 0.7624999999999999556 ) ;
#183 = CARTESIAN_POINT ( 'NONE',  ( 0.3943487336652197750, -1.865052543339259516, -1.417710541870001117 ) ) ;
#184 = DIRECTION ( 'NONE',  ( 0.000000000000000000, -0.7660444431189744607, -0.6427876096865433597 ) ) ;
#185 = SECURITY_CLASSIFICATION_LEVEL ( 'unclassified' ) ;
#186 = DIRECTION ( 'NONE',  ( -1.000000000000000000, -0.000000000000000000, -0.000000000000000000 ) ) ;
#187 = ORIENTED_EDGE ( 'NONE', *, *, #558, .F. ) ;
#188 = CARTESIAN_POINT ( 'NONE',  ( 1.123501144850290734, -1.134815107250253918, -0.6269983460679271481 ) ) ;
#189 = VECTOR ( 'NONE', #1239, 39.37007874015748143 ) ;
#190 = CARTESIAN_POINT ( 'NONE',  ( 1.124999999999999778, -1.815009427188927660, -1.518085779133465207 ) ) ;
#191 = CARTESIAN_POINT ( 'NONE',  ( 0.5249999999999999112, 1.815009427188930324, -1.518085779133466540 ) ) ;
#192 = DIRECTION ( 'NONE',  ( 0.000000000000000000, 0.6427876096865442479, 0.7660444431189739056 ) ) ;
#193 = VERTEX_POINT ( 'NONE', #52 ) ;
#194 = EDGE_LOOP ( 'NONE', ( #362, #1464 ) ) ;
#195 = DIRECTION ( 'NONE',  ( -1.000000000000000000, -0.000000000000000000, -0.000000000000000000 ) ) ;
#196 = CARTESIAN_POINT ( 'NONE',  ( 1.123501144850290734, 1.291116361778248622, -0.1381463661323463488 ) ) ;
#197 = AXIS2_PLACEMENT_3D ( 'NONE', #934, #1194, #77 ) ;
#198 = CARTESIAN_POINT ( 'NONE',  ( 1.649999999999999911, 1.905264726970284039, -1.703434048241589727 ) ) ;
#199 = CIRCLE ( 'NONE', #1378, 1.749999999999999778 ) ;
#200 = CARTESIAN_POINT ( 'NONE',  ( 0.6583273434689147496, 1.952042732762268473, -1.450038857901132738 ) ) ;
#201 = MANIFOLD_SOLID_BREP ( 'Cut-Extrude4', #1230 ) ;
#202 = DIRECTION ( 'NONE',  ( -1.000000000000000000, -0.000000000000000000, -0.000000000000000000 ) ) ;
#203 = ORIENTED_EDGE ( 'NONE', *, *, #1294, .F. ) ;
#204 = CARTESIAN_POINT ( 'NONE',  ( 1.649999999999999911, 1.713753616190544005, -1.864130950663223540 ) ) ;
#205 = DIRECTION ( 'NONE',  ( 0.000000000000000000, 0.7660444431189743497, -0.6427876096865436928 ) ) ;
#206 = DIRECTION ( 'NONE',  ( 0.000000000000000000, -0.6427876096865439148, -0.7660444431189742387 ) ) ;
#207 = CARTESIAN_POINT ( 'NONE',  ( 0.000000000000000000, 1.905264726970284039, -1.703434048241589727 ) ) ;
#208 = ORIENTED_EDGE ( 'NONE', *, *, #976, .T. ) ;
#209 = EDGE_CURVE ( 'NONE', #193, #259, #1130, .T. ) ;
#210 = VECTOR ( 'NONE', #1497, 39.37007874015748854 ) ;
#211 = DIRECTION ( 'NONE',  ( 0.000000000000000000, 0.6427876096865449140, 0.7660444431189734615 ) ) ;
#212 = DIRECTION ( 'NONE',  ( 0.000000000000000000, 0.6427876096865442479, 0.7660444431189739056 ) ) ;
#213 = CARTESIAN_POINT ( 'NONE',  ( 1.649999999999999911, -1.713753616190544005, -1.864130950663223540 ) ) ;
#214 = CARTESIAN_POINT ( 'NONE',  ( 0.6816573402873596921, -1.124910959972198476, -0.4586889216387248780 ) ) ;
#215 = DIRECTION ( 'NONE',  ( 0.000000000000000000, -0.7660444431189744607, 0.6427876096865435818 ) ) ;
#216 = AXIS2_PLACEMENT_3D ( 'NONE', #474, #1084, #211 ) ;
#217 = CARTESIAN_POINT ( 'NONE',  ( 1.034241921059344982, 1.858517561380359284, -1.345717679537378864 ) ) ;
#218 = EDGE_CURVE ( 'NONE', #944, #1560, #139, .T. ) ;
#219 = CARTESIAN_POINT ( 'NONE',  ( 0.8987129394760475787, 1.129845702702715116, -0.4579006502202542794 ) ) ;
#220 = CARTESIAN_POINT ( 'NONE',  ( 0.5690636780220806878, 2.004743735507535263, -1.529712665825445850 ) ) ;
#221 = LINE ( 'NONE', #700, #1017 ) ;
#222 = VERTEX_POINT ( 'NONE', #1406 ) ;
#223 = ORIENTED_EDGE ( 'NONE', *, *, #1024, .F. ) ;
#224 = CARTESIAN_POINT ( 'NONE',  ( 0.5264988551497098435, 1.158048165450314526, -0.5778869132013690901 ) ) ;
#225 = ORIENTED_EDGE ( 'NONE', *, *, #336, .F. ) ;
#226 = CARTESIAN_POINT ( 'NONE',  ( 0.9881039533508071404, 1.940848622415825897, -1.436172787213090718 ) ) ;
#227 = FACE_OUTER_BOUND ( 'NONE', #1243, .T. ) ;
#228 = CARTESIAN_POINT ( 'NONE',  ( 0.4013509764935153101, 1.934676008771298639, -1.497942662295506100 ) ) ;
#229 = CARTESIAN_POINT ( 'NONE',  ( 1.021372225181661042, -1.867893081965766200, -1.354554501245619491 ) ) ;
#230 = PRODUCT_RELATED_PRODUCT_CATEGORY ( 'detail', '', ( #281 ) ) ;
#231 = ORIENTED_EDGE ( 'NONE', *, *, #1226, .T. ) ;
#232 = CIRCLE ( 'NONE', #847, 0.1377952749999997450 ) ;
#233 = CARTESIAN_POINT ( 'NONE',  ( 1.234292065752937040, 1.843594347263205702, -1.383916688090758962 ) ) ;
#234 = CARTESIAN_POINT ( 'NONE',  ( 1.123501144850290734, -1.246718451974643038, -0.3506109823554519056 ) ) ;
#235 = ORIENTED_EDGE ( 'NONE', *, *, #1171, .F. ) ;
#236 = LENGTH_MEASURE_WITH_UNIT ( LENGTH_MEASURE( 0.02539999999999999897 ), #612 );
#237 = CARTESIAN_POINT ( 'NONE',  ( 1.124999999999999778, 1.626951982334668978, -1.760684791672436633 ) ) ;
#238 = CARTESIAN_POINT ( 'NONE',  ( 0.4157877058408689930, 1.952183189919037387, -1.513298010010396766 ) ) ;
#239 = CARTESIAN_POINT ( 'NONE',  ( 1.089615647808951815, -2.005421528345404880, -1.532547329047242224 ) ) ;
#240 = AXIS2_PLACEMENT_3D ( 'NONE', #1580, #1590, #387 ) ;
#241 = EDGE_CURVE ( 'NONE', #825, #385, #68, .T. ) ;
#242 = DIRECTION ( 'NONE',  ( 1.000000000000000000, 0.000000000000000000, 0.000000000000000000 ) ) ;
#243 = CARTESIAN_POINT ( 'NONE',  ( 0.5264988551497098435, -1.158048165450315858, -0.5778869132013662036 ) ) ;
#244 = ORIENTED_EDGE ( 'NONE', *, *, #1171, .T. ) ;
#245 = PERSON_AND_ORGANIZATION ( #1166, #157 ) ;
#246 = EDGE_CURVE ( 'NONE', #1560, #944, #296, .T. ) ;
#247 = DIRECTION ( 'NONE',  ( -0.000000000000000000, 0.7660444431189744607, -0.6427876096865435818 ) ) ;
#248 = CARTESIAN_POINT ( 'NONE',  ( 0.4808698583333568255, 1.992970073450500257, -1.539565306602847627 ) ) ;
#249 = CARTESIAN_POINT ( 'NONE',  ( 0.9872089288445271560, -1.935098392265612866, -1.429191367539883517 ) ) ;
#250 = CARTESIAN_POINT ( 'NONE',  ( 1.124999999999999778, 1.585196094253237042, -1.710922062039429425 ) ) ;
#251 = CARTESIAN_POINT ( 'NONE',  ( 0.5264988551497098435, -1.146431636350278893, -0.6024426296346491183 ) ) ;
#252 = EDGE_LOOP ( 'NONE', ( #41, #1540 ) ) ;
#253 = APPROVAL_DATE_TIME ( #399, #91 ) ;
#254 = CARTESIAN_POINT ( 'NONE',  ( 0.5364432699913382896, 1.104042936325478452, -0.4619117116961826697 ) ) ;
#255 = CARTESIAN_POINT ( 'NONE',  ( 0.6158298950497670399, 1.858564235683608068, -1.345759860720862511 ) ) ;
#256 = CARTESIAN_POINT ( 'NONE',  ( 1.034241921059344760, -1.992313976259166175, -1.505170037645420456 ) ) ;
#257 = DIRECTION ( 'NONE',  ( -1.000000000000000000, -0.000000000000000000, -0.000000000000000000 ) ) ;
#258 = CARTESIAN_POINT ( 'NONE',  ( 1.365923996832131609E-16, 0.9367370882695120748, -0.3844379832454612456 ) ) ;
#259 = VERTEX_POINT ( 'NONE', #575 ) ;
#260 = EDGE_CURVE ( 'NONE', #1347, #839, #1065, .T. ) ;
#261 = CARTESIAN_POINT ( 'NONE',  ( 1.125000000000000000, 2.003751667251107094, -1.539591191530265357 ) ) ;
#262 = CARTESIAN_POINT ( 'NONE',  ( 1.650000000000000355, -0.9007319007789975629, -0.4636715473163644519 ) ) ;
#263 = LINE ( 'NONE', #978, #317 ) ;
#264 = CARTESIAN_POINT ( 'NONE',  ( 1.185814214415625623, 1.826549613579131703, -1.346570743375110180 ) ) ;
#265 = CARTESIAN_POINT ( 'NONE',  ( 0.5264988551497098435, 0.9771232562848932712, 0.8755684585236829243 ) ) ;
#266 = ORIENTED_EDGE ( 'NONE', *, *, #909, .T. ) ;
#267 = DATE_TIME_ROLE ( 'creation_date' ) ;
#268 = CARTESIAN_POINT ( 'NONE',  ( 1.650000000000000355, 1.015799857133399264, -0.02272676056006692896 ) ) ;
#269 = ADVANCED_FACE ( 'NONE', ( #1554 ), #458, .F. ) ;
#270 = ADVANCED_FACE ( 'NONE', ( #806 ), #1176, .F. ) ;
#271 = ORIENTED_EDGE ( 'NONE', *, *, #833, .F. ) ;
#272 = AXIS2_PLACEMENT_3D ( 'NONE', #1013, #195, #1189 ) ;
#273 = CARTESIAN_POINT ( 'NONE',  ( 1.124999999999999778, 1.726436331745580866, -1.412528474431665737 ) ) ;
#274 = CARTESIAN_POINT ( 'NONE',  ( 0.4563629128456436757, -1.981974284439059764, -1.534397697392272386 ) ) ;
#275 = CARTESIAN_POINT ( 'NONE',  ( 0.5264988551497098435, -1.278219618520692213, 0.2958793486563008890 ) ) ;
#276 = AXIS2_PLACEMENT_3D ( 'NONE', #958, #1422, #328 ) ;
#277 = CARTESIAN_POINT ( 'NONE',  ( 1.650000000000000355, 0.1698187929665634088, 1.012500000000323030 ) ) ;
#278 = ADVANCED_FACE ( 'NONE', ( #1201 ), #337, .T. ) ;
#279 = CARTESIAN_POINT ( 'NONE',  ( 1.124999999999999778, -0.6314350073415618825, -3.570896401843726586 ) ) ;
#280 = EDGE_LOOP ( 'NONE', ( #449, #78 ) ) ;
#281 = PRODUCT ( 'Front Armor', 'Front Armor', '', ( #497 ) ) ;
#282 = CARTESIAN_POINT ( 'NONE',  ( 0.5249999999999998002, -2.003751667251104873, -1.539591191530263581 ) ) ;
#283 = CARTESIAN_POINT ( 'NONE',  ( 1.234292065752937928, -1.952103907542040551, -1.513233346383878075 ) ) ;
#284 = CARTESIAN_POINT ( 'NONE',  ( 0.5250000000000000222, -1.903582522632277563, -1.623643083835266010 ) ) ;
#285 = VECTOR ( 'NONE', #1064, 39.37007874015748143 ) ;
#286 = CARTESIAN_POINT ( 'NONE',  ( 1.650000000000000355, 0.3394583790682410007, 0.9688976629779865180 ) ) ;
#287 = DIRECTION ( 'NONE',  ( 0.000000000000000000, -0.6427876096865401401, 0.7660444431189772363 ) ) ;
#288 = LOCAL_TIME ( 20, 48, 20.00000000000000000, #1371 ) ;
#289 = AXIS2_PLACEMENT_3D ( 'NONE', #176, #1505, #145 ) ;
#290 = CARTESIAN_POINT ( 'NONE',  ( 0.4216152602188835696, -1.957774031254277292, -1.517789619736906737 ) ) ;
#291 = CARTESIAN_POINT ( 'NONE',  ( 1.365923996832131609E-16, -0.8804029748539332623, -0.5066440510746138548 ) ) ;
#292 = ADVANCED_FACE ( 'NONE', ( #319, #1311 ), #464, .F. ) ;
#293 = ORIENTED_EDGE ( 'NONE', *, *, #1226, .F. ) ;
#294 = COORDINATED_UNIVERSAL_TIME_OFFSET ( 8, 0, .BEHIND. ) ;
#295 = FACE_BOUND ( 'NONE', #1198, .T. ) ;
#296 = B_SPLINE_CURVE_WITH_KNOTS ( 'NONE', 3,
 ( #282, #883, #794, #1025, #770, #898, #274, #1264, #1388, #290, #764, #1514, #1160, #426, #1255, #907, #177, #1287, #183, #667, #644, #799, #441, #343, #1325, #1193, #820, #59, #1430, #82, #941, #698 ),
 .UNSPECIFIED., .F., .F.,
 ( 4, 2, 2, 2, 2, 2, 2, 2, 2, 2, 2, 2, 2, 2, 2, 4 ),
 ( 5.204170427930422054E-18, 0.0006912712674340016229, 0.001382542534867998042, 0.002073813802301994677, 0.002765085069735990879, 0.003456356337169987514, 0.004147627604603984150, 0.005530170139471976554, 0.006221441406905973623, 0.006912712674339972427, 0.007603983941773969496, 0.008295255209207968300, 0.008986526476641965369, 0.009677797744075962438, 0.01036906901150995951, 0.01106034027894395831 ),
 .UNSPECIFIED. ) ;
#297 = ADVANCED_FACE ( 'NONE', ( #1562 ), #681, .F. ) ;
#298 = LINE ( 'NONE', #27, #1349 ) ;
#299 = CARTESIAN_POINT ( 'NONE',  ( 1.649999999999999911, 0.000000000000000000, 0.000000000000000000 ) ) ;
#300 = CIRCLE ( 'NONE', #960, 0.1377952749999997450 ) ;
#301 = CARTESIAN_POINT ( 'NONE',  ( 0.6158298950497667068, -1.992280540810343004, -1.505116747744071226 ) ) ;
#302 = DIRECTION ( 'NONE',  ( 0.000000000000000000, -0.6427876096865434707, 0.7660444431189745718 ) ) ;
#303 = VERTEX_POINT ( 'NONE', #213 ) ;
#304 = CALENDAR_DATE ( 2026, 27, 4 ) ;
#305 = DIRECTION ( 'NONE',  ( 0.000000000000000000, 0.6427876096865410283, -0.7660444431189765702 ) ) ;
#306 = CARTESIAN_POINT ( 'NONE',  ( 1.123501144850290734, -1.260334769007173561, -0.2979780575962486244 ) ) ;
#307 = DIRECTION ( 'NONE',  ( 0.000000000000000000, 0.6427876096865418054, -0.7660444431189757930 ) ) ;
#308 = DIRECTION ( 'NONE',  ( 0.000000000000000000, 0.6427876096865410283, -0.7660444431189765702 ) ) ;
#309 = CARTESIAN_POINT ( 'NONE',  ( 1.365923996832131609E-16, -0.9124790022962111502, -0.4388399469434661193 ) ) ;
#310 = ORIENTED_EDGE ( 'NONE', *, *, #568, .F. ) ;
#311 = VECTOR ( 'NONE', #257, 39.37007874015748143 ) ;
#312 = ORIENTED_EDGE ( 'NONE', *, *, #1545, .F. ) ;
#313 = COORDINATED_UNIVERSAL_TIME_OFFSET ( 8, 0, .BEHIND. ) ;
#314 = DIRECTION ( 'NONE',  ( 0.000000000000000000, 0.6427876096865423605, -0.7660444431189755710 ) ) ;
#315 = EDGE_CURVE ( 'NONE', #385, #1042, #471, .T. ) ;
#316 = CARTESIAN_POINT ( 'NONE',  ( 1.123501144850290734, 1.166523799981640463, -0.5599707716407249514 ) ) ;
#317 = VECTOR ( 'NONE', #1473, 39.37007874015748143 ) ;
#318 = DIRECTION ( 'NONE',  ( 0.000000000000000000, 0.4276315079256995388, -0.9039531478064515291 ) ) ;
#319 = FACE_BOUND ( 'NONE', #179, .T. ) ;
#320 = DIRECTION ( 'NONE',  ( 0.000000000000000000, -0.6427876096865426936, 0.7660444431189751269 ) ) ;
#321 = CARTESIAN_POINT ( 'NONE',  ( 0.5250000000000000222, -1.815009427188927660, -1.518085779133465207 ) ) ;
#322 = CARTESIAN_POINT ( 'NONE',  ( 1.123501144850290734, -1.146431636350278227, -0.6024426296346491183 ) ) ;
#323 = AXIS2_PLACEMENT_3D ( 'NONE', #966, #247, #1461 ) ;
#324 = CARTESIAN_POINT ( 'NONE',  ( 1.649999999999999911, 0.8864463656171170935, -0.4892536058980090918 ) ) ;
#325 = EDGE_CURVE ( 'NONE', #47, #62, #1439, .T. ) ;
#326 = EDGE_CURVE ( 'NONE', #106, #1042, #584, .T. ) ;
#327 = CARTESIAN_POINT ( 'NONE',  ( 0.5427536152942785685, 2.005515169787494223, -1.536997278010181489 ) ) ;
#328 = DIRECTION ( 'NONE',  ( 0.000000000000000000, -0.6427876096865451361, -0.7660444431189731285 ) ) ;
#329 = VERTEX_POINT ( 'NONE', #1581 ) ;
#330 = ORIENTED_EDGE ( 'NONE', *, *, #748, .F. ) ;
#331 = ORIENTED_EDGE ( 'NONE', *, *, #1237, .F. ) ;
#332 = CARTESIAN_POINT ( 'NONE',  ( 1.124999999999999778, 0.6314350073415542219, -3.570896401843725698 ) ) ;
#333 = CARTESIAN_POINT ( 'NONE',  ( 1.123501144850290734, -1.172362789638893288, -0.5476276610517130106 ) ) ;
#334 = CIRCLE ( 'NONE', #1502, 0.06496063000000029675 ) ;
#335 = DIRECTION ( 'NONE',  ( 0.000000000000000000, 0.000000000000000000, 1.000000000000000000 ) ) ;
#336 = EDGE_CURVE ( 'NONE', #84, #1172, #263, .T. ) ;
#337 = CYLINDRICAL_SURFACE ( 'NONE', #720, 0.2500000000000000000 ) ;
#338 = CARTESIAN_POINT ( 'NONE',  ( 0.000000000000000000, -0.9152605721603404021, -0.4329820138968230037 ) ) ;
#339 = ORIENTED_EDGE ( 'NONE', *, *, #1431, .T. ) ;
#340 = EDGE_LOOP ( 'NONE', ( #1080, #936, #969, #1423 ) ) ;
#341 = DIRECTION ( 'NONE',  ( 0.000000000000000000, -0.7660444431189743497, 0.6427876096865436928 ) ) ;
#342 = DIRECTION ( 'NONE',  ( -1.000000000000000000, -0.000000000000000000, -0.000000000000000000 ) ) ;
#343 = CARTESIAN_POINT ( 'NONE',  ( 0.4344147542993331834, -1.834218236605692276, -1.365903087896195300 ) ) ;
#344 = CARTESIAN_POINT ( 'NONE',  ( 0.7541429816295001087, -1.129981685247014145, -0.4578791855973309288 ) ) ;
#345 = ORIENTED_EDGE ( 'NONE', *, *, #1190, .T. ) ;
#346 = EDGE_LOOP ( 'NONE', ( #611, #809, #526, #950 ) ) ;
#347 = EDGE_CURVE ( 'NONE', #1172, #1557, #92, .T. ) ;
#348 = ORIENTED_EDGE ( 'NONE', *, *, #1246, .T. ) ;
#349 = CARTESIAN_POINT ( 'NONE',  ( 1.080909960501633904, 1.836512234503717700, -1.329215666497540749 ) ) ;
#350 = CARTESIAN_POINT ( 'NONE',  ( 1.124999999999999778, 1.585196094253237042, -1.710922062039429425 ) ) ;
#351 = DIRECTION ( 'NONE',  ( 0.000000000000000000, 0.6427876096865421385, -0.7660444431189756820 ) ) ;
#352 = CARTESIAN_POINT ( 'NONE',  ( 0.5364432699913309621, -1.104042936325492441, -0.4619117116962028757 ) ) ;
#353 = CC_DESIGN_SECURITY_CLASSIFICATION ( #628, ( #1390 ) ) ;
#354 = EDGE_LOOP ( 'NONE', ( #701, #1134 ) ) ;
#355 = VERTEX_POINT ( 'NONE', #741 ) ;
#356 = CARTESIAN_POINT ( 'NONE',  ( 0.5249999999999999112, 1.773253539107498611, -1.468323049500458000 ) ) ;
#357 = CC_DESIGN_PERSON_AND_ORGANIZATION_ASSIGNMENT ( #1259, #48, ( #1390 ) ) ;
#358 = CARTESIAN_POINT ( 'NONE',  ( 1.524412494257371131, 0.9613150915885774195, -0.4814517304853228596 ) ) ;
#359 = VERTEX_POINT ( 'NONE', #1240 ) ;
#360 = CARTESIAN_POINT ( 'NONE',  ( 0.4057570244171082030, 1.851224459681210410, -1.396781677527690890 ) ) ;
#361 = CARTESIAN_POINT ( 'NONE',  ( 0.5250000000000000222, -1.626951982334667202, -1.760684791672436411 ) ) ;
#362 = ORIENTED_EDGE ( 'NONE', *, *, #1431, .F. ) ;
#363 = CARTESIAN_POINT ( 'NONE',  ( 0.5264988551497098435, 1.183784002895810650, -0.5224867141059346132 ) ) ;
#364 = ORIENTED_EDGE ( 'NONE', *, *, #136, .T. ) ;
#365 = CARTESIAN_POINT ( 'NONE',  ( 0.8250000000000007327, 0.7230034924750503578, -2.695469014061749213 ) ) ;
#366 = LINE ( 'NONE', #491, #456 ) ;
#367 = CARTESIAN_POINT ( 'NONE',  ( 0.3916969055540851508, 1.916465362410213702, -1.480037234351367026 ) ) ;
#368 = CARTESIAN_POINT ( 'NONE',  ( 0.9916697364444427842, -1.952051019914181174, -1.450048278680573510 ) ) ;
#369 = CIRCLE ( 'NONE', #66, 0.06496062999999990817 ) ;
#370 = VERTEX_POINT ( 'NONE', #1078 ) ;
#371 = AXIS2_PLACEMENT_3D ( 'NONE', #1090, #242, #114 ) ;
#372 = CARTESIAN_POINT ( 'NONE',  ( 0.5249999999999999112, 1.626951982334669422, -1.760684791672436633 ) ) ;
#373 = CARTESIAN_POINT ( 'NONE',  ( 1.365923996832131609E-16, 0.8862112394039791674, -0.4943661928579755616 ) ) ;
#374 = EDGE_LOOP ( 'NONE', ( #398, #345, #1204, #1442 ) ) ;
#375 =( CONVERSION_BASED_UNIT ( 'INCH', #236 ) LENGTH_UNIT ( ) NAMED_UNIT ( #804 ) );
#376 = AXIS2_PLACEMENT_3D ( 'NONE', #332, #341, #1567 ) ;
#377 = ORIENTED_EDGE ( 'NONE', *, *, #994, .T. ) ;
#378 = CARTESIAN_POINT ( 'NONE',  ( 0.03095694630915824322, 0.9073373727510480879, -0.4884060018820238769 ) ) ;
#379 = CARTESIAN_POINT ( 'NONE',  ( 0.4344147542993329614, 1.968215696144029803, -1.525595041699503884 ) ) ;
#380 = CARTESIAN_POINT ( 'NONE',  ( 1.056349260716304528, -2.000285404852652160, -1.519027226278329534 ) ) ;
#381 = EDGE_CURVE ( 'NONE', #259, #1212, #981, .T. ) ;
#382 = FACE_OUTER_BOUND ( 'NONE', #496, .T. ) ;
#383 = CARTESIAN_POINT ( 'NONE',  ( 1.365923996832131609E-16, 0.9755464645300947479, -0.2743500777748346664 ) ) ;
#384 = VERTEX_POINT ( 'NONE', #476 ) ;
#385 = VERTEX_POINT ( 'NONE', #1232 ) ;
#386 = CALENDAR_DATE ( 2026, 27, 4 ) ;
#387 = DIRECTION ( 'NONE',  ( 0.000000000000000000, 0.6427876096865451361, 0.7660444431189731285 ) ) ;
#388 = CARTESIAN_POINT ( 'NONE',  ( 0.4894054914821256985, 1.995920975047299262, -1.540449411553352688 ) ) ;
#389 = CARTESIAN_POINT ( 'NONE',  ( 1.001268069271876504, -1.967619441809243863, -1.470068207431949103 ) ) ;
#390 = EDGE_CURVE ( 'NONE', #1042, #106, #1310, .T. ) ;
#391 = CARTESIAN_POINT ( 'NONE',  ( 1.649999999999999911, 0.9152606479869825895, -0.4329818536965843179 ) ) ;
#392 = CARTESIAN_POINT ( 'NONE',  ( 0.5264988551497098435, -0.9771232562860053816, 0.8755684585239709161 ) ) ;
#393 = EDGE_LOOP ( 'NONE', ( #187, #1494 ) ) ;
#394 = CARTESIAN_POINT ( 'NONE',  ( 1.124999999999999778, 0.6731908954229862685, -3.521133672210717602 ) ) ;
#395 = CARTESIAN_POINT ( 'NONE',  ( 0.4562587383857411583, 1.981918156565648514, -1.534365822259265544 ) ) ;
#396 = CARTESIAN_POINT ( 'NONE',  ( 1.133953834936796579, 2.002558164639760996, -1.540592659131254649 ) ) ;
#397 = CARTESIAN_POINT ( 'NONE',  ( 1.365923996832131609E-16, 0.7645905429320779545, 0.6851247872488210877 ) ) ;
#398 = ORIENTED_EDGE ( 'NONE', *, *, #260, .F. ) ;
#399 = DATE_AND_TIME ( #386, #1600 ) ;
#400 = EDGE_CURVE ( 'NONE', #1196, #116, #605, .T. ) ;
#401 = PRODUCT_DEFINITION ( 'UNKNOWN', '', #1390, #695 ) ;
#402 = CARTESIAN_POINT ( 'NONE',  ( 1.650000000000000355, -1.015799857133087958, -0.02272676055832547823 ) ) ;
#403 = DIRECTION ( 'NONE',  ( 0.000000000000000000, -0.7660444431189757930, -0.6427876096865422495 ) ) ;
#404 = CARTESIAN_POINT ( 'NONE',  ( 0.5250000000000000222, -1.815009427188927660, -1.518085779133465207 ) ) ;
#405 = CARTESIAN_POINT ( 'NONE',  ( 0.5264988551497098435, -1.140623371800370212, -0.6147204878513318205 ) ) ;
#406 = CARTESIAN_POINT ( 'NONE',  ( 1.649999999999999911, -0.8864463656171154282, -0.4892536058980125890 ) ) ;
#407 = CYLINDRICAL_SURFACE ( 'NONE', #154, 0.06496062999999994980 ) ;
#408 = CARTESIAN_POINT ( 'NONE',  ( 0.6619078905581490258, -1.940779522622854136, -1.436088739525662072 ) ) ;
#409 = CARTESIAN_POINT ( 'NONE',  ( 1.365923996832131609E-16, -0.9755464645303764115, -0.2743500777747165387 ) ) ;
#410 = AXIS2_PLACEMENT_3D ( 'NONE', #178, #668, #192 ) ;
#411 = ORIENTED_EDGE ( 'NONE', *, *, #1272, .F. ) ;
#412 = FACE_OUTER_BOUND ( 'NONE', #194, .T. ) ;
#413 = CARTESIAN_POINT ( 'NONE',  ( 1.650000000000000355, 0.9124790022962459002, -0.4388399469434201561 ) ) ;
#414 = LINE ( 'NONE', #1031, #576 ) ;
#415 = EDGE_CURVE ( 'NONE', #1393, #1486, #1286, .T. ) ;
#416 = CARTESIAN_POINT ( 'NONE',  ( 0.5249999999999998002, -2.003751667251104873, -1.539591191530263581 ) ) ;
#417 = DIRECTION ( 'NONE',  ( 0.000000000000000000, -0.7660444431189760151, -0.6427876096865420275 ) ) ;
#418 = ORIENTED_EDGE ( 'NONE', *, *, #861, .F. ) ;
#419 = ADVANCED_FACE ( 'NONE', ( #1144 ), #156, .F. ) ;
#420 = FACE_OUTER_BOUND ( 'NONE', #929, .T. ) ;
#421 = CIRCLE ( 'NONE', #1542, 0.06496062999999990817 ) ;
#422 = CARTESIAN_POINT ( 'NONE',  ( 1.650000000000000355, 0.9036360330539932040, -0.4575326182080564075 ) ) ;
#423 = DIRECTION ( 'NONE',  ( 0.000000000000000000, 0.000000000000000000, 1.000000000000000000 ) ) ;
#424 = VECTOR ( 'NONE', #569, 39.37007874015748143 ) ;
#425 = VECTOR ( 'NONE', #637, 39.37007874015748143 ) ;
#426 = CARTESIAN_POINT ( 'NONE',  ( 0.3909286673515074417, -1.916658595872231530, -1.480551069293435384 ) ) ;
#427 = CARTESIAN_POINT ( 'NONE',  ( 1.365923996832131609E-16, -0.9176351089305712083, -0.4279404215531546485 ) ) ;
#428 = LINE ( 'NONE', #25, #1429 ) ;
#429 = CARTESIAN_POINT ( 'NONE',  ( 1.123501144850290734, -1.278219618521339251, 0.2958793486563009445 ) ) ;
#430 = B_SPLINE_CURVE_WITH_KNOTS ( 'NONE', 3,
 ( #1312, #565, #577, #1454, #1320, #1047, #583, #808, #712, #1066, #1440, #344, #214, #352, #83, #589, #1446, #1073, #472, #949, #1202, #1079 ),
 .UNSPECIFIED., .F., .F.,
 ( 4, 2, 2, 2, 2, 2, 2, 2, 2, 2, 4 ),
 ( 1.122219955132221695E-16, 0.005499457175947392203, 0.01099891435189467338, 0.01374864293986831527, 0.01649837152784195196, 0.02199782870378922534, 0.02749728587973649177, 0.03299674305568376514, 0.03849620023163103505, 0.04124592881960466306, 0.04399565740757829801 ),
 .UNSPECIFIED. ) ;
#431 = DIRECTION ( 'NONE',  ( -0.000000000000000000, 0.7660444431189759040, 0.6427876096865419164 ) ) ;
#432 = VECTOR ( 'NONE', #775, 39.37007874015748854 ) ;
#433 = CARTESIAN_POINT ( 'NONE',  ( 0.5857916296654448463, -2.002151251971875379, -1.522904032879015546 ) ) ;
#434 = CARTESIAN_POINT ( 'NONE',  ( 1.133953834936796357, -1.825411973753058970, -1.329478049727650379 ) ) ;
#435 = VERTEX_POINT ( 'NONE', #1121 ) ;
#436 = EDGE_CURVE ( 'NONE', #222, #193, #498, .T. ) ;
#437 = DIRECTION ( 'NONE',  ( 0.000000000000000000, -0.7660444431189745718, -0.6427876096865434707 ) ) ;
#438 = EDGE_LOOP ( 'NONE', ( #5, #1048, #640, #885 ) ) ;
#439 = CARTESIAN_POINT ( 'NONE',  ( 1.123501144850290734, 1.221421306645366966, -0.4279683572170419059 ) ) ;
#440 = CARTESIAN_POINT ( 'NONE',  ( 0.5249999999999999112, -0.6314350073415618825, -3.570896401843726586 ) ) ;
#441 = CARTESIAN_POINT ( 'NONE',  ( 0.4215271462523726420, -1.840133692913874297, -1.377623359948208615 ) ) ;
#442 = CARTESIAN_POINT ( 'NONE',  ( 1.258347354197576262, -1.916343304073200748, -1.479909400395115870 ) ) ;
#443 = EDGE_LOOP ( 'NONE', ( #836, #541 ) ) ;
#444 = FACE_BOUND ( 'NONE', #1584, .T. ) ;
#445 = CARTESIAN_POINT ( 'NONE',  ( 1.123501144850290734, 1.155144033175317331, -0.5840258423096794660 ) ) ;
#446 = EDGE_CURVE ( 'NONE', #193, #384, #1392, .T. ) ;
#447 = VECTOR ( 'NONE', #1304, 39.37007874015748854 ) ;
#448 = CARTESIAN_POINT ( 'NONE',  ( 0.000000000000000000, 0.000000000000000000, 0.000000000000000000 ) ) ;
#449 = ORIENTED_EDGE ( 'NONE', *, *, #1113, .F. ) ;
#450 = CARTESIAN_POINT ( 'NONE',  ( 0.6443893131147172548, 1.972477101588491655, -1.476543701196169511 ) ) ;
#451 = DIRECTION ( 'NONE',  ( 0.000000000000000000, -0.7660444431189756820, -0.6427876096865421385 ) ) ;
#452 = ORIENTED_EDGE ( 'NONE', *, *, #976, .F. ) ;
#453 = CARTESIAN_POINT ( 'NONE',  ( 1.107110084966379304, 1.829497265934776573, -1.327193214519222897 ) ) ;
#454 = CARTESIAN_POINT ( 'NONE',  ( 1.123501144850290734, 1.140623371800299379, -0.6147204878512882997 ) ) ;
#455 = ADVANCED_FACE ( 'NONE', ( #1279, #1023, #785 ), #13, .T. ) ;
#456 = VECTOR ( 'NONE', #844, 39.37007874015748143 ) ;
#457 = DIRECTION ( 'NONE',  ( 0.000000000000000000, -0.6427876096865449140, -0.7660444431189734615 ) ) ;
#458 = PLANE ( 'NONE',  #1469 ) ;
#459 = PLANE ( 'NONE',  #197 ) ;
#460 = ORIENTED_EDGE ( 'NONE', *, *, #89, .T. ) ;
#461 = ORIENTED_EDGE ( 'NONE', *, *, #446, .T. ) ;
#462 = DIRECTION ( 'NONE',  ( 0.000000000000000000, -0.6427876096865445810, -0.7660444431189736836 ) ) ;
#463 = DIRECTION ( 'NONE',  ( 0.000000000000000000, 0.000000000000000000, 1.000000000000000000 ) ) ;
#464 = PLANE ( 'NONE',  #773 ) ;
#465 = EDGE_CURVE ( 'NONE', #1327, #1203, #1254, .T. ) ;
#466 = CARTESIAN_POINT ( 'NONE',  ( 1.208792471232507326, -1.972954862462476422, -1.528838417737641953 ) ) ;
#467 = CARTESIAN_POINT ( 'NONE',  ( 0.8250000000000007327, -0.7230034924750500247, -2.695469014061748769 ) ) ;
#468 = ORIENTED_EDGE ( 'NONE', *, *, #315, .T. ) ;
#469 = CARTESIAN_POINT ( 'NONE',  ( 0.5249999999999999112, 1.815009427188930324, -1.518085779133466540 ) ) ;
#470 = DIRECTION ( 'NONE',  ( -1.000000000000000000, -0.000000000000000000, -0.000000000000000000 ) ) ;
#471 = LINE ( 'NONE', #1421, #447 ) ;
#472 = CARTESIAN_POINT ( 'NONE',  ( 0.1268427385185138256, -0.9606019327564526700, -0.4815435997114723699 ) ) ;
#473 = ORIENTED_EDGE ( 'NONE', *, *, #336, .T. ) ;
#474 = CARTESIAN_POINT ( 'NONE',  ( 1.124999999999999778, -1.815009427188927660, -1.518085779133465207 ) ) ;
#475 = CARTESIAN_POINT ( 'NONE',  ( 1.124999999999999778, 1.815009427188930324, -1.518085779133466540 ) ) ;
#476 = CARTESIAN_POINT ( 'NONE',  ( 1.649999999999999911, 0.6675707197857303488, -0.3684502464170188452 ) ) ;
#477 = CARTESIAN_POINT ( 'NONE',  ( 0.000000000000000000, 0.6675707197857303488, -0.3684502464170188452 ) ) ;
#478 = ORIENTED_EDGE ( 'NONE', *, *, #246, .T. ) ;
#479 = CARTESIAN_POINT ( 'NONE',  ( 1.123501144850290734, 1.183784002895810206, -0.5224867141059549303 ) ) ;
#480 = VERTEX_POINT ( 'NONE', #538 ) ;
#481 = DIRECTION ( 'NONE',  ( 0.000000000000000000, -0.7660444431189743497, 0.6427876096865436928 ) ) ;
#482 = CARTESIAN_POINT ( 'NONE',  ( 1.078734048481436503, 1.109001668566016674, -0.4611455893764558334 ) ) ;
#483 = AXIS2_PLACEMENT_3D ( 'NONE', #69, #451, #829 ) ;
#484 = CARTESIAN_POINT ( 'NONE',  ( 0.5249999999999999112, 1.815009427188930324, -1.518085779133465874 ) ) ;
#485 = CARTESIAN_POINT ( 'NONE',  ( 1.115987934974271845, -2.004952931649850445, -1.538583211016329111 ) ) ;
#486 = LINE ( 'NONE', #1241, #146 ) ;
#487 = CARTESIAN_POINT ( 'NONE',  ( 1.365923996832131609E-16, 1.000195856382226633, 0.2315230452043730014 ) ) ;
#488 = ORIENTED_EDGE ( 'NONE', *, *, #1190, .F. ) ;
#489 = DATE_AND_TIME ( #1348, #288 ) ;
#490 = UNCERTAINTY_MEASURE_WITH_UNIT (LENGTH_MEASURE( 1.000000000000000082E-05 ), #375, 'distance_accuracy_value', 'NONE');
#491 = CARTESIAN_POINT ( 'NONE',  ( 0.000000000000000000, 0.8804029748539339284, -0.5066440510746132997 ) ) ;
#492 = CARTESIAN_POINT ( 'NONE',  ( 0.6619078905581496919, 1.917600495395839655, -1.408465050555028908 ) ) ;
#493 = CARTESIAN_POINT ( 'NONE',  ( 1.034298548430431453, -1.858474785455114686, -1.345676872485720654 ) ) ;
#494 = CARTESIAN_POINT ( 'NONE',  ( 1.124999999999999778, 1.773253539107498611, -1.468323049500458000 ) ) ;
#495 = CARTESIAN_POINT ( 'NONE',  ( 1.365923996832131609E-16, 0.9124790022962459002, -0.4388399469434201561 ) ) ;
#496 = EDGE_LOOP ( 'NONE', ( #823, #1337, #331, #822 ) ) ;
#497 = MECHANICAL_CONTEXT ( 'NONE', #942, 'mechanical' ) ;
#498 = CIRCLE ( 'NONE', #72, 0.7624999999999999556 ) ;
#499 = DIRECTION ( 'NONE',  ( 0.000000000000000000, 0.7660444431189744607, 0.6427876096865433597 ) ) ;
#500 = EDGE_CURVE ( 'NONE', #855, #944, #1151, .T. ) ;
#501 = CARTESIAN_POINT ( 'NONE',  ( 0.4642860742784715167, 1.985973100801321500, -1.536530977651049401 ) ) ;
#502 = DIRECTION ( 'NONE',  ( 0.000000000000000000, -0.6427876096865426936, 0.7660444431189751269 ) ) ;
#503 = CARTESIAN_POINT ( 'NONE',  ( 1.248650771696695472, 1.855627080217330915, -1.403736482016215481 ) ) ;
#504 = CARTESIAN_POINT ( 'NONE',  ( 0.5264988551497098435, -0.4338173938891807246, 1.238221487578022195 ) ) ;
#505 = ORIENTED_EDGE ( 'NONE', *, *, #558, .T. ) ;
#506 = CARTESIAN_POINT ( 'NONE',  ( 1.005593432120582165, 1.972455625729438999, -1.476515454949816508 ) ) ;
#507 = CIRCLE ( 'NONE', #272, 0.7624999999999999556 ) ;
#508 = CYLINDRICAL_SURFACE ( 'NONE', #1495, 0.1377952749999998006 ) ;
#509 = CARTESIAN_POINT ( 'NONE',  ( 0.3943487336652189978, 1.922549634980708744, -1.486232907397415648 ) ) ;
#510 = EDGE_CURVE ( 'NONE', #1170, #359, #545, .T. ) ;
#511 = CARTESIAN_POINT ( 'NONE',  ( 1.193763284457128648, 1.827960574597003562, -1.350893207027273002 ) ) ;
#512 = CARTESIAN_POINT ( 'NONE',  ( 0.5264988551497098435, -1.166523799981642240, -0.5599707716407472669 ) ) ;
#513 = ORIENTED_EDGE ( 'NONE', *, *, #675, .F. ) ;
#514 = CARTESIAN_POINT ( 'NONE',  ( 1.064294410211906738, 2.002172100757808604, -1.522946923973316657 ) ) ;
#515 = DIRECTION ( 'NONE',  ( -0.000000000000000000, 0.7660444431189744607, -0.6427876096865433597 ) ) ;
#516 = CARTESIAN_POINT ( 'NONE',  ( 1.649999999999999911, -1.713753616190544005, -1.864130950663223540 ) ) ;
#517 = DIRECTION ( 'NONE',  ( 0.000000000000000000, -0.7660444431189757930, -0.6427876096865422495 ) ) ;
#518 = CARTESIAN_POINT ( 'NONE',  ( 1.365923996832131609E-16, 0.9176351089305416764, -0.4279404215531931177 ) ) ;
#519 = AXIS2_PLACEMENT_3D ( 'NONE', #250, #758, #140 ) ;
#520 = EDGE_LOOP ( 'NONE', ( #1215, #1566, #683, #1587 ) ) ;
#521 = CARTESIAN_POINT ( 'NONE',  ( 1.650000000000000355, -0.9862011154822736270, -0.2331652668937493067 ) ) ;
#522 = CARTESIAN_POINT ( 'NONE',  ( 1.124999999999999778, -1.726436331745577535, -1.412528474431664183 ) ) ;
#523 = CARTESIAN_POINT ( 'NONE',  ( 0.5938263152247180710, -2.000240978367703093, -1.518937655146684440 ) ) ;
#524 = CARTESIAN_POINT ( 'NONE',  ( 1.244370240193596544, -1.940593071357843646, -1.503336034372706909 ) ) ;
#525 = AXIS2_PLACEMENT_3D ( 'NONE', #324, #805, #688 ) ;
#526 = ORIENTED_EDGE ( 'NONE', *, *, #390, .F. ) ;
#527 = DIRECTION ( 'NONE',  ( 0.000000000000000000, -0.6427876096865401401, 0.7660444431189772363 ) ) ;
#528 = EDGE_CURVE ( 'NONE', #548, #1570, #414, .T. ) ;
#529 = DIRECTION ( 'NONE',  ( -0.000000000000000000, 0.6427876096865435818, 0.7660444431189744607 ) ) ;
#530 = DIRECTION ( 'NONE',  ( 0.000000000000000000, 0.000000000000000000, 1.000000000000000000 ) ) ;
#531 = CARTESIAN_POINT ( 'NONE',  ( 0.6156687138106839985, -1.858460168537682700, -1.345666060182496127 ) ) ;
#532 = CARTESIAN_POINT ( 'NONE',  ( 1.365923996832131609E-16, -0.3394583790688883163, 0.9688976629799282980 ) ) ;
#533 = AXIS2_PLACEMENT_3D ( 'NONE', #922, #1289, #305 ) ;
#534 = ORIENTED_EDGE ( 'NONE', *, *, #824, .T. ) ;
#535 = DIRECTION ( 'NONE',  ( 0.000000000000000000, 0.6427876096865440259, 0.7660444431189741277 ) ) ;
#536 = VECTOR ( 'NONE', #707, 39.37007874015748854 ) ;
#537 = CARTESIAN_POINT ( 'NONE',  ( 1.650000000000000355, -0.9367370882695109646, -0.3844379832453426737 ) ) ;
#538 = CARTESIAN_POINT ( 'NONE',  ( 0.5250000000000000222, -1.903582522632277563, -1.623643083835266010 ) ) ;
#539 = CARTESIAN_POINT ( 'NONE',  ( 0.5249999999999999112, 1.815009427188930324, -1.518085779133466540 ) ) ;
#540 = CARTESIAN_POINT ( 'NONE',  ( 1.248536824568107662, -1.855505428840510618, -1.403547269340769343 ) ) ;
#541 = ORIENTED_EDGE ( 'NONE', *, *, #136, .F. ) ;
#542 = DIRECTION ( 'NONE',  ( 0.000000000000000000, 0.6427876096865436928, 0.7660444431189743497 ) ) ;
#543 = CARTESIAN_POINT ( 'NONE',  ( 1.650000000000000355, 0.9176351089305416764, -0.4279404215531931177 ) ) ;
#544 = ADVANCED_FACE ( 'NONE', ( #1129, #1405, #1137 ), #1373, .F. ) ;
#545 = LINE ( 'NONE', #643, #852 ) ;
#546 = CARTESIAN_POINT ( 'NONE',  ( 0.6087006425535853582, -1.854155197238263497, -1.341856125993417859 ) ) ;
#547 = CARTESIAN_POINT ( 'NONE',  ( 1.185637184839438252, -1.826522564518903824, -1.346480471281026103 ) ) ;
#548 = VERTEX_POINT ( 'NONE', #273 ) ;
#549 = ORIENTED_EDGE ( 'NONE', *, *, #436, .F. ) ;
#550 = PERSON_AND_ORGANIZATION ( #1166, #157 ) ;
#551 = DIRECTION ( 'NONE',  ( 0.000000000000000000, 0.6427876096865418054, -0.7660444431189759040 ) ) ;
#552 = CARTESIAN_POINT ( 'NONE',  ( 1.123501144850290734, -1.183784002895795551, -0.5224867141058876507 ) ) ;
#553 = FACE_OUTER_BOUND ( 'NONE', #1188, .T. ) ;
#554 = AXIS2_PLACEMENT_3D ( 'NONE', #1141, #180, #1028 ) ;
#555 = CARTESIAN_POINT ( 'NONE',  ( 0.6344522491377235784, -1.981179778539855940, -1.488563969314960156 ) ) ;
#556 = CARTESIAN_POINT ( 'NONE',  ( 1.262807006203082505, -1.898176815651635874, -1.460043953290565577 ) ) ;
#557 = ORIENTED_EDGE ( 'NONE', *, *, #1145, .F. ) ;
#558 = EDGE_CURVE ( 'NONE', #548, #329, #777, .T. ) ;
#559 = EDGE_CURVE ( 'NONE', #329, #1551, #769, .T. ) ;
#560 = LINE ( 'NONE', #284, #432 ) ;
#561 = CARTESIAN_POINT ( 'NONE',  ( 1.123501144850290734, 1.197121259782286229, -0.4912999480581426437 ) ) ;
#562 = ORIENTED_EDGE ( 'NONE', *, *, #610, .T. ) ;
#563 = LINE ( 'NONE', #1301, #1262 ) ;
#564 = DIRECTION ( 'NONE',  ( 0.000000000000000000, -0.7660444431189756820, -0.6427876096865421385 ) ) ;
#565 = CARTESIAN_POINT ( 'NONE',  ( 1.588131107482429583, -0.9268037614003241664, -0.4858980268287123594 ) ) ;
#566 = EDGE_LOOP ( 'NONE', ( #1207, #1556, #1200, #1067 ) ) ;
#567 = ORIENTED_EDGE ( 'NONE', *, *, #500, .T. ) ;
#568 = EDGE_CURVE ( 'NONE', #839, #303, #1491, .T. ) ;
#569 = DIRECTION ( 'NONE',  ( 0.000000000000000000, 0.7660444431189756820, 0.6427876096865421385 ) ) ;
#570 = CARTESIAN_POINT ( 'NONE',  ( 1.123501144850290734, -0.9771232562860047155, 0.8755684585246179541 ) ) ;
#571 = CIRCLE ( 'NONE', #1387, 0.2500000000000001110 ) ;
#572 = AXIS2_PLACEMENT_3D ( 'NONE', #1530, #76, #582 ) ;
#573 = DIRECTION ( 'NONE',  ( 0.000000000000000000, -0.7660444431189760151, -0.6427876096865420275 ) ) ;
#574 = CC_DESIGN_APPROVAL ( #1419, ( #628 ) ) ;
#575 = CARTESIAN_POINT ( 'NONE',  ( 0.000000000000000000, 0.000000000000000000, 0.7624999999999999556 ) ) ;
#576 = VECTOR ( 'NONE', #1520, 39.37007874015748854 ) ;
#577 = CARTESIAN_POINT ( 'NONE',  ( 1.524412494257362471, -0.9613150915885809722, -0.4814517304853203061 ) ) ;
#578 = CARTESIAN_POINT ( 'NONE',  ( 1.124999999999999778, 1.815009427188930324, -1.518085779133466540 ) ) ;
#579 = CARTESIAN_POINT ( 'NONE',  ( 1.005594779920926385, 1.883281014785602059, -1.370241309108734651 ) ) ;
#580 = EDGE_CURVE ( 'NONE', #1557, #1172, #1107, .T. ) ;
#581 = CYLINDRICAL_SURFACE ( 'NONE', #1598, 0.7624999999999999556 ) ;
#582 = DIRECTION ( 'NONE',  ( 0.000000000000000000, -0.6427876096865410283, 0.7660444431189765702 ) ) ;
#583 = CARTESIAN_POINT ( 'NONE',  ( 1.186277294705829544, -1.086756537400322964, -0.4645020500882663939 ) ) ;
#584 = B_SPLINE_CURVE_WITH_KNOTS ( 'NONE', 3,
 ( #948, #828, #327, #1548, #220, #1046, #1537, #1445, #711, #933, #595, #450, #1413, #926, #200, #689, #631, #111, #492, #967, #1248, #957, #1087, #1359, #1213, #255, #848, #1342, #1, #1591, #750, #138 ),
 .UNSPECIFIED., .F., .F.,
 ( 4, 2, 2, 2, 2, 2, 2, 2, 2, 2, 2, 2, 2, 2, 2, 4 ),
 ( 0.01106034027894398433, 0.01174726996695317494, 0.01243419965496236554, 0.01312112934297155614, 0.01380805903098074675, 0.01449498871898992867, 0.01518191840699911234, 0.01586884809500829427, 0.01655577778301747793, 0.01724270747102666160, 0.01792963715903584526, 0.01861656684704502893, 0.01930349653505421259, 0.01999042622306340319, 0.02067735591107259380, 0.02205121528709097847 ),
 .UNSPECIFIED. ) ;
#585 = ORIENTED_EDGE ( 'NONE', *, *, #845, .T. ) ;
#586 = FACE_OUTER_BOUND ( 'NONE', #162, .T. ) ;
#587 = PLANE ( 'NONE',  #900 ) ;
#588 = DIRECTION ( 'NONE',  ( -1.000000000000000000, 0.000000000000000000, -0.000000000000000000 ) ) ;
#589 = CARTESIAN_POINT ( 'NONE',  ( 0.3267461708089805517, -1.047652591579473880, -0.4701611554495314094 ) ) ;
#590 = ORIENTED_EDGE ( 'NONE', *, *, #816, .T. ) ;
#591 = CARTESIAN_POINT ( 'NONE',  ( 0.9916697364444428953, 1.905810307971821826, -1.394940744099153029 ) ) ;
#592 = CARTESIAN_POINT ( 'NONE',  ( 1.588131107482433357, 0.9268037614003133973, -0.4858980268287007576 ) ) ;
#593 = EDGE_LOOP ( 'NONE', ( #120, #473, #915, #843 ) ) ;
#594 = ADVANCED_FACE ( 'NONE', ( #20 ), #407, .F. ) ;
#595 = CARTESIAN_POINT ( 'NONE',  ( 0.6342834882876732250, 1.981308433041249817, -1.488745927719884676 ) ) ;
#596 = DIRECTION ( 'NONE',  ( 0.000000000000000000, 0.6427876096865418054, -0.7660444431189759040 ) ) ;
#597 = PLANE ( 'NONE',  #1504 ) ;
#598 = CARTESIAN_POINT ( 'NONE',  ( 0.5264988551497098435, 1.175419441694944167, -0.5410416585565677172 ) ) ;
#599 = EDGE_LOOP ( 'NONE', ( #1512, #892, #271, #167 ) ) ;
#600 = B_SPLINE_CURVE_WITH_KNOTS ( 'NONE', 3,
 ( #1323, #592, #358, #1358, #730, #1350, #835, #974, #482, #1077, #219, #119, #1112, #254, #622, #1331, #613, #629, #739, #1470, #378, #857 ),
 .UNSPECIFIED., .F., .F.,
 ( 4, 2, 2, 2, 2, 2, 2, 2, 2, 2, 4 ),
 ( 2.333831747142486494E-17, 0.005499457175947349702, 0.01099891435189467512, 0.01374864293986833783, 0.01649837152784200053, 0.02199782870378931901, 0.02749728587973663402, 0.03299674305568395249, 0.03849620023163127097, 0.04124592881960492674, 0.04399565740757858945 ),
 .UNSPECIFIED. ) ;
#601 = CYLINDRICAL_SURFACE ( 'NONE', #1251, 0.06496063000000025511 ) ;
#602 = APPLICATION_CONTEXT ( 'configuration controlled 3d designs of mechanical parts and assemblies' ) ;
#603 = DIRECTION ( 'NONE',  ( 0.000000000000000000, 0.7660444431189757930, 0.6427876096865422495 ) ) ;
#604 = AXIS2_PLACEMENT_3D ( 'NONE', #128, #603, #1478 ) ;
#605 = LINE ( 'NONE', #906, #425 ) ;
#606 = CARTESIAN_POINT ( 'NONE',  ( 1.107110084966379082, -2.005517691609969511, -1.536966189187593423 ) ) ;
#607 = EDGE_LOOP ( 'NONE', ( #1517, #235, #1187, #1400 ) ) ;
#608 = LINE ( 'NONE', #1234, #311 ) ;
#609 = CARTESIAN_POINT ( 'NONE',  ( 1.123501144850290734, 1.298161052750125943, -0.02904410273913918261 ) ) ;
#610 = EDGE_CURVE ( 'NONE', #370, #760, #779, .T. ) ;
#611 = ORIENTED_EDGE ( 'NONE', *, *, #1272, .T. ) ;
#612 =( LENGTH_UNIT ( ) NAMED_UNIT ( * ) SI_UNIT ( $, .METRE. ) );
#613 = CARTESIAN_POINT ( 'NONE',  ( 0.2589666126958924397, 1.022282186420409467, -0.4735969846813782858 ) ) ;
#614 = VECTOR ( 'NONE', #988, 39.37007874015748143 ) ;
#615 = CARTESIAN_POINT ( 'NONE',  ( 0.5070282871539261160, 1.824723084698009368, -1.331212771429432395 ) ) ;
#616 = CARTESIAN_POINT ( 'NONE',  ( 1.649999999999999911, 0.8878426458844342894, -0.4909176279228642525 ) ) ;
#617 = CARTESIAN_POINT ( 'NONE',  ( 1.215566873910196355, 1.968222133023606935, -1.525596665204210556 ) ) ;
#618 = CARTESIAN_POINT ( 'NONE',  ( 0.5264988551497098435, 1.278219618520076484, 0.2958793486596727473 ) ) ;
#619 = ORIENTED_EDGE ( 'NONE', *, *, #436, .T. ) ;
#620 = ADVANCED_FACE ( 'NONE', ( #1165 ), #182, .F. ) ;
#621 = PERSON_AND_ORGANIZATION ( #1166, #157 ) ;
#622 = CARTESIAN_POINT ( 'NONE',  ( 0.4654918442599179085, 1.088505074099016090, -0.4642838983300452971 ) ) ;
#623 = CARTESIAN_POINT ( 'NONE',  ( 0.000000000000000000, 0.000000000000000000, 0.000000000000000000 ) ) ;
#624 = CARTESIAN_POINT ( 'NONE',  ( 1.041288547341399973, -1.854167019711943087, -1.341868782113537772 ) ) ;
#625 = CARTESIAN_POINT ( 'NONE',  ( 1.262783314055509365, 1.898410240969306439, -1.460312615094578437 ) ) ;
#626 = CARTESIAN_POINT ( 'NONE',  ( 0.5264988551497098435, 1.209321555718914309, 0.5088529831042305496 ) ) ;
#627 = PERSON_AND_ORGANIZATION_ROLE ( 'creator' ) ;
#628 = SECURITY_CLASSIFICATION ( '', '', #185 ) ;
#629 = CARTESIAN_POINT ( 'NONE',  ( 0.1596415478018563261, 0.9769458490117182148, -0.4794379324062159053 ) ) ;
#630 = EDGE_CURVE ( 'NONE', #669, #928, #1468, .T. ) ;
#631 = CARTESIAN_POINT ( 'NONE',  ( 0.6627851787455534271, 1.935210865623617549, -1.429326261413781829 ) ) ;
#632 = CARTESIAN_POINT ( 'NONE',  ( 1.193589332254316959, 1.982003736523842541, -1.534416328788621220 ) ) ;
#633 = CARTESIAN_POINT ( 'NONE',  ( 1.365923996832131609E-16, 0.9862011154823112635, -0.2331652668937137241 ) ) ;
#634 = ORIENTED_EDGE ( 'NONE', *, *, #528, .F. ) ;
#635 = APPROVAL_STATUS ( 'not_yet_approved' ) ;
#636 = CARTESIAN_POINT ( 'NONE',  ( 1.650000000000000355, 0.8862112394039791674, -0.4943661928579755616 ) ) ;
#637 = DIRECTION ( 'NONE',  ( 0.000000000000000000, -0.7660444431189743497, 0.6427876096865436928 ) ) ;
#638 = CARTESIAN_POINT ( 'NONE',  ( 1.125000000000000000, 2.003751667251107094, -1.539591191530265357 ) ) ;
#639 = CARTESIAN_POINT ( 'NONE',  ( 0.5264988551497098435, -1.212177633047501146, -0.4534891964484891735 ) ) ;
#640 = ORIENTED_EDGE ( 'NONE', *, *, #692, .F. ) ;
#641 = CARTESIAN_POINT ( 'NONE',  ( 1.056237220247175923, 2.000254556760911129, -1.518967357520458972 ) ) ;
#642 = CARTESIAN_POINT ( 'NONE',  ( 1.650000000000000355, -1.000195856382849469, 0.2315230452008900930 ) ) ;
#643 = CARTESIAN_POINT ( 'NONE',  ( 0.000000000000000000, 1.905264726970284483, -1.703434048241590171 ) ) ;
#644 = CARTESIAN_POINT ( 'NONE',  ( 0.4057211262374456617, -1.851260996577229978, -1.396839161173467181 ) ) ;
#645 = CARTESIAN_POINT ( 'NONE',  ( 1.365923996832131609E-16, 0.9036360330539932040, -0.4575326182080564075 ) ) ;
#646 = AXIS2_PLACEMENT_3D ( 'NONE', #440, #918, #1292 ) ;
#647 = AXIS2_PLACEMENT_3D ( 'NONE', #752, #1585, #1224 ) ;
#648 = ORIENTED_EDGE ( 'NONE', *, *, #1145, .T. ) ;
#649 = CARTESIAN_POINT ( 'NONE',  ( 1.124999999999999778, -0.6314350073415618825, -3.570896401843726586 ) ) ;
#650 = AXIS2_PLACEMENT_3D ( 'NONE', #793, #1016, #36 ) ;
#651 = CARTESIAN_POINT ( 'NONE',  ( 1.124999999999999778, 1.815009427188930324, -1.518085779133466540 ) ) ;
#652 = CARTESIAN_POINT ( 'NONE',  ( 0.5855983934897602827, -1.842680277292804369, -1.332895427168055091 ) ) ;
#653 = CARTESIAN_POINT ( 'NONE',  ( 1.124999999999999778, -1.543440206171802886, -1.661159332406420663 ) ) ;
#654 = AXIS2_PLACEMENT_3D ( 'NONE', #1086, #866, #109 ) ;
#655 = ORIENTED_EDGE ( 'NONE', *, *, #675, .T. ) ;
#656 = DIRECTION ( 'NONE',  ( 0.000000000000000000, -0.7660444431189757930, -0.6427876096865422495 ) ) ;
#657 = CARTESIAN_POINT ( 'NONE',  ( 1.650000000000000355, -0.7645905429338768489, 0.6851247872490472401 ) ) ;
#658 = CARTESIAN_POINT ( 'NONE',  ( 1.124999999999999778, 1.903582522632280005, -1.623643083835267564 ) ) ;
#659 = CARTESIAN_POINT ( 'NONE',  ( 0.5935590482308418236, -1.846207849854534899, -1.335423248494082227 ) ) ;
#660 = CARTESIAN_POINT ( 'NONE',  ( 1.365923996832131609E-16, -0.9485185708363557122, -0.3548513953550400113 ) ) ;
#661 = ORIENTED_EDGE ( 'NONE', *, *, #953, .T. ) ;
#662 = DIRECTION ( 'NONE',  ( 0.000000000000000000, -0.6427876096865434707, 0.7660444431189746828 ) ) ;
#663 = EDGE_CURVE ( 'NONE', #303, #1075, #563, .T. ) ;
#664 = ORIENTED_EDGE ( 'NONE', *, *, #80, .T. ) ;
#665 = CARTESIAN_POINT ( 'NONE',  ( 0.000000000000000000, -1.713753616190544005, -1.864130950663223540 ) ) ;
#666 = CARTESIAN_POINT ( 'NONE',  ( 1.124999999999999778, -1.903582522632277785, -1.623643083835266232 ) ) ;
#667 = CARTESIAN_POINT ( 'NONE',  ( 0.4013509764935155877, -1.855626408640191460, -1.403735017346124492 ) ) ;
#668 = DIRECTION ( 'NONE',  ( 0.000000000000000000, 0.7660444431189743497, -0.6427876096865436928 ) ) ;
#669 = VERTEX_POINT ( 'NONE', #1444 ) ;
#670 = LINE ( 'NONE', #1501, #34 ) ;
#671 = CARTESIAN_POINT ( 'NONE',  ( 1.123501144850290734, 0.8140680543508559408, 1.028923314162311309 ) ) ;
#672 = ORIENTED_EDGE ( 'NONE', *, *, #390, .T. ) ;
#673 = DIRECTION ( 'NONE',  ( -0.000000000000000000, 0.7660444431189744607, -0.6427876096865435818 ) ) ;
#674 = EDGE_CURVE ( 'NONE', #1126, #1298, #827, .T. ) ;
#675 = EDGE_CURVE ( 'NONE', #1075, #222, #571, .T. ) ;
#676 = DIRECTION ( 'NONE',  ( 0.000000000000000000, 0.6427876096865440259, 0.7660444431189741277 ) ) ;
#677 = CARTESIAN_POINT ( 'NONE',  ( 1.124999999999999778, -1.826605476364405067, -1.328476582126661532 ) ) ;
#678 = DIRECTION ( 'NONE',  ( 0.000000000000000000, 0.7660444431189743497, -0.6427876096865436928 ) ) ;
#679 = CARTESIAN_POINT ( 'NONE',  ( 1.123501144850290734, 0.2170232073832509267, 1.293943936573777265 ) ) ;
#680 = CARTESIAN_POINT ( 'NONE',  ( 0.000000000000000000, -1.905264726970284705, -1.703434048241590837 ) ) ;
#681 = CYLINDRICAL_SURFACE ( 'NONE', #572, 0.1377952750000003834 ) ;
#682 = CARTESIAN_POINT ( 'NONE',  ( 1.169335437464843475, -1.992891397978777901, -1.539536029022096519 ) ) ;
#683 = ORIENTED_EDGE ( 'NONE', *, *, #1353, .T. ) ;
#684 = ORIENTED_EDGE ( 'NONE', *, *, #610, .F. ) ;
#685 = AXIS2_PLACEMENT_3D ( 'NONE', #1156, #662, #437 ) ;
#686 = CARTESIAN_POINT ( 'NONE',  ( 1.124999999999999778, -1.826605476364405067, -1.328476582126661532 ) ) ;
#687 = CARTESIAN_POINT ( 'NONE',  ( 1.123501144850290734, -1.155144033175318219, -0.5840258423096778007 ) ) ;
#688 = DIRECTION ( 'NONE',  ( 0.000000000000000000, 0.000000000000000000, 1.000000000000000000 ) ) ;
#689 = CARTESIAN_POINT ( 'NONE',  ( 0.6618789616382543262, 1.940921051557368049, -1.436261592929128472 ) ) ;
#690 = DIRECTION ( 'NONE',  ( 0.000000000000000000, 0.7660444431189756820, 0.6427876096865421385 ) ) ;
#691 = FACE_BOUND ( 'NONE', #354, .T. ) ;
#692 = EDGE_CURVE ( 'NONE', #93, #984, #975, .T. ) ;
#693 = DIRECTION ( 'NONE',  ( 0.000000000000000000, -0.6427876096865439148, -0.7660444431189742387 ) ) ;
#694 = VECTOR ( 'NONE', #703, 39.37007874015748854 ) ;
#695 = DESIGN_CONTEXT ( 'detailed design', #602, 'design' ) ;
#696 = CARTESIAN_POINT ( 'NONE',  ( 1.649999999999999911, -1.905264726970284705, -1.703434048241590837 ) ) ;
#697 =( GEOMETRIC_REPRESENTATION_CONTEXT ( 3 ) GLOBAL_UNCERTAINTY_ASSIGNED_CONTEXT ( ( #490 ) ) GLOBAL_UNIT_ASSIGNED_CONTEXT ( ( #375, #728, #865 ) ) REPRESENTATION_CONTEXT ( 'NONE', 'WORKASPACE' ) );
#698 = CARTESIAN_POINT ( 'NONE',  ( 0.5250000000000000222, -1.826605476364405067, -1.328476582126661754 ) ) ;
#699 = VECTOR ( 'NONE', #897, 39.37007874015748854 ) ;
#700 = CARTESIAN_POINT ( 'NONE',  ( 0.000000000000000000, 0.6949352548373731731, -0.6499505083196445154 ) ) ;
#701 = ORIENTED_EDGE ( 'NONE', *, *, #1411, .F. ) ;
#702 = DIRECTION ( 'NONE',  ( 0.000000000000000000, 0.7660444431189739056, 0.6427876096865442479 ) ) ;
#703 = DIRECTION ( 'NONE',  ( 0.000000000000000000, 0.7660444431189756820, 0.6427876096865421385 ) ) ;
#704 = DIRECTION ( 'NONE',  ( 0.000000000000000000, -0.7660444431189744607, 0.6427876096865438038 ) ) ;
#705 = FACE_BOUND ( 'NONE', #252, .T. ) ;
#706 = AXIS2_PLACEMENT_3D ( 'NONE', #1408, #656, #314 ) ;
#707 = DIRECTION ( 'NONE',  ( 0.000000000000000000, 0.4276315079256995388, -0.9039531478064515291 ) ) ;
#708 = CARTESIAN_POINT ( 'NONE',  ( 1.021466377480907850, 1.867822969310986236, -1.354487928187332768 ) ) ;
#709 = EDGE_CURVE ( 'NONE', #1212, #62, #1049, .T. ) ;
#710 = CARTESIAN_POINT ( 'NONE',  ( 0.5250000000000000222, -1.826605476364405067, -1.328476582126661754 ) ) ;
#711 = CARTESIAN_POINT ( 'NONE',  ( 0.6156687138106837764, 1.992354845237518379, -1.505235522168763440 ) ) ;
#712 = CARTESIAN_POINT ( 'NONE',  ( 1.078734048481434726, -1.109001668566025334, -0.4611455893764683789 ) ) ;
#713 = ORIENTED_EDGE ( 'NONE', *, *, #1561, .F. ) ;
#714 = LINE ( 'NONE', #1205, #536 ) ;
#715 = CARTESIAN_POINT ( 'NONE',  ( 0.5264988551497098435, 1.163856430000342668, -0.5656090549847179183 ) ) ;
#716 = ORIENTED_EDGE ( 'NONE', *, *, #1577, .T. ) ;
#717 = CARTESIAN_POINT ( 'NONE',  ( 0.9916553136748756936, 1.952007170760016397, -1.449993895686075396 ) ) ;
#718 = B_SPLINE_CURVE_WITH_KNOTS ( 'NONE', 3,
 ( #638, #396, #1002, #3, #1345, #970, #632, #995, #617, #1115, #862, #124, #1249, #876, #869, #1099, #625, #982, #1488, #840, #1368, #503, #1492, #233, #9, #1593, #1465, #511, #264, #989, #1475, #1482, #1123, #725 ),
 .UNSPECIFIED., .F., .F.,
 ( 4, 2, 2, 2, 2, 2, 2, 2, 2, 2, 2, 2, 2, 2, 2, 2, 4 ),
 ( 0.01099622584882956576, 0.01168747684457797573, 0.01237872784032638569, 0.01306997883607479566, 0.01376122983182320389, 0.01445248082757161386, 0.01514373182332002382, 0.01583498281906843205, 0.01652623381481684375, 0.01721748481056525198, 0.01790873580631366369, 0.01859998680206207192, 0.01929123779781048015, 0.01998248879355889185, 0.02067373978930730008, 0.02136499078505570831, 0.02205624178080412001 ),
 .UNSPECIFIED. ) ;
#719 = DIRECTION ( 'NONE',  ( 0.000000000000000000, 0.7660444431189757930, 0.6427876096865422495 ) ) ;
#720 = AXIS2_PLACEMENT_3D ( 'NONE', #1071, #88, #1185 ) ;
#721 = DIRECTION ( 'NONE',  ( 0.000000000000000000, -0.7660444431189757930, -0.6427876096865422495 ) ) ;
#722 = CARTESIAN_POINT ( 'NONE',  ( 0.5249999999999999112, 1.543440206171805329, -1.661159332406420885 ) ) ;
#723 = EDGE_CURVE ( 'NONE', #1083, #1329, #369, .T. ) ;
#724 = EDGE_LOOP ( 'NONE', ( #208, #562, #766, #121 ) ) ;
#725 = CARTESIAN_POINT ( 'NONE',  ( 1.125000000000000000, 1.826605476364407510, -1.328476582126663974 ) ) ;
#726 = CARTESIAN_POINT ( 'NONE',  ( 1.123501144850290734, 1.172362789638884184, -0.5476276610517716303 ) ) ;
#727 = ORIENTED_EDGE ( 'NONE', *, *, #1523, .T. ) ;
#728 =( NAMED_UNIT ( * ) PLANE_ANGLE_UNIT ( ) SI_UNIT ( $, .RADIAN. ) );
#729 = ORIENTED_EDGE ( 'NONE', *, *, #1460, .F. ) ;
#730 = CARTESIAN_POINT ( 'NONE',  ( 1.325758086637273792, 1.046789403670451701, -0.4702818972033946943 ) ) ;
#731 = AXIS2_PLACEMENT_3D ( 'NONE', #448, #1309, #1535 ) ;
#732 = CARTESIAN_POINT ( 'NONE',  ( 0.4895258639824793812, 1.824399119731951124, -1.336001279072548176 ) ) ;
#733 = CARTESIAN_POINT ( 'NONE',  ( 1.089495682314153280, -1.833865643730096417, -1.328066216279875089 ) ) ;
#734 = ADVANCED_FACE ( 'NONE', ( #1553 ), #581, .F. ) ;
#735 = CARTESIAN_POINT ( 'NONE',  ( 0.5250000000000000222, -1.856765315270359373, -1.567848508766473303 ) ) ;
#736 = CARTESIAN_POINT ( 'NONE',  ( 1.365923996832131609E-16, 0.9094442976040214566, -0.4452547599914053467 ) ) ;
#737 = EDGE_LOOP ( 'NONE', ( #339, #567, #972, #1211 ) ) ;
#738 = APPROVAL_ROLE ( '' ) ;
#739 = CARTESIAN_POINT ( 'NONE',  ( 0.1268427385185021405, 0.9606019327564466748, -0.4815435997114725919 ) ) ;
#740 = AXIS2_PLACEMENT_3D ( 'NONE', #1305, #690, #927 ) ;
#741 = CARTESIAN_POINT ( 'NONE',  ( 0.000000000000000000, 0.9152609400101709980, -0.4329820309338732742 ) ) ;
#742 = CARTESIAN_POINT ( 'NONE',  ( 1.124999999999999778, -2.003751667251105317, -1.539591191530263581 ) ) ;
#743 = CYLINDRICAL_SURFACE ( 'NONE', #647, 0.1377952750000001336 ) ;
#744 = CARTESIAN_POINT ( 'NONE',  ( 1.365923996832131609E-16, 0.3394583790682410007, 0.9688976629779865180 ) ) ;
#745 = ORIENTED_EDGE ( 'NONE', *, *, #1411, .T. ) ;
#746 = ORIENTED_EDGE ( 'NONE', *, *, #1006, .F. ) ;
#747 = CARTESIAN_POINT ( 'NONE',  ( 1.107046995331611994, 2.005521655001539560, -1.536954653139706917 ) ) ;
#748 = EDGE_CURVE ( 'NONE', #825, #106, #1318, .T. ) ;
#749 = FACE_OUTER_BOUND ( 'NONE', #566, .T. ) ;
#750 = CARTESIAN_POINT ( 'NONE',  ( 0.5430198037066906736, 1.829007428481201236, -1.326461104991355278 ) ) ;
#751 = CARTESIAN_POINT ( 'NONE',  ( 1.021466377480907628, -1.985292834522448313, -1.494483062074648094 ) ) ;
#752 = CARTESIAN_POINT ( 'NONE',  ( 1.124999999999999778, -1.815009427188927660, -1.518085779133465207 ) ) ;
#753 = CARTESIAN_POINT ( 'NONE',  ( 1.365923996832131609E-16, 0.9326546467945380225, -0.3942388526751214872 ) ) ;
#754 = ORIENTED_EDGE ( 'NONE', *, *, #1267, .F. ) ;
#755 = PERSON_AND_ORGANIZATION ( #1166, #157 ) ;
#756 = CARTESIAN_POINT ( 'NONE',  ( 0.5249999999999998002, 1.826605476364406844, -1.328476582126663752 ) ) ;
#757 = DIRECTION ( 'NONE',  ( -1.000000000000000000, -0.000000000000000000, -0.000000000000000000 ) ) ;
#758 = DIRECTION ( 'NONE',  ( 0.000000000000000000, -0.7660444431189760151, -0.6427876096865420275 ) ) ;
#759 = CARTESIAN_POINT ( 'NONE',  ( 1.365923996832131609E-16, 0.9263007994815588564, -0.4088413594126303341 ) ) ;
#760 = VERTEX_POINT ( 'NONE', #1159 ) ;
#761 = CIRCLE ( 'NONE', #1324, 0.06496062999999990817 ) ;
#762 = DIRECTION ( 'NONE',  ( 0.000000000000000000, 0.000000000000000000, 1.000000000000000000 ) ) ;
#763 = DIRECTION ( 'NONE',  ( 0.000000000000000000, -0.7660444431189742387, 0.6427876096865436928 ) ) ;
#764 = CARTESIAN_POINT ( 'NONE',  ( 0.4158888454759190334, -1.952288995825230744, -1.513386108328659274 ) ) ;
#765 = CARTESIAN_POINT ( 'NONE',  ( 0.5264988551497098435, -1.246718451974643926, -0.3506109823554519056 ) ) ;
#766 = ORIENTED_EDGE ( 'NONE', *, *, #909, .F. ) ;
#767 = CARTESIAN_POINT ( 'NONE',  ( 1.650000000000000355, -0.9485185708363557122, -0.3548513953550400113 ) ) ;
#768 = VERTEX_POINT ( 'NONE', #925 ) ;
#769 = LINE ( 'NONE', #658, #210 ) ;
#770 = CARTESIAN_POINT ( 'NONE',  ( 0.4808442953466383063, -1.992961202164327483, -1.539562626059190142 ) ) ;
#771 = CARTESIAN_POINT ( 'NONE',  ( 1.365923996832131609E-16, -0.9094442976040212345, -0.4452547599914055687 ) ) ;
#772 = AXIS2_PLACEMENT_3D ( 'NONE', #57, #470, #335 ) ;
#773 = AXIS2_PLACEMENT_3D ( 'NONE', #191, #564, #351 ) ;
#774 = EDGE_LOOP ( 'NONE', ( #684, #648, #830, #754 ) ) ;
#775 = DIRECTION ( 'NONE',  ( 0.000000000000000000, -0.7660444431189742387, 0.6427876096865436928 ) ) ;
#776 = VECTOR ( 'NONE', #832, 39.37007874015748143 ) ;
#777 = CIRCLE ( 'NONE', #1601, 0.1377952749999998006 ) ;
#778 = CARTESIAN_POINT ( 'NONE',  ( 1.650000000000000355, 1.000195856382226633, 0.2315230452043730014 ) ) ;
#779 = LINE ( 'NONE', #1274, #285 ) ;
#780 = CARTESIAN_POINT ( 'NONE',  ( 0.6286021411897835254, -1.985249078608229301, -1.494418884428499128 ) ) ;
#781 = CARTESIAN_POINT ( 'NONE',  ( 1.365923996832131609E-16, -0.9197556022929008757, -0.4233604438375899170 ) ) ;
#782 = ADVANCED_FACE ( 'NONE', ( #553 ), #587, .T. ) ;
#783 = DIRECTION ( 'NONE',  ( 0.000000000000000000, 0.6427876096865451361, 0.7660444431189731285 ) ) ;
#784 = CARTESIAN_POINT ( 'NONE',  ( 1.650000000000000355, -0.9124790022962111502, -0.4388399469434661193 ) ) ;
#785 = FACE_BOUND ( 'NONE', #1569, .T. ) ;
#786 = CARTESIAN_POINT ( 'NONE',  ( 0.6556345089401387494, -1.899958187709919644, -1.388366935118027889 ) ) ;
#787 = CARTESIAN_POINT ( 'NONE',  ( 1.649999999999999911, 1.713753616190544005, -1.864130950663223540 ) ) ;
#788 = ORIENTED_EDGE ( 'NONE', *, *, #816, .F. ) ;
#789 = ORIENTED_EDGE ( 'NONE', *, *, #1006, .T. ) ;
#790 = DIRECTION ( 'NONE',  ( 0.000000000000000000, 0.7660444431189743497, -0.6427876096865436928 ) ) ;
#791 = EDGE_CURVE ( 'NONE', #1393, #1327, #1314, .T. ) ;
#792 = CARTESIAN_POINT ( 'NONE',  ( 1.123501144850290734, -1.163856430000341780, -0.5656090549847188065 ) ) ;
#793 = CARTESIAN_POINT ( 'NONE',  ( 1.124999999999999778, 0.6314350073415542219, -3.570896401843725698 ) ) ;
#794 = CARTESIAN_POINT ( 'NONE',  ( 0.5070282871539263381, -2.000730172929504391, -1.540969851151359649 ) ) ;
#795 = CARTESIAN_POINT ( 'NONE',  ( 1.365923996832131609E-16, -0.9241444872122567267, -0.4136923979369682702 ) ) ;
#796 = CYLINDRICAL_SURFACE ( 'NONE', #554, 0.06496063000000025511 ) ;
#797 = CARTESIAN_POINT ( 'NONE',  ( 1.123501144850290734, -1.212177633047500480, -0.4534891964484886184 ) ) ;
#798 = DIRECTION ( 'NONE',  ( 0.000000000000000000, 0.7660444431189743497, -0.6427876096865436928 ) ) ;
#799 = CARTESIAN_POINT ( 'NONE',  ( 0.4157877058408692705, -1.843544433262758631, -1.383827381470309703 ) ) ;
#800 = CARTESIAN_POINT ( 'NONE',  ( 1.248650771696696360, -1.934674682970982884, -1.497941746583840272 ) ) ;
#801 = DIRECTION ( 'NONE',  ( 0.000000000000000000, -0.6427876096865440259, -0.7660444431189741277 ) ) ;
#802 = AXIS2_PLACEMENT_3D ( 'NONE', #406, #1260, #762 ) ;
#803 = CARTESIAN_POINT ( 'NONE',  ( 1.123501144850290734, 1.163856430000341780, -0.5656090549847179183 ) ) ;
#804 = DIMENSIONAL_EXPONENTS ( 1.000000000000000000, 0.000000000000000000, 0.000000000000000000, 0.000000000000000000, 0.000000000000000000, 0.000000000000000000, 0.000000000000000000 ) ;
#805 = DIRECTION ( 'NONE',  ( 1.000000000000000000, 0.000000000000000000, 0.000000000000000000 ) ) ;
#806 = FACE_OUTER_BOUND ( 'NONE', #737, .T. ) ;
#807 = ADVANCED_FACE ( 'NONE', ( #1070 ), #1529, .F. ) ;
#808 = CARTESIAN_POINT ( 'NONE',  ( 1.114756902979338049, -1.102455889251231724, -0.4621476359163077530 ) ) ;
#809 = ORIENTED_EDGE ( 'NONE', *, *, #748, .T. ) ;
#810 = AXIS2_PLACEMENT_3D ( 'NONE', #1515, #417, #320 ) ;
#811 = CARTESIAN_POINT ( 'NONE',  ( 1.056349260716304750, 1.846255118628379099, -1.335461079302239007 ) ) ;
#812 = CARTESIAN_POINT ( 'NONE',  ( 1.123501144850290734, -1.181028301971148720, -0.5286861925105588167 ) ) ;
#813 = DIRECTION ( 'NONE',  ( -0.000000000000000000, 0.000000000000000000, 1.000000000000000000 ) ) ;
#814 = CARTESIAN_POINT ( 'NONE',  ( 0.5250000000000000222, -1.815009427188927660, -1.518085779133465207 ) ) ;
#815 = FACE_BOUND ( 'NONE', #150, .T. ) ;
#816 = EDGE_CURVE ( 'NONE', #851, #961, #421, .T. ) ;
#817 = VERTEX_POINT ( 'NONE', #680 ) ;
#818 = CARTESIAN_POINT ( 'NONE',  ( 1.125000000000000000, 1.826605476364407510, -1.328476582126663974 ) ) ;
#819 = CARTESIAN_POINT ( 'NONE',  ( 0.000000000000000000, 0.000000000000000000, 0.000000000000000000 ) ) ;
#820 = CARTESIAN_POINT ( 'NONE',  ( 0.4642860742784719053, -1.826531983052997576, -1.346516452767249739 ) ) ;
#821 = FACE_OUTER_BOUND ( 'NONE', #393, .T. ) ;
#822 = ORIENTED_EDGE ( 'NONE', *, *, #465, .F. ) ;
#823 = ORIENTED_EDGE ( 'NONE', *, *, #1094, .T. ) ;
#824 = EDGE_CURVE ( 'NONE', #355, #1126, #1008, .T. ) ;
#825 = VERTEX_POINT ( 'NONE', #1418 ) ;
#826 = LINE ( 'NONE', #1069, #776 ) ;
#827 = LINE ( 'NONE', #1045, #1103 ) ;
#828 = CARTESIAN_POINT ( 'NONE',  ( 0.5338967764596400656, 2.004937564245198978, -1.538596105799909797 ) ) ;
#829 = DIRECTION ( 'NONE',  ( 0.000000000000000000, 0.6427876096865421385, -0.7660444431189756820 ) ) ;
#830 = ORIENTED_EDGE ( 'NONE', *, *, #400, .T. ) ;
#831 = VERTEX_POINT ( 'NONE', #198 ) ;
#832 = DIRECTION ( 'NONE',  ( 0.000000000000000000, -0.7660444431189743497, 0.6427876096865436928 ) ) ;
#833 = EDGE_CURVE ( 'NONE', #384, #47, #1085, .T. ) ;
#834 = CC_DESIGN_PERSON_AND_ORGANIZATION_ASSIGNMENT ( #1119, #880, ( #401 ) ) ;
#835 = CARTESIAN_POINT ( 'NONE',  ( 1.186277294705829100, 1.086756537400301648, -0.4645020500882394154 ) ) ;
#836 = ORIENTED_EDGE ( 'NONE', *, *, #630, .F. ) ;
#837 = CARTESIAN_POINT ( 'NONE',  ( 0.4642390298688991446, 1.826538654412538598, -1.346539736328581149 ) ) ;
#838 = LINE ( 'NONE', #1333, #614 ) ;
#839 = VERTEX_POINT ( 'NONE', #696 ) ;
#840 = CARTESIAN_POINT ( 'NONE',  ( 1.258347354197576040, 1.870202264009265480, -1.424920650132887712 ) ) ;
#841 = CARTESIAN_POINT ( 'NONE',  ( 1.123501144850290734, -0.2170232073832509267, 1.293943936572482301 ) ) ;
#842 = AXIS2_PLACEMENT_3D ( 'NONE', #578, #517, #853 ) ;
#843 = ORIENTED_EDGE ( 'NONE', *, *, #879, .F. ) ;
#844 = DIRECTION ( 'NONE',  ( -0.000000000000000000, 0.4276315079256992613, 0.9039531478064516401 ) ) ;
#845 = EDGE_CURVE ( 'NONE', #359, #355, #366, .T. ) ;
#846 = AXIS2_PLACEMENT_3D ( 'NONE', #350, #573, #1184 ) ;
#847 = AXIS2_PLACEMENT_3D ( 'NONE', #404, #1380, #676 ) ;
#848 = CARTESIAN_POINT ( 'NONE',  ( 0.6088763034043429556, 1.854260285195083346, -1.341947656734839844 ) ) ;
#849 = CARTESIAN_POINT ( 'NONE',  ( 1.056237220247175923, -1.846308721130377473, -1.335501854842854108 ) ) ;
#850 = CC_DESIGN_PERSON_AND_ORGANIZATION_ASSIGNMENT ( #550, #24, ( #628 ) ) ;
#851 = VERTEX_POINT ( 'NONE', #1095 ) ;
#852 = VECTOR ( 'NONE', #168, 39.37007874015748854 ) ;
#853 = DIRECTION ( 'NONE',  ( 0.000000000000000000, 0.6427876096865418054, -0.7660444431189757930 ) ) ;
#854 = CARTESIAN_POINT ( 'NONE',  ( 0.5264988551497098435, -1.298161052749817967, -0.02904410273810144327 ) ) ;
#855 = VERTEX_POINT ( 'NONE', #6 ) ;
#856 = CARTESIAN_POINT ( 'NONE',  ( 0.000000000000000000, 0.000000000000000000, 0.000000000000000000 ) ) ;
#857 = CARTESIAN_POINT ( 'NONE',  ( 0.000000000000000000, 0.8878426458844099756, -0.4909176279228359974 ) ) ;
#858 = VECTOR ( 'NONE', #1377, 39.37007874015748143 ) ;
#859 = CARTESIAN_POINT ( 'NONE',  ( 0.4057211262374452176, 1.940709055544290518, -1.503439206798039107 ) ) ;
#860 = CARTESIAN_POINT ( 'NONE',  ( 1.041360955496536178, -1.995378545583719410, -1.510172022230733546 ) ) ;
#861 = EDGE_CURVE ( 'NONE', #1083, #851, #1341, .T. ) ;
#862 = CARTESIAN_POINT ( 'NONE',  ( 1.234140314901802871, 1.952258413110089519, -1.513360618892729326 ) ) ;
#863 = CARTESIAN_POINT ( 'NONE',  ( 1.365923996832131609E-16, 1.015799857133399264, -0.02272676056006692896 ) ) ;
#864 = ORIENTED_EDGE ( 'NONE', *, *, #326, .F. ) ;
#865 =( NAMED_UNIT ( * ) SI_UNIT ( $, .STERADIAN. ) SOLID_ANGLE_UNIT ( ) );
#866 = DIRECTION ( 'NONE',  ( -0.000000000000000000, 0.6427876096865434707, 0.7660444431189745718 ) ) ;
#867 = CARTESIAN_POINT ( 'NONE',  ( 0.4215271462523720869, 1.957700689567777541, -1.517734250581008304 ) ) ;
#868 = CARTESIAN_POINT ( 'NONE',  ( 1.080942875807213488, -1.836501475742012390, -1.329210423283175846 ) ) ;
#869 = CARTESIAN_POINT ( 'NONE',  ( 1.258274646172914402, 1.916531240459668384, -1.480104433967393218 ) ) ;
#870 = CARTESIAN_POINT ( 'NONE',  ( 0.5264988551497098435, -1.163856430000342446, -0.5656090549847188065 ) ) ;
#871 = ORIENTED_EDGE ( 'NONE', *, *, #1589, .T. ) ;
#872 = APPLICATION_PROTOCOL_DEFINITION ( 'international standard', 'config_control_design', 1994, #602 ) ;
#873 = CARTESIAN_POINT ( 'NONE',  ( 1.650000000000000355, -0.3394583790688883163, 0.9688976629799282980 ) ) ;
#874 = ORIENTED_EDGE ( 'NONE', *, *, #1284, .F. ) ;
#875 = CARTESIAN_POINT ( 'NONE',  ( 0.5249999999999999112, 2.003751667251106650, -1.539591191530266467 ) ) ;
#876 = CARTESIAN_POINT ( 'NONE',  ( 1.255553573049138505, 1.922748336746301634, -1.486431103280979604 ) ) ;
#877 = CARTESIAN_POINT ( 'NONE',  ( 0.5264988551497098435, 1.212177633047577752, -0.4534891964482564708 ) ) ;
#878 = ORIENTED_EDGE ( 'NONE', *, *, #663, .T. ) ;
#879 = EDGE_CURVE ( 'NONE', #1227, #1557, #986, .T. ) ;
#880 = PERSON_AND_ORGANIZATION_ROLE ( 'creator' ) ;
#881 = CARTESIAN_POINT ( 'NONE',  ( 1.650000000000000355, -1.010287447045551623, -0.1080983431781426113 ) ) ;
#882 = DIRECTION ( 'NONE',  ( 0.000000000000000000, 0.6427876096865426936, -0.7660444431189751269 ) ) ;
#883 = CARTESIAN_POINT ( 'NONE',  ( 0.5159331531562302287, -2.002543100702682377, -1.540605299275299211 ) ) ;
#884 = CARTESIAN_POINT ( 'NONE',  ( 0.5264988551497098435, -1.155144033175318663, -0.5840258423096778007 ) ) ;
#885 = ORIENTED_EDGE ( 'NONE', *, *, #1577, .F. ) ;
#886 = CYLINDRICAL_SURFACE ( 'NONE', #802, 0.2500000000000000555 ) ;
#887 = ADVANCED_FACE ( 'NONE', ( #1568 ), #1221, .F. ) ;
#888 = CARTESIAN_POINT ( 'NONE',  ( 1.649999999999999911, 0.6949352548373731731, -0.6499505083196445154 ) ) ;
#889 = CIRCLE ( 'NONE', #276, 0.06496063000000029675 ) ;
#890 = CARTESIAN_POINT ( 'NONE',  ( 0.5250000000000000222, -1.826605476364405067, -1.328476582126661754 ) ) ;
#891 = CARTESIAN_POINT ( 'NONE',  ( 1.365923996832131609E-16, -0.8862112394040491115, -0.4943661928580187492 ) ) ;
#892 = ORIENTED_EDGE ( 'NONE', *, *, #325, .F. ) ;
#893 = CYLINDRICAL_SURFACE ( 'NONE', #1452, 0.1377952749999997450 ) ;
#894 = CARTESIAN_POINT ( 'NONE',  ( 1.650000000000000355, 0.6370012500023564117, 0.8051236426424694947 ) ) ;
#895 = PRODUCT_DEFINITION_SHAPE ( 'NONE', 'NONE',  #401 ) ;
#896 = ADVANCED_FACE ( 'NONE', ( #749 ), #1210, .F. ) ;
#897 = DIRECTION ( 'NONE',  ( 0.000000000000000000, -0.7660444431189742387, 0.6427876096865436928 ) ) ;
#898 = CARTESIAN_POINT ( 'NONE',  ( 0.4642390298688994221, -1.985951329439031632, -1.536520364496455571 ) ) ;
#899 = CARTESIAN_POINT ( 'NONE',  ( 1.215566873910196577, -1.834217755518078308, -1.365896466888647520 ) ) ;
#900 = AXIS2_PLACEMENT_3D ( 'NONE', #819, #1428, #813 ) ;
#901 = ORIENTED_EDGE ( 'NONE', *, *, #347, .T. ) ;
#902 = CYLINDRICAL_SURFACE ( 'NONE', #685, 1.749999999999999778 ) ;
#903 = VECTOR ( 'NONE', #763, 39.37007874015748854 ) ;
#904 = CARTESIAN_POINT ( 'NONE',  ( 1.649999999999999911, -0.6675707197857289055, -0.3684502464170218983 ) ) ;
#905 = ORIENTED_EDGE ( 'NONE', *, *, #209, .F. ) ;
#906 = CARTESIAN_POINT ( 'NONE',  ( 0.5250000000000000222, 0.5896791192601220644, -3.620659131476733350 ) ) ;
#907 = CARTESIAN_POINT ( 'NONE',  ( 0.3871983834719870954, -1.886621887774325046, -1.446271159965143882 ) ) ;
#908 = CARTESIAN_POINT ( 'NONE',  ( 1.365923996832131609E-16, -0.9263007994815577462, -0.4088413594125357986 ) ) ;
#909 = EDGE_CURVE ( 'NONE', #116, #760, #1420, .T. ) ;
#910 = DIRECTION ( 'NONE',  ( 0.000000000000000000, 0.7660444431189756820, 0.6427876096865421385 ) ) ;
#911 = CARTESIAN_POINT ( 'NONE',  ( 1.123501144850290734, -1.298161052749493782, -0.02904410273810146062 ) ) ;
#912 = DIRECTION ( 'NONE',  ( -1.000000000000000000, -0.000000000000000000, -0.000000000000000000 ) ) ;
#913 = CARTESIAN_POINT ( 'NONE',  ( 0.5430198037066908956, -2.006153619367900376, -1.537575714394956217 ) ) ;
#914 = CARTESIAN_POINT ( 'NONE',  ( 1.258274646172914624, -1.870042828246215816, -1.424701701698011247 ) ) ;
#915 = ORIENTED_EDGE ( 'NONE', *, *, #580, .F. ) ;
#916 = FACE_BOUND ( 'NONE', #1027, .T. ) ;
#917 = CARTESIAN_POINT ( 'NONE',  ( 1.123501144850290734, -1.166523799981630027, -0.5599707716407938962 ) ) ;
#918 = DIRECTION ( 'NONE',  ( 0.000000000000000000, 0.7660444431189756820, 0.6427876096865421385 ) ) ;
#919 = DIRECTION ( 'NONE',  ( -1.000000000000000000, -0.000000000000000000, -0.000000000000000000 ) ) ;
#920 = CARTESIAN_POINT ( 'NONE',  ( 1.255661369095923297, -1.922530434611569028, -1.486214001528831652 ) ) ;
#921 = ORIENTED_EDGE ( 'NONE', *, *, #241, .T. ) ;
#922 = CARTESIAN_POINT ( 'NONE',  ( 0.5249999999999999112, 1.815009427188930324, -1.518085779133466540 ) ) ;
#923 = CIRCLE ( 'NONE', #371, 1.012499999999999734 ) ;
#924 = CARTESIAN_POINT ( 'NONE',  ( 1.123501144850290734, -1.221421306645220639, -0.4279683572172822692 ) ) ;
#925 = CARTESIAN_POINT ( 'NONE',  ( 0.000000000000000000, 1.713753616190544005, -1.864130950663223540 ) ) ;
#926 = CARTESIAN_POINT ( 'NONE',  ( 0.6556345089401389714, 1.957508747946649308, -1.456953022035957668 ) ) ;
#927 = DIRECTION ( 'NONE',  ( 0.000000000000000000, -0.6427876096865426936, 0.7660444431189751269 ) ) ;
#928 = VERTEX_POINT ( 'NONE', #237 ) ;
#929 = EDGE_LOOP ( 'NONE', ( #23, #874, #1500, #1059 ) ) ;
#930 = CARTESIAN_POINT ( 'NONE',  ( 1.124999999999999778, -0.6731908954229935960, -3.521133672210718935 ) ) ;
#931 = CARTESIAN_POINT ( 'NONE',  ( 1.123501144850290734, 1.209321555718590346, 0.5088529831029352524 ) ) ;
#932 = DIRECTION ( 'NONE',  ( 0.000000000000000000, 0.6427876096865449140, 0.7660444431189734615 ) ) ;
#933 = CARTESIAN_POINT ( 'NONE',  ( 0.6284331060056819185, 1.985356198292828722, -1.494576280050658568 ) ) ;
#934 = CARTESIAN_POINT ( 'NONE',  ( 1.124999999999999778, -1.815009427188927660, -1.518085779133465207 ) ) ;
#935 = ORIENTED_EDGE ( 'NONE', *, *, #1589, .F. ) ;
#936 = ORIENTED_EDGE ( 'NONE', *, *, #791, .T. ) ;
#937 = AXIS2_PLACEMENT_3D ( 'NONE', #1592, #1105, #502 ) ;
#938 = LINE ( 'NONE', #1426, #1164 ) ;
#939 = DIRECTION ( 'NONE',  ( 1.000000000000000000, 0.000000000000000000, 0.000000000000000000 ) ) ;
#940 = EDGE_CURVE ( 'NONE', #1236, #359, #600, .T. ) ;
#941 = CARTESIAN_POINT ( 'NONE',  ( 0.5160469935326917890, -1.825412084184009798, -1.329477957065082538 ) ) ;
#942 = APPLICATION_CONTEXT ( 'configuration controlled 3d designs of mechanical parts and assemblies' ) ;
#943 = CARTESIAN_POINT ( 'NONE',  ( 1.160705049638478537, -1.995888534958004445, -1.540443831644350503 ) ) ;
#944 = VERTEX_POINT ( 'NONE', #710 ) ;
#945 = ORIENTED_EDGE ( 'NONE', *, *, #1284, .T. ) ;
#946 = DIRECTION ( 'NONE',  ( 0.000000000000000000, -0.6427876096865410283, 0.7660444431189765702 ) ) ;
#947 = DIRECTION ( 'NONE',  ( -0.000000000000000000, 0.6427876096865435818, 0.7660444431189744607 ) ) ;
#948 = CARTESIAN_POINT ( 'NONE',  ( 0.5249999999999999112, 2.003751667251106650, -1.539591191530266467 ) ) ;
#949 = CARTESIAN_POINT ( 'NONE',  ( 0.06251084976244303260, -0.9257986209822918200, -0.4860275252754314712 ) ) ;
#950 = ORIENTED_EDGE ( 'NONE', *, *, #315, .F. ) ;
#951 = ORIENTED_EDGE ( 'NONE', *, *, #1545, .T. ) ;
#952 = ADVANCED_FACE ( 'NONE', ( #227 ), #508, .F. ) ;
#953 = EDGE_CURVE ( 'NONE', #1075, #108, #97, .T. ) ;
#954 = CYLINDRICAL_SURFACE ( 'NONE', #1471, 0.1377952750000003834 ) ;
#955 = CARTESIAN_POINT ( 'NONE',  ( 0.5249999999999999112, -0.6731908954229939290, -3.521133672210718935 ) ) ;
#956 = EDGE_LOOP ( 'NONE', ( #1564, #1282 ) ) ;
#957 = CARTESIAN_POINT ( 'NONE',  ( 0.6487615498175763884, 1.888831602892043104, -1.376167787339515725 ) ) ;
#958 = CARTESIAN_POINT ( 'NONE',  ( 0.5250000000000000222, -1.585196094253234822, -1.710922062039428537 ) ) ;
#959 =( BOUNDED_SURFACE ( )  B_SPLINE_SURFACE ( 3, 3, ( 
 ( #1490, #636, #19, #42, #422, #1015, #413, #543, #1030, #1120, #1245, #1278, #1007, #1253, #1385, #1503, #12, #1273, #268, #778, #998, #1365, #894, #286, #277, #135, #873, #166, #657, #1372, #642, #402, #881, #521, #1143, #1496, #767, #537, #1519, #35, #1022, #1510, #1395, #784, #175, #1150, #262, #1404, #1037, #1044 ),
 ( #56, #454, #181, #445, #1534, #803, #316, #726, #1285, #50, #479, #1217, #561, #1082, #439, #1457, #104, #196, #609, #1528, #931, #1416, #671, #1336, #679, #841, #1091, #1575, #570, #1544, #429, #911, #1157, #306, #234, #924, #797, #1427, #1052, #552, #812, #1410, #333, #917, #792, #1300, #687, #322, #1291, #188 ),
 ( #1163, #1174, #64, #1308, #224, #715, #1206, #94, #598, #962, #363, #1466, #125, #877, #1250, #141, #1225, #1235, #971, #618, #626, #265, #1109, #4, #10, #1346, #504, #990, #392, #1476, #275, #854, #115, #17, #765, #1483, #639, #1594, #1003, #1257, #1362, #149, #1100, #512, #870, #243, #884, #251, #405, #1493 ),
 ( #983, #373, #1125, #1242, #645, #736, #495, #518, #1116, #996, #759, #753, #258, #132, #1586, #383, #633, #1489, #863, #487, #1375, #397, #1355, #744, #1369, #30, #532, #170, #1131, #1019, #1414, #1281, #22, #1507, #409, #1288, #660, #1276, #1389, #908, #795, #781, #427, #309, #771, #1398, #1522, #160, #891, #291 ) ),
 .UNSPECIFIED., .F., .F., .T. ) 
 B_SPLINE_SURFACE_WITH_KNOTS ( ( 4, 4 ),
 ( 4, 2, 2, 2, 2, 2, 2, 2, 2, 2, 2, 2, 2, 2, 2, 2, 2, 2, 2, 2, 2, 2, 2, 2, 4 ),
 ( 0.000000000000000000, 1.000000000000000000 ),
 ( -0.01818930616816241685, -0.009094653084081208427, -0.004547326542040604214, 0.000000000000000000, 0.003906250000000000000, 0.007812500000000000000, 0.01562500000000000000, 0.03125000000000000000, 0.06250000000000000000, 0.1250000000000000000, 0.2500000000000000000, 0.3750000000000000000, 0.5000000000000000000, 0.6250000000000000000, 0.7500000000000000000, 0.8750000000000000000, 0.9375000000000000000, 0.9687500000000000000, 0.9843750000000000000, 0.9921875000000000000, 0.9960937500000000000, 1.000000000000000000, 1.004547326542040597, 1.009094653084081195, 1.018189306168162611 ),
 .UNSPECIFIED. ) 
 GEOMETRIC_REPRESENTATION_ITEM ( )  RATIONAL_B_SPLINE_SURFACE ( (
 ( 1.000000000000000000, 1.000000000000000000, 1.000000000000000000, 1.000000000000000000, 1.000000000000000000, 1.000000000000000000, 1.000000000000000000, 1.000000000000000000, 1.000000000000000000, 1.000000000000000000, 1.000000000000000000, 1.000000000000000000, 1.000000000000000000, 1.000000000000000000, 1.000000000000000000, 1.000000000000000000, 1.000000000000000000, 1.000000000000000000, 1.000000000000000000, 1.000000000000000000, 1.000000000000000000, 1.000000000000000000, 1.000000000000000000, 1.000000000000000000, 1.000000000000000000, 1.000000000000000000, 1.000000000000000000, 1.000000000000000000, 1.000000000000000000, 1.000000000000000000, 1.000000000000000000, 1.000000000000000000, 1.000000000000000000, 1.000000000000000000, 1.000000000000000000, 1.000000000000000000, 1.000000000000000000, 1.000000000000000000, 1.000000000000000000, 1.000000000000000000, 1.000000000000000000, 1.000000000000000000, 1.000000000000000000, 1.000000000000000000, 1.000000000000000000, 1.000000000000000000, 1.000000000000000000, 1.000000000000000000, 1.000000000000000000, 1.000000000000000000),
 ( 0.9212694984400247034, 0.9212694984400247034, 0.9212694984400247034, 0.9212694984400247034, 0.9212694984400247034, 0.9212694984400247034, 0.9212694984400247034, 0.9212694984400247034, 0.9212694984400247034, 0.9212694984400247034, 0.9212694984400247034, 0.9212694984400247034, 0.9212694984400247034, 0.9212694984400247034, 0.9212694984400247034, 0.9212694984400247034, 0.9212694984400247034, 0.9212694984400247034, 0.9212694984400247034, 0.9212694984400247034, 0.9212694984400247034, 0.9212694984400247034, 0.9212694984400247034, 0.9212694984400247034, 0.9212694984400247034, 0.9212694984400247034, 0.9212694984400247034, 0.9212694984400247034, 0.9212694984400247034, 0.9212694984400247034, 0.9212694984400247034, 0.9212694984400247034, 0.9212694984400247034, 0.9212694984400247034, 0.9212694984400247034, 0.9212694984400247034, 0.9212694984400247034, 0.9212694984400247034, 0.9212694984400247034, 0.9212694984400247034, 0.9212694984400247034, 0.9212694984400247034, 0.9212694984400247034, 0.9212694984400247034, 0.9212694984400247034, 0.9212694984400247034, 0.9212694984400247034, 0.9212694984400247034, 0.9212694984400247034, 0.9212694984400247034),
 ( 0.9212694984400247034, 0.9212694984400247034, 0.9212694984400247034, 0.9212694984400247034, 0.9212694984400247034, 0.9212694984400247034, 0.9212694984400247034, 0.9212694984400247034, 0.9212694984400247034, 0.9212694984400247034, 0.9212694984400247034, 0.9212694984400247034, 0.9212694984400247034, 0.9212694984400247034, 0.9212694984400247034, 0.9212694984400247034, 0.9212694984400247034, 0.9212694984400247034, 0.9212694984400247034, 0.9212694984400247034, 0.9212694984400247034, 0.9212694984400247034, 0.9212694984400247034, 0.9212694984400247034, 0.9212694984400247034, 0.9212694984400247034, 0.9212694984400247034, 0.9212694984400247034, 0.9212694984400247034, 0.9212694984400247034, 0.9212694984400247034, 0.9212694984400247034, 0.9212694984400247034, 0.9212694984400247034, 0.9212694984400247034, 0.9212694984400247034, 0.9212694984400247034, 0.9212694984400247034, 0.9212694984400247034, 0.9212694984400247034, 0.9212694984400247034, 0.9212694984400247034, 0.9212694984400247034, 0.9212694984400247034, 0.9212694984400247034, 0.9212694984400247034, 0.9212694984400247034, 0.9212694984400247034, 0.9212694984400247034, 0.9212694984400247034),
 ( 1.000000000000000000, 1.000000000000000000, 1.000000000000000000, 1.000000000000000000, 1.000000000000000000, 1.000000000000000000, 1.000000000000000000, 1.000000000000000000, 1.000000000000000000, 1.000000000000000000, 1.000000000000000000, 1.000000000000000000, 1.000000000000000000, 1.000000000000000000, 1.000000000000000000, 1.000000000000000000, 1.000000000000000000, 1.000000000000000000, 1.000000000000000000, 1.000000000000000000, 1.000000000000000000, 1.000000000000000000, 1.000000000000000000, 1.000000000000000000, 1.000000000000000000, 1.000000000000000000, 1.000000000000000000, 1.000000000000000000, 1.000000000000000000, 1.000000000000000000, 1.000000000000000000, 1.000000000000000000, 1.000000000000000000, 1.000000000000000000, 1.000000000000000000, 1.000000000000000000, 1.000000000000000000, 1.000000000000000000, 1.000000000000000000, 1.000000000000000000, 1.000000000000000000, 1.000000000000000000, 1.000000000000000000, 1.000000000000000000, 1.000000000000000000, 1.000000000000000000, 1.000000000000000000, 1.000000000000000000, 1.000000000000000000, 1.000000000000000000) ) ) 
 REPRESENTATION_ITEM ( '' )  SURFACE ( )  );
#960 = AXIS2_PLACEMENT_3D ( 'NONE', #152, #790, #535 ) ;
#961 = VERTEX_POINT ( 'NONE', #86 ) ;
#962 = CARTESIAN_POINT ( 'NONE',  ( 0.5264988551497098435, 1.181028301971083883, -0.5286861925105927895 ) ) ;
#963 = EDGE_LOOP ( 'NONE', ( #411, #1334 ) ) ;
#964 = DIRECTION ( 'NONE',  ( 0.000000000000000000, 0.000000000000000000, -1.000000000000000000 ) ) ;
#965 = APPROVAL ( #18, 'UNSPECIFIED' ) ;
#966 = CARTESIAN_POINT ( 'NONE',  ( 0.5250000000000000222, -1.585196094253234822, -1.710922062039428537 ) ) ;
#967 = CARTESIAN_POINT ( 'NONE',  ( 0.6583904615623926704, 1.905975391240072314, -1.395128572285265323 ) ) ;
#968 = CARTESIAN_POINT ( 'NONE',  ( 1.015640948593784509, -1.872853313513105578, -1.359481396903023276 ) ) ;
#969 = ORIENTED_EDGE ( 'NONE', *, *, #465, .T. ) ;
#970 = CARTESIAN_POINT ( 'NONE',  ( 1.185637184839438252, 1.986006900136638054, -1.536546501215958926 ) ) ;
#971 = CARTESIAN_POINT ( 'NONE',  ( 0.5264988551497098435, 1.298161052750125943, -0.02904410273978652590 ) ) ;
#972 = ORIENTED_EDGE ( 'NONE', *, *, #246, .F. ) ;
#973 = CARTESIAN_POINT ( 'NONE',  ( 1.089495682314153280, 2.005416513551203206, -1.532512581701837240 ) ) ;
#974 = CARTESIAN_POINT ( 'NONE',  ( 1.114756902979338049, 1.102455889251215071, -0.4621476359162867142 ) ) ;
#975 = CIRCLE ( 'NONE', #1180, 0.06496062999999972776 ) ;
#976 = EDGE_CURVE ( 'NONE', #1196, #370, #1220, .T. ) ;
#977 = VECTOR ( 'NONE', #919, 39.37007874015748143 ) ;
#978 = CARTESIAN_POINT ( 'NONE',  ( 0.5249999999999999112, -0.5896791192601298359, -3.620659131476734682 ) ) ;
#979 = CARTESIAN_POINT ( 'NONE',  ( 1.116097807472997028, -1.827792095293912400, -1.327480890620564180 ) ) ;
#980 = CC_DESIGN_APPROVAL ( #91, ( #401 ) ) ;
#981 = CIRCLE ( 'NONE', #1054, 0.7624999999999999556 ) ;
#982 = CARTESIAN_POINT ( 'NONE',  ( 1.262807006203082727, 1.886611332725867340, -1.446260747463694596 ) ) ;
#983 = CARTESIAN_POINT ( 'NONE',  ( 1.365923996832131609E-16, 0.8804029748539337064, -0.5066440510746132997 ) ) ;
#984 = VERTEX_POINT ( 'NONE', #1231 ) ;
#985 = CALENDAR_DATE ( 2026, 27, 4 ) ;
#986 = LINE ( 'NONE', #955, #26 ) ;
#987 = CARTESIAN_POINT ( 'NONE',  ( 0.5160469935326912339, 2.002558275070711158, -1.540592566468686142 ) ) ;
#988 = DIRECTION ( 'NONE',  ( -0.000000000000000000, 0.4276315079256992613, 0.9039531478064516401 ) ) ;
#989 = CARTESIAN_POINT ( 'NONE',  ( 1.169335437464843697, 1.824773934862014224, -1.339181438374870581 ) ) ;
#990 = CARTESIAN_POINT ( 'NONE',  ( 0.5264988551497098435, -0.8140680543521515711, 1.028923314159398528 ) ) ;
#991 = ORIENTED_EDGE ( 'NONE', *, *, #674, .F. ) ;
#992 = DIRECTION ( 'NONE',  ( 0.000000000000000000, -0.6427876096865418054, 0.7660444431189757930 ) ) ;
#993 = CARTESIAN_POINT ( 'NONE',  ( 0.5069656867920804277, 2.000717422870946116, -1.540972414824683057 ) ) ;
#994 = EDGE_CURVE ( 'NONE', #1467, #831, #1102, .T. ) ;
#995 = CARTESIAN_POINT ( 'NONE',  ( 1.208632545117943824, 1.973060761154385112, -1.528908660466342884 ) ) ;
#996 = CARTESIAN_POINT ( 'NONE',  ( 1.365923996832131609E-16, 0.9241444872122047682, -0.4136923979369749316 ) ) ;
#997 = CARTESIAN_POINT ( 'NONE',  ( 1.116097807472997250, 2.004938286180613538, -1.538595500024168672 ) ) ;
#998 = CARTESIAN_POINT ( 'NONE',  ( 1.650000000000000355, 0.9462837148945767440, 0.3981730821786449992 ) ) ;
#999 = ORIENTED_EDGE ( 'NONE', *, *, #1014, .F. ) ;
#1000 = DIRECTION ( 'NONE',  ( -0.000000000000000000, 0.7660444431189744607, -0.6427876096865433597 ) ) ;
#1001 = VECTOR ( 'NONE', #1146, 39.37007874015748143 ) ;
#1002 = CARTESIAN_POINT ( 'NONE',  ( 1.142846830381547774, 2.000762101986747421, -1.540971349141525781 ) ) ;
#1003 = CARTESIAN_POINT ( 'NONE',  ( 0.5264988551497098435, -1.191904024826226927, -0.5038251584995144805 ) ) ;
#1004 = DATE_AND_TIME ( #985, #1266 ) ;
#1005 = ADVANCED_FACE ( 'NONE', ( #1136 ), #886, .T. ) ;
#1006 = EDGE_CURVE ( 'NONE', #222, #1269, #144, .T. ) ;
#1007 = CARTESIAN_POINT ( 'NONE',  ( 1.650000000000000355, 0.9367370882695120748, -0.3844379832454612456 ) ) ;
#1008 = CIRCLE ( 'NONE', #731, 1.012499999999999734 ) ;
#1009 = DIRECTION ( 'NONE',  ( 0.000000000000000000, -0.7660444431189757930, -0.6427876096865422495 ) ) ;
#1010 = CARTESIAN_POINT ( 'NONE',  ( 0.6583273434689145276, -1.905818146579627337, -1.394950541251789966 ) ) ;
#1011 = CARTESIAN_POINT ( 'NONE',  ( 1.228450838024269354, -1.957713583777550559, -1.517741999603149816 ) ) ;
#1012 = ORIENTED_EDGE ( 'NONE', *, *, #218, .T. ) ;
#1013 = CARTESIAN_POINT ( 'NONE',  ( 0.000000000000000000, 0.000000000000000000, 0.000000000000000000 ) ) ;
#1014 = EDGE_CURVE ( 'NONE', #817, #435, #155, .T. ) ;
#1015 = CARTESIAN_POINT ( 'NONE',  ( 1.650000000000000355, 0.9094442976040214566, -0.4452547599914053467 ) ) ;
#1016 = DIRECTION ( 'NONE',  ( 0.000000000000000000, -0.7660444431189743497, 0.6427876096865436928 ) ) ;
#1017 = VECTOR ( 'NONE', #596, 39.37007874015748854 ) ;
#1018 = CARTESIAN_POINT ( 'NONE',  ( 0.6557358812168130324, -1.957330746968083846, -1.456725560174135126 ) ) ;
#1019 = CARTESIAN_POINT ( 'NONE',  ( 1.365923996832131609E-16, -0.9462837148927780717, 0.3981730821784182917 ) ) ;
#1020 = ORIENTED_EDGE ( 'NONE', *, *, #1179, .F. ) ;
#1021 = FACE_OUTER_BOUND ( 'NONE', #1258, .T. ) ;
#1022 = CARTESIAN_POINT ( 'NONE',  ( 1.650000000000000355, -0.9241444872122567267, -0.4136923979369682702 ) ) ;
#1023 = FACE_OUTER_BOUND ( 'NONE', #374, .T. ) ;
#1024 = EDGE_CURVE ( 'NONE', #435, #108, #298, .T. ) ;
#1025 = CARTESIAN_POINT ( 'NONE',  ( 0.4895258639824794922, -1.995958157551221746, -1.540457378735666794 ) ) ;
#1026 = CARTESIAN_POINT ( 'NONE',  ( 1.160510370552979786, -1.824396700189433451, -1.336008742220913703 ) ) ;
#1027 = EDGE_LOOP ( 'NONE', ( #266, #126 ) ) ;
#1028 = DIRECTION ( 'NONE',  ( 0.000000000000000000, -0.6427876096865445810, -0.7660444431189736836 ) ) ;
#1029 = AXIS2_PLACEMENT_3D ( 'NONE', #856, #143, #1597 ) ;
#1030 = CARTESIAN_POINT ( 'NONE',  ( 1.650000000000000355, 0.9197556022929531672, -0.4233604438375854762 ) ) ;
#1031 = CARTESIAN_POINT ( 'NONE',  ( 1.124999999999999778, 1.726436331745580866, -1.412528474431665737 ) ) ;
#1032 = CARTESIAN_POINT ( 'NONE',  ( 0.6628052051090728147, -1.935017776196034989, -1.429093246155171082 ) ) ;
#1033 = CARTESIAN_POINT ( 'NONE',  ( 1.244251884290352050, -1.851233791303073639, -1.396796268052561407 ) ) ;
#1034 = ORIENTED_EDGE ( 'NONE', *, *, #347, .F. ) ;
#1035 = CALENDAR_DATE ( 2026, 27, 4 ) ;
#1036 = DIRECTION ( 'NONE',  ( 0.000000000000000000, 0.7660444431189743497, -0.6427876096865436928 ) ) ;
#1037 = CARTESIAN_POINT ( 'NONE',  ( 1.650000000000000355, -0.8862112394040491115, -0.4943661928580187492 ) ) ;
#1038 = AXIS2_PLACEMENT_3D ( 'NONE', #649, #1135, #527 ) ;
#1039 = CARTESIAN_POINT ( 'NONE',  ( 1.124999999999999778, -1.815009427188927660, -1.518085779133465207 ) ) ;
#1040 = DIRECTION ( 'NONE',  ( 0.000000000000000000, -0.7660444431189757930, -0.6427876096865422495 ) ) ;
#1041 = CARTESIAN_POINT ( 'NONE',  ( 1.234140314901803537, -1.843495837920074099, -1.383742429170232047 ) ) ;
#1042 = VERTEX_POINT ( 'NONE', #756 ) ;
#1043 = CARTESIAN_POINT ( 'NONE',  ( 0.000000000000000000, -0.8878426458844455027, -0.4909176279228794071 ) ) ;
#1044 = CARTESIAN_POINT ( 'NONE',  ( 1.650000000000000355, -0.8804029748539332623, -0.5066440510746138548 ) ) ;
#1045 = CARTESIAN_POINT ( 'NONE',  ( 0.000000000000000000, -0.9152525621540318346, -0.4329769017747706061 ) ) ;
#1046 = CARTESIAN_POINT ( 'NONE',  ( 0.5855983934897603937, 2.002191314282558476, -1.522993278559019670 ) ) ;
#1047 = CARTESIAN_POINT ( 'NONE',  ( 1.221521579759749843, -1.077666516759957505, -0.4658448249770216210 ) ) ;
#1048 = ORIENTED_EDGE ( 'NONE', *, *, #1315, .T. ) ;
#1049 = CIRCLE ( 'NONE', #1536, 0.2500000000000000000 ) ;
#1050 = AXIS2_PLACEMENT_3D ( 'NONE', #539, #1040, #308 ) ;
#1051 = CARTESIAN_POINT ( 'NONE',  ( 0.000000000000000000, -0.8864463656171154282, -0.4892536058980125890 ) ) ;
#1052 = CARTESIAN_POINT ( 'NONE',  ( 1.123501144850290734, -1.191904024826246689, -0.5038251584994331012 ) ) ;
#1053 = LOCAL_TIME ( 20, 48, 20.00000000000000000, #313 ) ;
#1054 = AXIS2_PLACEMENT_3D ( 'NONE', #623, #757, #1571 ) ;
#1055 = CARTESIAN_POINT ( 'NONE',  ( 1.649999999999999911, -0.8864463656171154282, -0.4892536058980125890 ) ) ;
#1056 = CARTESIAN_POINT ( 'NONE',  ( 1.649999999999999911, 0.6949352548373731731, -0.6499505083196445154 ) ) ;
#1057 = CARTESIAN_POINT ( 'NONE',  ( 1.124999999999999778, -2.003751667251105317, -1.539591191530263581 ) ) ;
#1058 = EDGE_LOOP ( 'NONE', ( #1438, #1218, #1524, #87 ) ) ;
#1059 = ORIENTED_EDGE ( 'NONE', *, *, #510, .T. ) ;
#1060 = CIRCLE ( 'NONE', #410, 0.1377952750000001336 ) ;
#1061 = ORIENTED_EDGE ( 'NONE', *, *, #833, .T. ) ;
#1062 = CARTESIAN_POINT ( 'NONE',  ( 1.001268069271877170, 1.888797955013942431, -1.376132417370032668 ) ) ;
#1063 = ADVANCED_FACE ( 'NONE', ( #1128 ), #959, .T. ) ;
#1064 = DIRECTION ( 'NONE',  ( 0.000000000000000000, -0.7660444431189743497, 0.6427876096865436928 ) ) ;
#1065 = LINE ( 'NONE', #1296, #1340 ) ;
#1066 = CARTESIAN_POINT ( 'NONE',  ( 0.9708260685571594717, -1.124641663966720051, -0.4587311114338342710 ) ) ;
#1067 = ORIENTED_EDGE ( 'NONE', *, *, #89, .F. ) ;
#1068 = FACE_BOUND ( 'NONE', #1316, .T. ) ;
#1069 = CARTESIAN_POINT ( 'NONE',  ( 1.124999999999999778, 0.5896791192601222864, -3.620659131476733350 ) ) ;
#1070 = FACE_OUTER_BOUND ( 'NONE', #593, .T. ) ;
#1071 = CARTESIAN_POINT ( 'NONE',  ( 1.649999999999999911, 0.8864463656171170935, -0.4892536058980090918 ) ) ;
#1072 = ADVANCED_FACE ( 'NONE', ( #38 ), #1381, .F. ) ;
#1073 = CARTESIAN_POINT ( 'NONE',  ( 0.1596415478018669842, -0.9769458490117202132, -0.4794379324062137404 ) ) ;
#1074 = EDGE_LOOP ( 'NONE', ( #488, #1588, #1154, #293, #1290, #585, #534, #1458 ) ) ;
#1075 = VERTEX_POINT ( 'NONE', #1265 ) ;
#1076 = CARTESIAN_POINT ( 'NONE',  ( 0.9880921810708824804, 1.917566954916599231, -1.408425040956192031 ) ) ;
#1077 = CARTESIAN_POINT ( 'NONE',  ( 0.9708260685571631354, 1.124641663966724048, -0.4587311114338374907 ) ) ;
#1078 = CARTESIAN_POINT ( 'NONE',  ( 0.5250000000000000222, -1.543440206171802886, -1.661159332406420663 ) ) ;
#1079 = CARTESIAN_POINT ( 'NONE',  ( 0.000000000000000000, -0.8878426458844455027, -0.4909176279228794071 ) ) ;
#1080 = ORIENTED_EDGE ( 'NONE', *, *, #415, .F. ) ;
#1081 = CARTESIAN_POINT ( 'NONE',  ( 0.000000000000000000, 0.6949352548373731731, -0.6499505083196445154 ) ) ;
#1082 = CARTESIAN_POINT ( 'NONE',  ( 1.123501144850290734, 1.212177633047496261, -0.4534891964482563598 ) ) ;
#1083 = VERTEX_POINT ( 'NONE', #653 ) ;
#1084 = DIRECTION ( 'NONE',  ( 0.000000000000000000, 0.7660444431189743497, -0.6427876096865436928 ) ) ;
#1085 = CIRCLE ( 'NONE', #525, 0.2500000000000000000 ) ;
#1086 = CARTESIAN_POINT ( 'NONE',  ( 1.649999999999999911, -1.713753616190544005, -1.864130950663223540 ) ) ;
#1087 = CARTESIAN_POINT ( 'NONE',  ( 0.6444980714175938541, 1.883395903503396251, -1.370363449575385806 ) ) ;
#1088 = CARTESIAN_POINT ( 'NONE',  ( 1.015730155404008128, -1.981320512472301454, -1.488762582942820378 ) ) ;
#1089 = ORIENTED_EDGE ( 'NONE', *, *, #879, .T. ) ;
#1090 = CARTESIAN_POINT ( 'NONE',  ( 1.649999999999999911, 0.000000000000000000, 0.000000000000000000 ) ) ;
#1091 = CARTESIAN_POINT ( 'NONE',  ( 1.123501144850290734, -0.4338173938904747451, 1.238221487578344826 ) ) ;
#1092 = EDGE_LOOP ( 'NONE', ( #1573, #1178, #1595, #878, #655, #619, #461, #1061, #95, #377, #945, #231, #1455 ) ) ;
#1093 = CIRCLE ( 'NONE', #810, 0.06496063000000013021 ) ;
#1094 = EDGE_CURVE ( 'NONE', #1327, #1393, #1060, .T. ) ;
#1095 = CARTESIAN_POINT ( 'NONE',  ( 1.124999999999999778, -1.773253539107495502, -1.468323049500457333 ) ) ;
#1096 = ORIENTED_EDGE ( 'NONE', *, *, #15, .T. ) ;
#1097 = CARTESIAN_POINT ( 'NONE',  ( 0.4216152602188830145, 1.840091900590075324, -1.377541517733704479 ) ) ;
#1098 = CARTESIAN_POINT ( 'NONE',  ( 1.124999999999999778, -1.826605476364405067, -1.328476582126661532 ) ) ;
#1099 = CARTESIAN_POINT ( 'NONE',  ( 1.261864536868799069, 1.904396748372803483, -1.467076578865540215 ) ) ;
#1100 = CARTESIAN_POINT ( 'NONE',  ( 0.5264988551497098435, -1.172362789638883740, -0.5476276610517540888 ) ) ;
#1101 = ORIENTED_EDGE ( 'NONE', *, *, #1364, .F. ) ;
#1102 = LINE ( 'NONE', #1599, #1295 ) ;
#1103 = VECTOR ( 'NONE', #318, 39.37007874015748854 ) ;
#1104 = CARTESIAN_POINT ( 'NONE',  ( 0.4808442953466382508, 1.824759863263290427, -1.339108076144725601 ) ) ;
#1105 = DIRECTION ( 'NONE',  ( 0.000000000000000000, -0.7660444431189760151, -0.6427876096865420275 ) ) ;
#1106 = CC_DESIGN_APPROVAL ( #965, ( #1390 ) ) ;
#1107 = CIRCLE ( 'NONE', #1133, 0.06496063000000013021 ) ;
#1108 = CARTESIAN_POINT ( 'NONE',  ( 1.124999999999999778, -1.815009427188927660, -1.518085779133465207 ) ) ;
#1109 = CARTESIAN_POINT ( 'NONE',  ( 0.5264988551497098435, 0.8140680543508561628, 1.028923314161664715 ) ) ;
#1110 = ORIENTED_EDGE ( 'NONE', *, *, #1094, .F. ) ;
#1111 = APPLICATION_PROTOCOL_DEFINITION ( 'international standard', 'config_control_design', 1994, #942 ) ;
#1112 = CARTESIAN_POINT ( 'NONE',  ( 0.6816573402873643550, 1.124910959972201141, -0.4586889216387259327 ) ) ;
#1113 = EDGE_CURVE ( 'NONE', #1227, #84, #1093, .T. ) ;
#1114 = CARTESIAN_POINT ( 'NONE',  ( 0.5159331531562301176, 1.825396909815984126, -1.329490689871699161 ) ) ;
#1115 = CARTESIAN_POINT ( 'NONE',  ( 1.228293421883753567, 1.957855508830877778, -1.517853129470617013 ) ) ;
#1116 = CARTESIAN_POINT ( 'NONE',  ( 1.365923996832131609E-16, 0.9197556022929531672, -0.4233604438375854762 ) ) ;
#1117 = CIRCLE ( 'NONE', #1403, 0.2500000000000001110 ) ;
#1118 = ORIENTED_EDGE ( 'NONE', *, *, #1511, .F. ) ;
#1119 = PERSON_AND_ORGANIZATION ( #1166, #157 ) ;
#1120 = CARTESIAN_POINT ( 'NONE',  ( 1.650000000000000355, 0.9241444872122047682, -0.4136923979369749316 ) ) ;
#1121 = CARTESIAN_POINT ( 'NONE',  ( 0.000000000000000000, -1.713753616190544005, -1.864130950663223540 ) ) ;
#1122 = EDGE_CURVE ( 'NONE', #1486, #1203, #1596, .T. ) ;
#1123 = CARTESIAN_POINT ( 'NONE',  ( 1.134064344815648662, 1.825397243324152985, -1.329490410025117475 ) ) ;
#1124 = CC_DESIGN_DATE_AND_TIME_ASSIGNMENT ( #489, #267, ( #401 ) ) ;
#1125 = CARTESIAN_POINT ( 'NONE',  ( 1.365923996832131609E-16, 0.8920195039539550175, -0.4820883346413414872 ) ) ;
#1126 = VERTEX_POINT ( 'NONE', #338 ) ;
#1127 = APPROVAL_ROLE ( '' ) ;
#1128 = FACE_OUTER_BOUND ( 'NONE', #1074, .T. ) ;
#1129 = FACE_BOUND ( 'NONE', #443, .T. ) ;
#1130 = LINE ( 'NONE', #169, #1001 ) ;
#1131 = CARTESIAN_POINT ( 'NONE',  ( 1.365923996832131609E-16, -0.7645905429338768489, 0.6851247872490472401 ) ) ;
#1132 = ADVANCED_FACE ( 'NONE', ( #705, #821 ), #1169, .F. ) ;
#1133 = AXIS2_PLACEMENT_3D ( 'NONE', #28, #403, #882 ) ;
#1134 = ORIENTED_EDGE ( 'NONE', *, *, #723, .F. ) ;
#1135 = DIRECTION ( 'NONE',  ( 0.000000000000000000, 0.7660444431189756820, 0.6427876096865421385 ) ) ;
#1136 = FACE_OUTER_BOUND ( 'NONE', #1148, .T. ) ;
#1137 = FACE_OUTER_BOUND ( 'NONE', #607, .T. ) ;
#1138 = CARTESIAN_POINT ( 'NONE',  ( 0.6627851787455534271, -1.923293249130025862, -1.415123399142383276 ) ) ;
#1139 = CARTESIAN_POINT ( 'NONE',  ( 1.142846830381547774, -1.824727153888285214, -1.331181067323050859 ) ) ;
#1140 = ORIENTED_EDGE ( 'NONE', *, *, #861, .T. ) ;
#1141 = CARTESIAN_POINT ( 'NONE',  ( 0.5250000000000000222, 0.6314350073415542219, -3.570896401843725698 ) ) ;
#1142 = ADVANCED_FACE ( 'NONE', ( #1432 ), #1549, .F. ) ;
#1143 = CARTESIAN_POINT ( 'NONE',  ( 1.650000000000000355, -0.9755464645303764115, -0.2743500777747165387 ) ) ;
#1144 = FACE_OUTER_BOUND ( 'NONE', #1370, .T. ) ;
#1145 = EDGE_CURVE ( 'NONE', #370, #1196, #889, .T. ) ;
#1146 = DIRECTION ( 'NONE',  ( -1.000000000000000000, -0.000000000000000000, -0.000000000000000000 ) ) ;
#1147 = CARTESIAN_POINT ( 'NONE',  ( 1.228293421883754011, -1.840043504144623032, -1.377450249635048252 ) ) ;
#1148 = EDGE_LOOP ( 'NONE', ( #951, #746, #513, #661 ) ) ;
#1149 = CARTESIAN_POINT ( 'NONE',  ( 1.124999999999999778, -1.626951982334666758, -1.760684791672436411 ) ) ;
#1150 = CARTESIAN_POINT ( 'NONE',  ( 1.650000000000000355, -0.9036360330539945362, -0.4575326182080529103 ) ) ;
#1151 = LINE ( 'NONE', #43, #699 ) ;
#1152 = CARTESIAN_POINT ( 'NONE',  ( 0.6342834882876731140, -1.872781059647327107, -1.359408040582865684 ) ) ;
#1153 = CARTESIAN_POINT ( 'NONE',  ( 1.193589332254317181, -1.827925232774334496, -1.350792718403607040 ) ) ;
#1154 = ORIENTED_EDGE ( 'NONE', *, *, #148, .F. ) ;
#1155 = SHAPE_DEFINITION_REPRESENTATION ( #895, #1382 ) ;
#1156 = CARTESIAN_POINT ( 'NONE',  ( 0.8250000000000007327, 0.7230034924750503578, -2.695469014061749213 ) ) ;
#1157 = CARTESIAN_POINT ( 'NONE',  ( 1.123501144850290734, -1.291116361778669841, -0.1381463661331358006 ) ) ;
#1158 = ADVANCED_FACE ( 'NONE', ( #815, #1326 ), #459, .F. ) ;
#1159 = CARTESIAN_POINT ( 'NONE',  ( 0.5250000000000000222, -1.773253539107495502, -1.468323049500457333 ) ) ;
#1160 = CARTESIAN_POINT ( 'NONE',  ( 0.4013944508250543719, -1.934735215706207878, -1.497996390931202848 ) ) ;
#1161 = CARTESIAN_POINT ( 'NONE',  ( 1.169152597449807818, -1.824762382033537467, -1.339110580527952177 ) ) ;
#1162 = CARTESIAN_POINT ( 'NONE',  ( 1.649999999999999911, 0.6949352548373731731, -0.6499505083196445154 ) ) ;
#1163 = CARTESIAN_POINT ( 'NONE',  ( 0.5264988551497098435, 1.134815107250255251, -0.6269983460679260379 ) ) ;
#1164 = VECTOR ( 'NONE', #693, 39.37007874015748854 ) ;
#1165 = FACE_OUTER_BOUND ( 'NONE', #14, .T. ) ;
#1166 = PERSON ( 'UNSPECIFIED', 'UNSPECIFIED', 'UNSPECIFIED', ('UNSPECIFIED'), ('UNSPECIFIED'), ('UNSPECIFIED') ) ;
#1167 = CIRCLE ( 'NONE', #937, 0.06496063000000013021 ) ;
#1168 = DIRECTION ( 'NONE',  ( 0.000000000000000000, -0.6427876096865440259, -0.7660444431189741277 ) ) ;
#1169 = PLANE ( 'NONE',  #483 ) ;
#1170 = VERTEX_POINT ( 'NONE', #207 ) ;
#1171 = EDGE_CURVE ( 'NONE', #1467, #768, #90, .T. ) ;
#1172 = VERTEX_POINT ( 'NONE', #1563 ) ;
#1173 = CYLINDRICAL_SURFACE ( 'NONE', #376, 0.06496063000000013021 ) ;
#1174 = CARTESIAN_POINT ( 'NONE',  ( 0.5264988551497098435, 1.140623371800300490, -0.6147204878512882997 ) ) ;
#1175 = CARTESIAN_POINT ( 'NONE',  ( 0.5249999999999999112, 1.903582522632280227, -1.623643083835268230 ) ) ;
#1176 = CYLINDRICAL_SURFACE ( 'NONE', #1263, 0.1377952749999997450 ) ;
#1177 = CARTESIAN_POINT ( 'NONE',  ( 1.134064344815648662, -2.002543434210851903, -1.540605019428716638 ) ) ;
#1178 = ORIENTED_EDGE ( 'NONE', *, *, #260, .T. ) ;
#1179 = EDGE_CURVE ( 'NONE', #62, #768, #221, .T. ) ;
#1180 = AXIS2_PLACEMENT_3D ( 'NONE', #51, #65, #1436 ) ;
#1181 = CARTESIAN_POINT ( 'NONE',  ( 1.041360955496536400, 1.854123725058838934, -1.341831082398958541 ) ) ;
#1182 = APPROVAL_PERSON_ORGANIZATION ( #755, #91, #1127 ) ;
#1183 = VECTOR ( 'NONE', #1379, 39.37007874015748854 ) ;
#1184 = DIRECTION ( 'NONE',  ( 0.000000000000000000, -0.6427876096865423605, 0.7660444431189755710 ) ) ;
#1185 = DIRECTION ( 'NONE',  ( 0.000000000000000000, 0.000000000000000000, 1.000000000000000000 ) ) ;
#1186 = CARTESIAN_POINT ( 'NONE',  ( 1.193763284457128426, -1.981910911591268531, -1.534364074221275853 ) ) ;
#1187 = ORIENTED_EDGE ( 'NONE', *, *, #1293, .F. ) ;
#1188 = EDGE_LOOP ( 'NONE', ( #1118, #991, #61, #1565, #110, #1477, #1020, #173, #1252, #1578, #312, #223, #999 ) ) ;
#1189 = DIRECTION ( 'NONE',  ( 0.000000000000000000, 0.000000000000000000, 1.000000000000000000 ) ) ;
#1190 = EDGE_CURVE ( 'NONE', #1347, #1298, #430, .T. ) ;
#1191 = DIRECTION ( 'NONE',  ( 1.000000000000000000, 0.000000000000000000, 0.000000000000000000 ) ) ;
#1192 = CIRCLE ( 'NONE', #216, 0.06496062999999990817 ) ;
#1193 = CARTESIAN_POINT ( 'NONE',  ( 0.4562587383857417689, -1.827960111192236337, -1.350885768576722601 ) ) ;
#1194 = DIRECTION ( 'NONE',  ( 0.000000000000000000, 0.7660444431189743497, -0.6427876096865436928 ) ) ;
#1195 = CARTESIAN_POINT ( 'NONE',  ( 1.649999999999999911, 0.6949352548373731731, -0.6499505083196445154 ) ) ;
#1196 = VERTEX_POINT ( 'NONE', #361 ) ;
#1197 = CARTESIAN_POINT ( 'NONE',  ( 1.125000000000000000, 1.826605476364407510, -1.328476582126663974 ) ) ;
#1198 = EDGE_LOOP ( 'NONE', ( #871, #460 ) ) ;
#1199 = CARTESIAN_POINT ( 'NONE',  ( 1.649999999999999911, -0.6949352548373718408, -0.6499505083196484012 ) ) ;
#1200 = ORIENTED_EDGE ( 'NONE', *, *, #528, .T. ) ;
#1201 = FACE_OUTER_BOUND ( 'NONE', #599, .T. ) ;
#1202 = CARTESIAN_POINT ( 'NONE',  ( 0.03095694630915958590, -0.9073373727510682940, -0.4884060018820418070 ) ) ;
#1203 = VERTEX_POINT ( 'NONE', #1572 ) ;
#1204 = ORIENTED_EDGE ( 'NONE', *, *, #1511, .T. ) ;
#1205 = CARTESIAN_POINT ( 'NONE',  ( 1.649999999999999911, -0.9152525621540318346, -0.4329769017747706061 ) ) ;
#1206 = CARTESIAN_POINT ( 'NONE',  ( 0.5264988551497098435, 1.166523799981665110, -0.5599707716407013036 ) ) ;
#1207 = ORIENTED_EDGE ( 'NONE', *, *, #559, .F. ) ;
#1208 = CARTESIAN_POINT ( 'NONE',  ( 0.9942818688304283503, 1.957359941764000411, -1.456763058964013258 ) ) ;
#1209 = AXIS2_PLACEMENT_3D ( 'NONE', #484, #721, #1479 ) ;
#1210 = CYLINDRICAL_SURFACE ( 'NONE', #604, 0.1377952749999998006 ) ;
#1211 = ORIENTED_EDGE ( 'NONE', *, *, #1353, .F. ) ;
#1212 = VERTEX_POINT ( 'NONE', #477 ) ;
#1213 = CARTESIAN_POINT ( 'NONE',  ( 0.6286021411897834144, 1.867878573819716781, -1.354542163682195488 ) ) ;
#1214 = CARTESIAN_POINT ( 'NONE',  ( 1.005594779920925719, -1.972463044281855593, -1.476524313155736845 ) ) ;
#1215 = ORIENTED_EDGE ( 'NONE', *, *, #500, .F. ) ;
#1216 = FACE_OUTER_BOUND ( 'NONE', #340, .T. ) ;
#1217 = CARTESIAN_POINT ( 'NONE',  ( 1.123501144850290734, 1.191904024826216490, -0.5038251584992988752 ) ) ;
#1218 = ORIENTED_EDGE ( 'NONE', *, *, #953, .F. ) ;
#1219 = COORDINATED_UNIVERSAL_TIME_OFFSET ( 8, 0, .BEHIND. ) ;
#1220 = CIRCLE ( 'NONE', #323, 0.06496063000000029675 ) ;
#1221 = PLANE ( 'NONE',  #654 ) ;
#1222 = CARTESIAN_POINT ( 'NONE',  ( 0.3871983834719864292, 1.898168394204409859, -1.460031750485109914 ) ) ;
#1223 = CARTESIAN_POINT ( 'NONE',  ( 0.9943354449055700206, -1.957450043327971789, -1.456878582907577213 ) ) ;
#1224 = DIRECTION ( 'NONE',  ( 0.000000000000000000, -0.6427876096865442479, -0.7660444431189739056 ) ) ;
#1225 = CARTESIAN_POINT ( 'NONE',  ( 0.5264988551497098435, 1.260334769007222633, -0.2979780575966441414 ) ) ;
#1226 = EDGE_CURVE ( 'NONE', #1236, #102, #838, .T. ) ;
#1227 = VERTEX_POINT ( 'NONE', #722 ) ;
#1228 = COORDINATED_UNIVERSAL_TIME_OFFSET ( 8, 0, .BEHIND. ) ;
#1229 = CIRCLE ( 'NONE', #533, 0.1377952750000003834 ) ;
#1230 = CLOSED_SHELL ( 'NONE', ( #100, #270, #1409, #419, #1576, #952, #594, #807, #620, #455, #1302, #544, #1072, #887, #33, #1005, #734, #278, #269, #782, #1063, #1142, #1434, #896, #1132, #297, #292, #1550, #1481, #1417, #1344, #161, #1158 ) ) ;
#1231 = CARTESIAN_POINT ( 'NONE',  ( 1.124999999999999778, 1.856765315270362704, -1.567848508766473303 ) ) ;
#1232 = CARTESIAN_POINT ( 'NONE',  ( 0.5249999999999999112, 1.726436331745580643, -1.412528474431665071 ) ) ;
#1233 = CARTESIAN_POINT ( 'NONE',  ( 0.9881039533508065853, -1.917529723634763483, -1.408382405815419514 ) ) ;
#1234 = CARTESIAN_POINT ( 'NONE',  ( 1.649999999999999911, 0.6675707197857303488, -0.3684502464170188452 ) ) ;
#1235 = CARTESIAN_POINT ( 'NONE',  ( 0.5264988551497098435, 1.291116361778572807, -0.1381463661323463210 ) ) ;
#1236 = VERTEX_POINT ( 'NONE', #616 ) ;
#1237 = EDGE_CURVE ( 'NONE', #1203, #1486, #153, .T. ) ;
#1238 = APPROVAL_DATE_TIME ( #1004, #965 ) ;
#1239 = DIRECTION ( 'NONE',  ( 0.000000000000000000, -0.7660444431189743497, 0.6427876096865436928 ) ) ;
#1240 = CARTESIAN_POINT ( 'NONE',  ( 0.000000000000000000, 0.8878426458844099756, -0.4909176279228359974 ) ) ;
#1241 = CARTESIAN_POINT ( 'NONE',  ( 0.000000000000000000, 1.713753616190544005, -1.864130950663223540 ) ) ;
#1242 = CARTESIAN_POINT ( 'NONE',  ( 1.365923996832131609E-16, 0.9007319007789966747, -0.4636715473163667833 ) ) ;
#1243 = EDGE_LOOP ( 'NONE', ( #505, #1363, #935, #634 ) ) ;
#1244 = CARTESIAN_POINT ( 'NONE',  ( 1.041288547341400195, 1.995348936650129135, -1.510122838833956704 ) ) ;
#1245 = CARTESIAN_POINT ( 'NONE',  ( 1.650000000000000355, 0.9263007994815588564, -0.4088413594126303341 ) ) ;
#1246 = EDGE_CURVE ( 'NONE', #84, #1227, #1167, .T. ) ;
#1247 = CC_DESIGN_PERSON_AND_ORGANIZATION_ASSIGNMENT ( #621, #1357, ( #281 ) ) ;
#1248 = CARTESIAN_POINT ( 'NONE',  ( 0.6557358812168132545, 1.900151284369406390, -1.388581730199554665 ) ) ;
#1249 = CARTESIAN_POINT ( 'NONE',  ( 1.248536824568107217, 1.934839896540835102, -1.498094406239179666 ) ) ;
#1250 = CARTESIAN_POINT ( 'NONE',  ( 0.5264988551497098435, 1.221421306645368077, -0.4279683572170419059 ) ) ;
#1251 = AXIS2_PLACEMENT_3D ( 'NONE', #1579, #481, #462 ) ;
#1252 = ORIENTED_EDGE ( 'NONE', *, *, #381, .F. ) ;
#1253 = CARTESIAN_POINT ( 'NONE',  ( 1.650000000000000355, 0.9485185708363521595, -0.3548513953548060873 ) ) ;
#1254 = LINE ( 'NONE', #666, #1183 ) ;
#1255 = CARTESIAN_POINT ( 'NONE',  ( 0.3872175099950289634, -1.904132041294314348, -1.467131259939086441 ) ) ;
#1256 = CC_DESIGN_DATE_AND_TIME_ASSIGNMENT ( #151, #1401, ( #628 ) ) ;
#1257 = CARTESIAN_POINT ( 'NONE',  ( 0.5264988551497098435, -1.183784002895806431, -0.5224867141058479048 ) ) ;
#1258 = EDGE_LOOP ( 'NONE', ( #1484, #364, #716, #1101 ) ) ;
#1259 = PERSON_AND_ORGANIZATION ( #1166, #157 ) ;
#1260 = DIRECTION ( 'NONE',  ( -1.000000000000000000, -0.000000000000000000, -0.000000000000000000 ) ) ;
#1261 = DIRECTION ( 'NONE',  ( 0.000000000000000000, 0.7660444431189756820, 0.6427876096865421385 ) ) ;
#1262 = VECTOR ( 'NONE', #947, 39.37007874015748854 ) ;
#1263 = AXIS2_PLACEMENT_3D ( 'NONE', #814, #704, #1168 ) ;
#1264 = CARTESIAN_POINT ( 'NONE',  ( 0.4414486123587314514, -1.973110068217289514, -1.528939518752306492 ) ) ;
#1265 = CARTESIAN_POINT ( 'NONE',  ( 1.649999999999999911, -0.6949352548373718408, -0.6499505083196484012 ) ) ;
#1266 = LOCAL_TIME ( 20, 48, 20.00000000000000000, #1228 ) ;
#1267 = EDGE_CURVE ( 'NONE', #760, #116, #334, .T. ) ;
#1268 = AXIS2_PLACEMENT_3D ( 'NONE', #299, #912, #530 ) ;
#1269 = VERTEX_POINT ( 'NONE', #1384 ) ;
#1270 = APPROVAL_STATUS ( 'not_yet_approved' ) ;
#1271 = DIRECTION ( 'NONE',  ( 0.000000000000000000, -0.6427876096865435818, 0.7660444431189744607 ) ) ;
#1272 = EDGE_CURVE ( 'NONE', #385, #825, #1229, .T. ) ;
#1273 = CARTESIAN_POINT ( 'NONE',  ( 1.650000000000000355, 1.010287447045475240, -0.1080983431782137627 ) ) ;
#1274 = CARTESIAN_POINT ( 'NONE',  ( 0.5250000000000000222, 0.6731908954229863795, -3.521133672210717602 ) ) ;
#1275 = CARTESIAN_POINT ( 'NONE',  ( 0.6284331060056821405, -1.867742170528748469, -1.354409339923342337 ) ) ;
#1276 = CARTESIAN_POINT ( 'NONE',  ( 1.365923996832131609E-16, -0.9367370882695109646, -0.3844379832453426737 ) ) ;
#1277 = FACE_OUTER_BOUND ( 'NONE', #724, .T. ) ;
#1278 = CARTESIAN_POINT ( 'NONE',  ( 1.650000000000000355, 0.9326546467945380225, -0.3942388526751214872 ) ) ;
#1279 = FACE_BOUND ( 'NONE', #956, .T. ) ;
#1280 = CARTESIAN_POINT ( 'NONE',  ( 0.5609879165796020084, -2.006010482273454354, -1.533015564689703236 ) ) ;
#1281 = CARTESIAN_POINT ( 'NONE',  ( 1.365923996832131609E-16, -1.015799857133087958, -0.02272676055832547823 ) ) ;
#1282 = ORIENTED_EDGE ( 'NONE', *, *, #1122, .T. ) ;
#1283 = CYLINDRICAL_SURFACE ( 'NONE', #1038, 0.06496062999999994980 ) ;
#1284 = EDGE_CURVE ( 'NONE', #831, #1236, #428, .T. ) ;
#1285 = CARTESIAN_POINT ( 'NONE',  ( 1.123501144850290734, 1.175419441694963707, -0.5410416585565881453 ) ) ;
#1286 = LINE ( 'NONE', #522, #903 ) ;
#1287 = CARTESIAN_POINT ( 'NONE',  ( 0.3916969055540858724, -1.870097567345841316, -1.424778248002730008 ) ) ;
#1288 = CARTESIAN_POINT ( 'NONE',  ( 1.365923996832131609E-16, -0.9557516659133371562, -0.3348815581840894340 ) ) ;
#1289 = DIRECTION ( 'NONE',  ( 0.000000000000000000, -0.7660444431189757930, -0.6427876096865422495 ) ) ;
#1290 = ORIENTED_EDGE ( 'NONE', *, *, #940, .T. ) ;
#1291 = CARTESIAN_POINT ( 'NONE',  ( 1.123501144850290734, -1.140623371800369767, -0.6147204878513318205 ) ) ;
#1292 = DIRECTION ( 'NONE',  ( 0.000000000000000000, -0.6427876096865426936, 0.7660444431189751269 ) ) ;
#1293 = EDGE_CURVE ( 'NONE', #47, #1467, #164, .T. ) ;
#1294 = EDGE_CURVE ( 'NONE', #303, #435, #670, .T. ) ;
#1295 = VECTOR ( 'NONE', #499, 39.37007874015748854 ) ;
#1296 = CARTESIAN_POINT ( 'NONE',  ( 1.649999999999999911, -0.8766598207887217331, -0.4775904559396975668 ) ) ;
#1297 = CARTESIAN_POINT ( 'NONE',  ( 1.255553573049139171, -1.864891862696004265, -1.417480442476706237 ) ) ;
#1298 = VERTEX_POINT ( 'NONE', #1043 ) ;
#1299 = LINE ( 'NONE', #930, #424 ) ;
#1300 = CARTESIAN_POINT ( 'NONE',  ( 1.123501144850290734, -1.158048165450315414, -0.5778869132013662036 ) ) ;
#1301 = CARTESIAN_POINT ( 'NONE',  ( 1.649999999999999911, -0.6949352548373718408, -0.6499505083196484012 ) ) ;
#1302 = ADVANCED_FACE ( 'NONE', ( #444, #420, #295 ), #902, .T. ) ;
#1303 = AXIS2_PLACEMENT_3D ( 'NONE', #1509, #678, #542 ) ;
#1304 = DIRECTION ( 'NONE',  ( 0.000000000000000000, 0.7660444431189756820, 0.6427876096865421385 ) ) ;
#1305 = CARTESIAN_POINT ( 'NONE',  ( 0.5249999999999999112, -0.6314350073415618825, -3.570896401843726586 ) ) ;
#1306 = DIRECTION ( 'NONE',  ( 0.000000000000000000, -0.7660444431189745718, 0.6427876096865434707 ) ) ;
#1307 = CARTESIAN_POINT ( 'NONE',  ( 0.5249999999999998002, -2.003751667251104873, -1.539591191530263581 ) ) ;
#1308 = CARTESIAN_POINT ( 'NONE',  ( 0.5264988551497098435, 1.155144033175317775, -0.5840258423096794660 ) ) ;
#1309 = DIRECTION ( 'NONE',  ( 1.000000000000000000, 0.000000000000000000, 0.000000000000000000 ) ) ;
#1310 = B_SPLINE_CURVE_WITH_KNOTS ( 'NONE', 3,
 ( #1367, #1114, #615, #732, #1104, #837, #122, #1487, #1462, #1097, #1453, #360, #98, #8, #1332, #1222, #130, #367, #509, #228, #859, #238, #867, #379, #1351, #395, #501, #248, #388, #993, #987, #875 ),
 .UNSPECIFIED., .F., .F.,
 ( 4, 2, 2, 2, 2, 2, 2, 2, 2, 2, 2, 2, 2, 2, 2, 4 ),
 ( 1.734723475976807094E-18, 0.0006912712674339939250, 0.001382542534867986115, 0.002073813802301978197, 0.002765085069735970496, 0.003456356337169962361, 0.004147627604603954660, 0.005530170139471949665, 0.006221441406905953674, 0.006912712674339958549, 0.007603983941773962557, 0.008295255209207968300, 0.008986526476641972308, 0.009677797744075976316, 0.01036906901150998032, 0.01106034027894398433 ),
 .UNSPECIFIED. ) ;
#1311 = FACE_OUTER_BOUND ( 'NONE', #963, .T. ) ;
#1312 = CARTESIAN_POINT ( 'NONE',  ( 1.649999999999999911, -0.8878426458844456137, -0.4909176279228788520 ) ) ;
#1313 = EDGE_LOOP ( 'NONE', ( #1110, #142 ) ) ;
#1314 = CIRCLE ( 'NONE', #1339, 0.1377952750000001336 ) ;
#1315 = EDGE_CURVE ( 'NONE', #928, #984, #49, .T. ) ;
#1316 = EDGE_LOOP ( 'NONE', ( #452, #557 ) ) ;
#1317 = DIRECTION ( 'NONE',  ( 0.000000000000000000, -0.6427876096865440259, 0.7660444431189741277 ) ) ;
#1318 = LINE ( 'NONE', #1175, #694 ) ;
#1319 = CARTESIAN_POINT ( 'NONE',  ( 1.649999999999999911, 0.000000000000000000, 0.000000000000000000 ) ) ;
#1320 = CARTESIAN_POINT ( 'NONE',  ( 1.325758086637262245, -1.046789403670441487, -0.4702818972033764866 ) ) ;
#1321 = FACE_OUTER_BOUND ( 'NONE', #1058, .T. ) ;
#1322 = CARTESIAN_POINT ( 'NONE',  ( 1.064259205246531170, 1.842737293652133346, -1.332932351792533332 ) ) ;
#1323 = CARTESIAN_POINT ( 'NONE',  ( 1.649999999999999911, 0.8878426458844342894, -0.4909176279228642525 ) ) ;
#1324 = AXIS2_PLACEMENT_3D ( 'NONE', #1518, #1532, #1402 ) ;
#1325 = CARTESIAN_POINT ( 'NONE',  ( 0.4413693102295682680, -1.831800078636975915, -1.360560635207447744 ) ) ;
#1326 = FACE_OUTER_BOUND ( 'NONE', #1313, .T. ) ;
#1327 = VERTEX_POINT ( 'NONE', #55 ) ;
#1328 = DIRECTION ( 'NONE',  ( 0.000000000000000000, -0.6427876096865434707, -0.7660444431189745718 ) ) ;
#1329 = VERTEX_POINT ( 'NONE', #1149 ) ;
#1330 = CARTESIAN_POINT ( 'NONE',  ( 0.9872005508048280475, 1.935016818008133077, -1.429092937809224306 ) ) ;
#1331 = CARTESIAN_POINT ( 'NONE',  ( 0.3267461708089733907, 1.047652591579492753, -0.4701611554495558343 ) ) ;
#1332 = CARTESIAN_POINT ( 'NONE',  ( 0.3872175099950282973, 1.880665812270876147, -1.439165297195766025 ) ) ;
#1333 = CARTESIAN_POINT ( 'NONE',  ( 1.649999999999999911, 0.8804029748539339284, -0.5066440510746132997 ) ) ;
#1334 = ORIENTED_EDGE ( 'NONE', *, *, #241, .F. ) ;
#1335 = CYLINDRICAL_SURFACE ( 'NONE', #58, 0.1377952750000001336 ) ;
#1336 = CARTESIAN_POINT ( 'NONE',  ( 1.123501144850290734, 0.4338173938904743010, 1.238221487575108526 ) ) ;
#1337 = ORIENTED_EDGE ( 'NONE', *, *, #415, .T. ) ;
#1338 = CARTESIAN_POINT ( 'NONE',  ( 1.034298548430431897, 1.992346735398550006, -1.505219249778400714 ) ) ;
#1339 = AXIS2_PLACEMENT_3D ( 'NONE', #1039, #798, #212 ) ;
#1340 = VECTOR ( 'NONE', #206, 39.37007874015748854 ) ;
#1341 = LINE ( 'NONE', #394, #189 ) ;
#1342 = CARTESIAN_POINT ( 'NONE',  ( 0.5938263152247180710, 1.846335614395116842, -1.335520384712837849 ) ) ;
#1343 = CARTESIAN_POINT ( 'NONE',  ( 1.064294410211906294, -1.842722591254633668, -1.332922398185525159 ) ) ;
#1344 = ADVANCED_FACE ( 'NONE', ( #916, #412 ), #40, .F. ) ;
#1345 = CARTESIAN_POINT ( 'NONE',  ( 1.169152597449807596, 1.992959173208173507, -1.539559710673140236 ) ) ;
#1346 = CARTESIAN_POINT ( 'NONE',  ( 0.5264988551497098435, -0.2170232073832509267, 1.293943936573130449 ) ) ;
#1347 = VERTEX_POINT ( 'NONE', #172 ) ;
#1348 = CALENDAR_DATE ( 2026, 27, 4 ) ;
#1349 = VECTOR ( 'NONE', #529, 39.37007874015748854 ) ;
#1350 = CARTESIAN_POINT ( 'NONE',  ( 1.221521579759756948, 1.077666516759957061, -0.4658448249770244520 ) ) ;
#1351 = CARTESIAN_POINT ( 'NONE',  ( 0.4413693102295678794, 1.973057076247430652, -1.528904169588775952 ) ) ;
#1352 = CARTESIAN_POINT ( 'NONE',  ( 0.9880921810708821473, -1.940813100142885439, -1.436128718043584884 ) ) ;
#1353 = EDGE_CURVE ( 'NONE', #480, #1560, #560, .T. ) ;
#1354 = DIRECTION ( 'NONE',  ( 0.000000000000000000, -0.7660444431189744607, 0.6427876096865438038 ) ) ;
#1355 = CARTESIAN_POINT ( 'NONE',  ( 1.365923996832131609E-16, 0.6370012500023564117, 0.8051236426424694947 ) ) ;
#1356 = EDGE_LOOP ( 'NONE', ( #330, #921, #468, #864 ) ) ;
#1357 = PERSON_AND_ORGANIZATION_ROLE ( 'design_owner' ) ;
#1358 = CARTESIAN_POINT ( 'NONE',  ( 1.393242768186989888, 1.021358652097503317, -0.4737159735288091200 ) ) ;
#1359 = CARTESIAN_POINT ( 'NONE',  ( 0.6344522491377238005, 1.872937913075506167, -1.359566337278722781 ) ) ;
#1360 = CARTESIAN_POINT ( 'NONE',  ( 1.080909960501633460, -2.004744101730014272, -1.529706598653309380 ) ) ;
#1361 = CARTESIAN_POINT ( 'NONE',  ( 0.5249999999999999112, 2.003751667251106650, -1.539591191530266467 ) ) ;
#1362 = CARTESIAN_POINT ( 'NONE',  ( 0.5264988551497098435, -1.181028301971139172, -0.5286861925105998949 ) ) ;
#1363 = ORIENTED_EDGE ( 'NONE', *, *, #559, .T. ) ;
#1364 = EDGE_CURVE ( 'NONE', #984, #93, #7, .T. ) ;
#1365 = CARTESIAN_POINT ( 'NONE',  ( 1.650000000000000355, 0.7645905429320779545, 0.6851247872488210877 ) ) ;
#1366 = B_SPLINE_CURVE_WITH_KNOTS ( 'NONE', 3,
 ( #1197, #1543, #453, #1443, #349, #1322, #811, #1181, #217, #708, #73, #579, #1062, #85, #591, #1076, #1450, #1330, #226, #717, #1208, #96, #506, #117, #107, #1338, #1244, #641, #514, #134, #973, #747, #997, #261 ),
 .UNSPECIFIED., .F., .F.,
 ( 4, 2, 2, 2, 2, 2, 2, 2, 2, 2, 2, 2, 2, 2, 2, 2, 4 ),
 ( 0.000000000000000000, 0.0006872641155518478600, 0.001374528231103695720, 0.002061792346655543472, 0.002749056462207391440, 0.003436320577759239409, 0.004123584693311086943, 0.004810848808862935345, 0.005498112924414782880, 0.006185377039966630415, 0.006872641155518478817, 0.007559905271070326352, 0.008247169386622173887, 0.008934433502174021421, 0.009621697617725870691, 0.01030896173327771823, 0.01099622584882956576 ),
 .UNSPECIFIED. ) ;
#1367 = CARTESIAN_POINT ( 'NONE',  ( 0.5249999999999998002, 1.826605476364406844, -1.328476582126663752 ) ) ;
#1368 = CARTESIAN_POINT ( 'NONE',  ( 1.255661369095923297, 1.865067827876107032, -1.417732733512017562 ) ) ;
#1369 = CARTESIAN_POINT ( 'NONE',  ( 1.365923996832131609E-16, 0.1698187929665634088, 1.012500000000323030 ) ) ;
#1370 = EDGE_LOOP ( 'NONE', ( #745, #1140, #1574, #713 ) ) ;
#1371 = COORDINATED_UNIVERSAL_TIME_OFFSET ( 8, 0, .BEHIND. ) ;
#1372 = CARTESIAN_POINT ( 'NONE',  ( 1.650000000000000355, -0.9462837148927780717, 0.3981730821784182917 ) ) ;
#1373 = PLANE ( 'NONE',  #1472 ) ;
#1374 = CARTESIAN_POINT ( 'NONE',  ( 0.6583904615623921153, -1.951894711668957560, -1.449853087375874150 ) ) ;
#1375 = CARTESIAN_POINT ( 'NONE',  ( 1.365923996832131609E-16, 0.9462837148945767440, 0.3981730821786449992 ) ) ;
#1376 = VECTOR ( 'NONE', #551, 39.37007874015748854 ) ;
#1377 = DIRECTION ( 'NONE',  ( -1.000000000000000000, -0.000000000000000000, -0.000000000000000000 ) ) ;
#1378 = AXIS2_PLACEMENT_3D ( 'NONE', #467, #1328, #1306 ) ;
#1379 = DIRECTION ( 'NONE',  ( 0.000000000000000000, -0.7660444431189742387, 0.6427876096865436928 ) ) ;
#1380 = DIRECTION ( 'NONE',  ( 0.000000000000000000, 0.7660444431189743497, -0.6427876096865436928 ) ) ;
#1381 = PLANE ( 'NONE',  #1547 ) ;
#1382 = ADVANCED_BREP_SHAPE_REPRESENTATION ( 'Front Armor', ( #201, #1029 ), #697 ) ;
#1383 = ORIENTED_EDGE ( 'NONE', *, *, #446, .F. ) ;
#1384 = CARTESIAN_POINT ( 'NONE',  ( 0.000000000000000000, -0.6675707197857289055, -0.3684502464170218983 ) ) ;
#1385 = CARTESIAN_POINT ( 'NONE',  ( 1.650000000000000355, 0.9557516659134783765, -0.3348815581840283162 ) ) ;
#1386 = DIRECTION ( 'NONE',  ( 0.000000000000000000, -0.6427876096865419164, 0.7660444431189759040 ) ) ;
#1387 = AXIS2_PLACEMENT_3D ( 'NONE', #1055, #939, #1412 ) ;
#1388 = CARTESIAN_POINT ( 'NONE',  ( 0.4343603783650396566, -1.968169877494488240, -1.525560246736959114 ) ) ;
#1389 = CARTESIAN_POINT ( 'NONE',  ( 1.365923996832131609E-16, -0.9326546467945412422, -0.3942388526753112798 ) ) ;
#1390 = PRODUCT_DEFINITION_FORMATION_WITH_SPECIFIED_SOURCE ( 'ANY', '', #281, .NOT_KNOWN. ) ;
#1391 = ORIENTED_EDGE ( 'NONE', *, *, #1561, .T. ) ;
#1392 = CIRCLE ( 'NONE', #1268, 0.7624999999999999556 ) ;
#1393 = VERTEX_POINT ( 'NONE', #1526 ) ;
#1394 = CARTESIAN_POINT ( 'NONE',  ( 1.124999999999999778, -0.5896791192601300580, -3.620659131476734682 ) ) ;
#1395 = CARTESIAN_POINT ( 'NONE',  ( 1.650000000000000355, -0.9176351089305712083, -0.4279404215531546485 ) ) ;
#1396 = CARTESIAN_POINT ( 'NONE',  ( 1.649999999999999911, 0.000000000000000000, 0.000000000000000000 ) ) ;
#1397 = CARTESIAN_POINT ( 'NONE',  ( 0.6487615498175759443, -1.967590452081787511, -1.470028928809978375 ) ) ;
#1398 = CARTESIAN_POINT ( 'NONE',  ( 1.365923996832131609E-16, -0.9036360330539945362, -0.4575326182080529103 ) ) ;
#1399 = ORIENTED_EDGE ( 'NONE', *, *, #994, .F. ) ;
#1400 = ORIENTED_EDGE ( 'NONE', *, *, #325, .T. ) ;
#1401 = DATE_TIME_ROLE ( 'classification_date' ) ;
#1402 = DIRECTION ( 'NONE',  ( 0.000000000000000000, -0.6427876096865449140, -0.7660444431189734615 ) ) ;
#1403 = AXIS2_PLACEMENT_3D ( 'NONE', #1051, #1435, #964 ) ;
#1404 = CARTESIAN_POINT ( 'NONE',  ( 1.650000000000000355, -0.8920195039539575710, -0.4820883346413358250 ) ) ;
#1405 = FACE_BOUND ( 'NONE', #280, .T. ) ;
#1406 = CARTESIAN_POINT ( 'NONE',  ( 1.649999999999999911, -0.6675707197857289055, -0.3684502464170218983 ) ) ;
#1407 = CARTESIAN_POINT ( 'NONE',  ( 1.261864536868799513, -1.880765628517842680, -1.438914106881366228 ) ) ;
#1408 = CARTESIAN_POINT ( 'NONE',  ( 1.124999999999999778, 1.815009427188930324, -1.518085779133465874 ) ) ;
#1409 = ADVANCED_FACE ( 'NONE', ( #1277 ), #796, .F. ) ;
#1410 = CARTESIAN_POINT ( 'NONE',  ( 1.123501144850290734, -1.175419441694877776, -0.5410416585565994696 ) ) ;
#1411 = EDGE_CURVE ( 'NONE', #1329, #1083, #761, .T. ) ;
#1412 = DIRECTION ( 'NONE',  ( 0.000000000000000000, 0.000000000000000000, -1.000000000000000000 ) ) ;
#1413 = CARTESIAN_POINT ( 'NONE',  ( 0.6486591248312305602, 1.967711392274929194, -1.470189191967521403 ) ) ;
#1414 = CARTESIAN_POINT ( 'NONE',  ( 1.365923996832131609E-16, -1.000195856382849469, 0.2315230452008900930 ) ) ;
#1415 = FACE_OUTER_BOUND ( 'NONE', #520, .T. ) ;
#1416 = CARTESIAN_POINT ( 'NONE',  ( 1.123501144850290734, 0.9771232562852166792, 0.8755684585249771112 ) ) ;
#1417 = ADVANCED_FACE ( 'NONE', ( #1415 ), #893, .F. ) ;
#1418 = CARTESIAN_POINT ( 'NONE',  ( 0.5249999999999999112, 1.903582522632280227, -1.623643083835268230 ) ) ;
#1419 = APPROVAL ( #1270, 'UNSPECIFIED' ) ;
#1420 = CIRCLE ( 'NONE', #240, 0.06496063000000029675 ) ;
#1421 = CARTESIAN_POINT ( 'NONE',  ( 0.5249999999999999112, 1.726436331745580643, -1.412528474431665071 ) ) ;
#1422 = DIRECTION ( 'NONE',  ( -0.000000000000000000, 0.7660444431189744607, -0.6427876096865435818 ) ) ;
#1423 = ORIENTED_EDGE ( 'NONE', *, *, #1122, .F. ) ;
#1424 = DIRECTION ( 'NONE',  ( 0.000000000000000000, -0.6427876096865435818, -0.7660444431189744607 ) ) ;
#1425 = ORIENTED_EDGE ( 'NONE', *, *, #118, .F. ) ;
#1426 = CARTESIAN_POINT ( 'NONE',  ( 0.000000000000000000, -0.8766598207887217331, -0.4775904559396975668 ) ) ;
#1427 = CARTESIAN_POINT ( 'NONE',  ( 1.123501144850290734, -1.197121259782284675, -0.4912999480580256262 ) ) ;
#1428 = DIRECTION ( 'NONE',  ( -1.000000000000000000, 0.000000000000000000, -0.000000000000000000 ) ) ;
#1429 = VECTOR ( 'NONE', #1271, 39.37007874015748854 ) ;
#1430 = CARTESIAN_POINT ( 'NONE',  ( 0.4894054914821259206, -1.824400509200817755, -1.336039280177377497 ) ) ;
#1431 = EDGE_CURVE ( 'NONE', #480, #855, #300, .T. ) ;
#1432 = FACE_OUTER_BOUND ( 'NONE', #1437, .T. ) ;
#1433 = EDGE_LOOP ( 'NONE', ( #31, #203, #310, #1096 ) ) ;
#1434 = ADVANCED_FACE ( 'NONE', ( #1021 ), #1283, .F. ) ;
#1435 = DIRECTION ( 'NONE',  ( 1.000000000000000000, 0.000000000000000000, 0.000000000000000000 ) ) ;
#1436 = DIRECTION ( 'NONE',  ( 0.000000000000000000, 0.6427876096865423605, -0.7660444431189755710 ) ) ;
#1437 = EDGE_LOOP ( 'NONE', ( #225, #348, #1089, #1034 ) ) ;
#1438 = ORIENTED_EDGE ( 'NONE', *, *, #1024, .T. ) ;
#1439 = LINE ( 'NONE', #1056, #977 ) ;
#1440 = CARTESIAN_POINT ( 'NONE',  ( 0.8987129394760429157, -1.129845702702711563, -0.4579006502202508933 ) ) ;
#1441 = ORIENTED_EDGE ( 'NONE', *, *, #381, .T. ) ;
#1442 = ORIENTED_EDGE ( 'NONE', *, *, #15, .F. ) ;
#1443 = CARTESIAN_POINT ( 'NONE',  ( 1.089615647808951815, 1.833832295084820041, -1.328055243858456302 ) ) ;
#1444 = CARTESIAN_POINT ( 'NONE',  ( 1.124999999999999778, 1.543440206171805329, -1.661159332406421552 ) ) ;
#1445 = CARTESIAN_POINT ( 'NONE',  ( 0.6087006425535853582, 1.995359347544336970, -1.510136679409892047 ) ) ;
#1446 = CARTESIAN_POINT ( 'NONE',  ( 0.2589666126958979908, -1.022282186420408134, -0.4735969846813763429 ) ) ;
#1447 = EDGE_LOOP ( 'NONE', ( #905, #549, #789, #171 ) ) ;
#1448 = EDGE_CURVE ( 'NONE', #1269, #259, #507, .T. ) ;
#1449 = VERTEX_POINT ( 'NONE', #1552 ) ;
#1450 = CARTESIAN_POINT ( 'NONE',  ( 0.9872089288445272670, 1.923406562869220737, -1.415257587852734256 ) ) ;
#1451 = DIRECTION ( 'NONE',  ( 0.000000000000000000, 0.7660444431189756820, 0.6427876096865421385 ) ) ;
#1452 = AXIS2_PLACEMENT_3D ( 'NONE', #321, #32, #801 ) ;
#1453 = CARTESIAN_POINT ( 'NONE',  ( 0.4158888454759185893, 1.843476046358702325, -1.383707884881152816 ) ) ;
#1454 = CARTESIAN_POINT ( 'NONE',  ( 1.393242768186982117, -1.021358652097507536, -0.4737159735288090645 ) ) ;
#1455 = ORIENTED_EDGE ( 'NONE', *, *, #148, .T. ) ;
#1456 = EDGE_LOOP ( 'NONE', ( #664, #729, #1399, #244 ) ) ;
#1457 = CARTESIAN_POINT ( 'NONE',  ( 1.123501144850290734, 1.246718451974351050, -0.3506109823559260263 ) ) ;
#1458 = ORIENTED_EDGE ( 'NONE', *, *, #674, .T. ) ;
#1459 = FACE_OUTER_BOUND ( 'NONE', #346, .T. ) ;
#1460 = EDGE_CURVE ( 'NONE', #831, #1170, #137, .T. ) ;
#1461 = DIRECTION ( 'NONE',  ( 0.000000000000000000, -0.6427876096865451361, -0.7660444431189731285 ) ) ;
#1462 = CARTESIAN_POINT ( 'NONE',  ( 0.4343603783650393235, 1.834244546629575590, -1.365954252539333780 ) ) ;
#1463 = CARTESIAN_POINT ( 'NONE',  ( 0.9916553136748751385, -1.905856250440721711, -1.394993370594028947 ) ) ;
#1464 = ORIENTED_EDGE ( 'NONE', *, *, #174, .F. ) ;
#1465 = CARTESIAN_POINT ( 'NONE',  ( 1.208792471232507326, 1.831847082332258569, -1.360672713824463420 ) ) ;
#1466 = CARTESIAN_POINT ( 'NONE',  ( 0.5264988551497098435, 1.191904024826217601, -0.5038251584993393983 ) ) ;
#1467 = VERTEX_POINT ( 'NONE', #204 ) ;
#1468 = CIRCLE ( 'NONE', #846, 0.06496062999999972776 ) ;
#1469 = AXIS2_PLACEMENT_3D ( 'NONE', #1319, #588, #67 ) ;
#1470 = CARTESIAN_POINT ( 'NONE',  ( 0.06251084976243062585, 0.9257986209822850476, -0.4860275252754324149 ) ) ;
#1471 = AXIS2_PLACEMENT_3D ( 'NONE', #469, #1558, #946 ) ;
#1472 = AXIS2_PLACEMENT_3D ( 'NONE', #888, #431, #1386 ) ;
#1473 = DIRECTION ( 'NONE',  ( 0.000000000000000000, 0.7660444431189756820, 0.6427876096865421385 ) ) ;
#1474 = CARTESIAN_POINT ( 'NONE',  ( 0.5250000000000000222, -1.815009427188927660, -1.518085779133465207 ) ) ;
#1475 = CARTESIAN_POINT ( 'NONE',  ( 1.160705049638478537, 1.824400371176074120, -1.336072196369853859 ) ) ;
#1476 = CARTESIAN_POINT ( 'NONE',  ( 0.5264988551497098435, -1.209321555717803642, 0.5088529831039398932 ) ) ;
#1477 = ORIENTED_EDGE ( 'NONE', *, *, #80, .F. ) ;
#1478 = DIRECTION ( 'NONE',  ( 0.000000000000000000, -0.6427876096865418054, 0.7660444431189757930 ) ) ;
#1479 = DIRECTION ( 'NONE',  ( 0.000000000000000000, 0.6427876096865426936, -0.7660444431189751269 ) ) ;
#1480 = CARTESIAN_POINT ( 'NONE',  ( 1.001242090231398985, -1.888828754584866987, -1.376164988246550758 ) ) ;
#1481 = ADVANCED_FACE ( 'NONE', ( #79 ), #601, .F. ) ;
#1482 = CARTESIAN_POINT ( 'NONE',  ( 1.143017518378448338, 1.824716797026344706, -1.331217682198000185 ) ) ;
#1483 = CARTESIAN_POINT ( 'NONE',  ( 0.5264988551497098435, -1.221421306645221083, -0.4279683572172822692 ) ) ;
#1484 = ORIENTED_EDGE ( 'NONE', *, *, #1315, .F. ) ;
#1485 = DIRECTION ( 'NONE',  ( -1.000000000000000000, -0.000000000000000000, -0.000000000000000000 ) ) ;
#1486 = VERTEX_POINT ( 'NONE', #686 ) ;
#1487 = CARTESIAN_POINT ( 'NONE',  ( 0.4414486123587311739, 1.831774468465665384, -1.360502309986853620 ) ) ;
#1488 = CARTESIAN_POINT ( 'NONE',  ( 1.261899994729827279, 1.880931054265281732, -1.439125507604152476 ) ) ;
#1489 = CARTESIAN_POINT ( 'NONE',  ( 1.365923996832131609E-16, 1.010287447045475240, -0.1080983431782137627 ) ) ;
#1490 = CARTESIAN_POINT ( 'NONE',  ( 1.650000000000000355, 0.8804029748539337064, -0.5066440510746132997 ) ) ;
#1491 = LINE ( 'NONE', #516, #158 ) ;
#1492 = CARTESIAN_POINT ( 'NONE',  ( 1.244370240193596322, 1.851342461138979267, -1.396971299003150424 ) ) ;
#1493 = CARTESIAN_POINT ( 'NONE',  ( 0.5264988551497098435, -1.134815107250254584, -0.6269983460679271481 ) ) ;
#1494 = ORIENTED_EDGE ( 'NONE', *, *, #74, .F. ) ;
#1495 = AXIS2_PLACEMENT_3D ( 'NONE', #475, #719, #992 ) ;
#1496 = CARTESIAN_POINT ( 'NONE',  ( 1.650000000000000355, -0.9557516659133371562, -0.3348815581840894340 ) ) ;
#1497 = DIRECTION ( 'NONE',  ( 0.000000000000000000, 0.7660444431189756820, 0.6427876096865421385 ) ) ;
#1498 = CARTESIAN_POINT ( 'NONE',  ( 0.6088763034043424005, -1.995287455692740908, -1.510017293828818108 ) ) ;
#1499 = CARTESIAN_POINT ( 'NONE',  ( 1.215724583304246931, -1.968107032449306182, -1.525515680143552766 ) ) ;
#1500 = ORIENTED_EDGE ( 'NONE', *, *, #1460, .T. ) ;
#1501 = CARTESIAN_POINT ( 'NONE',  ( 1.649999999999999911, -1.713753616190544005, -1.864130950663223540 ) ) ;
#1502 = AXIS2_PLACEMENT_3D ( 'NONE', #1474, #1036, #783 ) ;
#1503 = CARTESIAN_POINT ( 'NONE',  ( 1.650000000000000355, 0.9755464645300947479, -0.2743500777748346664 ) ) ;
#1504 = AXIS2_PLACEMENT_3D ( 'NONE', #70, #215, #1424 ) ;
#1505 = DIRECTION ( 'NONE',  ( 0.000000000000000000, -0.6427876096865439148, -0.7660444431189741277 ) ) ;
#1506 = CARTESIAN_POINT ( 'NONE',  ( 0.6444980714175936320, -1.972362709619820631, -1.476389960386265132 ) ) ;
#1507 = CARTESIAN_POINT ( 'NONE',  ( 1.365923996832131609E-16, -0.9862011154822736270, -0.2331652668937493067 ) ) ;
#1508 = APPROVAL_DATE_TIME ( #54, #1419 ) ;
#1509 = CARTESIAN_POINT ( 'NONE',  ( 0.5250000000000000222, -1.815009427188927660, -1.518085779133465207 ) ) ;
#1510 = CARTESIAN_POINT ( 'NONE',  ( 1.650000000000000355, -0.9197556022929008757, -0.4233604438375899170 ) ) ;
#1511 = EDGE_CURVE ( 'NONE', #1298, #817, #938, .T. ) ;
#1512 = ORIENTED_EDGE ( 'NONE', *, *, #709, .T. ) ;
#1513 = DIRECTION ( 'NONE',  ( -1.000000000000000000, -0.000000000000000000, -0.000000000000000000 ) ) ;
#1514 = CARTESIAN_POINT ( 'NONE',  ( 0.4057570244171088691, -1.940759321318909825, -1.503485170546844385 ) ) ;
#1515 = CARTESIAN_POINT ( 'NONE',  ( 0.5249999999999999112, 1.585196094253237042, -1.710922062039429425 ) ) ;
#1516 = LOCAL_TIME ( 20, 48, 20.00000000000000000, #294 ) ;
#1517 = ORIENTED_EDGE ( 'NONE', *, *, #1179, .T. ) ;
#1518 = CARTESIAN_POINT ( 'NONE',  ( 1.124999999999999778, -1.585196094253234822, -1.710922062039428537 ) ) ;
#1519 = CARTESIAN_POINT ( 'NONE',  ( 1.650000000000000355, -0.9326546467945412422, -0.3942388526753112798 ) ) ;
#1520 = DIRECTION ( 'NONE',  ( 0.000000000000000000, 0.7660444431189756820, 0.6427876096865421385 ) ) ;
#1521 = CARTESIAN_POINT ( 'NONE',  ( 0.5427536152942789016, -1.829466211511383111, -1.327190299512158944 ) ) ;
#1522 = CARTESIAN_POINT ( 'NONE',  ( 1.365923996832131609E-16, -0.9007319007789975629, -0.4636715473163644519 ) ) ;
#1523 = EDGE_CURVE ( 'NONE', #961, #851, #1192, .T. ) ;
#1524 = ORIENTED_EDGE ( 'NONE', *, *, #663, .F. ) ;
#1525 = PERSON_AND_ORGANIZATION ( #1166, #157 ) ;
#1526 = CARTESIAN_POINT ( 'NONE',  ( 1.124999999999999778, -1.726436331745577535, -1.412528474431664183 ) ) ;
#1527 = AXIS2_PLACEMENT_3D ( 'NONE', #365, #1317, #702 ) ;
#1528 = CARTESIAN_POINT ( 'NONE',  ( 1.123501144850290734, 1.278219618520076262, 0.2958793486583780052 ) ) ;
#1529 = CYLINDRICAL_SURFACE ( 'NONE', #646, 0.06496063000000013021 ) ;
#1530 = CARTESIAN_POINT ( 'NONE',  ( 0.5249999999999999112, 1.815009427188930324, -1.518085779133466540 ) ) ;
#1531 = CARTESIAN_POINT ( 'NONE',  ( 1.261899994729827945, -1.904217285181593500, -1.466876956956644662 ) ) ;
#1532 = DIRECTION ( 'NONE',  ( -0.000000000000000000, 0.7660444431189744607, -0.6427876096865435818 ) ) ;
#1533 = CIRCLE ( 'NONE', #842, 0.1377952749999998006 ) ;
#1534 = CARTESIAN_POINT ( 'NONE',  ( 1.123501144850290734, 1.158048165450313638, -0.5778869132013690901 ) ) ;
#1535 = DIRECTION ( 'NONE',  ( 0.000000000000000000, 0.9039531478064517511, -0.4276315079256988727 ) ) ;
#1536 = AXIS2_PLACEMENT_3D ( 'NONE', #1546, #1191, #75 ) ;
#1537 = CARTESIAN_POINT ( 'NONE',  ( 0.5935590482308418236, 2.000314452789389019, -1.519080346184182639 ) ) ;
#1538 = CIRCLE ( 'NONE', #519, 0.06496062999999972776 ) ;
#1539 = CARTESIAN_POINT ( 'NONE',  ( 1.185814214415625401, -1.985922696498520601, -1.536504187507104602 ) ) ;
#1540 = ORIENTED_EDGE ( 'NONE', *, *, #1364, .T. ) ;
#1541 = ORIENTED_EDGE ( 'NONE', *, *, #723, .T. ) ;
#1542 = AXIS2_PLACEMENT_3D ( 'NONE', #190, #205, #932 ) ;
#1543 = CARTESIAN_POINT ( 'NONE',  ( 1.115987934974272289, 1.827806740763153304, -1.327468601612730170 ) ) ;
#1544 = CARTESIAN_POINT ( 'NONE',  ( 1.123501144850290734, -1.209321555717802976, 0.5088529831032924111 ) ) ;
#1545 = EDGE_CURVE ( 'NONE', #108, #1269, #1117, .T. ) ;
#1546 = CARTESIAN_POINT ( 'NONE',  ( 0.000000000000000000, 0.8864463656171170935, -0.4892536058980090918 ) ) ;
#1547 = AXIS2_PLACEMENT_3D ( 'NONE', #787, #302, #184 ) ;
#1548 = CARTESIAN_POINT ( 'NONE',  ( 0.5603835598263116058, 2.005424778396028174, -1.532550841988489898 ) ) ;
#1549 = CYLINDRICAL_SURFACE ( 'NONE', #740, 0.06496063000000013021 ) ;
#1550 = ADVANCED_FACE ( 'NONE', ( #586 ), #1173, .F. ) ;
#1551 = VERTEX_POINT ( 'NONE', #63 ) ;
#1552 = CARTESIAN_POINT ( 'NONE',  ( 1.649999999999999911, -0.9152608605996210844, -0.4329821987059144228 ) ) ;
#1553 = FACE_OUTER_BOUND ( 'NONE', #1447, .T. ) ;
#1554 = FACE_OUTER_BOUND ( 'NONE', #1092, .T. ) ;
#1555 = CARTESIAN_POINT ( 'NONE',  ( 1.143017518378448338, -2.000724244923820283, -1.540975190553151908 ) ) ;
#1556 = ORIENTED_EDGE ( 'NONE', *, *, #74, .T. ) ;
#1557 = VERTEX_POINT ( 'NONE', #356 ) ;
#1558 = DIRECTION ( 'NONE',  ( 0.000000000000000000, 0.7660444431189757930, 0.6427876096865422495 ) ) ;
#1559 = CARTESIAN_POINT ( 'NONE',  ( 1.649999999999999911, 0.000000000000000000, 0.000000000000000000 ) ) ;
#1560 = VERTEX_POINT ( 'NONE', #1307 ) ;
#1561 = EDGE_CURVE ( 'NONE', #1329, #961, #826, .T. ) ;
#1562 = FACE_OUTER_BOUND ( 'NONE', #1356, .T. ) ;
#1563 = CARTESIAN_POINT ( 'NONE',  ( 0.5249999999999999112, 1.856765315270362482, -1.567848508766473747 ) ) ;
#1564 = ORIENTED_EDGE ( 'NONE', *, *, #1237, .T. ) ;
#1565 = ORIENTED_EDGE ( 'NONE', *, *, #845, .F. ) ;
#1566 = ORIENTED_EDGE ( 'NONE', *, *, #174, .T. ) ;
#1567 = DIRECTION ( 'NONE',  ( 0.000000000000000000, -0.6427876096865426936, -0.7660444431189751269 ) ) ;
#1568 = FACE_OUTER_BOUND ( 'NONE', #1433, .T. ) ;
#1569 = EDGE_LOOP ( 'NONE', ( #478, #1012 ) ) ;
#1570 = VERTEX_POINT ( 'NONE', #818 ) ;
#1571 = DIRECTION ( 'NONE',  ( 0.000000000000000000, 0.000000000000000000, 1.000000000000000000 ) ) ;
#1572 = CARTESIAN_POINT ( 'NONE',  ( 1.124999999999999778, -2.003751667251105317, -1.539591191530263581 ) ) ;
#1573 = ORIENTED_EDGE ( 'NONE', *, *, #44, .T. ) ;
#1574 = ORIENTED_EDGE ( 'NONE', *, *, #1523, .F. ) ;
#1575 = CARTESIAN_POINT ( 'NONE',  ( 1.123501144850290734, -0.8140680543508564959, 1.028923314159074343 ) ) ;
#1576 = ADVANCED_FACE ( 'NONE', ( #1459 ), #954, .F. ) ;
#1577 = EDGE_CURVE ( 'NONE', #669, #93, #1299, .T. ) ;
#1578 = ORIENTED_EDGE ( 'NONE', *, *, #1448, .F. ) ;
#1579 = CARTESIAN_POINT ( 'NONE',  ( 0.5250000000000000222, 0.6314350073415542219, -3.570896401843725698 ) ) ;
#1580 = CARTESIAN_POINT ( 'NONE',  ( 0.5250000000000000222, -1.815009427188927660, -1.518085779133465207 ) ) ;
#1581 = CARTESIAN_POINT ( 'NONE',  ( 1.124999999999999778, 1.903582522632280005, -1.623643083835267564 ) ) ;
#1582 = CARTESIAN_POINT ( 'NONE',  ( 0.9872005508048274924, -1.923489332009944874, -1.415355014957303759 ) ) ;
#1583 = VECTOR ( 'NONE', #910, 39.37007874015748143 ) ;
#1584 = EDGE_LOOP ( 'NONE', ( #672, #11 ) ) ;
#1585 = DIRECTION ( 'NONE',  ( 0.000000000000000000, -0.7660444431189744607, 0.6427876096865438038 ) ) ;
#1586 = CARTESIAN_POINT ( 'NONE',  ( 1.365923996832131609E-16, 0.9557516659134783765, -0.3348815581840283162 ) ) ;
#1587 = ORIENTED_EDGE ( 'NONE', *, *, #218, .F. ) ;
#1588 = ORIENTED_EDGE ( 'NONE', *, *, #44, .F. ) ;
#1589 = EDGE_CURVE ( 'NONE', #1570, #1551, #1366, .T. ) ;
#1590 = DIRECTION ( 'NONE',  ( 0.000000000000000000, 0.7660444431189743497, -0.6427876096865436928 ) ) ;
#1591 = CARTESIAN_POINT ( 'NONE',  ( 0.5609879165796020084, 1.833473443770224032, -1.327393929197914657 ) ) ;
#1592 = CARTESIAN_POINT ( 'NONE',  ( 0.5249999999999999112, 1.585196094253237042, -1.710922062039429425 ) ) ;
#1593 = CARTESIAN_POINT ( 'NONE',  ( 1.215724583304246487, 1.834277523228716289, -1.366023881734796497 ) ) ;
#1594 = CARTESIAN_POINT ( 'NONE',  ( 0.5264988551497098435, -1.197121259782284897, -0.4912999480580262923 ) ) ;
#1595 = ORIENTED_EDGE ( 'NONE', *, *, #568, .T. ) ;
#1596 = B_SPLINE_CURVE_WITH_KNOTS ( 'NONE', 3,
 ( #677, #434, #1139, #1026, #1161, #547, #1153, #46, #899, #1147, #1041, #1033, #540, #1297, #914, #1407, #53, #556, #1531, #442, #920, #800, #524, #283, #1011, #1499, #466, #1186, #1539, #682, #943, #1555, #1177, #1057 ),
 .UNSPECIFIED., .F., .F.,
 ( 4, 2, 2, 2, 2, 2, 2, 2, 2, 2, 2, 2, 2, 2, 2, 2, 4 ),
 ( 0.01099622584882958484, 0.01168747684457799654, 0.01237872784032640651, 0.01306997883607481648, 0.01376122983182322818, 0.01445248082757163988, 0.01514373182332004984, 0.01583498281906845981, 0.01652623381481687151, 0.01721748481056528321, 0.01790873580631369144, 0.01859998680206210314, 0.01929123779781051484, 0.01998248879355892654, 0.02067373978930733824, 0.02136499078505574648, 0.02205624178080415818 ),
 .UNSPECIFIED. ) ;
#1597 = DIRECTION ( 'NONE',  ( 1.000000000000000000, 0.000000000000000000, 0.000000000000000000 ) ) ;
#1598 = AXIS2_PLACEMENT_3D ( 'NONE', #1559, #342, #463 ) ;
#1599 = CARTESIAN_POINT ( 'NONE',  ( 1.649999999999999911, 1.713753616190544005, -1.864130950663223540 ) ) ;
#1600 = LOCAL_TIME ( 20, 48, 20.00000000000000000, #1219 ) ;
#1601 = AXIS2_PLACEMENT_3D ( 'NONE', #651, #1009, #307 ) ;
ENDSEC;
END-ISO-10303-21;
