ISO-10303-21;
HEADER;
FILE_DESCRIPTION (( 'STEP AP203' ),
    '1' );
FILE_NAME ('Top Armor.STEP',
    '2026-04-28T03:49:14',
    ( '' ),
    ( '' ),
    'SwSTEP 2.0',
    'SolidWorks 2025',
    '' );
FILE_SCHEMA (( 'CONFIG_CONTROL_DESIGN' ));
ENDSEC;

DATA;
#1 = CARTESIAN_POINT ( 'NONE',  ( 0.1499999999999999944, -1.077570282572979155, 2.907114896637648993 ) ) ;
#2 = ADVANCED_FACE ( 'NONE', ( #4694 ), #6916, .T. ) ;
#3 = CARTESIAN_POINT ( 'NONE',  ( 0.1000000000000000056, -1.118269230769230793, 2.316673076923077002 ) ) ;
#4 = EDGE_CURVE ( 'NONE', #2644, #869, #3253, .T. ) ;
#5 = ORIENTED_EDGE ( 'NONE', *, *, #5650, .F. ) ;
#6 = CARTESIAN_POINT ( 'NONE',  ( 0.1000000000000000056, -1.151546909042259648, 2.139245829616195138 ) ) ;
#7 = CARTESIAN_POINT ( 'NONE',  ( 0.09999999999999999167, -1.061623909172183300, 3.339226927568743619 ) ) ;
#8 = EDGE_CURVE ( 'NONE', #1775, #7171, #2989, .T. ) ;
#9 = B_SPLINE_CURVE_WITH_KNOTS ( 'NONE', 3,
 ( #2642, #3788, #1504, #3868, #2109, #6202, #7387, #4974, #3214, #5667, #1467, #4934, #4362, #3904, #6121, #3749, #6087, #1579, #7267, #852, #3297, #5590, #354, #7310, #2068, #2683, #4476 ),
 .UNSPECIFIED., .F., .F.,
 ( 4, 1, 1, 1, 1, 1, 1, 1, 1, 1, 1, 1, 1, 1, 1, 1, 1, 1, 1, 1, 1, 1, 1, 1, 4 ),
 ( 0.000000000000000000, 0.02994377354386678833, 0.05929698521977894154, 0.08818028895437271530, 0.1168413842308142353, 0.1452384806157847874, 0.1733604903819462861, 0.2014385466881654652, 0.2296164761949054389, 0.2579683372564344213, 0.2863893024826386635, 0.3153839070800581457, 0.3447437183202540223, 0.3744161342757748590, 0.4047719698385361942, 0.4357438294646323595, 0.4675649399809690965, 0.5314779002149132570, 0.5951185991251793928, 0.6588976624185542974, 0.7235546473620374508, 0.7894566482179306011, 0.8571353408979027755, 0.9271057839317001781, 1.000000000000000000 ),
 .UNSPECIFIED. ) ;
#10 = CARTESIAN_POINT ( 'NONE',  ( 0.1499999999999999944, -1.031341786897564727, 3.577541799436626757 ) ) ;
#11 = CARTESIAN_POINT ( 'NONE',  ( 0.1000000000000000056, 1.500000000000000444, 2.616141730078739513 ) ) ;
#12 = CARTESIAN_POINT ( 'NONE',  ( 0.09999999999999993616, -1.186999439606477802, 2.841389568032099966 ) ) ;
#13 = EDGE_CURVE ( 'NONE', #2862, #7212, #879, .T. ) ;
#14 = CARTESIAN_POINT ( 'NONE',  ( 0.1499999999999999944, -1.142744903547789903, 3.068068280824685967 ) ) ;
#15 = CARTESIAN_POINT ( 'NONE',  ( 0.1500000000000000500, -1.062893174483471093, 2.923954976612660239 ) ) ;
#16 = DIRECTION ( 'NONE',  ( -1.000000000000000000, -0.000000000000000000, -0.000000000000000000 ) ) ;
#17 = CARTESIAN_POINT ( 'NONE',  ( 0.1500000000000000500, -1.077572744230319568, 2.188486946316486659 ) ) ;
#18 = CARTESIAN_POINT ( 'NONE',  ( 0.09999999999999997780, -1.183217687018489395, 3.688075730715661749 ) ) ;
#19 = CARTESIAN_POINT ( 'NONE',  ( 0.1000000000000000056, -1.164606859683446904, 2.955820836467927037 ) ) ;
#20 = AXIS2_PLACEMENT_3D ( 'NONE', #4920, #6070, #6032 ) ;
#21 = CARTESIAN_POINT ( 'NONE',  ( 0.1500000000000000500, -1.107304717150106477, 2.202086127965239282 ) ) ;
#22 = CARTESIAN_POINT ( 'NONE',  ( 0.1499999999999999944, -1.058173076923076827, 3.532658653846153740 ) ) ;
#23 = ORIENTED_EDGE ( 'NONE', *, *, #1040, .F. ) ;
#24 = CARTESIAN_POINT ( 'NONE',  ( 0.1000000000000000056, -1.118269230769230793, 2.316673076923077002 ) ) ;
#25 = ORIENTED_EDGE ( 'NONE', *, *, #3496, .T. ) ;
#26 = CARTESIAN_POINT ( 'NONE',  ( 0.1499999999999999944, -1.199999999999999956, 3.434461538461538233 ) ) ;
#27 = LINE ( 'NONE', #558, #2485 ) ;
#28 = CARTESIAN_POINT ( 'NONE',  ( 0.000000000000000000, -1.375000000000000444, 2.249999999999999556 ) ) ;
#29 = CARTESIAN_POINT ( 'NONE',  ( 0.1499999999999999944, -1.167013178630853298, 3.516616186194574833 ) ) ;
#30 = CARTESIAN_POINT ( 'NONE',  ( 0.1000000000000000056, -1.127012253875338210, 2.209338781484754932 ) ) ;
#31 = ORIENTED_EDGE ( 'NONE', *, *, #2431, .F. ) ;
#32 = EDGE_CURVE ( 'NONE', #7346, #3556, #1495, .T. ) ;
#33 = CARTESIAN_POINT ( 'NONE',  ( 0.1000000000000000056, -1.042345977248234634, 3.519278651166501959 ) ) ;
#34 = CARTESIAN_POINT ( 'NONE',  ( 0.1500000000000000500, -1.164997619771148463, 3.544819128858562429 ) ) ;
#35 = CARTESIAN_POINT ( 'NONE',  ( 0.09999999999999996392, -1.176849246796257242, 3.657136363999632156 ) ) ;
#36 = CARTESIAN_POINT ( 'NONE',  ( 0.1000000000000000472, -1.060837760620723769, 3.360826216291225244 ) ) ;
#37 = VERTEX_POINT ( 'NONE', #6608 ) ;
#38 = VERTEX_POINT ( 'NONE', #5992 ) ;
#39 = CARTESIAN_POINT ( 'NONE',  ( 0.1499999999999999944, -1.150458233173076827, 3.412826923076923258 ) ) ;
#40 = CARTESIAN_POINT ( 'NONE',  ( 0.1000000000000000056, -1.134468767261763045, 2.153735076176249041 ) ) ;
#41 = CARTESIAN_POINT ( 'NONE',  ( 0.1499999999999999944, -1.158593863601214524, 2.321505116543374214 ) ) ;
#42 = ORIENTED_EDGE ( 'NONE', *, *, #6920, .T. ) ;
#43 = CARTESIAN_POINT ( 'NONE',  ( 0.1000000000000000056, -1.160887978999038950, 2.137429569295677734 ) ) ;
#44 = CARTESIAN_POINT ( 'NONE',  ( 0.1000000000000000056, 1.500000000000000444, 3.314960629921259727 ) ) ;
#45 = CARTESIAN_POINT ( 'NONE',  ( 0.1499999999999999944, -1.105160757211538503, 3.729173076923076646 ) ) ;
#46 = ADVANCED_FACE ( 'NONE', ( #184 ), #7176, .F. ) ;
#47 = FACE_OUTER_BOUND ( 'NONE', #6356, .T. ) ;
#48 = CARTESIAN_POINT ( 'NONE',  ( 0.1499999999999999944, -1.184158608791152867, 2.837296417994624509 ) ) ;
#49 = CARTESIAN_POINT ( 'NONE',  ( 0.1499999999999999944, -1.060576923076922862, 2.899087439903845986 ) ) ;
#50 = VERTEX_POINT ( 'NONE', #6027 ) ;
#51 = CARTESIAN_POINT ( 'NONE',  ( 0.1000000000000000194, -1.065815638858437220, 2.935482836747784319 ) ) ;
#52 = CARTESIAN_POINT ( 'NONE',  ( 0.1000000000000000056, -1.101442307692308109, 2.840080528846154362 ) ) ;
#53 = CC_DESIGN_PERSON_AND_ORGANIZATION_ASSIGNMENT ( #6600, #1935, ( #5647 ) ) ;
#54 = CARTESIAN_POINT ( 'NONE',  ( 0.1000000000000000194, -1.104371995192307665, 3.316485276442307395 ) ) ;
#55 = FACE_OUTER_BOUND ( 'NONE', #2428, .T. ) ;
#56 = DIRECTION ( 'NONE',  ( -1.000000000000000000, -0.000000000000000000, -0.000000000000000000 ) ) ;
#57 = VECTOR ( 'NONE', #2800, 39.37007874015748143 ) ;
#58 = VECTOR ( 'NONE', #2797, 39.37007874015748143 ) ;
#59 = LINE ( 'NONE', #3646, #4736 ) ;
#60 = CARTESIAN_POINT ( 'NONE',  ( 0.1499999999999999944, -1.007692307692307665, 2.539269230769230390 ) ) ;
#61 = VERTEX_POINT ( 'NONE', #7247 ) ;
#62 = CARTESIAN_POINT ( 'NONE',  ( 0.1499999999999999944, -1.185576923076922862, 3.140651442307692331 ) ) ;
#63 = EDGE_LOOP ( 'NONE', ( #6682, #2244, #4616, #1538 ) ) ;
#64 = FACE_OUTER_BOUND ( 'NONE', #7069, .T. ) ;
#65 = CARTESIAN_POINT ( 'NONE',  ( 0.1000000000000000056, 3.114921874281840974, 5.442760751357297089 ) ) ;
#66 = CARTESIAN_POINT ( 'NONE',  ( 0.1000000000000000056, 1.500000000000000444, 3.099999999999999645 ) ) ;
#67 = CARTESIAN_POINT ( 'NONE',  ( 0.1499999999999999944, -1.111485200184283872, 2.197340971810875843 ) ) ;
#68 = CARTESIAN_POINT ( 'NONE',  ( 0.1500000000000000500, -1.090277860679183863, 3.705887567931314575 ) ) ;
#69 = B_SPLINE_CURVE_WITH_KNOTS ( 'NONE', 3,
 ( #2939, #5279, #4051, #1185, #1150, #78, #40, #4089, #120, #538, #5809 ),
 .UNSPECIFIED., .F., .F.,
 ( 4, 1, 1, 1, 1, 1, 1, 1, 4 ),
 ( 0.000000000000000000, 0.1634826610796633883, 0.3154437535745474586, 0.4564897705267740302, 0.5863408996220685898, 0.7049148094753546756, 0.8128677552164222941, 0.9112545057557651651, 1.000000000000000000 ),
 .UNSPECIFIED. ) ;
#70 = EDGE_LOOP ( 'NONE', ( #1672, #5343, #2246, #1605, #1272, #25, #7054, #1009, #5156, #7089 ) ) ;
#71 = CARTESIAN_POINT ( 'NONE',  ( 0.09999999999999999167, -1.008271957451300382, 3.596131946835386284 ) ) ;
#72 = CARTESIAN_POINT ( 'NONE',  ( 0.1499999999999999944, -1.158155641202949004, 3.536540241498153492 ) ) ;
#73 = CARTESIAN_POINT ( 'NONE',  ( 0.1499999999999999944, -1.168329849721998270, 3.672831035378948172 ) ) ;
#74 = DIRECTION ( 'NONE',  ( -1.000000000000000000, -0.000000000000000000, -0.000000000000000000 ) ) ;
#75 = ORIENTED_EDGE ( 'NONE', *, *, #5286, .F. ) ;
#76 = ORIENTED_EDGE ( 'NONE', *, *, #3164, .F. ) ;
#77 = CARTESIAN_POINT ( 'NONE',  ( 0.1499999999999999944, -1.138262692649149477, 3.412650630155190878 ) ) ;
#78 = CARTESIAN_POINT ( 'NONE',  ( 0.09999999999999997780, -1.132051432861949092, 2.157382355504460225 ) ) ;
#79 = CARTESIAN_POINT ( 'NONE',  ( 0.1000000000000000056, -1.079189205149911013, 2.223847190648313266 ) ) ;
#80 = VERTEX_POINT ( 'NONE', #3585 ) ;
#81 = VERTEX_POINT ( 'NONE', #6647 ) ;
#82 = DIRECTION ( 'NONE',  ( -1.000000000000000000, -0.000000000000000000, -0.000000000000000000 ) ) ;
#83 = CIRCLE ( 'NONE', #1304, 0.06496063000000000531 ) ;
#84 = CARTESIAN_POINT ( 'NONE',  ( 0.1499999999999999944, -1.167422764080144892, 2.953012454929976549 ) ) ;
#85 = DIRECTION ( 'NONE',  ( -1.000000000000000000, -0.000000000000000000, -0.000000000000000000 ) ) ;
#86 = LINE ( 'NONE', #1878, #4364 ) ;
#87 = CARTESIAN_POINT ( 'NONE',  ( 0.1000000000000000472, -1.184904083510873063, 2.145371210668074458 ) ) ;
#88 = VERTEX_POINT ( 'NONE', #3059 ) ;
#89 = CARTESIAN_POINT ( 'NONE',  ( 0.09999999999999997780, -1.062186082025088130, 3.369256723520424490 ) ) ;
#90 = CARTESIAN_POINT ( 'NONE',  ( 0.1000000000000000194, -1.160872689136466906, 3.092954987762463137 ) ) ;
#91 = CARTESIAN_POINT ( 'NONE',  ( 0.1500000000000000500, -1.189580834409187604, 2.845771650460193758 ) ) ;
#92 = CARTESIAN_POINT ( 'NONE',  ( 0.1000000000000000056, -1.100395419288523913, 2.982463483507015400 ) ) ;
#93 = CARTESIAN_POINT ( 'NONE',  ( 0.1000000000000000056, -1.096303652716521526, 3.400076259764825526 ) ) ;
#94 = CARTESIAN_POINT ( 'NONE',  ( 0.000000000000000000, -1.375000000000000444, 3.750000000000000000 ) ) ;
#95 = CARTESIAN_POINT ( 'NONE',  ( 0.1000000000000000056, -1.060576923076922862, 2.184521634615384400 ) ) ;
#96 = EDGE_LOOP ( 'NONE', ( #1805, #5864, #4162, #1354 ) ) ;
#97 = CARTESIAN_POINT ( 'NONE',  ( 0.09999999999999997780, -1.185156127508191215, 3.131990703293080269 ) ) ;
#98 = CIRCLE ( 'NONE', #6071, 0.06889763999999991284 ) ;
#99 = EDGE_CURVE ( 'NONE', #3199, #432, #3019, .T. ) ;
#100 = VERTEX_POINT ( 'NONE', #6065 ) ;
#101 = CARTESIAN_POINT ( 'NONE',  ( 0.1499999999999999667, -1.061026934357094609, 3.343439890250215374 ) ) ;
#102 = EDGE_CURVE ( 'NONE', #6383, #2836, #4626, .T. ) ;
#103 = CARTESIAN_POINT ( 'NONE',  ( 0.1499999999999999944, -1.153130541873982562, 3.190967774458430828 ) ) ;
#104 = VECTOR ( 'NONE', #6394, 39.37007874015748143 ) ;
#105 = CARTESIAN_POINT ( 'NONE',  ( 0.1499999999999999944, -1.125004753341741770, 3.314416612594910383 ) ) ;
#106 = CARTESIAN_POINT ( 'NONE',  ( 0.1499999999999999944, -1.185576923076922862, 3.610145132211538321 ) ) ;
#107 = B_SPLINE_CURVE_WITH_KNOTS ( 'NONE', 3,
 ( #810, #5477, #6276, #503, #2264, #7499, #2107, #1577, #2796, #2832, #3980, #6849, #1042, #3902, #1005 ),
 .UNSPECIFIED., .F., .F.,
 ( 4, 1, 1, 1, 1, 1, 1, 1, 1, 1, 1, 1, 4 ),
 ( 0.000000000000000000, 0.1465760528294203779, 0.2851612733687887702, 0.4180480786555887396, 0.5506737692421419528, 0.6156216203934287146, 0.6757268351910931115, 0.7335368889606668219, 0.7890546931377133699, 0.8417869058414012562, 0.8938094518221493257, 0.9468653960568346184, 1.000000000000000000 ),
 .UNSPECIFIED. ) ;
#108 = AXIS2_PLACEMENT_3D ( 'NONE', #814, #1922, #1316 ) ;
#109 = CARTESIAN_POINT ( 'NONE',  ( 0.09999999999999999167, -1.184744479076722312, 2.197802212894255369 ) ) ;
#110 = EDGE_CURVE ( 'NONE', #2605, #7321, #7368, .T. ) ;
#111 = ORIENTED_EDGE ( 'NONE', *, *, #4389, .F. ) ;
#112 = CARTESIAN_POINT ( 'NONE',  ( 0.1500000000000000500, -1.178153669929138392, 2.140878234063114505 ) ) ;
#113 = CIRCLE ( 'NONE', #1816, 0.06496062999999985266 ) ;
#114 = CARTESIAN_POINT ( 'NONE',  ( 0.1499999999999999667, -1.185525462601251911, 3.604442463208731517 ) ) ;
#115 = CARTESIAN_POINT ( 'NONE',  ( 0.1499999999999999944, -1.007692307692307665, 3.611046574519230834 ) ) ;
#116 = CARTESIAN_POINT ( 'NONE',  ( 0.1499999999999999944, -1.082160330415417038, 3.406587038501546427 ) ) ;
#117 = CARTESIAN_POINT ( 'NONE',  ( 0.1500000000000000500, -1.201339605306056990, 3.123665310336175782 ) ) ;
#118 = ORIENTED_EDGE ( 'NONE', *, *, #2439, .T. ) ;
#119 = CARTESIAN_POINT ( 'NONE',  ( 0.1499999999999999944, -1.182819932169664190, 3.161304476251169060 ) ) ;
#120 = CARTESIAN_POINT ( 'NONE',  ( 0.1000000000000000194, -1.139178179912680333, 2.147756564528627621 ) ) ;
#121 = CARTESIAN_POINT ( 'NONE',  ( 0.1500000000000000500, -1.182459882209700108, 2.357312416639294028 ) ) ;
#122 = CARTESIAN_POINT ( 'NONE',  ( 0.1000000000000000056, -1.058173076923076383, 3.532658653846153740 ) ) ;
#123 = CARTESIAN_POINT ( 'NONE',  ( 0.1500000000000000500, -1.176654328248240011, 2.939480799300960179 ) ) ;
#124 = CARTESIAN_POINT ( 'NONE',  ( 0.1000000000000000056, -1.104595452959398427, 3.707507137417699994 ) ) ;
#125 = DIRECTION ( 'NONE',  ( 0.000000000000000000, -0.000000000000000000, -1.000000000000000000 ) ) ;
#126 = CARTESIAN_POINT ( 'NONE',  ( 0.1000000000000000472, -1.159750370227895511, 2.434492981769119879 ) ) ;
#127 = ORIENTED_EDGE ( 'NONE', *, *, #32, .F. ) ;
#128 = CARTESIAN_POINT ( 'NONE',  ( 0.1499999999999999944, -1.061821084985858699, 2.917969077066482342 ) ) ;
#129 = CARTESIAN_POINT ( 'NONE',  ( 0.1000000000000000194, -1.075528302486732590, 2.841510535969128615 ) ) ;
#130 = CARTESIAN_POINT ( 'NONE',  ( 0.1500000000000000500, -1.194152788647731445, 2.855265751399146179 ) ) ;
#131 = CARTESIAN_POINT ( 'NONE',  ( 0.09999999999999999167, -1.077429075495302202, 3.358403640283518676 ) ) ;
#132 = CARTESIAN_POINT ( 'NONE',  ( 0.1000000000000000056, -1.139565805288461631, 2.725807692307692154 ) ) ;
#133 = CARTESIAN_POINT ( 'NONE',  ( 0.1499999999999999944, -1.062980769230769118, 3.067634615384615238 ) ) ;
#134 = ORIENTED_EDGE ( 'NONE', *, *, #1825, .F. ) ;
#135 = CARTESIAN_POINT ( 'NONE',  ( 0.1499999999999999944, -1.180226213557269199, 3.113158776081729862 ) ) ;
#136 = EDGE_LOOP ( 'NONE', ( #1073, #2666, #7207, #7353 ) ) ;
#137 = CARTESIAN_POINT ( 'NONE',  ( 0.1500000000000000500, -1.185507947089500025, 2.896679857253698032 ) ) ;
#138 = DIRECTION ( 'NONE',  ( 1.000000000000000000, 0.000000000000000000, 0.000000000000000000 ) ) ;
#139 = DIRECTION ( 'NONE',  ( 1.000000000000000000, 0.000000000000000000, 0.000000000000000000 ) ) ;
#140 = CARTESIAN_POINT ( 'NONE',  ( 0.1000000000000000056, -1.199999999999999956, 3.292634615384615326 ) ) ;
#141 = CARTESIAN_POINT ( 'NONE',  ( 0.1000000000000000472, -1.083428140438413623, 2.933613271925261223 ) ) ;
#142 = PLANE ( 'NONE',  #5695 ) ;
#143 = EDGE_CURVE ( 'NONE', #1853, #1634, #4260, .T. ) ;
#144 = ADVANCED_FACE ( 'NONE', ( #4953 ), #6754, .T. ) ;
#145 = ORIENTED_EDGE ( 'NONE', *, *, #1387, .T. ) ;
#146 = CARTESIAN_POINT ( 'NONE',  ( 0.1499999999999999667, -1.137031945182083392, 2.189389849181942349 ) ) ;
#147 = CARTESIAN_POINT ( 'NONE',  ( 0.1499999999999999944, -1.178692023610732997, 3.201647725726953553 ) ) ;
#148 = CARTESIAN_POINT ( 'NONE',  ( 0.1499999999999999944, -1.061683665242948216, 2.173309428705861190 ) ) ;
#149 = CARTESIAN_POINT ( 'NONE',  ( 0.1499999999999999944, -1.164257117826806853, 2.159012662314247155 ) ) ;
#150 = ORIENTED_EDGE ( 'NONE', *, *, #5582, .F. ) ;
#151 = CARTESIAN_POINT ( 'NONE',  ( 0.1000000000000000056, -1.200000000000000400, 2.620038461538460872 ) ) ;
#152 = CARTESIAN_POINT ( 'NONE',  ( 0.1499999999999999944, -1.037482086408714199, 3.660368350222646949 ) ) ;
#153 = CARTESIAN_POINT ( 'NONE',  ( 0.1499999999999999944, -1.082322091496262795, 2.225647077408097640 ) ) ;
#154 = CARTESIAN_POINT ( 'NONE',  ( 0.1500000000000000500, -1.077500156440971191, 2.384482840840744355 ) ) ;
#155 = CARTESIAN_POINT ( 'NONE',  ( 0.1500000000000000500, -1.158576601771270864, 2.960861788097601810 ) ) ;
#156 = CARTESIAN_POINT ( 'NONE',  ( 0.1000000000000000056, -1.092351973533843834, 2.308791961006118054 ) ) ;
#157 = DIRECTION ( 'NONE',  ( 0.000000000000000000, 0.000000000000000000, 1.000000000000000000 ) ) ;
#158 = B_SPLINE_CURVE_WITH_KNOTS ( 'NONE', 3,
 ( #4044, #1107, #2289, #6380, #1294, #5951, #3623, #720, #4194, #6535, #3899 ),
 .UNSPECIFIED., .F., .F.,
 ( 4, 1, 1, 1, 1, 1, 1, 1, 4 ),
 ( 0.000000000000000000, 0.1408266934025065309, 0.2748450662620874896, 0.4057570698113951990, 0.5382688720745457678, 0.6652654184795260273, 0.7802288004072153171, 0.8899063627355107142, 1.000000000000000000 ),
 .UNSPECIFIED. ) ;
#159 = CARTESIAN_POINT ( 'NONE',  ( 0.1499999999999999944, -1.062980769230769118, 3.192634615384615238 ) ) ;
#160 = ORIENTED_EDGE ( 'NONE', *, *, #5887, .F. ) ;
#161 = CARTESIAN_POINT ( 'NONE',  ( 0.1499999999999999944, -1.067731798989227654, 2.941013887265661264 ) ) ;
#162 = CARTESIAN_POINT ( 'NONE',  ( 0.000000000000000000, 1.499999999999999778, 7.397019699529389314 ) ) ;
#163 = ADVANCED_FACE ( 'NONE', ( #2126 ), #2520, .T. ) ;
#164 = AXIS2_PLACEMENT_3D ( 'NONE', #6447, #3999, #7056 ) ;
#165 = CARTESIAN_POINT ( 'NONE',  ( 0.1499999999999999944, -1.185576923076922862, 2.381126201923076557 ) ) ;
#166 = CARTESIAN_POINT ( 'NONE',  ( 0.1499999999999999944, -1.162815504807692246, 2.137346153846154007 ) ) ;
#167 = CARTESIAN_POINT ( 'NONE',  ( 0.1000000000000000056, -1.080070612980769118, 2.139749999999999819 ) ) ;
#168 = CARTESIAN_POINT ( 'NONE',  ( 0.1499999999999999944, -1.185576923076922862, 2.899650841346153918 ) ) ;
#169 = ORIENTED_EDGE ( 'NONE', *, *, #7108, .F. ) ;
#170 = CARTESIAN_POINT ( 'NONE',  ( 0.1499999999999999944, -1.172637954074787769, 3.101552926237948427 ) ) ;
#171 = EDGE_LOOP ( 'NONE', ( #3435, #1408, #4016, #5438 ) ) ;
#172 = CARTESIAN_POINT ( 'NONE',  ( 0.1500000000000000500, -1.172138590476273112, 2.852375267533452607 ) ) ;
#173 = CARTESIAN_POINT ( 'NONE',  ( 0.1499999999999999944, -1.158571213942307665, 3.189554687499999819 ) ) ;
#174 = VECTOR ( 'NONE', #4675, 39.37007874015748143 ) ;
#175 = CARTESIAN_POINT ( 'NONE',  ( 0.1499999999999999944, -1.199689367637940762, 2.928248806479362365 ) ) ;
#176 = PERSON_AND_ORGANIZATION ( #6817, #4594 ) ;
#177 = CARTESIAN_POINT ( 'NONE',  ( 0.1499999999999999944, -1.099516396798791984, 2.841939358189642384 ) ) ;
#178 = LINE ( 'NONE', #6602, #7281 ) ;
#179 = VERTEX_POINT ( 'NONE', #5763 ) ;
#180 = CARTESIAN_POINT ( 'NONE',  ( 0.1000000000000000056, 3.000000000000000888, 0.000000000000000000 ) ) ;
#182 = EDGE_CURVE ( 'NONE', #5794, #179, #1160, .T. ) ;
#181 = CARTESIAN_POINT ( 'NONE',  ( 0.1000000000000000056, 3.000000000000000888, 0.000000000000000000 ) ) ;
#183 = CARTESIAN_POINT ( 'NONE',  ( 0.1000000000000000472, -1.163978560263227768, 3.072088582462217055 ) ) ;
#184 = FACE_OUTER_BOUND ( 'NONE', #4500, .T. ) ;
#185 = ORIENTED_EDGE ( 'NONE', *, *, #2147, .F. ) ;
#186 = CARTESIAN_POINT ( 'NONE',  ( 0.1000000000000000056, -1.077472180486004349, 2.896730009814318496 ) ) ;
#187 = CARTESIAN_POINT ( 'NONE',  ( 0.1499999999999999944, -1.026923076923076827, 3.611497295673076646 ) ) ;
#188 = CARTESIAN_POINT ( 'NONE',  ( 0.1499999999999999944, -1.070769087984033030, 2.216196887884338107 ) ) ;
#189 = EDGE_CURVE ( 'NONE', #6835, #447, #6456, .T. ) ;
#190 = CARTESIAN_POINT ( 'NONE',  ( 0.1500000000000000500, -1.082376266918692709, 2.406249027890632775 ) ) ;
#191 = EDGE_CURVE ( 'NONE', #5169, #4015, #2616, .T. ) ;
#192 = DIRECTION ( 'NONE',  ( -1.000000000000000000, -0.000000000000000000, -0.000000000000000000 ) ) ;
#193 = CARTESIAN_POINT ( 'NONE',  ( 0.09999999999999996392, -1.185459642322204132, 2.387279034487034046 ) ) ;
#194 = CARTESIAN_POINT ( 'NONE',  ( 0.09999999999999997780, -1.202362512283117191, 2.894523302787048280 ) ) ;
#195 = CARTESIAN_POINT ( 'NONE',  ( 0.1000000000000000056, -1.196025462110027249, 2.159145605756217723 ) ) ;
#196 = VECTOR ( 'NONE', #3853, 39.37007874015748143 ) ;
#197 = EDGE_LOOP ( 'NONE', ( #5553, #4231 ) ) ;
#198 = CARTESIAN_POINT ( 'NONE',  ( 0.1499999999999999944, -1.156730769230769118, 2.319978365384615326 ) ) ;
#199 = FACE_BOUND ( 'NONE', #6238, .T. ) ;
#200 = CARTESIAN_POINT ( 'NONE',  ( 0.1499999999999999944, -1.201294134192038232, 2.882442528956354000 ) ) ;
#201 = B_SPLINE_SURFACE_WITH_KNOTS ( 'NONE', 3, 1, ( 
 ( #1437, #5905 ),
 ( #673, #3008 ),
 ( #2435, #4762 ),
 ( #400, #7435 ),
 ( #3341, #1512 ),
 ( #320, #4448 ),
 ( #4373, #2610 ),
 ( #7394, #2077 ),
 ( #6131, #4942 ),
 ( #5022, #438 ),
 ( #4484, #3305 ),
 ( #5637, #2037 ),
 ( #4410, #2731 ),
 ( #4985, #6211 ),
 ( #939, #5103 ),
 ( #1551, #2769 ),
 ( #7276, #5675 ),
 ( #5599, #3187 ),
 ( #282, #2650 ) ),
 .UNSPECIFIED., .F., .F., .F.,
 ( 4, 1, 1, 1, 1, 1, 1, 1, 1, 1, 1, 1, 1, 1, 1, 1, 4 ),
 ( 2, 2 ),
 ( 0.000000000000000000, 0.07101932375316394319, 0.1400670345734994493, 0.2079989261083245444, 0.2742251114628465047, 0.3395798616722640051, 0.4040446908347355426, 0.4672943711913419285, 0.5301599921914486035, 0.5921547739204139349, 0.6526822244308899679, 0.7122445649445237059, 0.7708374972521095936, 0.8287687486799784065, 0.8858448000644116860, 0.9430149445039127665, 1.000000000000000000 ),
 ( 0.000000000000000000, 1.000000000000000000 ),
 .UNSPECIFIED. ) ;
#202 = CARTESIAN_POINT ( 'NONE',  ( 0.1000000000000000056, -1.109904449078670696, 3.408605836603621153 ) ) ;
#203 = CARTESIAN_POINT ( 'NONE',  ( 0.1000000000000000472, -1.064031518860873993, 2.407630476203226788 ) ) ;
#204 = CARTESIAN_POINT ( 'NONE',  ( 0.1500000000000000500, -1.029996144975524386, 3.582899119657478426 ) ) ;
#205 = ORIENTED_EDGE ( 'NONE', *, *, #1500, .F. ) ;
#206 = CARTESIAN_POINT ( 'NONE',  ( 0.09999999999999997780, -1.182890876315720430, 3.120175470848754351 ) ) ;
#207 = EDGE_LOOP ( 'NONE', ( #2700, #3348 ) ) ;
#208 = CARTESIAN_POINT ( 'NONE',  ( 0.1499999999999999944, -1.172302068600834302, 2.221360299918130998 ) ) ;
#209 = CARTESIAN_POINT ( 'NONE',  ( 0.1000000000000000056, -1.076069714829770207, 3.724504012089486782 ) ) ;
#210 = DIRECTION ( 'NONE',  ( 3.961642782252471650E-14, 1.000000000000000000, 0.000000000000000000 ) ) ;
#211 = APPLICATION_PROTOCOL_DEFINITION ( 'international standard', 'config_control_design', 1994, #6308 ) ;
#212 = CARTESIAN_POINT ( 'NONE',  ( 0.1499999999999999944, -1.125656813312067461, 2.969877841149344277 ) ) ;
#213 = CARTESIAN_POINT ( 'NONE',  ( 0.1500000000000000500, -1.040259525749432035, 3.665789882564062019 ) ) ;
#214 = ORIENTED_EDGE ( 'NONE', *, *, #3548, .T. ) ;
#215 = AXIS2_PLACEMENT_3D ( 'NONE', #2295, #4624, #2899 ) ;
#216 = CARTESIAN_POINT ( 'NONE',  ( 0.1000000000000000472, -1.202403846153846212, 2.187225961538461494 ) ) ;
#217 = AXIS2_PLACEMENT_3D ( 'NONE', #5353, #1257, #3549 ) ;
#218 = CARTESIAN_POINT ( 'NONE',  ( 0.1499999999999999944, -1.116033485498254096, 2.317411594354075177 ) ) ;
#219 = CARTESIAN_POINT ( 'NONE',  ( 0.1000000000000000194, -1.131954217109968797, 3.067651839002956127 ) ) ;
#220 = CARTESIAN_POINT ( 'NONE',  ( 0.1499999999999999944, -1.202352205270519336, 3.134886551138306832 ) ) ;
#221 = ORIENTED_EDGE ( 'NONE', *, *, #2488, .F. ) ;
#222 = CARTESIAN_POINT ( 'NONE',  ( 0.1499999999999999944, -1.095845853365384537, 2.207057692307692331 ) ) ;
#223 = CARTESIAN_POINT ( 'NONE',  ( 0.09999999999999999167, -1.040259525749432035, 3.665789882564062019 ) ) ;
#224 = VECTOR ( 'NONE', #4201, 39.37007874015748143 ) ;
#225 = CARTESIAN_POINT ( 'NONE',  ( 0.09999999999999999167, -1.145283214943406236, 2.967780548561368636 ) ) ;
#226 = EDGE_CURVE ( 'NONE', #3648, #2013, #487, .T. ) ;
#227 = FACE_OUTER_BOUND ( 'NONE', #1870, .T. ) ;
#228 = CARTESIAN_POINT ( 'NONE',  ( 0.1000000000000000056, -1.183849158653845990, 2.235903846153846075 ) ) ;
#229 = CYLINDRICAL_SURFACE ( 'NONE', #954, 0.06889763999999991284 ) ;
#230 = CARTESIAN_POINT ( 'NONE',  ( 0.1499999999999999944, -1.046760757060072100, 3.706956056086633922 ) ) ;
#231 = CARTESIAN_POINT ( 'NONE',  ( 0.1500000000000000500, -1.135096153846153699, 2.295038461538461583 ) ) ;
#232 = EDGE_CURVE ( 'NONE', #1931, #5366, #4787, .T. ) ;
#233 = CARTESIAN_POINT ( 'NONE',  ( 0.1000000000000000056, -1.375000000000000444, 3.685039370000000147 ) ) ;
#234 = EDGE_CURVE ( 'NONE', #3199, #6643, #5154, .T. ) ;
#235 = CARTESIAN_POINT ( 'NONE',  ( 0.1000000000000000056, -1.176328817278258221, 2.859212997687170965 ) ) ;
#236 = ADVANCED_FACE ( 'NONE', ( #7484 ), #2889, .T. ) ;
#237 = EDGE_LOOP ( 'NONE', ( #111, #1487 ) ) ;
#238 = CARTESIAN_POINT ( 'NONE',  ( 0.1000000000000000056, -1.158571213942307665, 3.189554687500000263 ) ) ;
#239 = FACE_BOUND ( 'NONE', #197, .T. ) ;
#240 = CARTESIAN_POINT ( 'NONE',  ( 0.1500000000000000500, -1.144010901698681248, 2.174353026025805935 ) ) ;
#241 = CARTESIAN_POINT ( 'NONE',  ( 0.1000000000000000056, -1.199999999999999956, 3.412826923076923258 ) ) ;
#242 = CARTESIAN_POINT ( 'NONE',  ( 0.1500000000000000500, -1.067132074299359301, 2.342117759783722164 ) ) ;
#243 = ADVANCED_FACE ( 'NONE', ( #5308 ), #4898, .T. ) ;
#244 = CARTESIAN_POINT ( 'NONE',  ( 0.1000000000000000056, -1.026923076923076827, 3.611497295673076646 ) ) ;
#245 = ORIENTED_EDGE ( 'NONE', *, *, #7234, .F. ) ;
#246 = ORIENTED_EDGE ( 'NONE', *, *, #2148, .F. ) ;
#247 = CARTESIAN_POINT ( 'NONE',  ( 0.1500000000000000500, -1.062436375517637810, 3.335131104300465665 ) ) ;
#248 = CARTESIAN_POINT ( 'NONE',  ( 0.000000000000000000, 1.125984251968504157, 2.999999999999999556 ) ) ;
#249 = CARTESIAN_POINT ( 'NONE',  ( 0.1499999999999999944, -1.202403846153846212, 2.900777644230769337 ) ) ;
#250 = APPROVAL_STATUS ( 'not_yet_approved' ) ;
#251 = CARTESIAN_POINT ( 'NONE',  ( 0.1499999999999999944, -1.181644063806390310, 2.142843136962885531 ) ) ;
#252 = LINE ( 'NONE', #6675, #7121 ) ;
#253 = ORIENTED_EDGE ( 'NONE', *, *, #3597, .F. ) ;
#254 = CARTESIAN_POINT ( 'NONE',  ( 0.1499999999999999944, -1.141631610576922862, 2.145421574519230656 ) ) ;
#255 = CARTESIAN_POINT ( 'NONE',  ( 0.1500000000000000500, -1.091833149406058245, 2.333412108737696222 ) ) ;
#256 = CARTESIAN_POINT ( 'NONE',  ( 0.1000000000000000056, -1.181892427145812441, 3.082930441894356832 ) ) ;
#257 = CARTESIAN_POINT ( 'NONE',  ( 0.1499999999999999944, -1.077403846153845990, 3.356862379807692420 ) ) ;
#258 = ORIENTED_EDGE ( 'NONE', *, *, #2895, .T. ) ;
#259 = CARTESIAN_POINT ( 'NONE',  ( 0.09999999999999999167, -1.095845853365384537, 2.207057692307692331 ) ) ;
#260 = CARTESIAN_POINT ( 'NONE',  ( 0.1499999999999999667, -1.110328421392415832, 2.965121465623525410 ) ) ;
#261 = CARTESIAN_POINT ( 'NONE',  ( 0.1499999999999999667, -1.084542401740848261, 2.411184526047531307 ) ) ;
#262 = CARTESIAN_POINT ( 'NONE',  ( 0.09999999999999997780, -1.186999439606477802, 2.841389568032099966 ) ) ;
#263 = CARTESIAN_POINT ( 'NONE',  ( 0.09999999999999997780, -1.122997100115546765, 2.990980606463204072 ) ) ;
#264 = CARTESIAN_POINT ( 'NONE',  ( 0.1500000000000000500, -1.132442865070772742, 3.089279773013537067 ) ) ;
#265 = CARTESIAN_POINT ( 'NONE',  ( 0.1499999999999999667, -1.009295077335137902, 3.635241430845390198 ) ) ;
#266 = VECTOR ( 'NONE', #5193, 39.37007874015748143 ) ;
#267 = CARTESIAN_POINT ( 'NONE',  ( 0.1500000000000000500, -1.159750370227895511, 2.434492981769119879 ) ) ;
#268 = LINE ( 'NONE', #233, #6332 ) ;
#269 = CARTESIAN_POINT ( 'NONE',  ( 0.1499999999999999944, -1.186416876802121489, 3.683260918505341763 ) ) ;
#270 = ORIENTED_EDGE ( 'NONE', *, *, #5339, .F. ) ;
#271 = DIRECTION ( 'NONE',  ( -1.000000000000000000, -0.000000000000000000, -0.000000000000000000 ) ) ;
#272 = FACE_BOUND ( 'NONE', #5293, .T. ) ;
#273 = EDGE_CURVE ( 'NONE', #6818, #1736, #4726, .T. ) ;
#274 = CARTESIAN_POINT ( 'NONE',  ( 0.1499999999999999944, -1.079113027069119157, 2.836312465339710265 ) ) ;
#275 = CARTESIAN_POINT ( 'NONE',  ( 0.1500000000000000500, -1.039263785885439662, 3.557480683993618165 ) ) ;
#276 = CARTESIAN_POINT ( 'NONE',  ( 0.1000000000000000056, -1.032826123664716267, 3.648897779022451715 ) ) ;
#277 = ORIENTED_EDGE ( 'NONE', *, *, #143, .F. ) ;
#278 = DIRECTION ( 'NONE',  ( -1.000000000000000000, 0.000000000000000000, -0.000000000000000000 ) ) ;
#279 = VERTEX_POINT ( 'NONE', #1823 ) ;
#280 = CARTESIAN_POINT ( 'NONE',  ( 0.1499999999999999944, -1.080036224474819617, 3.305343738731452596 ) ) ;
#281 = CARTESIAN_POINT ( 'NONE',  ( 0.1499999999999999944, -1.098544010655639003, 2.429043616282668516 ) ) ;
#282 = CARTESIAN_POINT ( 'NONE',  ( 0.1499999999999999944, -1.046905048076922862, 3.515230769230769159 ) ) ;
#283 = CARTESIAN_POINT ( 'NONE',  ( 0.1000000000000000056, -1.161538461538461409, 2.840080528846153918 ) ) ;
#284 = CARTESIAN_POINT ( 'NONE',  ( 0.1500000000000000500, -1.080037551089143122, 2.438104663734552702 ) ) ;
#285 = ORIENTED_EDGE ( 'NONE', *, *, #3504, .F. ) ;
#286 = CARTESIAN_POINT ( 'NONE',  ( 0.1499999999999999667, -1.145742380883188583, 2.171295377813634353 ) ) ;
#287 = CARTESIAN_POINT ( 'NONE',  ( 0.1499999999999999667, -1.167962473456259476, 3.208172274687550729 ) ) ;
#288 = CARTESIAN_POINT ( 'NONE',  ( 0.1000000000000000056, -1.165482271634614930, 3.515230769230769159 ) ) ;
#289 = CARTESIAN_POINT ( 'NONE',  ( 0.1000000000000000056, 8.195543980992789655E-16, 0.000000000000000000 ) ) ;
#290 = ORIENTED_EDGE ( 'NONE', *, *, #6378, .T. ) ;
#291 = VECTOR ( 'NONE', #3374, 39.37007874015748143 ) ;
#292 = APPLICATION_CONTEXT ( 'configuration controlled 3d designs of mechanical parts and assemblies' ) ;
#293 = VECTOR ( 'NONE', #6195, 39.37007874015748143 ) ;
#294 = VECTOR ( 'NONE', #6094, 39.37007874015748143 ) ;
#295 = CARTESIAN_POINT ( 'NONE',  ( 0.1000000000000000056, -1.077403846153845990, 2.899801081730768892 ) ) ;
#296 = VERTEX_POINT ( 'NONE', #1862 ) ;
#297 = CARTESIAN_POINT ( 'NONE',  ( 0.1000000000000000056, 2.499999999999997780, 0.1249999999999994865 ) ) ;
#298 = CARTESIAN_POINT ( 'NONE',  ( 0.1000000000000000194, -1.176654328248240011, 2.939480799300960179 ) ) ;
#299 = CARTESIAN_POINT ( 'NONE',  ( 0.1000000000000000056, -1.197804962945539842, 2.865604039540923687 ) ) ;
#300 = CARTESIAN_POINT ( 'NONE',  ( 0.1000000000000000194, -1.065815638858437220, 2.935482836747784319 ) ) ;
#301 = DIRECTION ( 'NONE',  ( 1.000000000000000000, 0.000000000000000000, 0.000000000000000000 ) ) ;
#302 = CARTESIAN_POINT ( 'NONE',  ( 0.1500000000000000500, -1.170855333565271605, 3.553578630204308197 ) ) ;
#303 = CARTESIAN_POINT ( 'NONE',  ( 0.1499999999999999944, -1.007692307692307665, 3.611046574519230834 ) ) ;
#304 = CARTESIAN_POINT ( 'NONE',  ( 0.1000000000000000056, 4.375000000000000000, 3.814960630000001185 ) ) ;
#305 = CARTESIAN_POINT ( 'NONE',  ( 0.09999999999999989453, -1.132051432861949092, 2.157382355504460225 ) ) ;
#306 = CARTESIAN_POINT ( 'NONE',  ( 0.1000000000000000472, -1.161538461538461409, 2.840080528846153918 ) ) ;
#307 = ORIENTED_EDGE ( 'NONE', *, *, #3410, .T. ) ;
#308 = CARTESIAN_POINT ( 'NONE',  ( 0.1499999999999999944, -1.181528552181342562, 3.164969436692847804 ) ) ;
#309 = CARTESIAN_POINT ( 'NONE',  ( 0.1000000000000000056, -1.130789789945720880, 3.214251767085689160 ) ) ;
#310 = CARTESIAN_POINT ( 'NONE',  ( 0.09999999999999999167, -1.069420394483568959, 2.853386456876225719 ) ) ;
#311 = CARTESIAN_POINT ( 'NONE',  ( 0.1000000000000000056, -1.075319365713363950, 3.700645455519229632 ) ) ;
#312 = VECTOR ( 'NONE', #6637, 39.37007874015748143 ) ;
#313 = ORIENTED_EDGE ( 'NONE', *, *, #5887, .T. ) ;
#314 = DIRECTION ( 'NONE',  ( 1.000000000000000000, 0.000000000000000000, -0.000000000000000000 ) ) ;
#315 = EDGE_CURVE ( 'NONE', #1370, #6444, #887, .T. ) ;
#316 = EDGE_LOOP ( 'NONE', ( #3422, #2110, #4733, #6867 ) ) ;
#317 = DIRECTION ( 'NONE',  ( -1.000000000000000000, -0.000000000000000000, -0.000000000000000000 ) ) ;
#318 = CARTESIAN_POINT ( 'NONE',  ( 0.1499999999999999944, -1.085920158614494424, 3.327964086706681979 ) ) ;
#319 = DIRECTION ( 'NONE',  ( 1.000000000000000000, -0.000000000000000000, -0.000000000000000000 ) ) ;
#320 = CARTESIAN_POINT ( 'NONE',  ( 0.1499999999999999944, -1.010231485317245603, 3.581922177752814296 ) ) ;
#321 = ADVANCED_FACE ( 'NONE', ( #2510 ), #4268, .T. ) ;
#322 = CARTESIAN_POINT ( 'NONE',  ( 0.1000000000000000056, -1.135096153846153699, 2.295038461538461583 ) ) ;
#323 = CARTESIAN_POINT ( 'NONE',  ( 0.09999999999999997780, -1.066787874003579883, 2.416033311521476712 ) ) ;
#324 = B_SPLINE_SURFACE_WITH_KNOTS ( 'NONE', 3, 1, ( 
 ( #1994, #6627 ),
 ( #3144, #3789 ),
 ( #1394, #6048 ),
 ( #4330, #6664 ),
 ( #1430, #3751 ),
 ( #2603, #7194 ),
 ( #6088, #2029 ),
 ( #275, #853 ),
 ( #3180, #890 ),
 ( #6122, #5514 ),
 ( #4935, #1959 ),
 ( #10, #4209 ),
 ( #5852, #7075 ),
 ( #692, #3559 ),
 ( #616, #5287 ),
 ( #581, #4170 ),
 ( #5816, #6996 ),
 ( #3065, #5397 ),
 ( #3025, #2373 ) ),
 .UNSPECIFIED., .F., .F., .F.,
 ( 4, 1, 1, 1, 1, 1, 1, 1, 1, 1, 1, 1, 1, 1, 1, 1, 4 ),
 ( 2, 2 ),
 ( 0.000000000000000000, 0.05994957549427404331, 0.1196716492941280602, 0.1793549460476805413, 0.2388393082864028738, 0.2987811598129190838, 0.3588896282244962155, 0.4197102617613997499, 0.4814181726665623384, 0.5437769470269314676, 0.6063935809615715877, 0.6694376371545921467, 0.7335825503884458865, 0.7984652641917832083, 0.8642874422565339776, 0.9315609924166937672, 1.000000000000000000 ),
 ( 0.000000000000000000, 1.000000000000000000 ),
 .UNSPECIFIED. ) ;
#325 = EDGE_CURVE ( 'NONE', #2831, #6596, #1897, .T. ) ;
#326 = EDGE_CURVE ( 'NONE', #4841, #6905, #751, .T. ) ;
#327 = ORIENTED_EDGE ( 'NONE', *, *, #5093, .T. ) ;
#328 = CARTESIAN_POINT ( 'NONE',  ( 0.1000000000000000056, -0.6499999999999993561, 1.010039369999999659 ) ) ;
#329 = CARTESIAN_POINT ( 'NONE',  ( 0.09999999999999992228, -1.096303652716521526, 3.400076259764825526 ) ) ;
#330 = CARTESIAN_POINT ( 'NONE',  ( 0.09999999999999999167, -1.168208741244028293, 3.073729344418123510 ) ) ;
#331 = ORIENTED_EDGE ( 'NONE', *, *, #3502, .T. ) ;
#332 = CARTESIAN_POINT ( 'NONE',  ( 0.1499999999999999944, -1.112426992274051951, 3.409467079905515785 ) ) ;
#333 = ORIENTED_EDGE ( 'NONE', *, *, #2093, .F. ) ;
#334 = EDGE_CURVE ( 'NONE', #5026, #2599, #178, .T. ) ;
#335 = CARTESIAN_POINT ( 'NONE',  ( 0.09999999999999997780, -1.086117788461538503, 2.444264723557691976 ) ) ;
#336 = ORIENTED_EDGE ( 'NONE', *, *, #4689, .F. ) ;
#337 = CARTESIAN_POINT ( 'NONE',  ( 0.1000000000000000056, -1.156730769230769118, 2.319978365384615326 ) ) ;
#338 = VECTOR ( 'NONE', #861, 39.37007874015748854 ) ;
#339 = CARTESIAN_POINT ( 'NONE',  ( 0.1000000000000000056, -1.096521935096153699, 2.228692307692307750 ) ) ;
#340 = AXIS2_PLACEMENT_3D ( 'NONE', #28, #5151, #5226 ) ;
#341 = PLANE ( 'NONE',  #4831 ) ;
#342 = CARTESIAN_POINT ( 'NONE',  ( 0.09999999999999999167, -1.148304618389224707, 3.412824811353339260 ) ) ;
#343 = DIRECTION ( 'NONE',  ( 0.000000000000000000, -0.000000000000000000, 1.000000000000000000 ) ) ;
#344 = AXIS2_PLACEMENT_3D ( 'NONE', #4281, #6696, #6619 ) ;
#345 = FACE_OUTER_BOUND ( 'NONE', #1396, .T. ) ;
#346 = CARTESIAN_POINT ( 'NONE',  ( 0.1499999999999999944, -1.167013178630853298, 3.516616186194574833 ) ) ;
#347 = CARTESIAN_POINT ( 'NONE',  ( 0.1000000000000000056, -1.029069232284186342, 3.686925229609522070 ) ) ;
#348 = CARTESIAN_POINT ( 'NONE',  ( 0.09999999999999999167, -1.185537265545767660, 2.383206732097740144 ) ) ;
#349 = CARTESIAN_POINT ( 'NONE',  ( 0.1500000000000000500, -1.139178179912680333, 2.147756564528627621 ) ) ;
#350 = CARTESIAN_POINT ( 'NONE',  ( 0.1499999999999999389, -1.153258327219494062, 2.162183850611655522 ) ) ;
#351 = ORIENTED_EDGE ( 'NONE', *, *, #3035, .F. ) ;
#352 = CARTESIAN_POINT ( 'NONE',  ( 0.09999999999999997780, -1.178384548222890738, 3.171817298411422570 ) ) ;
#353 = CARTESIAN_POINT ( 'NONE',  ( 0.1499999999999999944, -1.201339992582550531, 3.157975697237464185 ) ) ;
#354 = CARTESIAN_POINT ( 'NONE',  ( 0.1499999999999999944, -1.011446955265153269, 3.646630665401022320 ) ) ;
#355 = EDGE_LOOP ( 'NONE', ( #1635, #258 ) ) ;
#356 = CARTESIAN_POINT ( 'NONE',  ( 0.1499999999999999944, -1.199999999999999956, 3.314269230769230745 ) ) ;
#357 = ORIENTED_EDGE ( 'NONE', *, *, #882, .T. ) ;
#358 = CARTESIAN_POINT ( 'NONE',  ( 0.09999999999999993616, -1.074803169091790744, 3.310532073356328819 ) ) ;
#359 = CARTESIAN_POINT ( 'NONE',  ( 0.09999999999999997780, -1.082553014272638947, 3.333046135444496905 ) ) ;
#360 = CARTESIAN_POINT ( 'NONE',  ( 0.1000000000000000056, -1.113039484267176915, 2.224423348967925040 ) ) ;
#361 = CARTESIAN_POINT ( 'NONE',  ( 0.09999999999999993616, -1.172017728365384537, 3.701341045673076646 ) ) ;
#362 = B_SPLINE_CURVE_WITH_KNOTS ( 'NONE', 3,
 ( #1533, #346, #7301, #2789, #5041, #5004, #2674, #961, #2751, #6843, #2136, #3816, #4506, #6192, #6728, #922, #3289, #5622, #6805 ),
 .UNSPECIFIED., .F., .F.,
 ( 4, 1, 1, 1, 1, 1, 1, 1, 1, 1, 1, 1, 1, 1, 1, 1, 4 ),
 ( 0.000000000000000000, 0.05811581016691121093, 0.1164460725150090054, 0.1747113357836440339, 0.2333633948781232981, 0.2925090461401750885, 0.3522347601666270256, 0.4129282313896291412, 0.4747714597949758142, 0.5371517567132719773, 0.6001306581463299317, 0.6639998652573253501, 0.7285732489498654152, 0.7946331310538622406, 0.8616610674295327454, 0.9298430951857467042, 1.000000000000000000 ),
 .UNSPECIFIED. ) ;
#363 = CARTESIAN_POINT ( 'NONE',  ( 0.1500000000000000500, -1.098071244210898412, 3.318710932153624338 ) ) ;
#364 = FACE_OUTER_BOUND ( 'NONE', #2209, .T. ) ;
#365 = ORIENTED_EDGE ( 'NONE', *, *, #7563, .T. ) ;
#366 = DIRECTION ( 'NONE',  ( -1.000000000000000000, -0.000000000000000000, -0.000000000000000000 ) ) ;
#367 = B_SPLINE_CURVE_WITH_KNOTS ( 'NONE', 3,
 ( #7219, #4964, #5040, #3702, #7300, #3244, #1532, #7377, #6035, #842, #4393, #5579, #1492, #5469, #3778, #1984, #921, #6727, #4319 ),
 .UNSPECIFIED., .F., .F.,
 ( 4, 1, 1, 1, 1, 1, 1, 1, 1, 1, 1, 1, 1, 1, 1, 1, 4 ),
 ( 0.000000000000000000, 0.05572556535259641508, 0.1108177014802080446, 0.1658192701684362558, 0.2210523949651257147, 0.2777675951584908098, 0.3351017729230191255, 0.3948611179040878993, 0.4560548517212505981, 0.5190375860260039165, 0.5827256078884064383, 0.6482349773349423971, 0.7148701286212969519, 0.7824945017476244713, 0.8526062420939843900, 0.9254548141057890032, 1.000000000000000000 ),
 .UNSPECIFIED. ) ;
#368 = CARTESIAN_POINT ( 'NONE',  ( 0.1500000000000000500, -1.166701386914075433, 2.303700679464168566 ) ) ;
#369 = CARTESIAN_POINT ( 'NONE',  ( 0.1000000000000000056, -1.185491682314883111, 2.902898121375770746 ) ) ;
#370 = VERTEX_POINT ( 'NONE', #1252 ) ;
#371 = CARTESIAN_POINT ( 'NONE',  ( 0.1499999999999999944, -1.145160986899358413, 2.462028505987008398 ) ) ;
#372 = ORIENTED_EDGE ( 'NONE', *, *, #6072, .T. ) ;
#373 = CARTESIAN_POINT ( 'NONE',  ( 0.1499999999999999944, -1.102329133085771184, 2.205646955781855212 ) ) ;
#374 = EDGE_LOOP ( 'NONE', ( #3513, #5883 ) ) ;
#375 = CARTESIAN_POINT ( 'NONE',  ( 0.09999999999999999167, -1.100938300089356670, 3.707444957456094592 ) ) ;
#376 = CARTESIAN_POINT ( 'NONE',  ( 0.09999999999999997780, -1.132927583292774765, 3.725429468239560560 ) ) ;
#377 = CARTESIAN_POINT ( 'NONE',  ( 0.09999999999999999167, -1.077403846153845990, 2.378572115384615326 ) ) ;
#378 = CARTESIAN_POINT ( 'NONE',  ( 0.1000000000000000056, -1.202403846153846212, 3.140801682692307306 ) ) ;
#379 = CARTESIAN_POINT ( 'NONE',  ( 0.09999999999999999167, -1.077570282572979155, 2.907114896637648993 ) ) ;
#380 = CARTESIAN_POINT ( 'NONE',  ( 0.1000000000000000056, -1.173905442761968621, 2.337460564323259771 ) ) ;
#381 = VECTOR ( 'NONE', #2598, 39.37007874015748143 ) ;
#382 = CARTESIAN_POINT ( 'NONE',  ( 0.1000000000000000056, 0.5000000000000014433, 0.1249999999999994865 ) ) ;
#383 = CARTESIAN_POINT ( 'NONE',  ( 0.1499999999999999944, -1.185576923076922862, 3.610145132211538321 ) ) ;
#384 = LINE ( 'NONE', #3361, #4612 ) ;
#385 = MECHANICAL_CONTEXT ( 'NONE', #292, 'mechanical' ) ;
#386 = CARTESIAN_POINT ( 'NONE',  ( 0.1499999999999999944, -1.077403846153845990, 3.356862379807692420 ) ) ;
#387 = CARTESIAN_POINT ( 'NONE',  ( 0.1000000000000000472, -1.185507947089500025, 2.896679857253698032 ) ) ;
#388 = ORIENTED_EDGE ( 'NONE', *, *, #6807, .F. ) ;
#389 = CARTESIAN_POINT ( 'NONE',  ( 0.1000000000000000194, -1.029996144975524386, 3.582899119657478426 ) ) ;
#390 = CARTESIAN_POINT ( 'NONE',  ( 0.09999999999999997780, -1.158889401149716170, 3.211198159142100828 ) ) ;
#391 = B_SPLINE_SURFACE_WITH_KNOTS ( 'NONE', 3, 1, ( 
 ( #3419, #1130 ),
 ( #7553, #2843 ),
 ( #5182, #7514 ),
 ( #5105, #1734 ),
 ( #7437, #2275 ),
 ( #21, #3342 ),
 ( #5676, #4067 ) ),
 .UNSPECIFIED., .F., .F., .F.,
 ( 4, 1, 1, 1, 4 ),
 ( 2, 2 ),
 ( 0.000000000000000000, 0.2308662236795369915, 0.4653081910428580881, 0.7200276049602698514, 1.000000000000000000 ),
 ( 0.000000000000000000, 1.000000000000000000 ),
 .UNSPECIFIED. ) ;
#392 = CARTESIAN_POINT ( 'NONE',  ( 0.1000000000000000472, -1.107304717150106477, 2.202086127965239282 ) ) ;
#393 = EDGE_LOOP ( 'NONE', ( #5164, #2065, #914, #2551 ) ) ;
#394 = EDGE_CURVE ( 'NONE', #7197, #3832, #7469, .T. ) ;
#395 = DIRECTION ( 'NONE',  ( -1.000000000000000000, -0.000000000000000000, -0.000000000000000000 ) ) ;
#396 = ORIENTED_EDGE ( 'NONE', *, *, #5612, .F. ) ;
#397 = CARTESIAN_POINT ( 'NONE',  ( 0.1500000000000000500, -1.185533964113955507, 2.190471233254414951 ) ) ;
#398 = CARTESIAN_POINT ( 'NONE',  ( 0.1499999999999999944, -1.079987163100091241, 3.338881218886675217 ) ) ;
#399 = FACE_OUTER_BOUND ( 'NONE', #7491, .T. ) ;
#400 = CARTESIAN_POINT ( 'NONE',  ( 0.1499999999999999944, -1.008271957451300382, 3.596131946835386284 ) ) ;
#401 = CARTESIAN_POINT ( 'NONE',  ( 0.1000000000000000472, -1.097588767470898174, 2.305161996539830227 ) ) ;
#402 = CARTESIAN_POINT ( 'NONE',  ( 0.1499999999999999944, -1.163912676631701393, 2.431427097121364511 ) ) ;
#403 = ORIENTED_EDGE ( 'NONE', *, *, #2990, .T. ) ;
#404 = CARTESIAN_POINT ( 'NONE',  ( 0.1499999999999999944, -1.134111372183708388, 2.463246806282744839 ) ) ;
#405 = B_SPLINE_CURVE_WITH_KNOTS ( 'NONE', 3,
 ( #7494, #5206, #6845, #2296, #2260, #3861, #6808, #7455, #6880, #6955, #4586, #3935, #1613, #3898, #1646, #422, #3976, #4625, #5085 ),
 .UNSPECIFIED., .F., .F.,
 ( 4, 1, 1, 1, 1, 1, 1, 1, 1, 1, 1, 1, 1, 1, 1, 1, 4 ),
 ( 0.000000000000000000, 0.07175912212235678600, 0.1413568185162085433, 0.2096163748634697066, 0.2759213510803309455, 0.3410818425055909264, 0.4046208489615322201, 0.4668848104687809419, 0.5281100911876815962, 0.5888093666971485618, 0.6484415058916602748, 0.7075322408184414602, 0.7660654861797402404, 0.8243964839230432107, 0.8827077126345650449, 0.9411818359788116650, 1.000000000000000000 ),
 .UNSPECIFIED. ) ;
#406 = CARTESIAN_POINT ( 'NONE',  ( 0.1000000000000000056, 4.375000000000000000, 3.685039369999999259 ) ) ;
#407 = CARTESIAN_POINT ( 'NONE',  ( 0.1499999999999999944, -1.077453167202452544, 2.376139487433750475 ) ) ;
#408 = CARTESIAN_POINT ( 'NONE',  ( 0.1500000000000000500, -1.169742331813428127, 2.450837932304315459 ) ) ;
#409 = ORIENTED_EDGE ( 'NONE', *, *, #4339, .F. ) ;
#410 = ORIENTED_EDGE ( 'NONE', *, *, #1867, .T. ) ;
#411 = CARTESIAN_POINT ( 'NONE',  ( 0.09999999999999999167, -1.146018965947703361, 3.191879188172347614 ) ) ;
#412 = ORIENTED_EDGE ( 'NONE', *, *, #6136, .T. ) ;
#413 = ADVANCED_FACE ( 'NONE', ( #5383 ), #142, .T. ) ;
#414 = CARTESIAN_POINT ( 'NONE',  ( 0.1000000000000000056, -1.062980769230769118, 3.214269230769230656 ) ) ;
#415 = CARTESIAN_POINT ( 'NONE',  ( 0.09999999999999999167, -1.202362512283117191, 2.894523302787048280 ) ) ;
#416 = CARTESIAN_POINT ( 'NONE',  ( 0.1499999999999999944, -1.113776089332473518, 2.437928939281008400 ) ) ;
#417 = CARTESIAN_POINT ( 'NONE',  ( 0.1499999999999999667, -1.198321556675900013, 2.347521024560321301 ) ) ;
#418 = CARTESIAN_POINT ( 'NONE',  ( 0.1500000000000000777, -1.173794254138149640, 2.162385392693020325 ) ) ;
#419 = VECTOR ( 'NONE', #5176, 39.37007874015748143 ) ;
#420 = CARTESIAN_POINT ( 'NONE',  ( 0.09999999999999999167, -1.092683085418885369, 2.423445077793924707 ) ) ;
#421 = CARTESIAN_POINT ( 'NONE',  ( 0.1499999999999999667, -1.194423780488455877, 3.100096828649076652 ) ) ;
#422 = CARTESIAN_POINT ( 'NONE',  ( 0.09999999999999999167, -1.179753940486482744, 3.692699802055399161 ) ) ;
#423 = CARTESIAN_POINT ( 'NONE',  ( 0.1499999999999999944, -1.199999999999999956, 3.412826923076923258 ) ) ;
#424 = EDGE_CURVE ( 'NONE', #4806, #2977, #7320, .T. ) ;
#425 = CARTESIAN_POINT ( 'NONE',  ( 0.1499999999999999944, -1.078758609202610463, 2.881976275826878986 ) ) ;
#426 = EDGE_CURVE ( 'NONE', #5322, #2106, #3266, .T. ) ;
#427 = ORIENTED_EDGE ( 'NONE', *, *, #6206, .T. ) ;
#428 = CARTESIAN_POINT ( 'NONE',  ( 0.1000000000000000056, -1.058173076923076383, 3.532658653846153740 ) ) ;
#429 = CARTESIAN_POINT ( 'NONE',  ( 0.09999999999999997780, -1.184766147943505876, 3.196045286549051845 ) ) ;
#430 = CARTESIAN_POINT ( 'NONE',  ( 0.1499999999999999944, -1.083157633904104022, 2.831551508098947512 ) ) ;
#431 = B_SPLINE_CURVE_WITH_KNOTS ( 'NONE', 3,
 ( #5234, #6459, #114, #2324, #2858, #4655, #5199, #2400, #679, #6494, #3508, #6949, #5839, #2932, #34, #2361, #72, #4691, #7023 ),
 .UNSPECIFIED., .F., .F.,
 ( 4, 1, 1, 1, 1, 1, 1, 1, 1, 1, 1, 1, 1, 1, 1, 1, 4 ),
 ( 0.000000000000000000, 0.06692550972027590250, 0.1322354002148085905, 0.1964689602241480038, 0.2598119892542899434, 0.3223390272336320028, 0.3842883222924521336, 0.4457027263580433663, 0.5064611771951174068, 0.5673893798295278623, 0.6280202049271451648, 0.6887219663409787085, 0.7498695162279490622, 0.8113866070287549803, 0.8733359020875732792, 0.9362836533080280965, 1.000000000000000000 ),
 .UNSPECIFIED. ) ;
#432 = VERTEX_POINT ( 'NONE', #4338 ) ;
#433 = CARTESIAN_POINT ( 'NONE',  ( 0.1000000000000000056, -1.157528652449645756, 3.091694270597444838 ) ) ;
#434 = ORIENTED_EDGE ( 'NONE', *, *, #3840, .F. ) ;
#435 = CARTESIAN_POINT ( 'NONE',  ( 0.1499999999999999944, -1.080070612980769118, 2.139749999999999819 ) ) ;
#436 = CARTESIAN_POINT ( 'NONE',  ( 0.1499999999999999944, -1.081122114611314577, 3.335849889732844797 ) ) ;
#437 = LINE ( 'NONE', #3223, #294 ) ;
#438 = CARTESIAN_POINT ( 'NONE',  ( 0.1000000000000000056, -1.017952103226871463, 3.555725511388164950 ) ) ;
#439 = DIRECTION ( 'NONE',  ( -1.000000000000000000, -0.000000000000000000, -0.000000000000000000 ) ) ;
#440 = FACE_OUTER_BOUND ( 'NONE', #6952, .T. ) ;
#441 = AXIS2_PLACEMENT_3D ( 'NONE', #3772, #7292, #4314 ) ;
#442 = EDGE_LOOP ( 'NONE', ( #2322, #1818, #3850, #1705 ) ) ;
#443 = CARTESIAN_POINT ( 'NONE',  ( 0.1499999999999999944, -1.138577085553275081, 2.463125713756939117 ) ) ;
#444 = CC_DESIGN_APPROVAL ( #7061, ( #5937 ) ) ;
#445 = CARTESIAN_POINT ( 'NONE',  ( 0.1500000000000000500, -1.133681263419233032, 3.314274139104613326 ) ) ;
#446 = CARTESIAN_POINT ( 'NONE',  ( 0.1499999999999999944, -1.164580829326923084, 2.302249999999999908 ) ) ;
#447 = VERTEX_POINT ( 'NONE', #2580 ) ;
#448 = CARTESIAN_POINT ( 'NONE',  ( 0.1000000000000000194, -1.090680317993826032, 2.154557239750859221 ) ) ;
#449 = EDGE_LOOP ( 'NONE', ( #7384, #3091, #5631, #6900 ) ) ;
#450 = ORIENTED_EDGE ( 'NONE', *, *, #4574, .F. ) ;
#451 = EDGE_LOOP ( 'NONE', ( #1751, #6741, #313, #5419 ) ) ;
#452 = CARTESIAN_POINT ( 'NONE',  ( 0.1000000000000000056, -1.160887978999038950, 2.137429569295677734 ) ) ;
#453 = CARTESIAN_POINT ( 'NONE',  ( 0.09999999999999999167, -1.194433670225488076, 3.181685356048831625 ) ) ;
#454 = LINE ( 'NONE', #7227, #1279 ) ;
#455 = CARTESIAN_POINT ( 'NONE',  ( 0.09999999999999999167, -1.180882734723318617, 2.441113674908712561 ) ) ;
#456 = PLANE ( 'NONE',  #3880 ) ;
#457 = CARTESIAN_POINT ( 'NONE',  ( 0.1499999999999999944, -1.175755952594860876, 3.562802283177744833 ) ) ;
#458 = FACE_BOUND ( 'NONE', #3519, .T. ) ;
#459 = CARTESIAN_POINT ( 'NONE',  ( 0.1000000000000000056, -1.121748432572855281, 2.178028870698595298 ) ) ;
#460 = CARTESIAN_POINT ( 'NONE',  ( 0.1000000000000000194, -1.159652094063373218, 2.985329923976476785 ) ) ;
#461 = VECTOR ( 'NONE', #4188, 39.37007874015748143 ) ;
#462 = CARTESIAN_POINT ( 'NONE',  ( 0.1500000000000000500, -1.085653071755031229, 2.226991498922850976 ) ) ;
#463 = ORIENTED_EDGE ( 'NONE', *, *, #2473, .T. ) ;
#464 = DIRECTION ( 'NONE',  ( -3.298566448006193311E-14, -1.000000000000000000, 0.000000000000000000 ) ) ;
#465 = CARTESIAN_POINT ( 'NONE',  ( 0.1499999999999999944, -1.202403846153846212, 3.140801682692307306 ) ) ;
#466 = VECTOR ( 'NONE', #2500, 39.37007874015748854 ) ;
#467 = CIRCLE ( 'NONE', #1445, 0.06889763999999991284 ) ;
#468 = CARTESIAN_POINT ( 'NONE',  ( 0.1499999999999999944, -1.007692307692307665, 3.611046574519230834 ) ) ;
#469 = ADVANCED_FACE ( 'NONE', ( #364 ), #4350, .T. ) ;
#470 = EDGE_CURVE ( 'NONE', #2890, #4073, #252, .T. ) ;
#471 = CARTESIAN_POINT ( 'NONE',  ( 0.1499999999999999944, -1.184816570101872690, 3.085832646673598134 ) ) ;
#472 = VERTEX_POINT ( 'NONE', #3800 ) ;
#473 = CARTESIAN_POINT ( 'NONE',  ( 0.1500000000000000500, -1.127782124307215250, 2.991566563909583198 ) ) ;
#474 = VECTOR ( 'NONE', #3517, 39.37007874015748143 ) ;
#475 = CARTESIAN_POINT ( 'NONE',  ( 0.1000000000000000056, -1.095240848271265666, 3.320208064971420292 ) ) ;
#476 = CARTESIAN_POINT ( 'NONE',  ( 0.1499999999999999944, -1.082836430438029796, 2.200286031037509638 ) ) ;
#477 = CARTESIAN_POINT ( 'NONE',  ( 0.1499999999999999944, -1.183217687018489395, 3.688075730715661749 ) ) ;
#478 = CARTESIAN_POINT ( 'NONE',  ( 0.1499999999999999944, -1.073380272648021272, 2.219129557051450874 ) ) ;
#479 = CARTESIAN_POINT ( 'NONE',  ( 0.1499999999999999944, -1.077477251919089829, 3.352926347890556880 ) ) ;
#480 = CARTESIAN_POINT ( 'NONE',  ( 0.1000000000000000056, -1.201459276388294306, 2.362608873428630574 ) ) ;
#481 = ORIENTED_EDGE ( 'NONE', *, *, #3327, .F. ) ;
#482 = CARTESIAN_POINT ( 'NONE',  ( 0.09999999999999997780, -1.202222697685756403, 2.388788739401316086 ) ) ;
#483 = CARTESIAN_POINT ( 'NONE',  ( 0.1499999999999999944, -1.007692307692307665, 2.747442307692307573 ) ) ;
#484 = CARTESIAN_POINT ( 'NONE',  ( 0.1499999999999999944, -1.046905048076922862, 3.515230769230769159 ) ) ;
#485 = CARTESIAN_POINT ( 'NONE',  ( 0.1499999999999999944, -1.096303652716521526, 3.400076259764825526 ) ) ;
#486 = ORIENTED_EDGE ( 'NONE', *, *, #1766, .F. ) ;
#487 = LINE ( 'NONE', #2206, #266 ) ;
#488 = VERTEX_POINT ( 'NONE', #6133 ) ;
#489 = ORIENTED_EDGE ( 'NONE', *, *, #5646, .T. ) ;
#490 = EDGE_CURVE ( 'NONE', #496, #857, #4070, .T. ) ;
#491 = CARTESIAN_POINT ( 'NONE',  ( 0.1000000000000000056, -1.135096153846153699, 2.295038461538461583 ) ) ;
#492 = CARTESIAN_POINT ( 'NONE',  ( 0.1000000000000000472, -1.192341677391517640, 3.185675404343636163 ) ) ;
#493 = CARTESIAN_POINT ( 'NONE',  ( 0.1499999999999999944, -1.178726590398328611, 2.346607938843879193 ) ) ;
#494 = CARTESIAN_POINT ( 'NONE',  ( 0.09999999999999999167, -1.157795121852302600, 2.457826212970653845 ) ) ;
#495 = CARTESIAN_POINT ( 'NONE',  ( 0.1000000000000000056, -1.177384698813871200, 2.165693053097116128 ) ) ;
#496 = VERTEX_POINT ( 'NONE', #2079 ) ;
#497 = ORIENTED_EDGE ( 'NONE', *, *, #556, .F. ) ;
#498 = FACE_BOUND ( 'NONE', #3383, .T. ) ;
#499 =( NAMED_UNIT ( * ) SI_UNIT ( $, .STERADIAN. ) SOLID_ANGLE_UNIT ( ) );
#500 = DIRECTION ( 'NONE',  ( 1.000000000000000000, 0.000000000000000000, 0.000000000000000000 ) ) ;
#501 = DIRECTION ( 'NONE',  ( -1.000000000000000000, -0.000000000000000000, -0.000000000000000000 ) ) ;
#502 = ORIENTED_EDGE ( 'NONE', *, *, #4434, .F. ) ;
#503 = CARTESIAN_POINT ( 'NONE',  ( 0.09999999999999997780, -1.184079368431045109, 2.177455719566368408 ) ) ;
#504 = LINE ( 'NONE', #6995, #6280 ) ;
#505 = LINE ( 'NONE', #4593, #4850 ) ;
#506 = DIRECTION ( 'NONE',  ( 1.000000000000000000, -0.000000000000000000, -0.000000000000000000 ) ) ;
#507 = ORIENTED_EDGE ( 'NONE', *, *, #3353, .F. ) ;
#508 = CARTESIAN_POINT ( 'NONE',  ( 0.1000000000000000194, -1.127782124307215250, 2.991566563909583198 ) ) ;
#509 = PLANE ( 'NONE',  #1033 ) ;
#510 = EDGE_CURVE ( 'NONE', #3916, #4597, #5525, .T. ) ;
#511 = CARTESIAN_POINT ( 'NONE',  ( 0.1000000000000000749, -1.185122019393631820, 3.598829838476649279 ) ) ;
#512 = CARTESIAN_POINT ( 'NONE',  ( 0.09999999999999997780, -1.176041628094067759, 3.697150746003400990 ) ) ;
#513 = CARTESIAN_POINT ( 'NONE',  ( 0.1000000000000000472, -1.182544759100601528, 3.639632838137673687 ) ) ;
#514 = CARTESIAN_POINT ( 'NONE',  ( 0.09999999999999997780, -1.181777970620216944, 2.927319678846814099 ) ) ;
#515 = CARTESIAN_POINT ( 'NONE',  ( 0.1499999999999999944, -1.129328486720323044, 2.205374235173704012 ) ) ;
#516 = CARTESIAN_POINT ( 'NONE',  ( 0.1000000000000000056, -1.195944839803997350, 2.340615545611102633 ) ) ;
#517 = VECTOR ( 'NONE', #3724, 39.37007874015748143 ) ;
#518 = CARTESIAN_POINT ( 'NONE',  ( 0.1000000000000000056, -1.060636949105351334, 2.182665434339372101 ) ) ;
#519 = ADVANCED_FACE ( 'NONE', ( #5024 ), #902, .T. ) ;
#520 = ORIENTED_EDGE ( 'NONE', *, *, #2952, .T. ) ;
#521 = CARTESIAN_POINT ( 'NONE',  ( 0.1499999999999999944, -1.202222697685756403, 2.388788739401316086 ) ) ;
#522 = CARTESIAN_POINT ( 'NONE',  ( 0.1499999999999999944, -1.182890876315720430, 3.120175470848754351 ) ) ;
#523 = CARTESIAN_POINT ( 'NONE',  ( 0.1499999999999999944, -1.157279334727324693, 3.686374456584160519 ) ) ;
#524 = CARTESIAN_POINT ( 'NONE',  ( 0.09999999999999993616, -1.178424944706132127, 3.528610239948450467 ) ) ;
#525 = CARTESIAN_POINT ( 'NONE',  ( 0.1000000000000000472, -1.119403945304282777, 2.462194286118762232 ) ) ;
#526 = ORIENTED_EDGE ( 'NONE', *, *, #3689, .F. ) ;
#527 = B_SPLINE_CURVE_WITH_KNOTS ( 'NONE', 3,
 ( #2133, #3892, #379, #6802, #5079, #6230, #5802, #5272, #568, #4119, #3432, #7565, #3469, #6418, #1828, #4729, #1143, #4083, #1219 ),
 .UNSPECIFIED., .F., .F.,
 ( 4, 1, 1, 1, 1, 1, 1, 1, 1, 1, 1, 1, 1, 1, 1, 1, 4 ),
 ( 0.000000000000000000, 0.07538041863356456651, 0.1480183761909429629, 0.2179976470007869982, 0.2856144269355257448, 0.3519032885996891680, 0.4172579648187013657, 0.4816694478545574531, 0.5460820660045282438, 0.6090029094054182357, 0.6687761388360377035, 0.7257589291498739437, 0.7811753292910766922, 0.8352616701628916562, 0.8893263775791658832, 0.9440857925406479501, 1.000000000000000000 ),
 .UNSPECIFIED. ) ;
#528 = ORIENTED_EDGE ( 'NONE', *, *, #4057, .F. ) ;
#529 = AXIS2_PLACEMENT_3D ( 'NONE', #4412, #6747, #2040 ) ;
#530 = CARTESIAN_POINT ( 'NONE',  ( 0.1000000000000000194, -1.090249399038461631, 2.420301382211538677 ) ) ;
#531 = CARTESIAN_POINT ( 'NONE',  ( 0.1500000000000000500, -1.115055963141630579, 2.297586361861134296 ) ) ;
#532 = CARTESIAN_POINT ( 'NONE',  ( 0.1000000000000000056, -1.190370504307440624, 2.428909316334320945 ) ) ;
#533 = CARTESIAN_POINT ( 'NONE',  ( 0.1499999999999999944, -1.184079368431045109, 2.177455719566368408 ) ) ;
#534 = ORIENTED_EDGE ( 'NONE', *, *, #7168, .F. ) ;
#535 = ORIENTED_EDGE ( 'NONE', *, *, #2712, .T. ) ;
#536 = CARTESIAN_POINT ( 'NONE',  ( 0.1499999999999999944, -1.129282848594624244, 2.969984550266756784 ) ) ;
#537 = APPLICATION_PROTOCOL_DEFINITION ( 'international standard', 'config_control_design', 1994, #292 ) ;
#538 = CARTESIAN_POINT ( 'NONE',  ( 0.09999999999999999167, -1.140842380834575565, 2.146172703780944158 ) ) ;
#539 = CARTESIAN_POINT ( 'NONE',  ( 0.1500000000000000500, -1.185576923076923084, 2.188991286057692776 ) ) ;
#540 = AXIS2_PLACEMENT_3D ( 'NONE', #6397, #1765, #587 ) ;
#541 = VERTEX_POINT ( 'NONE', #7280 ) ;
#542 = FACE_OUTER_BOUND ( 'NONE', #1065, .T. ) ;
#543 = CARTESIAN_POINT ( 'NONE',  ( 0.1000000000000000472, -1.139711183308850240, 2.991431675447401517 ) ) ;
#544 = CARTESIAN_POINT ( 'NONE',  ( 0.1499999999999999944, -1.009092935659098522, 3.588938500968953171 ) ) ;
#545 = CARTESIAN_POINT ( 'NONE',  ( 0.1499999999999999944, -1.007692307692307665, 2.560903846153845809 ) ) ;
#546 = CARTESIAN_POINT ( 'NONE',  ( 0.09999999999999999167, -1.131000431455710276, 2.991637460933895820 ) ) ;
#547 = LINE ( 'NONE', #3988, #7008 ) ;
#548 = DIRECTION ( 'NONE',  ( -1.000000000000000000, -0.000000000000000000, -0.000000000000000000 ) ) ;
#549 = CARTESIAN_POINT ( 'NONE',  ( 0.1499999999999999944, -1.189343250468732904, 3.678247015412193122 ) ) ;
#550 = CARTESIAN_POINT ( 'NONE',  ( 0.1499999999999999944, -1.096521935096153699, 2.228692307692307750 ) ) ;
#551 = CARTESIAN_POINT ( 'NONE',  ( 0.09999999999999997780, -1.134718245661936242, 2.969942842239518654 ) ) ;
#552 = CARTESIAN_POINT ( 'NONE',  ( 0.1499999999999999944, -1.122359742289298579, 2.215934352474791869 ) ) ;
#553 = CARTESIAN_POINT ( 'NONE',  ( 0.1000000000000000056, -1.070933907784116235, 2.333995849886510765 ) ) ;
#554 = CARTESIAN_POINT ( 'NONE',  ( 0.09999999999999999167, -1.077550949479708420, 2.371316639836771767 ) ) ;
#555 = ORIENTED_EDGE ( 'NONE', *, *, #3502, .F. ) ;
#556 = EDGE_CURVE ( 'NONE', #3278, #1345, #1002, .T. ) ;
#557 = CARTESIAN_POINT ( 'NONE',  ( 0.1499999999999999667, -1.175440771783051952, 2.446304958714372813 ) ) ;
#558 = CARTESIAN_POINT ( 'NONE',  ( 0.1499999999999999944, -1.046905048076922862, 3.515230769230769159 ) ) ;
#559 = CARTESIAN_POINT ( 'NONE',  ( 0.1000000000000000056, 1.874015748031496509, 2.999999999999999556 ) ) ;
#560 = CARTESIAN_POINT ( 'NONE',  ( 0.09999999999999993616, -1.204735716006533286, 3.603339034913673355 ) ) ;
#561 = CARTESIAN_POINT ( 'NONE',  ( 0.1000000000000000056, -1.129328486720323044, 2.205374235173704012 ) ) ;
#562 = EDGE_CURVE ( 'NONE', #7327, #5408, #3952, .T. ) ;
#563 = EDGE_CURVE ( 'NONE', #2977, #3079, #5183, .T. ) ;
#564 = AXIS2_PLACEMENT_3D ( 'NONE', #3492, #1096, #2881 ) ;
#565 = EDGE_CURVE ( 'NONE', #1264, #5641, #6291, .T. ) ;
#566 = ORIENTED_EDGE ( 'NONE', *, *, #3313, .F. ) ;
#567 = DIRECTION ( 'NONE',  ( -1.000000000000000000, -0.000000000000000000, -0.000000000000000000 ) ) ;
#568 = CARTESIAN_POINT ( 'NONE',  ( 0.1000000000000000056, -1.089289400218183879, 2.944972933156915218 ) ) ;
#569 = CARTESIAN_POINT ( 'NONE',  ( 0.1499999999999999944, -1.202351043023397903, 3.146729249281240648 ) ) ;
#570 = CARTESIAN_POINT ( 'NONE',  ( 0.1500000000000000500, -1.169902505022740513, 2.160181971597720185 ) ) ;
#571 = ORIENTED_EDGE ( 'NONE', *, *, #4956, .T. ) ;
#572 = EDGE_CURVE ( 'NONE', #6837, #5956, #7193, .T. ) ;
#573 = ORIENTED_EDGE ( 'NONE', *, *, #5907, .F. ) ;
#574 = DIRECTION ( 'NONE',  ( 0.000000000000000000, 0.000000000000000000, 1.000000000000000000 ) ) ;
#575 = CARTESIAN_POINT ( 'NONE',  ( 0.1499999999999999944, -1.185576923076922862, 3.140651442307692331 ) ) ;
#576 = CARTESIAN_POINT ( 'NONE',  ( 0.1000000000000000472, -1.060576923076923084, 2.379623798076923258 ) ) ;
#577 = CARTESIAN_POINT ( 'NONE',  ( 0.1499999999999999944, -1.099516396798791984, 2.841939358189642384 ) ) ;
#578 = ORIENTED_EDGE ( 'NONE', *, *, #4899, .T. ) ;
#579 = CARTESIAN_POINT ( 'NONE',  ( 0.09999999999999999167, -1.026942028658551109, 3.609506063623069583 ) ) ;
#580 = CARTESIAN_POINT ( 'NONE',  ( 0.1000000000000000056, -1.074803169091790744, 3.310532073356328819 ) ) ;
#581 = CARTESIAN_POINT ( 'NONE',  ( 0.1500000000000000500, -1.027361397951075173, 3.599703439453565412 ) ) ;
#582 = DIRECTION ( 'NONE',  ( -1.000000000000000000, -0.000000000000000000, -0.000000000000000000 ) ) ;
#583 = CARTESIAN_POINT ( 'NONE',  ( 0.1499999999999999667, -1.186999439606477802, 2.841389568032099966 ) ) ;
#584 = DIRECTION ( 'NONE',  ( -1.000000000000000000, -0.000000000000000000, -0.000000000000000000 ) ) ;
#585 = VECTOR ( 'NONE', #3228, 39.37007874015748143 ) ;
#586 = CARTESIAN_POINT ( 'NONE',  ( 0.1000000000000000194, -1.062893174483471093, 2.923954976612660239 ) ) ;
#587 = DIRECTION ( 'NONE',  ( 0.000000000000000000, 0.000000000000000000, 1.000000000000000000 ) ) ;
#588 = VECTOR ( 'NONE', #6487, 39.37007874015748143 ) ;
#589 = DIRECTION ( 'NONE',  ( 1.000000000000000000, -0.000000000000000000, -0.000000000000000000 ) ) ;
#590 = CARTESIAN_POINT ( 'NONE',  ( 0.1500000000000000500, -1.192056329135492199, 3.673066326210502996 ) ) ;
#591 = CARTESIAN_POINT ( 'NONE',  ( 0.1499999999999999667, -1.134718245661936242, 2.969942842239518654 ) ) ;
#592 = CARTESIAN_POINT ( 'NONE',  ( 0.000000000000000000, 1.500000000000000444, 2.753937010078739256 ) ) ;
#593 = ADVANCED_FACE ( 'NONE', ( #440 ), #6860, .F. ) ;
#594 = CARTESIAN_POINT ( 'NONE',  ( 0.1000000000000000056, -1.091826923076923528, 2.153271634615384400 ) ) ;
#595 = ORIENTED_EDGE ( 'NONE', *, *, #4813, .T. ) ;
#596 = CARTESIAN_POINT ( 'NONE',  ( 0.1499999999999999944, -1.007692307692307665, 2.725807692307692154 ) ) ;
#597 = ORIENTED_EDGE ( 'NONE', *, *, #4066, .T. ) ;
#598 = CARTESIAN_POINT ( 'NONE',  ( 0.1499999999999999944, -1.072456723157063863, 3.313484349324619327 ) ) ;
#599 = LINE ( 'NONE', #2926, #772 ) ;
#600 = CARTESIAN_POINT ( 'NONE',  ( 0.1499999999999999944, -1.060576923076922862, 2.184521634615384400 ) ) ;
#601 = DIRECTION ( 'NONE',  ( 0.000000000000000000, -0.000000000000000000, -1.000000000000000000 ) ) ;
#602 = CARTESIAN_POINT ( 'NONE',  ( 0.1500000000000000500, -1.077538608134190445, 2.180163405011857236 ) ) ;
#603 = EDGE_LOOP ( 'NONE', ( #3157, #409 ) ) ;
#604 = CARTESIAN_POINT ( 'NONE',  ( 0.1499999999999999944, -1.077403846153845990, 2.378572115384615326 ) ) ;
#605 = CARTESIAN_POINT ( 'NONE',  ( 0.1500000000000000500, -1.097588767470898174, 2.305161996539830227 ) ) ;
#606 = FACE_OUTER_BOUND ( 'NONE', #6207, .T. ) ;
#607 = CARTESIAN_POINT ( 'NONE',  ( 0.1000000000000000056, -1.064404709954407391, 3.377367630005891908 ) ) ;
#608 = ORIENTED_EDGE ( 'NONE', *, *, #3548, .F. ) ;
#609 = EDGE_LOOP ( 'NONE', ( #3986, #5130, #2684, #4825 ) ) ;
#610 = FACE_OUTER_BOUND ( 'NONE', #1147, .T. ) ;
#611 = DIRECTION ( 'NONE',  ( 0.000000000000000000, 0.000000000000000000, -1.000000000000000000 ) ) ;
#612 = CARTESIAN_POINT ( 'NONE',  ( 0.1000000000000000056, -1.173905442761968621, 2.337460564323259771 ) ) ;
#613 = ORIENTED_EDGE ( 'NONE', *, *, #4710, .F. ) ;
#614 = CARTESIAN_POINT ( 'NONE',  ( 0.1499999999999999944, -1.151546909042259648, 2.139245829616195138 ) ) ;
#615 = CARTESIAN_POINT ( 'NONE',  ( 0.09999999999999999167, -1.066465927490498844, 3.323616284280179300 ) ) ;
#616 = CARTESIAN_POINT ( 'NONE',  ( 0.1499999999999999667, -1.028011323706641944, 3.593979364392029030 ) ) ;
#617 = CARTESIAN_POINT ( 'NONE',  ( 0.1499999999999999944, -1.130025540865384537, 3.292634615384615326 ) ) ;
#618 = CARTESIAN_POINT ( 'NONE',  ( 0.1499999999999999944, -1.135096153846153699, 2.295038461538461583 ) ) ;
#619 = CARTESIAN_POINT ( 'NONE',  ( 0.1000000000000000056, -1.199999999999999734, 3.292634615384615326 ) ) ;
#620 = ORIENTED_EDGE ( 'NONE', *, *, #891, .T. ) ;
#621 = CARTESIAN_POINT ( 'NONE',  ( 0.09999999999999999167, -1.061821084985858699, 2.917969077066482342 ) ) ;
#622 = CARTESIAN_POINT ( 'NONE',  ( 0.1500000000000000500, -1.065815638858437220, 2.935482836747784319 ) ) ;
#623 = CARTESIAN_POINT ( 'NONE',  ( 0.09999999999999999167, -1.177790401224700689, 3.567611416686174319 ) ) ;
#624 = PLANE ( 'NONE',  #7131 ) ;
#625 = CARTESIAN_POINT ( 'NONE',  ( 0.1000000000000000056, -1.148683031438964663, 2.966468618501648447 ) ) ;
#626 = CIRCLE ( 'NONE', #6610, 0.06889763999999991284 ) ;
#627 = MANIFOLD_SOLID_BREP ( 'Boss-Extrude2', #5157 ) ;
#628 = CARTESIAN_POINT ( 'NONE',  ( 0.1000000000000000194, -1.080037551089143122, 2.438104663734552702 ) ) ;
#629 = CARTESIAN_POINT ( 'NONE',  ( 0.1500000000000000500, -1.105445471455968054, 2.203781670436231188 ) ) ;
#630 = ORIENTED_EDGE ( 'NONE', *, *, #3222, .T. ) ;
#631 = CARTESIAN_POINT ( 'NONE',  ( 0.1499999999999999944, -1.185576923076922862, 3.140651442307692331 ) ) ;
#632 = ORIENTED_EDGE ( 'NONE', *, *, #5663, .T. ) ;
#633 = DIRECTION ( 'NONE',  ( 0.000000000000000000, 0.000000000000000000, -1.000000000000000000 ) ) ;
#634 = CARTESIAN_POINT ( 'NONE',  ( 0.1500000000000000777, -1.162768189286499831, 3.093789669668916442 ) ) ;
#635 = CARTESIAN_POINT ( 'NONE',  ( 0.1499999999999999944, -1.188104385736823865, 2.231451347046961242 ) ) ;
#636 = FACE_OUTER_BOUND ( 'NONE', #4420, .T. ) ;
#637 = CARTESIAN_POINT ( 'NONE',  ( 0.1499999999999999944, -1.127012253875338210, 2.209338781484754932 ) ) ;
#638 = VERTEX_POINT ( 'NONE', #4394 ) ;
#639 = CARTESIAN_POINT ( 'NONE',  ( 0.1000000000000000056, -1.013448308986308222, 3.568440900199076893 ) ) ;
#640 = CARTESIAN_POINT ( 'NONE',  ( 0.1499999999999999944, -1.108947923537442870, 2.299592335350261862 ) ) ;
#641 = CARTESIAN_POINT ( 'NONE',  ( 0.1500000000000000500, -1.144488917738295530, 3.696819579843364512 ) ) ;
#642 = CARTESIAN_POINT ( 'NONE',  ( 0.1499999999999999944, -1.007692307692307665, 3.412826923076923258 ) ) ;
#643 = ORIENTED_EDGE ( 'NONE', *, *, #6631, .T. ) ;
#644 = ORIENTED_EDGE ( 'NONE', *, *, #5646, .F. ) ;
#645 = DIRECTION ( 'NONE',  ( -0.000000000000000000, 1.000000000000000000, 0.000000000000000000 ) ) ;
#646 = CARTESIAN_POINT ( 'NONE',  ( 0.1499999999999999944, -1.078268999282699925, 2.914227687677159118 ) ) ;
#647 = CARTESIAN_POINT ( 'NONE',  ( 0.1000000000000000472, -1.060600733267333506, 2.186088120060770912 ) ) ;
#648 = VERTEX_POINT ( 'NONE', #1493 ) ;
#649 = VERTEX_POINT ( 'NONE', #7339 ) ;
#650 = CARTESIAN_POINT ( 'NONE',  ( 0.1000000000000000194, -1.077500156440971191, 2.384482840840744355 ) ) ;
#651 = CARTESIAN_POINT ( 'NONE',  ( 0.1499999999999999944, -1.164606859683446904, 2.955820836467927037 ) ) ;
#652 = EDGE_CURVE ( 'NONE', #1284, #61, #6834, .T. ) ;
#653 = DIRECTION ( 'NONE',  ( -1.000000000000000000, -0.000000000000000000, -0.000000000000000000 ) ) ;
#654 = PLANE ( 'NONE',  #3637 ) ;
#655 = EDGE_CURVE ( 'NONE', #2780, #50, #362, .T. ) ;
#656 = CARTESIAN_POINT ( 'NONE',  ( 0.1000000000000000194, -1.128448016826923084, 3.214269230769230656 ) ) ;
#657 = ORIENTED_EDGE ( 'NONE', *, *, #1120, .T. ) ;
#658 = CARTESIAN_POINT ( 'NONE',  ( 0.1000000000000000056, -1.086596596177302754, 3.410719052307348065 ) ) ;
#659 = CARTESIAN_POINT ( 'NONE',  ( 0.1000000000000000194, -1.170381526775278846, 3.099250821052523364 ) ) ;
#660 = CARTESIAN_POINT ( 'NONE',  ( 0.1499999999999999944, -1.170778245192307665, 2.823403846153846430 ) ) ;
#661 = CARTESIAN_POINT ( 'NONE',  ( 0.1000000000000000056, -1.197602152729416503, 2.214447254788966202 ) ) ;
#662 = CARTESIAN_POINT ( 'NONE',  ( 0.1000000000000000056, -1.085365959361388244, 3.386642933967823677 ) ) ;
#663 = AXIS2_PLACEMENT_3D ( 'NONE', #2111, #6245, #1471 ) ;
#664 = CARTESIAN_POINT ( 'NONE',  ( 0.1000000000000000056, -1.130112435852920205, 3.314283528520284516 ) ) ;
#665 = AXIS2_PLACEMENT_3D ( 'NONE', #6985, #3582, #2973 ) ;
#666 = VECTOR ( 'NONE', #2156, 39.37007874015748143 ) ;
#667 = PLANE ( 'NONE',  #1663 ) ;
#668 = ORIENTED_EDGE ( 'NONE', *, *, #1348, .T. ) ;
#669 = LINE ( 'NONE', #3573, #2792 ) ;
#670 = VERTEX_POINT ( 'NONE', #4465 ) ;
#671 = CARTESIAN_POINT ( 'NONE',  ( 0.1499999999999999944, -1.060594353817079671, 3.350714146678413385 ) ) ;
#672 = CARTESIAN_POINT ( 'NONE',  ( 0.1499999999999999667, -1.062186082025088130, 3.369256723520424490 ) ) ;
#673 = CARTESIAN_POINT ( 'NONE',  ( 0.1499999999999999944, -1.007717524760343375, 3.608516715574410227 ) ) ;
#674 = CARTESIAN_POINT ( 'NONE',  ( 0.09999999999999990841, -1.197028578694696588, 3.562290903295582734 ) ) ;
#675 = B_SPLINE_CURVE_WITH_KNOTS ( 'NONE', 3,
 ( #6703, #5482, #7229, #4363, #4901, #242, #7268, #4291, #815, #3714, #2570 ),
 .UNSPECIFIED., .F., .F.,
 ( 4, 1, 1, 1, 1, 1, 1, 1, 4 ),
 ( 0.000000000000000000, 0.1375975947133912247, 0.2686125728894486198, 0.3951231676351228406, 0.5173741934981597179, 0.6378843666220067599, 0.7576994940490315855, 0.8776595312659648540, 1.000000000000000000 ),
 .UNSPECIFIED. ) ;
#676 = CARTESIAN_POINT ( 'NONE',  ( 0.1000000000000000194, -1.185448324042654100, 2.193421555485066676 ) ) ;
#677 = ORIENTED_EDGE ( 'NONE', *, *, #6641, .F. ) ;
#678 = CARTESIAN_POINT ( 'NONE',  ( 0.1000000000000000056, -1.009092935659098522, 3.588938500968953171 ) ) ;
#679 = CARTESIAN_POINT ( 'NONE',  ( 0.1499999999999999667, -1.179666303245988201, 3.572508495870664991 ) ) ;
#680 = CARTESIAN_POINT ( 'NONE',  ( 0.09999999999999996392, -1.185522211100328960, 3.613578942815230732 ) ) ;
#681 = CARTESIAN_POINT ( 'NONE',  ( 0.09999999999999997780, -1.086596596177302754, 3.410719052307348065 ) ) ;
#682 = CARTESIAN_POINT ( 'NONE',  ( 0.1499999999999999944, -1.078815376538706294, 3.370330227501393772 ) ) ;
#683 = EDGE_LOOP ( 'NONE', ( #2574, #1603, #2922, #5410 ) ) ;
#684 = VECTOR ( 'NONE', #3950, 39.37007874015748143 ) ;
#685 = DIRECTION ( 'NONE',  ( 0.000000000000000000, -0.000000000000000000, 1.000000000000000000 ) ) ;
#686 = CARTESIAN_POINT ( 'NONE',  ( 0.1499999999999999944, -1.202403846153846212, 2.379360877403846164 ) ) ;
#687 = CARTESIAN_POINT ( 'NONE',  ( 0.1000000000000000472, -1.061932414049675311, 2.197909974607723083 ) ) ;
#688 = CARTESIAN_POINT ( 'NONE',  ( 0.1000000000000000056, -1.136335637019230793, 2.191019531249999819 ) ) ;
#689 = CC_DESIGN_APPROVAL ( #3362, ( #7036 ) ) ;
#690 = B_SPLINE_SURFACE_WITH_KNOTS ( 'NONE', 3, 1, ( 
 ( #1664, #2350 ),
 ( #5184, #1771 ),
 ( #5791, #6182 ),
 ( #1704, #4564 ),
 ( #6337, #1204 ),
 ( #4678, #2845 ),
 ( #3996, #553 ),
 ( #7475, #3849 ),
 ( #1167, #3421 ),
 ( #2238, #950 ),
 ( #6369, #4107 ) ),
 .UNSPECIFIED., .F., .F., .F.,
 ( 4, 1, 1, 1, 1, 1, 1, 1, 4 ),
 ( 2, 2 ),
 ( 0.000000000000000000, 0.1375975947133912247, 0.2686125728894486198, 0.3951231676351228406, 0.5173741934981597179, 0.6378843666220067599, 0.7576994940490315855, 0.8776595312659648540, 1.000000000000000000 ),
 ( 0.000000000000000000, 1.000000000000000000 ),
 .UNSPECIFIED. ) ;
#691 = B_SPLINE_CURVE_WITH_KNOTS ( 'NONE', 3,
 ( #4232, #4270, #2009, #1444, #3158, #5493, #6677, #6572, #7109, #4735, #2978, #1871, #119, #5846, #7070, #5808, #6465, #3552, #575 ),
 .UNSPECIFIED., .F., .F.,
 ( 4, 1, 1, 1, 1, 1, 1, 1, 1, 1, 1, 1, 1, 1, 1, 1, 4 ),
 ( 0.000000000000000000, 0.05572556535259641508, 0.1108177014802080446, 0.1658192701684362558, 0.2210523949651257147, 0.2777675951584908098, 0.3351017729230191255, 0.3948611179040878993, 0.4560548517212505981, 0.5190375860260039165, 0.5827256078884064383, 0.6482349773349423971, 0.7148701286212969519, 0.7824945017476244713, 0.8526062420939843900, 0.9254548141057890032, 1.000000000000000000 ),
 .UNSPECIFIED. ) ;
#692 = CARTESIAN_POINT ( 'NONE',  ( 0.1499999999999999944, -1.028859491775439672, 3.588372367485629599 ) ) ;
#693 = CARTESIAN_POINT ( 'NONE',  ( 0.000000000000000000, 3.114921874281840974, 5.507721381357296941 ) ) ;
#694 = CARTESIAN_POINT ( 'NONE',  ( 0.1499999999999999944, -1.197804962945539842, 2.865604039540923687 ) ) ;
#695 = DIRECTION ( 'NONE',  ( 0.000000000000000000, -1.000000000000000000, 0.000000000000000000 ) ) ;
#696 = ORIENTED_EDGE ( 'NONE', *, *, #4713, .F. ) ;
#697 = CARTESIAN_POINT ( 'NONE',  ( 0.1000000000000000194, -1.081206234953324019, 2.965278305567581096 ) ) ;
#698 = CARTESIAN_POINT ( 'NONE',  ( 0.09999999999999999167, -1.083157633904104022, 2.831551508098947512 ) ) ;
#699 = CARTESIAN_POINT ( 'NONE',  ( 0.1000000000000000056, -1.101135298146713071, 3.317474180340564960 ) ) ;
#700 = CARTESIAN_POINT ( 'NONE',  ( 0.09999999999999999167, -1.079923161441790569, 3.374615567282002626 ) ) ;
#701 = CARTESIAN_POINT ( 'NONE',  ( 0.1499999999999999944, -1.105160757211538503, 3.729173076923076646 ) ) ;
#702 = ADVANCED_FACE ( 'NONE', ( #3325 ), #4230, .T. ) ;
#703 = DIRECTION ( 'NONE',  ( -1.000000000000000000, -0.000000000000000000, -0.000000000000000000 ) ) ;
#704 = ORIENTED_EDGE ( 'NONE', *, *, #5663, .F. ) ;
#705 = VECTOR ( 'NONE', #192, 39.37007874015748143 ) ;
#706 = CARTESIAN_POINT ( 'NONE',  ( 0.09999999999999997780, -1.185557159757053558, 3.139173250177001773 ) ) ;
#707 = VECTOR ( 'NONE', #4452, 39.37007874015748143 ) ;
#708 = ORIENTED_EDGE ( 'NONE', *, *, #3608, .F. ) ;
#709 = CARTESIAN_POINT ( 'NONE',  ( 0.1499999999999999667, -1.123449776385251564, 3.292706120407527415 ) ) ;
#710 = CARTESIAN_POINT ( 'NONE',  ( 0.1500000000000000500, -1.064404709954407391, 3.377367630005891908 ) ) ;
#711 = VECTOR ( 'NONE', #1397, 39.37007874015748143 ) ;
#712 = DIRECTION ( 'NONE',  ( 0.000000000000000000, 0.000000000000000000, -1.000000000000000000 ) ) ;
#713 = LINE ( 'NONE', #5945, #782 ) ;
#714 = SHAPE_DEFINITION_REPRESENTATION ( #7100, #4155 ) ;
#715 = VECTOR ( 'NONE', #5335, 39.37007874015748143 ) ;
#716 = CARTESIAN_POINT ( 'NONE',  ( 0.1000000000000000056, -1.077570282572979155, 2.907114896637648993 ) ) ;
#717 = CARTESIAN_POINT ( 'NONE',  ( 0.1499999999999999944, -1.104595452959398427, 3.707507137417699994 ) ) ;
#718 = ORIENTED_EDGE ( 'NONE', *, *, #3353, .T. ) ;
#719 = CARTESIAN_POINT ( 'NONE',  ( 0.1499999999999999944, -1.138364584050863382, 2.186270859941963796 ) ) ;
#720 = CARTESIAN_POINT ( 'NONE',  ( 0.09999999999999999167, -1.088807000385054069, 2.205468344534379899 ) ) ;
#721 = CARTESIAN_POINT ( 'NONE',  ( 0.09999999999999996392, -1.172986892894512412, 3.665234053457691488 ) ) ;
#722 = CARTESIAN_POINT ( 'NONE',  ( 0.1499999999999999944, -1.068180144615164417, 2.156481316577143925 ) ) ;
#723 = CARTESIAN_POINT ( 'NONE',  ( 0.1500000000000000500, -1.077478845956300946, 3.361444117758298766 ) ) ;
#724 = ORIENTED_EDGE ( 'NONE', *, *, #5973, .T. ) ;
#725 = CARTESIAN_POINT ( 'NONE',  ( 0.1499999999999999944, -1.080407441380248468, 2.196773577052042015 ) ) ;
#726 = EDGE_CURVE ( 'NONE', #279, #3920, #5264, .T. ) ;
#727 = DIRECTION ( 'NONE',  ( -1.000000000000000000, -0.000000000000000000, -0.000000000000000000 ) ) ;
#728 = CARTESIAN_POINT ( 'NONE',  ( 0.1000000000000000056, -1.073380272648021272, 2.219129557051450874 ) ) ;
#729 = CARTESIAN_POINT ( 'NONE',  ( 0.1000000000000000194, -1.135559735697588168, 2.192778253821396905 ) ) ;
#730 = CARTESIAN_POINT ( 'NONE',  ( 0.1000000000000000472, -1.100084902446127666, 3.729066611333416770 ) ) ;
#731 = CARTESIAN_POINT ( 'NONE',  ( 0.000000000000000000, 1.982701106468169883, 7.000000000000001776 ) ) ;
#732 = CARTESIAN_POINT ( 'NONE',  ( 0.1000000000000000056, -1.194152788647731445, 2.855265751399146179 ) ) ;
#733 = CARTESIAN_POINT ( 'NONE',  ( 0.09999999999999999167, -1.197955976647424370, 2.163290707940518143 ) ) ;
#734 = VERTEX_POINT ( 'NONE', #3461 ) ;
#736 = DIRECTION ( 'NONE',  ( 0.000000000000000000, -0.8397643298941612766, -0.5429510753626061170 ) ) ;
#735 = B_SPLINE_CURVE_WITH_KNOTS ( 'NONE', 3,
 ( #1154, #3520, #2870, #2945, #5210, #5283, #2371, #1797, #1724, #4632, #6960, #4054, #6390, #2163, #2122, #1631, #5642, #1597, #4492 ),
 .UNSPECIFIED., .F., .F.,
 ( 4, 1, 1, 1, 1, 1, 1, 1, 1, 1, 1, 1, 1, 1, 1, 1, 4 ),
 ( 0.000000000000000000, 0.05976299169351411561, 0.1172805286654414886, 0.1737810601989812354, 0.2299716577899075243, 0.2863422246229157531, 0.3439143870313887130, 0.4037445495042320531, 0.4656829089048377668, 0.5290373763041467114, 0.5923835737849099115, 0.6560844082766480456, 0.7211737435121023942, 0.7874172631891530605, 0.8553424504588463817, 0.9260885548903363684, 1.000000000000000000 ),
 .UNSPECIFIED. ) ;
#737 = CARTESIAN_POINT ( 'NONE',  ( 0.1000000000000000611, -1.100446273220970328, 2.325021894374327935 ) ) ;
#738 = LINE ( 'NONE', #4141, #6531 ) ;
#739 = CARTESIAN_POINT ( 'NONE',  ( 0.000000000000000000, 3.114921874281840974, 5.442760751357297089 ) ) ;
#740 = DIRECTION ( 'NONE',  ( -1.000000000000000000, -0.000000000000000000, -0.000000000000000000 ) ) ;
#741 = CARTESIAN_POINT ( 'NONE',  ( 0.1500000000000000500, -1.060758096437689257, 2.178919164302680844 ) ) ;
#742 = EDGE_LOOP ( 'NONE', ( #7307, #566, #2587, #5519 ) ) ;
#743 = CARTESIAN_POINT ( 'NONE',  ( 0.1499999999999999944, -1.090249399038461409, 2.420301382211538233 ) ) ;
#744 = EDGE_CURVE ( 'NONE', #5110, #1168, #7365, .T. ) ;
#745 = EDGE_LOOP ( 'NONE', ( #7492, #3997 ) ) ;
#746 = CARTESIAN_POINT ( 'NONE',  ( 0.1499999999999999944, -1.163463323685462347, 2.842029798817004682 ) ) ;
#747 = CARTESIAN_POINT ( 'NONE',  ( 0.1499999999999999944, -1.082160330415417038, 3.406587038501546427 ) ) ;
#748 = VECTOR ( 'NONE', #2669, 39.37007874015748143 ) ;
#749 = CARTESIAN_POINT ( 'NONE',  ( 0.1499999999999999667, -1.177038747309804290, 2.971877882427076401 ) ) ;
#750 = CARTESIAN_POINT ( 'NONE',  ( 0.1500000000000000500, -1.115226452559443526, 2.967321129298388538 ) ) ;
#751 = LINE ( 'NONE', #3655, #4596 ) ;
#752 = B_SPLINE_SURFACE_WITH_KNOTS ( 'NONE', 3, 1, ( 
 ( #4804, #3058 ),
 ( #5991, #681 ),
 ( #116, #2478 ),
 ( #4657, #7105 ),
 ( #3510, #1296 ),
 ( #5842, #7139 ),
 ( #4085, #607 ),
 ( #2934, #6420 ),
 ( #5274, #36 ),
 ( #7210, #2585 ),
 ( #1976, #1411 ) ),
 .UNSPECIFIED., .F., .F., .F.,
 ( 4, 1, 1, 1, 1, 1, 1, 1, 4 ),
 ( 2, 2 ),
 ( 0.000000000000000000, 0.1342687600537361137, 0.2632041670855070348, 0.3879998414519423844, 0.5094457414365176628, 0.6300675735873141337, 0.7513574047230414665, 0.8741604467321499872, 1.000000000000000000 ),
 ( 0.000000000000000000, 1.000000000000000000 ),
 .UNSPECIFIED. ) ;
#753 = ADVANCED_FACE ( 'NONE', ( #2318 ), #5796, .T. ) ;
#754 = EDGE_CURVE ( 'NONE', #2316, #7290, #6021, .T. ) ;
#755 = EDGE_LOOP ( 'NONE', ( #6609, #5979, #3002, #7427 ) ) ;
#756 = CARTESIAN_POINT ( 'NONE',  ( 0.1499999999999999944, -1.202288961494484498, 2.182056133969913603 ) ) ;
#757 = CARTESIAN_POINT ( 'NONE',  ( 0.1500000000000000500, -1.181829940173367843, 3.198975665829169479 ) ) ;
#758 = CARTESIAN_POINT ( 'NONE',  ( 0.1000000000000000056, -1.159946362948772958, 2.159199300303641156 ) ) ;
#759 = DIRECTION ( 'NONE',  ( -1.000000000000000000, -0.000000000000000000, -0.000000000000000000 ) ) ;
#760 = VERTEX_POINT ( 'NONE', #4647 ) ;
#761 = CARTESIAN_POINT ( 'NONE',  ( 0.1000000000000000056, -1.062980769230769118, 2.627249999999999641 ) ) ;
#762 = CARTESIAN_POINT ( 'NONE',  ( 0.1499999999999999944, -1.129282848594624244, 2.969984550266756784 ) ) ;
#763 = CARTESIAN_POINT ( 'NONE',  ( 0.1499999999999999667, -1.183830612824952944, 2.363110252014475332 ) ) ;
#764 = LINE ( 'NONE', #5961, #6525 ) ;
#765 = CARTESIAN_POINT ( 'NONE',  ( 0.1000000000000000056, -1.043032036553237063, 3.703361669783874266 ) ) ;
#766 = CARTESIAN_POINT ( 'NONE',  ( 0.1000000000000000056, -1.132764209360792362, 2.295108072184984138 ) ) ;
#767 = CARTESIAN_POINT ( 'NONE',  ( 0.1000000000000000194, -1.140344915882989474, 2.181845551006126538 ) ) ;
#768 = FACE_OUTER_BOUND ( 'NONE', #2228, .T. ) ;
#769 = VERTEX_POINT ( 'NONE', #2850 ) ;
#770 = CARTESIAN_POINT ( 'NONE',  ( 0.09999999999999997780, -1.182819932169664190, 3.161304476251169060 ) ) ;
#771 = CARTESIAN_POINT ( 'NONE',  ( 0.09999999999999999167, -1.080138219745139017, 2.357229415097884306 ) ) ;
#772 = VECTOR ( 'NONE', #3424, 39.37007874015748143 ) ;
#773 = CARTESIAN_POINT ( 'NONE',  ( 0.1499999999999999944, -1.177923975002208357, 2.829797261406254538 ) ) ;
#774 = DIRECTION ( 'NONE',  ( 0.000000000000000000, 0.000000000000000000, 1.000000000000000000 ) ) ;
#775 = CARTESIAN_POINT ( 'NONE',  ( 0.1000000000000000194, -1.084081957821069642, 2.442202166166099975 ) ) ;
#776 = CARTESIAN_POINT ( 'NONE',  ( 0.1499999999999999944, -1.060636949105351334, 2.182665434339372101 ) ) ;
#777 = VERTEX_POINT ( 'NONE', #3498 ) ;
#778 = CARTESIAN_POINT ( 'NONE',  ( 0.1500000000000000777, -1.162768189286499831, 3.093789669668916442 ) ) ;
#779 = VERTEX_POINT ( 'NONE', #5760 ) ;
#780 = CARTESIAN_POINT ( 'NONE',  ( 0.09999999999999993616, -1.089144325243656120, 3.299242254014329134 ) ) ;
#781 = CARTESIAN_POINT ( 'NONE',  ( 0.1000000000000000056, -1.088859675480769340, 3.412826923076923258 ) ) ;
#782 = VECTOR ( 'NONE', #3616, 39.37007874015748143 ) ;
#783 = CARTESIAN_POINT ( 'NONE',  ( 0.1500000000000000500, -1.139711183308850240, 2.991431675447401517 ) ) ;
#784 = CARTESIAN_POINT ( 'NONE',  ( 0.1499999999999999944, -1.101194866394612726, 2.958824489271616898 ) ) ;
#785 = EDGE_CURVE ( 'NONE', #6351, #1072, #27, .T. ) ;
#786 = CARTESIAN_POINT ( 'NONE',  ( 0.1500000000000000500, -1.028361142321244204, 3.630718253124791683 ) ) ;
#787 = EDGE_CURVE ( 'NONE', #5641, #1953, #1060, .T. ) ;
#788 = ORIENTED_EDGE ( 'NONE', *, *, #3597, .T. ) ;
#789 = CARTESIAN_POINT ( 'NONE',  ( 0.1499999999999999944, -1.199592725057075038, 2.167643856989316831 ) ) ;
#790 = CARTESIAN_POINT ( 'NONE',  ( 0.1499999999999999944, -1.194433670225488076, 3.181685356048831625 ) ) ;
#791 = EDGE_CURVE ( 'NONE', #38, #6376, #599, .T. ) ;
#792 = LINE ( 'NONE', #5460, #7303 ) ;
#793 = CARTESIAN_POINT ( 'NONE',  ( 0.1500000000000000500, -1.136353282308007362, 3.067685265238498715 ) ) ;
#794 = ORIENTED_EDGE ( 'NONE', *, *, #1518, .F. ) ;
#795 = EDGE_CURVE ( 'NONE', #2638, #2359, #3006, .T. ) ;
#796 = EDGE_CURVE ( 'NONE', #4993, #3648, #1269, .T. ) ;
#797 = CARTESIAN_POINT ( 'NONE',  ( 0.1000000000000000056, -1.077605707722128159, 2.890729047604104984 ) ) ;
#798 = CARTESIAN_POINT ( 'NONE',  ( 0.1499999999999999944, -1.125656813312067461, 2.969877841149344277 ) ) ;
#799 = CARTESIAN_POINT ( 'NONE',  ( 0.1500000000000000500, -1.079141113955943920, 2.395790890005684570 ) ) ;
#800 = CARTESIAN_POINT ( 'NONE',  ( 0.1000000000000000194, -1.090249399038461631, 2.420301382211538677 ) ) ;
#801 = CARTESIAN_POINT ( 'NONE',  ( 0.1000000000000000056, -1.202350865221145204, 2.189583062318537721 ) ) ;
#802 = EDGE_CURVE ( 'NONE', #5321, #4970, #4432, .T. ) ;
#803 = CARTESIAN_POINT ( 'NONE',  ( 0.000000000000000000, 1.500000000000000444, 3.314960629921259727 ) ) ;
#804 = CARTESIAN_POINT ( 'NONE',  ( 0.09999999999999999167, -1.141785300538260772, 3.192209724711761343 ) ) ;
#805 = DIRECTION ( 'NONE',  ( -1.000000000000000000, -0.000000000000000000, -0.000000000000000000 ) ) ;
#806 = CARTESIAN_POINT ( 'NONE',  ( 0.1499999999999999944, -1.127226771820196927, 2.166106593779178358 ) ) ;
#807 = DIRECTION ( 'NONE',  ( -1.000000000000000000, -0.000000000000000000, -0.000000000000000000 ) ) ;
#808 = AXIS2_PLACEMENT_3D ( 'NONE', #1287, #5413, #6526 ) ;
#809 = ORIENTED_EDGE ( 'NONE', *, *, #3430, .T. ) ;
#810 = CARTESIAN_POINT ( 'NONE',  ( 0.1000000000000000056, -1.185576923076923084, 2.188991286057692776 ) ) ;
#811 = CARTESIAN_POINT ( 'NONE',  ( 0.09999999999999999167, -1.088244076115390424, 2.338494367244960515 ) ) ;
#812 = CARTESIAN_POINT ( 'NONE',  ( 0.09999999999999999167, -1.091056709666270885, 2.421344219478768878 ) ) ;
#813 = B_SPLINE_SURFACE_WITH_KNOTS ( 'NONE', 3, 1, ( 
 ( #978, #361 ),
 ( #2196, #1476 ),
 ( #2690, #3797 ),
 ( #4522, #7357 ),
 ( #2117, #6824 ),
 ( #6858, #6785 ),
 ( #899, #6170 ),
 ( #3761, #3876 ),
 ( #6095, #5062 ),
 ( #860, #2157 ),
 ( #3225, #3263 ) ),
 .UNSPECIFIED., .F., .F., .F.,
 ( 4, 1, 1, 1, 1, 1, 1, 1, 4 ),
 ( 2, 2 ),
 ( 0.000000000000000000, 0.1296488016856978398, 0.2554126177151508914, 0.3786675629297731605, 0.5005636099919104076, 0.6221982006870637738, 0.7453342721990042774, 0.8706629408238026890, 1.000000000000000000 ),
 ( 0.000000000000000000, 1.000000000000000000 ),
 .UNSPECIFIED. ) ;
#814 = CARTESIAN_POINT ( 'NONE',  ( 0.000000000000000000, 1.874015748031496509, 2.999999999999999556 ) ) ;
#815 = CARTESIAN_POINT ( 'NONE',  ( 0.1499999999999999944, -1.081129740628246738, 2.319351321177902214 ) ) ;
#816 = CARTESIAN_POINT ( 'NONE',  ( 0.1000000000000000056, -1.375000000000000444, 3.750000000000000000 ) ) ;
#817 = ORIENTED_EDGE ( 'NONE', *, *, #273, .T. ) ;
#818 = VERTEX_POINT ( 'NONE', #781 ) ;
#819 = CARTESIAN_POINT ( 'NONE',  ( 0.1499999999999999944, -1.089144325243656120, 3.299242254014329134 ) ) ;
#820 = CARTESIAN_POINT ( 'NONE',  ( 0.1000000000000000056, -1.007777511963990014, 3.615194385434722602 ) ) ;
#821 = DIRECTION ( 'NONE',  ( 0.000000000000000000, 0.000000000000000000, 1.000000000000000000 ) ) ;
#822 = APPROVAL_ROLE ( '' ) ;
#823 = EDGE_CURVE ( 'NONE', #7187, #6818, #5736, .T. ) ;
#824 = CARTESIAN_POINT ( 'NONE',  ( 0.1499999999999999944, -1.164170997714092159, 2.137386877346999281 ) ) ;
#825 = CARTESIAN_POINT ( 'NONE',  ( 0.1500000000000000500, -1.046487648992366015, 3.675797510644042809 ) ) ;
#826 = CIRCLE ( 'NONE', #4731, 0.06889763999999991284 ) ;
#827 = ORIENTED_EDGE ( 'NONE', *, *, #4846, .F. ) ;
#828 = CIRCLE ( 'NONE', #5833, 0.06496062999999985266 ) ;
#829 = CARTESIAN_POINT ( 'NONE',  ( 0.1000000000000000056, -1.138364584050863382, 2.186270859941963796 ) ) ;
#830 = AXIS2_PLACEMENT_3D ( 'NONE', #382, #5538, #6076 ) ;
#831 = CARTESIAN_POINT ( 'NONE',  ( 0.1499999999999999944, -1.092690805288461409, 2.823403846153846430 ) ) ;
#832 = CARTESIAN_POINT ( 'NONE',  ( 0.1000000000000000194, -1.182167322568001833, 3.533623780046022400 ) ) ;
#833 = CARTESIAN_POINT ( 'NONE',  ( 0.1500000000000000500, -1.192333524057841210, 3.096145270694265594 ) ) ;
#834 = ORIENTED_EDGE ( 'NONE', *, *, #5094, .T. ) ;
#835 = CARTESIAN_POINT ( 'NONE',  ( 0.1500000000000000500, -1.096415947967988247, 2.452638718444109411 ) ) ;
#836 = CARTESIAN_POINT ( 'NONE',  ( 0.09999999999999996392, -1.031045223945540545, 3.642937778337580923 ) ) ;
#837 = CIRCLE ( 'NONE', #6701, 0.06496063000000032450 ) ;
#838 = CARTESIAN_POINT ( 'NONE',  ( 0.1000000000000000056, -1.185576923076922862, 2.899650841346153918 ) ) ;
#839 = ADVANCED_FACE ( 'NONE', ( #6565 ), #5449, .T. ) ;
#840 = CARTESIAN_POINT ( 'NONE',  ( 0.1000000000000000472, -1.202403846153846212, 2.187225961538461494 ) ) ;
#841 = DIRECTION ( 'NONE',  ( 0.000000000000000000, 0.000000000000000000, -1.000000000000000000 ) ) ;
#842 = CARTESIAN_POINT ( 'NONE',  ( 0.1000000000000000056, -1.178384548222890738, 3.171817298411422570 ) ) ;
#843 = CARTESIAN_POINT ( 'NONE',  ( 0.1000000000000000194, -1.137102216422570367, 3.192475412677580504 ) ) ;
#844 = CC_DESIGN_PERSON_AND_ORGANIZATION_ASSIGNMENT ( #1364, #3153, ( #7036 ) ) ;
#845 = CARTESIAN_POINT ( 'NONE',  ( 0.1499999999999999944, -1.174797071645375057, 2.419405615731866632 ) ) ;
#846 = FACE_OUTER_BOUND ( 'NONE', #6552, .T. ) ;
#847 = CARTESIAN_POINT ( 'NONE',  ( 0.1499999999999999944, -1.204767678318272361, 3.617776064612612696 ) ) ;
#848 = EDGE_CURVE ( 'NONE', #2316, #1087, #1286, .T. ) ;
#849 = ORIENTED_EDGE ( 'NONE', *, *, #3970, .T. ) ;
#850 = CARTESIAN_POINT ( 'NONE',  ( 0.1500000000000000500, -1.184615455493979841, 3.153493424706286685 ) ) ;
#851 = CARTESIAN_POINT ( 'NONE',  ( 0.1000000000000000194, -1.091833149406058245, 2.333412108737696222 ) ) ;
#852 = CARTESIAN_POINT ( 'NONE',  ( 0.1499999999999999944, -1.023346433908963959, 3.677642856439097052 ) ) ;
#853 = CARTESIAN_POINT ( 'NONE',  ( 0.09999999999999999167, -1.039263785885439662, 3.557480683993618165 ) ) ;
#854 = CARTESIAN_POINT ( 'NONE',  ( 0.1000000000000000056, -1.029526947535341241, 3.636889209086338948 ) ) ;
#855 = ORIENTED_EDGE ( 'NONE', *, *, #1497, .T. ) ;
#856 = LINE ( 'NONE', #5632, #5543 ) ;
#857 = VERTEX_POINT ( 'NONE', #3114 ) ;
#858 = CARTESIAN_POINT ( 'NONE',  ( 0.1500000000000000500, -1.092706357491658453, 3.297633624746381553 ) ) ;
#859 = CARTESIAN_POINT ( 'NONE',  ( 0.1000000000000000056, 1.017298893531830783, 7.000000000000000888 ) ) ;
#860 = CARTESIAN_POINT ( 'NONE',  ( 0.1499999999999999944, -1.108369999377351700, 3.729082686714157102 ) ) ;
#861 = DIRECTION ( 'NONE',  ( 0.000000000000000000, -0.4846389868796577294, -0.8747142690023175238 ) ) ;
#862 = CARTESIAN_POINT ( 'NONE',  ( 0.1000000000000000056, -1.074801191070375417, 2.431270826026945553 ) ) ;
#863 = ORIENTED_EDGE ( 'NONE', *, *, #1225, .F. ) ;
#864 = B_SPLINE_CURVE_WITH_KNOTS ( 'NONE', 3,
 ( #2441, #1747, #5271, #71, #678, #2857, #3507, #639, #5198, #6417, #1827, #2972, #2399, #2288, #5838, #7529, #33, #3468, #4156 ),
 .UNSPECIFIED., .F., .F.,
 ( 4, 1, 1, 1, 1, 1, 1, 1, 1, 1, 1, 1, 1, 1, 1, 1, 4 ),
 ( 0.000000000000000000, 0.07101932375316394319, 0.1400670345734994493, 0.2079989261083245444, 0.2742251114628465047, 0.3395798616722640051, 0.4040446908347355426, 0.4672943711913419285, 0.5301599921914486035, 0.5921547739204139349, 0.6526822244308899679, 0.7122445649445237059, 0.7708374972521095936, 0.8287687486799784065, 0.8858448000644116860, 0.9430149445039127665, 1.000000000000000000 ),
 .UNSPECIFIED. ) ;
#865 = CARTESIAN_POINT ( 'NONE',  ( 0.1499999999999999944, -1.196025462110027249, 2.159145605756217723 ) ) ;
#866 = CARTESIAN_POINT ( 'NONE',  ( 0.1500000000000000500, -1.091011030707931262, 2.824673243251827781 ) ) ;
#867 = DIRECTION ( 'NONE',  ( 0.000000000000000000, -0.7660444431189792347, 0.6427876096865380307 ) ) ;
#868 = CARTESIAN_POINT ( 'NONE',  ( 0.1499999999999999944, -1.091826923076923084, 2.153271634615384400 ) ) ;
#869 = VERTEX_POINT ( 'NONE', #3576 ) ;
#870 = CARTESIAN_POINT ( 'NONE',  ( 0.1500000000000000500, -1.085675332570866347, 2.203232544225699918 ) ) ;
#871 = ORIENTED_EDGE ( 'NONE', *, *, #563, .T. ) ;
#872 = CARTESIAN_POINT ( 'NONE',  ( 0.09999999999999999167, -1.053658945131149327, 3.684500877764314453 ) ) ;
#873 = B_SPLINE_SURFACE_WITH_KNOTS ( 'NONE', 3, 1, ( 
 ( #1462, #1987 ),
 ( #2063, #5542 ),
 ( #4397, #7262 ),
 ( #806, #1498 ),
 ( #6114, #881 ),
 ( #3208, #305 ),
 ( #4968, #3821 ),
 ( #2525, #3248 ),
 ( #349, #4816 ),
 ( #1914, #4853 ),
 ( #5436, #6584 ) ),
 .UNSPECIFIED., .F., .F., .F.,
 ( 4, 1, 1, 1, 1, 1, 1, 1, 4 ),
 ( 2, 2 ),
 ( 0.000000000000000000, 0.1634826610796633883, 0.3154437535745474586, 0.4564897705267740302, 0.5863408996220685898, 0.7049148094753546756, 0.8128677552164222941, 0.9112545057557651651, 1.000000000000000000 ),
 ( 0.000000000000000000, 1.000000000000000000 ),
 .UNSPECIFIED. ) ;
#874 = CARTESIAN_POINT ( 'NONE',  ( 0.1499999999999999944, -1.113039484267176915, 2.224423348967925040 ) ) ;
#875 = CARTESIAN_POINT ( 'NONE',  ( 0.1000000000000000056, -1.201913535679376199, 2.888397802733161601 ) ) ;
#876 = CARTESIAN_POINT ( 'NONE',  ( 0.1500000000000000500, -1.199723358067602108, 2.207916146637917798 ) ) ;
#877 = DIRECTION ( 'NONE',  ( 0.000000000000000000, 0.000000000000000000, -1.000000000000000000 ) ) ;
#878 = CARTESIAN_POINT ( 'NONE',  ( 0.1499999999999999944, -1.018535217781101343, 3.667816399711551156 ) ) ;
#879 = CIRCLE ( 'NONE', #4536, 0.06496063000000121268 ) ;
#880 = CARTESIAN_POINT ( 'NONE',  ( 0.1000000000000000194, -1.184742030421785941, 2.393264323389488801 ) ) ;
#881 = CARTESIAN_POINT ( 'NONE',  ( 0.09999999999999996392, -1.129674840495378474, 2.161530890201467159 ) ) ;
#882 = EDGE_CURVE ( 'NONE', #951, #1442, #1368, .T. ) ;
#883 = CARTESIAN_POINT ( 'NONE',  ( 0.1500000000000000500, -1.198599048072671369, 3.656327500468701253 ) ) ;
#884 = ORIENTED_EDGE ( 'NONE', *, *, #99, .F. ) ;
#885 = CARTESIAN_POINT ( 'NONE',  ( 0.1000000000000000056, -1.161622364621565762, 3.188291413069457736 ) ) ;
#886 = CARTESIAN_POINT ( 'NONE',  ( 0.1499999999999999944, -1.202259556483449510, 2.910254289085659085 ) ) ;
#887 = B_SPLINE_CURVE_WITH_KNOTS ( 'NONE', 3,
 ( #6058, #3687, #4799, #3117, #7206, #7170, #4229, #109, #676, #7134, #5348 ),
 .UNSPECIFIED., .F., .F.,
 ( 4, 1, 1, 1, 1, 1, 1, 1, 4 ),
 ( 0.000000000000000000, 0.1399889489122103092, 0.2733737020722339928, 0.4009542240703188876, 0.5254447277857976495, 0.6461452408532432079, 0.7641708857525006948, 0.8817028753978503053, 0.9999999999999998890 ),
 .UNSPECIFIED. ) ;
#888 = CARTESIAN_POINT ( 'NONE',  ( 0.1500000000000000777, -1.064655570060816903, 2.867474063118815142 ) ) ;
#889 = EDGE_CURVE ( 'NONE', #61, #2657, #3151, .T. ) ;
#890 = CARTESIAN_POINT ( 'NONE',  ( 0.09999999999999996392, -1.036935085512362242, 3.562259977152149037 ) ) ;
#891 = EDGE_CURVE ( 'NONE', #4970, #5366, #6524, .T. ) ;
#892 = DIRECTION ( 'NONE',  ( 1.000000000000000000, 0.000000000000000000, 0.000000000000000000 ) ) ;
#893 = ORIENTED_EDGE ( 'NONE', *, *, #2477, .F. ) ;
#894 = CARTESIAN_POINT ( 'NONE',  ( 0.1499999999999999944, -1.007692307692307665, 2.725807692307692154 ) ) ;
#895 = ORIENTED_EDGE ( 'NONE', *, *, #1360, .F. ) ;
#896 = LINE ( 'NONE', #6053, #7418 ) ;
#897 = CARTESIAN_POINT ( 'NONE',  ( 0.1499999999999999944, -1.077403846153845990, 3.356862379807692420 ) ) ;
#898 = CARTESIAN_POINT ( 'NONE',  ( 0.1499999999999999944, -1.113776089332473518, 2.437928939281008400 ) ) ;
#899 = CARTESIAN_POINT ( 'NONE',  ( 0.1499999999999999667, -1.132927583292774765, 3.725429468239560560 ) ) ;
#900 = EDGE_CURVE ( 'NONE', #1892, #2680, #6532, .T. ) ;
#901 = CARTESIAN_POINT ( 'NONE',  ( 0.09999999999999999167, -1.132764209360792362, 2.295108072184984138 ) ) ;
#902 = PLANE ( 'NONE',  #529 ) ;
#903 = AXIS2_PLACEMENT_3D ( 'NONE', #6662, #3710, #7081 ) ;
#904 = ORIENTED_EDGE ( 'NONE', *, *, #4025, .T. ) ;
#905 = CARTESIAN_POINT ( 'NONE',  ( 0.1500000000000000500, -1.064031518860873993, 2.407630476203226788 ) ) ;
#906 = CARTESIAN_POINT ( 'NONE',  ( 0.09999999999999992228, -1.087787188662098448, 3.390394186459067871 ) ) ;
#907 = CARTESIAN_POINT ( 'NONE',  ( 0.09999999999999999167, -1.170080641797686338, 3.519392132426201858 ) ) ;
#908 = ORIENTED_EDGE ( 'NONE', *, *, #5612, .T. ) ;
#909 = CARTESIAN_POINT ( 'NONE',  ( 0.1499999999999999944, -1.197160339806581097, 2.414465816851776303 ) ) ;
#910 = ORIENTED_EDGE ( 'NONE', *, *, #5104, .F. ) ;
#911 = VECTOR ( 'NONE', #6008, 39.37007874015748143 ) ;
#912 = AXIS2_PLACEMENT_3D ( 'NONE', #3910, #7275, #2036 ) ;
#913 = CARTESIAN_POINT ( 'NONE',  ( 0.1000000000000000194, -1.085675332570866347, 2.203232544225699918 ) ) ;
#914 = ORIENTED_EDGE ( 'NONE', *, *, #2194, .T. ) ;
#915 = B_SPLINE_CURVE_WITH_KNOTS ( 'NONE', 3,
 ( #6476, #658, #1237, #7001, #5330, #2456, #6396, #89, #2419, #7119, #1843 ),
 .UNSPECIFIED., .F., .F.,
 ( 4, 1, 1, 1, 1, 1, 1, 1, 4 ),
 ( 0.000000000000000000, 0.1342687600537361137, 0.2632041670855070348, 0.3879998414519423844, 0.5094457414365176628, 0.6300675735873141337, 0.7513574047230414665, 0.8741604467321499872, 1.000000000000000000 ),
 .UNSPECIFIED. ) ;
#916 = CARTESIAN_POINT ( 'NONE',  ( 0.09999999999999996392, -1.106437800480769118, 3.707538461538461227 ) ) ;
#917 = CARTESIAN_POINT ( 'NONE',  ( 0.1000000000000000056, -1.007692307692307665, 3.434461538461538233 ) ) ;
#918 = DIRECTION ( 'NONE',  ( 0.000000000000000000, 0.000000000000000000, 1.000000000000000000 ) ) ;
#919 = CARTESIAN_POINT ( 'NONE',  ( 0.1000000000000000472, -1.194152788647731445, 2.855265751399146179 ) ) ;
#920 = CARTESIAN_POINT ( 'NONE',  ( 0.1500000000000000500, -1.197602152729416503, 2.214447254788966202 ) ) ;
#921 = CARTESIAN_POINT ( 'NONE',  ( 0.1000000000000000056, -1.185513636394051940, 3.145051857739078915 ) ) ;
#922 = CARTESIAN_POINT ( 'NONE',  ( 0.1499999999999999944, -1.204217006837251080, 3.596059064589512744 ) ) ;
#923 = CARTESIAN_POINT ( 'NONE',  ( 0.1499999999999999944, -1.199999999999999956, 2.539269230769230390 ) ) ;
#924 = CARTESIAN_POINT ( 'NONE',  ( 0.1000000000000000056, -1.103129450810658385, 2.302126338391133231 ) ) ;
#925 = DIRECTION ( 'NONE',  ( -1.000000000000000000, -0.000000000000000000, -0.000000000000000000 ) ) ;
#926 = CARTESIAN_POINT ( 'NONE',  ( 0.1500000000000000500, -1.203707894424064895, 3.631384309884189587 ) ) ;
#927 = ORIENTED_EDGE ( 'NONE', *, *, #6908, .F. ) ;
#928 = DIRECTION ( 'NONE',  ( 0.000000000000000000, -0.6427876096865378086, 0.7660444431189793457 ) ) ;
#929 = CARTESIAN_POINT ( 'NONE',  ( 0.1000000000000000056, -1.202403846153846212, 3.140801682692307306 ) ) ;
#930 = CARTESIAN_POINT ( 'NONE',  ( 0.1000000000000000194, -1.061558455969479509, 2.882980904448540382 ) ) ;
#931 = VECTOR ( 'NONE', #5340, 39.37007874015748143 ) ;
#932 = ORIENTED_EDGE ( 'NONE', *, *, #889, .F. ) ;
#933 = CARTESIAN_POINT ( 'NONE',  ( 0.1499999999999999944, -1.113686899038461409, 3.409897235576923258 ) ) ;
#934 = ORIENTED_EDGE ( 'NONE', *, *, #785, .T. ) ;
#935 = CARTESIAN_POINT ( 'NONE',  ( 0.09999999999999997780, -1.062436375517637810, 3.335131104300465665 ) ) ;
#936 = CARTESIAN_POINT ( 'NONE',  ( 0.09999999999999997780, -1.079987163100091241, 3.338881218886675217 ) ) ;
#937 = ADVANCED_FACE ( 'NONE', ( #399 ), #4447, .F. ) ;
#938 = DIRECTION ( 'NONE',  ( -1.000000000000000000, -0.000000000000000000, -0.000000000000000000 ) ) ;
#939 = CARTESIAN_POINT ( 'NONE',  ( 0.1499999999999999944, -1.034073475697417699, 3.528290866232439704 ) ) ;
#940 = LINE ( 'NONE', #5063, #2653 ) ;
#941 = CARTESIAN_POINT ( 'NONE',  ( 0.1499999999999999944, -1.074801191070375417, 2.431270826026945553 ) ) ;
#942 = B_SPLINE_SURFACE_WITH_KNOTS ( 'NONE', 3, 1, ( 
 ( #6813, #1006 ),
 ( #2067, #6850 ),
 ( #886, #6159 ),
 ( #2759, #7266 ),
 ( #3212, #6885 ),
 ( #1798, #2303 ),
 ( #5284, #1651 ),
 ( #1759, #5740 ),
 ( #4633, #1231 ),
 ( #5777, #2946 ),
 ( #3981, #1155 ),
 ( #6320, #2336 ),
 ( #6470, #6961 ),
 ( #1725, #2265 ),
 ( #1189, #4131 ),
 ( #3521, #4055 ),
 ( #4093, #543 ),
 ( #5171, #7035 ),
 ( #4701, #6391 ) ),
 .UNSPECIFIED., .F., .F., .F.,
 ( 4, 1, 1, 1, 1, 1, 1, 1, 1, 1, 1, 1, 1, 1, 1, 1, 4 ),
 ( 2, 2 ),
 ( 0.000000000000000000, 0.07525182188480196432, 0.1479228228436725301, 0.2177561364516534814, 0.2855103315714059287, 0.3516610035527815703, 0.4167189241409531286, 0.4809660742461066008, 0.5454625844448576233, 0.6082010824090970935, 0.6680779754582587548, 0.7250694199182593502, 0.7805109283598309355, 0.8350474410047081797, 0.8890670234075159772, 0.9438637448622544390, 1.000000000000000000 ),
 ( 0.000000000000000000, 1.000000000000000000 ),
 .UNSPECIFIED. ) ;
#943 = ORIENTED_EDGE ( 'NONE', *, *, #3365, .F. ) ;
#944 = CARTESIAN_POINT ( 'NONE',  ( 0.1500000000000000500, -1.116226422020911269, 3.314815731692098311 ) ) ;
#945 = CARTESIAN_POINT ( 'NONE',  ( 0.1499999999999999944, -1.109904449078670696, 3.408605836603621153 ) ) ;
#946 = CARTESIAN_POINT ( 'NONE',  ( 0.09999999999999999167, -1.200432920248952984, 3.118439308358313511 ) ) ;
#947 = VERTEX_POINT ( 'NONE', #2000 ) ;
#948 = CARTESIAN_POINT ( 'NONE',  ( 0.09999999999999999167, -1.088449929341990918, 2.157058012813157344 ) ) ;
#949 = ORIENTED_EDGE ( 'NONE', *, *, #326, .F. ) ;
#950 = CARTESIAN_POINT ( 'NONE',  ( 0.09999999999999997780, -1.085392668201099475, 2.315150694853372659 ) ) ;
#951 = VERTEX_POINT ( 'NONE', #2730 ) ;
#952 = DIRECTION ( 'NONE',  ( 0.000000000000000000, 0.000000000000000000, -1.000000000000000000 ) ) ;
#953 = VECTOR ( 'NONE', #2236, 39.37007874015748143 ) ;
#954 = AXIS2_PLACEMENT_3D ( 'NONE', #803, #1459, #3857 ) ;
#955 = CARTESIAN_POINT ( 'NONE',  ( 0.1000000000000000056, -1.131114783653845990, 2.970038461538460961 ) ) ;
#956 = CARTESIAN_POINT ( 'NONE',  ( 0.1000000000000000056, -1.136335637019230793, 2.191019531249999819 ) ) ;
#957 = CARTESIAN_POINT ( 'NONE',  ( 0.09999999999999999167, -1.202350865221145204, 2.189583062318537721 ) ) ;
#958 = DIRECTION ( 'NONE',  ( -1.000000000000000000, -0.000000000000000000, -0.000000000000000000 ) ) ;
#959 = CARTESIAN_POINT ( 'NONE',  ( 0.09999999999999997780, -1.189764579848475501, 2.327902039093532327 ) ) ;
#960 = CARTESIAN_POINT ( 'NONE',  ( 0.1499999999999999944, -1.143001592066456018, 3.089680486214160471 ) ) ;
#961 = CARTESIAN_POINT ( 'NONE',  ( 0.1499999999999999944, -1.188948024147067573, 3.544343206632384113 ) ) ;
#962 = FACE_BOUND ( 'NONE', #7021, .T. ) ;
#963 = EDGE_CURVE ( 'NONE', #1168, #7463, #2649, .T. ) ;
#964 = LENGTH_MEASURE_WITH_UNIT ( LENGTH_MEASURE( 0.02539999999999999897 ), #4545 );
#965 = CARTESIAN_POINT ( 'NONE',  ( 0.1000000000000000472, -1.171518527868579351, 2.977154535421730586 ) ) ;
#966 = DIRECTION ( 'NONE',  ( -1.000000000000000000, -0.000000000000000000, -0.000000000000000000 ) ) ;
#967 = ORIENTED_EDGE ( 'NONE', *, *, #900, .T. ) ;
#968 = CARTESIAN_POINT ( 'NONE',  ( 0.1000000000000000472, -1.132875258926499429, 3.412459780015241417 ) ) ;
#969 = CARTESIAN_POINT ( 'NONE',  ( 0.1499999999999999667, -1.167962473456259476, 3.208172274687550729 ) ) ;
#970 = B_SPLINE_CURVE_WITH_KNOTS ( 'NONE', 3,
 ( #7481, #5761, #2242, #6903, #6341, #1100, #2886, #1137, #523, #2851, #5191, #2282, #4610, #6373, #5797, #7559, #2319, #4648, #6980 ),
 .UNSPECIFIED., .F., .F.,
 ( 4, 1, 1, 1, 1, 1, 1, 1, 1, 1, 1, 1, 1, 1, 1, 1, 4 ),
 ( 0.000000000000000000, 0.05939912670153291163, 0.1167575612563092891, 0.1731605829026539589, 0.2289834114836794277, 0.2857073270692782607, 0.3433632285192892986, 0.4032093348189481619, 0.4653487779300649607, 0.5288480621426949746, 0.5923201173019000398, 0.6560594196336262396, 0.7208611355242864338, 0.7871458547882681511, 0.8556797796118793542, 0.9264245000415756159, 1.000000000000000000 ),
 .UNSPECIFIED. ) ;
#971 = CARTESIAN_POINT ( 'NONE',  ( 0.1499999999999999944, -1.060576923076922862, 2.899087439903845986 ) ) ;
#972 = ORIENTED_EDGE ( 'NONE', *, *, #3663, .F. ) ;
#973 = DIRECTION ( 'NONE',  ( -1.000000000000000000, -0.000000000000000000, -0.000000000000000000 ) ) ;
#974 = EDGE_LOOP ( 'NONE', ( #1654, #7012 ) ) ;
#975 = CARTESIAN_POINT ( 'NONE',  ( 0.1500000000000000500, -1.113186623259341701, 2.194882111098109156 ) ) ;
#976 = CARTESIAN_POINT ( 'NONE',  ( 0.09999999999999997780, -1.077428604973805104, 3.355534806894765687 ) ) ;
#977 = DIRECTION ( 'NONE',  ( -1.000000000000000000, -0.000000000000000000, -0.000000000000000000 ) ) ;
#978 = CARTESIAN_POINT ( 'NONE',  ( 0.1499999999999999944, -1.172017728365384537, 3.701341045673076646 ) ) ;
#979 = CARTESIAN_POINT ( 'NONE',  ( 0.1499999999999999944, -1.190984415514007022, 2.151601880704856029 ) ) ;
#980 = CARTESIAN_POINT ( 'NONE',  ( 0.1000000000000000472, -1.084081957821069642, 2.442202166166099975 ) ) ;
#981 = EDGE_CURVE ( 'NONE', #4806, #638, #4984, .T. ) ;
#982 = EDGE_LOOP ( 'NONE', ( #7388, #3672, #3440, #2907 ) ) ;
#983 = CARTESIAN_POINT ( 'NONE',  ( 0.09999999999999996392, -1.135546874999999956, 3.314269230769230745 ) ) ;
#984 = CARTESIAN_POINT ( 'NONE',  ( 0.1499999999999999944, -1.090486522092390720, 3.393879065439942000 ) ) ;
#985 = ORIENTED_EDGE ( 'NONE', *, *, #1549, .T. ) ;
#986 = CARTESIAN_POINT ( 'NONE',  ( 0.1499999999999999944, -1.085365959361388244, 3.386642933967823677 ) ) ;
#987 = ORIENTED_EDGE ( 'NONE', *, *, #4306, .T. ) ;
#988 = ADVANCED_FACE ( 'NONE', ( #2076 ), #5521, .T. ) ;
#989 = EDGE_CURVE ( 'NONE', #2080, #1320, #4869, .T. ) ;
#990 = ORIENTED_EDGE ( 'NONE', *, *, #5907, .T. ) ;
#991 = DIRECTION ( 'NONE',  ( -9.511824846893232937E-13, 0.000000000000000000, 1.000000000000000000 ) ) ;
#992 = CARTESIAN_POINT ( 'NONE',  ( 0.09999999999999997780, -1.105160757211538503, 3.729173076923076646 ) ) ;
#993 = CARTESIAN_POINT ( 'NONE',  ( 0.1500000000000000500, -1.126532451923076827, 3.089269230769230656 ) ) ;
#994 = CARTESIAN_POINT ( 'NONE',  ( 0.1000000000000000194, -1.119861295937956580, 3.411216837526592105 ) ) ;
#995 = LINE ( 'NONE', #4328, #7251 ) ;
#996 = CARTESIAN_POINT ( 'NONE',  ( 0.1499999999999999944, -1.195944839803997350, 2.340615545611102633 ) ) ;
#997 = CARTESIAN_POINT ( 'NONE',  ( 0.1500000000000000500, -1.164257117826806853, 2.159012662314247155 ) ) ;
#998 = CARTESIAN_POINT ( 'NONE',  ( 0.1499999999999999944, -1.183661500419650903, 3.587963971808553865 ) ) ;
#999 = CARTESIAN_POINT ( 'NONE',  ( 0.1499999999999999944, -1.201964721974603911, 3.129145531037006212 ) ) ;
#1000 =( CONVERSION_BASED_UNIT ( 'INCH', #964 ) LENGTH_UNIT ( ) NAMED_UNIT ( #2304 ) );
#1001 = DIRECTION ( 'NONE',  ( 1.000000000000000000, -0.000000000000000000, -0.000000000000000000 ) ) ;
#1002 = B_SPLINE_CURVE_WITH_KNOTS ( 'NONE', 3,
 ( #3842, #4450, #6788, #1554, #3878, #6214, #3307, #402, #5639, #2733, #5064, #7396, #2160, #6335, #2237, #1628, #6898, #1662, #4563 ),
 .UNSPECIFIED., .F., .F.,
 ( 4, 1, 1, 1, 1, 1, 1, 1, 1, 1, 1, 1, 1, 1, 1, 1, 4 ),
 ( 0.000000000000000000, 0.06184755656562553744, 0.1219078937535697099, 0.1803211562439640259, 0.2380713277852827270, 0.2955987705624326112, 0.3544452685348756238, 0.4144796449102003955, 0.4769336007333851990, 0.5399721252325463405, 0.6032096221730990360, 0.6658365931601982757, 0.7295436193419605475, 0.7940744035161788617, 0.8607631412623527600, 0.9288642005587115502, 1.000000000000000000 ),
 .UNSPECIFIED. ) ;
#1003 = CARTESIAN_POINT ( 'NONE',  ( 0.1499999999999999944, -1.202777379875459740, 3.637906779740283536 ) ) ;
#1004 = ORIENTED_EDGE ( 'NONE', *, *, #182, .T. ) ;
#1005 = CARTESIAN_POINT ( 'NONE',  ( 0.1000000000000000056, -1.163529146634615152, 2.158980769230768981 ) ) ;
#1006 = CARTESIAN_POINT ( 'NONE',  ( 0.1000000000000000056, -1.202403846153846212, 2.900777644230769337 ) ) ;
#1007 = B_SPLINE_CURVE_WITH_KNOTS ( 'NONE', 3,
 ( #2993, #5327, #4782, #3671, #1880, #6003, #4212, #87, #7078, #1841, #6550, #195, #733, #2526, #4855, #7186, #2024, #2679, #4358 ),
 .UNSPECIFIED., .F., .F.,
 ( 4, 1, 1, 1, 1, 1, 1, 1, 1, 1, 1, 1, 1, 1, 1, 1, 4 ),
 ( 0.000000000000000000, 0.05737393770053453301, 0.1133579888647995998, 0.1685856178758087243, 0.2236806351001012216, 0.2799978903253641516, 0.3379208734324164465, 0.3979734796769341942, 0.4610959550621919756, 0.5255984402318303328, 0.5893661365624348614, 0.6539035067996153971, 0.7190267442102100670, 0.7862042551915764399, 0.8547601757117794241, 0.9262236239849106489, 1.000000000000000000 ),
 .UNSPECIFIED. ) ;
#1008 = CARTESIAN_POINT ( 'NONE',  ( 0.09999999999999999167, -1.060624928354582774, 2.896368408717100440 ) ) ;
#1009 = ORIENTED_EDGE ( 'NONE', *, *, #3272, .T. ) ;
#1010 = CARTESIAN_POINT ( 'NONE',  ( 0.1499999999999999944, -1.105160757211538503, 3.729173076923076646 ) ) ;
#1011 = ORIENTED_EDGE ( 'NONE', *, *, #7366, .T. ) ;
#1012 = DIRECTION ( 'NONE',  ( -1.000000000000000000, -0.000000000000000000, -0.000000000000000000 ) ) ;
#1013 = CARTESIAN_POINT ( 'NONE',  ( 0.1500000000000000500, -1.127782124307215250, 2.991566563909583198 ) ) ;
#1014 = CARTESIAN_POINT ( 'NONE',  ( 0.1499999999999999944, -1.129759106204243135, 2.463251883863838643 ) ) ;
#1015 = CARTESIAN_POINT ( 'NONE',  ( 0.1000000000000000194, -1.114657412218686305, 3.707270897483709859 ) ) ;
#1016 = DIRECTION ( 'NONE',  ( 0.000000000000000000, -0.000000000000000000, 1.000000000000000000 ) ) ;
#1017 = CARTESIAN_POINT ( 'NONE',  ( 0.1499999999999999667, -1.066787874003579883, 2.416033311521476712 ) ) ;
#1018 = VERTEX_POINT ( 'NONE', #6210 ) ;
#1019 = CARTESIAN_POINT ( 'NONE',  ( 0.1499999999999999944, -1.202342448612778281, 2.382556309031147013 ) ) ;
#1020 = LINE ( 'NONE', #3346, #4121 ) ;
#1021 = CARTESIAN_POINT ( 'NONE',  ( 0.1499999999999999944, -1.077403846153845990, 3.356862379807692420 ) ) ;
#1022 = CARTESIAN_POINT ( 'NONE',  ( 0.1000000000000000194, -1.077538608134190445, 2.180163405011857236 ) ) ;
#1023 = ORIENTED_EDGE ( 'NONE', *, *, #2313, .T. ) ;
#1024 = ORIENTED_EDGE ( 'NONE', *, *, #6684, .T. ) ;
#1025 = CARTESIAN_POINT ( 'NONE',  ( 0.1499999999999999944, -1.156730769230769118, 2.319978365384615326 ) ) ;
#1026 = VERTEX_POINT ( 'NONE', #2609 ) ;
#1027 = CARTESIAN_POINT ( 'NONE',  ( 0.1000000000000000056, -1.499999999999999556, 1.999999999999999334 ) ) ;
#1028 = CARTESIAN_POINT ( 'NONE',  ( 0.09999999999999997780, -1.167962473456259476, 3.208172274687550729 ) ) ;
#1029 = CARTESIAN_POINT ( 'NONE',  ( 0.1499999999999999667, -1.145742380883188583, 2.171295377813634353 ) ) ;
#1030 = CARTESIAN_POINT ( 'NONE',  ( 0.09999999999999997780, -1.175440771783051952, 2.446304958714372813 ) ) ;
#1031 = EDGE_CURVE ( 'NONE', #4993, #1580, #3838, .T. ) ;
#1032 = CARTESIAN_POINT ( 'NONE',  ( 0.1000000000000000056, -1.167279725772868870, 2.845894594016632251 ) ) ;
#1033 = AXIS2_PLACEMENT_3D ( 'NONE', #5820, #7547, #1730 ) ;
#1034 = CARTESIAN_POINT ( 'NONE',  ( 0.1499999999999999944, -1.177790401224700689, 3.567611416686174319 ) ) ;
#1035 = FACE_BOUND ( 'NONE', #745, .T. ) ;
#1036 = EDGE_CURVE ( 'NONE', #4053, #3368, #3230, .T. ) ;
#1037 = DIRECTION ( 'NONE',  ( 1.000000000000000000, 0.000000000000000000, 0.000000000000000000 ) ) ;
#1038 = CARTESIAN_POINT ( 'NONE',  ( 0.1000000000000000056, -1.132617187499999956, 2.991673076923076824 ) ) ;
#1039 = CARTESIAN_POINT ( 'NONE',  ( 0.1499999999999999667, -1.095688970216175839, 2.845633471383439694 ) ) ;
#1040 = EDGE_CURVE ( 'NONE', #5303, #370, #437, .T. ) ;
#1041 = ORIENTED_EDGE ( 'NONE', *, *, #110, .T. ) ;
#1042 = CARTESIAN_POINT ( 'NONE',  ( 0.1000000000000000472, -1.165711982533038205, 2.159076401267139289 ) ) ;
#1043 = CARTESIAN_POINT ( 'NONE',  ( 0.1000000000000000472, -1.201966630263954672, 3.152482990635441684 ) ) ;
#1044 = CARTESIAN_POINT ( 'NONE',  ( 0.1499999999999999944, -1.038066966895398124, 3.523632946562446300 ) ) ;
#1045 = VERTEX_POINT ( 'NONE', #7393 ) ;
#1046 = LINE ( 'NONE', #4554, #57 ) ;
#1047 = ORIENTED_EDGE ( 'NONE', *, *, #4203, .F. ) ;
#1048 = DIRECTION ( 'NONE',  ( 0.000000000000000000, 0.6561268147813872353, -0.7546506495888221089 ) ) ;
#1049 = LINE ( 'NONE', #5597, #6649 ) ;
#1050 = CARTESIAN_POINT ( 'NONE',  ( 0.09999999999999999167, -1.158155641202949004, 3.536540241498153492 ) ) ;
#1051 = CARTESIAN_POINT ( 'NONE',  ( 0.1000000000000000056, -1.204312517500184088, 3.624676724482764012 ) ) ;
#1052 = CARTESIAN_POINT ( 'NONE',  ( 0.09999999999999999167, -1.180058462206590608, 3.648621981933662273 ) ) ;
#1053 = CARTESIAN_POINT ( 'NONE',  ( 0.1499999999999999944, -1.079042017349122862, 3.342109310214639084 ) ) ;
#1054 = CARTESIAN_POINT ( 'NONE',  ( 0.1000000000000000056, -1.193071705196024235, 2.334094228999741283 ) ) ;
#1055 = AXIS2_PLACEMENT_3D ( 'NONE', #5963, #5853, #1268 ) ;
#1056 = EDGE_CURVE ( 'NONE', #5110, #4597, #4483, .T. ) ;
#1057 = ORIENTED_EDGE ( 'NONE', *, *, #1695, .T. ) ;
#1058 = CARTESIAN_POINT ( 'NONE',  ( 0.1500000000000000500, -1.179995086752715139, 2.210585976590115909 ) ) ;
#1059 = CIRCLE ( 'NONE', #3012, 0.06496062999999997756 ) ;
#1060 = LINE ( 'NONE', #483, #6751 ) ;
#1061 = CARTESIAN_POINT ( 'NONE',  ( 0.1499999999999999944, -1.086117788461538503, 2.444264723557691976 ) ) ;
#1062 = CARTESIAN_POINT ( 'NONE',  ( 0.1500000000000000500, -1.093301524348527121, 3.397146592476495197 ) ) ;
#1063 = EDGE_LOOP ( 'NONE', ( #2964, #6861 ) ) ;
#1064 = CARTESIAN_POINT ( 'NONE',  ( 0.1500000000000000500, -1.118407511813543032, 2.220091592921168644 ) ) ;
#1065 = EDGE_LOOP ( 'NONE', ( #677, #5738, #2327, #4471 ) ) ;
#1066 = VERTEX_POINT ( 'NONE', #1587 ) ;
#1067 = CARTESIAN_POINT ( 'NONE',  ( 0.1499999999999999944, -1.060647333949998439, 2.189154004452358304 ) ) ;
#1068 = CARTESIAN_POINT ( 'NONE',  ( 0.09999999999999997780, -1.184766147943505876, 3.196045286549051845 ) ) ;
#1069 = DIRECTION ( 'NONE',  ( -1.000000000000000000, -0.000000000000000000, -0.000000000000000000 ) ) ;
#1070 = CARTESIAN_POINT ( 'NONE',  ( 0.09999999999999997780, -1.183830612824952944, 2.363110252014475332 ) ) ;
#1071 = FACE_OUTER_BOUND ( 'NONE', #742, .T. ) ;
#1072 = VERTEX_POINT ( 'NONE', #4941 ) ;
#1073 = ORIENTED_EDGE ( 'NONE', *, *, #1592, .F. ) ;
#1074 = CARTESIAN_POINT ( 'NONE',  ( 0.1499999999999999944, -1.202352205270519336, 3.134886551138306832 ) ) ;
#1075 = EDGE_CURVE ( 'NONE', #7485, #7087, #4930, .T. ) ;
#1076 = CARTESIAN_POINT ( 'NONE',  ( 0.09999999999999999167, -1.153266221148497861, 2.988145436500721175 ) ) ;
#1077 = VECTOR ( 'NONE', #928, 39.37007874015748143 ) ;
#1078 = CARTESIAN_POINT ( 'NONE',  ( 0.1000000000000000056, -1.096521935096153699, 2.228692307692307750 ) ) ;
#1079 = ORIENTED_EDGE ( 'NONE', *, *, #4722, .T. ) ;
#1080 = CARTESIAN_POINT ( 'NONE',  ( 0.1000000000000000056, -1.150458233173076827, 3.412826923076923258 ) ) ;
#1081 = DIRECTION ( 'NONE',  ( 1.000000000000000000, 0.000000000000000000, 0.000000000000000000 ) ) ;
#1082 = CIRCLE ( 'NONE', #5358, 0.06496063000000011634 ) ;
#1083 = CARTESIAN_POINT ( 'NONE',  ( 0.1499999999999999944, -1.007717524760343375, 3.608516715574410227 ) ) ;
#1084 = CC_DESIGN_DATE_AND_TIME_ASSIGNMENT ( #2038, #4266, ( #2337 ) ) ;
#1085 = EDGE_CURVE ( 'NONE', #1634, #7541, #1412, .T. ) ;
#1086 = CARTESIAN_POINT ( 'NONE',  ( 0.1499999999999999944, -1.199999999999999956, 3.292634615384615326 ) ) ;
#1087 = VERTEX_POINT ( 'NONE', #2271 ) ;
#1088 = CARTESIAN_POINT ( 'NONE',  ( 0.1499999999999999944, -1.131000431455710276, 2.991637460933895820 ) ) ;
#1089 = CARTESIAN_POINT ( 'NONE',  ( 0.1000000000000000056, -1.185557159757053558, 3.139173250177001773 ) ) ;
#1090 = CARTESIAN_POINT ( 'NONE',  ( 0.1499999999999999944, -1.150458233173076827, 2.164802584134615238 ) ) ;
#1091 = CARTESIAN_POINT ( 'NONE',  ( 0.09999999999999997780, -1.179753940486482744, 3.692699802055399161 ) ) ;
#1092 = CARTESIAN_POINT ( 'NONE',  ( 0.1000000000000000056, -1.157279334727324693, 3.686374456584160519 ) ) ;
#1093 = CARTESIAN_POINT ( 'NONE',  ( 0.1000000000000000056, -1.185576923076922862, 2.899650841346153918 ) ) ;
#1094 = DIRECTION ( 'NONE',  ( -0.000000000000000000, 1.000000000000000000, 0.000000000000000000 ) ) ;
#1095 = CARTESIAN_POINT ( 'NONE',  ( 0.09999999999999997780, -1.198321556675900013, 2.347521024560321301 ) ) ;
#1096 = DIRECTION ( 'NONE',  ( -0.000000000000000000, 0.7213054177103885856, 0.6926171340514482022 ) ) ;
#1097 = ORIENTED_EDGE ( 'NONE', *, *, #562, .T. ) ;
#1098 = CARTESIAN_POINT ( 'NONE',  ( 0.1499999999999999944, -1.190370504307440624, 2.428909316334320945 ) ) ;
#1099 = DIRECTION ( 'NONE',  ( 0.000000000000000000, 0.000000000000000000, -1.000000000000000000 ) ) ;
#1100 = CARTESIAN_POINT ( 'NONE',  ( 0.1500000000000000500, -1.137572405939672349, 3.700756085735394940 ) ) ;
#1101 = CARTESIAN_POINT ( 'NONE',  ( 0.09999999999999993616, -1.202327721757916246, 3.582014550039991363 ) ) ;
#1102 = B_SPLINE_CURVE_WITH_KNOTS ( 'NONE', 3,
 ( #6186, #7255, #4961, #7295, #1527, #5616, #376, #2706, #5034, #6227, #992 ),
 .UNSPECIFIED., .F., .F.,
 ( 4, 1, 1, 1, 1, 1, 1, 1, 4 ),
 ( 0.000000000000000000, 0.1296488016856978398, 0.2554126177151508914, 0.3786675629297731605, 0.5005636099919104076, 0.6221982006870637738, 0.7453342721990042774, 0.8706629408238026890, 1.000000000000000000 ),
 .UNSPECIFIED. ) ;
#1103 = CARTESIAN_POINT ( 'NONE',  ( 0.1000000000000000056, -1.091087768519990231, 2.448781386510467950 ) ) ;
#1104 = ORIENTED_EDGE ( 'NONE', *, *, #3356, .F. ) ;
#1105 = ORIENTED_EDGE ( 'NONE', *, *, #1549, .F. ) ;
#1106 = DIRECTION ( 'NONE',  ( -1.000000000000000000, -0.000000000000000000, -0.000000000000000000 ) ) ;
#1107 = CARTESIAN_POINT ( 'NONE',  ( 0.1000000000000000194, -1.077461067644310155, 2.185492529604158740 ) ) ;
#1108 = CARTESIAN_POINT ( 'NONE',  ( 0.1000000000000000611, -1.151576213839881957, 2.460303764538071647 ) ) ;
#1109 = LINE ( 'NONE', #3434, #1928 ) ;
#1110 = ORIENTED_EDGE ( 'NONE', *, *, #470, .T. ) ;
#1111 = ORIENTED_EDGE ( 'NONE', *, *, #2158, .T. ) ;
#1112 = CARTESIAN_POINT ( 'NONE',  ( 0.1500000000000000500, -1.187505593727168574, 3.089021234010472572 ) ) ;
#1113 = CARTESIAN_POINT ( 'NONE',  ( 0.000000000000000000, 0.5000000000000014433, 0.1249999999999994865 ) ) ;
#1114 = CARTESIAN_POINT ( 'NONE',  ( 0.1499999999999999944, -1.199999999999999956, 2.539269230769230390 ) ) ;
#1115 = FACE_OUTER_BOUND ( 'NONE', #5849, .T. ) ;
#1116 = ORIENTED_EDGE ( 'NONE', *, *, #6258, .F. ) ;
#1117 = LINE ( 'NONE', #3369, #1323 ) ;
#1118 = CARTESIAN_POINT ( 'NONE',  ( 0.1000000000000000056, 0.5000000000000014433, 0.1249999999999994865 ) ) ;
#1119 = CARTESIAN_POINT ( 'NONE',  ( 0.1000000000000000056, 2.499999999999997780, 0.1899606299999998249 ) ) ;
#1120 = EDGE_CURVE ( 'NONE', #2605, #3887, #2839, .T. ) ;
#1121 = PLANE ( 'NONE',  #1640 ) ;
#1122 = CARTESIAN_POINT ( 'NONE',  ( 0.1000000000000000056, -1.116707940057224846, 2.188707224753443814 ) ) ;
#1123 = CARTESIAN_POINT ( 'NONE',  ( 0.1500000000000000500, -1.124794111694542353, 2.171153957933170897 ) ) ;
#1124 = EDGE_CURVE ( 'NONE', #6468, #4370, #7510, .T. ) ;
#1125 = CARTESIAN_POINT ( 'NONE',  ( 0.1499999999999999944, -1.086117788461538503, 2.444264723557691976 ) ) ;
#1126 = CARTESIAN_POINT ( 'NONE',  ( 0.1499999999999999944, -1.092690805288461409, 2.823403846153846430 ) ) ;
#1127 = LINE ( 'NONE', #2841, #2517 ) ;
#1128 = CARTESIAN_POINT ( 'NONE',  ( 0.1499999999999999944, -1.161686120591788995, 2.958473706187326080 ) ) ;
#1129 = EDGE_CURVE ( 'NONE', #179, #5844, #5243, .T. ) ;
#1130 = CARTESIAN_POINT ( 'NONE',  ( 0.09999999999999999167, -1.095845853365384537, 2.207057692307692331 ) ) ;
#1131 = EDGE_CURVE ( 'NONE', #3316, #6257, #6156, .T. ) ;
#1132 = CARTESIAN_POINT ( 'NONE',  ( 0.1000000000000000194, -1.077538608134190445, 2.180163405011857236 ) ) ;
#1133 = VERTEX_POINT ( 'NONE', #4063 ) ;
#1134 = CARTESIAN_POINT ( 'NONE',  ( 0.1000000000000000056, -1.179995086752715139, 2.210585976590115909 ) ) ;
#1135 = ADVANCED_FACE ( 'NONE', ( #6933 ), #1699, .T. ) ;
#1136 = CARTESIAN_POINT ( 'NONE',  ( 0.1499999999999999944, -1.155608314829162264, 3.533957739921218089 ) ) ;
#1137 = CARTESIAN_POINT ( 'NONE',  ( 0.1499999999999999944, -1.151088642221440139, 3.692046928973756970 ) ) ;
#1138 = LINE ( 'NONE', #106, #4199 ) ;
#1139 = CARTESIAN_POINT ( 'NONE',  ( 0.1499999999999999944, -1.091826923076923084, 2.153271634615384400 ) ) ;
#1140 = EDGE_LOOP ( 'NONE', ( #1943, #6243, #4003, #4198, #6441, #3881, #1187, #1205, #118, #3478, #1217, #5826, #4213, #4091, #5764, #5533, #5843, #372 ) ) ;
#1141 = AXIS2_PLACEMENT_3D ( 'NONE', #248, #7130, #1894 ) ;
#1142 = CARTESIAN_POINT ( 'NONE',  ( 0.1000000000000000056, -1.181644063806390310, 2.142843136962885531 ) ) ;
#1143 = CARTESIAN_POINT ( 'NONE',  ( 0.1000000000000000056, -1.125656813312067461, 2.969877841149344277 ) ) ;
#1144 = LINE ( 'NONE', #115, #2297 ) ;
#1145 = CARTESIAN_POINT ( 'NONE',  ( 0.1499999999999999944, -1.184216712844567310, 2.882325993736257974 ) ) ;
#1146 = ORIENTED_EDGE ( 'NONE', *, *, #2202, .T. ) ;
#1147 = EDGE_LOOP ( 'NONE', ( #1521, #1629, #2773, #871 ) ) ;
#1148 = CARTESIAN_POINT ( 'NONE',  ( 0.1499999999999999944, -1.083256657145658775, 2.865958474964146241 ) ) ;
#1149 = CARTESIAN_POINT ( 'NONE',  ( 0.1499999999999999944, -1.082836430438029796, 2.200286031037509638 ) ) ;
#1150 = CARTESIAN_POINT ( 'NONE',  ( 0.1000000000000000194, -1.129674840495378474, 2.161530890201467159 ) ) ;
#1151 = DIRECTION ( 'NONE',  ( -1.000000000000000000, -0.000000000000000000, -0.000000000000000000 ) ) ;
#1152 = AXIS2_PLACEMENT_3D ( 'NONE', #4064, #3487, #5255 ) ;
#1153 = ORIENTED_EDGE ( 'NONE', *, *, #3512, .F. ) ;
#1154 = CARTESIAN_POINT ( 'NONE',  ( 0.1000000000000000056, -1.096521935096153699, 2.228692307692307750 ) ) ;
#1155 = CARTESIAN_POINT ( 'NONE',  ( 0.09999999999999997780, -1.177038747309804290, 2.971877882427076401 ) ) ;
#1156 = EDGE_CURVE ( 'NONE', #6854, #6907, #3378, .T. ) ;
#1157 = CARTESIAN_POINT ( 'NONE',  ( 0.1000000000000000056, -1.103457608922094213, 3.729137353543411137 ) ) ;
#1158 = CARTESIAN_POINT ( 'NONE',  ( 0.1499999999999999944, -1.128448016826923084, 3.214269230769230656 ) ) ;
#1159 = CARTESIAN_POINT ( 'NONE',  ( 0.09999999999999997780, -1.172031680106959239, 3.075664710199045082 ) ) ;
#1160 = B_SPLINE_CURVE_WITH_KNOTS ( 'NONE', 3,
 ( #1139, #1671, #7561, #6866, #3427, #6906, #2285, #5267, #602, #4575, #7524 ),
 .UNSPECIFIED., .F., .F.,
 ( 4, 1, 1, 1, 1, 1, 1, 1, 4 ),
 ( 0.000000000000000000, 0.1488929324118919151, 0.2896281480742958214, 0.4220616280563458944, 0.5470045168687396320, 0.6664223072846980900, 0.7804841758635849835, 0.8915474527161518781, 1.000000000000000000 ),
 .UNSPECIFIED. ) ;
#1161 = CARTESIAN_POINT ( 'NONE',  ( 0.1499999999999999667, -1.104743487538279334, 2.984913857640606238 ) ) ;
#1162 = CARTESIAN_POINT ( 'NONE',  ( 0.1499999999999999944, -1.106437800480769118, 3.707538461538461227 ) ) ;
#1163 = DIRECTION ( 'NONE',  ( 0.000000000000000000, 1.000000000000000000, 0.000000000000000000 ) ) ;
#1164 = PLANE ( 'NONE',  #1152 ) ;
#1165 = CARTESIAN_POINT ( 'NONE',  ( 0.1000000000000000749, -1.152052285321552461, 2.964883075351920194 ) ) ;
#1166 = LINE ( 'NONE', #5824, #7423 ) ;
#1167 = CARTESIAN_POINT ( 'NONE',  ( 0.1500000000000000500, -1.081129740628246738, 2.319351321177902214 ) ) ;
#1168 = VERTEX_POINT ( 'NONE', #1731 ) ;
#1169 = CARTESIAN_POINT ( 'NONE',  ( 0.1000000000000000194, -1.091833149406058245, 2.333412108737696222 ) ) ;
#1170 = ORIENTED_EDGE ( 'NONE', *, *, #4384, .T. ) ;
#1171 = CARTESIAN_POINT ( 'NONE',  ( 0.1499999999999999944, -1.145160986899358413, 2.462028505987008398 ) ) ;
#1172 = DIRECTION ( 'NONE',  ( 1.000000000000000000, 0.000000000000000000, 0.000000000000000000 ) ) ;
#1173 = CARTESIAN_POINT ( 'NONE',  ( 0.1499999999999999944, -1.201259726161439279, 2.201166191832404362 ) ) ;
#1174 = DIRECTION ( 'NONE',  ( -1.000000000000000000, -0.000000000000000000, -0.000000000000000000 ) ) ;
#1175 = CARTESIAN_POINT ( 'NONE',  ( 0.1499999999999999944, -1.134062809697171659, 2.196171310994013748 ) ) ;
#1176 = VECTOR ( 'NONE', #4088, 39.37007874015748143 ) ;
#1177 = VERTEX_POINT ( 'NONE', #4030 ) ;
#1178 = CARTESIAN_POINT ( 'NONE',  ( 0.1000000000000000056, -1.077436306282229195, 2.380564248446110920 ) ) ;
#1179 = CARTESIAN_POINT ( 'NONE',  ( 0.1499999999999999944, -1.135096153846153699, 2.295038461538461583 ) ) ;
#1180 = CARTESIAN_POINT ( 'NONE',  ( 0.1499999999999999944, -1.109209411168492698, 3.707448240319083599 ) ) ;
#1181 = DIRECTION ( 'NONE',  ( 1.124055130734906425E-14, 0.000000000000000000, -1.000000000000000000 ) ) ;
#1182 = ORIENTED_EDGE ( 'NONE', *, *, #3829, .T. ) ;
#1183 = ORIENTED_EDGE ( 'NONE', *, *, #5045, .F. ) ;
#1184 = CARTESIAN_POINT ( 'NONE',  ( 0.1000000000000000056, -1.156730769230769118, 2.319978365384615326 ) ) ;
#1185 = CARTESIAN_POINT ( 'NONE',  ( 0.1000000000000000056, -1.127226771820196927, 2.166106593779178358 ) ) ;
#1186 = CARTESIAN_POINT ( 'NONE',  ( 0.1000000000000000056, -1.095254751961534101, 2.228661421047172464 ) ) ;
#1187 = ORIENTED_EDGE ( 'NONE', *, *, #1774, .T. ) ;
#1188 = DIRECTION ( 'NONE',  ( 0.000000000000000000, -1.000000000000000000, 0.000000000000000000 ) ) ;
#1189 = CARTESIAN_POINT ( 'NONE',  ( 0.1499999999999999944, -1.153266221148497861, 2.988145436500721175 ) ) ;
#1190 = EDGE_CURVE ( 'NONE', #7325, #37, #2195, .T. ) ;
#1191 = CARTESIAN_POINT ( 'NONE',  ( 0.1499999999999999944, -1.172424851153321734, 2.946679436323384582 ) ) ;
#1192 = DIRECTION ( 'NONE',  ( -1.000000000000000000, -0.000000000000000000, -0.000000000000000000 ) ) ;
#1193 = DIRECTION ( 'NONE',  ( 1.000000000000000000, -0.000000000000000000, -0.000000000000000000 ) ) ;
#1194 = CARTESIAN_POINT ( 'NONE',  ( 0.1499999999999999944, -1.168208741244028293, 3.073729344418123510 ) ) ;
#1195 = CIRCLE ( 'NONE', #6571, 0.06496062999999985266 ) ;
#1196 = VERTEX_POINT ( 'NONE', #6399 ) ;
#1197 = CARTESIAN_POINT ( 'NONE',  ( 0.1499999999999999667, -1.078054745958242799, 2.960955515441695329 ) ) ;
#1198 = CARTESIAN_POINT ( 'NONE',  ( 0.1499999999999999944, -1.069941572213743974, 2.946367657184246092 ) ) ;
#1199 = VECTOR ( 'NONE', #7228, 39.37007874015748143 ) ;
#1200 = CARTESIAN_POINT ( 'NONE',  ( 0.09999999999999997780, -1.179666303245988201, 3.572508495870664991 ) ) ;
#1201 = CARTESIAN_POINT ( 'NONE',  ( 0.1499999999999999944, -1.196668914910880899, 3.662090149845086184 ) ) ;
#1202 = CARTESIAN_POINT ( 'NONE',  ( 0.1499999999999999944, -1.007692307692307665, 3.412826923076923258 ) ) ;
#1203 = CARTESIAN_POINT ( 'NONE',  ( 0.1500000000000000777, -1.141506599525882404, 3.722360786070487926 ) ) ;
#1204 = CARTESIAN_POINT ( 'NONE',  ( 0.09999999999999997780, -1.064185032754312310, 2.350760376701492849 ) ) ;
#1205 = ORIENTED_EDGE ( 'NONE', *, *, #6641, .T. ) ;
#1206 = VECTOR ( 'NONE', #3629, 39.37007874015748143 ) ;
#1207 = CARTESIAN_POINT ( 'NONE',  ( 0.1499999999999999667, -1.176734282478702820, 3.106910003984551860 ) ) ;
#1208 = ORIENTED_EDGE ( 'NONE', *, *, #326, .T. ) ;
#1209 = CARTESIAN_POINT ( 'NONE',  ( 0.1500000000000000500, -1.092706357491658453, 3.297633624746381553 ) ) ;
#1210 = CARTESIAN_POINT ( 'NONE',  ( 0.1499999999999999944, -1.185518249838121818, 3.136262993380545261 ) ) ;
#1211 = LINE ( 'NONE', #3541, #6932 ) ;
#1212 = LINE ( 'NONE', #6413, #7249 ) ;
#1213 = B_SPLINE_CURVE_WITH_KNOTS ( 'NONE', 3,
 ( #4408, #2729, #1013, #7432, #6743, #2193, #3795, #3837, #5060, #4520, #7392, #2688, #2115, #6856, #1624, #6209, #6286, #1198, #5894, #622, #4638, #6477, #3446, #5215, #2308, #2379, #4029 ),
 .UNSPECIFIED., .F., .F.,
 ( 4, 1, 1, 1, 1, 1, 1, 1, 1, 1, 1, 1, 1, 1, 1, 1, 1, 1, 1, 1, 1, 1, 1, 1, 4 ),
 ( 0.000000000000000000, 0.03718779641969017363, 0.07402585657680890718, 0.1107465977730573842, 0.1473076803550231739, 0.1842256191244557861, 0.2218504251382223402, 0.2599028617959422971, 0.2989710118524626647, 0.3386116233803822539, 0.3781799505369087266, 0.4181052735527425734, 0.4583813382080311749, 0.4994045291624886751, 0.5411167449001432761, 0.5836728509265250997, 0.6274780468152415525, 0.6720391675839583190, 0.7168602304287221560, 0.7620867552246516352, 0.8078603949740833512, 0.8546506136838856182, 0.9019225000237989232, 0.9504400782974136153, 1.000000000000000000 ),
 .UNSPECIFIED. ) ;
#1214 = EDGE_CURVE ( 'NONE', #4903, #649, #5506, .T. ) ;
#1215 = CARTESIAN_POINT ( 'NONE',  ( 0.1499999999999999944, -1.162815504807692246, 2.137346153846154007 ) ) ;
#1216 = B_SPLINE_CURVE_WITH_KNOTS ( 'NONE', 3,
 ( #4310, #218, #1975, #6645, #6061, #3159, #255, #4914, #7245, #2010, #3347, #1598, #3845, #407, #3919 ),
 .UNSPECIFIED., .F., .F.,
 ( 4, 1, 1, 1, 1, 1, 1, 1, 1, 1, 1, 1, 4 ),
 ( 0.000000000000000000, 0.08826672401854496197, 0.1706376390471093796, 0.2479281137329815421, 0.3219197821450977548, 0.3960917057520620399, 0.4732621463492036051, 0.5548522767893164787, 0.6413406529623613128, 0.7304807719024718482, 0.8191491810115828498, 0.9087794610214180446, 1.000000000000000000 ),
 .UNSPECIFIED. ) ;
#1217 = ORIENTED_EDGE ( 'NONE', *, *, #2508, .T. ) ;
#1218 = LINE ( 'NONE', #7022, #6050 ) ;
#1219 = CARTESIAN_POINT ( 'NONE',  ( 0.1000000000000000056, -1.131114783653845990, 2.970038461538460961 ) ) ;
#1220 = CARTESIAN_POINT ( 'NONE',  ( 0.09999999999999999167, -1.163077977018931453, 3.679934332496271665 ) ) ;
#1221 = EDGE_CURVE ( 'NONE', #869, #4717, #6873, .T. ) ;
#1222 = FACE_OUTER_BOUND ( 'NONE', #3731, .T. ) ;
#1223 = ORIENTED_EDGE ( 'NONE', *, *, #1500, .T. ) ;
#1224 = ORIENTED_EDGE ( 'NONE', *, *, #3447, .F. ) ;
#1225 = EDGE_CURVE ( 'NONE', #2161, #734, #5911, .T. ) ;
#1226 = PLANE ( 'NONE',  #1421 ) ;
#1227 = LINE ( 'NONE', #6957, #7064 ) ;
#1228 = FACE_OUTER_BOUND ( 'NONE', #3612, .T. ) ;
#1229 = EDGE_LOOP ( 'NONE', ( #5341, #794, #5232, #2239 ) ) ;
#1230 = ORIENTED_EDGE ( 'NONE', *, *, #3830, .T. ) ;
#1231 = CARTESIAN_POINT ( 'NONE',  ( 0.1000000000000000056, -1.186949187954448703, 2.959220564991341895 ) ) ;
#1232 = CARTESIAN_POINT ( 'NONE',  ( 0.1499999999999999944, -1.141821117542498154, 2.968819218175250185 ) ) ;
#1233 = CARTESIAN_POINT ( 'NONE',  ( 0.1000000000000000056, -1.087545072115384537, 2.313029747596153651 ) ) ;
#1234 = CARTESIAN_POINT ( 'NONE',  ( 0.000000000000000000, 1.500000000000000444, 3.246062989921259856 ) ) ;
#1235 = CARTESIAN_POINT ( 'NONE',  ( 0.1000000000000000056, -1.139565805288461409, 2.725807692307692154 ) ) ;
#1236 = ORIENTED_EDGE ( 'NONE', *, *, #3299, .T. ) ;
#1237 = CARTESIAN_POINT ( 'NONE',  ( 0.09999999999999999167, -1.082160330415417038, 3.406587038501546427 ) ) ;
#1238 = CARTESIAN_POINT ( 'NONE',  ( 0.1499999999999999944, -1.127226771820196927, 2.166106593779178358 ) ) ;
#1239 = LINE ( 'NONE', #3675, #911 ) ;
#1240 = CARTESIAN_POINT ( 'NONE',  ( 0.1500000000000000500, -1.202350865221145204, 2.189583062318537721 ) ) ;
#1241 = CARTESIAN_POINT ( 'NONE',  ( 0.1499999999999999944, -1.185325077051963216, 2.909245013756379006 ) ) ;
#1242 = DIRECTION ( 'NONE',  ( -1.000000000000000000, -0.000000000000000000, -0.000000000000000000 ) ) ;
#1243 = FACE_OUTER_BOUND ( 'NONE', #7330, .T. ) ;
#1244 = ORIENTED_EDGE ( 'NONE', *, *, #13, .T. ) ;
#1245 = CARTESIAN_POINT ( 'NONE',  ( 0.1499999999999999944, -1.150458233173076827, 3.412826923076923258 ) ) ;
#1246 = ORIENTED_EDGE ( 'NONE', *, *, #5515, .T. ) ;
#1247 = CARTESIAN_POINT ( 'NONE',  ( 0.09999999999999997780, -1.060576923076923084, 3.352204927884615770 ) ) ;
#1248 = CARTESIAN_POINT ( 'NONE',  ( 0.1499999999999999944, -1.060576923076922862, 3.352204927884615326 ) ) ;
#1249 = CARTESIAN_POINT ( 'NONE',  ( 0.1499999999999999944, -1.197602152729416503, 2.214447254788966202 ) ) ;
#1250 = CARTESIAN_POINT ( 'NONE',  ( 0.1499999999999999944, -1.204217006837251080, 3.596059064589512744 ) ) ;
#1251 = AXIS2_PLACEMENT_3D ( 'NONE', #7026, #1680, #5770 ) ;
#1252 = CARTESIAN_POINT ( 'NONE',  ( 0.1000000000000000056, -1.087545072115384759, 2.313029747596154095 ) ) ;
#1253 = VERTEX_POINT ( 'NONE', #4752 ) ;
#1254 = CYLINDRICAL_SURFACE ( 'NONE', #3617, 0.06496062999999997756 ) ;
#1255 = CARTESIAN_POINT ( 'NONE',  ( 0.1000000000000000056, -1.199999999999999956, 2.539269230769230390 ) ) ;
#1256 = CARTESIAN_POINT ( 'NONE',  ( 0.09999999999999992228, -1.130273346201830620, 3.703779996090465154 ) ) ;
#1257 = DIRECTION ( 'NONE',  ( -1.000000000000000000, -0.000000000000000000, -0.000000000000000000 ) ) ;
#1258 = CARTESIAN_POINT ( 'NONE',  ( 0.1499999999999999944, -1.077985426200194885, 3.365953017203484166 ) ) ;
#1259 = ORIENTED_EDGE ( 'NONE', *, *, #6212, .F. ) ;
#1260 = CARTESIAN_POINT ( 'NONE',  ( 0.1500000000000000500, -1.132875258926499429, 3.412459780015241417 ) ) ;
#1261 = DIRECTION ( 'NONE',  ( -1.000000000000000000, -0.000000000000000000, -0.000000000000000000 ) ) ;
#1262 = CARTESIAN_POINT ( 'NONE',  ( 0.1499999999999999944, -1.185576923076922862, 2.381126201923076557 ) ) ;
#1263 = EDGE_CURVE ( 'NONE', #649, #3656, #4788, .T. ) ;
#1264 = VERTEX_POINT ( 'NONE', #5296 ) ;
#1265 = LINE ( 'NONE', #7112, #2120 ) ;
#1266 = EDGE_CURVE ( 'NONE', #7525, #670, #7082, .T. ) ;
#1267 = CARTESIAN_POINT ( 'NONE',  ( 0.1499999999999999944, -1.145283214943406236, 2.967780548561368636 ) ) ;
#1268 = DIRECTION ( 'NONE',  ( 0.000000000000000000, 0.000000000000000000, 1.000000000000000000 ) ) ;
#1269 = B_SPLINE_CURVE_WITH_KNOTS ( 'NONE', 3,
 ( #5305, #2393, #3959, #5150, #6294, #2241, #1667, #103, #5982, #2467, #173 ),
 .UNSPECIFIED., .F., .F.,
 ( 4, 1, 1, 1, 1, 1, 1, 1, 4 ),
 ( 0.000000000000000000, 0.1732775370725926634, 0.3315017296035474015, 0.4770932691322565811, 0.6089182694460697487, 0.7259107447081037945, 0.8306824445785886413, 0.9212477007311460353, 1.000000000000000000 ),
 .UNSPECIFIED. ) ;
#1270 = LINE ( 'NONE', #5854, #1690 ) ;
#1271 = PLANE ( 'NONE',  #7299 ) ;
#1272 = ORIENTED_EDGE ( 'NONE', *, *, #191, .T. ) ;
#1273 = DIRECTION ( 'NONE',  ( 0.000000000000000000, 0.000000000000000000, 1.000000000000000000 ) ) ;
#1274 = FACE_BOUND ( 'NONE', #2976, .T. ) ;
#1275 = DIRECTION ( 'NONE',  ( 0.000000000000000000, 0.000000000000000000, 1.000000000000000000 ) ) ;
#1276 = DIRECTION ( 'NONE',  ( -1.000000000000000000, -0.000000000000000000, -0.000000000000000000 ) ) ;
#1277 = VECTOR ( 'NONE', #5213, 39.37007874015748143 ) ;
#1278 = CARTESIAN_POINT ( 'NONE',  ( 0.1500000000000000500, -1.123992438971129104, 3.727607969547274358 ) ) ;
#1279 = VECTOR ( 'NONE', #1069, 39.37007874015748143 ) ;
#1280 = VECTOR ( 'NONE', #4821, 39.37007874015748143 ) ;
#1281 = LINE ( 'NONE', #3001, #931 ) ;
#1282 = ORIENTED_EDGE ( 'NONE', *, *, #4786, .T. ) ;
#1283 = DIRECTION ( 'NONE',  ( 0.000000000000000000, 0.000000000000000000, 1.000000000000000000 ) ) ;
#1284 = VERTEX_POINT ( 'NONE', #7156 ) ;
#1285 = CARTESIAN_POINT ( 'NONE',  ( 0.1499999999999999667, -1.061026934357094609, 3.343439890250215374 ) ) ;
#1286 = LINE ( 'NONE', #2506, #5044 ) ;
#1287 = CARTESIAN_POINT ( 'NONE',  ( 0.1000000000000000056, 4.375000000000000000, 2.249999999999999556 ) ) ;
#1288 = LINE ( 'NONE', #3050, #6149 ) ;
#1289 = EDGE_CURVE ( 'NONE', #6376, #4549, #1349, .T. ) ;
#1290 = LINE ( 'NONE', #5946, #6200 ) ;
#1291 = CARTESIAN_POINT ( 'NONE',  ( 0.1500000000000000500, -1.026987463002205558, 3.618005496026341472 ) ) ;
#1292 = ORIENTED_EDGE ( 'NONE', *, *, #1221, .T. ) ;
#1293 = CARTESIAN_POINT ( 'NONE',  ( 0.1499999999999999944, -1.190984415514007022, 2.151601880704856029 ) ) ;
#1294 = CARTESIAN_POINT ( 'NONE',  ( 0.1000000000000000056, -1.080407441380248468, 2.196773577052042015 ) ) ;
#1295 = CARTESIAN_POINT ( 'NONE',  ( 0.1499999999999999944, -1.151088642221440139, 3.692046928973756970 ) ) ;
#1296 = CARTESIAN_POINT ( 'NONE',  ( 0.09999999999999997780, -1.071477089786531334, 3.392625019152679666 ) ) ;
#1297 = CARTESIAN_POINT ( 'NONE',  ( 0.000000000000000000, 4.375000000000000000, 2.249999999999999556 ) ) ;
#1298 = ORIENTED_EDGE ( 'NONE', *, *, #7283, .F. ) ;
#1299 = AXIS2_PLACEMENT_3D ( 'NONE', #3653, #5450, #210 ) ;
#1300 = DIRECTION ( 'NONE',  ( 0.000000000000000000, -0.4048798838402625777, -0.9143698812086361594 ) ) ;
#1301 = CARTESIAN_POINT ( 'NONE',  ( 0.000000000000000000, -1.375000000000000444, 3.685039370000000147 ) ) ;
#1302 = CARTESIAN_POINT ( 'NONE',  ( 0.1000000000000000472, -1.076194670243086460, 2.221694706636918593 ) ) ;
#1303 = CARTESIAN_POINT ( 'NONE',  ( 0.1000000000000000056, -1.085928712203993340, 3.301081278535544339 ) ) ;
#1304 = AXIS2_PLACEMENT_3D ( 'NONE', #1113, #1037, #7416 ) ;
#1305 = VECTOR ( 'NONE', #4945, 39.37007874015748143 ) ;
#1306 = CARTESIAN_POINT ( 'NONE',  ( 0.1499999999999999944, -1.174617617243288947, 2.943183845586917258 ) ) ;
#1307 = B_SPLINE_CURVE_WITH_KNOTS ( 'NONE', 3,
 ( #2444, #6987, #758, #4196, #3659, #3625, #4732 ),
 .UNSPECIFIED., .F., .F.,
 ( 4, 1, 1, 1, 4 ),
 ( 0.000000000000000000, 0.2442690555257736040, 0.4860628017696880243, 0.7334572452068355286, 0.9999999999999998890 ),
 .UNSPECIFIED. ) ;
#1308 = EDGE_CURVE ( 'NONE', #3315, #1643, #5964, .T. ) ;
#1309 = FACE_OUTER_BOUND ( 'NONE', #4490, .T. ) ;
#1310 = CARTESIAN_POINT ( 'NONE',  ( 0.1000000000000000056, -1.174474926867217439, 2.826441746717749393 ) ) ;
#1311 = PLANE ( 'NONE',  #3915 ) ;
#1312 = ORIENTED_EDGE ( 'NONE', *, *, #5655, .T. ) ;
#1313 = PLANE ( 'NONE',  #4615 ) ;
#1314 = CARTESIAN_POINT ( 'NONE',  ( 0.09999999999999999167, -1.077403846153845990, 2.378572115384615326 ) ) ;
#1315 = CARTESIAN_POINT ( 'NONE',  ( 0.1499999999999999944, -1.202403846153846212, 2.900777644230769337 ) ) ;
#1316 = DIRECTION ( 'NONE',  ( 0.000000000000000000, 0.000000000000000000, -1.000000000000000000 ) ) ;
#1317 = EDGE_CURVE ( 'NONE', #5484, #3199, #1239, .T. ) ;
#1318 = DIRECTION ( 'NONE',  ( 0.000000000000000000, 0.000000000000000000, -1.000000000000000000 ) ) ;
#1319 = CARTESIAN_POINT ( 'NONE',  ( 0.1000000000000000056, -1.061683665242948216, 2.173309428705861190 ) ) ;
#1320 = VERTEX_POINT ( 'NONE', #6589 ) ;
#1321 = VECTOR ( 'NONE', #6938, 39.37007874015748143 ) ;
#1322 = CARTESIAN_POINT ( 'NONE',  ( 0.1000000000000000056, -1.183854800515309780, 3.123950365992641309 ) ) ;
#1323 = VECTOR ( 'NONE', #1692, 39.37007874015748143 ) ;
#1324 = VERTEX_POINT ( 'NONE', #3567 ) ;
#1325 = CARTESIAN_POINT ( 'NONE',  ( 0.1500000000000000500, -1.060576923076923084, 3.352204927884615770 ) ) ;
#1326 = CARTESIAN_POINT ( 'NONE',  ( 0.1000000000000000194, -1.071604069445955876, 3.722735087714867941 ) ) ;
#1327 = AXIS2_PLACEMENT_3D ( 'NONE', #1355, #3680, #3111 ) ;
#1328 = CARTESIAN_POINT ( 'NONE',  ( 0.1499999999999999944, -1.135000812267693560, 2.991591964592045461 ) ) ;
#1329 = CARTESIAN_POINT ( 'NONE',  ( 0.1000000000000000056, 2.499999999999997780, 0.1249999999999994865 ) ) ;
#1330 = CARTESIAN_POINT ( 'NONE',  ( 0.1499999999999999944, -1.136335637019230793, 2.191019531249999819 ) ) ;
#1331 = ORIENTED_EDGE ( 'NONE', *, *, #5203, .T. ) ;
#1332 = CARTESIAN_POINT ( 'NONE',  ( 0.1499999999999999944, -1.193660016518127698, 2.155248163234518177 ) ) ;
#1333 = CARTESIAN_POINT ( 'NONE',  ( 0.1499999999999999944, -1.060624928354582774, 2.896368408717100440 ) ) ;
#1334 = DIRECTION ( 'NONE',  ( -1.000000000000000000, 0.000000000000000000, -0.000000000000000000 ) ) ;
#1335 = CARTESIAN_POINT ( 'NONE',  ( 0.1499999999999999944, -1.178818641877707352, 3.080251824531204718 ) ) ;
#1336 = ORIENTED_EDGE ( 'NONE', *, *, #6171, .T. ) ;
#1337 = DIRECTION ( 'NONE',  ( 1.000000000000000000, 0.000000000000000000, 0.000000000000000000 ) ) ;
#1338 = CARTESIAN_POINT ( 'NONE',  ( 0.09999999999999999167, -1.028361142321244204, 3.630718253124791683 ) ) ;
#1339 = CARTESIAN_POINT ( 'NONE',  ( 0.1000000000000000056, -1.063063274888356613, 2.201983576219650018 ) ) ;
#1340 = CARTESIAN_POINT ( 'NONE',  ( 0.1000000000000000194, -1.089223232075758885, 2.418827475344485389 ) ) ;
#1341 = DIRECTION ( 'NONE',  ( -1.000000000000000000, -0.000000000000000000, -0.000000000000000000 ) ) ;
#1342 = LINE ( 'NONE', #3027, #6300 ) ;
#1343 = CARTESIAN_POINT ( 'NONE',  ( 0.09999999999999997780, -1.145742380883188583, 2.171295377813634353 ) ) ;
#1344 = CARTESIAN_POINT ( 'NONE',  ( 0.1000000000000000056, -1.150628434712682058, 2.439008841948157258 ) ) ;
#1345 = VERTEX_POINT ( 'NONE', #165 ) ;
#1346 = CARTESIAN_POINT ( 'NONE',  ( 0.000000000000000000, 4.500000000000000888, 4.000000000000000888 ) ) ;
#1347 = CARTESIAN_POINT ( 'NONE',  ( 0.1499999999999999944, -1.095865260885916070, 2.328943414610759710 ) ) ;
#1348 = EDGE_CURVE ( 'NONE', #6907, #4573, #738, .T. ) ;
#1349 = LINE ( 'NONE', #5369, #6888 ) ;
#1350 = CARTESIAN_POINT ( 'NONE',  ( 0.1499999999999999944, -1.058173076923076827, 3.532658653846153740 ) ) ;
#1351 = EDGE_CURVE ( 'NONE', #3920, #1376, #2772, .T. ) ;
#1352 = CARTESIAN_POINT ( 'NONE',  ( 0.09999999999999997780, -1.061970468833115300, 2.398763511206339238 ) ) ;
#1353 = CARTESIAN_POINT ( 'NONE',  ( 0.1499999999999999944, -1.028859491775439672, 3.588372367485629599 ) ) ;
#1354 = ORIENTED_EDGE ( 'NONE', *, *, #4453, .T. ) ;
#1355 = CARTESIAN_POINT ( 'NONE',  ( 0.1000000000000000056, 2.499999999999997780, 0.1249999999999994865 ) ) ;
#1356 = EDGE_CURVE ( 'NONE', #6878, #7327, #2863, .T. ) ;
#1357 = ORIENTED_EDGE ( 'NONE', *, *, #7433, .F. ) ;
#1358 = CARTESIAN_POINT ( 'NONE',  ( 0.1499999999999999944, -1.007692307692307665, 2.747442307692307573 ) ) ;
#1359 = EDGE_CURVE ( 'NONE', #3400, #3916, #454, .T. ) ;
#1360 = EDGE_CURVE ( 'NONE', #5844, #4236, #995, .T. ) ;
#1361 = CARTESIAN_POINT ( 'NONE',  ( 0.1000000000000000472, -1.043032036553237063, 3.703361669783874266 ) ) ;
#1362 = CARTESIAN_POINT ( 'NONE',  ( 0.1499999999999999944, -1.194610776188760326, 2.944576284390969523 ) ) ;
#1363 = EDGE_CURVE ( 'NONE', #4717, #2831, #5268, .T. ) ;
#1364 = PERSON_AND_ORGANIZATION ( #6817, #4594 ) ;
#1365 = CARTESIAN_POINT ( 'NONE',  ( 0.1499999999999999944, -1.089289400218183879, 2.944972933156915218 ) ) ;
#1366 = DIRECTION ( 'NONE',  ( 0.000000000000000000, 0.000000000000000000, -1.000000000000000000 ) ) ;
#1367 = B_SPLINE_SURFACE_WITH_KNOTS ( 'NONE', 3, 1, ( 
 ( #6382, #2824 ),
 ( #5081, #6842 ),
 ( #1610, #3932 ),
 ( #1145, #6349 ),
 ( #5237, #7567 ),
 ( #4541, #6269 ),
 ( #5162, #6804 ),
 ( #4464, #6876 ),
 ( #1641, #1032 ),
 ( #4582, #6915 ),
 ( #1570, #3359 ) ),
 .UNSPECIFIED., .F., .F., .F.,
 ( 4, 1, 1, 1, 1, 1, 1, 1, 4 ),
 ( 2, 2 ),
 ( 0.000000000000000000, 0.1347975311870697190, 0.2643509167020410278, 0.3897872249135497236, 0.5123471595257821365, 0.6333599281151202076, 0.7537198271580691777, 0.8757847387662087701, 1.000000000000000000 ),
 ( 0.000000000000000000, 1.000000000000000000 ),
 .UNSPECIFIED. ) ;
#1368 = B_SPLINE_CURVE_WITH_KNOTS ( 'NONE', 3,
 ( #3007, #6016, #5345, #4187, #5904, #4224, #6636, #209, #1326, #2540, #3652, #4907, #4300, #7201, #1933, #1361, #1966, #1400, #4150, #5487, #2434, #3720, #3048, #6054, #4761, #820, #7091 ),
 .UNSPECIFIED., .F., .F.,
 ( 4, 1, 1, 1, 1, 1, 1, 1, 1, 1, 1, 1, 1, 1, 1, 1, 1, 1, 1, 1, 1, 1, 1, 1, 4 ),
 ( 0.000000000000000000, 0.02994377354386678833, 0.05929698521977894154, 0.08818028895437271530, 0.1168413842308142353, 0.1452384806157847874, 0.1733604903819462861, 0.2014385466881654652, 0.2296164761949054389, 0.2579683372564344213, 0.2863893024826386635, 0.3153839070800581457, 0.3447437183202540223, 0.3744161342757748590, 0.4047719698385361942, 0.4357438294646323595, 0.4675649399809690965, 0.5314779002149132570, 0.5951185991251793928, 0.6588976624185542974, 0.7235546473620374508, 0.7894566482179306011, 0.8571353408979027755, 0.9271057839317001781, 1.000000000000000000 ),
 .UNSPECIFIED. ) ;
#1369 = ADVANCED_FACE ( 'NONE', ( #7411 ), #1555, .T. ) ;
#1370 = VERTEX_POINT ( 'NONE', #2251 ) ;
#1371 = CARTESIAN_POINT ( 'NONE',  ( 0.1000000000000000056, -1.188046034550912511, 2.148276232635609517 ) ) ;
#1372 = B_SPLINE_CURVE_WITH_KNOTS ( 'NONE', 3,
 ( #2376, #7041, #5891, #3030, #1344, #5400, #126, #7151, #4249, #1916, #1803, #4137, #6474, #3639, #6620, #5966, #5437, #3707, #2454 ),
 .UNSPECIFIED., .F., .F.,
 ( 4, 1, 1, 1, 1, 1, 1, 1, 1, 1, 1, 1, 1, 1, 1, 1, 4 ),
 ( 0.000000000000000000, 0.06184755656562553744, 0.1219078937535697099, 0.1803211562439640259, 0.2380713277852827270, 0.2955987705624326112, 0.3544452685348756238, 0.4144796449102003955, 0.4769336007333851990, 0.5399721252325463405, 0.6032096221730990360, 0.6658365931601982757, 0.7295436193419605475, 0.7940744035161788617, 0.8607631412623527600, 0.9288642005587115502, 1.000000000000000000 ),
 .UNSPECIFIED. ) ;
#1373 = CARTESIAN_POINT ( 'NONE',  ( 0.1000000000000000056, -1.007692307692307887, 3.412826923076923258 ) ) ;
#1374 = CARTESIAN_POINT ( 'NONE',  ( 0.1000000000000000056, -1.172031680106959239, 3.075664710199045082 ) ) ;
#1375 = CARTESIAN_POINT ( 'NONE',  ( 0.1499999999999999944, -1.154227334764546642, 3.069602680669810457 ) ) ;
#1376 = VERTEX_POINT ( 'NONE', #1992 ) ;
#1377 = CARTESIAN_POINT ( 'NONE',  ( 0.09999999999999997780, -1.087793296628086548, 2.445787406863041635 ) ) ;
#1378 = CARTESIAN_POINT ( 'NONE',  ( 0.1499999999999999944, -1.031045223945540545, 3.642937778337580923 ) ) ;
#1379 = CARTESIAN_POINT ( 'NONE',  ( 0.1000000000000000056, -1.098462193019994926, 2.228609089381098585 ) ) ;
#1380 = CARTESIAN_POINT ( 'NONE',  ( 0.1000000000000000056, -1.089144325243656120, 3.299242254014329134 ) ) ;
#1381 = CARTESIAN_POINT ( 'NONE',  ( 0.1500000000000000500, -1.111711332401578156, 2.318839299666829668 ) ) ;
#1382 = CARTESIAN_POINT ( 'NONE',  ( 0.1000000000000000056, 1.874015748031496509, 2.999999999999999556 ) ) ;
#1383 = CARTESIAN_POINT ( 'NONE',  ( 0.1500000000000000500, -1.137102216422570367, 3.192475412677580504 ) ) ;
#1384 = DIRECTION ( 'NONE',  ( 0.000000000000000000, 0.000000000000000000, 1.000000000000000000 ) ) ;
#1385 = CARTESIAN_POINT ( 'NONE',  ( 0.000000000000000000, -1.499999999999999556, 1.999999999999999334 ) ) ;
#1386 = FACE_OUTER_BOUND ( 'NONE', #1815, .T. ) ;
#1387 = EDGE_CURVE ( 'NONE', #1345, #5329, #6635, .T. ) ;
#1388 = ORIENTED_EDGE ( 'NONE', *, *, #6454, .T. ) ;
#1389 = CARTESIAN_POINT ( 'NONE',  ( 0.1499999999999999944, -1.156730769230769118, 2.319978365384615326 ) ) ;
#1390 = CARTESIAN_POINT ( 'NONE',  ( 0.09999999999999999167, -1.060576923076922862, 2.899087439903845986 ) ) ;
#1391 = CARTESIAN_POINT ( 'NONE',  ( 0.1000000000000000056, -1.007692307692307665, 3.434461538461538233 ) ) ;
#1392 = DIRECTION ( 'NONE',  ( -1.000000000000000000, -0.000000000000000000, -0.000000000000000000 ) ) ;
#1393 = LINE ( 'NONE', #4254, #4737 ) ;
#1394 = CARTESIAN_POINT ( 'NONE',  ( 0.1500000000000000500, -1.054415644153236409, 3.536291987289026828 ) ) ;
#1395 = CARTESIAN_POINT ( 'NONE',  ( 0.1499999999999999944, -1.202403846153846212, 3.140801682692307306 ) ) ;
#1396 = EDGE_LOOP ( 'NONE', ( #2121, #6796, #6533, #6051 ) ) ;
#1397 = DIRECTION ( 'NONE',  ( 0.000000000000000000, -1.000000000000000000, 0.000000000000000000 ) ) ;
#1398 = VERTEX_POINT ( 'NONE', #6267 ) ;
#1399 = CARTESIAN_POINT ( 'NONE',  ( 0.09999999999999997780, -1.111372215902991512, 3.293531858794437550 ) ) ;
#1400 = CARTESIAN_POINT ( 'NONE',  ( 0.1000000000000000056, -1.034604886542791480, 3.694121462888446228 ) ) ;
#1401 = CIRCLE ( 'NONE', #540, 0.06496062999999985266 ) ;
#1402 = CARTESIAN_POINT ( 'NONE',  ( 0.1000000000000000056, -1.185576923076923084, 2.188991286057692776 ) ) ;
#1403 = CALENDAR_DATE ( 2026, 27, 4 ) ;
#1404 = CARTESIAN_POINT ( 'NONE',  ( 0.09999999999999997780, -1.081196243576097338, 2.927472102729555381 ) ) ;
#1405 = CARTESIAN_POINT ( 'NONE',  ( 0.1500000000000000500, -1.053658945131149327, 3.684500877764314453 ) ) ;
#1406 = B_SPLINE_CURVE_WITH_KNOTS ( 'NONE', 3,
 ( #6326, #1089, #5253, #2345, #7509, #7002, #4100, #6435, #3529, #4709, #7044, #1807, #4599, #659, #2996, #5331, #1656, #90, #2420 ),
 .UNSPECIFIED., .F., .F.,
 ( 4, 1, 1, 1, 1, 1, 1, 1, 1, 1, 1, 1, 1, 1, 1, 1, 4 ),
 ( 0.000000000000000000, 0.07668161038680743058, 0.1509703462479020930, 0.2223621639258531180, 0.2919246148141431685, 0.3584193679920922859, 0.4243660431269841160, 0.4884299929548626129, 0.5511861399228648040, 0.6126856103580866630, 0.6714407087907388050, 0.7290827075934837032, 0.7846672596041295300, 0.8385712453308987735, 0.8926432966785569079, 0.9462331996983747162, 1.000000000000000000 ),
 .UNSPECIFIED. ) ;
#1407 = EDGE_CURVE ( 'NONE', #2128, #6499, #527, .T. ) ;
#1408 = ORIENTED_EDGE ( 'NONE', *, *, #1031, .F. ) ;
#1409 = CARTESIAN_POINT ( 'NONE',  ( 0.1000000000000000056, -1.142233824477975945, 2.177874648476851860 ) ) ;
#1410 = CARTESIAN_POINT ( 'NONE',  ( 0.1499999999999999944, -1.072304595434914631, 2.847179960373041219 ) ) ;
#1411 = CARTESIAN_POINT ( 'NONE',  ( 0.09999999999999997780, -1.060576923076922862, 3.352204927884615326 ) ) ;
#1412 = B_SPLINE_CURVE_WITH_KNOTS ( 'NONE', 3,
 ( #4372, #1014, #6710, #1475, #3340, #2768, #7236, #4335, #1436, #5559, #1125 ),
 .UNSPECIFIED., .F., .F.,
 ( 4, 1, 1, 1, 1, 1, 1, 1, 4 ),
 ( 0.000000000000000000, 0.1243243740706215794, 0.2468424868914057269, 0.3678573631756446582, 0.4896800117859071988, 0.6123518893167360089, 0.7373468821969901832, 0.8664194267585870746, 1.000000000000000000 ),
 .UNSPECIFIED. ) ;
#1413 = CARTESIAN_POINT ( 'NONE',  ( 0.1500000000000000500, -1.173794254138149640, 2.162385392693020325 ) ) ;
#1414 = ORIENTED_EDGE ( 'NONE', *, *, #652, .T. ) ;
#1415 = CARTESIAN_POINT ( 'NONE',  ( 0.1500000000000000500, -1.113376513506339816, 2.460752181539823891 ) ) ;
#1416 = CARTESIAN_POINT ( 'NONE',  ( 0.1499999999999999944, -1.135096153846153699, 2.295038461538461583 ) ) ;
#1417 = CARTESIAN_POINT ( 'NONE',  ( 0.1000000000000000472, -1.183981210804543105, 2.918524594206385103 ) ) ;
#1418 = CARTESIAN_POINT ( 'NONE',  ( 0.1499999999999999944, -1.077436306282229195, 2.380564248446110920 ) ) ;
#1419 = CARTESIAN_POINT ( 'NONE',  ( 0.1500000000000000777, -1.185253323024007877, 2.234434584823687509 ) ) ;
#1420 = CARTESIAN_POINT ( 'NONE',  ( 0.1500000000000000777, -1.151373012599688828, 3.090488249985661628 ) ) ;
#1421 = AXIS2_PLACEMENT_3D ( 'NONE', #6990, #645, #685 ) ;
#1422 = CARTESIAN_POINT ( 'NONE',  ( 0.1499999999999999944, -1.023346433908963959, 3.677642856439097052 ) ) ;
#1423 = CARTESIAN_POINT ( 'NONE',  ( 0.1500000000000000500, -1.121475519630413586, 2.296182798953723569 ) ) ;
#1424 = LINE ( 'NONE', #3705, #3029 ) ;
#1425 = CARTESIAN_POINT ( 'NONE',  ( 0.1499999999999999944, -1.062980769230769118, 3.067634615384615238 ) ) ;
#1426 = EDGE_LOOP ( 'NONE', ( #3250, #1622, #5733, #3979, #4740, #943, #3679, #2930, #4359, #6260, #4865, #4087, #5447, #884 ) ) ;
#1427 = CARTESIAN_POINT ( 'NONE',  ( 0.1500000000000000500, -1.174455857006330151, 3.177831236846479168 ) ) ;
#1428 = CARTESIAN_POINT ( 'NONE',  ( 0.1000000000000000194, -1.062795863751117675, 2.875114941688599490 ) ) ;
#1429 = CARTESIAN_POINT ( 'NONE',  ( 0.09999999999999999167, -1.079113027069119157, 2.836312465339710265 ) ) ;
#1430 = CARTESIAN_POINT ( 'NONE',  ( 0.1500000000000000777, -1.047666678942152707, 3.544236094439094042 ) ) ;
#1431 = CARTESIAN_POINT ( 'NONE',  ( 0.09999999999999996392, -1.027552910232684802, 3.624421673047436787 ) ) ;
#1432 = ORIENTED_EDGE ( 'NONE', *, *, #5288, .T. ) ;
#1433 = DIRECTION ( 'NONE',  ( -1.000000000000000000, -0.000000000000000000, -0.000000000000000000 ) ) ;
#1434 = ORIENTED_EDGE ( 'NONE', *, *, #3129, .T. ) ;
#1435 = LINE ( 'NONE', #1473, #7549 ) ;
#1436 = CARTESIAN_POINT ( 'NONE',  ( 0.1499999999999999944, -1.091087768519990231, 2.448781386510467950 ) ) ;
#1437 = CARTESIAN_POINT ( 'NONE',  ( 0.1499999999999999944, -1.007692307692307665, 3.611046574519230834 ) ) ;
#1438 = LINE ( 'NONE', #2651, #6450 ) ;
#1439 = CARTESIAN_POINT ( 'NONE',  ( 0.1500000000000000500, -1.060824660258046448, 2.389356868915812449 ) ) ;
#1440 = VECTOR ( 'NONE', #4858, 39.37007874015748854 ) ;
#1441 = VECTOR ( 'NONE', #5890, 39.37007874015748143 ) ;
#1442 = VERTEX_POINT ( 'NONE', #1786 ) ;
#1443 = VECTOR ( 'NONE', #1341, 39.37007874015748143 ) ;
#1444 = CARTESIAN_POINT ( 'NONE',  ( 0.1499999999999999944, -1.164539608514700619, 3.186758325306771500 ) ) ;
#1445 = AXIS2_PLACEMENT_3D ( 'NONE', #1382, #301, #6616 ) ;
#1447 = ADVANCED_FACE ( 'NONE', ( #2893 ), #5767, .T. ) ;
#1446 = CARTESIAN_POINT ( 'NONE',  ( 0.1500000000000000500, -1.187477359022106826, 3.192830447846535691 ) ) ;
#1448 = DIRECTION ( 'NONE',  ( -1.000000000000000000, -0.000000000000000000, -0.000000000000000000 ) ) ;
#1449 = CARTESIAN_POINT ( 'NONE',  ( 0.1499999999999999944, -1.079923161441790569, 3.374615567282002626 ) ) ;
#1450 = ORIENTED_EDGE ( 'NONE', *, *, #2342, .F. ) ;
#1451 = CARTESIAN_POINT ( 'NONE',  ( 0.1000000000000000056, -1.101881124802263967, 2.455949541808535752 ) ) ;
#1452 = CARTESIAN_POINT ( 'NONE',  ( 0.1500000000000000500, -1.061725537563277921, 3.691984383323068997 ) ) ;
#1453 = AXIS2_PLACEMENT_3D ( 'NONE', #5534, #1488, #6068 ) ;
#1454 = CARTESIAN_POINT ( 'NONE',  ( 0.1499999999999999944, -1.102278739126991480, 2.228445396442250814 ) ) ;
#1455 = EDGE_CURVE ( 'NONE', #5303, #1903, #1794, .T. ) ;
#1456 = DIRECTION ( 'NONE',  ( 0.000000000000000000, 0.000000000000000000, -1.000000000000000000 ) ) ;
#1457 = CARTESIAN_POINT ( 'NONE',  ( 0.1000000000000000472, -1.109159926501981364, 2.987034144110704226 ) ) ;
#1458 = EDGE_CURVE ( 'NONE', #5682, #1681, #431, .T. ) ;
#1459 = DIRECTION ( 'NONE',  ( 1.000000000000000000, -0.000000000000000000, -0.000000000000000000 ) ) ;
#1460 = CARTESIAN_POINT ( 'NONE',  ( 0.1499999999999999944, -1.157760246580881613, 3.189802945804851131 ) ) ;
#1461 = CARTESIAN_POINT ( 'NONE',  ( 0.09999999999999999167, -1.182128267275704969, 2.404490221172356446 ) ) ;
#1462 = CARTESIAN_POINT ( 'NONE',  ( 0.1499999999999999944, -1.122400841346153699, 2.176521334134615238 ) ) ;
#1463 = DIRECTION ( 'NONE',  ( -1.000000000000000000, -0.000000000000000000, -0.000000000000000000 ) ) ;
#1464 = ORIENTED_EDGE ( 'NONE', *, *, #3457, .F. ) ;
#1465 = CARTESIAN_POINT ( 'NONE',  ( 0.1499999999999999944, -1.178384548222890738, 3.171817298411422570 ) ) ;
#1466 = CARTESIAN_POINT ( 'NONE',  ( 0.1499999999999999944, -1.175398535010578671, 3.204100807773900605 ) ) ;
#1467 = CARTESIAN_POINT ( 'NONE',  ( 0.1500000000000000500, -1.062923036012643152, 3.718533175700930560 ) ) ;
#1468 = FACE_OUTER_BOUND ( 'NONE', #5072, .T. ) ;
#1469 = CARTESIAN_POINT ( 'NONE',  ( 0.1000000000000000194, -1.035025495241136184, 3.654701631945652007 ) ) ;
#1470 = ORIENTED_EDGE ( 'NONE', *, *, #4947, .T. ) ;
#1471 = DIRECTION ( 'NONE',  ( 0.000000000000000000, 0.000000000000000000, 1.000000000000000000 ) ) ;
#1472 = VERTEX_POINT ( 'NONE', #3546 ) ;
#1473 = CARTESIAN_POINT ( 'NONE',  ( 0.000000000000000000, 1.874015748031496509, 2.931102359999999685 ) ) ;
#1474 = CARTESIAN_POINT ( 'NONE',  ( 0.09999999999999997780, -1.081122114611314577, 3.335849889732844797 ) ) ;
#1475 = CARTESIAN_POINT ( 'NONE',  ( 0.1500000000000000500, -1.119403945304282777, 2.462194286118762232 ) ) ;
#1476 = CARTESIAN_POINT ( 'NONE',  ( 0.09999999999999993616, -1.169696534169219371, 3.703571744536456212 ) ) ;
#1477 = PERSON_AND_ORGANIZATION_ROLE ( 'design_supplier' ) ;
#1478 = CARTESIAN_POINT ( 'NONE',  ( 0.1000000000000000056, -1.087545072115384759, 2.313029747596154095 ) ) ;
#1479 = CARTESIAN_POINT ( 'NONE',  ( 0.1000000000000000472, -1.060576923076923084, 2.379623798076923258 ) ) ;
#1480 = ORIENTED_EDGE ( 'NONE', *, *, #2990, .F. ) ;
#1481 = CARTESIAN_POINT ( 'NONE',  ( 0.1500000000000000500, -1.109397218183554745, 3.315473117533895842 ) ) ;
#1482 = CARTESIAN_POINT ( 'NONE',  ( 0.1500000000000000500, -1.087669872975007612, 2.827198139139186051 ) ) ;
#1483 = CARTESIAN_POINT ( 'NONE',  ( 0.1000000000000000472, -1.196317164515686260, 3.104294721518472855 ) ) ;
#1484 = DIRECTION ( 'NONE',  ( -0.000000000000000000, 1.000000000000000000, 0.000000000000000000 ) ) ;
#1485 = ORIENTED_EDGE ( 'NONE', *, *, #1263, .F. ) ;
#1486 = DIRECTION ( 'NONE',  ( 0.000000000000000000, 0.000000000000000000, 1.000000000000000000 ) ) ;
#1487 = ORIENTED_EDGE ( 'NONE', *, *, #4295, .F. ) ;
#1488 = DIRECTION ( 'NONE',  ( -1.000000000000000000, -0.000000000000000000, -0.000000000000000000 ) ) ;
#1489 = CARTESIAN_POINT ( 'NONE',  ( 0.09999999999999997780, -1.134718245661936242, 2.969942842239518654 ) ) ;
#1490 = CARTESIAN_POINT ( 'NONE',  ( 0.1000000000000000056, -1.200394137931017458, 2.876662903239749713 ) ) ;
#1491 = CARTESIAN_POINT ( 'NONE',  ( 0.1500000000000000777, -1.191704724513718228, 2.226280933052314559 ) ) ;
#1492 = CARTESIAN_POINT ( 'NONE',  ( 0.1000000000000000056, -1.182819932169664190, 3.161304476251169060 ) ) ;
#1493 = CARTESIAN_POINT ( 'NONE',  ( 0.1000000000000000472, -1.060576923076923084, 2.379623798076923258 ) ) ;
#1494 = CARTESIAN_POINT ( 'NONE',  ( 0.1499999999999999944, -1.128398030932586726, 3.192630802736511786 ) ) ;
#1495 = CIRCLE ( 'NONE', #3566, 0.06889763999999991284 ) ;
#1496 = CARTESIAN_POINT ( 'NONE',  ( 0.1000000000000000472, -1.115055963141630579, 2.297586361861134296 ) ) ;
#1497 = EDGE_CURVE ( 'NONE', #5010, #760, #7102, .T. ) ;
#1498 = CARTESIAN_POINT ( 'NONE',  ( 0.09999999999999992228, -1.127226771820196927, 2.166106593779178358 ) ) ;
#1499 = CARTESIAN_POINT ( 'NONE',  ( 0.09999999999999999167, -1.163463323685462347, 2.842029798817004682 ) ) ;
#1500 = EDGE_CURVE ( 'NONE', #4573, #3572, #5351, .T. ) ;
#1501 = EDGE_LOOP ( 'NONE', ( #1584, #4383 ) ) ;
#1502 = CARTESIAN_POINT ( 'NONE',  ( 0.09999999999999993616, -1.169826557521689736, 3.182820163087212606 ) ) ;
#1503 = CARTESIAN_POINT ( 'NONE',  ( 0.1499999999999999944, -1.202403846153846212, 3.140801682692307306 ) ) ;
#1504 = CARTESIAN_POINT ( 'NONE',  ( 0.1500000000000000777, -1.100084902446127666, 3.729066611333416770 ) ) ;
#1505 = ORIENTED_EDGE ( 'NONE', *, *, #1190, .T. ) ;
#1506 = LINE ( 'NONE', #1545, #7503 ) ;
#1507 = AXIS2_PLACEMENT_3D ( 'NONE', #4723, #1172, #4609 ) ;
#1508 = VERTEX_POINT ( 'NONE', #7530 ) ;
#1509 = DIRECTION ( 'NONE',  ( -1.000000000000000000, -0.000000000000000000, -0.000000000000000000 ) ) ;
#1510 = CARTESIAN_POINT ( 'NONE',  ( 0.1000000000000000056, -1.092575230244291706, 3.321824831931457389 ) ) ;
#1511 = CARTESIAN_POINT ( 'NONE',  ( 0.1499999999999999944, -1.118269230769230793, 2.439569711538461583 ) ) ;
#1512 = CARTESIAN_POINT ( 'NONE',  ( 0.1000000000000000056, -1.009092935659098522, 3.588938500968953171 ) ) ;
#1513 = CARTESIAN_POINT ( 'NONE',  ( 0.1500000000000000500, -1.202365146852992117, 2.185484486971273288 ) ) ;
#1514 = DIRECTION ( 'NONE',  ( 1.000000000000000000, 0.000000000000000000, -0.000000000000000000 ) ) ;
#1515 = CIRCLE ( 'NONE', #903, 0.06889763999999991284 ) ;
#1516 = ORIENTED_EDGE ( 'NONE', *, *, #5841, .T. ) ;
#1517 = DIRECTION ( 'NONE',  ( -1.000000000000000000, -0.000000000000000000, -0.000000000000000000 ) ) ;
#1518 = EDGE_CURVE ( 'NONE', #5517, #2847, #1887, .T. ) ;
#1519 = CARTESIAN_POINT ( 'NONE',  ( 0.09999999999999992228, -1.106271409036064801, 3.406946736258051889 ) ) ;
#1520 = PLANE ( 'NONE',  #5834 ) ;
#1521 = ORIENTED_EDGE ( 'NONE', *, *, #4227, .F. ) ;
#1522 = CARTESIAN_POINT ( 'NONE',  ( 0.1499999999999999944, -1.085527256962919518, 2.160974856494169316 ) ) ;
#1523 = ORIENTED_EDGE ( 'NONE', *, *, #5743, .F. ) ;
#1524 = CARTESIAN_POINT ( 'NONE',  ( 0.1500000000000000500, -1.041836297504954656, 3.552888506293918613 ) ) ;
#1525 = EDGE_LOOP ( 'NONE', ( #5564, #7569, #5485, #4931 ) ) ;
#1526 = CARTESIAN_POINT ( 'NONE',  ( 0.1000000000000000056, -1.158571213942307665, 3.189554687499999819 ) ) ;
#1527 = CARTESIAN_POINT ( 'NONE',  ( 0.09999999999999999167, -1.149746243879770757, 3.718454834669387754 ) ) ;
#1528 = CARTESIAN_POINT ( 'NONE',  ( 0.1500000000000000500, -1.154722983790398061, 3.091041753292724792 ) ) ;
#1529 = CARTESIAN_POINT ( 'NONE',  ( 0.09999999999999999167, -1.188104385736823865, 2.231451347046961242 ) ) ;
#1530 = CARTESIAN_POINT ( 'NONE',  ( 0.1500000000000000500, -1.095490414185535499, 2.426321666858739068 ) ) ;
#1531 = CARTESIAN_POINT ( 'NONE',  ( 0.1499999999999999944, -1.176489409186554536, 2.311410081294687835 ) ) ;
#1532 = CARTESIAN_POINT ( 'NONE',  ( 0.1000000000000000056, -1.172209027004478932, 3.180448463265512782 ) ) ;
#1533 = CARTESIAN_POINT ( 'NONE',  ( 0.1499999999999999944, -1.165482271634615374, 3.515230769230769159 ) ) ;
#1534 = DIRECTION ( 'NONE',  ( 1.000000000000000000, 0.000000000000000000, 0.000000000000000000 ) ) ;
#1535 = CARTESIAN_POINT ( 'NONE',  ( 0.1499999999999999944, -1.135096153846153699, 2.441673076923077002 ) ) ;
#1536 = DIRECTION ( 'NONE',  ( 0.000000000000000000, 0.000000000000000000, -1.000000000000000000 ) ) ;
#1537 = CARTESIAN_POINT ( 'NONE',  ( 0.1000000000000000472, -1.182351469019278900, 2.874207305702784598 ) ) ;
#1538 = ORIENTED_EDGE ( 'NONE', *, *, #7195, .F. ) ;
#1539 = CARTESIAN_POINT ( 'NONE',  ( 0.09999999999999997780, -1.050925018043485704, 3.540176464040062143 ) ) ;
#1540 = CARTESIAN_POINT ( 'NONE',  ( 0.1499999999999999944, -1.189983687309585703, 3.189368361728183832 ) ) ;
#1541 = EDGE_CURVE ( 'NONE', #3551, #4236, #158, .T. ) ;
#1542 = CARTESIAN_POINT ( 'NONE',  ( 0.1000000000000000194, -1.105445471455968054, 2.203781670436231188 ) ) ;
#1543 = VECTOR ( 'NONE', #6534, 39.37007874015748143 ) ;
#1544 = ORIENTED_EDGE ( 'NONE', *, *, #1263, .T. ) ;
#1545 = CARTESIAN_POINT ( 'NONE',  ( 0.1499999999999999944, -1.096521935096153699, 2.228692307692307750 ) ) ;
#1546 = ORIENTED_EDGE ( 'NONE', *, *, #2148, .T. ) ;
#1547 = CARTESIAN_POINT ( 'NONE',  ( 0.1500000000000000500, -1.185576923076923084, 2.188991286057692776 ) ) ;
#1548 = CARTESIAN_POINT ( 'NONE',  ( 0.1499999999999999944, -1.079042017349122862, 3.342109310214639084 ) ) ;
#1549 = EDGE_CURVE ( 'NONE', #5098, #1133, #5128, .T. ) ;
#1550 = CARTESIAN_POINT ( 'NONE',  ( 0.1500000000000000500, -1.109531817556060673, 2.435997095773212884 ) ) ;
#1551 = CARTESIAN_POINT ( 'NONE',  ( 0.1499999999999999944, -1.038066966895398124, 3.523632946562446300 ) ) ;
#1552 = EDGE_CURVE ( 'NONE', #5408, #1045, #4206, .T. ) ;
#1553 = CARTESIAN_POINT ( 'NONE',  ( 0.1499999999999999944, -1.150458233173076827, 3.412826923076923258 ) ) ;
#1554 = CARTESIAN_POINT ( 'NONE',  ( 0.1499999999999999667, -1.145658893936934541, 2.440406346817506567 ) ) ;
#1555 = B_SPLINE_SURFACE_WITH_KNOTS ( 'NONE', 3, 1, ( 
 ( #5690, #2786 ),
 ( #4897, #812 ),
 ( #2175, #7450 ),
 ( #1530, #3322 ),
 ( #1638, #4503 ),
 ( #5038, #7488 ),
 ( #2212, #5123 ),
 ( #3397, #3855 ),
 ( #416, #3930 ),
 ( #6874, #6840 ),
 ( #1608, #3968 ) ),
 .UNSPECIFIED., .F., .F., .F.,
 ( 4, 1, 1, 1, 1, 1, 1, 1, 4 ),
 ( 2, 2 ),
 ( 0.000000000000000000, 0.1145078633620261188, 0.2306829689099337555, 0.3485770336361021515, 0.4697627185315482179, 0.5953365194237847380, 0.7253050704364282231, 0.8591802510472151821, 1.000000000000000000 ),
 ( 0.000000000000000000, 1.000000000000000000 ),
 .UNSPECIFIED. ) ;
#1556 = EDGE_LOOP ( 'NONE', ( #4422, #3429, #2661, #221, #4457, #2898, #5119, #4444, #6098, #5941, #2446, #3393 ) ) ;
#1557 = CARTESIAN_POINT ( 'NONE',  ( 0.1499999999999999944, -1.106705194547189075, 3.315884934888835289 ) ) ;
#1558 = CARTESIAN_POINT ( 'NONE',  ( 0.1499999999999999944, -1.087787188662098448, 3.390394186459067871 ) ) ;
#1559 = CARTESIAN_POINT ( 'NONE',  ( 0.1499999999999999944, -1.109904449078670696, 3.408605836603621153 ) ) ;
#1560 = ORIENTED_EDGE ( 'NONE', *, *, #3755, .T. ) ;
#1561 = ORIENTED_EDGE ( 'NONE', *, *, #5428, .T. ) ;
#1562 = LINE ( 'NONE', #5261, #7431 ) ;
#1563 = VECTOR ( 'NONE', #1242, 39.37007874015748143 ) ;
#1564 = VECTOR ( 'NONE', #3142, 39.37007874015748143 ) ;
#1565 = CARTESIAN_POINT ( 'NONE',  ( 0.1499999999999999944, -1.170778245192307665, 2.823403846153846430 ) ) ;
#1566 = CARTESIAN_POINT ( 'NONE',  ( 0.1000000000000000194, -1.128560805801148481, 3.089272848689263107 ) ) ;
#1567 = CARTESIAN_POINT ( 'NONE',  ( 0.1000000000000000056, -1.184158608791152867, 2.837296417994624509 ) ) ;
#1568 = CARTESIAN_POINT ( 'NONE',  ( 0.1499999999999999944, -1.185476656554747654, 2.375053239099890856 ) ) ;
#1569 = CARTESIAN_POINT ( 'NONE',  ( 0.1000000000000000056, -1.180765047398249834, 2.351756274991665396 ) ) ;
#1570 = CARTESIAN_POINT ( 'NONE',  ( 0.1499999999999999944, -1.161538461538461409, 2.840080528846153918 ) ) ;
#1571 = CARTESIAN_POINT ( 'NONE',  ( 0.1000000000000000472, -1.185122019393631820, 3.598829838476649279 ) ) ;
#1572 = CARTESIAN_POINT ( 'NONE',  ( 0.1499999999999999667, -1.189991733538745100, 3.092476140573924948 ) ) ;
#1573 = DIRECTION ( 'NONE',  ( 0.000000000000000000, 0.000000000000000000, 1.000000000000000000 ) ) ;
#1574 = CARTESIAN_POINT ( 'NONE',  ( 0.1000000000000000056, 1.499999999999999778, 7.397019699529389314 ) ) ;
#1575 = CARTESIAN_POINT ( 'NONE',  ( 0.1499999999999999944, -1.189343250468732904, 3.678247015412193122 ) ) ;
#1576 = ORIENTED_EDGE ( 'NONE', *, *, #1924, .T. ) ;
#1577 = CARTESIAN_POINT ( 'NONE',  ( 0.1000000000000000472, -1.175642363829489279, 2.163886224148488413 ) ) ;
#1578 = CARTESIAN_POINT ( 'NONE',  ( 0.1000000000000000056, -1.178692023610732997, 3.201647725726953553 ) ) ;
#1579 = CARTESIAN_POINT ( 'NONE',  ( 0.1499999999999999944, -1.034604886542791480, 3.694121462888446228 ) ) ;
#1580 = VERTEX_POINT ( 'NONE', #3936 ) ;
#1581 = B_SPLINE_CURVE_WITH_KNOTS ( 'NONE', 3,
 ( #3470, #5803, #569, #2894, #4656, #4084, #3509, #5840, #5494, #790, #4343, #3120, #1446, #3728, #757, #147, #2548, #4233, #287, #6678, #6573, #3088, #6137, #3057, #3194, #1900, #5388 ),
 .UNSPECIFIED., .F., .F.,
 ( 4, 1, 1, 1, 1, 1, 1, 1, 1, 1, 1, 1, 1, 1, 1, 1, 1, 1, 1, 1, 1, 1, 1, 1, 4 ),
 ( 0.000000000000000000, 0.04992013727733222300, 0.09774971415056486757, 0.1436015359857227836, 0.1876036215156093034, 0.2301348056778664830, 0.2710128302890641439, 0.3105906561141221767, 0.3491371390687215692, 0.3865342510814714916, 0.4227092320331147790, 0.4582121986150056170, 0.4929616420561044321, 0.5273719897905945198, 0.5614441510652337097, 0.5955719590315962098, 0.6295983935132433151, 0.6650341442489544619, 0.7031528767664204649, 0.7444170993081438148, 0.7884711242802299180, 0.8361662336837039078, 0.8869789766310172130, 0.9416585864235291758, 1.000000000000000000 ),
 .UNSPECIFIED. ) ;
#1582 = DIRECTION ( 'NONE',  ( 0.000000000000000000, -1.000000000000000000, 0.000000000000000000 ) ) ;
#1583 = EDGE_CURVE ( 'NONE', #6383, #1643, #4546, .T. ) ;
#1584 = ORIENTED_EDGE ( 'NONE', *, *, #5186, .F. ) ;
#1585 = FACE_OUTER_BOUND ( 'NONE', #7099, .T. ) ;
#1586 = CARTESIAN_POINT ( 'NONE',  ( 0.1500000000000000500, -1.098071244210898412, 3.318710932153624338 ) ) ;
#1587 = CARTESIAN_POINT ( 'NONE',  ( 0.1000000000000000056, 4.375000000000000000, 2.185039369999998371 ) ) ;
#1588 = CARTESIAN_POINT ( 'NONE',  ( 0.09999999999999996392, -1.106437800480769118, 3.707538461538461227 ) ) ;
#1589 = EDGE_CURVE ( 'NONE', #1962, #6854, #3862, .T. ) ;
#1590 = CARTESIAN_POINT ( 'NONE',  ( 0.1499999999999999944, -1.199999999999999956, 2.539269230769230390 ) ) ;
#1591 = CARTESIAN_POINT ( 'NONE',  ( 0.1000000000000000056, 2.499999999999997780, 0.1899606299999998249 ) ) ;
#1592 = EDGE_CURVE ( 'NONE', #3746, #6941, #3256, .T. ) ;
#1593 = EDGE_CURVE ( 'NONE', #1253, #7536, #6809, .T. ) ;
#1594 = ORIENTED_EDGE ( 'NONE', *, *, #1351, .T. ) ;
#1595 = CARTESIAN_POINT ( 'NONE',  ( 0.1499999999999999944, -1.174544344320274103, 2.218777901050680512 ) ) ;
#1596 = ADVANCED_FACE ( 'NONE', ( #6846 ), #2793, .T. ) ;
#1597 = CARTESIAN_POINT ( 'NONE',  ( 0.1000000000000000194, -1.060600733267333506, 2.186088120060770912 ) ) ;
#1598 = CARTESIAN_POINT ( 'NONE',  ( 0.1499999999999999944, -1.078590070962083036, 2.364194976850232610 ) ) ;
#1599 = ORIENTED_EDGE ( 'NONE', *, *, #5422, .T. ) ;
#1600 = CARTESIAN_POINT ( 'NONE',  ( 0.1500000000000000500, -1.083214380691437384, 3.382764425542026832 ) ) ;
#1601 = ORIENTED_EDGE ( 'NONE', *, *, #5094, .F. ) ;
#1602 = ADVANCED_FACE ( 'NONE', ( #6236 ), #7382, .F. ) ;
#1603 = ORIENTED_EDGE ( 'NONE', *, *, #7238, .F. ) ;
#1604 = FACE_OUTER_BOUND ( 'NONE', #1772, .T. ) ;
#1605 = ORIENTED_EDGE ( 'NONE', *, *, #3733, .T. ) ;
#1606 = CARTESIAN_POINT ( 'NONE',  ( 0.09999999999999999167, -1.126532451923076827, 3.089269230769230656 ) ) ;
#1607 = CARTESIAN_POINT ( 'NONE',  ( 0.1000000000000000056, -1.175398535010578671, 3.204100807773900605 ) ) ;
#1608 = CARTESIAN_POINT ( 'NONE',  ( 0.1499999999999999944, -1.118269230769230793, 2.439569711538461583 ) ) ;
#1609 = CARTESIAN_POINT ( 'NONE',  ( 0.09999999999999999167, -1.202342448612778281, 2.382556309031147013 ) ) ;
#1610 = CARTESIAN_POINT ( 'NONE',  ( 0.1500000000000000500, -1.185372678547522929, 2.890853471848624956 ) ) ;
#1611 = CARTESIAN_POINT ( 'NONE',  ( 0.1499999999999999667, -1.179666303245988201, 3.572508495870664991 ) ) ;
#1612 = FACE_BOUND ( 'NONE', #5245, .T. ) ;
#1613 = CARTESIAN_POINT ( 'NONE',  ( 0.09999999999999999167, -1.189343250468732904, 3.678247015412193122 ) ) ;
#1614 = CARTESIAN_POINT ( 'NONE',  ( 0.1000000000000000472, -1.202355193402142586, 2.903973055571306805 ) ) ;
#1615 = CARTESIAN_POINT ( 'NONE',  ( 0.1499999999999999944, -1.077403846153845990, 2.899801081730768892 ) ) ;
#1616 = ORIENTED_EDGE ( 'NONE', *, *, #2738, .T. ) ;
#1617 = CARTESIAN_POINT ( 'NONE',  ( 0.000000000000000000, 1.499999999999999778, 7.397019699529389314 ) ) ;
#1618 = CARTESIAN_POINT ( 'NONE',  ( 0.1499999999999999944, -1.141893895254147751, 3.213840913592255433 ) ) ;
#1619 = CARTESIAN_POINT ( 'NONE',  ( 0.1499999999999999944, -1.030300124702215658, 3.533195359244150513 ) ) ;
#1620 = VERTEX_POINT ( 'NONE', #7343 ) ;
#1621 = CARTESIAN_POINT ( 'NONE',  ( 0.1499999999999999944, -1.181892427145812441, 3.082930441894356832 ) ) ;
#1622 = ORIENTED_EDGE ( 'NONE', *, *, #1679, .F. ) ;
#1623 = CARTESIAN_POINT ( 'NONE',  ( 0.1000000000000000056, -1.007692307692307887, 2.725807692307692154 ) ) ;
#1624 = CARTESIAN_POINT ( 'NONE',  ( 0.1499999999999999667, -1.078054745958242799, 2.960955515441695329 ) ) ;
#1625 = CARTESIAN_POINT ( 'NONE',  ( 0.09999999999999997780, -1.168021173517696409, 3.549157583148004669 ) ) ;
#1626 = CARTESIAN_POINT ( 'NONE',  ( 0.1500000000000000500, -1.092767997136636859, 2.228600808250398746 ) ) ;
#1627 = LINE ( 'NONE', #4604, #1321 ) ;
#1628 = CARTESIAN_POINT ( 'NONE',  ( 0.1500000000000000500, -1.184742030421785941, 2.393264323389488801 ) ) ;
#1629 = ORIENTED_EDGE ( 'NONE', *, *, #981, .F. ) ;
#1630 = FACE_OUTER_BOUND ( 'NONE', #7390, .T. ) ;
#1631 = CARTESIAN_POINT ( 'NONE',  ( 0.09999999999999997780, -1.061159451593303160, 2.193634483139161873 ) ) ;
#1632 = CARTESIAN_POINT ( 'NONE',  ( 0.1499999999999999944, -1.085365959361388244, 3.386642933967823677 ) ) ;
#1633 = CARTESIAN_POINT ( 'NONE',  ( 0.1499999999999999944, -1.120047284817365929, 2.218586303004873805 ) ) ;
#1634 = VERTEX_POINT ( 'NONE', #3438 ) ;
#1635 = ORIENTED_EDGE ( 'NONE', *, *, #5104, .T. ) ;
#1636 = CARTESIAN_POINT ( 'NONE',  ( 0.1000000000000000056, -0.6499999999999993561, 1.139960629999999808 ) ) ;
#1637 = CARTESIAN_POINT ( 'NONE',  ( 0.1000000000000000611, -1.163657245439365884, 3.209831899834463709 ) ) ;
#1638 = CARTESIAN_POINT ( 'NONE',  ( 0.1499999999999999944, -1.098544010655639003, 2.429043616282668516 ) ) ;
#1639 = CARTESIAN_POINT ( 'NONE',  ( 0.09999999999999996392, -1.201189854184732564, 2.397872074566071099 ) ) ;
#1640 = AXIS2_PLACEMENT_3D ( 'NONE', #545, #3411, #2835 ) ;
#1641 = CARTESIAN_POINT ( 'NONE',  ( 0.1499999999999999944, -1.167279725772868870, 2.845894594016632251 ) ) ;
#1642 = CARTESIAN_POINT ( 'NONE',  ( 0.1000000000000000194, -1.090249399038461631, 2.420301382211538677 ) ) ;
#1643 = VERTEX_POINT ( 'NONE', #2183 ) ;
#1644 = CARTESIAN_POINT ( 'NONE',  ( 0.09999999999999993616, -1.194423780488455877, 3.100096828649076652 ) ) ;
#1645 = AXIS2_PLACEMENT_3D ( 'NONE', #3415, #1392, #1275 ) ;
#1646 = CARTESIAN_POINT ( 'NONE',  ( 0.1000000000000000056, -1.183217687018489395, 3.688075730715661749 ) ) ;
#1647 = CARTESIAN_POINT ( 'NONE',  ( 0.1000000000000000056, -1.194610776188760326, 2.944576284390969523 ) ) ;
#1648 = CARTESIAN_POINT ( 'NONE',  ( 0.1000000000000000056, -1.077605707722128159, 2.890729047604104984 ) ) ;
#1649 = ORIENTED_EDGE ( 'NONE', *, *, #3164, .T. ) ;
#1650 = CARTESIAN_POINT ( 'NONE',  ( 0.1500000000000000500, -1.119861295937956580, 3.411216837526592105 ) ) ;
#1651 = CARTESIAN_POINT ( 'NONE',  ( 0.1000000000000000056, -1.194610776188760326, 2.944576284390969523 ) ) ;
#1652 = CARTESIAN_POINT ( 'NONE',  ( 0.1500000000000000500, -1.015561995839130427, 3.561988130311048106 ) ) ;
#1653 = CARTESIAN_POINT ( 'NONE',  ( 0.000000000000000000, 1.874015748031496509, 2.999999999999999556 ) ) ;
#1654 = ORIENTED_EDGE ( 'NONE', *, *, #232, .F. ) ;
#1655 = CARTESIAN_POINT ( 'NONE',  ( 0.1499999999999999944, -1.174544344320274103, 2.218777901050680512 ) ) ;
#1656 = CARTESIAN_POINT ( 'NONE',  ( 0.1000000000000000611, -1.162768189286499831, 3.093789669668916442 ) ) ;
#1657 = CARTESIAN_POINT ( 'NONE',  ( 0.1500000000000000500, -1.156507882273072996, 2.160352817261360414 ) ) ;
#1658 = CARTESIAN_POINT ( 'NONE',  ( 0.1499999999999999944, -1.200232343024819404, 3.650377751288835793 ) ) ;
#1659 = DIRECTION ( 'NONE',  ( -1.000000000000000000, -0.000000000000000000, -0.000000000000000000 ) ) ;
#1660 = CARTESIAN_POINT ( 'NONE',  ( 0.1000000000000000472, -1.158576601771270864, 2.960861788097601810 ) ) ;
#1661 = CARTESIAN_POINT ( 'NONE',  ( 0.1499999999999999944, -1.136335637019230793, 2.191019531249999819 ) ) ;
#1662 = CARTESIAN_POINT ( 'NONE',  ( 0.1499999999999999944, -1.185537265545767660, 2.383206732097740144 ) ) ;
#1663 = AXIS2_PLACEMENT_3D ( 'NONE', #6123, #3752, #5483 ) ;
#1664 = CARTESIAN_POINT ( 'NONE',  ( 0.1500000000000000500, -1.060576923076922862, 2.379623798076922814 ) ) ;
#1665 = ORIENTED_EDGE ( 'NONE', *, *, #3447, .T. ) ;
#1666 = CARTESIAN_POINT ( 'NONE',  ( 0.1000000000000000056, -1.182015639069140978, 2.206376924860490085 ) ) ;
#1667 = CARTESIAN_POINT ( 'NONE',  ( 0.1499999999999999944, -1.149805355011824792, 3.191477028044811259 ) ) ;
#1668 = CARTESIAN_POINT ( 'NONE',  ( 0.1499999999999999944, -1.202245880471149109, 2.194253792400053804 ) ) ;
#1669 = CARTESIAN_POINT ( 'NONE',  ( 0.1499999999999999944, -1.170778245192307665, 2.823403846153846430 ) ) ;
#1670 = ORIENTED_EDGE ( 'NONE', *, *, #5841, .F. ) ;
#1671 = CARTESIAN_POINT ( 'NONE',  ( 0.1500000000000000500, -1.090680317993826032, 2.154557239750859221 ) ) ;
#1672 = ORIENTED_EDGE ( 'NONE', *, *, #3732, .T. ) ;
#1673 = EDGE_LOOP ( 'NONE', ( #5445, #7312, #7370, #4589, #4622, #2511, #1544, #1470, #6059, #4451, #357 ) ) ;
#1674 = EDGE_CURVE ( 'NONE', #3784, #6421, #2261, .T. ) ;
#1675 = CARTESIAN_POINT ( 'NONE',  ( 0.1499999999999999944, -1.181644063806390310, 2.142843136962885531 ) ) ;
#1676 = CARTESIAN_POINT ( 'NONE',  ( 0.1499999999999999944, -1.158593863601214524, 2.321505116543374214 ) ) ;
#1677 = CARTESIAN_POINT ( 'NONE',  ( 0.1000000000000000194, -1.163874367390741016, 2.454706303422261371 ) ) ;
#1678 = DIRECTION ( 'NONE',  ( 0.000000000000000000, 0.000000000000000000, -1.000000000000000000 ) ) ;
#1679 = EDGE_CURVE ( 'NONE', #4346, #5484, #4019, .T. ) ;
#1680 = DIRECTION ( 'NONE',  ( 0.000000000000000000, -1.000000000000000000, 0.000000000000000000 ) ) ;
#1681 = VERTEX_POINT ( 'NONE', #3364 ) ;
#1682 = FACE_BOUND ( 'NONE', #237, .T. ) ;
#1683 = CARTESIAN_POINT ( 'NONE',  ( 0.1000000000000000056, -1.111485200184283872, 2.197340971810875843 ) ) ;
#1684 = CIRCLE ( 'NONE', #5589, 0.06496063000000032450 ) ;
#1685 = CARTESIAN_POINT ( 'NONE',  ( 0.1000000000000000056, -1.199999999999999956, 3.314269230769230745 ) ) ;
#1686 = VECTOR ( 'NONE', #7018, 39.37007874015748854 ) ;
#1687 = ADVANCED_FACE ( 'NONE', ( #6768 ), #6353, .T. ) ;
#1688 = FACE_OUTER_BOUND ( 'NONE', #4154, .T. ) ;
#1689 = EDGE_CURVE ( 'NONE', #5366, #1931, #5545, .T. ) ;
#1690 = VECTOR ( 'NONE', #5250, 39.37007874015748143 ) ;
#1691 = EDGE_LOOP ( 'NONE', ( #3925, #7429, #4168, #2735 ) ) ;
#1692 = DIRECTION ( 'NONE',  ( -1.000000000000000000, -0.000000000000000000, -0.000000000000000000 ) ) ;
#1693 = CARTESIAN_POINT ( 'NONE',  ( 0.1000000000000000056, -1.060628687585301710, 3.347777717361984262 ) ) ;
#1694 = CARTESIAN_POINT ( 'NONE',  ( 0.1499999999999999944, -1.034073475697417699, 3.528290866232439704 ) ) ;
#1695 = EDGE_CURVE ( 'NONE', #2359, #6157, #1227, .T. ) ;
#1696 = CARTESIAN_POINT ( 'NONE',  ( 0.1499999999999999944, -1.154227334764546642, 3.069602680669810457 ) ) ;
#1697 = CARTESIAN_POINT ( 'NONE',  ( 0.09999999999999997780, -1.120495410157911653, 2.180924259576437318 ) ) ;
#1698 = CARTESIAN_POINT ( 'NONE',  ( 0.1499999999999999944, -1.140842380834575565, 2.146172703780944158 ) ) ;
#1699 = PLANE ( 'NONE',  #2865 ) ;
#1700 = DIRECTION ( 'NONE',  ( -1.000000000000000000, -0.000000000000000000, -0.000000000000000000 ) ) ;
#1701 = CARTESIAN_POINT ( 'NONE',  ( 0.1000000000000000194, -1.185414892162308442, 3.620314449925289058 ) ) ;
#1702 = CARTESIAN_POINT ( 'NONE',  ( 0.1000000000000000056, -1.131114783653845990, 2.970038461538460961 ) ) ;
#1703 = CARTESIAN_POINT ( 'NONE',  ( 0.1499999999999999944, -1.081122114611314577, 3.335849889732844797 ) ) ;
#1704 = CARTESIAN_POINT ( 'NONE',  ( 0.1499999999999999944, -1.062111616524282764, 2.359913338764529467 ) ) ;
#1705 = ORIENTED_EDGE ( 'NONE', *, *, #1583, .T. ) ;
#1706 = CARTESIAN_POINT ( 'NONE',  ( 0.1500000000000000500, -1.185576923076923084, 2.188991286057692776 ) ) ;
#1707 = CARTESIAN_POINT ( 'NONE',  ( 0.1500000000000000500, -1.167991800156374493, 3.097186518523424414 ) ) ;
#1708 = CARTESIAN_POINT ( 'NONE',  ( 0.1499999999999999944, -1.202350865221145204, 2.189583062318537721 ) ) ;
#1709 = DIRECTION ( 'NONE',  ( 0.000000000000000000, -1.000000000000000000, 0.000000000000000000 ) ) ;
#1710 = DIRECTION ( 'NONE',  ( 0.000000000000000000, -1.000000000000000000, 0.000000000000000000 ) ) ;
#1711 = EDGE_LOOP ( 'NONE', ( #5726, #1938, #1011, #3390 ) ) ;
#1712 = DIRECTION ( 'NONE',  ( 0.000000000000000000, 0.000000000000000000, 1.000000000000000000 ) ) ;
#1713 = EDGE_CURVE ( 'NONE', #7447, #2703, #4738, .T. ) ;
#1714 = CARTESIAN_POINT ( 'NONE',  ( 0.000000000000000000, 1.500000000000000444, 2.999999999999999556 ) ) ;
#1715 = CARTESIAN_POINT ( 'NONE',  ( 0.1499999999999999944, -1.104371995192307665, 3.316485276442307395 ) ) ;
#1716 = CARTESIAN_POINT ( 'NONE',  ( 0.1500000000000000500, -1.177384698813871200, 2.165693053097116128 ) ) ;
#1717 = ORIENTED_EDGE ( 'NONE', *, *, #7436, .T. ) ;
#1718 = ORIENTED_EDGE ( 'NONE', *, *, #7532, .F. ) ;
#1719 = CARTESIAN_POINT ( 'NONE',  ( 0.1500000000000000500, -1.086138286825871102, 2.939438951375608955 ) ) ;
#1720 = DIRECTION ( 'NONE',  ( 0.000000000000000000, 0.6215339731525748590, -0.7833872096333805990 ) ) ;
#1721 = DIRECTION ( 'NONE',  ( -1.000000000000000000, -0.000000000000000000, -0.000000000000000000 ) ) ;
#1722 = CYLINDRICAL_SURFACE ( 'NONE', #5014, 0.06889763999999991284 ) ;
#1723 = VERTEX_POINT ( 'NONE', #1301 ) ;
#1724 = CARTESIAN_POINT ( 'NONE',  ( 0.1000000000000000056, -1.073380272648021272, 2.219129557051450874 ) ) ;
#1725 = CARTESIAN_POINT ( 'NONE',  ( 0.1500000000000000500, -1.159652094063373218, 2.985329923976476785 ) ) ;
#1726 = CARTESIAN_POINT ( 'NONE',  ( 0.1000000000000000056, -1.090182608779530771, 3.728000152357173302 ) ) ;
#1727 = CARTESIAN_POINT ( 'NONE',  ( 0.1500000000000000500, -1.174474926867217439, 2.826441746717749393 ) ) ;
#1728 = CARTESIAN_POINT ( 'NONE',  ( 0.1500000000000000500, -1.129687499999999956, 3.067634615384615682 ) ) ;
#1729 = CARTESIAN_POINT ( 'NONE',  ( 0.1499999999999999944, -1.100395419288523913, 2.982463483507015400 ) ) ;
#1730 = DIRECTION ( 'NONE',  ( 0.000000000000000000, -0.000000000000000000, -1.000000000000000000 ) ) ;
#1731 = CARTESIAN_POINT ( 'NONE',  ( 0.1000000000000000056, 1.982701106468169883, 7.000000000000001776 ) ) ;
#1732 = CARTESIAN_POINT ( 'NONE',  ( 0.09999999999999997780, -1.189343250468732904, 3.678247015412193122 ) ) ;
#1733 = CARTESIAN_POINT ( 'NONE',  ( 0.1500000000000000500, -1.158576601771270864, 2.960861788097601810 ) ) ;
#1734 = CARTESIAN_POINT ( 'NONE',  ( 0.09999999999999996392, -1.102329133085771184, 2.205646955781855212 ) ) ;
#1735 = CARTESIAN_POINT ( 'NONE',  ( 0.1500000000000000500, -1.107304717150106477, 2.202086127965239282 ) ) ;
#1736 = VERTEX_POINT ( 'NONE', #3476 ) ;
#1737 = CARTESIAN_POINT ( 'NONE',  ( 0.09999999999999999167, -1.088244076115390424, 2.338494367244960515 ) ) ;
#1738 = ORIENTED_EDGE ( 'NONE', *, *, #5278, .F. ) ;
#1739 = CARTESIAN_POINT ( 'NONE',  ( 0.1499999999999999944, -1.180882734723318617, 2.441113674908712561 ) ) ;
#1740 = CARTESIAN_POINT ( 'NONE',  ( 0.09999999999999997780, -1.155608314829162264, 3.533957739921218089 ) ) ;
#1741 = CARTESIAN_POINT ( 'NONE',  ( 0.1500000000000000500, -1.202403846153846212, 2.187225961538461494 ) ) ;
#1742 = PLANE ( 'NONE',  #5228 ) ;
#1743 = CARTESIAN_POINT ( 'NONE',  ( 0.1499999999999999944, -1.143205543421371928, 2.144180604335526485 ) ) ;
#1744 = EDGE_LOOP ( 'NONE', ( #2883, #949, #214, #3406 ) ) ;
#1745 = EDGE_CURVE ( 'NONE', #6318, #3495, #3523, .T. ) ;
#1746 = VECTOR ( 'NONE', #1857, 39.37007874015748143 ) ;
#1747 = CARTESIAN_POINT ( 'NONE',  ( 0.1000000000000000056, -1.007717524760343375, 3.608516715574410227 ) ) ;
#1748 = CARTESIAN_POINT ( 'NONE',  ( 0.1499999999999999944, -1.121475519630413586, 2.296182798953723569 ) ) ;
#1749 = CARTESIAN_POINT ( 'NONE',  ( 0.1499999999999999944, -1.180058462206590608, 3.648621981933662273 ) ) ;
#1750 = PLANE ( 'NONE',  #4807 ) ;
#1751 = ORIENTED_EDGE ( 'NONE', *, *, #3600, .F. ) ;
#1752 = ORIENTED_EDGE ( 'NONE', *, *, #1813, .F. ) ;
#1753 = CARTESIAN_POINT ( 'NONE',  ( 0.1499999999999999944, 0.000000000000000000, 0.000000000000000000 ) ) ;
#1754 = CARTESIAN_POINT ( 'NONE',  ( 0.000000000000000000, 1.500000000000000444, 2.685039370078739385 ) ) ;
#1755 = CARTESIAN_POINT ( 'NONE',  ( 0.1499999999999999944, -1.135096153846153699, 2.441673076923077002 ) ) ;
#1756 = AXIS2_PLACEMENT_3D ( 'NONE', #3813, #6073, #7297 ) ;
#1757 = ORIENTED_EDGE ( 'NONE', *, *, #426, .T. ) ;
#1758 = CARTESIAN_POINT ( 'NONE',  ( 0.1499999999999999944, -1.157068906625972282, 2.137594843159888125 ) ) ;
#1759 = CARTESIAN_POINT ( 'NONE',  ( 0.1499999999999999944, -1.191119856625585172, 2.952116268480002415 ) ) ;
#1760 = DIRECTION ( 'NONE',  ( -1.000000000000000000, -0.000000000000000000, -0.000000000000000000 ) ) ;
#1761 = CARTESIAN_POINT ( 'NONE',  ( 0.1499999999999999944, -1.113039484267176915, 2.224423348967925040 ) ) ;
#1762 = CARTESIAN_POINT ( 'NONE',  ( 0.1499999999999999944, -1.200394137931017458, 2.876662903239749713 ) ) ;
#1763 = DIRECTION ( 'NONE',  ( 0.000000000000000000, 0.000000000000000000, -1.000000000000000000 ) ) ;
#1764 = CARTESIAN_POINT ( 'NONE',  ( 0.1000000000000000194, -1.092081442743956687, 2.976520656202716442 ) ) ;
#1765 = DIRECTION ( 'NONE',  ( -1.000000000000000000, -0.000000000000000000, -0.000000000000000000 ) ) ;
#1766 = EDGE_CURVE ( 'NONE', #6648, #779, #4165, .T. ) ;
#1767 = CARTESIAN_POINT ( 'NONE',  ( 0.09999999999999999167, -1.183661500419650903, 3.587963971808553865 ) ) ;
#1768 = CARTESIAN_POINT ( 'NONE',  ( 0.1000000000000000056, -1.198599048072671369, 3.656327500468701253 ) ) ;
#1769 = CARTESIAN_POINT ( 'NONE',  ( 0.1000000000000000056, -1.141821117542498154, 2.968819218175250185 ) ) ;
#1770 = LINE ( 'NONE', #1850, #1563 ) ;
#1771 = CARTESIAN_POINT ( 'NONE',  ( 0.1000000000000000056, -1.060648000772105526, 2.376226403815073329 ) ) ;
#1772 = EDGE_LOOP ( 'NONE', ( #2465, #3955, #724, #4757 ) ) ;
#1773 = DIRECTION ( 'NONE',  ( 1.000000000000000000, 1.695638855243768337E-13, -9.273160046487014823E-15 ) ) ;
#1774 = EDGE_CURVE ( 'NONE', #5492, #4456, #69, .T. ) ;
#1775 = VERTEX_POINT ( 'NONE', #4627 ) ;
#1776 = CARTESIAN_POINT ( 'NONE',  ( 0.1499999999999999944, -1.060576923076922862, 3.352204927884615326 ) ) ;
#1777 = EDGE_CURVE ( 'NONE', #6870, #6907, #2367, .T. ) ;
#1778 = CARTESIAN_POINT ( 'NONE',  ( 0.1499999999999999944, -1.172637954074787769, 3.101552926237948427 ) ) ;
#1779 = DIRECTION ( 'NONE',  ( 0.000000000000000000, -0.000000000000000000, 1.000000000000000000 ) ) ;
#1780 = CARTESIAN_POINT ( 'NONE',  ( 0.1500000000000000500, -1.200845046821791273, 3.575263705231639388 ) ) ;
#1781 = AXIS2_PLACEMENT_3D ( 'NONE', #133, #1925, #4716 ) ;
#1782 = CARTESIAN_POINT ( 'NONE',  ( 0.1000000000000000194, -1.101881124802263967, 2.455949541808535752 ) ) ;
#1783 = VECTOR ( 'NONE', #3711, 39.37007874015748143 ) ;
#1784 = ORIENTED_EDGE ( 'NONE', *, *, #1075, .F. ) ;
#1785 = CARTESIAN_POINT ( 'NONE',  ( 0.1499999999999999944, -1.141631610576922862, 2.145421574519230656 ) ) ;
#1786 = CARTESIAN_POINT ( 'NONE',  ( 0.1000000000000000056, -1.007692307692307665, 3.611046574519230834 ) ) ;
#1787 = LINE ( 'NONE', #4158, #3633 ) ;
#1788 = PLANE ( 'NONE',  #3215 ) ;
#1789 = CARTESIAN_POINT ( 'NONE',  ( 0.1500000000000000500, -1.185576923076923084, 2.188991286057692776 ) ) ;
#1790 = ORIENTED_EDGE ( 'NONE', *, *, #6543, .F. ) ;
#1791 = CARTESIAN_POINT ( 'NONE',  ( 0.1000000000000000194, -1.183849158653845990, 2.235903846153846075 ) ) ;
#1792 = CARTESIAN_POINT ( 'NONE',  ( 0.1000000000000000194, -1.060648000772105526, 2.376226403815073329 ) ) ;
#1793 = CARTESIAN_POINT ( 'NONE',  ( 0.1499999999999999944, -1.166804680659354387, 2.328913015166234501 ) ) ;
#1794 = B_SPLINE_CURVE_WITH_KNOTS ( 'NONE', 3,
 ( #5874, #2442, #4157, #605, #7065, #640, #531, #1748, #5914, #5313, #1179 ),
 .UNSPECIFIED., .F., .F.,
 ( 4, 1, 1, 1, 1, 1, 1, 1, 4 ),
 ( 0.000000000000000000, 0.1238781074150016870, 0.2451617325699673722, 0.3662520769245804497, 0.4874176226713938243, 0.6103911365302286951, 0.7360671816759566388, 0.8656502539162358456, 1.000000000000000000 ),
 .UNSPECIFIED. ) ;
#1795 = EDGE_LOOP ( 'NONE', ( #7527, #910, #2563, #6669 ) ) ;
#1796 = ORIENTED_EDGE ( 'NONE', *, *, #2313, .F. ) ;
#1797 = CARTESIAN_POINT ( 'NONE',  ( 0.1000000000000000194, -1.076194670243086460, 2.221694706636918593 ) ) ;
#1798 = CARTESIAN_POINT ( 'NONE',  ( 0.1499999999999999944, -1.197469874242589771, 2.936619001602710277 ) ) ;
#1799 = CARTESIAN_POINT ( 'NONE',  ( 0.09999999999999997780, -1.076069714829770207, 3.724504012089486782 ) ) ;
#1800 = VECTOR ( 'NONE', #6716, 39.37007874015748143 ) ;
#1801 = LINE ( 'NONE', #2340, #4341 ) ;
#1802 = FACE_OUTER_BOUND ( 'NONE', #2207, .T. ) ;
#1803 = CARTESIAN_POINT ( 'NONE',  ( 0.09999999999999999167, -1.174797071645375057, 2.419405615731866632 ) ) ;
#1804 = AXIS2_PLACEMENT_3D ( 'NONE', #1329, #7205, #574 ) ;
#1805 = ORIENTED_EDGE ( 'NONE', *, *, #7016, .F. ) ;
#1806 = CARTESIAN_POINT ( 'NONE',  ( 0.1000000000000000194, -1.060657759323878180, 2.905505271532923484 ) ) ;
#1807 = CARTESIAN_POINT ( 'NONE',  ( 0.1000000000000000194, -1.174776805412163894, 3.104090736550107366 ) ) ;
#1808 = VECTOR ( 'NONE', #4754, 39.37007874015748143 ) ;
#1809 = CARTESIAN_POINT ( 'NONE',  ( 0.09999999999999997780, -1.077403846153845990, 3.356862379807692420 ) ) ;
#1810 = CARTESIAN_POINT ( 'NONE',  ( 0.09999999999999997780, -1.113691010633384604, 2.988720385714677352 ) ) ;
#1811 = CARTESIAN_POINT ( 'NONE',  ( 0.1000000000000000472, -1.176654328248240011, 2.939480799300960179 ) ) ;
#1812 = CARTESIAN_POINT ( 'NONE',  ( 0.1000000000000000056, -1.074801191070375417, 2.431270826026945553 ) ) ;
#1813 = EDGE_CURVE ( 'NONE', #2106, #4370, #3403, .T. ) ;
#1814 = CARTESIAN_POINT ( 'NONE',  ( 0.1500000000000000500, -1.063256459392569520, 2.167708219320731544 ) ) ;
#1815 = EDGE_LOOP ( 'NONE', ( #4516, #4720, #1110, #2861 ) ) ;
#1816 = AXIS2_PLACEMENT_3D ( 'NONE', #7331, #3851, #952 ) ;
#1817 = PLANE ( 'NONE',  #3765 ) ;
#1818 = ORIENTED_EDGE ( 'NONE', *, *, #3129, .F. ) ;
#1819 = CARTESIAN_POINT ( 'NONE',  ( 0.1499999999999999667, -1.096688179915393802, 3.296304722738397253 ) ) ;
#1820 = CARTESIAN_POINT ( 'NONE',  ( 0.1499999999999999944, -1.088859675480769118, 3.412826923076923258 ) ) ;
#1821 = PLANE ( 'NONE',  #2655 ) ;
#1822 = CARTESIAN_POINT ( 'NONE',  ( 0.09999999999999993616, -1.199085627393971176, 3.568693728369392915 ) ) ;
#1823 = CARTESIAN_POINT ( 'NONE',  ( 0.1499999999999999944, -1.161538461538461409, 2.840080528846153918 ) ) ;
#1824 = EDGE_CURVE ( 'NONE', #7087, #7485, #4745, .T. ) ;
#1825 = EDGE_CURVE ( 'NONE', #648, #370, #7360, .T. ) ;
#1826 = ORIENTED_EDGE ( 'NONE', *, *, #1497, .F. ) ;
#1827 = CARTESIAN_POINT ( 'NONE',  ( 0.09999999999999997780, -1.020648304590738409, 3.549694288846457546 ) ) ;
#1828 = CARTESIAN_POINT ( 'NONE',  ( 0.1000000000000000194, -1.115226452559443526, 2.967321129298388538 ) ) ;
#1829 = CARTESIAN_POINT ( 'NONE',  ( 0.1499999999999999944, -1.172986892894512412, 3.665234053457691488 ) ) ;
#1830 = CARTESIAN_POINT ( 'NONE',  ( 0.1500000000000000500, -1.063256459392569520, 2.167708219320731544 ) ) ;
#1831 = CARTESIAN_POINT ( 'NONE',  ( 0.1499999999999999667, -1.184079368431045109, 2.177455719566368408 ) ) ;
#1832 = VERTEX_POINT ( 'NONE', #3022 ) ;
#1833 = LINE ( 'NONE', #4164, #6790 ) ;
#1834 = CARTESIAN_POINT ( 'NONE',  ( 0.1000000000000000056, -1.087545072115384759, 2.313029747596154095 ) ) ;
#1835 = CARTESIAN_POINT ( 'NONE',  ( 0.1499999999999999944, -1.060647333949998439, 2.189154004452358304 ) ) ;
#1836 = ORIENTED_EDGE ( 'NONE', *, *, #2158, .F. ) ;
#1837 = CARTESIAN_POINT ( 'NONE',  ( 0.09999999999999999167, -1.080496692378294821, 2.401148184721923151 ) ) ;
#1838 = CARTESIAN_POINT ( 'NONE',  ( 0.1499999999999999944, -1.132317809809963771, 2.970006538760477266 ) ) ;
#1839 = CARTESIAN_POINT ( 'NONE',  ( 0.1499999999999999944, -1.107787228956027548, 2.226816210158492737 ) ) ;
#1840 = DIRECTION ( 'NONE',  ( -1.000000000000000000, -0.000000000000000000, -0.000000000000000000 ) ) ;
#1841 = CARTESIAN_POINT ( 'NONE',  ( 0.09999999999999999167, -1.190984415514007022, 2.151601880704856029 ) ) ;
#1842 = ORIENTED_EDGE ( 'NONE', *, *, #7366, .F. ) ;
#1843 = CARTESIAN_POINT ( 'NONE',  ( 0.09999999999999997780, -1.060576923076922862, 3.352204927884615326 ) ) ;
#1844 = CARTESIAN_POINT ( 'NONE',  ( 0.1000000000000000056, -1.079113027069119157, 2.836312465339710265 ) ) ;
#1845 = EDGE_CURVE ( 'NONE', #6570, #2255, #6541, .T. ) ;
#1846 = DIRECTION ( 'NONE',  ( 0.000000000000000000, 0.000000000000000000, -1.000000000000000000 ) ) ;
#1847 = CARTESIAN_POINT ( 'NONE',  ( 0.09999999999999999167, -1.118269230769230793, 2.316673076923077002 ) ) ;
#1848 = B_SPLINE_SURFACE_WITH_KNOTS ( 'NONE', 3, 1, ( 
 ( #2162, #5795 ),
 ( #2774, #6828 ),
 ( #1595, #4527 ),
 ( #3956, #2884 ),
 ( #1058, #1134 ),
 ( #3384, #1666 ),
 ( #3917, #7440 ),
 ( #2812, #5758 ),
 ( #3998, #3423 ),
 ( #5187, #6942 ),
 ( #1706, #5224 ) ),
 .UNSPECIFIED., .F., .F., .F.,
 ( 4, 1, 1, 1, 1, 1, 1, 1, 4 ),
 ( 2, 2 ),
 ( 0.000000000000000000, 0.1399889489122103092, 0.2733737020722339928, 0.4009542240703188876, 0.5254447277857976495, 0.6461452408532432079, 0.7641708857525006948, 0.8817028753978503053, 0.9999999999999998890 ),
 ( 0.000000000000000000, 1.000000000000000000 ),
 .UNSPECIFIED. ) ;
#1849 = CARTESIAN_POINT ( 'NONE',  ( 0.1499999999999999944, -1.183849158653845990, 2.235903846153846075 ) ) ;
#1850 = CARTESIAN_POINT ( 'NONE',  ( 0.1499999999999999944, -1.007692307692307665, 2.560903846153845809 ) ) ;
#1851 = B_SPLINE_SURFACE_WITH_KNOTS ( 'NONE', 3, 1, ( 
 ( #3715, #95 ),
 ( #776, #2533 ),
 ( #741, #1852 ),
 ( #4864, #1319 ),
 ( #1814, #5899 ),
 ( #7125, #6049 ),
 ( #2426, #4258 ),
 ( #4824, #3571 ),
 ( #4182, #6011 ),
 ( #3109, #2462 ),
 ( #6519, #1960 ) ),
 .UNSPECIFIED., .F., .F., .F.,
 ( 4, 1, 1, 1, 1, 1, 1, 1, 4 ),
 ( 2, 2 ),
 ( 0.000000000000000000, 0.1115909592455384680, 0.2252180825472880066, 0.3408430680182875649, 0.4609526468821489864, 0.5858740508622470866, 0.7171909122040432960, 0.8544284068832850298, 1.000000000000000000 ),
 ( 0.000000000000000000, 1.000000000000000000 ),
 .UNSPECIFIED. ) ;
#1852 = CARTESIAN_POINT ( 'NONE',  ( 0.1000000000000000472, -1.060758096437689257, 2.178919164302680844 ) ) ;
#1853 = VERTEX_POINT ( 'NONE', #686 ) ;
#1854 = CARTESIAN_POINT ( 'NONE',  ( 0.1000000000000000056, -1.178563763053766422, 3.109927647414765683 ) ) ;
#1855 = ORIENTED_EDGE ( 'NONE', *, *, #5704, .F. ) ;
#1856 = CARTESIAN_POINT ( 'NONE',  ( 0.09999999999999993616, -1.060594353817079671, 3.350714146678413385 ) ) ;
#1857 = DIRECTION ( 'NONE',  ( 0.000000000000000000, 0.000000000000000000, -1.000000000000000000 ) ) ;
#1858 = CARTESIAN_POINT ( 'NONE',  ( 0.1499999999999999944, -1.153266221148497861, 2.988145436500721175 ) ) ;
#1859 = CARTESIAN_POINT ( 'NONE',  ( 0.1499999999999999944, -1.121748432572855281, 2.178028870698595298 ) ) ;
#1860 = AXIS2_PLACEMENT_3D ( 'NONE', #6719, #1484, #2741 ) ;
#1861 = CARTESIAN_POINT ( 'NONE',  ( 0.1499999999999999944, -1.077605707722128159, 2.890729047604104984 ) ) ;
#1862 = CARTESIAN_POINT ( 'NONE',  ( 0.1499999999999999944, -1.122400841346153699, 2.176521334134615238 ) ) ;
#1863 = EDGE_LOOP ( 'NONE', ( #4583, #23, #2854, #1717 ) ) ;
#1864 = CARTESIAN_POINT ( 'NONE',  ( 0.1500000000000000500, -1.140344915882989474, 2.181845551006126538 ) ) ;
#1865 = DIRECTION ( 'NONE',  ( 0.000000000000000000, 0.6298849429155891633, 0.7766884566466949469 ) ) ;
#1867 = EDGE_CURVE ( 'NONE', #5239, #3375, #5108, .T. ) ;
#1866 = DIRECTION ( 'NONE',  ( 0.000000000000000000, 0.000000000000000000, 1.000000000000000000 ) ) ;
#1868 = CARTESIAN_POINT ( 'NONE',  ( 0.1499999999999999944, -1.062980769230769118, 3.089269230769230656 ) ) ;
#1869 = CARTESIAN_POINT ( 'NONE',  ( 0.1500000000000000500, -1.202386351956419075, 3.138797834722496738 ) ) ;
#1870 = EDGE_LOOP ( 'NONE', ( #4577, #1023, #2663, #5070 ) ) ;
#1871 = CARTESIAN_POINT ( 'NONE',  ( 0.1499999999999999944, -1.181528552181342562, 3.164969436692847804 ) ) ;
#1872 = CARTESIAN_POINT ( 'NONE',  ( 0.1499999999999999944, -1.089289400218183879, 2.944972933156915218 ) ) ;
#1873 = CARTESIAN_POINT ( 'NONE',  ( 0.1000000000000000056, -1.166804680659354387, 2.328913015166234501 ) ) ;
#1874 = EDGE_CURVE ( 'NONE', #5322, #6468, #837, .T. ) ;
#1875 = DIRECTION ( 'NONE',  ( 1.000000000000000000, 0.000000000000000000, 0.000000000000000000 ) ) ;
#1876 = CARTESIAN_POINT ( 'NONE',  ( 0.1499999999999999944, -1.164580829326923084, 2.302249999999999908 ) ) ;
#1877 = CYLINDRICAL_SURFACE ( 'NONE', #1055, 0.06496063000000121268 ) ;
#1878 = CARTESIAN_POINT ( 'NONE',  ( 0.1499999999999999944, -1.118269230769230793, 2.316673076923077002 ) ) ;
#1879 = CIRCLE ( 'NONE', #2369, 0.06889763999999991284 ) ;
#1880 = CARTESIAN_POINT ( 'NONE',  ( 0.1000000000000000056, -1.174566562841773187, 2.139239113415190019 ) ) ;
#1881 = ORIENTED_EDGE ( 'NONE', *, *, #655, .F. ) ;
#1882 = CARTESIAN_POINT ( 'NONE',  ( 0.1499999999999999944, -1.095845853365384537, 2.207057692307692331 ) ) ;
#1883 = FACE_BOUND ( 'NONE', #4512, .T. ) ;
#1884 = CARTESIAN_POINT ( 'NONE',  ( 0.1500000000000000500, -1.174474926867217439, 2.826441746717749393 ) ) ;
#1885 = CARTESIAN_POINT ( 'NONE',  ( 0.1000000000000000056, -1.113686899038461409, 3.409897235576923258 ) ) ;
#1886 = CARTESIAN_POINT ( 'NONE',  ( 0.000000000000000000, 0.5000000000000014433, 0.1249999999999994865 ) ) ;
#1887 = CIRCLE ( 'NONE', #3226, 0.1000000000000000194 ) ;
#1888 = VECTOR ( 'NONE', #1163, 39.37007874015748143 ) ;
#1889 = CARTESIAN_POINT ( 'NONE',  ( 0.1499999999999999944, -1.031341786897564727, 3.577541799436626757 ) ) ;
#1890 = ORIENTED_EDGE ( 'NONE', *, *, #1824, .T. ) ;
#1891 = DIRECTION ( 'NONE',  ( -1.000000000000000000, -0.000000000000000000, -0.000000000000000000 ) ) ;
#1892 = VERTEX_POINT ( 'NONE', #2589 ) ;
#1893 = CARTESIAN_POINT ( 'NONE',  ( 0.1499999999999999944, -1.130025540865384537, 3.292634615384615326 ) ) ;
#1894 = DIRECTION ( 'NONE',  ( 0.000000000000000000, 0.000000000000000000, -1.000000000000000000 ) ) ;
#1895 = CARTESIAN_POINT ( 'NONE',  ( 0.1499999999999999944, -1.062980769230769118, 3.214269230769230656 ) ) ;
#1896 = CARTESIAN_POINT ( 'NONE',  ( 0.1500000000000000500, -1.080613851128124692, 2.873716230048722675 ) ) ;
#1897 = LINE ( 'NONE', #1330, #2583 ) ;
#1898 = ORIENTED_EDGE ( 'NONE', *, *, #3995, .F. ) ;
#1899 = CARTESIAN_POINT ( 'NONE',  ( 0.1499999999999999944, -1.197955976647424370, 2.163290707940518143 ) ) ;
#1900 = CARTESIAN_POINT ( 'NONE',  ( 0.1499999999999999944, -1.130789789945720880, 3.214251767085689160 ) ) ;
#1901 = CARTESIAN_POINT ( 'NONE',  ( 0.1500000000000000500, -1.071525042523621130, 2.150851133886336086 ) ) ;
#1902 = CARTESIAN_POINT ( 'NONE',  ( 0.1499999999999999944, -1.159320493816162534, 3.070689609930751907 ) ) ;
#1903 = VERTEX_POINT ( 'NONE', #1416 ) ;
#1904 = CIRCLE ( 'NONE', #6175, 0.06496062999999997756 ) ;
#1905 = CARTESIAN_POINT ( 'NONE',  ( 0.000000000000000000, 1.500000000000000444, 3.314960629921259727 ) ) ;
#1906 = CARTESIAN_POINT ( 'NONE',  ( 0.1500000000000000500, -1.046487648992366015, 3.675797510644042809 ) ) ;
#1907 = B_SPLINE_SURFACE_WITH_KNOTS ( 'NONE', 3, 1, ( 
 ( #1262, #2368 ),
 ( #4202, #3665 ),
 ( #5360, #2521 ),
 ( #5998, #5431 ),
 ( #763, #2449 ),
 ( #121, #1947 ),
 ( #3095, #4277 ),
 ( #6614, #3555 ),
 ( #3518, #4777 ),
 ( #5848, #612 ),
 ( #2940, #7111 ),
 ( #1793, #1873 ),
 ( #6542, #5281 ),
 ( #41, #4698 ),
 ( #7031, #4128 ) ),
 .UNSPECIFIED., .F., .F., .F.,
 ( 4, 1, 1, 1, 1, 1, 1, 1, 1, 1, 1, 1, 4 ),
 ( 2, 2 ),
 ( 0.000000000000000000, 0.08656000936209989893, 0.1724368767783765188, 0.2575162380887861535, 0.3431419762700619325, 0.4264238565615576793, 0.5050696028147413363, 0.5791202227542159298, 0.6497403251281561598, 0.7226966554343212668, 0.8055045587870941493, 0.8972910389855985880, 1.000000000000000000 ),
 ( 0.000000000000000000, 1.000000000000000000 ),
 .UNSPECIFIED. ) ;
#1908 = CARTESIAN_POINT ( 'NONE',  ( 0.1499999999999999944, -1.060576923076922862, 2.184521634615384400 ) ) ;
#1909 = EDGE_CURVE ( 'NONE', #2185, #2686, #5480, .T. ) ;
#1910 = CARTESIAN_POINT ( 'NONE',  ( 0.09999999999999999167, -1.127784235657972811, 3.292658987391960057 ) ) ;
#1911 = CARTESIAN_POINT ( 'NONE',  ( 0.1499999999999999944, -1.156016665600542170, 3.190336701513329931 ) ) ;
#1912 = ADVANCED_FACE ( 'NONE', ( #3062 ), #4166, .T. ) ;
#1913 = DIRECTION ( 'NONE',  ( 0.000000000000000000, 0.000000000000000000, 1.000000000000000000 ) ) ;
#1914 = CARTESIAN_POINT ( 'NONE',  ( 0.1499999999999999944, -1.140842380834575565, 2.146172703780944158 ) ) ;
#1915 = EDGE_CURVE ( 'NONE', #1634, #5169, #1562, .T. ) ;
#1916 = CARTESIAN_POINT ( 'NONE',  ( 0.1000000000000000194, -1.171495470974021957, 2.423836916485193171 ) ) ;
#1917 = EDGE_CURVE ( 'NONE', #5239, #2128, #2704, .T. ) ;
#1918 = ORIENTED_EDGE ( 'NONE', *, *, #1867, .F. ) ;
#1919 = CARTESIAN_POINT ( 'NONE',  ( 0.1000000000000000056, -1.185169447000078202, 3.149353045271523044 ) ) ;
#1920 = FACE_BOUND ( 'NONE', #355, .T. ) ;
#1921 = CARTESIAN_POINT ( 'NONE',  ( 0.09999999999999999167, -1.082553014272638947, 3.333046135444496905 ) ) ;
#1922 = DIRECTION ( 'NONE',  ( 1.000000000000000000, 0.000000000000000000, 0.000000000000000000 ) ) ;
#1923 = CARTESIAN_POINT ( 'NONE',  ( 0.1000000000000000194, -1.109397218183554745, 3.315473117533895842 ) ) ;
#1924 = EDGE_CURVE ( 'NONE', #432, #7187, #6262, .T. ) ;
#1925 = DIRECTION ( 'NONE',  ( 0.000000000000000000, 0.000000000000000000, -1.000000000000000000 ) ) ;
#1926 = ORIENTED_EDGE ( 'NONE', *, *, #2891, .T. ) ;
#1927 = AXIS2_PLACEMENT_3D ( 'NONE', #6100, #6717, #4838 ) ;
#1928 = VECTOR ( 'NONE', #5769, 39.37007874015748143 ) ;
#1929 = LINE ( 'NONE', #631, #2656 ) ;
#1930 = AXIS2_PLACEMENT_3D ( 'NONE', #435, #2269, #1048 ) ;
#1931 = VERTEX_POINT ( 'NONE', #3888 ) ;
#1932 = CARTESIAN_POINT ( 'NONE',  ( 0.1500000000000000500, -1.117182925819257822, 3.292988363381718742 ) ) ;
#1933 = CARTESIAN_POINT ( 'NONE',  ( 0.09999999999999999167, -1.046760757060072100, 3.706956056086633922 ) ) ;
#1934 = CARTESIAN_POINT ( 'NONE',  ( 0.1499999999999999667, -1.112565952707008643, 3.315092503650118427 ) ) ;
#1935 = PERSON_AND_ORGANIZATION_ROLE ( 'design_owner' ) ;
#1936 = CARTESIAN_POINT ( 'NONE',  ( 0.1000000000000000472, -1.105660344643994097, 2.962281898544657288 ) ) ;
#1937 = CARTESIAN_POINT ( 'NONE',  ( 0.1000000000000000056, -1.117630709134615374, 2.220804687499999819 ) ) ;
#1938 = ORIENTED_EDGE ( 'NONE', *, *, #7436, .F. ) ;
#1939 = CARTESIAN_POINT ( 'NONE',  ( 0.1000000000000000472, -1.144010901698681248, 2.174353026025805935 ) ) ;
#1940 = LINE ( 'NONE', #4271, #4243 ) ;
#1941 = CARTESIAN_POINT ( 'NONE',  ( 0.1000000000000000472, -1.194612288076551954, 3.556092246819540392 ) ) ;
#1942 = CARTESIAN_POINT ( 'NONE',  ( 0.1499999999999999944, -1.181892427145812441, 3.082930441894356832 ) ) ;
#1943 = ORIENTED_EDGE ( 'NONE', *, *, #7104, .T. ) ;
#1944 = CARTESIAN_POINT ( 'NONE',  ( 0.1000000000000000056, 4.375000000000000000, 3.685039369999999259 ) ) ;
#1945 = EDGE_CURVE ( 'NONE', #2657, #3086, #4367, .T. ) ;
#1946 = CARTESIAN_POINT ( 'NONE',  ( 0.09999999999999996392, -1.095545508231077214, 3.706804137763386464 ) ) ;
#1947 = CARTESIAN_POINT ( 'NONE',  ( 0.1000000000000000472, -1.182459882209700108, 2.357312416639294028 ) ) ;
#1948 = CARTESIAN_POINT ( 'NONE',  ( 0.1000000000000000194, -1.118407511813543032, 2.220091592921168644 ) ) ;
#1949 = CARTESIAN_POINT ( 'NONE',  ( 0.1499999999999999944, -1.126532451923076827, 3.192634615384615238 ) ) ;
#1950 = CARTESIAN_POINT ( 'NONE',  ( 0.09999999999999999167, -1.185576923076922862, 2.381126201923076557 ) ) ;
#1951 = CARTESIAN_POINT ( 'NONE',  ( 0.1000000000000000194, -1.144010901698681248, 2.174353026025805935 ) ) ;
#1952 = CARTESIAN_POINT ( 'NONE',  ( 0.1000000000000000056, 4.500000000000000888, 4.000000000000000888 ) ) ;
#1953 = VERTEX_POINT ( 'NONE', #596 ) ;
#1954 = CARTESIAN_POINT ( 'NONE',  ( 0.1499999999999999944, -1.164580829326923084, 2.302249999999999908 ) ) ;
#1955 = CARTESIAN_POINT ( 'NONE',  ( 0.09999999999999999167, -1.077550949479708420, 2.371316639836771767 ) ) ;
#1956 = CARTESIAN_POINT ( 'NONE',  ( 0.1000000000000000056, -1.375000000000000444, 2.249999999999999556 ) ) ;
#1957 = EDGE_CURVE ( 'NONE', #1580, #2013, #6739, .T. ) ;
#1958 = CARTESIAN_POINT ( 'NONE',  ( 0.1000000000000000056, -1.112426992274051951, 3.409467079905515785 ) ) ;
#1959 = CARTESIAN_POINT ( 'NONE',  ( 0.09999999999999996392, -1.032959573214096372, 3.572313559428627716 ) ) ;
#1960 = CARTESIAN_POINT ( 'NONE',  ( 0.1000000000000000056, -1.080070612980769118, 2.139749999999999819 ) ) ;
#1961 = B_SPLINE_CURVE_WITH_KNOTS ( 'NONE', 3,
 ( #1741, #1708, #1668, #1173, #4114, #1249, #3499, #5831, #635, #2927, #5265 ),
 .UNSPECIFIED., .F., .F.,
 ( 4, 1, 1, 1, 1, 1, 1, 1, 4 ),
 ( 0.000000000000000000, 0.1323137753888183610, 0.2621873176281273032, 0.3913125230208047700, 0.5207284134854431867, 0.6473148512630133578, 0.7685462999629654179, 0.8860077551177228949, 1.000000000000000000 ),
 .UNSPECIFIED. ) ;
#1962 = VERTEX_POINT ( 'NONE', #3239 ) ;
#1963 = CARTESIAN_POINT ( 'NONE',  ( 0.1499999999999999944, -1.199999999999999956, 2.651288461538461316 ) ) ;
#1964 = ORIENTED_EDGE ( 'NONE', *, *, #5096, .F. ) ;
#1965 = CARTESIAN_POINT ( 'NONE',  ( 0.09999999999999993616, -1.066465927490498844, 3.323616284280179300 ) ) ;
#1966 = CARTESIAN_POINT ( 'NONE',  ( 0.09999999999999997780, -1.039318432676404003, 3.699578814255068515 ) ) ;
#1967 = AXIS2_PLACEMENT_3D ( 'NONE', #4090, #1151, #3477 ) ;
#1968 = CARTESIAN_POINT ( 'NONE',  ( 0.1500000000000000500, -1.202355193402142586, 2.903973055571306805 ) ) ;
#1969 = PERSON_AND_ORGANIZATION_ROLE ( 'classification_officer' ) ;
#1970 = CARTESIAN_POINT ( 'NONE',  ( 0.1499999999999999667, -1.081196243576097338, 2.927472102729555381 ) ) ;
#1971 = CARTESIAN_POINT ( 'NONE',  ( 0.1499999999999999944, -1.070630261855881615, 3.698119136745088298 ) ) ;
#1972 = B_SPLINE_SURFACE_WITH_KNOTS ( 'NONE', 3, 1, ( 
 ( #62, #2963 ),
 ( #4109, #706 ),
 ( #3078, #3043 ),
 ( #3003, #97 ),
 ( #2389, #4758 ),
 ( #5374, #1322 ),
 ( #5446, #206 ),
 ( #6442, #2464 ),
 ( #135, #7088 ),
 ( #4221, #1854 ),
 ( #1207, #4793 ),
 ( #7127, #5409 ),
 ( #170, #6562 ),
 ( #3537, #3649 ),
 ( #5342, #2430 ),
 ( #5865, #2537 ),
 ( #778, #4718 ),
 ( #2503, #5977 ),
 ( #4826, #7162 ) ),
 .UNSPECIFIED., .F., .F., .F.,
 ( 4, 1, 1, 1, 1, 1, 1, 1, 1, 1, 1, 1, 1, 1, 1, 1, 4 ),
 ( 2, 2 ),
 ( 0.000000000000000000, 0.07668161038680743058, 0.1509703462479020930, 0.2223621639258531180, 0.2919246148141431685, 0.3584193679920922859, 0.4243660431269841160, 0.4884299929548626129, 0.5511861399228648040, 0.6126856103580866630, 0.6714407087907388050, 0.7290827075934837032, 0.7846672596041295300, 0.8385712453308987735, 0.8926432966785569079, 0.9462331996983747162, 1.000000000000000000 ),
 ( 0.000000000000000000, 1.000000000000000000 ),
 .UNSPECIFIED. ) ;
#1973 = ORIENTED_EDGE ( 'NONE', *, *, #4722, .F. ) ;
#1974 = CARTESIAN_POINT ( 'NONE',  ( 0.1499999999999999944, -1.150458233173076827, 2.164802584134615238 ) ) ;
#1975 = CARTESIAN_POINT ( 'NONE',  ( 0.1500000000000000500, -1.111711332401578156, 2.318839299666829668 ) ) ;
#1976 = CARTESIAN_POINT ( 'NONE',  ( 0.1499999999999999944, -1.060576923076922862, 3.352204927884615326 ) ) ;
#1977 = CARTESIAN_POINT ( 'NONE',  ( 0.1499999999999999944, -1.129687499999999956, 3.067634615384615238 ) ) ;
#1978 = ORIENTED_EDGE ( 'NONE', *, *, #1214, .F. ) ;
#1979 = CARTESIAN_POINT ( 'NONE',  ( 0.1499999999999999944, -1.091087768519990231, 2.448781386510467950 ) ) ;
#1980 = CARTESIAN_POINT ( 'NONE',  ( 0.1499999999999999667, -1.085152132119512336, 3.704526672942210830 ) ) ;
#1981 = CARTESIAN_POINT ( 'NONE',  ( 0.09999999999999999167, -1.185325077051963216, 2.909245013756379006 ) ) ;
#1982 = CARTESIAN_POINT ( 'NONE',  ( 0.1000000000000000194, -1.124674694033172218, 2.212847097339133207 ) ) ;
#1983 = CARTESIAN_POINT ( 'NONE',  ( 0.1000000000000000472, -1.191704724513718228, 2.226280933052314559 ) ) ;
#1984 = CARTESIAN_POINT ( 'NONE',  ( 0.1000000000000000194, -1.185169447000078202, 3.149353045271523044 ) ) ;
#1985 = CARTESIAN_POINT ( 'NONE',  ( 0.1500000000000000500, -1.029069232284186342, 3.686925229609522070 ) ) ;
#1986 = CARTESIAN_POINT ( 'NONE',  ( 0.1000000000000000056, -0.6499999999999993561, 1.074999999999999734 ) ) ;
#1987 = CARTESIAN_POINT ( 'NONE',  ( 0.09999999999999992228, -1.122400841346153699, 2.176521334134615238 ) ) ;
#1988 = CARTESIAN_POINT ( 'NONE',  ( 0.1000000000000000056, -1.185576923076922862, 2.899650841346153918 ) ) ;
#1989 = ORIENTED_EDGE ( 'NONE', *, *, #1679, .T. ) ;
#1990 = CARTESIAN_POINT ( 'NONE',  ( 0.1499999999999999944, -1.183813754656427797, 3.157467120008045747 ) ) ;
#1991 = CARTESIAN_POINT ( 'NONE',  ( 0.1499999999999999944, -1.085097971670946126, 2.344237615401637331 ) ) ;
#1992 = CARTESIAN_POINT ( 'NONE',  ( 0.1499999999999999944, -1.202403846153846212, 2.900777644230769337 ) ) ;
#1993 = CARTESIAN_POINT ( 'NONE',  ( 0.1000000000000000194, -1.077478845956300946, 3.361444117758298766 ) ) ;
#1994 = CARTESIAN_POINT ( 'NONE',  ( 0.1499999999999999944, -1.058173076923076827, 3.532658653846153740 ) ) ;
#1995 = CARTESIAN_POINT ( 'NONE',  ( 0.1000000000000000056, -1.049944061277567675, 3.680321595968905957 ) ) ;
#1996 = ORIENTED_EDGE ( 'NONE', *, *, #5655, .F. ) ;
#1997 = ORIENTED_EDGE ( 'NONE', *, *, #2941, .T. ) ;
#1998 = CARTESIAN_POINT ( 'NONE',  ( 0.1500000000000000500, -1.111372215902991512, 3.293531858794437550 ) ) ;
#1999 = ADVANCED_FACE ( 'NONE', ( #6836 ), #5222, .F. ) ;
#2000 = CARTESIAN_POINT ( 'NONE',  ( 0.000000000000000000, -0.1149218742818414463, 5.507721381357296941 ) ) ;
#2001 = CIRCLE ( 'NONE', #5789, 0.06496063000000000531 ) ;
#2002 = CARTESIAN_POINT ( 'NONE',  ( 0.1500000000000000500, -1.146631359679985751, 2.990207207139986778 ) ) ;
#2003 = COORDINATED_UNIVERSAL_TIME_OFFSET ( 8, 0, .BEHIND. ) ;
#2004 = CARTESIAN_POINT ( 'NONE',  ( 0.1499999999999999944, -1.199592725057075038, 2.167643856989316831 ) ) ;
#2005 = CARTESIAN_POINT ( 'NONE',  ( 0.1000000000000000472, -1.060824660258046448, 2.389356868915812449 ) ) ;
#2006 = ADVANCED_FACE ( 'NONE', ( #4072 ), #6406, .F. ) ;
#2007 = ADVANCED_FACE ( 'NONE', ( #1604 ), #3926, .T. ) ;
#2008 = EDGE_LOOP ( 'NONE', ( #4117, #1111, #3004, #3312 ) ) ;
#2009 = CARTESIAN_POINT ( 'NONE',  ( 0.1500000000000000500, -1.161622364621565762, 3.188291413069457736 ) ) ;
#2010 = CARTESIAN_POINT ( 'NONE',  ( 0.1499999999999999944, -1.082402939400909814, 2.350547957540380040 ) ) ;
#2011 = CARTESIAN_POINT ( 'NONE',  ( 0.1000000000000000056, -1.204783472953614876, 3.608253687530998288 ) ) ;
#2012 = CARTESIAN_POINT ( 'NONE',  ( 0.1499999999999999944, -1.169902505022740513, 2.160181971597720185 ) ) ;
#2013 = VERTEX_POINT ( 'NONE', #1526 ) ;
#2014 = CARTESIAN_POINT ( 'NONE',  ( 0.1000000000000000472, -1.090815388288551624, 2.851939591611597713 ) ) ;
#2015 = CARTESIAN_POINT ( 'NONE',  ( 0.09999999999999996392, -1.026944641118099799, 3.613677023085691165 ) ) ;
#2016 = CARTESIAN_POINT ( 'NONE',  ( 0.1499999999999999944, -1.087171796895433307, 2.415880952498306922 ) ) ;
#2017 = CARTESIAN_POINT ( 'NONE',  ( 0.1000000000000000472, -1.202403846153846212, 2.900777644230769337 ) ) ;
#2018 = CARTESIAN_POINT ( 'NONE',  ( 0.1000000000000000056, -1.069941572213743974, 2.946367657184246092 ) ) ;
#2019 = CARTESIAN_POINT ( 'NONE',  ( 0.1499999999999999944, -1.126532451923076827, 3.089269230769230656 ) ) ;
#2020 = AXIS2_PLACEMENT_3D ( 'NONE', #816, #892, #7311 ) ;
#2021 = CARTESIAN_POINT ( 'NONE',  ( 0.09999999999999999167, -1.156016665600542170, 3.190336701513329931 ) ) ;
#2022 = CARTESIAN_POINT ( 'NONE',  ( 0.1000000000000000194, -1.155297940046053240, 2.436981244362682819 ) ) ;
#2023 = CARTESIAN_POINT ( 'NONE',  ( 0.09999999999999997780, -1.201913535679376199, 2.888397802733161601 ) ) ;
#2024 = CARTESIAN_POINT ( 'NONE',  ( 0.1000000000000000056, -1.202288961494484498, 2.182056133969913603 ) ) ;
#2025 = ORIENTED_EDGE ( 'NONE', *, *, #5788, .F. ) ;
#2026 = CARTESIAN_POINT ( 'NONE',  ( 0.1000000000000000056, -1.184615455493979841, 3.153493424706286685 ) ) ;
#2027 = CARTESIAN_POINT ( 'NONE',  ( 0.1499999999999999944, -1.148012321758832055, 3.213212383857078969 ) ) ;
#2028 = CARTESIAN_POINT ( 'NONE',  ( 0.1000000000000000611, -1.064655570060816903, 2.867474063118815142 ) ) ;
#2029 = CARTESIAN_POINT ( 'NONE',  ( 0.09999999999999999167, -1.041836297504954656, 3.552888506293918613 ) ) ;
#2030 = CARTESIAN_POINT ( 'NONE',  ( 0.1000000000000000056, -1.057546473078999405, 3.688432708595286602 ) ) ;
#2031 = ORIENTED_EDGE ( 'NONE', *, *, #6775, .T. ) ;
#2032 = B_SPLINE_CURVE_WITH_KNOTS ( 'NONE', 3,
 ( #6393, #1838, #4702, #4056, #1232, #1267, #3596, #5248, #5923, #155, #2489, #651, #84, #2988, #1191, #1306, #123, #6962, #5362, #2451, #5324, #6545, #4779 ),
 .UNSPECIFIED., .F., .F.,
 ( 4, 1, 1, 1, 1, 1, 1, 1, 1, 1, 1, 1, 1, 1, 1, 1, 1, 1, 1, 1, 4 ),
 ( 0.000000000000000000, 0.03650772940593875748, 0.07284501845158602995, 0.1092834787994214907, 0.1453495902564423126, 0.1823951217470985708, 0.2197878141959856424, 0.2582444872360942223, 0.2974466256626174254, 0.3372698990853825740, 0.3770913598463447314, 0.4171243450749559933, 0.4578438439639213042, 0.4985757500393761532, 0.5404230387651161038, 0.5829377358821533628, 0.6267831138477628627, 0.7161252418425005928, 0.8074499112509949672, 0.9014850070869278031, 0.9999999999999998890 ),
 .UNSPECIFIED. ) ;
#2033 = CARTESIAN_POINT ( 'NONE',  ( 0.1000000000000000056, -1.137990743537643290, 3.089429517512667811 ) ) ;
#2034 = VERTEX_POINT ( 'NONE', #337 ) ;
#2035 = CARTESIAN_POINT ( 'NONE',  ( 0.09999999999999993616, -1.130025540865384537, 3.292634615384615326 ) ) ;
#2036 = DIRECTION ( 'NONE',  ( 0.000000000000000000, 0.000000000000000000, 1.000000000000000000 ) ) ;
#2037 = CARTESIAN_POINT ( 'NONE',  ( 0.1000000000000000472, -1.023621620384481234, 3.543926243674801135 ) ) ;
#2038 = DATE_AND_TIME ( #2469, #4955 ) ;
#2039 = CARTESIAN_POINT ( 'NONE',  ( 0.1499999999999999944, -1.174566562841773187, 2.139239113415190019 ) ) ;
#2040 = DIRECTION ( 'NONE',  ( 0.000000000000000000, -0.6298849429155891633, -0.7766884566466948359 ) ) ;
#2041 = AXIS2_PLACEMENT_3D ( 'NONE', #4175, #6434, #1273 ) ;
#2042 = VECTOR ( 'NONE', #4294, 39.37007874015748143 ) ;
#2043 = VERTEX_POINT ( 'NONE', #2089 ) ;
#2044 = CARTESIAN_POINT ( 'NONE',  ( 0.1000000000000000056, -1.159923377403846212, 3.092536959134615682 ) ) ;
#2045 = CIRCLE ( 'NONE', #7548, 0.06889763999999991284 ) ;
#2046 = PLANE ( 'NONE',  #1927 ) ;
#2047 = CARTESIAN_POINT ( 'NONE',  ( 0.1000000000000000056, -1.130025540865384537, 3.292634615384615326 ) ) ;
#2048 = EDGE_CURVE ( 'NONE', #857, #496, #113, .T. ) ;
#2049 = CARTESIAN_POINT ( 'NONE',  ( 0.1499999999999999944, -1.134111372183708388, 2.463246806282744839 ) ) ;
#2050 = EDGE_LOOP ( 'NONE', ( #7163, #5745, #1594, #3077 ) ) ;
#2051 = EDGE_CURVE ( 'NONE', #1376, #3746, #669, .T. ) ;
#2052 = CARTESIAN_POINT ( 'NONE',  ( 0.1000000000000000194, -1.080613851128124692, 2.873716230048722675 ) ) ;
#2053 = ORIENTED_EDGE ( 'NONE', *, *, #2804, .F. ) ;
#2054 = CARTESIAN_POINT ( 'NONE',  ( 0.1500000000000000500, -1.026987463002205558, 3.618005496026341472 ) ) ;
#2055 = B_SPLINE_CURVE_WITH_KNOTS ( 'NONE', 3,
 ( #3928, #7334, #3890, #5688, #7487, #452, #6045 ),
 .UNSPECIFIED., .F., .F.,
 ( 4, 1, 1, 1, 4 ),
 ( 0.000000000000000000, 0.2589653163108728839, 0.5063960492993991869, 0.7508729185289345631, 1.000000000000000000 ),
 .UNSPECIFIED. ) ;
#2056 = CARTESIAN_POINT ( 'NONE',  ( 0.1000000000000000056, -1.116083250123739656, 2.222024346840922426 ) ) ;
#2057 = CARTESIAN_POINT ( 'NONE',  ( 0.1000000000000000056, -1.199226803795589769, 2.871047133712981481 ) ) ;
#2058 = CARTESIAN_POINT ( 'NONE',  ( 0.1000000000000000194, -1.060657759323878180, 2.905505271532923484 ) ) ;
#2059 = CARTESIAN_POINT ( 'NONE',  ( 0.1500000000000000500, -1.159923377403846212, 3.092536959134615682 ) ) ;
#2060 = CARTESIAN_POINT ( 'NONE',  ( 0.09999999999999997780, -1.185576923076922862, 3.610145132211538321 ) ) ;
#2061 = CARTESIAN_POINT ( 'NONE',  ( 0.1499999999999999944, -1.007777511963990014, 3.615194385434722602 ) ) ;
#2062 = CARTESIAN_POINT ( 'NONE',  ( 0.1500000000000000500, -1.155297940046053240, 2.436981244362682819 ) ) ;
#2063 = CARTESIAN_POINT ( 'NONE',  ( 0.1500000000000000500, -1.123217789823552026, 2.174689167610533769 ) ) ;
#2064 = CARTESIAN_POINT ( 'NONE',  ( 0.09999999999999999167, -1.184216712844567310, 2.882325993736257974 ) ) ;
#2065 = ORIENTED_EDGE ( 'NONE', *, *, #5120, .F. ) ;
#2066 = LINE ( 'NONE', #4971, #2905 ) ;
#2067 = CARTESIAN_POINT ( 'NONE',  ( 0.1500000000000000500, -1.202355193402142586, 2.903973055571306805 ) ) ;
#2068 = CARTESIAN_POINT ( 'NONE',  ( 0.1499999999999999944, -1.007944502980348878, 3.623323639364919746 ) ) ;
#2069 = CARTESIAN_POINT ( 'NONE',  ( 0.1000000000000000056, 3.114921874281840974, 5.507721381357296941 ) ) ;
#2070 = ORIENTED_EDGE ( 'NONE', *, *, #744, .F. ) ;
#2071 = ADVANCED_FACE ( 'NONE', ( #5901 ), #1817, .T. ) ;
#2072 = CARTESIAN_POINT ( 'NONE',  ( 0.09999999999999997780, -1.147459084551644581, 3.090061229091083383 ) ) ;
#2073 = VERTEX_POINT ( 'NONE', #6521 ) ;
#2074 = CARTESIAN_POINT ( 'NONE',  ( 0.1499999999999999944, -1.046905048076922862, 3.515230769230769159 ) ) ;
#2075 = CARTESIAN_POINT ( 'NONE',  ( 0.09999999999999997780, -1.077477251919089829, 3.352926347890556880 ) ) ;
#2076 = FACE_OUTER_BOUND ( 'NONE', #982, .T. ) ;
#2077 = CARTESIAN_POINT ( 'NONE',  ( 0.1000000000000000056, -1.013448308986308222, 3.568440900199076893 ) ) ;
#2078 = CARTESIAN_POINT ( 'NONE',  ( 0.1000000000000000056, -1.089158637334450175, 2.311607221013593616 ) ) ;
#2079 = CARTESIAN_POINT ( 'NONE',  ( 0.1000000000000000056, -0.1149218742818414463, 5.377800121357297236 ) ) ;
#2080 = VERTEX_POINT ( 'NONE', #743 ) ;
#2081 = CARTESIAN_POINT ( 'NONE',  ( 0.000000000000000000, 1.500000000000000444, 3.383858269921259598 ) ) ;
#2082 = CARTESIAN_POINT ( 'NONE',  ( 0.09999999999999996392, -1.102782599825273602, 3.404985160746470729 ) ) ;
#2083 = CARTESIAN_POINT ( 'NONE',  ( 0.09999999999999999167, -1.199085627393971176, 3.568693728369392915 ) ) ;
#2084 = ORIENTED_EDGE ( 'NONE', *, *, #4988, .T. ) ;
#2085 = CARTESIAN_POINT ( 'NONE',  ( 0.1500000000000000500, -1.199516912940315150, 2.406434102491170623 ) ) ;
#2086 = ORIENTED_EDGE ( 'NONE', *, *, #823, .T. ) ;
#2087 = CARTESIAN_POINT ( 'NONE',  ( 0.1499999999999999667, -1.050925018043485704, 3.540176464040062143 ) ) ;
#2088 = ORIENTED_EDGE ( 'NONE', *, *, #6244, .T. ) ;
#2089 = CARTESIAN_POINT ( 'NONE',  ( 0.1000000000000000056, -1.116203425480768896, 2.725807692307692154 ) ) ;
#2090 = B_SPLINE_CURVE_WITH_KNOTS ( 'NONE', 3,
 ( #5670, #6707, #433, #3906, #2685, #2072, #5518, #2033, #5594, #5017, #6668 ),
 .UNSPECIFIED., .F., .F.,
 ( 4, 1, 1, 1, 1, 1, 1, 1, 4 ),
 ( 0.000000000000000000, 0.07050714472715011172, 0.1554089898984080675, 0.2560269098349237105, 0.3727370012313220293, 0.5058676725682437203, 0.6543433985156782429, 0.8193963926342703319, 0.9999999999999998890 ),
 .UNSPECIFIED. ) ;
#2091 = B_SPLINE_SURFACE_WITH_KNOTS ( 'NONE', 3, 1, ( 
 ( #1503, #929 ),
 ( #3786, #4439 ),
 ( #7386, #2601 ),
 ( #6277, #1043 ),
 ( #353, #4361 ),
 ( #3296, #6700 ),
 ( #3866, #5588 ),
 ( #2144, #3370 ),
 ( #3332, #6773 ),
 ( #5666, #5012 ),
 ( #6736, #3252 ),
 ( #1540, #4514 ),
 ( #2682, #5091 ),
 ( #4402, #429 ),
 ( #2640, #5549 ),
 ( #2187, #1578 ),
 ( #1466, #6199 ),
 ( #4972, #7348 ),
 ( #969, #2722 ),
 ( #3940, #2108 ),
 ( #3903, #390 ),
 ( #5702, #3826 ),
 ( #2027, #5628 ),
 ( #1618, #7309 ),
 ( #7422, #5053 ),
 ( #6119, #309 ),
 ( #4473, #4933 ) ),
 .UNSPECIFIED., .F., .F., .F.,
 ( 4, 1, 1, 1, 1, 1, 1, 1, 1, 1, 1, 1, 1, 1, 1, 1, 1, 1, 1, 1, 1, 1, 1, 1, 4 ),
 ( 2, 2 ),
 ( 0.000000000000000000, 0.04992013727733222300, 0.09774971415056486757, 0.1436015359857227836, 0.1876036215156093034, 0.2301348056778664830, 0.2710128302890641439, 0.3105906561141221767, 0.3491371390687215692, 0.3865342510814714916, 0.4227092320331147790, 0.4582121986150056170, 0.4929616420561044321, 0.5273719897905945198, 0.5614441510652337097, 0.5955719590315962098, 0.6295983935132433151, 0.6650341442489544619, 0.7031528767664204649, 0.7444170993081438148, 0.7884711242802299180, 0.8361662336837039078, 0.8869789766310172130, 0.9416585864235291758, 1.000000000000000000 ),
 ( 0.000000000000000000, 1.000000000000000000 ),
 .UNSPECIFIED. ) ;
#2092 = CYLINDRICAL_SURFACE ( 'NONE', #20, 0.06496062999999985266 ) ;
#2093 = EDGE_CURVE ( 'NONE', #7290, #2316, #2416, .T. ) ;
#2094 = CARTESIAN_POINT ( 'NONE',  ( 0.1500000000000000777, -1.132442865070772742, 3.089279773013537067 ) ) ;
#2095 = CARTESIAN_POINT ( 'NONE',  ( 0.1000000000000000056, -1.202245880471149109, 2.194253792400053804 ) ) ;
#2096 = CARTESIAN_POINT ( 'NONE',  ( 0.09999999999999997780, -1.164580829326923084, 2.302249999999999908 ) ) ;
#2097 = CARTESIAN_POINT ( 'NONE',  ( 0.1500000000000000500, -1.185503645767544967, 2.186980876067184276 ) ) ;
#2098 = CARTESIAN_POINT ( 'NONE',  ( 0.1000000000000000472, -1.095490414185535499, 2.426321666858739068 ) ) ;
#2099 = FACE_BOUND ( 'NONE', #374, .T. ) ;
#2100 = APPROVAL ( #250, 'UNSPECIFIED' ) ;
#2101 = CARTESIAN_POINT ( 'NONE',  ( 0.1499999999999999667, -1.183690426603290380, 2.399001444536210226 ) ) ;
#2102 = DIRECTION ( 'NONE',  ( 0.000000000000000000, -1.000000000000000000, 0.000000000000000000 ) ) ;
#2103 = ADVANCED_FACE ( 'NONE', ( #3611 ), #1972, .T. ) ;
#2104 = CARTESIAN_POINT ( 'NONE',  ( 0.1499999999999999944, -1.159946362948772958, 2.159199300303641156 ) ) ;
#2105 = EDGE_CURVE ( 'NONE', #2638, #3511, #1929, .T. ) ;
#2106 = VERTEX_POINT ( 'NONE', #4261 ) ;
#2107 = CARTESIAN_POINT ( 'NONE',  ( 0.09999999999999999167, -1.177384698813871200, 2.165693053097116128 ) ) ;
#2108 = CARTESIAN_POINT ( 'NONE',  ( 0.1000000000000000749, -1.163657245439365884, 3.209831899834463709 ) ) ;
#2109 = CARTESIAN_POINT ( 'NONE',  ( 0.1500000000000000500, -1.090182608779530771, 3.728000152357173302 ) ) ;
#2110 = ORIENTED_EDGE ( 'NONE', *, *, #226, .F. ) ;
#2111 = CARTESIAN_POINT ( 'NONE',  ( 0.1000000000000000056, -0.1149218742818414463, 5.442760751357297089 ) ) ;
#2112 = VECTOR ( 'NONE', #5106, 39.37007874015748143 ) ;
#2113 = EDGE_LOOP ( 'NONE', ( #4495, #6831, #6179, #2084 ) ) ;
#2114 = CARTESIAN_POINT ( 'NONE',  ( 0.1499999999999999944, -1.185576923076922862, 3.610145132211538321 ) ) ;
#2115 = CARTESIAN_POINT ( 'NONE',  ( 0.1499999999999999667, -1.084588125384451596, 2.969326123065495260 ) ) ;
#2116 = CARTESIAN_POINT ( 'NONE',  ( 0.1000000000000000056, -1.102278739126991480, 2.228445396442250814 ) ) ;
#2117 = CARTESIAN_POINT ( 'NONE',  ( 0.1499999999999999944, -1.149746243879770757, 3.718454834669387754 ) ) ;
#2118 = CARTESIAN_POINT ( 'NONE',  ( 0.1499999999999999667, -1.090155070295728112, 3.323699617473374612 ) ) ;
#2119 = CARTESIAN_POINT ( 'NONE',  ( 0.1500000000000000500, -1.060576923076923084, 2.379623798076923258 ) ) ;
#2120 = VECTOR ( 'NONE', #3593, 39.37007874015748143 ) ;
#2121 = ORIENTED_EDGE ( 'NONE', *, *, #5981, .F. ) ;
#2122 = CARTESIAN_POINT ( 'NONE',  ( 0.1000000000000000194, -1.061932414049675311, 2.197909974607723083 ) ) ;
#2123 = CARTESIAN_POINT ( 'NONE',  ( 0.1499999999999999944, -1.113686899038461409, 3.409897235576923258 ) ) ;
#2124 = B_SPLINE_CURVE_WITH_KNOTS ( 'NONE', 3,
 ( #4023, #3442, #1693, #5813, #7, #6358, #2372, #5851, #615, #4551, #5132, #7543, #580, #2909, #5247, #4205, #1303, #1380, #3024, #2555, #6544, #4742, #5922, #7217, #3130, #1910, #3631 ),
 .UNSPECIFIED., .F., .F.,
 ( 4, 1, 1, 1, 1, 1, 1, 1, 1, 1, 1, 1, 1, 1, 1, 1, 1, 1, 1, 1, 1, 1, 1, 1, 4 ),
 ( 0.000000000000000000, 0.04257013679151460533, 0.08385147140240116481, 0.1243113993852064253, 0.1640778821857784842, 0.2030336969946205383, 0.2417160649264094296, 0.2801746178575147406, 0.3182387479490711435, 0.3557733732016170047, 0.3925733542262236919, 0.4282062407525394909, 0.4633785363532778034, 0.4983081923023747750, 0.5329363127865078820, 0.5672546594625550442, 0.6021641719611069421, 0.6386570448822840307, 0.6786911673781574894, 0.7218861081383682876, 0.7692972202450315544, 0.8208861075257907203, 0.8761864819233986523, 0.9359772775904320330, 1.000000000000000000 ),
 .UNSPECIFIED. ) ;
#2125 = ORIENTED_EDGE ( 'NONE', *, *, #1129, .F. ) ;
#2126 = FACE_OUTER_BOUND ( 'NONE', #5223, .T. ) ;
#2127 = ORIENTED_EDGE ( 'NONE', *, *, #3505, .T. ) ;
#2128 = VERTEX_POINT ( 'NONE', #6013 ) ;
#2129 = CARTESIAN_POINT ( 'NONE',  ( 0.1000000000000000056, -1.082402939400909814, 2.350547957540380040 ) ) ;
#2130 = CARTESIAN_POINT ( 'NONE',  ( 0.1500000000000000500, -1.082376266918692709, 2.406249027890632775 ) ) ;
#2131 = CARTESIAN_POINT ( 'NONE',  ( 0.1500000000000000500, -1.157528652449645756, 3.091694270597444838 ) ) ;
#2132 = CARTESIAN_POINT ( 'NONE',  ( 0.09999999999999999167, -1.201259726161439279, 2.201166191832404362 ) ) ;
#2133 = CARTESIAN_POINT ( 'NONE',  ( 0.1000000000000000056, -1.077403846153845990, 2.899801081730768892 ) ) ;
#2134 = FACE_OUTER_BOUND ( 'NONE', #4005, .T. ) ;
#2135 = CARTESIAN_POINT ( 'NONE',  ( 0.1000000000000000056, 1.125984251968504157, 3.068897639999999427 ) ) ;
#2136 = CARTESIAN_POINT ( 'NONE',  ( 0.1499999999999999667, -1.197028578694696588, 3.562290903295582734 ) ) ;
#2137 = CARTESIAN_POINT ( 'NONE',  ( 0.1000000000000000056, -1.192333524057841210, 3.096145270694265594 ) ) ;
#2138 = ADVANCED_FACE ( 'NONE', ( #4147 ), #6595, .F. ) ;
#2139 = CARTESIAN_POINT ( 'NONE',  ( 0.1499999999999999944, -1.127884615384615374, 2.708980769230768804 ) ) ;
#2140 = EDGE_CURVE ( 'NONE', #2538, #4346, #6485, .T. ) ;
#2141 = CARTESIAN_POINT ( 'NONE',  ( 0.1499999999999999944, -1.204794219037017333, 3.613113183401461370 ) ) ;
#2142 = ORIENTED_EDGE ( 'NONE', *, *, #3279, .F. ) ;
#2143 = CARTESIAN_POINT ( 'NONE',  ( 0.09999999999999997780, -1.028011323706641944, 3.593979364392029030 ) ) ;
#2144 = CARTESIAN_POINT ( 'NONE',  ( 0.1499999999999999944, -1.197980126533989553, 3.172963037470491798 ) ) ;
#2145 = CARTESIAN_POINT ( 'NONE',  ( 0.1000000000000000194, -1.062795863751117675, 2.875114941688599490 ) ) ;
#2146 = EDGE_CURVE ( 'NONE', #2200, #6941, #3717, .T. ) ;
#2147 = EDGE_CURVE ( 'NONE', #6389, #2150, #7198, .T. ) ;
#2148 = EDGE_CURVE ( 'NONE', #6753, #1370, #7040, .T. ) ;
#2149 = VECTOR ( 'NONE', #703, 39.37007874015748143 ) ;
#2150 = VERTEX_POINT ( 'NONE', #6548 ) ;
#2151 = ADVANCED_FACE ( 'NONE', ( #5326 ), #7077, .T. ) ;
#2152 = FACE_OUTER_BOUND ( 'NONE', #2008, .T. ) ;
#2153 = EDGE_LOOP ( 'NONE', ( #4937, #388, #3718, #1041 ) ) ;
#2154 = DIRECTION ( 'NONE',  ( 0.000000000000000000, 0.000000000000000000, 1.000000000000000000 ) ) ;
#2155 = CARTESIAN_POINT ( 'NONE',  ( 0.09999999999999997780, -1.103277405073504358, 3.316819705157825204 ) ) ;
#2156 = DIRECTION ( 'NONE',  ( -1.000000000000000000, -0.000000000000000000, -0.000000000000000000 ) ) ;
#2157 = CARTESIAN_POINT ( 'NONE',  ( 0.09999999999999993616, -1.108369999377351700, 3.729082686714157102 ) ) ;
#2158 = EDGE_CURVE ( 'NONE', #3495, #3556, #1270, .T. ) ;
#2159 = LINE ( 'NONE', #1553, #3147 ) ;
#2160 = CARTESIAN_POINT ( 'NONE',  ( 0.1500000000000000500, -1.180155529717314078, 2.409718653170820346 ) ) ;
#2161 = VERTEX_POINT ( 'NONE', #2491 ) ;
#2162 = CARTESIAN_POINT ( 'NONE',  ( 0.1499999999999999944, -1.171153846153845990, 2.222682692307691887 ) ) ;
#2163 = CARTESIAN_POINT ( 'NONE',  ( 0.1000000000000000056, -1.063063274888356613, 2.201983576219650018 ) ) ;
#2164 = CARTESIAN_POINT ( 'NONE',  ( 0.1499999999999999944, -1.077985426200194885, 3.365953017203484166 ) ) ;
#2165 = ORIENTED_EDGE ( 'NONE', *, *, #3923, .F. ) ;
#2166 = CARTESIAN_POINT ( 'NONE',  ( 0.1499999999999999944, -1.078246386864291084, 2.176357279044414561 ) ) ;
#2167 = ORIENTED_EDGE ( 'NONE', *, *, #234, .T. ) ;
#2168 = EDGE_LOOP ( 'NONE', ( #3236, #6292, #3210, #1057 ) ) ;
#2169 = CARTESIAN_POINT ( 'NONE',  ( 0.1000000000000000056, -1.157760246580881613, 3.189802945804851131 ) ) ;
#2170 = VECTOR ( 'NONE', #6528, 39.37007874015748143 ) ;
#2171 = ORIENTED_EDGE ( 'NONE', *, *, #4635, .F. ) ;
#2172 = AXIS2_PLACEMENT_3D ( 'NONE', #7191, #5897, #6009 ) ;
#2173 = CARTESIAN_POINT ( 'NONE',  ( 0.1500000000000000500, -1.061932414049675311, 2.197909974607723083 ) ) ;
#2174 = CARTESIAN_POINT ( 'NONE',  ( 0.000000000000000000, 1.017298893531830783, 7.000000000000000888 ) ) ;
#2175 = CARTESIAN_POINT ( 'NONE',  ( 0.1499999999999999944, -1.092683085418885369, 2.423445077793924707 ) ) ;
#2176 = CARTESIAN_POINT ( 'NONE',  ( 0.1000000000000000056, -1.185476656554747654, 2.375053239099890856 ) ) ;
#2177 = CARTESIAN_POINT ( 'NONE',  ( 0.1000000000000000056, -1.164257117826806853, 2.159012662314247155 ) ) ;
#2178 = CARTESIAN_POINT ( 'NONE',  ( 0.1500000000000000500, -1.182590406011901463, 3.582692553242340150 ) ) ;
#2179 = FACE_BOUND ( 'NONE', #4749, .T. ) ;
#2180 = ADVANCED_FACE ( 'NONE', ( #1802 ), #3028, .F. ) ;
#2181 = CARTESIAN_POINT ( 'NONE',  ( 0.1000000000000000194, -1.116707940057224846, 2.188707224753443814 ) ) ;
#2182 = VECTOR ( 'NONE', #2882, 39.37007874015748143 ) ;
#2183 = CARTESIAN_POINT ( 'NONE',  ( 0.09999999999999997780, -1.077403846153845990, 3.356862379807692420 ) ) ;
#2184 = CARTESIAN_POINT ( 'NONE',  ( 0.1000000000000000056, -1.007692307692307887, 2.539269230769230390 ) ) ;
#2185 = VERTEX_POINT ( 'NONE', #5926 ) ;
#2186 = CARTESIAN_POINT ( 'NONE',  ( 0.1000000000000000056, -1.113686899038461409, 3.409897235576923258 ) ) ;
#2187 = CARTESIAN_POINT ( 'NONE',  ( 0.1499999999999999944, -1.178692023610732997, 3.201647725726953553 ) ) ;
#2188 = CARTESIAN_POINT ( 'NONE',  ( 0.1499999999999999944, -1.069420394483568959, 2.853386456876225719 ) ) ;
#2189 = ORIENTED_EDGE ( 'NONE', *, *, #1777, .T. ) ;
#2190 = CARTESIAN_POINT ( 'NONE',  ( 0.1000000000000000056, 3.649999999999998579, 1.074999999999999734 ) ) ;
#2191 = ORIENTED_EDGE ( 'NONE', *, *, #7234, .T. ) ;
#2192 = CARTESIAN_POINT ( 'NONE',  ( 0.1500000000000000500, -1.122400841346153699, 2.176521334134615238 ) ) ;
#2193 = CARTESIAN_POINT ( 'NONE',  ( 0.1499999999999999667, -1.113691010633384604, 2.988720385714677352 ) ) ;
#2194 = EDGE_CURVE ( 'NONE', #6993, #5912, #6473, .T. ) ;
#2195 = LINE ( 'NONE', #6364, #2987 ) ;
#2196 = CARTESIAN_POINT ( 'NONE',  ( 0.1499999999999999944, -1.169696534169219371, 3.703571744536456212 ) ) ;
#2197 = CARTESIAN_POINT ( 'NONE',  ( 0.1499999999999999944, -1.085920158614494424, 3.327964086706681979 ) ) ;
#2198 = CARTESIAN_POINT ( 'NONE',  ( 0.1000000000000000056, -1.170861110298217156, 2.306546358037838473 ) ) ;
#2199 = EDGE_CURVE ( 'NONE', #4377, #2657, #86, .T. ) ;
#2200 = VERTEX_POINT ( 'NONE', #5817 ) ;
#2201 = CARTESIAN_POINT ( 'NONE',  ( 0.09999999999999997780, -1.197160339806581097, 2.414465816851776303 ) ) ;
#2202 = EDGE_CURVE ( 'NONE', #100, #6520, #5399, .T. ) ;
#2203 = CARTESIAN_POINT ( 'NONE',  ( 0.09999999999999996392, -1.130112435852920205, 3.314283528520284516 ) ) ;
#2204 = CARTESIAN_POINT ( 'NONE',  ( 0.1499999999999999944, -1.078815376538706294, 3.370330227501393772 ) ) ;
#2205 = ORIENTED_EDGE ( 'NONE', *, *, #1552, .T. ) ;
#2206 = CARTESIAN_POINT ( 'NONE',  ( 0.1499999999999999944, -1.158571213942307665, 3.189554687499999819 ) ) ;
#2207 = EDGE_LOOP ( 'NONE', ( #3182, #5717, #1757, #7369 ) ) ;
#2208 = ORIENTED_EDGE ( 'NONE', *, *, #3044, .T. ) ;
#2209 = EDGE_LOOP ( 'NONE', ( #6852, #1996, #412, #6947 ) ) ;
#2210 = CARTESIAN_POINT ( 'NONE',  ( 0.1499999999999999944, -1.154326923076923084, 3.532658653846153740 ) ) ;
#2211 = CARTESIAN_POINT ( 'NONE',  ( 0.1000000000000000056, -1.199306044124080595, 3.168203467736586010 ) ) ;
#2212 = CARTESIAN_POINT ( 'NONE',  ( 0.1499999999999999944, -1.105601576588414625, 2.433839569205985764 ) ) ;
#2213 = CARTESIAN_POINT ( 'NONE',  ( 0.1000000000000000056, -1.158593863601214524, 2.321505116543374214 ) ) ;
#2214 = CARTESIAN_POINT ( 'NONE',  ( 0.1000000000000000056, -1.163529146634615152, 2.158980769230768981 ) ) ;
#2215 = CARTESIAN_POINT ( 'NONE',  ( 0.1000000000000000056, -1.182590406011901463, 3.582692553242340150 ) ) ;
#2216 = ORIENTED_EDGE ( 'NONE', *, *, #891, .F. ) ;
#2217 = CARTESIAN_POINT ( 'NONE',  ( 0.09999999999999997780, -1.184816570101872690, 3.085832646673598134 ) ) ;
#2218 = B_SPLINE_CURVE_WITH_KNOTS ( 'NONE', 3,
 ( #3311, #5643, #5347, #67, #4078, #6374, #6945, #7093, #5307, #1859, #2928 ),
 .UNSPECIFIED., .F., .F.,
 ( 4, 1, 1, 1, 1, 1, 1, 1, 4 ),
 ( 0.000000000000000000, 0.08004472606907349352, 0.1710365632387450818, 0.2760692288488402757, 0.3940043179331207401, 0.5246528648165079689, 0.6687187318884484366, 0.8275124186385286462, 1.000000000000000000 ),
 .UNSPECIFIED. ) ;
#2219 = DIRECTION ( 'NONE',  ( 0.000000000000000000, 0.000000000000000000, -1.000000000000000000 ) ) ;
#2220 = CARTESIAN_POINT ( 'NONE',  ( 0.000000000000000000, -1.375000000000000444, 2.249999999999999556 ) ) ;
#2221 = CARTESIAN_POINT ( 'NONE',  ( 0.1000000000000000472, -1.090815388288551624, 2.851939591611597713 ) ) ;
#2222 = ORIENTED_EDGE ( 'NONE', *, *, #6956, .T. ) ;
#2223 = CARTESIAN_POINT ( 'NONE',  ( 0.1000000000000000472, -1.119861295937956580, 3.411216837526592105 ) ) ;
#2224 = DIRECTION ( 'NONE',  ( 0.000000000000000000, 0.000000000000000000, -1.000000000000000000 ) ) ;
#2225 = AXIS2_PLACEMENT_3D ( 'NONE', #7211, #5955, #4312 ) ;
#2226 = LINE ( 'NONE', #6886, #4979 ) ;
#2227 = CARTESIAN_POINT ( 'NONE',  ( 0.1000000000000000056, -1.062980769230769118, 3.067634615384615238 ) ) ;
#2228 = EDGE_LOOP ( 'NONE', ( #5900, #3337, #3927, #4881 ) ) ;
#2229 = DIRECTION ( 'NONE',  ( 0.000000000000000000, 0.000000000000000000, 1.000000000000000000 ) ) ;
#2230 = CARTESIAN_POINT ( 'NONE',  ( 0.1000000000000000056, -1.077764909350671374, 3.349123319511083441 ) ) ;
#2231 = CARTESIAN_POINT ( 'NONE',  ( 0.1499999999999999944, -1.162330837703748454, 2.159053859810401210 ) ) ;
#2232 = CARTESIAN_POINT ( 'NONE',  ( 0.09999999999999997780, -1.201692982575263802, 3.644248544846650173 ) ) ;
#2233 = CARTESIAN_POINT ( 'NONE',  ( 0.09999999999999999167, -1.168329849721998270, 3.672831035378948172 ) ) ;
#2234 = CARTESIAN_POINT ( 'NONE',  ( 0.1499999999999999667, -1.181777970620216944, 2.927319678846814099 ) ) ;
#2235 = B_SPLINE_SURFACE_WITH_KNOTS ( 'NONE', 3, 1, ( 
 ( #4773, #5919 ),
 ( #3021, #5356 ),
 ( #3628, #2447 ),
 ( #4050, #5958 ),
 ( #725, #5392 ),
 ( #1149, #3475 ),
 ( #870, #913 ),
 ( #5571, #3198 ),
 ( #2518, #3163 ),
 ( #2665, #5532 ),
 ( #222, #259 ) ),
 .UNSPECIFIED., .F., .F., .F.,
 ( 4, 1, 1, 1, 1, 1, 1, 1, 4 ),
 ( 2, 2 ),
 ( 0.000000000000000000, 0.1408266934025065309, 0.2748450662620874896, 0.4057570698113951990, 0.5382688720745457678, 0.6652654184795260273, 0.7802288004072153171, 0.8899063627355107142, 1.000000000000000000 ),
 ( 0.000000000000000000, 1.000000000000000000 ),
 .UNSPECIFIED. ) ;
#2236 = DIRECTION ( 'NONE',  ( -1.000000000000000000, -0.000000000000000000, -0.000000000000000000 ) ) ;
#2237 = CARTESIAN_POINT ( 'NONE',  ( 0.1499999999999999667, -1.183690426603290380, 2.399001444536210226 ) ) ;
#2238 = CARTESIAN_POINT ( 'NONE',  ( 0.1500000000000000500, -1.085392668201099475, 2.315150694853372659 ) ) ;
#2239 = ORIENTED_EDGE ( 'NONE', *, *, #1131, .T. ) ;
#2240 = CARTESIAN_POINT ( 'NONE',  ( 0.1500000000000000777, -1.151576213839881957, 2.460303764538071647 ) ) ;
#2241 = CARTESIAN_POINT ( 'NONE',  ( 0.1499999999999999944, -1.146018965947703361, 3.191879188172347614 ) ) ;
#2242 = CARTESIAN_POINT ( 'NONE',  ( 0.1500000000000000500, -1.114657412218686305, 3.707270897483709859 ) ) ;
#2243 = CARTESIAN_POINT ( 'NONE',  ( 0.1499999999999999944, -1.077429075495302202, 3.358403640283518676 ) ) ;
#2244 = ORIENTED_EDGE ( 'NONE', *, *, #7476, .T. ) ;
#2245 = CARTESIAN_POINT ( 'NONE',  ( 0.1499999999999999944, -1.199999999999999956, 3.292634615384615326 ) ) ;
#2246 = ORIENTED_EDGE ( 'NONE', *, *, #572, .T. ) ;
#2247 = ADVANCED_FACE ( 'NONE', ( #5364 ), #654, .T. ) ;
#2248 = ADVANCED_FACE ( 'NONE', ( #3525 ), #3073, .T. ) ;
#2249 = ORIENTED_EDGE ( 'NONE', *, *, #4068, .F. ) ;
#2250 = CARTESIAN_POINT ( 'NONE',  ( 0.1500000000000000500, -1.143001592066456018, 3.089680486214160471 ) ) ;
#2251 = CARTESIAN_POINT ( 'NONE',  ( 0.1000000000000000056, -1.171153846153845546, 2.222682692307691887 ) ) ;
#2252 = CARTESIAN_POINT ( 'NONE',  ( 0.1500000000000000500, -1.185952287271729189, 2.322044381378422173 ) ) ;
#2253 = CIRCLE ( 'NONE', #5909, 0.1000000000000000194 ) ;
#2254 = CARTESIAN_POINT ( 'NONE',  ( 0.1500000000000000777, -1.185361085980677132, 2.183069656861727825 ) ) ;
#2255 = VERTEX_POINT ( 'NONE', #1385 ) ;
#2256 = ADVANCED_FACE ( 'NONE', ( #4248 ), #4357, .F. ) ;
#2257 = ORIENTED_EDGE ( 'NONE', *, *, #3264, .F. ) ;
#2258 = AXIS2_PLACEMENT_3D ( 'NONE', #2678, #4435, #1536 ) ;
#2259 = FACE_BOUND ( 'NONE', #1063, .T. ) ;
#2260 = CARTESIAN_POINT ( 'NONE',  ( 0.1000000000000000194, -1.203707894424064895, 3.631384309884189587 ) ) ;
#2261 = LINE ( 'NONE', #1685, #5910 ) ;
#2262 = CARTESIAN_POINT ( 'NONE',  ( 0.1000000000000000056, -1.099516396798791984, 2.841939358189642384 ) ) ;
#2263 = ORIENTED_EDGE ( 'NONE', *, *, #4803, .T. ) ;
#2264 = CARTESIAN_POINT ( 'NONE',  ( 0.1000000000000000056, -1.182054364398703372, 2.172278046329075174 ) ) ;
#2265 = CARTESIAN_POINT ( 'NONE',  ( 0.1000000000000000472, -1.159652094063373218, 2.985329923976476785 ) ) ;
#2266 = CARTESIAN_POINT ( 'NONE',  ( 0.1500000000000000500, -1.087545072115384759, 2.313029747596154095 ) ) ;
#2267 = CARTESIAN_POINT ( 'NONE',  ( 0.1000000000000000056, -1.148703076591570005, 3.068681503650864784 ) ) ;
#2268 = ORIENTED_EDGE ( 'NONE', *, *, #5138, .F. ) ;
#2269 = DIRECTION ( 'NONE',  ( 0.000000000000000000, -0.7546506495888221089, -0.6561268147813872353 ) ) ;
#2270 = CARTESIAN_POINT ( 'NONE',  ( 0.1500000000000000500, -1.123217789823552026, 2.174689167610533769 ) ) ;
#2271 = CARTESIAN_POINT ( 'NONE',  ( 0.000000000000000000, 3.114921874281840974, 5.377800121357297236 ) ) ;
#2272 = CARTESIAN_POINT ( 'NONE',  ( 0.1499999999999999944, -1.172017728365384537, 3.701341045673076646 ) ) ;
#2273 = CARTESIAN_POINT ( 'NONE',  ( 0.09999999999999997780, -1.185576923076922862, 3.610145132211538321 ) ) ;
#2274 = CARTESIAN_POINT ( 'NONE',  ( 0.1000000000000000056, -1.199999999999999734, 2.539269230769230390 ) ) ;
#2275 = CARTESIAN_POINT ( 'NONE',  ( 0.09999999999999999167, -1.105445471455968054, 2.203781670436231188 ) ) ;
#2276 = CARTESIAN_POINT ( 'NONE',  ( 0.1499999999999999944, -1.199999999999999956, 2.747442307692307573 ) ) ;
#2277 = CIRCLE ( 'NONE', #2631, 0.06496063000000093512 ) ;
#2278 = CARTESIAN_POINT ( 'NONE',  ( 0.1000000000000000194, -1.090680317993826032, 2.154557239750859221 ) ) ;
#2279 = ORIENTED_EDGE ( 'NONE', *, *, #6244, .F. ) ;
#2280 = CARTESIAN_POINT ( 'NONE',  ( 0.09999999999999997780, -1.131865985576923084, 2.463307692307691976 ) ) ;
#2281 = CARTESIAN_POINT ( 'NONE',  ( 0.1499999999999999944, -1.161651023914449077, 3.540659745265647640 ) ) ;
#2282 = CARTESIAN_POINT ( 'NONE',  ( 0.1499999999999999944, -1.172986892894512412, 3.665234053457691488 ) ) ;
#2283 = B_SPLINE_CURVE_WITH_KNOTS ( 'NONE', 3,
 ( #1776, #5411, #3046, #101, #5263, #4828, #2354, #4721, #2433, #6446, #7015, #598, #4223, #2391, #3613, #4112, #3005, #7090, #1209, #1819, #2965, #3575, #5377, #1932, #709, #2925, #4263 ),
 .UNSPECIFIED., .F., .F.,
 ( 4, 1, 1, 1, 1, 1, 1, 1, 1, 1, 1, 1, 1, 1, 1, 1, 1, 1, 1, 1, 1, 1, 1, 1, 4 ),
 ( 0.000000000000000000, 0.04257013679151460533, 0.08385147140240116481, 0.1243113993852064253, 0.1640778821857784842, 0.2030336969946205383, 0.2417160649264094296, 0.2801746178575147406, 0.3182387479490711435, 0.3557733732016170047, 0.3925733542262236919, 0.4282062407525394909, 0.4633785363532778034, 0.4983081923023747750, 0.5329363127865078820, 0.5672546594625550442, 0.6021641719611069421, 0.6386570448822840307, 0.6786911673781574894, 0.7218861081383682876, 0.7692972202450315544, 0.8208861075257907203, 0.8761864819233986523, 0.9359772775904320330, 1.000000000000000000 ),
 .UNSPECIFIED. ) ;
#2284 = CARTESIAN_POINT ( 'NONE',  ( 0.09999999999999993616, -1.204783472953614876, 3.608253687530998288 ) ) ;
#2285 = CARTESIAN_POINT ( 'NONE',  ( 0.1499999999999999944, -1.079387824257850959, 2.172533950245761236 ) ) ;
#2286 = ORIENTED_EDGE ( 'NONE', *, *, #1945, .F. ) ;
#2287 = ORIENTED_EDGE ( 'NONE', *, *, #5582, .T. ) ;
#2288 = CARTESIAN_POINT ( 'NONE',  ( 0.09999999999999999167, -1.030300124702215658, 3.533195359244150513 ) ) ;
#2289 = CARTESIAN_POINT ( 'NONE',  ( 0.1000000000000000194, -1.077572744230319568, 2.188486946316486659 ) ) ;
#2291 = ADVANCED_FACE ( 'NONE', ( #4891 ), #3172, .F. ) ;
#2290 = CARTESIAN_POINT ( 'NONE',  ( 0.1499999999999999944, -1.184269752034732059, 3.630191923431508982 ) ) ;
#2292 = FACE_OUTER_BOUND ( 'NONE', #683, .T. ) ;
#2293 = ORIENTED_EDGE ( 'NONE', *, *, #4392, .T. ) ;
#2294 = VERTEX_POINT ( 'NONE', #5584 ) ;
#2295 = CARTESIAN_POINT ( 'NONE',  ( 0.000000000000000000, -0.6499999999999993561, 1.074999999999999734 ) ) ;
#2296 = CARTESIAN_POINT ( 'NONE',  ( 0.1000000000000000194, -1.204312517500184088, 3.624676724482764012 ) ) ;
#2297 = VECTOR ( 'NONE', #3624, 39.37007874015748143 ) ;
#2298 = CARTESIAN_POINT ( 'NONE',  ( 0.1499999999999999944, -1.101194866394612726, 2.958824489271616898 ) ) ;
#2299 = AXIS2_PLACEMENT_3D ( 'NONE', #1617, #5052, #4513 ) ;
#2300 = CARTESIAN_POINT ( 'NONE',  ( 0.1000000000000000056, -1.078758609202610463, 2.881976275826878986 ) ) ;
#2301 = ORIENTED_EDGE ( 'NONE', *, *, #7192, .F. ) ;
#2302 = CARTESIAN_POINT ( 'NONE',  ( 0.1000000000000000056, -1.162815504807692246, 2.137346153846154007 ) ) ;
#2303 = CARTESIAN_POINT ( 'NONE',  ( 0.1000000000000000056, -1.197469874242589771, 2.936619001602710277 ) ) ;
#2304 = DIMENSIONAL_EXPONENTS ( 1.000000000000000000, 0.000000000000000000, 0.000000000000000000, 0.000000000000000000, 0.000000000000000000, 0.000000000000000000, 0.000000000000000000 ) ;
#2305 = CARTESIAN_POINT ( 'NONE',  ( 0.1500000000000000500, -1.163978560263227768, 3.072088582462217055 ) ) ;
#2307 = B_SPLINE_CURVE_WITH_KNOTS ( 'NONE', 3,
 ( #288, #7324, #907, #6679, #3769, #832, #3160, #6718, #6026, #1941, #7246, #2083, #4381, #3234, #3846, #6178, #7175, #2011, #4272 ),
 .UNSPECIFIED., .F., .F.,
 ( 4, 1, 1, 1, 1, 1, 1, 1, 1, 1, 1, 1, 1, 1, 1, 1, 4 ),
 ( 0.000000000000000000, 0.05811581016691121093, 0.1164460725150090054, 0.1747113357836440339, 0.2333633948781232981, 0.2925090461401750885, 0.3522347601666270256, 0.4129282313896291412, 0.4747714597949758142, 0.5371517567132719773, 0.6001306581463299317, 0.6639998652573253501, 0.7285732489498654152, 0.7946331310538622406, 0.8616610674295327454, 0.9298430951857467042, 1.000000000000000000 ),
 .UNSPECIFIED. ) ;
#2306 = CYLINDRICAL_SURFACE ( 'NONE', #3391, 0.06496062999999985266 ) ;
#2308 = CARTESIAN_POINT ( 'NONE',  ( 0.1500000000000000500, -1.060657759323878180, 2.905505271532923484 ) ) ;
#2309 = CARTESIAN_POINT ( 'NONE',  ( 0.1499999999999999944, -1.062980769230769118, 2.627249999999999641 ) ) ;
#2310 = LINE ( 'NONE', #2347, #174 ) ;
#2311 = CARTESIAN_POINT ( 'NONE',  ( 0.000000000000000000, 1.500000000000000444, 2.899999999999999467 ) ) ;
#2312 = CARTESIAN_POINT ( 'NONE',  ( 0.1499999999999999944, -1.082553014272638947, 3.333046135444496905 ) ) ;
#2313 = EDGE_CURVE ( 'NONE', #4912, #1723, #268, .T. ) ;
#2314 = CARTESIAN_POINT ( 'NONE',  ( 0.09999999999999996392, -1.083028812387790252, 2.164846435624326659 ) ) ;
#2315 = CARTESIAN_POINT ( 'NONE',  ( 0.1499999999999999944, -1.142670166332801385, 3.192132424585499173 ) ) ;
#2316 = VERTEX_POINT ( 'NONE', #6039 ) ;
#2317 = CARTESIAN_POINT ( 'NONE',  ( 0.1499999999999999944, -1.199999999999999956, 2.560903846153845809 ) ) ;
#2318 = FACE_OUTER_BOUND ( 'NONE', #3350, .T. ) ;
#2319 = CARTESIAN_POINT ( 'NONE',  ( 0.1500000000000000500, -1.185414892162308442, 3.620314449925289058 ) ) ;
#2320 = CARTESIAN_POINT ( 'NONE',  ( 0.09999999999999993616, -1.165482271634615374, 3.515230769230769159 ) ) ;
#2321 = CARTESIAN_POINT ( 'NONE',  ( 0.1499999999999999944, -1.157068906625972282, 2.137594843159888125 ) ) ;
#2322 = ORIENTED_EDGE ( 'NONE', *, *, #1308, .F. ) ;
#2323 = CARTESIAN_POINT ( 'NONE',  ( 0.1000000000000000056, 0.5000000000000014433, 0.1249999999999994865 ) ) ;
#2324 = CARTESIAN_POINT ( 'NONE',  ( 0.1500000000000000777, -1.185122019393631820, 3.598829838476649279 ) ) ;
#2325 = CARTESIAN_POINT ( 'NONE',  ( 0.1500000000000000500, -1.137572405939672349, 3.700756085735394940 ) ) ;
#2326 = FACE_OUTER_BOUND ( 'NONE', #4332, .T. ) ;
#2327 = ORIENTED_EDGE ( 'NONE', *, *, #189, .T. ) ;
#2328 = EDGE_LOOP ( 'NONE', ( #6883, #5391 ) ) ;
#2329 = CARTESIAN_POINT ( 'NONE',  ( 0.1499999999999999944, -1.077403846153845990, 2.899801081730768892 ) ) ;
#2330 = CARTESIAN_POINT ( 'NONE',  ( 0.1499999999999999944, -1.144184599388208934, 3.412820771475199244 ) ) ;
#2331 = EDGE_CURVE ( 'NONE', #296, #5492, #1424, .T. ) ;
#2332 = CARTESIAN_POINT ( 'NONE',  ( 0.1000000000000000194, -1.070933907784116235, 2.333995849886510765 ) ) ;
#2333 = CARTESIAN_POINT ( 'NONE',  ( 0.1499999999999999944, -1.096521935096153699, 2.228692307692307750 ) ) ;
#2334 = VERTEX_POINT ( 'NONE', #2597 ) ;
#2335 = CARTESIAN_POINT ( 'NONE',  ( 0.1499999999999999944, -1.143205543421371928, 2.144180604335526485 ) ) ;
#2336 = CARTESIAN_POINT ( 'NONE',  ( 0.1000000000000000472, -1.171518527868579351, 2.977154535421730586 ) ) ;
#2337 = PRODUCT_DEFINITION ( 'UNKNOWN', '', #7036, #3039 ) ;
#2338 = FACE_OUTER_BOUND ( 'NONE', #1525, .T. ) ;
#2339 = ADVANCED_FACE ( 'NONE', ( #846 ), #873, .T. ) ;
#2340 = CARTESIAN_POINT ( 'NONE',  ( 0.1499999999999999944, -1.128448016826923084, 3.214269230769230656 ) ) ;
#2341 = CARTESIAN_POINT ( 'NONE',  ( 0.1500000000000000500, -1.194152788647731445, 2.855265751399146179 ) ) ;
#2342 = EDGE_CURVE ( 'NONE', #769, #6596, #3827, .T. ) ;
#2343 = CARTESIAN_POINT ( 'NONE',  ( 0.1499999999999999944, -1.175537691537233087, 3.077843644022821401 ) ) ;
#2344 = CARTESIAN_POINT ( 'NONE',  ( 0.1500000000000000500, -1.060657759323878180, 2.905505271532923484 ) ) ;
#2345 = CARTESIAN_POINT ( 'NONE',  ( 0.1000000000000000056, -1.185156127508191215, 3.131990703293080269 ) ) ;
#2346 = CARTESIAN_POINT ( 'NONE',  ( 0.1499999999999999944, -1.078673182629916294, 2.192792040214974758 ) ) ;
#2347 = CARTESIAN_POINT ( 'NONE',  ( 0.1499999999999999944, -1.150458233173076827, 2.164802584134615238 ) ) ;
#2348 = CARTESIAN_POINT ( 'NONE',  ( 0.1000000000000000056, -1.167422764080144892, 2.953012454929976549 ) ) ;
#2349 = CARTESIAN_POINT ( 'NONE',  ( 0.1500000000000000500, -1.118407511813543032, 2.220091592921168644 ) ) ;
#2350 = CARTESIAN_POINT ( 'NONE',  ( 0.09999999999999997780, -1.060576923076922862, 2.379623798076922814 ) ) ;
#2351 = ORIENTED_EDGE ( 'NONE', *, *, #4399, .F. ) ;
#2352 = DIRECTION ( 'NONE',  ( -1.000000000000000000, -0.000000000000000000, -0.000000000000000000 ) ) ;
#2353 = VERTEX_POINT ( 'NONE', #1952 ) ;
#2354 = CARTESIAN_POINT ( 'NONE',  ( 0.1499999999999999667, -1.063532375814794095, 3.331165563758764048 ) ) ;
#2355 = CARTESIAN_POINT ( 'NONE',  ( 0.1499999999999999944, -1.184662373177776340, 3.127869148369297303 ) ) ;
#2356 = LINE ( 'NONE', #2394, #2779 ) ;
#2357 = CARTESIAN_POINT ( 'NONE',  ( 0.1500000000000000500, -1.185725327661087514, 3.538833869843836855 ) ) ;
#2358 = CARTESIAN_POINT ( 'NONE',  ( 0.1500000000000000500, -1.124674694033172218, 2.212847097339133207 ) ) ;
#2359 = VERTEX_POINT ( 'NONE', #3601 ) ;
#2360 = LINE ( 'NONE', #5233, #5328 ) ;
#2361 = CARTESIAN_POINT ( 'NONE',  ( 0.1499999999999999944, -1.161651023914449077, 3.540659745265647640 ) ) ;
#2362 = DIRECTION ( 'NONE',  ( -1.000000000000000000, -0.000000000000000000, -0.000000000000000000 ) ) ;
#2363 = DIRECTION ( 'NONE',  ( 1.000000000000000000, 1.046964173919148378E-14, 1.124055130734906425E-14 ) ) ;
#2364 = VERTEX_POINT ( 'NONE', #5927 ) ;
#2365 = VERTEX_POINT ( 'NONE', #656 ) ;
#2366 = CARTESIAN_POINT ( 'NONE',  ( 0.1499999999999999944, -1.199999999999999956, 2.560903846153845809 ) ) ;
#2367 = LINE ( 'NONE', #3553, #3156 ) ;
#2368 = CARTESIAN_POINT ( 'NONE',  ( 0.1000000000000000056, -1.185576923076922862, 2.381126201923076557 ) ) ;
#2369 = AXIS2_PLACEMENT_3D ( 'NONE', #2450, #1875, #1456 ) ;
#2370 = VERTEX_POINT ( 'NONE', #2417 ) ;
#2371 = CARTESIAN_POINT ( 'NONE',  ( 0.09999999999999999167, -1.079189205149911013, 2.223847190648313266 ) ) ;
#2372 = CARTESIAN_POINT ( 'NONE',  ( 0.09999999999999997780, -1.063532375814794095, 3.331165563758764048 ) ) ;
#2373 = CARTESIAN_POINT ( 'NONE',  ( 0.09999999999999996392, -1.026923076923076827, 3.611497295673076646 ) ) ;
#2374 = CARTESIAN_POINT ( 'NONE',  ( 0.1499999999999999944, -1.199999999999999956, 2.725807692307692154 ) ) ;
#2375 = CARTESIAN_POINT ( 'NONE',  ( 0.09999999999999997780, -1.191996935889984011, 2.850388470103633054 ) ) ;
#2376 = CARTESIAN_POINT ( 'NONE',  ( 0.1000000000000000056, -1.135096153846153699, 2.441673076923077446 ) ) ;
#2377 = ORIENTED_EDGE ( 'NONE', *, *, #6963, .T. ) ;
#2378 = CARTESIAN_POINT ( 'NONE',  ( 0.1499999999999999944, -1.096168954269957307, 2.979647428520512342 ) ) ;
#2379 = CARTESIAN_POINT ( 'NONE',  ( 0.1499999999999999944, -1.060604058731449362, 2.901241820747270772 ) ) ;
#2380 = CARTESIAN_POINT ( 'NONE',  ( 0.1000000000000000611, -1.087927239515195321, 3.325719736934797055 ) ) ;
#2381 = DIRECTION ( 'NONE',  ( 0.000000000000000000, 0.000000000000000000, 1.000000000000000000 ) ) ;
#2382 = EDGE_CURVE ( 'NONE', #2353, #1168, #3137, .T. ) ;
#2383 = LINE ( 'NONE', #1202, #2536 ) ;
#2384 = ADVANCED_FACE ( 'NONE', ( #1386 ), #1271, .T. ) ;
#2385 = DIRECTION ( 'NONE',  ( 0.000000000000000000, -1.000000000000000000, 0.000000000000000000 ) ) ;
#2386 = ADVANCED_FACE ( 'NONE', ( #768 ), #1311, .T. ) ;
#2387 = DIRECTION ( 'NONE',  ( -1.000000000000000000, -0.000000000000000000, -0.000000000000000000 ) ) ;
#2388 = ORIENTED_EDGE ( 'NONE', *, *, #6549, .F. ) ;
#2389 = CARTESIAN_POINT ( 'NONE',  ( 0.1499999999999999944, -1.184662373177776340, 3.127869148369297303 ) ) ;
#2390 = EDGE_LOOP ( 'NONE', ( #5811, #1855, #1292, #3436 ) ) ;
#2391 = CARTESIAN_POINT ( 'NONE',  ( 0.1499999999999999667, -1.077324322521291844, 3.307815930732367793 ) ) ;
#2392 = EDGE_CURVE ( 'NONE', #3572, #2703, #2493, .T. ) ;
#2393 = CARTESIAN_POINT ( 'NONE',  ( 0.1499999999999999944, -1.128398030932586726, 3.192630802736511786 ) ) ;
#2394 = CARTESIAN_POINT ( 'NONE',  ( 0.1499999999999999944, -1.199999999999999956, 3.292634615384615326 ) ) ;
#2395 = CARTESIAN_POINT ( 'NONE',  ( 0.1499999999999999944, -1.170080641797686338, 3.519392132426201858 ) ) ;
#2396 = VECTOR ( 'NONE', #918, 39.37007874015748143 ) ;
#2397 = CARTESIAN_POINT ( 'NONE',  ( 0.1500000000000000500, -1.100938300089356670, 3.707444957456094592 ) ) ;
#2398 = ORIENTED_EDGE ( 'NONE', *, *, #4094, .T. ) ;
#2399 = CARTESIAN_POINT ( 'NONE',  ( 0.1000000000000000194, -1.026864624327727959, 3.538447600373817004 ) ) ;
#2400 = CARTESIAN_POINT ( 'NONE',  ( 0.1500000000000000500, -1.181219259624516127, 3.577548439322519869 ) ) ;
#2401 = CARTESIAN_POINT ( 'NONE',  ( 0.09999999999999996392, -1.180058462206590608, 3.648621981933662273 ) ) ;
#2402 = DIRECTION ( 'NONE',  ( 0.000000000000000000, 0.000000000000000000, -1.000000000000000000 ) ) ;
#2403 = CARTESIAN_POINT ( 'NONE',  ( 0.1499999999999999944, -1.182054364398703372, 2.172278046329075174 ) ) ;
#2404 = ORIENTED_EDGE ( 'NONE', *, *, #5884, .T. ) ;
#2405 = DIRECTION ( 'NONE',  ( -1.000000000000000000, 0.000000000000000000, 0.000000000000000000 ) ) ;
#2406 = EDGE_CURVE ( 'NONE', #3495, #6318, #626, .T. ) ;
#2407 = DIRECTION ( 'NONE',  ( 0.000000000000000000, 0.000000000000000000, 1.000000000000000000 ) ) ;
#2408 = CARTESIAN_POINT ( 'NONE',  ( 0.1000000000000000056, -1.082322091496262795, 2.225647077408097640 ) ) ;
#2409 = ORIENTED_EDGE ( 'NONE', *, *, #848, .F. ) ;
#2410 = ORIENTED_EDGE ( 'NONE', *, *, #1131, .F. ) ;
#2411 = DIRECTION ( 'NONE',  ( -1.000000000000000000, -0.000000000000000000, -0.000000000000000000 ) ) ;
#2412 = LINE ( 'NONE', #2911, #6929 ) ;
#2413 = AXIS2_PLACEMENT_3D ( 'NONE', #4438, #7385, #464 ) ;
#2414 = DIRECTION ( 'NONE',  ( 0.000000000000000000, -0.8854799680339482393, -0.4646775507925878235 ) ) ;
#2415 = CARTESIAN_POINT ( 'NONE',  ( 0.1499999999999999944, -1.181167176972963695, 2.833407711456549016 ) ) ;
#2416 = CIRCLE ( 'NONE', #6691, 0.06496062999999985266 ) ;
#2417 = CARTESIAN_POINT ( 'NONE',  ( 0.1000000000000000056, -1.060576923076922862, 2.184521634615384400 ) ) ;
#2418 = ORIENTED_EDGE ( 'NONE', *, *, #5697, .T. ) ;
#2419 = CARTESIAN_POINT ( 'NONE',  ( 0.1000000000000000611, -1.060837760620723769, 3.360826216291225244 ) ) ;
#2420 = CARTESIAN_POINT ( 'NONE',  ( 0.1000000000000000056, -1.159923377403846212, 3.092536959134615682 ) ) ;
#2421 = VECTOR ( 'NONE', #5621, 39.37007874015748143 ) ;
#2422 = DIRECTION ( 'NONE',  ( 0.000000000000000000, -0.5391052041848829468, -0.8422384334740226075 ) ) ;
#2423 = CARTESIAN_POINT ( 'NONE',  ( 0.1000000000000000056, -1.202403846153846212, 2.187225961538461494 ) ) ;
#2424 = LINE ( 'NONE', #166, #6079 ) ;
#2425 = CARTESIAN_POINT ( 'NONE',  ( 0.1000000000000000056, -1.185576923076922862, 3.140651442307692331 ) ) ;
#2426 = CARTESIAN_POINT ( 'NONE',  ( 0.1499999999999999944, -1.068180144615164417, 2.156481316577143925 ) ) ;
#2427 = B_SPLINE_CURVE_WITH_KNOTS ( 'NONE', 3,
 ( #594, #2278, #4606, #5146, #2314, #6940, #4643, #7011, #1132, #3453, #5613 ),
 .UNSPECIFIED., .F., .F.,
 ( 4, 1, 1, 1, 1, 1, 1, 1, 4 ),
 ( 0.000000000000000000, 0.1488929324118919151, 0.2896281480742958214, 0.4220616280563458944, 0.5470045168687396320, 0.6664223072846980900, 0.7804841758635849835, 0.8915474527161518781, 1.000000000000000000 ),
 .UNSPECIFIED. ) ;
#2428 = EDGE_LOOP ( 'NONE', ( #3281, #2724, #7118, #1208 ) ) ;
#2429 = AXIS2_PLACEMENT_3D ( 'NONE', #7030, #1261, #5847 ) ;
#2430 = CARTESIAN_POINT ( 'NONE',  ( 0.1000000000000000056, -1.167991800156374493, 3.097186518523424414 ) ) ;
#2431 = EDGE_CURVE ( 'NONE', #1508, #6225, #1372, .T. ) ;
#2432 = ORIENTED_EDGE ( 'NONE', *, *, #5035, .T. ) ;
#2433 = CARTESIAN_POINT ( 'NONE',  ( 0.1499999999999999944, -1.066465927490498844, 3.323616284280179300 ) ) ;
#2434 = CARTESIAN_POINT ( 'NONE',  ( 0.1000000000000000056, -1.018535217781101343, 3.667816399711551156 ) ) ;
#2435 = CARTESIAN_POINT ( 'NONE',  ( 0.1499999999999999944, -1.007767258829238566, 3.603527230719247854 ) ) ;
#2436 = CARTESIAN_POINT ( 'NONE',  ( 0.09999999999999993616, -1.170080641797686338, 3.519392132426201858 ) ) ;
#2437 = CARTESIAN_POINT ( 'NONE',  ( 0.1499999999999999944, -1.037482086408714199, 3.660368350222646949 ) ) ;
#2438 = ADVANCED_FACE ( 'NONE', ( #7117 ), #6040, .F. ) ;
#2439 = EDGE_CURVE ( 'NONE', #5866, #1620, #1007, .T. ) ;
#2440 = ORIENTED_EDGE ( 'NONE', *, *, #426, .F. ) ;
#2441 = CARTESIAN_POINT ( 'NONE',  ( 0.1000000000000000056, -1.007692307692307665, 3.611046574519230834 ) ) ;
#2442 = CARTESIAN_POINT ( 'NONE',  ( 0.1499999999999999944, -1.089158637334450175, 2.311607221013593616 ) ) ;
#2443 = CARTESIAN_POINT ( 'NONE',  ( 0.09999999999999996392, -1.151088642221440139, 3.692046928973756970 ) ) ;
#2444 = CARTESIAN_POINT ( 'NONE',  ( 0.1000000000000000056, -1.163529146634615152, 2.158980769230768981 ) ) ;
#2445 = CARTESIAN_POINT ( 'NONE',  ( 0.1500000000000000500, -1.165711982533038205, 2.159076401267139289 ) ) ;
#2446 = ORIENTED_EDGE ( 'NONE', *, *, #6064, .F. ) ;
#2447 = CARTESIAN_POINT ( 'NONE',  ( 0.1000000000000000194, -1.077572744230319568, 2.188486946316486659 ) ) ;
#2448 = CARTESIAN_POINT ( 'NONE',  ( 0.1000000000000000056, -0.6499999999999993561, 1.139960629999999808 ) ) ;
#2449 = CARTESIAN_POINT ( 'NONE',  ( 0.09999999999999997780, -1.183830612824952944, 2.363110252014475332 ) ) ;
#2450 = CARTESIAN_POINT ( 'NONE',  ( 0.000000000000000000, 1.500000000000000444, 3.314960629921259727 ) ) ;
#2451 = CARTESIAN_POINT ( 'NONE',  ( 0.1500000000000000500, -1.183981210804543105, 2.918524594206385103 ) ) ;
#2452 = LINE ( 'NONE', #4780, #6909 ) ;
#2453 = DIRECTION ( 'NONE',  ( 0.000000000000000000, -1.000000000000000000, 0.000000000000000000 ) ) ;
#2454 = CARTESIAN_POINT ( 'NONE',  ( 0.1000000000000000056, -1.185576923076922862, 2.381126201923076557 ) ) ;
#2455 = EDGE_LOOP ( 'NONE', ( #1079, #2782, #555, #2743 ) ) ;
#2456 = CARTESIAN_POINT ( 'NONE',  ( 0.1000000000000000056, -1.067508471536754877, 3.385150477603220409 ) ) ;
#2457 = CARTESIAN_POINT ( 'NONE',  ( 0.1000000000000000194, -1.091011030707931262, 2.824673243251827781 ) ) ;
#2458 = CARTESIAN_POINT ( 'NONE',  ( 0.1499999999999999667, -1.196117614649125693, 2.860335210556075314 ) ) ;
#2459 = B_SPLINE_SURFACE_WITH_KNOTS ( 'NONE', 3, 1, ( 
 ( #6158, #238 ),
 ( #6118, #4932 ),
 ( #4819, #885 ),
 ( #3211, #4895 ),
 ( #7265, #3825 ),
 ( #5587, #1502 ),
 ( #2564, #3673 ),
 ( #1427, #3747 ),
 ( #3139, #4285 ),
 ( #1465, #352 ),
 ( #7154, #7225 ),
 ( #308, #4326 ),
 ( #6006, #770 ),
 ( #1990, #6042 ),
 ( #850, #2026 ),
 ( #3177, #1919 ),
 ( #4251, #4360 ),
 ( #3785, #3103 ),
 ( #6622, #6587 ) ),
 .UNSPECIFIED., .F., .F., .F.,
 ( 4, 1, 1, 1, 1, 1, 1, 1, 1, 1, 1, 1, 1, 1, 1, 1, 4 ),
 ( 2, 2 ),
 ( 0.000000000000000000, 0.05572556535259641508, 0.1108177014802080446, 0.1658192701684362558, 0.2210523949651257147, 0.2777675951584908098, 0.3351017729230191255, 0.3948611179040878993, 0.4560548517212505981, 0.5190375860260039165, 0.5827256078884064383, 0.6482349773349423971, 0.7148701286212969519, 0.7824945017476244713, 0.8526062420939843900, 0.9254548141057890032, 1.000000000000000000 ),
 ( 0.000000000000000000, 1.000000000000000000 ),
 .UNSPECIFIED. ) ;
#2460 = CARTESIAN_POINT ( 'NONE',  ( 0.1000000000000000194, -1.083214380691437384, 3.382764425542026832 ) ) ;
#2461 = CARTESIAN_POINT ( 'NONE',  ( 0.1000000000000000194, -1.060660809542175009, 2.382919520200744046 ) ) ;
#2462 = CARTESIAN_POINT ( 'NONE',  ( 0.1000000000000000056, -1.078515870541516986, 2.141606505365690971 ) ) ;
#2463 = EDGE_LOOP ( 'NONE', ( #5648, #1224, #145, #2404 ) ) ;
#2464 = CARTESIAN_POINT ( 'NONE',  ( 0.09999999999999997780, -1.181639905593623752, 3.116597275389658694 ) ) ;
#2465 = ORIENTED_EDGE ( 'NONE', *, *, #6965, .F. ) ;
#2466 = CARTESIAN_POINT ( 'NONE',  ( 0.1499999999999999944, -1.184216712844567310, 2.882325993736257974 ) ) ;
#2467 = CARTESIAN_POINT ( 'NONE',  ( 0.1499999999999999944, -1.157760246580881613, 3.189802945804851131 ) ) ;
#2468 = FACE_OUTER_BOUND ( 'NONE', #5260, .T. ) ;
#2469 = CALENDAR_DATE ( 2026, 27, 4 ) ;
#2470 = CARTESIAN_POINT ( 'NONE',  ( 0.1000000000000000472, -1.086138286825871102, 2.939438951375608955 ) ) ;
#2471 = ADVANCED_FACE ( 'NONE', ( #4969 ), #3801, .T. ) ;
#2472 = CARTESIAN_POINT ( 'NONE',  ( 0.1499999999999999944, -1.199999999999999956, 2.560903846153845809 ) ) ;
#2473 = EDGE_CURVE ( 'NONE', #2150, #3572, #4893, .T. ) ;
#2474 = ORIENTED_EDGE ( 'NONE', *, *, #5195, .F. ) ;
#2475 = CARTESIAN_POINT ( 'NONE',  ( 0.1000000000000000056, -1.164580829326923084, 2.302250000000000352 ) ) ;
#2476 = CARTESIAN_POINT ( 'NONE',  ( 0.1499999999999999944, -1.060576923076922862, 2.899087439903845986 ) ) ;
#2477 = EDGE_CURVE ( 'NONE', #50, #4841, #2910, .T. ) ;
#2478 = CARTESIAN_POINT ( 'NONE',  ( 0.09999999999999997780, -1.082160330415417038, 3.406587038501546427 ) ) ;
#2479 = CARTESIAN_POINT ( 'NONE',  ( 0.1499999999999999944, -1.200432920248952984, 3.118439308358313511 ) ) ;
#2480 = ORIENTED_EDGE ( 'NONE', *, *, #6732, .F. ) ;
#2481 = EDGE_CURVE ( 'NONE', #6755, #4250, #3329, .T. ) ;
#2482 = EDGE_CURVE ( 'NONE', #4366, #4048, #4009, .T. ) ;
#2483 = LINE ( 'NONE', #5879, #7270 ) ;
#2484 = CARTESIAN_POINT ( 'NONE',  ( 0.09999999999999996392, -1.075319365713363950, 3.700645455519229632 ) ) ;
#2485 = VECTOR ( 'NONE', #5719, 39.37007874015748854 ) ;
#2486 = CARTESIAN_POINT ( 'NONE',  ( 0.1000000000000000056, -1.070769087984033030, 2.216196887884338107 ) ) ;
#2487 = CARTESIAN_POINT ( 'NONE',  ( 0.09999999999999999167, -1.078111463244882051, 2.390248265502603164 ) ) ;
#2488 = EDGE_CURVE ( 'NONE', #2977, #1775, #2718, .T. ) ;
#2489 = CARTESIAN_POINT ( 'NONE',  ( 0.1499999999999999944, -1.161686120591788995, 2.958473706187326080 ) ) ;
#2490 = CARTESIAN_POINT ( 'NONE',  ( 0.1500000000000000777, -1.097588767470898174, 2.305161996539830227 ) ) ;
#2491 = CARTESIAN_POINT ( 'NONE',  ( 0.1000000000000000056, 3.649999999999998579, 1.139960629999999808 ) ) ;
#2492 = VECTOR ( 'NONE', #2877, 39.37007874015748143 ) ;
#2493 = LINE ( 'NONE', #1235, #5630 ) ;
#2494 = VERTEX_POINT ( 'NONE', #2562 ) ;
#2495 = CARTESIAN_POINT ( 'NONE',  ( 0.09999999999999996392, -1.078054745958242799, 2.960955515441695329 ) ) ;
#2496 = FACE_BOUND ( 'NONE', #5586, .T. ) ;
#2497 = CARTESIAN_POINT ( 'NONE',  ( 0.1499999999999999944, -1.191996935889984011, 2.850388470103633054 ) ) ;
#2498 = B_SPLINE_CURVE_WITH_KNOTS ( 'NONE', 3,
 ( #4417, #219, #6607, #3122, #2660, #2549, #3275, #183, #330, #1374, #2514, #2620, #256, #4839, #4952, #4344, #6139, #6101, #1483, #4311, #7288, #946, #5567, #5495, #4992, #4879, #3694 ),
 .UNSPECIFIED., .F., .F.,
 ( 4, 1, 1, 1, 1, 1, 1, 1, 1, 1, 1, 1, 1, 1, 1, 1, 1, 1, 1, 1, 1, 1, 1, 1, 4 ),
 ( 0.000000000000000000, 0.05715598587267781139, 0.1109238145361431949, 0.1614118954911734904, 0.2081279567501172767, 0.2521002977536395129, 0.2926548068901229649, 0.3306481736887603717, 0.3663723653706231209, 0.4005433561440246981, 0.4346442584940426457, 0.4688910165240457451, 0.5032728650408374582, 0.5384444461258025560, 0.5739376735844422539, 0.6105521096672616999, 0.6481246414864629823, 0.6865627716552467064, 0.7266213905085822100, 0.7676925073055638205, 0.8104324210221900415, 0.8549690456661236393, 0.9013778772867508948, 0.9494734308767315278, 0.9999999999999998890 ),
 .UNSPECIFIED. ) ;
#2499 = CARTESIAN_POINT ( 'NONE',  ( 0.1499999999999999944, -1.131114783653845990, 2.970038461538460961 ) ) ;
#2500 = DIRECTION ( 'NONE',  ( 0.000000000000000000, -0.6561268147813872353, 0.7546506495888221089 ) ) ;
#2501 = CARTESIAN_POINT ( 'NONE',  ( 0.1499999999999999944, -1.088859675480769118, 3.412826923076923258 ) ) ;
#2502 = VERTEX_POINT ( 'NONE', #4324 ) ;
#2503 = CARTESIAN_POINT ( 'NONE',  ( 0.1500000000000000500, -1.160872689136466906, 3.092954987762463137 ) ) ;
#2504 = ORIENTED_EDGE ( 'NONE', *, *, #1356, .F. ) ;
#2505 = CARTESIAN_POINT ( 'NONE',  ( 0.1499999999999999944, -1.167279725772868870, 2.845894594016632251 ) ) ;
#2506 = CARTESIAN_POINT ( 'NONE',  ( 0.1000000000000000056, 3.114921874281840974, 5.377800121357297236 ) ) ;
#2507 = LINE ( 'NONE', #4225, #461 ) ;
#2508 = EDGE_CURVE ( 'NONE', #6975, #1370, #3745, .T. ) ;
#2509 = CARTESIAN_POINT ( 'NONE',  ( 0.1499999999999999944, -1.086647662390709090, 2.858695935159168311 ) ) ;
#2510 = FACE_OUTER_BOUND ( 'NONE', #6324, .T. ) ;
#2511 = ORIENTED_EDGE ( 'NONE', *, *, #1214, .T. ) ;
#2512 = CARTESIAN_POINT ( 'NONE',  ( 0.1000000000000000056, -1.150458233173076827, 2.164802584134615238 ) ) ;
#2513 = CARTESIAN_POINT ( 'NONE',  ( 0.1500000000000000500, -1.061558455969479509, 2.882980904448540382 ) ) ;
#2514 = CARTESIAN_POINT ( 'NONE',  ( 0.1000000000000000056, -1.175537691537233087, 3.077843644022821401 ) ) ;
#2515 = CARTESIAN_POINT ( 'NONE',  ( 0.1499999999999999667, -1.194423780488455877, 3.100096828649076652 ) ) ;
#2516 = ORIENTED_EDGE ( 'NONE', *, *, #7016, .T. ) ;
#2517 = VECTOR ( 'NONE', #3380, 39.37007874015748143 ) ;
#2518 = CARTESIAN_POINT ( 'NONE',  ( 0.1499999999999999944, -1.092247384288583367, 2.206831638936722406 ) ) ;
#2519 = CARTESIAN_POINT ( 'NONE',  ( 0.1499999999999999944, -1.095545508231077214, 3.706804137763386464 ) ) ;
#2520 = B_SPLINE_SURFACE_WITH_KNOTS ( 'NONE', 3, 1, ( 
 ( #868, #6102 ),
 ( #3807, #448 ),
 ( #5683, #948 ),
 ( #1522, #4455 ),
 ( #4496, #3277 ),
 ( #5568, #5071 ),
 ( #2699, #7403 ),
 ( #2166, #3921 ),
 ( #6259, #1022 ),
 ( #2777, #5116 ),
 ( #4345, #6681 ) ),
 .UNSPECIFIED., .F., .F., .F.,
 ( 4, 1, 1, 1, 1, 1, 1, 1, 4 ),
 ( 2, 2 ),
 ( 0.000000000000000000, 0.1488929324118919151, 0.2896281480742958214, 0.4220616280563458944, 0.5470045168687396320, 0.6664223072846980900, 0.7804841758635849835, 0.8915474527161518781, 1.000000000000000000 ),
 ( 0.000000000000000000, 1.000000000000000000 ),
 .UNSPECIFIED. ) ;
#2521 = CARTESIAN_POINT ( 'NONE',  ( 0.1000000000000000056, -1.185476656554747654, 2.375053239099890856 ) ) ;
#2522 = CARTESIAN_POINT ( 'NONE',  ( 0.1499999999999999667, -1.084542401740848261, 2.411184526047531307 ) ) ;
#2523 = CARTESIAN_POINT ( 'NONE',  ( 0.1000000000000000056, -1.050663146226080258, 3.710221526852209184 ) ) ;
#2524 = CARTESIAN_POINT ( 'NONE',  ( 0.1000000000000000194, -1.167848703616941153, 2.427863913236012916 ) ) ;
#2525 = CARTESIAN_POINT ( 'NONE',  ( 0.1499999999999999667, -1.136827120110422973, 2.150519000102075307 ) ) ;
#2526 = CARTESIAN_POINT ( 'NONE',  ( 0.1000000000000000056, -1.199592725057075038, 2.167643856989316831 ) ) ;
#2527 = ORIENTED_EDGE ( 'NONE', *, *, #7341, .F. ) ;
#2528 = CARTESIAN_POINT ( 'NONE',  ( 0.1000000000000000056, -1.150458233173076827, 3.412826923076923258 ) ) ;
#2529 = FACE_BOUND ( 'NONE', #1501, .T. ) ;
#2530 = CARTESIAN_POINT ( 'NONE',  ( 0.1499999999999999944, -1.201913535679376199, 2.888397802733161601 ) ) ;
#2531 = LINE ( 'NONE', #1849, #1808 ) ;
#2532 = CARTESIAN_POINT ( 'NONE',  ( 0.1000000000000000056, -1.062980769230769118, 3.067634615384615238 ) ) ;
#2533 = CARTESIAN_POINT ( 'NONE',  ( 0.1000000000000000056, -1.060636949105351334, 2.182665434339372101 ) ) ;
#2534 = ORIENTED_EDGE ( 'NONE', *, *, #4668, .F. ) ;
#2535 = AXIS2_PLACEMENT_3D ( 'NONE', #1886, #7048, #1318 ) ;
#2536 = VECTOR ( 'NONE', #56, 39.37007874015748143 ) ;
#2537 = CARTESIAN_POINT ( 'NONE',  ( 0.09999999999999997780, -1.165432980638106297, 3.095407549514662460 ) ) ;
#2538 = VERTEX_POINT ( 'NONE', #4928 ) ;
#2539 = CARTESIAN_POINT ( 'NONE',  ( 0.09999999999999993616, -1.085928712203993340, 3.301081278535544339 ) ) ;
#2540 = CARTESIAN_POINT ( 'NONE',  ( 0.09999999999999999167, -1.067188058610235579, 3.720813785551380093 ) ) ;
#2541 = LINE ( 'NONE', #4301, #312 ) ;
#2542 = APPROVAL_ROLE ( '' ) ;
#2543 = ADVANCED_FACE ( 'NONE', ( #7263 ), #1722, .F. ) ;
#2544 = CARTESIAN_POINT ( 'NONE',  ( 0.1500000000000000500, -1.079527503722101933, 2.921001042273315917 ) ) ;
#2545 = CARTESIAN_POINT ( 'NONE',  ( 0.1500000000000000500, -1.061725537563277921, 3.691984383323068997 ) ) ;
#2546 = ORIENTED_EDGE ( 'NONE', *, *, #2569, .F. ) ;
#2547 = CARTESIAN_POINT ( 'NONE',  ( 0.1000000000000000056, -1.193660016518127698, 2.155248163234518177 ) ) ;
#2548 = CARTESIAN_POINT ( 'NONE',  ( 0.1499999999999999944, -1.175398535010578671, 3.204100807773900605 ) ) ;
#2549 = CARTESIAN_POINT ( 'NONE',  ( 0.1000000000000000056, -1.154227334764546642, 3.069602680669810457 ) ) ;
#2550 = DIRECTION ( 'NONE',  ( 1.000000000000000000, 0.000000000000000000, 0.000000000000000000 ) ) ;
#2551 = ORIENTED_EDGE ( 'NONE', *, *, #4389, .T. ) ;
#2552 = CARTESIAN_POINT ( 'NONE',  ( 0.1500000000000000500, -1.119403945304282777, 2.462194286118762232 ) ) ;
#2553 = CARTESIAN_POINT ( 'NONE',  ( 0.09999999999999999167, -1.061725537563277921, 3.691984383323068997 ) ) ;
#2554 = CARTESIAN_POINT ( 'NONE',  ( 0.1000000000000000056, -1.161686120591788995, 2.958473706187326080 ) ) ;
#2555 = CARTESIAN_POINT ( 'NONE',  ( 0.09999999999999997780, -1.096688179915393802, 3.296304722738397253 ) ) ;
#2556 = CARTESIAN_POINT ( 'NONE',  ( 0.1000000000000000056, -1.096168954269957307, 2.979647428520512342 ) ) ;
#2557 = CYLINDRICAL_SURFACE ( 'NONE', #830, 0.06496062999999997756 ) ;
#2558 = CARTESIAN_POINT ( 'NONE',  ( 0.09999999999999999167, -1.128398030932586726, 3.192630802736511786 ) ) ;
#2559 = ADVANCED_FACE ( 'NONE', ( #1115 ), #5088, .T. ) ;
#2560 = CARTESIAN_POINT ( 'NONE',  ( 0.09999999999999999167, -1.135096153846153699, 2.441673076923077002 ) ) ;
#2561 = CARTESIAN_POINT ( 'NONE',  ( 0.1000000000000000056, -1.138364584050863382, 2.186270859941963796 ) ) ;
#2562 = CARTESIAN_POINT ( 'NONE',  ( 0.1499999999999999944, -1.096521935096153699, 2.228692307692307750 ) ) ;
#2563 = ORIENTED_EDGE ( 'NONE', *, *, #5660, .T. ) ;
#2564 = CARTESIAN_POINT ( 'NONE',  ( 0.1499999999999999944, -1.172209027004478932, 3.180448463265512782 ) ) ;
#2565 = CARTESIAN_POINT ( 'NONE',  ( 0.09999999999999999167, -1.082402939400909814, 2.350547957540380040 ) ) ;
#2566 = CC_DESIGN_PERSON_AND_ORGANIZATION_ASSIGNMENT ( #3188, #7167, ( #2337 ) ) ;
#2567 = CARTESIAN_POINT ( 'NONE',  ( 0.1499999999999999944, -1.142233824477975945, 2.177874648476851860 ) ) ;
#2568 = LINE ( 'NONE', #241, #4368 ) ;
#2569 = EDGE_CURVE ( 'NONE', #5572, #4664, #6882, .T. ) ;
#2570 = CARTESIAN_POINT ( 'NONE',  ( 0.1500000000000000500, -1.087545072115384759, 2.313029747596154095 ) ) ;
#2571 = EDGE_CURVE ( 'NONE', #3278, #1508, #6388, .T. ) ;
#2572 = LINE ( 'NONE', #6089, #4949 ) ;
#2573 = ORIENTED_EDGE ( 'NONE', *, *, #1458, .F. ) ;
#2574 = ORIENTED_EDGE ( 'NONE', *, *, #2482, .F. ) ;
#2575 = CARTESIAN_POINT ( 'NONE',  ( 0.1499999999999999944, -1.072456723157063863, 3.313484349324619327 ) ) ;
#2576 = CARTESIAN_POINT ( 'NONE',  ( 0.1000000000000000056, -1.118269230769230793, 2.439569711538461583 ) ) ;
#2577 = CARTESIAN_POINT ( 'NONE',  ( 0.1499999999999999944, -1.202259556483449510, 2.910254289085659085 ) ) ;
#2578 = APPROVAL_STATUS ( 'not_yet_approved' ) ;
#2579 = CARTESIAN_POINT ( 'NONE',  ( 0.1499999999999999944, -1.188046034550912511, 2.148276232635609517 ) ) ;
#2580 = CARTESIAN_POINT ( 'NONE',  ( 0.1499999999999999944, -1.162815504807692246, 2.137346153846154007 ) ) ;
#2581 = ORIENTED_EDGE ( 'NONE', *, *, #7333, .T. ) ;
#2582 = CARTESIAN_POINT ( 'NONE',  ( 0.1499999999999999944, -1.183849158653845990, 2.235903846153846075 ) ) ;
#2583 = VECTOR ( 'NONE', #7096, 39.37007874015748143 ) ;
#2584 = LINE ( 'NONE', #3768, #3267 ) ;
#2585 = CARTESIAN_POINT ( 'NONE',  ( 0.09999999999999997780, -1.060664573930548027, 3.355101992767138164 ) ) ;
#2586 = CARTESIAN_POINT ( 'NONE',  ( 0.1499999999999999944, -1.077429075495302202, 3.358403640283518676 ) ) ;
#2587 = ORIENTED_EDGE ( 'NONE', *, *, #2140, .T. ) ;
#2588 = CARTESIAN_POINT ( 'NONE',  ( 0.1499999999999999944, -1.129759106204243135, 2.463251883863838643 ) ) ;
#2589 = CARTESIAN_POINT ( 'NONE',  ( 0.1000000000000000056, 0.5000000000000014433, 0.1899606299999994641 ) ) ;
#2590 = CARTESIAN_POINT ( 'NONE',  ( 0.1499999999999999944, -1.096521935096153699, 2.228692307692307750 ) ) ;
#2591 = CARTESIAN_POINT ( 'NONE',  ( 0.1000000000000000194, -1.132875258926499429, 3.412459780015241417 ) ) ;
#2592 = CARTESIAN_POINT ( 'NONE',  ( 0.1000000000000000056, -1.188104385736823865, 2.231451347046961242 ) ) ;
#2593 = LINE ( 'NONE', #6191, #2421 ) ;
#2594 = B_SPLINE_CURVE_WITH_KNOTS ( 'NONE', 3,
 ( #4830, #7132, #6055, #105, #4336, #5944, #1934, #3721, #5488, #3152, #5346 ),
 .UNSPECIFIED., .F., .F.,
 ( 4, 1, 1, 1, 1, 1, 1, 1, 4 ),
 ( 0.000000000000000000, 0.1786818085746236240, 0.3418099301128444956, 0.4893870156507110214, 0.6227603904090903697, 0.7394757625614090113, 0.8409181487601176119, 0.9284500574352477775, 1.000000000000000000 ),
 .UNSPECIFIED. ) ;
#2595 = CARTESIAN_POINT ( 'NONE',  ( 0.1499999999999999944, -1.153130541873982562, 3.190967774458430828 ) ) ;
#2596 = CARTESIAN_POINT ( 'NONE',  ( 0.1000000000000000194, -1.136903465074733610, 2.441575519885243128 ) ) ;
#2597 = CARTESIAN_POINT ( 'NONE',  ( 0.1499999999999999944, -1.080070612980769118, 2.139749999999999819 ) ) ;
#2598 = DIRECTION ( 'NONE',  ( 0.000000000000000000, 0.6926171340514482022, -0.7213054177103885856 ) ) ;
#2599 = VERTEX_POINT ( 'NONE', #2184 ) ;
#2600 = LINE ( 'NONE', #1389, #6203 ) ;
#2601 = CARTESIAN_POINT ( 'NONE',  ( 0.1000000000000000056, -1.202351043023397903, 3.146729249281240648 ) ) ;
#2602 = CARTESIAN_POINT ( 'NONE',  ( 0.1000000000000000194, -1.091011030707931262, 2.824673243251827781 ) ) ;
#2603 = CARTESIAN_POINT ( 'NONE',  ( 0.1499999999999999667, -1.044588618129838054, 3.548445206937345997 ) ) ;
#2604 = DIRECTION ( 'NONE',  ( 0.000000000000000000, 0.000000000000000000, -1.000000000000000000 ) ) ;
#2605 = VERTEX_POINT ( 'NONE', #6274 ) ;
#2606 = DIRECTION ( 'NONE',  ( 0.000000000000000000, 0.000000000000000000, -1.000000000000000000 ) ) ;
#2607 = ORIENTED_EDGE ( 'NONE', *, *, #6317, .T. ) ;
#2608 = CARTESIAN_POINT ( 'NONE',  ( 0.09999999999999997780, -1.117182925819257822, 3.292988363381718742 ) ) ;
#2609 = CARTESIAN_POINT ( 'NONE',  ( 0.1000000000000000056, 4.375000000000000000, 2.314960630000001185 ) ) ;
#2610 = CARTESIAN_POINT ( 'NONE',  ( 0.1000000000000000056, -1.011629599433808036, 3.575077234566806705 ) ) ;
#2611 = AXIS2_PLACEMENT_3D ( 'NONE', #7417, #1001, #3328 ) ;
#2612 = VECTOR ( 'NONE', #2422, 39.37007874015748143 ) ;
#2613 = ADVANCED_FACE ( 'NONE', ( #5168 ), #7282, .T. ) ;
#2614 = CARTESIAN_POINT ( 'NONE',  ( 0.1000000000000000194, -1.115055963141630579, 2.297586361861134296 ) ) ;
#2615 = CARTESIAN_POINT ( 'NONE',  ( 0.000000000000000000, -1.499999999999999778, 4.000000000000000000 ) ) ;
#2616 = B_SPLINE_CURVE_WITH_KNOTS ( 'NONE', 3,
 ( #4613, #2970, #6982, #525, #6343, #6298, #1782, #4041, #1103, #2853, #6946 ),
 .UNSPECIFIED., .F., .F.,
 ( 4, 1, 1, 1, 1, 1, 1, 1, 4 ),
 ( 0.000000000000000000, 0.1243243740706215794, 0.2468424868914057269, 0.3678573631756446582, 0.4896800117859071988, 0.6123518893167360089, 0.7373468821969901832, 0.8664194267585870746, 1.000000000000000000 ),
 .UNSPECIFIED. ) ;
#2617 = ORIENTED_EDGE ( 'NONE', *, *, #4843, .F. ) ;
#2618 = CARTESIAN_POINT ( 'NONE',  ( 0.1499999999999999944, -1.074801191070375417, 2.431270826026945553 ) ) ;
#2619 = CARTESIAN_POINT ( 'NONE',  ( 0.000000000000000000, 3.649999999999998579, 1.010039369999999659 ) ) ;
#2620 = CARTESIAN_POINT ( 'NONE',  ( 0.09999999999999999167, -1.178818641877707352, 3.080251824531204718 ) ) ;
#2621 = CARTESIAN_POINT ( 'NONE',  ( 0.1500000000000000500, -1.163874367390741016, 2.454706303422261371 ) ) ;
#2622 = ORIENTED_EDGE ( 'NONE', *, *, #5697, .F. ) ;
#2623 = CARTESIAN_POINT ( 'NONE',  ( 0.1000000000000000056, -1.099516396798791984, 2.841939358189642384 ) ) ;
#2624 = EDGE_LOOP ( 'NONE', ( #6475, #427, #6811, #4526 ) ) ;
#2625 = CARTESIAN_POINT ( 'NONE',  ( 0.09999999999999996392, -1.026923076923076827, 3.611497295673076646 ) ) ;
#2626 = CARTESIAN_POINT ( 'NONE',  ( 0.1000000000000000611, -1.152052285321552461, 2.964883075351920194 ) ) ;
#2627 = CARTESIAN_POINT ( 'NONE',  ( 0.1000000000000000194, -1.185253323024007877, 2.234434584823687509 ) ) ;
#2628 = CARTESIAN_POINT ( 'NONE',  ( 0.1000000000000000056, -1.061821084985858699, 2.917969077066482342 ) ) ;
#2629 = FACE_OUTER_BOUND ( 'NONE', #6983, .T. ) ;
#2630 = CARTESIAN_POINT ( 'NONE',  ( 0.1000000000000000056, -1.170855333565271605, 3.553578630204308197 ) ) ;
#2631 = AXIS2_PLACEMENT_3D ( 'NONE', #7196, #2961, #3076 ) ;
#2632 = CARTESIAN_POINT ( 'NONE',  ( 0.1000000000000000056, -1.014527679395395898, 3.657497298267021080 ) ) ;
#2633 = ADVANCED_FACE ( 'NONE', ( #1688 ), #4020, .T. ) ;
#2634 = DIRECTION ( 'NONE',  ( -1.000000000000000000, -0.000000000000000000, -0.000000000000000000 ) ) ;
#2635 = CARTESIAN_POINT ( 'NONE',  ( 0.1499999999999999944, -1.201913535679376199, 2.888397802733161601 ) ) ;
#2636 = DIRECTION ( 'NONE',  ( 0.000000000000000000, -1.000000000000000000, 0.000000000000000000 ) ) ;
#2637 = LOCAL_TIME ( 20, 49, 14.00000000000000000, #7278 ) ;
#2638 = VERTEX_POINT ( 'NONE', #4052 ) ;
#2639 = LINE ( 'NONE', #198, #1440 ) ;
#2640 = CARTESIAN_POINT ( 'NONE',  ( 0.1500000000000000500, -1.181829940173367843, 3.198975665829169479 ) ) ;
#2641 = B_SPLINE_SURFACE_WITH_KNOTS ( 'NONE', 3, 1, ( 
 ( #3814, #1847 ),
 ( #6516, #3243 ),
 ( #1381, #3701 ),
 ( #3604, #3674 ),
 ( #5970, #737 ),
 ( #1347, #7155 ),
 ( #6043, #851 ),
 ( #3071, #811 ),
 ( #1991, #4176 ),
 ( #4859, #2565 ),
 ( #6007, #771 ),
 ( #6588, #3104 ),
 ( #5403, #1955 ),
 ( #3033, #6623 ),
 ( #5440, #1314 ) ),
 .UNSPECIFIED., .F., .F., .F.,
 ( 4, 1, 1, 1, 1, 1, 1, 1, 1, 1, 1, 1, 4 ),
 ( 2, 2 ),
 ( 0.000000000000000000, 0.08826672401854496197, 0.1706376390471093796, 0.2479281137329815421, 0.3219197821450977548, 0.3960917057520620399, 0.4732621463492036051, 0.5548522767893164787, 0.6413406529623613128, 0.7304807719024718482, 0.8191491810115828498, 0.9087794610214180446, 1.000000000000000000 ),
 ( 0.000000000000000000, 1.000000000000000000 ),
 .UNSPECIFIED. ) ;
#2642 = CARTESIAN_POINT ( 'NONE',  ( 0.1499999999999999944, -1.105160757211538503, 3.729173076923076646 ) ) ;
#2643 = CARTESIAN_POINT ( 'NONE',  ( 0.1000000000000000056, -1.080177337408623650, 3.702754587783789297 ) ) ;
#2644 = VERTEX_POINT ( 'NONE', #539 ) ;
#2645 = DIRECTION ( 'NONE',  ( 1.000000000000000000, 0.000000000000000000, 0.000000000000000000 ) ) ;
#2646 = ORIENTED_EDGE ( 'NONE', *, *, #7113, .F. ) ;
#2647 = CARTESIAN_POINT ( 'NONE',  ( 0.1000000000000000056, -1.113686899038461409, 3.409897235576923258 ) ) ;
#2648 = CARTESIAN_POINT ( 'NONE',  ( 0.09999999999999997780, -1.085920158614494424, 3.327964086706681979 ) ) ;
#2649 = LINE ( 'NONE', #6784, #4207 ) ;
#2650 = CARTESIAN_POINT ( 'NONE',  ( 0.1000000000000000056, -1.046905048076922862, 3.515230769230769159 ) ) ;
#2651 = CARTESIAN_POINT ( 'NONE',  ( 0.1000000000000000056, -0.1149218742818414463, 5.377800121357297236 ) ) ;
#2652 = DIRECTION ( 'NONE',  ( 1.000000000000000000, 0.000000000000000000, 0.000000000000000000 ) ) ;
#2653 = VECTOR ( 'NONE', #3189, 39.37007874015748854 ) ;
#2654 = ADVANCED_FACE ( 'NONE', ( #6958 ), #6316, .F. ) ;
#2655 = AXIS2_PLACEMENT_3D ( 'NONE', #3462, #3577, #1779 ) ;
#2656 = VECTOR ( 'NONE', #7051, 39.37007874015748143 ) ;
#2657 = VERTEX_POINT ( 'NONE', #3 ) ;
#2658 = LINE ( 'NONE', #2081, #4975 ) ;
#2659 = CARTESIAN_POINT ( 'NONE',  ( 0.1499999999999999944, -1.099479119765560897, 3.402676757905291449 ) ) ;
#2660 = CARTESIAN_POINT ( 'NONE',  ( 0.1000000000000000194, -1.148703076591570005, 3.068681503650864784 ) ) ;
#2661 = ORIENTED_EDGE ( 'NONE', *, *, #8, .F. ) ;
#2662 = CARTESIAN_POINT ( 'NONE',  ( 0.1499999999999999667, -1.201189854184732564, 2.397872074566071099 ) ) ;
#2663 = ORIENTED_EDGE ( 'NONE', *, *, #3554, .F. ) ;
#2664 = ADVANCED_FACE ( 'NONE', ( #5244 ), #3254, .T. ) ;
#2665 = CARTESIAN_POINT ( 'NONE',  ( 0.1500000000000000500, -1.094644850697069627, 2.206982246139913340 ) ) ;
#2666 = ORIENTED_EDGE ( 'NONE', *, *, #2051, .F. ) ;
#2667 = CARTESIAN_POINT ( 'NONE',  ( 0.1000000000000000056, -1.116033485498254096, 2.317411594354075177 ) ) ;
#2668 = B_SPLINE_CURVE_WITH_KNOTS ( 'NONE', 3,
 ( #6461, #5954, #5315, #148, #1830, #3584, #722, #1901, #2975, #5423, #5876 ),
 .UNSPECIFIED., .F., .F.,
 ( 4, 1, 1, 1, 1, 1, 1, 1, 4 ),
 ( 0.000000000000000000, 0.1115909592455384680, 0.2252180825472880066, 0.3408430680182875649, 0.4609526468821489864, 0.5858740508622470866, 0.7171909122040432960, 0.8544284068832850298, 1.000000000000000000 ),
 .UNSPECIFIED. ) ;
#2669 = DIRECTION ( 'NONE',  ( 0.000000000000000000, 0.000000000000000000, -1.000000000000000000 ) ) ;
#2670 = CARTESIAN_POINT ( 'NONE',  ( 0.1000000000000000056, 4.500000000000000888, 1.999999999999999334 ) ) ;
#2671 = DIRECTION ( 'NONE',  ( 0.000000000000000000, 0.5391052041848829468, 0.8422384334740227185 ) ) ;
#2672 = CARTESIAN_POINT ( 'NONE',  ( 0.1500000000000000500, -1.183849158653845990, 2.235903846153846075 ) ) ;
#2673 = CARTESIAN_POINT ( 'NONE',  ( 0.1500000000000000500, -1.185576923076922862, 2.188991286057692331 ) ) ;
#2674 = CARTESIAN_POINT ( 'NONE',  ( 0.1500000000000000500, -1.185725327661087514, 3.538833869843836855 ) ) ;
#2675 = PLANE ( 'NONE',  #4488 ) ;
#2676 = B_SPLINE_CURVE_WITH_KNOTS ( 'NONE', 3,
 ( #4428, #1609, #6875, #1639, #5620, #3969, #5768, #532, #6268, #455, #1030, #3893, #1677, #494, #1108, #6190, #7376, #6306, #2859 ),
 .UNSPECIFIED., .F., .F.,
 ( 4, 1, 1, 1, 1, 1, 1, 1, 1, 1, 1, 1, 1, 1, 1, 1, 4 ),
 ( 0.000000000000000000, 0.07834356990165890211, 0.1528027826322113092, 0.2238568277576005738, 0.2920567093529400360, 0.3577407080320075816, 0.4218941252671031261, 0.4852579773921034678, 0.5483691438275406504, 0.6102638734052204805, 0.6694841126394881492, 0.7267120057607581174, 0.7823275210663355184, 0.8367781844507921063, 0.8905555215641401956, 0.9449706808902619271, 1.000000000000000000 ),
 .UNSPECIFIED. ) ;
#2677 = CARTESIAN_POINT ( 'NONE',  ( 0.1000000000000000056, -1.128183056823199193, 2.295244823720864247 ) ) ;
#2678 = CARTESIAN_POINT ( 'NONE',  ( 0.1000000000000000056, 1.125984251968504157, 2.999999999999999556 ) ) ;
#2679 = CARTESIAN_POINT ( 'NONE',  ( 0.1000000000000000194, -1.202365146852992117, 2.185484486971273288 ) ) ;
#2680 = VERTEX_POINT ( 'NONE', #6503 ) ;
#2681 = CARTESIAN_POINT ( 'NONE',  ( 0.1000000000000000056, -1.144184599388208934, 3.412820771475199244 ) ) ;
#2682 = CARTESIAN_POINT ( 'NONE',  ( 0.1500000000000000500, -1.187477359022106826, 3.192830447846535691 ) ) ;
#2683 = CARTESIAN_POINT ( 'NONE',  ( 0.1499999999999999944, -1.007777511963990014, 3.615194385434722602 ) ) ;
#2684 = ORIENTED_EDGE ( 'NONE', *, *, #5924, .T. ) ;
#2685 = CARTESIAN_POINT ( 'NONE',  ( 0.1000000000000000611, -1.151373012599688828, 3.090488249985661628 ) ) ;
#2686 = VERTEX_POINT ( 'NONE', #4240 ) ;
#2687 = CARTESIAN_POINT ( 'NONE',  ( 0.1499999999999999944, -1.101128113631446137, 3.295199379323973332 ) ) ;
#2688 = CARTESIAN_POINT ( 'NONE',  ( 0.1499999999999999944, -1.088255317138883571, 2.973025878600771055 ) ) ;
#2689 = DIRECTION ( 'NONE',  ( 0.000000000000000000, 0.000000000000000000, 1.000000000000000000 ) ) ;
#2690 = CARTESIAN_POINT ( 'NONE',  ( 0.1499999999999999944, -1.165123701422912994, 3.707966298351239587 ) ) ;
#2691 = CARTESIAN_POINT ( 'NONE',  ( 0.1500000000000000500, -1.095240848271265666, 3.320208064971420292 ) ) ;
#2692 = CARTESIAN_POINT ( 'NONE',  ( 0.1000000000000000056, -0.1149218742818414463, 5.442760751357297089 ) ) ;
#2693 = AXIS2_PLACEMENT_3D ( 'NONE', #6585, #807, #3562 ) ;
#2694 = ORIENTED_EDGE ( 'NONE', *, *, #3782, .T. ) ;
#2695 = CARTESIAN_POINT ( 'NONE',  ( 0.1499999999999999667, -1.061970468833115300, 2.398763511206339238 ) ) ;
#2696 = CARTESIAN_POINT ( 'NONE',  ( 0.1499999999999999944, -1.202356368328062031, 2.376466839747192417 ) ) ;
#2697 = DIRECTION ( 'NONE',  ( -1.000000000000000000, -0.000000000000000000, -0.000000000000000000 ) ) ;
#2698 = EDGE_LOOP ( 'NONE', ( #1752, #7224 ) ) ;
#2699 = CARTESIAN_POINT ( 'NONE',  ( 0.1499999999999999944, -1.079387824257850959, 2.172533950245761236 ) ) ;
#2700 = ORIENTED_EDGE ( 'NONE', *, *, #3270, .T. ) ;
#2701 = ADVANCED_FACE ( 'NONE', ( #6580 ), #1907, .T. ) ;
#2702 = CARTESIAN_POINT ( 'NONE',  ( 0.1500000000000000500, -1.039263785885439662, 3.557480683993618165 ) ) ;
#2703 = VERTEX_POINT ( 'NONE', #6467 ) ;
#2704 = LINE ( 'NONE', #3494, #6086 ) ;
#2705 = B_SPLINE_SURFACE_WITH_KNOTS ( 'NONE', 3, 1, ( 
 ( #4463, #2096 ),
 ( #3358, #2749 ),
 ( #2711, #5691 ),
 ( #1531, #5039 ),
 ( #5730, #7489 ),
 ( #2252, #2823 ),
 ( #3856, #959 ),
 ( #3287, #6913 ),
 ( #996, #5080 ),
 ( #417, #3323 ),
 ( #6803, #7412 ),
 ( #4504, #6841 ),
 ( #2787, #5124 ),
 ( #4013, #4540 ),
 ( #6419, #7024 ) ),
 .UNSPECIFIED., .F., .F., .F.,
 ( 4, 1, 1, 1, 1, 1, 1, 1, 1, 1, 1, 1, 4 ),
 ( 2, 2 ),
 ( 0.000000000000000000, 0.08571253111447608986, 0.1681352216751776929, 0.2479387330539277456, 0.3258815603871708100, 0.4032100260489439036, 0.4810047710755422368, 0.5599863549605116342, 0.6408835777920902643, 0.7245193525007679325, 0.8118583412765183471, 0.9034010047924178055, 0.9999999999999998890 ),
 ( 0.000000000000000000, 1.000000000000000000 ),
 .UNSPECIFIED. ) ;
#2706 = CARTESIAN_POINT ( 'NONE',  ( 0.1000000000000000472, -1.123992438971129104, 3.727607969547274358 ) ) ;
#2707 = ADVANCED_FACE ( 'NONE', ( #1228 ), #6120, .T. ) ;
#2708 = CARTESIAN_POINT ( 'NONE',  ( 0.1000000000000000056, -1.199999999999999956, 3.434461538461538233 ) ) ;
#2709 = CARTESIAN_POINT ( 'NONE',  ( 0.09999999999999999167, -1.202385995932591101, 3.142805510386172063 ) ) ;
#2710 = CARTESIAN_POINT ( 'NONE',  ( 0.1499999999999999667, -1.137031945182083392, 2.189389849181942349 ) ) ;
#2711 = CARTESIAN_POINT ( 'NONE',  ( 0.1499999999999999944, -1.170861110298217156, 2.306546358037838473 ) ) ;
#2712 = EDGE_CURVE ( 'NONE', #6643, #3905, #3283, .T. ) ;
#2713 = CARTESIAN_POINT ( 'NONE',  ( 0.000000000000000000, -1.375000000000000444, 2.314960629999999853 ) ) ;
#2714 = CARTESIAN_POINT ( 'NONE',  ( 0.1000000000000000056, -1.118269230769230793, 2.439569711538461583 ) ) ;
#2715 = CARTESIAN_POINT ( 'NONE',  ( 0.09999999999999997780, -1.201964721974603911, 3.129145531037006212 ) ) ;
#2716 = ADVANCED_FACE ( 'NONE', ( #7216 ), #2092, .F. ) ;
#2717 = CARTESIAN_POINT ( 'NONE',  ( 0.1000000000000000056, -1.186949187954448703, 2.959220564991341895 ) ) ;
#2718 = LINE ( 'NONE', #1425, #6972 ) ;
#2719 = EDGE_CURVE ( 'NONE', #6708, #2080, #5006, .T. ) ;
#2720 = ORIENTED_EDGE ( 'NONE', *, *, #6258, .T. ) ;
#2721 = CARTESIAN_POINT ( 'NONE',  ( 0.1000000000000000056, -1.028859491775439672, 3.588372367485629599 ) ) ;
#2722 = CARTESIAN_POINT ( 'NONE',  ( 0.09999999999999997780, -1.167962473456259476, 3.208172274687550729 ) ) ;
#2723 = CARTESIAN_POINT ( 'NONE',  ( 0.09999999999999999167, -1.066875418538705267, 2.860186960564071068 ) ) ;
#2724 = ORIENTED_EDGE ( 'NONE', *, *, #4956, .F. ) ;
#2725 = FACE_OUTER_BOUND ( 'NONE', #2856, .T. ) ;
#2726 = VECTOR ( 'NONE', #7480, 39.37007874015748854 ) ;
#2727 = ORIENTED_EDGE ( 'NONE', *, *, #787, .T. ) ;
#2728 = CARTESIAN_POINT ( 'NONE',  ( 0.09999999999999997780, -1.108802751535623576, 2.200644382660770226 ) ) ;
#2729 = CARTESIAN_POINT ( 'NONE',  ( 0.1499999999999999944, -1.131000431455710276, 2.991637460933895820 ) ) ;
#2730 = CARTESIAN_POINT ( 'NONE',  ( 0.09999999999999997780, -1.105160757211538503, 3.729173076923076646 ) ) ;
#2731 = CARTESIAN_POINT ( 'NONE',  ( 0.1000000000000000472, -1.026864624327727959, 3.538447600373817004 ) ) ;
#2732 = CARTESIAN_POINT ( 'NONE',  ( 0.1499999999999999944, -1.135096153846153699, 2.441673076923077002 ) ) ;
#2733 = CARTESIAN_POINT ( 'NONE',  ( 0.1500000000000000500, -1.171495470974021957, 2.423836916485193171 ) ) ;
#2734 = VECTOR ( 'NONE', #1700, 39.37007874015748143 ) ;
#2735 = ORIENTED_EDGE ( 'NONE', *, *, #6549, .T. ) ;
#2736 = FACE_OUTER_BOUND ( 'NONE', #4631, .T. ) ;
#2737 = CYLINDRICAL_SURFACE ( 'NONE', #6443, 0.06496062999999985266 ) ;
#2738 = EDGE_CURVE ( 'NONE', #6499, #4366, #6377, .T. ) ;
#2739 = CARTESIAN_POINT ( 'NONE',  ( 0.1499999999999999944, -1.176489409186554536, 2.311410081294687835 ) ) ;
#2740 = ORIENTED_EDGE ( 'NONE', *, *, #273, .F. ) ;
#2741 = DIRECTION ( 'NONE',  ( 0.000000000000000000, -0.000000000000000000, 1.000000000000000000 ) ) ;
#2742 = ORIENTED_EDGE ( 'NONE', *, *, #3327, .T. ) ;
#2743 = ORIENTED_EDGE ( 'NONE', *, *, #1359, .T. ) ;
#2744 = CARTESIAN_POINT ( 'NONE',  ( 0.1000000000000000194, -1.111711332401578156, 2.318839299666829668 ) ) ;
#2745 = ORIENTED_EDGE ( 'NONE', *, *, #7291, .T. ) ;
#2746 = CARTESIAN_POINT ( 'NONE',  ( 0.1000000000000000194, -1.132442865070772742, 3.089279773013537067 ) ) ;
#2747 = CARTESIAN_POINT ( 'NONE',  ( 0.1000000000000000056, -1.113686899038461409, 3.409897235576923258 ) ) ;
#2748 = CARTESIAN_POINT ( 'NONE',  ( 0.1500000000000000500, -1.182459882209700108, 2.357312416639294028 ) ) ;
#2749 = CARTESIAN_POINT ( 'NONE',  ( 0.1000000000000000056, -1.166701386914075433, 2.303700679464168566 ) ) ;
#2750 = CARTESIAN_POINT ( 'NONE',  ( 0.1500000000000000500, -1.163529146634615152, 2.158980769230768981 ) ) ;
#2751 = CARTESIAN_POINT ( 'NONE',  ( 0.1499999999999999944, -1.191921070229804203, 3.550097308293943321 ) ) ;
#2752 = FACE_BOUND ( 'NONE', #1673, .T. ) ;
#2753 = CARTESIAN_POINT ( 'NONE',  ( 0.1000000000000000472, -1.108278245192307665, 2.201198317307692331 ) ) ;
#2754 = EDGE_CURVE ( 'NONE', #6905, #951, #1102, .T. ) ;
#2755 = CARTESIAN_POINT ( 'NONE',  ( 0.1499999999999999944, -1.092690805288461409, 2.823403846153846430 ) ) ;
#2756 = CARTESIAN_POINT ( 'NONE',  ( 0.1499999999999999944, -1.101442307692307665, 2.840080528846153918 ) ) ;
#2757 = ORIENTED_EDGE ( 'NONE', *, *, #1356, .T. ) ;
#2758 = CARTESIAN_POINT ( 'NONE',  ( 0.1000000000000000056, -1.114598268504405798, 3.410134357719170950 ) ) ;
#2759 = CARTESIAN_POINT ( 'NONE',  ( 0.1500000000000000500, -1.201239821783813388, 2.919453013744060854 ) ) ;
#2760 = AXIS2_PLACEMENT_3D ( 'NONE', #5925, #4096, #6583 ) ;
#2761 = CARTESIAN_POINT ( 'NONE',  ( 0.1500000000000000500, -1.087669872975007612, 2.827198139139186051 ) ) ;
#2762 = EDGE_CURVE ( 'NONE', #3920, #2364, #3319, .T. ) ;
#2763 = ORIENTED_EDGE ( 'NONE', *, *, #4947, .F. ) ;
#2764 = LINE ( 'NONE', #1010, #4927 ) ;
#2765 = ORIENTED_EDGE ( 'NONE', *, *, #6631, .F. ) ;
#2766 = CARTESIAN_POINT ( 'NONE',  ( 0.1500000000000000777, -1.118297482704049051, 2.990051097750758391 ) ) ;
#2767 = CARTESIAN_POINT ( 'NONE',  ( 0.1000000000000000056, -1.078295338348248311, 3.345509347721165927 ) ) ;
#2768 = CARTESIAN_POINT ( 'NONE',  ( 0.1499999999999999667, -1.107553456006059145, 2.458615834201811179 ) ) ;
#2769 = CARTESIAN_POINT ( 'NONE',  ( 0.1000000000000000056, -1.038066966895398124, 3.523632946562446300 ) ) ;
#2770 = CARTESIAN_POINT ( 'NONE',  ( 0.1500000000000000500, -1.135559735697588168, 2.192778253821396905 ) ) ;
#2771 = CARTESIAN_POINT ( 'NONE',  ( 0.1499999999999999944, -1.062980769230769118, 3.067634615384615238 ) ) ;
#2772 = B_SPLINE_CURVE_WITH_KNOTS ( 'NONE', 3,
 ( #660, #5332, #1884, #773, #3072, #3106, #5932, #91, #2497, #130, #2458, #7122, #4860, #4216, #200, #2530, #6555, #7190, #1315 ),
 .UNSPECIFIED., .F., .F.,
 ( 4, 1, 1, 1, 1, 1, 1, 1, 1, 1, 1, 1, 1, 1, 1, 1, 4 ),
 ( 0.000000000000000000, 0.05516209767571785688, 0.1107533463189024903, 0.1667283546977093855, 0.2233682701778300361, 0.2808297317140978633, 0.3394464681968493158, 0.3996630889820020904, 0.4614854795417578925, 0.5243140885875345880, 0.5881788455946395100, 0.6532779596408694323, 0.7193733595590384722, 0.7870618521050452010, 0.8560762487292626899, 0.9270270807925391487, 1.000000000000000000 ),
 .UNSPECIFIED. ) ;
#2773 = ORIENTED_EDGE ( 'NONE', *, *, #424, .T. ) ;
#2774 = CARTESIAN_POINT ( 'NONE',  ( 0.1499999999999999944, -1.172302068600834302, 2.221360299918130998 ) ) ;
#2775 = CARTESIAN_POINT ( 'NONE',  ( 0.09999999999999996392, -1.120368907304298833, 3.314530269947775665 ) ) ;
#2776 = CARTESIAN_POINT ( 'NONE',  ( 0.1500000000000000500, -1.181588703601886170, 2.316499237570257996 ) ) ;
#2777 = CARTESIAN_POINT ( 'NONE',  ( 0.1499999999999999944, -1.077448409231627213, 2.182703359787553143 ) ) ;
#2778 = ORIENTED_EDGE ( 'NONE', *, *, #726, .F. ) ;
#2779 = VECTOR ( 'NONE', #4000, 39.37007874015748143 ) ;
#2780 = VERTEX_POINT ( 'NONE', #3889 ) ;
#2781 = CIRCLE ( 'NONE', #215, 0.06496062999999997756 ) ;
#2782 = ORIENTED_EDGE ( 'NONE', *, *, #1845, .F. ) ;
#2783 = CIRCLE ( 'NONE', #6336, 0.06496062999999985266 ) ;
#2784 = CARTESIAN_POINT ( 'NONE',  ( 0.1500000000000000500, -1.137990743537643290, 3.089429517512667811 ) ) ;
#2785 = CARTESIAN_POINT ( 'NONE',  ( 0.1000000000000000056, -1.148012321758832055, 3.213212383857078969 ) ) ;
#2786 = CARTESIAN_POINT ( 'NONE',  ( 0.09999999999999999167, -1.090249399038461409, 2.420301382211538233 ) ) ;
#2787 = CARTESIAN_POINT ( 'NONE',  ( 0.1499999999999999944, -1.202263897833143025, 2.370830248559459452 ) ) ;
#2788 = CARTESIAN_POINT ( 'NONE',  ( 0.1000000000000000056, -1.182054364398703372, 2.172278046329075174 ) ) ;
#2789 = CARTESIAN_POINT ( 'NONE',  ( 0.1500000000000000500, -1.174394120371332839, 3.523861129859604535 ) ) ;
#2790 = CARTESIAN_POINT ( 'NONE',  ( 0.1500000000000000500, -1.202386351956419075, 3.138797834722496738 ) ) ;
#2791 = CARTESIAN_POINT ( 'NONE',  ( 0.09999999999999997780, -1.122400841346153699, 2.176521334134615238 ) ) ;
#2792 = VECTOR ( 'NONE', #1891, 39.37007874015748143 ) ;
#2793 = PLANE ( 'NONE',  #4929 ) ;
#2794 = CARTESIAN_POINT ( 'NONE',  ( 0.1000000000000000472, -1.085653071755031229, 2.226991498922850976 ) ) ;
#2795 = ORIENTED_EDGE ( 'NONE', *, *, #5096, .T. ) ;
#2796 = CARTESIAN_POINT ( 'NONE',  ( 0.1000000000000000472, -1.173794254138149640, 2.162385392693020325 ) ) ;
#2797 = DIRECTION ( 'NONE',  ( -1.000000000000000000, -0.000000000000000000, -0.000000000000000000 ) ) ;
#2798 = ADVANCED_FACE ( 'NONE', ( #2725 ), #7272, .T. ) ;
#2799 = CARTESIAN_POINT ( 'NONE',  ( 0.1500000000000000500, -1.045387001352450884, 3.516578603941939107 ) ) ;
#2800 = DIRECTION ( 'NONE',  ( 0.000000000000000000, -0.6000000000000000888, -0.7999999999999999334 ) ) ;
#2801 = ORIENTED_EDGE ( 'NONE', *, *, #1915, .T. ) ;
#2802 = PLANE ( 'NONE',  #1930 ) ;
#2803 = CARTESIAN_POINT ( 'NONE',  ( 0.1499999999999999667, -1.090155070295728112, 3.323699617473374612 ) ) ;
#2804 = EDGE_CURVE ( 'NONE', #3905, #818, #4405, .T. ) ;
#2805 = CARTESIAN_POINT ( 'NONE',  ( 0.1499999999999999944, -1.080407441380248468, 2.196773577052042015 ) ) ;
#2806 = DIRECTION ( 'NONE',  ( 0.000000000000000000, 0.000000000000000000, 1.000000000000000000 ) ) ;
#2807 = CARTESIAN_POINT ( 'NONE',  ( 0.1499999999999999944, -1.082322091496262795, 2.225647077408097640 ) ) ;
#2808 = ADVANCED_FACE ( 'NONE', ( #6740 ), #4980, .F. ) ;
#2809 = DIRECTION ( 'NONE',  ( -1.000000000000000000, -0.000000000000000000, -0.000000000000000000 ) ) ;
#2810 = CARTESIAN_POINT ( 'NONE',  ( 0.09999999999999999167, -1.202356368328062031, 2.376466839747192417 ) ) ;
#2811 = ORIENTED_EDGE ( 'NONE', *, *, #510, .T. ) ;
#2812 = CARTESIAN_POINT ( 'NONE',  ( 0.1499999999999999944, -1.184744479076722312, 2.197802212894255369 ) ) ;
#2813 = DIRECTION ( 'NONE',  ( -1.000000000000000000, -0.000000000000000000, -0.000000000000000000 ) ) ;
#2814 = DIRECTION ( 'NONE',  ( -1.000000000000000000, -0.000000000000000000, -0.000000000000000000 ) ) ;
#2815 = CARTESIAN_POINT ( 'NONE',  ( 0.1499999999999999944, -1.202403846153846212, 2.379360877403846164 ) ) ;
#2816 = ORIENTED_EDGE ( 'NONE', *, *, #1056, .F. ) ;
#2817 = CARTESIAN_POINT ( 'NONE',  ( 0.1499999999999999944, -1.160887978999038950, 2.137429569295677734 ) ) ;
#2818 = EDGE_LOOP ( 'NONE', ( #1450, #1047, #5118, #4333 ) ) ;
#2819 = ORIENTED_EDGE ( 'NONE', *, *, #2382, .T. ) ;
#2820 = CARTESIAN_POINT ( 'NONE',  ( 0.09999999999999999167, -1.154722983790398061, 3.091041753292724792 ) ) ;
#2821 = CARTESIAN_POINT ( 'NONE',  ( 0.1000000000000000472, -1.187477359022106826, 3.192830447846535691 ) ) ;
#2822 = CARTESIAN_POINT ( 'NONE',  ( 0.1499999999999999944, -1.150458233173076827, 2.164802584134615238 ) ) ;
#2823 = CARTESIAN_POINT ( 'NONE',  ( 0.1000000000000000056, -1.185952287271729189, 2.322044381378422173 ) ) ;
#2824 = CARTESIAN_POINT ( 'NONE',  ( 0.1000000000000000056, -1.185576923076922862, 2.899650841346153918 ) ) ;
#2825 = EDGE_LOOP ( 'NONE', ( #5878, #3538, #6757, #1434 ) ) ;
#2826 = VERTEX_POINT ( 'NONE', #6091 ) ;
#2827 = FACE_BOUND ( 'NONE', #2328, .T. ) ;
#2828 = CARTESIAN_POINT ( 'NONE',  ( 0.1000000000000000056, -0.6499999999999993561, 1.074999999999999734 ) ) ;
#2829 = DIRECTION ( 'NONE',  ( 0.000000000000000000, 0.000000000000000000, -1.000000000000000000 ) ) ;
#2830 = CARTESIAN_POINT ( 'NONE',  ( 0.000000000000000000, 1.125984251968504157, 2.999999999999999556 ) ) ;
#2831 = VERTEX_POINT ( 'NONE', #3870 ) ;
#2832 = CARTESIAN_POINT ( 'NONE',  ( 0.09999999999999999167, -1.171887677761226820, 2.161135214697419205 ) ) ;
#2833 = DIRECTION ( 'NONE',  ( 0.000000000000000000, 1.000000000000000000, 0.000000000000000000 ) ) ;
#2834 = CARTESIAN_POINT ( 'NONE',  ( 0.1499999999999999944, -1.017952103226871463, 3.555725511388164950 ) ) ;
#2835 = DIRECTION ( 'NONE',  ( 0.000000000000000000, -0.000000000000000000, 1.000000000000000000 ) ) ;
#2836 = VERTEX_POINT ( 'NONE', #933 ) ;
#2837 = CARTESIAN_POINT ( 'NONE',  ( 0.1499999999999999667, -1.177473650907901792, 2.214700856829455944 ) ) ;
#2838 = CARTESIAN_POINT ( 'NONE',  ( 0.1000000000000000056, -1.163529146634615152, 2.158980769230768981 ) ) ;
#2839 = LINE ( 'NONE', #5749, #1888 ) ;
#2840 = CARTESIAN_POINT ( 'NONE',  ( 0.1499999999999999944, -1.173361648572180727, 3.699941550462380935 ) ) ;
#2841 = CARTESIAN_POINT ( 'NONE',  ( 0.000000000000000000, 8.195543980992789655E-16, 0.000000000000000000 ) ) ;
#2842 = CARTESIAN_POINT ( 'NONE',  ( 0.1499999999999999944, -1.172424851153321734, 2.946679436323384582 ) ) ;
#2843 = CARTESIAN_POINT ( 'NONE',  ( 0.09999999999999999167, -1.096932137790928907, 2.206983006546907156 ) ) ;
#2844 = CARTESIAN_POINT ( 'NONE',  ( 0.1000000000000000056, -1.164580829326923084, 2.302250000000000352 ) ) ;
#2845 = CARTESIAN_POINT ( 'NONE',  ( 0.1000000000000000056, -1.067132074299359301, 2.342117759783722164 ) ) ;
#2846 = VECTOR ( 'NONE', #6173, 39.37007874015748143 ) ;
#2847 = VERTEX_POINT ( 'NONE', #7428 ) ;
#2848 = CARTESIAN_POINT ( 'NONE',  ( 0.09999999999999997780, -1.134111372183708388, 2.463246806282744839 ) ) ;
#2849 = EDGE_CURVE ( 'NONE', #1133, #4794, #3792, .T. ) ;
#2850 = CARTESIAN_POINT ( 'NONE',  ( 0.1000000000000000056, -1.150458233173076827, 2.164802584134615238 ) ) ;
#2851 = CARTESIAN_POINT ( 'NONE',  ( 0.1500000000000000500, -1.163077977018931453, 3.679934332496271665 ) ) ;
#2852 = CARTESIAN_POINT ( 'NONE',  ( 0.1500000000000000500, -1.203445680221939984, 3.588949982326901100 ) ) ;
#2853 = CARTESIAN_POINT ( 'NONE',  ( 0.1000000000000000056, -1.087793296628086548, 2.445787406863041635 ) ) ;
#2854 = ORIENTED_EDGE ( 'NONE', *, *, #1455, .T. ) ;
#2855 = AXIS2_PLACEMENT_3D ( 'NONE', #3949, #4102, #2806 ) ;
#2856 = EDGE_LOOP ( 'NONE', ( #5603, #5401, #1560, #1997 ) ) ;
#2857 = CARTESIAN_POINT ( 'NONE',  ( 0.09999999999999999167, -1.010231485317245603, 3.581922177752814296 ) ) ;
#2858 = CARTESIAN_POINT ( 'NONE',  ( 0.1499999999999999944, -1.184543350154526831, 3.593336502367846741 ) ) ;
#2859 = CARTESIAN_POINT ( 'NONE',  ( 0.09999999999999997780, -1.131865985576923084, 2.463307692307691976 ) ) ;
#2860 = CARTESIAN_POINT ( 'NONE',  ( 0.1500000000000000500, -1.167847281875497023, 2.159496046740540631 ) ) ;
#2861 = ORIENTED_EDGE ( 'NONE', *, *, #3689, .T. ) ;
#2862 = VERTEX_POINT ( 'NONE', #6205 ) ;
#2863 = CIRCLE ( 'NONE', #3957, 0.06496063000000011634 ) ;
#2864 = CARTESIAN_POINT ( 'NONE',  ( 0.1000000000000000056, -1.129282848594624244, 2.969984550266756784 ) ) ;
#2865 = AXIS2_PLACEMENT_3D ( 'NONE', #2309, #4639, #5254 ) ;
#2866 = CARTESIAN_POINT ( 'NONE',  ( 0.1000000000000000056, -1.118520386594420657, 2.184997279454707897 ) ) ;
#2867 = CARTESIAN_POINT ( 'NONE',  ( 0.1000000000000000056, -1.081129740628246738, 2.319351321177902214 ) ) ;
#2868 = CARTESIAN_POINT ( 'NONE',  ( 0.1000000000000000056, -1.077472180486004349, 2.896730009814318496 ) ) ;
#2869 = ORIENTED_EDGE ( 'NONE', *, *, #5741, .T. ) ;
#2870 = CARTESIAN_POINT ( 'NONE',  ( 0.1000000000000000194, -1.092767997136636859, 2.228600808250398746 ) ) ;
#2871 = LINE ( 'NONE', #7500, #5427 ) ;
#2872 = EDGE_CURVE ( 'NONE', #2494, #3368, #1506, .T. ) ;
#2873 = DIRECTION ( 'NONE',  ( 0.000000000000000000, 0.000000000000000000, 1.000000000000000000 ) ) ;
#2874 = CARTESIAN_POINT ( 'NONE',  ( 0.1500000000000000500, -1.179995086752715139, 2.210585976590115909 ) ) ;
#2875 = CARTESIAN_POINT ( 'NONE',  ( 0.1499999999999999944, -1.150458233173076827, 2.164802584134615238 ) ) ;
#2876 = CARTESIAN_POINT ( 'NONE',  ( 0.1500000000000000500, -1.077461067644310155, 2.185492529604158740 ) ) ;
#2877 = DIRECTION ( 'NONE',  ( 0.000000000000000000, -0.4646775507925878235, 0.8854799680339482393 ) ) ;
#2878 = CARTESIAN_POINT ( 'NONE',  ( 0.1499999999999999944, -1.095254751961534101, 2.228661421047172464 ) ) ;
#2879 = CARTESIAN_POINT ( 'NONE',  ( 0.1000000000000000472, -1.169975570258329878, 2.949924139415257773 ) ) ;
#2880 = CARTESIAN_POINT ( 'NONE',  ( 0.1499999999999999944, -1.117630709134615374, 2.220804687499999819 ) ) ;
#2881 = DIRECTION ( 'NONE',  ( 0.000000000000000000, -0.6926171340514482022, 0.7213054177103885856 ) ) ;
#2882 = DIRECTION ( 'NONE',  ( 0.000000000000000000, -1.000000000000000000, 0.000000000000000000 ) ) ;
#2883 = ORIENTED_EDGE ( 'NONE', *, *, #2754, .F. ) ;
#2884 = CARTESIAN_POINT ( 'NONE',  ( 0.09999999999999993616, -1.177473650907901792, 2.214700856829455944 ) ) ;
#2885 = CARTESIAN_POINT ( 'NONE',  ( 0.09999999999999997780, -1.154326923076923084, 3.532658653846153740 ) ) ;
#2886 = CARTESIAN_POINT ( 'NONE',  ( 0.1500000000000000500, -1.144488917738295530, 3.696819579843364512 ) ) ;
#2887 = CARTESIAN_POINT ( 'NONE',  ( 0.09999999999999993616, -1.204807692307692246, 3.610746093749999996 ) ) ;
#2888 = EDGE_CURVE ( 'NONE', #6157, #670, #2090, .T. ) ;
#2889 = PLANE ( 'NONE',  #3804 ) ;
#2890 = VERTEX_POINT ( 'NONE', #4369 ) ;
#2891 = EDGE_CURVE ( 'NONE', #2599, #5010, #5097, .T. ) ;
#2892 = CARTESIAN_POINT ( 'NONE',  ( 0.1000000000000000056, -1.078111463244882051, 2.390248265502603164 ) ) ;
#2893 = FACE_OUTER_BOUND ( 'NONE', #6795, .T. ) ;
#2894 = CARTESIAN_POINT ( 'NONE',  ( 0.1500000000000000500, -1.201966630263954672, 3.152482990635441684 ) ) ;
#2895 = EDGE_CURVE ( 'NONE', #7325, #6676, #6279, .T. ) ;
#2896 = CARTESIAN_POINT ( 'NONE',  ( 0.1000000000000000056, -1.169902505022740513, 2.160181971597720185 ) ) ;
#2897 = ORIENTED_EDGE ( 'NONE', *, *, #2048, .T. ) ;
#2898 = ORIENTED_EDGE ( 'NONE', *, *, #6956, .F. ) ;
#2899 = DIRECTION ( 'NONE',  ( 0.000000000000000000, 0.000000000000000000, -1.000000000000000000 ) ) ;
#2900 = ADVANCED_FACE ( 'NONE', ( #3300 ), #7352, .F. ) ;
#2901 = CARTESIAN_POINT ( 'NONE',  ( 0.1000000000000000056, -1.375000000000000444, 2.185039369999999703 ) ) ;
#2902 = CIRCLE ( 'NONE', #6814, 0.1000000000000000194 ) ;
#2903 = VECTOR ( 'NONE', #633, 39.37007874015748143 ) ;
#2904 = CARTESIAN_POINT ( 'NONE',  ( 0.1499999999999999944, -1.077403846153845990, 2.899801081730768892 ) ) ;
#2905 = VECTOR ( 'NONE', #7308, 39.37007874015748854 ) ;
#2906 = CARTESIAN_POINT ( 'NONE',  ( 0.1499999999999999944, -1.086647662390709090, 2.858695935159168311 ) ) ;
#2907 = ORIENTED_EDGE ( 'NONE', *, *, #4062, .T. ) ;
#2908 = CARTESIAN_POINT ( 'NONE',  ( 0.1000000000000000056, -1.141631610576922862, 2.145421574519230656 ) ) ;
#2909 = CARTESIAN_POINT ( 'NONE',  ( 0.09999999999999997780, -1.077324322521291844, 3.307815930732367793 ) ) ;
#2910 = B_SPLINE_CURVE_WITH_KNOTS ( 'NONE', 3,
 ( #7306, #2141, #847, #4470, #926, #1003, #3783, #6810, #883, #5009, #7344, #3249, #1575, #269, #3900, #6237, #5585, #3209, #6659 ),
 .UNSPECIFIED., .F., .F.,
 ( 4, 1, 1, 1, 1, 1, 1, 1, 1, 1, 1, 1, 1, 1, 1, 1, 4 ),
 ( 0.000000000000000000, 0.07175912212235678600, 0.1413568185162085433, 0.2096163748634697066, 0.2759213510803309455, 0.3410818425055909264, 0.4046208489615322201, 0.4668848104687809419, 0.5281100911876815962, 0.5888093666971485618, 0.6484415058916602748, 0.7075322408184414602, 0.7660654861797402404, 0.8243964839230432107, 0.8827077126345650449, 0.9411818359788116650, 1.000000000000000000 ),
 .UNSPECIFIED. ) ;
#2911 = CARTESIAN_POINT ( 'NONE',  ( 0.1499999999999999944, -1.199999999999999956, 3.412826923076923258 ) ) ;
#2912 = DIRECTION ( 'NONE',  ( -1.000000000000000000, -0.000000000000000000, -0.000000000000000000 ) ) ;
#2913 = CARTESIAN_POINT ( 'NONE',  ( 0.09999999999999997780, -1.184158608791152867, 2.837296417994624509 ) ) ;
#2914 = CYLINDRICAL_SURFACE ( 'NONE', #3754, 0.06889763999999991284 ) ;
#2915 = CARTESIAN_POINT ( 'NONE',  ( 0.1500000000000000500, -1.061136846419591162, 2.911807356004690650 ) ) ;
#2916 = CARTESIAN_POINT ( 'NONE',  ( 0.1000000000000000056, -1.135096153846153699, 2.295038461538461583 ) ) ;
#2917 = CARTESIAN_POINT ( 'NONE',  ( 0.09999999999999997780, -1.185576923076922862, 3.610145132211538321 ) ) ;
#2918 = LINE ( 'NONE', #4601, #2983 ) ;
#2919 = CARTESIAN_POINT ( 'NONE',  ( 0.1499999999999999944, -1.138299659350041848, 2.969521927788764781 ) ) ;
#2920 = LINE ( 'NONE', #4523, #953 ) ;
#2921 = PLANE ( 'NONE',  #564 ) ;
#2922 = ORIENTED_EDGE ( 'NONE', *, *, #5650, .T. ) ;
#2923 = CARTESIAN_POINT ( 'NONE',  ( 0.1000000000000000472, -1.137102216422570367, 3.192475412677580504 ) ) ;
#2924 = ORIENTED_EDGE ( 'NONE', *, *, #6216, .T. ) ;
#2925 = CARTESIAN_POINT ( 'NONE',  ( 0.1499999999999999944, -1.127784235657972811, 3.292658987391960057 ) ) ;
#2926 = CARTESIAN_POINT ( 'NONE',  ( 0.1499999999999999944, -1.128448016826923084, 3.214269230769230656 ) ) ;
#2927 = CARTESIAN_POINT ( 'NONE',  ( 0.1500000000000000500, -1.185253323024007877, 2.234434584823687509 ) ) ;
#2928 = CARTESIAN_POINT ( 'NONE',  ( 0.1499999999999999944, -1.122400841346153699, 2.176521334134615238 ) ) ;
#2929 = CARTESIAN_POINT ( 'NONE',  ( 0.1500000000000000500, -1.131686254856471230, 2.200990927471785152 ) ) ;
#2930 = ORIENTED_EDGE ( 'NONE', *, *, #3755, .F. ) ;
#2931 = CARTESIAN_POINT ( 'NONE',  ( 0.1000000000000000194, -1.089223232075758885, 2.418827475344485389 ) ) ;
#2932 = CARTESIAN_POINT ( 'NONE',  ( 0.1499999999999999667, -1.168021173517696409, 3.549157583148004669 ) ) ;
#2933 = CARTESIAN_POINT ( 'NONE',  ( 0.09999999999999999167, -1.114657412218686305, 3.707270897483709859 ) ) ;
#2934 = CARTESIAN_POINT ( 'NONE',  ( 0.1499999999999999667, -1.062186082025088130, 3.369256723520424490 ) ) ;
#2935 = EDGE_CURVE ( 'NONE', #80, #951, #2764, .T. ) ;
#2936 = ORIENTED_EDGE ( 'NONE', *, *, #2199, .F. ) ;
#2937 = ORIENTED_EDGE ( 'NONE', *, *, #7433, .T. ) ;
#2938 = CARTESIAN_POINT ( 'NONE',  ( 0.1499999999999999944, -1.148304618389224707, 3.412824811353339260 ) ) ;
#2939 = CARTESIAN_POINT ( 'NONE',  ( 0.09999999999999997780, -1.122400841346153699, 2.176521334134615238 ) ) ;
#2940 = CARTESIAN_POINT ( 'NONE',  ( 0.1499999999999999944, -1.170745201890289966, 2.333182221149756153 ) ) ;
#2941 = EDGE_CURVE ( 'NONE', #88, #6421, #856, .T. ) ;
#2942 = ADVANCED_FACE ( 'NONE', ( #4443 ), #6780, .T. ) ;
#2943 = VECTOR ( 'NONE', #1582, 39.37007874015748143 ) ;
#2944 = ORIENTED_EDGE ( 'NONE', *, *, #510, .F. ) ;
#2945 = CARTESIAN_POINT ( 'NONE',  ( 0.1000000000000000056, -1.089128770143575231, 2.227968083043019298 ) ) ;
#2946 = CARTESIAN_POINT ( 'NONE',  ( 0.1000000000000000056, -1.182227686106284370, 2.965849301668465721 ) ) ;
#2947 = ADVANCED_FACE ( 'NONE', ( #2152 ), #4478, .F. ) ;
#2948 = B_SPLINE_CURVE_WITH_KNOTS ( 'NONE', 3,
 ( #2476, #1333, #7209, #2513, #5421, #5459, #3658, #5990, #1410, #7174, #4379, #6025, #1482, #866, #831 ),
 .UNSPECIFIED., .F., .F.,
 ( 4, 1, 1, 1, 1, 1, 1, 1, 1, 1, 1, 1, 4 ),
 ( 0.000000000000000000, 0.09564600444289737824, 0.1894966849883785998, 0.2827790459854110372, 0.3756328846186633985, 0.4659330630580644783, 0.5506993041275879408, 0.6309131285157720814, 0.7064826846974233687, 0.7799267626513781693, 0.8527485512576419291, 0.9259690022693954914, 1.000000000000000000 ),
 .UNSPECIFIED. ) ;
#2949 = CARTESIAN_POINT ( 'NONE',  ( 0.1499999999999999944, -1.076069714829770207, 3.724504012089486782 ) ) ;
#2950 = LINE ( 'NONE', #7115, #7028 ) ;
#2951 = CARTESIAN_POINT ( 'NONE',  ( 0.1500000000000000500, -1.172007285182304459, 2.824413860433413692 ) ) ;
#2952 = EDGE_CURVE ( 'NONE', #6223, #3060, #4938, .T. ) ;
#2953 = CARTESIAN_POINT ( 'NONE',  ( 0.09999999999999999167, -1.077403846153845990, 2.378572115384615326 ) ) ;
#2954 = ORIENTED_EDGE ( 'NONE', *, *, #7146, .T. ) ;
#2955 = CARTESIAN_POINT ( 'NONE',  ( 0.1000000000000000611, -1.118297482704049051, 2.990051097750758391 ) ) ;
#2956 = LINE ( 'NONE', #4673, #6029 ) ;
#2957 = CARTESIAN_POINT ( 'NONE',  ( 0.09999999999999997780, -1.090155070295728112, 3.323699617473374612 ) ) ;
#2958 = CARTESIAN_POINT ( 'NONE',  ( 0.1499999999999999944, -1.007692307692307665, 3.434461538461538233 ) ) ;
#2959 = CARTESIAN_POINT ( 'NONE',  ( 0.1500000000000000500, -1.169975570258329878, 2.949924139415257773 ) ) ;
#2960 = CARTESIAN_POINT ( 'NONE',  ( 0.1499999999999999944, -1.149746243879770757, 3.718454834669387754 ) ) ;
#2961 = DIRECTION ( 'NONE',  ( -1.000000000000000000, -0.000000000000000000, -0.000000000000000000 ) ) ;
#2962 = EDGE_LOOP ( 'NONE', ( #6705, #6041, #3716, #4939 ) ) ;
#2963 = CARTESIAN_POINT ( 'NONE',  ( 0.09999999999999997780, -1.185576923076922862, 3.140651442307692331 ) ) ;
#2964 = ORIENTED_EDGE ( 'NONE', *, *, #5788, .T. ) ;
#2965 = CARTESIAN_POINT ( 'NONE',  ( 0.1499999999999999944, -1.101128113631446137, 3.295199379323973332 ) ) ;
#2966 = CARTESIAN_POINT ( 'NONE',  ( 0.1500000000000000500, -1.160872689136466906, 3.092954987762463137 ) ) ;
#2967 = CARTESIAN_POINT ( 'NONE',  ( 0.000000000000000000, 1.125984251968504157, 2.999999999999999556 ) ) ;
#2968 = CARTESIAN_POINT ( 'NONE',  ( 0.09999999999999997780, -1.194612288076551954, 3.556092246819540392 ) ) ;
#2969 = B_SPLINE_CURVE_WITH_KNOTS ( 'NONE', 3,
 ( #249, #1968, #2577, #3615, #175, #3049, #1362, #6566, #4908, #5379, #749, #7237, #3685, #6017, #1858, #2002, #783, #1328, #3082 ),
 .UNSPECIFIED., .F., .F.,
 ( 4, 1, 1, 1, 1, 1, 1, 1, 1, 1, 1, 1, 1, 1, 1, 1, 4 ),
 ( 0.000000000000000000, 0.07525182188480196432, 0.1479228228436725301, 0.2177561364516534814, 0.2855103315714059287, 0.3516610035527815703, 0.4167189241409531286, 0.4809660742461066008, 0.5454625844448576233, 0.6082010824090970935, 0.6680779754582587548, 0.7250694199182593502, 0.7805109283598309355, 0.8350474410047081797, 0.8890670234075159772, 0.9438637448622544390, 1.000000000000000000 ),
 .UNSPECIFIED. ) ;
#2970 = CARTESIAN_POINT ( 'NONE',  ( 0.1000000000000000056, -1.129759106204243135, 2.463251883863838643 ) ) ;
#2971 = ORIENTED_EDGE ( 'NONE', *, *, #3897, .F. ) ;
#2972 = CARTESIAN_POINT ( 'NONE',  ( 0.1000000000000000472, -1.023621620384481234, 3.543926243674801135 ) ) ;
#2973 = DIRECTION ( 'NONE',  ( 1.000000000000000000, 0.000000000000000000, -0.000000000000000000 ) ) ;
#2974 = CARTESIAN_POINT ( 'NONE',  ( 0.1499999999999999944, -1.106437800480769118, 3.707538461538461227 ) ) ;
#2975 = CARTESIAN_POINT ( 'NONE',  ( 0.1499999999999999667, -1.075495395999824799, 2.145213229574159275 ) ) ;
#2976 = EDGE_LOOP ( 'NONE', ( #3259, #245 ) ) ;
#2977 = VERTEX_POINT ( 'NONE', #6928 ) ;
#2978 = CARTESIAN_POINT ( 'NONE',  ( 0.1499999999999999944, -1.180066458515474315, 3.168490029563922228 ) ) ;
#2979 = CARTESIAN_POINT ( 'NONE',  ( 0.1499999999999999667, -1.081196243576097338, 2.927472102729555381 ) ) ;
#2980 = CARTESIAN_POINT ( 'NONE',  ( 0.1499999999999999667, -1.064527299234484303, 2.205853531968371861 ) ) ;
#2981 = ORIENTED_EDGE ( 'NONE', *, *, #989, .F. ) ;
#2982 = AXIS2_PLACEMENT_3D ( 'NONE', #5781, #584, #2873 ) ;
#2983 = VECTOR ( 'NONE', #5217, 39.37007874015748143 ) ;
#2984 = EDGE_LOOP ( 'NONE', ( #4905, #5301, #42, #7107 ) ) ;
#2985 = CARTESIAN_POINT ( 'NONE',  ( 0.1000000000000000194, -1.079141113955943920, 2.395790890005684570 ) ) ;
#2986 = VECTOR ( 'NONE', #5735, 39.37007874015748143 ) ;
#2987 = VECTOR ( 'NONE', #589, 39.37007874015748143 ) ;
#2988 = CARTESIAN_POINT ( 'NONE',  ( 0.1500000000000000500, -1.169975570258329878, 2.949924139415257773 ) ) ;
#2989 = B_SPLINE_CURVE_WITH_KNOTS ( 'NONE', 3,
 ( #1977, #4273, #793, #5390, #5354, #1375, #1902, #5917, #4840, #4197, #4771, #1335, #1942, #4880, #3124, #5424, #833, #2515, #3161, #5496, #3695, #2479, #117, #7106, #220, #1869, #3660 ),
 .UNSPECIFIED., .F., .F.,
 ( 4, 1, 1, 1, 1, 1, 1, 1, 1, 1, 1, 1, 1, 1, 1, 1, 1, 1, 1, 1, 1, 1, 1, 1, 4 ),
 ( 0.000000000000000000, 0.05715598587267781139, 0.1109238145361431949, 0.1614118954911734904, 0.2081279567501172767, 0.2521002977536395129, 0.2926548068901229649, 0.3306481736887603717, 0.3663723653706231209, 0.4005433561440246981, 0.4346442584940426457, 0.4688910165240457451, 0.5032728650408374582, 0.5384444461258025560, 0.5739376735844422539, 0.6105521096672616999, 0.6481246414864629823, 0.6865627716552467064, 0.7266213905085822100, 0.7676925073055638205, 0.8104324210221900415, 0.8549690456661236393, 0.9013778772867508948, 0.9494734308767315278, 0.9999999999999998890 ),
 .UNSPECIFIED. ) ;
#2990 = EDGE_CURVE ( 'NONE', #4313, #3458, #1046, .T. ) ;
#2991 = CARTESIAN_POINT ( 'NONE',  ( 0.1500000000000000500, -1.103129450810658385, 2.302126338391133231 ) ) ;
#2992 = CARTESIAN_POINT ( 'NONE',  ( 0.1000000000000000056, -1.170778245192307665, 2.823403846153846875 ) ) ;
#2993 = CARTESIAN_POINT ( 'NONE',  ( 0.1000000000000000056, -1.162815504807692246, 2.137346153846154007 ) ) ;
#2994 = VERTEX_POINT ( 'NONE', #6323 ) ;
#2995 = CARTESIAN_POINT ( 'NONE',  ( 0.09999999999999999167, -1.060576923076922862, 2.899087439903845986 ) ) ;
#2996 = CARTESIAN_POINT ( 'NONE',  ( 0.1000000000000000194, -1.167991800156374493, 3.097186518523424414 ) ) ;
#2997 = CARTESIAN_POINT ( 'NONE',  ( 0.1000000000000000194, -1.092575230244291706, 3.321824831931457389 ) ) ;
#2998 = CARTESIAN_POINT ( 'NONE',  ( 0.1000000000000000056, -1.199723358067602108, 2.207916146637917798 ) ) ;
#2999 = CARTESIAN_POINT ( 'NONE',  ( 0.1000000000000000056, -1.087787188662098448, 3.390394186459067871 ) ) ;
#3000 = LINE ( 'NONE', #3040, #7172 ) ;
#3001 = CARTESIAN_POINT ( 'NONE',  ( 0.1499999999999999944, -1.129687499999999956, 3.067634615384615238 ) ) ;
#3002 = ORIENTED_EDGE ( 'NONE', *, *, #2569, .T. ) ;
#3003 = CARTESIAN_POINT ( 'NONE',  ( 0.1499999999999999944, -1.185156127508191215, 3.131990703293080269 ) ) ;
#3004 = ORIENTED_EDGE ( 'NONE', *, *, #6360, .T. ) ;
#3005 = CARTESIAN_POINT ( 'NONE',  ( 0.1499999999999999944, -1.085928712203993340, 3.301081278535544339 ) ) ;
#3006 = B_SPLINE_CURVE_WITH_KNOTS ( 'NONE', 3,
 ( #4076, #6411, #1210, #5225, #2355, #6979, #522, #4683, #3385, #5190, #7520, #7017, #1778, #3540, #1707, #5868, #634, #2966, #6902 ),
 .UNSPECIFIED., .F., .F.,
 ( 4, 1, 1, 1, 1, 1, 1, 1, 1, 1, 1, 1, 1, 1, 1, 1, 4 ),
 ( 0.000000000000000000, 0.07668161038680743058, 0.1509703462479020930, 0.2223621639258531180, 0.2919246148141431685, 0.3584193679920922859, 0.4243660431269841160, 0.4884299929548626129, 0.5511861399228648040, 0.6126856103580866630, 0.6714407087907388050, 0.7290827075934837032, 0.7846672596041295300, 0.8385712453308987735, 0.8926432966785569079, 0.9462331996983747162, 1.000000000000000000 ),
 .UNSPECIFIED. ) ;
#3007 = CARTESIAN_POINT ( 'NONE',  ( 0.09999999999999997780, -1.105160757211538503, 3.729173076923076646 ) ) ;
#3008 = CARTESIAN_POINT ( 'NONE',  ( 0.1000000000000000056, -1.007717524760343375, 3.608516715574410227 ) ) ;
#3009 = CARTESIAN_POINT ( 'NONE',  ( 0.09999999999999993616, -1.204217006837251080, 3.596059064589512744 ) ) ;
#3010 = AXIS2_PLACEMENT_3D ( 'NONE', #3524, #2414, #4746 ) ;
#3011 = CARTESIAN_POINT ( 'NONE',  ( 0.1499999999999999944, -1.116203425480769118, 2.725807692307692154 ) ) ;
#3012 = AXIS2_PLACEMENT_3D ( 'NONE', #2828, #5046, #2219 ) ;
#3013 = EDGE_LOOP ( 'NONE', ( #4695, #5051 ) ) ;
#3014 = B_SPLINE_SURFACE_WITH_KNOTS ( 'NONE', 3, 1, ( 
 ( #1535, #2560 ),
 ( #4433, #2596 ),
 ( #4890, #4280 ),
 ( #3135, #7261 ),
 ( #3247, #3171 ),
 ( #2062, #2022 ),
 ( #267, #3820 ),
 ( #4852, #6080 ),
 ( #5435, #2524 ),
 ( #5541, #4356 ),
 ( #845, #5505 ),
 ( #4396, #6695 ),
 ( #5583, #6730 ),
 ( #7184, #1461 ),
 ( #2101, #6618 ),
 ( #6113, #880 ),
 ( #3207, #193 ),
 ( #6152, #348 ),
 ( #5007, #1950 ) ),
 .UNSPECIFIED., .F., .F., .F.,
 ( 4, 1, 1, 1, 1, 1, 1, 1, 1, 1, 1, 1, 1, 1, 1, 1, 4 ),
 ( 2, 2 ),
 ( 0.000000000000000000, 0.06184755656562553744, 0.1219078937535697099, 0.1803211562439640259, 0.2380713277852827270, 0.2955987705624326112, 0.3544452685348756238, 0.4144796449102003955, 0.4769336007333851990, 0.5399721252325463405, 0.6032096221730990360, 0.6658365931601982757, 0.7295436193419605475, 0.7940744035161788617, 0.8607631412623527600, 0.9288642005587115502, 1.000000000000000000 ),
 ( 0.000000000000000000, 1.000000000000000000 ),
 .UNSPECIFIED. ) ;
#3015 = CARTESIAN_POINT ( 'NONE',  ( 0.1000000000000000472, -1.170774092905392472, 2.138186073457378100 ) ) ;
#3016 = DIRECTION ( 'NONE',  ( 0.000000000000000000, 0.000000000000000000, 1.000000000000000000 ) ) ;
#3017 = CARTESIAN_POINT ( 'NONE',  ( 0.1499999999999999944, -1.185576923076922862, 3.610145132211538321 ) ) ;
#3018 = DIRECTION ( 'NONE',  ( 0.000000000000000000, 0.000000000000000000, -1.000000000000000000 ) ) ;
#3019 = LINE ( 'NONE', #3090, #6501 ) ;
#3020 = ORIENTED_EDGE ( 'NONE', *, *, #7235, .T. ) ;
#3021 = CARTESIAN_POINT ( 'NONE',  ( 0.1500000000000000500, -1.077461067644310155, 2.185492529604158740 ) ) ;
#3022 = CARTESIAN_POINT ( 'NONE',  ( 0.1000000000000000056, 1.874015748031496509, 2.931102359999999685 ) ) ;
#3023 = CARTESIAN_POINT ( 'NONE',  ( 0.1499999999999999667, -1.061159451593303160, 2.193634483139161873 ) ) ;
#3024 = CARTESIAN_POINT ( 'NONE',  ( 0.1000000000000000472, -1.092706357491658453, 3.297633624746381553 ) ) ;
#3025 = CARTESIAN_POINT ( 'NONE',  ( 0.1499999999999999944, -1.026923076923076827, 3.611497295673076646 ) ) ;
#3026 = CIRCLE ( 'NONE', #2041, 0.06496063000000011634 ) ;
#3027 = CARTESIAN_POINT ( 'NONE',  ( 0.1499999999999999944, -1.077403846153845990, 2.378572115384615326 ) ) ;
#3028 = CYLINDRICAL_SURFACE ( 'NONE', #5713, 0.06496063000000032450 ) ;
#3029 = VECTOR ( 'NONE', #6731, 39.37007874015748143 ) ;
#3030 = CARTESIAN_POINT ( 'NONE',  ( 0.09999999999999996392, -1.145658893936934541, 2.440406346817506567 ) ) ;
#3031 = ORIENTED_EDGE ( 'NONE', *, *, #6559, .F. ) ;
#3032 = CARTESIAN_POINT ( 'NONE',  ( 0.09999999999999999167, -1.096168954269957307, 2.979647428520512342 ) ) ;
#3033 = CARTESIAN_POINT ( 'NONE',  ( 0.1499999999999999944, -1.077453167202452544, 2.376139487433750475 ) ) ;
#3034 = VECTOR ( 'NONE', #4149, 39.37007874015748143 ) ;
#3035 = EDGE_CURVE ( 'NONE', #7062, #1196, #3526, .T. ) ;
#3036 = CARTESIAN_POINT ( 'NONE',  ( 0.1000000000000000194, -1.098071244210898412, 3.318710932153624338 ) ) ;
#3037 = CARTESIAN_POINT ( 'NONE',  ( 0.1499999999999999944, -1.092690805288461409, 2.823403846153846430 ) ) ;
#3038 = ADVANCED_FACE ( 'NONE', ( #5818 ), #1121, .T. ) ;
#3039 = DESIGN_CONTEXT ( 'detailed design', #6308, 'design' ) ;
#3040 = CARTESIAN_POINT ( 'NONE',  ( 0.1000000000000000056, -1.499999999999999778, 4.000000000000000000 ) ) ;
#3041 = LINE ( 'NONE', #168, #6666 ) ;
#3042 = ORIENTED_EDGE ( 'NONE', *, *, #6355, .F. ) ;
#3043 = CARTESIAN_POINT ( 'NONE',  ( 0.09999999999999997780, -1.185518249838121818, 3.136262993380545261 ) ) ;
#3044 = EDGE_CURVE ( 'NONE', #6257, #3316, #2253, .T. ) ;
#3045 = ORIENTED_EDGE ( 'NONE', *, *, #1156, .T. ) ;
#3046 = CARTESIAN_POINT ( 'NONE',  ( 0.1499999999999999944, -1.060628687585301710, 3.347777717361984262 ) ) ;
#3047 = ADVANCED_FACE ( 'NONE', ( #5705 ), #3483, .F. ) ;
#3048 = CARTESIAN_POINT ( 'NONE',  ( 0.1000000000000000056, -1.011446955265153269, 3.646630665401022320 ) ) ;
#3049 = CARTESIAN_POINT ( 'NONE',  ( 0.1499999999999999944, -1.197469874242589771, 2.936619001602710277 ) ) ;
#3050 = CARTESIAN_POINT ( 'NONE',  ( 0.1499999999999999944, -1.139565805288461409, 2.725807692307692154 ) ) ;
#3051 = B_SPLINE_CURVE_WITH_KNOTS ( 'NONE', 3,
 ( #1478, #2078, #7319, #401, #4910, #6132, #2614, #5490, #6213, #901, #322 ),
 .UNSPECIFIED., .F., .F.,
 ( 4, 1, 1, 1, 1, 1, 1, 1, 4 ),
 ( 0.000000000000000000, 0.1238781074150016870, 0.2451617325699673722, 0.3662520769245804497, 0.4874176226713938243, 0.6103911365302286951, 0.7360671816759566388, 0.8656502539162358456, 1.000000000000000000 ),
 .UNSPECIFIED. ) ;
#3052 = CARTESIAN_POINT ( 'NONE',  ( 0.1000000000000000056, -1.078268999282699925, 2.914227687677159118 ) ) ;
#3053 = CARTESIAN_POINT ( 'NONE',  ( 0.1499999999999999944, -1.106437800480769118, 3.707538461538461227 ) ) ;
#3054 = ADVANCED_FACE ( 'NONE', ( #3444 ), #4517, .F. ) ;
#3055 = ORIENTED_EDGE ( 'NONE', *, *, #1156, .F. ) ;
#3056 = CARTESIAN_POINT ( 'NONE',  ( 0.1500000000000000500, -1.060576923076923084, 2.379623798076923258 ) ) ;
#3057 = CARTESIAN_POINT ( 'NONE',  ( 0.1499999999999999944, -1.141893895254147751, 3.213840913592255433 ) ) ;
#3058 = CARTESIAN_POINT ( 'NONE',  ( 0.09999999999999997780, -1.088859675480769118, 3.412826923076923258 ) ) ;
#3059 = CARTESIAN_POINT ( 'NONE',  ( 0.1499999999999999944, -1.135546874999999956, 3.314269230769230745 ) ) ;
#3060 = VERTEX_POINT ( 'NONE', #619 ) ;
#3061 = CARTESIAN_POINT ( 'NONE',  ( 0.1499999999999999944, -1.199999999999999956, 2.620038461538461316 ) ) ;
#3062 = FACE_OUTER_BOUND ( 'NONE', #6505, .T. ) ;
#3063 = CARTESIAN_POINT ( 'NONE',  ( 0.1000000000000000056, -1.068365627729902068, 2.212995811359675713 ) ) ;
#3064 = CARTESIAN_POINT ( 'NONE',  ( 0.1000000000000000056, -1.122359742289298579, 2.215934352474791869 ) ) ;
#3065 = CARTESIAN_POINT ( 'NONE',  ( 0.1499999999999999944, -1.026942028658551109, 3.609506063623069583 ) ) ;
#3066 = FACE_OUTER_BOUND ( 'NONE', #1863, .T. ) ;
#3067 = CARTESIAN_POINT ( 'NONE',  ( 0.1499999999999999667, -1.196117614649125693, 2.860335210556075314 ) ) ;
#3068 = DIRECTION ( 'NONE',  ( 0.000000000000000000, 0.000000000000000000, -1.000000000000000000 ) ) ;
#3069 = ORIENTED_EDGE ( 'NONE', *, *, #5515, .F. ) ;
#3070 = CARTESIAN_POINT ( 'NONE',  ( 0.1500000000000000500, -1.075122578297232012, 2.956362820856477391 ) ) ;
#3071 = CARTESIAN_POINT ( 'NONE',  ( 0.1499999999999999944, -1.088244076115390424, 2.338494367244960515 ) ) ;
#3072 = CARTESIAN_POINT ( 'NONE',  ( 0.1499999999999999944, -1.181167176972963695, 2.833407711456549016 ) ) ;
#3073 = B_SPLINE_SURFACE_WITH_KNOTS ( 'NONE', 3, 1, ( 
 ( #4781, #2992 ),
 ( #2951, #7116 ),
 ( #1727, #1310 ),
 ( #5965, #4058 ),
 ( #2415, #4747 ),
 ( #48, #2913 ),
 ( #583, #12 ),
 ( #5290, #3599 ),
 ( #4172, #2375 ),
 ( #2341, #732 ),
 ( #3067, #6510 ),
 ( #694, #4670 ),
 ( #4704, #6999 ),
 ( #1762, #4097 ),
 ( #7150, #3781 ),
 ( #2635, #2023 ),
 ( #6153, #194 ),
 ( #3669, #3744 ),
 ( #6658, #7305 ) ),
 .UNSPECIFIED., .F., .F., .F.,
 ( 4, 1, 1, 1, 1, 1, 1, 1, 1, 1, 1, 1, 1, 1, 1, 1, 4 ),
 ( 2, 2 ),
 ( 0.000000000000000000, 0.05516209767571785688, 0.1107533463189024903, 0.1667283546977093855, 0.2233682701778300361, 0.2808297317140978633, 0.3394464681968493158, 0.3996630889820020904, 0.4614854795417578925, 0.5243140885875345880, 0.5881788455946395100, 0.6532779596408694323, 0.7193733595590384722, 0.7870618521050452010, 0.8560762487292626899, 0.9270270807925391487, 1.000000000000000000 ),
 ( 0.000000000000000000, 1.000000000000000000 ),
 .UNSPECIFIED. ) ;
#3074 = DIRECTION ( 'NONE',  ( 0.000000000000000000, 0.000000000000000000, 1.000000000000000000 ) ) ;
#3075 = CARTESIAN_POINT ( 'NONE',  ( 0.1500000000000000500, -1.202403846153846212, 2.187225961538461494 ) ) ;
#3076 = DIRECTION ( 'NONE',  ( 0.000000000000000000, 0.000000000000000000, 1.000000000000000000 ) ) ;
#3077 = ORIENTED_EDGE ( 'NONE', *, *, #2051, .T. ) ;
#3078 = CARTESIAN_POINT ( 'NONE',  ( 0.1499999999999999944, -1.185518249838121818, 3.136262993380545261 ) ) ;
#3079 = VERTEX_POINT ( 'NONE', #2227 ) ;
#3080 = CARTESIAN_POINT ( 'NONE',  ( 0.1500000000000000500, -1.202403846153846212, 2.187225961538461494 ) ) ;
#3081 = DIRECTION ( 'NONE',  ( 0.000000000000000000, 0.000000000000000000, 1.000000000000000000 ) ) ;
#3082 = CARTESIAN_POINT ( 'NONE',  ( 0.1499999999999999944, -1.132617187499999956, 2.991673076923076824 ) ) ;
#3083 = CALENDAR_DATE ( 2026, 27, 4 ) ;
#3084 = CARTESIAN_POINT ( 'NONE',  ( 0.1000000000000000056, -1.120329600606923659, 2.968909874770621293 ) ) ;
#3085 = DIRECTION ( 'NONE',  ( 0.000000000000000000, -0.6215339731525748590, 0.7833872096333805990 ) ) ;
#3086 = VERTEX_POINT ( 'NONE', #2953 ) ;
#3087 = CARTESIAN_POINT ( 'NONE',  ( 0.1000000000000000056, -1.202288961494484498, 2.182056133969913603 ) ) ;
#3088 = CARTESIAN_POINT ( 'NONE',  ( 0.1500000000000000500, -1.153666456751845759, 3.212316527331887883 ) ) ;
#3089 = LINE ( 'NONE', #4693, #5668 ) ;
#3090 = CARTESIAN_POINT ( 'NONE',  ( 0.1499999999999999944, -1.007692307692307665, 3.434461538461538233 ) ) ;
#3091 = ORIENTED_EDGE ( 'NONE', *, *, #2473, .F. ) ;
#3092 = PLANE ( 'NONE',  #441 ) ;
#3093 = CARTESIAN_POINT ( 'NONE',  ( 0.1499999999999999944, -1.070630261855881615, 3.698119136745088298 ) ) ;
#3094 = VECTOR ( 'NONE', #5715, 39.37007874015748143 ) ;
#3095 = CARTESIAN_POINT ( 'NONE',  ( 0.1499999999999999944, -1.180765047398249834, 2.351756274991665396 ) ) ;
#3096 = DIRECTION ( 'NONE',  ( 0.000000000000000000, 0.000000000000000000, -1.000000000000000000 ) ) ;
#3097 = CARTESIAN_POINT ( 'NONE',  ( 0.09999999999999993616, -1.039318432676404003, 3.699578814255068515 ) ) ;
#3098 = CARTESIAN_POINT ( 'NONE',  ( 0.1000000000000000056, -1.121475519630413586, 2.296182798953723569 ) ) ;
#3099 = CARTESIAN_POINT ( 'NONE',  ( 0.1000000000000000056, -1.150458233173076827, 2.164802584134615238 ) ) ;
#3100 = AXIS2_PLACEMENT_3D ( 'NONE', #162, #4252, #4785 ) ;
#3101 = DIRECTION ( 'NONE',  ( -1.000000000000000000, 0.000000000000000000, -0.000000000000000000 ) ) ;
#3102 = EDGE_LOOP ( 'NONE', ( #1259, #2527, #7562, #4192 ) ) ;
#3103 = CARTESIAN_POINT ( 'NONE',  ( 0.09999999999999997780, -1.185555666250795559, 3.142129460454158973 ) ) ;
#3104 = CARTESIAN_POINT ( 'NONE',  ( 0.09999999999999999167, -1.078590070962083036, 2.364194976850232610 ) ) ;
#3105 = ADVANCED_FACE ( 'NONE', ( #4595 ), #2914, .F. ) ;
#3106 = CARTESIAN_POINT ( 'NONE',  ( 0.1499999999999999944, -1.184158608791152867, 2.837296417994624509 ) ) ;
#3107 = CARTESIAN_POINT ( 'NONE',  ( 0.1000000000000000056, -1.099479119765560897, 3.402676757905291449 ) ) ;
#3108 = DIRECTION ( 'NONE',  ( 1.000000000000000000, 0.000000000000000000, 0.000000000000000000 ) ) ;
#3109 = CARTESIAN_POINT ( 'NONE',  ( 0.1499999999999999944, -1.078515870541516986, 2.141606505365690971 ) ) ;
#3110 = ORIENTED_EDGE ( 'NONE', *, *, #3588, .F. ) ;
#3111 = DIRECTION ( 'NONE',  ( 0.000000000000000000, 0.000000000000000000, 1.000000000000000000 ) ) ;
#3112 = ORIENTED_EDGE ( 'NONE', *, *, #848, .T. ) ;
#3113 = CARTESIAN_POINT ( 'NONE',  ( 0.1499999999999999944, -1.062980769230769118, 2.627249999999999641 ) ) ;
#3114 = CARTESIAN_POINT ( 'NONE',  ( 0.1000000000000000056, -0.1149218742818414463, 5.507721381357296941 ) ) ;
#3115 = FACE_OUTER_BOUND ( 'NONE', #6301, .T. ) ;
#3116 = CARTESIAN_POINT ( 'NONE',  ( 0.1499999999999999944, -1.077472180486004349, 2.896730009814318496 ) ) ;
#3117 = CARTESIAN_POINT ( 'NONE',  ( 0.09999999999999997780, -1.177473650907901792, 2.214700856829455944 ) ) ;
#3118 = ORIENTED_EDGE ( 'NONE', *, *, #5611, .F. ) ;
#3119 = CARTESIAN_POINT ( 'NONE',  ( 0.1500000000000000500, -1.202403846153846212, 2.187225961538461494 ) ) ;
#3121 = ADVANCED_FACE ( 'NONE', ( #3985 ), #4960, .T. ) ;
#3120 = CARTESIAN_POINT ( 'NONE',  ( 0.1499999999999999944, -1.189983687309585703, 3.189368361728183832 ) ) ;
#3122 = CARTESIAN_POINT ( 'NONE',  ( 0.1000000000000000056, -1.142744903547789903, 3.068068280824685967 ) ) ;
#3123 = ADVANCED_FACE ( 'NONE', ( #3326 ), #2675, .T. ) ;
#3124 = CARTESIAN_POINT ( 'NONE',  ( 0.1500000000000000500, -1.187505593727168574, 3.089021234010472572 ) ) ;
#3125 = ORIENTED_EDGE ( 'NONE', *, *, #2738, .F. ) ;
#3126 = LINE ( 'NONE', #6721, #5928 ) ;
#3127 = CARTESIAN_POINT ( 'NONE',  ( 0.1500000000000000500, -1.035025495241136184, 3.654701631945652007 ) ) ;
#3128 = CARTESIAN_POINT ( 'NONE',  ( 0.1000000000000000056, -1.132317809809963771, 2.970006538760477266 ) ) ;
#3129 = EDGE_CURVE ( 'NONE', #3824, #3315, #384, .T. ) ;
#3130 = CARTESIAN_POINT ( 'NONE',  ( 0.09999999999999997780, -1.123449776385251564, 3.292706120407527415 ) ) ;
#3131 = CARTESIAN_POINT ( 'NONE',  ( 0.1000000000000000056, -1.201259726161439279, 2.201166191832404362 ) ) ;
#3132 = ADVANCED_FACE ( 'NONE', ( #2752, #1612, #7415, #2179, #4508, #962, #5042, #6844, #3934, #1682, #498, #5005, #458, #6271, #2827, #5165, #1035, #7340, #2259, #4017, #4585, #6919, #6352, #2099 ), #6766, .T. ) ;
#3133 = DIRECTION ( 'NONE',  ( 0.000000000000000000, 1.000000000000000000, 0.000000000000000000 ) ) ;
#3134 = CARTESIAN_POINT ( 'NONE',  ( 0.1499999999999999944, -1.146018965947703361, 3.191879188172347614 ) ) ;
#3135 = CARTESIAN_POINT ( 'NONE',  ( 0.1499999999999999667, -1.145658893936934541, 2.440406346817506567 ) ) ;
#3136 = CARTESIAN_POINT ( 'NONE',  ( 0.1000000000000000056, -1.149974573578251613, 2.165359595220495592 ) ) ;
#3137 = LINE ( 'NONE', #4173, #5592 ) ;
#3138 = ORIENTED_EDGE ( 'NONE', *, *, #6634, .F. ) ;
#3139 = CARTESIAN_POINT ( 'NONE',  ( 0.1499999999999999944, -1.176503423557302197, 3.174944505454599941 ) ) ;
#3140 = FACE_BOUND ( 'NONE', #4086, .T. ) ;
#3141 = CARTESIAN_POINT ( 'NONE',  ( 0.1500000000000000500, -1.176474490098471604, 2.341877346902720980 ) ) ;
#3142 = DIRECTION ( 'NONE',  ( 0.000000000000000000, 0.6000000000000001998, -0.7999999999999998224 ) ) ;
#3143 = VECTOR ( 'NONE', #1517, 39.37007874015748143 ) ;
#3144 = CARTESIAN_POINT ( 'NONE',  ( 0.1500000000000000500, -1.056919012990679141, 3.533871298943001005 ) ) ;
#3145 = CARTESIAN_POINT ( 'NONE',  ( 0.1000000000000000056, -1.375000000000000444, 2.314960629999999853 ) ) ;
#3146 = ORIENTED_EDGE ( 'NONE', *, *, #6044, .F. ) ;
#3147 = VECTOR ( 'NONE', #6825, 39.37007874015748143 ) ;
#3148 = VECTOR ( 'NONE', #4354, 39.37007874015748143 ) ;
#3149 = ORIENTED_EDGE ( 'NONE', *, *, #4298, .T. ) ;
#3150 = CARTESIAN_POINT ( 'NONE',  ( 0.09999999999999993616, -1.080036224474819617, 3.305343738731452596 ) ) ;
#3151 = LINE ( 'NONE', #2576, #1746 ) ;
#3152 = CARTESIAN_POINT ( 'NONE',  ( 0.1499999999999999944, -1.105095834161254009, 3.316299029771969664 ) ) ;
#3153 = PERSON_AND_ORGANIZATION_ROLE ( 'creator' ) ;
#3154 = CARTESIAN_POINT ( 'NONE',  ( 0.1500000000000000500, -1.170774092905392472, 2.138186073457378100 ) ) ;
#3155 = CARTESIAN_POINT ( 'NONE',  ( 0.1499999999999999944, -1.080177337408623650, 3.702754587783789297 ) ) ;
#3156 = VECTOR ( 'NONE', #5881, 39.37007874015748143 ) ;
#3157 = ORIENTED_EDGE ( 'NONE', *, *, #900, .F. ) ;
#3158 = CARTESIAN_POINT ( 'NONE',  ( 0.1500000000000000500, -1.167235342722279468, 3.184885761803342152 ) ) ;
#3159 = CARTESIAN_POINT ( 'NONE',  ( 0.1499999999999999944, -1.095865260885916070, 2.328943414610759710 ) ) ;
#3160 = CARTESIAN_POINT ( 'NONE',  ( 0.1000000000000000194, -1.185725327661087514, 3.538833869843836855 ) ) ;
#3161 = CARTESIAN_POINT ( 'NONE',  ( 0.1500000000000000500, -1.196317164515686260, 3.104294721518472855 ) ) ;
#3162 = ORIENTED_EDGE ( 'NONE', *, *, #4653, .T. ) ;
#3163 = CARTESIAN_POINT ( 'NONE',  ( 0.09999999999999999167, -1.092247384288583367, 2.206831638936722406 ) ) ;
#3164 = EDGE_CURVE ( 'NONE', #1472, #5239, #5285, .T. ) ;
#3165 = CARTESIAN_POINT ( 'NONE',  ( 0.09999999999999996392, -1.043263476599004536, 3.670947224723213775 ) ) ;
#3166 = CARTESIAN_POINT ( 'NONE',  ( 0.1000000000000000056, -1.167422764080144892, 2.953012454929976549 ) ) ;
#3167 = FACE_OUTER_BOUND ( 'NONE', #3335, .T. ) ;
#3168 = CARTESIAN_POINT ( 'NONE',  ( 0.1000000000000000472, -1.185253323024007877, 2.234434584823687509 ) ) ;
#3169 = CARTESIAN_POINT ( 'NONE',  ( 0.1499999999999999667, -1.147459084551644581, 3.090061229091083383 ) ) ;
#3170 = CARTESIAN_POINT ( 'NONE',  ( 0.09999999999999999167, -1.146018965947703361, 3.191879188172347614 ) ) ;
#3171 = CARTESIAN_POINT ( 'NONE',  ( 0.09999999999999999167, -1.150628434712682058, 2.439008841948157258 ) ) ;
#3172 = CYLINDRICAL_SURFACE ( 'NONE', #344, 0.06889763999999991284 ) ;
#3173 = EDGE_CURVE ( 'NONE', #5732, #7079, #7094, .T. ) ;
#3174 = CARTESIAN_POINT ( 'NONE',  ( 0.1499999999999999944, -1.139565805288461409, 2.725807692307692154 ) ) ;
#3175 = EDGE_CURVE ( 'NONE', #6468, #5322, #3515, .T. ) ;
#3176 = ORIENTED_EDGE ( 'NONE', *, *, #652, .F. ) ;
#3177 = CARTESIAN_POINT ( 'NONE',  ( 0.1500000000000000500, -1.185169447000078202, 3.149353045271523044 ) ) ;
#3178 = CARTESIAN_POINT ( 'NONE',  ( 0.1000000000000000611, -1.064655570060816903, 2.867474063118815142 ) ) ;
#3179 = CARTESIAN_POINT ( 'NONE',  ( 0.1499999999999999944, -1.060720037826551776, 2.890981383934733362 ) ) ;
#3180 = CARTESIAN_POINT ( 'NONE',  ( 0.1499999999999999944, -1.036935085512362242, 3.562259977152149037 ) ) ;
#3181 = CARTESIAN_POINT ( 'NONE',  ( 0.1000000000000000056, -1.031045223945540545, 3.642937778337580923 ) ) ;
#3182 = ORIENTED_EDGE ( 'NONE', *, *, #1124, .F. ) ;
#3183 = DIRECTION ( 'NONE',  ( 0.000000000000000000, 0.000000000000000000, -1.000000000000000000 ) ) ;
#3184 = ORIENTED_EDGE ( 'NONE', *, *, #3914, .F. ) ;
#3185 = CARTESIAN_POINT ( 'NONE',  ( 0.09999999999999993616, -1.106007451234232164, 3.294194932690452049 ) ) ;
#3186 = CARTESIAN_POINT ( 'NONE',  ( 0.1499999999999999944, -1.091056709666270885, 2.421344219478768878 ) ) ;
#3187 = CARTESIAN_POINT ( 'NONE',  ( 0.1000000000000000472, -1.045387001352450884, 3.516578603941939107 ) ) ;
#3188 = PERSON_AND_ORGANIZATION ( #6817, #4594 ) ;
#3189 = DIRECTION ( 'NONE',  ( 0.000000000000000000, -0.6298019584212194433, -0.7767557487195033694 ) ) ;
#3190 = CARTESIAN_POINT ( 'NONE',  ( 0.1500000000000000500, -1.064031518860873993, 2.407630476203226788 ) ) ;
#3191 = VERTEX_POINT ( 'NONE', #3474 ) ;
#3192 = CARTESIAN_POINT ( 'NONE',  ( 0.1000000000000000056, -1.196025462110027249, 2.159145605756217723 ) ) ;
#3193 = EDGE_CURVE ( 'NONE', #3580, #4498, #1290, .T. ) ;
#3194 = CARTESIAN_POINT ( 'NONE',  ( 0.1500000000000000500, -1.135326354594391907, 3.214217935828188821 ) ) ;
#3195 = CARTESIAN_POINT ( 'NONE',  ( 0.000000000000000000, 1.125984251968504157, 3.068897639999999427 ) ) ;
#3196 = CARTESIAN_POINT ( 'NONE',  ( 0.1500000000000000500, -1.102782599825273602, 3.404985160746470729 ) ) ;
#3197 = EDGE_LOOP ( 'NONE', ( #7361, #620, #5018, #5148 ) ) ;
#3198 = CARTESIAN_POINT ( 'NONE',  ( 0.09999999999999999167, -1.088807000385054069, 2.205468344534379899 ) ) ;
#3199 = VERTEX_POINT ( 'NONE', #6601 ) ;
#3200 = CARTESIAN_POINT ( 'NONE',  ( 0.1499999999999999944, -1.075319365713363950, 3.700645455519229632 ) ) ;
#3201 = CARTESIAN_POINT ( 'NONE',  ( 0.09999999999999999167, -1.141821117542498154, 2.968819218175250185 ) ) ;
#3202 = LINE ( 'NONE', #7256, #4080 ) ;
#3203 = CARTESIAN_POINT ( 'NONE',  ( 0.1500000000000000500, -1.202403846153846212, 2.187225961538461494 ) ) ;
#3204 = FACE_OUTER_BOUND ( 'NONE', #393, .T. ) ;
#3205 = CARTESIAN_POINT ( 'NONE',  ( 0.1000000000000000056, -1.181219259624516127, 3.577548439322519869 ) ) ;
#3206 = CARTESIAN_POINT ( 'NONE',  ( 0.09999999999999997780, -1.067188058610235579, 3.720813785551380093 ) ) ;
#3207 = CARTESIAN_POINT ( 'NONE',  ( 0.1499999999999999667, -1.185459642322204132, 2.387279034487034046 ) ) ;
#3208 = CARTESIAN_POINT ( 'NONE',  ( 0.1499999999999999667, -1.132051432861949092, 2.157382355504460225 ) ) ;
#3209 = CARTESIAN_POINT ( 'NONE',  ( 0.1499999999999999944, -1.173361648572180727, 3.699941550462380935 ) ) ;
#3210 = ORIENTED_EDGE ( 'NONE', *, *, #795, .T. ) ;
#3211 = CARTESIAN_POINT ( 'NONE',  ( 0.1499999999999999944, -1.164539608514700619, 3.186758325306771500 ) ) ;
#3212 = CARTESIAN_POINT ( 'NONE',  ( 0.1499999999999999944, -1.199689367637940762, 2.928248806479362365 ) ) ;
#3213 = ADVANCED_FACE ( 'NONE', ( #7133 ), #3736, .T. ) ;
#3214 = CARTESIAN_POINT ( 'NONE',  ( 0.1500000000000000500, -1.071604069445955876, 3.722735087714867941 ) ) ;
#3215 = AXIS2_PLACEMENT_3D ( 'NONE', #6575, #2363, #1181 ) ;
#3216 = CARTESIAN_POINT ( 'NONE',  ( 0.1000000000000000472, -1.053658945131149327, 3.684500877764314453 ) ) ;
#3217 = ORIENTED_EDGE ( 'NONE', *, *, #6775, .F. ) ;
#3218 = DIRECTION ( 'NONE',  ( 0.000000000000000000, 0.000000000000000000, 1.000000000000000000 ) ) ;
#3219 = ORIENTED_EDGE ( 'NONE', *, *, #6317, .F. ) ;
#3220 = CARTESIAN_POINT ( 'NONE',  ( 0.1499999999999999944, -1.061623909172183300, 3.339226927568743619 ) ) ;
#3221 = CARTESIAN_POINT ( 'NONE',  ( 0.09999999999999993616, -1.090155070295728112, 3.323699617473374612 ) ) ;
#3222 = EDGE_CURVE ( 'NONE', #779, #5029, #2781, .T. ) ;
#3223 = CARTESIAN_POINT ( 'NONE',  ( 0.1500000000000000500, -1.087545072115384759, 2.313029747596154095 ) ) ;
#3224 = AXIS2_PLACEMENT_3D ( 'NONE', #2190, #3258, #5057 ) ;
#3225 = CARTESIAN_POINT ( 'NONE',  ( 0.1499999999999999944, -1.105160757211538503, 3.729173076923076646 ) ) ;
#3226 = AXIS2_PLACEMENT_3D ( 'NONE', #1714, #4618, #6347 ) ;
#3227 = VECTOR ( 'NONE', #6823, 39.37007874015748143 ) ;
#3228 = DIRECTION ( 'NONE',  ( -1.000000000000000000, -0.000000000000000000, -0.000000000000000000 ) ) ;
#3229 = CARTESIAN_POINT ( 'NONE',  ( 0.1000000000000000472, -1.080037551089143122, 2.438104663734552702 ) ) ;
#3230 = B_SPLINE_CURVE_WITH_KNOTS ( 'NONE', 3,
 ( #3262, #5598, #360, #5021, #2116, #3304, #5061 ),
 .UNSPECIFIED., .F., .F.,
 ( 4, 1, 1, 1, 4 ),
 ( 0.000000000000000000, 0.2560521882616102474, 0.5036404212658360802, 0.7476604294265029038, 1.000000000000000000 ),
 .UNSPECIFIED. ) ;
#3231 = ORIENTED_EDGE ( 'NONE', *, *, #7195, .T. ) ;
#3232 = CARTESIAN_POINT ( 'NONE',  ( 0.1000000000000000056, 4.375000000000000000, 3.814960630000001185 ) ) ;
#3233 = CARTESIAN_POINT ( 'NONE',  ( 0.09999999999999992228, -1.090486522092390720, 3.393879065439942000 ) ) ;
#3234 = CARTESIAN_POINT ( 'NONE',  ( 0.09999999999999999167, -1.202327721757916246, 3.582014550039991363 ) ) ;
#3235 = CARTESIAN_POINT ( 'NONE',  ( 0.1499999999999999944, -1.202222697685756403, 2.388788739401316086 ) ) ;
#3236 = ORIENTED_EDGE ( 'NONE', *, *, #4803, .F. ) ;
#3237 = CARTESIAN_POINT ( 'NONE',  ( 0.1499999999999999944, -1.125575957502952029, 2.463141077795656386 ) ) ;
#3238 = ORIENTED_EDGE ( 'NONE', *, *, #1036, .F. ) ;
#3239 = CARTESIAN_POINT ( 'NONE',  ( 0.1499999999999999944, -1.127884615384615374, 2.708980769230768804 ) ) ;
#3240 = CARTESIAN_POINT ( 'NONE',  ( 0.1499999999999999944, -1.080496692378294821, 2.401148184721923151 ) ) ;
#3241 = FACE_OUTER_BOUND ( 'NONE', #6028, .T. ) ;
#3242 = CARTESIAN_POINT ( 'NONE',  ( 0.1000000000000000194, -1.183849158653845990, 2.235903846153846075 ) ) ;
#3243 = CARTESIAN_POINT ( 'NONE',  ( 0.09999999999999999167, -1.116033485498254096, 2.317411594354075177 ) ) ;
#3244 = CARTESIAN_POINT ( 'NONE',  ( 0.09999999999999997780, -1.169826557521689736, 3.182820163087212606 ) ) ;
#3245 = CARTESIAN_POINT ( 'NONE',  ( 0.1499999999999999944, -1.184543350154526831, 3.593336502367846741 ) ) ;
#3246 = CARTESIAN_POINT ( 'NONE',  ( 0.1499999999999999667, -1.039318432676404003, 3.699578814255068515 ) ) ;
#3247 = CARTESIAN_POINT ( 'NONE',  ( 0.1499999999999999944, -1.150628434712682058, 2.439008841948157258 ) ) ;
#3248 = CARTESIAN_POINT ( 'NONE',  ( 0.09999999999999989453, -1.136827120110422973, 2.150519000102075307 ) ) ;
#3249 = CARTESIAN_POINT ( 'NONE',  ( 0.1500000000000000500, -1.192056329135492199, 3.673066326210502996 ) ) ;
#3250 = ORIENTED_EDGE ( 'NONE', *, *, #1317, .F. ) ;
#3251 = FACE_OUTER_BOUND ( 'NONE', #316, .T. ) ;
#3252 = CARTESIAN_POINT ( 'NONE',  ( 0.1000000000000000472, -1.192341677391517640, 3.185675404343636163 ) ) ;
#3253 = B_SPLINE_CURVE_WITH_KNOTS ( 'NONE', 3,
 ( #1789, #4123, #6462, #1831, #2403, #4916, #4235, #6576, #1413, #6538, #2012, #6498, #2445, #149, #5461 ),
 .UNSPECIFIED., .F., .F.,
 ( 4, 1, 1, 1, 1, 1, 1, 1, 1, 1, 1, 1, 4 ),
 ( 0.000000000000000000, 0.1465760528294203779, 0.2851612733687887702, 0.4180480786555887396, 0.5506737692421419528, 0.6156216203934287146, 0.6757268351910931115, 0.7335368889606668219, 0.7890546931377133699, 0.8417869058414012562, 0.8938094518221493257, 0.9468653960568346184, 1.000000000000000000 ),
 .UNSPECIFIED. ) ;
#3254 = B_SPLINE_SURFACE_WITH_KNOTS ( 'NONE', 3, 1, ( 
 ( #2333, #1078 ),
 ( #4511, #1186 ),
 ( #5662, #6847 ),
 ( #3366, #5699 ),
 ( #462, #2794 ),
 ( #153, #2408 ),
 ( #5960, #79 ),
 ( #3590, #1302 ),
 ( #5320, #728 ),
 ( #188, #2486 ),
 ( #7145, #3063 ),
 ( #5395, #5921 ),
 ( #2980, #4845 ),
 ( #7180, #1339 ),
 ( #4739, #687 ),
 ( #3023, #3630 ),
 ( #1835, #7072 ),
 ( #4810, #647 ),
 ( #1908, #4167 ) ),
 .UNSPECIFIED., .F., .F., .F.,
 ( 4, 1, 1, 1, 1, 1, 1, 1, 1, 1, 1, 1, 1, 1, 1, 1, 4 ),
 ( 2, 2 ),
 ( 0.000000000000000000, 0.05976299169351411561, 0.1172805286654414886, 0.1737810601989812354, 0.2299716577899075243, 0.2863422246229157531, 0.3439143870313887130, 0.4037445495042320531, 0.4656829089048377668, 0.5290373763041467114, 0.5923835737849099115, 0.6560844082766480456, 0.7211737435121023942, 0.7874172631891530605, 0.8553424504588463817, 0.9260885548903363684, 1.000000000000000000 ),
 ( 0.000000000000000000, 1.000000000000000000 ),
 .UNSPECIFIED. ) ;
#3255 = CARTESIAN_POINT ( 'NONE',  ( 0.1000000000000000194, -1.087669872975007612, 2.827198139139186051 ) ) ;
#3256 = B_SPLINE_CURVE_WITH_KNOTS ( 'NONE', 3,
 ( #3404, #1614, #4510, #4469, #4587, #5008, #1647, #6881, #2717, #7495, #5047, #965, #5086, #460, #1076, #3977, #6273, #6922, #1038 ),
 .UNSPECIFIED., .F., .F.,
 ( 4, 1, 1, 1, 1, 1, 1, 1, 1, 1, 1, 1, 1, 1, 1, 1, 4 ),
 ( 0.000000000000000000, 0.07525182188480196432, 0.1479228228436725301, 0.2177561364516534814, 0.2855103315714059287, 0.3516610035527815703, 0.4167189241409531286, 0.4809660742461066008, 0.5454625844448576233, 0.6082010824090970935, 0.6680779754582587548, 0.7250694199182593502, 0.7805109283598309355, 0.8350474410047081797, 0.8890670234075159772, 0.9438637448622544390, 1.000000000000000000 ),
 .UNSPECIFIED. ) ;
#3257 = EDGE_LOOP ( 'NONE', ( #31, #5155, #5262, #1665 ) ) ;
#3258 = DIRECTION ( 'NONE',  ( -1.000000000000000000, -0.000000000000000000, -0.000000000000000000 ) ) ;
#3259 = ORIENTED_EDGE ( 'NONE', *, *, #1909, .F. ) ;
#3260 = CARTESIAN_POINT ( 'NONE',  ( 0.1499999999999999944, -1.068258734483251260, 3.320043637114967527 ) ) ;
#3261 = CARTESIAN_POINT ( 'NONE',  ( 0.1499999999999999944, -1.101135298146713071, 3.317474180340564960 ) ) ;
#3262 = CARTESIAN_POINT ( 'NONE',  ( 0.1000000000000000056, -1.117630709134615374, 2.220804687499999819 ) ) ;
#3263 = CARTESIAN_POINT ( 'NONE',  ( 0.09999999999999993616, -1.105160757211538503, 3.729173076923076646 ) ) ;
#3264 = EDGE_CURVE ( 'NONE', #4048, #2364, #7571, .T. ) ;
#3265 = CARTESIAN_POINT ( 'NONE',  ( 0.1000000000000000056, 4.500000000000000888, 4.000000000000000888 ) ) ;
#3266 = LINE ( 'NONE', #1591, #2846 ) ;
#3267 = VECTOR ( 'NONE', #7138, 39.37007874015748143 ) ;
#3268 = VECTOR ( 'NONE', #366, 39.37007874015748143 ) ;
#3269 = EDGE_CURVE ( 'NONE', #1962, #6870, #940, .T. ) ;
#3270 = EDGE_CURVE ( 'NONE', #947, #2502, #1195, .T. ) ;
#3271 = ORIENTED_EDGE ( 'NONE', *, *, #6410, .F. ) ;
#3272 = EDGE_CURVE ( 'NONE', #370, #4792, #3051, .T. ) ;
#3273 = CARTESIAN_POINT ( 'NONE',  ( 0.1499999999999999667, -1.112565952707008643, 3.315092503650118427 ) ) ;
#3274 = CARTESIAN_POINT ( 'NONE',  ( 0.09999999999999992228, -1.109904449078670696, 3.408605836603621153 ) ) ;
#3275 = CARTESIAN_POINT ( 'NONE',  ( 0.1000000000000000056, -1.159320493816162534, 3.070689609930751907 ) ) ;
#3276 = ORIENTED_EDGE ( 'NONE', *, *, #4668, .T. ) ;
#3277 = CARTESIAN_POINT ( 'NONE',  ( 0.09999999999999996392, -1.083028812387790252, 2.164846435624326659 ) ) ;
#3278 = VERTEX_POINT ( 'NONE', #2732 ) ;
#3279 = EDGE_CURVE ( 'NONE', #7197, #1324, #3306, .T. ) ;
#3280 = CARTESIAN_POINT ( 'NONE',  ( 0.1000000000000000056, -1.061683665242948216, 2.173309428705861190 ) ) ;
#3281 = ORIENTED_EDGE ( 'NONE', *, *, #7538, .F. ) ;
#3282 = CARTESIAN_POINT ( 'NONE',  ( 0.1000000000000000056, -1.158571213942307665, 3.189554687499999819 ) ) ;
#3283 = LINE ( 'NONE', #917, #748 ) ;
#3284 = LINE ( 'NONE', #2210, #4105 ) ;
#3285 = CARTESIAN_POINT ( 'NONE',  ( 0.1000000000000000194, -1.172007285182304459, 2.824413860433413692 ) ) ;
#3286 = CARTESIAN_POINT ( 'NONE',  ( 0.1499999999999999944, -1.173905442761968621, 2.337460564323259771 ) ) ;
#3287 = CARTESIAN_POINT ( 'NONE',  ( 0.1499999999999999944, -1.193071705196024235, 2.334094228999741283 ) ) ;
#3288 = CARTESIAN_POINT ( 'NONE',  ( 0.1000000000000000056, -1.062980769230769118, 3.192634615384615238 ) ) ;
#3289 = CARTESIAN_POINT ( 'NONE',  ( 0.1499999999999999944, -1.204735716006533286, 3.603339034913673355 ) ) ;
#3290 = CARTESIAN_POINT ( 'NONE',  ( 0.1000000000000000056, 1.499999999999999778, 7.397019699529389314 ) ) ;
#3291 =( NAMED_UNIT ( * ) PLANE_ANGLE_UNIT ( ) SI_UNIT ( $, .RADIAN. ) );
#3292 = DIRECTION ( 'NONE',  ( 1.000000000000000000, 0.000000000000000000, 0.000000000000000000 ) ) ;
#3293 = CARTESIAN_POINT ( 'NONE',  ( 0.1000000000000000472, -1.172138590476273112, 2.852375267533452607 ) ) ;
#3294 = ORIENTED_EDGE ( 'NONE', *, *, #6136, .F. ) ;
#3295 = CARTESIAN_POINT ( 'NONE',  ( 0.1499999999999999944, -1.113686899038461409, 3.409897235576923258 ) ) ;
#3296 = CARTESIAN_POINT ( 'NONE',  ( 0.1499999999999999944, -1.200428935222835891, 3.163213332949005974 ) ) ;
#3297 = CARTESIAN_POINT ( 'NONE',  ( 0.1499999999999999944, -1.018535217781101343, 3.667816399711551156 ) ) ;
#3298 = ORIENTED_EDGE ( 'NONE', *, *, #7523, .F. ) ;
#3299 = EDGE_CURVE ( 'NONE', #4073, #5572, #4486, .T. ) ;
#3300 = FACE_OUTER_BOUND ( 'NONE', #7534, .T. ) ;
#3301 = ORIENTED_EDGE ( 'NONE', *, *, #4066, .F. ) ;
#3302 = LINE ( 'NONE', #6855, #5591 ) ;
#3303 = DIRECTION ( 'NONE',  ( 0.000000000000000000, 0.6000000000000001998, -0.7999999999999998224 ) ) ;
#3304 = CARTESIAN_POINT ( 'NONE',  ( 0.09999999999999999167, -1.098462193019994926, 2.228609089381098585 ) ) ;
#3305 = CARTESIAN_POINT ( 'NONE',  ( 0.09999999999999997780, -1.020648304590738409, 3.549694288846457546 ) ) ;
#3306 = LINE ( 'NONE', #7358, #585 ) ;
#3307 = CARTESIAN_POINT ( 'NONE',  ( 0.1500000000000000500, -1.159750370227895511, 2.434492981769119879 ) ) ;
#3308 = VECTOR ( 'NONE', #6799, 39.37007874015748143 ) ;
#3309 = ORIENTED_EDGE ( 'NONE', *, *, #1917, .F. ) ;
#3310 = CARTESIAN_POINT ( 'NONE',  ( 0.09999999999999999167, -1.133681263419233032, 3.314274139104613326 ) ) ;
#3311 = CARTESIAN_POINT ( 'NONE',  ( 0.1500000000000000500, -1.108278245192307665, 2.201198317307692331 ) ) ;
#3312 = ORIENTED_EDGE ( 'NONE', *, *, #4856, .F. ) ;
#3313 = EDGE_CURVE ( 'NONE', #2538, #5976, #2159, .T. ) ;
#3314 = CARTESIAN_POINT ( 'NONE',  ( 0.1499999999999999944, -1.090486522092390720, 3.393879065439942000 ) ) ;
#3315 = VERTEX_POINT ( 'NONE', #4944 ) ;
#3316 = VERTEX_POINT ( 'NONE', #6057 ) ;
#3317 = CARTESIAN_POINT ( 'NONE',  ( 0.09999999999999999167, -1.078590070962083036, 2.364194976850232610 ) ) ;
#3318 = B_SPLINE_SURFACE_WITH_KNOTS ( 'NONE', 3, 1, ( 
 ( #1974, #2512 ),
 ( #4913, #5950 ),
 ( #5527, #4308 ),
 ( #6605, #7244 ),
 ( #286, #6644 ),
 ( #5387, #1939 ),
 ( #4767, #1409 ),
 ( #1864, #3727 ),
 ( #719, #829 ),
 ( #146, #4801 ),
 ( #6060, #7137 ) ),
 .UNSPECIFIED., .F., .F., .F.,
 ( 4, 1, 1, 1, 1, 1, 1, 1, 4 ),
 ( 2, 2 ),
 ( 0.000000000000000000, 0.07398935630611648551, 0.1611770966799930260, 0.2639804423200456385, 0.3809982339639859661, 0.5135879054444405512, 0.6596830343724978674, 0.8221832735971529305, 1.000000000000000000 ),
 ( 0.000000000000000000, 1.000000000000000000 ),
 .UNSPECIFIED. ) ;
#3319 = LINE ( 'NONE', #1565, #3308 ) ;
#3320 = CARTESIAN_POINT ( 'NONE',  ( 0.1499999999999999944, -1.060576923076922862, 2.184521634615384400 ) ) ;
#3321 = CARTESIAN_POINT ( 'NONE',  ( 0.1000000000000000194, -1.189580834409187604, 2.845771650460193758 ) ) ;
#3322 = CARTESIAN_POINT ( 'NONE',  ( 0.1000000000000000194, -1.095490414185535499, 2.426321666858739068 ) ) ;
#3323 = CARTESIAN_POINT ( 'NONE',  ( 0.09999999999999993616, -1.198321556675900013, 2.347521024560321301 ) ) ;
#3324 = CARTESIAN_POINT ( 'NONE',  ( 0.1000000000000000472, -1.185361085980677132, 2.183069656861727825 ) ) ;
#3325 = FACE_OUTER_BOUND ( 'NONE', #4989, .T. ) ;
#3326 = FACE_OUTER_BOUND ( 'NONE', #449, .T. ) ;
#3327 = EDGE_CURVE ( 'NONE', #2353, #488, #5562, .T. ) ;
#3328 = DIRECTION ( 'NONE',  ( 0.000000000000000000, 0.000000000000000000, -1.000000000000000000 ) ) ;
#3329 = LINE ( 'NONE', #4436, #3670 ) ;
#3330 = ORIENTED_EDGE ( 'NONE', *, *, #3193, .F. ) ;
#3331 = PLANE ( 'NONE',  #2413 ) ;
#3332 = CARTESIAN_POINT ( 'NONE',  ( 0.1500000000000000500, -1.196299098278714723, 3.177438508807640893 ) ) ;
#3333 = B_SPLINE_CURVE_WITH_KNOTS ( 'NONE', 3,
 ( #550, #2878, #1626, #3991, #6289, #2807, #6330, #5712, #478, #7468, #5179, #3417, #6838, #5727, #2173, #5000, #1067, #6265, #3320 ),
 .UNSPECIFIED., .F., .F.,
 ( 4, 1, 1, 1, 1, 1, 1, 1, 1, 1, 1, 1, 1, 1, 1, 1, 4 ),
 ( 0.000000000000000000, 0.05976299169351411561, 0.1172805286654414886, 0.1737810601989812354, 0.2299716577899075243, 0.2863422246229157531, 0.3439143870313887130, 0.4037445495042320531, 0.4656829089048377668, 0.5290373763041467114, 0.5923835737849099115, 0.6560844082766480456, 0.7211737435121023942, 0.7874172631891530605, 0.8553424504588463817, 0.9260885548903363684, 1.000000000000000000 ),
 .UNSPECIFIED. ) ;
#3334 = CARTESIAN_POINT ( 'NONE',  ( 0.09999999999999999167, -1.083157633904104022, 2.831551508098947512 ) ) ;
#3335 = EDGE_LOOP ( 'NONE', ( #2216, #5614, #987, #3884 ) ) ;
#3336 = DIRECTION ( 'NONE',  ( 1.000000000000000000, -0.000000000000000000, -0.000000000000000000 ) ) ;
#3337 = ORIENTED_EDGE ( 'NONE', *, *, #3830, .F. ) ;
#3338 = CARTESIAN_POINT ( 'NONE',  ( 0.09999999999999999167, -1.132617187499999956, 2.991673076923076824 ) ) ;
#3339 = CARTESIAN_POINT ( 'NONE',  ( 0.1499999999999999944, -1.104371995192307665, 3.316485276442307395 ) ) ;
#3340 = CARTESIAN_POINT ( 'NONE',  ( 0.1500000000000000500, -1.113376513506339816, 2.460752181539823891 ) ) ;
#3341 = CARTESIAN_POINT ( 'NONE',  ( 0.1499999999999999944, -1.009092935659098522, 3.588938500968953171 ) ) ;
#3342 = CARTESIAN_POINT ( 'NONE',  ( 0.09999999999999999167, -1.107304717150106477, 2.202086127965239282 ) ) ;
#3343 = DIRECTION ( 'NONE',  ( -1.000000000000000000, -0.000000000000000000, -0.000000000000000000 ) ) ;
#3344 = ORIENTED_EDGE ( 'NONE', *, *, #989, .T. ) ;
#3345 = CARTESIAN_POINT ( 'NONE',  ( 0.1499999999999999944, -1.202403846153846212, 2.379360877403846164 ) ) ;
#3346 = CARTESIAN_POINT ( 'NONE',  ( 0.1000000000000000056, 3.649999999999998579, 1.139960629999999808 ) ) ;
#3347 = CARTESIAN_POINT ( 'NONE',  ( 0.1499999999999999944, -1.080138219745139017, 2.357229415097884306 ) ) ;
#3348 = ORIENTED_EDGE ( 'NONE', *, *, #5339, .T. ) ;
#3349 = CARTESIAN_POINT ( 'NONE',  ( 0.1499999999999999944, -1.099479119765560897, 3.402676757905291449 ) ) ;
#3350 = EDGE_LOOP ( 'NONE', ( #644, #4555, #2727, #290 ) ) ;
#3351 = EDGE_LOOP ( 'NONE', ( #3602, #5685, #2086, #817 ) ) ;
#3352 = ORIENTED_EDGE ( 'NONE', *, *, #1225, .T. ) ;
#3353 = EDGE_CURVE ( 'NONE', #496, #2502, #1438, .T. ) ;
#3354 = LINE ( 'NONE', #2708, #1783 ) ;
#3355 = CARTESIAN_POINT ( 'NONE',  ( 0.1000000000000000194, -1.153666456751845759, 3.212316527331887883 ) ) ;
#3356 = EDGE_CURVE ( 'NONE', #447, #5595, #7143, .T. ) ;
#3357 = CARTESIAN_POINT ( 'NONE',  ( 0.1499999999999999944, -1.138364584050863382, 2.186270859941963796 ) ) ;
#3358 = CARTESIAN_POINT ( 'NONE',  ( 0.1500000000000000500, -1.166701386914075433, 2.303700679464168566 ) ) ;
#3359 = CARTESIAN_POINT ( 'NONE',  ( 0.1000000000000000056, -1.161538461538461409, 2.840080528846153918 ) ) ;
#3360 = CARTESIAN_POINT ( 'NONE',  ( 0.09999999999999997780, -1.177790401224700689, 3.567611416686174319 ) ) ;
#3361 = CARTESIAN_POINT ( 'NONE',  ( 0.1499999999999999944, -1.104371995192307665, 3.316485276442307395 ) ) ;
#3362 = APPROVAL ( #2578, 'UNSPECIFIED' ) ;
#3363 = CARTESIAN_POINT ( 'NONE',  ( 0.1000000000000000056, -1.113186623259341701, 2.194882111098109156 ) ) ;
#3364 = CARTESIAN_POINT ( 'NONE',  ( 0.1499999999999999944, -1.154326923076923084, 3.532658653846153740 ) ) ;
#3365 = EDGE_CURVE ( 'NONE', #3824, #6383, #7516, .T. ) ;
#3366 = CARTESIAN_POINT ( 'NONE',  ( 0.1499999999999999944, -1.089128770143575231, 2.227968083043019298 ) ) ;
#3367 = EDGE_CURVE ( 'NONE', #7187, #818, #5143, .T. ) ;
#3368 = VERTEX_POINT ( 'NONE', #3452 ) ;
#3369 = CARTESIAN_POINT ( 'NONE',  ( 0.1000000000000000056, 3.114921874281840974, 5.507721381357296941 ) ) ;
#3370 = CARTESIAN_POINT ( 'NONE',  ( 0.1000000000000000056, -1.197980126533989553, 3.172963037470491798 ) ) ;
#3371 = VECTOR ( 'NONE', #653, 39.37007874015748143 ) ;
#3372 = CARTESIAN_POINT ( 'NONE',  ( 0.1499999999999999944, -1.013448308986308222, 3.568440900199076893 ) ) ;
#3373 = APPROVAL_PERSON_ORGANIZATION ( #5414, #3362, #822 ) ;
#3374 = DIRECTION ( 'NONE',  ( -1.000000000000000000, -0.000000000000000000, -0.000000000000000000 ) ) ;
#3375 = VERTEX_POINT ( 'NONE', #3951 ) ;
#3376 = CARTESIAN_POINT ( 'NONE',  ( 0.1499999999999999667, -1.122997100115546765, 2.990980606463204072 ) ) ;
#3377 = CARTESIAN_POINT ( 'NONE',  ( 0.09999999999999997780, -1.101135298146713071, 3.317474180340564960 ) ) ;
#3378 = LINE ( 'NONE', #4558, #7135 ) ;
#3379 = CARTESIAN_POINT ( 'NONE',  ( 0.1000000000000000056, -1.203707894424064895, 3.631384309884189587 ) ) ;
#3380 = DIRECTION ( 'NONE',  ( 0.000000000000000000, 1.000000000000000000, 0.000000000000000000 ) ) ;
#3381 = CARTESIAN_POINT ( 'NONE',  ( 0.1499999999999999944, -1.077403846153845990, 3.356862379807692420 ) ) ;
#3382 = CARTESIAN_POINT ( 'NONE',  ( 0.1000000000000000056, -1.375000000000000444, 2.314960629999999853 ) ) ;
#3383 = EDGE_LOOP ( 'NONE', ( #127, #6350 ) ) ;
#3384 = CARTESIAN_POINT ( 'NONE',  ( 0.1500000000000000500, -1.182015639069140978, 2.206376924860490085 ) ) ;
#3385 = CARTESIAN_POINT ( 'NONE',  ( 0.1499999999999999944, -1.180226213557269199, 3.113158776081729862 ) ) ;
#3386 = CARTESIAN_POINT ( 'NONE',  ( 0.1500000000000000500, -1.080037551089143122, 2.438104663734552702 ) ) ;
#3387 = CARTESIAN_POINT ( 'NONE',  ( 0.09999999999999996392, -1.093301524348527121, 3.397146592476495197 ) ) ;
#3388 = ORIENTED_EDGE ( 'NONE', *, *, #2439, .F. ) ;
#3389 = DIRECTION ( 'NONE',  ( -1.000000000000000000, -0.000000000000000000, -0.000000000000000000 ) ) ;
#3390 = ORIENTED_EDGE ( 'NONE', *, *, #2571, .T. ) ;
#3391 = AXIS2_PLACEMENT_3D ( 'NONE', #5707, #1012, #3946 ) ;
#3392 = B_SPLINE_SURFACE_WITH_KNOTS ( 'NONE', 3, 1, ( 
 ( #6472, #1233 ),
 ( #3560, #5398 ),
 ( #4815, #156 ),
 ( #2490, #7149 ),
 ( #2991, #924 ),
 ( #6657, #4967 ),
 ( #7221, #1496 ),
 ( #1423, #3098 ),
 ( #3780, #2677 ),
 ( #7304, #766 ),
 ( #231, #4925 ) ),
 .UNSPECIFIED., .F., .F., .F.,
 ( 4, 1, 1, 1, 1, 1, 1, 1, 4 ),
 ( 2, 2 ),
 ( 0.000000000000000000, 0.1238781074150016870, 0.2451617325699673722, 0.3662520769245804497, 0.4874176226713938243, 0.6103911365302286951, 0.7360671816759566388, 0.8656502539162358456, 1.000000000000000000 ),
 ( 0.000000000000000000, 1.000000000000000000 ),
 .UNSPECIFIED. ) ;
#3393 = ORIENTED_EDGE ( 'NONE', *, *, #1289, .F. ) ;
#3394 = VECTOR ( 'NONE', #877, 39.37007874015748143 ) ;
#3395 = LINE ( 'NONE', #491, #2396 ) ;
#3396 = CARTESIAN_POINT ( 'NONE',  ( 0.09999999999999999167, -1.189983687309585703, 3.189368361728183832 ) ) ;
#3397 = CARTESIAN_POINT ( 'NONE',  ( 0.1500000000000000500, -1.109531817556060673, 2.435997095773212884 ) ) ;
#3398 = CARTESIAN_POINT ( 'NONE',  ( 0.1000000000000000472, -1.176474490098471604, 2.341877346902720980 ) ) ;
#3399 = CARTESIAN_POINT ( 'NONE',  ( 0.1000000000000000472, -1.165711982533038205, 2.159076401267139289 ) ) ;
#3400 = VERTEX_POINT ( 'NONE', #4562 ) ;
#3401 = ORIENTED_EDGE ( 'NONE', *, *, #6769, .F. ) ;
#3402 = CARTESIAN_POINT ( 'NONE',  ( 0.09999999999999997780, -1.202403846153846212, 3.140801682692307306 ) ) ;
#3403 = CIRCLE ( 'NONE', #5722, 0.06496063000000032450 ) ;
#3404 = CARTESIAN_POINT ( 'NONE',  ( 0.1000000000000000472, -1.202403846153846212, 2.900777644230769337 ) ) ;
#3405 = DIRECTION ( 'NONE',  ( 0.000000000000000000, 0.7767557487195034804, -0.6298019584212195543 ) ) ;
#3406 = ORIENTED_EDGE ( 'NONE', *, *, #2935, .T. ) ;
#3407 = CARTESIAN_POINT ( 'NONE',  ( 0.1000000000000000472, -1.054415644153236409, 3.536291987289026828 ) ) ;
#3408 = DIRECTION ( 'NONE',  ( 0.000000000000000000, 0.000000000000000000, -1.000000000000000000 ) ) ;
#3409 = CARTESIAN_POINT ( 'NONE',  ( 0.1499999999999999944, -1.010231485317245603, 3.581922177752814296 ) ) ;
#3410 = EDGE_CURVE ( 'NONE', #2831, #2294, #6779, .T. ) ;
#3411 = DIRECTION ( 'NONE',  ( -0.000000000000000000, 1.000000000000000000, 0.000000000000000000 ) ) ;
#3412 = ORIENTED_EDGE ( 'NONE', *, *, #3534, .T. ) ;
#3413 = DIRECTION ( 'NONE',  ( -1.000000000000000000, -0.000000000000000000, -0.000000000000000000 ) ) ;
#3414 = FACE_OUTER_BOUND ( 'NONE', #5555, .T. ) ;
#3415 = CARTESIAN_POINT ( 'NONE',  ( 0.1000000000000000056, 3.649999999999998579, 1.074999999999999734 ) ) ;
#3416 = CARTESIAN_POINT ( 'NONE',  ( 0.1499999999999999944, -1.176041628094067759, 3.697150746003400990 ) ) ;
#3417 = CARTESIAN_POINT ( 'NONE',  ( 0.1500000000000000500, -1.066309108419005724, 2.209518143135481338 ) ) ;
#3418 = LINE ( 'NONE', #7158, #4489 ) ;
#3419 = CARTESIAN_POINT ( 'NONE',  ( 0.1500000000000000500, -1.095845853365384537, 2.207057692307692331 ) ) ;
#3420 = CARTESIAN_POINT ( 'NONE',  ( 0.1000000000000000056, -1.189764579848475501, 2.327902039093532327 ) ) ;
#3421 = CARTESIAN_POINT ( 'NONE',  ( 0.09999999999999997780, -1.081129740628246738, 2.319351321177902214 ) ) ;
#3422 = ORIENTED_EDGE ( 'NONE', *, *, #5422, .F. ) ;
#3423 = CARTESIAN_POINT ( 'NONE',  ( 0.1000000000000000056, -1.185448324042654100, 2.193421555485066676 ) ) ;
#3424 = DIRECTION ( 'NONE',  ( 0.000000000000000000, 1.000000000000000000, 0.000000000000000000 ) ) ;
#3425 = CARTESIAN_POINT ( 'NONE',  ( 0.1000000000000000056, -1.499999999999999778, 4.000000000000000000 ) ) ;
#3426 = CARTESIAN_POINT ( 'NONE',  ( 0.1499999999999999944, -1.204735716006533286, 3.603339034913673355 ) ) ;
#3427 = CARTESIAN_POINT ( 'NONE',  ( 0.1499999999999999667, -1.083028812387790252, 2.164846435624326659 ) ) ;
#3428 = ORIENTED_EDGE ( 'NONE', *, *, #4018, .T. ) ;
#3429 = ORIENTED_EDGE ( 'NONE', *, *, #3829, .F. ) ;
#3430 = EDGE_CURVE ( 'NONE', #4250, #7079, #1627, .T. ) ;
#3431 = CARTESIAN_POINT ( 'NONE',  ( 0.1000000000000000194, -1.082376266918692709, 2.406249027890632775 ) ) ;
#3432 = CARTESIAN_POINT ( 'NONE',  ( 0.09999999999999999167, -1.096937826210948153, 2.954747773360171248 ) ) ;
#3433 = CARTESIAN_POINT ( 'NONE',  ( 0.1000000000000000194, -1.182459882209700108, 2.357312416639294028 ) ) ;
#3434 = CARTESIAN_POINT ( 'NONE',  ( 0.1499999999999999944, -1.154326923076923084, 3.532658653846153740 ) ) ;
#3435 = ORIENTED_EDGE ( 'NONE', *, *, #1957, .F. ) ;
#3436 = ORIENTED_EDGE ( 'NONE', *, *, #4203, .T. ) ;
#3437 = CARTESIAN_POINT ( 'NONE',  ( 0.1500000000000000500, -1.196317164515686260, 3.104294721518472855 ) ) ;
#3438 = CARTESIAN_POINT ( 'NONE',  ( 0.1499999999999999944, -1.131865985576923084, 2.463307692307691976 ) ) ;
#3439 = DIRECTION ( 'NONE',  ( 0.000000000000000000, 0.000000000000000000, -1.000000000000000000 ) ) ;
#3440 = ORIENTED_EDGE ( 'NONE', *, *, #565, .T. ) ;
#3441 = CARTESIAN_POINT ( 'NONE',  ( 0.1499999999999999944, -1.144184599388208934, 3.412820771475199244 ) ) ;
#3442 = CARTESIAN_POINT ( 'NONE',  ( 0.1000000000000000056, -1.060594353817079671, 3.350714146678413385 ) ) ;
#3443 = LINE ( 'NONE', #3288, #3148 ) ;
#3444 = FACE_OUTER_BOUND ( 'NONE', #6833, .T. ) ;
#3445 = CARTESIAN_POINT ( 'NONE',  ( 0.1499999999999999944, -1.132617187499999956, 2.991673076923076824 ) ) ;
#3446 = CARTESIAN_POINT ( 'NONE',  ( 0.1499999999999999944, -1.061821084985858699, 2.917969077066482342 ) ) ;
#3447 = EDGE_CURVE ( 'NONE', #1345, #6225, #2920, .T. ) ;
#3448 = CARTESIAN_POINT ( 'NONE',  ( 0.1499999999999999944, -1.088807000385054069, 2.205468344534379899 ) ) ;
#3449 = CARTESIAN_POINT ( 'NONE',  ( 0.1499999999999999944, -1.204807692307692246, 3.610746093749999996 ) ) ;
#3450 = CARTESIAN_POINT ( 'NONE',  ( 0.1499999999999999944, -1.091826923076923084, 2.153271634615384400 ) ) ;
#3451 = CARTESIAN_POINT ( 'NONE',  ( 0.1499999999999999944, -1.148683031438964663, 2.966468618501648447 ) ) ;
#3452 = CARTESIAN_POINT ( 'NONE',  ( 0.1000000000000000056, -1.096521935096153699, 2.228692307692307750 ) ) ;
#3453 = CARTESIAN_POINT ( 'NONE',  ( 0.1000000000000000056, -1.077448409231627213, 2.182703359787553143 ) ) ;
#3454 = VECTOR ( 'NONE', #3343, 39.37007874015748143 ) ;
#3455 = ADVANCED_FACE ( 'NONE', ( #3993 ), #4642, .T. ) ;
#3456 = CARTESIAN_POINT ( 'NONE',  ( 0.1499999999999999944, -1.007692307692307665, 3.412826923076923258 ) ) ;
#3457 = EDGE_CURVE ( 'NONE', #2847, #5517, #2902, .T. ) ;
#3458 = VERTEX_POINT ( 'NONE', #6403 ) ;
#3459 = CARTESIAN_POINT ( 'NONE',  ( 0.1000000000000000472, -1.151576213839881957, 2.460303764538071647 ) ) ;
#3460 = ADVANCED_FACE ( 'NONE', ( #5219 ), #391, .T. ) ;
#3461 = CARTESIAN_POINT ( 'NONE',  ( 0.1000000000000000056, 3.649999999999998579, 1.010039369999999659 ) ) ;
#3462 = CARTESIAN_POINT ( 'NONE',  ( 0.1499999999999999944, -1.118269230769230793, 2.439569711538461583 ) ) ;
#3463 = CARTESIAN_POINT ( 'NONE',  ( 0.1000000000000000056, -1.375000000000000444, 3.750000000000000000 ) ) ;
#3464 = CARTESIAN_POINT ( 'NONE',  ( 0.1000000000000000056, -1.134062809697171659, 2.196171310994013748 ) ) ;
#3465 = VECTOR ( 'NONE', #82, 39.37007874015748143 ) ;
#3466 = VERTEX_POINT ( 'NONE', #3489 ) ;
#3467 = B_SPLINE_CURVE_WITH_KNOTS ( 'NONE', 3,
 ( #1061, #6829, #3386, #2618, #4950, #7285, #905, #2695, #6219, #3844, #3803 ),
 .UNSPECIFIED., .F., .F.,
 ( 4, 1, 1, 1, 1, 1, 1, 1, 4 ),
 ( 0.000000000000000000, 0.1214335221383127522, 0.2412413609732482755, 0.3599050537499662306, 0.4806466543240084377, 0.6034960790989311041, 0.7300811986653387153, 0.8618099772796907754, 1.000000000000000000 ),
 .UNSPECIFIED. ) ;
#3468 = CARTESIAN_POINT ( 'NONE',  ( 0.1000000000000000194, -1.045387001352450884, 3.516578603941939107 ) ) ;
#3469 = CARTESIAN_POINT ( 'NONE',  ( 0.1000000000000000472, -1.105660344643994097, 2.962281898544657288 ) ) ;
#3470 = CARTESIAN_POINT ( 'NONE',  ( 0.1499999999999999944, -1.202403846153846212, 3.140801682692307306 ) ) ;
#3471 = CARTESIAN_POINT ( 'NONE',  ( 0.1500000000000000500, -1.179618177488705566, 2.168428770454107202 ) ) ;
#3472 = ORIENTED_EDGE ( 'NONE', *, *, #1915, .F. ) ;
#3473 = ORIENTED_EDGE ( 'NONE', *, *, #2508, .F. ) ;
#3474 = CARTESIAN_POINT ( 'NONE',  ( 0.1499999999999999944, -1.185576923076922862, 2.899650841346153918 ) ) ;
#3475 = CARTESIAN_POINT ( 'NONE',  ( 0.09999999999999999167, -1.082836430438029796, 2.200286031037509638 ) ) ;
#3476 = CARTESIAN_POINT ( 'NONE',  ( 0.09999999999999997780, -1.060576923076922862, 3.352204927884615326 ) ) ;
#3477 = DIRECTION ( 'NONE',  ( 0.000000000000000000, 0.000000000000000000, 1.000000000000000000 ) ) ;
#3478 = ORIENTED_EDGE ( 'NONE', *, *, #4628, .T. ) ;
#3479 = CARTESIAN_POINT ( 'NONE',  ( 0.1499999999999999944, -1.141631610576922862, 2.145421574519230656 ) ) ;
#3480 = DIRECTION ( 'NONE',  ( 1.000000000000000000, -0.000000000000000000, -0.000000000000000000 ) ) ;
#3481 = CARTESIAN_POINT ( 'NONE',  ( 0.1499999999999999944, -1.085367094641887187, 3.727136736454084609 ) ) ;
#3482 = DIRECTION ( 'NONE',  ( 0.000000000000000000, 0.000000000000000000, 1.000000000000000000 ) ) ;
#3483 = CYLINDRICAL_SURFACE ( 'NONE', #5309, 0.1000000000000000194 ) ;
#3484 = CARTESIAN_POINT ( 'NONE',  ( 0.1500000000000000500, -1.092081442743956687, 2.976520656202716442 ) ) ;
#3485 = CARTESIAN_POINT ( 'NONE',  ( 0.1499999999999999667, -1.136827120110422973, 2.150519000102075307 ) ) ;
#3486 = DIRECTION ( 'NONE',  ( 1.000000000000000000, 0.000000000000000000, 0.000000000000000000 ) ) ;
#3487 = DIRECTION ( 'NONE',  ( -1.000000000000000000, 0.000000000000000000, 0.000000000000000000 ) ) ;
#3488 = DIRECTION ( 'NONE',  ( 1.000000000000000000, -0.000000000000000000, -0.000000000000000000 ) ) ;
#3489 = CARTESIAN_POINT ( 'NONE',  ( 0.1500000000000000500, -1.108278245192307665, 2.201198317307692331 ) ) ;
#3490 = AXIS2_PLACEMENT_3D ( 'NONE', #1905, #4238, #4842 ) ;
#3491 = EDGE_CURVE ( 'NONE', #6389, #4573, #1166, .T. ) ;
#3492 = CARTESIAN_POINT ( 'NONE',  ( 0.1499999999999999944, -1.183849158653845990, 2.235903846153846075 ) ) ;
#3493 = EDGE_LOOP ( 'NONE', ( #6103, #7032 ) ) ;
#3494 = CARTESIAN_POINT ( 'NONE',  ( 0.1499999999999999944, -1.077403846153845990, 2.899801081730768892 ) ) ;
#3495 = VERTEX_POINT ( 'NONE', #592 ) ;
#3496 = EDGE_CURVE ( 'NONE', #4015, #648, #4774, .T. ) ;
#3497 = CARTESIAN_POINT ( 'NONE',  ( 0.1000000000000000056, -1.185970301546636296, 2.435339487694598404 ) ) ;
#3498 = CARTESIAN_POINT ( 'NONE',  ( 0.1000000000000000472, -1.108278245192307665, 2.201198317307692331 ) ) ;
#3499 = CARTESIAN_POINT ( 'NONE',  ( 0.1499999999999999944, -1.194929971851715900, 2.220624198681995676 ) ) ;
#3500 = CARTESIAN_POINT ( 'NONE',  ( 0.09999999999999993616, -1.167013178630853298, 3.516616186194574833 ) ) ;
#3501 = CARTESIAN_POINT ( 'NONE',  ( 0.1500000000000000500, -1.135559735697588168, 2.192778253821396905 ) ) ;
#3502 = EDGE_CURVE ( 'NONE', #3400, #6570, #3000, .T. ) ;
#3503 = EDGE_CURVE ( 'NONE', #7439, #6223, #3570, .T. ) ;
#3504 = EDGE_CURVE ( 'NONE', #3079, #2994, #4823, .T. ) ;
#3505 = EDGE_CURVE ( 'NONE', #5595, #1620, #6592, .T. ) ;
#3506 = ORIENTED_EDGE ( 'NONE', *, *, #6706, .F. ) ;
#3507 = CARTESIAN_POINT ( 'NONE',  ( 0.09999999999999999167, -1.011629599433808036, 3.575077234566806705 ) ) ;
#3508 = CARTESIAN_POINT ( 'NONE',  ( 0.1499999999999999944, -1.175755952594860876, 3.562802283177744833 ) ) ;
#3509 = CARTESIAN_POINT ( 'NONE',  ( 0.1499999999999999944, -1.199306044124080595, 3.168203467736586010 ) ) ;
#3510 = CARTESIAN_POINT ( 'NONE',  ( 0.1499999999999999944, -1.071477089786531334, 3.392625019152679666 ) ) ;
#3511 = VERTEX_POINT ( 'NONE', #2425 ) ;
#3512 = EDGE_CURVE ( 'NONE', #4664, #5026, #1770, .T. ) ;
#3513 = ORIENTED_EDGE ( 'NONE', *, *, #2048, .F. ) ;
#3514 = FACE_OUTER_BOUND ( 'NONE', #6738, .T. ) ;
#3515 = CIRCLE ( 'NONE', #1804, 0.06496063000000032450 ) ;
#3516 = VECTOR ( 'NONE', #3488, 39.37007874015748143 ) ;
#3517 = DIRECTION ( 'NONE',  ( -1.000000000000000000, -0.000000000000000000, -0.000000000000000000 ) ) ;
#3518 = CARTESIAN_POINT ( 'NONE',  ( 0.1500000000000000500, -1.176474490098471604, 2.341877346902720980 ) ) ;
#3519 = EDGE_LOOP ( 'NONE', ( #2410, #3802 ) ) ;
#3520 = CARTESIAN_POINT ( 'NONE',  ( 0.09999999999999999167, -1.095254751961534101, 2.228661421047172464 ) ) ;
#3521 = CARTESIAN_POINT ( 'NONE',  ( 0.1500000000000000500, -1.146631359679985751, 2.990207207139986778 ) ) ;
#3522 = CARTESIAN_POINT ( 'NONE',  ( 0.1000000000000000056, -1.080678752586310409, 3.725900102763839428 ) ) ;
#3523 = CIRCLE ( 'NONE', #4494, 0.06889763999999991284 ) ;
#3524 = CARTESIAN_POINT ( 'NONE',  ( 0.1499999999999999944, -1.092690805288461409, 2.823403846153846430 ) ) ;
#3525 = FACE_OUTER_BOUND ( 'NONE', #2050, .T. ) ;
#3526 = LINE ( 'NONE', #49, #1277 ) ;
#3527 = EDGE_LOOP ( 'NONE', ( #3753, #497, #1842, #6720, #708, #3294, #6174, #277, #2165, #5806 ) ) ;
#3528 = CARTESIAN_POINT ( 'NONE',  ( 0.09999999999999996392, -1.104743487538279334, 2.984913857640606238 ) ) ;
#3529 = CARTESIAN_POINT ( 'NONE',  ( 0.1000000000000000056, -1.180226213557269199, 3.113158776081729862 ) ) ;
#3530 = CARTESIAN_POINT ( 'NONE',  ( 0.1499999999999999944, -1.095845853365384537, 2.207057692307692331 ) ) ;
#3531 = LINE ( 'NONE', #6934, #2734 ) ;
#3532 = CARTESIAN_POINT ( 'NONE',  ( 0.1499999999999999944, -1.164606859683446904, 2.955820836467927037 ) ) ;
#3533 = CARTESIAN_POINT ( 'NONE',  ( 0.1499999999999999944, -1.130025540865384537, 3.292634615384615326 ) ) ;
#3534 = EDGE_CURVE ( 'NONE', #6421, #3315, #5145, .T. ) ;
#3535 = CARTESIAN_POINT ( 'NONE',  ( 0.1000000000000000056, -1.078515870541516986, 2.141606505365690971 ) ) ;
#3536 = ORIENTED_EDGE ( 'NONE', *, *, #1407, .F. ) ;
#3537 = CARTESIAN_POINT ( 'NONE',  ( 0.1500000000000000500, -1.170381526775278846, 3.099250821052523364 ) ) ;
#3538 = ORIENTED_EDGE ( 'NONE', *, *, #2941, .F. ) ;
#3539 = DIRECTION ( 'NONE',  ( -1.000000000000000000, -0.000000000000000000, -0.000000000000000000 ) ) ;
#3540 = CARTESIAN_POINT ( 'NONE',  ( 0.1500000000000000500, -1.170381526775278846, 3.099250821052523364 ) ) ;
#3541 = CARTESIAN_POINT ( 'NONE',  ( 0.1499999999999999944, -1.183849158653845990, 2.235903846153846075 ) ) ;
#3542 = CARTESIAN_POINT ( 'NONE',  ( 0.1499999999999999944, -1.191921070229804203, 3.550097308293943321 ) ) ;
#3543 = CARTESIAN_POINT ( 'NONE',  ( 0.1000000000000000056, -1.122359742289298579, 2.215934352474791869 ) ) ;
#3544 = ORIENTED_EDGE ( 'NONE', *, *, #1221, .F. ) ;
#3545 = CARTESIAN_POINT ( 'NONE',  ( 0.1499999999999999944, -1.162815504807692246, 2.137346153846154007 ) ) ;
#3546 = CARTESIAN_POINT ( 'NONE',  ( 0.1499999999999999944, -1.101442307692307665, 2.840080528846153918 ) ) ;
#3548 = EDGE_CURVE ( 'NONE', #4841, #80, #5043, .T. ) ;
#3547 = CARTESIAN_POINT ( 'NONE',  ( 0.09999999999999999167, -1.182544759100601528, 3.639632838137673687 ) ) ;
#3549 = DIRECTION ( 'NONE',  ( 0.000000000000000000, 0.000000000000000000, 1.000000000000000000 ) ) ;
#3550 = ORIENTED_EDGE ( 'NONE', *, *, #3410, .F. ) ;
#3551 = VERTEX_POINT ( 'NONE', #4790 ) ;
#3552 = CARTESIAN_POINT ( 'NONE',  ( 0.1499999999999999944, -1.185555666250795559, 3.142129460454158973 ) ) ;
#3553 = CARTESIAN_POINT ( 'NONE',  ( 0.1499999999999999944, -1.199999999999999956, 2.620038461538461316 ) ) ;
#3554 = EDGE_CURVE ( 'NONE', #7536, #1723, #828, .T. ) ;
#3555 = CARTESIAN_POINT ( 'NONE',  ( 0.1000000000000000056, -1.178726590398328611, 2.346607938843879193 ) ) ;
#3556 = VERTEX_POINT ( 'NONE', #5371 ) ;
#3557 = EDGE_LOOP ( 'NONE', ( #6660, #351, #6183, #985 ) ) ;
#3558 = CARTESIAN_POINT ( 'NONE',  ( 0.1499999999999999944, -1.118269230769230793, 2.316673076923077002 ) ) ;
#3559 = CARTESIAN_POINT ( 'NONE',  ( 0.09999999999999996392, -1.028859491775439672, 3.588372367485629599 ) ) ;
#3560 = CARTESIAN_POINT ( 'NONE',  ( 0.1500000000000000500, -1.089158637334450175, 2.311607221013593616 ) ) ;
#3561 = DIRECTION ( 'NONE',  ( -1.000000000000000000, -0.000000000000000000, -0.000000000000000000 ) ) ;
#3562 = DIRECTION ( 'NONE',  ( 0.000000000000000000, 0.000000000000000000, 1.000000000000000000 ) ) ;
#3563 = ORIENTED_EDGE ( 'NONE', *, *, #4110, .F. ) ;
#3564 = CARTESIAN_POINT ( 'NONE',  ( 0.1500000000000000500, -1.081206234953324019, 2.965278305567581096 ) ) ;
#3565 = LINE ( 'NONE', #1162, #419 ) ;
#3566 = AXIS2_PLACEMENT_3D ( 'NONE', #4805, #2550, #7140 ) ;
#3567 = CARTESIAN_POINT ( 'NONE',  ( 0.1000000000000000056, -1.026923076923076827, 3.611497295673076646 ) ) ;
#3568 = CARTESIAN_POINT ( 'NONE',  ( 0.09999999999999997780, -1.104743487538279334, 2.984913857640606238 ) ) ;
#3569 = CARTESIAN_POINT ( 'NONE',  ( 0.1000000000000000056, -1.199999999999999734, 3.434461538461538233 ) ) ;
#3570 = LINE ( 'NONE', #3533, #4126 ) ;
#3571 = CARTESIAN_POINT ( 'NONE',  ( 0.1000000000000000472, -1.071525042523621130, 2.150851133886336086 ) ) ;
#3572 = VERTEX_POINT ( 'NONE', #132 ) ;
#3573 = CARTESIAN_POINT ( 'NONE',  ( 0.1499999999999999944, -1.202403846153846212, 2.900777644230769337 ) ) ;
#3574 = ORIENTED_EDGE ( 'NONE', *, *, #1589, .F. ) ;
#3575 = CARTESIAN_POINT ( 'NONE',  ( 0.1499999999999999944, -1.106007451234232164, 3.294194932690452049 ) ) ;
#3576 = CARTESIAN_POINT ( 'NONE',  ( 0.1499999999999999944, -1.163529146634615152, 2.158980769230768981 ) ) ;
#3577 = DIRECTION ( 'NONE',  ( -0.000000000000000000, 1.000000000000000000, 0.000000000000000000 ) ) ;
#3578 = DIRECTION ( 'NONE',  ( 1.000000000000000000, 0.000000000000000000, 0.000000000000000000 ) ) ;
#3579 = CARTESIAN_POINT ( 'NONE',  ( 0.1499999999999999944, -1.043263476599004536, 3.670947224723213775 ) ) ;
#3580 = VERTEX_POINT ( 'NONE', #7124 ) ;
#3581 = FACE_OUTER_BOUND ( 'NONE', #5202, .T. ) ;
#3582 = DIRECTION ( 'NONE',  ( 0.000000000000000000, 0.000000000000000000, 1.000000000000000000 ) ) ;
#3583 = CARTESIAN_POINT ( 'NONE',  ( 0.09999999999999996392, -1.184269752034732059, 3.630191923431508982 ) ) ;
#3584 = CARTESIAN_POINT ( 'NONE',  ( 0.1499999999999999667, -1.065404999994888025, 2.162099366950544166 ) ) ;
#3585 = CARTESIAN_POINT ( 'NONE',  ( 0.1499999999999999944, -1.105160757211538503, 3.729173076923076646 ) ) ;
#3586 = ORIENTED_EDGE ( 'NONE', *, *, #4630, .T. ) ;
#3587 = FACE_OUTER_BOUND ( 'NONE', #5892, .T. ) ;
#3588 = EDGE_CURVE ( 'NONE', #4535, #1398, #5107, .T. ) ;
#3589 = CARTESIAN_POINT ( 'NONE',  ( 0.000000000000000000, 2.499999999999997780, 0.1249999999999994865 ) ) ;
#3590 = CARTESIAN_POINT ( 'NONE',  ( 0.1500000000000000500, -1.076194670243086460, 2.221694706636918593 ) ) ;
#3591 = AXIS2_PLACEMENT_3D ( 'NONE', #6819, #3336, #2606 ) ;
#3592 = ORIENTED_EDGE ( 'NONE', *, *, #3503, .T. ) ;
#3593 = DIRECTION ( 'NONE',  ( -1.000000000000000000, -0.000000000000000000, -0.000000000000000000 ) ) ;
#3594 = VECTOR ( 'NONE', #7456, 39.37007874015748143 ) ;
#3595 = AXIS2_PLACEMENT_3D ( 'NONE', #4409, #2689, #5636 ) ;
#3596 = CARTESIAN_POINT ( 'NONE',  ( 0.1499999999999999944, -1.148683031438964663, 2.966468618501648447 ) ) ;
#3597 = EDGE_CURVE ( 'NONE', #2353, #81, #59, .T. ) ;
#3598 = LINE ( 'NONE', #4703, #3371 ) ;
#3599 = CARTESIAN_POINT ( 'NONE',  ( 0.1000000000000000056, -1.189580834409187604, 2.845771650460193758 ) ) ;
#3600 = EDGE_CURVE ( 'NONE', #6083, #7248, #5406, .T. ) ;
#3601 = CARTESIAN_POINT ( 'NONE',  ( 0.1500000000000000500, -1.159923377403846212, 3.092536959134615682 ) ) ;
#3602 = ORIENTED_EDGE ( 'NONE', *, *, #5835, .F. ) ;
#3603 = CARTESIAN_POINT ( 'NONE',  ( 0.09999999999999996392, -1.113691010633384604, 2.988720385714677352 ) ) ;
#3604 = CARTESIAN_POINT ( 'NONE',  ( 0.1499999999999999667, -1.105752367554018623, 2.321732182496470287 ) ) ;
#3605 = CARTESIAN_POINT ( 'NONE',  ( 0.1499999999999999944, -1.126532451923076827, 3.089269230769230656 ) ) ;
#3606 = LINE ( 'NONE', #1350, #6451 ) ;
#3607 = DIRECTION ( 'NONE',  ( 0.000000000000000000, 0.000000000000000000, -1.000000000000000000 ) ) ;
#3608 = EDGE_CURVE ( 'NONE', #6820, #5303, #675, .T. ) ;
#3609 = LINE ( 'NONE', #5444, #5451 ) ;
#3610 = ORIENTED_EDGE ( 'NONE', *, *, #4635, .T. ) ;
#3611 = FACE_OUTER_BOUND ( 'NONE', #2168, .T. ) ;
#3612 = EDGE_LOOP ( 'NONE', ( #3238, #2480, #2581, #4174 ) ) ;
#3613 = CARTESIAN_POINT ( 'NONE',  ( 0.1499999999999999944, -1.080036224474819617, 3.305343738731452596 ) ) ;
#3614 = CARTESIAN_POINT ( 'NONE',  ( 0.000000000000000000, 1.125984251968504157, 3.068897639999999427 ) ) ;
#3615 = CARTESIAN_POINT ( 'NONE',  ( 0.1500000000000000500, -1.201239821783813388, 2.919453013744060854 ) ) ;
#3616 = DIRECTION ( 'NONE',  ( -1.000000000000000000, -0.000000000000000000, -0.000000000000000000 ) ) ;
#3617 = AXIS2_PLACEMENT_3D ( 'NONE', #2323, #1106, #1712 ) ;
#3618 = CARTESIAN_POINT ( 'NONE',  ( 0.1499999999999999944, -1.077460006022389338, 2.902268948354320255 ) ) ;
#3619 = CARTESIAN_POINT ( 'NONE',  ( 0.1499999999999999944, -1.026923076923076827, 3.611497295673076646 ) ) ;
#3620 = B_SPLINE_SURFACE_WITH_KNOTS ( 'NONE', 3, 1, ( 
 ( #3445, #3338 ),
 ( #1088, #546 ),
 ( #473, #508 ),
 ( #3376, #4598 ),
 ( #2766, #2955 ),
 ( #5367, #3603 ),
 ( #5402, #6553 ),
 ( #1161, #3528 ),
 ( #1729, #5893 ),
 ( #2378, #3032 ),
 ( #3484, #1764 ),
 ( #7080, #7043 ),
 ( #4099, #5930 ),
 ( #3564, #697 ),
 ( #1197, #2495 ),
 ( #3070, #4784 ),
 ( #5252, #5819 ),
 ( #6967, #5857 ),
 ( #161, #5294 ),
 ( #3641, #51 ),
 ( #4750, #4708 ),
 ( #15, #586 ),
 ( #128, #621 ),
 ( #2915, #4139 ),
 ( #2344, #1806 ),
 ( #4060, #4672 ),
 ( #6513, #2995 ) ),
 .UNSPECIFIED., .F., .F., .F.,
 ( 4, 1, 1, 1, 1, 1, 1, 1, 1, 1, 1, 1, 1, 1, 1, 1, 1, 1, 1, 1, 1, 1, 1, 1, 4 ),
 ( 2, 2 ),
 ( 0.000000000000000000, 0.03718779641969017363, 0.07402585657680890718, 0.1107465977730573842, 0.1473076803550231739, 0.1842256191244557861, 0.2218504251382223402, 0.2599028617959422971, 0.2989710118524626647, 0.3386116233803822539, 0.3781799505369087266, 0.4181052735527425734, 0.4583813382080311749, 0.4994045291624886751, 0.5411167449001432761, 0.5836728509265250997, 0.6274780468152415525, 0.6720391675839583190, 0.7168602304287221560, 0.7620867552246516352, 0.8078603949740833512, 0.8546506136838856182, 0.9019225000237989232, 0.9504400782974136153, 1.000000000000000000 ),
 ( 0.000000000000000000, 1.000000000000000000 ),
 .UNSPECIFIED. ) ;
#3621 = ORIENTED_EDGE ( 'NONE', *, *, #13, .F. ) ;
#3622 = CARTESIAN_POINT ( 'NONE',  ( 0.1000000000000000056, -1.127884615384616041, 2.708980769230768804 ) ) ;
#3623 = CARTESIAN_POINT ( 'NONE',  ( 0.1000000000000000472, -1.085675332570866347, 2.203232544225699918 ) ) ;
#3624 = DIRECTION ( 'NONE',  ( -1.000000000000000000, -0.000000000000000000, -0.000000000000000000 ) ) ;
#3625 = CARTESIAN_POINT ( 'NONE',  ( 0.1000000000000000056, -1.151414497043687257, 2.163908256939439667 ) ) ;
#3626 = DIRECTION ( 'NONE',  ( 0.000000000000000000, 0.000000000000000000, 1.000000000000000000 ) ) ;
#3627 = ORIENTED_EDGE ( 'NONE', *, *, #1359, .F. ) ;
#3628 = CARTESIAN_POINT ( 'NONE',  ( 0.1500000000000000500, -1.077572744230319568, 2.188486946316486659 ) ) ;
#3629 = DIRECTION ( 'NONE',  ( -1.000000000000000000, -0.000000000000000000, -0.000000000000000000 ) ) ;
#3630 = CARTESIAN_POINT ( 'NONE',  ( 0.09999999999999997780, -1.061159451593303160, 2.193634483139161873 ) ) ;
#3631 = CARTESIAN_POINT ( 'NONE',  ( 0.09999999999999999167, -1.130025540865384537, 3.292634615384615326 ) ) ;
#3632 = CARTESIAN_POINT ( 'NONE',  ( 0.1500000000000000500, -1.103457608922094213, 3.729137353543411137 ) ) ;
#3633 = VECTOR ( 'NONE', #5952, 39.37007874015748143 ) ;
#3634 = CIRCLE ( 'NONE', #340, 0.06496063000000011634 ) ;
#3635 = CYLINDRICAL_SURFACE ( 'NONE', #7526, 0.06496063000000011634 ) ;
#3636 = DIRECTION ( 'NONE',  ( 0.000000000000000000, 0.6298849429155891633, 0.7766884566466949469 ) ) ;
#3637 = AXIS2_PLACEMENT_3D ( 'NONE', #618, #2453, #125 ) ;
#3638 = ADVANCED_FACE ( 'NONE', ( #1468 ), #324, .T. ) ;
#3639 = CARTESIAN_POINT ( 'NONE',  ( 0.1000000000000000056, -1.182128267275704969, 2.404490221172356446 ) ) ;
#3640 = ORIENTED_EDGE ( 'NONE', *, *, #5835, .T. ) ;
#3641 = CARTESIAN_POINT ( 'NONE',  ( 0.1500000000000000500, -1.065815638858437220, 2.935482836747784319 ) ) ;
#3642 = CARTESIAN_POINT ( 'NONE',  ( 0.1000000000000000194, -1.087669872975007612, 2.827198139139186051 ) ) ;
#3643 = CARTESIAN_POINT ( 'NONE',  ( 0.1000000000000000194, -1.077764909350671374, 3.349123319511083441 ) ) ;
#3644 = EDGE_CURVE ( 'NONE', #4346, #2073, #2412, .T. ) ;
#3645 = CARTESIAN_POINT ( 'NONE',  ( 0.1000000000000000056, -1.499999999999999556, 1.999999999999999334 ) ) ;
#3646 = CARTESIAN_POINT ( 'NONE',  ( 0.1000000000000000056, 4.500000000000000888, 4.000000000000000888 ) ) ;
#3647 = DIRECTION ( 'NONE',  ( 1.000000000000000000, 0.000000000000000000, 0.000000000000000000 ) ) ;
#3648 = VERTEX_POINT ( 'NONE', #5888 ) ;
#3649 = CARTESIAN_POINT ( 'NONE',  ( 0.1000000000000000056, -1.170381526775278846, 3.099250821052523364 ) ) ;
#3650 = VERTEX_POINT ( 'NONE', #1876 ) ;
#3651 = CARTESIAN_POINT ( 'NONE',  ( 0.1499999999999999944, -1.161538461538461409, 2.840080528846153918 ) ) ;
#3652 = CARTESIAN_POINT ( 'NONE',  ( 0.1000000000000000194, -1.062923036012643152, 3.718533175700930560 ) ) ;
#3653 = CARTESIAN_POINT ( 'NONE',  ( 0.1500000000000000500, -1.016827317693731692, 3.558714149997193488 ) ) ;
#3654 = CARTESIAN_POINT ( 'NONE',  ( 0.1000000000000000056, -1.101194866394612726, 2.958824489271616898 ) ) ;
#3655 = CARTESIAN_POINT ( 'NONE',  ( 0.1499999999999999944, -1.172017728365384537, 3.701341045673076646 ) ) ;
#3656 = VERTEX_POINT ( 'NONE', #6507 ) ;
#3657 = CARTESIAN_POINT ( 'NONE',  ( 0.1499999999999999944, -1.188046034550912511, 2.148276232635609517 ) ) ;
#3658 = CARTESIAN_POINT ( 'NONE',  ( 0.1499999999999999944, -1.066875418538705267, 2.860186960564071068 ) ) ;
#3659 = CARTESIAN_POINT ( 'NONE',  ( 0.09999999999999993616, -1.153258327219494062, 2.162183850611655522 ) ) ;
#3660 = CARTESIAN_POINT ( 'NONE',  ( 0.1499999999999999944, -1.202403846153846212, 3.140801682692307306 ) ) ;
#3661 = ORIENTED_EDGE ( 'NONE', *, *, #6168, .T. ) ;
#3662 = CARTESIAN_POINT ( 'NONE',  ( 0.1499999999999999944, -1.060576923076922862, 2.899087439903845986 ) ) ;
#3663 = EDGE_CURVE ( 'NONE', #3375, #3191, #2032, .T. ) ;
#3664 = CARTESIAN_POINT ( 'NONE',  ( 0.1499999999999999944, -1.066088594266432210, 3.695227861604948316 ) ) ;
#3665 = CARTESIAN_POINT ( 'NONE',  ( 0.1000000000000000056, -1.185543412747020575, 2.379096541541192433 ) ) ;
#3666 = CARTESIAN_POINT ( 'NONE',  ( 0.1000000000000000056, -1.117630709134615374, 2.220804687499999819 ) ) ;
#3667 = CARTESIAN_POINT ( 'NONE',  ( 0.1499999999999999944, -1.034604886542791480, 3.694121462888446228 ) ) ;
#3668 = LINE ( 'NONE', #5363, #3726 ) ;
#3669 = CARTESIAN_POINT ( 'NONE',  ( 0.1499999999999999944, -1.202389939747617875, 2.898673427730523944 ) ) ;
#3670 = VECTOR ( 'NONE', #966, 39.37007874015748143 ) ;
#3671 = CARTESIAN_POINT ( 'NONE',  ( 0.1000000000000000194, -1.170774092905392472, 2.138186073457378100 ) ) ;
#3672 = ORIENTED_EDGE ( 'NONE', *, *, #4453, .F. ) ;
#3673 = CARTESIAN_POINT ( 'NONE',  ( 0.09999999999999997780, -1.172209027004478932, 3.180448463265512782 ) ) ;
#3674 = CARTESIAN_POINT ( 'NONE',  ( 0.09999999999999996392, -1.105752367554018623, 2.321732182496470287 ) ) ;
#3675 = CARTESIAN_POINT ( 'NONE',  ( 0.1499999999999999944, -1.199999999999999956, 3.434461538461538233 ) ) ;
#3676 = LINE ( 'NONE', #5370, #1199 ) ;
#3677 = CARTESIAN_POINT ( 'NONE',  ( 0.1000000000000000194, -1.133681263419233032, 3.314274139104613326 ) ) ;
#3678 = CARTESIAN_POINT ( 'NONE',  ( 0.1499999999999999944, -1.026942028658551109, 3.609506063623069583 ) ) ;
#3679 = ORIENTED_EDGE ( 'NONE', *, *, #6398, .F. ) ;
#3680 = DIRECTION ( 'NONE',  ( -1.000000000000000000, -0.000000000000000000, -0.000000000000000000 ) ) ;
#3681 = ADVANCED_FACE ( 'NONE', ( #2338 ), #5456, .T. ) ;
#3682 = ORIENTED_EDGE ( 'NONE', *, *, #5050, .T. ) ;
#3683 = CARTESIAN_POINT ( 'NONE',  ( 0.1000000000000000056, -1.202403846153846212, 3.140801682692307306 ) ) ;
#3684 = CARTESIAN_POINT ( 'NONE',  ( 0.1499999999999999944, -1.067508471536754877, 3.385150477603220409 ) ) ;
#3685 = CARTESIAN_POINT ( 'NONE',  ( 0.1499999999999999944, -1.165727197675556104, 2.981643970671747024 ) ) ;
#3686 = CARTESIAN_POINT ( 'NONE',  ( 0.1499999999999999667, -1.110328421392415832, 2.965121465623525410 ) ) ;
#3687 = CARTESIAN_POINT ( 'NONE',  ( 0.1000000000000000056, -1.172302068600834302, 2.221360299918130998 ) ) ;
#3688 = EDGE_CURVE ( 'NONE', #1320, #61, #4355, .T. ) ;
#3689 = EDGE_CURVE ( 'NONE', #4073, #5010, #5434, .T. ) ;
#3690 = ADVANCED_FACE ( 'NONE', ( #4395 ), #5574, .T. ) ;
#3691 = ORIENTED_EDGE ( 'NONE', *, *, #6504, .F. ) ;
#3692 = CARTESIAN_POINT ( 'NONE',  ( 0.1000000000000000472, -1.200862349633553094, 2.172218495908035951 ) ) ;
#3693 = FACE_OUTER_BOUND ( 'NONE', #7570, .T. ) ;
#3694 = CARTESIAN_POINT ( 'NONE',  ( 0.1000000000000000056, -1.202403846153846212, 3.140801682692307306 ) ) ;
#3695 = CARTESIAN_POINT ( 'NONE',  ( 0.1500000000000000500, -1.199307548081585351, 3.113474113364999685 ) ) ;
#3696 = EDGE_LOOP ( 'NONE', ( #3758, #3945, #7314, #2440 ) ) ;
#3697 = CARTESIAN_POINT ( 'NONE',  ( 0.1000000000000000056, -1.096415947967988247, 2.452638718444109411 ) ) ;
#3698 = CARTESIAN_POINT ( 'NONE',  ( 0.1499999999999999944, -1.131114783653845990, 2.970038461538460961 ) ) ;
#3699 = CARTESIAN_POINT ( 'NONE',  ( 0.1499999999999999944, -1.107787228956027548, 2.226816210158492737 ) ) ;
#3700 = CARTESIAN_POINT ( 'NONE',  ( 0.1500000000000000500, -1.090249399038461631, 2.420301382211538677 ) ) ;
#3701 = CARTESIAN_POINT ( 'NONE',  ( 0.1000000000000000194, -1.111711332401578156, 2.318839299666829668 ) ) ;
#3702 = CARTESIAN_POINT ( 'NONE',  ( 0.09999999999999999167, -1.164539608514700619, 3.186758325306771500 ) ) ;
#3703 = CARTESIAN_POINT ( 'NONE',  ( 0.1499999999999999944, -1.141785300538260772, 3.192209724711761343 ) ) ;
#3704 = LINE ( 'NONE', #6038, #7152 ) ;
#3705 = CARTESIAN_POINT ( 'NONE',  ( 0.1499999999999999944, -1.122400841346153699, 2.176521334134615238 ) ) ;
#3706 = VECTOR ( 'NONE', #4061, 39.37007874015748143 ) ;
#3707 = CARTESIAN_POINT ( 'NONE',  ( 0.09999999999999999167, -1.185537265545767660, 2.383206732097740144 ) ) ;
#3708 = EDGE_LOOP ( 'NONE', ( #3301, #5664, #4518, #2398 ) ) ;
#3709 = DIRECTION ( 'NONE',  ( -1.000000000000000000, -0.000000000000000000, -0.000000000000000000 ) ) ;
#3710 = DIRECTION ( 'NONE',  ( 1.000000000000000000, 0.000000000000000000, 0.000000000000000000 ) ) ;
#3711 = DIRECTION ( 'NONE',  ( 0.000000000000000000, 1.000000000000000000, 0.000000000000000000 ) ) ;
#3712 = CARTESIAN_POINT ( 'NONE',  ( 0.1000000000000000056, -1.154326923076923084, 3.532658653846153740 ) ) ;
#3713 = CARTESIAN_POINT ( 'NONE',  ( 0.09999999999999999167, -1.090486522092390720, 3.393879065439942000 ) ) ;
#3714 = CARTESIAN_POINT ( 'NONE',  ( 0.1499999999999999944, -1.085392668201099475, 2.315150694853372659 ) ) ;
#3715 = CARTESIAN_POINT ( 'NONE',  ( 0.1499999999999999944, -1.060576923076922862, 2.184521634615384400 ) ) ;
#3716 = ORIENTED_EDGE ( 'NONE', *, *, #102, .T. ) ;
#3717 = LINE ( 'NONE', #6630, #2042 ) ;
#3718 = ORIENTED_EDGE ( 'NONE', *, *, #1120, .F. ) ;
#3719 = CARTESIAN_POINT ( 'NONE',  ( 0.1499999999999999667, -1.123449776385251564, 3.292706120407527415 ) ) ;
#3720 = CARTESIAN_POINT ( 'NONE',  ( 0.1000000000000000472, -1.014527679395395898, 3.657497298267021080 ) ) ;
#3721 = CARTESIAN_POINT ( 'NONE',  ( 0.1500000000000000500, -1.109397218183554745, 3.315473117533895842 ) ) ;
#3722 = CALENDAR_DATE ( 2026, 27, 4 ) ;
#3723 = CARTESIAN_POINT ( 'NONE',  ( 0.1500000000000000500, -1.083428140438413623, 2.933613271925261223 ) ) ;
#3724 = DIRECTION ( 'NONE',  ( -1.000000000000000000, -0.000000000000000000, -0.000000000000000000 ) ) ;
#3725 = ORIENTED_EDGE ( 'NONE', *, *, #4765, .T. ) ;
#3726 = VECTOR ( 'NONE', #582, 39.37007874015748143 ) ;
#3727 = CARTESIAN_POINT ( 'NONE',  ( 0.1000000000000000472, -1.140344915882989474, 2.181845551006126538 ) ) ;
#3728 = CARTESIAN_POINT ( 'NONE',  ( 0.1499999999999999667, -1.184766147943505876, 3.196045286549051845 ) ) ;
#3729 = CARTESIAN_POINT ( 'NONE',  ( 0.1000000000000000056, -1.375000000000000444, 3.685039370000000147 ) ) ;
#3730 = DIRECTION ( 'NONE',  ( 0.000000000000000000, 0.000000000000000000, -1.000000000000000000 ) ) ;
#3731 = EDGE_LOOP ( 'NONE', ( #2053, #6577, #1576, #3843 ) ) ;
#3732 = EDGE_CURVE ( 'NONE', #6225, #2034, #5778, .T. ) ;
#3733 = EDGE_CURVE ( 'NONE', #5956, #5169, #2676, .T. ) ;
#3734 = CARTESIAN_POINT ( 'NONE',  ( 0.1000000000000000056, -1.113376513506339816, 2.460752181539823891 ) ) ;
#3735 = CARTESIAN_POINT ( 'NONE',  ( 0.1500000000000000500, -1.115226452559443526, 2.967321129298388538 ) ) ;
#3736 = B_SPLINE_SURFACE_WITH_KNOTS ( 'NONE', 3, 1, ( 
 ( #2329, #4874 ),
 ( #3618, #4267 ),
 ( #4304, #716 ),
 ( #6385, #3052 ),
 ( #2544, #5382 ),
 ( #1970, #1404 ),
 ( #3723, #141 ),
 ( #1719, #2470 ),
 ( #1365, #4833 ),
 ( #4228, #6568 ),
 ( #5807, #4798 ),
 ( #784, #3654 ),
 ( #7169, #1936 ),
 ( #3686, #5985 ),
 ( #750, #6019 ),
 ( #5454, #3084 ),
 ( #212, #5415 ),
 ( #536, #2864 ),
 ( #5205, #7537 ) ),
 .UNSPECIFIED., .F., .F., .F.,
 ( 4, 1, 1, 1, 1, 1, 1, 1, 1, 1, 1, 1, 1, 1, 1, 1, 4 ),
 ( 2, 2 ),
 ( 0.000000000000000000, 0.07538041863356456651, 0.1480183761909429629, 0.2179976470007869982, 0.2856144269355257448, 0.3519032885996891680, 0.4172579648187013657, 0.4816694478545574531, 0.5460820660045282438, 0.6090029094054182357, 0.6687761388360377035, 0.7257589291498739437, 0.7811753292910766922, 0.8352616701628916562, 0.8893263775791658832, 0.9440857925406479501, 1.000000000000000000 ),
 ( 0.000000000000000000, 1.000000000000000000 ),
 .UNSPECIFIED. ) ;
#3737 = CARTESIAN_POINT ( 'NONE',  ( 0.1000000000000000056, -1.117630709134615374, 2.220804687499999819 ) ) ;
#3738 = CYLINDRICAL_SURFACE ( 'NONE', #1756, 0.06889763999999991284 ) ;
#3739 = CARTESIAN_POINT ( 'NONE',  ( 0.1000000000000000194, -1.127782124307215250, 2.991566563909583198 ) ) ;
#3740 = ADVANCED_FACE ( 'NONE', ( #2134 ), #2705, .T. ) ;
#3741 = LINE ( 'NONE', #4888, #7424 ) ;
#3742 = CARTESIAN_POINT ( 'NONE',  ( 0.1500000000000000500, -1.043032036553237063, 3.703361669783874266 ) ) ;
#3743 = FACE_OUTER_BOUND ( 'NONE', #3257, .T. ) ;
#3744 = CARTESIAN_POINT ( 'NONE',  ( 0.09999999999999997780, -1.202389939747617875, 2.898673427730523944 ) ) ;
#3745 = LINE ( 'NONE', #5508, #381 ) ;
#3746 = VERTEX_POINT ( 'NONE', #5200 ) ;
#3747 = CARTESIAN_POINT ( 'NONE',  ( 0.1000000000000000056, -1.174455857006330151, 3.177831236846479168 ) ) ;
#3748 = CARTESIAN_POINT ( 'NONE',  ( 0.1000000000000000194, -1.061558455969479509, 2.882980904448540382 ) ) ;
#3749 = CARTESIAN_POINT ( 'NONE',  ( 0.1500000000000000500, -1.043032036553237063, 3.703361669783874266 ) ) ;
#3750 = AXIS2_PLACEMENT_3D ( 'NONE', #4571, #2814, #6448 ) ;
#3751 = CARTESIAN_POINT ( 'NONE',  ( 0.1000000000000000194, -1.047666678942152707, 3.544236094439094042 ) ) ;
#3752 = DIRECTION ( 'NONE',  ( 0.000000000000000000, 0.8747142690023176348, -0.4846389868796578959 ) ) ;
#3753 = ORIENTED_EDGE ( 'NONE', *, *, #1387, .F. ) ;
#3754 = AXIS2_PLACEMENT_3D ( 'NONE', #1653, #6889, #5173 ) ;
#3755 = EDGE_CURVE ( 'NONE', #541, #88, #1787, .T. ) ;
#3756 = VECTOR ( 'NONE', #4603, 39.37007874015748143 ) ;
#3757 = DIRECTION ( 'NONE',  ( 0.000000000000000000, -0.4646775507925878235, 0.8854799680339482393 ) ) ;
#3758 = ORIENTED_EDGE ( 'NONE', *, *, #3175, .F. ) ;
#3759 = CARTESIAN_POINT ( 'NONE',  ( 0.1499999999999999944, -1.074803169091790744, 3.310532073356328819 ) ) ;
#3760 = CARTESIAN_POINT ( 'NONE',  ( 0.1499999999999999944, -1.092683085418885369, 2.423445077793924707 ) ) ;
#3761 = CARTESIAN_POINT ( 'NONE',  ( 0.1500000000000000500, -1.123992438971129104, 3.727607969547274358 ) ) ;
#3762 = CARTESIAN_POINT ( 'NONE',  ( 0.1500000000000000500, -1.184904083510873063, 2.145371210668074458 ) ) ;
#3763 = CARTESIAN_POINT ( 'NONE',  ( 0.1500000000000000500, -1.060660809542175009, 2.382919520200744046 ) ) ;
#3764 = B_SPLINE_CURVE_WITH_KNOTS ( 'NONE', 3,
 ( #378, #2709, #4352, #5501, #3854, #5159, #2211, #6872, #4538, #453, #492, #3396, #2821, #1068, #5728, #3929, #1607, #6266, #1028, #1637, #5689, #3355, #2785, #5122, #7449, #3967, #6304 ),
 .UNSPECIFIED., .F., .F.,
 ( 4, 1, 1, 1, 1, 1, 1, 1, 1, 1, 1, 1, 1, 1, 1, 1, 1, 1, 1, 1, 1, 1, 1, 1, 4 ),
 ( 0.000000000000000000, 0.04992013727733222300, 0.09774971415056486757, 0.1436015359857227836, 0.1876036215156093034, 0.2301348056778664830, 0.2710128302890641439, 0.3105906561141221767, 0.3491371390687215692, 0.3865342510814714916, 0.4227092320331147790, 0.4582121986150056170, 0.4929616420561044321, 0.5273719897905945198, 0.5614441510652337097, 0.5955719590315962098, 0.6295983935132433151, 0.6650341442489544619, 0.7031528767664204649, 0.7444170993081438148, 0.7884711242802299180, 0.8361662336837039078, 0.8869789766310172130, 0.9416585864235291758, 1.000000000000000000 ),
 .UNSPECIFIED. ) ;
#3765 = AXIS2_PLACEMENT_3D ( 'NONE', #4866, #1773, #5302 ) ;
#3766 = EDGE_LOOP ( 'NONE', ( #3536, #3309, #410, #834 ) ) ;
#3767 = CARTESIAN_POINT ( 'NONE',  ( 0.1000000000000000472, -1.184904083510873063, 2.145371210668074458 ) ) ;
#3768 = CARTESIAN_POINT ( 'NONE',  ( 0.1499999999999999944, -1.062980769230769118, 3.192634615384615238 ) ) ;
#3769 = CARTESIAN_POINT ( 'NONE',  ( 0.1000000000000000056, -1.178424944706132127, 3.528610239948450467 ) ) ;
#3770 = CARTESIAN_POINT ( 'NONE',  ( 0.1500000000000000777, -1.151576213839881957, 2.460303764538071647 ) ) ;
#3771 = ORIENTED_EDGE ( 'NONE', *, *, #4227, .T. ) ;
#3772 = CARTESIAN_POINT ( 'NONE',  ( 0.1499999999999999944, -1.066264712670254244, 2.160436582898469293 ) ) ;
#3773 = CARTESIAN_POINT ( 'NONE',  ( 0.09999999999999996392, -1.066088594266432210, 3.695227861604948316 ) ) ;
#3774 = CARTESIAN_POINT ( 'NONE',  ( 0.1499999999999999944, -1.077403846153845990, 2.378572115384615326 ) ) ;
#3775 = EDGE_CURVE ( 'NONE', #472, #1442, #1144, .T. ) ;
#3776 = CARTESIAN_POINT ( 'NONE',  ( 0.1000000000000000056, -1.114598268504405798, 3.410134357719170950 ) ) ;
#3777 = CARTESIAN_POINT ( 'NONE',  ( 0.1000000000000000194, -1.064195665869528185, 2.929802583091779766 ) ) ;
#3778 = CARTESIAN_POINT ( 'NONE',  ( 0.1000000000000000194, -1.184615455493979841, 3.153493424706286685 ) ) ;
#3779 = CARTESIAN_POINT ( 'NONE',  ( 0.09999999999999999167, -1.157760246580881613, 3.189802945804851131 ) ) ;
#3780 = CARTESIAN_POINT ( 'NONE',  ( 0.1500000000000000500, -1.128183056823199193, 2.295244823720864247 ) ) ;
#3781 = CARTESIAN_POINT ( 'NONE',  ( 0.09999999999999997780, -1.201294134192038232, 2.882442528956354000 ) ) ;
#3782 = EDGE_CURVE ( 'NONE', #2644, #6444, #5235, .T. ) ;
#3783 = CARTESIAN_POINT ( 'NONE',  ( 0.1499999999999999944, -1.201692982575263802, 3.644248544846650173 ) ) ;
#3784 = VERTEX_POINT ( 'NONE', #6381 ) ;
#3785 = CARTESIAN_POINT ( 'NONE',  ( 0.1499999999999999944, -1.185555666250795559, 3.142129460454158973 ) ) ;
#3786 = CARTESIAN_POINT ( 'NONE',  ( 0.1499999999999999944, -1.202385995932591101, 3.142805510386172063 ) ) ;
#3787 = B_SPLINE_CURVE_WITH_KNOTS ( 'NONE', 3,
 ( #377, #1178, #5766, #2892, #4043, #4011, #3431, #4082, #6457, #2931, #530 ),
 .UNSPECIFIED., .F., .F.,
 ( 4, 1, 1, 1, 1, 1, 1, 1, 4 ),
 ( 0.000000000000000000, 0.1345069480512220139, 0.2645796678174628380, 0.3909529048879186175, 0.5150281772063185493, 0.6372573684628632940, 0.7576210755821171094, 0.8787574440185215163, 1.000000000000000000 ),
 .UNSPECIFIED. ) ;
#3788 = CARTESIAN_POINT ( 'NONE',  ( 0.1500000000000000500, -1.103457608922094213, 3.729137353543411137 ) ) ;
#3789 = CARTESIAN_POINT ( 'NONE',  ( 0.09999999999999999167, -1.056919012990679141, 3.533871298943001005 ) ) ;
#3790 = CARTESIAN_POINT ( 'NONE',  ( 0.000000000000000000, 8.195543980992789655E-16, 0.000000000000000000 ) ) ;
#3791 = ORIENTED_EDGE ( 'NONE', *, *, #3356, .T. ) ;
#3792 = LINE ( 'NONE', #6164, #6530 ) ;
#3793 = ORIENTED_EDGE ( 'NONE', *, *, #3491, .F. ) ;
#3794 = DIRECTION ( 'NONE',  ( 1.000000000000000000, -0.000000000000000000, -0.000000000000000000 ) ) ;
#3795 = CARTESIAN_POINT ( 'NONE',  ( 0.1500000000000000500, -1.109159926501981364, 2.987034144110704226 ) ) ;
#3796 = DIRECTION ( 'NONE',  ( 0.000000000000000000, 0.000000000000000000, -1.000000000000000000 ) ) ;
#3797 = CARTESIAN_POINT ( 'NONE',  ( 0.09999999999999993616, -1.165123701422912994, 3.707966298351239587 ) ) ;
#3798 = APPROVAL_STATUS ( 'not_yet_approved' ) ;
#3799 = DIRECTION ( 'NONE',  ( 0.000000000000000000, 0.000000000000000000, -1.000000000000000000 ) ) ;
#3800 = CARTESIAN_POINT ( 'NONE',  ( 0.1499999999999999944, -1.007692307692307665, 3.611046574519230834 ) ) ;
#3801 = B_SPLINE_SURFACE_WITH_KNOTS ( 'NONE', 3, 1, ( 
 ( #7383, #6082 ),
 ( #3863, #6154 ),
 ( #2104, #6697 ),
 ( #5049, #7223 ),
 ( #350, #5625 ),
 ( #4398, #3823 ),
 ( #6115, #6770 ) ),
 .UNSPECIFIED., .F., .F., .F.,
 ( 4, 1, 1, 1, 4 ),
 ( 2, 2 ),
 ( 0.000000000000000000, 0.2442690555257736040, 0.4860628017696880243, 0.7334572452068355286, 0.9999999999999998890 ),
 ( 0.000000000000000000, 1.000000000000000000 ),
 .UNSPECIFIED. ) ;
#3802 = ORIENTED_EDGE ( 'NONE', *, *, #3044, .F. ) ;
#3803 = CARTESIAN_POINT ( 'NONE',  ( 0.1500000000000000500, -1.060576923076923084, 2.379623798076923258 ) ) ;
#3804 = AXIS2_PLACEMENT_3D ( 'NONE', #2245, #1710, #5230 ) ;
#3805 = DIRECTION ( 'NONE',  ( -0.000000000000000000, 1.000000000000000000, 1.365923996832131363E-16 ) ) ;
#3806 = FACE_OUTER_BOUND ( 'NONE', #4954, .T. ) ;
#3807 = CARTESIAN_POINT ( 'NONE',  ( 0.1500000000000000500, -1.090680317993826032, 2.154557239750859221 ) ) ;
#3808 = ORIENTED_EDGE ( 'NONE', *, *, #2331, .F. ) ;
#3809 = FACE_OUTER_BOUND ( 'NONE', #2624, .T. ) ;
#3810 = ORIENTED_EDGE ( 'NONE', *, *, #4384, .F. ) ;
#3811 = CARTESIAN_POINT ( 'NONE',  ( 0.1499999999999999944, -1.106437800480769118, 3.707538461538461227 ) ) ;
#3812 = CARTESIAN_POINT ( 'NONE',  ( 0.1499999999999999944, -1.116083250123739656, 2.222024346840922426 ) ) ;
#3813 = CARTESIAN_POINT ( 'NONE',  ( 0.000000000000000000, 1.125984251968504157, 2.999999999999999556 ) ) ;
#3814 = CARTESIAN_POINT ( 'NONE',  ( 0.1499999999999999944, -1.118269230769230793, 2.316673076923077002 ) ) ;
#3815 = CARTESIAN_POINT ( 'NONE',  ( 0.1499999999999999944, -1.154722983790398061, 3.091041753292724792 ) ) ;
#3816 = CARTESIAN_POINT ( 'NONE',  ( 0.1499999999999999944, -1.199085627393971176, 3.568693728369392915 ) ) ;
#3817 = CARTESIAN_POINT ( 'NONE',  ( 0.09999999999999999167, -1.149805355011824792, 3.191477028044811259 ) ) ;
#3818 = ADVANCED_FACE ( 'NONE', ( #606 ), #6556, .T. ) ;
#3819 = AXIS2_PLACEMENT_3D ( 'NONE', #2692, #2652, #6097 ) ;
#3820 = CARTESIAN_POINT ( 'NONE',  ( 0.1000000000000000194, -1.159750370227895511, 2.434492981769119879 ) ) ;
#3821 = CARTESIAN_POINT ( 'NONE',  ( 0.09999999999999992228, -1.134468767261763045, 2.153735076176249041 ) ) ;
#3822 = EDGE_CURVE ( 'NONE', #4370, #2106, #1684, .T. ) ;
#3823 = CARTESIAN_POINT ( 'NONE',  ( 0.09999999999999997780, -1.151414497043687257, 2.163908256939439667 ) ) ;
#3824 = VERTEX_POINT ( 'NONE', #1715 ) ;
#3825 = CARTESIAN_POINT ( 'NONE',  ( 0.1000000000000000056, -1.167235342722279468, 3.184885761803342152 ) ) ;
#3826 = CARTESIAN_POINT ( 'NONE',  ( 0.1000000000000000472, -1.153666456751845759, 3.212316527331887883 ) ) ;
#3827 = B_SPLINE_CURVE_WITH_KNOTS ( 'NONE', 3,
 ( #3099, #3136, #5474, #4322, #1343, #1951, #6002, #767, #2561, #7185, #7222 ),
 .UNSPECIFIED., .F., .F.,
 ( 4, 1, 1, 1, 1, 1, 1, 1, 4 ),
 ( 0.000000000000000000, 0.07398935630611648551, 0.1611770966799930260, 0.2639804423200456385, 0.3809982339639859661, 0.5135879054444405512, 0.6596830343724978674, 0.8221832735971529305, 1.000000000000000000 ),
 .UNSPECIFIED. ) ;
#3828 = CARTESIAN_POINT ( 'NONE',  ( 0.1499999999999999944, -1.072304595434914631, 2.847179960373041219 ) ) ;
#3829 = EDGE_CURVE ( 'NONE', #7171, #38, #1581, .T. ) ;
#3830 = EDGE_CURVE ( 'NONE', #4549, #2826, #2584, .T. ) ;
#3831 = VECTOR ( 'NONE', #2381, 39.37007874015748143 ) ;
#3832 = VERTEX_POINT ( 'NONE', #5528 ) ;
#3833 = ADVANCED_FACE ( 'NONE', ( #3693 ), #2046, .T. ) ;
#3834 = DIRECTION ( 'NONE',  ( 0.000000000000000000, -1.000000000000000000, 0.000000000000000000 ) ) ;
#3835 = ORIENTED_EDGE ( 'NONE', *, *, #4068, .T. ) ;
#3836 = CARTESIAN_POINT ( 'NONE',  ( 0.1499999999999999944, -1.070302550322373758, 3.316677970415889742 ) ) ;
#3837 = CARTESIAN_POINT ( 'NONE',  ( 0.1499999999999999667, -1.104743487538279334, 2.984913857640606238 ) ) ;
#3838 = LINE ( 'NONE', #6169, #7505 ) ;
#3839 = FACE_OUTER_BOUND ( 'NONE', #1744, .T. ) ;
#3840 = EDGE_CURVE ( 'NONE', #7062, #5098, #2948, .T. ) ;
#3841 = CARTESIAN_POINT ( 'NONE',  ( 0.1499999999999999944, -1.101135298146713071, 3.317474180340564960 ) ) ;
#3842 = CARTESIAN_POINT ( 'NONE',  ( 0.1499999999999999944, -1.135096153846153699, 2.441673076923077002 ) ) ;
#3843 = ORIENTED_EDGE ( 'NONE', *, *, #3367, .T. ) ;
#3844 = CARTESIAN_POINT ( 'NONE',  ( 0.1500000000000000500, -1.060660809542175009, 2.382919520200744046 ) ) ;
#3845 = CARTESIAN_POINT ( 'NONE',  ( 0.1499999999999999944, -1.077550949479708420, 2.371316639836771767 ) ) ;
#3846 = CARTESIAN_POINT ( 'NONE',  ( 0.1000000000000000194, -1.203445680221939984, 3.588949982326901100 ) ) ;
#3847 = CARTESIAN_POINT ( 'NONE',  ( 0.1500000000000000500, -1.093301524348527121, 3.397146592476495197 ) ) ;
#3848 = ORIENTED_EDGE ( 'NONE', *, *, #4628, .F. ) ;
#3849 = CARTESIAN_POINT ( 'NONE',  ( 0.09999999999999997780, -1.075621261240249371, 2.326420834216198941 ) ) ;
#3850 = ORIENTED_EDGE ( 'NONE', *, *, #3365, .T. ) ;
#3851 = DIRECTION ( 'NONE',  ( 1.000000000000000000, 0.000000000000000000, 0.000000000000000000 ) ) ;
#3852 = CARTESIAN_POINT ( 'NONE',  ( 0.1000000000000000056, -1.102278739126991480, 2.228445396442250814 ) ) ;
#3853 = DIRECTION ( 'NONE',  ( -1.000000000000000000, -0.000000000000000000, -0.000000000000000000 ) ) ;
#3854 = CARTESIAN_POINT ( 'NONE',  ( 0.09999999999999999167, -1.201339992582550531, 3.157975697237464185 ) ) ;
#3855 = CARTESIAN_POINT ( 'NONE',  ( 0.1000000000000000194, -1.109531817556060673, 2.435997095773212884 ) ) ;
#3856 = CARTESIAN_POINT ( 'NONE',  ( 0.1499999999999999944, -1.189764579848475501, 2.327902039093532327 ) ) ;
#3857 = DIRECTION ( 'NONE',  ( 0.000000000000000000, 0.000000000000000000, -1.000000000000000000 ) ) ;
#3858 = CARTESIAN_POINT ( 'NONE',  ( 0.09999999999999999167, -1.101894560866267359, 2.431582717289067386 ) ) ;
#3859 = AXIS2_PLACEMENT_3D ( 'NONE', #6001, #2634, #1384 ) ;
#3860 = DIRECTION ( 'NONE',  ( 0.000000000000000000, 0.000000000000000000, -1.000000000000000000 ) ) ;
#3861 = CARTESIAN_POINT ( 'NONE',  ( 0.1000000000000000056, -1.202777379875459740, 3.637906779740283536 ) ) ;
#3862 = LINE ( 'NONE', #2139, #2986 ) ;
#3863 = CARTESIAN_POINT ( 'NONE',  ( 0.1499999999999999944, -1.162330837703748454, 2.159053859810401210 ) ) ;
#3864 = ORIENTED_EDGE ( 'NONE', *, *, #4, .F. ) ;
#3865 = CARTESIAN_POINT ( 'NONE',  ( 0.09999999999999999167, -1.034839706490017885, 3.567216051835813140 ) ) ;
#3866 = CARTESIAN_POINT ( 'NONE',  ( 0.1499999999999999944, -1.199306044124080595, 3.168203467736586010 ) ) ;
#3867 = B_SPLINE_SURFACE_WITH_KNOTS ( 'NONE', 3, 1, ( 
 ( #1325, #1247 ),
 ( #671, #1856 ),
 ( #4186, #6523 ),
 ( #1285, #5980 ),
 ( #3220, #7274 ),
 ( #247, #935 ),
 ( #4445, #6166 ),
 ( #5019, #4868 ),
 ( #4982, #1965 ),
 ( #3260, #6093 ),
 ( #3836, #6128 ),
 ( #2575, #5596 ),
 ( #3759, #358 ),
 ( #4371, #7200 ),
 ( #280, #3150 ),
 ( #4906, #5486 ),
 ( #5520, #2539 ),
 ( #819, #780 ),
 ( #858, #5556 ),
 ( #4297, #7233 ),
 ( #2687, #6782 ),
 ( #6633, #3185 ),
 ( #1998, #1399 ),
 ( #7354, #2608 ),
 ( #3719, #4940 ),
 ( #6709, #4334 ),
 ( #6670, #2035 ) ),
 .UNSPECIFIED., .F., .F., .F.,
 ( 4, 1, 1, 1, 1, 1, 1, 1, 1, 1, 1, 1, 1, 1, 1, 1, 1, 1, 1, 1, 1, 1, 1, 1, 4 ),
 ( 2, 2 ),
 ( 0.000000000000000000, 0.04257013679151460533, 0.08385147140240116481, 0.1243113993852064253, 0.1640778821857784842, 0.2030336969946205383, 0.2417160649264094296, 0.2801746178575147406, 0.3182387479490711435, 0.3557733732016170047, 0.3925733542262236919, 0.4282062407525394909, 0.4633785363532778034, 0.4983081923023747750, 0.5329363127865078820, 0.5672546594625550442, 0.6021641719611069421, 0.6386570448822840307, 0.6786911673781574894, 0.7218861081383682876, 0.7692972202450315544, 0.8208861075257907203, 0.8761864819233986523, 0.9359772775904320330, 1.000000000000000000 ),
 ( 0.000000000000000000, 1.000000000000000000 ),
 .UNSPECIFIED. ) ;
#3868 = CARTESIAN_POINT ( 'NONE',  ( 0.1499999999999999667, -1.095076781942885713, 3.728710240521870833 ) ) ;
#3869 = VERTEX_POINT ( 'NONE', #2619 ) ;
#3870 = CARTESIAN_POINT ( 'NONE',  ( 0.1499999999999999944, -1.136335637019230793, 2.191019531249999819 ) ) ;
#3871 = ORIENTED_EDGE ( 'NONE', *, *, #5978, .F. ) ;
#3872 = CARTESIAN_POINT ( 'NONE',  ( 0.1500000000000000500, -1.109923496983366231, 2.199460755919558252 ) ) ;
#3873 = CARTESIAN_POINT ( 'NONE',  ( 0.09999999999999996392, -1.106437800480769118, 3.707538461538461227 ) ) ;
#3874 = ADVANCED_FACE ( 'NONE', ( #4951 ), #7286, .F. ) ;
#3875 = CARTESIAN_POINT ( 'NONE',  ( 0.000000000000000000, 1.500000000000000444, 2.999999999999999556 ) ) ;
#3876 = CARTESIAN_POINT ( 'NONE',  ( 0.09999999999999997780, -1.123992438971129104, 3.727607969547274358 ) ) ;
#3877 = DIRECTION ( 'NONE',  ( -1.000000000000000000, -0.000000000000000000, -0.000000000000000000 ) ) ;
#3878 = CARTESIAN_POINT ( 'NONE',  ( 0.1499999999999999944, -1.150628434712682058, 2.439008841948157258 ) ) ;
#3879 = AXIS2_PLACEMENT_3D ( 'NONE', #6334, #1094, #1016 ) ;
#3880 = AXIS2_PLACEMENT_3D ( 'NONE', #5731, #1678, #5125 ) ;
#3881 = ORIENTED_EDGE ( 'NONE', *, *, #7568, .T. ) ;
#3882 = CARTESIAN_POINT ( 'NONE',  ( 0.09999999999999999167, -1.109397218183554745, 3.315473117533895842 ) ) ;
#3883 = CARTESIAN_POINT ( 'NONE',  ( 0.1500000000000000500, -1.077478845956300946, 3.361444117758298766 ) ) ;
#3884 = ORIENTED_EDGE ( 'NONE', *, *, #232, .T. ) ;
#3885 = CARTESIAN_POINT ( 'NONE',  ( 0.1499999999999999944, -1.202342448612778281, 2.382556309031147013 ) ) ;
#3886 = ORIENTED_EDGE ( 'NONE', *, *, #4899, .F. ) ;
#3887 = VERTEX_POINT ( 'NONE', #181 ) ;
#3888 = CARTESIAN_POINT ( 'NONE',  ( 0.1000000000000000056, 1.125984251968504157, 2.931102359999999685 ) ) ;
#3889 = CARTESIAN_POINT ( 'NONE',  ( 0.1499999999999999944, -1.165482271634615374, 3.515230769230769159 ) ) ;
#3890 = CARTESIAN_POINT ( 'NONE',  ( 0.1000000000000000056, -1.146283304511720891, 2.141753938065007468 ) ) ;
#3891 = CARTESIAN_POINT ( 'NONE',  ( 0.09999999999999999167, -1.201294134192038232, 2.882442528956354000 ) ) ;
#3892 = CARTESIAN_POINT ( 'NONE',  ( 0.09999999999999999167, -1.077460006022389338, 2.902268948354320255 ) ) ;
#3893 = CARTESIAN_POINT ( 'NONE',  ( 0.1000000000000000194, -1.169742331813428127, 2.450837932304315459 ) ) ;
#3894 = CARTESIAN_POINT ( 'NONE',  ( 0.1500000000000000500, -1.182054364398703372, 2.172278046329075174 ) ) ;
#3895 = CARTESIAN_POINT ( 'NONE',  ( 0.1000000000000000194, -1.116746485408242062, 2.439013646616258857 ) ) ;
#3896 = CARTESIAN_POINT ( 'NONE',  ( 0.1500000000000000500, -1.192333524057841210, 3.096145270694265594 ) ) ;
#3897 = EDGE_CURVE ( 'NONE', #1853, #5956, #1940, .T. ) ;
#3898 = CARTESIAN_POINT ( 'NONE',  ( 0.1000000000000000056, -1.186416876802121489, 3.683260918505341763 ) ) ;
#3899 = CARTESIAN_POINT ( 'NONE',  ( 0.09999999999999999167, -1.095845853365384537, 2.207057692307692331 ) ) ;
#3900 = CARTESIAN_POINT ( 'NONE',  ( 0.1499999999999999944, -1.183217687018489395, 3.688075730715661749 ) ) ;
#3901 = ORIENTED_EDGE ( 'NONE', *, *, #5334, .T. ) ;
#3902 = CARTESIAN_POINT ( 'NONE',  ( 0.1000000000000000056, -1.164257117826806853, 2.159012662314247155 ) ) ;
#3903 = CARTESIAN_POINT ( 'NONE',  ( 0.1499999999999999667, -1.158889401149716170, 3.211198159142100828 ) ) ;
#3904 = CARTESIAN_POINT ( 'NONE',  ( 0.1500000000000000500, -1.050663146226080258, 3.710221526852209184 ) ) ;
#3905 = VERTEX_POINT ( 'NONE', #1373 ) ;
#3906 = CARTESIAN_POINT ( 'NONE',  ( 0.1000000000000000056, -1.154722983790398061, 3.091041753292724792 ) ) ;
#3907 = EDGE_LOOP ( 'NONE', ( #6698, #3112, #3725, #5153 ) ) ;
#3908 = CARTESIAN_POINT ( 'NONE',  ( 0.1499999999999999944, -1.091826923076923084, 2.153271634615384400 ) ) ;
#3909 = CARTESIAN_POINT ( 'NONE',  ( 0.1500000000000000500, -1.078295338348248311, 3.345509347721165927 ) ) ;
#3910 = CARTESIAN_POINT ( 'NONE',  ( 0.1000000000000000056, 4.375000000000000000, 3.750000000000000000 ) ) ;
#3911 = CARTESIAN_POINT ( 'NONE',  ( 0.1000000000000000194, -1.137572405939672349, 3.700756085735394940 ) ) ;
#3912 = CARTESIAN_POINT ( 'NONE',  ( 0.1499999999999999944, -1.127012253875338210, 2.209338781484754932 ) ) ;
#3913 = CARTESIAN_POINT ( 'NONE',  ( 0.1499999999999999944, -1.062980769230769118, 3.089269230769230656 ) ) ;
#3914 = EDGE_CURVE ( 'NONE', #4377, #6708, #1216, .T. ) ;
#3915 = AXIS2_PLACEMENT_3D ( 'NONE', #159, #4705, #6511 ) ;
#3916 = VERTEX_POINT ( 'NONE', #5681 ) ;
#3917 = CARTESIAN_POINT ( 'NONE',  ( 0.1500000000000000500, -1.183610720248317927, 2.202116923716174401 ) ) ;
#3918 = DIRECTION ( 'NONE',  ( -1.000000000000000000, -0.000000000000000000, -0.000000000000000000 ) ) ;
#3919 = CARTESIAN_POINT ( 'NONE',  ( 0.1499999999999999944, -1.077403846153845990, 2.378572115384615326 ) ) ;
#3920 = VERTEX_POINT ( 'NONE', #1669 ) ;
#3921 = CARTESIAN_POINT ( 'NONE',  ( 0.09999999999999999167, -1.078246386864291084, 2.176357279044414561 ) ) ;
#3922 = ORIENTED_EDGE ( 'NONE', *, *, #726, .T. ) ;
#3923 = EDGE_CURVE ( 'NONE', #3650, #1853, #3943, .T. ) ;
#3924 = ADVANCED_FACE ( 'NONE', ( #5152 ), #5025, .T. ) ;
#3925 = ORIENTED_EDGE ( 'NONE', *, *, #6072, .F. ) ;
#3926 = PLANE ( 'NONE',  #5114 ) ;
#3927 = ORIENTED_EDGE ( 'NONE', *, *, #6064, .T. ) ;
#3928 = CARTESIAN_POINT ( 'NONE',  ( 0.1000000000000000056, -1.141631610576922862, 2.145421574519230656 ) ) ;
#3929 = CARTESIAN_POINT ( 'NONE',  ( 0.09999999999999999167, -1.178692023610732997, 3.201647725726953553 ) ) ;
#3930 = CARTESIAN_POINT ( 'NONE',  ( 0.09999999999999999167, -1.113776089332473518, 2.437928939281008400 ) ) ;
#3931 = CARTESIAN_POINT ( 'NONE',  ( 0.1000000000000000056, -1.185543412747020575, 2.379096541541192433 ) ) ;
#3932 = CARTESIAN_POINT ( 'NONE',  ( 0.1000000000000000472, -1.185372678547522929, 2.890853471848624956 ) ) ;
#3933 = CARTESIAN_POINT ( 'NONE',  ( 0.09999999999999993616, -1.179666303245988201, 3.572508495870664991 ) ) ;
#3934 = FACE_BOUND ( 'NONE', #7128, .T. ) ;
#3935 = CARTESIAN_POINT ( 'NONE',  ( 0.1000000000000000472, -1.192056329135492199, 3.673066326210502996 ) ) ;
#3936 = CARTESIAN_POINT ( 'NONE',  ( 0.1000000000000000056, -1.126532451923076827, 3.192634615384615238 ) ) ;
#3937 = CARTESIAN_POINT ( 'NONE',  ( 0.1499999999999999944, -1.083256657145658775, 2.865958474964146241 ) ) ;
#3938 = ORIENTED_EDGE ( 'NONE', *, *, #6315, .F. ) ;
#3939 = CARTESIAN_POINT ( 'NONE',  ( 0.1499999999999999944, -1.116581890685154788, 3.410650460966519582 ) ) ;
#3940 = CARTESIAN_POINT ( 'NONE',  ( 0.1500000000000000777, -1.163657245439365884, 3.209831899834463709 ) ) ;
#3941 = CARTESIAN_POINT ( 'NONE',  ( 0.1000000000000000472, -1.108278245192307665, 2.201198317307692331 ) ) ;
#3942 = EDGE_LOOP ( 'NONE', ( #3176, #3298, #3344, #5270 ) ) ;
#3943 = B_SPLINE_CURVE_WITH_KNOTS ( 'NONE', 3,
 ( #446, #368, #5566, #2739, #2776, #5113, #6750, #7442, #4572, #6904, #5069, #6256, #7402, #2696, #2815 ),
 .UNSPECIFIED., .F., .F.,
 ( 4, 1, 1, 1, 1, 1, 1, 1, 1, 1, 1, 1, 4 ),
 ( 0.000000000000000000, 0.08571253111447608986, 0.1681352216751776929, 0.2479387330539277456, 0.3258815603871708100, 0.4032100260489439036, 0.4810047710755422368, 0.5599863549605116342, 0.6408835777920902643, 0.7245193525007679325, 0.8118583412765183471, 0.9034010047924178055, 0.9999999999999998890 ),
 .UNSPECIFIED. ) ;
#3944 = CARTESIAN_POINT ( 'NONE',  ( 0.09999999999999997780, -1.181892427145812441, 3.082930441894356832 ) ) ;
#3945 = ORIENTED_EDGE ( 'NONE', *, *, #1124, .T. ) ;
#3946 = DIRECTION ( 'NONE',  ( 0.000000000000000000, 0.000000000000000000, 1.000000000000000000 ) ) ;
#3947 = FACE_OUTER_BOUND ( 'NONE', #442, .T. ) ;
#3948 = CARTESIAN_POINT ( 'NONE',  ( 0.1000000000000000194, -1.164997619771148463, 3.544819128858562429 ) ) ;
#3949 = CARTESIAN_POINT ( 'NONE',  ( 0.000000000000000000, 4.375000000000000000, 2.249999999999999556 ) ) ;
#3950 = DIRECTION ( 'NONE',  ( -1.000000000000000000, -0.000000000000000000, -0.000000000000000000 ) ) ;
#3951 = CARTESIAN_POINT ( 'NONE',  ( 0.1499999999999999944, -1.131114783653845990, 2.970038461538460961 ) ) ;
#3952 = LINE ( 'NONE', #3382, #2112 ) ;
#3953 = VECTOR ( 'NONE', #3834, 39.37007874015748143 ) ;
#3954 = CIRCLE ( 'NONE', #2855, 0.06496063000000121268 ) ;
#3955 = ORIENTED_EDGE ( 'NONE', *, *, #5884, .F. ) ;
#3956 = CARTESIAN_POINT ( 'NONE',  ( 0.1499999999999999667, -1.177473650907901792, 2.214700856829455944 ) ) ;
#3957 = AXIS2_PLACEMENT_3D ( 'NONE', #1956, #4287, #6625 ) ;
#3958 = AXIS2_PLACEMENT_3D ( 'NONE', #5378, #138, #6671 ) ;
#3959 = CARTESIAN_POINT ( 'NONE',  ( 0.1499999999999999944, -1.131967118298512931, 3.192623508660996201 ) ) ;
#3960 = CARTESIAN_POINT ( 'NONE',  ( 0.09999999999999996392, -1.125004753341741770, 3.314416612594910383 ) ) ;
#3961 = CARTESIAN_POINT ( 'NONE',  ( 0.09999999999999996392, -1.083214380691437384, 3.382764425542026832 ) ) ;
#3962 = ORIENTED_EDGE ( 'NONE', *, *, #6454, .F. ) ;
#3963 = CARTESIAN_POINT ( 'NONE',  ( 0.1000000000000000056, -1.120047284817365929, 2.218586303004873805 ) ) ;
#3964 = VERTEX_POINT ( 'NONE', #6792 ) ;
#3965 = ORIENTED_EDGE ( 'NONE', *, *, #2762, .T. ) ;
#3966 = LINE ( 'NONE', #5158, #5686 ) ;
#3967 = CARTESIAN_POINT ( 'NONE',  ( 0.1000000000000000056, -1.130789789945720880, 3.214251767085689160 ) ) ;
#3968 = CARTESIAN_POINT ( 'NONE',  ( 0.09999999999999999167, -1.118269230769230793, 2.439569711538461583 ) ) ;
#3970 = EDGE_CURVE ( 'NONE', #3466, #296, #2218, .T. ) ;
#3969 = CARTESIAN_POINT ( 'NONE',  ( 0.1000000000000000056, -1.197160339806581097, 2.414465816851776303 ) ) ;
#3971 = CARTESIAN_POINT ( 'NONE',  ( 0.09999999999999997780, -1.184079368431045109, 2.177455719566368408 ) ) ;
#3972 = CARTESIAN_POINT ( 'NONE',  ( 0.09999999999999997780, -1.185559630433673517, 3.608228822279517356 ) ) ;
#3973 = ORIENTED_EDGE ( 'NONE', *, *, #4574, .T. ) ;
#3974 = CARTESIAN_POINT ( 'NONE',  ( 0.1500000000000000500, -1.201339605306056990, 3.123665310336175782 ) ) ;
#3975 = ADVANCED_FACE ( 'NONE', ( #7019 ), #1742, .T. ) ;
#3976 = CARTESIAN_POINT ( 'NONE',  ( 0.1000000000000000056, -1.176041628094067759, 3.697150746003400990 ) ) ;
#3977 = CARTESIAN_POINT ( 'NONE',  ( 0.1000000000000000194, -1.146631359679985751, 2.990207207139986778 ) ) ;
#3978 = CARTESIAN_POINT ( 'NONE',  ( 0.1000000000000000056, -1.083256657145658775, 2.865958474964146241 ) ) ;
#3979 = ORIENTED_EDGE ( 'NONE', *, *, #6920, .F. ) ;
#3980 = CARTESIAN_POINT ( 'NONE',  ( 0.1000000000000000056, -1.169902505022740513, 2.160181971597720185 ) ) ;
#3981 = CARTESIAN_POINT ( 'NONE',  ( 0.1499999999999999667, -1.177038747309804290, 2.971877882427076401 ) ) ;
#3982 = CIRCLE ( 'NONE', #4466, 0.06496063000000011634 ) ;
#3983 = LINE ( 'NONE', #7461, #4244 ) ;
#3984 = CC_DESIGN_APPROVAL ( #2100, ( #2337 ) ) ;
#3985 = FACE_OUTER_BOUND ( 'NONE', #6455, .T. ) ;
#3986 = ORIENTED_EDGE ( 'NONE', *, *, #3430, .F. ) ;
#3987 = CARTESIAN_POINT ( 'NONE',  ( 0.1000000000000000056, -1.007692307692307665, 2.725807692307692154 ) ) ;
#3988 = CARTESIAN_POINT ( 'NONE',  ( 0.1000000000000000056, 4.375000000000000000, 2.314960630000001185 ) ) ;
#3989 = CARTESIAN_POINT ( 'NONE',  ( 0.1499999999999999389, -1.153258327219494062, 2.162183850611655522 ) ) ;
#3990 = CARTESIAN_POINT ( 'NONE',  ( 0.1499999999999999944, -1.179753940486482744, 3.692699802055399161 ) ) ;
#3991 = CARTESIAN_POINT ( 'NONE',  ( 0.1499999999999999944, -1.089128770143575231, 2.227968083043019298 ) ) ;
#3992 = CARTESIAN_POINT ( 'NONE',  ( 0.1500000000000000500, -1.183981210804543105, 2.918524594206385103 ) ) ;
#3993 = FACE_OUTER_BOUND ( 'NONE', #609, .T. ) ;
#3994 = CARTESIAN_POINT ( 'NONE',  ( 0.09999999999999999167, -1.176489409186554536, 2.311410081294687835 ) ) ;
#3995 = EDGE_CURVE ( 'NONE', #1320, #4377, #1212, .T. ) ;
#3996 = CARTESIAN_POINT ( 'NONE',  ( 0.1500000000000000777, -1.070933907784116235, 2.333995849886510765 ) ) ;
#3997 = ORIENTED_EDGE ( 'NONE', *, *, #754, .T. ) ;
#3998 = CARTESIAN_POINT ( 'NONE',  ( 0.1500000000000000500, -1.185448324042654100, 2.193421555485066676 ) ) ;
#3999 = DIRECTION ( 'NONE',  ( -0.000000000000000000, 1.000000000000000000, 0.000000000000000000 ) ) ;
#4000 = DIRECTION ( 'NONE',  ( 0.000000000000000000, 0.000000000000000000, 1.000000000000000000 ) ) ;
#4001 = CARTESIAN_POINT ( 'NONE',  ( 0.1499999999999999944, -1.079923161441790569, 3.374615567282002626 ) ) ;
#4002 = VECTOR ( 'NONE', #7395, 39.37007874015748143 ) ;
#4003 = ORIENTED_EDGE ( 'NONE', *, *, #7108, .T. ) ;
#4004 = CARTESIAN_POINT ( 'NONE',  ( 0.1499999999999999944, -1.151546909042259648, 2.139245829616195138 ) ) ;
#4005 = EDGE_LOOP ( 'NONE', ( #6632, #3871, #4759, #7231 ) ) ;
#4006 = AXIS2_PLACEMENT_3D ( 'NONE', #4480, #3413, #2154 ) ;
#4007 = AXIS2_PLACEMENT_3D ( 'NONE', #4926, #6081, #5507 ) ;
#4008 = ORIENTED_EDGE ( 'NONE', *, *, #1593, .T. ) ;
#4009 = B_SPLINE_CURVE_WITH_KNOTS ( 'NONE', 3,
 ( #1988, #387, #5544, #2064, #1537, #6196, #235, #3293, #6733, #1499, #306 ),
 .UNSPECIFIED., .F., .F.,
 ( 4, 1, 1, 1, 1, 1, 1, 1, 4 ),
 ( 0.000000000000000000, 0.1347975311870697190, 0.2643509167020410278, 0.3897872249135497236, 0.5123471595257821365, 0.6333599281151202076, 0.7537198271580691777, 0.8757847387662087701, 1.000000000000000000 ),
 .UNSPECIFIED. ) ;
#4010 = CIRCLE ( 'NONE', #108, 0.06889763999999991284 ) ;
#4011 = CARTESIAN_POINT ( 'NONE',  ( 0.09999999999999999167, -1.080496692378294821, 2.401148184721923151 ) ) ;
#4012 = CARTESIAN_POINT ( 'NONE',  ( 0.1500000000000000500, -1.140344915882989474, 2.181845551006126538 ) ) ;
#4013 = CARTESIAN_POINT ( 'NONE',  ( 0.1499999999999999944, -1.202356368328062031, 2.376466839747192417 ) ) ;
#4014 = CARTESIAN_POINT ( 'NONE',  ( 0.1000000000000000056, -1.171887677761226820, 2.161135214697419205 ) ) ;
#4015 = VERTEX_POINT ( 'NONE', #5266 ) ;
#4016 = ORIENTED_EDGE ( 'NONE', *, *, #796, .T. ) ;
#4017 = FACE_BOUND ( 'NONE', #6012, .T. ) ;
#4018 = EDGE_CURVE ( 'NONE', #5682, #4903, #1138, .T. ) ;
#4019 = LINE ( 'NONE', #423, #293 ) ;
#4020 = PLANE ( 'NONE',  #5994 ) ;
#4021 = EDGE_LOOP ( 'NONE', ( #1298, #7284 ) ) ;
#4022 = CARTESIAN_POINT ( 'NONE',  ( 0.1000000000000000056, -1.116581890685154788, 3.410650460966519582 ) ) ;
#4023 = CARTESIAN_POINT ( 'NONE',  ( 0.09999999999999997780, -1.060576923076922862, 3.352204927884615326 ) ) ;
#4024 = CARTESIAN_POINT ( 'NONE',  ( 0.000000000000000000, 1.125984251968504157, 2.931102359999999685 ) ) ;
#4025 = EDGE_CURVE ( 'NONE', #4912, #1253, #4687, .T. ) ;
#4026 = ADVANCED_FACE ( 'NONE', ( #636 ), #4413, .T. ) ;
#4027 = CARTESIAN_POINT ( 'NONE',  ( 0.09999999999999997780, -1.159320493816162534, 3.070689609930751907 ) ) ;
#4028 = CARTESIAN_POINT ( 'NONE',  ( 0.09999999999999997780, -1.111485200184283872, 2.197340971810875843 ) ) ;
#4029 = CARTESIAN_POINT ( 'NONE',  ( 0.1499999999999999944, -1.060576923076922862, 2.899087439903845986 ) ) ;
#4030 = CARTESIAN_POINT ( 'NONE',  ( 0.1000000000000000056, -0.6499999999999993561, 1.010039369999999659 ) ) ;
#4031 = LINE ( 'NONE', #1126, #2492 ) ;
#4032 = CARTESIAN_POINT ( 'NONE',  ( 0.1000000000000000056, -1.185522211100328960, 3.613578942815230732 ) ) ;
#4033 = CARTESIAN_POINT ( 'NONE',  ( 0.1499999999999999944, -1.185491682314883111, 2.902898121375770746 ) ) ;
#4034 = DIRECTION ( 'NONE',  ( 1.000000000000000000, 0.000000000000000000, 0.000000000000000000 ) ) ;
#4035 = CARTESIAN_POINT ( 'NONE',  ( 0.1000000000000000472, -1.063256459392569520, 2.167708219320731544 ) ) ;
#4036 = EDGE_LOOP ( 'NONE', ( #2474, #5800, #5872, #4681 ) ) ;
#4037 = DIRECTION ( 'NONE',  ( 0.000000000000000000, -0.6000000000000001998, 0.7999999999999997113 ) ) ;
#4038 = CARTESIAN_POINT ( 'NONE',  ( 0.1000000000000000056, -1.164997619771148463, 3.544819128858562429 ) ) ;
#4039 = CARTESIAN_POINT ( 'NONE',  ( 0.000000000000000000, 3.649999999999998579, 1.139960629999999808 ) ) ;
#4040 = DIRECTION ( 'NONE',  ( 0.000000000000000000, 0.000000000000000000, -1.000000000000000000 ) ) ;
#4041 = CARTESIAN_POINT ( 'NONE',  ( 0.1000000000000000194, -1.096415947967988247, 2.452638718444109411 ) ) ;
#4042 = EDGE_LOOP ( 'NONE', ( #5275, #6345, #3276, #6253 ) ) ;
#4043 = CARTESIAN_POINT ( 'NONE',  ( 0.1000000000000000472, -1.079141113955943920, 2.395790890005684570 ) ) ;
#4044 = CARTESIAN_POINT ( 'NONE',  ( 0.1000000000000000056, -1.077403846153845990, 2.183958233173076913 ) ) ;
#4045 = CARTESIAN_POINT ( 'NONE',  ( 0.09999999999999996392, -1.157279334727324693, 3.686374456584160519 ) ) ;
#4046 = CARTESIAN_POINT ( 'NONE',  ( 0.1500000000000000500, -1.171887677761226820, 2.161135214697419205 ) ) ;
#4047 = ORIENTED_EDGE ( 'NONE', *, *, #3688, .F. ) ;
#4048 = VERTEX_POINT ( 'NONE', #5227 ) ;
#4049 = DIRECTION ( 'NONE',  ( 0.000000000000000000, -0.5429510753626060060, 0.8397643298941613876 ) ) ;
#4050 = CARTESIAN_POINT ( 'NONE',  ( 0.1499999999999999944, -1.078673182629916294, 2.192792040214974758 ) ) ;
#4051 = CARTESIAN_POINT ( 'NONE',  ( 0.1000000000000000194, -1.124794111694542353, 2.171153957933170897 ) ) ;
#4052 = CARTESIAN_POINT ( 'NONE',  ( 0.1499999999999999944, -1.185576923076922862, 3.140651442307692331 ) ) ;
#4053 = VERTEX_POINT ( 'NONE', #6527 ) ;
#4054 = CARTESIAN_POINT ( 'NONE',  ( 0.1000000000000000194, -1.066309108419005724, 2.209518143135481338 ) ) ;
#4055 = CARTESIAN_POINT ( 'NONE',  ( 0.1000000000000000472, -1.146631359679985751, 2.990207207139986778 ) ) ;
#4056 = CARTESIAN_POINT ( 'NONE',  ( 0.1499999999999999944, -1.138299659350041848, 2.969521927788764781 ) ) ;
#4057 = EDGE_CURVE ( 'NONE', #2150, #7447, #1288, .T. ) ;
#4058 = CARTESIAN_POINT ( 'NONE',  ( 0.09999999999999997780, -1.177923975002208357, 2.829797261406254538 ) ) ;
#4059 = CARTESIAN_POINT ( 'NONE',  ( 0.1000000000000000056, -1.136353282308007362, 3.067685265238498715 ) ) ;
#4060 = CARTESIAN_POINT ( 'NONE',  ( 0.1499999999999999944, -1.060604058731449362, 2.901241820747270772 ) ) ;
#4061 = DIRECTION ( 'NONE',  ( 0.000000000000000000, 1.365923996832131363E-16, -1.000000000000000000 ) ) ;
#4062 = EDGE_CURVE ( 'NONE', #5641, #6520, #713, .T. ) ;
#4063 = CARTESIAN_POINT ( 'NONE',  ( 0.1000000000000000056, -1.092690805288461409, 2.823403846153846430 ) ) ;
#4064 = CARTESIAN_POINT ( 'NONE',  ( 0.1499999999999999944, 0.000000000000000000, 0.000000000000000000 ) ) ;
#4065 = CARTESIAN_POINT ( 'NONE',  ( 0.1499999999999999944, -1.141821117542498154, 2.968819218175250185 ) ) ;
#4066 = EDGE_CURVE ( 'NONE', #3060, #3784, #5380, .T. ) ;
#4067 = CARTESIAN_POINT ( 'NONE',  ( 0.09999999999999999167, -1.108278245192307665, 2.201198317307692331 ) ) ;
#4068 = EDGE_CURVE ( 'NONE', #7212, #2862, #3954, .T. ) ;
#4069 = CARTESIAN_POINT ( 'NONE',  ( 0.1500000000000000500, -1.108278245192307665, 2.201198317307692331 ) ) ;
#4070 = CIRCLE ( 'NONE', #3819, 0.06496062999999985266 ) ;
#4071 = EDGE_LOOP ( 'NONE', ( #2765, #396, #4584, #2167 ) ) ;
#4072 = FACE_OUTER_BOUND ( 'NONE', #2153, .T. ) ;
#4073 = VERTEX_POINT ( 'NONE', #5822 ) ;
#4074 = CARTESIAN_POINT ( 'NONE',  ( 0.1000000000000000056, -1.194106617866575792, 2.421957519256265901 ) ) ;
#4075 = ADVANCED_FACE ( 'NONE', ( #55 ), #7097, .T. ) ;
#4076 = CARTESIAN_POINT ( 'NONE',  ( 0.1499999999999999944, -1.185576923076922862, 3.140651442307692331 ) ) ;
#4077 = DIRECTION ( 'NONE',  ( 0.000000000000000000, 0.000000000000000000, -1.000000000000000000 ) ) ;
#4078 = CARTESIAN_POINT ( 'NONE',  ( 0.1499999999999999944, -1.113186623259341701, 2.194882111098109156 ) ) ;
#4079 = CARTESIAN_POINT ( 'NONE',  ( 0.1499999999999999944, -1.136335637019230793, 2.191019531249999819 ) ) ;
#4080 = VECTOR ( 'NONE', #4962, 39.37007874015748143 ) ;
#4081 = ORIENTED_EDGE ( 'NONE', *, *, #7401, .T. ) ;
#4082 = CARTESIAN_POINT ( 'NONE',  ( 0.09999999999999996392, -1.084542401740848261, 2.411184526047531307 ) ) ;
#4083 = CARTESIAN_POINT ( 'NONE',  ( 0.09999999999999999167, -1.129282848594624244, 2.969984550266756784 ) ) ;
#4084 = CARTESIAN_POINT ( 'NONE',  ( 0.1499999999999999944, -1.200428935222835891, 3.163213332949005974 ) ) ;
#4085 = CARTESIAN_POINT ( 'NONE',  ( 0.1500000000000000500, -1.064404709954407391, 3.377367630005891908 ) ) ;
#4086 = EDGE_LOOP ( 'NONE', ( #5204, #4997 ) ) ;
#4087 = ORIENTED_EDGE ( 'NONE', *, *, #823, .F. ) ;
#4088 = DIRECTION ( 'NONE',  ( -1.000000000000000000, -0.000000000000000000, -0.000000000000000000 ) ) ;
#4089 = CARTESIAN_POINT ( 'NONE',  ( 0.09999999999999997780, -1.136827120110422973, 2.150519000102075307 ) ) ;
#4090 = CARTESIAN_POINT ( 'NONE',  ( 0.1000000000000000056, 4.375000000000000000, 3.750000000000000000 ) ) ;
#4091 = ORIENTED_EDGE ( 'NONE', *, *, #4854, .T. ) ;
#4092 = CARTESIAN_POINT ( 'NONE',  ( 0.1000000000000000056, -1.146283304511720891, 2.141753938065007468 ) ) ;
#4093 = CARTESIAN_POINT ( 'NONE',  ( 0.1500000000000000500, -1.139711183308850240, 2.991431675447401517 ) ) ;
#4094 = EDGE_CURVE ( 'NONE', #541, #3784, #2918, .T. ) ;
#4095 = CARTESIAN_POINT ( 'NONE',  ( 0.09999999999999997780, -1.085367094641887187, 3.727136736454084609 ) ) ;
#4096 = DIRECTION ( 'NONE',  ( -1.000000000000000000, -0.000000000000000000, -0.000000000000000000 ) ) ;
#4097 = CARTESIAN_POINT ( 'NONE',  ( 0.09999999999999997780, -1.200394137931017458, 2.876662903239749713 ) ) ;
#4098 = CARTESIAN_POINT ( 'NONE',  ( 0.1500000000000000500, -1.136353282308007362, 3.067685265238498715 ) ) ;
#4099 = CARTESIAN_POINT ( 'NONE',  ( 0.1499999999999999667, -1.084588125384451596, 2.969326123065495260 ) ) ;
#4100 = CARTESIAN_POINT ( 'NONE',  ( 0.1000000000000000056, -1.182890876315720430, 3.120175470848754351 ) ) ;
#4101 = CARTESIAN_POINT ( 'NONE',  ( 0.1499999999999999944, -1.077403846153845990, 2.183958233173076913 ) ) ;
#4102 = DIRECTION ( 'NONE',  ( -1.000000000000000000, -0.000000000000000000, -0.000000000000000000 ) ) ;
#4103 = LINE ( 'NONE', #2311, #3516 ) ;
#4104 = CARTESIAN_POINT ( 'NONE',  ( 0.1499999999999999944, -1.169696534169219371, 3.703571744536456212 ) ) ;
#4105 = VECTOR ( 'NONE', #5036, 39.37007874015748143 ) ;
#4106 = B_SPLINE_CURVE_WITH_KNOTS ( 'NONE', 3,
 ( #5903, #137, #5829, #2466, #5867, #5304, #4795, #172, #2505, #746, #3651 ),
 .UNSPECIFIED., .F., .F.,
 ( 4, 1, 1, 1, 1, 1, 1, 1, 4 ),
 ( 0.000000000000000000, 0.1347975311870697190, 0.2643509167020410278, 0.3897872249135497236, 0.5123471595257821365, 0.6333599281151202076, 0.7537198271580691777, 0.8757847387662087701, 1.000000000000000000 ),
 .UNSPECIFIED. ) ;
#4107 = CARTESIAN_POINT ( 'NONE',  ( 0.1000000000000000056, -1.087545072115384759, 2.313029747596154095 ) ) ;
#4108 = EDGE_LOOP ( 'NONE', ( #4734, #4783, #3901, #6163, #1599, #2263, #5939, #4269, #3771, #5669, #578, #3586 ) ) ;
#4109 = CARTESIAN_POINT ( 'NONE',  ( 0.1499999999999999944, -1.185557159757053558, 3.139173250177001773 ) ) ;
#4110 = EDGE_CURVE ( 'NONE', #1018, #2043, #3531, .T. ) ;
#4111 = EDGE_LOOP ( 'NONE', ( #1836, #6165, #6539, #6221 ) ) ;
#4112 = CARTESIAN_POINT ( 'NONE',  ( 0.1499999999999999944, -1.082883425327067606, 3.303074501360936388 ) ) ;
#4113 = CARTESIAN_POINT ( 'NONE',  ( 0.1499999999999999944, -1.154326923076923084, 3.532658653846153740 ) ) ;
#4114 = CARTESIAN_POINT ( 'NONE',  ( 0.1499999999999999944, -1.199723358067602108, 2.207916146637917798 ) ) ;
#4115 = CARTESIAN_POINT ( 'NONE',  ( 0.1499999999999999944, -1.202327721757916246, 3.582014550039991363 ) ) ;
#4116 = DIRECTION ( 'NONE',  ( 0.000000000000000000, 0.000000000000000000, -1.000000000000000000 ) ) ;
#4117 = ORIENTED_EDGE ( 'NONE', *, *, #2406, .F. ) ;
#4118 = CARTESIAN_POINT ( 'NONE',  ( 0.1000000000000000056, 0.5000000000000014433, 0.1899606299999994641 ) ) ;
#4119 = CARTESIAN_POINT ( 'NONE',  ( 0.1000000000000000056, -1.092973386626469257, 2.950067561412110351 ) ) ;
#4120 = CARTESIAN_POINT ( 'NONE',  ( 0.09999999999999996392, -1.109209411168492698, 3.707448240319083599 ) ) ;
#4121 = VECTOR ( 'NONE', #6489, 39.37007874015748143 ) ;
#4122 = CARTESIAN_POINT ( 'NONE',  ( 0.000000000000000000, -1.375000000000000444, 3.750000000000000000 ) ) ;
#4123 = CARTESIAN_POINT ( 'NONE',  ( 0.1499999999999999944, -1.185503645767544967, 2.186980876067184276 ) ) ;
#4124 = ORIENTED_EDGE ( 'NONE', *, *, #5291, .T. ) ;
#4125 = CARTESIAN_POINT ( 'NONE',  ( 0.000000000000000000, 1.500000000000000444, 3.246062989921259856 ) ) ;
#4126 = VECTOR ( 'NONE', #7159, 39.37007874015748143 ) ;
#4127 = CARTESIAN_POINT ( 'NONE',  ( 0.1000000000000000056, -1.064185032754312310, 2.350760376701492849 ) ) ;
#4128 = CARTESIAN_POINT ( 'NONE',  ( 0.1000000000000000056, -1.156730769230769118, 2.319978365384615326 ) ) ;
#4129 = ORIENTED_EDGE ( 'NONE', *, *, #3175, .T. ) ;
#4130 = ORIENTED_EDGE ( 'NONE', *, *, #963, .F. ) ;
#4131 = CARTESIAN_POINT ( 'NONE',  ( 0.1000000000000000056, -1.153266221148497861, 2.988145436500721175 ) ) ;
#4132 = CARTESIAN_POINT ( 'NONE',  ( 0.1500000000000000500, -1.071604069445955876, 3.722735087714867941 ) ) ;
#4133 = B_SPLINE_CURVE_WITH_KNOTS ( 'NONE', 3,
 ( #2747, #3776, #5078, #994, #7335, #6725, #2591, #6689, #5577, #342, #4502 ),
 .UNSPECIFIED., .F., .F.,
 ( 4, 1, 1, 1, 1, 1, 1, 1, 4 ),
 ( 0.000000000000000000, 0.07636755429721756028, 0.1662162056707860991, 0.2697836862624273802, 0.3880429496975800752, 0.5193879358855465478, 0.6657769704404029598, 0.8252950635941815882, 1.000000000000000000 ),
 .UNSPECIFIED. ) ;
#4134 = AXIS2_PLACEMENT_3D ( 'NONE', #2315, #4423, #991 ) ;
#4135 = FACE_OUTER_BOUND ( 'NONE', #4442, .T. ) ;
#4136 = CARTESIAN_POINT ( 'NONE',  ( 0.1000000000000000056, 2.499999999999997780, 0.1249999999999994865 ) ) ;
#4137 = CARTESIAN_POINT ( 'NONE',  ( 0.1000000000000000194, -1.177672291400053473, 2.414682676353118840 ) ) ;
#4138 = ORIENTED_EDGE ( 'NONE', *, *, #1308, .T. ) ;
#4139 = CARTESIAN_POINT ( 'NONE',  ( 0.1000000000000000194, -1.061136846419591162, 2.911807356004690650 ) ) ;
#4140 = LINE ( 'NONE', #5295, #3706 ) ;
#4141 = CARTESIAN_POINT ( 'NONE',  ( 0.1000000000000000056, -1.199999999999999956, 2.620038461538461316 ) ) ;
#4142 = CARTESIAN_POINT ( 'NONE',  ( 0.1000000000000000472, -1.081206234953324019, 2.965278305567581096 ) ) ;
#4143 = CARTESIAN_POINT ( 'NONE',  ( 0.1499999999999999944, -1.167422764080144892, 2.953012454929976549 ) ) ;
#4144 = CARTESIAN_POINT ( 'NONE',  ( 0.09999999999999999167, -1.105095834161254009, 3.316299029771969664 ) ) ;
#4145 = CARTESIAN_POINT ( 'NONE',  ( 0.1500000000000000500, -1.027361397951075173, 3.599703439453565412 ) ) ;
#4146 = ORIENTED_EDGE ( 'NONE', *, *, #6445, .F. ) ;
#4147 = FACE_OUTER_BOUND ( 'NONE', #3696, .T. ) ;
#4148 = ORIENTED_EDGE ( 'NONE', *, *, #6168, .F. ) ;
#4149 = DIRECTION ( 'NONE',  ( -1.000000000000000000, -0.000000000000000000, -0.000000000000000000 ) ) ;
#4150 = CARTESIAN_POINT ( 'NONE',  ( 0.1000000000000000194, -1.029069232284186342, 3.686925229609522070 ) ) ;
#4151 = DIRECTION ( 'NONE',  ( 0.000000000000000000, 0.000000000000000000, -1.000000000000000000 ) ) ;
#4152 = CARTESIAN_POINT ( 'NONE',  ( 0.09999999999999997780, -1.182167322568001833, 3.533623780046022400 ) ) ;
#4153 = CARTESIAN_POINT ( 'NONE',  ( 0.1499999999999999944, -1.026944641118099799, 3.613677023085691165 ) ) ;
#4154 = EDGE_LOOP ( 'NONE', ( #6722, #3118, #3592, #520 ) ) ;
#4155 = ADVANCED_BREP_SHAPE_REPRESENTATION ( 'Top Armor', ( #627, #7277 ), #6310 ) ;
#4156 = CARTESIAN_POINT ( 'NONE',  ( 0.1000000000000000056, -1.046905048076922862, 3.515230769230769159 ) ) ;
#4157 = CARTESIAN_POINT ( 'NONE',  ( 0.1499999999999999944, -1.092351973533843834, 2.308791961006118054 ) ) ;
#4158 = CARTESIAN_POINT ( 'NONE',  ( 0.1499999999999999944, -1.199999999999999956, 3.314269230769230745 ) ) ;
#4159 = EDGE_CURVE ( 'NONE', #5098, #1472, #4031, .T. ) ;
#4160 = DIRECTION ( 'NONE',  ( 1.000000000000000000, -0.000000000000000000, -0.000000000000000000 ) ) ;
#4161 = ORIENTED_EDGE ( 'NONE', *, *, #4786, .F. ) ;
#4162 = ORIENTED_EDGE ( 'NONE', *, *, #5743, .T. ) ;
#4163 = ADVANCED_FACE ( 'NONE', ( #7551 ), #1164, .F. ) ;
#4164 = CARTESIAN_POINT ( 'NONE',  ( 0.1499999999999999944, -1.126532451923076827, 3.089269230769230656 ) ) ;
#4165 = LINE ( 'NONE', #2448, #224 ) ;
#4166 = B_SPLINE_SURFACE_WITH_KNOTS ( 'NONE', 3, 1, ( 
 ( #187, #2625 ),
 ( #4844, #2015 ),
 ( #2054, #5959 ),
 ( #5393, #7254 ),
 ( #7294, #1338 ),
 ( #4959, #6613 ),
 ( #1378, #836 ),
 ( #4809, #6107 ),
 ( #3127, #6031 ),
 ( #152, #5464 ),
 ( #4349, #223 ),
 ( #4387, #3165 ),
 ( #1906, #5499 ),
 ( #6579, #7214 ),
 ( #7179, #872 ),
 ( #4919, #6686 ),
 ( #1452, #2553 ),
 ( #3664, #3773 ),
 ( #3093, #4884 ),
 ( #3200, #2484 ),
 ( #7144, #4239 ),
 ( #1980, #4315 ),
 ( #5996, #5430 ),
 ( #2519, #1946 ),
 ( #4276, #375 ),
 ( #5792, #4499 ),
 ( #3811, #916 ) ),
 .UNSPECIFIED., .F., .F., .F.,
 ( 4, 1, 1, 1, 1, 1, 1, 1, 1, 1, 1, 1, 1, 1, 1, 1, 1, 1, 1, 1, 1, 1, 1, 1, 4 ),
 ( 2, 2 ),
 ( 0.000000000000000000, 0.04709640049813473145, 0.09352338919922616178, 0.1391036043592910332, 0.1842674499554950995, 0.2291580951167264679, 0.2738419244676459363, 0.3186247848916836656, 0.3632175741418273707, 0.4072684829737868717, 0.4501980711463507978, 0.4921511534079375250, 0.5330677825343382858, 0.5731354022231430756, 0.6129343948012272447, 0.6524694176783295552, 0.6915442929150498186, 0.7303540467200517750, 0.7687312183857178960, 0.8065374724518058480, 0.8447080257398031922, 0.8827767727762932948, 0.9209933377976650126, 0.9601991676441473667, 1.000000000000000000 ),
 ( 0.000000000000000000, 1.000000000000000000 ),
 .UNSPECIFIED. ) ;
#4167 = CARTESIAN_POINT ( 'NONE',  ( 0.1000000000000000056, -1.060576923076922862, 2.184521634615384400 ) ) ;
#4168 = ORIENTED_EDGE ( 'NONE', *, *, #6559, .T. ) ;
#4169 = FACE_OUTER_BOUND ( 'NONE', #7141, .T. ) ;
#4170 = CARTESIAN_POINT ( 'NONE',  ( 0.09999999999999999167, -1.027361397951075173, 3.599703439453565412 ) ) ;
#4171 = CARTESIAN_POINT ( 'NONE',  ( 0.09999999999999996392, -1.106437800480769118, 3.707538461538461227 ) ) ;
#4172 = CARTESIAN_POINT ( 'NONE',  ( 0.1499999999999999944, -1.191996935889984011, 2.850388470103633054 ) ) ;
#4173 = CARTESIAN_POINT ( 'NONE',  ( 0.1000000000000000056, 4.500000000000000888, 4.000000000000000888 ) ) ;
#4174 = ORIENTED_EDGE ( 'NONE', *, *, #2872, .T. ) ;
#4175 = CARTESIAN_POINT ( 'NONE',  ( 0.000000000000000000, 3.649999999999998579, 1.074999999999999734 ) ) ;
#4176 = CARTESIAN_POINT ( 'NONE',  ( 0.09999999999999999167, -1.085097971670946126, 2.344237615401637331 ) ) ;
#4177 = AXIS2_PLACEMENT_3D ( 'NONE', #6452, #4650, #4116 ) ;
#4178 = CARTESIAN_POINT ( 'NONE',  ( 0.1000000000000000194, -1.084114095961331348, 3.330399459294024922 ) ) ;
#4179 = CARTESIAN_POINT ( 'NONE',  ( 0.09999999999999997780, -1.078054745958242799, 2.960955515441695329 ) ) ;
#4180 = CARTESIAN_POINT ( 'NONE',  ( 0.1000000000000000472, -1.093301524348527121, 3.397146592476495197 ) ) ;
#4181 = CARTESIAN_POINT ( 'NONE',  ( 0.1000000000000000056, -1.125004753341741770, 3.314416612594910383 ) ) ;
#4182 = CARTESIAN_POINT ( 'NONE',  ( 0.1499999999999999667, -1.075495395999824799, 2.145213229574159275 ) ) ;
#4183 = ORIENTED_EDGE ( 'NONE', *, *, #5016, .T. ) ;
#4184 = CARTESIAN_POINT ( 'NONE',  ( 0.1000000000000000056, 3.114921874281840974, 5.442760751357297089 ) ) ;
#4185 = ORIENTED_EDGE ( 'NONE', *, *, #1129, .T. ) ;
#4186 = CARTESIAN_POINT ( 'NONE',  ( 0.1499999999999999944, -1.060628687585301710, 3.347777717361984262 ) ) ;
#4187 = CARTESIAN_POINT ( 'NONE',  ( 0.09999999999999996392, -1.095076781942885713, 3.728710240521870833 ) ) ;
#4188 = DIRECTION ( 'NONE',  ( -1.000000000000000000, -0.000000000000000000, -0.000000000000000000 ) ) ;
#4189 = DIRECTION ( 'NONE',  ( 0.000000000000000000, -1.000000000000000000, 0.000000000000000000 ) ) ;
#4190 = CARTESIAN_POINT ( 'NONE',  ( 0.1499999999999999944, -1.062980769230769118, 2.627249999999999641 ) ) ;
#4191 = CARTESIAN_POINT ( 'NONE',  ( 0.1499999999999999667, -1.085152132119512336, 3.704526672942210830 ) ) ;
#4192 = ORIENTED_EDGE ( 'NONE', *, *, #6642, .T. ) ;
#4193 = CARTESIAN_POINT ( 'NONE',  ( 0.1500000000000000500, -1.184904083510873063, 2.145371210668074458 ) ) ;
#4194 = CARTESIAN_POINT ( 'NONE',  ( 0.09999999999999999167, -1.092247384288583367, 2.206831638936722406 ) ) ;
#4195 = CARTESIAN_POINT ( 'NONE',  ( 0.09999999999999999167, -1.144488917738295530, 3.696819579843364512 ) ) ;
#4196 = CARTESIAN_POINT ( 'NONE',  ( 0.1000000000000000472, -1.156507882273072996, 2.160352817261360414 ) ) ;
#4197 = CARTESIAN_POINT ( 'NONE',  ( 0.1499999999999999944, -1.172031680106959239, 3.075664710199045082 ) ) ;
#4198 = ORIENTED_EDGE ( 'NONE', *, *, #1541, .T. ) ;
#4199 = VECTOR ( 'NONE', #1174, 39.37007874015748143 ) ;
#4200 = DIRECTION ( 'NONE',  ( 0.000000000000000000, 0.000000000000000000, 1.000000000000000000 ) ) ;
#4201 = DIRECTION ( 'NONE',  ( -1.000000000000000000, -0.000000000000000000, -0.000000000000000000 ) ) ;
#4202 = CARTESIAN_POINT ( 'NONE',  ( 0.1499999999999999944, -1.185543412747020575, 2.379096541541192433 ) ) ;
#4203 = EDGE_CURVE ( 'NONE', #4717, #769, #2310, .T. ) ;
#4204 = AXIS2_PLACEMENT_3D ( 'NONE', #894, #3183, #278 ) ;
#4205 = CARTESIAN_POINT ( 'NONE',  ( 0.1000000000000000056, -1.082883425327067606, 3.303074501360936388 ) ) ;
#4206 = CIRCLE ( 'NONE', #6155, 0.06496063000000011634 ) ;
#4207 = VECTOR ( 'NONE', #938, 39.37007874015748143 ) ;
#4208 = ADVANCED_FACE ( 'NONE', ( #7005 ), #624, .T. ) ;
#4209 = CARTESIAN_POINT ( 'NONE',  ( 0.09999999999999996392, -1.031341786897564727, 3.577541799436626757 ) ) ;
#4210 = CARTESIAN_POINT ( 'NONE',  ( 0.1499999999999999944, -1.117630709134615374, 2.220804687499999819 ) ) ;
#4211 = DIRECTION ( 'NONE',  ( 1.000000000000000000, 0.000000000000000000, -0.000000000000000000 ) ) ;
#4212 = CARTESIAN_POINT ( 'NONE',  ( 0.09999999999999999167, -1.181644063806390310, 2.142843136962885531 ) ) ;
#4213 = ORIENTED_EDGE ( 'NONE', *, *, #5981, .T. ) ;
#4214 = FACE_OUTER_BOUND ( 'NONE', #6370, .T. ) ;
#4215 = FACE_OUTER_BOUND ( 'NONE', #5185, .T. ) ;
#4216 = CARTESIAN_POINT ( 'NONE',  ( 0.1499999999999999944, -1.200394137931017458, 2.876662903239749713 ) ) ;
#4217 = FACE_OUTER_BOUND ( 'NONE', #3557, .T. ) ;
#4218 = CARTESIAN_POINT ( 'NONE',  ( 0.1499999999999999667, -1.132927583292774765, 3.725429468239560560 ) ) ;
#4219 = CARTESIAN_POINT ( 'NONE',  ( 0.1499999999999999944, -1.026979609397747684, 3.605557508491870511 ) ) ;
#4220 = ORIENTED_EDGE ( 'NONE', *, *, #7568, .F. ) ;
#4221 = CARTESIAN_POINT ( 'NONE',  ( 0.1500000000000000500, -1.178563763053766422, 3.109927647414765683 ) ) ;
#4222 = ORIENTED_EDGE ( 'NONE', *, *, #2488, .T. ) ;
#4223 = CARTESIAN_POINT ( 'NONE',  ( 0.1499999999999999944, -1.074803169091790744, 3.310532073356328819 ) ) ;
#4224 = CARTESIAN_POINT ( 'NONE',  ( 0.09999999999999999167, -1.085367094641887187, 3.727136736454084609 ) ) ;
#4225 = CARTESIAN_POINT ( 'NONE',  ( 0.1499999999999999944, -1.007692307692307665, 2.725807692307692154 ) ) ;
#4226 = AXIS2_PLACEMENT_3D ( 'NONE', #1753, #2405, #4200 ) ;
#4227 = EDGE_CURVE ( 'NONE', #638, #3079, #6074, .T. ) ;
#4228 = CARTESIAN_POINT ( 'NONE',  ( 0.1499999999999999944, -1.092973386626469257, 2.950067561412110351 ) ) ;
#4229 = CARTESIAN_POINT ( 'NONE',  ( 0.1000000000000000194, -1.183610720248317927, 2.202116923716174401 ) ) ;
#4230 = B_SPLINE_SURFACE_WITH_KNOTS ( 'NONE', 3, 1, ( 
 ( #383, #2060 ),
 ( #5126, #3972 ),
 ( #7379, #6270 ),
 ( #5082, #1571 ),
 ( #3245, #6233 ),
 ( #998, #7453 ),
 ( #2178, #2215 ),
 ( #7414, #3205 ),
 ( #1611, #3933 ),
 ( #1034, #3360 ),
 ( #457, #4542 ),
 ( #6309, #5539 ),
 ( #302, #2630 ),
 ( #4965, #5580 ),
 ( #4570, #4038 ),
 ( #2281, #6372 ),
 ( #7558, #6943 ),
 ( #1136, #1740 ),
 ( #4113, #2885 ) ),
 .UNSPECIFIED., .F., .F., .F.,
 ( 4, 1, 1, 1, 1, 1, 1, 1, 1, 1, 1, 1, 1, 1, 1, 1, 4 ),
 ( 2, 2 ),
 ( 0.000000000000000000, 0.06692550972027590250, 0.1322354002148085905, 0.1964689602241480038, 0.2598119892542899434, 0.3223390272336320028, 0.3842883222924521336, 0.4457027263580433663, 0.5064611771951174068, 0.5673893798295278623, 0.6280202049271451648, 0.6887219663409787085, 0.7498695162279490622, 0.8113866070287549803, 0.8733359020875732792, 0.9362836533080280965, 1.000000000000000000 ),
 ( 0.000000000000000000, 1.000000000000000000 ),
 .UNSPECIFIED. ) ;
#4231 = ORIENTED_EDGE ( 'NONE', *, *, #4843, .T. ) ;
#4232 = CARTESIAN_POINT ( 'NONE',  ( 0.1499999999999999944, -1.158571213942307665, 3.189554687499999819 ) ) ;
#4233 = CARTESIAN_POINT ( 'NONE',  ( 0.1500000000000000500, -1.171850822128268188, 3.206281370056812907 ) ) ;
#4234 = LINE ( 'NONE', #7067, #6815 ) ;
#4235 = CARTESIAN_POINT ( 'NONE',  ( 0.1499999999999999944, -1.177384698813871200, 2.165693053097116128 ) ) ;
#4236 = VERTEX_POINT ( 'NONE', #7218 ) ;
#4237 = B_SPLINE_CURVE_WITH_KNOTS ( 'NONE', 3,
 ( #22, #4996, #7329, #2087, #4421, #6756, #1524, #2702, #5300, #6593, #4756, #1889, #204, #1353, #6560, #4145, #4219, #3678, #6628 ),
 .UNSPECIFIED., .F., .F.,
 ( 4, 1, 1, 1, 1, 1, 1, 1, 1, 1, 1, 1, 1, 1, 1, 1, 4 ),
 ( 0.000000000000000000, 0.05994957549427404331, 0.1196716492941280602, 0.1793549460476805413, 0.2388393082864028738, 0.2987811598129190838, 0.3588896282244962155, 0.4197102617613997499, 0.4814181726665623384, 0.5437769470269314676, 0.6063935809615715877, 0.6694376371545921467, 0.7335825503884458865, 0.7984652641917832083, 0.8642874422565339776, 0.9315609924166937672, 1.000000000000000000 ),
 .UNSPECIFIED. ) ;
#4238 = DIRECTION ( 'NONE',  ( 1.000000000000000000, -0.000000000000000000, -0.000000000000000000 ) ) ;
#4239 = CARTESIAN_POINT ( 'NONE',  ( 0.09999999999999996392, -1.080177337408623650, 3.702754587783789297 ) ) ;
#4240 = CARTESIAN_POINT ( 'NONE',  ( 0.000000000000000000, 4.375000000000000000, 3.685039369999999259 ) ) ;
#4241 = CARTESIAN_POINT ( 'NONE',  ( 0.09999999999999996392, -1.084542401740848261, 2.411184526047531307 ) ) ;
#4242 = CARTESIAN_POINT ( 'NONE',  ( 0.1499999999999999944, -1.058718195654770877, 3.716054842244988610 ) ) ;
#4243 = VECTOR ( 'NONE', #6606, 39.37007874015748143 ) ;
#4244 = VECTOR ( 'NONE', #4553, 39.37007874015748143 ) ;
#4245 = ADVANCED_FACE ( 'NONE', ( #4391 ), #6798, .T. ) ;
#4246 = VECTOR ( 'NONE', #5214, 39.37007874015748143 ) ;
#4247 = CARTESIAN_POINT ( 'NONE',  ( 0.1499999999999999944, -1.098462193019994926, 2.228609089381098585 ) ) ;
#4248 = FACE_OUTER_BOUND ( 'NONE', #6924, .T. ) ;
#4249 = CARTESIAN_POINT ( 'NONE',  ( 0.1000000000000000472, -1.167848703616941153, 2.427863913236012916 ) ) ;
#4250 = VERTEX_POINT ( 'NONE', #6147 ) ;
#4251 = CARTESIAN_POINT ( 'NONE',  ( 0.1499999999999999944, -1.185513636394051940, 3.145051857739078915 ) ) ;
#4252 = DIRECTION ( 'NONE',  ( 1.000000000000000000, 0.000000000000000000, 0.000000000000000000 ) ) ;
#4253 = CARTESIAN_POINT ( 'NONE',  ( 0.1000000000000000194, -1.078295338348248311, 3.345509347721165927 ) ) ;
#4254 = CARTESIAN_POINT ( 'NONE',  ( 0.1000000000000000056, -1.062980769230769118, 2.627249999999999641 ) ) ;
#4255 = EDGE_CURVE ( 'NONE', #6941, #1196, #7408, .T. ) ;
#4256 = CARTESIAN_POINT ( 'NONE',  ( 0.09999999999999999167, -1.120368907304298833, 3.314530269947775665 ) ) ;
#4257 = ADVANCED_FACE ( 'NONE', ( #6726 ), #2641, .T. ) ;
#4258 = CARTESIAN_POINT ( 'NONE',  ( 0.1000000000000000056, -1.068180144615164417, 2.156481316577143925 ) ) ;
#4259 = VERTEX_POINT ( 'NONE', #6514 ) ;
#4260 = B_SPLINE_CURVE_WITH_KNOTS ( 'NONE', 3,
 ( #6832, #3885, #3235, #2662, #2085, #909, #6222, #7289, #5030, #6180, #6140, #408, #2621, #5609, #3770, #371, #4419, #2049, #4382 ),
 .UNSPECIFIED., .F., .F.,
 ( 4, 1, 1, 1, 1, 1, 1, 1, 1, 1, 1, 1, 1, 1, 1, 1, 4 ),
 ( 0.000000000000000000, 0.07834356990165890211, 0.1528027826322113092, 0.2238568277576005738, 0.2920567093529400360, 0.3577407080320075816, 0.4218941252671031261, 0.4852579773921034678, 0.5483691438275406504, 0.6102638734052204805, 0.6694841126394881492, 0.7267120057607581174, 0.7823275210663355184, 0.8367781844507921063, 0.8905555215641401956, 0.9449706808902619271, 1.000000000000000000 ),
 .UNSPECIFIED. ) ;
#4261 = CARTESIAN_POINT ( 'NONE',  ( 0.000000000000000000, 2.499999999999997780, 0.1899606299999998249 ) ) ;
#4262 = ORIENTED_EDGE ( 'NONE', *, *, #6161, .T. ) ;
#4263 = CARTESIAN_POINT ( 'NONE',  ( 0.1499999999999999944, -1.130025540865384537, 3.292634615384615326 ) ) ;
#4264 = CARTESIAN_POINT ( 'NONE',  ( 0.1500000000000000777, -1.060837760620723769, 3.360826216291225244 ) ) ;
#4265 = CARTESIAN_POINT ( 'NONE',  ( 0.1000000000000000056, -1.135546874999999734, 3.314269230769230745 ) ) ;
#4266 = DATE_TIME_ROLE ( 'creation_date' ) ;
#4267 = CARTESIAN_POINT ( 'NONE',  ( 0.1000000000000000056, -1.077460006022389338, 2.902268948354320255 ) ) ;
#4268 = PLANE ( 'NONE',  #5880 ) ;
#4269 = ORIENTED_EDGE ( 'NONE', *, *, #4380, .T. ) ;
#4270 = CARTESIAN_POINT ( 'NONE',  ( 0.1500000000000000500, -1.159592132408788334, 3.189131994447460539 ) ) ;
#4271 = CARTESIAN_POINT ( 'NONE',  ( 0.1499999999999999944, -1.202403846153846212, 2.379360877403846164 ) ) ;
#4272 = CARTESIAN_POINT ( 'NONE',  ( 0.09999999999999997780, -1.204807692307692246, 3.610746093749999996 ) ) ;
#4273 = CARTESIAN_POINT ( 'NONE',  ( 0.1500000000000000500, -1.131954217109968797, 3.067651839002956127 ) ) ;
#4274 = ORIENTED_EDGE ( 'NONE', *, *, #1695, .F. ) ;
#4275 = FACE_OUTER_BOUND ( 'NONE', #7405, .T. ) ;
#4276 = CARTESIAN_POINT ( 'NONE',  ( 0.1500000000000000500, -1.100938300089356670, 3.707444957456094592 ) ) ;
#4277 = CARTESIAN_POINT ( 'NONE',  ( 0.1000000000000000056, -1.180765047398249834, 2.351756274991665396 ) ) ;
#4278 = CARTESIAN_POINT ( 'NONE',  ( 0.09999999999999999167, -1.077403846153845990, 2.378572115384615326 ) ) ;
#4279 = CARTESIAN_POINT ( 'NONE',  ( 0.09999999999999997780, -1.018535217781101343, 3.667816399711551156 ) ) ;
#4280 = CARTESIAN_POINT ( 'NONE',  ( 0.1000000000000000194, -1.140465861351449117, 2.441383224931914953 ) ) ;
#4281 = CARTESIAN_POINT ( 'NONE',  ( 0.000000000000000000, 1.500000000000000444, 2.685039370078739385 ) ) ;
#4282 = VECTOR ( 'NONE', #1463, 39.37007874015748143 ) ;
#4283 = CARTESIAN_POINT ( 'NONE',  ( 0.000000000000000000, 1.500000000000000444, 2.685039370078739385 ) ) ;
#4284 = ORIENTED_EDGE ( 'NONE', *, *, #325, .F. ) ;
#4285 = CARTESIAN_POINT ( 'NONE',  ( 0.09999999999999997780, -1.176503423557302197, 3.174944505454599941 ) ) ;
#4286 = FACE_OUTER_BOUND ( 'NONE', #6023, .T. ) ;
#4287 = DIRECTION ( 'NONE',  ( 1.000000000000000000, 0.000000000000000000, 0.000000000000000000 ) ) ;
#4288 = B_SPLINE_SURFACE_WITH_KNOTS ( 'NONE', 3, 1, ( 
 ( #3339, #5137 ),
 ( #5635, #2155 ),
 ( #3261, #3377 ),
 ( #1586, #6129 ),
 ( #5673, #475 ),
 ( #6783, #1510 ),
 ( #2803, #3221 ),
 ( #6167, #5708 ),
 ( #318, #2648 ),
 ( #5020, #4983 ),
 ( #7465, #359 ),
 ( #436, #1474 ),
 ( #398, #936 ),
 ( #1548, #7316 ),
 ( #3909, #2767 ),
 ( #4446, #2230 ),
 ( #6822, #2075 ),
 ( #5100, #976 ),
 ( #897, #7355 ) ),
 .UNSPECIFIED., .F., .F., .F.,
 ( 4, 1, 1, 1, 1, 1, 1, 1, 1, 1, 1, 1, 1, 1, 1, 1, 4 ),
 ( 2, 2 ),
 ( 0.000000000000000000, 0.06505568119716181874, 0.1273136153210955857, 0.1874857604004731282, 0.2469421247715667400, 0.3043168239367809447, 0.3612482632239862324, 0.4177015602187558740, 0.4752173810708786306, 0.5333247862532140005, 0.5922160283461411767, 0.6539509146374341553, 0.7170174272360458900, 0.7833380913007127466, 0.8516903702451585900, 0.9245179445523328265, 1.000000000000000000 ),
 ( 0.000000000000000000, 1.000000000000000000 ),
 .UNSPECIFIED. ) ;
#4289 = LINE ( 'NONE', #3645, #1564 ) ;
#4290 = ADVANCED_FACE ( 'NONE', ( #1920, #272, #4327, #4751, #5368, #7189, #2496, #199, #1274, #2529, #4286, #3140, #7226, #1883, #239, #4820 ), #5931, .F. ) ;
#4291 = CARTESIAN_POINT ( 'NONE',  ( 0.1499999999999999944, -1.075621261240249371, 2.326420834216198941 ) ) ;
#4292 = DIRECTION ( 'NONE',  ( 0.000000000000000000, 0.000000000000000000, -1.000000000000000000 ) ) ;
#4293 = ORIENTED_EDGE ( 'NONE', *, *, #5984, .T. ) ;
#4294 = DIRECTION ( 'NONE',  ( -1.000000000000000000, -0.000000000000000000, -0.000000000000000000 ) ) ;
#4295 = EDGE_CURVE ( 'NONE', #5775, #5912, #1515, .T. ) ;
#4296 = ORIENTED_EDGE ( 'NONE', *, *, #5195, .T. ) ;
#4297 = CARTESIAN_POINT ( 'NONE',  ( 0.1499999999999999667, -1.096688179915393802, 3.296304722738397253 ) ) ;
#4298 = EDGE_CURVE ( 'NONE', #1196, #1133, #6508, .T. ) ;
#4299 = ADVANCED_FACE ( 'NONE', ( #4215 ), #2091, .T. ) ;
#4300 = CARTESIAN_POINT ( 'NONE',  ( 0.1000000000000000194, -1.054634915114683880, 3.713273676402958134 ) ) ;
#4301 = CARTESIAN_POINT ( 'NONE',  ( 0.1000000000000000056, 4.500000000000000888, 1.999999999999999334 ) ) ;
#4302 = ADVANCED_FACE ( 'NONE', ( #6240 ), #942, .T. ) ;
#4303 = PERSON_AND_ORGANIZATION ( #6817, #4594 ) ;
#4304 = CARTESIAN_POINT ( 'NONE',  ( 0.1499999999999999944, -1.077570282572979155, 2.907114896637648993 ) ) ;
#4305 = CARTESIAN_POINT ( 'NONE',  ( 0.1499999999999999944, -1.075319365713363950, 3.700645455519229632 ) ) ;
#4306 = EDGE_CURVE ( 'NONE', #5321, #1931, #2871, .T. ) ;
#4307 = ORIENTED_EDGE ( 'NONE', *, *, #1363, .F. ) ;
#4308 = CARTESIAN_POINT ( 'NONE',  ( 0.1000000000000000472, -1.148920978126592329, 2.166572978254528437 ) ) ;
#4309 = B_SPLINE_CURVE_WITH_KNOTS ( 'NONE', 3,
 ( #5001, #3285, #6109, #6229, #5618, #1567, #262, #3321, #6801, #919, #5652, #299, #2057, #1490, #3891, #875, #415, #4390, #2017 ),
 .UNSPECIFIED., .F., .F.,
 ( 4, 1, 1, 1, 1, 1, 1, 1, 1, 1, 1, 1, 1, 1, 1, 1, 4 ),
 ( 0.000000000000000000, 0.05516209767571785688, 0.1107533463189024903, 0.1667283546977093855, 0.2233682701778300361, 0.2808297317140978633, 0.3394464681968493158, 0.3996630889820020904, 0.4614854795417578925, 0.5243140885875345880, 0.5881788455946395100, 0.6532779596408694323, 0.7193733595590384722, 0.7870618521050452010, 0.8560762487292626899, 0.9270270807925391487, 1.000000000000000000 ),
 .UNSPECIFIED. ) ;
#4310 = CARTESIAN_POINT ( 'NONE',  ( 0.1499999999999999944, -1.118269230769230793, 2.316673076923077002 ) ) ;
#4311 = CARTESIAN_POINT ( 'NONE',  ( 0.09999999999999997780, -1.197970706470169677, 3.108743631159279097 ) ) ;
#4312 = DIRECTION ( 'NONE',  ( 0.000000000000000000, 0.000000000000000000, 1.000000000000000000 ) ) ;
#4313 = VERTEX_POINT ( 'NONE', #4666 ) ;
#4314 = DIRECTION ( 'NONE',  ( 0.000000000000000000, 0.000000000000000000, -1.000000000000000000 ) ) ;
#4315 = CARTESIAN_POINT ( 'NONE',  ( 0.09999999999999992228, -1.085152132119512336, 3.704526672942210830 ) ) ;
#4316 = CARTESIAN_POINT ( 'NONE',  ( 0.1000000000000000056, -1.185491682314883111, 2.902898121375770746 ) ) ;
#4317 = CARTESIAN_POINT ( 'NONE',  ( 0.1000000000000000056, -1.120047284817365929, 2.218586303004873805 ) ) ;
#4318 = CARTESIAN_POINT ( 'NONE',  ( 0.1000000000000000056, -1.088255317138883571, 2.973025878600771055 ) ) ;
#4319 = CARTESIAN_POINT ( 'NONE',  ( 0.1000000000000000056, -1.185576923076922862, 3.140651442307692331 ) ) ;
#4320 = CARTESIAN_POINT ( 'NONE',  ( 0.09999999999999997780, -1.007944502980348878, 3.623323639364919746 ) ) ;
#4321 = DIRECTION ( 'NONE',  ( 0.000000000000000000, 0.000000000000000000, -1.000000000000000000 ) ) ;
#4322 = CARTESIAN_POINT ( 'NONE',  ( 0.1000000000000000194, -1.147379529632148287, 2.168709290418755042 ) ) ;
#4323 = AXIS2_PLACEMENT_3D ( 'NONE', #7374, #4461, #2671 ) ;
#4324 = CARTESIAN_POINT ( 'NONE',  ( 0.000000000000000000, -0.1149218742818414463, 5.377800121357297236 ) ) ;
#4325 = ORIENTED_EDGE ( 'NONE', *, *, #7238, .T. ) ;
#4326 = CARTESIAN_POINT ( 'NONE',  ( 0.09999999999999997780, -1.181528552181342562, 3.164969436692847804 ) ) ;
#4327 = FACE_BOUND ( 'NONE', #3013, .T. ) ;
#4328 = CARTESIAN_POINT ( 'NONE',  ( 0.1499999999999999944, -1.095845853365384537, 2.207057692307692331 ) ) ;
#4329 = CARTESIAN_POINT ( 'NONE',  ( 0.1000000000000000056, -1.081456922500664053, 3.378724270258750106 ) ) ;
#4330 = CARTESIAN_POINT ( 'NONE',  ( 0.1499999999999999667, -1.050925018043485704, 3.540176464040062143 ) ) ;
#4331 = CARTESIAN_POINT ( 'NONE',  ( 0.09999999999999999167, -1.066088594266432210, 3.695227861604948316 ) ) ;
#4332 = EDGE_LOOP ( 'NONE', ( #7446, #2816, #6197, #6092 ) ) ;
#4333 = ORIENTED_EDGE ( 'NONE', *, *, #325, .T. ) ;
#4334 = CARTESIAN_POINT ( 'NONE',  ( 0.09999999999999993616, -1.127784235657972811, 3.292658987391960057 ) ) ;
#4335 = CARTESIAN_POINT ( 'NONE',  ( 0.1500000000000000500, -1.096415947967988247, 2.452638718444109411 ) ) ;
#4336 = CARTESIAN_POINT ( 'NONE',  ( 0.1499999999999999944, -1.120368907304298833, 3.314530269947775665 ) ) ;
#4337 = CARTESIAN_POINT ( 'NONE',  ( 0.1499999999999999944, -1.202288961494484498, 2.182056133969913603 ) ) ;
#4338 = CARTESIAN_POINT ( 'NONE',  ( 0.1499999999999999944, -1.007692307692307665, 3.412826923076923258 ) ) ;
#4339 = EDGE_CURVE ( 'NONE', #2680, #1892, #2001, .T. ) ;
#4340 = ORIENTED_EDGE ( 'NONE', *, *, #5357, .T. ) ;
#4341 = VECTOR ( 'NONE', #85, 39.37007874015748143 ) ;
#4342 = LINE ( 'NONE', #180, #1543 ) ;
#4343 = CARTESIAN_POINT ( 'NONE',  ( 0.1500000000000000500, -1.192341677391517640, 3.185675404343636163 ) ) ;
#4344 = CARTESIAN_POINT ( 'NONE',  ( 0.09999999999999997780, -1.189991733538745100, 3.092476140573924948 ) ) ;
#4345 = CARTESIAN_POINT ( 'NONE',  ( 0.1499999999999999944, -1.077403846153845990, 2.183958233173076913 ) ) ;
#4346 = VERTEX_POINT ( 'NONE', #6428 ) ;
#4347 = LOCAL_TIME ( 20, 49, 14.00000000000000000, #7203 ) ;
#4348 = CARTESIAN_POINT ( 'NONE',  ( 0.09999999999999999167, -1.078758609202610463, 2.881976275826878986 ) ) ;
#4349 = CARTESIAN_POINT ( 'NONE',  ( 0.1500000000000000500, -1.040259525749432035, 3.665789882564062019 ) ) ;
#4350 = B_SPLINE_SURFACE_WITH_KNOTS ( 'NONE', 3, 1, ( 
 ( #4911, #6714 ),
 ( #5563, #980 ),
 ( #284, #3229 ),
 ( #941, #862 ),
 ( #5601, #6252 ),
 ( #1017, #323 ),
 ( #3190, #7241 ),
 ( #5491, #4376 ),
 ( #1439, #2005 ),
 ( #3763, #4487 ),
 ( #2119, #1479 ) ),
 .UNSPECIFIED., .F., .F., .F.,
 ( 4, 1, 1, 1, 1, 1, 1, 1, 4 ),
 ( 2, 2 ),
 ( 0.000000000000000000, 0.1214335221383127522, 0.2412413609732482755, 0.3599050537499662306, 0.4806466543240084377, 0.6034960790989311041, 0.7300811986653387153, 0.8618099772796907754, 1.000000000000000000 ),
 ( 0.000000000000000000, 1.000000000000000000 ),
 .UNSPECIFIED. ) ;
#4351 = CARTESIAN_POINT ( 'NONE',  ( 0.09999999999999999167, -1.155346505807013591, 2.962999806400006708 ) ) ;
#4352 = CARTESIAN_POINT ( 'NONE',  ( 0.09999999999999999167, -1.202351043023397903, 3.146729249281240648 ) ) ;
#4353 = CARTESIAN_POINT ( 'NONE',  ( 0.09999999999999999167, -1.072407368926175275, 2.951499627462744080 ) ) ;
#4354 = DIRECTION ( 'NONE',  ( 0.000000000000000000, -1.000000000000000000, 0.000000000000000000 ) ) ;
#4355 = LINE ( 'NONE', #4966, #1443 ) ;
#4356 = CARTESIAN_POINT ( 'NONE',  ( 0.1000000000000000194, -1.171495470974021957, 2.423836916485193171 ) ) ;
#4357 = CYLINDRICAL_SURFACE ( 'NONE', #4007, 0.06496063000000011634 ) ;
#4358 = CARTESIAN_POINT ( 'NONE',  ( 0.1000000000000000472, -1.202403846153846212, 2.187225961538461494 ) ) ;
#4359 = ORIENTED_EDGE ( 'NONE', *, *, #6322, .F. ) ;
#4360 = CARTESIAN_POINT ( 'NONE',  ( 0.09999999999999997780, -1.185513636394051940, 3.145051857739078915 ) ) ;
#4361 = CARTESIAN_POINT ( 'NONE',  ( 0.1000000000000000056, -1.201339992582550531, 3.157975697237464185 ) ) ;
#4362 = CARTESIAN_POINT ( 'NONE',  ( 0.1500000000000000500, -1.054634915114683880, 3.713273676402958134 ) ) ;
#4363 = CARTESIAN_POINT ( 'NONE',  ( 0.1499999999999999667, -1.062111616524282764, 2.359913338764529467 ) ) ;
#4364 = VECTOR ( 'NONE', #3561, 39.37007874015748143 ) ;
#4365 = CARTESIAN_POINT ( 'NONE',  ( 0.09999999999999999167, -1.043263476599004536, 3.670947224723213775 ) ) ;
#4366 = VERTEX_POINT ( 'NONE', #7460 ) ;
#4367 = B_SPLINE_CURVE_WITH_KNOTS ( 'NONE', 3,
 ( #24, #2667, #2744, #7013, #5649, #6144, #1169, #1737, #6226, #2129, #5615, #3317, #554, #5033, #7371 ),
 .UNSPECIFIED., .F., .F.,
 ( 4, 1, 1, 1, 1, 1, 1, 1, 1, 1, 1, 1, 4 ),
 ( 0.000000000000000000, 0.08826672401854496197, 0.1706376390471093796, 0.2479281137329815421, 0.3219197821450977548, 0.3960917057520620399, 0.4732621463492036051, 0.5548522767893164787, 0.6413406529623613128, 0.7304807719024718482, 0.8191491810115828498, 0.9087794610214180446, 1.000000000000000000 ),
 .UNSPECIFIED. ) ;
#4368 = VECTOR ( 'NONE', #774, 39.37007874015748143 ) ;
#4369 = CARTESIAN_POINT ( 'NONE',  ( 0.1499999999999999944, -1.007692307692307665, 2.539269230769230390 ) ) ;
#4370 = VERTEX_POINT ( 'NONE', #6926 ) ;
#4371 = CARTESIAN_POINT ( 'NONE',  ( 0.1499999999999999667, -1.077324322521291844, 3.307815930732367793 ) ) ;
#4372 = CARTESIAN_POINT ( 'NONE',  ( 0.1499999999999999944, -1.131865985576923084, 2.463307692307691976 ) ) ;
#4373 = CARTESIAN_POINT ( 'NONE',  ( 0.1499999999999999944, -1.011629599433808036, 3.575077234566806705 ) ) ;
#4374 = COORDINATED_UNIVERSAL_TIME_OFFSET ( 8, 0, .BEHIND. ) ;
#4375 = CARTESIAN_POINT ( 'NONE',  ( 0.1500000000000000500, -1.178153669929138392, 2.140878234063114505 ) ) ;
#4376 = CARTESIAN_POINT ( 'NONE',  ( 0.09999999999999997780, -1.061970468833115300, 2.398763511206339238 ) ) ;
#4377 = VERTEX_POINT ( 'NONE', #3558 ) ;
#4378 = CARTESIAN_POINT ( 'NONE',  ( 0.1499999999999999944, -1.130112435852920205, 3.314283528520284516 ) ) ;
#4380 = EDGE_CURVE ( 'NONE', #670, #638, #504, .T. ) ;
#4379 = CARTESIAN_POINT ( 'NONE',  ( 0.1499999999999999944, -1.079113027069119157, 2.836312465339710265 ) ) ;
#4381 = CARTESIAN_POINT ( 'NONE',  ( 0.1000000000000000194, -1.200845046821791273, 3.575263705231639388 ) ) ;
#4382 = CARTESIAN_POINT ( 'NONE',  ( 0.1499999999999999944, -1.131865985576923084, 2.463307692307691976 ) ) ;
#4383 = ORIENTED_EDGE ( 'NONE', *, *, #4765, .F. ) ;
#4384 = EDGE_CURVE ( 'NONE', #7171, #5700, #4591, .T. ) ;
#4385 = CARTESIAN_POINT ( 'NONE',  ( 0.09999999999999997780, -1.125575957502952029, 2.463141077795656386 ) ) ;
#4386 = ORIENTED_EDGE ( 'NONE', *, *, #4339, .T. ) ;
#4387 = CARTESIAN_POINT ( 'NONE',  ( 0.1499999999999999944, -1.043263476599004536, 3.670947224723213775 ) ) ;
#4388 = CARTESIAN_POINT ( 'NONE',  ( 0.1000000000000000056, -1.113039484267176915, 2.224423348967925040 ) ) ;
#4389 = EDGE_CURVE ( 'NONE', #5912, #5775, #7250, .T. ) ;
#4390 = CARTESIAN_POINT ( 'NONE',  ( 0.1000000000000000056, -1.202389939747617875, 2.898673427730523944 ) ) ;
#4391 = FACE_OUTER_BOUND ( 'NONE', #5373, .T. ) ;
#4392 = EDGE_CURVE ( 'NONE', #1736, #4259, #2124, .T. ) ;
#4393 = CARTESIAN_POINT ( 'NONE',  ( 0.1000000000000000056, -1.180066458515474315, 3.168490029563922228 ) ) ;
#4394 = CARTESIAN_POINT ( 'NONE',  ( 0.1000000000000000056, -1.062980769230769118, 3.089269230769230656 ) ) ;
#4395 = FACE_OUTER_BOUND ( 'NONE', #171, .T. ) ;
#4396 = CARTESIAN_POINT ( 'NONE',  ( 0.1500000000000000500, -1.177672291400053473, 2.414682676353118840 ) ) ;
#4397 = CARTESIAN_POINT ( 'NONE',  ( 0.1500000000000000500, -1.124794111694542353, 2.171153957933170897 ) ) ;
#4398 = CARTESIAN_POINT ( 'NONE',  ( 0.1499999999999999944, -1.151414497043687257, 2.163908256939439667 ) ) ;
#4399 = EDGE_CURVE ( 'NONE', #6667, #2826, #764, .T. ) ;
#4400 = ORIENTED_EDGE ( 'NONE', *, *, #394, .T. ) ;
#4401 = CARTESIAN_POINT ( 'NONE',  ( 0.1499999999999999944, -1.062980769230769118, 2.658725360576922991 ) ) ;
#4402 = CARTESIAN_POINT ( 'NONE',  ( 0.1499999999999999667, -1.184766147943505876, 3.196045286549051845 ) ) ;
#4403 = CARTESIAN_POINT ( 'NONE',  ( 0.1500000000000000500, -1.062795863751117675, 2.875114941688599490 ) ) ;
#4404 = ORIENTED_EDGE ( 'NONE', *, *, #5375, .T. ) ;
#4405 = LINE ( 'NONE', #7313, #2943 ) ;
#4406 = ORIENTED_EDGE ( 'NONE', *, *, #2382, .F. ) ;
#4407 = DIRECTION ( 'NONE',  ( -1.000000000000000000, -0.000000000000000000, -0.000000000000000000 ) ) ;
#4408 = CARTESIAN_POINT ( 'NONE',  ( 0.1499999999999999944, -1.132617187499999956, 2.991673076923076824 ) ) ;
#4409 = CARTESIAN_POINT ( 'NONE',  ( 0.1499999999999999944, -1.199999999999999956, 2.747442307692307573 ) ) ;
#4410 = CARTESIAN_POINT ( 'NONE',  ( 0.1500000000000000500, -1.026864624327727959, 3.538447600373817004 ) ) ;
#4411 = CARTESIAN_POINT ( 'NONE',  ( 0.1499999999999999944, -1.162815504807692246, 2.137346153846154007 ) ) ;
#4412 = CARTESIAN_POINT ( 'NONE',  ( 0.1499999999999999944, -1.199999999999999956, 2.651288461538461316 ) ) ;
#4413 = B_SPLINE_SURFACE_WITH_KNOTS ( 'NONE', 3, 1, ( 
 ( #7560, #2320 ),
 ( #29, #3500 ),
 ( #2395, #2436 ),
 ( #4649, #4725 ),
 ( #5906, #524 ),
 ( #6449, #4152 ),
 ( #2357, #4685 ),
 ( #6981, #7058 ),
 ( #3542, #4763 ),
 ( #5798, #2968 ),
 ( #6342, #674 ),
 ( #5832, #1822 ),
 ( #1780, #6490 ),
 ( #4115, #1101 ),
 ( #2852, #5870 ),
 ( #1250, #3009 ),
 ( #3426, #560 ),
 ( #7522, #2284 ),
 ( #4611, #2887 ) ),
 .UNSPECIFIED., .F., .F., .F.,
 ( 4, 1, 1, 1, 1, 1, 1, 1, 1, 1, 1, 1, 1, 1, 1, 1, 4 ),
 ( 2, 2 ),
 ( 0.000000000000000000, 0.05811581016691121093, 0.1164460725150090054, 0.1747113357836440339, 0.2333633948781232981, 0.2925090461401750885, 0.3522347601666270256, 0.4129282313896291412, 0.4747714597949758142, 0.5371517567132719773, 0.6001306581463299317, 0.6639998652573253501, 0.7285732489498654152, 0.7946331310538622406, 0.8616610674295327454, 0.9298430951857467042, 1.000000000000000000 ),
 ( 0.000000000000000000, 1.000000000000000000 ),
 .UNSPECIFIED. ) ;
#4414 = ORIENTED_EDGE ( 'NONE', *, *, #3270, .F. ) ;
#4415 = LINE ( 'NONE', #7362, #707 ) ;
#4416 = CARTESIAN_POINT ( 'NONE',  ( 0.1499999999999999944, -1.106271409036064801, 3.406946736258051889 ) ) ;
#4417 = CARTESIAN_POINT ( 'NONE',  ( 0.1000000000000000056, -1.129687499999999734, 3.067634615384615238 ) ) ;
#4418 = ORIENTED_EDGE ( 'NONE', *, *, #5093, .F. ) ;
#4419 = CARTESIAN_POINT ( 'NONE',  ( 0.1499999999999999944, -1.138577085553275081, 2.463125713756939117 ) ) ;
#4420 = EDGE_LOOP ( 'NONE', ( #2763, #704, #4827, #571 ) ) ;
#4421 = CARTESIAN_POINT ( 'NONE',  ( 0.1500000000000000777, -1.047666678942152707, 3.544236094439094042 ) ) ;
#4422 = ORIENTED_EDGE ( 'NONE', *, *, #791, .F. ) ;
#4423 = DIRECTION ( 'NONE',  ( -1.000000000000000000, 1.109605862373961499E-14, -9.511824846893232937E-13 ) ) ;
#4424 = B_SPLINE_CURVE_WITH_KNOTS ( 'NONE', 3,
 ( #5241, #5277, #6423, #6386, #7572, #5318, #1260, #77, #2330, #2938, #39 ),
 .UNSPECIFIED., .F., .F.,
 ( 4, 1, 1, 1, 1, 1, 1, 1, 4 ),
 ( 0.000000000000000000, 0.07636755429721756028, 0.1662162056707860991, 0.2697836862624273802, 0.3880429496975800752, 0.5193879358855465478, 0.6657769704404029598, 0.8252950635941815882, 1.000000000000000000 ),
 .UNSPECIFIED. ) ;
#4425 = CARTESIAN_POINT ( 'NONE',  ( 0.1000000000000000194, -1.158576601771270864, 2.960861788097601810 ) ) ;
#4426 = CARTESIAN_POINT ( 'NONE',  ( 0.1500000000000000500, -1.159923377403845990, 3.092536959134615238 ) ) ;
#4427 = CARTESIAN_POINT ( 'NONE',  ( 0.000000000000000000, 0.5000000000000014433, 0.1899606299999994641 ) ) ;
#4428 = CARTESIAN_POINT ( 'NONE',  ( 0.09999999999999999167, -1.202403846153846212, 2.379360877403846164 ) ) ;
#4429 = CARTESIAN_POINT ( 'NONE',  ( 0.1499999999999999944, -1.157528652449645756, 3.091694270597444838 ) ) ;
#4430 = CARTESIAN_POINT ( 'NONE',  ( 0.09999999999999999167, -1.105601576588414625, 2.433839569205985764 ) ) ;
#4431 = CARTESIAN_POINT ( 'NONE',  ( 0.1000000000000000056, -1.202386351956419075, 3.138797834722496738 ) ) ;
#4432 = CIRCLE ( 'NONE', #1141, 0.06889763999999991284 ) ;
#4433 = CARTESIAN_POINT ( 'NONE',  ( 0.1500000000000000500, -1.136903465074733610, 2.441575519885243128 ) ) ;
#4434 = EDGE_CURVE ( 'NONE', #6596, #4053, #6603, .T. ) ;
#4435 = DIRECTION ( 'NONE',  ( 1.000000000000000000, 0.000000000000000000, 0.000000000000000000 ) ) ;
#4436 = CARTESIAN_POINT ( 'NONE',  ( 0.1499999999999999944, -1.062980769230769118, 2.658725360576922991 ) ) ;
#4437 = ORIENTED_EDGE ( 'NONE', *, *, #7333, .F. ) ;
#4438 = CARTESIAN_POINT ( 'NONE',  ( 0.1499999999999999944, -1.178770281441482215, 2.346860519893230634 ) ) ;
#4439 = CARTESIAN_POINT ( 'NONE',  ( 0.1000000000000000056, -1.202385995932591101, 3.142805510386172063 ) ) ;
#4440 = CARTESIAN_POINT ( 'NONE',  ( 0.09999999999999999167, -1.102329133085771184, 2.205646955781855212 ) ) ;
#4441 = VECTOR ( 'NONE', #841, 39.37007874015748143 ) ;
#4442 = EDGE_LOOP ( 'NONE', ( #150, #2031, #1516, #4531 ) ) ;
#4443 = FACE_OUTER_BOUND ( 'NONE', #6246, .T. ) ;
#4444 = ORIENTED_EDGE ( 'NONE', *, *, #795, .F. ) ;
#4445 = CARTESIAN_POINT ( 'NONE',  ( 0.1499999999999999667, -1.063532375814794095, 3.331165563758764048 ) ) ;
#4446 = CARTESIAN_POINT ( 'NONE',  ( 0.1500000000000000500, -1.077764909350671374, 3.349123319511083441 ) ) ;
#4447 = CYLINDRICAL_SURFACE ( 'NONE', #5546, 0.1000000000000000194 ) ;
#4448 = CARTESIAN_POINT ( 'NONE',  ( 0.1000000000000000056, -1.010231485317245603, 3.581922177752814296 ) ) ;
#4449 = CARTESIAN_POINT ( 'NONE',  ( 0.1500000000000000500, -1.202403846153846212, 2.187225961538461494 ) ) ;
#4450 = CARTESIAN_POINT ( 'NONE',  ( 0.1500000000000000500, -1.136903465074733610, 2.441575519885243128 ) ) ;
#4451 = ORIENTED_EDGE ( 'NONE', *, *, #2754, .T. ) ;
#4452 = DIRECTION ( 'NONE',  ( 0.000000000000000000, 1.000000000000000000, 0.000000000000000000 ) ) ;
#4453 = EDGE_CURVE ( 'NONE', #1264, #100, #5886, .T. ) ;
#4454 = CARTESIAN_POINT ( 'NONE',  ( 0.09999999999999992228, -1.113686899038461409, 3.409897235576923258 ) ) ;
#4455 = CARTESIAN_POINT ( 'NONE',  ( 0.09999999999999999167, -1.085527256962919518, 2.160974856494169316 ) ) ;
#4456 = VERTEX_POINT ( 'NONE', #5467 ) ;
#4457 = ORIENTED_EDGE ( 'NONE', *, *, #424, .F. ) ;
#4458 = CARTESIAN_POINT ( 'NONE',  ( 0.1000000000000000056, -1.149805355011824792, 3.191477028044811259 ) ) ;
#4459 = CARTESIAN_POINT ( 'NONE',  ( 0.1499999999999999944, -1.098462193019994926, 2.228609089381098585 ) ) ;
#4460 = CARTESIAN_POINT ( 'NONE',  ( 0.1000000000000000611, -1.151373012599688828, 3.090488249985661628 ) ) ;
#4461 = DIRECTION ( 'NONE',  ( 0.000000000000000000, 0.8422384334740227185, -0.5391052041848829468 ) ) ;
#4462 = CARTESIAN_POINT ( 'NONE',  ( 0.1499999999999999944, -1.180765047398249834, 2.351756274991665396 ) ) ;
#4463 = CARTESIAN_POINT ( 'NONE',  ( 0.1499999999999999944, -1.164580829326923084, 2.302249999999999908 ) ) ;
#4464 = CARTESIAN_POINT ( 'NONE',  ( 0.1500000000000000500, -1.172138590476273112, 2.852375267533452607 ) ) ;
#4465 = CARTESIAN_POINT ( 'NONE',  ( 0.1000000000000000056, -1.126532451923076827, 3.089269230769230656 ) ) ;
#4466 = AXIS2_PLACEMENT_3D ( 'NONE', #6578, #1337, #7178 ) ;
#4467 = CARTESIAN_POINT ( 'NONE',  ( 0.09999999999999997780, -1.200432920248952984, 3.118439308358313511 ) ) ;
#4468 = CARTESIAN_POINT ( 'NONE',  ( 0.000000000000000000, 0.000000000000000000, 0.000000000000000000 ) ) ;
#4469 = CARTESIAN_POINT ( 'NONE',  ( 0.1000000000000000194, -1.201239821783813388, 2.919453013744060854 ) ) ;
#4470 = CARTESIAN_POINT ( 'NONE',  ( 0.1500000000000000500, -1.204312517500184088, 3.624676724482764012 ) ) ;
#4471 = ORIENTED_EDGE ( 'NONE', *, *, #5087, .T. ) ;
#4472 = CARTESIAN_POINT ( 'NONE',  ( 0.09999999999999997780, -1.123664710896687513, 3.411768425209841027 ) ) ;
#4473 = CARTESIAN_POINT ( 'NONE',  ( 0.1499999999999999944, -1.128448016826923084, 3.214269230769230656 ) ) ;
#4474 = B_SPLINE_SURFACE_WITH_KNOTS ( 'NONE', 3, 1, ( 
 ( #3545, #5873 ),
 ( #6948, #4654 ),
 ( #6379, #5913 ),
 ( #6984, #3015 ),
 ( #6346, #5350 ),
 ( #112, #6911 ),
 ( #1675, #1142 ),
 ( #4193, #3767 ),
 ( #3657, #1371 ),
 ( #1293, #7101 ),
 ( #1332, #2547 ),
 ( #865, #3192 ),
 ( #1899, #4837 ),
 ( #789, #5458 ),
 ( #6099, #3692 ),
 ( #7173, #5989 ),
 ( #756, #3087 ),
 ( #6024, #5420 ),
 ( #3119, #216 ) ),
 .UNSPECIFIED., .F., .F., .F.,
 ( 4, 1, 1, 1, 1, 1, 1, 1, 1, 1, 1, 1, 1, 1, 1, 1, 4 ),
 ( 2, 2 ),
 ( 0.000000000000000000, 0.05737393770053453301, 0.1133579888647995998, 0.1685856178758087243, 0.2236806351001012216, 0.2799978903253641516, 0.3379208734324164465, 0.3979734796769341942, 0.4610959550621919756, 0.5255984402318303328, 0.5893661365624348614, 0.6539035067996153971, 0.7190267442102100670, 0.7862042551915764399, 0.8547601757117794241, 0.9262236239849106489, 1.000000000000000000 ),
 ( 0.000000000000000000, 1.000000000000000000 ),
 .UNSPECIFIED. ) ;
#4475 = ADVANCED_FACE ( 'NONE', ( #4169 ), #7349, .T. ) ;
#4476 = CARTESIAN_POINT ( 'NONE',  ( 0.1499999999999999944, -1.007692307692307665, 3.611046574519230834 ) ) ;
#4477 = ORIENTED_EDGE ( 'NONE', *, *, #785, .F. ) ;
#4478 = CYLINDRICAL_SURFACE ( 'NONE', #3591, 0.06889763999999991284 ) ;
#4479 = ORIENTED_EDGE ( 'NONE', *, *, #5418, .F. ) ;
#4480 = CARTESIAN_POINT ( 'NONE',  ( 0.1000000000000000056, 4.375000000000000000, 2.249999999999999556 ) ) ;
#4481 = CARTESIAN_POINT ( 'NONE',  ( 0.1499999999999999944, -1.007692307692307665, 2.560903846153845809 ) ) ;
#4482 = ADVANCED_FACE ( 'NONE', ( #227 ), #4886, .F. ) ;
#4483 = LINE ( 'NONE', #859, #3227 ) ;
#4484 = CARTESIAN_POINT ( 'NONE',  ( 0.1499999999999999667, -1.020648304590738409, 3.549694288846457546 ) ) ;
#4485 = EDGE_CURVE ( 'NONE', #2836, #5671, #1265, .T. ) ;
#4486 = LINE ( 'NONE', #1590, #4002 ) ;
#4487 = CARTESIAN_POINT ( 'NONE',  ( 0.1000000000000000472, -1.060660809542175009, 2.382919520200744046 ) ) ;
#4488 = AXIS2_PLACEMENT_3D ( 'NONE', #5127, #5734, #5659 ) ;
#4489 = VECTOR ( 'NONE', #6517, 39.37007874015748854 ) ;
#4490 = EDGE_LOOP ( 'NONE', ( #5645, #2025, #7271, #1244 ) ) ;
#4491 = CARTESIAN_POINT ( 'NONE',  ( 0.1000000000000000056, -1.169742331813428127, 2.450837932304315459 ) ) ;
#4492 = CARTESIAN_POINT ( 'NONE',  ( 0.1000000000000000056, -1.060576923076922862, 2.184521634615384400 ) ) ;
#4493 = CARTESIAN_POINT ( 'NONE',  ( 0.09999999999999992228, -1.077985426200194885, 3.365953017203484166 ) ) ;
#4494 = AXIS2_PLACEMENT_3D ( 'NONE', #1754, #5242, #611 ) ;
#4495 = ORIENTED_EDGE ( 'NONE', *, *, #2712, .F. ) ;
#4496 = CARTESIAN_POINT ( 'NONE',  ( 0.1499999999999999667, -1.083028812387790252, 2.164846435624326659 ) ) ;
#4497 = ORIENTED_EDGE ( 'NONE', *, *, #5660, .F. ) ;
#4498 = VERTEX_POINT ( 'NONE', #122 ) ;
#4499 = CARTESIAN_POINT ( 'NONE',  ( 0.09999999999999996392, -1.104595452959398427, 3.707507137417699994 ) ) ;
#4500 = EDGE_LOOP ( 'NONE', ( #6261, #1784, #3661, #4981 ) ) ;
#4501 = CARTESIAN_POINT ( 'NONE',  ( 0.09999999999999999167, -1.157528652449645756, 3.091694270597444838 ) ) ;
#4502 = CARTESIAN_POINT ( 'NONE',  ( 0.1000000000000000056, -1.150458233173076827, 3.412826923076923258 ) ) ;
#4503 = CARTESIAN_POINT ( 'NONE',  ( 0.09999999999999999167, -1.098544010655639003, 2.429043616282668516 ) ) ;
#4504 = CARTESIAN_POINT ( 'NONE',  ( 0.1499999999999999944, -1.201459276388294306, 2.362608873428630574 ) ) ;
#4505 = CARTESIAN_POINT ( 'NONE',  ( 0.1000000000000000056, -1.179618177488705566, 2.168428770454107202 ) ) ;
#4506 = CARTESIAN_POINT ( 'NONE',  ( 0.1500000000000000500, -1.200845046821791273, 3.575263705231639388 ) ) ;
#4507 = B_SPLINE_CURVE_WITH_KNOTS ( 'NONE', 3,
 ( #4210, #6509, #1761, #1839, #6547, #4247, #6431 ),
 .UNSPECIFIED., .F., .F.,
 ( 4, 1, 1, 1, 4 ),
 ( 0.000000000000000000, 0.2560521882616102474, 0.5036404212658360802, 0.7476604294265029038, 1.000000000000000000 ),
 .UNSPECIFIED. ) ;
#4508 = FACE_BOUND ( 'NONE', #5684, .T. ) ;
#4509 = CARTESIAN_POINT ( 'NONE',  ( 0.1499999999999999944, -1.126532451923076827, 3.089269230769230656 ) ) ;
#4510 = CARTESIAN_POINT ( 'NONE',  ( 0.1000000000000000056, -1.202259556483449510, 2.910254289085659085 ) ) ;
#4511 = CARTESIAN_POINT ( 'NONE',  ( 0.1499999999999999944, -1.095254751961534101, 2.228661421047172464 ) ) ;
#4512 = EDGE_LOOP ( 'NONE', ( #2205, #2607 ) ) ;
#4513 = DIRECTION ( 'NONE',  ( 0.000000000000000000, 0.000000000000000000, -1.000000000000000000 ) ) ;
#4514 = CARTESIAN_POINT ( 'NONE',  ( 0.1000000000000000056, -1.189983687309585703, 3.189368361728183832 ) ) ;
#4515 = CARTESIAN_POINT ( 'NONE',  ( 0.09999999999999999167, -1.072304595434914631, 2.847179960373041219 ) ) ;
#4516 = ORIENTED_EDGE ( 'NONE', *, *, #2891, .F. ) ;
#4517 = CYLINDRICAL_SURFACE ( 'NONE', #2982, 0.06496063000000011634 ) ;
#4518 = ORIENTED_EDGE ( 'NONE', *, *, #6322, .T. ) ;
#4519 = CARTESIAN_POINT ( 'NONE',  ( 0.1500000000000000500, -1.182015639069140978, 2.206376924860490085 ) ) ;
#4520 = CARTESIAN_POINT ( 'NONE',  ( 0.1499999999999999944, -1.096168954269957307, 2.979647428520512342 ) ) ;
#4521 = CARTESIAN_POINT ( 'NONE',  ( 0.09999999999999997780, -1.185525462601251911, 3.604442463208731517 ) ) ;
#4522 = CARTESIAN_POINT ( 'NONE',  ( 0.1500000000000000500, -1.157565784005810228, 3.713580247800043921 ) ) ;
#4523 = CARTESIAN_POINT ( 'NONE',  ( 0.1499999999999999944, -1.185576923076922862, 2.381126201923076557 ) ) ;
#4524 = CARTESIAN_POINT ( 'NONE',  ( 0.1000000000000000194, -1.185952287271729189, 2.322044381378422173 ) ) ;
#4525 = EDGE_CURVE ( 'NONE', #3964, #6993, #1879, .T. ) ;
#4526 = ORIENTED_EDGE ( 'NONE', *, *, #2194, .F. ) ;
#4527 = CARTESIAN_POINT ( 'NONE',  ( 0.09999999999999997780, -1.174544344320274103, 2.218777901050680512 ) ) ;
#4528 = EDGE_CURVE ( 'NONE', #5671, #5976, #4133, .T. ) ;
#4529 = CARTESIAN_POINT ( 'NONE',  ( 0.1000000000000000056, 3.114921874281840974, 5.442760751357297089 ) ) ;
#4530 = CARTESIAN_POINT ( 'NONE',  ( 0.09999999999999992228, -1.078815376538706294, 3.370330227501393772 ) ) ;
#4531 = ORIENTED_EDGE ( 'NONE', *, *, #6215, .F. ) ;
#4532 = CARTESIAN_POINT ( 'NONE',  ( 0.1000000000000000472, -1.131686254856471230, 2.200990927471785152 ) ) ;
#4533 = ORIENTED_EDGE ( 'NONE', *, *, #3491, .T. ) ;
#4534 = EDGE_LOOP ( 'NONE', ( #7264, #4262, #2191, #4148 ) ) ;
#4535 = VERTEX_POINT ( 'NONE', #4427 ) ;
#4536 = AXIS2_PLACEMENT_3D ( 'NONE', #1297, #759, #3626 ) ;
#4537 = DIRECTION ( 'NONE',  ( -1.000000000000000000, -0.000000000000000000, -0.000000000000000000 ) ) ;
#4538 = CARTESIAN_POINT ( 'NONE',  ( 0.1000000000000000472, -1.196299098278714723, 3.177438508807640893 ) ) ;
#4539 = CARTESIAN_POINT ( 'NONE',  ( 0.1500000000000000500, -1.148920978126592329, 2.166572978254528437 ) ) ;
#4540 = CARTESIAN_POINT ( 'NONE',  ( 0.09999999999999997780, -1.202356368328062031, 2.376466839747192417 ) ) ;
#4541 = CARTESIAN_POINT ( 'NONE',  ( 0.1499999999999999667, -1.179709830052165787, 2.866502841138959923 ) ) ;
#4542 = CARTESIAN_POINT ( 'NONE',  ( 0.09999999999999997780, -1.175755952594860876, 3.562802283177744833 ) ) ;
#4543 = EDGE_LOOP ( 'NONE', ( #6284, #1890 ) ) ;
#4544 = CARTESIAN_POINT ( 'NONE',  ( 0.1000000000000000056, -1.187505593727168574, 3.089021234010472572 ) ) ;
#4545 =( LENGTH_UNIT ( ) NAMED_UNIT ( * ) SI_UNIT ( $, .METRE. ) );
#4546 = LINE ( 'NONE', #386, #6282 ) ;
#4547 = DIRECTION ( 'NONE',  ( 0.000000000000000000, 1.000000000000000000, 0.000000000000000000 ) ) ;
#4548 = B_SPLINE_SURFACE_WITH_KNOTS ( 'NONE', 3, 1, ( 
 ( #5498, #4957 ),
 ( #2588, #6142 ),
 ( #3237, #4385 ),
 ( #2552, #5995 ),
 ( #1415, #3734 ),
 ( #4882, #6611 ),
 ( #7213, #1451 ),
 ( #835, #3697 ),
 ( #1979, #6685 ),
 ( #6030, #1377 ),
 ( #4918, #335 ) ),
 .UNSPECIFIED., .F., .F., .F.,
 ( 4, 1, 1, 1, 1, 1, 1, 1, 4 ),
 ( 2, 2 ),
 ( 0.000000000000000000, 0.1243243740706215794, 0.2468424868914057269, 0.3678573631756446582, 0.4896800117859071988, 0.6123518893167360089, 0.7373468821969901832, 0.8664194267585870746, 1.000000000000000000 ),
 ( 0.000000000000000000, 1.000000000000000000 ),
 .UNSPECIFIED. ) ;
#4549 = VERTEX_POINT ( 'NONE', #6146 ) ;
#4550 = CARTESIAN_POINT ( 'NONE',  ( 0.1499999999999999944, -1.128008539366450735, 3.412084466486938528 ) ) ;
#4551 = CARTESIAN_POINT ( 'NONE',  ( 0.1000000000000000056, -1.068258734483251260, 3.320043637114967527 ) ) ;
#4552 = ADVANCED_FACE ( 'NONE', ( #6839 ), #7410, .T. ) ;
#4553 = DIRECTION ( 'NONE',  ( 0.000000000000000000, -0.6000000000000000888, -0.7999999999999999334 ) ) ;
#4554 = CARTESIAN_POINT ( 'NONE',  ( 0.000000000000000000, 4.500000000000000888, 1.999999999999999334 ) ) ;
#4555 = ORIENTED_EDGE ( 'NONE', *, *, #4062, .F. ) ;
#4556 = CARTESIAN_POINT ( 'NONE',  ( 0.1000000000000000056, -1.114883081571939716, 2.191971023702631083 ) ) ;
#4557 = LINE ( 'NONE', #6248, #5055 ) ;
#4558 = CARTESIAN_POINT ( 'NONE',  ( 0.1000000000000000056, -1.127884615384615374, 2.708980769230768804 ) ) ;
#4559 = CARTESIAN_POINT ( 'NONE',  ( 0.09999999999999997780, -1.200232343024819404, 3.650377751288835793 ) ) ;
#4560 = CARTESIAN_POINT ( 'NONE',  ( 0.09999999999999999167, -1.184269752034732059, 3.630191923431508982 ) ) ;
#4561 = CARTESIAN_POINT ( 'NONE',  ( 0.1000000000000000056, -1.132317809809963771, 2.970006538760477266 ) ) ;
#4562 = CARTESIAN_POINT ( 'NONE',  ( 0.1000000000000000056, -1.499999999999999778, 4.000000000000000000 ) ) ;
#4563 = CARTESIAN_POINT ( 'NONE',  ( 0.1499999999999999944, -1.185576923076922862, 2.381126201923076557 ) ) ;
#4564 = CARTESIAN_POINT ( 'NONE',  ( 0.09999999999999993616, -1.062111616524282764, 2.359913338764529467 ) ) ;
#4565 = AXIS2_PLACEMENT_3D ( 'NONE', #7389, #2645, #6125 ) ;
#4566 = ORIENTED_EDGE ( 'NONE', *, *, #5258, .F. ) ;
#4567 = CARTESIAN_POINT ( 'NONE',  ( 0.1500000000000000500, -1.163874367390741016, 2.454706303422261371 ) ) ;
#4568 = AXIS2_PLACEMENT_3D ( 'NONE', #1114, #2102, #5773 ) ;
#4569 = VECTOR ( 'NONE', #548, 39.37007874015748143 ) ;
#4570 = CARTESIAN_POINT ( 'NONE',  ( 0.1500000000000000500, -1.164997619771148463, 3.544819128858562429 ) ) ;
#4571 = CARTESIAN_POINT ( 'NONE',  ( 0.1000000000000000056, 4.375000000000000000, 2.249999999999999556 ) ) ;
#4572 = CARTESIAN_POINT ( 'NONE',  ( 0.1499999999999999944, -1.195944839803997350, 2.340615545611102633 ) ) ;
#4573 = VERTEX_POINT ( 'NONE', #4921 ) ;
#4574 = EDGE_CURVE ( 'NONE', #857, #947, #3202, .T. ) ;
#4575 = CARTESIAN_POINT ( 'NONE',  ( 0.1499999999999999944, -1.077448409231627213, 2.182703359787553143 ) ) ;
#4576 = ORIENTED_EDGE ( 'NONE', *, *, #4813, .F. ) ;
#4577 = ORIENTED_EDGE ( 'NONE', *, *, #7283, .T. ) ;
#4578 = CARTESIAN_POINT ( 'NONE',  ( 0.1500000000000000500, -1.159175997323147467, 3.092273960820002721 ) ) ;
#4579 = CARTESIAN_POINT ( 'NONE',  ( 0.1499999999999999944, -1.166804680659354387, 2.328913015166234501 ) ) ;
#4580 = CARTESIAN_POINT ( 'NONE',  ( 0.1000000000000000056, -1.170745201890289966, 2.333182221149756153 ) ) ;
#4581 = EDGE_CURVE ( 'NONE', #2364, #3746, #4309, .T. ) ;
#4582 = CARTESIAN_POINT ( 'NONE',  ( 0.1499999999999999944, -1.163463323685462347, 2.842029798817004682 ) ) ;
#4583 = ORIENTED_EDGE ( 'NONE', *, *, #3272, .F. ) ;
#4584 = ORIENTED_EDGE ( 'NONE', *, *, #1317, .T. ) ;
#4585 = FACE_BOUND ( 'NONE', #5462, .T. ) ;
#4586 = CARTESIAN_POINT ( 'NONE',  ( 0.09999999999999999167, -1.194507640957396699, 3.667676790627159900 ) ) ;
#4587 = CARTESIAN_POINT ( 'NONE',  ( 0.09999999999999999167, -1.199689367637940762, 2.928248806479362365 ) ) ;
#4588 = CARTESIAN_POINT ( 'NONE',  ( 0.1000000000000000056, -1.086647662390709090, 2.858695935159168311 ) ) ;
#4589 = ORIENTED_EDGE ( 'NONE', *, *, #7328, .T. ) ;
#4590 = CARTESIAN_POINT ( 'NONE',  ( 0.1499999999999999944, -1.138262692649149477, 3.412650630155190878 ) ) ;
#4591 = LINE ( 'NONE', #465, #58 ) ;
#4592 = VECTOR ( 'NONE', #7564, 39.37007874015748143 ) ;
#4593 = CARTESIAN_POINT ( 'NONE',  ( 0.1499999999999999944, -1.080070612980769118, 2.139749999999999819 ) ) ;
#4594 = ORGANIZATION ( 'UNSPECIFIED', 'UNSPECIFIED', '' ) ;
#4595 = FACE_OUTER_BOUND ( 'NONE', #1795, .T. ) ;
#4596 = VECTOR ( 'NONE', #7060, 39.37007874015748143 ) ;
#4597 = VERTEX_POINT ( 'NONE', #2174 ) ;
#4598 = CARTESIAN_POINT ( 'NONE',  ( 0.09999999999999996392, -1.122997100115546765, 2.990980606463204072 ) ) ;
#4599 = CARTESIAN_POINT ( 'NONE',  ( 0.09999999999999999167, -1.172637954074787769, 3.101552926237948427 ) ) ;
#4600 = DIRECTION ( 'NONE',  ( 0.000000000000000000, 0.000000000000000000, -1.000000000000000000 ) ) ;
#4601 = CARTESIAN_POINT ( 'NONE',  ( 0.1499999999999999944, -1.199999999999999956, 3.314269230769230745 ) ) ;
#4602 = CARTESIAN_POINT ( 'NONE',  ( 0.1000000000000000056, -1.151088642221440139, 3.692046928973756970 ) ) ;
#4603 = DIRECTION ( 'NONE',  ( 0.000000000000000000, -1.000000000000000000, 0.000000000000000000 ) ) ;
#4604 = CARTESIAN_POINT ( 'NONE',  ( 0.1000000000000000056, -1.062980769230769118, 2.658725360576922991 ) ) ;
#4605 = CARTESIAN_POINT ( 'NONE',  ( 0.1000000000000000056, -1.202263897833143025, 2.370830248559459452 ) ) ;
#4606 = CARTESIAN_POINT ( 'NONE',  ( 0.09999999999999999167, -1.088449929341990918, 2.157058012813157344 ) ) ;
#4607 = ORIENTED_EDGE ( 'NONE', *, *, #5924, .F. ) ;
#4608 = CARTESIAN_POINT ( 'NONE',  ( 0.09999999999999993616, -1.201189854184732564, 2.397872074566071099 ) ) ;
#4609 = DIRECTION ( 'NONE',  ( 0.000000000000000000, 0.000000000000000000, -1.000000000000000000 ) ) ;
#4610 = CARTESIAN_POINT ( 'NONE',  ( 0.1499999999999999944, -1.176849246796257242, 3.657136363999632156 ) ) ;
#4611 = CARTESIAN_POINT ( 'NONE',  ( 0.1499999999999999944, -1.204807692307692246, 3.610746093749999996 ) ) ;
#4612 = VECTOR ( 'NONE', #5694, 39.37007874015748143 ) ;
#4613 = CARTESIAN_POINT ( 'NONE',  ( 0.09999999999999997780, -1.131865985576923084, 2.463307692307691976 ) ) ;
#4614 = ORIENTED_EDGE ( 'NONE', *, *, #6216, .F. ) ;
#4615 = AXIS2_PLACEMENT_3D ( 'NONE', #5969, #736, #5439 ) ;
#4616 = ORIENTED_EDGE ( 'NONE', *, *, #1766, .T. ) ;
#4617 = DIRECTION ( 'NONE',  ( -1.000000000000000000, -0.000000000000000000, -0.000000000000000000 ) ) ;
#4618 = DIRECTION ( 'NONE',  ( 1.000000000000000000, 0.000000000000000000, 0.000000000000000000 ) ) ;
#4619 = CARTESIAN_POINT ( 'NONE',  ( 0.09999999999999999167, -1.137572405939672349, 3.700756085735394940 ) ) ;
#4620 = PLANE ( 'NONE',  #5716 ) ;
#4621 = ADVANCED_FACE ( 'NONE', ( #3167 ), #3738, .F. ) ;
#4622 = ORIENTED_EDGE ( 'NONE', *, *, #6504, .T. ) ;
#4623 = EDGE_LOOP ( 'NONE', ( #630, #3231 ) ) ;
#4624 = DIRECTION ( 'NONE',  ( 1.000000000000000000, 0.000000000000000000, 0.000000000000000000 ) ) ;
#4625 = CARTESIAN_POINT ( 'NONE',  ( 0.09999999999999999167, -1.173361648572180727, 3.699941550462380935 ) ) ;
#4626 = B_SPLINE_CURVE_WITH_KNOTS ( 'NONE', 3,
 ( #257, #2586, #723, #1258, #682, #1449, #4994, #1600, #986, #7326, #3314, #3847, #7444, #3349, #3196, #5644, #1559, #332, #5530 ),
 .UNSPECIFIED., .F., .F.,
 ( 4, 1, 1, 1, 1, 1, 1, 1, 1, 1, 1, 1, 1, 1, 1, 1, 4 ),
 ( 0.000000000000000000, 0.06731837021478855043, 0.1328003874019390018, 0.1979227049769316793, 0.2618766480524860607, 0.3259030708060169923, 0.3893308283718679985, 0.4542045514335961154, 0.5194462248296444207, 0.5842160852422562112, 0.6466357057170665223, 0.7077546486320436259, 0.7672184367128729310, 0.8257898878212502902, 0.8835977164710699938, 0.9418618382118134624, 1.000000000000000000 ),
 .UNSPECIFIED. ) ;
#4627 = CARTESIAN_POINT ( 'NONE',  ( 0.1499999999999999944, -1.129687499999999956, 3.067634615384615238 ) ) ;
#4628 = EDGE_CURVE ( 'NONE', #1620, #6975, #6037, .T. ) ;
#4629 = DIRECTION ( 'NONE',  ( -1.000000000000000000, 0.000000000000000000, -0.000000000000000000 ) ) ;
#4630 = EDGE_CURVE ( 'NONE', #5700, #2365, #3764, .T. ) ;
#4631 = EDGE_LOOP ( 'NONE', ( #6777, #2971, #5885, #2801 ) ) ;
#4632 = CARTESIAN_POINT ( 'NONE',  ( 0.09999999999999999167, -1.070769087984033030, 2.216196887884338107 ) ) ;
#4633 = CARTESIAN_POINT ( 'NONE',  ( 0.1499999999999999944, -1.186949187954448703, 2.959220564991341895 ) ) ;
#4634 = ADVANCED_FACE ( 'NONE', ( #3947 ), #4288, .T. ) ;
#4635 = EDGE_CURVE ( 'NONE', #1953, #1018, #1049, .T. ) ;
#4636 = CARTESIAN_POINT ( 'NONE',  ( 0.1500000000000000500, -1.131954217109968797, 3.067651839002956127 ) ) ;
#4637 = LINE ( 'NONE', #3987, #4246 ) ;
#4638 = CARTESIAN_POINT ( 'NONE',  ( 0.1500000000000000500, -1.064195665869528185, 2.929802583091779766 ) ) ;
#4639 = DIRECTION ( 'NONE',  ( 0.000000000000000000, -0.7831108474982941825, -0.6218821436015858906 ) ) ;
#4640 = CARTESIAN_POINT ( 'NONE',  ( 0.1499999999999999944, -1.194507640957396699, 3.667676790627159900 ) ) ;
#4641 = CARTESIAN_POINT ( 'NONE',  ( 0.000000000000000000, -0.6499999999999993561, 1.010039369999999659 ) ) ;
#4642 = PLANE ( 'NONE',  #3879 ) ;
#4643 = CARTESIAN_POINT ( 'NONE',  ( 0.09999999999999999167, -1.079387824257850959, 2.172533950245761236 ) ) ;
#4644 = CARTESIAN_POINT ( 'NONE',  ( 0.09999999999999999167, -1.128398030932586726, 3.192630802736511786 ) ) ;
#4645 = EDGE_LOOP ( 'NONE', ( #502, #4284, #307, #5073 ) ) ;
#4646 = CARTESIAN_POINT ( 'NONE',  ( 0.09999999999999993616, -1.175440771783051952, 2.446304958714372813 ) ) ;
#4647 = CARTESIAN_POINT ( 'NONE',  ( 0.1000000000000000056, -1.199999999999999734, 2.560903846153845809 ) ) ;
#4648 = CARTESIAN_POINT ( 'NONE',  ( 0.1499999999999999944, -1.185522211100328960, 3.613578942815230732 ) ) ;
#4649 = CARTESIAN_POINT ( 'NONE',  ( 0.1500000000000000500, -1.174394120371332839, 3.523861129859604535 ) ) ;
#4650 = DIRECTION ( 'NONE',  ( 1.000000000000000000, 0.000000000000000000, 0.000000000000000000 ) ) ;
#4651 = VECTOR ( 'NONE', #501, 39.37007874015748143 ) ;
#4652 = VERTEX_POINT ( 'NONE', #3873 ) ;
#4653 = EDGE_CURVE ( 'NONE', #2255, #7321, #4557, .T. ) ;
#4654 = CARTESIAN_POINT ( 'NONE',  ( 0.1000000000000000056, -1.164170997714092159, 2.137386877346999281 ) ) ;
#4655 = CARTESIAN_POINT ( 'NONE',  ( 0.1499999999999999944, -1.183661500419650903, 3.587963971808553865 ) ) ;
#4656 = CARTESIAN_POINT ( 'NONE',  ( 0.1499999999999999944, -1.201339992582550531, 3.157975697237464185 ) ) ;
#4657 = CARTESIAN_POINT ( 'NONE',  ( 0.1500000000000000500, -1.076419942254770890, 3.399721373701297455 ) ) ;
#4658 = EDGE_LOOP ( 'NONE', ( #827, #3031, #4437, #3550, #4307, #3544, #3864, #5929, #3938, #1116, #1104, #6486, #336, #5058, #2646, #2125, #4948, #160 ) ) ;
#4659 = ORIENTED_EDGE ( 'NONE', *, *, #2888, .F. ) ;
#4660 = CARTESIAN_POINT ( 'NONE',  ( 0.1499999999999999944, -1.078758609202610463, 2.881976275826878986 ) ) ;
#4661 = LINE ( 'NONE', #2366, #1176 ) ;
#4662 = CARTESIAN_POINT ( 'NONE',  ( 0.1500000000000000500, -1.079527503722101933, 2.921001042273315917 ) ) ;
#4663 = CARTESIAN_POINT ( 'NONE',  ( 0.1499999999999999944, -1.077472180486004349, 2.896730009814318496 ) ) ;
#4664 = VERTEX_POINT ( 'NONE', #4481 ) ;
#4665 = CARTESIAN_POINT ( 'NONE',  ( 0.1499999999999999944, -1.162815504807692246, 2.137346153846154007 ) ) ;
#4666 = CARTESIAN_POINT ( 'NONE',  ( 0.000000000000000000, 4.500000000000000888, 1.999999999999999334 ) ) ;
#4667 = CARTESIAN_POINT ( 'NONE',  ( 0.09999999999999993616, -1.095076781942885713, 3.728710240521870833 ) ) ;
#4668 = EDGE_CURVE ( 'NONE', #2200, #7062, #1213, .T. ) ;
#4669 = CARTESIAN_POINT ( 'NONE',  ( 0.09999999999999999167, -1.095545508231077214, 3.706804137763386464 ) ) ;
#4670 = CARTESIAN_POINT ( 'NONE',  ( 0.09999999999999997780, -1.197804962945539842, 2.865604039540923687 ) ) ;
#4671 = CARTESIAN_POINT ( 'NONE',  ( 0.1499999999999999944, -1.178818641877707352, 3.080251824531204718 ) ) ;
#4672 = CARTESIAN_POINT ( 'NONE',  ( 0.09999999999999999167, -1.060604058731449362, 2.901241820747270772 ) ) ;
#4673 = CARTESIAN_POINT ( 'NONE',  ( 0.1499999999999999944, -1.062980769230769118, 2.627249999999999641 ) ) ;
#4674 = CARTESIAN_POINT ( 'NONE',  ( 0.09999999999999999167, -1.185559630433673517, 3.608228822279517356 ) ) ;
#4675 = DIRECTION ( 'NONE',  ( -1.000000000000000000, -0.000000000000000000, -0.000000000000000000 ) ) ;
#4676 = CARTESIAN_POINT ( 'NONE',  ( 0.1499999999999999944, -1.126532451923076827, 3.192634615384615238 ) ) ;
#4677 = CARTESIAN_POINT ( 'NONE',  ( 0.1499999999999999944, -1.079987163100091241, 3.338881218886675217 ) ) ;
#4678 = CARTESIAN_POINT ( 'NONE',  ( 0.1500000000000000777, -1.067132074299359301, 2.342117759783722164 ) ) ;
#4679 = ORIENTED_EDGE ( 'NONE', *, *, #334, .T. ) ;
#4680 = CARTESIAN_POINT ( 'NONE',  ( 0.1000000000000000056, -1.131967118298512931, 3.192623508660996201 ) ) ;
#4681 = ORIENTED_EDGE ( 'NONE', *, *, #1589, .T. ) ;
#4682 = DIRECTION ( 'NONE',  ( -1.000000000000000000, -0.000000000000000000, -0.000000000000000000 ) ) ;
#4683 = CARTESIAN_POINT ( 'NONE',  ( 0.1499999999999999944, -1.181639905593623752, 3.116597275389658694 ) ) ;
#4684 = DIRECTION ( 'NONE',  ( 0.000000000000000000, 0.6926171340514482022, -0.7213054177103885856 ) ) ;
#4685 = CARTESIAN_POINT ( 'NONE',  ( 0.09999999999999997780, -1.185725327661087514, 3.538833869843836855 ) ) ;
#4686 = CARTESIAN_POINT ( 'NONE',  ( 0.1000000000000000472, -1.124674694033172218, 2.212847097339133207 ) ) ;
#4687 = CIRCLE ( 'NONE', #7497, 0.06496062999999985266 ) ;
#4688 = EDGE_LOOP ( 'NONE', ( #932, #4047, #7126, #5089 ) ) ;
#4689 = EDGE_CURVE ( 'NONE', #296, #6835, #6414, .T. ) ;
#4690 = CARTESIAN_POINT ( 'NONE',  ( 0.1499999999999999944, -1.171153846153845990, 2.222682692307691887 ) ) ;
#4691 = CARTESIAN_POINT ( 'NONE',  ( 0.1499999999999999944, -1.155608314829162264, 3.533957739921218089 ) ) ;
#4692 = CARTESIAN_POINT ( 'NONE',  ( 0.1500000000000000500, -1.182544759100601528, 3.639632838137673687 ) ) ;
#4693 = CARTESIAN_POINT ( 'NONE',  ( 0.1499999999999999944, -1.101442307692307665, 2.840080528846153918 ) ) ;
#4694 = FACE_OUTER_BOUND ( 'NONE', #5115, .T. ) ;
#4695 = ORIENTED_EDGE ( 'NONE', *, *, #1745, .T. ) ;
#4696 = CARTESIAN_POINT ( 'NONE',  ( 0.1000000000000000056, -1.132617187499999956, 2.991673076923076824 ) ) ;
#4697 = DIRECTION ( 'NONE',  ( -1.000000000000000000, -0.000000000000000000, -0.000000000000000000 ) ) ;
#4698 = CARTESIAN_POINT ( 'NONE',  ( 0.1000000000000000056, -1.158593863601214524, 2.321505116543374214 ) ) ;
#4699 = ORIENTED_EDGE ( 'NONE', *, *, #7052, .T. ) ;
#4700 = CARTESIAN_POINT ( 'NONE',  ( 0.1000000000000000056, -1.157068906625972282, 2.137594843159888125 ) ) ;
#4701 = CARTESIAN_POINT ( 'NONE',  ( 0.1499999999999999944, -1.132617187499999956, 2.991673076923076824 ) ) ;
#4702 = CARTESIAN_POINT ( 'NONE',  ( 0.1499999999999999667, -1.134718245661936242, 2.969942842239518654 ) ) ;
#4703 = CARTESIAN_POINT ( 'NONE',  ( 0.1000000000000000056, -1.375000000000000444, 2.185039369999999703 ) ) ;
#4704 = CARTESIAN_POINT ( 'NONE',  ( 0.1499999999999999944, -1.199226803795589769, 2.871047133712981481 ) ) ;
#4705 = DIRECTION ( 'NONE',  ( 0.000000000000000000, 0.000000000000000000, -1.000000000000000000 ) ) ;
#4706 = VECTOR ( 'NONE', #567, 39.37007874015748143 ) ;
#4707 = ORIENTED_EDGE ( 'NONE', *, *, #1552, .F. ) ;
#4708 = CARTESIAN_POINT ( 'NONE',  ( 0.1000000000000000194, -1.064195665869528185, 2.929802583091779766 ) ) ;
#4709 = CARTESIAN_POINT ( 'NONE',  ( 0.1000000000000000472, -1.178563763053766422, 3.109927647414765683 ) ) ;
#4710 = EDGE_CURVE ( 'NONE', #5732, #1962, #2956, .T. ) ;
#4711 = CARTESIAN_POINT ( 'NONE',  ( 0.09999999999999999167, -1.077477251919089829, 3.352926347890556880 ) ) ;
#4712 = CARTESIAN_POINT ( 'NONE',  ( 0.1500000000000000500, -1.198599048072671369, 3.656327500468701253 ) ) ;
#4713 = EDGE_CURVE ( 'NONE', #1026, #2862, #547, .T. ) ;
#4714 = CARTESIAN_POINT ( 'NONE',  ( 0.1000000000000000056, -1.172424851153321734, 2.946679436323384582 ) ) ;
#4715 = CARTESIAN_POINT ( 'NONE',  ( 0.1000000000000000194, -1.104371995192307665, 3.316485276442307395 ) ) ;
#4716 = DIRECTION ( 'NONE',  ( -1.000000000000000000, 0.000000000000000000, -0.000000000000000000 ) ) ;
#4717 = VERTEX_POINT ( 'NONE', #2875 ) ;
#4718 = CARTESIAN_POINT ( 'NONE',  ( 0.1000000000000000472, -1.162768189286499831, 3.093789669668916442 ) ) ;
#4719 = ADVANCED_FACE ( 'NONE', ( #3414 ), #509, .T. ) ;
#4720 = ORIENTED_EDGE ( 'NONE', *, *, #7235, .F. ) ;
#4721 = CARTESIAN_POINT ( 'NONE',  ( 0.1500000000000000500, -1.064894148894903303, 3.327332975133918680 ) ) ;
#4722 = EDGE_CURVE ( 'NONE', #3916, #2255, #4140, .T. ) ;
#4723 = CARTESIAN_POINT ( 'NONE',  ( 0.1000000000000000056, 1.499999999999999778, 7.397019699529389314 ) ) ;
#4724 = DIRECTION ( 'NONE',  ( 1.000000000000000000, 0.000000000000000000, 0.000000000000000000 ) ) ;
#4725 = CARTESIAN_POINT ( 'NONE',  ( 0.09999999999999997780, -1.174394120371332839, 3.523861129859604535 ) ) ;
#4726 = LINE ( 'NONE', #5908, #517 ) ;
#4727 = VERTEX_POINT ( 'NONE', #2838 ) ;
#4728 = LINE ( 'NONE', #1785, #4706 ) ;
#4729 = CARTESIAN_POINT ( 'NONE',  ( 0.09999999999999999167, -1.120329600606923659, 2.968909874770621293 ) ) ;
#4730 = DIRECTION ( 'NONE',  ( -1.000000000000000000, -0.000000000000000000, -0.000000000000000000 ) ) ;
#4731 = AXIS2_PLACEMENT_3D ( 'NONE', #2967, #7057, #4151 ) ;
#4732 = CARTESIAN_POINT ( 'NONE',  ( 0.1000000000000000056, -1.150458233173076827, 2.164802584134615238 ) ) ;
#4733 = ORIENTED_EDGE ( 'NONE', *, *, #6869, .T. ) ;
#4734 = ORIENTED_EDGE ( 'NONE', *, *, #6212, .T. ) ;
#4735 = CARTESIAN_POINT ( 'NONE',  ( 0.1499999999999999944, -1.178384548222890738, 3.171817298411422570 ) ) ;
#4736 = VECTOR ( 'NONE', #740, 39.37007874015748143 ) ;
#4737 = VECTOR ( 'NONE', #6047, 39.37007874015748854 ) ;
#4738 = LINE ( 'NONE', #5319, #474 ) ;
#4739 = CARTESIAN_POINT ( 'NONE',  ( 0.1500000000000000500, -1.061932414049675311, 2.197909974607723083 ) ) ;
#4740 = ORIENTED_EDGE ( 'NONE', *, *, #102, .F. ) ;
#4741 = ORIENTED_EDGE ( 'NONE', *, *, #3269, .F. ) ;
#4742 = CARTESIAN_POINT ( 'NONE',  ( 0.1000000000000000056, -1.106007451234232164, 3.294194932690452049 ) ) ;
#4743 = B_SPLINE_CURVE_WITH_KNOTS ( 'NONE', 3,
 ( #5013, #6816, #7350, #4440, #1542, #392, #3941 ),
 .UNSPECIFIED., .F., .F.,
 ( 4, 1, 1, 1, 4 ),
 ( 0.000000000000000000, 0.2308662236795369915, 0.4653081910428580881, 0.7200276049602698514, 1.000000000000000000 ),
 .UNSPECIFIED. ) ;
#4744 = CARTESIAN_POINT ( 'NONE',  ( 0.1500000000000000500, -1.090182608779530771, 3.728000152357173302 ) ) ;
#4745 = CIRCLE ( 'NONE', #2429, 0.06496063000000093512 ) ;
#4746 = DIRECTION ( 'NONE',  ( 0.000000000000000000, 0.4646775507925878235, -0.8854799680339482393 ) ) ;
#4747 = CARTESIAN_POINT ( 'NONE',  ( 0.09999999999999997780, -1.181167176972963695, 2.833407711456549016 ) ) ;
#4748 = DIRECTION ( 'NONE',  ( 0.000000000000000000, -0.6427876096865378086, 0.7660444431189793457 ) ) ;
#4749 = EDGE_LOOP ( 'NONE', ( #3149, #6734, #5457, #6604, #1616, #6281, #7136, #7458, #6299, #5095 ) ) ;
#4750 = CARTESIAN_POINT ( 'NONE',  ( 0.1500000000000000500, -1.064195665869528185, 2.929802583091779766 ) ) ;
#4751 = FACE_BOUND ( 'NONE', #7273, .T. ) ;
#4752 = CARTESIAN_POINT ( 'NONE',  ( 0.1000000000000000056, -1.375000000000000444, 3.814960629999999853 ) ) ;
#4753 = CARTESIAN_POINT ( 'NONE',  ( 0.1000000000000000056, -1.060604058731449362, 2.901241820747270772 ) ) ;
#4754 = DIRECTION ( 'NONE',  ( -1.000000000000000000, -0.000000000000000000, -0.000000000000000000 ) ) ;
#4755 = DIRECTION ( 'NONE',  ( 0.000000000000000000, 1.365923996832131363E-16, -1.000000000000000000 ) ) ;
#4756 = CARTESIAN_POINT ( 'NONE',  ( 0.1499999999999999944, -1.032959573214096372, 3.572313559428627716 ) ) ;
#4757 = ORIENTED_EDGE ( 'NONE', *, *, #5978, .T. ) ;
#4758 = CARTESIAN_POINT ( 'NONE',  ( 0.09999999999999997780, -1.184662373177776340, 3.127869148369297303 ) ) ;
#4759 = ORIENTED_EDGE ( 'NONE', *, *, #3923, .T. ) ;
#4760 = DIRECTION ( 'NONE',  ( 0.000000000000000000, 0.000000000000000000, 1.000000000000000000 ) ) ;
#4761 = CARTESIAN_POINT ( 'NONE',  ( 0.1000000000000000056, -1.007944502980348878, 3.623323639364919746 ) ) ;
#4762 = CARTESIAN_POINT ( 'NONE',  ( 0.1000000000000000056, -1.007767258829238566, 3.603527230719247854 ) ) ;
#4763 = CARTESIAN_POINT ( 'NONE',  ( 0.09999999999999993616, -1.191921070229804203, 3.550097308293943321 ) ) ;
#4764 = CARTESIAN_POINT ( 'NONE',  ( 0.1499999999999999944, -1.049944061277567675, 3.680321595968905957 ) ) ;
#4765 = EDGE_CURVE ( 'NONE', #1087, #7407, #1401, .T. ) ;
#4766 = ORIENTED_EDGE ( 'NONE', *, *, #1458, .T. ) ;
#4767 = CARTESIAN_POINT ( 'NONE',  ( 0.1499999999999999944, -1.142233824477975945, 2.177874648476851860 ) ) ;
#4768 = CARTESIAN_POINT ( 'NONE',  ( 0.1000000000000000056, -1.199999999999999956, 2.651288461538461316 ) ) ;
#4769 = CARTESIAN_POINT ( 'NONE',  ( 0.1499999999999999944, -1.176849246796257242, 3.657136363999632156 ) ) ;
#4770 = FACE_OUTER_BOUND ( 'NONE', #3351, .T. ) ;
#4771 = CARTESIAN_POINT ( 'NONE',  ( 0.1499999999999999944, -1.175537691537233087, 3.077843644022821401 ) ) ;
#4772 = EDGE_LOOP ( 'NONE', ( #6748, #4576, #1649, #5902 ) ) ;
#4773 = CARTESIAN_POINT ( 'NONE',  ( 0.1499999999999999944, -1.077403846153845990, 2.183958233173076913 ) ) ;
#4774 = B_SPLINE_CURVE_WITH_KNOTS ( 'NONE', 3,
 ( #5257, #775, #628, #1812, #5974, #5443, #203, #1352, #4862, #2461, #5898 ),
 .UNSPECIFIED., .F., .F.,
 ( 4, 1, 1, 1, 1, 1, 1, 1, 4 ),
 ( 0.000000000000000000, 0.1214335221383127522, 0.2412413609732482755, 0.3599050537499662306, 0.4806466543240084377, 0.6034960790989311041, 0.7300811986653387153, 0.8618099772796907754, 1.000000000000000000 ),
 .UNSPECIFIED. ) ;
#4775 = CARTESIAN_POINT ( 'NONE',  ( 0.1000000000000000056, -1.075621261240249371, 2.326420834216198941 ) ) ;
#4776 = B_SPLINE_SURFACE_WITH_KNOTS ( 'NONE', 3, 1, ( 
 ( #971, #5629 ),
 ( #7426, #1008 ),
 ( #3179, #5550 ),
 ( #5512, #930 ),
 ( #4403, #2145 ),
 ( #888, #2028 ),
 ( #6737, #2723 ),
 ( #2188, #310 ),
 ( #3828, #4515 ),
 ( #6774, #6162 ),
 ( #274, #1429 ),
 ( #430, #3334 ),
 ( #2761, #3255 ),
 ( #6241, #2602 ),
 ( #5054, #6702 ) ),
 .UNSPECIFIED., .F., .F., .F.,
 ( 4, 1, 1, 1, 1, 1, 1, 1, 1, 1, 1, 1, 4 ),
 ( 2, 2 ),
 ( 0.000000000000000000, 0.09564600444289737824, 0.1894966849883785998, 0.2827790459854110372, 0.3756328846186633985, 0.4659330630580644783, 0.5506993041275879408, 0.6309131285157720814, 0.7064826846974233687, 0.7799267626513781693, 0.8527485512576419291, 0.9259690022693954914, 1.000000000000000000 ),
 ( 0.000000000000000000, 1.000000000000000000 ),
 .UNSPECIFIED. ) ;
#4777 = CARTESIAN_POINT ( 'NONE',  ( 0.1000000000000000472, -1.176474490098471604, 2.341877346902720980 ) ) ;
#4778 = CARTESIAN_POINT ( 'NONE',  ( 0.09999999999999999167, -1.077436306282229195, 2.380564248446110920 ) ) ;
#4779 = CARTESIAN_POINT ( 'NONE',  ( 0.1499999999999999944, -1.185576923076922862, 2.899650841346153918 ) ) ;
#4780 = CARTESIAN_POINT ( 'NONE',  ( 0.1499999999999999944, -1.135096153846153699, 2.295038461538461583 ) ) ;
#4781 = CARTESIAN_POINT ( 'NONE',  ( 0.1500000000000000500, -1.170778245192307665, 2.823403846153846875 ) ) ;
#4782 = CARTESIAN_POINT ( 'NONE',  ( 0.09999999999999999167, -1.166849146642826796, 2.137467337819826785 ) ) ;
#4783 = ORIENTED_EDGE ( 'NONE', *, *, #4399, .T. ) ;
#4784 = CARTESIAN_POINT ( 'NONE',  ( 0.1000000000000000194, -1.075122578297232012, 2.956362820856477391 ) ) ;
#4785 = DIRECTION ( 'NONE',  ( 0.000000000000000000, 0.000000000000000000, -1.000000000000000000 ) ) ;
#4786 = EDGE_CURVE ( 'NONE', #3832, #4652, #3565, .T. ) ;
#4787 = CIRCLE ( 'NONE', #4177, 0.06889763999999991284 ) ;
#4788 = LINE ( 'NONE', #3712, #2612 ) ;
#4789 = CARTESIAN_POINT ( 'NONE',  ( 0.09999999999999997780, -1.077403846153845990, 3.356862379807692420 ) ) ;
#4790 = CARTESIAN_POINT ( 'NONE',  ( 0.1000000000000000056, -1.077403846153845990, 2.183958233173076913 ) ) ;
#4791 = DIRECTION ( 'NONE',  ( -1.000000000000000000, -0.000000000000000000, -0.000000000000000000 ) ) ;
#4792 = VERTEX_POINT ( 'NONE', #2916 ) ;
#4793 = CARTESIAN_POINT ( 'NONE',  ( 0.09999999999999993616, -1.176734282478702820, 3.106910003984551860 ) ) ;
#4794 = VERTEX_POINT ( 'NONE', #52 ) ;
#4795 = CARTESIAN_POINT ( 'NONE',  ( 0.1499999999999999944, -1.176328817278258221, 2.859212997687170965 ) ) ;
#4796 = CARTESIAN_POINT ( 'NONE',  ( 0.1499999999999999944, -1.060664573930548027, 3.355101992767138164 ) ) ;
#4797 = CARTESIAN_POINT ( 'NONE',  ( 0.1000000000000000056, 1.500000000000000444, 2.685039370078739385 ) ) ;
#4798 = CARTESIAN_POINT ( 'NONE',  ( 0.1000000000000000056, -1.096937826210948153, 2.954747773360171248 ) ) ;
#4799 = CARTESIAN_POINT ( 'NONE',  ( 0.1000000000000000056, -1.174544344320274103, 2.218777901050680512 ) ) ;
#4800 = ORIENTED_EDGE ( 'NONE', *, *, #5087, .F. ) ;
#4801 = CARTESIAN_POINT ( 'NONE',  ( 0.09999999999999997780, -1.137031945182083392, 2.189389849181942349 ) ) ;
#4803 = EDGE_CURVE ( 'NONE', #3511, #6157, #1406, .T. ) ;
#4802 = CARTESIAN_POINT ( 'NONE',  ( 0.1000000000000000056, -1.499999999999999778, 4.000000000000000000 ) ) ;
#4804 = CARTESIAN_POINT ( 'NONE',  ( 0.1499999999999999944, -1.088859675480769118, 3.412826923076923258 ) ) ;
#4805 = CARTESIAN_POINT ( 'NONE',  ( 0.1000000000000000056, 1.500000000000000444, 2.685039370078739385 ) ) ;
#4806 = VERTEX_POINT ( 'NONE', #1868 ) ;
#4807 = AXIS2_PLACEMENT_3D ( 'NONE', #642, #3018, #1334 ) ;
#4808 = PLANE ( 'NONE',  #4226 ) ;
#4809 = CARTESIAN_POINT ( 'NONE',  ( 0.1499999999999999944, -1.032826123664716267, 3.648897779022451715 ) ) ;
#4810 = CARTESIAN_POINT ( 'NONE',  ( 0.1500000000000000500, -1.060600733267333506, 2.186088120060770912 ) ) ;
#4811 = ADVANCED_FACE ( 'NONE', ( #6537 ), #1788, .T. ) ;
#4812 = CARTESIAN_POINT ( 'NONE',  ( 0.1000000000000000472, -1.131686254856471230, 2.200990927471785152 ) ) ;
#4813 = EDGE_CURVE ( 'NONE', #1472, #4794, #3089, .T. ) ;
#4814 = CARTESIAN_POINT ( 'NONE',  ( 0.09999999999999997780, -1.034604886542791480, 3.694121462888446228 ) ) ;
#4815 = CARTESIAN_POINT ( 'NONE',  ( 0.1500000000000000500, -1.092351973533843834, 2.308791961006118054 ) ) ;
#4816 = CARTESIAN_POINT ( 'NONE',  ( 0.09999999999999996392, -1.139178179912680333, 2.147756564528627621 ) ) ;
#4817 = CARTESIAN_POINT ( 'NONE',  ( 0.1499999999999999944, -1.007692307692307665, 2.539269230769230390 ) ) ;
#4818 = ORIENTED_EDGE ( 'NONE', *, *, #191, .F. ) ;
#4819 = CARTESIAN_POINT ( 'NONE',  ( 0.1500000000000000500, -1.161622364621565762, 3.188291413069457736 ) ) ;
#4820 = FACE_BOUND ( 'NONE', #207, .T. ) ;
#4821 = DIRECTION ( 'NONE',  ( -1.000000000000000000, -0.000000000000000000, -0.000000000000000000 ) ) ;
#4822 = CARTESIAN_POINT ( 'NONE',  ( 0.1000000000000000056, 1.017298893531830783, 7.000000000000000888 ) ) ;
#4823 = LINE ( 'NONE', #2532, #7059 ) ;
#4824 = CARTESIAN_POINT ( 'NONE',  ( 0.1500000000000000500, -1.071525042523621130, 2.150851133886336086 ) ) ;
#4825 = ORIENTED_EDGE ( 'NONE', *, *, #3173, .T. ) ;
#4826 = CARTESIAN_POINT ( 'NONE',  ( 0.1500000000000000500, -1.159923377403846212, 3.092536959134615682 ) ) ;
#4827 = ORIENTED_EDGE ( 'NONE', *, *, #655, .T. ) ;
#4828 = CARTESIAN_POINT ( 'NONE',  ( 0.1500000000000000500, -1.062436375517637810, 3.335131104300465665 ) ) ;
#4829 = CARTESIAN_POINT ( 'NONE',  ( 0.1499999999999999944, -1.199999999999999956, 3.434461538461538233 ) ) ;
#4830 = CARTESIAN_POINT ( 'NONE',  ( 0.1499999999999999944, -1.135546874999999956, 3.314269230769230745 ) ) ;
#4831 = AXIS2_PLACEMENT_3D ( 'NONE', #2670, #6187, #5617 ) ;
#4832 = APPROVAL_DATE_TIME ( #6712, #3362 ) ;
#4833 = CARTESIAN_POINT ( 'NONE',  ( 0.1000000000000000056, -1.089289400218183879, 2.944972933156915218 ) ) ;
#4834 = CARTESIAN_POINT ( 'NONE',  ( 0.1499999999999999944, -1.029526947535341241, 3.636889209086338948 ) ) ;
#4835 = B_SPLINE_SURFACE_WITH_KNOTS ( 'NONE', 3, 1, ( 
 ( #5720, #983 ),
 ( #445, #3310 ),
 ( #4378, #2203 ),
 ( #6749, #3960 ),
 ( #6176, #2775 ),
 ( #944, #6255 ),
 ( #3273, #6863 ),
 ( #1481, #3882 ),
 ( #1557, #4990 ),
 ( #5680, #6295 ),
 ( #5605, #7322 ) ),
 .UNSPECIFIED., .F., .F., .F.,
 ( 4, 1, 1, 1, 1, 1, 1, 1, 4 ),
 ( 2, 2 ),
 ( 0.000000000000000000, 0.1786818085746236240, 0.3418099301128444956, 0.4893870156507110214, 0.6227603904090903697, 0.7394757625614090113, 0.8409181487601176119, 0.9284500574352477775, 1.000000000000000000 ),
 ( 0.000000000000000000, 1.000000000000000000 ),
 .UNSPECIFIED. ) ;
#4836 = ORIENTED_EDGE ( 'NONE', *, *, #7328, .F. ) ;
#4837 = CARTESIAN_POINT ( 'NONE',  ( 0.1000000000000000056, -1.197955976647424370, 2.163290707940518143 ) ) ;
#4838 = DIRECTION ( 'NONE',  ( 0.000000000000000000, -0.000000000000000000, 1.000000000000000000 ) ) ;
#4839 = CARTESIAN_POINT ( 'NONE',  ( 0.09999999999999999167, -1.184816570101872690, 3.085832646673598134 ) ) ;
#4840 = CARTESIAN_POINT ( 'NONE',  ( 0.1499999999999999944, -1.168208741244028293, 3.073729344418123510 ) ) ;
#4841 = VERTEX_POINT ( 'NONE', #5389 ) ;
#4842 = DIRECTION ( 'NONE',  ( 0.000000000000000000, 0.000000000000000000, -1.000000000000000000 ) ) ;
#4843 = EDGE_CURVE ( 'NONE', #1723, #7536, #5310, .T. ) ;
#4844 = CARTESIAN_POINT ( 'NONE',  ( 0.1499999999999999944, -1.026944641118099799, 3.613677023085691165 ) ) ;
#4845 = CARTESIAN_POINT ( 'NONE',  ( 0.09999999999999997780, -1.064527299234484303, 2.205853531968371861 ) ) ;
#4846 = EDGE_CURVE ( 'NONE', #6263, #2334, #2668, .T. ) ;
#4847 = CARTESIAN_POINT ( 'NONE',  ( 0.1500000000000000500, -1.089223232075758885, 2.418827475344485389 ) ) ;
#4848 = CARTESIAN_POINT ( 'NONE',  ( 0.09999999999999997780, -1.007692307692307665, 3.611046574519230834 ) ) ;
#4849 = VECTOR ( 'NONE', #7085, 39.37007874015748143 ) ;
#4850 = VECTOR ( 'NONE', #7502, 39.37007874015748143 ) ;
#4851 = ADVANCED_FACE ( 'NONE', ( #1222 ), #1750, .T. ) ;
#4852 = CARTESIAN_POINT ( 'NONE',  ( 0.1499999999999999944, -1.163912676631701393, 2.431427097121364511 ) ) ;
#4853 = CARTESIAN_POINT ( 'NONE',  ( 0.09999999999999992228, -1.140842380834575565, 2.146172703780944158 ) ) ;
#4854 = EDGE_CURVE ( 'NONE', #4727, #769, #1307, .T. ) ;
#4855 = CARTESIAN_POINT ( 'NONE',  ( 0.1000000000000000472, -1.200862349633553094, 2.172218495908035951 ) ) ;
#4856 = EDGE_CURVE ( 'NONE', #6318, #7346, #4234, .T. ) ;
#4857 = ORIENTED_EDGE ( 'NONE', *, *, #1056, .T. ) ;
#4858 = DIRECTION ( 'NONE',  ( 0.000000000000000000, -0.4048798838402625777, -0.9143698812086361594 ) ) ;
#4859 = CARTESIAN_POINT ( 'NONE',  ( 0.1499999999999999944, -1.082402939400909814, 2.350547957540380040 ) ) ;
#4860 = CARTESIAN_POINT ( 'NONE',  ( 0.1499999999999999944, -1.199226803795589769, 2.871047133712981481 ) ) ;
#4861 = LINE ( 'NONE', #2499, #715 ) ;
#4862 = CARTESIAN_POINT ( 'NONE',  ( 0.1000000000000000194, -1.060824660258046448, 2.389356868915812449 ) ) ;
#4863 = ADVANCED_FACE ( 'NONE', ( #2326 ), #6497, .F. ) ;
#4864 = CARTESIAN_POINT ( 'NONE',  ( 0.1499999999999999944, -1.061683665242948216, 2.173309428705861190 ) ) ;
#4865 = ORIENTED_EDGE ( 'NONE', *, *, #5602, .F. ) ;
#4866 = CARTESIAN_POINT ( 'NONE',  ( 0.1499999999999999944, -1.067969963027255442, 2.857324257094599140 ) ) ;
#4867 = VERTEX_POINT ( 'NONE', #5916 ) ;
#4868 = CARTESIAN_POINT ( 'NONE',  ( 0.09999999999999997780, -1.064894148894903303, 3.327332975133918680 ) ) ;
#4869 = B_SPLINE_CURVE_WITH_KNOTS ( 'NONE', 3,
 ( #6744, #3186, #3760, #5674, #281, #6249, #6130, #1550, #898, #7356, #1511 ),
 .UNSPECIFIED., .F., .F.,
 ( 4, 1, 1, 1, 1, 1, 1, 1, 4 ),
 ( 0.000000000000000000, 0.1145078633620261188, 0.2306829689099337555, 0.3485770336361021515, 0.4697627185315482179, 0.5953365194237847380, 0.7253050704364282231, 0.8591802510472151821, 1.000000000000000000 ),
 .UNSPECIFIED. ) ;
#4870 = CARTESIAN_POINT ( 'NONE',  ( 0.1500000000000000500, -1.076419942254770890, 3.399721373701297455 ) ) ;
#4871 = PLANE ( 'NONE',  #1299 ) ;
#4872 = B_SPLINE_CURVE_WITH_KNOTS ( 'NONE', 3,
 ( #244, #4902, #6704, #1431, #5516, #854, #3181, #276, #1469, #4936, #7230, #4365, #7269, #1995, #3216, #2030, #5552, #4331, #6665, #311, #2643, #5289, #5249, #4669, #5325, #124, #4171 ),
 .UNSPECIFIED., .F., .F.,
 ( 4, 1, 1, 1, 1, 1, 1, 1, 1, 1, 1, 1, 1, 1, 1, 1, 1, 1, 1, 1, 1, 1, 1, 1, 4 ),
 ( 0.000000000000000000, 0.04709640049813473145, 0.09352338919922616178, 0.1391036043592910332, 0.1842674499554950995, 0.2291580951167264679, 0.2738419244676459363, 0.3186247848916836656, 0.3632175741418273707, 0.4072684829737868717, 0.4501980711463507978, 0.4921511534079375250, 0.5330677825343382858, 0.5731354022231430756, 0.6129343948012272447, 0.6524694176783295552, 0.6915442929150498186, 0.7303540467200517750, 0.7687312183857178960, 0.8065374724518058480, 0.8447080257398031922, 0.8827767727762932948, 0.9209933377976650126, 0.9601991676441473667, 1.000000000000000000 ),
 .UNSPECIFIED. ) ;
#4873 = DATE_TIME_ROLE ( 'classification_date' ) ;
#4874 = CARTESIAN_POINT ( 'NONE',  ( 0.1000000000000000056, -1.077403846153845990, 2.899801081730768892 ) ) ;
#4875 = CARTESIAN_POINT ( 'NONE',  ( 0.1499999999999999944, -1.066088594266432210, 3.695227861604948316 ) ) ;
#4876 = ORIENTED_EDGE ( 'NONE', *, *, #8, .T. ) ;
#4877 = CARTESIAN_POINT ( 'NONE',  ( 0.1499999999999999944, -1.060576923076922862, 3.352204927884615326 ) ) ;
#4878 = DIRECTION ( 'NONE',  ( 0.000000000000000000, -1.365923996832131363E-16, 1.000000000000000000 ) ) ;
#4879 = CARTESIAN_POINT ( 'NONE',  ( 0.1000000000000000194, -1.202386351956419075, 3.138797834722496738 ) ) ;
#4880 = CARTESIAN_POINT ( 'NONE',  ( 0.1499999999999999944, -1.184816570101872690, 3.085832646673598134 ) ) ;
#4881 = ORIENTED_EDGE ( 'NONE', *, *, #1031, .T. ) ;
#4882 = CARTESIAN_POINT ( 'NONE',  ( 0.1499999999999999667, -1.107553456006059145, 2.458615834201811179 ) ) ;
#4883 = ADVANCED_FACE ( 'NONE', ( #4770 ), #752, .T. ) ;
#4884 = CARTESIAN_POINT ( 'NONE',  ( 0.09999999999999996392, -1.070630261855881615, 3.698119136745088298 ) ) ;
#4885 = CARTESIAN_POINT ( 'NONE',  ( 0.1500000000000000500, -1.089223232075758885, 2.418827475344485389 ) ) ;
#4886 = CYLINDRICAL_SURFACE ( 'NONE', #6402, 0.06496062999999985266 ) ;
#4887 = CARTESIAN_POINT ( 'NONE',  ( 0.1000000000000000611, -1.118297482704049051, 2.990051097750758391 ) ) ;
#4888 = CARTESIAN_POINT ( 'NONE',  ( 0.1000000000000000056, -1.199999999999999956, 2.560903846153845809 ) ) ;
#4889 = CARTESIAN_POINT ( 'NONE',  ( 0.1000000000000000056, -1.054634915114683880, 3.713273676402958134 ) ) ;
#4890 = CARTESIAN_POINT ( 'NONE',  ( 0.1500000000000000500, -1.140465861351449117, 2.441383224931914953 ) ) ;
#4891 = FACE_OUTER_BOUND ( 'NONE', #4111, .T. ) ;
#4892 = AXIS2_PLACEMENT_3D ( 'NONE', #5810, #3405, #7496 ) ;
#4893 = LINE ( 'NONE', #3174, #4282 ) ;
#4894 = ORIENTED_EDGE ( 'NONE', *, *, #7052, .F. ) ;
#4895 = CARTESIAN_POINT ( 'NONE',  ( 0.09999999999999997780, -1.164539608514700619, 3.186758325306771500 ) ) ;
#4896 = CARTESIAN_POINT ( 'NONE',  ( 0.1000000000000000056, -1.060720037826551776, 2.890981383934733362 ) ) ;
#4897 = CARTESIAN_POINT ( 'NONE',  ( 0.1499999999999999944, -1.091056709666270885, 2.421344219478768878 ) ) ;
#4898 = B_SPLINE_SURFACE_WITH_KNOTS ( 'NONE', 3, 1, ( 
 ( #4079, #6415 ),
 ( #3501, #6375 ),
 ( #1175, #3464 ),
 ( #2929, #4532 ),
 ( #5799, #561 ),
 ( #637, #30 ),
 ( #2358, #4686 ),
 ( #7020, #3543 ),
 ( #1633, #3963 ),
 ( #1064, #6569 ),
 ( #5416, #1937 ) ),
 .UNSPECIFIED., .F., .F., .F.,
 ( 4, 1, 1, 1, 1, 1, 1, 1, 4 ),
 ( 2, 2 ),
 ( 0.000000000000000000, 0.1627563734366927195, 0.3140015880048296903, 0.4548779676689075346, 0.5841511103471269672, 0.7026463206449897747, 0.8116305928603738673, 0.9107645632944880720, 1.000000000000000000 ),
 ( 0.000000000000000000, 1.000000000000000000 ),
 .UNSPECIFIED. ) ;
#4899 = EDGE_CURVE ( 'NONE', #2994, #5700, #2498, .T. ) ;
#4900 = DIRECTION ( 'NONE',  ( 1.000000000000000000, 0.000000000000000000, 0.000000000000000000 ) ) ;
#4901 = CARTESIAN_POINT ( 'NONE',  ( 0.1499999999999999944, -1.064185032754312310, 2.350760376701492849 ) ) ;
#4902 = CARTESIAN_POINT ( 'NONE',  ( 0.1000000000000000056, -1.026944641118099799, 3.613677023085691165 ) ) ;
#4903 = VERTEX_POINT ( 'NONE', #6752 ) ;
#4904 = ADVANCED_FACE ( 'NONE', ( #3806 ), #1520, .T. ) ;
#4905 = ORIENTED_EDGE ( 'NONE', *, *, #4528, .F. ) ;
#4906 = CARTESIAN_POINT ( 'NONE',  ( 0.1499999999999999944, -1.082883425327067606, 3.303074501360936388 ) ) ;
#4907 = CARTESIAN_POINT ( 'NONE',  ( 0.09999999999999999167, -1.058718195654770877, 3.716054842244988610 ) ) ;
#4908 = CARTESIAN_POINT ( 'NONE',  ( 0.1499999999999999944, -1.186949187954448703, 2.959220564991341895 ) ) ;
#4909 = COORDINATED_UNIVERSAL_TIME_OFFSET ( 8, 0, .BEHIND. ) ;
#4910 = CARTESIAN_POINT ( 'NONE',  ( 0.09999999999999999167, -1.103129450810658385, 2.302126338391133231 ) ) ;
#4911 = CARTESIAN_POINT ( 'NONE',  ( 0.1499999999999999944, -1.086117788461538503, 2.444264723557691976 ) ) ;
#4912 = VERTEX_POINT ( 'NONE', #3729 ) ;
#4913 = CARTESIAN_POINT ( 'NONE',  ( 0.1499999999999999944, -1.149974573578251613, 2.165359595220495592 ) ) ;
#4914 = CARTESIAN_POINT ( 'NONE',  ( 0.1499999999999999944, -1.088244076115390424, 2.338494367244960515 ) ) ;
#4915 = DIRECTION ( 'NONE',  ( 0.000000000000000000, -1.000000000000000000, 0.000000000000000000 ) ) ;
#4916 = CARTESIAN_POINT ( 'NONE',  ( 0.1499999999999999944, -1.179618177488705566, 2.168428770454107202 ) ) ;
#4917 = ORIENTED_EDGE ( 'NONE', *, *, #3644, .F. ) ;
#4918 = CARTESIAN_POINT ( 'NONE',  ( 0.1499999999999999944, -1.086117788461538503, 2.444264723557691976 ) ) ;
#4919 = CARTESIAN_POINT ( 'NONE',  ( 0.1499999999999999944, -1.057546473078999405, 3.688432708595286602 ) ) ;
#4920 = CARTESIAN_POINT ( 'NONE',  ( 0.1000000000000000056, 3.114921874281840974, 5.442760751357297089 ) ) ;
#4921 = CARTESIAN_POINT ( 'NONE',  ( 0.1000000000000000056, -1.199999999999999734, 2.651288461538461316 ) ) ;
#4922 = CARTESIAN_POINT ( 'NONE',  ( 0.1000000000000000056, -1.132617187499999956, 2.991673076923076824 ) ) ;
#4923 = DIRECTION ( 'NONE',  ( 1.000000000000000000, 0.000000000000000000, 0.000000000000000000 ) ) ;
#4924 = CARTESIAN_POINT ( 'NONE',  ( 0.09999999999999999167, -1.131967118298512931, 3.192623508660996201 ) ) ;
#4925 = CARTESIAN_POINT ( 'NONE',  ( 0.1000000000000000056, -1.135096153846153699, 2.295038461538461583 ) ) ;
#4926 = CARTESIAN_POINT ( 'NONE',  ( 0.1000000000000000056, -1.375000000000000444, 2.249999999999999556 ) ) ;
#4927 = VECTOR ( 'NONE', #1433, 39.37007874015748143 ) ;
#4928 = CARTESIAN_POINT ( 'NONE',  ( 0.1499999999999999944, -1.150458233173076827, 3.412826923076923258 ) ) ;
#4929 = AXIS2_PLACEMENT_3D ( 'NONE', #1574, #500, #2829 ) ;
#4930 = CIRCLE ( 'NONE', #912, 0.06496063000000093512 ) ;
#4931 = ORIENTED_EDGE ( 'NONE', *, *, #3775, .T. ) ;
#4932 = CARTESIAN_POINT ( 'NONE',  ( 0.1000000000000000056, -1.159592132408788334, 3.189131994447460539 ) ) ;
#4933 = CARTESIAN_POINT ( 'NONE',  ( 0.1000000000000000056, -1.128448016826923084, 3.214269230769230656 ) ) ;
#4934 = CARTESIAN_POINT ( 'NONE',  ( 0.1499999999999999944, -1.058718195654770877, 3.716054842244988610 ) ) ;
#4935 = CARTESIAN_POINT ( 'NONE',  ( 0.1499999999999999944, -1.032959573214096372, 3.572313559428627716 ) ) ;
#4936 = CARTESIAN_POINT ( 'NONE',  ( 0.09999999999999999167, -1.037482086408714199, 3.660368350222646949 ) ) ;
#4937 = ORIENTED_EDGE ( 'NONE', *, *, #6546, .T. ) ;
#4938 = LINE ( 'NONE', #1086, #291 ) ;
#4939 = ORIENTED_EDGE ( 'NONE', *, *, #4485, .T. ) ;
#4940 = CARTESIAN_POINT ( 'NONE',  ( 0.09999999999999990841, -1.123449776385251564, 3.292706120407527415 ) ) ;
#4941 = CARTESIAN_POINT ( 'NONE',  ( 0.1499999999999999944, -1.058173076923076827, 3.532658653846153740 ) ) ;
#4942 = CARTESIAN_POINT ( 'NONE',  ( 0.1000000000000000472, -1.015561995839130427, 3.561988130311048106 ) ) ;
#4943 = PERSON_AND_ORGANIZATION ( #6817, #4594 ) ;
#4944 = CARTESIAN_POINT ( 'NONE',  ( 0.1000000000000000194, -1.104371995192307665, 3.316485276442307395 ) ) ;
#4945 = DIRECTION ( 'NONE',  ( 0.000000000000000000, 0.000000000000000000, -1.000000000000000000 ) ) ;
#4946 = EDGE_CURVE ( 'NONE', #4259, #3060, #6063, .T. ) ;
#4947 = EDGE_CURVE ( 'NONE', #3656, #4867, #2307, .T. ) ;
#4948 = ORIENTED_EDGE ( 'NONE', *, *, #182, .F. ) ;
#4949 = VECTOR ( 'NONE', #2604, 39.37007874015748143 ) ;
#4950 = CARTESIAN_POINT ( 'NONE',  ( 0.1500000000000000500, -1.070412398410568455, 2.423896004487291478 ) ) ;
#4951 = FACE_OUTER_BOUND ( 'NONE', #2455, .T. ) ;
#4952 = CARTESIAN_POINT ( 'NONE',  ( 0.1000000000000000472, -1.187505593727168574, 3.089021234010472572 ) ) ;
#4953 = FACE_OUTER_BOUND ( 'NONE', #6586, .T. ) ;
#4954 = EDGE_LOOP ( 'NONE', ( #2944, #3627, #2924, #4857 ) ) ;
#4955 = LOCAL_TIME ( 20, 49, 14.00000000000000000, #2003 ) ;
#4956 = EDGE_CURVE ( 'NONE', #50, #4867, #792, .T. ) ;
#4957 = CARTESIAN_POINT ( 'NONE',  ( 0.09999999999999997780, -1.131865985576923084, 2.463307692307691976 ) ) ;
#4958 = ORIENTED_EDGE ( 'NONE', *, *, #1360, .T. ) ;
#4959 = CARTESIAN_POINT ( 'NONE',  ( 0.1499999999999999944, -1.029526947535341241, 3.636889209086338948 ) ) ;
#4960 = B_SPLINE_SURFACE_WITH_KNOTS ( 'NONE', 3, 1, ( 
 ( #1728, #7462 ),
 ( #4636, #6283 ),
 ( #4098, #4059 ),
 ( #14, #5251 ),
 ( #7506, #2267 ),
 ( #1696, #5292 ),
 ( #6433, #4027 ),
 ( #2305, #6853 ),
 ( #1194, #6361 ),
 ( #6395, #1159 ),
 ( #2343, #5855 ),
 ( #4671, #7000 ),
 ( #1621, #3944 ),
 ( #471, #2217 ),
 ( #1112, #4544 ),
 ( #1572, #7380 ),
 ( #3896, #2137 ),
 ( #421, #1644 ),
 ( #3437, #6879 ),
 ( #6234, #7454 ),
 ( #5084, #6312 ),
 ( #5772, #4467 ),
 ( #3974, #6806 ),
 ( #999, #2715 ),
 ( #1074, #5623 ),
 ( #2790, #4431 ),
 ( #7493, #3402 ) ),
 .UNSPECIFIED., .F., .F., .F.,
 ( 4, 1, 1, 1, 1, 1, 1, 1, 1, 1, 1, 1, 1, 1, 1, 1, 1, 1, 1, 1, 1, 1, 1, 1, 4 ),
 ( 2, 2 ),
 ( 0.000000000000000000, 0.05715598587267781139, 0.1109238145361431949, 0.1614118954911734904, 0.2081279567501172767, 0.2521002977536395129, 0.2926548068901229649, 0.3306481736887603717, 0.3663723653706231209, 0.4005433561440246981, 0.4346442584940426457, 0.4688910165240457451, 0.5032728650408374582, 0.5384444461258025560, 0.5739376735844422539, 0.6105521096672616999, 0.6481246414864629823, 0.6865627716552467064, 0.7266213905085822100, 0.7676925073055638205, 0.8104324210221900415, 0.8549690456661236393, 0.9013778772867508948, 0.9494734308767315278, 0.9999999999999998890 ),
 ( 0.000000000000000000, 1.000000000000000000 ),
 .UNSPECIFIED. ) ;
#4961 = CARTESIAN_POINT ( 'NONE',  ( 0.1000000000000000056, -1.165123701422912994, 3.707966298351239587 ) ) ;
#4962 = DIRECTION ( 'NONE',  ( -1.000000000000000000, -0.000000000000000000, -0.000000000000000000 ) ) ;
#4963 = CARTESIAN_POINT ( 'NONE',  ( 0.1000000000000000194, -1.061136846419591162, 2.911807356004690650 ) ) ;
#4964 = CARTESIAN_POINT ( 'NONE',  ( 0.1000000000000000194, -1.159592132408788334, 3.189131994447460539 ) ) ;
#4965 = CARTESIAN_POINT ( 'NONE',  ( 0.1499999999999999667, -1.168021173517696409, 3.549157583148004669 ) ) ;
#4966 = CARTESIAN_POINT ( 'NONE',  ( 0.1499999999999999944, -1.118269230769230793, 2.439569711538461583 ) ) ;
#4967 = CARTESIAN_POINT ( 'NONE',  ( 0.1000000000000000056, -1.108947923537442870, 2.299592335350261862 ) ) ;
#4968 = CARTESIAN_POINT ( 'NONE',  ( 0.1499999999999999944, -1.134468767261763045, 2.153735076176249041 ) ) ;
#4969 = FACE_OUTER_BOUND ( 'NONE', #2390, .T. ) ;
#4970 = VERTEX_POINT ( 'NONE', #3195 ) ;
#4971 = CARTESIAN_POINT ( 'NONE',  ( 0.1499999999999999944, -1.080070612980769118, 2.139749999999999819 ) ) ;
#4972 = CARTESIAN_POINT ( 'NONE',  ( 0.1500000000000000500, -1.171850822128268188, 3.206281370056812907 ) ) ;
#4973 = VECTOR ( 'NONE', #4730, 39.37007874015748143 ) ;
#4974 = CARTESIAN_POINT ( 'NONE',  ( 0.1499999999999999944, -1.076069714829770207, 3.724504012089486782 ) ) ;
#4975 = VECTOR ( 'NONE', #5027, 39.37007874015748143 ) ;
#4976 = VECTOR ( 'NONE', #1193, 39.37007874015748143 ) ;
#4977 = CARTESIAN_POINT ( 'NONE',  ( 0.000000000000000000, 1.874015748031496509, 3.068897639999999427 ) ) ;
#4978 = ORIENTED_EDGE ( 'NONE', *, *, #1351, .F. ) ;
#4979 = VECTOR ( 'NONE', #6321, 39.37007874015748143 ) ;
#4980 = CYLINDRICAL_SURFACE ( 'NONE', #3224, 0.06496063000000011634 ) ;
#4981 = ORIENTED_EDGE ( 'NONE', *, *, #1909, .T. ) ;
#4982 = CARTESIAN_POINT ( 'NONE',  ( 0.1499999999999999944, -1.066465927490498844, 3.323616284280179300 ) ) ;
#4983 = CARTESIAN_POINT ( 'NONE',  ( 0.1000000000000000056, -1.084114095961331348, 3.330399459294024922 ) ) ;
#4984 = LINE ( 'NONE', #7317, #666 ) ;
#4985 = CARTESIAN_POINT ( 'NONE',  ( 0.1499999999999999944, -1.030300124702215658, 3.533195359244150513 ) ) ;
#4986 = CARTESIAN_POINT ( 'NONE',  ( 0.1499999999999999944, -1.197955976647424370, 2.163290707940518143 ) ) ;
#4987 = DIRECTION ( 'NONE',  ( 0.000000000000000000, 0.6427876096865379196, 0.7660444431189791237 ) ) ;
#4988 = EDGE_CURVE ( 'NONE', #432, #3905, #2383, .T. ) ;
#4989 = EDGE_LOOP ( 'NONE', ( #1978, #5593, #4766, #1246 ) ) ;
#4990 = CARTESIAN_POINT ( 'NONE',  ( 0.09999999999999996392, -1.106705194547189075, 3.315884934888835289 ) ) ;
#4991 = CARTESIAN_POINT ( 'NONE',  ( 0.09999999999999992228, -1.099479119765560897, 3.402676757905291449 ) ) ;
#4992 = CARTESIAN_POINT ( 'NONE',  ( 0.09999999999999999167, -1.202352205270519336, 3.134886551138306832 ) ) ;
#4993 = VERTEX_POINT ( 'NONE', #4676 ) ;
#4994 = CARTESIAN_POINT ( 'NONE',  ( 0.1499999999999999944, -1.081456922500664053, 3.378724270258750106 ) ) ;
#4995 = ORIENTED_EDGE ( 'NONE', *, *, #3222, .F. ) ;
#4996 = CARTESIAN_POINT ( 'NONE',  ( 0.1500000000000000500, -1.056919012990679141, 3.533871298943001005 ) ) ;
#4997 = ORIENTED_EDGE ( 'NONE', *, *, #7532, .T. ) ;
#4998 = DIRECTION ( 'NONE',  ( 0.000000000000000000, 0.4048798838402625777, 0.9143698812086361594 ) ) ;
#4999 = CARTESIAN_POINT ( 'NONE',  ( 0.09999999999999999167, -1.174617617243288947, 2.943183845586917258 ) ) ;
#5000 = CARTESIAN_POINT ( 'NONE',  ( 0.1499999999999999667, -1.061159451593303160, 2.193634483139161873 ) ) ;
#5001 = CARTESIAN_POINT ( 'NONE',  ( 0.1000000000000000056, -1.170778245192307443, 2.823403846153846430 ) ) ;
#5002 = CARTESIAN_POINT ( 'NONE',  ( 0.1000000000000000194, -1.092081442743956687, 2.976520656202716442 ) ) ;
#5003 = CARTESIAN_POINT ( 'NONE',  ( 0.000000000000000000, -0.1149218742818414463, 5.442760751357297089 ) ) ;
#5004 = CARTESIAN_POINT ( 'NONE',  ( 0.1500000000000000500, -1.182167322568001833, 3.533623780046022400 ) ) ;
#5005 = FACE_BOUND ( 'NONE', #974, .T. ) ;
#5006 = B_SPLINE_CURVE_WITH_KNOTS ( 'NONE', 3,
 ( #3774, #7332, #6724, #6652, #799, #3240, #2130, #261, #2016, #4885, #5465 ),
 .UNSPECIFIED., .F., .F.,
 ( 4, 1, 1, 1, 1, 1, 1, 1, 4 ),
 ( 0.000000000000000000, 0.1345069480512220139, 0.2645796678174628380, 0.3909529048879186175, 0.5150281772063185493, 0.6372573684628632940, 0.7576210755821171094, 0.8787574440185215163, 1.000000000000000000 ),
 .UNSPECIFIED. ) ;
#5007 = CARTESIAN_POINT ( 'NONE',  ( 0.1499999999999999944, -1.185576923076922862, 2.381126201923076557 ) ) ;
#5008 = CARTESIAN_POINT ( 'NONE',  ( 0.09999999999999999167, -1.197469874242589771, 2.936619001602710277 ) ) ;
#5009 = CARTESIAN_POINT ( 'NONE',  ( 0.1499999999999999944, -1.196668914910880899, 3.662090149845086184 ) ) ;
#5010 = VERTEX_POINT ( 'NONE', #2274 ) ;
#5011 = CARTESIAN_POINT ( 'NONE',  ( 0.09999999999999996392, -1.044588618129838054, 3.548445206937345997 ) ) ;
#5012 = CARTESIAN_POINT ( 'NONE',  ( 0.1000000000000000056, -1.194433670225488076, 3.181685356048831625 ) ) ;
#5013 = CARTESIAN_POINT ( 'NONE',  ( 0.09999999999999999167, -1.095845853365384537, 2.207057692307692331 ) ) ;
#5014 = AXIS2_PLACEMENT_3D ( 'NONE', #2830, #5737, #3439 ) ;
#5015 = ORIENTED_EDGE ( 'NONE', *, *, #6355, .T. ) ;
#5016 = EDGE_CURVE ( 'NONE', #5976, #2073, #5787, .T. ) ;
#5017 = CARTESIAN_POINT ( 'NONE',  ( 0.1000000000000000194, -1.128560805801148481, 3.089272848689263107 ) ) ;
#5018 = ORIENTED_EDGE ( 'NONE', *, *, #1689, .T. ) ;
#5019 = CARTESIAN_POINT ( 'NONE',  ( 0.1500000000000000500, -1.064894148894903303, 3.327332975133918680 ) ) ;
#5020 = CARTESIAN_POINT ( 'NONE',  ( 0.1500000000000000500, -1.084114095961331348, 3.330399459294024922 ) ) ;
#5021 = CARTESIAN_POINT ( 'NONE',  ( 0.1000000000000000056, -1.107787228956027548, 2.226816210158492737 ) ) ;
#5022 = CARTESIAN_POINT ( 'NONE',  ( 0.1499999999999999944, -1.017952103226871463, 3.555725511388164950 ) ) ;
#5023 = CARTESIAN_POINT ( 'NONE',  ( 0.1500000000000000500, -1.092575230244291706, 3.321824831931457389 ) ) ;
#5024 = FACE_OUTER_BOUND ( 'NONE', #5569, .T. ) ;
#5025 = B_SPLINE_SURFACE_WITH_KNOTS ( 'NONE', 3, 1, ( 
 ( #1021, #7483 ),
 ( #2243, #5721 ),
 ( #3883, #7323 ),
 ( #2164, #4493 ),
 ( #2204, #4530 ),
 ( #4001, #6864 ),
 ( #6830, #5028 ),
 ( #6220, #3961 ),
 ( #1632, #6296 ),
 ( #1558, #906 ),
 ( #984, #3233 ),
 ( #1062, #3387 ),
 ( #485, #329 ),
 ( #2659, #4991 ),
 ( #6177, #2082 ),
 ( #4416, #1519 ),
 ( #945, #3274 ),
 ( #5606, #7364 ),
 ( #2123, #4454 ) ),
 .UNSPECIFIED., .F., .F., .F.,
 ( 4, 1, 1, 1, 1, 1, 1, 1, 1, 1, 1, 1, 1, 1, 1, 1, 4 ),
 ( 2, 2 ),
 ( 0.000000000000000000, 0.06731837021478855043, 0.1328003874019390018, 0.1979227049769316793, 0.2618766480524860607, 0.3259030708060169923, 0.3893308283718679985, 0.4542045514335961154, 0.5194462248296444207, 0.5842160852422562112, 0.6466357057170665223, 0.7077546486320436259, 0.7672184367128729310, 0.8257898878212502902, 0.8835977164710699938, 0.9418618382118134624, 1.000000000000000000 ),
 ( 0.000000000000000000, 1.000000000000000000 ),
 .UNSPECIFIED. ) ;
#5026 = VERTEX_POINT ( 'NONE', #7006 ) ;
#5027 = DIRECTION ( 'NONE',  ( 1.000000000000000000, -0.000000000000000000, -0.000000000000000000 ) ) ;
#5028 = CARTESIAN_POINT ( 'NONE',  ( 0.09999999999999992228, -1.081456922500664053, 3.378724270258750106 ) ) ;
#5029 = VERTEX_POINT ( 'NONE', #4641 ) ;
#5030 = CARTESIAN_POINT ( 'NONE',  ( 0.1500000000000000500, -1.185970301546636296, 2.435339487694598404 ) ) ;
#5031 = ORIENTED_EDGE ( 'NONE', *, *, #2719, .F. ) ;
#5032 = ORIENTED_EDGE ( 'NONE', *, *, #562, .F. ) ;
#5033 = CARTESIAN_POINT ( 'NONE',  ( 0.1000000000000000056, -1.077453167202452544, 2.376139487433750475 ) ) ;
#5034 = CARTESIAN_POINT ( 'NONE',  ( 0.09999999999999999167, -1.114689023461029604, 3.728904707653188044 ) ) ;
#5035 = EDGE_CURVE ( 'NONE', #179, #3551, #6438, .T. ) ;
#5036 = DIRECTION ( 'NONE',  ( 0.000000000000000000, -0.5391052041848829468, -0.8422384334740226075 ) ) ;
#5037 = CARTESIAN_POINT ( 'NONE',  ( 0.1000000000000000056, -1.197602152729416503, 2.214447254788966202 ) ) ;
#5038 = CARTESIAN_POINT ( 'NONE',  ( 0.1499999999999999944, -1.101894560866267359, 2.431582717289067386 ) ) ;
#5039 = CARTESIAN_POINT ( 'NONE',  ( 0.09999999999999997780, -1.176489409186554536, 2.311410081294687835 ) ) ;
#5040 = CARTESIAN_POINT ( 'NONE',  ( 0.1000000000000000472, -1.161622364621565762, 3.188291413069457736 ) ) ;
#5041 = CARTESIAN_POINT ( 'NONE',  ( 0.1499999999999999944, -1.178424944706132127, 3.528610239948450467 ) ) ;
#5042 = FACE_BOUND ( 'NONE', #70, .T. ) ;
#5043 = B_SPLINE_CURVE_WITH_KNOTS ( 'NONE', 3,
 ( #6481, #4104, #6439, #6010, #2960, #1203, #4218, #1278, #5299, #6558, #701 ),
 .UNSPECIFIED., .F., .F.,
 ( 4, 1, 1, 1, 1, 1, 1, 1, 4 ),
 ( 0.000000000000000000, 0.1296488016856978398, 0.2554126177151508914, 0.3786675629297731605, 0.5005636099919104076, 0.6221982006870637738, 0.7453342721990042774, 0.8706629408238026890, 1.000000000000000000 ),
 .UNSPECIFIED. ) ;
#5044 = VECTOR ( 'NONE', #6598, 39.37007874015748143 ) ;
#5045 = EDGE_CURVE ( 'NONE', #5517, #3316, #4103, .T. ) ;
#5046 = DIRECTION ( 'NONE',  ( 1.000000000000000000, 0.000000000000000000, 0.000000000000000000 ) ) ;
#5047 = CARTESIAN_POINT ( 'NONE',  ( 0.09999999999999996392, -1.177038747309804290, 2.971877882427076401 ) ) ;
#5048 = ADVANCED_FACE ( 'NONE', ( #5218 ), #5933, .T. ) ;
#5049 = CARTESIAN_POINT ( 'NONE',  ( 0.1500000000000000500, -1.156507882273072996, 2.160352817261360414 ) ) ;
#5050 = EDGE_CURVE ( 'NONE', #2043, #4250, #3418, .T. ) ;
#5051 = ORIENTED_EDGE ( 'NONE', *, *, #2406, .T. ) ;
#5052 = DIRECTION ( 'NONE',  ( 1.000000000000000000, 0.000000000000000000, 0.000000000000000000 ) ) ;
#5053 = CARTESIAN_POINT ( 'NONE',  ( 0.1000000000000000472, -1.135326354594391907, 3.214217935828188821 ) ) ;
#5054 = CARTESIAN_POINT ( 'NONE',  ( 0.1499999999999999944, -1.092690805288461409, 2.823403846153846430 ) ) ;
#5055 = VECTOR ( 'NONE', #3303, 39.37007874015748143 ) ;
#5056 = EDGE_LOOP ( 'NONE', ( #990, #4130, #4406, #788 ) ) ;
#5057 = DIRECTION ( 'NONE',  ( 0.000000000000000000, 0.000000000000000000, 1.000000000000000000 ) ) ;
#5058 = ORIENTED_EDGE ( 'NONE', *, *, #3970, .F. ) ;
#5059 = CARTESIAN_POINT ( 'NONE',  ( 0.1500000000000000777, -1.116707940057224846, 2.188707224753443814 ) ) ;
#5060 = CARTESIAN_POINT ( 'NONE',  ( 0.1499999999999999944, -1.100395419288523913, 2.982463483507015400 ) ) ;
#5061 = CARTESIAN_POINT ( 'NONE',  ( 0.1000000000000000056, -1.096521935096153699, 2.228692307692307750 ) ) ;
#5062 = CARTESIAN_POINT ( 'NONE',  ( 0.09999999999999993616, -1.114689023461029604, 3.728904707653188044 ) ) ;
#5063 = CARTESIAN_POINT ( 'NONE',  ( 0.1499999999999999944, -1.127884615384615374, 2.708980769230768804 ) ) ;
#5064 = CARTESIAN_POINT ( 'NONE',  ( 0.1499999999999999944, -1.174797071645375057, 2.419405615731866632 ) ) ;
#5065 = B_SPLINE_CURVE_WITH_KNOTS ( 'NONE', 3,
 ( #5756, #518, #5221, #3280, #4035, #7554, #6404, #6440, #7517, #3535, #5825 ),
 .UNSPECIFIED., .F., .F.,
 ( 4, 1, 1, 1, 1, 1, 1, 1, 4 ),
 ( 0.000000000000000000, 0.1115909592455384680, 0.2252180825472880066, 0.3408430680182875649, 0.4609526468821489864, 0.5858740508622470866, 0.7171909122040432960, 0.8544284068832850298, 1.000000000000000000 ),
 .UNSPECIFIED. ) ;
#5066 = ORIENTED_EDGE ( 'NONE', *, *, #4159, .T. ) ;
#5067 = CARTESIAN_POINT ( 'NONE',  ( 0.1499999999999999944, -1.157795121852302600, 2.457826212970653845 ) ) ;
#5068 = LINE ( 'NONE', #406, #1800 ) ;
#5069 = CARTESIAN_POINT ( 'NONE',  ( 0.1500000000000000500, -1.200161089227038902, 2.354847073318329098 ) ) ;
#5070 = ORIENTED_EDGE ( 'NONE', *, *, #1593, .F. ) ;
#5071 = CARTESIAN_POINT ( 'NONE',  ( 0.1000000000000000194, -1.080974112490511230, 2.168696183386805032 ) ) ;
#5072 = EDGE_LOOP ( 'NONE', ( #3146, #1964, #2954, #5771 ) ) ;
#5073 = ORIENTED_EDGE ( 'NONE', *, *, #6732, .T. ) ;
#5074 = DIRECTION ( 'NONE',  ( 0.000000000000000000, 0.000000000000000000, 1.000000000000000000 ) ) ;
#5075 = VECTOR ( 'NONE', #821, 39.37007874015748143 ) ;
#5076 = EDGE_LOOP ( 'NONE', ( #1738, #895, #6512, #4404 ) ) ;
#5077 = CARTESIAN_POINT ( 'NONE',  ( 0.09999999999999999167, -1.159923377403845990, 3.092536959134615238 ) ) ;
#5078 = CARTESIAN_POINT ( 'NONE',  ( 0.09999999999999999167, -1.116581890685154788, 3.410650460966519582 ) ) ;
#5079 = CARTESIAN_POINT ( 'NONE',  ( 0.1000000000000000472, -1.079527503722101933, 2.921001042273315917 ) ) ;
#5080 = CARTESIAN_POINT ( 'NONE',  ( 0.09999999999999997780, -1.195944839803997350, 2.340615545611102633 ) ) ;
#5081 = CARTESIAN_POINT ( 'NONE',  ( 0.1500000000000000500, -1.185507947089500025, 2.896679857253698032 ) ) ;
#5082 = CARTESIAN_POINT ( 'NONE',  ( 0.1500000000000000777, -1.185122019393631820, 3.598829838476649279 ) ) ;
#5083 = VECTOR ( 'NONE', #1300, 39.37007874015748854 ) ;
#5084 = CARTESIAN_POINT ( 'NONE',  ( 0.1500000000000000500, -1.199307548081585351, 3.113474113364999685 ) ) ;
#5085 = CARTESIAN_POINT ( 'NONE',  ( 0.09999999999999997780, -1.172017728365384537, 3.701341045673076646 ) ) ;
#5086 = CARTESIAN_POINT ( 'NONE',  ( 0.09999999999999999167, -1.165727197675556104, 2.981643970671747024 ) ) ;
#5087 = EDGE_CURVE ( 'NONE', #447, #5866, #2424, .T. ) ;
#5088 = PLANE ( 'NONE',  #4892 ) ;
#5089 = ORIENTED_EDGE ( 'NONE', *, *, #2199, .T. ) ;
#5090 = CARTESIAN_POINT ( 'NONE',  ( 0.1000000000000000194, -1.056919012990679141, 3.533871298943001005 ) ) ;
#5091 = CARTESIAN_POINT ( 'NONE',  ( 0.1000000000000000472, -1.187477359022106826, 3.192830447846535691 ) ) ;
#5092 = CARTESIAN_POINT ( 'NONE',  ( 0.1499999999999999944, -1.077403846153845990, 2.899801081730768892 ) ) ;
#5093 = EDGE_CURVE ( 'NONE', #6789, #6975, #2531, .T. ) ;
#5094 = EDGE_CURVE ( 'NONE', #3375, #6499, #4861, .T. ) ;
#5095 = ORIENTED_EDGE ( 'NONE', *, *, #4255, .T. ) ;
#5096 = EDGE_CURVE ( 'NONE', #1072, #4498, #3606, .T. ) ;
#5097 = LINE ( 'NONE', #5554, #3953 ) ;
#5098 = VERTEX_POINT ( 'NONE', #3037 ) ;
#5099 = CARTESIAN_POINT ( 'NONE',  ( 0.1500000000000000500, -1.120495410157911653, 2.180924259576437318 ) ) ;
#5100 = CARTESIAN_POINT ( 'NONE',  ( 0.1499999999999999944, -1.077428604973805104, 3.355534806894765687 ) ) ;
#5101 = AXIS2_PLACEMENT_3D ( 'NONE', #559, #4724, #4077 ) ;
#5102 = CARTESIAN_POINT ( 'NONE',  ( 0.1000000000000000056, -1.175755952594860876, 3.562802283177744833 ) ) ;
#5103 = CARTESIAN_POINT ( 'NONE',  ( 0.1000000000000000056, -1.034073475697417699, 3.528290866232439704 ) ) ;
#5104 = EDGE_CURVE ( 'NONE', #6676, #7325, #4010, .T. ) ;
#5105 = CARTESIAN_POINT ( 'NONE',  ( 0.1499999999999999944, -1.102329133085771184, 2.205646955781855212 ) ) ;
#5106 = DIRECTION ( 'NONE',  ( -1.000000000000000000, -0.000000000000000000, -0.000000000000000000 ) ) ;
#5107 = CIRCLE ( 'NONE', #2535, 0.06496063000000000531 ) ;
#5108 = B_SPLINE_CURVE_WITH_KNOTS ( 'NONE', 3,
 ( #2904, #5359, #1, #646, #4662, #2979, #7110, #6387, #1872, #5207, #7539, #2298, #6991, #260, #3735, #6651, #798, #762, #3698 ),
 .UNSPECIFIED., .F., .F.,
 ( 4, 1, 1, 1, 1, 1, 1, 1, 1, 1, 1, 1, 1, 1, 1, 1, 4 ),
 ( 0.000000000000000000, 0.07538041863356456651, 0.1480183761909429629, 0.2179976470007869982, 0.2856144269355257448, 0.3519032885996891680, 0.4172579648187013657, 0.4816694478545574531, 0.5460820660045282438, 0.6090029094054182357, 0.6687761388360377035, 0.7257589291498739437, 0.7811753292910766922, 0.8352616701628916562, 0.8893263775791658832, 0.9440857925406479501, 1.000000000000000000 ),
 .UNSPECIFIED. ) ;
#5109 = VECTOR ( 'NONE', #2697, 39.37007874015748143 ) ;
#5110 = VERTEX_POINT ( 'NONE', #4822 ) ;
#5111 = CARTESIAN_POINT ( 'NONE',  ( 0.1499999999999999667, -1.201189854184732564, 2.397872074566071099 ) ) ;
#5112 = CARTESIAN_POINT ( 'NONE',  ( 0.1000000000000000056, -1.080070612980769118, 2.139749999999999819 ) ) ;
#5113 = CARTESIAN_POINT ( 'NONE',  ( 0.1500000000000000500, -1.185952287271729189, 2.322044381378422173 ) ) ;
#5114 = AXIS2_PLACEMENT_3D ( 'NONE', #1025, #5573, #4998 ) ;
#5115 = EDGE_LOOP ( 'NONE', ( #7556, #6988, #6629, #4533 ) ) ;
#5116 = CARTESIAN_POINT ( 'NONE',  ( 0.09999999999999999167, -1.077448409231627213, 2.182703359787553143 ) ) ;
#5117 = ORIENTED_EDGE ( 'NONE', *, *, #334, .F. ) ;
#5118 = ORIENTED_EDGE ( 'NONE', *, *, #1363, .T. ) ;
#5119 = ORIENTED_EDGE ( 'NONE', *, *, #5426, .F. ) ;
#5120 = EDGE_CURVE ( 'NONE', #6993, #3964, #2045, .T. ) ;
#5121 = CARTESIAN_POINT ( 'NONE',  ( 0.1500000000000000777, -1.128560805801148481, 3.089272848689263107 ) ) ;
#5122 = CARTESIAN_POINT ( 'NONE',  ( 0.09999999999999999167, -1.141893895254147751, 3.213840913592255433 ) ) ;
#5123 = CARTESIAN_POINT ( 'NONE',  ( 0.09999999999999999167, -1.105601576588414625, 2.433839569205985764 ) ) ;
#5124 = CARTESIAN_POINT ( 'NONE',  ( 0.09999999999999997780, -1.202263897833143025, 2.370830248559459452 ) ) ;
#5125 = DIRECTION ( 'NONE',  ( -1.000000000000000000, 0.000000000000000000, -0.000000000000000000 ) ) ;
#5126 = CARTESIAN_POINT ( 'NONE',  ( 0.1499999999999999944, -1.185559630433673517, 3.608228822279517356 ) ) ;
#5127 = CARTESIAN_POINT ( 'NONE',  ( 0.1499999999999999944, -1.139565805288461409, 2.725807692307692154 ) ) ;
#5128 = LINE ( 'NONE', #2755, #7504 ) ;
#5129 = CARTESIAN_POINT ( 'NONE',  ( 0.1499999999999999944, -1.199999999999999956, 2.560903846153845809 ) ) ;
#5130 = ORIENTED_EDGE ( 'NONE', *, *, #2481, .F. ) ;
#5131 = FACE_OUTER_BOUND ( 'NONE', #2984, .T. ) ;
#5132 = CARTESIAN_POINT ( 'NONE',  ( 0.1000000000000000056, -1.070302550322373758, 3.316677970415889742 ) ) ;
#5133 = CARTESIAN_POINT ( 'NONE',  ( 0.1499999999999999944, -1.046905048076922862, 3.515230769230769159 ) ) ;
#5134 = DIRECTION ( 'NONE',  ( 1.000000000000000000, 0.000000000000000000, 0.000000000000000000 ) ) ;
#5135 = ORIENTED_EDGE ( 'NONE', *, *, #7291, .F. ) ;
#5136 = CARTESIAN_POINT ( 'NONE',  ( 0.1500000000000000500, -1.108802751535623576, 2.200644382660770226 ) ) ;
#5137 = CARTESIAN_POINT ( 'NONE',  ( 0.09999999999999997780, -1.104371995192307665, 3.316485276442307395 ) ) ;
#5138 = EDGE_CURVE ( 'NONE', #6570, #2605, #4289, .T. ) ;
#5139 = CARTESIAN_POINT ( 'NONE',  ( 0.1000000000000000056, -1.154326923076923084, 3.532658653846153740 ) ) ;
#5140 = CARTESIAN_POINT ( 'NONE',  ( 0.1500000000000000500, -1.203707894424064895, 3.631384309884189587 ) ) ;
#5141 = LINE ( 'NONE', #5786, #7399 ) ;
#5142 = CARTESIAN_POINT ( 'NONE',  ( 0.1499999999999999944, -1.155346505807013591, 2.962999806400006708 ) ) ;
#5143 = LINE ( 'NONE', #5714, #5471 ) ;
#5144 = CARTESIAN_POINT ( 'NONE',  ( 0.1000000000000000056, -1.375000000000000444, 3.750000000000000000 ) ) ;
#5145 = B_SPLINE_CURVE_WITH_KNOTS ( 'NONE', 3,
 ( #5936, #3677, #664, #4181, #4256, #6518, #5337, #1923, #5862, #4144, #4715 ),
 .UNSPECIFIED., .F., .F.,
 ( 4, 1, 1, 1, 1, 1, 1, 1, 4 ),
 ( 0.000000000000000000, 0.1786818085746236240, 0.3418099301128444956, 0.4893870156507110214, 0.6227603904090903697, 0.7394757625614090113, 0.8409181487601176119, 0.9284500574352477775, 1.000000000000000000 ),
 .UNSPECIFIED. ) ;
#5146 = CARTESIAN_POINT ( 'NONE',  ( 0.1000000000000000056, -1.085527256962919518, 2.160974856494169316 ) ) ;
#5147 = EDGE_CURVE ( 'NONE', #279, #4048, #3676, .T. ) ;
#5148 = ORIENTED_EDGE ( 'NONE', *, *, #4306, .F. ) ;
#5149 = CARTESIAN_POINT ( 'NONE',  ( 0.09999999999999997780, -1.202403846153846212, 2.379360877403846164 ) ) ;
#5150 = CARTESIAN_POINT ( 'NONE',  ( 0.1500000000000000500, -1.137102216422570367, 3.192475412677580504 ) ) ;
#5151 = DIRECTION ( 'NONE',  ( 1.000000000000000000, 0.000000000000000000, 0.000000000000000000 ) ) ;
#5152 = FACE_OUTER_BOUND ( 'NONE', #2962, .T. ) ;
#5153 = ORIENTED_EDGE ( 'NONE', *, *, #5984, .F. ) ;
#5154 = LINE ( 'NONE', #5724, #6126 ) ;
#5155 = ORIENTED_EDGE ( 'NONE', *, *, #2571, .F. ) ;
#5156 = ORIENTED_EDGE ( 'NONE', *, *, #6680, .T. ) ;
#5157 = CLOSED_SHELL ( 'NONE', ( #1602, #7037, #2947, #2543, #937, #2900, #4482, #3054, #7501, #6778, #2138, #7363, #6407, #2654, #6116, #3132, #4290, #4904, #3874, #5551, #2006, #6683, #144, #5196, #4863, #2716, #46, #7381, #2808, #2180, #5384, #2438, #2256, #593, #5753, #3047, #4621, #2291, #5336, #3105, #7183, #2664, #2707, #243, #6868, #2471, #5433, #5561, #7098, #4245, #6786, #6062, #2339, #5759, #3460, #6998, #163, #5793, #7003, #6004, #2701, #7479, #2247, #7471, #7095, #469, #7007, #5558, #3740, #2007, #6302, #4257, #4475, #1369, #1596, #413, #1687, #2384, #3038, #6939, #988, #3975, #3123, #519, #2, #2559, #1135, #3455, #321, #2942, #753, #4163, #5236, #5815, #4302, #2248, #7260, #5453, #5048, #3213, #2613, #7337, #2071, #2151, #4299, #3121, #7242, #6914, #1447, #6612, #2103, #5935, #3690, #2386, #3833, #1999, #839, #4719, #5513, #6022, #3924, #4634, #6075, #2798, #236, #2633, #5656, #4883, #4851, #4208, #4811, #6463, #3681, #6496, #4075, #4026, #4552, #702, #3818, #1912, #3638, #5845, #6453 ) ) ;
#5158 = CARTESIAN_POINT ( 'NONE',  ( 0.1000000000000000056, 4.375000000000000000, 2.185039369999998371 ) ) ;
#5159 = CARTESIAN_POINT ( 'NONE',  ( 0.1000000000000000056, -1.200428935222835891, 3.163213332949005974 ) ) ;
#5160 = CARTESIAN_POINT ( 'NONE',  ( 0.1499999999999999944, -1.136335637019230793, 2.191019531249999819 ) ) ;
#5161 = CARTESIAN_POINT ( 'NONE',  ( 0.1000000000000000056, -1.156730769230769118, 2.319978365384615326 ) ) ;
#5162 = CARTESIAN_POINT ( 'NONE',  ( 0.1499999999999999944, -1.176328817278258221, 2.859212997687170965 ) ) ;
#5163 = EDGE_LOOP ( 'NONE', ( #507, #6865, #3973, #270 ) ) ;
#5164 = ORIENTED_EDGE ( 'NONE', *, *, #6206, .F. ) ;
#5165 = FACE_OUTER_BOUND ( 'NONE', #6338, .T. ) ;
#5166 = CARTESIAN_POINT ( 'NONE',  ( 0.000000000000000000, -1.375000000000000444, 3.814960629999999853 ) ) ;
#5167 = DIRECTION ( 'NONE',  ( 0.000000000000000000, 0.000000000000000000, -1.000000000000000000 ) ) ;
#5168 = FACE_OUTER_BOUND ( 'NONE', #4772, .T. ) ;
#5169 = VERTEX_POINT ( 'NONE', #5972 ) ;
#5170 = CARTESIAN_POINT ( 'NONE',  ( 0.1499999999999999944, -1.148304618389224707, 3.412824811353339260 ) ) ;
#5171 = CARTESIAN_POINT ( 'NONE',  ( 0.1499999999999999944, -1.135000812267693560, 2.991591964592045461 ) ) ;
#5172 = CARTESIAN_POINT ( 'NONE',  ( 0.1500000000000000500, -1.023621620384481234, 3.543926243674801135 ) ) ;
#5173 = DIRECTION ( 'NONE',  ( 0.000000000000000000, 0.000000000000000000, -1.000000000000000000 ) ) ;
#5174 = ORIENTED_EDGE ( 'NONE', *, *, #6218, .T. ) ;
#5175 = CARTESIAN_POINT ( 'NONE',  ( 0.1499999999999999944, -1.184744479076722312, 2.197802212894255369 ) ) ;
#5176 = DIRECTION ( 'NONE',  ( -1.000000000000000000, -0.000000000000000000, -0.000000000000000000 ) ) ;
#5177 = CARTESIAN_POINT ( 'NONE',  ( 0.1000000000000000194, -1.182590406011901463, 3.582692553242340150 ) ) ;
#5178 = CARTESIAN_POINT ( 'NONE',  ( 0.09999999999999997780, -1.194507640957396699, 3.667676790627159900 ) ) ;
#5179 = CARTESIAN_POINT ( 'NONE',  ( 0.1499999999999999944, -1.068365627729902068, 2.212995811359675713 ) ) ;
#5180 = CARTESIAN_POINT ( 'NONE',  ( 0.1000000000000000472, -1.183981210804543105, 2.918524594206385103 ) ) ;
#5181 = AXIS2_PLACEMENT_3D ( 'NONE', #4122, #7025, #2402 ) ;
#5182 = CARTESIAN_POINT ( 'NONE',  ( 0.1499999999999999944, -1.099121531427434073, 2.206832478263932362 ) ) ;
#5183 = LINE ( 'NONE', #2771, #3454 ) ;
#5184 = CARTESIAN_POINT ( 'NONE',  ( 0.1500000000000000777, -1.060648000772105526, 2.376226403815073329 ) ) ;
#5185 = EDGE_LOOP ( 'NONE', ( #6561, #3810, #1182, #5725 ) ) ;
#5186 = EDGE_CURVE ( 'NONE', #7407, #1087, #2783, .T. ) ;
#5187 = CARTESIAN_POINT ( 'NONE',  ( 0.1500000000000000500, -1.185533964113955507, 2.190471233254414951 ) ) ;
#5188 = VECTOR ( 'NONE', #3016, 39.37007874015748143 ) ;
#5189 = VECTOR ( 'NONE', #5943, 39.37007874015748143 ) ;
#5190 = CARTESIAN_POINT ( 'NONE',  ( 0.1500000000000000500, -1.178563763053766422, 3.109927647414765683 ) ) ;
#5191 = CARTESIAN_POINT ( 'NONE',  ( 0.1499999999999999944, -1.168329849721998270, 3.672831035378948172 ) ) ;
#5192 = CARTESIAN_POINT ( 'NONE',  ( 0.1499999999999999944, -1.199999999999999956, 2.725807692307692154 ) ) ;
#5193 = DIRECTION ( 'NONE',  ( -1.000000000000000000, -0.000000000000000000, -0.000000000000000000 ) ) ;
#5194 = VERTEX_POINT ( 'NONE', #3569 ) ;
#5195 = EDGE_CURVE ( 'NONE', #7079, #6854, #1393, .T. ) ;
#5196 = ADVANCED_FACE ( 'NONE', ( #6591 ), #5481, .F. ) ;
#5197 = ORIENTED_EDGE ( 'NONE', *, *, #1040, .T. ) ;
#5198 = CARTESIAN_POINT ( 'NONE',  ( 0.1000000000000000472, -1.015561995839130427, 3.561988130311048106 ) ) ;
#5199 = CARTESIAN_POINT ( 'NONE',  ( 0.1500000000000000500, -1.182590406011901463, 3.582692553242340150 ) ) ;
#5200 = CARTESIAN_POINT ( 'NONE',  ( 0.1000000000000000472, -1.202403846153846212, 2.900777644230769337 ) ) ;
#5201 = CARTESIAN_POINT ( 'NONE',  ( 0.000000000000000000, 1.500000000000000444, 2.899999999999999467 ) ) ;
#5202 = EDGE_LOOP ( 'NONE', ( #3388, #4800, #3791, #2127 ) ) ;
#5203 = EDGE_CURVE ( 'NONE', #2073, #5194, #2568, .T. ) ;
#5204 = ORIENTED_EDGE ( 'NONE', *, *, #3588, .T. ) ;
#5205 = CARTESIAN_POINT ( 'NONE',  ( 0.1499999999999999944, -1.131114783653845990, 2.970038461538460961 ) ) ;
#5206 = CARTESIAN_POINT ( 'NONE',  ( 0.1000000000000000056, -1.204794219037017333, 3.613113183401461370 ) ) ;
#5207 = CARTESIAN_POINT ( 'NONE',  ( 0.1499999999999999944, -1.092973386626469257, 2.950067561412110351 ) ) ;
#5208 = DIRECTION ( 'NONE',  ( 0.000000000000000000, 0.000000000000000000, -1.000000000000000000 ) ) ;
#5209 = ORIENTED_EDGE ( 'NONE', *, *, #7425, .T. ) ;
#5210 = CARTESIAN_POINT ( 'NONE',  ( 0.1000000000000000194, -1.085653071755031229, 2.226991498922850976 ) ) ;
#5211 = DIRECTION ( 'NONE',  ( 1.000000000000000000, 0.000000000000000000, 0.000000000000000000 ) ) ;
#5212 = CIRCLE ( 'NONE', #2760, 0.06496063000000011634 ) ;
#5213 = DIRECTION ( 'NONE',  ( -1.000000000000000000, -0.000000000000000000, -0.000000000000000000 ) ) ;
#5214 = DIRECTION ( 'NONE',  ( 0.000000000000000000, -1.000000000000000000, 0.000000000000000000 ) ) ;
#5215 = CARTESIAN_POINT ( 'NONE',  ( 0.1500000000000000500, -1.061136846419591162, 2.911807356004690650 ) ) ;
#5216 = CARTESIAN_POINT ( 'NONE',  ( 0.1500000000000000500, -1.085675332570866347, 2.203232544225699918 ) ) ;
#5217 = DIRECTION ( 'NONE',  ( -1.000000000000000000, -0.000000000000000000, -0.000000000000000000 ) ) ;
#5218 = FACE_OUTER_BOUND ( 'NONE', #6563, .T. ) ;
#5219 = FACE_OUTER_BOUND ( 'NONE', #5076, .T. ) ;
#5220 = EDGE_CURVE ( 'NONE', #1643, #5671, #7482, .T. ) ;
#5221 = CARTESIAN_POINT ( 'NONE',  ( 0.1000000000000000194, -1.060758096437689257, 2.178919164302680844 ) ) ;
#5222 = PLANE ( 'NONE',  #4134 ) ;
#5223 = EDGE_LOOP ( 'NONE', ( #169, #1790, #1004, #2432 ) ) ;
#5224 = CARTESIAN_POINT ( 'NONE',  ( 0.1000000000000000056, -1.185576923076923084, 2.188991286057692776 ) ) ;
#5225 = CARTESIAN_POINT ( 'NONE',  ( 0.1499999999999999944, -1.185156127508191215, 3.131990703293080269 ) ) ;
#5226 = DIRECTION ( 'NONE',  ( 0.000000000000000000, 0.000000000000000000, -1.000000000000000000 ) ) ;
#5227 = CARTESIAN_POINT ( 'NONE',  ( 0.1000000000000000472, -1.161538461538461409, 2.840080528846153918 ) ) ;
#5228 = AXIS2_PLACEMENT_3D ( 'NONE', #5192, #1709, #601 ) ;
#5229 = AXIS2_PLACEMENT_3D ( 'NONE', #5003, #4923, #6148 ) ;
#5230 = DIRECTION ( 'NONE',  ( 0.000000000000000000, -0.000000000000000000, -1.000000000000000000 ) ) ;
#5231 = VECTOR ( 'NONE', #4407, 39.37007874015748143 ) ;
#5232 = ORIENTED_EDGE ( 'NONE', *, *, #5045, .T. ) ;
#5233 = CARTESIAN_POINT ( 'NONE',  ( 0.1499999999999999944, -1.117630709134615374, 2.220804687499999819 ) ) ;
#5234 = CARTESIAN_POINT ( 'NONE',  ( 0.1499999999999999944, -1.185576923076922862, 3.610145132211538321 ) ) ;
#5236 = ADVANCED_FACE ( 'NONE', ( #4217 ), #4776, .T. ) ;
#5235 = LINE ( 'NONE', #6986, #4973 ) ;
#5237 = CARTESIAN_POINT ( 'NONE',  ( 0.1500000000000000500, -1.182351469019278900, 2.874207305702784598 ) ) ;
#5238 = ORIENTED_EDGE ( 'NONE', *, *, #5288, .F. ) ;
#5239 = VERTEX_POINT ( 'NONE', #5092 ) ;
#5240 = CARTESIAN_POINT ( 'NONE',  ( 0.1499999999999999667, -1.095688970216175839, 2.845633471383439694 ) ) ;
#5241 = CARTESIAN_POINT ( 'NONE',  ( 0.1499999999999999944, -1.113686899038461409, 3.409897235576923258 ) ) ;
#5242 = DIRECTION ( 'NONE',  ( 1.000000000000000000, 0.000000000000000000, 0.000000000000000000 ) ) ;
#5243 = B_SPLINE_CURVE_WITH_KNOTS ( 'NONE', 3,
 ( #4101, #2876, #17, #2346, #2805, #476, #5216, #3448, #5821, #5784, #3530 ),
 .UNSPECIFIED., .F., .F.,
 ( 4, 1, 1, 1, 1, 1, 1, 1, 4 ),
 ( 0.000000000000000000, 0.1408266934025065309, 0.2748450662620874896, 0.4057570698113951990, 0.5382688720745457678, 0.6652654184795260273, 0.7802288004072153171, 0.8899063627355107142, 1.000000000000000000 ),
 .UNSPECIFIED. ) ;
#5244 = FACE_OUTER_BOUND ( 'NONE', #1691, .T. ) ;
#5245 = EDGE_LOOP ( 'NONE', ( #643, #535, #6143, #3640, #2293, #6522, #597, #6771, #3412, #4138, #7027, #6827, #4183, #1331 ) ) ;
#5246 = CARTESIAN_POINT ( 'NONE',  ( 0.1000000000000000056, -1.143205543421371928, 2.144180604335526485 ) ) ;
#5247 = CARTESIAN_POINT ( 'NONE',  ( 0.1000000000000000056, -1.080036224474819617, 3.305343738731452596 ) ) ;
#5248 = CARTESIAN_POINT ( 'NONE',  ( 0.1500000000000000777, -1.152052285321552461, 2.964883075351920194 ) ) ;
#5249 = CARTESIAN_POINT ( 'NONE',  ( 0.1000000000000000472, -1.090277860679183863, 3.705887567931314575 ) ) ;
#5250 = DIRECTION ( 'NONE',  ( 1.000000000000000000, -0.000000000000000000, -0.000000000000000000 ) ) ;
#5251 = CARTESIAN_POINT ( 'NONE',  ( 0.09999999999999997780, -1.142744903547789903, 3.068068280824685967 ) ) ;
#5252 = CARTESIAN_POINT ( 'NONE',  ( 0.1499999999999999944, -1.072407368926175275, 2.951499627462744080 ) ) ;
#5253 = CARTESIAN_POINT ( 'NONE',  ( 0.1000000000000000056, -1.185518249838121818, 3.136262993380545261 ) ) ;
#5254 = DIRECTION ( 'NONE',  ( 0.000000000000000000, 0.6218821436015858906, -0.7831108474982941825 ) ) ;
#5255 = DIRECTION ( 'NONE',  ( 0.000000000000000000, 0.000000000000000000, 1.000000000000000000 ) ) ;
#5256 = CARTESIAN_POINT ( 'NONE',  ( 0.1499999999999999944, -1.077403846153845990, 2.183958233173076913 ) ) ;
#5257 = CARTESIAN_POINT ( 'NONE',  ( 0.1000000000000000056, -1.086117788461538503, 2.444264723557691976 ) ) ;
#5258 = EDGE_CURVE ( 'NONE', #80, #472, #9, .T. ) ;
#5259 = CARTESIAN_POINT ( 'NONE',  ( 0.1500000000000000500, -1.096932137790928907, 2.206983006546907156 ) ) ;
#5260 = EDGE_LOOP ( 'NONE', ( #6781, #7486, #3835, #696 ) ) ;
#5261 = CARTESIAN_POINT ( 'NONE',  ( 0.1499999999999999944, -1.131865985576923084, 2.463307692307691976 ) ) ;
#5262 = ORIENTED_EDGE ( 'NONE', *, *, #556, .T. ) ;
#5263 = CARTESIAN_POINT ( 'NONE',  ( 0.1499999999999999944, -1.061623909172183300, 3.339226927568743619 ) ) ;
#5264 = LINE ( 'NONE', #6340, #2726 ) ;
#5265 = CARTESIAN_POINT ( 'NONE',  ( 0.1499999999999999944, -1.183849158653845990, 2.235903846153846075 ) ) ;
#5266 = CARTESIAN_POINT ( 'NONE',  ( 0.1000000000000000056, -1.086117788461538503, 2.444264723557691976 ) ) ;
#5267 = CARTESIAN_POINT ( 'NONE',  ( 0.1499999999999999944, -1.078246386864291084, 2.176357279044414561 ) ) ;
#5268 = B_SPLINE_CURVE_WITH_KNOTS ( 'NONE', 3,
 ( #2822, #6912, #4539, #5653, #1029, #240, #2567, #4012, #3357, #2710, #5160 ),
 .UNSPECIFIED., .F., .F.,
 ( 4, 1, 1, 1, 1, 1, 1, 1, 4 ),
 ( 0.000000000000000000, 0.07398935630611648551, 0.1611770966799930260, 0.2639804423200456385, 0.3809982339639859661, 0.5135879054444405512, 0.6596830343724978674, 0.8221832735971529305, 1.000000000000000000 ),
 .UNSPECIFIED. ) ;
#5269 = VECTOR ( 'NONE', #4547, 39.37007874015748143 ) ;
#5270 = ORIENTED_EDGE ( 'NONE', *, *, #3688, .T. ) ;
#5271 = CARTESIAN_POINT ( 'NONE',  ( 0.1000000000000000056, -1.007767258829238566, 3.603527230719247854 ) ) ;
#5272 = CARTESIAN_POINT ( 'NONE',  ( 0.1000000000000000472, -1.086138286825871102, 2.939438951375608955 ) ) ;
#5273 = CARTESIAN_POINT ( 'NONE',  ( 0.1499999999999999944, -1.157279334727324693, 3.686374456584160519 ) ) ;
#5274 = CARTESIAN_POINT ( 'NONE',  ( 0.1500000000000000777, -1.060837760620723769, 3.360826216291225244 ) ) ;
#5275 = ORIENTED_EDGE ( 'NONE', *, *, #4255, .F. ) ;
#5276 = ORIENTED_EDGE ( 'NONE', *, *, #4392, .F. ) ;
#5277 = CARTESIAN_POINT ( 'NONE',  ( 0.1499999999999999944, -1.114598268504405798, 3.410134357719170950 ) ) ;
#5278 = EDGE_CURVE ( 'NONE', #4236, #777, #4743, .T. ) ;
#5279 = CARTESIAN_POINT ( 'NONE',  ( 0.1000000000000000194, -1.123217789823552026, 2.174689167610533769 ) ) ;
#5280 = EDGE_CURVE ( 'NONE', #2847, #6257, #2226, .T. ) ;
#5281 = CARTESIAN_POINT ( 'NONE',  ( 0.1000000000000000472, -1.162121923451320704, 2.324396258049551189 ) ) ;
#5282 = ORIENTED_EDGE ( 'NONE', *, *, #7168, .T. ) ;
#5283 = CARTESIAN_POINT ( 'NONE',  ( 0.1000000000000000056, -1.082322091496262795, 2.225647077408097640 ) ) ;
#5284 = CARTESIAN_POINT ( 'NONE',  ( 0.1499999999999999944, -1.194610776188760326, 2.944576284390969523 ) ) ;
#5285 = B_SPLINE_CURVE_WITH_KNOTS ( 'NONE', 3,
 ( #6193, #177, #5240, #6639, #2509, #1148, #1896, #4660, #1861, #3116, #6954 ),
 .UNSPECIFIED., .F., .F.,
 ( 4, 1, 1, 1, 1, 1, 1, 1, 4 ),
 ( 0.000000000000000000, 0.1208595784205105661, 0.2401882479443697149, 0.3590934048634628617, 0.4791019238212880782, 0.6016994613651814872, 0.7288322381896447100, 0.8612263052539920194, 1.000000000000000000 ),
 .UNSPECIFIED. ) ;
#5286 = EDGE_CURVE ( 'NONE', #472, #6351, #5386, .T. ) ;
#5287 = CARTESIAN_POINT ( 'NONE',  ( 0.09999999999999992228, -1.028011323706641944, 3.593979364392029030 ) ) ;
#5288 = EDGE_CURVE ( 'NONE', #488, #3887, #3983, .T. ) ;
#5289 = CARTESIAN_POINT ( 'NONE',  ( 0.09999999999999996392, -1.085152132119512336, 3.704526672942210830 ) ) ;
#5290 = CARTESIAN_POINT ( 'NONE',  ( 0.1500000000000000500, -1.189580834409187604, 2.845771650460193758 ) ) ;
#5291 = EDGE_CURVE ( 'NONE', #2334, #6083, #505, .T. ) ;
#5292 = CARTESIAN_POINT ( 'NONE',  ( 0.09999999999999997780, -1.154227334764546642, 3.069602680669810457 ) ) ;
#5293 = EDGE_LOOP ( 'NONE', ( #5509, #6014 ) ) ;
#5294 = CARTESIAN_POINT ( 'NONE',  ( 0.09999999999999999167, -1.067731798989227654, 2.941013887265661264 ) ) ;
#5295 = CARTESIAN_POINT ( 'NONE',  ( 0.000000000000000000, -1.499999999999999778, 4.000000000000000000 ) ) ;
#5296 = CARTESIAN_POINT ( 'NONE',  ( 0.1499999999999999944, -1.199999999999999956, 2.747442307692307573 ) ) ;
#5297 = CARTESIAN_POINT ( 'NONE',  ( 0.09999999999999997780, -1.172017728365384537, 3.701341045673076646 ) ) ;
#5298 = CARTESIAN_POINT ( 'NONE',  ( 0.1000000000000000056, -1.174617617243288947, 2.943183845586917258 ) ) ;
#5299 = CARTESIAN_POINT ( 'NONE',  ( 0.1499999999999999944, -1.114689023461029604, 3.728904707653188044 ) ) ;
#5300 = CARTESIAN_POINT ( 'NONE',  ( 0.1499999999999999944, -1.036935085512362242, 3.562259977152149037 ) ) ;
#5301 = ORIENTED_EDGE ( 'NONE', *, *, #4485, .F. ) ;
#5302 = DIRECTION ( 'NONE',  ( -1.695638855243768337E-13, 1.000000000000000000, 0.000000000000000000 ) ) ;
#5303 = VERTEX_POINT ( 'NONE', #2266 ) ;
#5304 = CARTESIAN_POINT ( 'NONE',  ( 0.1499999999999999667, -1.179709830052165787, 2.866502841138959923 ) ) ;
#5305 = CARTESIAN_POINT ( 'NONE',  ( 0.1499999999999999944, -1.126532451923076827, 3.192634615384615238 ) ) ;
#5306 = CARTESIAN_POINT ( 'NONE',  ( 0.1000000000000000056, -1.185576923076922862, 2.381126201923076557 ) ) ;
#5307 = CARTESIAN_POINT ( 'NONE',  ( 0.1499999999999999944, -1.120495410157911653, 2.180924259576437318 ) ) ;
#5308 = FACE_OUTER_BOUND ( 'NONE', #4645, .T. ) ;
#5309 = AXIS2_PLACEMENT_3D ( 'NONE', #7544, #506, #6966 ) ;
#5310 = CIRCLE ( 'NONE', #5181, 0.06496062999999985266 ) ;
#5311 = ORIENTED_EDGE ( 'NONE', *, *, #4110, .T. ) ;
#5312 = DIRECTION ( 'NONE',  ( -1.000000000000000000, -0.000000000000000000, -0.000000000000000000 ) ) ;
#5313 = CARTESIAN_POINT ( 'NONE',  ( 0.1499999999999999944, -1.132764209360792362, 2.295108072184984138 ) ) ;
#5314 = CARTESIAN_POINT ( 'NONE',  ( 0.09999999999999992228, -1.122656708562292271, 3.705976108876197550 ) ) ;
#5315 = CARTESIAN_POINT ( 'NONE',  ( 0.1500000000000000500, -1.060758096437689257, 2.178919164302680844 ) ) ;
#5316 = EDGE_LOOP ( 'NONE', ( #434, #2534, #4146, #4978, #2778, #5, #972, #1918, #76, #5349 ) ) ;
#5317 = ORIENTED_EDGE ( 'NONE', *, *, #2895, .F. ) ;
#5318 = CARTESIAN_POINT ( 'NONE',  ( 0.1499999999999999944, -1.128008539366450735, 3.412084466486938528 ) ) ;
#5319 = CARTESIAN_POINT ( 'NONE',  ( 0.1499999999999999944, -1.199999999999999956, 2.725807692307692154 ) ) ;
#5320 = CARTESIAN_POINT ( 'NONE',  ( 0.1499999999999999944, -1.073380272648021272, 2.219129557051450874 ) ) ;
#5321 = VERTEX_POINT ( 'NONE', #4024 ) ;
#5322 = VERTEX_POINT ( 'NONE', #1119 ) ;
#5323 = CARTESIAN_POINT ( 'NONE',  ( 0.1000000000000000056, -1.375000000000000444, 3.750000000000000000 ) ) ;
#5324 = CARTESIAN_POINT ( 'NONE',  ( 0.1499999999999999944, -1.185325077051963216, 2.909245013756379006 ) ) ;
#5325 = CARTESIAN_POINT ( 'NONE',  ( 0.1000000000000000194, -1.100938300089356670, 3.707444957456094592 ) ) ;
#5326 = FACE_OUTER_BOUND ( 'NONE', #3102, .T. ) ;
#5327 = CARTESIAN_POINT ( 'NONE',  ( 0.1000000000000000056, -1.164170997714092159, 2.137386877346999281 ) ) ;
#5328 = VECTOR ( 'NONE', #5312, 39.37007874015748143 ) ;
#5329 = VERTEX_POINT ( 'NONE', #6359 ) ;
#5330 = CARTESIAN_POINT ( 'NONE',  ( 0.1000000000000000056, -1.071477089786531334, 3.392625019152679666 ) ) ;
#5331 = CARTESIAN_POINT ( 'NONE',  ( 0.09999999999999999167, -1.165432980638106297, 3.095407549514662460 ) ) ;
#5332 = CARTESIAN_POINT ( 'NONE',  ( 0.1500000000000000500, -1.172007285182304459, 2.824413860433413692 ) ) ;
#5333 = CARTESIAN_POINT ( 'NONE',  ( 0.1000000000000000056, -1.131000431455710276, 2.991637460933895820 ) ) ;
#5334 = EDGE_CURVE ( 'NONE', #2826, #1580, #3443, .T. ) ;
#5335 = DIRECTION ( 'NONE',  ( -1.000000000000000000, -0.000000000000000000, -0.000000000000000000 ) ) ;
#5336 = ADVANCED_FACE ( 'NONE', ( #3204 ), #229, .F. ) ;
#5337 = CARTESIAN_POINT ( 'NONE',  ( 0.09999999999999997780, -1.112565952707008643, 3.315092503650118427 ) ) ;
#5338 = APPROVAL_PERSON_ORGANIZATION ( #4303, #7061, #6638 ) ;
#5339 = EDGE_CURVE ( 'NONE', #2502, #947, #6694, .T. ) ;
#5340 = DIRECTION ( 'NONE',  ( -1.000000000000000000, -0.000000000000000000, -0.000000000000000000 ) ) ;
#5341 = ORIENTED_EDGE ( 'NONE', *, *, #5280, .F. ) ;
#5342 = CARTESIAN_POINT ( 'NONE',  ( 0.1500000000000000500, -1.167991800156374493, 3.097186518523424414 ) ) ;
#5343 = ORIENTED_EDGE ( 'NONE', *, *, #6965, .T. ) ;
#5344 = LINE ( 'NONE', #26, #6201 ) ;
#5345 = CARTESIAN_POINT ( 'NONE',  ( 0.1000000000000000611, -1.100084902446127666, 3.729066611333416770 ) ) ;
#5346 = CARTESIAN_POINT ( 'NONE',  ( 0.1499999999999999944, -1.104371995192307665, 3.316485276442307395 ) ) ;
#5347 = CARTESIAN_POINT ( 'NONE',  ( 0.1499999999999999944, -1.109923496983366231, 2.199460755919558252 ) ) ;
#5348 = CARTESIAN_POINT ( 'NONE',  ( 0.1000000000000000056, -1.185576923076923084, 2.188991286057692776 ) ) ;
#5349 = ORIENTED_EDGE ( 'NONE', *, *, #4159, .F. ) ;
#5350 = CARTESIAN_POINT ( 'NONE',  ( 0.1000000000000000056, -1.174566562841773187, 2.139239113415190019 ) ) ;
#5351 = LINE ( 'NONE', #4768, #6887 ) ;
#5352 = CARTESIAN_POINT ( 'NONE',  ( 0.09999999999999996392, -1.185576923076922862, 3.610145132211538321 ) ) ;
#5353 = CARTESIAN_POINT ( 'NONE',  ( 0.1000000000000000056, 1.499999999999999778, 7.397019699529389314 ) ) ;
#5354 = CARTESIAN_POINT ( 'NONE',  ( 0.1500000000000000500, -1.148703076591570005, 3.068681503650864784 ) ) ;
#5355 = EDGE_LOOP ( 'NONE', ( #1826, #526, #1236, #2377 ) ) ;
#5356 = CARTESIAN_POINT ( 'NONE',  ( 0.1000000000000000194, -1.077461067644310155, 2.185492529604158740 ) ) ;
#5357 = EDGE_CURVE ( 'NONE', #760, #5026, #3741, .T. ) ;
#5358 = AXIS2_PLACEMENT_3D ( 'NONE', #5942, #4682, #4760 ) ;
#5359 = CARTESIAN_POINT ( 'NONE',  ( 0.1499999999999999944, -1.077460006022389338, 2.902268948354320255 ) ) ;
#5360 = CARTESIAN_POINT ( 'NONE',  ( 0.1499999999999999944, -1.185476656554747654, 2.375053239099890856 ) ) ;
#5361 = CARTESIAN_POINT ( 'NONE',  ( 0.1500000000000000500, -1.079141113955943920, 2.395790890005684570 ) ) ;
#5362 = CARTESIAN_POINT ( 'NONE',  ( 0.1499999999999999667, -1.181777970620216944, 2.927319678846814099 ) ) ;
#5363 = CARTESIAN_POINT ( 'NONE',  ( 0.1000000000000000056, 0.5000000000000014433, 0.06003936999999948815 ) ) ;
#5364 = FACE_OUTER_BOUND ( 'NONE', #1711, .T. ) ;
#5365 = DIRECTION ( 'NONE',  ( 0.000000000000000000, 0.000000000000000000, -1.000000000000000000 ) ) ;
#5366 = VERTEX_POINT ( 'NONE', #2135 ) ;
#5367 = CARTESIAN_POINT ( 'NONE',  ( 0.1499999999999999667, -1.113691010633384604, 2.988720385714677352 ) ) ;
#5368 = FACE_BOUND ( 'NONE', #3493, .T. ) ;
#5369 = CARTESIAN_POINT ( 'NONE',  ( 0.1499999999999999944, -1.062980769230769118, 3.214269230769230656 ) ) ;
#5370 = CARTESIAN_POINT ( 'NONE',  ( 0.1499999999999999944, -1.161538461538461409, 2.840080528846153918 ) ) ;
#5371 = CARTESIAN_POINT ( 'NONE',  ( 0.1000000000000000056, 1.500000000000000444, 2.753937010078739256 ) ) ;
#5372 = PLANE ( 'NONE',  #1781 ) ;
#5373 = EDGE_LOOP ( 'NONE', ( #3848, #5856, #2720, #327 ) ) ;
#5374 = CARTESIAN_POINT ( 'NONE',  ( 0.1500000000000000500, -1.183854800515309780, 3.123950365992641309 ) ) ;
#5375 = EDGE_CURVE ( 'NONE', #3466, #777, #2593, .T. ) ;
#5376 = ORIENTED_EDGE ( 'NONE', *, *, #2849, .F. ) ;
#5377 = CARTESIAN_POINT ( 'NONE',  ( 0.1500000000000000500, -1.111372215902991512, 3.293531858794437550 ) ) ;
#5378 = CARTESIAN_POINT ( 'NONE',  ( 0.1000000000000000056, 0.5000000000000014433, 0.1249999999999994865 ) ) ;
#5379 = CARTESIAN_POINT ( 'NONE',  ( 0.1499999999999999944, -1.182227686106284370, 2.965849301668465721 ) ) ;
#5380 = LINE ( 'NONE', #140, #3831 ) ;
#5381 = DATE_AND_TIME ( #6567, #6673 ) ;
#5382 = CARTESIAN_POINT ( 'NONE',  ( 0.1000000000000000472, -1.079527503722101933, 2.921001042273315917 ) ) ;
#5383 = FACE_OUTER_BOUND ( 'NONE', #755, .T. ) ;
#5384 = ADVANCED_FACE ( 'NONE', ( #2629 ), #2557, .F. ) ;
#5385 = ORIENTED_EDGE ( 'NONE', *, *, #2481, .T. ) ;
#5386 = B_SPLINE_CURVE_WITH_KNOTS ( 'NONE', 3,
 ( #468, #1083, #6927, #5779, #544, #3409, #5742, #3372, #1652, #2834, #6851, #5172, #6278, #1619, #1694, #1044, #5703, #2799, #5133 ),
 .UNSPECIFIED., .F., .F.,
 ( 4, 1, 1, 1, 1, 1, 1, 1, 1, 1, 1, 1, 1, 1, 1, 1, 4 ),
 ( 0.000000000000000000, 0.07101932375316394319, 0.1400670345734994493, 0.2079989261083245444, 0.2742251114628465047, 0.3395798616722640051, 0.4040446908347355426, 0.4672943711913419285, 0.5301599921914486035, 0.5921547739204139349, 0.6526822244308899679, 0.7122445649445237059, 0.7708374972521095936, 0.8287687486799784065, 0.8858448000644116860, 0.9430149445039127665, 1.000000000000000000 ),
 .UNSPECIFIED. ) ;
#5387 = CARTESIAN_POINT ( 'NONE',  ( 0.1500000000000000500, -1.144010901698681248, 2.174353026025805935 ) ) ;
#5388 = CARTESIAN_POINT ( 'NONE',  ( 0.1499999999999999944, -1.128448016826923084, 3.214269230769230656 ) ) ;
#5389 = CARTESIAN_POINT ( 'NONE',  ( 0.1499999999999999944, -1.172017728365384537, 3.701341045673076646 ) ) ;
#5390 = CARTESIAN_POINT ( 'NONE',  ( 0.1499999999999999944, -1.142744903547789903, 3.068068280824685967 ) ) ;
#5391 = ORIENTED_EDGE ( 'NONE', *, *, #7476, .F. ) ;
#5392 = CARTESIAN_POINT ( 'NONE',  ( 0.09999999999999999167, -1.080407441380248468, 2.196773577052042015 ) ) ;
#5393 = CARTESIAN_POINT ( 'NONE',  ( 0.1499999999999999667, -1.027552910232684802, 3.624421673047436787 ) ) ;
#5394 = B_SPLINE_SURFACE_WITH_KNOTS ( 'NONE', 3, 1, ( 
 ( #3295, #2186 ),
 ( #7459, #2758 ),
 ( #3939, #4022 ),
 ( #1650, #2223 ),
 ( #5665, #4472 ),
 ( #4550, #6357 ),
 ( #6884, #968 ),
 ( #4590, #5776 ),
 ( #3441, #2681 ),
 ( #5170, #6925 ),
 ( #6319, #1080 ) ),
 .UNSPECIFIED., .F., .F., .F.,
 ( 4, 1, 1, 1, 1, 1, 1, 1, 4 ),
 ( 2, 2 ),
 ( 0.000000000000000000, 0.07636755429721756028, 0.1662162056707860991, 0.2697836862624273802, 0.3880429496975800752, 0.5193879358855465478, 0.6657769704404029598, 0.8252950635941815882, 1.000000000000000000 ),
 ( 0.000000000000000000, 1.000000000000000000 ),
 .UNSPECIFIED. ) ;
#5395 = CARTESIAN_POINT ( 'NONE',  ( 0.1500000000000000500, -1.066309108419005724, 2.209518143135481338 ) ) ;
#5396 = CARTESIAN_POINT ( 'NONE',  ( 0.1499999999999999944, -1.077403846153845990, 2.378572115384615326 ) ) ;
#5397 = CARTESIAN_POINT ( 'NONE',  ( 0.09999999999999996392, -1.026942028658551109, 3.609506063623069583 ) ) ;
#5398 = CARTESIAN_POINT ( 'NONE',  ( 0.1000000000000000056, -1.089158637334450175, 2.311607221013593616 ) ) ;
#5399 = LINE ( 'NONE', #6964, #1441 ) ;
#5400 = CARTESIAN_POINT ( 'NONE',  ( 0.1000000000000000472, -1.155297940046053240, 2.436981244362682819 ) ) ;
#5401 = ORIENTED_EDGE ( 'NONE', *, *, #4094, .F. ) ;
#5402 = CARTESIAN_POINT ( 'NONE',  ( 0.1500000000000000500, -1.109159926501981364, 2.987034144110704226 ) ) ;
#5403 = CARTESIAN_POINT ( 'NONE',  ( 0.1499999999999999944, -1.077550949479708420, 2.371316639836771767 ) ) ;
#5404 = CARTESIAN_POINT ( 'NONE',  ( 0.1000000000000000056, -1.079042017349122862, 3.342109310214639084 ) ) ;
#5405 = DIRECTION ( 'NONE',  ( 0.000000000000000000, 0.000000000000000000, -1.000000000000000000 ) ) ;
#5406 = LINE ( 'NONE', #167, #466 ) ;
#5407 = LINE ( 'NONE', #60, #2149 ) ;
#5408 = VERTEX_POINT ( 'NONE', #2713 ) ;
#5409 = CARTESIAN_POINT ( 'NONE',  ( 0.1000000000000000056, -1.174776805412163894, 3.104090736550107366 ) ) ;
#5410 = ORIENTED_EDGE ( 'NONE', *, *, #5147, .T. ) ;
#5411 = CARTESIAN_POINT ( 'NONE',  ( 0.1499999999999999944, -1.060594353817079671, 3.350714146678413385 ) ) ;
#5412 = DIRECTION ( 'NONE',  ( 1.000000000000000000, 0.000000000000000000, -0.000000000000000000 ) ) ;
#5413 = DIRECTION ( 'NONE',  ( -1.000000000000000000, -0.000000000000000000, -0.000000000000000000 ) ) ;
#5414 = PERSON_AND_ORGANIZATION ( #6817, #4594 ) ;
#5415 = CARTESIAN_POINT ( 'NONE',  ( 0.1000000000000000056, -1.125656813312067461, 2.969877841149344277 ) ) ;
#5416 = CARTESIAN_POINT ( 'NONE',  ( 0.1499999999999999944, -1.117630709134615374, 2.220804687499999819 ) ) ;
#5417 = AXIS2_PLACEMENT_3D ( 'NONE', #4829, #3081, #5412 ) ;
#5418 = EDGE_CURVE ( 'NONE', #1832, #37, #467, .T. ) ;
#5419 = ORIENTED_EDGE ( 'NONE', *, *, #6543, .T. ) ;
#5420 = CARTESIAN_POINT ( 'NONE',  ( 0.1000000000000000472, -1.202365146852992117, 2.185484486971273288 ) ) ;
#5421 = CARTESIAN_POINT ( 'NONE',  ( 0.1500000000000000500, -1.062795863751117675, 2.875114941688599490 ) ) ;
#5422 = EDGE_CURVE ( 'NONE', #2013, #3511, #367, .T. ) ;
#5423 = CARTESIAN_POINT ( 'NONE',  ( 0.1499999999999999944, -1.078515870541516986, 2.141606505365690971 ) ) ;
#5424 = CARTESIAN_POINT ( 'NONE',  ( 0.1499999999999999667, -1.189991733538745100, 3.092476140573924948 ) ) ;
#5425 = EDGE_LOOP ( 'NONE', ( #3473, #4418, #6297, #1546 ) ) ;
#5426 = EDGE_CURVE ( 'NONE', #2359, #7525, #6106, .T. ) ;
#5427 = VECTOR ( 'NONE', #3480, 39.37007874015748143 ) ;
#5428 = EDGE_CURVE ( 'NONE', #81, #4313, #6692, .T. ) ;
#5429 = CARTESIAN_POINT ( 'NONE',  ( 0.09999999999999999167, -1.086647662390709090, 2.858695935159168311 ) ) ;
#5430 = CARTESIAN_POINT ( 'NONE',  ( 0.09999999999999999167, -1.090277860679183863, 3.705887567931314575 ) ) ;
#5431 = CARTESIAN_POINT ( 'NONE',  ( 0.1000000000000000472, -1.184859758353078663, 2.369040156006690712 ) ) ;
#5432 = CARTESIAN_POINT ( 'NONE',  ( 0.1499999999999999944, -1.078111463244882051, 2.390248265502603164 ) ) ;
#5433 = ADVANCED_FACE ( 'NONE', ( #345 ), #6185, .T. ) ;
#5434 = LINE ( 'NONE', #923, #705 ) ;
#5435 = CARTESIAN_POINT ( 'NONE',  ( 0.1500000000000000500, -1.167848703616941153, 2.427863913236012916 ) ) ;
#5436 = CARTESIAN_POINT ( 'NONE',  ( 0.1499999999999999944, -1.141631610576922862, 2.145421574519230656 ) ) ;
#5437 = CARTESIAN_POINT ( 'NONE',  ( 0.09999999999999997780, -1.185459642322204132, 2.387279034487034046 ) ) ;
#5438 = ORIENTED_EDGE ( 'NONE', *, *, #226, .T. ) ;
#5439 = DIRECTION ( 'NONE',  ( 0.000000000000000000, 0.5429510753626060060, -0.8397643298941611656 ) ) ;
#5440 = CARTESIAN_POINT ( 'NONE',  ( 0.1499999999999999944, -1.077403846153845990, 2.378572115384615326 ) ) ;
#5441 = CARTESIAN_POINT ( 'NONE',  ( 0.1000000000000000194, -1.095240848271265666, 3.320208064971420292 ) ) ;
#5442 = CARTESIAN_POINT ( 'NONE',  ( 0.1000000000000000194, -1.102782599825273602, 3.404985160746470729 ) ) ;
#5443 = CARTESIAN_POINT ( 'NONE',  ( 0.09999999999999997780, -1.066787874003579883, 2.416033311521476712 ) ) ;
#5444 = CARTESIAN_POINT ( 'NONE',  ( 0.1500000000000000500, -1.060576923076923084, 2.379623798076923258 ) ) ;
#5445 = ORIENTED_EDGE ( 'NONE', *, *, #6706, .T. ) ;
#5446 = CARTESIAN_POINT ( 'NONE',  ( 0.1499999999999999944, -1.182890876315720430, 3.120175470848754351 ) ) ;
#5447 = ORIENTED_EDGE ( 'NONE', *, *, #1924, .F. ) ;
#5448 = CARTESIAN_POINT ( 'NONE',  ( 0.1499999999999999944, -1.171153846153845990, 2.222682692307691887 ) ) ;
#5449 = PLANE ( 'NONE',  #5417 ) ;
#5450 = DIRECTION ( 'NONE',  ( 1.000000000000000000, -3.961642782252471650E-14, 3.948876903887280385E-16 ) ) ;
#5451 = VECTOR ( 'NONE', #4791, 39.37007874015748143 ) ;
#5452 = PERSON_AND_ORGANIZATION ( #6817, #4594 ) ;
#5453 = ADVANCED_FACE ( 'NONE', ( #2292 ), #1367, .T. ) ;
#5454 = CARTESIAN_POINT ( 'NONE',  ( 0.1499999999999999944, -1.120329600606923659, 2.968909874770621293 ) ) ;
#5455 = CARTESIAN_POINT ( 'NONE',  ( 0.1499999999999999944, -1.032826123664716267, 3.648897779022451715 ) ) ;
#5456 = B_SPLINE_SURFACE_WITH_KNOTS ( 'NONE', 3, 1, ( 
 ( #45, #7114 ),
 ( #3632, #1157 ),
 ( #5962, #730 ),
 ( #7038, #4667 ),
 ( #4744, #1726 ),
 ( #3481, #4095 ),
 ( #6430, #3522 ),
 ( #2949, #1799 ),
 ( #4132, #6471 ),
 ( #6077, #3206 ),
 ( #5470, #5581 ),
 ( #4242, #7259 ),
 ( #6112, #4889 ),
 ( #5504, #2523 ),
 ( #230, #7220 ),
 ( #3742, #765 ),
 ( #3246, #3097 ),
 ( #3667, #4814 ),
 ( #1985, #347 ),
 ( #1422, #5540 ),
 ( #878, #4279 ),
 ( #7148, #2632 ),
 ( #7302, #7182 ),
 ( #265, #6036 ),
 ( #6582, #4320 ),
 ( #2061, #6000 ),
 ( #303, #4848 ) ),
 .UNSPECIFIED., .F., .F., .F.,
 ( 4, 1, 1, 1, 1, 1, 1, 1, 1, 1, 1, 1, 1, 1, 1, 1, 1, 1, 1, 1, 1, 1, 1, 1, 4 ),
 ( 2, 2 ),
 ( 0.000000000000000000, 0.02994377354386678833, 0.05929698521977894154, 0.08818028895437271530, 0.1168413842308142353, 0.1452384806157847874, 0.1733604903819462861, 0.2014385466881654652, 0.2296164761949054389, 0.2579683372564344213, 0.2863893024826386635, 0.3153839070800581457, 0.3447437183202540223, 0.3744161342757748590, 0.4047719698385361942, 0.4357438294646323595, 0.4675649399809690965, 0.5314779002149132570, 0.5951185991251793928, 0.6588976624185542974, 0.7235546473620374508, 0.7894566482179306011, 0.8571353408979027755, 0.9271057839317001781, 1.000000000000000000 ),
 ( 0.000000000000000000, 1.000000000000000000 ),
 .UNSPECIFIED. ) ;
#5457 = ORIENTED_EDGE ( 'NONE', *, *, #7010, .T. ) ;
#5458 = CARTESIAN_POINT ( 'NONE',  ( 0.1000000000000000056, -1.199592725057075038, 2.167643856989316831 ) ) ;
#5459 = CARTESIAN_POINT ( 'NONE',  ( 0.1500000000000000777, -1.064655570060816903, 2.867474063118815142 ) ) ;
#5460 = CARTESIAN_POINT ( 'NONE',  ( 0.1499999999999999944, -1.204807692307692246, 3.610746093749999996 ) ) ;
#5461 = CARTESIAN_POINT ( 'NONE',  ( 0.1499999999999999944, -1.163529146634615152, 2.158980769230768981 ) ) ;
#5462 = EDGE_LOOP ( 'NONE', ( #6105, #4129 ) ) ;
#5463 = FACE_OUTER_BOUND ( 'NONE', #4658, .T. ) ;
#5464 = CARTESIAN_POINT ( 'NONE',  ( 0.09999999999999996392, -1.037482086408714199, 3.660368350222646949 ) ) ;
#5465 = CARTESIAN_POINT ( 'NONE',  ( 0.1499999999999999944, -1.090249399038461409, 2.420301382211538233 ) ) ;
#5466 = CIRCLE ( 'NONE', #2299, 0.6250000000000011102 ) ;
#5467 = CARTESIAN_POINT ( 'NONE',  ( 0.1000000000000000056, -1.141631610576922862, 2.145421574519230656 ) ) ;
#5468 = CARTESIAN_POINT ( 'NONE',  ( 0.1000000000000000056, -1.062980769230769118, 3.089269230769230656 ) ) ;
#5469 = CARTESIAN_POINT ( 'NONE',  ( 0.09999999999999999167, -1.183813754656427797, 3.157467120008045747 ) ) ;
#5470 = CARTESIAN_POINT ( 'NONE',  ( 0.1500000000000000500, -1.062923036012643152, 3.718533175700930560 ) ) ;
#5471 = VECTOR ( 'NONE', #2809, 39.37007874015748143 ) ;
#5472 = VECTOR ( 'NONE', #4915, 39.37007874015748143 ) ;
#5473 = DIRECTION ( 'NONE',  ( 1.000000000000000000, 0.000000000000000000, 0.000000000000000000 ) ) ;
#5474 = CARTESIAN_POINT ( 'NONE',  ( 0.1000000000000000194, -1.148920978126592329, 2.166572978254528437 ) ) ;
#5475 = DIRECTION ( 'NONE',  ( 1.000000000000000000, 0.000000000000000000, 0.000000000000000000 ) ) ;
#5476 = EDGE_LOOP ( 'NONE', ( #5117, #1153, #2745, #3020 ) ) ;
#5477 = CARTESIAN_POINT ( 'NONE',  ( 0.1000000000000000056, -1.185503645767544967, 2.186980876067184276 ) ) ;
#5478 = CARTESIAN_POINT ( 'NONE',  ( 0.09999999999999999167, -1.060624928354582774, 2.896368408717100440 ) ) ;
#5479 = CARTESIAN_POINT ( 'NONE',  ( 0.1499999999999999944, -1.156730769230769118, 2.319978365384615326 ) ) ;
#5480 = CIRCLE ( 'NONE', #1453, 0.06496063000000093512 ) ;
#5481 = PLANE ( 'NONE',  #2172 ) ;
#5482 = CARTESIAN_POINT ( 'NONE',  ( 0.1500000000000000500, -1.060648000772105526, 2.376226403815073329 ) ) ;
#5483 = DIRECTION ( 'NONE',  ( 0.000000000000000000, 0.4846389868796578404, 0.8747142690023175238 ) ) ;
#5484 = VERTEX_POINT ( 'NONE', #5692 ) ;
#5485 = ORIENTED_EDGE ( 'NONE', *, *, #5258, .T. ) ;
#5486 = CARTESIAN_POINT ( 'NONE',  ( 0.09999999999999993616, -1.082883425327067606, 3.303074501360936388 ) ) ;
#5487 = CARTESIAN_POINT ( 'NONE',  ( 0.1000000000000000056, -1.023346433908963959, 3.677642856439097052 ) ) ;
#5488 = CARTESIAN_POINT ( 'NONE',  ( 0.1499999999999999944, -1.106705194547189075, 3.315884934888835289 ) ) ;
#5489 = DATE_AND_TIME ( #3083, #4347 ) ;
#5490 = CARTESIAN_POINT ( 'NONE',  ( 0.1000000000000000056, -1.121475519630413586, 2.296182798953723569 ) ) ;
#5491 = CARTESIAN_POINT ( 'NONE',  ( 0.1499999999999999667, -1.061970468833115300, 2.398763511206339238 ) ) ;
#5492 = VERTEX_POINT ( 'NONE', #7490 ) ;
#5493 = CARTESIAN_POINT ( 'NONE',  ( 0.1499999999999999667, -1.169826557521689736, 3.182820163087212606 ) ) ;
#5494 = CARTESIAN_POINT ( 'NONE',  ( 0.1500000000000000500, -1.196299098278714723, 3.177438508807640893 ) ) ;
#5495 = CARTESIAN_POINT ( 'NONE',  ( 0.09999999999999999167, -1.201964721974603911, 3.129145531037006212 ) ) ;
#5496 = CARTESIAN_POINT ( 'NONE',  ( 0.1499999999999999667, -1.197970706470169677, 3.108743631159279097 ) ) ;
#5497 = EDGE_LOOP ( 'NONE', ( #5317, #1505, #2088, #4497 ) ) ;
#5498 = CARTESIAN_POINT ( 'NONE',  ( 0.1499999999999999944, -1.131865985576923084, 2.463307692307691976 ) ) ;
#5499 = CARTESIAN_POINT ( 'NONE',  ( 0.09999999999999999167, -1.046487648992366015, 3.675797510644042809 ) ) ;
#5500 = CARTESIAN_POINT ( 'NONE',  ( 0.1000000000000000056, -1.138299659350041848, 2.969521927788764781 ) ) ;
#5501 = CARTESIAN_POINT ( 'NONE',  ( 0.1000000000000000194, -1.201966630263954672, 3.152482990635441684 ) ) ;
#5502 = CARTESIAN_POINT ( 'NONE',  ( 0.1500000000000000500, -1.201259726161439279, 2.201166191832404362 ) ) ;
#5503 = CARTESIAN_POINT ( 'NONE',  ( 0.1499999999999999944, -1.137990743537643290, 3.089429517512667811 ) ) ;
#5504 = CARTESIAN_POINT ( 'NONE',  ( 0.1500000000000000500, -1.050663146226080258, 3.710221526852209184 ) ) ;
#5505 = CARTESIAN_POINT ( 'NONE',  ( 0.09999999999999999167, -1.174797071645375057, 2.419405615731866632 ) ) ;
#5506 = B_SPLINE_CURVE_WITH_KNOTS ( 'NONE', 3,
 ( #2917, #4674, #4521, #511, #7004, #1767, #5177, #6436, #1200, #623, #5102, #7434, #6857, #1625, #3948, #6287, #1050, #5710, #5139 ),
 .UNSPECIFIED., .F., .F.,
 ( 4, 1, 1, 1, 1, 1, 1, 1, 1, 1, 1, 1, 1, 1, 1, 1, 4 ),
 ( 0.000000000000000000, 0.06692550972027590250, 0.1322354002148085905, 0.1964689602241480038, 0.2598119892542899434, 0.3223390272336320028, 0.3842883222924521336, 0.4457027263580433663, 0.5064611771951174068, 0.5673893798295278623, 0.6280202049271451648, 0.6887219663409787085, 0.7498695162279490622, 0.8113866070287549803, 0.8733359020875732792, 0.9362836533080280965, 1.000000000000000000 ),
 .UNSPECIFIED. ) ;
#5507 = DIRECTION ( 'NONE',  ( 0.000000000000000000, 0.000000000000000000, 1.000000000000000000 ) ) ;
#5508 = CARTESIAN_POINT ( 'NONE',  ( 0.1000000000000000056, -1.183849158653845990, 2.235903846153846075 ) ) ;
#5509 = ORIENTED_EDGE ( 'NONE', *, *, #5120, .T. ) ;
#5510 = CARTESIAN_POINT ( 'NONE',  ( 0.1000000000000000056, -1.162815504807692246, 2.137346153846154007 ) ) ;
#5511 = CARTESIAN_POINT ( 'NONE',  ( 0.1000000000000000056, -1.072304595434914631, 2.847179960373041219 ) ) ;
#5512 = CARTESIAN_POINT ( 'NONE',  ( 0.1500000000000000500, -1.061558455969479509, 2.882980904448540382 ) ) ;
#5513 = ADVANCED_FACE ( 'NONE', ( #1071 ), #456, .T. ) ;
#5514 = CARTESIAN_POINT ( 'NONE',  ( 0.09999999999999996392, -1.034839706490017885, 3.567216051835813140 ) ) ;
#5515 = EDGE_CURVE ( 'NONE', #1681, #649, #1109, .T. ) ;
#5516 = CARTESIAN_POINT ( 'NONE',  ( 0.1000000000000000194, -1.028361142321244204, 3.630718253124791683 ) ) ;
#5517 = VERTEX_POINT ( 'NONE', #5201 ) ;
#5518 = CARTESIAN_POINT ( 'NONE',  ( 0.1000000000000000056, -1.143001592066456018, 3.089680486214160471 ) ) ;
#5519 = ORIENTED_EDGE ( 'NONE', *, *, #3644, .T. ) ;
#5520 = CARTESIAN_POINT ( 'NONE',  ( 0.1499999999999999944, -1.085928712203993340, 3.301081278535544339 ) ) ;
#5521 = PLANE ( 'NONE',  #3595 ) ;
#5522 = CARTESIAN_POINT ( 'NONE',  ( 0.09999999999999999167, -1.109209411168492698, 3.707448240319083599 ) ) ;
#5523 = SECURITY_CLASSIFICATION_LEVEL ( 'unclassified' ) ;
#5524 = DIRECTION ( 'NONE',  ( 1.000000000000000000, 0.000000000000000000, 0.000000000000000000 ) ) ;
#5525 = LINE ( 'NONE', #2615, #6138 ) ;
#5526 = EDGE_LOOP ( 'NONE', ( #6066, #1523, #528, #185, #3271, #4741, #613, #4607, #927, #2171, #5608 ) ) ;
#5527 = CARTESIAN_POINT ( 'NONE',  ( 0.1500000000000000500, -1.148920978126592329, 2.166572978254528437 ) ) ;
#5528 = CARTESIAN_POINT ( 'NONE',  ( 0.1499999999999999944, -1.106437800480769118, 3.707538461538461227 ) ) ;
#5529 = CARTESIAN_POINT ( 'NONE',  ( 0.1000000000000000056, -1.499999999999999778, 4.000000000000000000 ) ) ;
#5530 = CARTESIAN_POINT ( 'NONE',  ( 0.1499999999999999944, -1.113686899038461409, 3.409897235576923258 ) ) ;
#5531 = ORIENTED_EDGE ( 'NONE', *, *, #6642, .F. ) ;
#5532 = CARTESIAN_POINT ( 'NONE',  ( 0.1000000000000000194, -1.094644850697069627, 2.206982246139913340 ) ) ;
#5533 = ORIENTED_EDGE ( 'NONE', *, *, #4434, .T. ) ;
#5534 = CARTESIAN_POINT ( 'NONE',  ( 0.000000000000000000, 4.375000000000000000, 3.750000000000000000 ) ) ;
#5535 = CARTESIAN_POINT ( 'NONE',  ( 0.1000000000000000056, -1.148683031438964663, 2.966468618501648447 ) ) ;
#5536 = CARTESIAN_POINT ( 'NONE',  ( 0.09999999999999999167, -1.194929971851715900, 2.220624198681995676 ) ) ;
#5537 = CARTESIAN_POINT ( 'NONE',  ( 0.1000000000000000056, -1.202245880471149109, 2.194253792400053804 ) ) ;
#5538 = DIRECTION ( 'NONE',  ( -1.000000000000000000, -0.000000000000000000, -0.000000000000000000 ) ) ;
#5539 = CARTESIAN_POINT ( 'NONE',  ( 0.09999999999999993616, -1.173399755468524930, 3.558143683290911685 ) ) ;
#5540 = CARTESIAN_POINT ( 'NONE',  ( 0.09999999999999997780, -1.023346433908963959, 3.677642856439097052 ) ) ;
#5541 = CARTESIAN_POINT ( 'NONE',  ( 0.1500000000000000500, -1.171495470974021957, 2.423836916485193171 ) ) ;
#5542 = CARTESIAN_POINT ( 'NONE',  ( 0.09999999999999996392, -1.123217789823552026, 2.174689167610533769 ) ) ;
#5543 = VECTOR ( 'NONE', #395, 39.37007874015748143 ) ;
#5544 = CARTESIAN_POINT ( 'NONE',  ( 0.1000000000000000472, -1.185372678547522929, 2.890853471848624956 ) ) ;
#5545 = CIRCLE ( 'NONE', #2258, 0.06889763999999991284 ) ;
#5546 = AXIS2_PLACEMENT_3D ( 'NONE', #3875, #319, #3796 ) ;
#5547 = ORIENTED_EDGE ( 'NONE', *, *, #7345, .T. ) ;
#5548 = CARTESIAN_POINT ( 'NONE',  ( 0.09999999999999999167, -1.202403846153846212, 2.379360877403846164 ) ) ;
#5549 = CARTESIAN_POINT ( 'NONE',  ( 0.1000000000000000472, -1.181829940173367843, 3.198975665829169479 ) ) ;
#5550 = CARTESIAN_POINT ( 'NONE',  ( 0.09999999999999999167, -1.060720037826551776, 2.890981383934733362 ) ) ;
#5551 = ADVANCED_FACE ( 'NONE', ( #7533 ), #4620, .F. ) ;
#5552 = CARTESIAN_POINT ( 'NONE',  ( 0.1000000000000000194, -1.061725537563277921, 3.691984383323068997 ) ) ;
#5553 = ORIENTED_EDGE ( 'NONE', *, *, #3554, .T. ) ;
#5554 = CARTESIAN_POINT ( 'NONE',  ( 0.1000000000000000056, -1.007692307692307665, 2.539269230769230390 ) ) ;
#5555 = EDGE_LOOP ( 'NONE', ( #6134, #4917, #1989, #908 ) ) ;
#5556 = CARTESIAN_POINT ( 'NONE',  ( 0.09999999999999997780, -1.092706357491658453, 3.297633624746381553 ) ) ;
#5557 = DIRECTION ( 'NONE',  ( 0.000000000000000000, -1.000000000000000000, 0.000000000000000000 ) ) ;
#5558 = ADVANCED_FACE ( 'NONE', ( #2736 ), #5997, .T. ) ;
#5559 = CARTESIAN_POINT ( 'NONE',  ( 0.1499999999999999944, -1.087793296628086548, 2.445787406863041635 ) ) ;
#5560 = CARTESIAN_POINT ( 'NONE',  ( 0.09999999999999997780, -1.122656708562292271, 3.705976108876197550 ) ) ;
#5561 = ADVANCED_FACE ( 'NONE', ( #1630 ), #1848, .T. ) ;
#5562 = LINE ( 'NONE', #3265, #6078 ) ;
#5563 = CARTESIAN_POINT ( 'NONE',  ( 0.1500000000000000500, -1.084081957821069642, 2.442202166166099975 ) ) ;
#5564 = ORIENTED_EDGE ( 'NONE', *, *, #882, .F. ) ;
#5565 = LINE ( 'NONE', #328, #3143 ) ;
#5566 = CARTESIAN_POINT ( 'NONE',  ( 0.1499999999999999944, -1.170861110298217156, 2.306546358037838473 ) ) ;
#5567 = CARTESIAN_POINT ( 'NONE',  ( 0.1000000000000000194, -1.201339605306056990, 3.123665310336175782 ) ) ;
#5568 = CARTESIAN_POINT ( 'NONE',  ( 0.1500000000000000500, -1.080974112490511230, 2.168696183386805032 ) ) ;
#5569 = EDGE_LOOP ( 'NONE', ( #205, #3793, #5837, #463 ) ) ;
#5570 = APPROVAL_PERSON_ORGANIZATION ( #4943, #2100, #2542 ) ;
#5571 = CARTESIAN_POINT ( 'NONE',  ( 0.1499999999999999944, -1.088807000385054069, 2.205468344534379899 ) ) ;
#5572 = VERTEX_POINT ( 'NONE', #2317 ) ;
#5573 = DIRECTION ( 'NONE',  ( 0.000000000000000000, 0.9143698812086361594, -0.4048798838402625777 ) ) ;
#5574 = B_SPLINE_SURFACE_WITH_KNOTS ( 'NONE', 3, 1, ( 
 ( #1949, #6729 ),
 ( #1494, #2558 ),
 ( #6617, #4924 ),
 ( #1383, #843 ),
 ( #3703, #804 ),
 ( #3134, #3170 ),
 ( #6693, #3817 ),
 ( #2595, #6656 ),
 ( #1911, #2021 ),
 ( #1460, #3779 ),
 ( #6151, #7336 ) ),
 .UNSPECIFIED., .F., .F., .F.,
 ( 4, 1, 1, 1, 1, 1, 1, 1, 4 ),
 ( 2, 2 ),
 ( 0.000000000000000000, 0.1732775370725926634, 0.3315017296035474015, 0.4770932691322565811, 0.6089182694460697487, 0.7259107447081037945, 0.8306824445785886413, 0.9212477007311460353, 1.000000000000000000 ),
 ( 0.000000000000000000, 1.000000000000000000 ),
 .UNSPECIFIED. ) ;
#5575 = CARTESIAN_POINT ( 'NONE',  ( 0.09999999999999997780, -1.181777970620216944, 2.927319678846814099 ) ) ;
#5576 = FACE_OUTER_BOUND ( 'NONE', #5877, .T. ) ;
#5577 = CARTESIAN_POINT ( 'NONE',  ( 0.09999999999999999167, -1.144184599388208934, 3.412820771475199244 ) ) ;
#5578 = CARTESIAN_POINT ( 'NONE',  ( 0.1000000000000000056, -1.194929971851715900, 2.220624198681995676 ) ) ;
#5579 = CARTESIAN_POINT ( 'NONE',  ( 0.1000000000000000056, -1.181528552181342562, 3.164969436692847804 ) ) ;
#5580 = CARTESIAN_POINT ( 'NONE',  ( 0.09999999999999993616, -1.168021173517696409, 3.549157583148004669 ) ) ;
#5581 = CARTESIAN_POINT ( 'NONE',  ( 0.1000000000000000056, -1.062923036012643152, 3.718533175700930560 ) ) ;
#5582 = EDGE_CURVE ( 'NONE', #734, #2161, #1082, .T. ) ;
#5583 = CARTESIAN_POINT ( 'NONE',  ( 0.1500000000000000500, -1.180155529717314078, 2.409718653170820346 ) ) ;
#5584 = CARTESIAN_POINT ( 'NONE',  ( 0.1499999999999999944, -1.117630709134615374, 2.220804687499999819 ) ) ;
#5585 = CARTESIAN_POINT ( 'NONE',  ( 0.1499999999999999944, -1.176041628094067759, 3.697150746003400990 ) ) ;
#5586 = EDGE_LOOP ( 'NONE', ( #6127, #1670 ) ) ;
#5587 = CARTESIAN_POINT ( 'NONE',  ( 0.1499999999999999667, -1.169826557521689736, 3.182820163087212606 ) ) ;
#5588 = CARTESIAN_POINT ( 'NONE',  ( 0.1000000000000000056, -1.199306044124080595, 3.168203467736586010 ) ) ;
#5589 = AXIS2_PLACEMENT_3D ( 'NONE', #7103, #2362, #1866 ) ;
#5590 = CARTESIAN_POINT ( 'NONE',  ( 0.1500000000000000500, -1.014527679395395898, 3.657497298267021080 ) ) ;
#5591 = VECTOR ( 'NONE', #2229, 39.37007874015748143 ) ;
#5592 = VECTOR ( 'NONE', #4748, 39.37007874015748143 ) ;
#5593 = ORIENTED_EDGE ( 'NONE', *, *, #4018, .F. ) ;
#5594 = CARTESIAN_POINT ( 'NONE',  ( 0.1000000000000000472, -1.132442865070772742, 3.089279773013537067 ) ) ;
#5595 = VERTEX_POINT ( 'NONE', #3080 ) ;
#5596 = CARTESIAN_POINT ( 'NONE',  ( 0.09999999999999993616, -1.072456723157063863, 3.313484349324619327 ) ) ;
#5597 = CARTESIAN_POINT ( 'NONE',  ( 0.1499999999999999944, -1.007692307692307665, 2.725807692307692154 ) ) ;
#5598 = CARTESIAN_POINT ( 'NONE',  ( 0.09999999999999999167, -1.116083250123739656, 2.222024346840922426 ) ) ;
#5599 = CARTESIAN_POINT ( 'NONE',  ( 0.1500000000000000500, -1.045387001352450884, 3.516578603941939107 ) ) ;
#5600 = DIRECTION ( 'NONE',  ( 0.000000000000000000, 0.000000000000000000, -1.000000000000000000 ) ) ;
#5601 = CARTESIAN_POINT ( 'NONE',  ( 0.1500000000000000500, -1.070412398410568455, 2.423896004487291478 ) ) ;
#5602 = EDGE_CURVE ( 'NONE', #6818, #7439, #2283, .T. ) ;
#5603 = ORIENTED_EDGE ( 'NONE', *, *, #1674, .F. ) ;
#5604 = B_SPLINE_CURVE_WITH_KNOTS ( 'NONE', 3,
 ( #6067, #2623, #7253, #2014, #5429, #6104, #2052, #4348, #797, #186, #295 ),
 .UNSPECIFIED., .F., .F.,
 ( 4, 1, 1, 1, 1, 1, 1, 1, 4 ),
 ( 0.000000000000000000, 0.1208595784205105661, 0.2401882479443697149, 0.3590934048634628617, 0.4791019238212880782, 0.6016994613651814872, 0.7288322381896447100, 0.8612263052539920194, 1.000000000000000000 ),
 .UNSPECIFIED. ) ;
#5605 = CARTESIAN_POINT ( 'NONE',  ( 0.1499999999999999944, -1.104371995192307665, 3.316485276442307395 ) ) ;
#5606 = CARTESIAN_POINT ( 'NONE',  ( 0.1499999999999999944, -1.112426992274051951, 3.409467079905515785 ) ) ;
#5607 = CARTESIAN_POINT ( 'NONE',  ( 0.1000000000000000056, -1.185325077051963216, 2.909245013756379006 ) ) ;
#5608 = ORIENTED_EDGE ( 'NONE', *, *, #787, .F. ) ;
#5609 = CARTESIAN_POINT ( 'NONE',  ( 0.1499999999999999944, -1.157795121852302600, 2.457826212970653845 ) ) ;
#5610 = ORIENTED_EDGE ( 'NONE', *, *, #5280, .T. ) ;
#5611 = EDGE_CURVE ( 'NONE', #7439, #4259, #6597, .T. ) ;
#5612 = EDGE_CURVE ( 'NONE', #5484, #5194, #5344, .T. ) ;
#5613 = CARTESIAN_POINT ( 'NONE',  ( 0.1000000000000000056, -1.077403846153845990, 2.183958233173076913 ) ) ;
#5614 = ORIENTED_EDGE ( 'NONE', *, *, #802, .F. ) ;
#5615 = CARTESIAN_POINT ( 'NONE',  ( 0.09999999999999999167, -1.080138219745139017, 2.357229415097884306 ) ) ;
#5616 = CARTESIAN_POINT ( 'NONE',  ( 0.1000000000000000611, -1.141506599525882404, 3.722360786070487926 ) ) ;
#5617 = DIRECTION ( 'NONE',  ( 0.000000000000000000, 0.6000000000000000888, 0.7999999999999999334 ) ) ;
#5618 = CARTESIAN_POINT ( 'NONE',  ( 0.1000000000000000056, -1.181167176972963695, 2.833407711456549016 ) ) ;
#5619 = CARTESIAN_POINT ( 'NONE',  ( 0.1499999999999999944, -1.170745201890289966, 2.333182221149756153 ) ) ;
#5620 = CARTESIAN_POINT ( 'NONE',  ( 0.1000000000000000194, -1.199516912940315150, 2.406434102491170623 ) ) ;
#5621 = DIRECTION ( 'NONE',  ( -1.000000000000000000, -0.000000000000000000, -0.000000000000000000 ) ) ;
#5622 = CARTESIAN_POINT ( 'NONE',  ( 0.1499999999999999944, -1.204783472953614876, 3.608253687530998288 ) ) ;
#5623 = CARTESIAN_POINT ( 'NONE',  ( 0.09999999999999997780, -1.202352205270519336, 3.134886551138306832 ) ) ;
#5624 = DIRECTION ( 'NONE',  ( -1.000000000000000000, -0.000000000000000000, -0.000000000000000000 ) ) ;
#5625 = CARTESIAN_POINT ( 'NONE',  ( 0.09999999999999990841, -1.153258327219494062, 2.162183850611655522 ) ) ;
#5626 = ORIENTED_EDGE ( 'NONE', *, *, #6634, .T. ) ;
#5627 = CARTESIAN_POINT ( 'NONE',  ( 0.1000000000000000056, -1.031341786897564727, 3.577541799436626757 ) ) ;
#5628 = CARTESIAN_POINT ( 'NONE',  ( 0.1000000000000000056, -1.148012321758832055, 3.213212383857078969 ) ) ;
#5629 = CARTESIAN_POINT ( 'NONE',  ( 0.09999999999999999167, -1.060576923076922862, 2.899087439903845986 ) ) ;
#5630 = VECTOR ( 'NONE', #695, 39.37007874015748143 ) ;
#5631 = ORIENTED_EDGE ( 'NONE', *, *, #4057, .T. ) ;
#5632 = CARTESIAN_POINT ( 'NONE',  ( 0.1499999999999999944, -1.135546874999999956, 3.314269230769230745 ) ) ;
#5633 = EDGE_LOOP ( 'NONE', ( #2286, #2936, #6181, #5209 ) ) ;
#5634 = CARTESIAN_POINT ( 'NONE',  ( 0.1500000000000000500, -1.108278245192307665, 2.201198317307692331 ) ) ;
#5635 = CARTESIAN_POINT ( 'NONE',  ( 0.1499999999999999944, -1.103277405073504358, 3.316819705157825204 ) ) ;
#5636 = DIRECTION ( 'NONE',  ( 1.000000000000000000, 0.000000000000000000, -0.000000000000000000 ) ) ;
#5637 = CARTESIAN_POINT ( 'NONE',  ( 0.1500000000000000500, -1.023621620384481234, 3.543926243674801135 ) ) ;
#5638 = CARTESIAN_POINT ( 'NONE',  ( 0.000000000000000000, -0.1149218742818414463, 5.442760751357297089 ) ) ;
#5639 = CARTESIAN_POINT ( 'NONE',  ( 0.1500000000000000500, -1.167848703616941153, 2.427863913236012916 ) ) ;
#5640 = B_SPLINE_SURFACE_WITH_KNOTS ( 'NONE', 3, 1, ( 
 ( #4426, #5077 ),
 ( #4578, #7448 ),
 ( #2131, #4501 ),
 ( #1528, #2820 ),
 ( #7409, #4460 ),
 ( #6760, #5651 ),
 ( #2250, #7373 ),
 ( #2784, #6800 ),
 ( #2094, #2746 ),
 ( #5121, #1566 ),
 ( #993, #1606 ) ),
 .UNSPECIFIED., .F., .F., .F.,
 ( 4, 1, 1, 1, 1, 1, 1, 1, 4 ),
 ( 2, 2 ),
 ( 0.000000000000000000, 0.07050714472715011172, 0.1554089898984080675, 0.2560269098349237105, 0.3727370012313220293, 0.5058676725682437203, 0.6543433985156782429, 0.8193963926342703319, 0.9999999999999998890 ),
 ( 0.000000000000000000, 1.000000000000000000 ),
 .UNSPECIFIED. ) ;
#5641 = VERTEX_POINT ( 'NONE', #1358 ) ;
#5642 = CARTESIAN_POINT ( 'NONE',  ( 0.1000000000000000056, -1.060647333949998439, 2.189154004452358304 ) ) ;
#5643 = CARTESIAN_POINT ( 'NONE',  ( 0.1499999999999999944, -1.108802751535623576, 2.200644382660770226 ) ) ;
#5644 = CARTESIAN_POINT ( 'NONE',  ( 0.1499999999999999944, -1.106271409036064801, 3.406946736258051889 ) ) ;
#5645 = ORIENTED_EDGE ( 'NONE', *, *, #6590, .F. ) ;
#5646 = EDGE_CURVE ( 'NONE', #6520, #5765, #7164, .T. ) ;
#5647 = PRODUCT ( 'Top Armor', 'Top Armor', '', ( #385 ) ) ;
#5648 = ORIENTED_EDGE ( 'NONE', *, *, #3732, .F. ) ;
#5649 = CARTESIAN_POINT ( 'NONE',  ( 0.1000000000000000611, -1.100446273220970328, 2.325021894374327935 ) ) ;
#5650 = EDGE_CURVE ( 'NONE', #3191, #279, #4106, .T. ) ;
#5651 = CARTESIAN_POINT ( 'NONE',  ( 0.09999999999999996392, -1.147459084551644581, 3.090061229091083383 ) ) ;
#5652 = CARTESIAN_POINT ( 'NONE',  ( 0.09999999999999997780, -1.196117614649125693, 2.860335210556075314 ) ) ;
#5653 = CARTESIAN_POINT ( 'NONE',  ( 0.1500000000000000500, -1.147379529632148287, 2.168709290418755042 ) ) ;
#5655 = EDGE_CURVE ( 'NONE', #7541, #4015, #7055, .T. ) ;
#5654 = CARTESIAN_POINT ( 'NONE',  ( 0.09999999999999999167, -1.178726590398328611, 2.346607938843879193 ) ) ;
#5656 = ADVANCED_FACE ( 'NONE', ( #64 ), #3867, .T. ) ;
#5657 = CARTESIAN_POINT ( 'NONE',  ( 0.1500000000000000777, -1.175642363829489279, 2.163886224148488413 ) ) ;
#5658 = CARTESIAN_POINT ( 'NONE',  ( 0.1000000000000000194, -1.109531817556060673, 2.435997095773212884 ) ) ;
#5659 = DIRECTION ( 'NONE',  ( -1.000000000000000000, 0.000000000000000000, -0.000000000000000000 ) ) ;
#5660 = EDGE_CURVE ( 'NONE', #6676, #1832, #1435, .T. ) ;
#5661 = DIRECTION ( 'NONE',  ( 0.000000000000000000, 1.000000000000000000, 0.000000000000000000 ) ) ;
#5662 = CARTESIAN_POINT ( 'NONE',  ( 0.1500000000000000500, -1.092767997136636859, 2.228600808250398746 ) ) ;
#5663 = EDGE_CURVE ( 'NONE', #2780, #3656, #896, .T. ) ;
#5664 = ORIENTED_EDGE ( 'NONE', *, *, #2952, .F. ) ;
#5665 = CARTESIAN_POINT ( 'NONE',  ( 0.1499999999999999667, -1.123664710896687513, 3.411768425209841027 ) ) ;
#5666 = CARTESIAN_POINT ( 'NONE',  ( 0.1499999999999999944, -1.194433670225488076, 3.181685356048831625 ) ) ;
#5667 = CARTESIAN_POINT ( 'NONE',  ( 0.1499999999999999944, -1.067188058610235579, 3.720813785551380093 ) ) ;
#5668 = VECTOR ( 'NONE', #74, 39.37007874015748143 ) ;
#5669 = ORIENTED_EDGE ( 'NONE', *, *, #3504, .T. ) ;
#5670 = CARTESIAN_POINT ( 'NONE',  ( 0.1000000000000000056, -1.159923377403846212, 3.092536959134615682 ) ) ;
#5671 = VERTEX_POINT ( 'NONE', #2647 ) ;
#5672 = CARTESIAN_POINT ( 'NONE',  ( 0.1500000000000000500, -1.118520386594420657, 2.184997279454707897 ) ) ;
#5673 = CARTESIAN_POINT ( 'NONE',  ( 0.1500000000000000500, -1.095240848271265666, 3.320208064971420292 ) ) ;
#5674 = CARTESIAN_POINT ( 'NONE',  ( 0.1500000000000000500, -1.095490414185535499, 2.426321666858739068 ) ) ;
#5675 = CARTESIAN_POINT ( 'NONE',  ( 0.1000000000000000056, -1.042345977248234634, 3.519278651166501959 ) ) ;
#5676 = CARTESIAN_POINT ( 'NONE',  ( 0.1500000000000000500, -1.108278245192307665, 2.201198317307692331 ) ) ;
#5677 = CARTESIAN_POINT ( 'NONE',  ( 0.09999999999999999167, -1.202403846153846212, 2.379360877403846164 ) ) ;
#5678 = EDGE_LOOP ( 'NONE', ( #365, #1336, #4995, #486 ) ) ;
#5679 = CARTESIAN_POINT ( 'NONE',  ( 0.1000000000000000056, -1.163874367390741016, 2.454706303422261371 ) ) ;
#5680 = CARTESIAN_POINT ( 'NONE',  ( 0.1499999999999999944, -1.105095834161254009, 3.316299029771969664 ) ) ;
#5681 = CARTESIAN_POINT ( 'NONE',  ( 0.000000000000000000, -1.499999999999999778, 4.000000000000000000 ) ) ;
#5682 = VERTEX_POINT ( 'NONE', #2114 ) ;
#5683 = CARTESIAN_POINT ( 'NONE',  ( 0.1499999999999999944, -1.088449929341990918, 2.157058012813157344 ) ) ;
#5684 = EDGE_LOOP ( 'NONE', ( #1146, #489, #6141, #3682, #809, #4296, #3045, #668, #1223, #6594, #2516 ) ) ;
#5685 = ORIENTED_EDGE ( 'NONE', *, *, #3367, .F. ) ;
#5686 = VECTOR ( 'NONE', #4537, 39.37007874015748143 ) ;
#5687 = ORIENTED_EDGE ( 'NONE', *, *, #7425, .F. ) ;
#5688 = CARTESIAN_POINT ( 'NONE',  ( 0.1000000000000000056, -1.151546909042259648, 2.139245829616195138 ) ) ;
#5689 = CARTESIAN_POINT ( 'NONE',  ( 0.09999999999999997780, -1.158889401149716170, 3.211198159142100828 ) ) ;
#5690 = CARTESIAN_POINT ( 'NONE',  ( 0.1499999999999999944, -1.090249399038461409, 2.420301382211538233 ) ) ;
#5691 = CARTESIAN_POINT ( 'NONE',  ( 0.09999999999999997780, -1.170861110298217156, 2.306546358037838473 ) ) ;
#5692 = CARTESIAN_POINT ( 'NONE',  ( 0.1499999999999999944, -1.199999999999999956, 3.434461538461538233 ) ) ;
#5693 = CARTESIAN_POINT ( 'NONE',  ( 0.09999999999999999167, -1.091056709666270885, 2.421344219478768878 ) ) ;
#5694 = DIRECTION ( 'NONE',  ( -1.000000000000000000, -0.000000000000000000, -0.000000000000000000 ) ) ;
#5695 = AXIS2_PLACEMENT_3D ( 'NONE', #2472, #7359, #1514 ) ;
#5696 = CARTESIAN_POINT ( 'NONE',  ( 0.1000000000000000056, -1.120495410157911653, 2.180924259576437318 ) ) ;
#5697 = EDGE_CURVE ( 'NONE', #6351, #3580, #7315, .T. ) ;
#5698 = DIRECTION ( 'NONE',  ( -1.000000000000000000, -0.000000000000000000, -0.000000000000000000 ) ) ;
#5699 = CARTESIAN_POINT ( 'NONE',  ( 0.1000000000000000056, -1.089128770143575231, 2.227968083043019298 ) ) ;
#5700 = VERTEX_POINT ( 'NONE', #3683 ) ;
#5701 = FACE_BOUND ( 'NONE', #5918, .T. ) ;
#5702 = CARTESIAN_POINT ( 'NONE',  ( 0.1500000000000000500, -1.153666456751845759, 3.212316527331887883 ) ) ;
#5703 = CARTESIAN_POINT ( 'NONE',  ( 0.1499999999999999944, -1.042345977248234634, 3.519278651166501959 ) ) ;
#5704 = EDGE_CURVE ( 'NONE', #869, #4727, #6742, .T. ) ;
#5705 = FACE_OUTER_BOUND ( 'NONE', #1229, .T. ) ;
#5706 = ORIENTED_EDGE ( 'NONE', *, *, #1085, .T. ) ;
#5707 = CARTESIAN_POINT ( 'NONE',  ( 0.1000000000000000056, -0.1149218742818414463, 5.442760751357297089 ) ) ;
#5708 = CARTESIAN_POINT ( 'NONE',  ( 0.1000000000000000472, -1.087927239515195321, 3.325719736934797055 ) ) ;
#5709 = CIRCLE ( 'NONE', #3750, 0.06496063000000121268 ) ;
#5710 = CARTESIAN_POINT ( 'NONE',  ( 0.1000000000000000056, -1.155608314829162264, 3.533957739921218089 ) ) ;
#5711 = CARTESIAN_POINT ( 'NONE',  ( 0.1000000000000000056, -1.192056329135492199, 3.673066326210502996 ) ) ;
#5712 = CARTESIAN_POINT ( 'NONE',  ( 0.1500000000000000500, -1.076194670243086460, 2.221694706636918593 ) ) ;
#5713 = AXIS2_PLACEMENT_3D ( 'NONE', #4136, #1840, #3482 ) ;
#5714 = CARTESIAN_POINT ( 'NONE',  ( 0.1499999999999999944, -1.088859675480769118, 3.412826923076923258 ) ) ;
#5715 = DIRECTION ( 'NONE',  ( 0.000000000000000000, 1.000000000000000000, 0.000000000000000000 ) ) ;
#5716 = AXIS2_PLACEMENT_3D ( 'NONE', #6951, #5804, #4037 ) ;
#5717 = ORIENTED_EDGE ( 'NONE', *, *, #1874, .F. ) ;
#5718 = CARTESIAN_POINT ( 'NONE',  ( 0.09999999999999997780, -1.138577085553275081, 2.463125713756939117 ) ) ;
#5719 = DIRECTION ( 'NONE',  ( 0.000000000000000000, -0.5429510753626060060, 0.8397643298941613876 ) ) ;
#5720 = CARTESIAN_POINT ( 'NONE',  ( 0.1499999999999999944, -1.135546874999999956, 3.314269230769230745 ) ) ;
#5721 = CARTESIAN_POINT ( 'NONE',  ( 0.09999999999999992228, -1.077429075495302202, 3.358403640283518676 ) ) ;
#5722 = AXIS2_PLACEMENT_3D ( 'NONE', #3589, #4697, #2407 ) ;
#5723 = ORIENTED_EDGE ( 'NONE', *, *, #4689, .T. ) ;
#5724 = CARTESIAN_POINT ( 'NONE',  ( 0.1499999999999999944, -1.007692307692307665, 3.434461538461538233 ) ) ;
#5725 = ORIENTED_EDGE ( 'NONE', *, *, #7341, .T. ) ;
#5726 = ORIENTED_EDGE ( 'NONE', *, *, #6680, .F. ) ;
#5727 = CARTESIAN_POINT ( 'NONE',  ( 0.1499999999999999944, -1.063063274888356613, 2.201983576219650018 ) ) ;
#5728 = CARTESIAN_POINT ( 'NONE',  ( 0.1000000000000000194, -1.181829940173367843, 3.198975665829169479 ) ) ;
#5729 = CARTESIAN_POINT ( 'NONE',  ( 0.1499999999999999667, -1.183830612824952944, 2.363110252014475332 ) ) ;
#5730 = CARTESIAN_POINT ( 'NONE',  ( 0.1500000000000000500, -1.181588703601886170, 2.316499237570257996 ) ) ;
#5731 = CARTESIAN_POINT ( 'NONE',  ( 0.1499999999999999944, -1.150458233173076827, 3.412826923076923258 ) ) ;
#5732 = VERTEX_POINT ( 'NONE', #3113 ) ;
#5733 = ORIENTED_EDGE ( 'NONE', *, *, #2140, .F. ) ;
#5734 = DIRECTION ( 'NONE',  ( 0.000000000000000000, 0.000000000000000000, -1.000000000000000000 ) ) ;
#5735 = DIRECTION ( 'NONE',  ( -1.000000000000000000, -0.000000000000000000, -0.000000000000000000 ) ) ;
#5736 = B_SPLINE_CURVE_WITH_KNOTS ( 'NONE', 3,
 ( #1820, #6488, #747, #4870, #7165, #3684, #710, #672, #4264, #4796, #1248 ),
 .UNSPECIFIED., .F., .F.,
 ( 4, 1, 1, 1, 1, 1, 1, 1, 4 ),
 ( 0.000000000000000000, 0.1342687600537361137, 0.2632041670855070348, 0.3879998414519423844, 0.5094457414365176628, 0.6300675735873141337, 0.7513574047230414665, 0.8741604467321499872, 1.000000000000000000 ),
 .UNSPECIFIED. ) ;
#5737 = DIRECTION ( 'NONE',  ( 1.000000000000000000, -0.000000000000000000, -0.000000000000000000 ) ) ;
#5738 = ORIENTED_EDGE ( 'NONE', *, *, #6776, .F. ) ;
#5739 = CARTESIAN_POINT ( 'NONE',  ( 0.1000000000000000611, -1.047666678942152707, 3.544236094439094042 ) ) ;
#5740 = CARTESIAN_POINT ( 'NONE',  ( 0.1000000000000000056, -1.191119856625585172, 2.952116268480002415 ) ) ;
#5741 = EDGE_CURVE ( 'NONE', #6753, #2644, #6482, .T. ) ;
#5742 = CARTESIAN_POINT ( 'NONE',  ( 0.1499999999999999944, -1.011629599433808036, 3.575077234566806705 ) ) ;
#5743 = EDGE_CURVE ( 'NONE', #7447, #1264, #3302, .T. ) ;
#5744 = CARTESIAN_POINT ( 'NONE',  ( 0.1000000000000000056, 1.500000000000000444, 2.999999999999999556 ) ) ;
#5745 = ORIENTED_EDGE ( 'NONE', *, *, #2762, .F. ) ;
#5746 = CARTESIAN_POINT ( 'NONE',  ( 0.1500000000000000500, -1.111485200184283872, 2.197340971810875843 ) ) ;
#5747 = CARTESIAN_POINT ( 'NONE',  ( 0.1499999999999999944, -1.134468767261763045, 2.153735076176249041 ) ) ;
#5748 = EDGE_CURVE ( 'NONE', #5765, #2043, #4637, .T. ) ;
#5749 = CARTESIAN_POINT ( 'NONE',  ( 0.1000000000000000056, 8.195543980992789655E-16, 0.000000000000000000 ) ) ;
#5750 = CARTESIAN_POINT ( 'NONE',  ( 0.1499999999999999944, -1.186416876802121489, 3.683260918505341763 ) ) ;
#5751 = CARTESIAN_POINT ( 'NONE',  ( 0.1000000000000000194, -1.163077977018931453, 3.679934332496271665 ) ) ;
#5752 = CARTESIAN_POINT ( 'NONE',  ( 0.1000000000000000056, -1.161686120591788995, 2.958473706187326080 ) ) ;
#5753 = ADVANCED_FACE ( 'NONE', ( #6325 ), #2306, .F. ) ;
#5754 = CARTESIAN_POINT ( 'NONE',  ( 0.1500000000000000500, -1.131686254856471230, 2.200990927471785152 ) ) ;
#5755 = CARTESIAN_POINT ( 'NONE',  ( 0.1000000000000000194, -1.181588703601886170, 2.316499237570257996 ) ) ;
#5756 = CARTESIAN_POINT ( 'NONE',  ( 0.1000000000000000056, -1.060576923076922862, 2.184521634615384400 ) ) ;
#5757 = ORIENTED_EDGE ( 'NONE', *, *, #5428, .F. ) ;
#5758 = CARTESIAN_POINT ( 'NONE',  ( 0.09999999999999997780, -1.184744479076722312, 2.197802212894255369 ) ) ;
#5759 = ADVANCED_FACE ( 'NONE', ( #1585 ), #7215, .T. ) ;
#5760 = CARTESIAN_POINT ( 'NONE',  ( 0.000000000000000000, -0.6499999999999993561, 1.139960629999999808 ) ) ;
#5761 = CARTESIAN_POINT ( 'NONE',  ( 0.1499999999999999944, -1.109209411168492698, 3.707448240319083599 ) ) ;
#5762 = DIRECTION ( 'NONE',  ( 0.000000000000000000, 0.000000000000000000, -1.000000000000000000 ) ) ;
#5763 = CARTESIAN_POINT ( 'NONE',  ( 0.1499999999999999944, -1.077403846153845990, 2.183958233173076913 ) ) ;
#5764 = ORIENTED_EDGE ( 'NONE', *, *, #2342, .T. ) ;
#5765 = VERTEX_POINT ( 'NONE', #1623 ) ;
#5766 = CARTESIAN_POINT ( 'NONE',  ( 0.1000000000000000194, -1.077500156440971191, 2.384482840840744355 ) ) ;
#5767 = PLANE ( 'NONE',  #665 ) ;
#5768 = CARTESIAN_POINT ( 'NONE',  ( 0.1000000000000000194, -1.194106617866575792, 2.421957519256265901 ) ) ;
#5769 = DIRECTION ( 'NONE',  ( -1.000000000000000000, -0.000000000000000000, -0.000000000000000000 ) ) ;
#5770 = DIRECTION ( 'NONE',  ( 0.000000000000000000, -0.000000000000000000, -1.000000000000000000 ) ) ;
#5771 = ORIENTED_EDGE ( 'NONE', *, *, #3279, .T. ) ;
#5772 = CARTESIAN_POINT ( 'NONE',  ( 0.1499999999999999944, -1.200432920248952984, 3.118439308358313511 ) ) ;
#5773 = DIRECTION ( 'NONE',  ( 0.000000000000000000, -0.000000000000000000, -1.000000000000000000 ) ) ;
#5774 = CARTESIAN_POINT ( 'NONE',  ( 0.1000000000000000056, -1.077403846153845990, 2.899801081730768892 ) ) ;
#5775 = VERTEX_POINT ( 'NONE', #6362 ) ;
#5776 = CARTESIAN_POINT ( 'NONE',  ( 0.1000000000000000056, -1.138262692649149477, 3.412650630155190878 ) ) ;
#5777 = CARTESIAN_POINT ( 'NONE',  ( 0.1499999999999999944, -1.182227686106284370, 2.965849301668465721 ) ) ;
#5778 = B_SPLINE_CURVE_WITH_KNOTS ( 'NONE', 3,
 ( #7451, #3931, #2176, #6348, #1070, #3433, #1569, #5654, #3398, #380, #4580, #6763, #6231, #2213, #5161 ),
 .UNSPECIFIED., .F., .F.,
 ( 4, 1, 1, 1, 1, 1, 1, 1, 1, 1, 1, 1, 4 ),
 ( 0.000000000000000000, 0.08656000936209989893, 0.1724368767783765188, 0.2575162380887861535, 0.3431419762700619325, 0.4264238565615576793, 0.5050696028147413363, 0.5791202227542159298, 0.6497403251281561598, 0.7226966554343212668, 0.8055045587870941493, 0.8972910389855985880, 1.000000000000000000 ),
 .UNSPECIFIED. ) ;
#5779 = CARTESIAN_POINT ( 'NONE',  ( 0.1499999999999999944, -1.008271957451300382, 3.596131946835386284 ) ) ;
#5780 = AXIS2_PLACEMENT_3D ( 'NONE', #65, #2813, #5830 ) ;
#5781 = CARTESIAN_POINT ( 'NONE',  ( 0.1000000000000000056, -1.375000000000000444, 2.249999999999999556 ) ) ;
#5782 = CARTESIAN_POINT ( 'NONE',  ( 0.09999999999999997780, -1.122400841346153699, 2.176521334134615238 ) ) ;
#5783 = DIRECTION ( 'NONE',  ( 0.000000000000000000, -0.6218821436015858906, 0.7831108474982941825 ) ) ;
#5784 = CARTESIAN_POINT ( 'NONE',  ( 0.1500000000000000500, -1.094644850697069627, 2.206982246139913340 ) ) ;
#5785 = CARTESIAN_POINT ( 'NONE',  ( 0.1499999999999999944, -1.202777379875459740, 3.637906779740283536 ) ) ;
#5786 = CARTESIAN_POINT ( 'NONE',  ( 0.1499999999999999944, -1.060576923076922862, 2.184521634615384400 ) ) ;
#5787 = LINE ( 'NONE', #6401, #3756 ) ;
#5788 = EDGE_CURVE ( 'NONE', #1026, #1066, #5953, .T. ) ;
#5789 = AXIS2_PLACEMENT_3D ( 'NONE', #1118, #1081, #3408 ) ;
#5790 = CARTESIAN_POINT ( 'NONE',  ( 0.1500000000000000500, -1.077764909350671374, 3.349123319511083441 ) ) ;
#5791 = CARTESIAN_POINT ( 'NONE',  ( 0.1500000000000000777, -1.060786755832598294, 2.369594145339215974 ) ) ;
#5792 = CARTESIAN_POINT ( 'NONE',  ( 0.1499999999999999944, -1.104595452959398427, 3.707507137417699994 ) ) ;
#5793 = ADVANCED_FACE ( 'NONE', ( #6821 ), #2802, .T. ) ;
#5794 = VERTEX_POINT ( 'NONE', #3908 ) ;
#5795 = CARTESIAN_POINT ( 'NONE',  ( 0.09999999999999997780, -1.171153846153845990, 2.222682692307691887 ) ) ;
#5796 = PLANE ( 'NONE',  #164 ) ;
#5797 = CARTESIAN_POINT ( 'NONE',  ( 0.1500000000000000500, -1.182544759100601528, 3.639632838137673687 ) ) ;
#5798 = CARTESIAN_POINT ( 'NONE',  ( 0.1500000000000000500, -1.194612288076551954, 3.556092246819540392 ) ) ;
#5799 = CARTESIAN_POINT ( 'NONE',  ( 0.1499999999999999944, -1.129328486720323044, 2.205374235173704012 ) ) ;
#5800 = ORIENTED_EDGE ( 'NONE', *, *, #3173, .F. ) ;
#5801 = CARTESIAN_POINT ( 'NONE',  ( 0.1499999999999999944, -1.062980769230769118, 2.658725360576922991 ) ) ;
#5802 = CARTESIAN_POINT ( 'NONE',  ( 0.1000000000000000472, -1.083428140438413623, 2.933613271925261223 ) ) ;
#5803 = CARTESIAN_POINT ( 'NONE',  ( 0.1499999999999999944, -1.202385995932591101, 3.142805510386172063 ) ) ;
#5804 = DIRECTION ( 'NONE',  ( -0.000000000000000000, 0.7999999999999998224, 0.6000000000000003109 ) ) ;
#5805 = EDGE_LOOP ( 'NONE', ( #4818, #3472, #5706, #1312 ) ) ;
#5806 = ORIENTED_EDGE ( 'NONE', *, *, #5973, .F. ) ;
#5807 = CARTESIAN_POINT ( 'NONE',  ( 0.1499999999999999944, -1.096937826210948153, 2.954747773360171248 ) ) ;
#5808 = CARTESIAN_POINT ( 'NONE',  ( 0.1500000000000000500, -1.185169447000078202, 3.149353045271523044 ) ) ;
#5809 = CARTESIAN_POINT ( 'NONE',  ( 0.1000000000000000056, -1.141631610576922862, 2.145421574519230656 ) ) ;
#5810 = CARTESIAN_POINT ( 'NONE',  ( 0.1499999999999999944, -1.127884615384615374, 2.708980769230768804 ) ) ;
#5811 = ORIENTED_EDGE ( 'NONE', *, *, #4854, .F. ) ;
#5812 = CARTESIAN_POINT ( 'NONE',  ( 0.1000000000000000056, -1.026923076923076827, 3.611497295673076646 ) ) ;
#5813 = CARTESIAN_POINT ( 'NONE',  ( 0.09999999999999997780, -1.061026934357094609, 3.343439890250215374 ) ) ;
#5814 = CIRCLE ( 'NONE', #6429, 0.06496062999999997756 ) ;
#5815 = ADVANCED_FACE ( 'NONE', ( #6247 ), #3620, .T. ) ;
#5816 = CARTESIAN_POINT ( 'NONE',  ( 0.1499999999999999944, -1.026979609397747684, 3.605557508491870511 ) ) ;
#5817 = CARTESIAN_POINT ( 'NONE',  ( 0.1499999999999999944, -1.132617187499999956, 2.991673076923076824 ) ) ;
#5818 = FACE_OUTER_BOUND ( 'NONE', #5476, .T. ) ;
#5819 = CARTESIAN_POINT ( 'NONE',  ( 0.09999999999999999167, -1.072407368926175275, 2.951499627462744080 ) ) ;
#5820 = CARTESIAN_POINT ( 'NONE',  ( 0.1499999999999999944, -1.199999999999999956, 3.412826923076923258 ) ) ;
#5821 = CARTESIAN_POINT ( 'NONE',  ( 0.1499999999999999944, -1.092247384288583367, 2.206831638936722406 ) ) ;
#5822 = CARTESIAN_POINT ( 'NONE',  ( 0.1499999999999999944, -1.199999999999999956, 2.539269230769230390 ) ) ;
#5823 = CARTESIAN_POINT ( 'NONE',  ( 0.1499999999999999944, -1.131114783653845990, 2.970038461538460961 ) ) ;
#5824 = CARTESIAN_POINT ( 'NONE',  ( 0.1499999999999999944, -1.199999999999999956, 2.651288461538461316 ) ) ;
#5825 = CARTESIAN_POINT ( 'NONE',  ( 0.1000000000000000056, -1.080070612980769118, 2.139749999999999819 ) ) ;
#5826 = ORIENTED_EDGE ( 'NONE', *, *, #315, .T. ) ;
#5827 = DIRECTION ( 'NONE',  ( -1.000000000000000000, -0.000000000000000000, -0.000000000000000000 ) ) ;
#5828 = ORIENTED_EDGE ( 'NONE', *, *, #3299, .F. ) ;
#5829 = CARTESIAN_POINT ( 'NONE',  ( 0.1500000000000000500, -1.185372678547522929, 2.890853471848624956 ) ) ;
#5830 = DIRECTION ( 'NONE',  ( 0.000000000000000000, 0.000000000000000000, 1.000000000000000000 ) ) ;
#5831 = CARTESIAN_POINT ( 'NONE',  ( 0.1500000000000000500, -1.191704724513718228, 2.226280933052314559 ) ) ;
#5832 = CARTESIAN_POINT ( 'NONE',  ( 0.1499999999999999944, -1.199085627393971176, 3.568693728369392915 ) ) ;
#5833 = AXIS2_PLACEMENT_3D ( 'NONE', #94, #3108, #3607 ) ;
#5834 = AXIS2_PLACEMENT_3D ( 'NONE', #5529, #867, #6646 ) ;
#5835 = EDGE_CURVE ( 'NONE', #818, #1736, #915, .T. ) ;
#5836 = CARTESIAN_POINT ( 'NONE',  ( 0.1499999999999999944, -1.141631610576922862, 2.145421574519230656 ) ) ;
#5837 = ORIENTED_EDGE ( 'NONE', *, *, #2147, .T. ) ;
#5838 = CARTESIAN_POINT ( 'NONE',  ( 0.1000000000000000056, -1.034073475697417699, 3.528290866232439704 ) ) ;
#5839 = CARTESIAN_POINT ( 'NONE',  ( 0.1500000000000000500, -1.170855333565271605, 3.553578630204308197 ) ) ;
#5840 = CARTESIAN_POINT ( 'NONE',  ( 0.1499999999999999944, -1.197980126533989553, 3.172963037470491798 ) ) ;
#5841 = EDGE_CURVE ( 'NONE', #3869, #6311, #3026, .T. ) ;
#5842 = CARTESIAN_POINT ( 'NONE',  ( 0.1499999999999999944, -1.067508471536754877, 3.385150477603220409 ) ) ;
#5843 = ORIENTED_EDGE ( 'NONE', *, *, #1036, .T. ) ;
#5844 = VERTEX_POINT ( 'NONE', #1882 ) ;
#5845 = ADVANCED_FACE ( 'NONE', ( #4214 ), #1313, .T. ) ;
#5846 = CARTESIAN_POINT ( 'NONE',  ( 0.1499999999999999944, -1.183813754656427797, 3.157467120008045747 ) ) ;
#5847 = DIRECTION ( 'NONE',  ( 0.000000000000000000, 0.000000000000000000, 1.000000000000000000 ) ) ;
#5848 = CARTESIAN_POINT ( 'NONE',  ( 0.1499999999999999944, -1.173905442761968621, 2.337460564323259771 ) ) ;
#5849 = EDGE_LOOP ( 'NONE', ( #3055, #3574, #7042, #2189 ) ) ;
#5850 = CARTESIAN_POINT ( 'NONE',  ( 0.09999999999999999167, -1.026979609397747684, 3.605557508491870511 ) ) ;
#5851 = CARTESIAN_POINT ( 'NONE',  ( 0.1000000000000000194, -1.064894148894903303, 3.327332975133918680 ) ) ;
#5852 = CARTESIAN_POINT ( 'NONE',  ( 0.1500000000000000500, -1.029996144975524386, 3.582899119657478426 ) ) ;
#5853 = DIRECTION ( 'NONE',  ( -1.000000000000000000, -0.000000000000000000, -0.000000000000000000 ) ) ;
#5854 = CARTESIAN_POINT ( 'NONE',  ( 0.000000000000000000, 1.500000000000000444, 2.753937010078739256 ) ) ;
#5855 = CARTESIAN_POINT ( 'NONE',  ( 0.09999999999999997780, -1.175537691537233087, 3.077843644022821401 ) ) ;
#5856 = ORIENTED_EDGE ( 'NONE', *, *, #3505, .F. ) ;
#5857 = CARTESIAN_POINT ( 'NONE',  ( 0.09999999999999999167, -1.069941572213743974, 2.946367657184246092 ) ) ;
#5858 = CARTESIAN_POINT ( 'NONE',  ( 0.1500000000000000500, -1.129674840495378474, 2.161530890201467159 ) ) ;
#5859 = CARTESIAN_POINT ( 'NONE',  ( 0.1000000000000000056, 1.500000000000000444, 2.999999999999999556 ) ) ;
#5860 = CARTESIAN_POINT ( 'NONE',  ( 0.09999999999999997780, -1.186416876802121489, 3.683260918505341763 ) ) ;
#5861 = CARTESIAN_POINT ( 'NONE',  ( 0.1499999999999999944, -1.132317809809963771, 2.970006538760477266 ) ) ;
#5862 = CARTESIAN_POINT ( 'NONE',  ( 0.09999999999999999167, -1.106705194547189075, 3.315884934888835289 ) ) ;
#5863 = CARTESIAN_POINT ( 'NONE',  ( 0.1499999999999999944, -1.099121531427434073, 2.206832478263932362 ) ) ;
#5864 = ORIENTED_EDGE ( 'NONE', *, *, #1713, .F. ) ;
#5865 = CARTESIAN_POINT ( 'NONE',  ( 0.1499999999999999944, -1.165432980638106297, 3.095407549514662460 ) ) ;
#5866 = VERTEX_POINT ( 'NONE', #5510 ) ;
#5867 = CARTESIAN_POINT ( 'NONE',  ( 0.1500000000000000500, -1.182351469019278900, 2.874207305702784598 ) ) ;
#5868 = CARTESIAN_POINT ( 'NONE',  ( 0.1499999999999999944, -1.165432980638106297, 3.095407549514662460 ) ) ;
#5869 = CARTESIAN_POINT ( 'NONE',  ( 0.000000000000000000, 1.500000000000000444, 2.616141730078739513 ) ) ;
#5870 = CARTESIAN_POINT ( 'NONE',  ( 0.09999999999999997780, -1.203445680221939984, 3.588949982326901100 ) ) ;
#5871 = CARTESIAN_POINT ( 'NONE',  ( 0.1499999999999999944, -1.146283304511720891, 2.141753938065007468 ) ) ;
#5872 = ORIENTED_EDGE ( 'NONE', *, *, #4710, .T. ) ;
#5873 = CARTESIAN_POINT ( 'NONE',  ( 0.1000000000000000056, -1.162815504807692246, 2.137346153846154007 ) ) ;
#5874 = CARTESIAN_POINT ( 'NONE',  ( 0.1500000000000000500, -1.087545072115384759, 2.313029747596154095 ) ) ;
#5875 = CARTESIAN_POINT ( 'NONE',  ( 0.09999999999999996392, -1.106437800480769118, 3.707538461538461227 ) ) ;
#5876 = CARTESIAN_POINT ( 'NONE',  ( 0.1499999999999999944, -1.080070612980769118, 2.139749999999999819 ) ) ;
#5877 = EDGE_LOOP ( 'NONE', ( #1480, #3962, #1432, #7033 ) ) ;
#5878 = ORIENTED_EDGE ( 'NONE', *, *, #3534, .F. ) ;
#5879 = CARTESIAN_POINT ( 'NONE',  ( 0.1499999999999999944, -1.116203425480769118, 2.725807692307692154 ) ) ;
#5880 = AXIS2_PLACEMENT_3D ( 'NONE', #3011, #6020, #3085 ) ;
#5881 = DIRECTION ( 'NONE',  ( -1.000000000000000000, -0.000000000000000000, -0.000000000000000000 ) ) ;
#5882 = CARTESIAN_POINT ( 'NONE',  ( 0.1499999999999999944, -1.117630709134615374, 2.220804687499999819 ) ) ;
#5883 = ORIENTED_EDGE ( 'NONE', *, *, #490, .F. ) ;
#5884 = EDGE_CURVE ( 'NONE', #5329, #2034, #2600, .T. ) ;
#5885 = ORIENTED_EDGE ( 'NONE', *, *, #143, .T. ) ;
#5886 = LINE ( 'NONE', #6653, #3465 ) ;
#5887 = EDGE_CURVE ( 'NONE', #2334, #5794, #2066, .T. ) ;
#5888 = CARTESIAN_POINT ( 'NONE',  ( 0.1499999999999999944, -1.158571213942307665, 3.189554687499999819 ) ) ;
#5889 = DIRECTION ( 'NONE',  ( -1.000000000000000000, -0.000000000000000000, -0.000000000000000000 ) ) ;
#5890 = DIRECTION ( 'NONE',  ( 0.000000000000000000, 1.000000000000000000, 0.000000000000000000 ) ) ;
#5891 = CARTESIAN_POINT ( 'NONE',  ( 0.1000000000000000472, -1.140465861351449117, 2.441383224931914953 ) ) ;
#5892 = EDGE_LOOP ( 'NONE', ( #6204, #6953, #4185, #4958 ) ) ;
#5893 = CARTESIAN_POINT ( 'NONE',  ( 0.09999999999999999167, -1.100395419288523913, 2.982463483507015400 ) ) ;
#5894 = CARTESIAN_POINT ( 'NONE',  ( 0.1499999999999999944, -1.067731798989227654, 2.941013887265661264 ) ) ;
#5895 = DIRECTION ( 'NONE',  ( 0.000000000000000000, 0.000000000000000000, 1.000000000000000000 ) ) ;
#5896 = DIRECTION ( 'NONE',  ( -0.000000000000000000, 1.000000000000000000, 0.000000000000000000 ) ) ;
#5897 = DIRECTION ( 'NONE',  ( 0.000000000000000000, -0.7660444431189793457, -0.6427876096865378086 ) ) ;
#5898 = CARTESIAN_POINT ( 'NONE',  ( 0.1000000000000000472, -1.060576923076923084, 2.379623798076923258 ) ) ;
#5899 = CARTESIAN_POINT ( 'NONE',  ( 0.1000000000000000472, -1.063256459392569520, 2.167708219320731544 ) ) ;
#5900 = ORIENTED_EDGE ( 'NONE', *, *, #5334, .F. ) ;
#5901 = FACE_OUTER_BOUND ( 'NONE', #5316, .T. ) ;
#5902 = ORIENTED_EDGE ( 'NONE', *, *, #1917, .T. ) ;
#5903 = CARTESIAN_POINT ( 'NONE',  ( 0.1499999999999999944, -1.185576923076922862, 2.899650841346153918 ) ) ;
#5904 = CARTESIAN_POINT ( 'NONE',  ( 0.1000000000000000472, -1.090182608779530771, 3.728000152357173302 ) ) ;
#5905 = CARTESIAN_POINT ( 'NONE',  ( 0.1000000000000000056, -1.007692307692307665, 3.611046574519230834 ) ) ;
#5906 = CARTESIAN_POINT ( 'NONE',  ( 0.1499999999999999944, -1.178424944706132127, 3.528610239948450467 ) ) ;
#5907 = EDGE_CURVE ( 'NONE', #81, #7463, #6661, .T. ) ;
#5908 = CARTESIAN_POINT ( 'NONE',  ( 0.1499999999999999944, -1.060576923076922862, 3.352204927884615326 ) ) ;
#5909 = AXIS2_PLACEMENT_3D ( 'NONE', #5744, #5134, #1763 ) ;
#5910 = VECTOR ( 'NONE', #5661, 39.37007874015748143 ) ;
#5911 = CIRCLE ( 'NONE', #1645, 0.06496063000000011634 ) ;
#5912 = VERTEX_POINT ( 'NONE', #6084 ) ;
#5913 = CARTESIAN_POINT ( 'NONE',  ( 0.1000000000000000056, -1.166849146642826796, 2.137467337819826785 ) ) ;
#5914 = CARTESIAN_POINT ( 'NONE',  ( 0.1499999999999999944, -1.128183056823199193, 2.295244823720864247 ) ) ;
#5915 = CARTESIAN_POINT ( 'NONE',  ( 0.1499999999999999944, -1.185522211100328960, 3.613578942815230732 ) ) ;
#5916 = CARTESIAN_POINT ( 'NONE',  ( 0.09999999999999997780, -1.204807692307692246, 3.610746093749999996 ) ) ;
#5917 = CARTESIAN_POINT ( 'NONE',  ( 0.1500000000000000500, -1.163978560263227768, 3.072088582462217055 ) ) ;
#5918 = EDGE_LOOP ( 'NONE', ( #1898, #2981, #5031, #3184 ) ) ;
#5919 = CARTESIAN_POINT ( 'NONE',  ( 0.09999999999999999167, -1.077403846153845990, 2.183958233173076913 ) ) ;
#5920 = CARTESIAN_POINT ( 'NONE',  ( 0.09999999999999997780, -1.062111616524282764, 2.359913338764529467 ) ) ;
#5921 = CARTESIAN_POINT ( 'NONE',  ( 0.1000000000000000472, -1.066309108419005724, 2.209518143135481338 ) ) ;
#5922 = CARTESIAN_POINT ( 'NONE',  ( 0.1000000000000000194, -1.111372215902991512, 3.293531858794437550 ) ) ;
#5923 = CARTESIAN_POINT ( 'NONE',  ( 0.1499999999999999944, -1.155346505807013591, 2.962999806400006708 ) ) ;
#5924 = EDGE_CURVE ( 'NONE', #6755, #5732, #6699, .T. ) ;
#5925 = CARTESIAN_POINT ( 'NONE',  ( 0.000000000000000000, 3.649999999999998579, 1.074999999999999734 ) ) ;
#5926 = CARTESIAN_POINT ( 'NONE',  ( 0.000000000000000000, 4.375000000000000000, 3.814960630000001185 ) ) ;
#5927 = CARTESIAN_POINT ( 'NONE',  ( 0.1000000000000000056, -1.170778245192307443, 2.823403846153846430 ) ) ;
#5928 = VECTOR ( 'NONE', #1486, 39.37007874015748143 ) ;
#5929 = ORIENTED_EDGE ( 'NONE', *, *, #5741, .F. ) ;
#5930 = CARTESIAN_POINT ( 'NONE',  ( 0.09999999999999996392, -1.084588125384451596, 2.969326123065495260 ) ) ;
#5931 = PLANE ( 'NONE',  #3100 ) ;
#5932 = CARTESIAN_POINT ( 'NONE',  ( 0.1499999999999999667, -1.186999439606477802, 2.841389568032099966 ) ) ;
#5933 = B_SPLINE_SURFACE_WITH_KNOTS ( 'NONE', 3, 1, ( 
 ( #5823, #1702 ),
 ( #5861, #4561 ),
 ( #591, #551 ),
 ( #2919, #6971 ),
 ( #4065, #1769 ),
 ( #7552, #6480 ),
 ( #3451, #625 ),
 ( #6896, #1165 ),
 ( #5142, #7470 ),
 ( #1733, #1660 ),
 ( #1128, #5752 ),
 ( #3532, #19 ),
 ( #4143, #2348 ),
 ( #2959, #2879 ),
 ( #2842, #4714 ),
 ( #7047, #5298 ),
 ( #6936, #1811 ),
 ( #6367, #7513 ),
 ( #2234, #514 ),
 ( #3992, #5180 ),
 ( #1241, #5607 ),
 ( #4033, #369 ),
 ( #6331, #1093 ) ),
 .UNSPECIFIED., .F., .F., .F.,
 ( 4, 1, 1, 1, 1, 1, 1, 1, 1, 1, 1, 1, 1, 1, 1, 1, 1, 1, 1, 1, 4 ),
 ( 2, 2 ),
 ( 0.000000000000000000, 0.03650772940593875748, 0.07284501845158602995, 0.1092834787994214907, 0.1453495902564423126, 0.1823951217470985708, 0.2197878141959856424, 0.2582444872360942223, 0.2974466256626174254, 0.3372698990853825740, 0.3770913598463447314, 0.4171243450749559933, 0.4578438439639213042, 0.4985757500393761532, 0.5404230387651161038, 0.5829377358821533628, 0.6267831138477628627, 0.7161252418425005928, 0.8074499112509949672, 0.9014850070869278031, 0.9999999999999998890 ),
 ( 0.000000000000000000, 1.000000000000000000 ),
 .UNSPECIFIED. ) ;
#5934 = CARTESIAN_POINT ( 'NONE',  ( 0.1000000000000000056, -1.077985426200194885, 3.365953017203484166 ) ) ;
#5935 = ADVANCED_FACE ( 'NONE', ( #3251 ), #2459, .T. ) ;
#5936 = CARTESIAN_POINT ( 'NONE',  ( 0.1000000000000000056, -1.135546874999999734, 3.314269230769230745 ) ) ;
#5937 = SECURITY_CLASSIFICATION ( '', '', #5523 ) ;
#5938 = CARTESIAN_POINT ( 'NONE',  ( 0.1499999999999999944, -1.026923076923076827, 3.611497295673076646 ) ) ;
#5939 = ORIENTED_EDGE ( 'NONE', *, *, #2888, .T. ) ;
#5940 = DIRECTION ( 'NONE',  ( -1.000000000000000000, -0.000000000000000000, -0.000000000000000000 ) ) ;
#5941 = ORIENTED_EDGE ( 'NONE', *, *, #796, .F. ) ;
#5942 = CARTESIAN_POINT ( 'NONE',  ( 0.1000000000000000056, 3.649999999999998579, 1.074999999999999734 ) ) ;
#5943 = DIRECTION ( 'NONE',  ( 1.000000000000000000, -0.000000000000000000, -0.000000000000000000 ) ) ;
#5944 = CARTESIAN_POINT ( 'NONE',  ( 0.1500000000000000500, -1.116226422020911269, 3.314815731692098311 ) ) ;
#5945 = CARTESIAN_POINT ( 'NONE',  ( 0.1499999999999999944, -1.007692307692307665, 2.747442307692307573 ) ) ;
#5946 = CARTESIAN_POINT ( 'NONE',  ( 0.1000000000000000056, -1.046905048076922862, 3.515230769230769159 ) ) ;
#5947 = CARTESIAN_POINT ( 'NONE',  ( 0.1499999999999999944, -1.095545508231077214, 3.706804137763386464 ) ) ;
#5948 = EDGE_LOOP ( 'NONE', ( #3162, #6621, #2268, #7404 ) ) ;
#5949 = AXIS2_PLACEMENT_3D ( 'NONE', #3290, #1534, #3860 ) ;
#5950 = CARTESIAN_POINT ( 'NONE',  ( 0.1000000000000000056, -1.149974573578251613, 2.165359595220495592 ) ) ;
#5951 = CARTESIAN_POINT ( 'NONE',  ( 0.09999999999999999167, -1.082836430438029796, 2.200286031037509638 ) ) ;
#5952 = DIRECTION ( 'NONE',  ( 0.000000000000000000, 1.000000000000000000, 0.000000000000000000 ) ) ;
#5953 = CIRCLE ( 'NONE', #4006, 0.06496063000000121268 ) ;
#5954 = CARTESIAN_POINT ( 'NONE',  ( 0.1499999999999999944, -1.060636949105351334, 2.182665434339372101 ) ) ;
#5955 = DIRECTION ( 'NONE',  ( -1.000000000000000000, -0.000000000000000000, -0.000000000000000000 ) ) ;
#5956 = VERTEX_POINT ( 'NONE', #5548 ) ;
#5957 = AXIS2_PLACEMENT_3D ( 'NONE', #1158, #157, #4211 ) ;
#5958 = CARTESIAN_POINT ( 'NONE',  ( 0.09999999999999999167, -1.078673182629916294, 2.192792040214974758 ) ) ;
#5959 = CARTESIAN_POINT ( 'NONE',  ( 0.09999999999999999167, -1.026987463002205558, 3.618005496026341472 ) ) ;
#5960 = CARTESIAN_POINT ( 'NONE',  ( 0.1499999999999999944, -1.079189205149911013, 2.223847190648313266 ) ) ;
#5961 = CARTESIAN_POINT ( 'NONE',  ( 0.1000000000000000056, -1.062980769230769118, 3.214269230769230656 ) ) ;
#5962 = CARTESIAN_POINT ( 'NONE',  ( 0.1500000000000000777, -1.100084902446127666, 3.729066611333416770 ) ) ;
#5963 = CARTESIAN_POINT ( 'NONE',  ( 0.1000000000000000056, 4.375000000000000000, 2.249999999999999556 ) ) ;
#5964 = B_SPLINE_CURVE_WITH_KNOTS ( 'NONE', 3,
 ( #54, #6046, #699, #3036, #5441, #2997, #2957, #2380, #6478, #4178, #1921, #5971, #6515, #5404, #4253, #3643, #4711, #7045, #1809 ),
 .UNSPECIFIED., .F., .F.,
 ( 4, 1, 1, 1, 1, 1, 1, 1, 1, 1, 1, 1, 1, 1, 1, 1, 4 ),
 ( 0.000000000000000000, 0.06505568119716181874, 0.1273136153210955857, 0.1874857604004731282, 0.2469421247715667400, 0.3043168239367809447, 0.3612482632239862324, 0.4177015602187558740, 0.4752173810708786306, 0.5333247862532140005, 0.5922160283461411767, 0.6539509146374341553, 0.7170174272360458900, 0.7833380913007127466, 0.8516903702451585900, 0.9245179445523328265, 1.000000000000000000 ),
 .UNSPECIFIED. ) ;
#5965 = CARTESIAN_POINT ( 'NONE',  ( 0.1499999999999999944, -1.177923975002208357, 2.829797261406254538 ) ) ;
#5966 = CARTESIAN_POINT ( 'NONE',  ( 0.1000000000000000194, -1.184742030421785941, 2.393264323389488801 ) ) ;
#5967 = B_SPLINE_CURVE_WITH_KNOTS ( 'NONE', 3,
 ( #6974, #5259, #5863, #373, #629, #1735, #4069 ),
 .UNSPECIFIED., .F., .F.,
 ( 4, 1, 1, 1, 4 ),
 ( 0.000000000000000000, 0.2308662236795369915, 0.4653081910428580881, 0.7200276049602698514, 1.000000000000000000 ),
 .UNSPECIFIED. ) ;
#5968 = ORIENTED_EDGE ( 'NONE', *, *, #5186, .T. ) ;
#5969 = CARTESIAN_POINT ( 'NONE',  ( 0.1499999999999999944, -1.046905048076922862, 3.515230769230769159 ) ) ;
#5970 = CARTESIAN_POINT ( 'NONE',  ( 0.1500000000000000777, -1.100446273220970328, 2.325021894374327935 ) ) ;
#5971 = CARTESIAN_POINT ( 'NONE',  ( 0.1000000000000000056, -1.081122114611314577, 3.335849889732844797 ) ) ;
#5972 = CARTESIAN_POINT ( 'NONE',  ( 0.09999999999999997780, -1.131865985576923084, 2.463307692307691976 ) ) ;
#5973 = EDGE_CURVE ( 'NONE', #5329, #3650, #2639, .T. ) ;
#5974 = CARTESIAN_POINT ( 'NONE',  ( 0.1000000000000000194, -1.070412398410568455, 2.423896004487291478 ) ) ;
#5975 = CARTESIAN_POINT ( 'NONE',  ( 0.000000000000000000, 4.375000000000000000, 2.185039369999998371 ) ) ;
#5976 = VERTEX_POINT ( 'NONE', #2528 ) ;
#5977 = CARTESIAN_POINT ( 'NONE',  ( 0.1000000000000000056, -1.160872689136466906, 3.092954987762463137 ) ) ;
#5978 = EDGE_CURVE ( 'NONE', #3650, #6837, #7188, .T. ) ;
#5979 = ORIENTED_EDGE ( 'NONE', *, *, #6963, .F. ) ;
#5980 = CARTESIAN_POINT ( 'NONE',  ( 0.09999999999999990841, -1.061026934357094609, 3.343439890250215374 ) ) ;
#5981 = EDGE_CURVE ( 'NONE', #6444, #4727, #107, .T. ) ;
#5982 = CARTESIAN_POINT ( 'NONE',  ( 0.1499999999999999944, -1.156016665600542170, 3.190336701513329931 ) ) ;
#5983 = CARTESIAN_POINT ( 'NONE',  ( 0.1499999999999999944, -1.199999999999999956, 2.651288461538461316 ) ) ;
#5984 = EDGE_CURVE ( 'NONE', #7290, #7407, #1117, .T. ) ;
#5985 = CARTESIAN_POINT ( 'NONE',  ( 0.09999999999999997780, -1.110328421392415832, 2.965121465623525410 ) ) ;
#5986 = CARTESIAN_POINT ( 'NONE',  ( 0.1499999999999999944, -1.057546473078999405, 3.688432708595286602 ) ) ;
#5987 = EDGE_CURVE ( 'NONE', #4597, #7463, #5466, .T. ) ;
#5988 = ORIENTED_EDGE ( 'NONE', *, *, #5426, .T. ) ;
#5989 = CARTESIAN_POINT ( 'NONE',  ( 0.1000000000000000056, -1.201767757202602205, 2.177029902574670217 ) ) ;
#5990 = CARTESIAN_POINT ( 'NONE',  ( 0.1499999999999999944, -1.069420394483568959, 2.853386456876225719 ) ) ;
#5991 = CARTESIAN_POINT ( 'NONE',  ( 0.1499999999999999944, -1.086596596177302754, 3.410719052307348065 ) ) ;
#5992 = CARTESIAN_POINT ( 'NONE',  ( 0.1499999999999999944, -1.128448016826923084, 3.214269230769230656 ) ) ;
#5993 = ORIENTED_EDGE ( 'NONE', *, *, #889, .T. ) ;
#5994 = AXIS2_PLACEMENT_3D ( 'NONE', #6354, #5208, #4629 ) ;
#5995 = CARTESIAN_POINT ( 'NONE',  ( 0.1000000000000000056, -1.119403945304282777, 2.462194286118762232 ) ) ;
#5996 = CARTESIAN_POINT ( 'NONE',  ( 0.1500000000000000500, -1.090277860679183863, 3.705887567931314575 ) ) ;
#5997 = B_SPLINE_SURFACE_WITH_KNOTS ( 'NONE', 3, 1, ( 
 ( #3345, #5149 ),
 ( #1019, #7478 ),
 ( #521, #482 ),
 ( #5111, #4608 ),
 ( #6293, #7519 ),
 ( #6862, #2201 ),
 ( #6339, #4074 ),
 ( #1098, #6254 ),
 ( #7557, #3497 ),
 ( #1739, #6409 ),
 ( #557, #4646 ),
 ( #6978, #4491 ),
 ( #4567, #5679 ),
 ( #5067, #6371 ),
 ( #2240, #3459 ),
 ( #1171, #6901 ),
 ( #443, #5718 ),
 ( #404, #2848 ),
 ( #7398, #2280 ) ),
 .UNSPECIFIED., .F., .F., .F.,
 ( 4, 1, 1, 1, 1, 1, 1, 1, 1, 1, 1, 1, 1, 1, 1, 1, 4 ),
 ( 2, 2 ),
 ( 0.000000000000000000, 0.07834356990165890211, 0.1528027826322113092, 0.2238568277576005738, 0.2920567093529400360, 0.3577407080320075816, 0.4218941252671031261, 0.4852579773921034678, 0.5483691438275406504, 0.6102638734052204805, 0.6694841126394881492, 0.7267120057607581174, 0.7823275210663355184, 0.8367781844507921063, 0.8905555215641401956, 0.9449706808902619271, 1.000000000000000000 ),
 ( 0.000000000000000000, 1.000000000000000000 ),
 .UNSPECIFIED. ) ;
#5998 = CARTESIAN_POINT ( 'NONE',  ( 0.1500000000000000500, -1.184859758353078663, 2.369040156006690712 ) ) ;
#5999 = CARTESIAN_POINT ( 'NONE',  ( 0.09999999999999999167, -1.129328486720323044, 2.205374235173704012 ) ) ;
#6000 = CARTESIAN_POINT ( 'NONE',  ( 0.09999999999999997780, -1.007777511963990014, 3.615194385434722602 ) ) ;
#6001 = CARTESIAN_POINT ( 'NONE',  ( 0.1000000000000000056, -0.6499999999999993561, 1.074999999999999734 ) ) ;
#6002 = CARTESIAN_POINT ( 'NONE',  ( 0.09999999999999999167, -1.142233824477975945, 2.177874648476851860 ) ) ;
#6003 = CARTESIAN_POINT ( 'NONE',  ( 0.1000000000000000472, -1.178153669929138392, 2.140878234063114505 ) ) ;
#6004 = ADVANCED_FACE ( 'NONE', ( #6239, #5701 ), #3331, .F. ) ;
#6005 = ORIENTED_EDGE ( 'NONE', *, *, #802, .T. ) ;
#6006 = CARTESIAN_POINT ( 'NONE',  ( 0.1499999999999999944, -1.182819932169664190, 3.161304476251169060 ) ) ;
#6007 = CARTESIAN_POINT ( 'NONE',  ( 0.1499999999999999944, -1.080138219745139017, 2.357229415097884306 ) ) ;
#6008 = DIRECTION ( 'NONE',  ( 0.000000000000000000, 1.000000000000000000, 0.000000000000000000 ) ) ;
#6009 = DIRECTION ( 'NONE',  ( 0.000000000000000000, 0.6427876096865378086, -0.7660444431189793457 ) ) ;
#6010 = CARTESIAN_POINT ( 'NONE',  ( 0.1500000000000000500, -1.157565784005810228, 3.713580247800043921 ) ) ;
#6011 = CARTESIAN_POINT ( 'NONE',  ( 0.09999999999999997780, -1.075495395999824799, 2.145213229574159275 ) ) ;
#6012 = EDGE_LOOP ( 'NONE', ( #3352, #2287 ) ) ;
#6013 = CARTESIAN_POINT ( 'NONE',  ( 0.1000000000000000056, -1.077403846153845990, 2.899801081730768892 ) ) ;
#6014 = ORIENTED_EDGE ( 'NONE', *, *, #4525, .T. ) ;
#6015 = CARTESIAN_POINT ( 'NONE',  ( 0.1499999999999999944, -1.163529146634615152, 2.158980769230768981 ) ) ;
#6016 = CARTESIAN_POINT ( 'NONE',  ( 0.1000000000000000194, -1.103457608922094213, 3.729137353543411137 ) ) ;
#6017 = CARTESIAN_POINT ( 'NONE',  ( 0.1500000000000000500, -1.159652094063373218, 2.985329923976476785 ) ) ;
#6018 = APPROVAL_DATE_TIME ( #5381, #7061 ) ;
#6019 = CARTESIAN_POINT ( 'NONE',  ( 0.1000000000000000472, -1.115226452559443526, 2.967321129298388538 ) ) ;
#6020 = DIRECTION ( 'NONE',  ( -0.000000000000000000, 0.7833872096333807100, 0.6215339731525749700 ) ) ;
#6021 = CIRCLE ( 'NONE', #5780, 0.06496062999999985266 ) ;
#6022 = ADVANCED_FACE ( 'NONE', ( #5131 ), #5394, .T. ) ;
#6023 = EDGE_LOOP ( 'NONE', ( #2811, #6959, #573, #1561, #403, #6464, #6416, #1973 ) ) ;
#6024 = CARTESIAN_POINT ( 'NONE',  ( 0.1500000000000000500, -1.202365146852992117, 2.185484486971273288 ) ) ;
#6025 = CARTESIAN_POINT ( 'NONE',  ( 0.1499999999999999944, -1.083157633904104022, 2.831551508098947512 ) ) ;
#6026 = CARTESIAN_POINT ( 'NONE',  ( 0.09999999999999999167, -1.191921070229804203, 3.550097308293943321 ) ) ;
#6027 = CARTESIAN_POINT ( 'NONE',  ( 0.1499999999999999944, -1.204807692307692246, 3.610746093749999996 ) ) ;
#6028 = EDGE_LOOP ( 'NONE', ( #4659, #4274, #5988, #6890 ) ) ;
#6029 = VECTOR ( 'NONE', #5783, 39.37007874015748854 ) ;
#6030 = CARTESIAN_POINT ( 'NONE',  ( 0.1499999999999999944, -1.087793296628086548, 2.445787406863041635 ) ) ;
#6031 = CARTESIAN_POINT ( 'NONE',  ( 0.09999999999999999167, -1.035025495241136184, 3.654701631945652007 ) ) ;
#6032 = DIRECTION ( 'NONE',  ( 0.000000000000000000, 0.000000000000000000, 1.000000000000000000 ) ) ;
#6033 = CARTESIAN_POINT ( 'NONE',  ( 0.1499999999999999944, -1.080496692378294821, 2.401148184721923151 ) ) ;
#6034 = CARTESIAN_POINT ( 'NONE',  ( 0.1500000000000000500, -1.188104385736823865, 2.231451347046961242 ) ) ;
#6035 = CARTESIAN_POINT ( 'NONE',  ( 0.1000000000000000056, -1.176503423557302197, 3.174944505454599941 ) ) ;
#6036 = CARTESIAN_POINT ( 'NONE',  ( 0.09999999999999993616, -1.009295077335137902, 3.635241430845390198 ) ) ;
#6037 = B_SPLINE_CURVE_WITH_KNOTS ( 'NONE', 3,
 ( #840, #957, #2095, #2132, #6761, #5037, #5536, #6188, #1529, #2627, #3242 ),
 .UNSPECIFIED., .F., .F.,
 ( 4, 1, 1, 1, 1, 1, 1, 1, 4 ),
 ( 0.000000000000000000, 0.1323137753888183610, 0.2621873176281273032, 0.3913125230208047700, 0.5207284134854431867, 0.6473148512630133578, 0.7685462999629654179, 0.8860077551177228949, 1.000000000000000000 ),
 .UNSPECIFIED. ) ;
#6038 = CARTESIAN_POINT ( 'NONE',  ( 0.1500000000000000500, -1.090249399038461631, 2.420301382211538677 ) ) ;
#6039 = CARTESIAN_POINT ( 'NONE',  ( 0.1000000000000000056, 3.114921874281840974, 5.377800121357297236 ) ) ;
#6040 = CYLINDRICAL_SURFACE ( 'NONE', #2693, 0.06496062999999997756 ) ;
#6041 = ORIENTED_EDGE ( 'NONE', *, *, #1583, .F. ) ;
#6042 = CARTESIAN_POINT ( 'NONE',  ( 0.09999999999999997780, -1.183813754656427797, 3.157467120008045747 ) ) ;
#6043 = CARTESIAN_POINT ( 'NONE',  ( 0.1500000000000000500, -1.091833149406058245, 2.333412108737696222 ) ) ;
#6044 = EDGE_CURVE ( 'NONE', #4498, #1324, #7204, .T. ) ;
#6045 = CARTESIAN_POINT ( 'NONE',  ( 0.1000000000000000056, -1.162815504807692246, 2.137346153846154007 ) ) ;
#6046 = CARTESIAN_POINT ( 'NONE',  ( 0.1000000000000000056, -1.103277405073504358, 3.316819705157825204 ) ) ;
#6047 = DIRECTION ( 'NONE',  ( 0.000000000000000000, -0.6218821436015858906, 0.7831108474982941825 ) ) ;
#6048 = CARTESIAN_POINT ( 'NONE',  ( 0.09999999999999999167, -1.054415644153236409, 3.536291987289026828 ) ) ;
#6049 = CARTESIAN_POINT ( 'NONE',  ( 0.09999999999999997780, -1.065404999994888025, 2.162099366950544166 ) ) ;
#6050 = VECTOR ( 'NONE', #4617, 39.37007874015748143 ) ;
#6051 = ORIENTED_EDGE ( 'NONE', *, *, #5704, .T. ) ;
#6052 = ORIENTED_EDGE ( 'NONE', *, *, #6378, .F. ) ;
#6053 = CARTESIAN_POINT ( 'NONE',  ( 0.1499999999999999944, -1.165482271634615374, 3.515230769230769159 ) ) ;
#6054 = CARTESIAN_POINT ( 'NONE',  ( 0.09999999999999997780, -1.009295077335137902, 3.635241430845390198 ) ) ;
#6055 = CARTESIAN_POINT ( 'NONE',  ( 0.1499999999999999944, -1.130112435852920205, 3.314283528520284516 ) ) ;
#6056 = DATE_AND_TIME ( #3722, #2637 ) ;
#6057 = CARTESIAN_POINT ( 'NONE',  ( 0.1000000000000000056, 1.500000000000000444, 2.899999999999999467 ) ) ;
#6058 = CARTESIAN_POINT ( 'NONE',  ( 0.1000000000000000056, -1.171153846153845546, 2.222682692307691887 ) ) ;
#6059 = ORIENTED_EDGE ( 'NONE', *, *, #7538, .T. ) ;
#6060 = CARTESIAN_POINT ( 'NONE',  ( 0.1499999999999999944, -1.136335637019230793, 2.191019531249999819 ) ) ;
#6062 = ADVANCED_FACE ( 'NONE', ( #542 ), #7157, .T. ) ;
#6061 = CARTESIAN_POINT ( 'NONE',  ( 0.1500000000000000777, -1.100446273220970328, 2.325021894374327935 ) ) ;
#6063 = LINE ( 'NONE', #2047, #5472 ) ;
#6064 = EDGE_CURVE ( 'NONE', #4549, #4993, #7542, .T. ) ;
#6065 = CARTESIAN_POINT ( 'NONE',  ( 0.1000000000000000056, -1.199999999999999734, 2.747442307692307573 ) ) ;
#6066 = ORIENTED_EDGE ( 'NONE', *, *, #565, .F. ) ;
#6067 = CARTESIAN_POINT ( 'NONE',  ( 0.1000000000000000056, -1.101442307692308109, 2.840080528846154362 ) ) ;
#6068 = DIRECTION ( 'NONE',  ( 0.000000000000000000, 0.000000000000000000, 1.000000000000000000 ) ) ;
#6069 = PRODUCT_RELATED_PRODUCT_CATEGORY ( 'detail', '', ( #5647 ) ) ;
#6070 = DIRECTION ( 'NONE',  ( -1.000000000000000000, -0.000000000000000000, -0.000000000000000000 ) ) ;
#6071 = AXIS2_PLACEMENT_3D ( 'NONE', #4797, #139, #712 ) ;
#6072 = EDGE_CURVE ( 'NONE', #3368, #2370, #735, .T. ) ;
#6073 = DIRECTION ( 'NONE',  ( 1.000000000000000000, -0.000000000000000000, -0.000000000000000000 ) ) ;
#6074 = LINE ( 'NONE', #5468, #4441 ) ;
#6075 = ADVANCED_FACE ( 'NONE', ( #6135 ), #4835, .T. ) ;
#6076 = DIRECTION ( 'NONE',  ( 0.000000000000000000, 0.000000000000000000, 1.000000000000000000 ) ) ;
#6077 = CARTESIAN_POINT ( 'NONE',  ( 0.1499999999999999944, -1.067188058610235579, 3.720813785551380093 ) ) ;
#6078 = VECTOR ( 'NONE', #5600, 39.37007874015748143 ) ;
#6079 = VECTOR ( 'NONE', #6557, 39.37007874015748143 ) ;
#6080 = CARTESIAN_POINT ( 'NONE',  ( 0.09999999999999999167, -1.163912676631701393, 2.431427097121364511 ) ) ;
#6081 = DIRECTION ( 'NONE',  ( -1.000000000000000000, -0.000000000000000000, -0.000000000000000000 ) ) ;
#6082 = CARTESIAN_POINT ( 'NONE',  ( 0.1000000000000000056, -1.163529146634615374, 2.158980769230769425 ) ) ;
#6083 = VERTEX_POINT ( 'NONE', #5112 ) ;
#6084 = CARTESIAN_POINT ( 'NONE',  ( 0.1000000000000000056, 1.500000000000000444, 3.246062989921259856 ) ) ;
#6085 = CARTESIAN_POINT ( 'NONE',  ( 0.1000000000000000056, -1.069420394483568959, 2.853386456876225719 ) ) ;
#6086 = VECTOR ( 'NONE', #2352, 39.37007874015748143 ) ;
#6087 = CARTESIAN_POINT ( 'NONE',  ( 0.1499999999999999667, -1.039318432676404003, 3.699578814255068515 ) ) ;
#6088 = CARTESIAN_POINT ( 'NONE',  ( 0.1500000000000000500, -1.041836297504954656, 3.552888506293918613 ) ) ;
#6089 = CARTESIAN_POINT ( 'NONE',  ( 0.1499999999999999944, -1.007692307692307665, 2.560903846153845809 ) ) ;
#6090 = ORIENTED_EDGE ( 'NONE', *, *, #2331, .T. ) ;
#6091 = CARTESIAN_POINT ( 'NONE',  ( 0.1000000000000000056, -1.062980769230769118, 3.192634615384615238 ) ) ;
#6092 = ORIENTED_EDGE ( 'NONE', *, *, #963, .T. ) ;
#6093 = CARTESIAN_POINT ( 'NONE',  ( 0.09999999999999993616, -1.068258734483251260, 3.320043637114967527 ) ) ;
#6094 = DIRECTION ( 'NONE',  ( -1.000000000000000000, -0.000000000000000000, -0.000000000000000000 ) ) ;
#6095 = CARTESIAN_POINT ( 'NONE',  ( 0.1499999999999999944, -1.114689023461029604, 3.728904707653188044 ) ) ;
#6096 = CARTESIAN_POINT ( 'NONE',  ( 0.1499999999999999944, -1.103277405073504358, 3.316819705157825204 ) ) ;
#6097 = DIRECTION ( 'NONE',  ( 0.000000000000000000, 0.000000000000000000, -1.000000000000000000 ) ) ;
#6098 = ORIENTED_EDGE ( 'NONE', *, *, #6869, .F. ) ;
#6099 = CARTESIAN_POINT ( 'NONE',  ( 0.1500000000000000500, -1.200862349633553094, 2.172218495908035951 ) ) ;
#6100 = CARTESIAN_POINT ( 'NONE',  ( 0.1499999999999999944, -1.062980769230769118, 3.214269230769230656 ) ) ;
#6101 = CARTESIAN_POINT ( 'NONE',  ( 0.09999999999999996392, -1.194423780488455877, 3.100096828649076652 ) ) ;
#6102 = CARTESIAN_POINT ( 'NONE',  ( 0.09999999999999999167, -1.091826923076923084, 2.153271634615384400 ) ) ;
#6103 = ORIENTED_EDGE ( 'NONE', *, *, #1518, .T. ) ;
#6104 = CARTESIAN_POINT ( 'NONE',  ( 0.1000000000000000056, -1.083256657145658775, 2.865958474964146241 ) ) ;
#6105 = ORIENTED_EDGE ( 'NONE', *, *, #1874, .T. ) ;
#6106 = B_SPLINE_CURVE_WITH_KNOTS ( 'NONE', 3,
 ( #2059, #6655, #4429, #3815, #1420, #3169, #960, #5503, #264, #7258, #2019 ),
 .UNSPECIFIED., .F., .F.,
 ( 4, 1, 1, 1, 1, 1, 1, 1, 4 ),
 ( 0.000000000000000000, 0.07050714472715011172, 0.1554089898984080675, 0.2560269098349237105, 0.3727370012313220293, 0.5058676725682437203, 0.6543433985156782429, 0.8193963926342703319, 0.9999999999999998890 ),
 .UNSPECIFIED. ) ;
#6107 = CARTESIAN_POINT ( 'NONE',  ( 0.09999999999999996392, -1.032826123664716267, 3.648897779022451715 ) ) ;
#6108 = CARTESIAN_POINT ( 'NONE',  ( 0.1000000000000000056, -1.164606859683446904, 2.955820836467927037 ) ) ;
#6109 = CARTESIAN_POINT ( 'NONE',  ( 0.1000000000000000194, -1.174474926867217439, 2.826441746717749393 ) ) ;
#6110 = CARTESIAN_POINT ( 'NONE',  ( 0.1500000000000000500, -1.194929971851715900, 2.220624198681995676 ) ) ;
#6111 = CARTESIAN_POINT ( 'NONE',  ( 0.000000000000000000, 4.500000000000000888, 4.000000000000000888 ) ) ;
#6112 = CARTESIAN_POINT ( 'NONE',  ( 0.1500000000000000500, -1.054634915114683880, 3.713273676402958134 ) ) ;
#6113 = CARTESIAN_POINT ( 'NONE',  ( 0.1500000000000000500, -1.184742030421785941, 2.393264323389488801 ) ) ;
#6114 = CARTESIAN_POINT ( 'NONE',  ( 0.1500000000000000500, -1.129674840495378474, 2.161530890201467159 ) ) ;
#6115 = CARTESIAN_POINT ( 'NONE',  ( 0.1499999999999999944, -1.150458233173076827, 2.164802584134615238 ) ) ;
#6116 = ADVANCED_FACE ( 'NONE', ( #7441 ), #2737, .F. ) ;
#6117 = ORIENTED_EDGE ( 'NONE', *, *, #1774, .F. ) ;
#6118 = CARTESIAN_POINT ( 'NONE',  ( 0.1500000000000000500, -1.159592132408788334, 3.189131994447460539 ) ) ;
#6119 = CARTESIAN_POINT ( 'NONE',  ( 0.1499999999999999944, -1.130789789945720880, 3.214251767085689160 ) ) ;
#6120 = B_SPLINE_SURFACE_WITH_KNOTS ( 'NONE', 3, 1, ( 
 ( #5882, #3737 ),
 ( #3812, #2056 ),
 ( #874, #4388 ),
 ( #3699, #7372 ),
 ( #1454, #3852 ),
 ( #4459, #1379 ),
 ( #2590, #339 ) ),
 .UNSPECIFIED., .F., .F., .F.,
 ( 4, 1, 1, 1, 4 ),
 ( 2, 2 ),
 ( 0.000000000000000000, 0.2560521882616102474, 0.5036404212658360802, 0.7476604294265029038, 1.000000000000000000 ),
 ( 0.000000000000000000, 1.000000000000000000 ),
 .UNSPECIFIED. ) ;
#6121 = CARTESIAN_POINT ( 'NONE',  ( 0.1499999999999999944, -1.046760757060072100, 3.706956056086633922 ) ) ;
#6122 = CARTESIAN_POINT ( 'NONE',  ( 0.1499999999999999944, -1.034839706490017885, 3.567216051835813140 ) ) ;
#6123 = CARTESIAN_POINT ( 'NONE',  ( 0.1499999999999999944, -1.161538461538461409, 2.840080528846153918 ) ) ;
#6124 = ORIENTED_EDGE ( 'NONE', *, *, #1945, .T. ) ;
#6125 = DIRECTION ( 'NONE',  ( 0.000000000000000000, 0.000000000000000000, -1.000000000000000000 ) ) ;
#6126 = VECTOR ( 'NONE', #3389, 39.37007874015748143 ) ;
#6127 = ORIENTED_EDGE ( 'NONE', *, *, #7401, .F. ) ;
#6128 = CARTESIAN_POINT ( 'NONE',  ( 0.09999999999999993616, -1.070302550322373758, 3.316677970415889742 ) ) ;
#6129 = CARTESIAN_POINT ( 'NONE',  ( 0.1000000000000000056, -1.098071244210898412, 3.318710932153624338 ) ) ;
#6130 = CARTESIAN_POINT ( 'NONE',  ( 0.1499999999999999944, -1.105601576588414625, 2.433839569205985764 ) ) ;
#6131 = CARTESIAN_POINT ( 'NONE',  ( 0.1500000000000000500, -1.015561995839130427, 3.561988130311048106 ) ) ;
#6132 = CARTESIAN_POINT ( 'NONE',  ( 0.1000000000000000056, -1.108947923537442870, 2.299592335350261862 ) ) ;
#6133 = CARTESIAN_POINT ( 'NONE',  ( 0.1000000000000000056, 4.500000000000000888, 1.999999999999999334 ) ) ;
#6134 = ORIENTED_EDGE ( 'NONE', *, *, #5203, .F. ) ;
#6135 = FACE_OUTER_BOUND ( 'NONE', #2825, .T. ) ;
#6136 = EDGE_CURVE ( 'NONE', #7541, #6820, #3467, .T. ) ;
#6137 = CARTESIAN_POINT ( 'NONE',  ( 0.1499999999999999944, -1.148012321758832055, 3.213212383857078969 ) ) ;
#6138 = VECTOR ( 'NONE', #4987, 39.37007874015748854 ) ;
#6139 = CARTESIAN_POINT ( 'NONE',  ( 0.1000000000000000472, -1.192333524057841210, 3.096145270694265594 ) ) ;
#6140 = CARTESIAN_POINT ( 'NONE',  ( 0.1499999999999999667, -1.175440771783051952, 2.446304958714372813 ) ) ;
#6141 = ORIENTED_EDGE ( 'NONE', *, *, #5748, .T. ) ;
#6142 = CARTESIAN_POINT ( 'NONE',  ( 0.09999999999999997780, -1.129759106204243135, 2.463251883863838643 ) ) ;
#6143 = ORIENTED_EDGE ( 'NONE', *, *, #2804, .T. ) ;
#6144 = CARTESIAN_POINT ( 'NONE',  ( 0.09999999999999999167, -1.095865260885916070, 2.328943414610759710 ) ) ;
#6145 = CARTESIAN_POINT ( 'NONE',  ( 0.1000000000000000194, -1.169975570258329878, 2.949924139415257773 ) ) ;
#6146 = CARTESIAN_POINT ( 'NONE',  ( 0.1499999999999999944, -1.062980769230769118, 3.192634615384615238 ) ) ;
#6147 = CARTESIAN_POINT ( 'NONE',  ( 0.1000000000000000056, -1.062980769230769118, 2.658725360576922991 ) ) ;
#6148 = DIRECTION ( 'NONE',  ( 0.000000000000000000, 0.000000000000000000, -1.000000000000000000 ) ) ;
#6149 = VECTOR ( 'NONE', #4189, 39.37007874015748143 ) ;
#6150 = CARTESIAN_POINT ( 'NONE',  ( 0.09999999999999999167, -1.113776089332473518, 2.437928939281008400 ) ) ;
#6151 = CARTESIAN_POINT ( 'NONE',  ( 0.1499999999999999944, -1.158571213942307665, 3.189554687499999819 ) ) ;
#6152 = CARTESIAN_POINT ( 'NONE',  ( 0.1499999999999999944, -1.185537265545767660, 2.383206732097740144 ) ) ;
#6153 = CARTESIAN_POINT ( 'NONE',  ( 0.1499999999999999944, -1.202362512283117191, 2.894523302787048280 ) ) ;
#6154 = CARTESIAN_POINT ( 'NONE',  ( 0.09999999999999997780, -1.162330837703748454, 2.159053859810401210 ) ) ;
#6155 = AXIS2_PLACEMENT_3D ( 'NONE', #2220, #3292, #5167 ) ;
#6156 = CIRCLE ( 'NONE', #7252, 0.1000000000000000194 ) ;
#6157 = VERTEX_POINT ( 'NONE', #2044 ) ;
#6158 = CARTESIAN_POINT ( 'NONE',  ( 0.1500000000000000500, -1.158571213942307665, 3.189554687500000263 ) ) ;
#6159 = CARTESIAN_POINT ( 'NONE',  ( 0.1000000000000000056, -1.202259556483449510, 2.910254289085659085 ) ) ;
#6160 = B_SPLINE_CURVE_WITH_KNOTS ( 'NONE', 3,
 ( #1588, #5522, #1015, #5560, #6745, #3911, #6250, #4602, #1092, #5751, #2233, #6895, #6935, #1052, #513, #4560, #1701, #4032, #2273 ),
 .UNSPECIFIED., .F., .F.,
 ( 4, 1, 1, 1, 1, 1, 1, 1, 1, 1, 1, 1, 1, 1, 1, 1, 4 ),
 ( 0.000000000000000000, 0.05939912670153291163, 0.1167575612563092891, 0.1731605829026539589, 0.2289834114836794277, 0.2857073270692782607, 0.3433632285192892986, 0.4032093348189481619, 0.4653487779300649607, 0.5288480621426949746, 0.5923201173019000398, 0.6560594196336262396, 0.7208611355242864338, 0.7871458547882681511, 0.8556797796118793542, 0.9264245000415756159, 1.000000000000000000 ),
 .UNSPECIFIED. ) ;
#6161 = EDGE_CURVE ( 'NONE', #7087, #2686, #5068, .T. ) ;
#6162 = CARTESIAN_POINT ( 'NONE',  ( 0.1000000000000000194, -1.075528302486732590, 2.841510535969128615 ) ) ;
#6163 = ORIENTED_EDGE ( 'NONE', *, *, #1957, .T. ) ;
#6164 = CARTESIAN_POINT ( 'NONE',  ( 0.1000000000000000056, -1.092690805288461409, 2.823403846153846430 ) ) ;
#6165 = ORIENTED_EDGE ( 'NONE', *, *, #1745, .F. ) ;
#6166 = CARTESIAN_POINT ( 'NONE',  ( 0.09999999999999990841, -1.063532375814794095, 3.331165563758764048 ) ) ;
#6167 = CARTESIAN_POINT ( 'NONE',  ( 0.1500000000000000777, -1.087927239515195321, 3.325719736934797055 ) ) ;
#6168 = EDGE_CURVE ( 'NONE', #7485, #2185, #7400, .T. ) ;
#6169 = CARTESIAN_POINT ( 'NONE',  ( 0.1499999999999999944, -1.126532451923076827, 3.192634615384615238 ) ) ;
#6170 = CARTESIAN_POINT ( 'NONE',  ( 0.09999999999999990841, -1.132927583292774765, 3.725429468239560560 ) ) ;
#6171 = EDGE_CURVE ( 'NONE', #1177, #5029, #5565, .T. ) ;
#6172 = CARTESIAN_POINT ( 'NONE',  ( 0.1499999999999999944, -1.201767757202602205, 2.177029902574670217 ) ) ;
#6173 = DIRECTION ( 'NONE',  ( -1.000000000000000000, -0.000000000000000000, -0.000000000000000000 ) ) ;
#6174 = ORIENTED_EDGE ( 'NONE', *, *, #1085, .F. ) ;
#6175 = AXIS2_PLACEMENT_3D ( 'NONE', #1986, #5473, #4321 ) ;
#6176 = CARTESIAN_POINT ( 'NONE',  ( 0.1499999999999999944, -1.120368907304298833, 3.314530269947775665 ) ) ;
#6177 = CARTESIAN_POINT ( 'NONE',  ( 0.1500000000000000500, -1.102782599825273602, 3.404985160746470729 ) ) ;
#6178 = CARTESIAN_POINT ( 'NONE',  ( 0.1000000000000000056, -1.204217006837251080, 3.596059064589512744 ) ) ;
#6179 = ORIENTED_EDGE ( 'NONE', *, *, #99, .T. ) ;
#6180 = CARTESIAN_POINT ( 'NONE',  ( 0.1499999999999999944, -1.180882734723318617, 2.441113674908712561 ) ) ;
#6181 = ORIENTED_EDGE ( 'NONE', *, *, #3914, .T. ) ;
#6182 = CARTESIAN_POINT ( 'NONE',  ( 0.1000000000000000056, -1.060786755832598294, 2.369594145339215974 ) ) ;
#6183 = ORIENTED_EDGE ( 'NONE', *, *, #3840, .T. ) ;
#6184 = CARTESIAN_POINT ( 'NONE',  ( 0.1000000000000000056, -1.126532451923076827, 3.192634615384615238 ) ) ;
#6185 = B_SPLINE_SURFACE_WITH_KNOTS ( 'NONE', 3, 1, ( 
 ( #2673, #7338 ),
 ( #2097, #6764 ),
 ( #2254, #3324 ),
 ( #533, #3971 ),
 ( #3894, #2788 ),
 ( #3471, #4505 ),
 ( #1716, #495 ),
 ( #5657, #7413 ),
 ( #418, #6232 ),
 ( #4046, #4014 ),
 ( #570, #2896 ),
 ( #2860, #7452 ),
 ( #6307, #3399 ),
 ( #997, #2177 ),
 ( #2750, #2214 ) ),
 .UNSPECIFIED., .F., .F., .F.,
 ( 4, 1, 1, 1, 1, 1, 1, 1, 1, 1, 1, 1, 4 ),
 ( 2, 2 ),
 ( 0.000000000000000000, 0.1465760528294203779, 0.2851612733687887702, 0.4180480786555887396, 0.5506737692421419528, 0.6156216203934287146, 0.6757268351910931115, 0.7335368889606668219, 0.7890546931377133699, 0.8417869058414012562, 0.8938094518221493257, 0.9468653960568346184, 1.000000000000000000 ),
 ( 0.000000000000000000, 1.000000000000000000 ),
 .UNSPECIFIED. ) ;
#6186 = CARTESIAN_POINT ( 'NONE',  ( 0.09999999999999997780, -1.172017728365384537, 3.701341045673076646 ) ) ;
#6187 = DIRECTION ( 'NONE',  ( 0.000000000000000000, 0.7999999999999999334, -0.6000000000000000888 ) ) ;
#6188 = CARTESIAN_POINT ( 'NONE',  ( 0.1000000000000000472, -1.191704724513718228, 2.226280933052314559 ) ) ;
#6189 = CARTESIAN_POINT ( 'NONE',  ( 0.1500000000000000500, -1.184859758353078663, 2.369040156006690712 ) ) ;
#6190 = CARTESIAN_POINT ( 'NONE',  ( 0.1000000000000000056, -1.145160986899358413, 2.462028505987008398 ) ) ;
#6191 = CARTESIAN_POINT ( 'NONE',  ( 0.1500000000000000500, -1.108278245192307665, 2.201198317307692331 ) ) ;
#6192 = CARTESIAN_POINT ( 'NONE',  ( 0.1499999999999999944, -1.202327721757916246, 3.582014550039991363 ) ) ;
#6193 = CARTESIAN_POINT ( 'NONE',  ( 0.1499999999999999944, -1.101442307692307665, 2.840080528846153918 ) ) ;
#6194 = CARTESIAN_POINT ( 'NONE',  ( 0.1000000000000000472, -1.114883081571939716, 2.191971023702631083 ) ) ;
#6195 = DIRECTION ( 'NONE',  ( 0.000000000000000000, 0.000000000000000000, 1.000000000000000000 ) ) ;
#6196 = CARTESIAN_POINT ( 'NONE',  ( 0.09999999999999997780, -1.179709830052165787, 2.866502841138959923 ) ) ;
#6197 = ORIENTED_EDGE ( 'NONE', *, *, #744, .T. ) ;
#6198 = CARTESIAN_POINT ( 'NONE',  ( 0.1000000000000000056, -1.032959573214096372, 3.572313559428627716 ) ) ;
#6199 = CARTESIAN_POINT ( 'NONE',  ( 0.1000000000000000056, -1.175398535010578671, 3.204100807773900605 ) ) ;
#6200 = VECTOR ( 'NONE', #4049, 39.37007874015748854 ) ;
#6201 = VECTOR ( 'NONE', #3539, 39.37007874015748143 ) ;
#6202 = CARTESIAN_POINT ( 'NONE',  ( 0.1499999999999999944, -1.085367094641887187, 3.727136736454084609 ) ) ;
#6203 = VECTOR ( 'NONE', #271, 39.37007874015748143 ) ;
#6204 = ORIENTED_EDGE ( 'NONE', *, *, #1541, .F. ) ;
#6205 = CARTESIAN_POINT ( 'NONE',  ( 0.000000000000000000, 4.375000000000000000, 2.314960630000001185 ) ) ;
#6206 = EDGE_CURVE ( 'NONE', #3964, #5775, #2658, .T. ) ;
#6207 = EDGE_LOOP ( 'NONE', ( #3691, #4161, #5015, #3428 ) ) ;
#6208 = CARTESIAN_POINT ( 'NONE',  ( 0.09999999999999997780, -1.109923496983366231, 2.199460755919558252 ) ) ;
#6209 = CARTESIAN_POINT ( 'NONE',  ( 0.1500000000000000500, -1.075122578297232012, 2.956362820856477391 ) ) ;
#6210 = CARTESIAN_POINT ( 'NONE',  ( 0.1499999999999999944, -1.116203425480769118, 2.725807692307692154 ) ) ;
#6211 = CARTESIAN_POINT ( 'NONE',  ( 0.1000000000000000056, -1.030300124702215658, 3.533195359244150513 ) ) ;
#6212 = EDGE_CURVE ( 'NONE', #2365, #6667, #4415, .T. ) ;
#6213 = CARTESIAN_POINT ( 'NONE',  ( 0.09999999999999999167, -1.128183056823199193, 2.295244823720864247 ) ) ;
#6214 = CARTESIAN_POINT ( 'NONE',  ( 0.1500000000000000500, -1.155297940046053240, 2.436981244362682819 ) ) ;
#6215 = EDGE_CURVE ( 'NONE', #2161, #6311, #1020, .T. ) ;
#6216 = EDGE_CURVE ( 'NONE', #3400, #5110, #6944, .T. ) ;
#6217 = EDGE_LOOP ( 'NONE', ( #5993, #6124, #1024, #1414 ) ) ;
#6218 = EDGE_CURVE ( 'NONE', #4970, #5321, #826, .T. ) ;
#6219 = CARTESIAN_POINT ( 'NONE',  ( 0.1500000000000000500, -1.060824660258046448, 2.389356868915812449 ) ) ;
#6220 = CARTESIAN_POINT ( 'NONE',  ( 0.1500000000000000500, -1.083214380691437384, 3.382764425542026832 ) ) ;
#6221 = ORIENTED_EDGE ( 'NONE', *, *, #32, .T. ) ;
#6222 = CARTESIAN_POINT ( 'NONE',  ( 0.1500000000000000500, -1.194106617866575792, 2.421957519256265901 ) ) ;
#6223 = VERTEX_POINT ( 'NONE', #6412 ) ;
#6224 = EDGE_CURVE ( 'NONE', #1066, #1026, #5709, .T. ) ;
#6225 = VERTEX_POINT ( 'NONE', #5306 ) ;
#6226 = CARTESIAN_POINT ( 'NONE',  ( 0.1000000000000000056, -1.085097971670946126, 2.344237615401637331 ) ) ;
#6227 = CARTESIAN_POINT ( 'NONE',  ( 0.09999999999999999167, -1.108369999377351700, 3.729082686714157102 ) ) ;
#6228 = CARTESIAN_POINT ( 'NONE',  ( 0.1499999999999999944, -1.062980769230769118, 3.214269230769230656 ) ) ;
#6229 = CARTESIAN_POINT ( 'NONE',  ( 0.09999999999999999167, -1.177923975002208357, 2.829797261406254538 ) ) ;
#6230 = CARTESIAN_POINT ( 'NONE',  ( 0.09999999999999997780, -1.081196243576097338, 2.927472102729555381 ) ) ;
#6231 = CARTESIAN_POINT ( 'NONE',  ( 0.1000000000000000194, -1.162121923451320704, 2.324396258049551189 ) ) ;
#6232 = CARTESIAN_POINT ( 'NONE',  ( 0.1000000000000000472, -1.173794254138149640, 2.162385392693020325 ) ) ;
#6233 = CARTESIAN_POINT ( 'NONE',  ( 0.09999999999999997780, -1.184543350154526831, 3.593336502367846741 ) ) ;
#6234 = CARTESIAN_POINT ( 'NONE',  ( 0.1499999999999999667, -1.197970706470169677, 3.108743631159279097 ) ) ;
#6235 = DIRECTION ( 'NONE',  ( 1.000000000000000000, 0.000000000000000000, 0.000000000000000000 ) ) ;
#6236 = FACE_OUTER_BOUND ( 'NONE', #5497, .T. ) ;
#6237 = CARTESIAN_POINT ( 'NONE',  ( 0.1499999999999999944, -1.179753940486482744, 3.692699802055399161 ) ) ;
#6238 = EDGE_LOOP ( 'NONE', ( #3621, #2249 ) ) ;
#6239 = FACE_OUTER_BOUND ( 'NONE', #3527, .T. ) ;
#6240 = FACE_OUTER_BOUND ( 'NONE', #136, .T. ) ;
#6241 = CARTESIAN_POINT ( 'NONE',  ( 0.1500000000000000500, -1.091011030707931262, 2.824673243251827781 ) ) ;
#6242 = AXIS2_PLACEMENT_3D ( 'NONE', #356, #3218, #314 ) ;
#6243 = ORIENTED_EDGE ( 'NONE', *, *, #3600, .T. ) ;
#6244 = EDGE_CURVE ( 'NONE', #37, #1832, #6688, .T. ) ;
#6245 = DIRECTION ( 'NONE',  ( -1.000000000000000000, -0.000000000000000000, -0.000000000000000000 ) ) ;
#6246 = EDGE_LOOP ( 'NONE', ( #6344, #6052, #3610, #5311 ) ) ;
#6247 = FACE_OUTER_BOUND ( 'NONE', #4042, .T. ) ;
#6248 = CARTESIAN_POINT ( 'NONE',  ( 0.000000000000000000, -1.499999999999999556, 1.999999999999999334 ) ) ;
#6249 = CARTESIAN_POINT ( 'NONE',  ( 0.1499999999999999944, -1.101894560866267359, 2.431582717289067386 ) ) ;
#6250 = CARTESIAN_POINT ( 'NONE',  ( 0.1000000000000000194, -1.144488917738295530, 3.696819579843364512 ) ) ;
#6251 = CARTESIAN_POINT ( 'NONE',  ( 0.1500000000000000500, -1.078295338348248311, 3.345509347721165927 ) ) ;
#6252 = CARTESIAN_POINT ( 'NONE',  ( 0.1000000000000000472, -1.070412398410568455, 2.423896004487291478 ) ) ;
#6253 = ORIENTED_EDGE ( 'NONE', *, *, #3035, .T. ) ;
#6254 = CARTESIAN_POINT ( 'NONE',  ( 0.09999999999999997780, -1.190370504307440624, 2.428909316334320945 ) ) ;
#6255 = CARTESIAN_POINT ( 'NONE',  ( 0.09999999999999999167, -1.116226422020911269, 3.314815731692098311 ) ) ;
#6256 = CARTESIAN_POINT ( 'NONE',  ( 0.1499999999999999944, -1.201459276388294306, 2.362608873428630574 ) ) ;
#6257 = VERTEX_POINT ( 'NONE', #66 ) ;
#6258 = EDGE_CURVE ( 'NONE', #5595, #6789, #1961, .T. ) ;
#6259 = CARTESIAN_POINT ( 'NONE',  ( 0.1500000000000000500, -1.077538608134190445, 2.180163405011857236 ) ) ;
#6260 = ORIENTED_EDGE ( 'NONE', *, *, #3503, .F. ) ;
#6261 = ORIENTED_EDGE ( 'NONE', *, *, #6161, .F. ) ;
#6262 = LINE ( 'NONE', #3456, #2182 ) ;
#6263 = VERTEX_POINT ( 'NONE', #600 ) ;
#6264 = CC_DESIGN_DATE_AND_TIME_ASSIGNMENT ( #5489, #4873, ( #5937 ) ) ;
#6265 = CARTESIAN_POINT ( 'NONE',  ( 0.1500000000000000500, -1.060600733267333506, 2.186088120060770912 ) ) ;
#6266 = CARTESIAN_POINT ( 'NONE',  ( 0.1000000000000000194, -1.171850822128268188, 3.206281370056812907 ) ) ;
#6267 = CARTESIAN_POINT ( 'NONE',  ( 0.000000000000000000, 0.5000000000000014433, 0.06003936999999948815 ) ) ;
#6268 = CARTESIAN_POINT ( 'NONE',  ( 0.1000000000000000194, -1.185970301546636296, 2.435339487694598404 ) ) ;
#6269 = CARTESIAN_POINT ( 'NONE',  ( 0.09999999999999997780, -1.179709830052165787, 2.866502841138959923 ) ) ;
#6270 = CARTESIAN_POINT ( 'NONE',  ( 0.09999999999999993616, -1.185525462601251911, 3.604442463208731517 ) ) ;
#6271 = FACE_BOUND ( 'NONE', #4021, .T. ) ;
#6272 = CARTESIAN_POINT ( 'NONE',  ( 0.09999999999999999167, -1.109923496983366231, 2.199460755919558252 ) ) ;
#6273 = CARTESIAN_POINT ( 'NONE',  ( 0.1000000000000000194, -1.139711183308850240, 2.991431675447401517 ) ) ;
#6274 = CARTESIAN_POINT ( 'NONE',  ( 0.1000000000000000056, 8.195543980992789655E-16, 0.000000000000000000 ) ) ;
#6275 = ORIENTED_EDGE ( 'NONE', *, *, #3608, .T. ) ;
#6276 = CARTESIAN_POINT ( 'NONE',  ( 0.1000000000000000194, -1.185361085980677132, 2.183069656861727825 ) ) ;
#6277 = CARTESIAN_POINT ( 'NONE',  ( 0.1500000000000000500, -1.201966630263954672, 3.152482990635441684 ) ) ;
#6278 = CARTESIAN_POINT ( 'NONE',  ( 0.1500000000000000500, -1.026864624327727959, 3.538447600373817004 ) ) ;
#6279 = CIRCLE ( 'NONE', #4565, 0.06889763999999991284 ) ;
#6280 = VECTOR ( 'NONE', #2833, 39.37007874015748143 ) ;
#6281 = ORIENTED_EDGE ( 'NONE', *, *, #2482, .T. ) ;
#6282 = VECTOR ( 'NONE', #5698, 39.37007874015748143 ) ;
#6283 = CARTESIAN_POINT ( 'NONE',  ( 0.1000000000000000056, -1.131954217109968797, 3.067651839002956127 ) ) ;
#6284 = ORIENTED_EDGE ( 'NONE', *, *, #1075, .T. ) ;
#6285 = CARTESIAN_POINT ( 'NONE',  ( 0.09999999999999997780, -1.108278245192307665, 2.201198317307692331 ) ) ;
#6286 = CARTESIAN_POINT ( 'NONE',  ( 0.1499999999999999944, -1.072407368926175275, 2.951499627462744080 ) ) ;
#6287 = CARTESIAN_POINT ( 'NONE',  ( 0.1000000000000000056, -1.161651023914449077, 3.540659745265647640 ) ) ;
#6288 = CARTESIAN_POINT ( 'NONE',  ( 0.09999999999999997780, -1.204794219037017333, 3.613113183401461370 ) ) ;
#6289 = CARTESIAN_POINT ( 'NONE',  ( 0.1500000000000000500, -1.085653071755031229, 2.226991498922850976 ) ) ;
#6290 = DIRECTION ( 'NONE',  ( 0.000000000000000000, 0.000000000000000000, -1.000000000000000000 ) ) ;
#6291 = LINE ( 'NONE', #2276, #3094 ) ;
#6292 = ORIENTED_EDGE ( 'NONE', *, *, #2105, .F. ) ;
#6293 = CARTESIAN_POINT ( 'NONE',  ( 0.1500000000000000500, -1.199516912940315150, 2.406434102491170623 ) ) ;
#6294 = CARTESIAN_POINT ( 'NONE',  ( 0.1499999999999999944, -1.141785300538260772, 3.192209724711761343 ) ) ;
#6295 = CARTESIAN_POINT ( 'NONE',  ( 0.09999999999999996392, -1.105095834161254009, 3.316299029771969664 ) ) ;
#6296 = CARTESIAN_POINT ( 'NONE',  ( 0.09999999999999992228, -1.085365959361388244, 3.386642933967823677 ) ) ;
#6297 = ORIENTED_EDGE ( 'NONE', *, *, #6315, .T. ) ;
#6298 = CARTESIAN_POINT ( 'NONE',  ( 0.09999999999999997780, -1.107553456006059145, 2.458615834201811179 ) ) ;
#6299 = ORIENTED_EDGE ( 'NONE', *, *, #1592, .T. ) ;
#6300 = VECTOR ( 'NONE', #5889, 39.37007874015748143 ) ;
#6301 = EDGE_LOOP ( 'NONE', ( #75, #4566, #608, #893, #1881, #3138, #2573, #3042, #6848, #7177, #4477 ) ) ;
#6302 = ADVANCED_FACE ( 'NONE', ( #7521 ), #1821, .T. ) ;
#6303 = CARTESIAN_POINT ( 'NONE',  ( 0.000000000000000000, 1.874015748031496509, 2.931102359999999685 ) ) ;
#6304 = CARTESIAN_POINT ( 'NONE',  ( 0.1000000000000000194, -1.128448016826923084, 3.214269230769230656 ) ) ;
#6305 = CARTESIAN_POINT ( 'NONE',  ( 0.1499999999999999944, -1.185576923076922862, 2.381126201923076557 ) ) ;
#6306 = CARTESIAN_POINT ( 'NONE',  ( 0.1000000000000000056, -1.134111372183708388, 2.463246806282744839 ) ) ;
#6307 = CARTESIAN_POINT ( 'NONE',  ( 0.1500000000000000777, -1.165711982533038205, 2.159076401267139289 ) ) ;
#6308 = APPLICATION_CONTEXT ( 'configuration controlled 3d designs of mechanical parts and assemblies' ) ;
#6309 = CARTESIAN_POINT ( 'NONE',  ( 0.1499999999999999667, -1.173399755468524930, 3.558143683290911685 ) ) ;
#6310 =( GEOMETRIC_REPRESENTATION_CONTEXT ( 3 ) GLOBAL_UNCERTAINTY_ASSIGNED_CONTEXT ( ( #6333 ) ) GLOBAL_UNIT_ASSIGNED_CONTEXT ( ( #1000, #3291, #499 ) ) REPRESENTATION_CONTEXT ( 'NONE', 'WORKASPACE' ) );
#6311 = VERTEX_POINT ( 'NONE', #4039 ) ;
#6312 = CARTESIAN_POINT ( 'NONE',  ( 0.1000000000000000056, -1.199307548081585351, 3.113474113364999685 ) ) ;
#6313 = CARTESIAN_POINT ( 'NONE',  ( 0.1499999999999999944, -1.086117788461538503, 2.444264723557691976 ) ) ;
#6314 = CARTESIAN_POINT ( 'NONE',  ( 0.1000000000000000056, -1.375000000000000444, 3.814960629999999853 ) ) ;
#6315 = EDGE_CURVE ( 'NONE', #6789, #6753, #1211, .T. ) ;
#6316 = CYLINDRICAL_SURFACE ( 'NONE', #1967, 0.06496063000000093512 ) ;
#6317 = EDGE_CURVE ( 'NONE', #1045, #5408, #3634, .T. ) ;
#6318 = VERTEX_POINT ( 'NONE', #5869 ) ;
#6319 = CARTESIAN_POINT ( 'NONE',  ( 0.1499999999999999944, -1.150458233173076827, 3.412826923076923258 ) ) ;
#6320 = CARTESIAN_POINT ( 'NONE',  ( 0.1500000000000000500, -1.171518527868579351, 2.977154535421730586 ) ) ;
#6321 = DIRECTION ( 'NONE',  ( 1.000000000000000000, -0.000000000000000000, -0.000000000000000000 ) ) ;
#6322 = EDGE_CURVE ( 'NONE', #6223, #541, #2356, .T. ) ;
#6323 = CARTESIAN_POINT ( 'NONE',  ( 0.1000000000000000056, -1.129687499999999734, 3.067634615384615238 ) ) ;
#6324 = EDGE_LOOP ( 'NONE', ( #6384, #3563, #7068, #5385 ) ) ;
#6325 = FACE_OUTER_BOUND ( 'NONE', #5163, .T. ) ;
#6326 = CARTESIAN_POINT ( 'NONE',  ( 0.1000000000000000056, -1.185576923076922862, 3.140651442307692331 ) ) ;
#6327 = VECTOR ( 'NONE', #1509, 39.37007874015748143 ) ;
#6328 = CARTESIAN_POINT ( 'NONE',  ( 0.1499999999999999944, -1.151414497043687257, 2.163908256939439667 ) ) ;
#6329 = CARTESIAN_POINT ( 'NONE',  ( 0.09999999999999997780, -1.196668914910880899, 3.662090149845086184 ) ) ;
#6330 = CARTESIAN_POINT ( 'NONE',  ( 0.1499999999999999944, -1.079189205149911013, 2.223847190648313266 ) ) ;
#6331 = CARTESIAN_POINT ( 'NONE',  ( 0.1499999999999999944, -1.185576923076922862, 2.899650841346153918 ) ) ;
#6332 = VECTOR ( 'NONE', #925, 39.37007874015748143 ) ;
#6333 = UNCERTAINTY_MEASURE_WITH_UNIT (LENGTH_MEASURE( 1.000000000000000082E-05 ), #1000, 'distance_accuracy_value', 'NONE');
#6334 = CARTESIAN_POINT ( 'NONE',  ( 0.1499999999999999944, -1.062980769230769118, 2.658725360576922991 ) ) ;
#6335 = CARTESIAN_POINT ( 'NONE',  ( 0.1499999999999999944, -1.182128267275704969, 2.404490221172356446 ) ) ;
#6336 = AXIS2_PLACEMENT_3D ( 'NONE', #739, #6626, #3074 ) ;
#6337 = CARTESIAN_POINT ( 'NONE',  ( 0.1500000000000000500, -1.064185032754312310, 2.350760376701492849 ) ) ;
#6338 = EDGE_LOOP ( 'NONE', ( #4614, #331, #6989, #657, #5238, #481, #2819, #2070 ) ) ;
#6339 = CARTESIAN_POINT ( 'NONE',  ( 0.1500000000000000500, -1.194106617866575792, 2.421957519256265901 ) ) ;
#6340 = CARTESIAN_POINT ( 'NONE',  ( 0.1499999999999999944, -1.161538461538461409, 2.840080528846153918 ) ) ;
#6341 = CARTESIAN_POINT ( 'NONE',  ( 0.1499999999999999667, -1.130273346201830620, 3.703779996090465154 ) ) ;
#6342 = CARTESIAN_POINT ( 'NONE',  ( 0.1499999999999999667, -1.197028578694696588, 3.562290903295582734 ) ) ;
#6343 = CARTESIAN_POINT ( 'NONE',  ( 0.1000000000000000194, -1.113376513506339816, 2.460752181539823891 ) ) ;
#6344 = ORIENTED_EDGE ( 'NONE', *, *, #5748, .F. ) ;
#6345 = ORIENTED_EDGE ( 'NONE', *, *, #2146, .F. ) ;
#6346 = CARTESIAN_POINT ( 'NONE',  ( 0.1499999999999999944, -1.174566562841773187, 2.139239113415190019 ) ) ;
#6347 = DIRECTION ( 'NONE',  ( 0.000000000000000000, 0.000000000000000000, -1.000000000000000000 ) ) ;
#6348 = CARTESIAN_POINT ( 'NONE',  ( 0.1000000000000000194, -1.184859758353078663, 2.369040156006690712 ) ) ;
#6349 = CARTESIAN_POINT ( 'NONE',  ( 0.1000000000000000056, -1.184216712844567310, 2.882325993736257974 ) ) ;
#6350 = ORIENTED_EDGE ( 'NONE', *, *, #6360, .F. ) ;
#6351 = VERTEX_POINT ( 'NONE', #484 ) ;
#6352 = FACE_BOUND ( 'NONE', #6408, .T. ) ;
#6353 = PLANE ( 'NONE',  #4568 ) ;
#6354 = CARTESIAN_POINT ( 'NONE',  ( 0.1499999999999999944, -1.130025540865384537, 3.292634615384615326 ) ) ;
#6355 = EDGE_CURVE ( 'NONE', #3832, #5682, #970, .T. ) ;
#6356 = EDGE_LOOP ( 'NONE', ( #5376, #1105, #5066, #595 ) ) ;
#6357 = CARTESIAN_POINT ( 'NONE',  ( 0.1000000000000000056, -1.128008539366450735, 3.412084466486938528 ) ) ;
#6358 = CARTESIAN_POINT ( 'NONE',  ( 0.1000000000000000472, -1.062436375517637810, 3.335131104300465665 ) ) ;
#6359 = CARTESIAN_POINT ( 'NONE',  ( 0.1499999999999999944, -1.156730769230769118, 2.319978365384615326 ) ) ;
#6360 = EDGE_CURVE ( 'NONE', #3556, #7346, #98, .T. ) ;
#6361 = CARTESIAN_POINT ( 'NONE',  ( 0.09999999999999997780, -1.168208741244028293, 3.073729344418123510 ) ) ;
#6362 = CARTESIAN_POINT ( 'NONE',  ( 0.1000000000000000056, 1.500000000000000444, 3.383858269921259598 ) ) ;
#6363 = CARTESIAN_POINT ( 'NONE',  ( 0.1500000000000000500, -1.139178179912680333, 2.147756564528627621 ) ) ;
#6364 = CARTESIAN_POINT ( 'NONE',  ( 0.000000000000000000, 1.874015748031496509, 3.068897639999999427 ) ) ;
#6365 = CARTESIAN_POINT ( 'NONE',  ( 0.09999999999999997780, -1.202777379875459740, 3.637906779740283536 ) ) ;
#6366 = CARTESIAN_POINT ( 'NONE',  ( 0.1000000000000000056, -1.007692307692307665, 2.747442307692307573 ) ) ;
#6367 = CARTESIAN_POINT ( 'NONE',  ( 0.1499999999999999944, -1.179167434267030190, 2.934262141070870022 ) ) ;
#6368 = CARTESIAN_POINT ( 'NONE',  ( 0.1500000000000000500, -1.124674694033172218, 2.212847097339133207 ) ) ;
#6369 = CARTESIAN_POINT ( 'NONE',  ( 0.1500000000000000777, -1.087545072115384759, 2.313029747596154095 ) ) ;
#6370 = EDGE_LOOP ( 'NONE', ( #3330, #2622, #934, #2795 ) ) ;
#6371 = CARTESIAN_POINT ( 'NONE',  ( 0.09999999999999997780, -1.157795121852302600, 2.457826212970653845 ) ) ;
#6372 = CARTESIAN_POINT ( 'NONE',  ( 0.09999999999999997780, -1.161651023914449077, 3.540659745265647640 ) ) ;
#6373 = CARTESIAN_POINT ( 'NONE',  ( 0.1499999999999999944, -1.180058462206590608, 3.648621981933662273 ) ) ;
#6374 = CARTESIAN_POINT ( 'NONE',  ( 0.1500000000000000500, -1.114883081571939716, 2.191971023702631083 ) ) ;
#6375 = CARTESIAN_POINT ( 'NONE',  ( 0.1000000000000000472, -1.135559735697588168, 2.192778253821396905 ) ) ;
#6376 = VERTEX_POINT ( 'NONE', #1895 ) ;
#6377 = B_SPLINE_CURVE_WITH_KNOTS ( 'NONE', 3,
 ( #955, #3128, #1489, #5500, #3201, #225, #5535, #2626, #4351, #4425, #2554, #6108, #3166, #6145, #6687, #4999, #298, #6759, #5575, #1417, #1981, #4316, #838 ),
 .UNSPECIFIED., .F., .F.,
 ( 4, 1, 1, 1, 1, 1, 1, 1, 1, 1, 1, 1, 1, 1, 1, 1, 1, 1, 1, 1, 4 ),
 ( 0.000000000000000000, 0.03650772940593875748, 0.07284501845158602995, 0.1092834787994214907, 0.1453495902564423126, 0.1823951217470985708, 0.2197878141959856424, 0.2582444872360942223, 0.2974466256626174254, 0.3372698990853825740, 0.3770913598463447314, 0.4171243450749559933, 0.4578438439639213042, 0.4985757500393761532, 0.5404230387651161038, 0.5829377358821533628, 0.6267831138477628627, 0.7161252418425005928, 0.8074499112509949672, 0.9014850070869278031, 0.9999999999999998890 ),
 .UNSPECIFIED. ) ;
#6378 = EDGE_CURVE ( 'NONE', #1953, #5765, #2507, .T. ) ;
#6379 = CARTESIAN_POINT ( 'NONE',  ( 0.1499999999999999944, -1.166849146642826796, 2.137467337819826785 ) ) ;
#6380 = CARTESIAN_POINT ( 'NONE',  ( 0.09999999999999999167, -1.078673182629916294, 2.192792040214974758 ) ) ;
#6381 = CARTESIAN_POINT ( 'NONE',  ( 0.1000000000000000056, -1.199999999999999734, 3.314269230769230745 ) ) ;
#6382 = CARTESIAN_POINT ( 'NONE',  ( 0.1499999999999999944, -1.185576923076922862, 2.899650841346153918 ) ) ;
#6383 = VERTEX_POINT ( 'NONE', #7092 ) ;
#6384 = ORIENTED_EDGE ( 'NONE', *, *, #5050, .F. ) ;
#6385 = CARTESIAN_POINT ( 'NONE',  ( 0.1499999999999999944, -1.078268999282699925, 2.914227687677159118 ) ) ;
#6386 = CARTESIAN_POINT ( 'NONE',  ( 0.1500000000000000500, -1.119861295937956580, 3.411216837526592105 ) ) ;
#6387 = CARTESIAN_POINT ( 'NONE',  ( 0.1500000000000000500, -1.086138286825871102, 2.939438951375608955 ) ) ;
#6388 = LINE ( 'NONE', #1755, #4651 ) ;
#6389 = VERTEX_POINT ( 'NONE', #5983 ) ;
#6390 = CARTESIAN_POINT ( 'NONE',  ( 0.09999999999999997780, -1.064527299234484303, 2.205853531968371861 ) ) ;
#6391 = CARTESIAN_POINT ( 'NONE',  ( 0.1000000000000000056, -1.132617187499999956, 2.991673076923076824 ) ) ;
#6392 = AXIS2_PLACEMENT_3D ( 'NONE', #5144, #7473, #6877 ) ;
#6393 = CARTESIAN_POINT ( 'NONE',  ( 0.1499999999999999944, -1.131114783653845990, 2.970038461538460961 ) ) ;
#6394 = DIRECTION ( 'NONE',  ( -1.000000000000000000, -0.000000000000000000, -0.000000000000000000 ) ) ;
#6395 = CARTESIAN_POINT ( 'NONE',  ( 0.1499999999999999944, -1.172031680106959239, 3.075664710199045082 ) ) ;
#6396 = CARTESIAN_POINT ( 'NONE',  ( 0.1000000000000000472, -1.064404709954407391, 3.377367630005891908 ) ) ;
#6397 = CARTESIAN_POINT ( 'NONE',  ( 0.000000000000000000, 3.114921874281840974, 5.442760751357297089 ) ) ;
#6398 = EDGE_CURVE ( 'NONE', #88, #3824, #2594, .T. ) ;
#6399 = CARTESIAN_POINT ( 'NONE',  ( 0.09999999999999999167, -1.060576923076922862, 2.899087439903845986 ) ) ;
#6400 = CARTESIAN_POINT ( 'NONE',  ( 0.1499999999999999944, -1.204794219037017333, 3.613113183401461370 ) ) ;
#6401 = CARTESIAN_POINT ( 'NONE',  ( 0.1000000000000000056, -1.150458233173076827, 3.412826923076923258 ) ) ;
#6402 = AXIS2_PLACEMENT_3D ( 'NONE', #5323, #2411, #6506 ) ;
#6403 = CARTESIAN_POINT ( 'NONE',  ( 0.000000000000000000, 3.000000000000000888, 0.000000000000000000 ) ) ;
#6404 = CARTESIAN_POINT ( 'NONE',  ( 0.1000000000000000056, -1.068180144615164417, 2.156481316577143925 ) ) ;
#6405 = ORIENTED_EDGE ( 'NONE', *, *, #1289, .T. ) ;
#6406 = PLANE ( 'NONE',  #6458 ) ;
#6407 = ADVANCED_FACE ( 'NONE', ( #2468 ), #6599, .F. ) ;
#6408 = EDGE_LOOP ( 'NONE', ( #4894, #2504 ) ) ;
#6409 = CARTESIAN_POINT ( 'NONE',  ( 0.09999999999999997780, -1.180882734723318617, 2.441113674908712561 ) ) ;
#6410 = EDGE_CURVE ( 'NONE', #6870, #6389, #7166, .T. ) ;
#6411 = CARTESIAN_POINT ( 'NONE',  ( 0.1499999999999999944, -1.185557159757053558, 3.139173250177001773 ) ) ;
#6412 = CARTESIAN_POINT ( 'NONE',  ( 0.1499999999999999944, -1.199999999999999956, 3.292634615384615326 ) ) ;
#6413 = CARTESIAN_POINT ( 'NONE',  ( 0.1499999999999999944, -1.118269230769230793, 2.439569711538461583 ) ) ;
#6414 = B_SPLINE_CURVE_WITH_KNOTS ( 'NONE', 3,
 ( #6931, #2270, #1123, #1238, #5858, #6892, #5747, #3485, #6363, #1698, #6968 ),
 .UNSPECIFIED., .F., .F.,
 ( 4, 1, 1, 1, 1, 1, 1, 1, 4 ),
 ( 0.000000000000000000, 0.1634826610796633883, 0.3154437535745474586, 0.4564897705267740302, 0.5863408996220685898, 0.7049148094753546756, 0.8128677552164222941, 0.9112545057557651651, 1.000000000000000000 ),
 .UNSPECIFIED. ) ;
#6415 = CARTESIAN_POINT ( 'NONE',  ( 0.1000000000000000056, -1.136335637019230793, 2.191019531249999819 ) ) ;
#6416 = ORIENTED_EDGE ( 'NONE', *, *, #4653, .F. ) ;
#6417 = CARTESIAN_POINT ( 'NONE',  ( 0.09999999999999999167, -1.017952103226871463, 3.555725511388164950 ) ) ;
#6418 = CARTESIAN_POINT ( 'NONE',  ( 0.09999999999999997780, -1.110328421392415832, 2.965121465623525410 ) ) ;
#6419 = CARTESIAN_POINT ( 'NONE',  ( 0.1499999999999999944, -1.202403846153846212, 2.379360877403846164 ) ) ;
#6420 = CARTESIAN_POINT ( 'NONE',  ( 0.09999999999999993616, -1.062186082025088130, 3.369256723520424490 ) ) ;
#6421 = VERTEX_POINT ( 'NONE', #4265 ) ;
#6422 = ORIENTED_EDGE ( 'NONE', *, *, #5286, .T. ) ;
#6423 = CARTESIAN_POINT ( 'NONE',  ( 0.1499999999999999944, -1.116581890685154788, 3.410650460966519582 ) ) ;
#6424 = CARTESIAN_POINT ( 'NONE',  ( 0.1000000000000000472, -1.060786755832598294, 2.369594145339215974 ) ) ;
#6425 = CARTESIAN_POINT ( 'NONE',  ( 0.1499999999999999944, -1.077605707722128159, 2.890729047604104984 ) ) ;
#6426 = ORIENTED_EDGE ( 'NONE', *, *, #3663, .T. ) ;
#6427 = CARTESIAN_POINT ( 'NONE',  ( 0.1499999999999999944, -1.062980769230769118, 3.192634615384615238 ) ) ;
#6428 = CARTESIAN_POINT ( 'NONE',  ( 0.1499999999999999944, -1.199999999999999956, 3.412826923076923258 ) ) ;
#6429 = AXIS2_PLACEMENT_3D ( 'NONE', #7160, #3647, #4292 ) ;
#6430 = CARTESIAN_POINT ( 'NONE',  ( 0.1500000000000000500, -1.080678752586310409, 3.725900102763839428 ) ) ;
#6431 = CARTESIAN_POINT ( 'NONE',  ( 0.1499999999999999944, -1.096521935096153699, 2.228692307692307750 ) ) ;
#6432 = CARTESIAN_POINT ( 'NONE',  ( 0.1499999999999999944, -1.171153846153845990, 2.222682692307691887 ) ) ;
#6433 = CARTESIAN_POINT ( 'NONE',  ( 0.1499999999999999944, -1.159320493816162534, 3.070689609930751907 ) ) ;
#6434 = DIRECTION ( 'NONE',  ( -1.000000000000000000, -0.000000000000000000, -0.000000000000000000 ) ) ;
#6435 = CARTESIAN_POINT ( 'NONE',  ( 0.1000000000000000056, -1.181639905593623752, 3.116597275389658694 ) ) ;
#6436 = CARTESIAN_POINT ( 'NONE',  ( 0.1000000000000000194, -1.181219259624516127, 3.577548439322519869 ) ) ;
#6437 = CARTESIAN_POINT ( 'NONE',  ( 0.09999999999999997780, -1.204767678318272361, 3.617776064612612696 ) ) ;
#6438 = LINE ( 'NONE', #5256, #5109 ) ;
#6439 = CARTESIAN_POINT ( 'NONE',  ( 0.1499999999999999944, -1.165123701422912994, 3.707966298351239587 ) ) ;
#6440 = CARTESIAN_POINT ( 'NONE',  ( 0.1000000000000000194, -1.071525042523621130, 2.150851133886336086 ) ) ;
#6441 = ORIENTED_EDGE ( 'NONE', *, *, #5278, .T. ) ;
#6442 = CARTESIAN_POINT ( 'NONE',  ( 0.1499999999999999944, -1.181639905593623752, 3.116597275389658694 ) ) ;
#6443 = AXIS2_PLACEMENT_3D ( 'NONE', #4529, #3918, #6791 ) ;
#6444 = VERTEX_POINT ( 'NONE', #1402 ) ;
#6445 = EDGE_CURVE ( 'NONE', #1376, #2200, #2969, .T. ) ;
#6446 = CARTESIAN_POINT ( 'NONE',  ( 0.1499999999999999944, -1.068258734483251260, 3.320043637114967527 ) ) ;
#6447 = CARTESIAN_POINT ( 'NONE',  ( 0.1499999999999999944, -1.007692307692307665, 2.747442307692307573 ) ) ;
#6448 = DIRECTION ( 'NONE',  ( 0.000000000000000000, 0.000000000000000000, 1.000000000000000000 ) ) ;
#6449 = CARTESIAN_POINT ( 'NONE',  ( 0.1500000000000000500, -1.182167322568001833, 3.533623780046022400 ) ) ;
#6450 = VECTOR ( 'NONE', #3877, 39.37007874015748143 ) ;
#6451 = VECTOR ( 'NONE', #1276, 39.37007874015748143 ) ;
#6452 = CARTESIAN_POINT ( 'NONE',  ( 0.1000000000000000056, 1.125984251968504157, 2.999999999999999556 ) ) ;
#6453 = ADVANCED_FACE ( 'NONE', ( #3115 ), #4871, .T. ) ;
#6454 = EDGE_CURVE ( 'NONE', #488, #4313, #2541, .T. ) ;
#6455 = EDGE_LOOP ( 'NONE', ( #3886, #534, #4876, #1170 ) ) ;
#6456 = B_SPLINE_CURVE_WITH_KNOTS ( 'NONE', 3,
 ( #5836, #1743, #5871, #4004, #2321, #2817, #1215 ),
 .UNSPECIFIED., .F., .F.,
 ( 4, 1, 1, 1, 4 ),
 ( 0.000000000000000000, 0.2589653163108728839, 0.5063960492993991869, 0.7508729185289345631, 1.000000000000000000 ),
 .UNSPECIFIED. ) ;
#6457 = CARTESIAN_POINT ( 'NONE',  ( 0.1000000000000000056, -1.087171796895433307, 2.415880952498306922 ) ) ;
#6458 = AXIS2_PLACEMENT_3D ( 'NONE', #6758, #5074, #6797 ) ;
#6459 = CARTESIAN_POINT ( 'NONE',  ( 0.1499999999999999944, -1.185559630433673517, 3.608228822279517356 ) ) ;
#6460 = CARTESIAN_POINT ( 'NONE',  ( 0.1500000000000000500, -1.163077977018931453, 3.679934332496271665 ) ) ;
#6461 = CARTESIAN_POINT ( 'NONE',  ( 0.1499999999999999944, -1.060576923076922862, 2.184521634615384400 ) ) ;
#6462 = CARTESIAN_POINT ( 'NONE',  ( 0.1500000000000000500, -1.185361085980677132, 2.183069656861727825 ) ) ;
#6463 = ADVANCED_FACE ( 'NONE', ( #6672 ), #201, .T. ) ;
#6464 = ORIENTED_EDGE ( 'NONE', *, *, #6546, .F. ) ;
#6465 = CARTESIAN_POINT ( 'NONE',  ( 0.1499999999999999944, -1.185513636394051940, 3.145051857739078915 ) ) ;
#6466 = CARTESIAN_POINT ( 'NONE',  ( 0.1000000000000000472, -1.067132074299359301, 2.342117759783722164 ) ) ;
#6467 = CARTESIAN_POINT ( 'NONE',  ( 0.1000000000000000056, -1.199999999999999734, 2.725807692307692154 ) ) ;
#6468 = VERTEX_POINT ( 'NONE', #6711 ) ;
#6469 = ORIENTED_EDGE ( 'NONE', *, *, #3775, .F. ) ;
#6470 = CARTESIAN_POINT ( 'NONE',  ( 0.1499999999999999944, -1.165727197675556104, 2.981643970671747024 ) ) ;
#6471 = CARTESIAN_POINT ( 'NONE',  ( 0.1000000000000000056, -1.071604069445955876, 3.722735087714867941 ) ) ;
#6472 = CARTESIAN_POINT ( 'NONE',  ( 0.1500000000000000500, -1.087545072115384537, 2.313029747596153651 ) ) ;
#6473 = LINE ( 'NONE', #1234, #4976 ) ;
#6474 = CARTESIAN_POINT ( 'NONE',  ( 0.1000000000000000194, -1.180155529717314078, 2.409718653170820346 ) ) ;
#6475 = ORIENTED_EDGE ( 'NONE', *, *, #4525, .F. ) ;
#6476 = CARTESIAN_POINT ( 'NONE',  ( 0.1000000000000000056, -1.088859675480769340, 3.412826923076923258 ) ) ;
#6477 = CARTESIAN_POINT ( 'NONE',  ( 0.1500000000000000500, -1.062893174483471093, 2.923954976612660239 ) ) ;
#6478 = CARTESIAN_POINT ( 'NONE',  ( 0.09999999999999999167, -1.085920158614494424, 3.327964086706681979 ) ) ;
#6479 = CARTESIAN_POINT ( 'NONE',  ( 0.1000000000000000194, -1.062893174483471093, 2.923954976612660239 ) ) ;
#6480 = CARTESIAN_POINT ( 'NONE',  ( 0.1000000000000000056, -1.145283214943406236, 2.967780548561368636 ) ) ;
#6481 = CARTESIAN_POINT ( 'NONE',  ( 0.1499999999999999944, -1.172017728365384537, 3.701341045673076646 ) ) ;
#6482 = B_SPLINE_CURVE_WITH_KNOTS ( 'NONE', 3,
 ( #5448, #208, #1655, #2837, #2874, #4519, #7546, #5175, #6891, #397, #1547 ),
 .UNSPECIFIED., .F., .F.,
 ( 4, 1, 1, 1, 1, 1, 1, 1, 4 ),
 ( 0.000000000000000000, 0.1399889489122103092, 0.2733737020722339928, 0.4009542240703188876, 0.5254447277857976495, 0.6461452408532432079, 0.7641708857525006948, 0.8817028753978503053, 0.9999999999999998890 ),
 .UNSPECIFIED. ) ;
#6483 = FACE_OUTER_BOUND ( 'NONE', #6910, .T. ) ;
#6484 = EDGE_LOOP ( 'NONE', ( #3217, #863, #7507, #4081 ) ) ;
#6485 = LINE ( 'NONE', #1245, #711 ) ;
#6486 = ORIENTED_EDGE ( 'NONE', *, *, #189, .F. ) ;
#6487 = DIRECTION ( 'NONE',  ( -1.000000000000000000, -0.000000000000000000, -0.000000000000000000 ) ) ;
#6488 = CARTESIAN_POINT ( 'NONE',  ( 0.1499999999999999944, -1.086596596177302754, 3.410719052307348065 ) ) ;
#6489 = DIRECTION ( 'NONE',  ( -1.000000000000000000, -0.000000000000000000, -0.000000000000000000 ) ) ;
#6490 = CARTESIAN_POINT ( 'NONE',  ( 0.09999999999999997780, -1.200845046821791273, 3.575263705231639388 ) ) ;
#6491 = CARTESIAN_POINT ( 'NONE',  ( 0.1499999999999999667, -1.027552910232684802, 3.624421673047436787 ) ) ;
#6492 = ORIENTED_EDGE ( 'NONE', *, *, #5602, .T. ) ;
#6493 = FACE_OUTER_BOUND ( 'NONE', #7161, .T. ) ;
#6494 = CARTESIAN_POINT ( 'NONE',  ( 0.1499999999999999944, -1.177790401224700689, 3.567611416686174319 ) ) ;
#6496 = ADVANCED_FACE ( 'NONE', ( #3839 ), #813, .T. ) ;
#6495 = CARTESIAN_POINT ( 'NONE',  ( 0.1499999999999999667, -1.122656708562292271, 3.705976108876197550 ) ) ;
#6497 = CYLINDRICAL_SURFACE ( 'NONE', #217, 0.6250000000000011102 ) ;
#6498 = CARTESIAN_POINT ( 'NONE',  ( 0.1499999999999999944, -1.167847281875497023, 2.159496046740540631 ) ) ;
#6499 = VERTEX_POINT ( 'NONE', #7318 ) ;
#6500 = DIRECTION ( 'NONE',  ( 0.000000000000000000, 1.000000000000000000, 0.000000000000000000 ) ) ;
#6501 = VECTOR ( 'NONE', #3730, 39.37007874015748143 ) ;
#6502 = CARTESIAN_POINT ( 'NONE',  ( 0.1000000000000000056, -1.499999999999999556, 1.999999999999999334 ) ) ;
#6503 = CARTESIAN_POINT ( 'NONE',  ( 0.1000000000000000056, 0.5000000000000014433, 0.06003936999999948815 ) ) ;
#6504 = EDGE_CURVE ( 'NONE', #4652, #4903, #6160, .T. ) ;
#6505 = EDGE_LOOP ( 'NONE', ( #4836, #2142, #4400, #1282 ) ) ;
#6506 = DIRECTION ( 'NONE',  ( 0.000000000000000000, 0.000000000000000000, 1.000000000000000000 ) ) ;
#6507 = CARTESIAN_POINT ( 'NONE',  ( 0.1000000000000000056, -1.165482271634614930, 3.515230769230769159 ) ) ;
#6508 = B_SPLINE_CURVE_WITH_KNOTS ( 'NONE', 3,
 ( #1390, #5478, #4896, #3748, #1428, #3178, #6554, #6085, #5511, #129, #1844, #698, #3642, #2457, #7120 ),
 .UNSPECIFIED., .F., .F.,
 ( 4, 1, 1, 1, 1, 1, 1, 1, 1, 1, 1, 1, 4 ),
 ( 0.000000000000000000, 0.09564600444289737824, 0.1894966849883785998, 0.2827790459854110372, 0.3756328846186633985, 0.4659330630580644783, 0.5506993041275879408, 0.6309131285157720814, 0.7064826846974233687, 0.7799267626513781693, 0.8527485512576419291, 0.9259690022693954914, 1.000000000000000000 ),
 .UNSPECIFIED. ) ;
#6509 = CARTESIAN_POINT ( 'NONE',  ( 0.1499999999999999944, -1.116083250123739656, 2.222024346840922426 ) ) ;
#6510 = CARTESIAN_POINT ( 'NONE',  ( 0.09999999999999993616, -1.196117614649125693, 2.860335210556075314 ) ) ;
#6511 = DIRECTION ( 'NONE',  ( -1.000000000000000000, 0.000000000000000000, -0.000000000000000000 ) ) ;
#6512 = ORIENTED_EDGE ( 'NONE', *, *, #7113, .T. ) ;
#6513 = CARTESIAN_POINT ( 'NONE',  ( 0.1499999999999999944, -1.060576923076922862, 2.899087439903845986 ) ) ;
#6514 = CARTESIAN_POINT ( 'NONE',  ( 0.09999999999999999167, -1.130025540865384537, 3.292634615384615326 ) ) ;
#6515 = CARTESIAN_POINT ( 'NONE',  ( 0.09999999999999999167, -1.079987163100091241, 3.338881218886675217 ) ) ;
#6516 = CARTESIAN_POINT ( 'NONE',  ( 0.1499999999999999944, -1.116033485498254096, 2.317411594354075177 ) ) ;
#6517 = DIRECTION ( 'NONE',  ( 0.000000000000000000, 0.6215339731525748590, -0.7833872096333805990 ) ) ;
#6518 = CARTESIAN_POINT ( 'NONE',  ( 0.1000000000000000194, -1.116226422020911269, 3.314815731692098311 ) ) ;
#6519 = CARTESIAN_POINT ( 'NONE',  ( 0.1499999999999999944, -1.080070612980769118, 2.139749999999999819 ) ) ;
#6520 = VERTEX_POINT ( 'NONE', #6366 ) ;
#6521 = CARTESIAN_POINT ( 'NONE',  ( 0.1000000000000000056, -1.199999999999999734, 3.412826923076923258 ) ) ;
#6522 = ORIENTED_EDGE ( 'NONE', *, *, #4946, .T. ) ;
#6523 = CARTESIAN_POINT ( 'NONE',  ( 0.09999999999999993616, -1.060628687585301710, 3.347777717361984262 ) ) ;
#6524 = LINE ( 'NONE', #3614, #5189 ) ;
#6525 = VECTOR ( 'NONE', #3096, 39.37007874015748143 ) ;
#6526 = DIRECTION ( 'NONE',  ( 0.000000000000000000, 0.000000000000000000, 1.000000000000000000 ) ) ;
#6527 = CARTESIAN_POINT ( 'NONE',  ( 0.1000000000000000056, -1.117630709134615374, 2.220804687499999819 ) ) ;
#6528 = DIRECTION ( 'NONE',  ( -1.000000000000000000, -0.000000000000000000, -0.000000000000000000 ) ) ;
#6529 = CARTESIAN_POINT ( 'NONE',  ( 0.1499999999999999944, -1.031045223945540545, 3.642937778337580923 ) ) ;
#6530 = VECTOR ( 'NONE', #3757, 39.37007874015748143 ) ;
#6531 = VECTOR ( 'NONE', #5895, 39.37007874015748143 ) ;
#6532 = CIRCLE ( 'NONE', #3958, 0.06496063000000000531 ) ;
#6533 = ORIENTED_EDGE ( 'NONE', *, *, #4, .T. ) ;
#6534 = DIRECTION ( 'NONE',  ( -1.000000000000000000, -0.000000000000000000, -0.000000000000000000 ) ) ;
#6535 = CARTESIAN_POINT ( 'NONE',  ( 0.1000000000000000194, -1.094644850697069627, 2.206982246139913340 ) ) ;
#6536 = CARTESIAN_POINT ( 'NONE',  ( 0.1500000000000000500, -1.114657412218686305, 3.707270897483709859 ) ) ;
#6537 = FACE_OUTER_BOUND ( 'NONE', #1426, .T. ) ;
#6538 = CARTESIAN_POINT ( 'NONE',  ( 0.1499999999999999944, -1.171887677761226820, 2.161135214697419205 ) ) ;
#6539 = ORIENTED_EDGE ( 'NONE', *, *, #4856, .T. ) ;
#6540 = CARTESIAN_POINT ( 'NONE',  ( 0.09999999999999997780, -1.172017728365384537, 3.701341045673076646 ) ) ;
#6541 = LINE ( 'NONE', #6502, #1206 ) ;
#6542 = CARTESIAN_POINT ( 'NONE',  ( 0.1500000000000000500, -1.162121923451320704, 2.324396258049551189 ) ) ;
#6543 = EDGE_CURVE ( 'NONE', #5794, #7248, #7512, .T. ) ;
#6544 = CARTESIAN_POINT ( 'NONE',  ( 0.09999999999999999167, -1.101128113631446137, 3.295199379323973332 ) ) ;
#6545 = CARTESIAN_POINT ( 'NONE',  ( 0.1499999999999999944, -1.185491682314883111, 2.902898121375770746 ) ) ;
#6546 = EDGE_CURVE ( 'NONE', #7321, #3458, #1127, .T. ) ;
#6547 = CARTESIAN_POINT ( 'NONE',  ( 0.1499999999999999944, -1.102278739126991480, 2.228445396442250814 ) ) ;
#6548 = CARTESIAN_POINT ( 'NONE',  ( 0.1499999999999999944, -1.139565805288461409, 2.725807692307692154 ) ) ;
#6549 = EDGE_CURVE ( 'NONE', #6263, #2370, #5141, .T. ) ;
#6550 = CARTESIAN_POINT ( 'NONE',  ( 0.09999999999999999167, -1.193660016518127698, 2.155248163234518177 ) ) ;
#6551 = CIRCLE ( 'NONE', #2020, 0.06496062999999985266 ) ;
#6552 = EDGE_LOOP ( 'NONE', ( #6117, #3808, #5723, #7199 ) ) ;
#6553 = CARTESIAN_POINT ( 'NONE',  ( 0.1000000000000000194, -1.109159926501981364, 2.987034144110704226 ) ) ;
#6554 = CARTESIAN_POINT ( 'NONE',  ( 0.09999999999999999167, -1.066875418538705267, 2.860186960564071068 ) ) ;
#6555 = CARTESIAN_POINT ( 'NONE',  ( 0.1499999999999999944, -1.202362512283117191, 2.894523302787048280 ) ) ;
#6556 = B_SPLINE_SURFACE_WITH_KNOTS ( 'NONE', 3, 1, ( 
 ( #2974, #5875 ),
 ( #1180, #4120 ),
 ( #6536, #2933 ),
 ( #6495, #5314 ),
 ( #7531, #1256 ),
 ( #2325, #4619 ),
 ( #641, #4195 ),
 ( #1295, #2443 ),
 ( #5273, #4045 ),
 ( #6460, #1220 ),
 ( #73, #7066 ),
 ( #1829, #721 ),
 ( #4769, #35 ),
 ( #1749, #2401 ),
 ( #4692, #3547 ),
 ( #2290, #3583 ),
 ( #6950, #7566 ),
 ( #5915, #680 ),
 ( #3017, #5352 ) ),
 .UNSPECIFIED., .F., .F., .F.,
 ( 4, 1, 1, 1, 1, 1, 1, 1, 1, 1, 1, 1, 1, 1, 1, 1, 4 ),
 ( 2, 2 ),
 ( 0.000000000000000000, 0.05939912670153291163, 0.1167575612563092891, 0.1731605829026539589, 0.2289834114836794277, 0.2857073270692782607, 0.3433632285192892986, 0.4032093348189481619, 0.4653487779300649607, 0.5288480621426949746, 0.5923201173019000398, 0.6560594196336262396, 0.7208611355242864338, 0.7871458547882681511, 0.8556797796118793542, 0.9264245000415756159, 1.000000000000000000 ),
 ( 0.000000000000000000, 1.000000000000000000 ),
 .UNSPECIFIED. ) ;
#6557 = DIRECTION ( 'NONE',  ( -1.000000000000000000, -0.000000000000000000, -0.000000000000000000 ) ) ;
#6558 = CARTESIAN_POINT ( 'NONE',  ( 0.1499999999999999944, -1.108369999377351700, 3.729082686714157102 ) ) ;
#6559 = EDGE_CURVE ( 'NONE', #2494, #6263, #3333, .T. ) ;
#6560 = CARTESIAN_POINT ( 'NONE',  ( 0.1499999999999999667, -1.028011323706641944, 3.593979364392029030 ) ) ;
#6561 = ORIENTED_EDGE ( 'NONE', *, *, #4630, .F. ) ;
#6562 = CARTESIAN_POINT ( 'NONE',  ( 0.09999999999999997780, -1.172637954074787769, 3.101552926237948427 ) ) ;
#6563 = EDGE_LOOP ( 'NONE', ( #3125, #1601, #6426, #4325 ) ) ;
#6564 = CARTESIAN_POINT ( 'NONE',  ( 0.1000000000000000056, -1.007692307692307665, 2.747442307692307573 ) ) ;
#6565 = FACE_OUTER_BOUND ( 'NONE', #4071, .T. ) ;
#6566 = CARTESIAN_POINT ( 'NONE',  ( 0.1499999999999999944, -1.191119856625585172, 2.952116268480002415 ) ) ;
#6567 = CALENDAR_DATE ( 2026, 27, 4 ) ;
#6568 = CARTESIAN_POINT ( 'NONE',  ( 0.1000000000000000056, -1.092973386626469257, 2.950067561412110351 ) ) ;
#6569 = CARTESIAN_POINT ( 'NONE',  ( 0.1000000000000000472, -1.118407511813543032, 2.220091592921168644 ) ) ;
#6570 = VERTEX_POINT ( 'NONE', #1027 ) ;
#6571 = AXIS2_PLACEMENT_3D ( 'NONE', #5638, #5524, #3799 ) ;
#6572 = CARTESIAN_POINT ( 'NONE',  ( 0.1500000000000000500, -1.174455857006330151, 3.177831236846479168 ) ) ;
#6573 = CARTESIAN_POINT ( 'NONE',  ( 0.1499999999999999667, -1.158889401149716170, 3.211198159142100828 ) ) ;
#6574 = VECTOR ( 'NONE', #1188, 39.37007874015748143 ) ;
#6575 = CARTESIAN_POINT ( 'NONE',  ( 0.1500000000000000500, -1.067914927605612574, 3.385661050630878854 ) ) ;
#6576 = CARTESIAN_POINT ( 'NONE',  ( 0.1500000000000000500, -1.175642363829489279, 2.163886224148488413 ) ) ;
#6577 = ORIENTED_EDGE ( 'NONE', *, *, #4988, .F. ) ;
#6578 = CARTESIAN_POINT ( 'NONE',  ( 0.1000000000000000056, -1.375000000000000444, 2.249999999999999556 ) ) ;
#6579 = CARTESIAN_POINT ( 'NONE',  ( 0.1499999999999999944, -1.049944061277567675, 3.680321595968905957 ) ) ;
#6580 = FACE_OUTER_BOUND ( 'NONE', #2463, .T. ) ;
#6581 = CARTESIAN_POINT ( 'NONE',  ( 0.1499999999999999944, -1.087171796895433307, 2.415880952498306922 ) ) ;
#6582 = CARTESIAN_POINT ( 'NONE',  ( 0.1499999999999999944, -1.007944502980348878, 3.623323639364919746 ) ) ;
#6583 = DIRECTION ( 'NONE',  ( 0.000000000000000000, 0.000000000000000000, 1.000000000000000000 ) ) ;
#6584 = CARTESIAN_POINT ( 'NONE',  ( 0.09999999999999992228, -1.141631610576922862, 2.145421574519230656 ) ) ;
#6585 = CARTESIAN_POINT ( 'NONE',  ( 0.1000000000000000056, -0.6499999999999993561, 1.074999999999999734 ) ) ;
#6586 = EDGE_LOOP ( 'NONE', ( #5757, #253, #2742, #1388 ) ) ;
#6587 = CARTESIAN_POINT ( 'NONE',  ( 0.09999999999999997780, -1.185576923076922862, 3.140651442307692331 ) ) ;
#6588 = CARTESIAN_POINT ( 'NONE',  ( 0.1499999999999999944, -1.078590070962083036, 2.364194976850232610 ) ) ;
#6589 = CARTESIAN_POINT ( 'NONE',  ( 0.1499999999999999944, -1.118269230769230793, 2.439569711538461583 ) ) ;
#6590 = EDGE_CURVE ( 'NONE', #1066, #7212, #3966, .T. ) ;
#6591 = FACE_OUTER_BOUND ( 'NONE', #5056, .T. ) ;
#6592 = LINE ( 'NONE', #3075, #4849 ) ;
#6593 = CARTESIAN_POINT ( 'NONE',  ( 0.1499999999999999944, -1.034839706490017885, 3.567216051835813140 ) ) ;
#6594 = ORIENTED_EDGE ( 'NONE', *, *, #2392, .T. ) ;
#6595 = CYLINDRICAL_SURFACE ( 'NONE', #1327, 0.06496063000000032450 ) ;
#6596 = VERTEX_POINT ( 'NONE', #956 ) ;
#6597 = LINE ( 'NONE', #1893, #3034 ) ;
#6598 = DIRECTION ( 'NONE',  ( -1.000000000000000000, -0.000000000000000000, -0.000000000000000000 ) ) ;
#6599 = CYLINDRICAL_SURFACE ( 'NONE', #808, 0.06496063000000121268 ) ;
#6600 = PERSON_AND_ORGANIZATION ( #6817, #4594 ) ;
#6601 = CARTESIAN_POINT ( 'NONE',  ( 0.1499999999999999944, -1.007692307692307665, 3.434461538461538233 ) ) ;
#6602 = CARTESIAN_POINT ( 'NONE',  ( 0.1000000000000000056, -1.007692307692307665, 2.560903846153845809 ) ) ;
#6603 = B_SPLINE_CURVE_WITH_KNOTS ( 'NONE', 3,
 ( #688, #729, #7074, #4812, #5999, #7181, #1982, #3064, #4317, #1948, #3666 ),
 .UNSPECIFIED., .F., .F.,
 ( 4, 1, 1, 1, 1, 1, 1, 1, 4 ),
 ( 0.000000000000000000, 0.1627563734366927195, 0.3140015880048296903, 0.4548779676689075346, 0.5841511103471269672, 0.7026463206449897747, 0.8116305928603738673, 0.9107645632944880720, 1.000000000000000000 ),
 .UNSPECIFIED. ) ;
#6604 = ORIENTED_EDGE ( 'NONE', *, *, #1407, .T. ) ;
#6605 = CARTESIAN_POINT ( 'NONE',  ( 0.1500000000000000500, -1.147379529632148287, 2.168709290418755042 ) ) ;
#6606 = DIRECTION ( 'NONE',  ( -1.000000000000000000, -0.000000000000000000, -0.000000000000000000 ) ) ;
#6607 = CARTESIAN_POINT ( 'NONE',  ( 0.1000000000000000194, -1.136353282308007362, 3.067685265238498715 ) ) ;
#6608 = CARTESIAN_POINT ( 'NONE',  ( 0.1000000000000000056, 1.874015748031496509, 3.068897639999999427 ) ) ;
#6609 = ORIENTED_EDGE ( 'NONE', *, *, #5357, .F. ) ;
#6610 = AXIS2_PLACEMENT_3D ( 'NONE', #4283, #5475, #3068 ) ;
#6611 = CARTESIAN_POINT ( 'NONE',  ( 0.09999999999999993616, -1.107553456006059145, 2.458615834201811179 ) ) ;
#6612 = ADVANCED_FACE ( 'NONE', ( #3241 ), #5640, .T. ) ;
#6613 = CARTESIAN_POINT ( 'NONE',  ( 0.09999999999999996392, -1.029526947535341241, 3.636889209086338948 ) ) ;
#6614 = CARTESIAN_POINT ( 'NONE',  ( 0.1499999999999999944, -1.178726590398328611, 2.346607938843879193 ) ) ;
#6615 = CARTESIAN_POINT ( 'NONE',  ( 0.09999999999999999167, -1.087171796895433307, 2.415880952498306922 ) ) ;
#6616 = DIRECTION ( 'NONE',  ( 0.000000000000000000, 0.000000000000000000, -1.000000000000000000 ) ) ;
#6617 = CARTESIAN_POINT ( 'NONE',  ( 0.1499999999999999944, -1.131967118298512931, 3.192623508660996201 ) ) ;
#6618 = CARTESIAN_POINT ( 'NONE',  ( 0.09999999999999996392, -1.183690426603290380, 2.399001444536210226 ) ) ;
#6619 = DIRECTION ( 'NONE',  ( 0.000000000000000000, 0.000000000000000000, -1.000000000000000000 ) ) ;
#6620 = CARTESIAN_POINT ( 'NONE',  ( 0.09999999999999997780, -1.183690426603290380, 2.399001444536210226 ) ) ;
#6621 = ORIENTED_EDGE ( 'NONE', *, *, #110, .F. ) ;
#6622 = CARTESIAN_POINT ( 'NONE',  ( 0.1499999999999999944, -1.185576923076922862, 3.140651442307692331 ) ) ;
#6623 = CARTESIAN_POINT ( 'NONE',  ( 0.09999999999999999167, -1.077453167202452544, 2.376139487433750475 ) ) ;
#6624 = B_SPLINE_CURVE_WITH_KNOTS ( 'NONE', 3,
 ( #2753, #6921, #6272, #1683, #3363, #6194, #2181, #2866, #5696, #459, #2791 ),
 .UNSPECIFIED., .F., .F.,
 ( 4, 1, 1, 1, 1, 1, 1, 1, 4 ),
 ( 0.000000000000000000, 0.08004472606907349352, 0.1710365632387450818, 0.2760692288488402757, 0.3940043179331207401, 0.5246528648165079689, 0.6687187318884484366, 0.8275124186385286462, 1.000000000000000000 ),
 .UNSPECIFIED. ) ;
#6625 = DIRECTION ( 'NONE',  ( 0.000000000000000000, 0.000000000000000000, -1.000000000000000000 ) ) ;
#6626 = DIRECTION ( 'NONE',  ( -1.000000000000000000, -0.000000000000000000, -0.000000000000000000 ) ) ;
#6627 = CARTESIAN_POINT ( 'NONE',  ( 0.09999999999999996392, -1.058173076923076827, 3.532658653846153740 ) ) ;
#6628 = CARTESIAN_POINT ( 'NONE',  ( 0.1499999999999999944, -1.026923076923076827, 3.611497295673076646 ) ) ;
#6629 = ORIENTED_EDGE ( 'NONE', *, *, #6410, .T. ) ;
#6630 = CARTESIAN_POINT ( 'NONE',  ( 0.1499999999999999944, -1.132617187499999956, 2.991673076923076824 ) ) ;
#6631 = EDGE_CURVE ( 'NONE', #5194, #6643, #3354, .T. ) ;
#6632 = ORIENTED_EDGE ( 'NONE', *, *, #572, .F. ) ;
#6633 = CARTESIAN_POINT ( 'NONE',  ( 0.1499999999999999944, -1.106007451234232164, 3.294194932690452049 ) ) ;
#6634 = EDGE_CURVE ( 'NONE', #1681, #2780, #3284, .T. ) ;
#6635 = B_SPLINE_CURVE_WITH_KNOTS ( 'NONE', 3,
 ( #6305, #7375, #1568, #6189, #5729, #2748, #4462, #493, #3141, #3286, #5619, #4579, #6762, #1676, #5479 ),
 .UNSPECIFIED., .F., .F.,
 ( 4, 1, 1, 1, 1, 1, 1, 1, 1, 1, 1, 1, 4 ),
 ( 0.000000000000000000, 0.08656000936209989893, 0.1724368767783765188, 0.2575162380887861535, 0.3431419762700619325, 0.4264238565615576793, 0.5050696028147413363, 0.5791202227542159298, 0.6497403251281561598, 0.7226966554343212668, 0.8055045587870941493, 0.8972910389855985880, 1.000000000000000000 ),
 .UNSPECIFIED. ) ;
#6636 = CARTESIAN_POINT ( 'NONE',  ( 0.1000000000000000194, -1.080678752586310409, 3.725900102763839428 ) ) ;
#6637 = DIRECTION ( 'NONE',  ( -1.000000000000000000, -0.000000000000000000, -0.000000000000000000 ) ) ;
#6638 = APPROVAL_ROLE ( '' ) ;
#6639 = CARTESIAN_POINT ( 'NONE',  ( 0.1500000000000000500, -1.090815388288551624, 2.851939591611597713 ) ) ;
#6640 = CARTESIAN_POINT ( 'NONE',  ( 0.1500000000000000500, -1.035025495241136184, 3.654701631945652007 ) ) ;
#6641 = EDGE_CURVE ( 'NONE', #4456, #5866, #2055, .T. ) ;
#6642 = EDGE_CURVE ( 'NONE', #6376, #6667, #6871, .T. ) ;
#6643 = VERTEX_POINT ( 'NONE', #1391 ) ;
#6644 = CARTESIAN_POINT ( 'NONE',  ( 0.09999999999999997780, -1.145742380883188583, 2.171295377813634353 ) ) ;
#6645 = CARTESIAN_POINT ( 'NONE',  ( 0.1499999999999999667, -1.105752367554018623, 2.321732182496470287 ) ) ;
#6646 = DIRECTION ( 'NONE',  ( 0.000000000000000000, -0.6427876096865379196, -0.7660444431189791237 ) ) ;
#6647 = CARTESIAN_POINT ( 'NONE',  ( 0.000000000000000000, 4.500000000000000888, 4.000000000000000888 ) ) ;
#6648 = VERTEX_POINT ( 'NONE', #1636 ) ;
#6649 = VECTOR ( 'NONE', #5557, 39.37007874015748143 ) ;
#6650 = FACE_OUTER_BOUND ( 'NONE', #5805, .T. ) ;
#6651 = CARTESIAN_POINT ( 'NONE',  ( 0.1499999999999999944, -1.120329600606923659, 2.968909874770621293 ) ) ;
#6652 = CARTESIAN_POINT ( 'NONE',  ( 0.1499999999999999944, -1.078111463244882051, 2.390248265502603164 ) ) ;
#6653 = CARTESIAN_POINT ( 'NONE',  ( 0.1499999999999999944, -1.199999999999999956, 2.747442307692307573 ) ) ;
#6654 = CARTESIAN_POINT ( 'NONE',  ( 0.09999999999999997780, -1.084588125384451596, 2.969326123065495260 ) ) ;
#6655 = CARTESIAN_POINT ( 'NONE',  ( 0.1499999999999999944, -1.159175997323147467, 3.092273960820002721 ) ) ;
#6656 = CARTESIAN_POINT ( 'NONE',  ( 0.09999999999999999167, -1.153130541873982562, 3.190967774458430828 ) ) ;
#6657 = CARTESIAN_POINT ( 'NONE',  ( 0.1500000000000000500, -1.108947923537442870, 2.299592335350261862 ) ) ;
#6658 = CARTESIAN_POINT ( 'NONE',  ( 0.1499999999999999944, -1.202403846153846212, 2.900777644230769337 ) ) ;
#6659 = CARTESIAN_POINT ( 'NONE',  ( 0.1499999999999999944, -1.172017728365384537, 3.701341045673076646 ) ) ;
#6660 = ORIENTED_EDGE ( 'NONE', *, *, #4298, .F. ) ;
#6661 = LINE ( 'NONE', #1346, #1077 ) ;
#6662 = CARTESIAN_POINT ( 'NONE',  ( 0.1000000000000000056, 1.500000000000000444, 3.314960629921259727 ) ) ;
#6663 = CARTESIAN_POINT ( 'NONE',  ( 0.000000000000000000, 1.500000000000000444, 3.314960629921259727 ) ) ;
#6664 = CARTESIAN_POINT ( 'NONE',  ( 0.09999999999999992228, -1.050925018043485704, 3.540176464040062143 ) ) ;
#6665 = CARTESIAN_POINT ( 'NONE',  ( 0.1000000000000000056, -1.070630261855881615, 3.698119136745088298 ) ) ;
#6666 = VECTOR ( 'NONE', #2387, 39.37007874015748143 ) ;
#6667 = VERTEX_POINT ( 'NONE', #414 ) ;
#6668 = CARTESIAN_POINT ( 'NONE',  ( 0.1000000000000000056, -1.126532451923076827, 3.089269230769230656 ) ) ;
#6669 = ORIENTED_EDGE ( 'NONE', *, *, #5418, .T. ) ;
#6670 = CARTESIAN_POINT ( 'NONE',  ( 0.1499999999999999944, -1.130025540865384537, 3.292634615384615326 ) ) ;
#6671 = DIRECTION ( 'NONE',  ( 0.000000000000000000, 0.000000000000000000, -1.000000000000000000 ) ) ;
#6672 = FACE_OUTER_BOUND ( 'NONE', #6793, .T. ) ;
#6673 = LOCAL_TIME ( 20, 49, 14.00000000000000000, #4909 ) ;
#6674 = CARTESIAN_POINT ( 'NONE',  ( 0.1499999999999999944, -1.104371995192307665, 3.316485276442307395 ) ) ;
#6675 = CARTESIAN_POINT ( 'NONE',  ( 0.1499999999999999944, -1.007692307692307665, 2.539269230769230390 ) ) ;
#6676 = VERTEX_POINT ( 'NONE', #6303 ) ;
#6677 = CARTESIAN_POINT ( 'NONE',  ( 0.1499999999999999944, -1.172209027004478932, 3.180448463265512782 ) ) ;
#6678 = CARTESIAN_POINT ( 'NONE',  ( 0.1500000000000000777, -1.163657245439365884, 3.209831899834463709 ) ) ;
#6679 = CARTESIAN_POINT ( 'NONE',  ( 0.1000000000000000194, -1.174394120371332839, 3.523861129859604535 ) ) ;
#6680 = EDGE_CURVE ( 'NONE', #4792, #1508, #3395, .T. ) ;
#6681 = CARTESIAN_POINT ( 'NONE',  ( 0.09999999999999999167, -1.077403846153845990, 2.183958233173076913 ) ) ;
#6682 = ORIENTED_EDGE ( 'NONE', *, *, #6171, .F. ) ;
#6683 = ADVANCED_FACE ( 'NONE', ( #5576 ), #341, .T. ) ;
#6684 = EDGE_CURVE ( 'NONE', #3086, #1284, #3787, .T. ) ;
#6685 = CARTESIAN_POINT ( 'NONE',  ( 0.09999999999999997780, -1.091087768519990231, 2.448781386510467950 ) ) ;
#6686 = CARTESIAN_POINT ( 'NONE',  ( 0.09999999999999996392, -1.057546473078999405, 3.688432708595286602 ) ) ;
#6687 = CARTESIAN_POINT ( 'NONE',  ( 0.1000000000000000056, -1.172424851153321734, 2.946679436323384582 ) ) ;
#6688 = CIRCLE ( 'NONE', #5101, 0.06889763999999991284 ) ;
#6689 = CARTESIAN_POINT ( 'NONE',  ( 0.09999999999999999167, -1.138262692649149477, 3.412650630155190878 ) ) ;
#6690 = CARTESIAN_POINT ( 'NONE',  ( 0.1000000000000000056, -1.067731798989227654, 2.941013887265661264 ) ) ;
#6691 = AXIS2_PLACEMENT_3D ( 'NONE', #4184, #5940, #1283 ) ;
#6692 = LINE ( 'NONE', #6111, #3394 ) ;
#6693 = CARTESIAN_POINT ( 'NONE',  ( 0.1499999999999999944, -1.149805355011824792, 3.191477028044811259 ) ) ;
#6694 = CIRCLE ( 'NONE', #5229, 0.06496062999999985266 ) ;
#6695 = CARTESIAN_POINT ( 'NONE',  ( 0.1000000000000000194, -1.177672291400053473, 2.414682676353118840 ) ) ;
#6696 = DIRECTION ( 'NONE',  ( 1.000000000000000000, -0.000000000000000000, -0.000000000000000000 ) ) ;
#6697 = CARTESIAN_POINT ( 'NONE',  ( 0.09999999999999997780, -1.159946362948772958, 2.159199300303641156 ) ) ;
#6698 = ORIENTED_EDGE ( 'NONE', *, *, #754, .F. ) ;
#6699 = LINE ( 'NONE', #4401, #7053 ) ;
#6700 = CARTESIAN_POINT ( 'NONE',  ( 0.1000000000000000056, -1.200428935222835891, 3.163213332949005974 ) ) ;
#6701 = AXIS2_PLACEMENT_3D ( 'NONE', #297, #727, #6723 ) ;
#6702 = CARTESIAN_POINT ( 'NONE',  ( 0.09999999999999999167, -1.092690805288461409, 2.823403846153846430 ) ) ;
#6703 = CARTESIAN_POINT ( 'NONE',  ( 0.1500000000000000500, -1.060576923076923084, 2.379623798076923258 ) ) ;
#6704 = CARTESIAN_POINT ( 'NONE',  ( 0.1000000000000000472, -1.026987463002205558, 3.618005496026341472 ) ) ;
#6705 = ORIENTED_EDGE ( 'NONE', *, *, #5220, .F. ) ;
#6706 = EDGE_CURVE ( 'NONE', #1442, #3580, #864, .T. ) ;
#6707 = CARTESIAN_POINT ( 'NONE',  ( 0.09999999999999999167, -1.159175997323147467, 3.092273960820002721 ) ) ;
#6708 = VERTEX_POINT ( 'NONE', #604 ) ;
#6709 = CARTESIAN_POINT ( 'NONE',  ( 0.1499999999999999944, -1.127784235657972811, 3.292658987391960057 ) ) ;
#6710 = CARTESIAN_POINT ( 'NONE',  ( 0.1499999999999999944, -1.125575957502952029, 2.463141077795656386 ) ) ;
#6711 = CARTESIAN_POINT ( 'NONE',  ( 0.1000000000000000056, 2.499999999999997780, 0.06003936999999915508 ) ) ;
#6712 = DATE_AND_TIME ( #1403, #7535 ) ;
#6713 = CARTESIAN_POINT ( 'NONE',  ( 0.1499999999999999944, -1.196025462110027249, 2.159145605756217723 ) ) ;
#6714 = CARTESIAN_POINT ( 'NONE',  ( 0.1000000000000000056, -1.086117788461538503, 2.444264723557691976 ) ) ;
#6715 = ORIENTED_EDGE ( 'NONE', *, *, #4846, .T. ) ;
#6716 = DIRECTION ( 'NONE',  ( -1.000000000000000000, -0.000000000000000000, -0.000000000000000000 ) ) ;
#6717 = DIRECTION ( 'NONE',  ( -0.000000000000000000, 1.000000000000000000, 0.000000000000000000 ) ) ;
#6718 = CARTESIAN_POINT ( 'NONE',  ( 0.09999999999999999167, -1.188948024147067573, 3.544343206632384113 ) ) ;
#6719 = CARTESIAN_POINT ( 'NONE',  ( 0.1000000000000000056, 4.500000000000000888, 4.000000000000000888 ) ) ;
#6720 = ORIENTED_EDGE ( 'NONE', *, *, #1455, .F. ) ;
#6721 = CARTESIAN_POINT ( 'NONE',  ( 0.1000000000000000056, -1.199999999999999956, 2.725807692307692154 ) ) ;
#6722 = ORIENTED_EDGE ( 'NONE', *, *, #4946, .F. ) ;
#6723 = DIRECTION ( 'NONE',  ( 0.000000000000000000, 0.000000000000000000, 1.000000000000000000 ) ) ;
#6724 = CARTESIAN_POINT ( 'NONE',  ( 0.1500000000000000500, -1.077500156440971191, 2.384482840840744355 ) ) ;
#6725 = CARTESIAN_POINT ( 'NONE',  ( 0.1000000000000000056, -1.128008539366450735, 3.412084466486938528 ) ) ;
#6726 = FACE_OUTER_BOUND ( 'NONE', #5633, .T. ) ;
#6727 = CARTESIAN_POINT ( 'NONE',  ( 0.09999999999999999167, -1.185555666250795559, 3.142129460454158973 ) ) ;
#6728 = CARTESIAN_POINT ( 'NONE',  ( 0.1500000000000000500, -1.203445680221939984, 3.588949982326901100 ) ) ;
#6729 = CARTESIAN_POINT ( 'NONE',  ( 0.09999999999999999167, -1.126532451923076827, 3.192634615384615238 ) ) ;
#6730 = CARTESIAN_POINT ( 'NONE',  ( 0.1000000000000000194, -1.180155529717314078, 2.409718653170820346 ) ) ;
#6731 = DIRECTION ( 'NONE',  ( -1.000000000000000000, -0.000000000000000000, -0.000000000000000000 ) ) ;
#6732 = EDGE_CURVE ( 'NONE', #2294, #4053, #2360, .T. ) ;
#6733 = CARTESIAN_POINT ( 'NONE',  ( 0.09999999999999999167, -1.167279725772868870, 2.845894594016632251 ) ) ;
#6734 = ORIENTED_EDGE ( 'NONE', *, *, #2849, .T. ) ;
#6735 = DIRECTION ( 'NONE',  ( 0.000000000000000000, 0.000000000000000000, -1.000000000000000000 ) ) ;
#6736 = CARTESIAN_POINT ( 'NONE',  ( 0.1500000000000000500, -1.192341677391517640, 3.185675404343636163 ) ) ;
#6737 = CARTESIAN_POINT ( 'NONE',  ( 0.1499999999999999944, -1.066875418538705267, 2.860186960564071068 ) ) ;
#6738 = EDGE_LOOP ( 'NONE', ( #2546, #5828, #7445, #5135 ) ) ;
#6739 = B_SPLINE_CURVE_WITH_KNOTS ( 'NONE', 3,
 ( #6184, #4644, #4680, #2923, #7406, #411, #4458, #6976, #7555, #2169, #3282 ),
 .UNSPECIFIED., .F., .F.,
 ( 4, 1, 1, 1, 1, 1, 1, 1, 4 ),
 ( 0.000000000000000000, 0.1732775370725926634, 0.3315017296035474015, 0.4770932691322565811, 0.6089182694460697487, 0.7259107447081037945, 0.8306824445785886413, 0.9212477007311460353, 1.000000000000000000 ),
 .UNSPECIFIED. ) ;
#6740 = FACE_OUTER_BOUND ( 'NONE', #6484, .T. ) ;
#6741 = ORIENTED_EDGE ( 'NONE', *, *, #5291, .F. ) ;
#6742 = LINE ( 'NONE', #6015, #6327 ) ;
#6743 = CARTESIAN_POINT ( 'NONE',  ( 0.1500000000000000777, -1.118297482704049051, 2.990051097750758391 ) ) ;
#6744 = CARTESIAN_POINT ( 'NONE',  ( 0.1499999999999999944, -1.090249399038461409, 2.420301382211538233 ) ) ;
#6745 = CARTESIAN_POINT ( 'NONE',  ( 0.09999999999999997780, -1.130273346201830620, 3.703779996090465154 ) ) ;
#6746 = CARTESIAN_POINT ( 'NONE',  ( 0.1500000000000000500, -1.200862349633553094, 2.172218495908035951 ) ) ;
#6747 = DIRECTION ( 'NONE',  ( 0.000000000000000000, -0.7766884566466949469, 0.6298849429155892743 ) ) ;
#6748 = ORIENTED_EDGE ( 'NONE', *, *, #7010, .F. ) ;
#6749 = CARTESIAN_POINT ( 'NONE',  ( 0.1499999999999999944, -1.125004753341741770, 3.314416612594910383 ) ) ;
#6750 = CARTESIAN_POINT ( 'NONE',  ( 0.1499999999999999944, -1.189764579848475501, 2.327902039093532327 ) ) ;
#6751 = VECTOR ( 'NONE', #1099, 39.37007874015748143 ) ;
#6752 = CARTESIAN_POINT ( 'NONE',  ( 0.09999999999999997780, -1.185576923076922862, 3.610145132211538321 ) ) ;
#6753 = VERTEX_POINT ( 'NONE', #4690 ) ;
#6754 = PLANE ( 'NONE',  #1860 ) ;
#6755 = VERTEX_POINT ( 'NONE', #5801 ) ;
#6756 = CARTESIAN_POINT ( 'NONE',  ( 0.1499999999999999667, -1.044588618129838054, 3.548445206937345997 ) ) ;
#6757 = ORIENTED_EDGE ( 'NONE', *, *, #6398, .T. ) ;
#6758 = CARTESIAN_POINT ( 'NONE',  ( 0.1000000000000000056, 8.195543980992789655E-16, 0.000000000000000000 ) ) ;
#6759 = CARTESIAN_POINT ( 'NONE',  ( 0.1000000000000000056, -1.179167434267030190, 2.934262141070870022 ) ) ;
#6760 = CARTESIAN_POINT ( 'NONE',  ( 0.1499999999999999944, -1.147459084551644581, 3.090061229091083383 ) ) ;
#6761 = CARTESIAN_POINT ( 'NONE',  ( 0.09999999999999999167, -1.199723358067602108, 2.207916146637917798 ) ) ;
#6762 = CARTESIAN_POINT ( 'NONE',  ( 0.1500000000000000500, -1.162121923451320704, 2.324396258049551189 ) ) ;
#6763 = CARTESIAN_POINT ( 'NONE',  ( 0.1000000000000000056, -1.166804680659354387, 2.328913015166234501 ) ) ;
#6764 = CARTESIAN_POINT ( 'NONE',  ( 0.1000000000000000056, -1.185503645767544967, 2.186980876067184276 ) ) ;
#6765 = CARTESIAN_POINT ( 'NONE',  ( 0.1000000000000000056, -1.098544010655639003, 2.429043616282668516 ) ) ;
#6766 = PLANE ( 'NONE',  #5949 ) ;
#6767 = CYLINDRICAL_SURFACE ( 'NONE', #3859, 0.06496062999999997756 ) ;
#6768 = FACE_OUTER_BOUND ( 'NONE', #5355, .T. ) ;
#6769 = EDGE_CURVE ( 'NONE', #1892, #4535, #7063, .T. ) ;
#6770 = CARTESIAN_POINT ( 'NONE',  ( 0.09999999999999997780, -1.150458233173076827, 2.164802584134615238 ) ) ;
#6771 = ORIENTED_EDGE ( 'NONE', *, *, #1674, .T. ) ;
#6772 = CARTESIAN_POINT ( 'NONE',  ( 0.1000000000000000194, -1.039263785885439662, 3.557480683993618165 ) ) ;
#6773 = CARTESIAN_POINT ( 'NONE',  ( 0.1000000000000000472, -1.196299098278714723, 3.177438508807640893 ) ) ;
#6774 = CARTESIAN_POINT ( 'NONE',  ( 0.1500000000000000500, -1.075528302486732590, 2.841510535969128615 ) ) ;
#6775 = EDGE_CURVE ( 'NONE', #734, #3869, #1218, .T. ) ;
#6776 = EDGE_CURVE ( 'NONE', #6835, #4456, #4728, .T. ) ;
#6777 = ORIENTED_EDGE ( 'NONE', *, *, #3733, .F. ) ;
#6778 = ADVANCED_FACE ( 'NONE', ( #6493 ), #1254, .F. ) ;
#6779 = B_SPLINE_CURVE_WITH_KNOTS ( 'NONE', 3,
 ( #1661, #2770, #6859, #5754, #515, #3912, #6368, #552, #7472, #2349, #2880 ),
 .UNSPECIFIED., .F., .F.,
 ( 4, 1, 1, 1, 1, 1, 1, 1, 4 ),
 ( 0.000000000000000000, 0.1627563734366927195, 0.3140015880048296903, 0.4548779676689075346, 0.5841511103471269672, 0.7026463206449897747, 0.8116305928603738673, 0.9107645632944880720, 1.000000000000000000 ),
 .UNSPECIFIED. ) ;
#6780 = PLANE ( 'NONE',  #4204 ) ;
#6781 = ORIENTED_EDGE ( 'NONE', *, *, #6224, .F. ) ;
#6782 = CARTESIAN_POINT ( 'NONE',  ( 0.09999999999999993616, -1.101128113631446137, 3.295199379323973332 ) ) ;
#6783 = CARTESIAN_POINT ( 'NONE',  ( 0.1500000000000000500, -1.092575230244291706, 3.321824831931457389 ) ) ;
#6784 = CARTESIAN_POINT ( 'NONE',  ( 0.1000000000000000056, 1.982701106468169883, 7.000000000000001776 ) ) ;
#6785 = CARTESIAN_POINT ( 'NONE',  ( 0.1000000000000000056, -1.141506599525882404, 3.722360786070487926 ) ) ;
#6786 = ADVANCED_FACE ( 'NONE', ( #3581 ), #4474, .T. ) ;
#6787 = CARTESIAN_POINT ( 'NONE',  ( 0.1500000000000000777, -1.087927239515195321, 3.325719736934797055 ) ) ;
#6788 = CARTESIAN_POINT ( 'NONE',  ( 0.1500000000000000500, -1.140465861351449117, 2.441383224931914953 ) ) ;
#6789 = VERTEX_POINT ( 'NONE', #2582 ) ;
#6790 = VECTOR ( 'NONE', #6500, 39.37007874015748143 ) ;
#6791 = DIRECTION ( 'NONE',  ( 0.000000000000000000, 0.000000000000000000, 1.000000000000000000 ) ) ;
#6792 = CARTESIAN_POINT ( 'NONE',  ( 0.000000000000000000, 1.500000000000000444, 3.383858269921259598 ) ) ;
#6793 = EDGE_LOOP ( 'NONE', ( #3506, #6469, #6422, #2418 ) ) ;
#6794 = DIRECTION ( 'NONE',  ( -1.000000000000000000, -0.000000000000000000, -0.000000000000000000 ) ) ;
#6795 = EDGE_LOOP ( 'NONE', ( #6977, #7293, #2222, #7050 ) ) ;
#6796 = ORIENTED_EDGE ( 'NONE', *, *, #3782, .F. ) ;
#6797 = DIRECTION ( 'NONE',  ( 1.000000000000000000, 0.000000000000000000, -0.000000000000000000 ) ) ;
#6798 = B_SPLINE_SURFACE_WITH_KNOTS ( 'NONE', 3, 1, ( 
 ( #3203, #2423 ),
 ( #1240, #801 ),
 ( #7298, #5537 ),
 ( #5502, #3131 ),
 ( #876, #2998 ),
 ( #920, #661 ),
 ( #6110, #5578 ),
 ( #1491, #1983 ),
 ( #6034, #2592 ),
 ( #1419, #3168 ),
 ( #2672, #228 ) ),
 .UNSPECIFIED., .F., .F., .F.,
 ( 4, 1, 1, 1, 1, 1, 1, 1, 4 ),
 ( 2, 2 ),
 ( 0.000000000000000000, 0.1323137753888183610, 0.2621873176281273032, 0.3913125230208047700, 0.5207284134854431867, 0.6473148512630133578, 0.7685462999629654179, 0.8860077551177228949, 1.000000000000000000 ),
 ( 0.000000000000000000, 1.000000000000000000 ),
 .UNSPECIFIED. ) ;
#6799 = DIRECTION ( 'NONE',  ( -1.000000000000000000, -0.000000000000000000, -0.000000000000000000 ) ) ;
#6800 = CARTESIAN_POINT ( 'NONE',  ( 0.09999999999999999167, -1.137990743537643290, 3.089429517512667811 ) ) ;
#6801 = CARTESIAN_POINT ( 'NONE',  ( 0.09999999999999999167, -1.191996935889984011, 2.850388470103633054 ) ) ;
#6802 = CARTESIAN_POINT ( 'NONE',  ( 0.1000000000000000056, -1.078268999282699925, 2.914227687677159118 ) ) ;
#6803 = CARTESIAN_POINT ( 'NONE',  ( 0.1500000000000000500, -1.200161089227038902, 2.354847073318329098 ) ) ;
#6804 = CARTESIAN_POINT ( 'NONE',  ( 0.1000000000000000056, -1.176328817278258221, 2.859212997687170965 ) ) ;
#6805 = CARTESIAN_POINT ( 'NONE',  ( 0.1499999999999999944, -1.204807692307692246, 3.610746093749999996 ) ) ;
#6806 = CARTESIAN_POINT ( 'NONE',  ( 0.1000000000000000056, -1.201339605306056990, 3.123665310336175782 ) ) ;
#6807 = EDGE_CURVE ( 'NONE', #3887, #3458, #4342, .T. ) ;
#6808 = CARTESIAN_POINT ( 'NONE',  ( 0.1000000000000000056, -1.201692982575263802, 3.644248544846650173 ) ) ;
#6809 = LINE ( 'NONE', #6314, #3594 ) ;
#6810 = CARTESIAN_POINT ( 'NONE',  ( 0.1499999999999999944, -1.200232343024819404, 3.650377751288835793 ) ) ;
#6811 = ORIENTED_EDGE ( 'NONE', *, *, #4295, .T. ) ;
#6812 = CARTESIAN_POINT ( 'NONE',  ( 0.1000000000000000194, -1.027361397951075173, 3.599703439453565412 ) ) ;
#6813 = CARTESIAN_POINT ( 'NONE',  ( 0.1499999999999999944, -1.202403846153846212, 2.900777644230769337 ) ) ;
#6814 = AXIS2_PLACEMENT_3D ( 'NONE', #6973, #4034, #6290 ) ;
#6815 = VECTOR ( 'NONE', #4160, 39.37007874015748143 ) ;
#6816 = CARTESIAN_POINT ( 'NONE',  ( 0.1000000000000000194, -1.096932137790928907, 2.206983006546907156 ) ) ;
#6817 = PERSON ( 'UNSPECIFIED', 'UNSPECIFIED', 'UNSPECIFIED', ('UNSPECIFIED'), ('UNSPECIFIED'), ('UNSPECIFIED') ) ;
#6818 = VERTEX_POINT ( 'NONE', #4877 ) ;
#6819 = CARTESIAN_POINT ( 'NONE',  ( 0.000000000000000000, 1.500000000000000444, 2.685039370078739385 ) ) ;
#6820 = VERTEX_POINT ( 'NONE', #3056 ) ;
#6821 = FACE_OUTER_BOUND ( 'NONE', #451, .T. ) ;
#6822 = CARTESIAN_POINT ( 'NONE',  ( 0.1499999999999999944, -1.077477251919089829, 3.352926347890556880 ) ) ;
#6823 = DIRECTION ( 'NONE',  ( -1.000000000000000000, -0.000000000000000000, -0.000000000000000000 ) ) ;
#6824 = CARTESIAN_POINT ( 'NONE',  ( 0.09999999999999993616, -1.149746243879770757, 3.718454834669387754 ) ) ;
#6825 = DIRECTION ( 'NONE',  ( -1.000000000000000000, -0.000000000000000000, -0.000000000000000000 ) ) ;
#6826 = DIRECTION ( 'NONE',  ( 0.000000000000000000, -1.000000000000000000, 0.000000000000000000 ) ) ;
#6827 = ORIENTED_EDGE ( 'NONE', *, *, #4528, .T. ) ;
#6828 = CARTESIAN_POINT ( 'NONE',  ( 0.09999999999999997780, -1.172302068600834302, 2.221360299918130998 ) ) ;
#6829 = CARTESIAN_POINT ( 'NONE',  ( 0.1500000000000000500, -1.084081957821069642, 2.442202166166099975 ) ) ;
#6830 = CARTESIAN_POINT ( 'NONE',  ( 0.1499999999999999944, -1.081456922500664053, 3.378724270258750106 ) ) ;
#6831 = ORIENTED_EDGE ( 'NONE', *, *, #234, .F. ) ;
#6832 = CARTESIAN_POINT ( 'NONE',  ( 0.1499999999999999944, -1.202403846153846212, 2.379360877403846164 ) ) ;
#6833 = EDGE_LOOP ( 'NONE', ( #4699, #5547, #4707, #5032 ) ) ;
#6834 = B_SPLINE_CURVE_WITH_KNOTS ( 'NONE', 3,
 ( #1642, #5693, #420, #2098, #6765, #3858, #4430, #5658, #6150, #3895, #2714 ),
 .UNSPECIFIED., .F., .F.,
 ( 4, 1, 1, 1, 1, 1, 1, 1, 4 ),
 ( 0.000000000000000000, 0.1145078633620261188, 0.2306829689099337555, 0.3485770336361021515, 0.4697627185315482179, 0.5953365194237847380, 0.7253050704364282231, 0.8591802510472151821, 1.000000000000000000 ),
 .UNSPECIFIED. ) ;
#6835 = VERTEX_POINT ( 'NONE', #254 ) ;
#6836 = FACE_OUTER_BOUND ( 'NONE', #1556, .T. ) ;
#6837 = VERTEX_POINT ( 'NONE', #2475 ) ;
#6838 = CARTESIAN_POINT ( 'NONE',  ( 0.1499999999999999667, -1.064527299234484303, 2.205853531968371861 ) ) ;
#6839 = FACE_OUTER_BOUND ( 'NONE', #7367, .T. ) ;
#6840 = CARTESIAN_POINT ( 'NONE',  ( 0.1000000000000000194, -1.116746485408242062, 2.439013646616258857 ) ) ;
#6841 = CARTESIAN_POINT ( 'NONE',  ( 0.09999999999999997780, -1.201459276388294306, 2.362608873428630574 ) ) ;
#6842 = CARTESIAN_POINT ( 'NONE',  ( 0.1000000000000000472, -1.185507947089500025, 2.896679857253698032 ) ) ;
#6843 = CARTESIAN_POINT ( 'NONE',  ( 0.1500000000000000500, -1.194612288076551954, 3.556092246819540392 ) ) ;
#6844 = FACE_BOUND ( 'NONE', #1140, .T. ) ;
#6845 = CARTESIAN_POINT ( 'NONE',  ( 0.1000000000000000056, -1.204767678318272361, 3.617776064612612696 ) ) ;
#6846 = FACE_OUTER_BOUND ( 'NONE', #6217, .T. ) ;
#6847 = CARTESIAN_POINT ( 'NONE',  ( 0.1000000000000000472, -1.092767997136636859, 2.228600808250398746 ) ) ;
#6848 = ORIENTED_EDGE ( 'NONE', *, *, #394, .F. ) ;
#6849 = CARTESIAN_POINT ( 'NONE',  ( 0.09999999999999999167, -1.167847281875497023, 2.159496046740540631 ) ) ;
#6850 = CARTESIAN_POINT ( 'NONE',  ( 0.1000000000000000472, -1.202355193402142586, 2.903973055571306805 ) ) ;
#6851 = CARTESIAN_POINT ( 'NONE',  ( 0.1499999999999999667, -1.020648304590738409, 3.549694288846457546 ) ) ;
#6852 = ORIENTED_EDGE ( 'NONE', *, *, #3496, .F. ) ;
#6853 = CARTESIAN_POINT ( 'NONE',  ( 0.1000000000000000056, -1.163978560263227768, 3.072088582462217055 ) ) ;
#6854 = VERTEX_POINT ( 'NONE', #3622 ) ;
#6855 = CARTESIAN_POINT ( 'NONE',  ( 0.1499999999999999944, -1.199999999999999956, 2.725807692307692154 ) ) ;
#6856 = CARTESIAN_POINT ( 'NONE',  ( 0.1500000000000000500, -1.081206234953324019, 2.965278305567581096 ) ) ;
#6857 = CARTESIAN_POINT ( 'NONE',  ( 0.1000000000000000472, -1.170855333565271605, 3.553578630204308197 ) ) ;
#6858 = CARTESIAN_POINT ( 'NONE',  ( 0.1500000000000000777, -1.141506599525882404, 3.722360786070487926 ) ) ;
#6859 = CARTESIAN_POINT ( 'NONE',  ( 0.1499999999999999944, -1.134062809697171659, 2.196171310994013748 ) ) ;
#6860 = CYLINDRICAL_SURFACE ( 'NONE', #6392, 0.06496062999999985266 ) ;
#6861 = ORIENTED_EDGE ( 'NONE', *, *, #6224, .T. ) ;
#6862 = CARTESIAN_POINT ( 'NONE',  ( 0.1499999999999999944, -1.197160339806581097, 2.414465816851776303 ) ) ;
#6863 = CARTESIAN_POINT ( 'NONE',  ( 0.09999999999999992228, -1.112565952707008643, 3.315092503650118427 ) ) ;
#6864 = CARTESIAN_POINT ( 'NONE',  ( 0.09999999999999992228, -1.079923161441790569, 3.374615567282002626 ) ) ;
#6865 = ORIENTED_EDGE ( 'NONE', *, *, #490, .T. ) ;
#6866 = CARTESIAN_POINT ( 'NONE',  ( 0.1499999999999999944, -1.085527256962919518, 2.160974856494169316 ) ) ;
#6867 = ORIENTED_EDGE ( 'NONE', *, *, #2105, .T. ) ;
#6868 = ADVANCED_FACE ( 'NONE', ( #7208 ), #3318, .T. ) ;
#6869 = EDGE_CURVE ( 'NONE', #3648, #2638, #691, .T. ) ;
#6870 = VERTEX_POINT ( 'NONE', #3061 ) ;
#6871 = LINE ( 'NONE', #6228, #196 ) ;
#6872 = CARTESIAN_POINT ( 'NONE',  ( 0.09999999999999999167, -1.197980126533989553, 3.172963037470491798 ) ) ;
#6873 = B_SPLINE_CURVE_WITH_KNOTS ( 'NONE', 3,
 ( #7466, #2231, #6893, #1657, #3989, #6328, #1090 ),
 .UNSPECIFIED., .F., .F.,
 ( 4, 1, 1, 1, 4 ),
 ( 0.000000000000000000, 0.2442690555257736040, 0.4860628017696880243, 0.7334572452068355286, 0.9999999999999998890 ),
 .UNSPECIFIED. ) ;
#6874 = CARTESIAN_POINT ( 'NONE',  ( 0.1500000000000000500, -1.116746485408242062, 2.439013646616258857 ) ) ;
#6875 = CARTESIAN_POINT ( 'NONE',  ( 0.1000000000000000056, -1.202222697685756403, 2.388788739401316086 ) ) ;
#6876 = CARTESIAN_POINT ( 'NONE',  ( 0.1000000000000000472, -1.172138590476273112, 2.852375267533452607 ) ) ;
#6877 = DIRECTION ( 'NONE',  ( 0.000000000000000000, 0.000000000000000000, 1.000000000000000000 ) ) ;
#6878 = VERTEX_POINT ( 'NONE', #2901 ) ;
#6879 = CARTESIAN_POINT ( 'NONE',  ( 0.1000000000000000056, -1.196317164515686260, 3.104294721518472855 ) ) ;
#6880 = CARTESIAN_POINT ( 'NONE',  ( 0.1000000000000000194, -1.198599048072671369, 3.656327500468701253 ) ) ;
#6881 = CARTESIAN_POINT ( 'NONE',  ( 0.09999999999999999167, -1.191119856625585172, 2.952116268480002415 ) ) ;
#6882 = LINE ( 'NONE', #5129, #5269 ) ;
#6883 = ORIENTED_EDGE ( 'NONE', *, *, #7563, .F. ) ;
#6884 = CARTESIAN_POINT ( 'NONE',  ( 0.1500000000000000500, -1.132875258926499429, 3.412459780015241417 ) ) ;
#6885 = CARTESIAN_POINT ( 'NONE',  ( 0.1000000000000000056, -1.199689367637940762, 2.928248806479362365 ) ) ;
#6886 = CARTESIAN_POINT ( 'NONE',  ( 0.000000000000000000, 1.500000000000000444, 3.099999999999999645 ) ) ;
#6887 = VECTOR ( 'NONE', #1865, 39.37007874015748143 ) ;
#6888 = VECTOR ( 'NONE', #1846, 39.37007874015748143 ) ;
#6889 = DIRECTION ( 'NONE',  ( 1.000000000000000000, -0.000000000000000000, -0.000000000000000000 ) ) ;
#6890 = ORIENTED_EDGE ( 'NONE', *, *, #1266, .T. ) ;
#6891 = CARTESIAN_POINT ( 'NONE',  ( 0.1500000000000000500, -1.185448324042654100, 2.193421555485066676 ) ) ;
#6892 = CARTESIAN_POINT ( 'NONE',  ( 0.1499999999999999667, -1.132051432861949092, 2.157382355504460225 ) ) ;
#6893 = CARTESIAN_POINT ( 'NONE',  ( 0.1499999999999999944, -1.159946362948772958, 2.159199300303641156 ) ) ;
#6894 = CARTESIAN_POINT ( 'NONE',  ( 0.1499999999999999944, -1.204767678318272361, 3.617776064612612696 ) ) ;
#6895 = CARTESIAN_POINT ( 'NONE',  ( 0.1000000000000000056, -1.172986892894512412, 3.665234053457691488 ) ) ;
#6896 = CARTESIAN_POINT ( 'NONE',  ( 0.1500000000000000777, -1.152052285321552461, 2.964883075351920194 ) ) ;
#6897 = CARTESIAN_POINT ( 'NONE',  ( 0.1500000000000000500, -1.084114095961331348, 3.330399459294024922 ) ) ;
#6898 = CARTESIAN_POINT ( 'NONE',  ( 0.1499999999999999667, -1.185459642322204132, 2.387279034487034046 ) ) ;
#6899 = FACE_OUTER_BOUND ( 'NONE', #5425, .T. ) ;
#6900 = ORIENTED_EDGE ( 'NONE', *, *, #1713, .T. ) ;
#6901 = CARTESIAN_POINT ( 'NONE',  ( 0.09999999999999997780, -1.145160986899358413, 2.462028505987008398 ) ) ;
#6902 = CARTESIAN_POINT ( 'NONE',  ( 0.1500000000000000500, -1.159923377403846212, 3.092536959134615682 ) ) ;
#6903 = CARTESIAN_POINT ( 'NONE',  ( 0.1499999999999999667, -1.122656708562292271, 3.705976108876197550 ) ) ;
#6904 = CARTESIAN_POINT ( 'NONE',  ( 0.1499999999999999667, -1.198321556675900013, 2.347521024560321301 ) ) ;
#6905 = VERTEX_POINT ( 'NONE', #6540 ) ;
#6906 = CARTESIAN_POINT ( 'NONE',  ( 0.1500000000000000500, -1.080974112490511230, 2.168696183386805032 ) ) ;
#6907 = VERTEX_POINT ( 'NONE', #151 ) ;
#6908 = EDGE_CURVE ( 'NONE', #1018, #6755, #2483, .T. ) ;
#6909 = VECTOR ( 'NONE', #1192, 39.37007874015748143 ) ;
#6910 = EDGE_LOOP ( 'NONE', ( #285, #7073, #4222, #5282 ) ) ;
#6911 = CARTESIAN_POINT ( 'NONE',  ( 0.1000000000000000472, -1.178153669929138392, 2.140878234063114505 ) ) ;
#6912 = CARTESIAN_POINT ( 'NONE',  ( 0.1499999999999999944, -1.149974573578251613, 2.165359595220495592 ) ) ;
#6914 = ADVANCED_FACE ( 'NONE', ( #610 ), #1226, .T. ) ;
#6913 = CARTESIAN_POINT ( 'NONE',  ( 0.09999999999999997780, -1.193071705196024235, 2.334094228999741283 ) ) ;
#6915 = CARTESIAN_POINT ( 'NONE',  ( 0.1000000000000000056, -1.163463323685462347, 2.842029798817004682 ) ) ;
#6916 = PLANE ( 'NONE',  #1251 ) ;
#6917 = CC_DESIGN_SECURITY_CLASSIFICATION ( #5937, ( #7036 ) ) ;
#6918 = ORIENTED_EDGE ( 'NONE', *, *, #5147, .F. ) ;
#6919 = FACE_BOUND ( 'NONE', #603, .T. ) ;
#6920 = EDGE_CURVE ( 'NONE', #2836, #2538, #4424, .T. ) ;
#6921 = CARTESIAN_POINT ( 'NONE',  ( 0.09999999999999999167, -1.108802751535623576, 2.200644382660770226 ) ) ;
#6922 = CARTESIAN_POINT ( 'NONE',  ( 0.09999999999999999167, -1.135000812267693560, 2.991591964592045461 ) ) ;
#6923 = CARTESIAN_POINT ( 'NONE',  ( 0.1500000000000000500, -1.080613851128124692, 2.873716230048722675 ) ) ;
#6924 = EDGE_LOOP ( 'NONE', ( #7232, #2757, #1097, #3219 ) ) ;
#6925 = CARTESIAN_POINT ( 'NONE',  ( 0.1000000000000000056, -1.148304618389224707, 3.412824811353339260 ) ) ;
#6926 = CARTESIAN_POINT ( 'NONE',  ( 0.000000000000000000, 2.499999999999997780, 0.06003936999999915508 ) ) ;
#6927 = CARTESIAN_POINT ( 'NONE',  ( 0.1499999999999999944, -1.007767258829238566, 3.603527230719247854 ) ) ;
#6928 = CARTESIAN_POINT ( 'NONE',  ( 0.1499999999999999944, -1.062980769230769118, 3.067634615384615238 ) ) ;
#6929 = VECTOR ( 'NONE', #1760, 39.37007874015748143 ) ;
#6930 = CARTESIAN_POINT ( 'NONE',  ( 0.1500000000000000777, -1.114883081571939716, 2.191971023702631083 ) ) ;
#6931 = CARTESIAN_POINT ( 'NONE',  ( 0.1499999999999999944, -1.122400841346153699, 2.176521334134615238 ) ) ;
#6932 = VECTOR ( 'NONE', #4684, 39.37007874015748143 ) ;
#6933 = FACE_OUTER_BOUND ( 'NONE', #4036, .T. ) ;
#6934 = CARTESIAN_POINT ( 'NONE',  ( 0.1499999999999999944, -1.116203425480769118, 2.725807692307692154 ) ) ;
#6935 = CARTESIAN_POINT ( 'NONE',  ( 0.1000000000000000056, -1.176849246796257242, 3.657136363999632156 ) ) ;
#6936 = CARTESIAN_POINT ( 'NONE',  ( 0.1500000000000000500, -1.176654328248240011, 2.939480799300960179 ) ) ;
#6937 = VECTOR ( 'NONE', #3636, 39.37007874015748143 ) ;
#6938 = DIRECTION ( 'NONE',  ( 0.000000000000000000, 0.000000000000000000, -1.000000000000000000 ) ) ;
#6939 = ADVANCED_FACE ( 'NONE', ( #3514 ), #4808, .F. ) ;
#6940 = CARTESIAN_POINT ( 'NONE',  ( 0.1000000000000000472, -1.080974112490511230, 2.168696183386805032 ) ) ;
#6941 = VERTEX_POINT ( 'NONE', #4696 ) ;
#6942 = CARTESIAN_POINT ( 'NONE',  ( 0.1000000000000000056, -1.185533964113955507, 2.190471233254414951 ) ) ;
#6943 = CARTESIAN_POINT ( 'NONE',  ( 0.09999999999999997780, -1.158155641202949004, 3.536540241498153492 ) ) ;
#6944 = LINE ( 'NONE', #3425, #1686 ) ;
#6945 = CARTESIAN_POINT ( 'NONE',  ( 0.1500000000000000500, -1.116707940057224846, 2.188707224753443814 ) ) ;
#6946 = CARTESIAN_POINT ( 'NONE',  ( 0.1000000000000000056, -1.086117788461538503, 2.444264723557691976 ) ) ;
#6947 = ORIENTED_EDGE ( 'NONE', *, *, #7192, .T. ) ;
#6948 = CARTESIAN_POINT ( 'NONE',  ( 0.1499999999999999944, -1.164170997714092159, 2.137386877346999281 ) ) ;
#6949 = CARTESIAN_POINT ( 'NONE',  ( 0.1499999999999999667, -1.173399755468524930, 3.558143683290911685 ) ) ;
#6950 = CARTESIAN_POINT ( 'NONE',  ( 0.1500000000000000500, -1.185414892162308442, 3.620314449925289058 ) ) ;
#6951 = CARTESIAN_POINT ( 'NONE',  ( 0.1000000000000000056, -1.499999999999999556, 1.999999999999999334 ) ) ;
#6952 = EDGE_LOOP ( 'NONE', ( #1796, #904, #4008, #2617 ) ) ;
#6953 = ORIENTED_EDGE ( 'NONE', *, *, #5035, .F. ) ;
#6954 = CARTESIAN_POINT ( 'NONE',  ( 0.1499999999999999944, -1.077403846153845990, 2.899801081730768892 ) ) ;
#6955 = CARTESIAN_POINT ( 'NONE',  ( 0.1000000000000000056, -1.196668914910880899, 3.662090149845086184 ) ) ;
#6956 = EDGE_CURVE ( 'NONE', #7525, #4806, #1833, .T. ) ;
#6957 = CARTESIAN_POINT ( 'NONE',  ( 0.1500000000000000500, -1.159923377403846212, 3.092536959134615682 ) ) ;
#6958 = FACE_OUTER_BOUND ( 'NONE', #4534, .T. ) ;
#6959 = ORIENTED_EDGE ( 'NONE', *, *, #5987, .T. ) ;
#6960 = CARTESIAN_POINT ( 'NONE',  ( 0.1000000000000000056, -1.068365627729902068, 2.212995811359675713 ) ) ;
#6961 = CARTESIAN_POINT ( 'NONE',  ( 0.1000000000000000056, -1.165727197675556104, 2.981643970671747024 ) ) ;
#6962 = CARTESIAN_POINT ( 'NONE',  ( 0.1499999999999999944, -1.179167434267030190, 2.934262141070870022 ) ) ;
#6963 = EDGE_CURVE ( 'NONE', #5572, #760, #4661, .T. ) ;
#6964 = CARTESIAN_POINT ( 'NONE',  ( 0.1000000000000000056, -1.199999999999999956, 2.747442307692307573 ) ) ;
#6965 = EDGE_CURVE ( 'NONE', #2034, #6837, #7029, .T. ) ;
#6966 = DIRECTION ( 'NONE',  ( 0.000000000000000000, 0.000000000000000000, -1.000000000000000000 ) ) ;
#6967 = CARTESIAN_POINT ( 'NONE',  ( 0.1499999999999999944, -1.069941572213743974, 2.946367657184246092 ) ) ;
#6968 = CARTESIAN_POINT ( 'NONE',  ( 0.1499999999999999944, -1.141631610576922862, 2.145421574519230656 ) ) ;
#6969 = DIRECTION ( 'NONE',  ( 0.000000000000000000, -0.6298019584212194433, -0.7767557487195033694 ) ) ;
#6970 = CARTESIAN_POINT ( 'NONE',  ( 0.09999999999999997780, -1.204807692307692246, 3.610746093749999996 ) ) ;
#6971 = CARTESIAN_POINT ( 'NONE',  ( 0.1000000000000000056, -1.138299659350041848, 2.969521927788764781 ) ) ;
#6972 = VECTOR ( 'NONE', #2636, 39.37007874015748143 ) ;
#6973 = CARTESIAN_POINT ( 'NONE',  ( 0.000000000000000000, 1.500000000000000444, 2.999999999999999556 ) ) ;
#6974 = CARTESIAN_POINT ( 'NONE',  ( 0.1499999999999999944, -1.095845853365384537, 2.207057692307692331 ) ) ;
#6975 = VERTEX_POINT ( 'NONE', #1791 ) ;
#6976 = CARTESIAN_POINT ( 'NONE',  ( 0.1000000000000000056, -1.153130541873982562, 3.190967774458430828 ) ) ;
#6977 = ORIENTED_EDGE ( 'NONE', *, *, #4380, .F. ) ;
#6978 = CARTESIAN_POINT ( 'NONE',  ( 0.1500000000000000500, -1.169742331813428127, 2.450837932304315459 ) ) ;
#6979 = CARTESIAN_POINT ( 'NONE',  ( 0.1500000000000000500, -1.183854800515309780, 3.123950365992641309 ) ) ;
#6980 = CARTESIAN_POINT ( 'NONE',  ( 0.1499999999999999944, -1.185576923076922862, 3.610145132211538321 ) ) ;
#6981 = CARTESIAN_POINT ( 'NONE',  ( 0.1499999999999999944, -1.188948024147067573, 3.544343206632384113 ) ) ;
#6982 = CARTESIAN_POINT ( 'NONE',  ( 0.09999999999999999167, -1.125575957502952029, 2.463141077795656386 ) ) ;
#6983 = EDGE_LOOP ( 'NONE', ( #1357, #4386, #7443, #1718 ) ) ;
#6984 = CARTESIAN_POINT ( 'NONE',  ( 0.1500000000000000500, -1.170774092905392472, 2.138186073457378100 ) ) ;
#6985 = CARTESIAN_POINT ( 'NONE',  ( 0.1499999999999999944, -1.126532451923076827, 3.089269230769230656 ) ) ;
#6986 = CARTESIAN_POINT ( 'NONE',  ( 0.1500000000000000500, -1.185576923076923084, 2.188991286057692776 ) ) ;
#6987 = CARTESIAN_POINT ( 'NONE',  ( 0.1000000000000000056, -1.162330837703748454, 2.159053859810401210 ) ) ;
#6988 = ORIENTED_EDGE ( 'NONE', *, *, #1777, .F. ) ;
#6989 = ORIENTED_EDGE ( 'NONE', *, *, #5138, .T. ) ;
#6990 = CARTESIAN_POINT ( 'NONE',  ( 0.1499999999999999944, -1.062980769230769118, 3.089269230769230656 ) ) ;
#6991 = CARTESIAN_POINT ( 'NONE',  ( 0.1500000000000000500, -1.105660344643994097, 2.962281898544657288 ) ) ;
#6992 = CARTESIAN_POINT ( 'NONE',  ( 0.09999999999999997780, -1.095688970216175839, 2.845633471383439694 ) ) ;
#6993 = VERTEX_POINT ( 'NONE', #4125 ) ;
#6994 = CARTESIAN_POINT ( 'NONE',  ( 0.1499999999999999944, -1.146283304511720891, 2.141753938065007468 ) ) ;
#6995 = CARTESIAN_POINT ( 'NONE',  ( 0.1000000000000000056, -1.126532451923076827, 3.089269230769230656 ) ) ;
#6996 = CARTESIAN_POINT ( 'NONE',  ( 0.09999999999999996392, -1.026979609397747684, 3.605557508491870511 ) ) ;
#6997 = PLANE ( 'NONE',  #3010 ) ;
#6998 = ADVANCED_FACE ( 'NONE', ( #3587 ), #2235, .T. ) ;
#6999 = CARTESIAN_POINT ( 'NONE',  ( 0.09999999999999997780, -1.199226803795589769, 2.871047133712981481 ) ) ;
#7000 = CARTESIAN_POINT ( 'NONE',  ( 0.09999999999999997780, -1.178818641877707352, 3.080251824531204718 ) ) ;
#7001 = CARTESIAN_POINT ( 'NONE',  ( 0.1000000000000000194, -1.076419942254770890, 3.399721373701297455 ) ) ;
#7002 = CARTESIAN_POINT ( 'NONE',  ( 0.1000000000000000194, -1.183854800515309780, 3.123950365992641309 ) ) ;
#7003 = ADVANCED_FACE ( 'NONE', ( #5463 ), #3092, .T. ) ;
#7004 = CARTESIAN_POINT ( 'NONE',  ( 0.09999999999999999167, -1.184543350154526831, 3.593336502367846741 ) ) ;
#7005 = FACE_OUTER_BOUND ( 'NONE', #2113, .T. ) ;
#7006 = CARTESIAN_POINT ( 'NONE',  ( 0.1000000000000000056, -1.007692307692307665, 2.560903846153845809 ) ) ;
#7007 = ADVANCED_FACE ( 'NONE', ( #6650 ), #4548, .T. ) ;
#7008 = VECTOR ( 'NONE', #16, 39.37007874015748143 ) ;
#7009 = CARTESIAN_POINT ( 'NONE',  ( 0.1499999999999999944, -1.077428604973805104, 3.355534806894765687 ) ) ;
#7010 = EDGE_CURVE ( 'NONE', #4794, #2128, #5604, .T. ) ;
#7011 = CARTESIAN_POINT ( 'NONE',  ( 0.1000000000000000056, -1.078246386864291084, 2.176357279044414561 ) ) ;
#7012 = ORIENTED_EDGE ( 'NONE', *, *, #1689, .F. ) ;
#7013 = CARTESIAN_POINT ( 'NONE',  ( 0.09999999999999997780, -1.105752367554018623, 2.321732182496470287 ) ) ;
#7014 = ORIENTED_EDGE ( 'NONE', *, *, #7523, .T. ) ;
#7015 = CARTESIAN_POINT ( 'NONE',  ( 0.1499999999999999944, -1.070302550322373758, 3.316677970415889742 ) ) ;
#7016 = EDGE_CURVE ( 'NONE', #2703, #100, #3126, .T. ) ;
#7017 = CARTESIAN_POINT ( 'NONE',  ( 0.1500000000000000500, -1.174776805412163894, 3.104090736550107366 ) ) ;
#7018 = DIRECTION ( 'NONE',  ( 0.000000000000000000, 0.6427876096865379196, 0.7660444431189791237 ) ) ;
#7019 = FACE_OUTER_BOUND ( 'NONE', #96, .T. ) ;
#7020 = CARTESIAN_POINT ( 'NONE',  ( 0.1499999999999999944, -1.122359742289298579, 2.215934352474791869 ) ) ;
#7021 = EDGE_LOOP ( 'NONE', ( #4340, #4679, #1926, #855 ) ) ;
#7022 = CARTESIAN_POINT ( 'NONE',  ( 0.1000000000000000056, 3.649999999999998579, 1.010039369999999659 ) ) ;
#7023 = CARTESIAN_POINT ( 'NONE',  ( 0.1499999999999999944, -1.154326923076923084, 3.532658653846153740 ) ) ;
#7024 = CARTESIAN_POINT ( 'NONE',  ( 0.09999999999999997780, -1.202403846153846212, 2.379360877403846164 ) ) ;
#7025 = DIRECTION ( 'NONE',  ( 1.000000000000000000, 0.000000000000000000, 0.000000000000000000 ) ) ;
#7026 = CARTESIAN_POINT ( 'NONE',  ( 0.1499999999999999944, -1.199999999999999956, 2.620038461538461316 ) ) ;
#7027 = ORIENTED_EDGE ( 'NONE', *, *, #5220, .T. ) ;
#7028 = VECTOR ( 'NONE', #1913, 39.37007874015748143 ) ;
#7029 = LINE ( 'NONE', #1184, #5083 ) ;
#7030 = CARTESIAN_POINT ( 'NONE',  ( 0.1000000000000000056, 4.375000000000000000, 3.750000000000000000 ) ) ;
#7031 = CARTESIAN_POINT ( 'NONE',  ( 0.1499999999999999944, -1.156730769230769118, 2.319978365384615326 ) ) ;
#7032 = ORIENTED_EDGE ( 'NONE', *, *, #3457, .T. ) ;
#7033 = ORIENTED_EDGE ( 'NONE', *, *, #6807, .T. ) ;
#7034 = CARTESIAN_POINT ( 'NONE',  ( 0.1499999999999999944, -1.160887978999038950, 2.137429569295677734 ) ) ;
#7035 = CARTESIAN_POINT ( 'NONE',  ( 0.1000000000000000056, -1.135000812267693560, 2.991591964592045461 ) ) ;
#7036 = PRODUCT_DEFINITION_FORMATION_WITH_SPECIFIED_SOURCE ( 'ANY', '', #5647, .NOT_KNOWN. ) ;
#7037 = ADVANCED_FACE ( 'NONE', ( #3809 ), #7142, .F. ) ;
#7038 = CARTESIAN_POINT ( 'NONE',  ( 0.1499999999999999667, -1.095076781942885713, 3.728710240521870833 ) ) ;
#7039 = DIRECTION ( 'NONE',  ( 0.000000000000000000, 0.000000000000000000, 1.000000000000000000 ) ) ;
#7040 = LINE ( 'NONE', #6432, #104 ) ;
#7041 = CARTESIAN_POINT ( 'NONE',  ( 0.1000000000000000472, -1.136903465074733610, 2.441575519885243128 ) ) ;
#7042 = ORIENTED_EDGE ( 'NONE', *, *, #3269, .T. ) ;
#7043 = CARTESIAN_POINT ( 'NONE',  ( 0.09999999999999999167, -1.088255317138883571, 2.973025878600771055 ) ) ;
#7044 = CARTESIAN_POINT ( 'NONE',  ( 0.09999999999999997780, -1.176734282478702820, 3.106910003984551860 ) ) ;
#7045 = CARTESIAN_POINT ( 'NONE',  ( 0.09999999999999999167, -1.077428604973805104, 3.355534806894765687 ) ) ;
#7046 = CARTESIAN_POINT ( 'NONE',  ( 0.1500000000000000500, -1.204312517500184088, 3.624676724482764012 ) ) ;
#7047 = CARTESIAN_POINT ( 'NONE',  ( 0.1499999999999999944, -1.174617617243288947, 2.943183845586917258 ) ) ;
#7048 = DIRECTION ( 'NONE',  ( 1.000000000000000000, 0.000000000000000000, 0.000000000000000000 ) ) ;
#7049 = CARTESIAN_POINT ( 'NONE',  ( 0.1000000000000000056, -1.091826923076923528, 2.153271634615384400 ) ) ;
#7050 = ORIENTED_EDGE ( 'NONE', *, *, #981, .T. ) ;
#7051 = DIRECTION ( 'NONE',  ( -1.000000000000000000, -0.000000000000000000, -0.000000000000000000 ) ) ;
#7052 = EDGE_CURVE ( 'NONE', #7327, #6878, #3982, .T. ) ;
#7053 = VECTOR ( 'NONE', #6735, 39.37007874015748143 ) ;
#7054 = ORIENTED_EDGE ( 'NONE', *, *, #1825, .T. ) ;
#7055 = LINE ( 'NONE', #7129, #588 ) ;
#7056 = DIRECTION ( 'NONE',  ( 0.000000000000000000, -0.000000000000000000, 1.000000000000000000 ) ) ;
#7057 = DIRECTION ( 'NONE',  ( 1.000000000000000000, 0.000000000000000000, 0.000000000000000000 ) ) ;
#7058 = CARTESIAN_POINT ( 'NONE',  ( 0.09999999999999993616, -1.188948024147067573, 3.544343206632384113 ) ) ;
#7059 = VECTOR ( 'NONE', #2385, 39.37007874015748143 ) ;
#7060 = DIRECTION ( 'NONE',  ( -1.000000000000000000, -0.000000000000000000, -0.000000000000000000 ) ) ;
#7061 = APPROVAL ( #3798, 'UNSPECIFIED' ) ;
#7062 = VERTEX_POINT ( 'NONE', #3662 ) ;
#7063 = LINE ( 'NONE', #4118, #4592 ) ;
#7064 = VECTOR ( 'NONE', #1721, 39.37007874015748143 ) ;
#7065 = CARTESIAN_POINT ( 'NONE',  ( 0.1499999999999999944, -1.103129450810658385, 2.302126338391133231 ) ) ;
#7066 = CARTESIAN_POINT ( 'NONE',  ( 0.09999999999999996392, -1.168329849721998270, 3.672831035378948172 ) ) ;
#7067 = CARTESIAN_POINT ( 'NONE',  ( 0.000000000000000000, 1.500000000000000444, 2.616141730078739513 ) ) ;
#7068 = ORIENTED_EDGE ( 'NONE', *, *, #6908, .T. ) ;
#7069 = EDGE_LOOP ( 'NONE', ( #5276, #2740, #6492, #7420 ) ) ;
#7070 = CARTESIAN_POINT ( 'NONE',  ( 0.1500000000000000500, -1.184615455493979841, 3.153493424706286685 ) ) ;
#7071 = CARTESIAN_POINT ( 'NONE',  ( 0.09999999999999999167, -1.085392668201099475, 2.315150694853372659 ) ) ;
#7072 = CARTESIAN_POINT ( 'NONE',  ( 0.1000000000000000056, -1.060647333949998439, 2.189154004452358304 ) ) ;
#7073 = ORIENTED_EDGE ( 'NONE', *, *, #563, .F. ) ;
#7074 = CARTESIAN_POINT ( 'NONE',  ( 0.09999999999999999167, -1.134062809697171659, 2.196171310994013748 ) ) ;
#7075 = CARTESIAN_POINT ( 'NONE',  ( 0.09999999999999999167, -1.029996144975524386, 3.582899119657478426 ) ) ;
#7076 = CARTESIAN_POINT ( 'NONE',  ( 0.1000000000000000056, 3.649999999999998579, 1.074999999999999734 ) ) ;
#7077 = PLANE ( 'NONE',  #5957 ) ;
#7078 = CARTESIAN_POINT ( 'NONE',  ( 0.1000000000000000056, -1.188046034550912511, 2.148276232635609517 ) ) ;
#7079 = VERTEX_POINT ( 'NONE', #761 ) ;
#7080 = CARTESIAN_POINT ( 'NONE',  ( 0.1499999999999999944, -1.088255317138883571, 2.973025878600771055 ) ) ;
#7081 = DIRECTION ( 'NONE',  ( 0.000000000000000000, 0.000000000000000000, -1.000000000000000000 ) ) ;
#7082 = LINE ( 'NONE', #3605, #1280 ) ;
#7083 = CARTESIAN_POINT ( 'NONE',  ( 0.09999999999999999167, -1.060576923076922862, 2.899087439903845986 ) ) ;
#7084 = CARTESIAN_POINT ( 'NONE',  ( 0.1000000000000000056, -1.078815376538706294, 3.370330227501393772 ) ) ;
#7085 = DIRECTION ( 'NONE',  ( -1.000000000000000000, -0.000000000000000000, -0.000000000000000000 ) ) ;
#7086 = FACE_OUTER_BOUND ( 'NONE', #7351, .T. ) ;
#7087 = VERTEX_POINT ( 'NONE', #1944 ) ;
#7088 = CARTESIAN_POINT ( 'NONE',  ( 0.09999999999999997780, -1.180226213557269199, 3.113158776081729862 ) ) ;
#7089 = ORIENTED_EDGE ( 'NONE', *, *, #2431, .T. ) ;
#7090 = CARTESIAN_POINT ( 'NONE',  ( 0.1499999999999999944, -1.089144325243656120, 3.299242254014329134 ) ) ;
#7091 = CARTESIAN_POINT ( 'NONE',  ( 0.1000000000000000056, -1.007692307692307665, 3.611046574519230834 ) ) ;
#7092 = CARTESIAN_POINT ( 'NONE',  ( 0.1499999999999999944, -1.077403846153845990, 3.356862379807692420 ) ) ;
#7093 = CARTESIAN_POINT ( 'NONE',  ( 0.1499999999999999944, -1.118520386594420657, 2.184997279454707897 ) ) ;
#7094 = LINE ( 'NONE', #4190, #2170 ) ;
#7095 = ADVANCED_FACE ( 'NONE', ( #4275 ), #690, .T. ) ;
#7096 = DIRECTION ( 'NONE',  ( -1.000000000000000000, -0.000000000000000000, -0.000000000000000000 ) ) ;
#7097 = B_SPLINE_SURFACE_WITH_KNOTS ( 'NONE', 3, 1, ( 
 ( #3449, #6970 ),
 ( #6400, #6288 ),
 ( #6894, #6437 ),
 ( #7046, #1051 ),
 ( #5140, #3379 ),
 ( #5785, #6365 ),
 ( #7467, #2232 ),
 ( #1658, #4559 ),
 ( #4712, #1768 ),
 ( #1201, #6329 ),
 ( #4640, #5178 ),
 ( #590, #5711 ),
 ( #549, #1732 ),
 ( #5750, #5860 ),
 ( #477, #18 ),
 ( #3990, #1091 ),
 ( #3416, #512 ),
 ( #2840, #7511 ),
 ( #2272, #5297 ) ),
 .UNSPECIFIED., .F., .F., .F.,
 ( 4, 1, 1, 1, 1, 1, 1, 1, 1, 1, 1, 1, 1, 1, 1, 1, 4 ),
 ( 2, 2 ),
 ( 0.000000000000000000, 0.07175912212235678600, 0.1413568185162085433, 0.2096163748634697066, 0.2759213510803309455, 0.3410818425055909264, 0.4046208489615322201, 0.4668848104687809419, 0.5281100911876815962, 0.5888093666971485618, 0.6484415058916602748, 0.7075322408184414602, 0.7660654861797402404, 0.8243964839230432107, 0.8827077126345650449, 0.9411818359788116650, 1.000000000000000000 ),
 ( 0.000000000000000000, 1.000000000000000000 ),
 .UNSPECIFIED. ) ;
#7098 = ADVANCED_FACE ( 'NONE', ( #6899 ), #2921, .T. ) ;
#7099 = EDGE_LOOP ( 'NONE', ( #4220, #7243, #849, #6090 ) ) ;
#7100 = PRODUCT_DEFINITION_SHAPE ( 'NONE', 'NONE',  #2337 ) ;
#7101 = CARTESIAN_POINT ( 'NONE',  ( 0.1000000000000000056, -1.190984415514007022, 2.151601880704856029 ) ) ;
#7102 = LINE ( 'NONE', #1255, #5188 ) ;
#7103 = CARTESIAN_POINT ( 'NONE',  ( 0.000000000000000000, 2.499999999999997780, 0.1249999999999994865 ) ) ;
#7104 = EDGE_CURVE ( 'NONE', #2370, #6083, #5065, .T. ) ;
#7105 = CARTESIAN_POINT ( 'NONE',  ( 0.1000000000000000056, -1.076419942254770890, 3.399721373701297455 ) ) ;
#7106 = CARTESIAN_POINT ( 'NONE',  ( 0.1499999999999999944, -1.201964721974603911, 3.129145531037006212 ) ) ;
#7107 = ORIENTED_EDGE ( 'NONE', *, *, #3313, .T. ) ;
#7108 = EDGE_CURVE ( 'NONE', #7248, #3551, #2427, .T. ) ;
#7109 = CARTESIAN_POINT ( 'NONE',  ( 0.1499999999999999944, -1.176503423557302197, 3.174944505454599941 ) ) ;
#7110 = CARTESIAN_POINT ( 'NONE',  ( 0.1500000000000000500, -1.083428140438413623, 2.933613271925261223 ) ) ;
#7111 = CARTESIAN_POINT ( 'NONE',  ( 0.1000000000000000056, -1.170745201890289966, 2.333182221149756153 ) ) ;
#7112 = CARTESIAN_POINT ( 'NONE',  ( 0.1499999999999999944, -1.113686899038461409, 3.409897235576923258 ) ) ;
#7113 = EDGE_CURVE ( 'NONE', #5844, #3466, #5967, .T. ) ;
#7114 = CARTESIAN_POINT ( 'NONE',  ( 0.09999999999999997780, -1.105160757211538503, 3.729173076923076646 ) ) ;
#7115 = CARTESIAN_POINT ( 'NONE',  ( 0.1499999999999999944, -1.135096153846153699, 2.295038461538461583 ) ) ;
#7116 = CARTESIAN_POINT ( 'NONE',  ( 0.1000000000000000056, -1.172007285182304459, 2.824413860433413692 ) ) ;
#7117 = FACE_OUTER_BOUND ( 'NONE', #63, .T. ) ;
#7118 = ORIENTED_EDGE ( 'NONE', *, *, #2477, .T. ) ;
#7119 = CARTESIAN_POINT ( 'NONE',  ( 0.1000000000000000056, -1.060664573930548027, 3.355101992767138164 ) ) ;
#7120 = CARTESIAN_POINT ( 'NONE',  ( 0.1000000000000000056, -1.092690805288461409, 2.823403846153846430 ) ) ;
#7121 = VECTOR ( 'NONE', #6826, 39.37007874015748143 ) ;
#7122 = CARTESIAN_POINT ( 'NONE',  ( 0.1499999999999999944, -1.197804962945539842, 2.865604039540923687 ) ) ;
#7123 = CARTESIAN_POINT ( 'NONE',  ( 0.1000000000000000056, -1.106271409036064801, 3.406946736258051889 ) ) ;
#7124 = CARTESIAN_POINT ( 'NONE',  ( 0.1000000000000000056, -1.046905048076922862, 3.515230769230769159 ) ) ;
#7125 = CARTESIAN_POINT ( 'NONE',  ( 0.1499999999999999667, -1.065404999994888025, 2.162099366950544166 ) ) ;
#7126 = ORIENTED_EDGE ( 'NONE', *, *, #3995, .T. ) ;
#7127 = CARTESIAN_POINT ( 'NONE',  ( 0.1500000000000000500, -1.174776805412163894, 3.104090736550107366 ) ) ;
#7128 = EDGE_LOOP ( 'NONE', ( #4479, #2279 ) ) ;
#7129 = CARTESIAN_POINT ( 'NONE',  ( 0.1499999999999999944, -1.086117788461538503, 2.444264723557691976 ) ) ;
#7130 = DIRECTION ( 'NONE',  ( 1.000000000000000000, 0.000000000000000000, 0.000000000000000000 ) ) ;
#7131 = AXIS2_PLACEMENT_3D ( 'NONE', #2958, #5896, #343 ) ;
#7132 = CARTESIAN_POINT ( 'NONE',  ( 0.1500000000000000500, -1.133681263419233032, 3.314274139104613326 ) ) ;
#7133 = FACE_OUTER_BOUND ( 'NONE', #3766, .T. ) ;
#7134 = CARTESIAN_POINT ( 'NONE',  ( 0.1000000000000000194, -1.185533964113955507, 2.190471233254414951 ) ) ;
#7135 = VECTOR ( 'NONE', #6969, 39.37007874015748854 ) ;
#7136 = ORIENTED_EDGE ( 'NONE', *, *, #3264, .T. ) ;
#7137 = CARTESIAN_POINT ( 'NONE',  ( 0.1000000000000000056, -1.136335637019230793, 2.191019531249999819 ) ) ;
#7138 = DIRECTION ( 'NONE',  ( -1.000000000000000000, -0.000000000000000000, -0.000000000000000000 ) ) ;
#7139 = CARTESIAN_POINT ( 'NONE',  ( 0.09999999999999997780, -1.067508471536754877, 3.385150477603220409 ) ) ;
#7140 = DIRECTION ( 'NONE',  ( 0.000000000000000000, 0.000000000000000000, -1.000000000000000000 ) ) ;
#7141 = EDGE_LOOP ( 'NONE', ( #7518, #5687, #7153, #7014 ) ) ;
#7142 = CYLINDRICAL_SURFACE ( 'NONE', #3490, 0.06889763999999991284 ) ;
#7143 = B_SPLINE_CURVE_WITH_KNOTS ( 'NONE', 3,
 ( #4411, #824, #7279, #3154, #2039, #4375, #251, #3762, #2579, #979, #7240, #6713, #4986, #2004, #6746, #6172, #4337, #1513, #4449 ),
 .UNSPECIFIED., .F., .F.,
 ( 4, 1, 1, 1, 1, 1, 1, 1, 1, 1, 1, 1, 1, 1, 1, 1, 4 ),
 ( 0.000000000000000000, 0.05737393770053453301, 0.1133579888647995998, 0.1685856178758087243, 0.2236806351001012216, 0.2799978903253641516, 0.3379208734324164465, 0.3979734796769341942, 0.4610959550621919756, 0.5255984402318303328, 0.5893661365624348614, 0.6539035067996153971, 0.7190267442102100670, 0.7862042551915764399, 0.8547601757117794241, 0.9262236239849106489, 1.000000000000000000 ),
 .UNSPECIFIED. ) ;
#7144 = CARTESIAN_POINT ( 'NONE',  ( 0.1499999999999999944, -1.080177337408623650, 3.702754587783789297 ) ) ;
#7145 = CARTESIAN_POINT ( 'NONE',  ( 0.1499999999999999944, -1.068365627729902068, 2.212995811359675713 ) ) ;
#7146 = EDGE_CURVE ( 'NONE', #1072, #7197, #4237, .T. ) ;
#7147 = CARTESIAN_POINT ( 'NONE',  ( 0.1000000000000000194, -1.082376266918692709, 2.406249027890632775 ) ) ;
#7148 = CARTESIAN_POINT ( 'NONE',  ( 0.1500000000000000500, -1.014527679395395898, 3.657497298267021080 ) ) ;
#7149 = CARTESIAN_POINT ( 'NONE',  ( 0.1000000000000000472, -1.097588767470898174, 2.305161996539830227 ) ) ;
#7150 = CARTESIAN_POINT ( 'NONE',  ( 0.1499999999999999944, -1.201294134192038232, 2.882442528956354000 ) ) ;
#7151 = CARTESIAN_POINT ( 'NONE',  ( 0.09999999999999999167, -1.163912676631701393, 2.431427097121364511 ) ) ;
#7152 = VECTOR ( 'NONE', #805, 39.37007874015748143 ) ;
#7153 = ORIENTED_EDGE ( 'NONE', *, *, #2719, .T. ) ;
#7154 = CARTESIAN_POINT ( 'NONE',  ( 0.1499999999999999944, -1.180066458515474315, 3.168490029563922228 ) ) ;
#7155 = CARTESIAN_POINT ( 'NONE',  ( 0.09999999999999999167, -1.095865260885916070, 2.328943414610759710 ) ) ;
#7156 = CARTESIAN_POINT ( 'NONE',  ( 0.1000000000000000194, -1.090249399038461631, 2.420301382211538677 ) ) ;
#7157 = B_SPLINE_SURFACE_WITH_KNOTS ( 'NONE', 3, 1, ( 
 ( #3479, #2908 ),
 ( #2335, #5246 ),
 ( #6994, #4092 ),
 ( #614, #6 ),
 ( #1758, #4700 ),
 ( #7034, #43 ),
 ( #4665, #2302 ) ),
 .UNSPECIFIED., .F., .F., .F.,
 ( 4, 1, 1, 1, 4 ),
 ( 2, 2 ),
 ( 0.000000000000000000, 0.2589653163108728839, 0.5063960492993991869, 0.7508729185289345631, 1.000000000000000000 ),
 ( 0.000000000000000000, 1.000000000000000000 ),
 .UNSPECIFIED. ) ;
#7158 = CARTESIAN_POINT ( 'NONE',  ( 0.1000000000000000056, -1.116203425480769118, 2.725807692307692154 ) ) ;
#7159 = DIRECTION ( 'NONE',  ( 0.000000000000000000, -1.000000000000000000, 0.000000000000000000 ) ) ;
#7160 = CARTESIAN_POINT ( 'NONE',  ( 0.000000000000000000, -0.6499999999999993561, 1.074999999999999734 ) ) ;
#7161 = EDGE_LOOP ( 'NONE', ( #967, #2937, #3110, #3401 ) ) ;
#7162 = CARTESIAN_POINT ( 'NONE',  ( 0.1000000000000000056, -1.159923377403846212, 3.092536959134615682 ) ) ;
#7163 = ORIENTED_EDGE ( 'NONE', *, *, #4581, .F. ) ;
#7164 = LINE ( 'NONE', #6564, #2903 ) ;
#7165 = CARTESIAN_POINT ( 'NONE',  ( 0.1499999999999999944, -1.071477089786531334, 3.392625019152679666 ) ) ;
#7166 = LINE ( 'NONE', #7202, #5075 ) ;
#7167 = PERSON_AND_ORGANIZATION_ROLE ( 'creator' ) ;
#7168 = EDGE_CURVE ( 'NONE', #1775, #2994, #1281, .T. ) ;
#7169 = CARTESIAN_POINT ( 'NONE',  ( 0.1500000000000000500, -1.105660344643994097, 2.962281898544657288 ) ) ;
#7170 = CARTESIAN_POINT ( 'NONE',  ( 0.1000000000000000194, -1.182015639069140978, 2.206376924860490085 ) ) ;
#7171 = VERTEX_POINT ( 'NONE', #1395 ) ;
#7172 = VECTOR ( 'NONE', #4755, 39.37007874015748143 ) ;
#7173 = CARTESIAN_POINT ( 'NONE',  ( 0.1499999999999999944, -1.201767757202602205, 2.177029902574670217 ) ) ;
#7174 = CARTESIAN_POINT ( 'NONE',  ( 0.1500000000000000500, -1.075528302486732590, 2.841510535969128615 ) ) ;
#7175 = CARTESIAN_POINT ( 'NONE',  ( 0.1000000000000000056, -1.204735716006533286, 3.603339034913673355 ) ) ;
#7176 = CYLINDRICAL_SURFACE ( 'NONE', #2225, 0.06496063000000093512 ) ;
#7177 = ORIENTED_EDGE ( 'NONE', *, *, #7146, .F. ) ;
#7178 = DIRECTION ( 'NONE',  ( 0.000000000000000000, 0.000000000000000000, -1.000000000000000000 ) ) ;
#7179 = CARTESIAN_POINT ( 'NONE',  ( 0.1500000000000000500, -1.053658945131149327, 3.684500877764314453 ) ) ;
#7180 = CARTESIAN_POINT ( 'NONE',  ( 0.1499999999999999944, -1.063063274888356613, 2.201983576219650018 ) ) ;
#7181 = CARTESIAN_POINT ( 'NONE',  ( 0.1000000000000000056, -1.127012253875338210, 2.209338781484754932 ) ) ;
#7182 = CARTESIAN_POINT ( 'NONE',  ( 0.09999999999999997780, -1.011446955265153269, 3.646630665401022320 ) ) ;
#7183 = ADVANCED_FACE ( 'NONE', ( #7086 ), #1851, .T. ) ;
#7184 = CARTESIAN_POINT ( 'NONE',  ( 0.1499999999999999944, -1.182128267275704969, 2.404490221172356446 ) ) ;
#7185 = CARTESIAN_POINT ( 'NONE',  ( 0.09999999999999997780, -1.137031945182083392, 2.189389849181942349 ) ) ;
#7186 = CARTESIAN_POINT ( 'NONE',  ( 0.1000000000000000056, -1.201767757202602205, 2.177029902574670217 ) ) ;
#7187 = VERTEX_POINT ( 'NONE', #2501 ) ;
#7188 = LINE ( 'NONE', #1954, #7296 ) ;
#7189 = FACE_BOUND ( 'NONE', #2698, .T. ) ;
#7190 = CARTESIAN_POINT ( 'NONE',  ( 0.1499999999999999944, -1.202389939747617875, 2.898673427730523944 ) ) ;
#7191 = CARTESIAN_POINT ( 'NONE',  ( 0.1000000000000000056, 4.500000000000000888, 4.000000000000000888 ) ) ;
#7192 = EDGE_CURVE ( 'NONE', #6820, #648, #3609, .T. ) ;
#7193 = B_SPLINE_CURVE_WITH_KNOTS ( 'NONE', 3,
 ( #2844, #7438, #2198, #3994, #5755, #4524, #3420, #1054, #516, #1095, #7515, #480, #4605, #2810, #5677 ),
 .UNSPECIFIED., .F., .F.,
 ( 4, 1, 1, 1, 1, 1, 1, 1, 1, 1, 1, 1, 4 ),
 ( 0.000000000000000000, 0.08571253111447608986, 0.1681352216751776929, 0.2479387330539277456, 0.3258815603871708100, 0.4032100260489439036, 0.4810047710755422368, 0.5599863549605116342, 0.6408835777920902643, 0.7245193525007679325, 0.8118583412765183471, 0.9034010047924178055, 0.9999999999999998890 ),
 .UNSPECIFIED. ) ;
#7194 = CARTESIAN_POINT ( 'NONE',  ( 0.09999999999999992228, -1.044588618129838054, 3.548445206937345997 ) ) ;
#7195 = EDGE_CURVE ( 'NONE', #5029, #779, #5814, .T. ) ;
#7196 = CARTESIAN_POINT ( 'NONE',  ( 0.000000000000000000, 4.375000000000000000, 3.750000000000000000 ) ) ;
#7197 = VERTEX_POINT ( 'NONE', #5938 ) ;
#7198 = LINE ( 'NONE', #1963, #6937 ) ;
#7199 = ORIENTED_EDGE ( 'NONE', *, *, #6776, .T. ) ;
#7200 = CARTESIAN_POINT ( 'NONE',  ( 0.09999999999999990841, -1.077324322521291844, 3.307815930732367793 ) ) ;
#7201 = CARTESIAN_POINT ( 'NONE',  ( 0.1000000000000000472, -1.050663146226080258, 3.710221526852209184 ) ) ;
#7202 = CARTESIAN_POINT ( 'NONE',  ( 0.1499999999999999944, -1.199999999999999956, 2.620038461538461316 ) ) ;
#7203 = COORDINATED_UNIVERSAL_TIME_OFFSET ( 8, 0, .BEHIND. ) ;
#7204 = B_SPLINE_CURVE_WITH_KNOTS ( 'NONE', 3,
 ( #428, #5090, #3407, #1539, #5739, #5011, #7347, #6772, #7421, #3865, #6198, #5627, #389, #2721, #2143, #6812, #5850, #579, #5812 ),
 .UNSPECIFIED., .F., .F.,
 ( 4, 1, 1, 1, 1, 1, 1, 1, 1, 1, 1, 1, 1, 1, 1, 1, 4 ),
 ( 0.000000000000000000, 0.05994957549427404331, 0.1196716492941280602, 0.1793549460476805413, 0.2388393082864028738, 0.2987811598129190838, 0.3588896282244962155, 0.4197102617613997499, 0.4814181726665623384, 0.5437769470269314676, 0.6063935809615715877, 0.6694376371545921467, 0.7335825503884458865, 0.7984652641917832083, 0.8642874422565339776, 0.9315609924166937672, 1.000000000000000000 ),
 .UNSPECIFIED. ) ;
#7205 = DIRECTION ( 'NONE',  ( -1.000000000000000000, -0.000000000000000000, -0.000000000000000000 ) ) ;
#7206 = CARTESIAN_POINT ( 'NONE',  ( 0.1000000000000000194, -1.179995086752715139, 2.210585976590115909 ) ) ;
#7207 = ORIENTED_EDGE ( 'NONE', *, *, #6445, .T. ) ;
#7208 = FACE_OUTER_BOUND ( 'NONE', #2818, .T. ) ;
#7209 = CARTESIAN_POINT ( 'NONE',  ( 0.1499999999999999944, -1.060720037826551776, 2.890981383934733362 ) ) ;
#7210 = CARTESIAN_POINT ( 'NONE',  ( 0.1499999999999999944, -1.060664573930548027, 3.355101992767138164 ) ) ;
#7211 = CARTESIAN_POINT ( 'NONE',  ( 0.1000000000000000056, 4.375000000000000000, 3.750000000000000000 ) ) ;
#7212 = VERTEX_POINT ( 'NONE', #5975 ) ;
#7213 = CARTESIAN_POINT ( 'NONE',  ( 0.1500000000000000500, -1.101881124802263967, 2.455949541808535752 ) ) ;
#7214 = CARTESIAN_POINT ( 'NONE',  ( 0.09999999999999996392, -1.049944061277567675, 3.680321595968905957 ) ) ;
#7215 = B_SPLINE_SURFACE_WITH_KNOTS ( 'NONE', 3, 1, ( 
 ( #5634, #6285 ),
 ( #5136, #2728 ),
 ( #3872, #6208 ),
 ( #5746, #4028 ),
 ( #975, #7464 ),
 ( #6930, #4556 ),
 ( #5059, #1122 ),
 ( #5672, #7391 ),
 ( #5099, #1697 ),
 ( #7430, #7508 ),
 ( #2192, #5782 ) ),
 .UNSPECIFIED., .F., .F., .F.,
 ( 4, 1, 1, 1, 1, 1, 1, 1, 4 ),
 ( 2, 2 ),
 ( 0.000000000000000000, 0.08004472606907349352, 0.1710365632387450818, 0.2760692288488402757, 0.3940043179331207401, 0.5246528648165079689, 0.6687187318884484366, 0.8275124186385286462, 1.000000000000000000 ),
 ( 0.000000000000000000, 1.000000000000000000 ),
 .UNSPECIFIED. ) ;
#7216 = FACE_OUTER_BOUND ( 'NONE', #7498, .T. ) ;
#7217 = CARTESIAN_POINT ( 'NONE',  ( 0.1000000000000000472, -1.117182925819257822, 3.292988363381718742 ) ) ;
#7218 = CARTESIAN_POINT ( 'NONE',  ( 0.09999999999999999167, -1.095845853365384537, 2.207057692307692331 ) ) ;
#7219 = CARTESIAN_POINT ( 'NONE',  ( 0.1000000000000000056, -1.158571213942307665, 3.189554687499999819 ) ) ;
#7220 = CARTESIAN_POINT ( 'NONE',  ( 0.09999999999999997780, -1.046760757060072100, 3.706956056086633922 ) ) ;
#7221 = CARTESIAN_POINT ( 'NONE',  ( 0.1500000000000000777, -1.115055963141630579, 2.297586361861134296 ) ) ;
#7222 = CARTESIAN_POINT ( 'NONE',  ( 0.1000000000000000056, -1.136335637019230793, 2.191019531249999819 ) ) ;
#7223 = CARTESIAN_POINT ( 'NONE',  ( 0.1000000000000000056, -1.156507882273072996, 2.160352817261360414 ) ) ;
#7224 = ORIENTED_EDGE ( 'NONE', *, *, #3822, .F. ) ;
#7225 = CARTESIAN_POINT ( 'NONE',  ( 0.09999999999999997780, -1.180066458515474315, 3.168490029563922228 ) ) ;
#7226 = FACE_BOUND ( 'NONE', #4623, .T. ) ;
#7227 = CARTESIAN_POINT ( 'NONE',  ( 0.1000000000000000056, -1.499999999999999778, 4.000000000000000000 ) ) ;
#7228 = DIRECTION ( 'NONE',  ( -1.000000000000000000, -0.000000000000000000, -0.000000000000000000 ) ) ;
#7229 = CARTESIAN_POINT ( 'NONE',  ( 0.1500000000000000500, -1.060786755832598294, 2.369594145339215974 ) ) ;
#7230 = CARTESIAN_POINT ( 'NONE',  ( 0.1000000000000000472, -1.040259525749432035, 3.665789882564062019 ) ) ;
#7231 = ORIENTED_EDGE ( 'NONE', *, *, #3897, .T. ) ;
#7232 = ORIENTED_EDGE ( 'NONE', *, *, #7345, .F. ) ;
#7233 = CARTESIAN_POINT ( 'NONE',  ( 0.09999999999999990841, -1.096688179915393802, 3.296304722738397253 ) ) ;
#7234 = EDGE_CURVE ( 'NONE', #2686, #2185, #2277, .T. ) ;
#7235 = EDGE_CURVE ( 'NONE', #2890, #2599, #5407, .T. ) ;
#7236 = CARTESIAN_POINT ( 'NONE',  ( 0.1500000000000000500, -1.101881124802263967, 2.455949541808535752 ) ) ;
#7237 = CARTESIAN_POINT ( 'NONE',  ( 0.1500000000000000500, -1.171518527868579351, 2.977154535421730586 ) ) ;
#7238 = EDGE_CURVE ( 'NONE', #3191, #4366, #3041, .T. ) ;
#7239 = APPROVAL_DATE_TIME ( #6056, #2100 ) ;
#7240 = CARTESIAN_POINT ( 'NONE',  ( 0.1499999999999999944, -1.193660016518127698, 2.155248163234518177 ) ) ;
#7241 = CARTESIAN_POINT ( 'NONE',  ( 0.1000000000000000472, -1.064031518860873993, 2.407630476203226788 ) ) ;
#7242 = ADVANCED_FACE ( 'NONE', ( #6483 ), #5372, .T. ) ;
#7243 = ORIENTED_EDGE ( 'NONE', *, *, #5375, .F. ) ;
#7244 = CARTESIAN_POINT ( 'NONE',  ( 0.1000000000000000472, -1.147379529632148287, 2.168709290418755042 ) ) ;
#7245 = CARTESIAN_POINT ( 'NONE',  ( 0.1499999999999999944, -1.085097971670946126, 2.344237615401637331 ) ) ;
#7246 = CARTESIAN_POINT ( 'NONE',  ( 0.09999999999999997780, -1.197028578694696588, 3.562290903295582734 ) ) ;
#7247 = CARTESIAN_POINT ( 'NONE',  ( 0.1000000000000000056, -1.118269230769230793, 2.439569711538461583 ) ) ;
#7248 = VERTEX_POINT ( 'NONE', #7049 ) ;
#7249 = VECTOR ( 'NONE', #4040, 39.37007874015748143 ) ;
#7250 = CIRCLE ( 'NONE', #7378, 0.06889763999999991284 ) ;
#7251 = VECTOR ( 'NONE', #958, 39.37007874015748143 ) ;
#7252 = AXIS2_PLACEMENT_3D ( 'NONE', #5859, #3486, #4600 ) ;
#7253 = CARTESIAN_POINT ( 'NONE',  ( 0.09999999999999997780, -1.095688970216175839, 2.845633471383439694 ) ) ;
#7254 = CARTESIAN_POINT ( 'NONE',  ( 0.09999999999999992228, -1.027552910232684802, 3.624421673047436787 ) ) ;
#7255 = CARTESIAN_POINT ( 'NONE',  ( 0.09999999999999999167, -1.169696534169219371, 3.703571744536456212 ) ) ;
#7256 = CARTESIAN_POINT ( 'NONE',  ( 0.1000000000000000056, -0.1149218742818414463, 5.507721381357296941 ) ) ;
#7257 = CARTESIAN_POINT ( 'NONE',  ( 0.1000000000000000472, -1.075122578297232012, 2.956362820856477391 ) ) ;
#7258 = CARTESIAN_POINT ( 'NONE',  ( 0.1500000000000000500, -1.128560805801148481, 3.089272848689263107 ) ) ;
#7259 = CARTESIAN_POINT ( 'NONE',  ( 0.09999999999999997780, -1.058718195654770877, 3.716054842244988610 ) ) ;
#7260 = ADVANCED_FACE ( 'NONE', ( #1243 ), #667, .T. ) ;
#7261 = CARTESIAN_POINT ( 'NONE',  ( 0.09999999999999996392, -1.145658893936934541, 2.440406346817506567 ) ) ;
#7262 = CARTESIAN_POINT ( 'NONE',  ( 0.09999999999999996392, -1.124794111694542353, 2.171153957933170897 ) ) ;
#7263 = FACE_OUTER_BOUND ( 'NONE', #3197, .T. ) ;
#7264 = ORIENTED_EDGE ( 'NONE', *, *, #1824, .F. ) ;
#7265 = CARTESIAN_POINT ( 'NONE',  ( 0.1500000000000000500, -1.167235342722279468, 3.184885761803342152 ) ) ;
#7266 = CARTESIAN_POINT ( 'NONE',  ( 0.1000000000000000472, -1.201239821783813388, 2.919453013744060854 ) ) ;
#7267 = CARTESIAN_POINT ( 'NONE',  ( 0.1500000000000000500, -1.029069232284186342, 3.686925229609522070 ) ) ;
#7268 = CARTESIAN_POINT ( 'NONE',  ( 0.1500000000000000500, -1.070933907784116235, 2.333995849886510765 ) ) ;
#7269 = CARTESIAN_POINT ( 'NONE',  ( 0.1000000000000000194, -1.046487648992366015, 3.675797510644042809 ) ) ;
#7270 = VECTOR ( 'NONE', #1720, 39.37007874015748854 ) ;
#7271 = ORIENTED_EDGE ( 'NONE', *, *, #4713, .T. ) ;
#7272 = PLANE ( 'NONE',  #6242 ) ;
#7273 = EDGE_LOOP ( 'NONE', ( #6005, #5174 ) ) ;
#7274 = CARTESIAN_POINT ( 'NONE',  ( 0.09999999999999993616, -1.061623909172183300, 3.339226927568743619 ) ) ;
#7275 = DIRECTION ( 'NONE',  ( -1.000000000000000000, -0.000000000000000000, -0.000000000000000000 ) ) ;
#7276 = CARTESIAN_POINT ( 'NONE',  ( 0.1499999999999999944, -1.042345977248234634, 3.519278651166501959 ) ) ;
#7277 = AXIS2_PLACEMENT_3D ( 'NONE', #4468, #1573, #6235 ) ;
#7278 = COORDINATED_UNIVERSAL_TIME_OFFSET ( 8, 0, .BEHIND. ) ;
#7279 = CARTESIAN_POINT ( 'NONE',  ( 0.1499999999999999944, -1.166849146642826796, 2.137467337819826785 ) ) ;
#7281 = VECTOR ( 'NONE', #1366, 39.37007874015748143 ) ;
#7280 = CARTESIAN_POINT ( 'NONE',  ( 0.1499999999999999944, -1.199999999999999956, 3.314269230769230745 ) ) ;
#7282 = B_SPLINE_SURFACE_WITH_KNOTS ( 'NONE', 3, 1, ( 
 ( #2756, #7457 ),
 ( #577, #2262 ),
 ( #1039, #6992 ),
 ( #7419, #2221 ),
 ( #2906, #4588 ),
 ( #3937, #3978 ),
 ( #6923, #7540 ),
 ( #425, #2300 ),
 ( #6425, #1648 ),
 ( #4663, #2868 ),
 ( #1615, #5774 ) ),
 .UNSPECIFIED., .F., .F., .F.,
 ( 4, 1, 1, 1, 1, 1, 1, 1, 4 ),
 ( 2, 2 ),
 ( 0.000000000000000000, 0.1208595784205105661, 0.2401882479443697149, 0.3590934048634628617, 0.4791019238212880782, 0.6016994613651814872, 0.7288322381896447100, 0.8612263052539920194, 1.000000000000000000 ),
 ( 0.000000000000000000, 1.000000000000000000 ),
 .UNSPECIFIED. ) ;
#7283 = EDGE_CURVE ( 'NONE', #1253, #4912, #6551, .T. ) ;
#7284 = ORIENTED_EDGE ( 'NONE', *, *, #4025, .F. ) ;
#7285 = CARTESIAN_POINT ( 'NONE',  ( 0.1499999999999999667, -1.066787874003579883, 2.416033311521476712 ) ) ;
#7286 = PLANE ( 'NONE',  #7545 ) ;
#7287 = CC_DESIGN_PERSON_AND_ORGANIZATION_ASSIGNMENT ( #5452, #1969, ( #5937 ) ) ;
#7288 = CARTESIAN_POINT ( 'NONE',  ( 0.1000000000000000472, -1.199307548081585351, 3.113474113364999685 ) ) ;
#7289 = CARTESIAN_POINT ( 'NONE',  ( 0.1499999999999999944, -1.190370504307440624, 2.428909316334320945 ) ) ;
#7290 = VERTEX_POINT ( 'NONE', #2069 ) ;
#7291 = EDGE_CURVE ( 'NONE', #4664, #2890, #2572, .T. ) ;
#7292 = DIRECTION ( 'NONE',  ( 1.000000000000000000, 0.000000000000000000, 0.000000000000000000 ) ) ;
#7293 = ORIENTED_EDGE ( 'NONE', *, *, #1266, .F. ) ;
#7294 = CARTESIAN_POINT ( 'NONE',  ( 0.1500000000000000500, -1.028361142321244204, 3.630718253124791683 ) ) ;
#7295 = CARTESIAN_POINT ( 'NONE',  ( 0.1000000000000000194, -1.157565784005810228, 3.713580247800043921 ) ) ;
#7296 = VECTOR ( 'NONE', #3709, 39.37007874015748143 ) ;
#7297 = DIRECTION ( 'NONE',  ( 0.000000000000000000, 0.000000000000000000, -1.000000000000000000 ) ) ;
#7298 = CARTESIAN_POINT ( 'NONE',  ( 0.1500000000000000500, -1.202245880471149109, 2.194253792400053804 ) ) ;
#7299 = AXIS2_PLACEMENT_3D ( 'NONE', #4817, #5365, #3101 ) ;
#7300 = CARTESIAN_POINT ( 'NONE',  ( 0.1000000000000000472, -1.167235342722279468, 3.184885761803342152 ) ) ;
#7301 = CARTESIAN_POINT ( 'NONE',  ( 0.1499999999999999944, -1.170080641797686338, 3.519392132426201858 ) ) ;
#7302 = CARTESIAN_POINT ( 'NONE',  ( 0.1499999999999999944, -1.011446955265153269, 3.646630665401022320 ) ) ;
#7303 = VECTOR ( 'NONE', #1448, 39.37007874015748143 ) ;
#7304 = CARTESIAN_POINT ( 'NONE',  ( 0.1500000000000000500, -1.132764209360792362, 2.295108072184984138 ) ) ;
#7305 = CARTESIAN_POINT ( 'NONE',  ( 0.09999999999999997780, -1.202403846153846212, 2.900777644230769337 ) ) ;
#7306 = CARTESIAN_POINT ( 'NONE',  ( 0.1499999999999999944, -1.204807692307692246, 3.610746093749999996 ) ) ;
#7307 = ORIENTED_EDGE ( 'NONE', *, *, #5016, .F. ) ;
#7308 = DIRECTION ( 'NONE',  ( 0.000000000000000000, -0.6561268147813872353, 0.7546506495888221089 ) ) ;
#7309 = CARTESIAN_POINT ( 'NONE',  ( 0.1000000000000000056, -1.141893895254147751, 3.213840913592255433 ) ) ;
#7310 = CARTESIAN_POINT ( 'NONE',  ( 0.1499999999999999667, -1.009295077335137902, 3.635241430845390198 ) ) ;
#7311 = DIRECTION ( 'NONE',  ( 0.000000000000000000, 0.000000000000000000, -1.000000000000000000 ) ) ;
#7312 = ORIENTED_EDGE ( 'NONE', *, *, #3193, .T. ) ;
#7313 = CARTESIAN_POINT ( 'NONE',  ( 0.1000000000000000056, -1.007692307692307665, 3.412826923076923258 ) ) ;
#7314 = ORIENTED_EDGE ( 'NONE', *, *, #3822, .T. ) ;
#7315 = LINE ( 'NONE', #2074, #5231 ) ;
#7316 = CARTESIAN_POINT ( 'NONE',  ( 0.09999999999999997780, -1.079042017349122862, 3.342109310214639084 ) ) ;
#7317 = CARTESIAN_POINT ( 'NONE',  ( 0.1499999999999999944, -1.062980769230769118, 3.089269230769230656 ) ) ;
#7318 = CARTESIAN_POINT ( 'NONE',  ( 0.1000000000000000056, -1.131114783653845990, 2.970038461538460961 ) ) ;
#7319 = CARTESIAN_POINT ( 'NONE',  ( 0.09999999999999999167, -1.092351973533843834, 2.308791961006118054 ) ) ;
#7320 = LINE ( 'NONE', #3913, #1305 ) ;
#7321 = VERTEX_POINT ( 'NONE', #3790 ) ;
#7322 = CARTESIAN_POINT ( 'NONE',  ( 0.09999999999999996392, -1.104371995192307665, 3.316485276442307395 ) ) ;
#7323 = CARTESIAN_POINT ( 'NONE',  ( 0.09999999999999996392, -1.077478845956300946, 3.361444117758298766 ) ) ;
#7324 = CARTESIAN_POINT ( 'NONE',  ( 0.1000000000000000056, -1.167013178630853298, 3.516616186194574833 ) ) ;
#7325 = VERTEX_POINT ( 'NONE', #4977 ) ;
#7326 = CARTESIAN_POINT ( 'NONE',  ( 0.1499999999999999944, -1.087787188662098448, 3.390394186459067871 ) ) ;
#7327 = VERTEX_POINT ( 'NONE', #3145 ) ;
#7328 = EDGE_CURVE ( 'NONE', #1324, #4652, #4872, .T. ) ;
#7329 = CARTESIAN_POINT ( 'NONE',  ( 0.1500000000000000500, -1.054415644153236409, 3.536291987289026828 ) ) ;
#7330 = EDGE_LOOP ( 'NONE', ( #2257, #6918, #3922, #3965 ) ) ;
#7331 = CARTESIAN_POINT ( 'NONE',  ( 0.1000000000000000056, -0.1149218742818414463, 5.442760751357297089 ) ) ;
#7332 = CARTESIAN_POINT ( 'NONE',  ( 0.1499999999999999944, -1.077436306282229195, 2.380564248446110920 ) ) ;
#7333 = EDGE_CURVE ( 'NONE', #2294, #2494, #4507, .T. ) ;
#7334 = CARTESIAN_POINT ( 'NONE',  ( 0.1000000000000000056, -1.143205543421371928, 2.144180604335526485 ) ) ;
#7335 = CARTESIAN_POINT ( 'NONE',  ( 0.09999999999999997780, -1.123664710896687513, 3.411768425209841027 ) ) ;
#7336 = CARTESIAN_POINT ( 'NONE',  ( 0.09999999999999999167, -1.158571213942307665, 3.189554687499999819 ) ) ;
#7337 = ADVANCED_FACE ( 'NONE', ( #47 ), #6997, .T. ) ;
#7338 = CARTESIAN_POINT ( 'NONE',  ( 0.1000000000000000056, -1.185576923076922862, 2.188991286057692331 ) ) ;
#7339 = CARTESIAN_POINT ( 'NONE',  ( 0.1000000000000000056, -1.154326923076923084, 3.532658653846153740 ) ) ;
#7340 = FACE_BOUND ( 'NONE', #4543, .T. ) ;
#7341 = EDGE_CURVE ( 'NONE', #38, #2365, #1801, .T. ) ;
#7342 = FACE_OUTER_BOUND ( 'NONE', #5678, .T. ) ;
#7343 = CARTESIAN_POINT ( 'NONE',  ( 0.1000000000000000472, -1.202403846153846212, 2.187225961538461494 ) ) ;
#7344 = CARTESIAN_POINT ( 'NONE',  ( 0.1499999999999999944, -1.194507640957396699, 3.667676790627159900 ) ) ;
#7345 = EDGE_CURVE ( 'NONE', #6878, #1045, #3598, .T. ) ;
#7346 = VERTEX_POINT ( 'NONE', #11 ) ;
#7347 = CARTESIAN_POINT ( 'NONE',  ( 0.1000000000000000472, -1.041836297504954656, 3.552888506293918613 ) ) ;
#7348 = CARTESIAN_POINT ( 'NONE',  ( 0.1000000000000000472, -1.171850822128268188, 3.206281370056812907 ) ) ;
#7349 = B_SPLINE_SURFACE_WITH_KNOTS ( 'NONE', 3, 1, ( 
 ( #5396, #4278 ),
 ( #1418, #4778 ),
 ( #154, #650 ),
 ( #5432, #2487 ),
 ( #5361, #2985 ),
 ( #6033, #1837 ),
 ( #190, #7147 ),
 ( #2522, #4241 ),
 ( #6581, #6615 ),
 ( #4847, #1340 ),
 ( #3700, #800 ) ),
 .UNSPECIFIED., .F., .F., .F.,
 ( 4, 1, 1, 1, 1, 1, 1, 1, 4 ),
 ( 2, 2 ),
 ( 0.000000000000000000, 0.1345069480512220139, 0.2645796678174628380, 0.3909529048879186175, 0.5150281772063185493, 0.6372573684628632940, 0.7576210755821171094, 0.8787574440185215163, 1.000000000000000000 ),
 ( 0.000000000000000000, 1.000000000000000000 ),
 .UNSPECIFIED. ) ;
#7350 = CARTESIAN_POINT ( 'NONE',  ( 0.1000000000000000056, -1.099121531427434073, 2.206832478263932362 ) ) ;
#7351 = EDGE_LOOP ( 'NONE', ( #7397, #2388, #6715, #4124 ) ) ;
#7352 = CYLINDRICAL_SURFACE ( 'NONE', #663, 0.06496062999999985266 ) ;
#7353 = ORIENTED_EDGE ( 'NONE', *, *, #2146, .T. ) ;
#7354 = CARTESIAN_POINT ( 'NONE',  ( 0.1500000000000000500, -1.117182925819257822, 3.292988363381718742 ) ) ;
#7355 = CARTESIAN_POINT ( 'NONE',  ( 0.09999999999999997780, -1.077403846153845990, 3.356862379807692420 ) ) ;
#7356 = CARTESIAN_POINT ( 'NONE',  ( 0.1500000000000000500, -1.116746485408242062, 2.439013646616258857 ) ) ;
#7357 = CARTESIAN_POINT ( 'NONE',  ( 0.09999999999999997780, -1.157565784005810228, 3.713580247800043921 ) ) ;
#7358 = CARTESIAN_POINT ( 'NONE',  ( 0.1499999999999999944, -1.026923076923076827, 3.611497295673076646 ) ) ;
#7359 = DIRECTION ( 'NONE',  ( 0.000000000000000000, 0.000000000000000000, 1.000000000000000000 ) ) ;
#7360 = B_SPLINE_CURVE_WITH_KNOTS ( 'NONE', 3,
 ( #576, #1792, #6424, #5920, #4127, #6466, #2332, #4775, #2867, #7071, #1834 ),
 .UNSPECIFIED., .F., .F.,
 ( 4, 1, 1, 1, 1, 1, 1, 1, 4 ),
 ( 0.000000000000000000, 0.1375975947133912247, 0.2686125728894486198, 0.3951231676351228406, 0.5173741934981597179, 0.6378843666220067599, 0.7576994940490315855, 0.8776595312659648540, 1.000000000000000000 ),
 .UNSPECIFIED. ) ;
#7361 = ORIENTED_EDGE ( 'NONE', *, *, #6218, .F. ) ;
#7362 = CARTESIAN_POINT ( 'NONE',  ( 0.1000000000000000056, -1.128448016826923084, 3.214269230769230656 ) ) ;
#7363 = ADVANCED_FACE ( 'NONE', ( #4135 ), #3635, .F. ) ;
#7364 = CARTESIAN_POINT ( 'NONE',  ( 0.09999999999999992228, -1.112426992274051951, 3.409467079905515785 ) ) ;
#7365 = CIRCLE ( 'NONE', #1507, 0.6250000000000011102 ) ;
#7366 = EDGE_CURVE ( 'NONE', #1903, #3278, #2950, .T. ) ;
#7367 = EDGE_LOOP ( 'NONE', ( #1485, #3069, #5626, #632 ) ) ;
#7368 = LINE ( 'NONE', #289, #7474 ) ;
#7369 = ORIENTED_EDGE ( 'NONE', *, *, #1813, .T. ) ;
#7370 = ORIENTED_EDGE ( 'NONE', *, *, #6044, .T. ) ;
#7371 = CARTESIAN_POINT ( 'NONE',  ( 0.09999999999999999167, -1.077403846153845990, 2.378572115384615326 ) ) ;
#7372 = CARTESIAN_POINT ( 'NONE',  ( 0.1000000000000000056, -1.107787228956027548, 2.226816210158492737 ) ) ;
#7373 = CARTESIAN_POINT ( 'NONE',  ( 0.09999999999999999167, -1.143001592066456018, 3.089680486214160471 ) ) ;
#7374 = CARTESIAN_POINT ( 'NONE',  ( 0.1499999999999999944, -1.154326923076923084, 3.532658653846153740 ) ) ;
#7375 = CARTESIAN_POINT ( 'NONE',  ( 0.1499999999999999944, -1.185543412747020575, 2.379096541541192433 ) ) ;
#7376 = CARTESIAN_POINT ( 'NONE',  ( 0.09999999999999999167, -1.138577085553275081, 2.463125713756939117 ) ) ;
#7377 = CARTESIAN_POINT ( 'NONE',  ( 0.1000000000000000194, -1.174455857006330151, 3.177831236846479168 ) ) ;
#7378 = AXIS2_PLACEMENT_3D ( 'NONE', #44, #5211, #2224 ) ;
#7379 = CARTESIAN_POINT ( 'NONE',  ( 0.1499999999999999667, -1.185525462601251911, 3.604442463208731517 ) ) ;
#7380 = CARTESIAN_POINT ( 'NONE',  ( 0.09999999999999993616, -1.189991733538745100, 3.092476140573924948 ) ) ;
#7381 = ADVANCED_FACE ( 'NONE', ( #1309 ), #1877, .F. ) ;
#7382 = CYLINDRICAL_SURFACE ( 'NONE', #2611, 0.06889763999999991284 ) ;
#7383 = CARTESIAN_POINT ( 'NONE',  ( 0.1500000000000000500, -1.163529146634615374, 2.158980769230769425 ) ) ;
#7384 = ORIENTED_EDGE ( 'NONE', *, *, #2392, .F. ) ;
#7385 = DIRECTION ( 'NONE',  ( -1.000000000000000000, 3.298566448006193311E-14, 5.446036729298307275E-16 ) ) ;
#7386 = CARTESIAN_POINT ( 'NONE',  ( 0.1499999999999999944, -1.202351043023397903, 3.146729249281240648 ) ) ;
#7387 = CARTESIAN_POINT ( 'NONE',  ( 0.1500000000000000500, -1.080678752586310409, 3.725900102763839428 ) ) ;
#7388 = ORIENTED_EDGE ( 'NONE', *, *, #2202, .F. ) ;
#7389 = CARTESIAN_POINT ( 'NONE',  ( 0.000000000000000000, 1.874015748031496509, 2.999999999999999556 ) ) ;
#7390 = EDGE_LOOP ( 'NONE', ( #7477, #246, #2869, #2694 ) ) ;
#7391 = CARTESIAN_POINT ( 'NONE',  ( 0.09999999999999997780, -1.118520386594420657, 2.184997279454707897 ) ) ;
#7392 = CARTESIAN_POINT ( 'NONE',  ( 0.1500000000000000500, -1.092081442743956687, 2.976520656202716442 ) ) ;
#7393 = CARTESIAN_POINT ( 'NONE',  ( 0.000000000000000000, -1.375000000000000444, 2.185039369999999703 ) ) ;
#7394 = CARTESIAN_POINT ( 'NONE',  ( 0.1499999999999999944, -1.013448308986308222, 3.568440900199076893 ) ) ;
#7395 = DIRECTION ( 'NONE',  ( 0.000000000000000000, 0.000000000000000000, 1.000000000000000000 ) ) ;
#7396 = CARTESIAN_POINT ( 'NONE',  ( 0.1500000000000000500, -1.177672291400053473, 2.414682676353118840 ) ) ;
#7397 = ORIENTED_EDGE ( 'NONE', *, *, #7104, .F. ) ;
#7398 = CARTESIAN_POINT ( 'NONE',  ( 0.1499999999999999944, -1.131865985576923084, 2.463307692307691976 ) ) ;
#7399 = VECTOR ( 'NONE', #1659, 39.37007874015748143 ) ;
#7400 = LINE ( 'NONE', #3232, #3268 ) ;
#7401 = EDGE_CURVE ( 'NONE', #6311, #3869, #5212, .T. ) ;
#7402 = CARTESIAN_POINT ( 'NONE',  ( 0.1499999999999999944, -1.202263897833143025, 2.370830248559459452 ) ) ;
#7403 = CARTESIAN_POINT ( 'NONE',  ( 0.09999999999999999167, -1.079387824257850959, 2.172533950245761236 ) ) ;
#7404 = ORIENTED_EDGE ( 'NONE', *, *, #1845, .T. ) ;
#7405 = EDGE_LOOP ( 'NONE', ( #134, #2301, #6275, #5197 ) ) ;
#7406 = CARTESIAN_POINT ( 'NONE',  ( 0.1000000000000000056, -1.141785300538260772, 3.192209724711761343 ) ) ;
#7407 = VERTEX_POINT ( 'NONE', #693 ) ;
#7408 = B_SPLINE_CURVE_WITH_KNOTS ( 'NONE', 3,
 ( #4922, #5333, #3739, #263, #4887, #1810, #1457, #3568, #92, #2556, #5002, #4318, #6654, #4142, #4179, #7257, #4353, #2018, #6690, #300, #3777, #6479, #2628, #4963, #2058, #4753, #7083 ),
 .UNSPECIFIED., .F., .F.,
 ( 4, 1, 1, 1, 1, 1, 1, 1, 1, 1, 1, 1, 1, 1, 1, 1, 1, 1, 1, 1, 1, 1, 1, 1, 4 ),
 ( 0.000000000000000000, 0.03718779641969017363, 0.07402585657680890718, 0.1107465977730573842, 0.1473076803550231739, 0.1842256191244557861, 0.2218504251382223402, 0.2599028617959422971, 0.2989710118524626647, 0.3386116233803822539, 0.3781799505369087266, 0.4181052735527425734, 0.4583813382080311749, 0.4994045291624886751, 0.5411167449001432761, 0.5836728509265250997, 0.6274780468152415525, 0.6720391675839583190, 0.7168602304287221560, 0.7620867552246516352, 0.8078603949740833512, 0.8546506136838856182, 0.9019225000237989232, 0.9504400782974136153, 1.000000000000000000 ),
 .UNSPECIFIED. ) ;
#7409 = CARTESIAN_POINT ( 'NONE',  ( 0.1500000000000001055, -1.151373012599688828, 3.090488249985661628 ) ) ;
#7410 = PLANE ( 'NONE',  #4323 ) ;
#7411 = FACE_OUTER_BOUND ( 'NONE', #3942, .T. ) ;
#7412 = CARTESIAN_POINT ( 'NONE',  ( 0.1000000000000000056, -1.200161089227038902, 2.354847073318329098 ) ) ;
#7413 = CARTESIAN_POINT ( 'NONE',  ( 0.1000000000000000472, -1.175642363829489279, 2.163886224148488413 ) ) ;
#7414 = CARTESIAN_POINT ( 'NONE',  ( 0.1500000000000000500, -1.181219259624516127, 3.577548439322519869 ) ) ;
#7415 = FACE_BOUND ( 'NONE', #4108, .T. ) ;
#7416 = DIRECTION ( 'NONE',  ( 0.000000000000000000, 0.000000000000000000, -1.000000000000000000 ) ) ;
#7417 = CARTESIAN_POINT ( 'NONE',  ( 0.000000000000000000, 1.874015748031496509, 2.999999999999999556 ) ) ;
#7418 = VECTOR ( 'NONE', #317, 39.37007874015748143 ) ;
#7419 = CARTESIAN_POINT ( 'NONE',  ( 0.1500000000000000500, -1.090815388288551624, 2.851939591611597713 ) ) ;
#7420 = ORIENTED_EDGE ( 'NONE', *, *, #5611, .T. ) ;
#7421 = CARTESIAN_POINT ( 'NONE',  ( 0.1000000000000000056, -1.036935085512362242, 3.562259977152149037 ) ) ;
#7422 = CARTESIAN_POINT ( 'NONE',  ( 0.1500000000000000500, -1.135326354594391907, 3.214217935828188821 ) ) ;
#7423 = VECTOR ( 'NONE', #439, 39.37007874015748143 ) ;
#7424 = VECTOR ( 'NONE', #3133, 39.37007874015748143 ) ;
#7425 = EDGE_CURVE ( 'NONE', #6708, #3086, #1342, .T. ) ;
#7426 = CARTESIAN_POINT ( 'NONE',  ( 0.1499999999999999944, -1.060624928354582774, 2.896368408717100440 ) ) ;
#7427 = ORIENTED_EDGE ( 'NONE', *, *, #3512, .T. ) ;
#7428 = CARTESIAN_POINT ( 'NONE',  ( 0.000000000000000000, 1.500000000000000444, 3.099999999999999645 ) ) ;
#7429 = ORIENTED_EDGE ( 'NONE', *, *, #2872, .F. ) ;
#7430 = CARTESIAN_POINT ( 'NONE',  ( 0.1500000000000000500, -1.121748432572855281, 2.178028870698595298 ) ) ;
#7431 = VECTOR ( 'NONE', #5827, 39.37007874015748143 ) ;
#7432 = CARTESIAN_POINT ( 'NONE',  ( 0.1499999999999999667, -1.122997100115546765, 2.990980606463204072 ) ) ;
#7433 = EDGE_CURVE ( 'NONE', #2680, #1398, #3668, .T. ) ;
#7434 = CARTESIAN_POINT ( 'NONE',  ( 0.09999999999999997780, -1.173399755468524930, 3.558143683290911685 ) ) ;
#7435 = CARTESIAN_POINT ( 'NONE',  ( 0.1000000000000000056, -1.008271957451300382, 3.596131946835386284 ) ) ;
#7436 = EDGE_CURVE ( 'NONE', #1903, #4792, #2452, .T. ) ;
#7437 = CARTESIAN_POINT ( 'NONE',  ( 0.1500000000000000500, -1.105445471455968054, 2.203781670436231188 ) ) ;
#7438 = CARTESIAN_POINT ( 'NONE',  ( 0.1000000000000000194, -1.166701386914075433, 2.303700679464168566 ) ) ;
#7439 = VERTEX_POINT ( 'NONE', #617 ) ;
#7440 = CARTESIAN_POINT ( 'NONE',  ( 0.1000000000000000056, -1.183610720248317927, 2.202116923716174401 ) ) ;
#7441 = FACE_OUTER_BOUND ( 'NONE', #3907, .T. ) ;
#7442 = CARTESIAN_POINT ( 'NONE',  ( 0.1499999999999999944, -1.193071705196024235, 2.334094228999741283 ) ) ;
#7443 = ORIENTED_EDGE ( 'NONE', *, *, #6769, .T. ) ;
#7444 = CARTESIAN_POINT ( 'NONE',  ( 0.1499999999999999944, -1.096303652716521526, 3.400076259764825526 ) ) ;
#7445 = ORIENTED_EDGE ( 'NONE', *, *, #470, .F. ) ;
#7446 = ORIENTED_EDGE ( 'NONE', *, *, #5987, .F. ) ;
#7447 = VERTEX_POINT ( 'NONE', #2374 ) ;
#7448 = CARTESIAN_POINT ( 'NONE',  ( 0.09999999999999999167, -1.159175997323147467, 3.092273960820002721 ) ) ;
#7449 = CARTESIAN_POINT ( 'NONE',  ( 0.1000000000000000194, -1.135326354594391907, 3.214217935828188821 ) ) ;
#7450 = CARTESIAN_POINT ( 'NONE',  ( 0.09999999999999999167, -1.092683085418885369, 2.423445077793924707 ) ) ;
#7451 = CARTESIAN_POINT ( 'NONE',  ( 0.1000000000000000056, -1.185576923076922862, 2.381126201923076557 ) ) ;
#7452 = CARTESIAN_POINT ( 'NONE',  ( 0.1000000000000000056, -1.167847281875497023, 2.159496046740540631 ) ) ;
#7453 = CARTESIAN_POINT ( 'NONE',  ( 0.09999999999999997780, -1.183661500419650903, 3.587963971808553865 ) ) ;
#7454 = CARTESIAN_POINT ( 'NONE',  ( 0.09999999999999993616, -1.197970706470169677, 3.108743631159279097 ) ) ;
#7455 = CARTESIAN_POINT ( 'NONE',  ( 0.1000000000000000056, -1.200232343024819404, 3.650377751288835793 ) ) ;
#7456 = DIRECTION ( 'NONE',  ( -1.000000000000000000, -0.000000000000000000, -0.000000000000000000 ) ) ;
#7457 = CARTESIAN_POINT ( 'NONE',  ( 0.1000000000000000056, -1.101442307692307665, 2.840080528846153918 ) ) ;
#7458 = ORIENTED_EDGE ( 'NONE', *, *, #4581, .T. ) ;
#7459 = CARTESIAN_POINT ( 'NONE',  ( 0.1499999999999999944, -1.114598268504405798, 3.410134357719170950 ) ) ;
#7460 = CARTESIAN_POINT ( 'NONE',  ( 0.1000000000000000056, -1.185576923076922862, 2.899650841346153918 ) ) ;
#7461 = CARTESIAN_POINT ( 'NONE',  ( 0.1000000000000000056, 4.500000000000000888, 1.999999999999999334 ) ) ;
#7462 = CARTESIAN_POINT ( 'NONE',  ( 0.1000000000000000056, -1.129687499999999956, 3.067634615384615682 ) ) ;
#7463 = VERTEX_POINT ( 'NONE', #731 ) ;
#7464 = CARTESIAN_POINT ( 'NONE',  ( 0.09999999999999997780, -1.113186623259341701, 2.194882111098109156 ) ) ;
#7465 = CARTESIAN_POINT ( 'NONE',  ( 0.1499999999999999944, -1.082553014272638947, 3.333046135444496905 ) ) ;
#7466 = CARTESIAN_POINT ( 'NONE',  ( 0.1499999999999999944, -1.163529146634615152, 2.158980769230768981 ) ) ;
#7467 = CARTESIAN_POINT ( 'NONE',  ( 0.1499999999999999944, -1.201692982575263802, 3.644248544846650173 ) ) ;
#7468 = CARTESIAN_POINT ( 'NONE',  ( 0.1499999999999999944, -1.070769087984033030, 2.216196887884338107 ) ) ;
#7469 = B_SPLINE_CURVE_WITH_KNOTS ( 'NONE', 3,
 ( #3619, #4153, #1291, #6491, #786, #4834, #6529, #5455, #6640, #2437, #213, #3579, #825, #4764, #1405, #5986, #2545, #4875, #1971, #4305, #3155, #4191, #68, #5947, #2397, #717, #3053 ),
 .UNSPECIFIED., .F., .F.,
 ( 4, 1, 1, 1, 1, 1, 1, 1, 1, 1, 1, 1, 1, 1, 1, 1, 1, 1, 1, 1, 1, 1, 1, 1, 4 ),
 ( 0.000000000000000000, 0.04709640049813473145, 0.09352338919922616178, 0.1391036043592910332, 0.1842674499554950995, 0.2291580951167264679, 0.2738419244676459363, 0.3186247848916836656, 0.3632175741418273707, 0.4072684829737868717, 0.4501980711463507978, 0.4921511534079375250, 0.5330677825343382858, 0.5731354022231430756, 0.6129343948012272447, 0.6524694176783295552, 0.6915442929150498186, 0.7303540467200517750, 0.7687312183857178960, 0.8065374724518058480, 0.8447080257398031922, 0.8827767727762932948, 0.9209933377976650126, 0.9601991676441473667, 1.000000000000000000 ),
 .UNSPECIFIED. ) ;
#7470 = CARTESIAN_POINT ( 'NONE',  ( 0.1000000000000000056, -1.155346505807013591, 2.962999806400006708 ) ) ;
#7471 = ADVANCED_FACE ( 'NONE', ( #3066 ), #3392, .T. ) ;
#7472 = CARTESIAN_POINT ( 'NONE',  ( 0.1499999999999999944, -1.120047284817365929, 2.218586303004873805 ) ) ;
#7473 = DIRECTION ( 'NONE',  ( -1.000000000000000000, -0.000000000000000000, -0.000000000000000000 ) ) ;
#7474 = VECTOR ( 'NONE', #6794, 39.37007874015748143 ) ;
#7475 = CARTESIAN_POINT ( 'NONE',  ( 0.1500000000000000500, -1.075621261240249371, 2.326420834216198941 ) ) ;
#7476 = EDGE_CURVE ( 'NONE', #1177, #6648, #1904, .T. ) ;
#7477 = ORIENTED_EDGE ( 'NONE', *, *, #315, .F. ) ;
#7478 = CARTESIAN_POINT ( 'NONE',  ( 0.09999999999999997780, -1.202342448612778281, 2.382556309031147013 ) ) ;
#7479 = ADVANCED_FACE ( 'NONE', ( #3743 ), #3014, .T. ) ;
#7480 = DIRECTION ( 'NONE',  ( 0.000000000000000000, -0.4846389868796577294, -0.8747142690023175238 ) ) ;
#7481 = CARTESIAN_POINT ( 'NONE',  ( 0.1499999999999999944, -1.106437800480769118, 3.707538461538461227 ) ) ;
#7482 = B_SPLINE_CURVE_WITH_KNOTS ( 'NONE', 3,
 ( #4789, #131, #1993, #5934, #7084, #700, #4329, #2460, #662, #2999, #3713, #4180, #93, #3107, #5442, #7123, #202, #1958, #1885 ),
 .UNSPECIFIED., .F., .F.,
 ( 4, 1, 1, 1, 1, 1, 1, 1, 1, 1, 1, 1, 1, 1, 1, 1, 4 ),
 ( 0.000000000000000000, 0.06731837021478855043, 0.1328003874019390018, 0.1979227049769316793, 0.2618766480524860607, 0.3259030708060169923, 0.3893308283718679985, 0.4542045514335961154, 0.5194462248296444207, 0.5842160852422562112, 0.6466357057170665223, 0.7077546486320436259, 0.7672184367128729310, 0.8257898878212502902, 0.8835977164710699938, 0.9418618382118134624, 1.000000000000000000 ),
 .UNSPECIFIED. ) ;
#7483 = CARTESIAN_POINT ( 'NONE',  ( 0.09999999999999992228, -1.077403846153845990, 3.356862379807692420 ) ) ;
#7484 = FACE_OUTER_BOUND ( 'NONE', #3708, .T. ) ;
#7485 = VERTEX_POINT ( 'NONE', #304 ) ;
#7486 = ORIENTED_EDGE ( 'NONE', *, *, #6590, .T. ) ;
#7487 = CARTESIAN_POINT ( 'NONE',  ( 0.09999999999999999167, -1.157068906625972282, 2.137594843159888125 ) ) ;
#7488 = CARTESIAN_POINT ( 'NONE',  ( 0.09999999999999999167, -1.101894560866267359, 2.431582717289067386 ) ) ;
#7489 = CARTESIAN_POINT ( 'NONE',  ( 0.1000000000000000056, -1.181588703601886170, 2.316499237570257996 ) ) ;
#7490 = CARTESIAN_POINT ( 'NONE',  ( 0.09999999999999997780, -1.122400841346153699, 2.176521334134615238 ) ) ;
#7491 = EDGE_LOOP ( 'NONE', ( #1464, #5610, #2208, #1183 ) ) ;
#7492 = ORIENTED_EDGE ( 'NONE', *, *, #2093, .T. ) ;
#7493 = CARTESIAN_POINT ( 'NONE',  ( 0.1499999999999999944, -1.202403846153846212, 3.140801682692307306 ) ) ;
#7494 = CARTESIAN_POINT ( 'NONE',  ( 0.09999999999999997780, -1.204807692307692246, 3.610746093749999996 ) ) ;
#7495 = CARTESIAN_POINT ( 'NONE',  ( 0.1000000000000000056, -1.182227686106284370, 2.965849301668465721 ) ) ;
#7496 = DIRECTION ( 'NONE',  ( 0.000000000000000000, 0.6298019584212195543, 0.7767557487195034804 ) ) ;
#7497 = AXIS2_PLACEMENT_3D ( 'NONE', #3463, #3578, #5762 ) ;
#7498 = EDGE_LOOP ( 'NONE', ( #2409, #333, #4293, #5968 ) ) ;
#7499 = CARTESIAN_POINT ( 'NONE',  ( 0.1000000000000000056, -1.179618177488705566, 2.168428770454107202 ) ) ;
#7500 = CARTESIAN_POINT ( 'NONE',  ( 0.000000000000000000, 1.125984251968504157, 2.931102359999999685 ) ) ;
#7501 = ADVANCED_FACE ( 'NONE', ( #7342 ), #6767, .F. ) ;
#7502 = DIRECTION ( 'NONE',  ( -1.000000000000000000, -0.000000000000000000, -0.000000000000000000 ) ) ;
#7503 = VECTOR ( 'NONE', #973, 39.37007874015748143 ) ;
#7504 = VECTOR ( 'NONE', #5624, 39.37007874015748143 ) ;
#7505 = VECTOR ( 'NONE', #977, 39.37007874015748143 ) ;
#7506 = CARTESIAN_POINT ( 'NONE',  ( 0.1500000000000000500, -1.148703076591570005, 3.068681503650864784 ) ) ;
#7507 = ORIENTED_EDGE ( 'NONE', *, *, #6215, .T. ) ;
#7508 = CARTESIAN_POINT ( 'NONE',  ( 0.09999999999999997780, -1.121748432572855281, 2.178028870698595298 ) ) ;
#7509 = CARTESIAN_POINT ( 'NONE',  ( 0.09999999999999999167, -1.184662373177776340, 3.127869148369297303 ) ) ;
#7510 = LINE ( 'NONE', #7550, #4569 ) ;
#7511 = CARTESIAN_POINT ( 'NONE',  ( 0.09999999999999997780, -1.173361648572180727, 3.699941550462380935 ) ) ;
#7512 = LINE ( 'NONE', #3450, #684 ) ;
#7513 = CARTESIAN_POINT ( 'NONE',  ( 0.1000000000000000056, -1.179167434267030190, 2.934262141070870022 ) ) ;
#7514 = CARTESIAN_POINT ( 'NONE',  ( 0.09999999999999996392, -1.099121531427434073, 2.206832478263932362 ) ) ;
#7515 = CARTESIAN_POINT ( 'NONE',  ( 0.1000000000000000194, -1.200161089227038902, 2.354847073318329098 ) ) ;
#7516 = B_SPLINE_CURVE_WITH_KNOTS ( 'NONE', 3,
 ( #6674, #6096, #3841, #363, #2691, #5023, #2118, #6787, #2197, #6897, #2312, #1703, #4677, #1053, #6251, #5790, #479, #7009, #3381 ),
 .UNSPECIFIED., .F., .F.,
 ( 4, 1, 1, 1, 1, 1, 1, 1, 1, 1, 1, 1, 1, 1, 1, 1, 4 ),
 ( 0.000000000000000000, 0.06505568119716181874, 0.1273136153210955857, 0.1874857604004731282, 0.2469421247715667400, 0.3043168239367809447, 0.3612482632239862324, 0.4177015602187558740, 0.4752173810708786306, 0.5333247862532140005, 0.5922160283461411767, 0.6539509146374341553, 0.7170174272360458900, 0.7833380913007127466, 0.8516903702451585900, 0.9245179445523328265, 1.000000000000000000 ),
 .UNSPECIFIED. ) ;
#7517 = CARTESIAN_POINT ( 'NONE',  ( 0.09999999999999997780, -1.075495395999824799, 2.145213229574159275 ) ) ;
#7518 = ORIENTED_EDGE ( 'NONE', *, *, #6684, .F. ) ;
#7519 = CARTESIAN_POINT ( 'NONE',  ( 0.1000000000000000056, -1.199516912940315150, 2.406434102491170623 ) ) ;
#7520 = CARTESIAN_POINT ( 'NONE',  ( 0.1499999999999999667, -1.176734282478702820, 3.106910003984551860 ) ) ;
#7521 = FACE_OUTER_BOUND ( 'NONE', #4688, .T. ) ;
#7522 = CARTESIAN_POINT ( 'NONE',  ( 0.1499999999999999944, -1.204783472953614876, 3.608253687530998288 ) ) ;
#7523 = EDGE_CURVE ( 'NONE', #2080, #1284, #3704, .T. ) ;
#7524 = CARTESIAN_POINT ( 'NONE',  ( 0.1499999999999999944, -1.077403846153845990, 2.183958233173076913 ) ) ;
#7525 = VERTEX_POINT ( 'NONE', #4509 ) ;
#7526 = AXIS2_PLACEMENT_3D ( 'NONE', #7076, #2912, #7039 ) ;
#7527 = ORIENTED_EDGE ( 'NONE', *, *, #1190, .F. ) ;
#7528 = CC_DESIGN_PERSON_AND_ORGANIZATION_ASSIGNMENT ( #176, #1477, ( #7036 ) ) ;
#7529 = CARTESIAN_POINT ( 'NONE',  ( 0.1000000000000000056, -1.038066966895398124, 3.523632946562446300 ) ) ;
#7530 = CARTESIAN_POINT ( 'NONE',  ( 0.1000000000000000056, -1.135096153846153699, 2.441673076923077446 ) ) ;
#7531 = CARTESIAN_POINT ( 'NONE',  ( 0.1499999999999999667, -1.130273346201830620, 3.703779996090465154 ) ) ;
#7532 = EDGE_CURVE ( 'NONE', #1398, #4535, #83, .T. ) ;
#7533 = FACE_OUTER_BOUND ( 'NONE', #5948, .T. ) ;
#7534 = EDGE_LOOP ( 'NONE', ( #2897, #718, #4414, #450 ) ) ;
#7535 = LOCAL_TIME ( 20, 49, 14.00000000000000000, #4374 ) ;
#7536 = VERTEX_POINT ( 'NONE', #5166 ) ;
#7537 = CARTESIAN_POINT ( 'NONE',  ( 0.1000000000000000056, -1.131114783653845990, 2.970038461538460961 ) ) ;
#7538 = EDGE_CURVE ( 'NONE', #4867, #6905, #405, .T. ) ;
#7539 = CARTESIAN_POINT ( 'NONE',  ( 0.1499999999999999944, -1.096937826210948153, 2.954747773360171248 ) ) ;
#7540 = CARTESIAN_POINT ( 'NONE',  ( 0.1000000000000000472, -1.080613851128124692, 2.873716230048722675 ) ) ;
#7541 = VERTEX_POINT ( 'NONE', #6313 ) ;
#7542 = LINE ( 'NONE', #6427, #6574 ) ;
#7543 = CARTESIAN_POINT ( 'NONE',  ( 0.1000000000000000056, -1.072456723157063863, 3.313484349324619327 ) ) ;
#7544 = CARTESIAN_POINT ( 'NONE',  ( 0.000000000000000000, 1.500000000000000444, 2.999999999999999556 ) ) ;
#7545 = AXIS2_PLACEMENT_3D ( 'NONE', #4802, #3805, #4878 ) ;
#7546 = CARTESIAN_POINT ( 'NONE',  ( 0.1500000000000000500, -1.183610720248317927, 2.202116923716174401 ) ) ;
#7547 = DIRECTION ( 'NONE',  ( 0.000000000000000000, -1.000000000000000000, 0.000000000000000000 ) ) ;
#7548 = AXIS2_PLACEMENT_3D ( 'NONE', #6663, #4900, #5405 ) ;
#7549 = VECTOR ( 'NONE', #3794, 39.37007874015748143 ) ;
#7550 = CARTESIAN_POINT ( 'NONE',  ( 0.1000000000000000056, 2.499999999999997780, 0.06003936999999915508 ) ) ;
#7551 = FACE_OUTER_BOUND ( 'NONE', #5526, .T. ) ;
#7552 = CARTESIAN_POINT ( 'NONE',  ( 0.1499999999999999944, -1.145283214943406236, 2.967780548561368636 ) ) ;
#7553 = CARTESIAN_POINT ( 'NONE',  ( 0.1500000000000000500, -1.096932137790928907, 2.206983006546907156 ) ) ;
#7554 = CARTESIAN_POINT ( 'NONE',  ( 0.09999999999999997780, -1.065404999994888025, 2.162099366950544166 ) ) ;
#7555 = CARTESIAN_POINT ( 'NONE',  ( 0.1000000000000000056, -1.156016665600542170, 3.190336701513329931 ) ) ;
#7556 = ORIENTED_EDGE ( 'NONE', *, *, #1348, .F. ) ;
#7557 = CARTESIAN_POINT ( 'NONE',  ( 0.1500000000000000500, -1.185970301546636296, 2.435339487694598404 ) ) ;
#7558 = CARTESIAN_POINT ( 'NONE',  ( 0.1499999999999999944, -1.158155641202949004, 3.536540241498153492 ) ) ;
#7559 = CARTESIAN_POINT ( 'NONE',  ( 0.1499999999999999944, -1.184269752034732059, 3.630191923431508982 ) ) ;
#7560 = CARTESIAN_POINT ( 'NONE',  ( 0.1499999999999999944, -1.165482271634615374, 3.515230769230769159 ) ) ;
#7561 = CARTESIAN_POINT ( 'NONE',  ( 0.1499999999999999944, -1.088449929341990918, 2.157058012813157344 ) ) ;
#7562 = ORIENTED_EDGE ( 'NONE', *, *, #791, .T. ) ;
#7563 = EDGE_CURVE ( 'NONE', #6648, #1177, #1059, .T. ) ;
#7564 = DIRECTION ( 'NONE',  ( -1.000000000000000000, -0.000000000000000000, -0.000000000000000000 ) ) ;
#7565 = CARTESIAN_POINT ( 'NONE',  ( 0.1000000000000000056, -1.101194866394612726, 2.958824489271616898 ) ) ;
#7566 = CARTESIAN_POINT ( 'NONE',  ( 0.09999999999999999167, -1.185414892162308442, 3.620314449925289058 ) ) ;
#7567 = CARTESIAN_POINT ( 'NONE',  ( 0.1000000000000000472, -1.182351469019278900, 2.874207305702784598 ) ) ;
#7568 = EDGE_CURVE ( 'NONE', #777, #5492, #6624, .T. ) ;
#7569 = ORIENTED_EDGE ( 'NONE', *, *, #2935, .F. ) ;
#7570 = EDGE_LOOP ( 'NONE', ( #2351, #5531, #6405, #1230 ) ) ;
#7571 = LINE ( 'NONE', #283, #338 ) ;
#7572 = CARTESIAN_POINT ( 'NONE',  ( 0.1499999999999999667, -1.123664710896687513, 3.411768425209841027 ) ) ;
ENDSEC;
END-ISO-10303-21;
