ISO-10303-21;
HEADER;
FILE_DESCRIPTION (( 'STEP AP203' ),
    '1' );
FILE_NAME ('Clover.STEP',
    '2026-04-28T04:00:22',
    ( '' ),
    ( '' ),
    'SwSTEP 2.0',
    'SolidWorks 2025',
    '' );
FILE_SCHEMA (( 'CONFIG_CONTROL_DESIGN' ));
ENDSEC;

DATA;
#1 = AXIS2_PLACEMENT_3D ( 'NONE', #1580, #1799, #88 ) ;
#2 = CARTESIAN_POINT ( 'NONE',  ( 0.8300000000000000711, 0.3484132424996279065, -0.1499999999999985234 ) ) ;
#3 = FACE_OUTER_BOUND ( 'NONE', #588, .T. ) ;
#4 = ORIENTED_EDGE ( 'NONE', *, *, #672, .F. ) ;
#5 = VERTEX_POINT ( 'NONE', #256 ) ;
#6 = ADVANCED_FACE ( 'NONE', ( #2122 ), #2326, .T. ) ;
#7 = CARTESIAN_POINT ( 'NONE',  ( 0.000000000000000000, 0.000000000000000000, 0.3251811000000000562 ) ) ;
#8 = ORIENTED_EDGE ( 'NONE', *, *, #357, .T. ) ;
#9 = DIRECTION ( 'NONE',  ( 0.000000000000000000, 0.000000000000000000, 1.000000000000000000 ) ) ;
#10 = PLANE ( 'NONE',  #375 ) ;
#11 = DIRECTION ( 'NONE',  ( 0.000000000000000000, 0.000000000000000000, -1.000000000000000000 ) ) ;
#12 = CYLINDRICAL_SURFACE ( 'NONE', #811, 0.02599999999999999187 ) ;
#13 = DIRECTION ( 'NONE',  ( 1.000000000000000000, -0.000000000000000000, -0.000000000000000000 ) ) ;
#14 = VERTEX_POINT ( 'NONE', #1031 ) ;
#15 = EDGE_CURVE ( 'NONE', #126, #40, #52, .T. ) ;
#16 = ORIENTED_EDGE ( 'NONE', *, *, #1723, .F. ) ;
#17 = FACE_OUTER_BOUND ( 'NONE', #1922, .T. ) ;
#18 = ORIENTED_EDGE ( 'NONE', *, *, #176, .T. ) ;
#19 = DIRECTION ( 'NONE',  ( 1.000000000000000000, 0.000000000000000000, 0.000000000000000000 ) ) ;
#20 = DIRECTION ( 'NONE',  ( 1.000000000000000000, -0.000000000000000000, -0.000000000000000000 ) ) ;
#21 = FACE_OUTER_BOUND ( 'NONE', #235, .T. ) ;
#22 = DIRECTION ( 'NONE',  ( 0.000000000000000000, 0.000000000000000000, -1.000000000000000000 ) ) ;
#23 = CYLINDRICAL_SURFACE ( 'NONE', #818, 0.05905511999999996792 ) ;
#24 = ORIENTED_EDGE ( 'NONE', *, *, #550, .F. ) ;
#25 = ORIENTED_EDGE ( 'NONE', *, *, #1460, .T. ) ;
#26 = DIRECTION ( 'NONE',  ( 1.000000000000000000, -0.000000000000000000, -0.000000000000000000 ) ) ;
#27 = EDGE_CURVE ( 'NONE', #338, #1975, #1602, .T. ) ;
#28 = CIRCLE ( 'NONE', #770, 0.06496062999999993592 ) ;
#29 = EDGE_CURVE ( 'NONE', #1790, #270, #2182, .T. ) ;
#30 = ORIENTED_EDGE ( 'NONE', *, *, #1641, .T. ) ;
#31 = CYLINDRICAL_SURFACE ( 'NONE', #976, 0.2421259849999999880 ) ;
#32 = ADVANCED_FACE ( 'NONE', ( #1997, #1051 ), #1238, .T. ) ;
#33 = DIRECTION ( 'NONE',  ( 0.000000000000000000, -1.000000000000000000, 1.926171080307069730E-15 ) ) ;
#34 = AXIS2_PLACEMENT_3D ( 'NONE', #917, #163, #508 ) ;
#35 = AXIS2_PLACEMENT_3D ( 'NONE', #1738, #26, #2087 ) ;
#36 = DIRECTION ( 'NONE',  ( -1.000000000000000000, -0.000000000000000000, -0.000000000000000000 ) ) ;
#37 = AXIS2_PLACEMENT_3D ( 'NONE', #347, #332, #1114 ) ;
#38 = DIRECTION ( 'NONE',  ( 1.000000000000000000, -0.000000000000000000, -0.000000000000000000 ) ) ;
#39 = CARTESIAN_POINT ( 'NONE',  ( 0.000000000000000000, 0.000000000000000000, 0.3842362200000000172 ) ) ;
#40 = VERTEX_POINT ( 'NONE', #1458 ) ;
#41 = AXIS2_PLACEMENT_3D ( 'NONE', #1812, #1823, #458 ) ;
#42 = AXIS2_PLACEMENT_3D ( 'NONE', #1341, #19, #417 ) ;
#43 = ORIENTED_EDGE ( 'NONE', *, *, #858, .T. ) ;
#44 = LINE ( 'NONE', #600, #1630 ) ;
#45 = EDGE_CURVE ( 'NONE', #1366, #484, #284, .T. ) ;
#46 = EDGE_LOOP ( 'NONE', ( #2002, #1942, #579, #603 ) ) ;
#47 = CARTESIAN_POINT ( 'NONE',  ( 0.06000000000000028227, 0.000000000000000000, -0.3842362200000000172 ) ) ;
#48 = CARTESIAN_POINT ( 'NONE',  ( 0.8300000000000000711, 0.000000000000000000, 0.7342519685826771614 ) ) ;
#49 = DIRECTION ( 'NONE',  ( 0.000000000000000000, 0.000000000000000000, 1.000000000000000000 ) ) ;
#50 = DIRECTION ( 'NONE',  ( -1.000000000000000000, -0.000000000000000000, -0.000000000000000000 ) ) ;
#51 = ORIENTED_EDGE ( 'NONE', *, *, #932, .T. ) ;
#52 = LINE ( 'NONE', #826, #852 ) ;
#53 = CARTESIAN_POINT ( 'NONE',  ( 0.8300000000000000711, 0.000000000000000000, 0.000000000000000000 ) ) ;
#54 = EDGE_LOOP ( 'NONE', ( #1018, #1692 ) ) ;
#55 = FACE_OUTER_BOUND ( 'NONE', #374, .T. ) ;
#56 = VERTEX_POINT ( 'NONE', #2222 ) ;
#57 = CARTESIAN_POINT ( 'NONE',  ( 0.1000000000000000056, 0.3245323805863113420, -0.1397187338193617012 ) ) ;
#58 = EDGE_CURVE ( 'NONE', #918, #1081, #123, .T. ) ;
#59 = EDGE_CURVE ( 'NONE', #2121, #1889, #1300, .T. ) ;
#60 = CYLINDRICAL_SURFACE ( 'NONE', #2301, 0.09842519499999997923 ) ;
#61 = DIRECTION ( 'NONE',  ( -1.000000000000000000, 0.000000000000000000, 0.000000000000000000 ) ) ;
#62 = ORIENTED_EDGE ( 'NONE', *, *, #29, .T. ) ;
#63 = DIRECTION ( 'NONE',  ( 0.000000000000000000, 0.000000000000000000, 1.000000000000000000 ) ) ;
#64 = CARTESIAN_POINT ( 'NONE',  ( 0.000000000000000000, 0.3842362200000000172, -0.05905511999999996792 ) ) ;
#65 = VERTEX_POINT ( 'NONE', #1815 ) ;
#66 = CARTESIAN_POINT ( 'NONE',  ( 0.2074803200000000236, 0.000000000000000000, 0.4826614149999999825 ) ) ;
#67 = CARTESIAN_POINT ( 'NONE',  ( 0.1000000000000000194, 0.000000000000000000, 0.6692913385826771977 ) ) ;
#68 = VECTOR ( 'NONE', #389, 39.37007874015748143 ) ;
#69 = AXIS2_PLACEMENT_3D ( 'NONE', #880, #2444, #1867 ) ;
#70 = ORIENTED_EDGE ( 'NONE', *, *, #58, .F. ) ;
#71 = DIRECTION ( 'NONE',  ( -1.000000000000000000, 0.000000000000000000, 0.000000000000000000 ) ) ;
#72 = CIRCLE ( 'NONE', #2104, 0.02600000000000000921 ) ;
#73 = EDGE_CURVE ( 'NONE', #5, #1983, #1257, .T. ) ;
#74 = DIRECTION ( 'NONE',  ( -1.000000000000000000, -0.000000000000000000, -0.000000000000000000 ) ) ;
#75 = AXIS2_PLACEMENT_3D ( 'NONE', #1403, #2161, #1791 ) ;
#76 = DIRECTION ( 'NONE',  ( -1.000000000000000000, -0.000000000000000000, -0.000000000000000000 ) ) ;
#77 = ORIENTED_EDGE ( 'NONE', *, *, #207, .F. ) ;
#78 = AXIS2_PLACEMENT_3D ( 'NONE', #1080, #1052, #2426 ) ;
#79 = EDGE_CURVE ( 'NONE', #270, #2176, #494, .T. ) ;
#80 = ORIENTED_EDGE ( 'NONE', *, *, #804, .F. ) ;
#81 = DIRECTION ( 'NONE',  ( -1.000000000000000000, -0.000000000000000000, -0.000000000000000000 ) ) ;
#82 = AXIS2_PLACEMENT_3D ( 'NONE', #1895, #1189, #1345 ) ;
#83 = AXIS2_PLACEMENT_3D ( 'NONE', #1253, #2181, #2400 ) ;
#84 = EDGE_LOOP ( 'NONE', ( #1689, #639, #1533, #1615 ) ) ;
#85 = CYLINDRICAL_SURFACE ( 'NONE', #2313, 0.2411417299999999986 ) ;
#86 = CARTESIAN_POINT ( 'NONE',  ( 0.8300000000000000711, 7.232166368126285127E-18, -0.3251811000000000562 ) ) ;
#87 = ORIENTED_EDGE ( 'NONE', *, *, #998, .F. ) ;
#88 = DIRECTION ( 'NONE',  ( 0.000000000000000000, 0.000000000000000000, -1.000000000000000000 ) ) ;
#89 = FACE_OUTER_BOUND ( 'NONE', #1564, .T. ) ;
#90 = CYLINDRICAL_SURFACE ( 'NONE', #1315, 0.05905511999999997486 ) ;
#91 = ORIENTED_EDGE ( 'NONE', *, *, #2021, .T. ) ;
#92 = ORIENTED_EDGE ( 'NONE', *, *, #129, .T. ) ;
#93 = DIRECTION ( 'NONE',  ( 0.000000000000000000, 0.000000000000000000, -1.000000000000000000 ) ) ;
#94 = ADVANCED_FACE ( 'NONE', ( #500 ), #731, .F. ) ;
#95 = ORIENTED_EDGE ( 'NONE', *, *, #1805, .T. ) ;
#96 = LENGTH_MEASURE_WITH_UNIT ( LENGTH_MEASURE( 0.02539999999999999897 ), #1766 );
#97 = DIRECTION ( 'NONE',  ( -1.000000000000000000, -0.000000000000000000, -0.000000000000000000 ) ) ;
#98 = ORIENTED_EDGE ( 'NONE', *, *, #974, .F. ) ;
#99 = LINE ( 'NONE', #656, #1911 ) ;
#100 = CARTESIAN_POINT ( 'NONE',  ( 0.05000000000000000278, 0.000000000000000000, 0.000000000000000000 ) ) ;
#101 = ORIENTED_EDGE ( 'NONE', *, *, #2275, .F. ) ;
#102 = CARTESIAN_POINT ( 'NONE',  ( 0.000000000000000000, 0.000000000000000000, 0.6692913385826771977 ) ) ;
#103 = FACE_OUTER_BOUND ( 'NONE', #1156, .T. ) ;
#104 = ORIENTED_EDGE ( 'NONE', *, *, #1163, .T. ) ;
#105 = EDGE_CURVE ( 'NONE', #988, #2139, #1247, .T. ) ;
#106 = LINE ( 'NONE', #454, #574 ) ;
#107 = ORIENTED_EDGE ( 'NONE', *, *, #1736, .F. ) ;
#108 = CARTESIAN_POINT ( 'NONE',  ( 0.8300000000000000711, 0.000000000000000000, 0.000000000000000000 ) ) ;
#109 = AXIS2_PLACEMENT_3D ( 'NONE', #1746, #38, #407 ) ;
#110 = AXIS2_PLACEMENT_3D ( 'NONE', #100, #2271, #1801 ) ;
#111 = ORIENTED_EDGE ( 'NONE', *, *, #2165, .F. ) ;
#112 = AXIS2_PLACEMENT_3D ( 'NONE', #2377, #414, #273 ) ;
#113 = DIRECTION ( 'NONE',  ( 1.000000000000000000, 0.000000000000000000, 0.000000000000000000 ) ) ;
#114 = DIRECTION ( 'NONE',  ( 0.000000000000000000, 0.000000000000000000, 1.000000000000000000 ) ) ;
#115 = AXIS2_PLACEMENT_3D ( 'NONE', #1422, #2361, #969 ) ;
#116 = ORIENTED_EDGE ( 'NONE', *, *, #920, .T. ) ;
#117 = APPROVAL_ROLE ( '' ) ;
#118 = FACE_BOUND ( 'NONE', #2348, .T. ) ;
#119 = EDGE_CURVE ( 'NONE', #1882, #1477, #1825, .T. ) ;
#120 = VERTEX_POINT ( 'NONE', #293 ) ;
#121 = FACE_OUTER_BOUND ( 'NONE', #498, .T. ) ;
#122 = ORIENTED_EDGE ( 'NONE', *, *, #59, .F. ) ;
#123 = LINE ( 'NONE', #1255, #2384 ) ;
#124 = PLANE ( 'NONE',  #1466 ) ;
#125 = CARTESIAN_POINT ( 'NONE',  ( 0.1000000000000000194, -0.6692913385826771977, -0.06496062999999993592 ) ) ;
#126 = VERTEX_POINT ( 'NONE', #1624 ) ;
#127 = DIRECTION ( 'NONE',  ( -1.000000000000000000, 0.000000000000000000, 0.000000000000000000 ) ) ;
#128 = DIRECTION ( 'NONE',  ( 0.000000000000000000, 0.000000000000000000, 1.000000000000000000 ) ) ;
#129 = EDGE_CURVE ( 'NONE', #556, #738, #325, .T. ) ;
#130 = ORIENTED_EDGE ( 'NONE', *, *, #1963, .T. ) ;
#131 = DESIGN_CONTEXT ( 'detailed design', #263, 'design' ) ;
#132 = EDGE_CURVE ( 'NONE', #254, #320, #2391, .T. ) ;
#133 = FACE_BOUND ( 'NONE', #636, .T. ) ;
#134 = DIRECTION ( 'NONE',  ( -1.000000000000000000, -0.000000000000000000, -0.000000000000000000 ) ) ;
#135 = EDGE_LOOP ( 'NONE', ( #70, #1463, #2010, #519 ) ) ;
#136 = SHAPE_DEFINITION_REPRESENTATION ( #183, #2197 ) ;
#137 = DIRECTION ( 'NONE',  ( -1.000000000000000000, -0.000000000000000000, -0.000000000000000000 ) ) ;
#138 = ORIENTED_EDGE ( 'NONE', *, *, #1947, .F. ) ;
#139 = CYLINDRICAL_SURFACE ( 'NONE', #2274, 0.3533307099999999923 ) ;
#140 = DIRECTION ( 'NONE',  ( -1.000000000000000000, -0.000000000000000000, -0.000000000000000000 ) ) ;
#141 = CARTESIAN_POINT ( 'NONE',  ( 0.2074803200000000236, 0.000000000000000000, 0.3842362200000000172 ) ) ;
#142 = AXIS2_PLACEMENT_3D ( 'NONE', #228, #1370, #1561 ) ;
#143 = EDGE_CURVE ( 'NONE', #1194, #1989, #569, .T. ) ;
#144 = DIRECTION ( 'NONE',  ( 1.000000000000000000, -0.000000000000000000, -0.000000000000000000 ) ) ;
#145 = AXIS2_PLACEMENT_3D ( 'NONE', #833, #1629, #1779 ) ;
#146 = LINE ( 'NONE', #1828, #503 ) ;
#147 = AXIS2_PLACEMENT_3D ( 'NONE', #1753, #1913, #726 ) ;
#148 = EDGE_LOOP ( 'NONE', ( #1121, #2375 ) ) ;
#149 = DIRECTION ( 'NONE',  ( 0.000000000000000000, 0.000000000000000000, -1.000000000000000000 ) ) ;
#150 = AXIS2_PLACEMENT_3D ( 'NONE', #2164, #1973, #260 ) ;
#151 = EDGE_CURVE ( 'NONE', #764, #1267, #867, .T. ) ;
#152 = AXIS2_PLACEMENT_3D ( 'NONE', #568, #1542, #1359 ) ;
#153 = VERTEX_POINT ( 'NONE', #2033 ) ;
#154 = LINE ( 'NONE', #1883, #904 ) ;
#155 = DIRECTION ( 'NONE',  ( -1.000000000000000000, -0.000000000000000000, -0.000000000000000000 ) ) ;
#156 = AXIS2_PLACEMENT_3D ( 'NONE', #997, #1244, #1039 ) ;
#157 = AXIS2_PLACEMENT_3D ( 'NONE', #1241, #1819, #2000 ) ;
#158 = DIRECTION ( 'NONE',  ( -1.000000000000000000, 0.000000000000000000, 0.000000000000000000 ) ) ;
#159 = DIRECTION ( 'NONE',  ( -1.000000000000000000, -0.000000000000000000, -0.000000000000000000 ) ) ;
#160 = CYLINDRICAL_SURFACE ( 'NONE', #1103, 0.06496062999999993592 ) ;
#161 = ORIENTED_EDGE ( 'NONE', *, *, #295, .T. ) ;
#162 = EDGE_CURVE ( 'NONE', #56, #2148, #1342, .T. ) ;
#163 = DIRECTION ( 'NONE',  ( -1.000000000000000000, 0.000000000000000000, 0.000000000000000000 ) ) ;
#164 = ADVANCED_FACE ( 'NONE', ( #2187, #900, #133, #2413, #1661, #663 ), #1677, .F. ) ;
#165 = ORIENTED_EDGE ( 'NONE', *, *, #691, .F. ) ;
#166 = CARTESIAN_POINT ( 'NONE',  ( 0.8300000000000000711, 0.3484132424996266852, 0.1500000000000014100 ) ) ;
#167 = DIRECTION ( 'NONE',  ( 0.000000000000000000, 0.000000000000000000, 1.000000000000000000 ) ) ;
#168 = DIRECTION ( 'NONE',  ( -1.000000000000000000, 0.000000000000000000, 0.000000000000000000 ) ) ;
#169 = DIRECTION ( 'NONE',  ( -1.000000000000000000, -0.000000000000000000, -0.000000000000000000 ) ) ;
#170 = DIRECTION ( 'NONE',  ( 0.000000000000000000, 0.000000000000000000, -1.000000000000000000 ) ) ;
#171 = ORIENTED_EDGE ( 'NONE', *, *, #824, .T. ) ;
#172 = VERTEX_POINT ( 'NONE', #1652 ) ;
#173 = CARTESIAN_POINT ( 'NONE',  ( 0.1000000000000000056, 0.000000000000000000, 0.2411417299999999986 ) ) ;
#174 = VERTEX_POINT ( 'NONE', #1294 ) ;
#175 = CARTESIAN_POINT ( 'NONE',  ( 0.000000000000000000, 0.6692913385826771977, 0.000000000000000000 ) ) ;
#176 = EDGE_CURVE ( 'NONE', #1790, #677, #1724, .T. ) ;
#177 = DIRECTION ( 'NONE',  ( 1.000000000000000000, -0.000000000000000000, -0.000000000000000000 ) ) ;
#178 = DIRECTION ( 'NONE',  ( -1.000000000000000000, -0.000000000000000000, -0.000000000000000000 ) ) ;
#179 = CARTESIAN_POINT ( 'NONE',  ( 0.8300000000000000711, -0.1397187338193630612, -0.3245323805863107869 ) ) ;
#180 = VERTEX_POINT ( 'NONE', #1324 ) ;
#181 = VERTEX_POINT ( 'NONE', #570 ) ;
#182 = CARTESIAN_POINT ( 'NONE',  ( 0.1000000000000000056, 0.3484132424996279065, -0.1239999999999985281 ) ) ;
#183 = PRODUCT_DEFINITION_SHAPE ( 'NONE', 'NONE',  #2055 ) ;
#184 = CIRCLE ( 'NONE', #1431, 0.02600000000000000921 ) ;
#185 = ORIENTED_EDGE ( 'NONE', *, *, #1641, .F. ) ;
#186 = DIRECTION ( 'NONE',  ( 1.000000000000000000, 0.000000000000000000, 0.000000000000000000 ) ) ;
#187 = FACE_OUTER_BOUND ( 'NONE', #1038, .T. ) ;
#188 = AXIS2_PLACEMENT_3D ( 'NONE', #1546, #2461, #1725 ) ;
#189 = EDGE_CURVE ( 'NONE', #2159, #1513, #949, .T. ) ;
#190 = FACE_OUTER_BOUND ( 'NONE', #517, .T. ) ;
#191 = CIRCLE ( 'NONE', #1436, 0.2421259849999999880 ) ;
#192 = EDGE_CURVE ( 'NONE', #752, #2287, #2260, .T. ) ;
#193 = CARTESIAN_POINT ( 'NONE',  ( 0.1000000000000000056, 0.1239999999999999436, 0.3661417299999999431 ) ) ;
#194 = CYLINDRICAL_SURFACE ( 'NONE', #1906, 0.3533307099999999923 ) ;
#195 = ORIENTED_EDGE ( 'NONE', *, *, #2054, .F. ) ;
#196 = CC_DESIGN_APPROVAL ( #1758, ( #952 ) ) ;
#197 = ORIENTED_EDGE ( 'NONE', *, *, #1199, .T. ) ;
#198 = DIRECTION ( 'NONE',  ( -1.000000000000000000, 0.000000000000000000, 0.000000000000000000 ) ) ;
#199 = ORIENTED_EDGE ( 'NONE', *, *, #1768, .F. ) ;
#200 = CARTESIAN_POINT ( 'NONE',  ( 0.8300000000000000711, 0.3661417299999998876, 1.434220196673738239E-15 ) ) ;
#201 = CYLINDRICAL_SURFACE ( 'NONE', #2184, 0.09842519499999997923 ) ;
#202 = DIRECTION ( 'NONE',  ( -1.000000000000000000, 0.000000000000000000, 0.000000000000000000 ) ) ;
#203 = CARTESIAN_POINT ( 'NONE',  ( 0.05000000000000000278, 6.328145388413480154E-17, -0.5167322850000001244 ) ) ;
#204 = DIRECTION ( 'NONE',  ( 0.000000000000000000, 0.000000000000000000, 1.000000000000000000 ) ) ;
#205 = ORIENTED_EDGE ( 'NONE', *, *, #1587, .F. ) ;
#206 = ADVANCED_FACE ( 'NONE', ( #1919 ), #12, .F. ) ;
#207 = EDGE_CURVE ( 'NONE', #180, #404, #359, .T. ) ;
#208 = ORIENTED_EDGE ( 'NONE', *, *, #119, .T. ) ;
#209 = CARTESIAN_POINT ( 'NONE',  ( 0.8300000000000000711, -0.1239999999999999297, -0.3484132424996274069 ) ) ;
#210 = ORIENTED_EDGE ( 'NONE', *, *, #1088, .T. ) ;
#211 = DIRECTION ( 'NONE',  ( 1.000000000000000000, 0.000000000000000000, 0.000000000000000000 ) ) ;
#212 = LINE ( 'NONE', #2140, #2434 ) ;
#213 = CARTESIAN_POINT ( 'NONE',  ( 0.2074803200000000236, 1.205361000122040949E-17, -0.4826614149999999825 ) ) ;
#214 = ORIENTED_EDGE ( 'NONE', *, *, #1848, .T. ) ;
#215 = EDGE_CURVE ( 'NONE', #1713, #174, #1625, .T. ) ;
#216 = ORIENTED_EDGE ( 'NONE', *, *, #1058, .F. ) ;
#217 = CARTESIAN_POINT ( 'NONE',  ( 0.05000000000000000278, 0.000000000000000000, 0.000000000000000000 ) ) ;
#218 = EDGE_CURVE ( 'NONE', #798, #1048, #524, .T. ) ;
#219 = CIRCLE ( 'NONE', #694, 0.09842519499999997923 ) ;
#220 = EDGE_LOOP ( 'NONE', ( #116, #1376, #77, #290 ) ) ;
#221 = DIRECTION ( 'NONE',  ( 1.000000000000000000, 0.000000000000000000, 0.000000000000000000 ) ) ;
#222 = CIRCLE ( 'NONE', #1428, 0.2421259849999999880 ) ;
#223 = EDGE_CURVE ( 'NONE', #1778, #1048, #219, .T. ) ;
#224 = AXIS2_PLACEMENT_3D ( 'NONE', #1807, #1613, #1389 ) ;
#225 = DIRECTION ( 'NONE',  ( 1.000000000000000000, -0.000000000000000000, -0.000000000000000000 ) ) ;
#226 = VECTOR ( 'NONE', #1512, 39.37007874015748143 ) ;
#227 = AXIS2_PLACEMENT_3D ( 'NONE', #883, #1124, #2081 ) ;
#228 = CARTESIAN_POINT ( 'NONE',  ( 0.1000000000000000056, 0.000000000000000000, 0.000000000000000000 ) ) ;
#229 = FACE_OUTER_BOUND ( 'NONE', #278, .T. ) ;
#230 = EDGE_LOOP ( 'NONE', ( #601, #2110 ) ) ;
#231 = AXIS2_PLACEMENT_3D ( 'NONE', #166, #919, #299 ) ;
#232 = CARTESIAN_POINT ( 'NONE',  ( 0.8300000000000000711, 0.1499999999999999112, -0.3484132424996274069 ) ) ;
#233 = CARTESIAN_POINT ( 'NONE',  ( 0.1000000000000000056, 2.965188125206500253E-17, -0.2421259849999999880 ) ) ;
#234 = EDGE_CURVE ( 'NONE', #2302, #2418, #334, .T. ) ;
#235 = EDGE_LOOP ( 'NONE', ( #806, #2339, #311, #878 ) ) ;
#236 = DIRECTION ( 'NONE',  ( -1.000000000000000000, -0.000000000000000000, -0.000000000000000000 ) ) ;
#237 = ADVANCED_FACE ( 'NONE', ( #1138 ), #2460, .F. ) ;
#238 = DIRECTION ( 'NONE',  ( 1.000000000000000000, 0.000000000000000000, 0.000000000000000000 ) ) ;
#239 = EDGE_LOOP ( 'NONE', ( #1350, #457, #2191, #216 ) ) ;
#240 = CARTESIAN_POINT ( 'NONE',  ( 0.2074803200000000236, 0.000000000000000000, -0.3842362200000000172 ) ) ;
#241 = CARTESIAN_POINT ( 'NONE',  ( 0.8300000000000000711, 0.3661417300000002761, -0.1239999999999985281 ) ) ;
#242 = DIRECTION ( 'NONE',  ( 0.000000000000000000, 0.000000000000000000, 1.000000000000000000 ) ) ;
#243 = EDGE_LOOP ( 'NONE', ( #964, #2378, #1970, #470 ) ) ;
#244 = EDGE_LOOP ( 'NONE', ( #1774, #1446, #2430, #607 ) ) ;
#245 = DIRECTION ( 'NONE',  ( 0.000000000000000000, -1.000000000000000000, 0.000000000000000000 ) ) ;
#246 = ORIENTED_EDGE ( 'NONE', *, *, #1918, .T. ) ;
#247 = MECHANICAL_CONTEXT ( 'NONE', #2004, 'mechanical' ) ;
#248 = DIRECTION ( 'NONE',  ( 0.000000000000000000, 0.000000000000000000, -1.000000000000000000 ) ) ;
#249 = ORIENTED_EDGE ( 'NONE', *, *, #1918, .F. ) ;
#250 = DIRECTION ( 'NONE',  ( 0.000000000000000000, 0.000000000000000000, -1.000000000000000000 ) ) ;
#251 = EDGE_CURVE ( 'NONE', #785, #1366, #2017, .T. ) ;
#252 = DIRECTION ( 'NONE',  ( 1.000000000000000000, -0.000000000000000000, -0.000000000000000000 ) ) ;
#253 = FACE_OUTER_BOUND ( 'NONE', #1364, .T. ) ;
#254 = VERTEX_POINT ( 'NONE', #1335 ) ;
#255 = EDGE_CURVE ( 'NONE', #126, #679, #734, .T. ) ;
#256 = CARTESIAN_POINT ( 'NONE',  ( 0.000000000000000000, 0.000000000000000000, 0.7342519685826771614 ) ) ;
#257 = CARTESIAN_POINT ( 'NONE',  ( 0.8300000000000000711, 0.3842362200000000172, 0.000000000000000000 ) ) ;
#258 = AXIS2_PLACEMENT_3D ( 'NONE', #315, #144, #700 ) ;
#259 = EDGE_LOOP ( 'NONE', ( #107, #2362, #1223, #450 ) ) ;
#260 = DIRECTION ( 'NONE',  ( 0.000000000000000000, 0.000000000000000000, 1.000000000000000000 ) ) ;
#261 = CYLINDRICAL_SURFACE ( 'NONE', #1222, 0.02600000000000000921 ) ;
#262 = VECTOR ( 'NONE', #424, 39.37007874015748143 ) ;
#263 = APPLICATION_CONTEXT ( 'configuration controlled 3d designs of mechanical parts and assemblies' ) ;
#264 = AXIS2_PLACEMENT_3D ( 'NONE', #1916, #2330, #1894 ) ;
#265 = ORIENTED_EDGE ( 'NONE', *, *, #2366, .F. ) ;
#266 = DIRECTION ( 'NONE',  ( -1.000000000000000000, 0.000000000000000000, 0.000000000000000000 ) ) ;
#267 = AXIS2_PLACEMENT_3D ( 'NONE', #1764, #451, #2353 ) ;
#268 = CARTESIAN_POINT ( 'NONE',  ( 0.8300000000000000711, 0.3484132424996266852, 0.1240000000000014285 ) ) ;
#269 = CARTESIAN_POINT ( 'NONE',  ( 0.6233070900000000636, 0.000000000000000000, 0.000000000000000000 ) ) ;
#270 = VERTEX_POINT ( 'NONE', #1687 ) ;
#271 = AXIS2_PLACEMENT_3D ( 'NONE', #1787, #76, #1572 ) ;
#272 = ORIENTED_EDGE ( 'NONE', *, *, #1712, .F. ) ;
#273 = DIRECTION ( 'NONE',  ( 0.000000000000000000, 0.000000000000000000, 1.000000000000000000 ) ) ;
#274 = VECTOR ( 'NONE', #1657, 39.37007874015748143 ) ;
#275 = VERTEX_POINT ( 'NONE', #1115 ) ;
#276 = CARTESIAN_POINT ( 'NONE',  ( 0.8300000000000000711, -0.1239999999999999158, 0.3484132424996274069 ) ) ;
#277 = CARTESIAN_POINT ( 'NONE',  ( 0.2074803200000000236, -0.3842362200000000172, 0.05905511999999996792 ) ) ;
#278 = EDGE_LOOP ( 'NONE', ( #43, #2015, #1728, #1111 ) ) ;
#279 = CARTESIAN_POINT ( 'NONE',  ( 0.1000000000000000056, -0.1239999999999999436, 0.3661417299999999431 ) ) ;
#280 = FACE_BOUND ( 'NONE', #650, .T. ) ;
#281 = ORIENTED_EDGE ( 'NONE', *, *, #1120, .F. ) ;
#282 = EDGE_CURVE ( 'NONE', #1193, #1589, #2082, .T. ) ;
#283 = EDGE_CURVE ( 'NONE', #1888, #65, #1585, .T. ) ;
#284 = LINE ( 'NONE', #1043, #1093 ) ;
#285 = DIRECTION ( 'NONE',  ( 0.000000000000000000, -1.926171080307084718E-15, 1.000000000000000000 ) ) ;
#286 = EDGE_CURVE ( 'NONE', #788, #180, #333, .T. ) ;
#287 = ORIENTED_EDGE ( 'NONE', *, *, #804, .T. ) ;
#288 = CARTESIAN_POINT ( 'NONE',  ( 0.8300000000000000711, 0.000000000000000000, 0.000000000000000000 ) ) ;
#289 = DIRECTION ( 'NONE',  ( 1.000000000000000000, 0.000000000000000000, 0.000000000000000000 ) ) ;
#290 = ORIENTED_EDGE ( 'NONE', *, *, #730, .T. ) ;
#291 = CARTESIAN_POINT ( 'NONE',  ( 0.1000000000000000056, -0.3661417300000003872, -0.1239999999999985281 ) ) ;
#292 = ORIENTED_EDGE ( 'NONE', *, *, #984, .F. ) ;
#293 = CARTESIAN_POINT ( 'NONE',  ( 0.8300000000000000711, -0.3245323805863113420, -0.1397187338193616457 ) ) ;
#294 = DIRECTION ( 'NONE',  ( -1.000000000000000000, -0.000000000000000000, -0.000000000000000000 ) ) ;
#295 = EDGE_CURVE ( 'NONE', #1048, #1778, #1097, .T. ) ;
#296 = EDGE_LOOP ( 'NONE', ( #992, #961, #754, #953 ) ) ;
#297 = DIRECTION ( 'NONE',  ( -1.000000000000000000, -0.000000000000000000, -0.000000000000000000 ) ) ;
#298 = ORIENTED_EDGE ( 'NONE', *, *, #1055, .F. ) ;
#299 = DIRECTION ( 'NONE',  ( 0.000000000000000000, 0.000000000000000000, 1.000000000000000000 ) ) ;
#300 = CIRCLE ( 'NONE', #2223, 0.02599999999999993983 ) ;
#301 = AXIS2_PLACEMENT_3D ( 'NONE', #1674, #729, #463 ) ;
#302 = ORIENTED_EDGE ( 'NONE', *, *, #2025, .F. ) ;
#303 = AXIS2_PLACEMENT_3D ( 'NONE', #1375, #2365, #1777 ) ;
#304 = DIRECTION ( 'NONE',  ( -1.000000000000000000, 0.000000000000000000, 0.000000000000000000 ) ) ;
#305 = FACE_OUTER_BOUND ( 'NONE', #243, .T. ) ;
#306 = CONICAL_SURFACE ( 'NONE', #2231, 0.09842519499999997923, 0.7853981633974458365 ) ;
#307 = ORIENTED_EDGE ( 'NONE', *, *, #624, .F. ) ;
#308 = COORDINATED_UNIVERSAL_TIME_OFFSET ( 8, 0, .BEHIND. ) ;
#309 = DIRECTION ( 'NONE',  ( -1.000000000000000000, -0.000000000000000000, -0.000000000000000000 ) ) ;
#310 = AXIS2_PLACEMENT_3D ( 'NONE', #644, #1447, #2207 ) ;
#311 = ORIENTED_EDGE ( 'NONE', *, *, #2162, .T. ) ;
#312 = DIRECTION ( 'NONE',  ( -1.000000000000000000, -0.000000000000000000, -0.000000000000000000 ) ) ;
#313 = CARTESIAN_POINT ( 'NONE',  ( 0.8300000000000000711, -0.3842362200000000172, 0.000000000000000000 ) ) ;
#314 = ORIENTED_EDGE ( 'NONE', *, *, #1360, .F. ) ;
#315 = CARTESIAN_POINT ( 'NONE',  ( 0.2074803200000000236, 0.000000000000000000, 0.3842362200000000172 ) ) ;
#316 = CARTESIAN_POINT ( 'NONE',  ( 0.05000000000000000278, -0.3842362200000000172, -0.1084251950000002102 ) ) ;
#317 = ORIENTED_EDGE ( 'NONE', *, *, #1808, .T. ) ;
#318 = CALENDAR_DATE ( 2026, 27, 4 ) ;
#319 = CARTESIAN_POINT ( 'NONE',  ( 0.2074803200000000236, 0.3842362200000000172, -0.09842519499999997923 ) ) ;
#320 = VERTEX_POINT ( 'NONE', #1511 ) ;
#321 = DIRECTION ( 'NONE',  ( -1.000000000000000000, -0.000000000000000000, -0.000000000000000000 ) ) ;
#322 = CARTESIAN_POINT ( 'NONE',  ( 0.06000000000000028227, 0.000000000000000000, 0.3842362200000000172 ) ) ;
#323 = EDGE_CURVE ( 'NONE', #1030, #2084, #2276, .T. ) ;
#324 = CARTESIAN_POINT ( 'NONE',  ( 0.05000000000000000278, 0.000000000000000000, 0.000000000000000000 ) ) ;
#325 = LINE ( 'NONE', #1642, #370 ) ;
#326 = DIRECTION ( 'NONE',  ( 0.000000000000000000, 0.000000000000000000, -1.000000000000000000 ) ) ;
#327 = EDGE_LOOP ( 'NONE', ( #514, #489 ) ) ;
#328 = CYLINDRICAL_SURFACE ( 'NONE', #971, 0.06496062999999997756 ) ;
#329 = ORIENTED_EDGE ( 'NONE', *, *, #207, .T. ) ;
#330 = CARTESIAN_POINT ( 'NONE',  ( 0.8300000000000000711, 0.3245323805863113420, -0.1397187338193617012 ) ) ;
#331 = CYLINDRICAL_SURFACE ( 'NONE', #1827, 0.1239999999999999575 ) ;
#332 = DIRECTION ( 'NONE',  ( -1.000000000000000000, -0.000000000000000000, -0.000000000000000000 ) ) ;
#333 = CIRCLE ( 'NONE', #2221, 0.02599999999999999187 ) ;
#334 = LINE ( 'NONE', #193, #1505 ) ;
#335 = AXIS2_PLACEMENT_3D ( 'NONE', #614, #1394, #1210 ) ;
#336 = CARTESIAN_POINT ( 'NONE',  ( 0.8300000000000000711, -0.3661417299999993880, 0.1240000000000014008 ) ) ;
#337 = ADVANCED_FACE ( 'NONE', ( #1896 ), #1907, .T. ) ;
#338 = VERTEX_POINT ( 'NONE', #1361 ) ;
#339 = APPROVAL_STATUS ( 'not_yet_approved' ) ;
#340 = DIRECTION ( 'NONE',  ( 0.000000000000000000, 0.000000000000000000, -1.000000000000000000 ) ) ;
#341 = VECTOR ( 'NONE', #1816, 39.37007874015748143 ) ;
#342 = VERTEX_POINT ( 'NONE', #241 ) ;
#343 = CARTESIAN_POINT ( 'NONE',  ( 0.000000000000000000, 0.3842362200000000172, 0.05905511999999996792 ) ) ;
#344 = FACE_BOUND ( 'NONE', #1716, .T. ) ;
#345 = VECTOR ( 'NONE', #434, 39.37007874015748143 ) ;
#346 = ORGANIZATION ( 'UNSPECIFIED', 'UNSPECIFIED', '' ) ;
#347 = CARTESIAN_POINT ( 'NONE',  ( 0.8300000000000000711, -0.1499999999999999112, 0.3484132424996274069 ) ) ;
#348 = DIRECTION ( 'NONE',  ( -1.000000000000000000, -0.000000000000000000, -0.000000000000000000 ) ) ;
#349 = DIRECTION ( 'NONE',  ( -1.000000000000000000, -0.000000000000000000, -0.000000000000000000 ) ) ;
#350 = ORIENTED_EDGE ( 'NONE', *, *, #523, .T. ) ;
#351 = EDGE_CURVE ( 'NONE', #14, #526, #2423, .T. ) ;
#352 = ORIENTED_EDGE ( 'NONE', *, *, #1034, .T. ) ;
#353 = CARTESIAN_POINT ( 'NONE',  ( 0.8300000000000000711, 0.3661417300000002761, -0.1239999999999985281 ) ) ;
#354 = VERTEX_POINT ( 'NONE', #1173 ) ;
#355 = DIRECTION ( 'NONE',  ( 0.000000000000000000, 0.000000000000000000, 1.000000000000000000 ) ) ;
#356 = LINE ( 'NONE', #1123, #497 ) ;
#357 = EDGE_CURVE ( 'NONE', #1091, #1407, #1940, .T. ) ;
#358 = DIRECTION ( 'NONE',  ( -1.000000000000000000, -0.000000000000000000, -0.000000000000000000 ) ) ;
#359 = LINE ( 'NONE', #1153, #68 ) ;
#360 = CARTESIAN_POINT ( 'NONE',  ( 0.8300000000000000711, -0.1499999999999999112, 0.3484132424996274069 ) ) ;
#361 = ORIENTED_EDGE ( 'NONE', *, *, #1786, .T. ) ;
#362 = VERTEX_POINT ( 'NONE', #1980 ) ;
#363 = DIRECTION ( 'NONE',  ( -1.000000000000000000, 0.000000000000000000, 0.000000000000000000 ) ) ;
#364 = ORIENTED_EDGE ( 'NONE', *, *, #1739, .F. ) ;
#365 = LINE ( 'NONE', #1132, #1236 ) ;
#366 = EDGE_CURVE ( 'NONE', #1366, #785, #455, .T. ) ;
#367 = DIRECTION ( 'NONE',  ( -1.000000000000000000, -0.000000000000000000, -0.000000000000000000 ) ) ;
#368 = ADVANCED_FACE ( 'NONE', ( #2119 ), #60, .F. ) ;
#369 = PLANE ( 'NONE',  #1988 ) ;
#370 = VECTOR ( 'NONE', #2202, 39.37007874015748143 ) ;
#371 = CARTESIAN_POINT ( 'NONE',  ( 0.05000000000000000278, 0.000000000000000000, 0.5167322850000001244 ) ) ;
#372 = CARTESIAN_POINT ( 'NONE',  ( 0.000000000000000000, 0.6692913385826771977, 0.06496063000000000531 ) ) ;
#373 = AXIS2_PLACEMENT_3D ( 'NONE', #959, #1104, #1876 ) ;
#374 = EDGE_LOOP ( 'NONE', ( #1166, #185, #2043, #18 ) ) ;
#375 = AXIS2_PLACEMENT_3D ( 'NONE', #1149, #1378, #1568 ) ;
#376 = VERTEX_POINT ( 'NONE', #268 ) ;
#377 = CARTESIAN_POINT ( 'NONE',  ( 0.1000000000000000056, 0.3484132424996279065, -0.1499999999999985234 ) ) ;
#378 = AXIS2_PLACEMENT_3D ( 'NONE', #1971, #1643, #1248 ) ;
#379 = ORIENTED_EDGE ( 'NONE', *, *, #1854, .F. ) ;
#380 = DIRECTION ( 'NONE',  ( 0.000000000000000000, 0.000000000000000000, 1.000000000000000000 ) ) ;
#381 = CARTESIAN_POINT ( 'NONE',  ( 0.6233070900000000636, 2.953134477853552897E-17, -0.2411417299999999986 ) ) ;
#382 = EDGE_CURVE ( 'NONE', #1975, #1050, #1343, .T. ) ;
#383 = AXIS2_PLACEMENT_3D ( 'NONE', #2241, #1285, #851 ) ;
#384 = EDGE_CURVE ( 'NONE', #776, #1983, #2323, .T. ) ;
#385 = FACE_OUTER_BOUND ( 'NONE', #46, .T. ) ;
#386 = AXIS2_PLACEMENT_3D ( 'NONE', #1953, #2471, #1171 ) ;
#387 = EDGE_CURVE ( 'NONE', #1050, #2302, #300, .T. ) ;
#388 = CIRCLE ( 'NONE', #1437, 0.05905511999999997486 ) ;
#389 = DIRECTION ( 'NONE',  ( -0.000000000000000000, -1.000000000000000000, -0.000000000000000000 ) ) ;
#390 = DIRECTION ( 'NONE',  ( -1.000000000000000000, -0.000000000000000000, -0.000000000000000000 ) ) ;
#391 = ORIENTED_EDGE ( 'NONE', *, *, #2320, .F. ) ;
#392 = ORIENTED_EDGE ( 'NONE', *, *, #2230, .F. ) ;
#393 = DIRECTION ( 'NONE',  ( -0.000000000000000000, 0.000000000000000000, 1.000000000000000000 ) ) ;
#394 = ORIENTED_EDGE ( 'NONE', *, *, #460, .F. ) ;
#395 = CARTESIAN_POINT ( 'NONE',  ( 0.8300000000000000711, 0.000000000000000000, 0.3661417299999999431 ) ) ;
#396 = DIRECTION ( 'NONE',  ( 1.000000000000000000, -0.000000000000000000, -0.000000000000000000 ) ) ;
#397 = FACE_OUTER_BOUND ( 'NONE', #327, .T. ) ;
#398 = ADVANCED_FACE ( 'NONE', ( #585, #1011 ), #1410, .T. ) ;
#399 = CARTESIAN_POINT ( 'NONE',  ( 0.6233070900000000636, 0.000000000000000000, 0.000000000000000000 ) ) ;
#400 = DIRECTION ( 'NONE',  ( 1.000000000000000000, -0.000000000000000000, -0.000000000000000000 ) ) ;
#401 = EDGE_LOOP ( 'NONE', ( #1755, #989, #2289, #674 ) ) ;
#402 = VERTEX_POINT ( 'NONE', #792 ) ;
#403 = CYLINDRICAL_SURFACE ( 'NONE', #938, 0.2411417299999999986 ) ;
#404 = VERTEX_POINT ( 'NONE', #1733 ) ;
#405 = CARTESIAN_POINT ( 'NONE',  ( 0.8300000000000000711, -0.6692913385826771977, 0.000000000000000000 ) ) ;
#406 = LINE ( 'NONE', #2284, #703 ) ;
#407 = DIRECTION ( 'NONE',  ( 0.000000000000000000, 0.000000000000000000, 1.000000000000000000 ) ) ;
#408 = DIRECTION ( 'NONE',  ( -1.000000000000000000, -0.000000000000000000, -0.000000000000000000 ) ) ;
#409 = MANIFOLD_SOLID_BREP ( 'Cut-Extrude5', #1424 ) ;
#410 = ORIENTED_EDGE ( 'NONE', *, *, #2100, .T. ) ;
#411 = EDGE_CURVE ( 'NONE', #2287, #1656, #1665, .T. ) ;
#412 = EDGE_CURVE ( 'NONE', #1351, #556, #572, .T. ) ;
#413 = DIRECTION ( 'NONE',  ( -1.000000000000000000, -0.000000000000000000, -0.000000000000000000 ) ) ;
#414 = DIRECTION ( 'NONE',  ( -1.000000000000000000, -0.000000000000000000, -0.000000000000000000 ) ) ;
#415 = AXIS2_PLACEMENT_3D ( 'NONE', #783, #2309, #447 ) ;
#416 = ORIENTED_EDGE ( 'NONE', *, *, #920, .F. ) ;
#417 = DIRECTION ( 'NONE',  ( 0.000000000000000000, 0.000000000000000000, 1.000000000000000000 ) ) ;
#418 = CARTESIAN_POINT ( 'NONE',  ( 0.8300000000000000711, -0.1397187338193629780, 0.3245323805863108979 ) ) ;
#419 = CIRCLE ( 'NONE', #69, 0.05905511999999996792 ) ;
#420 = VERTEX_POINT ( 'NONE', #1599 ) ;
#421 = DIRECTION ( 'NONE',  ( -1.000000000000000000, -0.000000000000000000, -0.000000000000000000 ) ) ;
#422 = AXIS2_PLACEMENT_3D ( 'NONE', #1653, #294, #114 ) ;
#423 = VECTOR ( 'NONE', #1292, 39.37007874015748854 ) ;
#424 = DIRECTION ( 'NONE',  ( -1.000000000000000000, -0.000000000000000000, -0.000000000000000000 ) ) ;
#425 = FACE_OUTER_BOUND ( 'NONE', #978, .T. ) ;
#426 = ORIENTED_EDGE ( 'NONE', *, *, #1947, .T. ) ;
#427 = CIRCLE ( 'NONE', #1069, 0.09842519499999997923 ) ;
#428 = DIRECTION ( 'NONE',  ( 1.000000000000000000, -0.000000000000000000, -0.000000000000000000 ) ) ;
#429 = DIRECTION ( 'NONE',  ( 0.000000000000000000, 0.000000000000000000, 1.000000000000000000 ) ) ;
#430 = EDGE_CURVE ( 'NONE', #1201, #918, #1261, .T. ) ;
#431 = ORIENTED_EDGE ( 'NONE', *, *, #1510, .F. ) ;
#432 = CARTESIAN_POINT ( 'NONE',  ( 0.2074803200000000236, 0.000000000000000000, -0.4432913399999999782 ) ) ;
#433 = EDGE_LOOP ( 'NONE', ( #16, #2435, #2408, #1272 ) ) ;
#434 = DIRECTION ( 'NONE',  ( 0.000000000000000000, 1.000000000000000000, 9.630855401535498532E-16 ) ) ;
#435 = EDGE_CURVE ( 'NONE', #1167, #1889, #1164, .T. ) ;
#436 = CARTESIAN_POINT ( 'NONE',  ( 0.05000000000000000278, 0.000000000000000000, 0.3842362200000000172 ) ) ;
#437 = FACE_OUTER_BOUND ( 'NONE', #1516, .T. ) ;
#438 = VERTEX_POINT ( 'NONE', #1928 ) ;
#439 = VERTEX_POINT ( 'NONE', #768 ) ;
#440 = PLANE ( 'NONE',  #224 ) ;
#441 = ORIENTED_EDGE ( 'NONE', *, *, #1182, .F. ) ;
#442 = LINE ( 'NONE', #1047, #535 ) ;
#443 = EDGE_CURVE ( 'NONE', #661, #2453, #1175, .T. ) ;
#444 = ORIENTED_EDGE ( 'NONE', *, *, #1276, .F. ) ;
#445 = FACE_OUTER_BOUND ( 'NONE', #913, .T. ) ;
#446 = EDGE_CURVE ( 'NONE', #526, #14, #1541, .T. ) ;
#447 = DIRECTION ( 'NONE',  ( 0.000000000000000000, 0.000000000000000000, -1.000000000000000000 ) ) ;
#448 = DIRECTION ( 'NONE',  ( 1.000000000000000000, 0.000000000000000000, 0.000000000000000000 ) ) ;
#449 = ORIENTED_EDGE ( 'NONE', *, *, #366, .F. ) ;
#450 = ORIENTED_EDGE ( 'NONE', *, *, #1783, .T. ) ;
#451 = DIRECTION ( 'NONE',  ( -1.000000000000000000, -0.000000000000000000, -0.000000000000000000 ) ) ;
#452 = ORIENTED_EDGE ( 'NONE', *, *, #1042, .F. ) ;
#453 = LINE ( 'NONE', #66, #1872 ) ;
#454 = CARTESIAN_POINT ( 'NONE',  ( 0.8300000000000000711, -0.3484132424996266852, 0.1240000000000014146 ) ) ;
#455 = CIRCLE ( 'NONE', #415, 0.7499999999999995559 ) ;
#456 = VECTOR ( 'NONE', #33, 39.37007874015748143 ) ;
#457 = ORIENTED_EDGE ( 'NONE', *, *, #1722, .T. ) ;
#458 = DIRECTION ( 'NONE',  ( 0.000000000000000000, 0.000000000000000000, 1.000000000000000000 ) ) ;
#459 = EDGE_CURVE ( 'NONE', #752, #788, #933, .T. ) ;
#460 = EDGE_CURVE ( 'NONE', #918, #1201, #28, .T. ) ;
#461 = AXIS2_PLACEMENT_3D ( 'NONE', #906, #2022, #340 ) ;
#462 = CIRCLE ( 'NONE', #1994, 0.1239999999999999575 ) ;
#463 = DIRECTION ( 'NONE',  ( 0.000000000000000000, 0.000000000000000000, 1.000000000000000000 ) ) ;
#464 = CIRCLE ( 'NONE', #899, 0.09842519499999997923 ) ;
#465 = ORIENTED_EDGE ( 'NONE', *, *, #2086, .T. ) ;
#466 = CIRCLE ( 'NONE', #1025, 0.02599999999999993983 ) ;
#467 = DIRECTION ( 'NONE',  ( 1.000000000000000000, 0.000000000000000000, 0.000000000000000000 ) ) ;
#468 = FACE_BOUND ( 'NONE', #1396, .T. ) ;
#469 =( GEOMETRIC_REPRESENTATION_CONTEXT ( 3 ) GLOBAL_UNCERTAINTY_ASSIGNED_CONTEXT ( ( #2032 ) ) GLOBAL_UNIT_ASSIGNED_CONTEXT ( ( #843, #651, #799 ) ) REPRESENTATION_CONTEXT ( 'NONE', 'WORKASPACE' ) );
#470 = ORIENTED_EDGE ( 'NONE', *, *, #487, .F. ) ;
#471 = DIRECTION ( 'NONE',  ( -1.000000000000000000, 0.000000000000000000, 0.000000000000000000 ) ) ;
#472 = EDGE_LOOP ( 'NONE', ( #2220, #1388, #939, #1634 ) ) ;
#473 = CARTESIAN_POINT ( 'NONE',  ( 0.000000000000000000, 7.955382760009552887E-18, -0.7342519685826771614 ) ) ;
#474 = ADVANCED_FACE ( 'NONE', ( #1096 ), #331, .T. ) ;
#475 = ORIENTED_EDGE ( 'NONE', *, *, #1134, .T. ) ;
#476 = ADVANCED_FACE ( 'NONE', ( #836 ), #909, .F. ) ;
#477 = CARTESIAN_POINT ( 'NONE',  ( 0.8300000000000000711, 0.000000000000000000, 0.000000000000000000 ) ) ;
#478 = CARTESIAN_POINT ( 'NONE',  ( 0.8300000000000000711, -0.3842362200000000172, 0.05905511999999996792 ) ) ;
#479 = ADVANCED_FACE ( 'NONE', ( #848, #1995, #1694, #1621, #719, #1685 ), #1813, .F. ) ;
#480 = EDGE_LOOP ( 'NONE', ( #1013, #1789 ) ) ;
#481 = DIRECTION ( 'NONE',  ( 0.000000000000000000, 0.000000000000000000, 1.000000000000000000 ) ) ;
#482 = EDGE_LOOP ( 'NONE', ( #1084, #1909 ) ) ;
#483 = CARTESIAN_POINT ( 'NONE',  ( 0.05000000000000000278, 1.327825680036778772E-17, -0.4926614150000002135 ) ) ;
#484 = VERTEX_POINT ( 'NONE', #2387 ) ;
#485 = DIRECTION ( 'NONE',  ( -1.000000000000000000, 0.000000000000000000, 0.000000000000000000 ) ) ;
#486 = CARTESIAN_POINT ( 'NONE',  ( 0.2074803200000000236, 0.000000000000000000, 0.3842362200000000172 ) ) ;
#487 = EDGE_CURVE ( 'NONE', #2328, #1384, #645, .T. ) ;
#488 = EDGE_CURVE ( 'NONE', #1184, #1778, #1609, .T. ) ;
#489 = ORIENTED_EDGE ( 'NONE', *, *, #2127, .T. ) ;
#490 = PERSON_AND_ORGANIZATION ( #1631, #346 ) ;
#491 = DIRECTION ( 'NONE',  ( 1.000000000000000000, 0.000000000000000000, 0.000000000000000000 ) ) ;
#492 = ORIENTED_EDGE ( 'NONE', *, *, #1293, .F. ) ;
#493 = LINE ( 'NONE', #343, #1754 ) ;
#494 = CIRCLE ( 'NONE', #1217, 0.3533307099999999368 ) ;
#495 = AXIS2_PLACEMENT_3D ( 'NONE', #605, #1381, #2142 ) ;
#496 = CARTESIAN_POINT ( 'NONE',  ( 0.8300000000000000711, 0.6692913385826771977, -0.06496063000000000531 ) ) ;
#497 = VECTOR ( 'NONE', #1529, 39.37007874015748143 ) ;
#498 = EDGE_LOOP ( 'NONE', ( #2370, #92, #627, #302 ) ) ;
#499 = AXIS2_PLACEMENT_3D ( 'NONE', #1575, #2338, #1590 ) ;
#500 = FACE_OUTER_BOUND ( 'NONE', #1169, .T. ) ;
#501 = CARTESIAN_POINT ( 'NONE',  ( 0.000000000000000000, 0.3842362200000000172, 0.000000000000000000 ) ) ;
#502 = EDGE_LOOP ( 'NONE', ( #208, #1830, #51, #2325, #1402, #2031, #329, #1901, #1373, #1627, #1803, #104, #1701, #2298, #246, #62, #1566, #2389, #465, #907, #2445, #2252, #210, #1846, #2169 ) ) ;
#503 = VECTOR ( 'NONE', #1256, 39.37007874015748143 ) ;
#504 = CIRCLE ( 'NONE', #1473, 0.05905511999999996792 ) ;
#505 = VERTEX_POINT ( 'NONE', #2447 ) ;
#506 = CALENDAR_DATE ( 2026, 27, 4 ) ;
#507 = ADVANCED_FACE ( 'NONE', ( #1492 ), #1304, .T. ) ;
#508 = DIRECTION ( 'NONE',  ( 0.000000000000000000, 0.000000000000000000, 1.000000000000000000 ) ) ;
#509 = CIRCLE ( 'NONE', #1190, 0.06496062999999997756 ) ;
#510 = EDGE_LOOP ( 'NONE', ( #1127, #812, #392, #2242 ) ) ;
#511 = DIRECTION ( 'NONE',  ( 0.000000000000000000, 0.000000000000000000, -1.000000000000000000 ) ) ;
#512 = CARTESIAN_POINT ( 'NONE',  ( 0.05000000000000000278, 1.327825680036778772E-17, 0.2758110249999998209 ) ) ;
#513 = CARTESIAN_POINT ( 'NONE',  ( 0.8300000000000000711, -0.3661417300000002761, -0.1239999999999985281 ) ) ;
#514 = ORIENTED_EDGE ( 'NONE', *, *, #1409, .T. ) ;
#515 = DIRECTION ( 'NONE',  ( 0.000000000000000000, 0.000000000000000000, 1.000000000000000000 ) ) ;
#516 = CARTESIAN_POINT ( 'NONE',  ( 0.06000000000000031697, 0.3842362200000000172, -0.09842519499999997923 ) ) ;
#517 = EDGE_LOOP ( 'NONE', ( #816, #1077, #1527, #1415 ) ) ;
#518 = DIRECTION ( 'NONE',  ( -1.000000000000000000, -0.000000000000000000, -0.000000000000000000 ) ) ;
#519 = ORIENTED_EDGE ( 'NONE', *, *, #1587, .T. ) ;
#520 = DIRECTION ( 'NONE',  ( 0.000000000000000000, 0.000000000000000000, 1.000000000000000000 ) ) ;
#521 = DIRECTION ( 'NONE',  ( 0.000000000000000000, -1.000000000000000000, 1.926171080307069730E-15 ) ) ;
#522 = DIRECTION ( 'NONE',  ( 0.000000000000000000, 0.000000000000000000, 1.000000000000000000 ) ) ;
#523 = EDGE_CURVE ( 'NONE', #1407, #764, #2386, .T. ) ;
#524 = LINE ( 'NONE', #1125, #2138 ) ;
#525 = DIRECTION ( 'NONE',  ( 0.000000000000000000, 0.000000000000000000, -1.000000000000000000 ) ) ;
#526 = VERTEX_POINT ( 'NONE', #512 ) ;
#527 = DATE_TIME_ROLE ( 'classification_date' ) ;
#528 = CARTESIAN_POINT ( 'NONE',  ( 0.8300000000000000711, 0.000000000000000000, -0.6692913385826771977 ) ) ;
#529 = ORIENTED_EDGE ( 'NONE', *, *, #435, .T. ) ;
#530 = FACE_OUTER_BOUND ( 'NONE', #1219, .T. ) ;
#531 = DIRECTION ( 'NONE',  ( 0.000000000000000000, 0.000000000000000000, 1.000000000000000000 ) ) ;
#532 = CARTESIAN_POINT ( 'NONE',  ( 0.000000000000000000, 7.232166368126283586E-18, -0.3251811000000000562 ) ) ;
#533 = AXIS2_PLACEMENT_3D ( 'NONE', #2296, #159, #758 ) ;
#534 = DIRECTION ( 'NONE',  ( -1.000000000000000000, -0.000000000000000000, -0.000000000000000000 ) ) ;
#535 = VECTOR ( 'NONE', #1951, 39.37007874015748143 ) ;
#536 = DIRECTION ( 'NONE',  ( 0.000000000000000000, 0.000000000000000000, 1.000000000000000000 ) ) ;
#537 = EDGE_LOOP ( 'NONE', ( #914, #871, #889, #1996 ) ) ;
#538 = CIRCLE ( 'NONE', #35, 0.05905511999999997486 ) ;
#539 = EDGE_LOOP ( 'NONE', ( #1472, #1487 ) ) ;
#540 = EDGE_CURVE ( 'NONE', #698, #402, #1178, .T. ) ;
#541 = CARTESIAN_POINT ( 'NONE',  ( 0.8300000000000000711, 0.000000000000000000, 0.000000000000000000 ) ) ;
#542 = AXIS2_PLACEMENT_3D ( 'NONE', #2129, #1584, #1411 ) ;
#543 = VECTOR ( 'NONE', #2238, 39.37007874015748143 ) ;
#544 = ORIENTED_EDGE ( 'NONE', *, *, #2381, .T. ) ;
#545 = LINE ( 'NONE', #1302, #1271 ) ;
#546 = DIRECTION ( 'NONE',  ( 0.000000000000000000, 1.000000000000000000, -1.926171080307069730E-15 ) ) ;
#547 = AXIS2_PLACEMENT_3D ( 'NONE', #2014, #693, #1074 ) ;
#548 = CIRCLE ( 'NONE', #666, 0.06496063000000000531 ) ;
#549 = DIRECTION ( 'NONE',  ( -0.000000000000000000, -0.000000000000000000, -1.000000000000000000 ) ) ;
#550 = EDGE_CURVE ( 'NONE', #1672, #275, #1321, .T. ) ;
#551 = CARTESIAN_POINT ( 'NONE',  ( 0.8300000000000000711, 7.955382760009551346E-18, -0.7342519685826771614 ) ) ;
#552 = DIRECTION ( 'NONE',  ( -1.000000000000000000, -0.000000000000000000, -0.000000000000000000 ) ) ;
#553 = ORIENTED_EDGE ( 'NONE', *, *, #1805, .F. ) ;
#554 = ORIENTED_EDGE ( 'NONE', *, *, #2198, .F. ) ;
#555 = CARTESIAN_POINT ( 'NONE',  ( 0.1000000000000000194, 0.6692913385826771977, 0.000000000000000000 ) ) ;
#556 = VERTEX_POINT ( 'NONE', #2040 ) ;
#557 = DIRECTION ( 'NONE',  ( 1.000000000000000000, 0.000000000000000000, 0.000000000000000000 ) ) ;
#558 = CARTESIAN_POINT ( 'NONE',  ( 0.8300000000000000711, 0.000000000000000000, -0.6692913385826771977 ) ) ;
#559 = DIRECTION ( 'NONE',  ( -1.000000000000000000, -0.000000000000000000, -0.000000000000000000 ) ) ;
#560 = DIRECTION ( 'NONE',  ( 0.000000000000000000, 0.000000000000000000, 1.000000000000000000 ) ) ;
#561 = ORIENTED_EDGE ( 'NONE', *, *, #2198, .T. ) ;
#562 = ORIENTED_EDGE ( 'NONE', *, *, #1848, .F. ) ;
#563 = FACE_OUTER_BOUND ( 'NONE', #839, .T. ) ;
#564 = EDGE_CURVE ( 'NONE', #742, #687, #2466, .T. ) ;
#565 = VERTEX_POINT ( 'NONE', #2437 ) ;
#566 = DIRECTION ( 'NONE',  ( -1.000000000000000000, -0.000000000000000000, -0.000000000000000000 ) ) ;
#567 = DIRECTION ( 'NONE',  ( 0.000000000000000000, 0.000000000000000000, -1.000000000000000000 ) ) ;
#568 = CARTESIAN_POINT ( 'NONE',  ( 0.05000000000000000278, 0.000000000000000000, 0.000000000000000000 ) ) ;
#569 = CIRCLE ( 'NONE', #690, 0.3533307099999999368 ) ;
#570 = CARTESIAN_POINT ( 'NONE',  ( 0.1000000000000000194, 0.6692913385826771977, -0.06496063000000000531 ) ) ;
#571 = CARTESIAN_POINT ( 'NONE',  ( 0.06000000000000031697, -0.3842362200000000172, 0.09842519499999997923 ) ) ;
#572 = CIRCLE ( 'NONE', #1220, 0.3149606300000000747 ) ;
#573 = ORIENTED_EDGE ( 'NONE', *, *, #1618, .T. ) ;
#574 = VECTOR ( 'NONE', #97, 39.37007874015748143 ) ;
#575 = ORIENTED_EDGE ( 'NONE', *, *, #2041, .F. ) ;
#576 = DIRECTION ( 'NONE',  ( 0.000000000000000000, 0.000000000000000000, 1.000000000000000000 ) ) ;
#577 = CIRCLE ( 'NONE', #975, 0.5167322850000001244 ) ;
#578 = ADVANCED_FACE ( 'NONE', ( #89 ), #695, .F. ) ;
#579 = ORIENTED_EDGE ( 'NONE', *, *, #1120, .T. ) ;
#580 = CYLINDRICAL_SURFACE ( 'NONE', #782, 0.1239999999999999575 ) ;
#581 = DIRECTION ( 'NONE',  ( -1.000000000000000000, 0.000000000000000000, 0.000000000000000000 ) ) ;
#582 = AXIS2_PLACEMENT_3D ( 'NONE', #1380, #1770, #1213 ) ;
#583 = CIRCLE ( 'NONE', #1750, 0.2411417299999999986 ) ;
#584 = ADVANCED_FACE ( 'NONE', ( #1483 ), #2248, .F. ) ;
#585 = FACE_BOUND ( 'NONE', #1337, .T. ) ;
#586 = DIRECTION ( 'NONE',  ( 0.000000000000000000, 0.000000000000000000, -1.000000000000000000 ) ) ;
#587 = ORIENTED_EDGE ( 'NONE', *, *, #1182, .T. ) ;
#588 = EDGE_LOOP ( 'NONE', ( #834, #598, #317, #2399 ) ) ;
#589 = DIRECTION ( 'NONE',  ( 1.000000000000000000, 0.000000000000000000, 0.000000000000000000 ) ) ;
#590 = ORIENTED_EDGE ( 'NONE', *, *, #1042, .T. ) ;
#591 = CARTESIAN_POINT ( 'NONE',  ( 0.06000000000000031697, -0.3842362200000000172, 0.000000000000000000 ) ) ;
#592 = ADVANCED_FACE ( 'NONE', ( #344, #280, #1113, #1884, #1040, #966 ), #10, .T. ) ;
#593 = CARTESIAN_POINT ( 'NONE',  ( 0.8300000000000000711, 0.1239999999999999436, 0.3661417299999999431 ) ) ;
#594 = EDGE_CURVE ( 'NONE', #2208, #742, #744, .T. ) ;
#595 = EDGE_CURVE ( 'NONE', #1889, #2121, #615, .T. ) ;
#596 = DIRECTION ( 'NONE',  ( 1.000000000000000000, 0.000000000000000000, 0.000000000000000000 ) ) ;
#597 = DIRECTION ( 'NONE',  ( 1.000000000000000000, 0.000000000000000000, 0.000000000000000000 ) ) ;
#598 = ORIENTED_EDGE ( 'NONE', *, *, #1493, .F. ) ;
#599 = ORIENTED_EDGE ( 'NONE', *, *, #564, .F. ) ;
#600 = CARTESIAN_POINT ( 'NONE',  ( 0.06000000000000028227, 1.205361000122040795E-17, 0.2858110250000000518 ) ) ;
#601 = ORIENTED_EDGE ( 'NONE', *, *, #2319, .T. ) ;
#602 = CARTESIAN_POINT ( 'NONE',  ( 0.000000000000000000, 0.000000000000000000, 0.000000000000000000 ) ) ;
#603 = ORIENTED_EDGE ( 'NONE', *, *, #282, .F. ) ;
#604 = PLANE ( 'NONE',  #582 ) ;
#605 = CARTESIAN_POINT ( 'NONE',  ( 0.8300000000000000711, 0.000000000000000000, 0.000000000000000000 ) ) ;
#606 = CARTESIAN_POINT ( 'NONE',  ( 0.1000000000000000056, 0.000000000000000000, 0.3661417299999999431 ) ) ;
#607 = ORIENTED_EDGE ( 'NONE', *, *, #1862, .F. ) ;
#608 = ORIENTED_EDGE ( 'NONE', *, *, #79, .F. ) ;
#609 = AXIS2_PLACEMENT_3D ( 'NONE', #232, #2174, #2240 ) ;
#610 = CARTESIAN_POINT ( 'NONE',  ( 0.2074803200000000236, 0.3842362200000000172, 0.09842519499999997923 ) ) ;
#611 = VECTOR ( 'NONE', #348, 39.37007874015748143 ) ;
#612 = ADVANCED_FACE ( 'NONE', ( #756 ), #1133, .F. ) ;
#613 = ORIENTED_EDGE ( 'NONE', *, *, #2428, .F. ) ;
#614 = CARTESIAN_POINT ( 'NONE',  ( 0.1000000000000000194, 0.000000000000000000, -0.6692913385826771977 ) ) ;
#615 = CIRCLE ( 'NONE', #264, 0.1084251950000002102 ) ;
#616 = AXIS2_PLACEMENT_3D ( 'NONE', #2290, #2315, #928 ) ;
#617 = EDGE_LOOP ( 'NONE', ( #725, #452, #2411, #426 ) ) ;
#618 = CARTESIAN_POINT ( 'NONE',  ( 0.8300000000000000711, 0.3661417299999994990, 0.1240000000000014008 ) ) ;
#619 = CIRCLE ( 'NONE', #2028, 0.1084251950000002102 ) ;
#620 = DIRECTION ( 'NONE',  ( 0.000000000000000000, 0.000000000000000000, -1.000000000000000000 ) ) ;
#621 = CYLINDRICAL_SURFACE ( 'NONE', #115, 0.06496062999999997756 ) ;
#622 = EDGE_LOOP ( 'NONE', ( #647, #1891 ) ) ;
#623 = CIRCLE ( 'NONE', #1107, 0.06496062999999997756 ) ;
#624 = EDGE_CURVE ( 'NONE', #2060, #376, #2294, .T. ) ;
#625 = ORIENTED_EDGE ( 'NONE', *, *, #2428, .T. ) ;
#626 = CARTESIAN_POINT ( 'NONE',  ( 0.1000000000000000056, -0.1239999999999999158, 0.3484132424996274069 ) ) ;
#627 = ORIENTED_EDGE ( 'NONE', *, *, #2041, .T. ) ;
#628 = PERSON_AND_ORGANIZATION ( #1631, #346 ) ;
#629 = LINE ( 'NONE', #1406, #1139 ) ;
#630 = ADVANCED_FACE ( 'NONE', ( #187 ), #201, .F. ) ;
#631 = ORIENTED_EDGE ( 'NONE', *, *, #1736, .T. ) ;
#632 = CARTESIAN_POINT ( 'NONE',  ( 0.1000000000000000056, 0.3245323805863101763, 0.1397187338193643935 ) ) ;
#633 = APPROVAL_PERSON_ORGANIZATION ( #1831, #1758, #688 ) ;
#634 = DIRECTION ( 'NONE',  ( 0.000000000000000000, 0.000000000000000000, 1.000000000000000000 ) ) ;
#635 = DIRECTION ( 'NONE',  ( 0.000000000000000000, 0.000000000000000000, -1.000000000000000000 ) ) ;
#636 = EDGE_LOOP ( 'NONE', ( #2076, #1619 ) ) ;
#637 = ORIENTED_EDGE ( 'NONE', *, *, #1010, .T. ) ;
#638 = CARTESIAN_POINT ( 'NONE',  ( 0.000000000000000000, -0.6692913385826771977, -0.06496062999999993592 ) ) ;
#639 = ORIENTED_EDGE ( 'NONE', *, *, #2075, .F. ) ;
#640 = DIRECTION ( 'NONE',  ( -1.000000000000000000, -0.000000000000000000, -0.000000000000000000 ) ) ;
#641 = EDGE_CURVE ( 'NONE', #354, #1050, #356, .T. ) ;
#642 = CARTESIAN_POINT ( 'NONE',  ( 0.6233070900000000636, 0.000000000000000000, 0.000000000000000000 ) ) ;
#643 = VERTEX_POINT ( 'NONE', #381 ) ;
#644 = CARTESIAN_POINT ( 'NONE',  ( 0.2074803200000000236, -0.3842362200000000172, 0.000000000000000000 ) ) ;
#645 = LINE ( 'NONE', #1871, #653 ) ;
#646 = DIRECTION ( 'NONE',  ( 0.000000000000000000, 0.000000000000000000, 1.000000000000000000 ) ) ;
#647 = ORIENTED_EDGE ( 'NONE', *, *, #856, .T. ) ;
#648 = CARTESIAN_POINT ( 'NONE',  ( 0.8300000000000000711, 0.000000000000000000, 0.3661417299999999431 ) ) ;
#649 = DIRECTION ( 'NONE',  ( 1.000000000000000000, 0.000000000000000000, 0.000000000000000000 ) ) ;
#650 = EDGE_LOOP ( 'NONE', ( #1726, #394 ) ) ;
#651 =( NAMED_UNIT ( * ) PLANE_ANGLE_UNIT ( ) SI_UNIT ( $, .RADIAN. ) );
#652 = CARTESIAN_POINT ( 'NONE',  ( 0.000000000000000000, 9.797174393178822453E-17, 0.7499999999999995559 ) ) ;
#653 = VECTOR ( 'NONE', #140, 39.37007874015748143 ) ;
#654 = ADVANCED_FACE ( 'NONE', ( #1742 ), #957, .F. ) ;
#655 = VERTEX_POINT ( 'NONE', #1540 ) ;
#656 = CARTESIAN_POINT ( 'NONE',  ( 0.8300000000000000711, 0.000000000000000000, 0.2411417299999999986 ) ) ;
#657 = AXIS2_PLACEMENT_3D ( 'NONE', #257, #1016, #93 ) ;
#658 = CIRCLE ( 'NONE', #42, 0.1239999999999999575 ) ;
#659 = CARTESIAN_POINT ( 'NONE',  ( 0.1000000000000001582, 0.000000000000000000, 0.000000000000000000 ) ) ;
#660 = AXIS2_PLACEMENT_3D ( 'NONE', #2172, #1955, #646 ) ;
#661 = VERTEX_POINT ( 'NONE', #1926 ) ;
#662 = ADVANCED_FACE ( 'NONE', ( #1557 ), #2318, .F. ) ;
#663 = FACE_OUTER_BOUND ( 'NONE', #502, .T. ) ;
#664 = FACE_OUTER_BOUND ( 'NONE', #239, .T. ) ;
#665 = AXIS2_PLACEMENT_3D ( 'NONE', #1836, #1684, #511 ) ;
#666 = AXIS2_PLACEMENT_3D ( 'NONE', #175, #1892, #380 ) ;
#667 = ORIENTED_EDGE ( 'NONE', *, *, #790, .F. ) ;
#668 = PERSON_AND_ORGANIZATION ( #1631, #346 ) ;
#669 = CARTESIAN_POINT ( 'NONE',  ( 0.8300000000000000711, -0.3245323805863113420, -0.1397187338193616457 ) ) ;
#670 = ORIENTED_EDGE ( 'NONE', *, *, #2337, .F. ) ;
#671 = PLANE ( 'NONE',  #310 ) ;
#672 = EDGE_CURVE ( 'NONE', #120, #565, #2357, .T. ) ;
#673 = ADVANCED_FACE ( 'NONE', ( #1225 ), #1186, .T. ) ;
#674 = ORIENTED_EDGE ( 'NONE', *, *, #733, .T. ) ;
#675 = DIRECTION ( 'NONE',  ( -0.000000000000000000, 0.000000000000000000, 1.000000000000000000 ) ) ;
#676 = CYLINDRICAL_SURFACE ( 'NONE', #1633, 0.09842519499999997923 ) ;
#677 = VERTEX_POINT ( 'NONE', #855 ) ;
#678 = DIRECTION ( 'NONE',  ( 0.000000000000000000, 0.000000000000000000, 1.000000000000000000 ) ) ;
#679 = VERTEX_POINT ( 'NONE', #277 ) ;
#680 = DIRECTION ( 'NONE',  ( 0.7071067811865465735, 8.659560562354943952E-17, 0.7071067811865484609 ) ) ;
#681 = DIRECTION ( 'NONE',  ( -1.000000000000000000, -0.000000000000000000, -0.000000000000000000 ) ) ;
#682 = ORIENTED_EDGE ( 'NONE', *, *, #430, .T. ) ;
#683 = EDGE_CURVE ( 'NONE', #970, #1594, #1346, .T. ) ;
#684 = DIRECTION ( 'NONE',  ( 0.000000000000000000, 0.000000000000000000, 1.000000000000000000 ) ) ;
#685 = FACE_OUTER_BOUND ( 'NONE', #1740, .T. ) ;
#686 = EDGE_CURVE ( 'NONE', #174, #1713, #814, .T. ) ;
#687 = VERTEX_POINT ( 'NONE', #2397 ) ;
#688 = APPROVAL_ROLE ( '' ) ;
#689 = LINE ( 'NONE', #2205, #1868 ) ;
#690 = AXIS2_PLACEMENT_3D ( 'NONE', #2006, #113, #1450 ) ;
#691 = EDGE_CURVE ( 'NONE', #1091, #1419, #1543, .T. ) ;
#692 = VERTEX_POINT ( 'NONE', #2178 ) ;
#693 = DIRECTION ( 'NONE',  ( 1.000000000000000000, -0.000000000000000000, -0.000000000000000000 ) ) ;
#694 = AXIS2_PLACEMENT_3D ( 'NONE', #2108, #2057, #1311 ) ;
#695 = CONICAL_SURFACE ( 'NONE', #896, 0.09842519499999997923, 0.7853981633974458365 ) ;
#696 = LINE ( 'NONE', #2069, #1187 ) ;
#697 = AXIS2_PLACEMENT_3D ( 'NONE', #217, #363, #963 ) ;
#698 = VERTEX_POINT ( 'NONE', #432 ) ;
#699 = VECTOR ( 'NONE', #408, 39.37007874015748143 ) ;
#700 = DIRECTION ( 'NONE',  ( 0.000000000000000000, 0.000000000000000000, 1.000000000000000000 ) ) ;
#701 = CARTESIAN_POINT ( 'NONE',  ( 0.8300000000000000711, -0.1239999999999999158, 0.3484132424996274069 ) ) ;
#702 = AXIS2_PLACEMENT_3D ( 'NONE', #1697, #1887, #1105 ) ;
#703 = VECTOR ( 'NONE', #967, 39.37007874015748143 ) ;
#704 = ORIENTED_EDGE ( 'NONE', *, *, #443, .F. ) ;
#705 = CARTESIAN_POINT ( 'NONE',  ( 0.8300000000000000711, -0.1239999999999999436, 0.3661417299999999431 ) ) ;
#706 = EDGE_CURVE ( 'NONE', #776, #1443, #1788, .T. ) ;
#707 = CIRCLE ( 'NONE', #1316, 0.05905511999999996792 ) ;
#708 = VERTEX_POINT ( 'NONE', #1990 ) ;
#709 = DIRECTION ( 'NONE',  ( -1.000000000000000000, 0.000000000000000000, 0.000000000000000000 ) ) ;
#710 = DIRECTION ( 'NONE',  ( 0.000000000000000000, 0.000000000000000000, 1.000000000000000000 ) ) ;
#711 = DIRECTION ( 'NONE',  ( 1.000000000000000000, 0.000000000000000000, 0.000000000000000000 ) ) ;
#712 = DIRECTION ( 'NONE',  ( 0.000000000000000000, 0.000000000000000000, 1.000000000000000000 ) ) ;
#713 = CARTESIAN_POINT ( 'NONE',  ( 0.1000000000000000056, 0.000000000000000000, 0.000000000000000000 ) ) ;
#714 = ORIENTED_EDGE ( 'NONE', *, *, #903, .F. ) ;
#715 = FACE_OUTER_BOUND ( 'NONE', #1340, .T. ) ;
#716 = EDGE_CURVE ( 'NONE', #2176, #1989, #442, .T. ) ;
#717 = EDGE_LOOP ( 'NONE', ( #888, #1297, #2130, #95 ) ) ;
#718 = CARTESIAN_POINT ( 'NONE',  ( 0.2074803200000000236, 0.000000000000000000, 0.3251811000000000562 ) ) ;
#719 = FACE_BOUND ( 'NONE', #482, .T. ) ;
#720 = ADVANCED_FACE ( 'NONE', ( #55 ), #261, .F. ) ;
#721 = CARTESIAN_POINT ( 'NONE',  ( 0.8300000000000000711, -0.3842362200000000172, 0.000000000000000000 ) ) ;
#722 = CARTESIAN_POINT ( 'NONE',  ( 0.2074803200000000236, -0.3842362200000000172, 0.000000000000000000 ) ) ;
#723 = CARTESIAN_POINT ( 'NONE',  ( 0.8300000000000000711, 0.000000000000000000, 0.4901417299999999422 ) ) ;
#724 = ORIENTED_EDGE ( 'NONE', *, *, #1075, .T. ) ;
#725 = ORIENTED_EDGE ( 'NONE', *, *, #189, .F. ) ;
#726 = DIRECTION ( 'NONE',  ( 0.000000000000000000, 0.000000000000000000, -1.000000000000000000 ) ) ;
#727 = EDGE_LOOP ( 'NONE', ( #1235, #849, #214, #272 ) ) ;
#728 = CARTESIAN_POINT ( 'NONE',  ( 0.1000000000000000056, 0.3661417300000002761, -0.1239999999999985281 ) ) ;
#729 = DIRECTION ( 'NONE',  ( -1.000000000000000000, 0.000000000000000000, 0.000000000000000000 ) ) ;
#730 = EDGE_CURVE ( 'NONE', #180, #438, #106, .T. ) ;
#731 = CONICAL_SURFACE ( 'NONE', #2420, 0.09842519499999997923, 0.7853981633974447263 ) ;
#732 = DIRECTION ( 'NONE',  ( -1.000000000000000000, -0.000000000000000000, -0.000000000000000000 ) ) ;
#733 = EDGE_CURVE ( 'NONE', #420, #988, #2136, .T. ) ;
#734 = CIRCLE ( 'NONE', #2265, 0.05905511999999996792 ) ;
#735 = CARTESIAN_POINT ( 'NONE',  ( 0.1000000000000000056, 0.000000000000000000, -0.3661417299999999431 ) ) ;
#736 = AXIS2_PLACEMENT_3D ( 'NONE', #2154, #289, #1617 ) ;
#737 = DIRECTION ( 'NONE',  ( 0.000000000000000000, 0.000000000000000000, 1.000000000000000000 ) ) ;
#738 = VERTEX_POINT ( 'NONE', #2380 ) ;
#739 = ORIENTED_EDGE ( 'NONE', *, *, #825, .F. ) ;
#740 = DIRECTION ( 'NONE',  ( -1.000000000000000000, -0.000000000000000000, -0.000000000000000000 ) ) ;
#741 = CIRCLE ( 'NONE', #2273, 0.09842519499999997923 ) ;
#742 = VERTEX_POINT ( 'NONE', #2001 ) ;
#743 = FACE_OUTER_BOUND ( 'NONE', #1205, .T. ) ;
#744 = LINE ( 'NONE', #1332, #1829 ) ;
#745 = AXIS2_PLACEMENT_3D ( 'NONE', #2233, #709, #2039 ) ;
#746 = CARTESIAN_POINT ( 'NONE',  ( 0.05000000000000000278, 0.3842362200000000172, -0.1084251950000002102 ) ) ;
#747 = DIRECTION ( 'NONE',  ( -1.000000000000000000, -0.000000000000000000, -0.000000000000000000 ) ) ;
#748 = DIRECTION ( 'NONE',  ( -1.000000000000000000, 0.000000000000000000, 0.000000000000000000 ) ) ;
#749 = VERTEX_POINT ( 'NONE', #86 ) ;
#750 = EDGE_CURVE ( 'NONE', #1030, #2155, #860, .T. ) ;
#751 = PRODUCT_DEFINITION_FORMATION_WITH_SPECIFIED_SOURCE ( 'ANY', '', #1704, .NOT_KNOWN. ) ;
#752 = VERTEX_POINT ( 'NONE', #418 ) ;
#753 = DIRECTION ( 'NONE',  ( 1.000000000000000000, -0.000000000000000000, -0.000000000000000000 ) ) ;
#754 = ORIENTED_EDGE ( 'NONE', *, *, #1088, .F. ) ;
#755 = DIRECTION ( 'NONE',  ( -0.7071067811865499042, 0.000000000000000000, 0.7071067811865450192 ) ) ;
#756 = FACE_OUTER_BOUND ( 'NONE', #955, .T. ) ;
#757 = DIRECTION ( 'NONE',  ( 0.000000000000000000, 0.000000000000000000, 1.000000000000000000 ) ) ;
#758 = DIRECTION ( 'NONE',  ( 0.000000000000000000, 0.000000000000000000, -1.000000000000000000 ) ) ;
#759 = DIRECTION ( 'NONE',  ( 0.000000000000000000, 0.000000000000000000, 1.000000000000000000 ) ) ;
#760 = VERTEX_POINT ( 'NONE', #1200 ) ;
#761 = EDGE_CURVE ( 'NONE', #1118, #643, #1745, .T. ) ;
#762 = VERTEX_POINT ( 'NONE', #1006 ) ;
#763 = DIRECTION ( 'NONE',  ( 0.000000000000000000, 0.000000000000000000, 1.000000000000000000 ) ) ;
#764 = VERTEX_POINT ( 'NONE', #813 ) ;
#765 = DIRECTION ( 'NONE',  ( 0.000000000000000000, 0.000000000000000000, 1.000000000000000000 ) ) ;
#766 = DIRECTION ( 'NONE',  ( 0.000000000000000000, 0.000000000000000000, -1.000000000000000000 ) ) ;
#767 = CYLINDRICAL_SURFACE ( 'NONE', #1596, 0.06496062999999997756 ) ;
#768 = CARTESIAN_POINT ( 'NONE',  ( 0.05000000000000000278, -0.3842362200000000172, 0.1084251950000002102 ) ) ;
#769 = CARTESIAN_POINT ( 'NONE',  ( 0.8300000000000000711, 0.3484132424996279065, -0.1499999999999985234 ) ) ;
#770 = AXIS2_PLACEMENT_3D ( 'NONE', #1303, #921, #1421 ) ;
#771 = ORIENTED_EDGE ( 'NONE', *, *, #223, .T. ) ;
#772 = ORIENTED_EDGE ( 'NONE', *, *, #1237, .T. ) ;
#773 = CARTESIAN_POINT ( 'NONE',  ( 0.1000000000000000056, 0.000000000000000000, 0.000000000000000000 ) ) ;
#774 = AXIS2_PLACEMENT_3D ( 'NONE', #555, #1318, #2114 ) ;
#775 = VECTOR ( 'NONE', #1577, 39.37007874015748143 ) ;
#776 = VERTEX_POINT ( 'NONE', #1595 ) ;
#777 = DIRECTION ( 'NONE',  ( -1.000000000000000000, -0.000000000000000000, -0.000000000000000000 ) ) ;
#778 = CARTESIAN_POINT ( 'NONE',  ( 0.000000000000000000, -0.3842362200000000172, 0.000000000000000000 ) ) ;
#779 = VECTOR ( 'NONE', #732, 39.37007874015748143 ) ;
#780 = CARTESIAN_POINT ( 'NONE',  ( 0.8300000000000000711, 0.1499999999999999112, 0.3484132424996274069 ) ) ;
#781 = AXIS2_PLACEMENT_3D ( 'NONE', #1435, #266, #2195 ) ;
#782 = AXIS2_PLACEMENT_3D ( 'NONE', #395, #2125, #765 ) ;
#783 = CARTESIAN_POINT ( 'NONE',  ( 0.000000000000000000, 0.000000000000000000, 0.000000000000000000 ) ) ;
#784 = CYLINDRICAL_SURFACE ( 'NONE', #271, 0.09842519499999997923 ) ;
#785 = VERTEX_POINT ( 'NONE', #652 ) ;
#786 = ORIENTED_EDGE ( 'NONE', *, *, #351, .F. ) ;
#787 = DIRECTION ( 'NONE',  ( -0.7071067811865493491, 8.659560562354911904E-17, -0.7071067811865457964 ) ) ;
#788 = VERTEX_POINT ( 'NONE', #1606 ) ;
#789 = DIRECTION ( 'NONE',  ( 0.000000000000000000, 0.000000000000000000, 1.000000000000000000 ) ) ;
#790 = EDGE_CURVE ( 'NONE', #1094, #687, #629, .T. ) ;
#791 = CARTESIAN_POINT ( 'NONE',  ( 0.8300000000000000711, -0.1499999999999999112, -0.3484132424996274069 ) ) ;
#792 = CARTESIAN_POINT ( 'NONE',  ( 0.2074803200000000236, 7.232166368126285127E-18, -0.3251811000000000562 ) ) ;
#793 = CARTESIAN_POINT ( 'NONE',  ( 0.8300000000000000711, 0.1239999999999999436, -0.3661417299999999431 ) ) ;
#794 = EDGE_LOOP ( 'NONE', ( #1523, #1969, #1434, #1651 ) ) ;
#795 = EDGE_CURVE ( 'NONE', #404, #708, #1974, .T. ) ;
#796 = ORIENTED_EDGE ( 'NONE', *, *, #234, .F. ) ;
#797 = CYLINDRICAL_SURFACE ( 'NONE', #1307, 0.09842519499999997923 ) ;
#798 = VERTEX_POINT ( 'NONE', #319 ) ;
#799 =( NAMED_UNIT ( * ) SI_UNIT ( $, .STERADIAN. ) SOLID_ANGLE_UNIT ( ) );
#800 = DIRECTION ( 'NONE',  ( 0.000000000000000000, 0.000000000000000000, 1.000000000000000000 ) ) ;
#801 = ORIENTED_EDGE ( 'NONE', *, *, #885, .F. ) ;
#802 = DIRECTION ( 'NONE',  ( 0.000000000000000000, 0.000000000000000000, 1.000000000000000000 ) ) ;
#803 = CARTESIAN_POINT ( 'NONE',  ( 0.2074803200000000236, 0.000000000000000000, -0.3842362200000000172 ) ) ;
#804 = EDGE_CURVE ( 'NONE', #1197, #2287, #72, .T. ) ;
#805 = DIRECTION ( 'NONE',  ( -1.000000000000000000, -0.000000000000000000, -0.000000000000000000 ) ) ;
#806 = ORIENTED_EDGE ( 'NONE', *, *, #1682, .F. ) ;
#807 = VECTOR ( 'NONE', #850, 39.37007874015748143 ) ;
#808 = EDGE_LOOP ( 'NONE', ( #1490, #714 ) ) ;
#809 = AXIS2_PLACEMENT_3D ( 'NONE', #820, #2360, #22 ) ;
#810 = PLANE ( 'NONE',  #1707 ) ;
#811 = AXIS2_PLACEMENT_3D ( 'NONE', #2, #178, #934 ) ;
#812 = ORIENTED_EDGE ( 'NONE', *, *, #1260, .T. ) ;
#813 = CARTESIAN_POINT ( 'NONE',  ( 0.06000000000000031697, -0.3842362200000000172, -0.09842519499999997923 ) ) ;
#814 = CIRCLE ( 'NONE', #1017, 0.05905511999999997486 ) ;
#815 = AXIS2_PLACEMENT_3D ( 'NONE', #2417, #1690, #1445 ) ;
#816 = ORIENTED_EDGE ( 'NONE', *, *, #1510, .T. ) ;
#817 = CARTESIAN_POINT ( 'NONE',  ( 0.8300000000000000711, 0.3661417300000002761, -0.1239999999999985281 ) ) ;
#818 = AXIS2_PLACEMENT_3D ( 'NONE', #1711, #13, #586 ) ;
#819 = VECTOR ( 'NONE', #177, 39.37007874015748143 ) ;
#820 = CARTESIAN_POINT ( 'NONE',  ( 0.1000000000000000194, -0.6692913385826771977, 0.000000000000000000 ) ) ;
#821 = DIRECTION ( 'NONE',  ( 0.000000000000000000, 0.000000000000000000, 1.000000000000000000 ) ) ;
#822 = VERTEX_POINT ( 'NONE', #2048 ) ;
#823 = CIRCLE ( 'NONE', #983, 0.09842519499999997923 ) ;
#824 = EDGE_CURVE ( 'NONE', #376, #275, #1092, .T. ) ;
#825 = EDGE_CURVE ( 'NONE', #679, #126, #419, .T. ) ;
#826 = CARTESIAN_POINT ( 'NONE',  ( 0.000000000000000000, -0.3842362200000000172, -0.05905511999999996792 ) ) ;
#827 = LINE ( 'NONE', #1603, #1747 ) ;
#828 = APPROVAL ( #1605, 'UNSPECIFIED' ) ;
#829 = CC_DESIGN_SECURITY_CLASSIFICATION ( #952, ( #751 ) ) ;
#830 = ADVANCED_FACE ( 'NONE', ( #2244 ), #1056, .F. ) ;
#831 = ORIENTED_EDGE ( 'NONE', *, *, #885, .T. ) ;
#832 = APPLICATION_PROTOCOL_DEFINITION ( 'international standard', 'config_control_design', 1994, #263 ) ;
#833 = CARTESIAN_POINT ( 'NONE',  ( 0.8300000000000000711, 0.000000000000000000, 0.000000000000000000 ) ) ;
#834 = ORIENTED_EDGE ( 'NONE', *, *, #1177, .F. ) ;
#835 = DIRECTION ( 'NONE',  ( -1.000000000000000000, -0.000000000000000000, -0.000000000000000000 ) ) ;
#836 = FACE_OUTER_BOUND ( 'NONE', #2074, .T. ) ;
#837 = DIRECTION ( 'NONE',  ( 0.000000000000000000, -9.630855401535498532E-16, 1.000000000000000000 ) ) ;
#838 = ORIENTED_EDGE ( 'NONE', *, *, #2333, .F. ) ;
#839 = EDGE_LOOP ( 'NONE', ( #101, #1666, #161, #875 ) ) ;
#840 = CYLINDRICAL_SURFACE ( 'NONE', #112, 0.09842519499999997923 ) ;
#841 = ADVANCED_FACE ( 'NONE', ( #118, #1681, #1083, #1844, #2228, #1880 ), #872, .T. ) ;
#842 = ORIENTED_EDGE ( 'NONE', *, *, #218, .F. ) ;
#843 =( CONVERSION_BASED_UNIT ( 'INCH', #96 ) LENGTH_UNIT ( ) NAMED_UNIT ( #1623 ) );
#844 = CARTESIAN_POINT ( 'NONE',  ( 0.8300000000000000711, 0.3484132424996279065, -0.1239999999999985281 ) ) ;
#845 = EDGE_LOOP ( 'NONE', ( #853, #1992, #1573, #1073 ) ) ;
#846 = DIRECTION ( 'NONE',  ( -1.000000000000000000, -0.000000000000000000, -0.000000000000000000 ) ) ;
#847 = ADVANCED_FACE ( 'NONE', ( #1647 ), #328, .F. ) ;
#848 = FACE_BOUND ( 'NONE', #1240, .T. ) ;
#849 = ORIENTED_EDGE ( 'NONE', *, *, #1526, .T. ) ;
#850 = DIRECTION ( 'NONE',  ( -0.000000000000000000, 1.000000000000000000, -0.000000000000000000 ) ) ;
#851 = DIRECTION ( 'NONE',  ( 0.000000000000000000, 0.000000000000000000, -1.000000000000000000 ) ) ;
#852 = VECTOR ( 'NONE', #428, 39.37007874015748143 ) ;
#853 = ORIENTED_EDGE ( 'NONE', *, *, #387, .T. ) ;
#854 = FACE_OUTER_BOUND ( 'NONE', #2464, .T. ) ;
#855 = CARTESIAN_POINT ( 'NONE',  ( 0.1000000000000000056, 0.1239999999999999158, -0.3484132424996274069 ) ) ;
#856 = EDGE_CURVE ( 'NONE', #2208, #1094, #222, .T. ) ;
#857 = AXIS2_PLACEMENT_3D ( 'NONE', #659, #1860, #1028 ) ;
#858 = EDGE_CURVE ( 'NONE', #2038, #1197, #2037, .T. ) ;
#859 = ADVANCED_FACE ( 'NONE', ( #715 ), #2254, .F. ) ;
#860 = CIRCLE ( 'NONE', #335, 0.06496062999999997756 ) ;
#861 = ORIENTED_EDGE ( 'NONE', *, *, #1632, .T. ) ;
#862 = CARTESIAN_POINT ( 'NONE',  ( 0.1000000000000000056, 0.000000000000000000, 0.4901417299999999422 ) ) ;
#863 = VECTOR ( 'NONE', #137, 39.37007874015748143 ) ;
#864 = AXIS2_PLACEMENT_3D ( 'NONE', #360, #349, #204 ) ;
#865 = ORIENTED_EDGE ( 'NONE', *, *, #323, .F. ) ;
#866 = AXIS2_PLACEMENT_3D ( 'NONE', #721, #923, #1873 ) ;
#867 = LINE ( 'NONE', #886, #2097 ) ;
#868 = CARTESIAN_POINT ( 'NONE',  ( 0.1000000000000000056, -0.1499999999999999112, -0.3484132424996274069 ) ) ;
#869 = AXIS2_PLACEMENT_3D ( 'NONE', #1491, #908, #1095 ) ;
#870 = LOCAL_TIME ( 21, 0, 22.00000000000000000, #1273 ) ;
#871 = ORIENTED_EDGE ( 'NONE', *, *, #151, .T. ) ;
#872 = PLANE ( 'NONE',  #34 ) ;
#873 = EDGE_LOOP ( 'NONE', ( #1683, #1858 ) ) ;
#874 = FACE_OUTER_BOUND ( 'NONE', #1355, .T. ) ;
#875 = ORIENTED_EDGE ( 'NONE', *, *, #488, .F. ) ;
#876 = CARTESIAN_POINT ( 'NONE',  ( 0.1000000000000000056, 0.3661417300000002761, -0.1239999999999985281 ) ) ;
#877 = DIRECTION ( 'NONE',  ( 1.000000000000000000, -0.000000000000000000, -0.000000000000000000 ) ) ;
#878 = ORIENTED_EDGE ( 'NONE', *, *, #2337, .T. ) ;
#879 = CALENDAR_DATE ( 2026, 27, 4 ) ;
#880 = CARTESIAN_POINT ( 'NONE',  ( 0.2074803200000000236, -0.3842362200000000172, 0.000000000000000000 ) ) ;
#881 = ORIENTED_EDGE ( 'NONE', *, *, #234, .T. ) ;
#882 = DIRECTION ( 'NONE',  ( 0.000000000000000000, 0.000000000000000000, 1.000000000000000000 ) ) ;
#883 = CARTESIAN_POINT ( 'NONE',  ( 0.2074803200000000236, -0.3842362200000000172, 0.000000000000000000 ) ) ;
#884 = ORIENTED_EDGE ( 'NONE', *, *, #387, .F. ) ;
#885 = EDGE_CURVE ( 'NONE', #1443, #776, #1705, .T. ) ;
#886 = CARTESIAN_POINT ( 'NONE',  ( 0.06000000000000031697, -0.3842362200000000172, -0.09842519499999997923 ) ) ;
#887 = DIRECTION ( 'NONE',  ( -1.000000000000000000, 0.000000000000000000, 0.000000000000000000 ) ) ;
#888 = ORIENTED_EDGE ( 'NONE', *, *, #1708, .F. ) ;
#889 = ORIENTED_EDGE ( 'NONE', *, *, #2319, .F. ) ;
#890 = PERSON_AND_ORGANIZATION ( #1631, #346 ) ;
#891 = LINE ( 'NONE', #705, #1984 ) ;
#892 = ORIENTED_EDGE ( 'NONE', *, *, #1055, .T. ) ;
#893 = DIRECTION ( 'NONE',  ( 0.000000000000000000, 0.000000000000000000, 1.000000000000000000 ) ) ;
#894 = CARTESIAN_POINT ( 'NONE',  ( 0.8300000000000000711, 0.3661417299999993880, 0.1240000000000014008 ) ) ;
#895 = VECTOR ( 'NONE', #559, 39.37007874015748143 ) ;
#896 = AXIS2_PLACEMENT_3D ( 'NONE', #322, #1086, #710 ) ;
#897 = CARTESIAN_POINT ( 'NONE',  ( 0.1000000000000000056, -0.1397187338193630612, -0.3245323805863107869 ) ) ;
#898 = AXIS2_PLACEMENT_3D ( 'NONE', #377, #1144, #1168 ) ;
#899 = AXIS2_PLACEMENT_3D ( 'NONE', #1897, #1154, #960 ) ;
#900 = FACE_BOUND ( 'NONE', #148, .T. ) ;
#901 = CARTESIAN_POINT ( 'NONE',  ( 0.2074803200000000236, 0.000000000000000000, 0.3842362200000000172 ) ) ;
#902 = AXIS2_PLACEMENT_3D ( 'NONE', #1165, #448, #1204 ) ;
#903 = EDGE_CURVE ( 'NONE', #181, #2328, #2023, .T. ) ;
#904 = VECTOR ( 'NONE', #1693, 39.37007874015748143 ) ;
#905 = VERTEX_POINT ( 'NONE', #2432 ) ;
#906 = CARTESIAN_POINT ( 'NONE',  ( 0.1000000000000000194, 0.6692913385826771977, 0.000000000000000000 ) ) ;
#907 = ORIENTED_EDGE ( 'NONE', *, *, #2385, .T. ) ;
#908 = DIRECTION ( 'NONE',  ( 1.000000000000000000, 0.000000000000000000, 0.000000000000000000 ) ) ;
#909 = PLANE ( 'NONE',  #1426 ) ;
#910 = LINE ( 'NONE', #1470, #779 ) ;
#911 = DIRECTION ( 'NONE',  ( 0.000000000000000000, 0.000000000000000000, -1.000000000000000000 ) ) ;
#912 = LINE ( 'NONE', #179, #226 ) ;
#913 = EDGE_LOOP ( 'NONE', ( #562, #892, #2194, #1879 ) ) ;
#914 = ORIENTED_EDGE ( 'NONE', *, *, #2263, .F. ) ;
#915 = APPROVAL_STATUS ( 'not_yet_approved' ) ;
#916 = ADVANCED_FACE ( 'NONE', ( #1072 ), #2063, .F. ) ;
#917 = CARTESIAN_POINT ( 'NONE',  ( 0.05000000000000000278, 0.000000000000000000, 0.000000000000000000 ) ) ;
#918 = VERTEX_POINT ( 'NONE', #125 ) ;
#919 = DIRECTION ( 'NONE',  ( -1.000000000000000000, -0.000000000000000000, -0.000000000000000000 ) ) ;
#920 = EDGE_CURVE ( 'NONE', #438, #708, #689, .T. ) ;
#921 = DIRECTION ( 'NONE',  ( 1.000000000000000000, 0.000000000000000000, 0.000000000000000000 ) ) ;
#922 = EDGE_CURVE ( 'NONE', #788, #1656, #1275, .T. ) ;
#923 = DIRECTION ( 'NONE',  ( 1.000000000000000000, 0.000000000000000000, 0.000000000000000000 ) ) ;
#924 = DIRECTION ( 'NONE',  ( 0.000000000000000000, 0.000000000000000000, -1.000000000000000000 ) ) ;
#925 = CARTESIAN_POINT ( 'NONE',  ( 0.8300000000000000711, -0.1239999999999999436, 0.3661417299999999431 ) ) ;
#926 = ORIENTED_EDGE ( 'NONE', *, *, #1130, .F. ) ;
#927 = ORIENTED_EDGE ( 'NONE', *, *, #2412, .F. ) ;
#928 = DIRECTION ( 'NONE',  ( 0.000000000000000000, 0.000000000000000000, 1.000000000000000000 ) ) ;
#929 = ORIENTED_EDGE ( 'NONE', *, *, #412, .T. ) ;
#930 = FACE_OUTER_BOUND ( 'NONE', #1457, .T. ) ;
#931 = DIRECTION ( 'NONE',  ( 0.000000000000000000, 0.000000000000000000, 1.000000000000000000 ) ) ;
#932 = EDGE_CURVE ( 'NONE', #762, #2442, #891, .T. ) ;
#933 = CIRCLE ( 'NONE', #495, 0.3533307099999999923 ) ;
#934 = DIRECTION ( 'NONE',  ( 0.000000000000000000, 0.000000000000000000, 1.000000000000000000 ) ) ;
#935 = AXIS2_PLACEMENT_3D ( 'NONE', #67, #1767, #994 ) ;
#936 = DIRECTION ( 'NONE',  ( -1.000000000000000000, -0.000000000000000000, -0.000000000000000000 ) ) ;
#937 = ORIENTED_EDGE ( 'NONE', *, *, #2366, .T. ) ;
#938 = AXIS2_PLACEMENT_3D ( 'NONE', #541, #2267, #763 ) ;
#939 = ORIENTED_EDGE ( 'NONE', *, *, #1712, .T. ) ;
#940 = LINE ( 'NONE', #7, #1348 ) ;
#941 = AXIS2_PLACEMENT_3D ( 'NONE', #1116, #2286, #1908 ) ;
#942 = AXIS2_PLACEMENT_3D ( 'NONE', #791, #1905, #757 ) ;
#943 = VERTEX_POINT ( 'NONE', #1352 ) ;
#944 = DIRECTION ( 'NONE',  ( 1.000000000000000000, -0.000000000000000000, -0.000000000000000000 ) ) ;
#945 = DIRECTION ( 'NONE',  ( -1.000000000000000000, -0.000000000000000000, -0.000000000000000000 ) ) ;
#946 = VECTOR ( 'NONE', #1759, 39.37007874015748143 ) ;
#947 = CARTESIAN_POINT ( 'NONE',  ( 0.05000000000000000278, -0.3842362200000000172, 0.000000000000000000 ) ) ;
#948 = EDGE_CURVE ( 'NONE', #2159, #1193, #577, .T. ) ;
#949 = LINE ( 'NONE', #203, #1703 ) ;
#950 = CARTESIAN_POINT ( 'NONE',  ( 0.8300000000000000711, 0.3661417300000002761, -0.1239999999999985281 ) ) ;
#951 = ORIENTED_EDGE ( 'NONE', *, *, #706, .F. ) ;
#952 = SECURITY_CLASSIFICATION ( '', '', #1250 ) ;
#953 = ORIENTED_EDGE ( 'NONE', *, *, #27, .T. ) ;
#954 = FACE_OUTER_BOUND ( 'NONE', #401, .T. ) ;
#955 = EDGE_LOOP ( 'NONE', ( #1752, #1439, #2090, #1053 ) ) ;
#956 = CARTESIAN_POINT ( 'NONE',  ( 0.1000000000000000194, 0.6692913385826771977, 0.06496063000000000531 ) ) ;
#957 = CYLINDRICAL_SURFACE ( 'NONE', #2388, 0.05905511999999996792 ) ;
#958 = LINE ( 'NONE', #982, #946 ) ;
#959 = CARTESIAN_POINT ( 'NONE',  ( 0.8300000000000000711, 0.1239999999999999436, -0.3661417299999999431 ) ) ;
#960 = DIRECTION ( 'NONE',  ( 0.000000000000000000, 0.000000000000000000, 1.000000000000000000 ) ) ;
#961 = ORIENTED_EDGE ( 'NONE', *, *, #641, .F. ) ;
#962 = ORIENTED_EDGE ( 'NONE', *, *, #2009, .T. ) ;
#963 = DIRECTION ( 'NONE',  ( 0.000000000000000000, 0.000000000000000000, 1.000000000000000000 ) ) ;
#964 = ORIENTED_EDGE ( 'NONE', *, *, #995, .T. ) ;
#965 = DIRECTION ( 'NONE',  ( -1.000000000000000000, -0.000000000000000000, -0.000000000000000000 ) ) ;
#966 = FACE_BOUND ( 'NONE', #1555, .T. ) ;
#967 = DIRECTION ( 'NONE',  ( -0.7071067811865493491, 0.000000000000000000, 0.7071067811865457964 ) ) ;
#968 = CARTESIAN_POINT ( 'NONE',  ( 0.8300000000000000711, 0.3661417299999998876, 1.434220196673738239E-15 ) ) ;
#969 = DIRECTION ( 'NONE',  ( 0.000000000000000000, 0.000000000000000000, 1.000000000000000000 ) ) ;
#970 = VERTEX_POINT ( 'NONE', #173 ) ;
#971 = AXIS2_PLACEMENT_3D ( 'NONE', #528, #518, #678 ) ;
#972 = ORIENTED_EDGE ( 'NONE', *, *, #1775, .F. ) ;
#973 = CYLINDRICAL_SURFACE ( 'NONE', #147, 0.3149606300000000747 ) ;
#974 = EDGE_CURVE ( 'NONE', #2204, #484, #1181, .T. ) ;
#975 = AXIS2_PLACEMENT_3D ( 'NONE', #1365, #198, #576 ) ;
#976 = AXIS2_PLACEMENT_3D ( 'NONE', #2293, #2283, #1320 ) ;
#977 = AXIS2_PLACEMENT_3D ( 'NONE', #1600, #837, #1562 ) ;
#978 = EDGE_LOOP ( 'NONE', ( #831, #2185, #1249, #379 ) ) ;
#979 = DIRECTION ( 'NONE',  ( -1.000000000000000000, 0.000000000000000000, 0.000000000000000000 ) ) ;
#980 = EDGE_CURVE ( 'NONE', #2148, #56, #538, .T. ) ;
#981 = AXIS2_PLACEMENT_3D ( 'NONE', #1151, #202, #931 ) ;
#982 = CARTESIAN_POINT ( 'NONE',  ( 0.8300000000000000711, 0.000000000000000000, -0.6043307085826772340 ) ) ;
#983 = AXIS2_PLACEMENT_3D ( 'NONE', #240, #127, #1482 ) ;
#984 = EDGE_CURVE ( 'NONE', #708, #1601, #2186, .T. ) ;
#985 = AXIS2_PLACEMENT_3D ( 'NONE', #2079, #944, #1148 ) ;
#986 = DIRECTION ( 'NONE',  ( 1.000000000000000000, 0.000000000000000000, 0.000000000000000000 ) ) ;
#987 = CYLINDRICAL_SURFACE ( 'NONE', #1943, 0.02599999999999993983 ) ;
#988 = VERTEX_POINT ( 'NONE', #182 ) ;
#989 = ORIENTED_EDGE ( 'NONE', *, *, #1494, .F. ) ;
#990 = DIRECTION ( 'NONE',  ( -1.000000000000000000, -0.000000000000000000, -0.000000000000000000 ) ) ;
#991 = ADVANCED_FACE ( 'NONE', ( #17 ), #403, .F. ) ;
#992 = ORIENTED_EDGE ( 'NONE', *, *, #382, .T. ) ;
#993 = LINE ( 'NONE', #1036, #775 ) ;
#994 = DIRECTION ( 'NONE',  ( 0.000000000000000000, 0.000000000000000000, -1.000000000000000000 ) ) ;
#995 = EDGE_CURVE ( 'NONE', #2328, #181, #2346, .T. ) ;
#996 = EDGE_LOOP ( 'NONE', ( #1824, #1128 ) ) ;
#997 = CARTESIAN_POINT ( 'NONE',  ( 0.8300000000000000711, -0.3484132424996279065, -0.1499999999999985234 ) ) ;
#998 = EDGE_CURVE ( 'NONE', #677, #1194, #184, .T. ) ;
#999 = CARTESIAN_POINT ( 'NONE',  ( 0.2074803200000000236, -0.3842362200000000172, 0.09842519499999997923 ) ) ;
#1000 = CARTESIAN_POINT ( 'NONE',  ( 0.1000000000000000056, -0.1239999999999999297, -0.3484132424996274069 ) ) ;
#1001 = ORIENTED_EDGE ( 'NONE', *, *, #750, .F. ) ;
#1002 = EDGE_LOOP ( 'NONE', ( #1762, #1814 ) ) ;
#1003 = DIRECTION ( 'NONE',  ( 0.000000000000000000, -0.000000000000000000, -1.000000000000000000 ) ) ;
#1004 = EDGE_LOOP ( 'NONE', ( #670, #2299 ) ) ;
#1005 = DIRECTION ( 'NONE',  ( -1.000000000000000000, -0.000000000000000000, -0.000000000000000000 ) ) ;
#1006 = CARTESIAN_POINT ( 'NONE',  ( 0.8300000000000000711, -0.1239999999999999436, 0.3661417299999999431 ) ) ;
#1007 = ORIENTED_EDGE ( 'NONE', *, *, #1333, .T. ) ;
#1008 = DIRECTION ( 'NONE',  ( 0.000000000000000000, 0.000000000000000000, 1.000000000000000000 ) ) ;
#1009 = ADVANCED_FACE ( 'NONE', ( #954 ), #1158, .F. ) ;
#1010 = EDGE_CURVE ( 'NONE', #2060, #1672, #1923, .T. ) ;
#1011 = FACE_OUTER_BOUND ( 'NONE', #2180, .T. ) ;
#1012 = CARTESIAN_POINT ( 'NONE',  ( 0.8300000000000000711, 0.3842362200000000172, 0.000000000000000000 ) ) ;
#1013 = ORIENTED_EDGE ( 'NONE', *, *, #691, .T. ) ;
#1014 = ORIENTED_EDGE ( 'NONE', *, *, #2288, .F. ) ;
#1015 = VECTOR ( 'NONE', #1772, 39.37007874015748143 ) ;
#1016 = DIRECTION ( 'NONE',  ( 1.000000000000000000, 0.000000000000000000, 0.000000000000000000 ) ) ;
#1017 = AXIS2_PLACEMENT_3D ( 'NONE', #2340, #238, #1796 ) ;
#1018 = ORIENTED_EDGE ( 'NONE', *, *, #683, .T. ) ;
#1019 = FACE_OUTER_BOUND ( 'NONE', #2255, .T. ) ;
#1020 = CARTESIAN_POINT ( 'NONE',  ( 0.8300000000000000711, -0.3661417299999993880, 0.1240000000000014008 ) ) ;
#1021 = VECTOR ( 'NONE', #1890, 39.37007874015748143 ) ;
#1022 = CIRCLE ( 'NONE', #78, 0.3533307099999999923 ) ;
#1023 = VERTEX_POINT ( 'NONE', #209 ) ;
#1024 = CARTESIAN_POINT ( 'NONE',  ( 0.8300000000000000711, -0.1239999999999999297, -0.3484132424996274069 ) ) ;
#1025 = AXIS2_PLACEMENT_3D ( 'NONE', #780, #1368, #11 ) ;
#1026 = VECTOR ( 'NONE', #36, 39.37007874015748143 ) ;
#1027 = ADVANCED_FACE ( 'NONE', ( #2281 ), #2098, .F. ) ;
#1028 = DIRECTION ( 'NONE',  ( 0.000000000000000000, 0.000000000000000000, -1.000000000000000000 ) ) ;
#1029 = CARTESIAN_POINT ( 'NONE',  ( 0.2074803200000000236, 1.205361000122040795E-17, -0.4826614149999999825 ) ) ;
#1030 = VERTEX_POINT ( 'NONE', #1329 ) ;
#1031 = CARTESIAN_POINT ( 'NONE',  ( 0.05000000000000000278, 0.000000000000000000, 0.4926614150000002135 ) ) ;
#1032 = FACE_OUTER_BOUND ( 'NONE', #1254, .T. ) ;
#1033 = LOCAL_TIME ( 21, 0, 22.00000000000000000, #2431 ) ;
#1034 = EDGE_CURVE ( 'NONE', #1989, #988, #2390, .T. ) ;
#1035 = ORIENTED_EDGE ( 'NONE', *, *, #1177, .T. ) ;
#1036 = CARTESIAN_POINT ( 'NONE',  ( 0.8300000000000000711, -0.1239999999999999436, -0.3661417299999999431 ) ) ;
#1037 = CARTESIAN_POINT ( 'NONE',  ( 0.2074803200000000236, -0.3842362200000000172, 0.000000000000000000 ) ) ;
#1038 = EDGE_LOOP ( 'NONE', ( #2468, #165, #8, #350 ) ) ;
#1039 = DIRECTION ( 'NONE',  ( 0.000000000000000000, 0.000000000000000000, 1.000000000000000000 ) ) ;
#1040 = FACE_OUTER_BOUND ( 'NONE', #1664, .T. ) ;
#1041 = ORIENTED_EDGE ( 'NONE', *, *, #1570, .F. ) ;
#1042 = EDGE_CURVE ( 'NONE', #1193, #2159, #1264, .T. ) ;
#1043 = CARTESIAN_POINT ( 'NONE',  ( 0.1000000000000001582, 0.000000000000000000, -0.8499999999999999778 ) ) ;
#1044 = CARTESIAN_POINT ( 'NONE',  ( 0.2074803200000000236, 0.000000000000000000, -0.3842362200000000172 ) ) ;
#1045 = ADVANCED_FACE ( 'NONE', ( #1129 ), #973, .F. ) ;
#1046 = APPROVAL ( #915, 'UNSPECIFIED' ) ;
#1047 = CARTESIAN_POINT ( 'NONE',  ( 0.8300000000000000711, 0.3245323805863113420, -0.1397187338193617012 ) ) ;
#1048 = VERTEX_POINT ( 'NONE', #1500 ) ;
#1049 = DIRECTION ( 'NONE',  ( 0.000000000000000000, 0.000000000000000000, 1.000000000000000000 ) ) ;
#1050 = VERTEX_POINT ( 'NONE', #1900 ) ;
#1051 = FACE_BOUND ( 'NONE', #1749, .T. ) ;
#1052 = DIRECTION ( 'NONE',  ( 1.000000000000000000, 0.000000000000000000, 0.000000000000000000 ) ) ;
#1053 = ORIENTED_EDGE ( 'NONE', *, *, #2162, .F. ) ;
#1054 = PERSON_AND_ORGANIZATION_ROLE ( 'design_supplier' ) ;
#1055 = EDGE_CURVE ( 'NONE', #692, #2121, #1119, .T. ) ;
#1056 = CYLINDRICAL_SURFACE ( 'NONE', #1982, 0.2421259849999999880 ) ;
#1057 = AXIS2_PLACEMENT_3D ( 'NONE', #1696, #1485, #1497 ) ;
#1058 = EDGE_CURVE ( 'NONE', #2148, #174, #940, .T. ) ;
#1059 = VECTOR ( 'NONE', #521, 39.37007874015748143 ) ;
#1060 = VERTEX_POINT ( 'NONE', #1525 ) ;
#1061 = DIRECTION ( 'NONE',  ( 1.000000000000000000, -0.000000000000000000, -0.000000000000000000 ) ) ;
#1062 = CIRCLE ( 'NONE', #267, 0.02599999999999993983 ) ;
#1063 = ADVANCED_FACE ( 'NONE', ( #563 ), #1339, .F. ) ;
#1064 = CIRCLE ( 'NONE', #2307, 0.3533307099999999923 ) ;
#1065 = ORIENTED_EDGE ( 'NONE', *, *, #1808, .F. ) ;
#1066 = CIRCLE ( 'NONE', #1230, 0.06496062999999997756 ) ;
#1067 = CARTESIAN_POINT ( 'NONE',  ( 0.06000000000000031697, 0.3842362200000000172, 0.000000000000000000 ) ) ;
#1068 = DIRECTION ( 'NONE',  ( 0.000000000000000000, 0.000000000000000000, 1.000000000000000000 ) ) ;
#1069 = AXIS2_PLACEMENT_3D ( 'NONE', #47, #979, #9 ) ;
#1070 = EDGE_LOOP ( 'NONE', ( #1949, #575 ) ) ;
#1071 = PERSON_AND_ORGANIZATION_ROLE ( 'classification_officer' ) ;
#1072 = FACE_OUTER_BOUND ( 'NONE', #510, .T. ) ;
#1073 = ORIENTED_EDGE ( 'NONE', *, *, #641, .T. ) ;
#1074 = DIRECTION ( 'NONE',  ( 0.000000000000000000, 0.000000000000000000, 1.000000000000000000 ) ) ;
#1075 = EDGE_CURVE ( 'NONE', #65, #677, #827, .T. ) ;
#1076 = LINE ( 'NONE', #2030, #423 ) ;
#1077 = ORIENTED_EDGE ( 'NONE', *, *, #323, .T. ) ;
#1078 = EDGE_CURVE ( 'NONE', #1999, #655, #1508, .T. ) ;
#1079 = DIRECTION ( 'NONE',  ( 0.000000000000000000, 0.000000000000000000, 1.000000000000000000 ) ) ;
#1080 = CARTESIAN_POINT ( 'NONE',  ( 0.8300000000000000711, 0.000000000000000000, 0.000000000000000000 ) ) ;
#1081 = VERTEX_POINT ( 'NONE', #638 ) ;
#1082 = PERSON_AND_ORGANIZATION_ROLE ( 'creator' ) ;
#1083 = FACE_BOUND ( 'NONE', #230, .T. ) ;
#1084 = ORIENTED_EDGE ( 'NONE', *, *, #2021, .F. ) ;
#1085 = FACE_OUTER_BOUND ( 'NONE', #1765, .T. ) ;
#1086 = DIRECTION ( 'NONE',  ( -1.000000000000000000, 0.000000000000000000, 0.000000000000000000 ) ) ;
#1087 = DIRECTION ( 'NONE',  ( -1.000000000000000000, 0.000000000000000000, 0.000000000000000000 ) ) ;
#1088 = EDGE_CURVE ( 'NONE', #338, #354, #1671, .T. ) ;
#1089 = DIRECTION ( 'NONE',  ( -0.7071067811865499042, 8.659560562354900811E-17, -0.7071067811865450192 ) ) ;
#1090 = DIRECTION ( 'NONE',  ( -0.7071067811865499042, 8.659560562354900811E-17, -0.7071067811865450192 ) ) ;
#1091 = VERTEX_POINT ( 'NONE', #1414 ) ;
#1092 = LINE ( 'NONE', #2452, #1137 ) ;
#1093 = VECTOR ( 'NONE', #2403, 39.37007874015748143 ) ;
#1094 = VERTEX_POINT ( 'NONE', #233 ) ;
#1095 = DIRECTION ( 'NONE',  ( 0.000000000000000000, 0.000000000000000000, -1.000000000000000000 ) ) ;
#1096 = FACE_OUTER_BOUND ( 'NONE', #1117, .T. ) ;
#1097 = CIRCLE ( 'NONE', #1057, 0.09842519499999997923 ) ;
#1098 = AXIS2_PLACEMENT_3D ( 'NONE', #642, #1962, #248 ) ;
#1099 = DIRECTION ( 'NONE',  ( 1.000000000000000000, -0.000000000000000000, -0.000000000000000000 ) ) ;
#1100 = AXIS2_PLACEMENT_3D ( 'NONE', #773, #589, #2077 ) ;
#1101 = ADVANCED_FACE ( 'NONE', ( #2327 ), #797, .F. ) ;
#1102 = CIRCLE ( 'NONE', #1110, 0.05905511999999997486 ) ;
#1103 = AXIS2_PLACEMENT_3D ( 'NONE', #1140, #936, #536 ) ;
#1104 = DIRECTION ( 'NONE',  ( 0.000000000000000000, -1.000000000000000000, -1.926171080307084718E-15 ) ) ;
#1105 = DIRECTION ( 'NONE',  ( 0.000000000000000000, 0.000000000000000000, -1.000000000000000000 ) ) ;
#1106 = CIRCLE ( 'NONE', #1514, 0.3149606300000000747 ) ;
#1107 = AXIS2_PLACEMENT_3D ( 'NONE', #2065, #1847, #882 ) ;
#1108 = ORIENTED_EDGE ( 'NONE', *, *, #1199, .F. ) ;
#1109 = CARTESIAN_POINT ( 'NONE',  ( 0.1000000000000000056, -0.1499999999999999112, 0.3484132424996274069 ) ) ;
#1110 = AXIS2_PLACEMENT_3D ( 'NONE', #1367, #211, #1741 ) ;
#1111 = ORIENTED_EDGE ( 'NONE', *, *, #1358, .T. ) ;
#1112 = CYLINDRICAL_SURFACE ( 'NONE', #231, 0.02600000000000000921 ) ;
#1113 = FACE_BOUND ( 'NONE', #1780, .T. ) ;
#1114 = DIRECTION ( 'NONE',  ( 0.000000000000000000, 0.000000000000000000, 1.000000000000000000 ) ) ;
#1115 = CARTESIAN_POINT ( 'NONE',  ( 0.1000000000000000056, 0.3484132424996266852, 0.1240000000000014285 ) ) ;
#1116 = CARTESIAN_POINT ( 'NONE',  ( 0.06000000000000028227, 0.000000000000000000, 0.3842362200000000172 ) ) ;
#1117 = EDGE_LOOP ( 'NONE', ( #1412, #199, #2406, #1809 ) ) ;
#1118 = VERTEX_POINT ( 'NONE', #1427 ) ;
#1119 = LINE ( 'NONE', #1717, #1021 ) ;
#1120 = EDGE_CURVE ( 'NONE', #1513, #1589, #2305, .T. ) ;
#1121 = ORIENTED_EDGE ( 'NONE', *, *, #686, .F. ) ;
#1122 = CARTESIAN_POINT ( 'NONE',  ( 0.1000000000000000056, -0.1397187338193629780, 0.3245323805863108979 ) ) ;
#1123 = CARTESIAN_POINT ( 'NONE',  ( 0.8300000000000000711, 0.1397187338193629502, 0.3245323805863108979 ) ) ;
#1124 = DIRECTION ( 'NONE',  ( -1.000000000000000000, 0.000000000000000000, 0.000000000000000000 ) ) ;
#1125 = CARTESIAN_POINT ( 'NONE',  ( 0.2074803200000000236, 0.3842362200000000172, -0.09842519499999997923 ) ) ;
#1126 = CARTESIAN_POINT ( 'NONE',  ( 0.8300000000000000711, 0.000000000000000000, 0.000000000000000000 ) ) ;
#1127 = ORIENTED_EDGE ( 'NONE', *, *, #295, .F. ) ;
#1128 = ORIENTED_EDGE ( 'NONE', *, *, #825, .T. ) ;
#1129 = FACE_OUTER_BOUND ( 'NONE', #1698, .T. ) ;
#1130 = EDGE_CURVE ( 'NONE', #905, #943, #1833, .T. ) ;
#1131 = ORIENTED_EDGE ( 'NONE', *, *, #1775, .T. ) ;
#1132 = CARTESIAN_POINT ( 'NONE',  ( 0.2074803200000000236, -0.3842362200000000172, -0.09842519499999997923 ) ) ;
#1133 = CYLINDRICAL_SURFACE ( 'NONE', #2344, 0.05905511999999997486 ) ;
#1134 = EDGE_CURVE ( 'NONE', #1477, #2115, #2175, .T. ) ;
#1135 = AXIS2_PLACEMENT_3D ( 'NONE', #2093, #2285, #1347 ) ;
#1136 = FACE_OUTER_BOUND ( 'NONE', #84, .T. ) ;
#1137 = VECTOR ( 'NONE', #297, 39.37007874015748143 ) ;
#1138 = FACE_OUTER_BOUND ( 'NONE', #2064, .T. ) ;
#1139 = VECTOR ( 'NONE', #2166, 39.37007874015748143 ) ;
#1140 = CARTESIAN_POINT ( 'NONE',  ( 0.8300000000000000711, -0.6692913385826771977, 0.000000000000000000 ) ) ;
#1141 = ORIENTED_EDGE ( 'NONE', *, *, #143, .F. ) ;
#1142 = CIRCLE ( 'NONE', #75, 0.09842519499999997923 ) ;
#1143 = ORIENTED_EDGE ( 'NONE', *, *, #119, .F. ) ;
#1144 = DIRECTION ( 'NONE',  ( -1.000000000000000000, -0.000000000000000000, -0.000000000000000000 ) ) ;
#1145 = CIRCLE ( 'NONE', #941, 0.09842519499999997923 ) ;
#1146 = CIRCLE ( 'NONE', #227, 0.09842519499999997923 ) ;
#1147 = ORIENTED_EDGE ( 'NONE', *, *, #564, .T. ) ;
#1148 = DIRECTION ( 'NONE',  ( 0.000000000000000000, 0.000000000000000000, 1.000000000000000000 ) ) ;
#1149 = CARTESIAN_POINT ( 'NONE',  ( 0.1000000000000000056, 0.000000000000000000, 0.000000000000000000 ) ) ;
#1150 = CIRCLE ( 'NONE', #83, 0.02600000000000000921 ) ;
#1151 = CARTESIAN_POINT ( 'NONE',  ( 0.000000000000000000, 0.000000000000000000, 0.000000000000000000 ) ) ;
#1152 = ADVANCED_FACE ( 'NONE', ( #2132 ), #840, .F. ) ;
#1153 = CARTESIAN_POINT ( 'NONE',  ( 0.8300000000000000711, -0.3661417299999993880, 0.1240000000000014008 ) ) ;
#1154 = DIRECTION ( 'NONE',  ( -1.000000000000000000, 0.000000000000000000, 0.000000000000000000 ) ) ;
#1155 = ADVANCED_FACE ( 'NONE', ( #1032, #468 ), #440, .T. ) ;
#1156 = EDGE_LOOP ( 'NONE', ( #704, #1547, #2225, #441 ) ) ;
#1157 = ORIENTED_EDGE ( 'NONE', *, *, #2054, .T. ) ;
#1158 = PLANE ( 'NONE',  #2268 ) ;
#1159 = ORIENTED_EDGE ( 'NONE', *, *, #1570, .T. ) ;
#1160 = DIRECTION ( 'NONE',  ( 0.000000000000000000, 0.000000000000000000, 1.000000000000000000 ) ) ;
#1161 = CARTESIAN_POINT ( 'NONE',  ( 0.2074803200000000236, -0.3842362200000000172, 0.000000000000000000 ) ) ;
#1162 = LINE ( 'NONE', #2105, #2111 ) ;
#1163 = EDGE_CURVE ( 'NONE', #362, #1023, #1062, .T. ) ;
#1164 = LINE ( 'NONE', #1544, #1937 ) ;
#1165 = CARTESIAN_POINT ( 'NONE',  ( 0.1000000000000000056, 0.000000000000000000, 0.3661417299999999431 ) ) ;
#1166 = ORIENTED_EDGE ( 'NONE', *, *, #998, .T. ) ;
#1167 = VERTEX_POINT ( 'NONE', #1998 ) ;
#1168 = DIRECTION ( 'NONE',  ( 0.000000000000000000, 0.000000000000000000, -1.000000000000000000 ) ) ;
#1169 = EDGE_LOOP ( 'NONE', ( #2292, #1822, #1216, #1258 ) ) ;
#1170 = DIRECTION ( 'NONE',  ( -1.000000000000000000, 0.000000000000000000, 0.000000000000000000 ) ) ;
#1171 = DIRECTION ( 'NONE',  ( 0.000000000000000000, 0.000000000000000000, 1.000000000000000000 ) ) ;
#1172 = AXIS2_PLACEMENT_3D ( 'NONE', #2131, #413, #63 ) ;
#1173 = CARTESIAN_POINT ( 'NONE',  ( 0.8300000000000000711, 0.1397187338193629502, 0.3245323805863108979 ) ) ;
#1174 = CARTESIAN_POINT ( 'NONE',  ( 0.8300000000000000711, 0.000000000000000000, -0.3149606300000000747 ) ) ;
#1175 = CIRCLE ( 'NONE', #1865, 0.05905511999999996792 ) ;
#1176 = ORIENTED_EDGE ( 'NONE', *, *, #683, .F. ) ;
#1177 = EDGE_CURVE ( 'NONE', #905, #526, #44, .T. ) ;
#1178 = CIRCLE ( 'NONE', #2019, 0.05905511999999997486 ) ;
#1179 = ORIENTED_EDGE ( 'NONE', *, *, #1369, .F. ) ;
#1180 = DIRECTION ( 'NONE',  ( 1.000000000000000000, -0.000000000000000000, -0.000000000000000000 ) ) ;
#1181 = CIRCLE ( 'NONE', #1100, 0.8499999999999999778 ) ;
#1182 = EDGE_CURVE ( 'NONE', #2453, #1999, #1565, .T. ) ;
#1183 = CIRCLE ( 'NONE', #902, 0.1239999999999999575 ) ;
#1184 = VERTEX_POINT ( 'NONE', #610 ) ;
#1185 = LINE ( 'NONE', #1616, #1548 ) ;
#1186 = CYLINDRICAL_SURFACE ( 'NONE', #145, 0.3533307099999999923 ) ;
#1187 = VECTOR ( 'NONE', #358, 39.37007874015748143 ) ;
#1188 = ORIENTED_EDGE ( 'NONE', *, *, #716, .T. ) ;
#1189 = DIRECTION ( 'NONE',  ( -1.000000000000000000, 0.000000000000000000, 0.000000000000000000 ) ) ;
#1190 = AXIS2_PLACEMENT_3D ( 'NONE', #2383, #71, #1008 ) ;
#1191 = DIRECTION ( 'NONE',  ( 0.000000000000000000, 0.000000000000000000, 1.000000000000000000 ) ) ;
#1192 = FACE_OUTER_BOUND ( 'NONE', #244, .T. ) ;
#1193 = VERTEX_POINT ( 'NONE', #1945 ) ;
#1194 = VERTEX_POINT ( 'NONE', #2149 ) ;
#1195 = FACE_OUTER_BOUND ( 'NONE', #1806, .T. ) ;
#1196 = ADVANCED_FACE ( 'NONE', ( #1195 ), #810, .F. ) ;
#1197 = VERTEX_POINT ( 'NONE', #626 ) ;
#1198 = DIRECTION ( 'NONE',  ( 0.000000000000000000, 0.000000000000000000, 1.000000000000000000 ) ) ;
#1199 = EDGE_CURVE ( 'NONE', #1184, #798, #1142, .T. ) ;
#1200 = CARTESIAN_POINT ( 'NONE',  ( 0.2074803200000000236, 0.000000000000000000, 0.4826614149999999825 ) ) ;
#1201 = VERTEX_POINT ( 'NONE', #1207 ) ;
#1202 = DIRECTION ( 'NONE',  ( 1.000000000000000000, 0.000000000000000000, 0.000000000000000000 ) ) ;
#1203 = CARTESIAN_POINT ( 'NONE',  ( 0.6233070900000000636, 0.000000000000000000, 0.000000000000000000 ) ) ;
#1204 = DIRECTION ( 'NONE',  ( 0.000000000000000000, 0.000000000000000000, 1.000000000000000000 ) ) ;
#1205 = EDGE_LOOP ( 'NONE', ( #667, #2376, #1935, #1147 ) ) ;
#1206 = ORIENTED_EDGE ( 'NONE', *, *, #176, .F. ) ;
#1207 = CARTESIAN_POINT ( 'NONE',  ( 0.1000000000000000194, -0.6692913385826771977, 0.06496062999999993592 ) ) ;
#1208 = EDGE_LOOP ( 'NONE', ( #205, #265 ) ) ;
#1209 = DIRECTION ( 'NONE',  ( 0.000000000000000000, 0.000000000000000000, 1.000000000000000000 ) ) ;
#1210 = DIRECTION ( 'NONE',  ( 0.000000000000000000, 0.000000000000000000, -1.000000000000000000 ) ) ;
#1211 = EDGE_CURVE ( 'NONE', #1855, #822, #1469, .T. ) ;
#1212 = ORIENTED_EDGE ( 'NONE', *, *, #858, .F. ) ;
#1213 = DIRECTION ( 'NONE',  ( -0.000000000000000000, 0.000000000000000000, 1.000000000000000000 ) ) ;
#1214 = CARTESIAN_POINT ( 'NONE',  ( 0.1000000000000000056, 0.000000000000000000, 0.000000000000000000 ) ) ;
#1215 = FACE_OUTER_BOUND ( 'NONE', #2311, .T. ) ;
#1216 = ORIENTED_EDGE ( 'NONE', *, *, #1637, .T. ) ;
#1217 = AXIS2_PLACEMENT_3D ( 'NONE', #477, #467, #1269 ) ;
#1218 = ADVANCED_FACE ( 'NONE', ( #1451 ), #124, .F. ) ;
#1219 = EDGE_LOOP ( 'NONE', ( #1252, #449, #1776, #98 ) ) ;
#1220 = AXIS2_PLACEMENT_3D ( 'NONE', #1203, #986, #1785 ) ;
#1221 = CARTESIAN_POINT ( 'NONE',  ( 0.8300000000000000711, 0.000000000000000000, 0.4901417299999999422 ) ) ;
#1222 = AXIS2_PLACEMENT_3D ( 'NONE', #1417, #2192, #800 ) ;
#1223 = ORIENTED_EDGE ( 'NONE', *, *, #15, .T. ) ;
#1224 = PLANE ( 'NONE',  #157 ) ;
#1225 = FACE_OUTER_BOUND ( 'NONE', #296, .T. ) ;
#1226 = VECTOR ( 'NONE', #1933, 39.37007874015748143 ) ;
#1227 = AXIS2_PLACEMENT_3D ( 'NONE', #1556, #1170, #1567 ) ;
#1228 = EDGE_LOOP ( 'NONE', ( #298, #1014, #529, #122 ) ) ;
#1229 = CARTESIAN_POINT ( 'NONE',  ( 0.000000000000000000, 7.955382760009552887E-18, 0.6043307085826772340 ) ) ;
#1230 = AXIS2_PLACEMENT_3D ( 'NONE', #1885, #168, #1695 ) ;
#1231 = ADVANCED_FACE ( 'NONE', ( #685 ), #1270, .F. ) ;
#1232 = AXIS2_PLACEMENT_3D ( 'NONE', #1598, #846, #1049 ) ;
#1233 = DIRECTION ( 'NONE',  ( 1.000000000000000000, 0.000000000000000000, 0.000000000000000000 ) ) ;
#1234 = ADVANCED_FACE ( 'NONE', ( #664 ), #1864, .F. ) ;
#1235 = ORIENTED_EDGE ( 'NONE', *, *, #2127, .F. ) ;
#1236 = VECTOR ( 'NONE', #566, 39.37007874015748143 ) ;
#1237 = EDGE_CURVE ( 'NONE', #484, #2204, #1987, .T. ) ;
#1238 = PLANE ( 'NONE',  #2218 ) ;
#1239 = DIRECTION ( 'NONE',  ( -1.000000000000000000, -0.000000000000000000, -0.000000000000000000 ) ) ;
#1240 = EDGE_LOOP ( 'NONE', ( #138, #281 ) ) ;
#1241 = CARTESIAN_POINT ( 'NONE',  ( 0.8300000000000000711, -0.1239999999999999436, -0.3661417299999999431 ) ) ;
#1242 = DIRECTION ( 'NONE',  ( -1.000000000000000000, -0.000000000000000000, -0.000000000000000000 ) ) ;
#1243 = ORIENTED_EDGE ( 'NONE', *, *, #351, .T. ) ;
#1244 = DIRECTION ( 'NONE',  ( -1.000000000000000000, -0.000000000000000000, -0.000000000000000000 ) ) ;
#1245 = ORIENTED_EDGE ( 'NONE', *, *, #283, .F. ) ;
#1246 = EDGE_CURVE ( 'NONE', #120, #362, #1022, .T. ) ;
#1247 = LINE ( 'NONE', #876, #807 ) ;
#1248 = DIRECTION ( 'NONE',  ( 0.000000000000000000, 0.000000000000000000, 1.000000000000000000 ) ) ;
#1249 = ORIENTED_EDGE ( 'NONE', *, *, #2165, .T. ) ;
#1250 = SECURITY_CLASSIFICATION_LEVEL ( 'unclassified' ) ;
#1251 = DIRECTION ( 'NONE',  ( -1.000000000000000000, -0.000000000000000000, -0.000000000000000000 ) ) ;
#1252 = ORIENTED_EDGE ( 'NONE', *, *, #2133, .F. ) ;
#1253 = CARTESIAN_POINT ( 'NONE',  ( 0.8300000000000000711, 0.3484132424996266852, 0.1500000000000014100 ) ) ;
#1254 = EDGE_LOOP ( 'NONE', ( #361, #2173 ) ) ;
#1255 = CARTESIAN_POINT ( 'NONE',  ( 0.8300000000000000711, -0.6692913385826771977, -0.06496062999999993592 ) ) ;
#1256 = DIRECTION ( 'NONE',  ( -0.000000000000000000, -0.000000000000000000, 1.000000000000000000 ) ) ;
#1257 = CIRCLE ( 'NONE', #1581, 0.06496062999999997756 ) ;
#1258 = ORIENTED_EDGE ( 'NONE', *, *, #1211, .F. ) ;
#1259 = CARTESIAN_POINT ( 'NONE',  ( 0.1000000000000000056, -0.1239999999999999436, 0.3661417299999999431 ) ) ;
#1260 = EDGE_CURVE ( 'NONE', #1048, #1855, #2007, .T. ) ;
#1261 = CIRCLE ( 'NONE', #809, 0.06496062999999993592 ) ;
#1262 = ORIENTED_EDGE ( 'NONE', *, *, #824, .F. ) ;
#1263 = DIRECTION ( 'NONE',  ( 1.000000000000000000, -0.000000000000000000, -0.000000000000000000 ) ) ;
#1264 = CIRCLE ( 'NONE', #697, 0.5167322850000001244 ) ;
#1265 = LINE ( 'NONE', #1686, #1353 ) ;
#1266 = AXIS2_PLACEMENT_3D ( 'NONE', #1312, #1734, #560 ) ;
#1267 = VERTEX_POINT ( 'NONE', #316 ) ;
#1268 = CIRCLE ( 'NONE', #2107, 0.05905511999999996792 ) ;
#1269 = DIRECTION ( 'NONE',  ( 0.000000000000000000, 0.000000000000000000, -1.000000000000000000 ) ) ;
#1270 = CYLINDRICAL_SURFACE ( 'NONE', #1545, 0.05905511999999996792 ) ;
#1271 = VECTOR ( 'NONE', #2247, 39.37007874015748143 ) ;
#1272 = ORIENTED_EDGE ( 'NONE', *, *, #594, .F. ) ;
#1273 = COORDINATED_UNIVERSAL_TIME_OFFSET ( 8, 0, .BEHIND. ) ;
#1274 = LOCAL_TIME ( 21, 0, 22.00000000000000000, #308 ) ;
#1275 = LINE ( 'NONE', #1857, #863 ) ;
#1276 = EDGE_CURVE ( 'NONE', #153, #760, #1709, .T. ) ;
#1277 = ORIENTED_EDGE ( 'NONE', *, *, #1309, .F. ) ;
#1278 = CARTESIAN_POINT ( 'NONE',  ( 0.2074803200000000236, 0.000000000000000000, -0.3842362200000000172 ) ) ;
#1279 = CARTESIAN_POINT ( 'NONE',  ( 0.8300000000000000711, -0.3661417299999998876, 1.434220196673738239E-15 ) ) ;
#1280 = CC_DESIGN_PERSON_AND_ORGANIZATION_ASSIGNMENT ( #2356, #2177, ( #1704 ) ) ;
#1281 = EDGE_CURVE ( 'NONE', #2442, #1197, #2404, .T. ) ;
#1282 = CARTESIAN_POINT ( 'NONE',  ( 0.8300000000000000711, 0.1397187338193628947, -0.3245323805863108979 ) ) ;
#1283 = ORIENTED_EDGE ( 'NONE', *, *, #922, .F. ) ;
#1284 = DIRECTION ( 'NONE',  ( 0.000000000000000000, 0.000000000000000000, 1.000000000000000000 ) ) ;
#1285 = DIRECTION ( 'NONE',  ( 1.000000000000000000, -0.000000000000000000, -0.000000000000000000 ) ) ;
#1286 = ORIENTED_EDGE ( 'NONE', *, *, #2458, .T. ) ;
#1287 = DIRECTION ( 'NONE',  ( -1.000000000000000000, -0.000000000000000000, -0.000000000000000000 ) ) ;
#1288 = ORIENTED_EDGE ( 'NONE', *, *, #2133, .T. ) ;
#1289 = LINE ( 'NONE', #2050, #2112 ) ;
#1290 = CARTESIAN_POINT ( 'NONE',  ( 0.8300000000000000711, 0.000000000000000000, 0.6692913385826771977 ) ) ;
#1291 = ADVANCED_FACE ( 'NONE', ( #1853 ), #676, .F. ) ;
#1292 = DIRECTION ( 'NONE',  ( -0.7071067811865499042, 0.000000000000000000, 0.7071067811865450192 ) ) ;
#1293 = EDGE_CURVE ( 'NONE', #1644, #1563, #1433, .T. ) ;
#1294 = CARTESIAN_POINT ( 'NONE',  ( 0.8300000000000000711, 0.000000000000000000, 0.3251811000000000562 ) ) ;
#1295 = DIRECTION ( 'NONE',  ( 1.000000000000000000, 0.000000000000000000, 0.000000000000000000 ) ) ;
#1296 = EDGE_CURVE ( 'NONE', #505, #1882, #146, .T. ) ;
#1297 = ORIENTED_EDGE ( 'NONE', *, *, #903, .T. ) ;
#1298 = DATE_AND_TIME ( #879, #1033 ) ;
#1299 = CARTESIAN_POINT ( 'NONE',  ( 0.2074803200000000236, -0.3842362200000000172, 0.000000000000000000 ) ) ;
#1300 = CIRCLE ( 'NONE', #1501, 0.1084251950000002102 ) ;
#1301 = ORIENTED_EDGE ( 'NONE', *, *, #129, .F. ) ;
#1302 = CARTESIAN_POINT ( 'NONE',  ( 0.8300000000000000711, 0.1239999999999999436, -0.3661417299999999431 ) ) ;
#1303 = CARTESIAN_POINT ( 'NONE',  ( 0.1000000000000000194, -0.6692913385826771977, 0.000000000000000000 ) ) ;
#1304 = CONICAL_SURFACE ( 'NONE', #857, 0.8499999999999999778, 0.7853981633974496113 ) ;
#1305 = AXIS2_PLACEMENT_3D ( 'NONE', #1037, #471, #1430 ) ;
#1306 = DIRECTION ( 'NONE',  ( 0.000000000000000000, 0.000000000000000000, 1.000000000000000000 ) ) ;
#1307 = AXIS2_PLACEMENT_3D ( 'NONE', #1044, #990, #429 ) ;
#1308 = EDGE_CURVE ( 'NONE', #320, #1328, #2018, .T. ) ;
#1309 = EDGE_CURVE ( 'NONE', #565, #1644, #1064, .T. ) ;
#1310 = CIRCLE ( 'NONE', #422, 0.02600000000000000921 ) ;
#1311 = DIRECTION ( 'NONE',  ( 0.000000000000000000, 0.000000000000000000, 1.000000000000000000 ) ) ;
#1312 = CARTESIAN_POINT ( 'NONE',  ( 0.8300000000000000711, -0.3484132424996279065, -0.1499999999999985234 ) ) ;
#1313 = EDGE_LOOP ( 'NONE', ( #1243, #1680 ) ) ;
#1314 = PRODUCT_RELATED_PRODUCT_CATEGORY ( 'detail', '', ( #1704 ) ) ;
#1315 = AXIS2_PLACEMENT_3D ( 'NONE', #39, #400, #1610 ) ;
#1316 = AXIS2_PLACEMENT_3D ( 'NONE', #1408, #1781, #802 ) ;
#1317 = ORIENTED_EDGE ( 'NONE', *, *, #980, .F. ) ;
#1318 = DIRECTION ( 'NONE',  ( 1.000000000000000000, 0.000000000000000000, 0.000000000000000000 ) ) ;
#1319 = ORIENTED_EDGE ( 'NONE', *, *, #1309, .T. ) ;
#1320 = DIRECTION ( 'NONE',  ( 0.000000000000000000, 0.000000000000000000, 1.000000000000000000 ) ) ;
#1321 = LINE ( 'NONE', #2066, #1059 ) ;
#1322 = CARTESIAN_POINT ( 'NONE',  ( 0.8300000000000000711, 0.1239999999999999158, -0.3484132424996274069 ) ) ;
#1323 = LOCAL_TIME ( 21, 0, 22.00000000000000000, #2036 ) ;
#1324 = CARTESIAN_POINT ( 'NONE',  ( 0.8300000000000000711, -0.3484132424996266852, 0.1240000000000014146 ) ) ;
#1325 = FACE_OUTER_BOUND ( 'NONE', #2096, .T. ) ;
#1326 = ORIENTED_EDGE ( 'NONE', *, *, #1854, .T. ) ;
#1327 = ADVANCED_FACE ( 'NONE', ( #103 ), #2058, .F. ) ;
#1328 = VERTEX_POINT ( 'NONE', #1626 ) ;
#1329 = CARTESIAN_POINT ( 'NONE',  ( 0.1000000000000000194, 7.955382760009552887E-18, -0.7342519685826771614 ) ) ;
#1330 = VERTEX_POINT ( 'NONE', #478 ) ;
#1331 = FACE_OUTER_BOUND ( 'NONE', #1851, .T. ) ;
#1332 = CARTESIAN_POINT ( 'NONE',  ( 0.1000000000000000056, 0.000000000000000000, 0.2421259849999999880 ) ) ;
#1333 = EDGE_CURVE ( 'NONE', #275, #1975, #1310, .T. ) ;
#1334 = DIRECTION ( 'NONE',  ( 1.000000000000000000, -0.000000000000000000, -0.000000000000000000 ) ) ;
#1335 = CARTESIAN_POINT ( 'NONE',  ( 0.8300000000000000711, -0.3661417300000002761, -0.1239999999999985281 ) ) ;
#1336 = LINE ( 'NONE', #950, #2470 ) ;
#1337 = EDGE_LOOP ( 'NONE', ( #2035, #391 ) ) ;
#1338 = ORIENTED_EDGE ( 'NONE', *, *, #2473, .F. ) ;
#1339 = CYLINDRICAL_SURFACE ( 'NONE', #1591, 0.09842519499999997923 ) ;
#1340 = EDGE_LOOP ( 'NONE', ( #364, #1699, #2206, #2145 ) ) ;
#1341 = CARTESIAN_POINT ( 'NONE',  ( 0.8300000000000000711, 0.000000000000000000, 0.3661417299999999431 ) ) ;
#1342 = CIRCLE ( 'NONE', #258, 0.05905511999999997486 ) ;
#1343 = CIRCLE ( 'NONE', #2341, 0.3533307099999999923 ) ;
#1344 = ADVANCED_FACE ( 'NONE', ( #305 ), #2414, .F. ) ;
#1345 = DIRECTION ( 'NONE',  ( 0.000000000000000000, 0.000000000000000000, 1.000000000000000000 ) ) ;
#1346 = CIRCLE ( 'NONE', #736, 0.2411417299999999986 ) ;
#1347 = DIRECTION ( 'NONE',  ( 0.000000000000000000, 0.000000000000000000, -1.000000000000000000 ) ) ;
#1348 = VECTOR ( 'NONE', #753, 39.37007874015748143 ) ;
#1349 = FACE_OUTER_BOUND ( 'NONE', #1899, .T. ) ;
#1350 = ORIENTED_EDGE ( 'NONE', *, *, #162, .F. ) ;
#1351 = VERTEX_POINT ( 'NONE', #2109 ) ;
#1352 = CARTESIAN_POINT ( 'NONE',  ( 0.06000000000000028227, 0.000000000000000000, 0.4826614149999999825 ) ) ;
#1353 = VECTOR ( 'NONE', #2249, 39.37007874015748143 ) ;
#1354 = CIRCLE ( 'NONE', #547, 0.1084251950000002102 ) ;
#1355 = EDGE_LOOP ( 'NONE', ( #927, #475, #1159, #1604 ) ) ;
#1356 = DIRECTION ( 'NONE',  ( 0.000000000000000000, 0.000000000000000000, 1.000000000000000000 ) ) ;
#1357 = VECTOR ( 'NONE', #835, 39.37007874015748143 ) ;
#1358 = EDGE_CURVE ( 'NONE', #762, #2038, #1362, .T. ) ;
#1359 = DIRECTION ( 'NONE',  ( 0.000000000000000000, 0.000000000000000000, 1.000000000000000000 ) ) ;
#1360 = EDGE_CURVE ( 'NONE', #362, #1644, #912, .T. ) ;
#1361 = CARTESIAN_POINT ( 'NONE',  ( 0.8300000000000000711, 0.3245323805863101763, 0.1397187338193643935 ) ) ;
#1362 = LINE ( 'NONE', #925, #1549 ) ;
#1363 = ORIENTED_EDGE ( 'NONE', *, *, #382, .F. ) ;
#1364 = EDGE_LOOP ( 'NONE', ( #1648, #1317, #1798, #2352 ) ) ;
#1365 = CARTESIAN_POINT ( 'NONE',  ( 0.05000000000000000278, 0.000000000000000000, 0.000000000000000000 ) ) ;
#1366 = VERTEX_POINT ( 'NONE', #2120 ) ;
#1367 = CARTESIAN_POINT ( 'NONE',  ( 0.8300000000000000711, 0.000000000000000000, -0.3842362200000000172 ) ) ;
#1368 = DIRECTION ( 'NONE',  ( -1.000000000000000000, -0.000000000000000000, -0.000000000000000000 ) ) ;
#1369 = EDGE_CURVE ( 'NONE', #2176, #420, #1793, .T. ) ;
#1370 = DIRECTION ( 'NONE',  ( 1.000000000000000000, 0.000000000000000000, 0.000000000000000000 ) ) ;
#1371 = LINE ( 'NONE', #1029, #699 ) ;
#1372 = VERTEX_POINT ( 'NONE', #1688 ) ;
#1373 = ORIENTED_EDGE ( 'NONE', *, *, #132, .T. ) ;
#1374 = ADVANCED_FACE ( 'NONE', ( #1325 ), #2083, .F. ) ;
#1375 = CARTESIAN_POINT ( 'NONE',  ( 0.06000000000000028227, 0.000000000000000000, 0.3842362200000000172 ) ) ;
#1376 = ORIENTED_EDGE ( 'NONE', *, *, #795, .F. ) ;
#1377 = APPLICATION_PROTOCOL_DEFINITION ( 'international standard', 'config_control_design', 1994, #2004 ) ;
#1378 = DIRECTION ( 'NONE',  ( 1.000000000000000000, 0.000000000000000000, 0.000000000000000000 ) ) ;
#1379 = EDGE_LOOP ( 'NONE', ( #554, #1730, #625, #2226 ) ) ;
#1380 = CARTESIAN_POINT ( 'NONE',  ( 0.1000000000000000056, 0.000000000000000000, 0.3661417299999999431 ) ) ;
#1381 = DIRECTION ( 'NONE',  ( 1.000000000000000000, 0.000000000000000000, 0.000000000000000000 ) ) ;
#1382 = DIRECTION ( 'NONE',  ( 1.000000000000000000, 0.000000000000000000, 0.000000000000000000 ) ) ;
#1383 = AXIS2_PLACEMENT_3D ( 'NONE', #399, #596, #1967 ) ;
#1384 = VERTEX_POINT ( 'NONE', #372 ) ;
#1385 = EDGE_CURVE ( 'NONE', #2367, #1574, #1834, .T. ) ;
#1386 = ADVANCED_FACE ( 'NONE', ( #2261 ), #2094, .F. ) ;
#1387 = AXIS2_PLACEMENT_3D ( 'NONE', #1299, #309, #2061 ) ;
#1388 = ORIENTED_EDGE ( 'NONE', *, *, #1409, .F. ) ;
#1389 = DIRECTION ( 'NONE',  ( 0.000000000000000000, 0.000000000000000000, 1.000000000000000000 ) ) ;
#1390 = VECTOR ( 'NONE', #81, 39.37007874015748143 ) ;
#1391 = AXIS2_PLACEMENT_3D ( 'NONE', #868, #2392, #525 ) ;
#1392 = EDGE_LOOP ( 'NONE', ( #1007, #2005, #1452, #171 ) ) ;
#1393 = CARTESIAN_POINT ( 'NONE',  ( 0.8300000000000000711, 2.953134477853552897E-17, -0.2411417299999999986 ) ) ;
#1394 = DIRECTION ( 'NONE',  ( 1.000000000000000000, 0.000000000000000000, 0.000000000000000000 ) ) ;
#1395 = CIRCLE ( 'NONE', #386, 0.09842519499999997923 ) ;
#1396 = EDGE_LOOP ( 'NONE', ( #1659, #2078 ) ) ;
#1397 = LINE ( 'NONE', #1024, #1357 ) ;
#1398 = CIRCLE ( 'NONE', #156, 0.02600000000000002656 ) ;
#1399 = DIRECTION ( 'NONE',  ( 0.000000000000000000, 0.000000000000000000, 1.000000000000000000 ) ) ;
#1400 = CARTESIAN_POINT ( 'NONE',  ( 0.000000000000000000, 0.000000000000000000, 0.5167322850000001244 ) ) ;
#1401 = ORIENTED_EDGE ( 'NONE', *, *, #1691, .T. ) ;
#1402 = ORIENTED_EDGE ( 'NONE', *, *, #459, .T. ) ;
#1403 = CARTESIAN_POINT ( 'NONE',  ( 0.2074803200000000236, 0.3842362200000000172, 0.000000000000000000 ) ) ;
#1404 = ADVANCED_FACE ( 'NONE', ( #1349 ), #194, .T. ) ;
#1405 = ORIENTED_EDGE ( 'NONE', *, *, #672, .T. ) ;
#1406 = CARTESIAN_POINT ( 'NONE',  ( 0.1000000000000000056, 2.965188125206500253E-17, -0.2421259849999999880 ) ) ;
#1407 = VERTEX_POINT ( 'NONE', #571 ) ;
#1408 = CARTESIAN_POINT ( 'NONE',  ( 0.2074803200000000236, 0.3842362200000000172, 0.000000000000000000 ) ) ;
#1409 = EDGE_CURVE ( 'NONE', #172, #1499, #464, .T. ) ;
#1410 = PLANE ( 'NONE',  #1383 ) ;
#1411 = DIRECTION ( 'NONE',  ( 0.000000000000000000, -1.926171080307084718E-15, 1.000000000000000000 ) ) ;
#1412 = ORIENTED_EDGE ( 'NONE', *, *, #984, .T. ) ;
#1413 = CARTESIAN_POINT ( 'NONE',  ( 0.8300000000000000711, 0.3245323805863101763, 0.1397187338193643935 ) ) ;
#1414 = CARTESIAN_POINT ( 'NONE',  ( 0.2074803200000000236, -0.3842362200000000172, 0.09842519499999997923 ) ) ;
#1415 = ORIENTED_EDGE ( 'NONE', *, *, #1963, .F. ) ;
#1416 = APPROVAL_ROLE ( '' ) ;
#1417 = CARTESIAN_POINT ( 'NONE',  ( 0.8300000000000000711, 0.1499999999999999112, -0.3484132424996274069 ) ) ;
#1418 = ADVANCED_FACE ( 'NONE', ( #2310 ), #160, .F. ) ;
#1419 = VERTEX_POINT ( 'NONE', #1522 ) ;
#1420 = LINE ( 'NONE', #1620, #1875 ) ;
#1421 = DIRECTION ( 'NONE',  ( 0.000000000000000000, 0.000000000000000000, -1.000000000000000000 ) ) ;
#1422 = CARTESIAN_POINT ( 'NONE',  ( 0.8300000000000000711, 0.000000000000000000, 0.6692913385826771977 ) ) ;
#1423 = ORIENTED_EDGE ( 'NONE', *, *, #132, .F. ) ;
#1424 = CLOSED_SHELL ( 'NONE', ( #2146, #578, #2322, #916, #2056, #859, #1101, #1063, #1291, #1850, #507, #1560, #2351, #1821, #1344, #2151, #830, #1234, #1327, #612, #1448, #2457, #991, #654, #1931, #1231, #1592, #2349, #592, #479, #1966, #164, #2291, #1535, #1386, #2258, #1027, #1218, #474, #1558, #1374, #1404, #1893, #2456, #2053, #237, #720, #6, #206, #1009, #337, #476, #2235, #673, #1554, #1196, #662, #847, #1418, #584, #2167, #2415, #841, #1155, #1152, #32, #1614, #1817, #368, #2118, #630, #2245, #94, #1537, #1461, #1045, #398 ) ) ;
#1425 = DIRECTION ( 'NONE',  ( 0.000000000000000000, 1.000000000000000000, 9.630855401535498532E-16 ) ) ;
#1426 = AXIS2_PLACEMENT_3D ( 'NONE', #894, #2373, #546 ) ;
#1427 = CARTESIAN_POINT ( 'NONE',  ( 0.6233070900000000636, 0.000000000000000000, 0.2411417299999999986 ) ) ;
#1428 = AXIS2_PLACEMENT_3D ( 'NONE', #1668, #1287, #1655 ) ;
#1429 = ORIENTED_EDGE ( 'NONE', *, *, #1296, .F. ) ;
#1430 = DIRECTION ( 'NONE',  ( 0.000000000000000000, 0.000000000000000000, 1.000000000000000000 ) ) ;
#1431 = AXIS2_PLACEMENT_3D ( 'NONE', #1700, #740, #2123 ) ;
#1432 = CIRCLE ( 'NONE', #985, 0.1084251950000002102 ) ;
#1433 = CIRCLE ( 'NONE', #1391, 0.02599999999999993983 ) ;
#1434 = ORIENTED_EDGE ( 'NONE', *, *, #1385, .F. ) ;
#1435 = CARTESIAN_POINT ( 'NONE',  ( 0.06000000000000028227, 0.000000000000000000, -0.3842362200000000172 ) ) ;
#1436 = AXIS2_PLACEMENT_3D ( 'NONE', #324, #1087, #1306 ) ;
#1437 = AXIS2_PLACEMENT_3D ( 'NONE', #1278, #1061, #893 ) ;
#1438 = DIRECTION ( 'NONE',  ( 0.000000000000000000, 0.000000000000000000, -1.000000000000000000 ) ) ;
#1439 = ORIENTED_EDGE ( 'NONE', *, *, #1682, .T. ) ;
#1440 = AXIS2_PLACEMENT_3D ( 'NONE', #591, #2102, #789 ) ;
#1441 = DIRECTION ( 'NONE',  ( -1.000000000000000000, 0.000000000000000000, -0.000000000000000000 ) ) ;
#1442 = DIRECTION ( 'NONE',  ( 1.000000000000000000, -0.000000000000000000, -0.000000000000000000 ) ) ;
#1443 = VERTEX_POINT ( 'NONE', #2450 ) ;
#1444 = DATE_AND_TIME ( #1856, #2405 ) ;
#1445 = DIRECTION ( 'NONE',  ( 0.000000000000000000, 0.000000000000000000, 1.000000000000000000 ) ) ;
#1446 = ORIENTED_EDGE ( 'NONE', *, *, #523, .F. ) ;
#1447 = DIRECTION ( 'NONE',  ( -1.000000000000000000, 0.000000000000000000, 0.000000000000000000 ) ) ;
#1448 = ADVANCED_FACE ( 'NONE', ( #1920 ), #23, .F. ) ;
#1449 = EDGE_LOOP ( 'NONE', ( #25, #2282, #1467, #1612 ) ) ;
#1450 = DIRECTION ( 'NONE',  ( 0.000000000000000000, 0.000000000000000000, -1.000000000000000000 ) ) ;
#1451 = FACE_OUTER_BOUND ( 'NONE', #220, .T. ) ;
#1452 = ORIENTED_EDGE ( 'NONE', *, *, #2008, .F. ) ;
#1453 = CARTESIAN_POINT ( 'NONE',  ( 0.1000000000000000194, 0.000000000000000000, 0.6692913385826771977 ) ) ;
#1454 = ORIENTED_EDGE ( 'NONE', *, *, #2044, .F. ) ;
#1455 = CARTESIAN_POINT ( 'NONE',  ( 0.1000000000000001582, 0.000000000000000000, 0.000000000000000000 ) ) ;
#1456 = CARTESIAN_POINT ( 'NONE',  ( 0.1000000000000000056, -0.3245323805863101763, 0.1397187338193645045 ) ) ;
#1457 = EDGE_LOOP ( 'NONE', ( #2095, #1143, #1611, #861 ) ) ;
#1458 = CARTESIAN_POINT ( 'NONE',  ( 0.8300000000000000711, -0.3842362200000000172, -0.05905511999999996792 ) ) ;
#1459 = DIRECTION ( 'NONE',  ( 0.000000000000000000, 0.000000000000000000, -1.000000000000000000 ) ) ;
#1460 = EDGE_CURVE ( 'NONE', #1656, #438, #2147, .T. ) ;
#1461 = ADVANCED_FACE ( 'NONE', ( #3 ), #306, .F. ) ;
#1462 = AXIS2_PLACEMENT_3D ( 'NONE', #735, #1710, #911 ) ;
#1463 = ORIENTED_EDGE ( 'NONE', *, *, #460, .T. ) ;
#1464 = PERSON_AND_ORGANIZATION ( #1631, #346 ) ;
#1465 = DIRECTION ( 'NONE',  ( -0.000000000000000000, -1.000000000000000000, -0.000000000000000000 ) ) ;
#1466 = AXIS2_PLACEMENT_3D ( 'NONE', #336, #1678, #2046 ) ;
#1467 = ORIENTED_EDGE ( 'NONE', *, *, #286, .F. ) ;
#1468 = CARTESIAN_POINT ( 'NONE',  ( 0.05000000000000000278, 6.328145388413480154E-17, -0.5167322850000001244 ) ) ;
#1469 = CIRCLE ( 'NONE', #378, 0.1084251950000002102 ) ;
#1470 = CARTESIAN_POINT ( 'NONE',  ( 0.2074803200000000236, 0.000000000000000000, -0.2858110250000000518 ) ) ;
#1471 = AXIS2_PLACEMENT_3D ( 'NONE', #901, #887, #1068 ) ;
#1472 = ORIENTED_EDGE ( 'NONE', *, *, #366, .T. ) ;
#1473 = AXIS2_PLACEMENT_3D ( 'NONE', #313, #2052, #2459 ) ;
#1474 = DIRECTION ( 'NONE',  ( 0.000000000000000000, 0.000000000000000000, 1.000000000000000000 ) ) ;
#1475 = DIRECTION ( 'NONE',  ( 1.000000000000000000, 0.000000000000000000, 0.000000000000000000 ) ) ;
#1476 = AXIS2_PLACEMENT_3D ( 'NONE', #108, #1202, #250 ) ;
#1477 = VERTEX_POINT ( 'NONE', #723 ) ;
#1478 = APPROVAL_DATE_TIME ( #2213, #828 ) ;
#1479 = EDGE_CURVE ( 'NONE', #1594, #970, #2350, .T. ) ;
#1480 = DIRECTION ( 'NONE',  ( 0.000000000000000000, 1.926171080307084718E-15, -1.000000000000000000 ) ) ;
#1481 = ORIENTED_EDGE ( 'NONE', *, *, #750, .T. ) ;
#1482 = DIRECTION ( 'NONE',  ( 0.000000000000000000, 0.000000000000000000, 1.000000000000000000 ) ) ;
#1483 = FACE_OUTER_BOUND ( 'NONE', #1769, .T. ) ;
#1484 = DIRECTION ( 'NONE',  ( -1.000000000000000000, -0.000000000000000000, -0.000000000000000000 ) ) ;
#1485 = DIRECTION ( 'NONE',  ( -1.000000000000000000, 0.000000000000000000, 0.000000000000000000 ) ) ;
#1486 = DIRECTION ( 'NONE',  ( 0.000000000000000000, 0.000000000000000000, 1.000000000000000000 ) ) ;
#1487 = ORIENTED_EDGE ( 'NONE', *, *, #251, .T. ) ;
#1488 = APPROVAL_DATE_TIME ( #2253, #1046 ) ;
#1489 = DIRECTION ( 'NONE',  ( 0.000000000000000000, 1.926171080307084718E-15, -1.000000000000000000 ) ) ;
#1490 = ORIENTED_EDGE ( 'NONE', *, *, #995, .F. ) ;
#1491 = CARTESIAN_POINT ( 'NONE',  ( 0.8300000000000000711, 0.000000000000000000, -0.3842362200000000172 ) ) ;
#1492 = FACE_OUTER_BOUND ( 'NONE', #1898, .T. ) ;
#1493 = EDGE_CURVE ( 'NONE', #943, #905, #1145, .T. ) ;
#1494 = EDGE_CURVE ( 'NONE', #342, #2139, #1336, .T. ) ;
#1495 = DIRECTION ( 'NONE',  ( 0.000000000000000000, 0.000000000000000000, 1.000000000000000000 ) ) ;
#1496 = CC_DESIGN_PERSON_AND_ORGANIZATION_ASSIGNMENT ( #668, #1054, ( #751 ) ) ;
#1497 = DIRECTION ( 'NONE',  ( 0.000000000000000000, 0.000000000000000000, 1.000000000000000000 ) ) ;
#1498 = DIRECTION ( 'NONE',  ( 1.000000000000000000, 0.000000000000000000, 0.000000000000000000 ) ) ;
#1499 = VERTEX_POINT ( 'NONE', #213 ) ;
#1500 = CARTESIAN_POINT ( 'NONE',  ( 0.06000000000000031697, 0.3842362200000000172, -0.09842519499999997923 ) ) ;
#1501 = AXIS2_PLACEMENT_3D ( 'NONE', #2016, #1852, #515 ) ;
#1502 = VERTEX_POINT ( 'NONE', #1174 ) ;
#1503 = CYLINDRICAL_SURFACE ( 'NONE', #2193, 0.1239999999999999575 ) ;
#1504 = CARTESIAN_POINT ( 'NONE',  ( 0.2074803200000000236, 0.000000000000000000, -0.3842362200000000172 ) ) ;
#1505 = VECTOR ( 'NONE', #1531, 39.37007874015748143 ) ;
#1506 = VECTOR ( 'NONE', #2214, 39.37007874015748143 ) ;
#1507 = LINE ( 'NONE', #2272, #2472 ) ;
#1508 = CIRCLE ( 'NONE', #657, 0.05905511999999996792 ) ;
#1509 = AXIS2_PLACEMENT_3D ( 'NONE', #2441, #1442, #326 ) ;
#1510 = EDGE_CURVE ( 'NONE', #2155, #1030, #1751, .T. ) ;
#1511 = CARTESIAN_POINT ( 'NONE',  ( 0.8300000000000000711, -0.3484132424996279065, -0.1239999999999985142 ) ) ;
#1512 = DIRECTION ( 'NONE',  ( -1.000000000000000000, -0.000000000000000000, -0.000000000000000000 ) ) ;
#1513 = VERTEX_POINT ( 'NONE', #2374 ) ;
#1514 = AXIS2_PLACEMENT_3D ( 'NONE', #269, #597, #2334 ) ;
#1515 = AXIS2_PLACEMENT_3D ( 'NONE', #2329, #1519, #1356 ) ;
#1516 = EDGE_LOOP ( 'NONE', ( #842, #1108, #2269, #771 ) ) ;
#1517 = CARTESIAN_POINT ( 'NONE',  ( 0.8300000000000000711, 0.3661417299999994990, 0.1240000000000014008 ) ) ;
#1518 = EDGE_LOOP ( 'NONE', ( #2395, #1763 ) ) ;
#1519 = DIRECTION ( 'NONE',  ( -1.000000000000000000, 0.000000000000000000, 0.000000000000000000 ) ) ;
#1520 = CARTESIAN_POINT ( 'NONE',  ( 0.2074803200000000236, 0.000000000000000000, -0.3842362200000000172 ) ) ;
#1521 = CARTESIAN_POINT ( 'NONE',  ( 0.8300000000000000711, -0.1397187338193629780, 0.3245323805863108979 ) ) ;
#1522 = CARTESIAN_POINT ( 'NONE',  ( 0.2074803200000000236, -0.3842362200000000172, -0.09842519499999997923 ) ) ;
#1523 = ORIENTED_EDGE ( 'NONE', *, *, #283, .T. ) ;
#1524 = EDGE_LOOP ( 'NONE', ( #444, #561, #2427, #613 ) ) ;
#1525 = CARTESIAN_POINT ( 'NONE',  ( 0.000000000000000000, -0.6692913385826771977, 0.06496062999999993592 ) ) ;
#1526 = EDGE_CURVE ( 'NONE', #1499, #692, #1371, .T. ) ;
#1527 = ORIENTED_EDGE ( 'NONE', *, *, #1804, .T. ) ;
#1528 = CYLINDRICAL_SURFACE ( 'NONE', #2067, 0.06496062999999993592 ) ;
#1529 = DIRECTION ( 'NONE',  ( -1.000000000000000000, -0.000000000000000000, -0.000000000000000000 ) ) ;
#1530 = CYLINDRICAL_SURFACE ( 'NONE', #2394, 0.05905511999999997486 ) ;
#1531 = DIRECTION ( 'NONE',  ( -0.000000000000000000, -0.000000000000000000, 1.000000000000000000 ) ) ;
#1532 = CARTESIAN_POINT ( 'NONE',  ( 0.1000000000000000056, 0.000000000000000000, 0.000000000000000000 ) ) ;
#1533 = ORIENTED_EDGE ( 'NONE', *, *, #1163, .F. ) ;
#1534 = ORIENTED_EDGE ( 'NONE', *, *, #1034, .F. ) ;
#1535 = ADVANCED_FACE ( 'NONE', ( #229 ), #1748, .F. ) ;
#1536 = CARTESIAN_POINT ( 'NONE',  ( 0.8300000000000000711, -0.3484132424996266852, 0.1500000000000014100 ) ) ;
#1537 = ADVANCED_FACE ( 'NONE', ( #1192 ), #2106, .F. ) ;
#1538 = EDGE_LOOP ( 'NONE', ( #865, #1481, #130, #91 ) ) ;
#1539 = CARTESIAN_POINT ( 'NONE',  ( 0.8300000000000000711, 0.000000000000000000, 0.000000000000000000 ) ) ;
#1540 = CARTESIAN_POINT ( 'NONE',  ( 0.8300000000000000711, 0.3842362200000000172, 0.05905511999999996792 ) ) ;
#1541 = CIRCLE ( 'NONE', #109, 0.1084251950000002102 ) ;
#1542 = DIRECTION ( 'NONE',  ( -1.000000000000000000, -0.000000000000000000, -0.000000000000000000 ) ) ;
#1543 = CIRCLE ( 'NONE', #1305, 0.09842519499999997923 ) ;
#1544 = CARTESIAN_POINT ( 'NONE',  ( 0.06000000000000028227, 0.000000000000000000, -0.2858110250000000518 ) ) ;
#1545 = AXIS2_PLACEMENT_3D ( 'NONE', #501, #877, #1459 ) ;
#1546 = CARTESIAN_POINT ( 'NONE',  ( 0.8300000000000000711, 0.000000000000000000, -0.3661417299999999431 ) ) ;
#1547 = ORIENTED_EDGE ( 'NONE', *, *, #2215, .T. ) ;
#1548 = VECTOR ( 'NONE', #640, 39.37007874015748143 ) ;
#1549 = VECTOR ( 'NONE', #552, 39.37007874015748143 ) ;
#1550 = ORIENTED_EDGE ( 'NONE', *, *, #459, .F. ) ;
#1551 = DIRECTION ( 'NONE',  ( 0.000000000000000000, 0.000000000000000000, 1.000000000000000000 ) ) ;
#1552 = AXIS2_PLACEMENT_3D ( 'NONE', #1773, #61, #1802 ) ;
#1553 = CONICAL_SURFACE ( 'NONE', #781, 0.09842519499999997923, 0.7853981633974458365 ) ;
#1554 = ADVANCED_FACE ( 'NONE', ( #1929 ), #987, .F. ) ;
#1555 = EDGE_LOOP ( 'NONE', ( #1212, #1041, #1835, #796, #884, #1363, #2462, #24, #1964, #2246, #1534, #1141, #87, #1972, #1245, #972, #492, #1277, #1866, #2355, #292, #416, #1869, #1597, #80 ) ) ;
#1556 = CARTESIAN_POINT ( 'NONE',  ( 0.000000000000000000, -0.6692913385826771977, 0.000000000000000000 ) ) ;
#1557 = FACE_OUTER_BOUND ( 'NONE', #717, .T. ) ;
#1558 = ADVANCED_FACE ( 'NONE', ( #1215 ), #2347, .F. ) ;
#1559 = LINE ( 'NONE', #48, #1026 ) ;
#1560 = ADVANCED_FACE ( 'NONE', ( #425 ), #621, .F. ) ;
#1561 = DIRECTION ( 'NONE',  ( 0.000000000000000000, 0.000000000000000000, -1.000000000000000000 ) ) ;
#1562 = DIRECTION ( 'NONE',  ( 0.000000000000000000, -1.000000000000000000, -9.630855401535498532E-16 ) ) ;
#1563 = VERTEX_POINT ( 'NONE', #1000 ) ;
#1564 = EDGE_LOOP ( 'NONE', ( #926, #1035, #786, #1065 ) ) ;
#1565 = LINE ( 'NONE', #64, #2229 ) ;
#1566 = ORIENTED_EDGE ( 'NONE', *, *, #79, .T. ) ;
#1567 = DIRECTION ( 'NONE',  ( 0.000000000000000000, 0.000000000000000000, 1.000000000000000000 ) ) ;
#1568 = DIRECTION ( 'NONE',  ( 0.000000000000000000, 0.000000000000000000, -1.000000000000000000 ) ) ;
#1569 = DIRECTION ( 'NONE',  ( -1.000000000000000000, -0.000000000000000000, -0.000000000000000000 ) ) ;
#1570 = EDGE_CURVE ( 'NONE', #2115, #2038, #1183, .T. ) ;
#1571 = DIRECTION ( 'NONE',  ( 0.000000000000000000, 0.000000000000000000, 1.000000000000000000 ) ) ;
#1572 = DIRECTION ( 'NONE',  ( 0.000000000000000000, 0.000000000000000000, 1.000000000000000000 ) ) ;
#1573 = ORIENTED_EDGE ( 'NONE', *, *, #1881, .F. ) ;
#1574 = VERTEX_POINT ( 'NONE', #793 ) ;
#1575 = CARTESIAN_POINT ( 'NONE',  ( 0.000000000000000000, 0.000000000000000000, 0.000000000000000000 ) ) ;
#1576 = EDGE_LOOP ( 'NONE', ( #197, #1737 ) ) ;
#1577 = DIRECTION ( 'NONE',  ( -0.000000000000000000, -0.000000000000000000, -1.000000000000000000 ) ) ;
#1578 = CARTESIAN_POINT ( 'NONE',  ( 0.8300000000000000711, 0.6692913385826771977, 0.000000000000000000 ) ) ;
#1579 = EDGE_LOOP ( 'NONE', ( #590, #2264 ) ) ;
#1580 = CARTESIAN_POINT ( 'NONE',  ( 0.8300000000000000711, 0.000000000000000000, 0.000000000000000000 ) ) ;
#1581 = AXIS2_PLACEMENT_3D ( 'NONE', #102, #304, #1474 ) ;
#1582 = EDGE_CURVE ( 'NONE', #655, #1999, #1268, .T. ) ;
#1583 = DIRECTION ( 'NONE',  ( -1.000000000000000000, -0.000000000000000000, -0.000000000000000000 ) ) ;
#1584 = DIRECTION ( 'NONE',  ( -0.000000000000000000, 1.000000000000000000, 1.926171080307084718E-15 ) ) ;
#1585 = CIRCLE ( 'NONE', #1462, 0.1239999999999999575 ) ;
#1586 = ORIENTED_EDGE ( 'NONE', *, *, #1237, .F. ) ;
#1587 = EDGE_CURVE ( 'NONE', #1060, #1081, #1636, .T. ) ;
#1588 = AXIS2_PLACEMENT_3D ( 'NONE', #1578, #2369, #1810 ) ;
#1589 = VERTEX_POINT ( 'NONE', #1400 ) ;
#1590 = DIRECTION ( 'NONE',  ( 0.000000000000000000, 0.000000000000000000, 1.000000000000000000 ) ) ;
#1591 = AXIS2_PLACEMENT_3D ( 'NONE', #1729, #1239, #2188 ) ;
#1592 = ADVANCED_FACE ( 'NONE', ( #253 ), #90, .F. ) ;
#1593 = VECTOR ( 'NONE', #2211, 39.37007874015748143 ) ;
#1594 = VERTEX_POINT ( 'NONE', #2324 ) ;
#1595 = CARTESIAN_POINT ( 'NONE',  ( 0.1000000000000000194, 7.955382760009552887E-18, 0.6043307085826772340 ) ) ;
#1596 = AXIS2_PLACEMENT_3D ( 'NONE', #558, #421, #2126 ) ;
#1597 = ORIENTED_EDGE ( 'NONE', *, *, #411, .F. ) ;
#1598 = CARTESIAN_POINT ( 'NONE',  ( 0.1000000000000000056, -0.3484132424996279065, -0.1499999999999985234 ) ) ;
#1599 = CARTESIAN_POINT ( 'NONE',  ( 0.8300000000000000711, 0.3484132424996279065, -0.1239999999999985281 ) ) ;
#1600 = CARTESIAN_POINT ( 'NONE',  ( 0.8300000000000000711, -0.3661417300000003872, -0.1239999999999985281 ) ) ;
#1601 = VERTEX_POINT ( 'NONE', #2158 ) ;
#1602 = LINE ( 'NONE', #1413, #2262 ) ;
#1603 = CARTESIAN_POINT ( 'NONE',  ( 0.1000000000000000056, 0.1239999999999999436, -0.3661417299999999431 ) ) ;
#1604 = ORIENTED_EDGE ( 'NONE', *, *, #1358, .F. ) ;
#1605 = APPROVAL_STATUS ( 'not_yet_approved' ) ;
#1606 = CARTESIAN_POINT ( 'NONE',  ( 0.8300000000000000711, -0.3245323805863101763, 0.1397187338193645045 ) ) ;
#1607 = ORIENTED_EDGE ( 'NONE', *, *, #1768, .T. ) ;
#1608 = DIRECTION ( 'NONE',  ( 1.000000000000000000, -0.000000000000000000, -0.000000000000000000 ) ) ;
#1609 = LINE ( 'NONE', #2455, #2059 ) ;
#1610 = DIRECTION ( 'NONE',  ( 0.000000000000000000, 0.000000000000000000, -1.000000000000000000 ) ) ;
#1611 = ORIENTED_EDGE ( 'NONE', *, *, #1904, .T. ) ;
#1612 = ORIENTED_EDGE ( 'NONE', *, *, #922, .T. ) ;
#1613 = DIRECTION ( 'NONE',  ( -1.000000000000000000, 0.000000000000000000, 0.000000000000000000 ) ) ;
#1614 = ADVANCED_FACE ( 'NONE', ( #437 ), #784, .F. ) ;
#1615 = ORIENTED_EDGE ( 'NONE', *, *, #1360, .T. ) ;
#1616 = CARTESIAN_POINT ( 'NONE',  ( 0.8300000000000000711, -0.1239999999999999436, -0.3661417299999999431 ) ) ;
#1617 = DIRECTION ( 'NONE',  ( 0.000000000000000000, 0.000000000000000000, -1.000000000000000000 ) ) ;
#1618 = EDGE_CURVE ( 'NONE', #556, #1351, #1106, .T. ) ;
#1619 = ORIENTED_EDGE ( 'NONE', *, *, #1582, .F. ) ;
#1620 = CARTESIAN_POINT ( 'NONE',  ( 0.6233070900000000636, 0.000000000000000000, -0.3149606300000000747 ) ) ;
#1621 = FACE_BOUND ( 'NONE', #1208, .T. ) ;
#1622 = ORIENTED_EDGE ( 'NONE', *, *, #2215, .F. ) ;
#1623 = DIMENSIONAL_EXPONENTS ( 1.000000000000000000, 0.000000000000000000, 0.000000000000000000, 0.000000000000000000, 0.000000000000000000, 0.000000000000000000, 0.000000000000000000 ) ;
#1624 = CARTESIAN_POINT ( 'NONE',  ( 0.2074803200000000236, -0.3842362200000000172, -0.05905511999999996792 ) ) ;
#1625 = CIRCLE ( 'NONE', #1135, 0.05905511999999997486 ) ;
#1626 = CARTESIAN_POINT ( 'NONE',  ( 0.1000000000000000056, -0.3484132424996279065, -0.1239999999999985142 ) ) ;
#1627 = ORIENTED_EDGE ( 'NONE', *, *, #2044, .T. ) ;
#1628 = LINE ( 'NONE', #1393, #1757 ) ;
#1629 = DIRECTION ( 'NONE',  ( -1.000000000000000000, -0.000000000000000000, -0.000000000000000000 ) ) ;
#1630 = VECTOR ( 'NONE', #787, 39.37007874015748143 ) ;
#1631 = PERSON ( 'UNSPECIFIED', 'UNSPECIFIED', 'UNSPECIFIED', ('UNSPECIFIED'), ('UNSPECIFIED'), ('UNSPECIFIED') ) ;
#1632 = EDGE_CURVE ( 'NONE', #2418, #2115, #2190, .T. ) ;
#1633 = AXIS2_PLACEMENT_3D ( 'NONE', #486, #134, #1486 ) ;
#1634 = ORIENTED_EDGE ( 'NONE', *, *, #2288, .T. ) ;
#1635 = FACE_OUTER_BOUND ( 'NONE', #480, .T. ) ;
#1636 = CIRCLE ( 'NONE', #1552, 0.06496062999999993592 ) ;
#1637 = EDGE_CURVE ( 'NONE', #1778, #822, #1076, .T. ) ;
#1638 = CONICAL_SURFACE ( 'NONE', #745, 0.09842519499999997923, 0.7853981633974458365 ) ;
#1639 = ORIENTED_EDGE ( 'NONE', *, *, #2088, .T. ) ;
#1640 = APPROVAL_PERSON_ORGANIZATION ( #628, #828, #1416 ) ;
#1641 = EDGE_CURVE ( 'NONE', #270, #1194, #1849, .T. ) ;
#1642 = CARTESIAN_POINT ( 'NONE',  ( 0.6233070900000000636, 3.857155273869337998E-17, 0.3149606300000000747 ) ) ;
#1643 = DIRECTION ( 'NONE',  ( 1.000000000000000000, -0.000000000000000000, -0.000000000000000000 ) ) ;
#1644 = VERTEX_POINT ( 'NONE', #897 ) ;
#1645 = ORIENTED_EDGE ( 'NONE', *, *, #1281, .T. ) ;
#1646 = DATE_AND_TIME ( #318, #1323 ) ;
#1647 = FACE_OUTER_BOUND ( 'NONE', #1538, .T. ) ;
#1648 = ORIENTED_EDGE ( 'NONE', *, *, #1722, .F. ) ;
#1649 = CARTESIAN_POINT ( 'NONE',  ( 0.000000000000000000, 0.000000000000000000, -0.4432913399999999782 ) ) ;
#1650 = LINE ( 'NONE', #532, #819 ) ;
#1651 = ORIENTED_EDGE ( 'NONE', *, *, #2443, .T. ) ;
#1652 = CARTESIAN_POINT ( 'NONE',  ( 0.2074803200000000236, 0.000000000000000000, -0.2858110250000000518 ) ) ;
#1653 = CARTESIAN_POINT ( 'NONE',  ( 0.1000000000000000056, 0.3484132424996266852, 0.1500000000000014100 ) ) ;
#1654 = ORIENTED_EDGE ( 'NONE', *, *, #1904, .F. ) ;
#1655 = DIRECTION ( 'NONE',  ( 0.000000000000000000, 0.000000000000000000, 1.000000000000000000 ) ) ;
#1656 = VERTEX_POINT ( 'NONE', #1456 ) ;
#1657 = DIRECTION ( 'NONE',  ( 1.000000000000000000, -0.000000000000000000, -0.000000000000000000 ) ) ;
#1658 = CARTESIAN_POINT ( 'NONE',  ( 0.8300000000000000711, -0.3661417299999998876, 1.434220196673738239E-15 ) ) ;
#1659 = ORIENTED_EDGE ( 'NONE', *, *, #980, .T. ) ;
#1660 = EDGE_CURVE ( 'NONE', #404, #254, #1874, .T. ) ;
#1661 = FACE_BOUND ( 'NONE', #1518, .T. ) ;
#1662 = DIRECTION ( 'NONE',  ( 0.000000000000000000, 0.000000000000000000, -1.000000000000000000 ) ) ;
#1663 = AXIS2_PLACEMENT_3D ( 'NONE', #648, #1441, #675 ) ;
#1664 = EDGE_LOOP ( 'NONE', ( #772, #2020 ) ) ;
#1665 = CIRCLE ( 'NONE', #142, 0.3533307099999999923 ) ;
#1666 = ORIENTED_EDGE ( 'NONE', *, *, #218, .T. ) ;
#1667 = CALENDAR_DATE ( 2026, 27, 4 ) ;
#1668 = CARTESIAN_POINT ( 'NONE',  ( 0.1000000000000000056, 0.000000000000000000, 0.000000000000000000 ) ) ;
#1669 = VECTOR ( 'NONE', #1242, 39.37007874015748143 ) ;
#1670 = EDGE_CURVE ( 'NONE', #1201, #1060, #696, .T. ) ;
#1671 = CIRCLE ( 'NONE', #2143, 0.3533307099999999923 ) ;
#1672 = VERTEX_POINT ( 'NONE', #2259 ) ;
#1673 = DIRECTION ( 'NONE',  ( 0.000000000000000000, 0.000000000000000000, -1.000000000000000000 ) ) ;
#1674 = CARTESIAN_POINT ( 'NONE',  ( 0.06000000000000031697, -0.3842362200000000172, 0.000000000000000000 ) ) ;
#1675 = CARTESIAN_POINT ( 'NONE',  ( 0.1000000000000000056, 0.000000000000000000, 0.000000000000000000 ) ) ;
#1676 = VECTOR ( 'NONE', #1484, 39.37007874015748143 ) ;
#1677 = PLANE ( 'NONE',  #1663 ) ;
#1678 = DIRECTION ( 'NONE',  ( 0.000000000000000000, 0.000000000000000000, -1.000000000000000000 ) ) ;
#1679 = CIRCLE ( 'NONE', #1227, 0.06496062999999993592 ) ;
#1680 = ORIENTED_EDGE ( 'NONE', *, *, #446, .T. ) ;
#1681 = FACE_BOUND ( 'NONE', #873, .T. ) ;
#1682 = EDGE_CURVE ( 'NONE', #402, #749, #1650, .T. ) ;
#1683 = ORIENTED_EDGE ( 'NONE', *, *, #2230, .T. ) ;
#1684 = DIRECTION ( 'NONE',  ( 1.000000000000000000, -0.000000000000000000, -0.000000000000000000 ) ) ;
#1685 = FACE_BOUND ( 'NONE', #1735, .T. ) ;
#1686 = CARTESIAN_POINT ( 'NONE',  ( 0.000000000000000000, 7.232166368126283586E-18, 0.4432913399999999782 ) ) ;
#1687 = CARTESIAN_POINT ( 'NONE',  ( 0.8300000000000000711, 0.1397187338193628947, -0.3245323805863108979 ) ) ;
#1688 = CARTESIAN_POINT ( 'NONE',  ( 0.000000000000000000, 0.6692913385826771977, -0.06496063000000000531 ) ) ;
#1689 = ORIENTED_EDGE ( 'NONE', *, *, #1293, .T. ) ;
#1690 = DIRECTION ( 'NONE',  ( -1.000000000000000000, 0.000000000000000000, 0.000000000000000000 ) ) ;
#1691 = EDGE_CURVE ( 'NONE', #1330, #40, #504, .T. ) ;
#1692 = ORIENTED_EDGE ( 'NONE', *, *, #1479, .T. ) ;
#1693 = DIRECTION ( 'NONE',  ( -1.000000000000000000, -0.000000000000000000, -0.000000000000000000 ) ) ;
#1694 = FACE_BOUND ( 'NONE', #2026, .T. ) ;
#1695 = DIRECTION ( 'NONE',  ( 0.000000000000000000, 0.000000000000000000, 1.000000000000000000 ) ) ;
#1696 = CARTESIAN_POINT ( 'NONE',  ( 0.06000000000000031697, 0.3842362200000000172, 0.000000000000000000 ) ) ;
#1697 = CARTESIAN_POINT ( 'NONE',  ( 0.1000000000000000056, -0.3484132424996266852, 0.1500000000000014100 ) ) ;
#1698 = EDGE_LOOP ( 'NONE', ( #1301, #1718, #2101, #410 ) ) ;
#1699 = ORIENTED_EDGE ( 'NONE', *, *, #2372, .T. ) ;
#1700 = CARTESIAN_POINT ( 'NONE',  ( 0.1000000000000000056, 0.1499999999999999112, -0.3484132424996274069 ) ) ;
#1701 = ORIENTED_EDGE ( 'NONE', *, *, #2473, .T. ) ;
#1702 = CARTESIAN_POINT ( 'NONE',  ( 0.2074803200000000236, 0.3842362200000000172, 0.000000000000000000 ) ) ;
#1703 = VECTOR ( 'NONE', #2071, 39.37007874015748143 ) ;
#1704 = PRODUCT ( 'Clover', 'Clover', '', ( #247 ) ) ;
#1705 = CIRCLE ( 'NONE', #1939, 0.06496062999999997756 ) ;
#1706 = CYLINDRICAL_SURFACE ( 'NONE', #152, 0.5167322850000001244 ) ;
#1707 = AXIS2_PLACEMENT_3D ( 'NONE', #1959, #245, #1003 ) ;
#1708 = EDGE_CURVE ( 'NONE', #181, #1372, #2219, .T. ) ;
#1709 = CIRCLE ( 'NONE', #1471, 0.09842519499999997923 ) ;
#1710 = DIRECTION ( 'NONE',  ( 1.000000000000000000, 0.000000000000000000, 0.000000000000000000 ) ) ;
#1711 = CARTESIAN_POINT ( 'NONE',  ( 0.000000000000000000, -0.3842362200000000172, 0.000000000000000000 ) ) ;
#1712 = EDGE_CURVE ( 'NONE', #172, #1167, #910, .T. ) ;
#1713 = VERTEX_POINT ( 'NONE', #2448 ) ;
#1714 = CIRCLE ( 'NONE', #37, 0.02600000000000000921 ) ;
#1715 = VECTOR ( 'NONE', #312, 39.37007874015748143 ) ;
#1716 = EDGE_LOOP ( 'NONE', ( #801, #951 ) ) ;
#1717 = CARTESIAN_POINT ( 'NONE',  ( 0.06000000000000028227, 1.205361000122040795E-17, -0.4826614149999999825 ) ) ;
#1718 = ORIENTED_EDGE ( 'NONE', *, *, #412, .F. ) ;
#1719 = DIRECTION ( 'NONE',  ( 0.000000000000000000, 0.000000000000000000, -1.000000000000000000 ) ) ;
#1720 = DIRECTION ( 'NONE',  ( 0.000000000000000000, 0.000000000000000000, 1.000000000000000000 ) ) ;
#1721 = DIRECTION ( 'NONE',  ( 0.000000000000000000, 0.000000000000000000, 1.000000000000000000 ) ) ;
#1722 = EDGE_CURVE ( 'NONE', #56, #1713, #1265, .T. ) ;
#1723 = EDGE_CURVE ( 'NONE', #1094, #2208, #2236, .T. ) ;
#1724 = LINE ( 'NONE', #1886, #1977 ) ;
#1725 = DIRECTION ( 'NONE',  ( 0.000000000000000000, 0.000000000000000000, -1.000000000000000000 ) ) ;
#1726 = ORIENTED_EDGE ( 'NONE', *, *, #430, .F. ) ;
#1727 = EDGE_CURVE ( 'NONE', #2442, #752, #1714, .T. ) ;
#1728 = ORIENTED_EDGE ( 'NONE', *, *, #932, .F. ) ;
#1729 = CARTESIAN_POINT ( 'NONE',  ( 0.2074803200000000236, 0.3842362200000000172, 0.000000000000000000 ) ) ;
#1730 = ORIENTED_EDGE ( 'NONE', *, *, #1786, .F. ) ;
#1731 = FACE_OUTER_BOUND ( 'NONE', #537, .T. ) ;
#1732 = FACE_OUTER_BOUND ( 'NONE', #622, .T. ) ;
#1733 = CARTESIAN_POINT ( 'NONE',  ( 0.8300000000000000711, -0.3661417299999993880, 0.1240000000000014008 ) ) ;
#1734 = DIRECTION ( 'NONE',  ( -1.000000000000000000, -0.000000000000000000, -0.000000000000000000 ) ) ;
#1735 = EDGE_LOOP ( 'NONE', ( #553, #838 ) ) ;
#1736 = EDGE_CURVE ( 'NONE', #679, #1330, #1507, .T. ) ;
#1737 = ORIENTED_EDGE ( 'NONE', *, *, #2275, .T. ) ;
#1738 = CARTESIAN_POINT ( 'NONE',  ( 0.2074803200000000236, 0.000000000000000000, 0.3842362200000000172 ) ) ;
#1739 = EDGE_CURVE ( 'NONE', #1419, #1091, #1146, .T. ) ;
#1740 = EDGE_LOOP ( 'NONE', ( #1622, #1952, #587, #2153 ) ) ;
#1741 = DIRECTION ( 'NONE',  ( 0.000000000000000000, 0.000000000000000000, -1.000000000000000000 ) ) ;
#1742 = FACE_OUTER_BOUND ( 'NONE', #259, .T. ) ;
#1743 = AXIS2_PLACEMENT_3D ( 'NONE', #2080, #1233, #1438 ) ;
#1744 = CARTESIAN_POINT ( 'NONE',  ( 0.000000000000000000, 0.000000000000000000, -0.3842362200000000172 ) ) ;
#1745 = CIRCLE ( 'NONE', #1098, 0.2411417299999999986 ) ;
#1746 = CARTESIAN_POINT ( 'NONE',  ( 0.05000000000000000278, 0.000000000000000000, 0.3842362200000000172 ) ) ;
#1747 = VECTOR ( 'NONE', #285, 39.37007874015748143 ) ;
#1748 = PLANE ( 'NONE',  #542 ) ;
#1749 = EDGE_LOOP ( 'NONE', ( #962, #2013 ) ) ;
#1750 = AXIS2_PLACEMENT_3D ( 'NONE', #2116, #557, #1925 ) ;
#1751 = CIRCLE ( 'NONE', #1792, 0.06496062999999997756 ) ;
#1752 = ORIENTED_EDGE ( 'NONE', *, *, #2168, .F. ) ;
#1753 = CARTESIAN_POINT ( 'NONE',  ( 0.6233070900000000636, 0.000000000000000000, 0.000000000000000000 ) ) ;
#1754 = VECTOR ( 'NONE', #1263, 39.37007874015748143 ) ;
#1755 = ORIENTED_EDGE ( 'NONE', *, *, #105, .T. ) ;
#1756 = CARTESIAN_POINT ( 'NONE',  ( 0.06000000000000031697, -0.3842362200000000172, 0.09842519499999997923 ) ) ;
#1757 = VECTOR ( 'NONE', #1005, 39.37007874015748143 ) ;
#1758 = APPROVAL ( #339, 'UNSPECIFIED' ) ;
#1759 = DIRECTION ( 'NONE',  ( -1.000000000000000000, -0.000000000000000000, -0.000000000000000000 ) ) ;
#1760 = CARTESIAN_POINT ( 'NONE',  ( 0.2074803200000000236, 0.3842362200000000172, 0.000000000000000000 ) ) ;
#1761 = CARTESIAN_POINT ( 'NONE',  ( 0.8300000000000000711, 0.1499999999999999112, 0.3484132424996274069 ) ) ;
#1762 = ORIENTED_EDGE ( 'NONE', *, *, #540, .T. ) ;
#1763 = ORIENTED_EDGE ( 'NONE', *, *, #1691, .F. ) ;
#1764 = CARTESIAN_POINT ( 'NONE',  ( 0.8300000000000000711, -0.1499999999999999112, -0.3484132424996274069 ) ) ;
#1765 = EDGE_LOOP ( 'NONE', ( #2335, #1283, #1550, #1956 ) ) ;
#1766 =( LENGTH_UNIT ( ) NAMED_UNIT ( * ) SI_UNIT ( $, .METRE. ) );
#1767 = DIRECTION ( 'NONE',  ( 1.000000000000000000, 0.000000000000000000, 0.000000000000000000 ) ) ;
#1768 = EDGE_CURVE ( 'NONE', #254, #1601, #2421, .T. ) ;
#1769 = EDGE_LOOP ( 'NONE', ( #2163, #2280, #1326, #1985 ) ) ;
#1770 = DIRECTION ( 'NONE',  ( -1.000000000000000000, 0.000000000000000000, -0.000000000000000000 ) ) ;
#1771 = EDGE_CURVE ( 'NONE', #687, #742, #191, .T. ) ;
#1772 = DIRECTION ( 'NONE',  ( -1.000000000000000000, -0.000000000000000000, -0.000000000000000000 ) ) ;
#1773 = CARTESIAN_POINT ( 'NONE',  ( 0.000000000000000000, -0.6692913385826771977, 0.000000000000000000 ) ) ;
#1774 = ORIENTED_EDGE ( 'NONE', *, *, #151, .F. ) ;
#1775 = EDGE_CURVE ( 'NONE', #1563, #1888, #2439, .T. ) ;
#1776 = ORIENTED_EDGE ( 'NONE', *, *, #45, .T. ) ;
#1777 = DIRECTION ( 'NONE',  ( 0.000000000000000000, 0.000000000000000000, 1.000000000000000000 ) ) ;
#1778 = VERTEX_POINT ( 'NONE', #2410 ) ;
#1779 = DIRECTION ( 'NONE',  ( 0.000000000000000000, 0.000000000000000000, 1.000000000000000000 ) ) ;
#1780 = EDGE_LOOP ( 'NONE', ( #431, #1001 ) ) ;
#1781 = DIRECTION ( 'NONE',  ( 1.000000000000000000, -0.000000000000000000, -0.000000000000000000 ) ) ;
#1782 = VECTOR ( 'NONE', #1425, 39.37007874015748143 ) ;
#1783 = EDGE_CURVE ( 'NONE', #40, #1330, #1837, .T. ) ;
#1784 = VECTOR ( 'NONE', #747, 39.37007874015748143 ) ;
#1785 = DIRECTION ( 'NONE',  ( 0.000000000000000000, 0.000000000000000000, -1.000000000000000000 ) ) ;
#1786 = EDGE_CURVE ( 'NONE', #760, #153, #741, .T. ) ;
#1787 = CARTESIAN_POINT ( 'NONE',  ( 0.2074803200000000236, 0.3842362200000000172, 0.000000000000000000 ) ) ;
#1788 = CIRCLE ( 'NONE', #935, 0.06496062999999997756 ) ;
#1789 = ORIENTED_EDGE ( 'NONE', *, *, #1739, .T. ) ;
#1790 = VERTEX_POINT ( 'NONE', #1322 ) ;
#1791 = DIRECTION ( 'NONE',  ( 0.000000000000000000, 0.000000000000000000, 1.000000000000000000 ) ) ;
#1792 = AXIS2_PLACEMENT_3D ( 'NONE', #1941, #2144, #635 ) ;
#1793 = CIRCLE ( 'NONE', #2393, 0.02599999999999999187 ) ;
#1794 = ORIENTED_EDGE ( 'NONE', *, *, #733, .F. ) ;
#1795 = CYLINDRICAL_SURFACE ( 'NONE', #150, 0.5167322850000001244 ) ;
#1796 = DIRECTION ( 'NONE',  ( 0.000000000000000000, 0.000000000000000000, -1.000000000000000000 ) ) ;
#1797 = AXIS2_PLACEMENT_3D ( 'NONE', #1658, #711, #128 ) ;
#1798 = ORIENTED_EDGE ( 'NONE', *, *, #1058, .T. ) ;
#1799 = DIRECTION ( 'NONE',  ( 1.000000000000000000, 0.000000000000000000, 0.000000000000000000 ) ) ;
#1800 = CIRCLE ( 'NONE', #1232, 0.02600000000000002656 ) ;
#1801 = DIRECTION ( 'NONE',  ( 0.000000000000000000, 0.000000000000000000, 1.000000000000000000 ) ) ;
#1802 = DIRECTION ( 'NONE',  ( 0.000000000000000000, 0.000000000000000000, 1.000000000000000000 ) ) ;
#1803 = ORIENTED_EDGE ( 'NONE', *, *, #1246, .T. ) ;
#1804 = EDGE_CURVE ( 'NONE', #2084, #2049, #1066, .T. ) ;
#1805 = EDGE_CURVE ( 'NONE', #1384, #1372, #1910, .T. ) ;
#1806 = EDGE_LOOP ( 'NONE', ( #881, #1654, #1429, #1924 ) ) ;
#1807 = CARTESIAN_POINT ( 'NONE',  ( 0.2074803200000000236, 0.000000000000000000, 0.3842362200000000172 ) ) ;
#1808 = EDGE_CURVE ( 'NONE', #943, #14, #406, .T. ) ;
#1809 = ORIENTED_EDGE ( 'NONE', *, *, #795, .T. ) ;
#1810 = DIRECTION ( 'NONE',  ( 0.000000000000000000, 0.000000000000000000, 1.000000000000000000 ) ) ;
#1811 = ORIENTED_EDGE ( 'NONE', *, *, #1494, .T. ) ;
#1812 = CARTESIAN_POINT ( 'NONE',  ( 0.8300000000000000711, 0.000000000000000000, -0.3661417299999999431 ) ) ;
#1813 = PLANE ( 'NONE',  #1743 ) ;
#1814 = ORIENTED_EDGE ( 'NONE', *, *, #2168, .T. ) ;
#1815 = CARTESIAN_POINT ( 'NONE',  ( 0.1000000000000000056, 0.1239999999999999436, -0.3661417299999999431 ) ) ;
#1816 = DIRECTION ( 'NONE',  ( -1.000000000000000000, -0.000000000000000000, -0.000000000000000000 ) ) ;
#1817 = ADVANCED_FACE ( 'NONE', ( #397, #2117 ), #369, .T. ) ;
#1818 = EDGE_LOOP ( 'NONE', ( #287, #2047, #2160, #1645 ) ) ;
#1819 = DIRECTION ( 'NONE',  ( 0.000000000000000000, 1.000000000000000000, 0.000000000000000000 ) ) ;
#1820 = DIRECTION ( 'NONE',  ( -1.000000000000000000, -0.000000000000000000, -0.000000000000000000 ) ) ;
#1821 = ADVANCED_FACE ( 'NONE', ( #190 ), #767, .F. ) ;
#1822 = ORIENTED_EDGE ( 'NONE', *, *, #223, .F. ) ;
#1823 = DIRECTION ( 'NONE',  ( -1.000000000000000000, -0.000000000000000000, -0.000000000000000000 ) ) ;
#1824 = ORIENTED_EDGE ( 'NONE', *, *, #255, .T. ) ;
#1825 = CIRCLE ( 'NONE', #2137, 0.1239999999999999575 ) ;
#1826 = CARTESIAN_POINT ( 'NONE',  ( 0.8300000000000000711, 0.000000000000000000, 0.3661417299999999431 ) ) ;
#1827 = AXIS2_PLACEMENT_3D ( 'NONE', #1279, #2183, #167 ) ;
#1828 = CARTESIAN_POINT ( 'NONE',  ( 0.8300000000000000711, 0.1239999999999999436, 0.3661417299999999431 ) ) ;
#1829 = VECTOR ( 'NONE', #367, 39.37007874015748143 ) ;
#1830 = ORIENTED_EDGE ( 'NONE', *, *, #2412, .T. ) ;
#1831 = PERSON_AND_ORGANIZATION ( #1631, #346 ) ;
#1832 = DIRECTION ( 'NONE',  ( -1.000000000000000000, -0.000000000000000000, -0.000000000000000000 ) ) ;
#1833 = CIRCLE ( 'NONE', #303, 0.09842519499999997923 ) ;
#1834 = CIRCLE ( 'NONE', #188, 0.1239999999999999575 ) ;
#1835 = ORIENTED_EDGE ( 'NONE', *, *, #1632, .F. ) ;
#1836 = CARTESIAN_POINT ( 'NONE',  ( 0.6233070900000000636, 0.000000000000000000, 0.000000000000000000 ) ) ;
#1837 = CIRCLE ( 'NONE', #866, 0.05905511999999996792 ) ;
#1838 = VECTOR ( 'NONE', #2156, 39.37007874015748143 ) ;
#1839 = EDGE_LOOP ( 'NONE', ( #352, #1794, #1179, #1188 ) ) ;
#1840 = DIRECTION ( 'NONE',  ( -1.000000000000000000, 0.000000000000000000, 0.000000000000000000 ) ) ;
#1841 = CARTESIAN_POINT ( 'NONE',  ( 0.8300000000000000711, 0.6692913385826771977, 0.000000000000000000 ) ) ;
#1842 = ORIENTED_EDGE ( 'NONE', *, *, #1978, .T. ) ;
#1843 = PERSON_AND_ORGANIZATION ( #1631, #346 ) ;
#1844 = FACE_BOUND ( 'NONE', #1313, .T. ) ;
#1845 = CC_DESIGN_APPROVAL ( #828, ( #2055 ) ) ;
#1846 = ORIENTED_EDGE ( 'NONE', *, *, #1881, .T. ) ;
#1847 = DIRECTION ( 'NONE',  ( -1.000000000000000000, 0.000000000000000000, 0.000000000000000000 ) ) ;
#1848 = EDGE_CURVE ( 'NONE', #692, #1167, #1395, .T. ) ;
#1849 = LINE ( 'NONE', #1282, #543 ) ;
#1850 = ADVANCED_FACE ( 'NONE', ( #385 ), #1706, .F. ) ;
#1851 = EDGE_LOOP ( 'NONE', ( #682, #1912, #937, #1958 ) ) ;
#1852 = DIRECTION ( 'NONE',  ( 1.000000000000000000, -0.000000000000000000, -0.000000000000000000 ) ) ;
#1853 = FACE_OUTER_BOUND ( 'NONE', #1524, .T. ) ;
#1854 = EDGE_CURVE ( 'NONE', #1443, #5, #1559, .T. ) ;
#1855 = VERTEX_POINT ( 'NONE', #746 ) ;
#1856 = CALENDAR_DATE ( 2026, 27, 4 ) ;
#1857 = CARTESIAN_POINT ( 'NONE',  ( 0.8300000000000000711, -0.3245323805863101763, 0.1397187338193645045 ) ) ;
#1858 = ORIENTED_EDGE ( 'NONE', *, *, #1211, .T. ) ;
#1859 = CARTESIAN_POINT ( 'NONE',  ( 0.1000000000000000056, 0.000000000000000000, 0.2421259849999999880 ) ) ;
#1860 = DIRECTION ( 'NONE',  ( 1.000000000000000000, -0.000000000000000000, -0.000000000000000000 ) ) ;
#1861 = CARTESIAN_POINT ( 'NONE',  ( 0.1000000000000000056, -0.1239999999999999436, -0.3661417299999999431 ) ) ;
#1862 = EDGE_CURVE ( 'NONE', #1267, #439, #619, .T. ) ;
#1863 = DIRECTION ( 'NONE',  ( 1.000000000000000000, 0.000000000000000000, 0.000000000000000000 ) ) ;
#1864 = CYLINDRICAL_SURFACE ( 'NONE', #1509, 0.05905511999999997486 ) ;
#1865 = AXIS2_PLACEMENT_3D ( 'NONE', #1760, #2128, #634 ) ;
#1866 = ORIENTED_EDGE ( 'NONE', *, *, #1978, .F. ) ;
#1867 = DIRECTION ( 'NONE',  ( 0.000000000000000000, 0.000000000000000000, 1.000000000000000000 ) ) ;
#1868 = VECTOR ( 'NONE', #1465, 39.37007874015748143 ) ;
#1869 = ORIENTED_EDGE ( 'NONE', *, *, #1460, .F. ) ;
#1870 = CARTESIAN_POINT ( 'NONE',  ( 0.2074803200000000236, 1.205361000122040795E-17, 0.2858110250000000518 ) ) ;
#1871 = CARTESIAN_POINT ( 'NONE',  ( 0.8300000000000000711, 0.6692913385826771977, 0.06496063000000000531 ) ) ;
#1872 = VECTOR ( 'NONE', #1950, 39.37007874015748143 ) ;
#1873 = DIRECTION ( 'NONE',  ( 0.000000000000000000, 0.000000000000000000, -1.000000000000000000 ) ) ;
#1874 = CIRCLE ( 'NONE', #1797, 0.1239999999999999575 ) ;
#1875 = VECTOR ( 'NONE', #1608, 39.37007874015748143 ) ;
#1876 = DIRECTION ( 'NONE',  ( 0.000000000000000000, 1.926171080307084718E-15, -1.000000000000000000 ) ) ;
#1877 = CARTESIAN_POINT ( 'NONE',  ( 0.06000000000000028227, 0.000000000000000000, 0.3842362200000000172 ) ) ;
#1878 = AXIS2_PLACEMENT_3D ( 'NONE', #602, #1209, #1961 ) ;
#1879 = ORIENTED_EDGE ( 'NONE', *, *, #435, .F. ) ;
#1880 = FACE_OUTER_BOUND ( 'NONE', #1579, .T. ) ;
#1881 = EDGE_CURVE ( 'NONE', #354, #505, #466, .T. ) ;
#1882 = VERTEX_POINT ( 'NONE', #593 ) ;
#1883 = CARTESIAN_POINT ( 'NONE',  ( 0.8300000000000000711, 0.1239999999999999297, 0.3484132424996274069 ) ) ;
#1884 = FACE_BOUND ( 'NONE', #808, .T. ) ;
#1885 = CARTESIAN_POINT ( 'NONE',  ( 0.000000000000000000, 0.000000000000000000, -0.6692913385826771977 ) ) ;
#1886 = CARTESIAN_POINT ( 'NONE',  ( 0.8300000000000000711, 0.1239999999999999158, -0.3484132424996274069 ) ) ;
#1887 = DIRECTION ( 'NONE',  ( -1.000000000000000000, -0.000000000000000000, -0.000000000000000000 ) ) ;
#1888 = VERTEX_POINT ( 'NONE', #2092 ) ;
#1889 = VERTEX_POINT ( 'NONE', #1927 ) ;
#1890 = DIRECTION ( 'NONE',  ( -0.7071067811865493491, 8.659560562354911904E-17, -0.7071067811865457964 ) ) ;
#1891 = ORIENTED_EDGE ( 'NONE', *, *, #1723, .T. ) ;
#1892 = DIRECTION ( 'NONE',  ( -1.000000000000000000, 0.000000000000000000, 0.000000000000000000 ) ) ;
#1893 = ADVANCED_FACE ( 'NONE', ( #1136 ), #1938, .F. ) ;
#1894 = DIRECTION ( 'NONE',  ( 0.000000000000000000, 0.000000000000000000, 1.000000000000000000 ) ) ;
#1895 = CARTESIAN_POINT ( 'NONE',  ( 0.000000000000000000, 0.6692913385826771977, 0.000000000000000000 ) ) ;
#1896 = FACE_OUTER_BOUND ( 'NONE', #2134, .T. ) ;
#1897 = CARTESIAN_POINT ( 'NONE',  ( 0.2074803200000000236, 0.000000000000000000, -0.3842362200000000172 ) ) ;
#1898 = EDGE_LOOP ( 'NONE', ( #2266, #1288, #1586, #2402 ) ) ;
#1899 = EDGE_LOOP ( 'NONE', ( #1319, #314, #2314, #1405 ) ) ;
#1900 = CARTESIAN_POINT ( 'NONE',  ( 0.1000000000000000056, 0.1397187338193629502, 0.3245323805863108979 ) ) ;
#1901 = ORIENTED_EDGE ( 'NONE', *, *, #1660, .T. ) ;
#1902 = CARTESIAN_POINT ( 'NONE',  ( 0.1000000000000000056, 0.3661417299999998876, 1.434220196673738239E-15 ) ) ;
#1903 = CARTESIAN_POINT ( 'NONE',  ( 0.000000000000000000, 0.000000000000000000, -0.3842362200000000172 ) ) ;
#1904 = EDGE_CURVE ( 'NONE', #1882, #2418, #1162, .T. ) ;
#1905 = DIRECTION ( 'NONE',  ( -1.000000000000000000, -0.000000000000000000, -0.000000000000000000 ) ) ;
#1906 = AXIS2_PLACEMENT_3D ( 'NONE', #1126, #390, #737 ) ;
#1907 = CYLINDRICAL_SURFACE ( 'NONE', #2099, 0.1239999999999999575 ) ;
#1908 = DIRECTION ( 'NONE',  ( 0.000000000000000000, 0.000000000000000000, 1.000000000000000000 ) ) ;
#1909 = ORIENTED_EDGE ( 'NONE', *, *, #1804, .F. ) ;
#1910 = CIRCLE ( 'NONE', #82, 0.06496063000000000531 ) ;
#1911 = VECTOR ( 'NONE', #2170, 39.37007874015748143 ) ;
#1912 = ORIENTED_EDGE ( 'NONE', *, *, #58, .T. ) ;
#1913 = DIRECTION ( 'NONE',  ( 1.000000000000000000, -0.000000000000000000, -0.000000000000000000 ) ) ;
#1914 = ORIENTED_EDGE ( 'NONE', *, *, #761, .T. ) ;
#1915 = CARTESIAN_POINT ( 'NONE',  ( 0.8300000000000000711, -0.1239999999999999436, -0.3661417299999999431 ) ) ;
#1916 = CARTESIAN_POINT ( 'NONE',  ( 0.05000000000000000278, 0.000000000000000000, -0.3842362200000000172 ) ) ;
#1917 = DIRECTION ( 'NONE',  ( 0.000000000000000000, -1.926171080307084718E-15, 1.000000000000000000 ) ) ;
#1918 = EDGE_CURVE ( 'NONE', #1574, #1790, #212, .T. ) ;
#1919 = FACE_OUTER_BOUND ( 'NONE', #1839, .T. ) ;
#1920 = FACE_OUTER_BOUND ( 'NONE', #1930, .T. ) ;
#1921 = ORIENTED_EDGE ( 'NONE', *, *, #716, .F. ) ;
#1922 = EDGE_LOOP ( 'NONE', ( #2316, #2422, #1157, #2416 ) ) ;
#1923 = LINE ( 'NONE', #1517, #1226 ) ;
#1924 = ORIENTED_EDGE ( 'NONE', *, *, #2209, .T. ) ;
#1925 = DIRECTION ( 'NONE',  ( 0.000000000000000000, 0.000000000000000000, -1.000000000000000000 ) ) ;
#1926 = CARTESIAN_POINT ( 'NONE',  ( 0.2074803200000000236, 0.3842362200000000172, 0.05905511999999996792 ) ) ;
#1927 = CARTESIAN_POINT ( 'NONE',  ( 0.05000000000000000278, 0.000000000000000000, -0.2758110249999998209 ) ) ;
#1928 = CARTESIAN_POINT ( 'NONE',  ( 0.1000000000000000056, -0.3484132424996266852, 0.1240000000000014146 ) ) ;
#1929 = FACE_OUTER_BOUND ( 'NONE', #845, .T. ) ;
#1930 = EDGE_LOOP ( 'NONE', ( #739, #631, #1401, #1960 ) ) ;
#1931 = ADVANCED_FACE ( 'NONE', ( #21 ), #1530, .F. ) ;
#1932 = VERTEX_POINT ( 'NONE', #2295 ) ;
#1933 = DIRECTION ( 'NONE',  ( -1.000000000000000000, -0.000000000000000000, -0.000000000000000000 ) ) ;
#1934 = CC_DESIGN_PERSON_AND_ORGANIZATION_ASSIGNMENT ( #890, #2396, ( #751 ) ) ;
#1935 = ORIENTED_EDGE ( 'NONE', *, *, #594, .T. ) ;
#1936 = DIRECTION ( 'NONE',  ( 0.000000000000000000, 0.000000000000000000, -1.000000000000000000 ) ) ;
#1937 = VECTOR ( 'NONE', #2332, 39.37007874015748143 ) ;
#1938 = CYLINDRICAL_SURFACE ( 'NONE', #942, 0.02599999999999993983 ) ;
#1939 = AXIS2_PLACEMENT_3D ( 'NONE', #1453, #491, #149 ) ;
#1940 = LINE ( 'NONE', #999, #1015 ) ;
#1941 = CARTESIAN_POINT ( 'NONE',  ( 0.1000000000000000194, 0.000000000000000000, -0.6692913385826771977 ) ) ;
#1942 = ORIENTED_EDGE ( 'NONE', *, *, #189, .T. ) ;
#1943 = AXIS2_PLACEMENT_3D ( 'NONE', #1761, #50, #242 ) ;
#1944 = DIRECTION ( 'NONE',  ( -1.000000000000000000, -0.000000000000000000, -0.000000000000000000 ) ) ;
#1945 = CARTESIAN_POINT ( 'NONE',  ( 0.05000000000000000278, 0.000000000000000000, 0.5167322850000001244 ) ) ;
#1946 = VECTOR ( 'NONE', #549, 39.37007874015748143 ) ;
#1947 = EDGE_CURVE ( 'NONE', #1589, #1513, #2070, .T. ) ;
#1948 = CIRCLE ( 'NONE', #1476, 0.3149606300000000747 ) ;
#1949 = ORIENTED_EDGE ( 'NONE', *, *, #2100, .F. ) ;
#1950 = DIRECTION ( 'NONE',  ( -1.000000000000000000, -0.000000000000000000, -0.000000000000000000 ) ) ;
#1951 = DIRECTION ( 'NONE',  ( -1.000000000000000000, -0.000000000000000000, -0.000000000000000000 ) ) ;
#1952 = ORIENTED_EDGE ( 'NONE', *, *, #2009, .F. ) ;
#1953 = CARTESIAN_POINT ( 'NONE',  ( 0.06000000000000028227, 0.000000000000000000, -0.3842362200000000172 ) ) ;
#1954 = DIRECTION ( 'NONE',  ( -1.000000000000000000, -0.000000000000000000, -0.000000000000000000 ) ) ;
#1955 = DIRECTION ( 'NONE',  ( -1.000000000000000000, 0.000000000000000000, 0.000000000000000000 ) ) ;
#1956 = ORIENTED_EDGE ( 'NONE', *, *, #192, .T. ) ;
#1957 = CC_DESIGN_APPROVAL ( #1046, ( #751 ) ) ;
#1958 = ORIENTED_EDGE ( 'NONE', *, *, #1670, .F. ) ;
#1959 = CARTESIAN_POINT ( 'NONE',  ( 0.8300000000000000711, 0.1239999999999999436, 0.3661417299999999431 ) ) ;
#1960 = ORIENTED_EDGE ( 'NONE', *, *, #15, .F. ) ;
#1961 = DIRECTION ( 'NONE',  ( 1.000000000000000000, 0.000000000000000000, 0.000000000000000000 ) ) ;
#1962 = DIRECTION ( 'NONE',  ( 1.000000000000000000, 0.000000000000000000, 0.000000000000000000 ) ) ;
#1963 = EDGE_CURVE ( 'NONE', #2155, #2049, #958, .T. ) ;
#1964 = ORIENTED_EDGE ( 'NONE', *, *, #2381, .F. ) ;
#1965 = LINE ( 'NONE', #291, #345 ) ;
#1966 = ADVANCED_FACE ( 'NONE', ( #2331, #1732 ), #604, .T. ) ;
#1967 = DIRECTION ( 'NONE',  ( 0.000000000000000000, 0.000000000000000000, -1.000000000000000000 ) ) ;
#1968 = DIRECTION ( 'NONE',  ( 0.000000000000000000, 0.000000000000000000, -1.000000000000000000 ) ) ;
#1969 = ORIENTED_EDGE ( 'NONE', *, *, #2199, .F. ) ;
#1970 = ORIENTED_EDGE ( 'NONE', *, *, #2333, .T. ) ;
#1971 = CARTESIAN_POINT ( 'NONE',  ( 0.05000000000000000278, 0.3842362200000000172, 0.000000000000000000 ) ) ;
#1972 = ORIENTED_EDGE ( 'NONE', *, *, #1075, .F. ) ;
#1973 = DIRECTION ( 'NONE',  ( -1.000000000000000000, -0.000000000000000000, -0.000000000000000000 ) ) ;
#1974 = LINE ( 'NONE', #1020, #1506 ) ;
#1975 = VERTEX_POINT ( 'NONE', #632 ) ;
#1976 = CARTESIAN_POINT ( 'NONE',  ( 0.8300000000000000711, 0.3842362200000000172, -0.05905511999999996792 ) ) ;
#1977 = VECTOR ( 'NONE', #534, 39.37007874015748143 ) ;
#1978 = EDGE_CURVE ( 'NONE', #1328, #565, #1800, .T. ) ;
#1979 = CC_DESIGN_DATE_AND_TIME_ASSIGNMENT ( #1646, #527, ( #952 ) ) ;
#1980 = CARTESIAN_POINT ( 'NONE',  ( 0.8300000000000000711, -0.1397187338193630612, -0.3245323805863107869 ) ) ;
#1981 = DIRECTION ( 'NONE',  ( 1.000000000000000000, 0.000000000000000000, 0.000000000000000000 ) ) ;
#1982 = AXIS2_PLACEMENT_3D ( 'NONE', #2012, #1832, #2407 ) ;
#1983 = VERTEX_POINT ( 'NONE', #1229 ) ;
#1984 = VECTOR ( 'NONE', #1480, 39.37007874015748143 ) ;
#1985 = ORIENTED_EDGE ( 'NONE', *, *, #73, .T. ) ;
#1986 = DIRECTION ( 'NONE',  ( 0.000000000000000000, 0.000000000000000000, 1.000000000000000000 ) ) ;
#1987 = CIRCLE ( 'NONE', #2068, 0.8499999999999999778 ) ;
#1988 = AXIS2_PLACEMENT_3D ( 'NONE', #1520, #581, #2306 ) ;
#1989 = VERTEX_POINT ( 'NONE', #57 ) ;
#1990 = CARTESIAN_POINT ( 'NONE',  ( 0.1000000000000000056, -0.3661417299999993880, 0.1240000000000014008 ) ) ;
#1991 = CIRCLE ( 'NONE', #1, 0.3149606300000000747 ) ;
#1992 = ORIENTED_EDGE ( 'NONE', *, *, #2209, .F. ) ;
#1993 = CYLINDRICAL_SURFACE ( 'NONE', #41, 0.1239999999999999575 ) ;
#1994 = AXIS2_PLACEMENT_3D ( 'NONE', #1902, #186, #1936 ) ;
#1995 = FACE_OUTER_BOUND ( 'NONE', #539, .T. ) ;
#1996 = ORIENTED_EDGE ( 'NONE', *, *, #2304, .F. ) ;
#1997 = FACE_OUTER_BOUND ( 'NONE', #1576, .T. ) ;
#1998 = CARTESIAN_POINT ( 'NONE',  ( 0.06000000000000028227, 0.000000000000000000, -0.2858110250000000518 ) ) ;
#1999 = VERTEX_POINT ( 'NONE', #1976 ) ;
#2000 = DIRECTION ( 'NONE',  ( 0.000000000000000000, -0.000000000000000000, 1.000000000000000000 ) ) ;
#2001 = CARTESIAN_POINT ( 'NONE',  ( 0.05000000000000000278, 0.000000000000000000, 0.2421259849999999880 ) ) ;
#2002 = ORIENTED_EDGE ( 'NONE', *, *, #948, .F. ) ;
#2003 = LINE ( 'NONE', #817, #1838 ) ;
#2004 = APPLICATION_CONTEXT ( 'configuration controlled 3d designs of mechanical parts and assemblies' ) ;
#2005 = ORIENTED_EDGE ( 'NONE', *, *, #27, .F. ) ;
#2006 = CARTESIAN_POINT ( 'NONE',  ( 0.1000000000000000056, 0.000000000000000000, 0.000000000000000000 ) ) ;
#2007 = LINE ( 'NONE', #516, #2433 ) ;
#2008 = EDGE_CURVE ( 'NONE', #376, #338, #1150, .T. ) ;
#2009 = EDGE_CURVE ( 'NONE', #2453, #661, #707, .T. ) ;
#2010 = ORIENTED_EDGE ( 'NONE', *, *, #1670, .T. ) ;
#2011 = APPROVAL_DATE_TIME ( #1298, #1758 ) ;
#2012 = CARTESIAN_POINT ( 'NONE',  ( 0.1000000000000000056, 0.000000000000000000, 0.000000000000000000 ) ) ;
#2013 = ORIENTED_EDGE ( 'NONE', *, *, #443, .T. ) ;
#2014 = CARTESIAN_POINT ( 'NONE',  ( 0.05000000000000000278, 0.3842362200000000172, 0.000000000000000000 ) ) ;
#2015 = ORIENTED_EDGE ( 'NONE', *, *, #1281, .F. ) ;
#2016 = CARTESIAN_POINT ( 'NONE',  ( 0.05000000000000000278, 0.000000000000000000, -0.3842362200000000172 ) ) ;
#2017 = CIRCLE ( 'NONE', #533, 0.7499999999999995559 ) ;
#2018 = LINE ( 'NONE', #2203, #341 ) ;
#2019 = AXIS2_PLACEMENT_3D ( 'NONE', #1504, #2234, #2257 ) ;
#2020 = ORIENTED_EDGE ( 'NONE', *, *, #974, .T. ) ;
#2021 = EDGE_CURVE ( 'NONE', #2049, #2084, #509, .T. ) ;
#2022 = DIRECTION ( 'NONE',  ( 1.000000000000000000, 0.000000000000000000, 0.000000000000000000 ) ) ;
#2023 = CIRCLE ( 'NONE', #461, 0.06496063000000000531 ) ;
#2024 = AXIS2_PLACEMENT_3D ( 'NONE', #1841, #2224, #2297 ) ;
#2025 = EDGE_CURVE ( 'NONE', #1351, #1502, #1420, .T. ) ;
#2026 = EDGE_LOOP ( 'NONE', ( #2113, #111 ) ) ;
#2027 = FACE_OUTER_BOUND ( 'NONE', #1392, .T. ) ;
#2028 = AXIS2_PLACEMENT_3D ( 'NONE', #947, #1334, #1721 ) ;
#2029 = CIRCLE ( 'NONE', #1515, 0.09842519499999997923 ) ;
#2030 = CARTESIAN_POINT ( 'NONE',  ( 0.06000000000000031697, 0.3842362200000000172, 0.09842519499999997923 ) ) ;
#2031 = ORIENTED_EDGE ( 'NONE', *, *, #286, .T. ) ;
#2032 = UNCERTAINTY_MEASURE_WITH_UNIT (LENGTH_MEASURE( 1.000000000000000082E-05 ), #843, 'distance_accuracy_value', 'NONE');
#2033 = CARTESIAN_POINT ( 'NONE',  ( 0.2074803200000000236, 1.205361000122040949E-17, 0.2858110250000000518 ) ) ;
#2034 = CARTESIAN_POINT ( 'NONE',  ( 0.1000000000000000056, 0.000000000000000000, 0.000000000000000000 ) ) ;
#2035 = ORIENTED_EDGE ( 'NONE', *, *, #761, .F. ) ;
#2036 = COORDINATED_UNIVERSAL_TIME_OFFSET ( 8, 0, .BEHIND. ) ;
#2037 = LINE ( 'NONE', #1259, #2141 ) ;
#2038 = VERTEX_POINT ( 'NONE', #279 ) ;
#2039 = DIRECTION ( 'NONE',  ( 0.000000000000000000, 0.000000000000000000, 1.000000000000000000 ) ) ;
#2040 = CARTESIAN_POINT ( 'NONE',  ( 0.6233070900000000636, 3.857155273869337998E-17, 0.3149606300000000747 ) ) ;
#2041 = EDGE_CURVE ( 'NONE', #738, #1502, #1991, .T. ) ;
#2042 = DIRECTION ( 'NONE',  ( -1.000000000000000000, -0.000000000000000000, -0.000000000000000000 ) ) ;
#2043 = ORIENTED_EDGE ( 'NONE', *, *, #29, .F. ) ;
#2044 = EDGE_CURVE ( 'NONE', #320, #120, #1398, .T. ) ;
#2045 = CARTESIAN_POINT ( 'NONE',  ( 0.8300000000000000711, -0.3661417300000003872, -0.1239999999999985281 ) ) ;
#2046 = DIRECTION ( 'NONE',  ( -1.000000000000000000, 0.000000000000000000, -0.000000000000000000 ) ) ;
#2047 = ORIENTED_EDGE ( 'NONE', *, *, #192, .F. ) ;
#2048 = CARTESIAN_POINT ( 'NONE',  ( 0.05000000000000000278, 0.3842362200000000172, 0.1084251950000002102 ) ) ;
#2049 = VERTEX_POINT ( 'NONE', #2359 ) ;
#2050 = CARTESIAN_POINT ( 'NONE',  ( 0.1000000000000001582, 1.040949779275250140E-16, 0.8499999999999999778 ) ) ;
#2051 = DIRECTION ( 'NONE',  ( -1.000000000000000000, -0.000000000000000000, -0.000000000000000000 ) ) ;
#2052 = DIRECTION ( 'NONE',  ( 1.000000000000000000, 0.000000000000000000, 0.000000000000000000 ) ) ;
#2053 = ADVANCED_FACE ( 'NONE', ( #2343 ), #1993, .T. ) ;
#2054 = EDGE_CURVE ( 'NONE', #1118, #970, #99, .T. ) ;
#2055 = PRODUCT_DEFINITION ( 'UNKNOWN', '', #751, #131 ) ;
#2056 = ADVANCED_FACE ( 'NONE', ( #445 ), #1553, .F. ) ;
#2057 = DIRECTION ( 'NONE',  ( -1.000000000000000000, 0.000000000000000000, 0.000000000000000000 ) ) ;
#2058 = CYLINDRICAL_SURFACE ( 'NONE', #383, 0.05905511999999996792 ) ;
#2059 = VECTOR ( 'NONE', #155, 39.37007874015748143 ) ;
#2060 = VERTEX_POINT ( 'NONE', #618 ) ;
#2061 = DIRECTION ( 'NONE',  ( 0.000000000000000000, 0.000000000000000000, 1.000000000000000000 ) ) ;
#2062 = AXIS2_PLACEMENT_3D ( 'NONE', #1290, #2051, #531 ) ;
#2063 = CONICAL_SURFACE ( 'NONE', #815, 0.09842519499999997923, 0.7853981633974447263 ) ;
#2064 = EDGE_LOOP ( 'NONE', ( #724, #1206, #249, #2200 ) ) ;
#2065 = CARTESIAN_POINT ( 'NONE',  ( 0.000000000000000000, 0.000000000000000000, 0.6692913385826771977 ) ) ;
#2066 = CARTESIAN_POINT ( 'NONE',  ( 0.1000000000000000056, 0.3661417299999993880, 0.1240000000000014008 ) ) ;
#2067 = AXIS2_PLACEMENT_3D ( 'NONE', #405, #777, #2091 ) ;
#2068 = AXIS2_PLACEMENT_3D ( 'NONE', #2034, #1475, #1662 ) ;
#2069 = CARTESIAN_POINT ( 'NONE',  ( 0.8300000000000000711, -0.6692913385826771977, 0.06496062999999993592 ) ) ;
#2070 = CIRCLE ( 'NONE', #981, 0.5167322850000001244 ) ;
#2071 = DIRECTION ( 'NONE',  ( -1.000000000000000000, -0.000000000000000000, -0.000000000000000000 ) ) ;
#2072 = DIRECTION ( 'NONE',  ( 0.000000000000000000, 0.000000000000000000, -1.000000000000000000 ) ) ;
#2073 = VECTOR ( 'NONE', #755, 39.37007874015748854 ) ;
#2074 = EDGE_LOOP ( 'NONE', ( #2212, #1262, #307, #637 ) ) ;
#2075 = EDGE_CURVE ( 'NONE', #1023, #1563, #1397, .T. ) ;
#2076 = ORIENTED_EDGE ( 'NONE', *, *, #1078, .F. ) ;
#2077 = DIRECTION ( 'NONE',  ( 0.000000000000000000, 0.000000000000000000, -1.000000000000000000 ) ) ;
#2078 = ORIENTED_EDGE ( 'NONE', *, *, #162, .T. ) ;
#2079 = CARTESIAN_POINT ( 'NONE',  ( 0.05000000000000000278, -0.3842362200000000172, 0.000000000000000000 ) ) ;
#2080 = CARTESIAN_POINT ( 'NONE',  ( 0.000000000000000000, 0.000000000000000000, 0.000000000000000000 ) ) ;
#2081 = DIRECTION ( 'NONE',  ( 0.000000000000000000, 0.000000000000000000, 1.000000000000000000 ) ) ;
#2082 = LINE ( 'NONE', #371, #895 ) ;
#2083 = CYLINDRICAL_SURFACE ( 'NONE', #1266, 0.02600000000000002656 ) ;
#2084 = VERTEX_POINT ( 'NONE', #473 ) ;
#2085 = ORIENTED_EDGE ( 'NONE', *, *, #2443, .F. ) ;
#2086 = EDGE_CURVE ( 'NONE', #420, #342, #2003, .T. ) ;
#2087 = DIRECTION ( 'NONE',  ( 0.000000000000000000, 0.000000000000000000, 1.000000000000000000 ) ) ;
#2088 = EDGE_CURVE ( 'NONE', #1601, #1328, #1965, .T. ) ;
#2089 = CC_DESIGN_PERSON_AND_ORGANIZATION_ASSIGNMENT ( #490, #1071, ( #952 ) ) ;
#2090 = ORIENTED_EDGE ( 'NONE', *, *, #2179, .T. ) ;
#2091 = DIRECTION ( 'NONE',  ( 0.000000000000000000, 0.000000000000000000, 1.000000000000000000 ) ) ;
#2092 = CARTESIAN_POINT ( 'NONE',  ( 0.1000000000000000056, -0.1239999999999999436, -0.3661417299999999431 ) ) ;
#2093 = CARTESIAN_POINT ( 'NONE',  ( 0.8300000000000000711, 0.000000000000000000, 0.3842362200000000172 ) ) ;
#2094 = CYLINDRICAL_SURFACE ( 'NONE', #864, 0.02600000000000000921 ) ;
#2095 = ORIENTED_EDGE ( 'NONE', *, *, #1134, .F. ) ;
#2096 = EDGE_LOOP ( 'NONE', ( #1842, #4, #1454, #2239 ) ) ;
#2097 = VECTOR ( 'NONE', #1089, 39.37007874015748854 ) ;
#2098 = CYLINDRICAL_SURFACE ( 'NONE', #2467, 0.02600000000000000921 ) ;
#2099 = AXIS2_PLACEMENT_3D ( 'NONE', #968, #1583, #1571 ) ;
#2100 = EDGE_CURVE ( 'NONE', #1502, #738, #1948, .T. ) ;
#2101 = ORIENTED_EDGE ( 'NONE', *, *, #2025, .T. ) ;
#2102 = DIRECTION ( 'NONE',  ( -1.000000000000000000, 0.000000000000000000, 0.000000000000000000 ) ) ;
#2103 = CARTESIAN_POINT ( 'NONE',  ( 0.8300000000000000711, 0.3661417299999993880, 0.1240000000000014008 ) ) ;
#2104 = AXIS2_PLACEMENT_3D ( 'NONE', #1109, #1251, #481 ) ;
#2105 = CARTESIAN_POINT ( 'NONE',  ( 0.8300000000000000711, 0.1239999999999999436, 0.3661417299999999431 ) ) ;
#2106 = CONICAL_SURFACE ( 'NONE', #660, 0.09842519499999997923, 0.7853981633974447263 ) ;
#2107 = AXIS2_PLACEMENT_3D ( 'NONE', #1012, #1981, #1968 ) ;
#2108 = CARTESIAN_POINT ( 'NONE',  ( 0.06000000000000031697, 0.3842362200000000172, 0.000000000000000000 ) ) ;
#2109 = CARTESIAN_POINT ( 'NONE',  ( 0.6233070900000000636, 0.000000000000000000, -0.3149606300000000747 ) ) ;
#2110 = ORIENTED_EDGE ( 'NONE', *, *, #1862, .T. ) ;
#2111 = VECTOR ( 'NONE', #1569, 39.37007874015748143 ) ;
#2112 = VECTOR ( 'NONE', #680, 39.37007874015748143 ) ;
#2113 = ORIENTED_EDGE ( 'NONE', *, *, #73, .F. ) ;
#2114 = DIRECTION ( 'NONE',  ( 0.000000000000000000, 0.000000000000000000, -1.000000000000000000 ) ) ;
#2115 = VERTEX_POINT ( 'NONE', #862 ) ;
#2116 = CARTESIAN_POINT ( 'NONE',  ( 0.6233070900000000636, 0.000000000000000000, 0.000000000000000000 ) ) ;
#2117 = FACE_BOUND ( 'NONE', #1002, .T. ) ;
#2118 = ADVANCED_FACE ( 'NONE', ( #1635, #2371 ), #671, .T. ) ;
#2119 = FACE_OUTER_BOUND ( 'NONE', #472, .T. ) ;
#2120 = CARTESIAN_POINT ( 'NONE',  ( 0.000000000000000000, 0.000000000000000000, -0.7499999999999995559 ) ) ;
#2121 = VERTEX_POINT ( 'NONE', #483 ) ;
#2122 = FACE_OUTER_BOUND ( 'NONE', #2358, .T. ) ;
#2123 = DIRECTION ( 'NONE',  ( 0.000000000000000000, 0.000000000000000000, 1.000000000000000000 ) ) ;
#2124 = ORIENTED_EDGE ( 'NONE', *, *, #595, .T. ) ;
#2125 = DIRECTION ( 'NONE',  ( -1.000000000000000000, -0.000000000000000000, -0.000000000000000000 ) ) ;
#2126 = DIRECTION ( 'NONE',  ( 0.000000000000000000, 0.000000000000000000, 1.000000000000000000 ) ) ;
#2127 = EDGE_CURVE ( 'NONE', #1499, #172, #823, .T. ) ;
#2128 = DIRECTION ( 'NONE',  ( 1.000000000000000000, -0.000000000000000000, -0.000000000000000000 ) ) ;
#2129 = CARTESIAN_POINT ( 'NONE',  ( 0.8300000000000000711, -0.1239999999999999436, 0.3661417299999999431 ) ) ;
#2130 = ORIENTED_EDGE ( 'NONE', *, *, #487, .T. ) ;
#2131 = CARTESIAN_POINT ( 'NONE',  ( 0.8300000000000000711, 0.000000000000000000, 0.000000000000000000 ) ) ;
#2132 = FACE_OUTER_BOUND ( 'NONE', #1379, .T. ) ;
#2133 = EDGE_CURVE ( 'NONE', #785, #2204, #1289, .T. ) ;
#2134 = EDGE_LOOP ( 'NONE', ( #544, #2279, #2382, #1811 ) ) ;
#2135 = CARTESIAN_POINT ( 'NONE',  ( 0.1000000000000000056, 0.1239999999999999436, 0.3661417299999999431 ) ) ;
#2136 = LINE ( 'NONE', #844, #2425 ) ;
#2137 = AXIS2_PLACEMENT_3D ( 'NONE', #1826, #1863, #684 ) ;
#2138 = VECTOR ( 'NONE', #2250, 39.37007874015748143 ) ;
#2139 = VERTEX_POINT ( 'NONE', #728 ) ;
#2140 = CARTESIAN_POINT ( 'NONE',  ( 0.8300000000000000711, 0.1239999999999999436, -0.3661417299999999431 ) ) ;
#2141 = VECTOR ( 'NONE', #1489, 39.37007874015748143 ) ;
#2142 = DIRECTION ( 'NONE',  ( 0.000000000000000000, 0.000000000000000000, -1.000000000000000000 ) ) ;
#2143 = AXIS2_PLACEMENT_3D ( 'NONE', #53, #649, #1986 ) ;
#2144 = DIRECTION ( 'NONE',  ( 1.000000000000000000, 0.000000000000000000, 0.000000000000000000 ) ) ;
#2145 = ORIENTED_EDGE ( 'NONE', *, *, #357, .F. ) ;
#2146 = ADVANCED_FACE ( 'NONE', ( #121 ), #2217, .F. ) ;
#2147 = CIRCLE ( 'NONE', #702, 0.02599999999999999187 ) ;
#2148 = VERTEX_POINT ( 'NONE', #718 ) ;
#2149 = CARTESIAN_POINT ( 'NONE',  ( 0.1000000000000000056, 0.1397187338193628947, -0.3245323805863108979 ) ) ;
#2150 = VECTOR ( 'NONE', #2042, 39.37007874015748143 ) ;
#2151 = ADVANCED_FACE ( 'NONE', ( #874 ), #1503, .T. ) ;
#2152 = AXIS2_PLACEMENT_3D ( 'NONE', #1702, #2317, #355 ) ;
#2153 = ORIENTED_EDGE ( 'NONE', *, *, #1078, .T. ) ;
#2154 = CARTESIAN_POINT ( 'NONE',  ( 0.1000000000000000056, 0.000000000000000000, 0.000000000000000000 ) ) ;
#2155 = VERTEX_POINT ( 'NONE', #2270 ) ;
#2156 = DIRECTION ( 'NONE',  ( -0.000000000000000000, 1.000000000000000000, -0.000000000000000000 ) ) ;
#2157 = CARTESIAN_POINT ( 'NONE',  ( 0.8300000000000000711, 7.955382760009551346E-18, 0.6043307085826772340 ) ) ;
#2158 = CARTESIAN_POINT ( 'NONE',  ( 0.1000000000000000056, -0.3661417300000002761, -0.1239999999999985281 ) ) ;
#2159 = VERTEX_POINT ( 'NONE', #1468 ) ;
#2160 = ORIENTED_EDGE ( 'NONE', *, *, #1727, .F. ) ;
#2161 = DIRECTION ( 'NONE',  ( -1.000000000000000000, 0.000000000000000000, 0.000000000000000000 ) ) ;
#2162 = EDGE_CURVE ( 'NONE', #698, #1932, #2256, .T. ) ;
#2163 = ORIENTED_EDGE ( 'NONE', *, *, #384, .F. ) ;
#2164 = CARTESIAN_POINT ( 'NONE',  ( 0.05000000000000000278, 0.000000000000000000, 0.000000000000000000 ) ) ;
#2165 = EDGE_CURVE ( 'NONE', #1983, #5, #623, .T. ) ;
#2166 = DIRECTION ( 'NONE',  ( -1.000000000000000000, -0.000000000000000000, -0.000000000000000000 ) ) ;
#2167 = ADVANCED_FACE ( 'NONE', ( #530 ), #2438, .T. ) ;
#2168 = EDGE_CURVE ( 'NONE', #402, #698, #388, .T. ) ;
#2169 = ORIENTED_EDGE ( 'NONE', *, *, #1296, .T. ) ;
#2170 = DIRECTION ( 'NONE',  ( -1.000000000000000000, -0.000000000000000000, -0.000000000000000000 ) ) ;
#2171 = DIRECTION ( 'NONE',  ( 1.000000000000000000, 0.000000000000000000, 0.000000000000000000 ) ) ;
#2172 = CARTESIAN_POINT ( 'NONE',  ( 0.06000000000000031697, -0.3842362200000000172, 0.000000000000000000 ) ) ;
#2173 = ORIENTED_EDGE ( 'NONE', *, *, #1276, .T. ) ;
#2174 = DIRECTION ( 'NONE',  ( -1.000000000000000000, -0.000000000000000000, -0.000000000000000000 ) ) ;
#2175 = LINE ( 'NONE', #1221, #1390 ) ;
#2176 = VERTEX_POINT ( 'NONE', #330 ) ;
#2177 = PERSON_AND_ORGANIZATION_ROLE ( 'design_owner' ) ;
#2178 = CARTESIAN_POINT ( 'NONE',  ( 0.06000000000000028227, 1.205361000122040949E-17, -0.4826614149999999825 ) ) ;
#2179 = EDGE_CURVE ( 'NONE', #749, #1932, #2398, .T. ) ;
#2180 = EDGE_LOOP ( 'NONE', ( #929, #573 ) ) ;
#2181 = DIRECTION ( 'NONE',  ( -1.000000000000000000, -0.000000000000000000, -0.000000000000000000 ) ) ;
#2182 = CIRCLE ( 'NONE', #609, 0.02600000000000000921 ) ;
#2183 = DIRECTION ( 'NONE',  ( -1.000000000000000000, -0.000000000000000000, -0.000000000000000000 ) ) ;
#2184 = AXIS2_PLACEMENT_3D ( 'NONE', #1161, #945, #1720 ) ;
#2185 = ORIENTED_EDGE ( 'NONE', *, *, #384, .T. ) ;
#2186 = CIRCLE ( 'NONE', #616, 0.1239999999999999575 ) ;
#2187 = FACE_BOUND ( 'NONE', #1070, .T. ) ;
#2188 = DIRECTION ( 'NONE',  ( 0.000000000000000000, 0.000000000000000000, 1.000000000000000000 ) ) ;
#2189 = AXIS2_PLACEMENT_3D ( 'NONE', #1532, #1498, #2072 ) ;
#2190 = CIRCLE ( 'NONE', #2354, 0.1239999999999999575 ) ;
#2191 = ORIENTED_EDGE ( 'NONE', *, *, #215, .T. ) ;
#2192 = DIRECTION ( 'NONE',  ( -1.000000000000000000, -0.000000000000000000, -0.000000000000000000 ) ) ;
#2193 = AXIS2_PLACEMENT_3D ( 'NONE', #2454, #321, #520 ) ;
#2194 = ORIENTED_EDGE ( 'NONE', *, *, #595, .F. ) ;
#2195 = DIRECTION ( 'NONE',  ( 0.000000000000000000, 0.000000000000000000, 1.000000000000000000 ) ) ;
#2196 = AXIS2_PLACEMENT_3D ( 'NONE', #200, #221, #1719 ) ;
#2197 = ADVANCED_BREP_SHAPE_REPRESENTATION ( 'Clover', ( #409, #1878 ), #469 ) ;
#2198 = EDGE_CURVE ( 'NONE', #153, #905, #2446, .T. ) ;
#2199 = EDGE_CURVE ( 'NONE', #1574, #65, #545, .T. ) ;
#2200 = ORIENTED_EDGE ( 'NONE', *, *, #2199, .T. ) ;
#2201 = CC_DESIGN_PERSON_AND_ORGANIZATION_ASSIGNMENT ( #1464, #1082, ( #2055 ) ) ;
#2202 = DIRECTION ( 'NONE',  ( 1.000000000000000000, -0.000000000000000000, -0.000000000000000000 ) ) ;
#2203 = CARTESIAN_POINT ( 'NONE',  ( 0.8300000000000000711, -0.3484132424996279065, -0.1239999999999985142 ) ) ;
#2204 = VERTEX_POINT ( 'NONE', #2436 ) ;
#2205 = CARTESIAN_POINT ( 'NONE',  ( 0.1000000000000000056, -0.3661417299999993880, 0.1240000000000014008 ) ) ;
#2206 = ORIENTED_EDGE ( 'NONE', *, *, #2263, .T. ) ;
#2207 = DIRECTION ( 'NONE',  ( 0.000000000000000000, 0.000000000000000000, 1.000000000000000000 ) ) ;
#2208 = VERTEX_POINT ( 'NONE', #1859 ) ;
#2209 = EDGE_CURVE ( 'NONE', #505, #2302, #154, .T. ) ;
#2210 = CARTESIAN_POINT ( 'NONE',  ( 0.2074803200000000236, 0.3842362200000000172, 0.000000000000000000 ) ) ;
#2211 = DIRECTION ( 'NONE',  ( -1.000000000000000000, -0.000000000000000000, -0.000000000000000000 ) ) ;
#2212 = ORIENTED_EDGE ( 'NONE', *, *, #550, .T. ) ;
#2213 = DATE_AND_TIME ( #1667, #870 ) ;
#2214 = DIRECTION ( 'NONE',  ( -1.000000000000000000, -0.000000000000000000, -0.000000000000000000 ) ) ;
#2215 = EDGE_CURVE ( 'NONE', #661, #655, #493, .T. ) ;
#2216 = ORIENTED_EDGE ( 'NONE', *, *, #2075, .T. ) ;
#2217 = CYLINDRICAL_SURFACE ( 'NONE', #665, 0.3149606300000000747 ) ;
#2218 = AXIS2_PLACEMENT_3D ( 'NONE', #2210, #485, #1079 ) ;
#2219 = LINE ( 'NONE', #496, #1676 ) ;
#2220 = ORIENTED_EDGE ( 'NONE', *, *, #1526, .F. ) ;
#2221 = AXIS2_PLACEMENT_3D ( 'NONE', #2449, #169, #924 ) ;
#2222 = CARTESIAN_POINT ( 'NONE',  ( 0.2074803200000000236, 7.232166368126285127E-18, 0.4432913399999999782 ) ) ;
#2223 = AXIS2_PLACEMENT_3D ( 'NONE', #2345, #1954, #620 ) ;
#2224 = DIRECTION ( 'NONE',  ( -1.000000000000000000, -0.000000000000000000, -0.000000000000000000 ) ) ;
#2225 = ORIENTED_EDGE ( 'NONE', *, *, #1582, .T. ) ;
#2226 = ORIENTED_EDGE ( 'NONE', *, *, #1493, .T. ) ;
#2227 = COORDINATED_UNIVERSAL_TIME_OFFSET ( 8, 0, .BEHIND. ) ;
#2228 = FACE_BOUND ( 'NONE', #2336, .T. ) ;
#2229 = VECTOR ( 'NONE', #1180, 39.37007874015748143 ) ;
#2230 = EDGE_CURVE ( 'NONE', #822, #1855, #1354, .T. ) ;
#2231 = AXIS2_PLACEMENT_3D ( 'NONE', #1877, #748, #759 ) ;
#2232 = ORIENTED_EDGE ( 'NONE', *, *, #143, .T. ) ;
#2233 = CARTESIAN_POINT ( 'NONE',  ( 0.06000000000000028227, 0.000000000000000000, -0.3842362200000000172 ) ) ;
#2234 = DIRECTION ( 'NONE',  ( 1.000000000000000000, -0.000000000000000000, -0.000000000000000000 ) ) ;
#2235 = ADVANCED_FACE ( 'NONE', ( #2027 ), #1112, .F. ) ;
#2236 = CIRCLE ( 'NONE', #2308, 0.2421259849999999880 ) ;
#2237 = CIRCLE ( 'NONE', #2152, 0.09842519499999997923 ) ;
#2238 = DIRECTION ( 'NONE',  ( -1.000000000000000000, -0.000000000000000000, -0.000000000000000000 ) ) ;
#2239 = ORIENTED_EDGE ( 'NONE', *, *, #1308, .T. ) ;
#2240 = DIRECTION ( 'NONE',  ( 0.000000000000000000, 0.000000000000000000, 1.000000000000000000 ) ) ;
#2241 = CARTESIAN_POINT ( 'NONE',  ( 0.000000000000000000, 0.3842362200000000172, 0.000000000000000000 ) ) ;
#2242 = ORIENTED_EDGE ( 'NONE', *, *, #1637, .F. ) ;
#2243 = DATE_TIME_ROLE ( 'creation_date' ) ;
#2244 = FACE_OUTER_BOUND ( 'NONE', #433, .T. ) ;
#2245 = ADVANCED_FACE ( 'NONE', ( #2419 ), #1638, .F. ) ;
#2246 = ORIENTED_EDGE ( 'NONE', *, *, #105, .F. ) ;
#2247 = DIRECTION ( 'NONE',  ( -1.000000000000000000, -0.000000000000000000, -0.000000000000000000 ) ) ;
#2248 = CYLINDRICAL_SURFACE ( 'NONE', #2062, 0.06496062999999997756 ) ;
#2249 = DIRECTION ( 'NONE',  ( 1.000000000000000000, -0.000000000000000000, -0.000000000000000000 ) ) ;
#2250 = DIRECTION ( 'NONE',  ( -1.000000000000000000, -0.000000000000000000, -0.000000000000000000 ) ) ;
#2251 = DIRECTION ( 'NONE',  ( 0.000000000000000000, 0.000000000000000000, -1.000000000000000000 ) ) ;
#2252 = ORIENTED_EDGE ( 'NONE', *, *, #2008, .T. ) ;
#2253 = DATE_AND_TIME ( #506, #1274 ) ;
#2254 = CYLINDRICAL_SURFACE ( 'NONE', #1387, 0.09842519499999997923 ) ;
#2255 = EDGE_LOOP ( 'NONE', ( #1914, #1286, #1176, #195 ) ) ;
#2256 = LINE ( 'NONE', #1649, #274 ) ;
#2257 = DIRECTION ( 'NONE',  ( 0.000000000000000000, 0.000000000000000000, 1.000000000000000000 ) ) ;
#2258 = ADVANCED_FACE ( 'NONE', ( #1085 ), #139, .T. ) ;
#2259 = CARTESIAN_POINT ( 'NONE',  ( 0.1000000000000000056, 0.3661417299999994990, 0.1240000000000014008 ) ) ;
#2260 = LINE ( 'NONE', #1521, #611 ) ;
#2261 = FACE_OUTER_BOUND ( 'NONE', #1818, .T. ) ;
#2262 = VECTOR ( 'NONE', #1944, 39.37007874015748143 ) ;
#2263 = EDGE_CURVE ( 'NONE', #764, #1407, #2029, .T. ) ;
#2264 = ORIENTED_EDGE ( 'NONE', *, *, #948, .T. ) ;
#2265 = AXIS2_PLACEMENT_3D ( 'NONE', #722, #2440, #712 ) ;
#2266 = ORIENTED_EDGE ( 'NONE', *, *, #251, .F. ) ;
#2267 = DIRECTION ( 'NONE',  ( -1.000000000000000000, -0.000000000000000000, -0.000000000000000000 ) ) ;
#2268 = AXIS2_PLACEMENT_3D ( 'NONE', #353, #393, #2465 ) ;
#2269 = ORIENTED_EDGE ( 'NONE', *, *, #488, .T. ) ;
#2270 = CARTESIAN_POINT ( 'NONE',  ( 0.1000000000000000194, 0.000000000000000000, -0.6043307085826772340 ) ) ;
#2271 = DIRECTION ( 'NONE',  ( -1.000000000000000000, 0.000000000000000000, 0.000000000000000000 ) ) ;
#2272 = CARTESIAN_POINT ( 'NONE',  ( 0.000000000000000000, -0.3842362200000000172, 0.05905511999999996792 ) ) ;
#2273 = AXIS2_PLACEMENT_3D ( 'NONE', #141, #158, #1495 ) ;
#2274 = AXIS2_PLACEMENT_3D ( 'NONE', #1539, #965, #1160 ) ;
#2275 = EDGE_CURVE ( 'NONE', #798, #1184, #2237, .T. ) ;
#2276 = LINE ( 'NONE', #551, #1784 ) ;
#2277 = DIRECTION ( 'NONE',  ( -1.000000000000000000, -0.000000000000000000, -0.000000000000000000 ) ) ;
#2278 = CONICAL_SURFACE ( 'NONE', #1440, 0.09842519499999997923, 0.7853981633974447263 ) ;
#2279 = ORIENTED_EDGE ( 'NONE', *, *, #1010, .F. ) ;
#2280 = ORIENTED_EDGE ( 'NONE', *, *, #706, .T. ) ;
#2281 = FACE_OUTER_BOUND ( 'NONE', #1449, .T. ) ;
#2282 = ORIENTED_EDGE ( 'NONE', *, *, #730, .F. ) ;
#2283 = DIRECTION ( 'NONE',  ( -1.000000000000000000, -0.000000000000000000, -0.000000000000000000 ) ) ;
#2284 = CARTESIAN_POINT ( 'NONE',  ( 0.06000000000000028227, 0.000000000000000000, 0.4826614149999999825 ) ) ;
#2285 = DIRECTION ( 'NONE',  ( 1.000000000000000000, 0.000000000000000000, 0.000000000000000000 ) ) ;
#2286 = DIRECTION ( 'NONE',  ( -1.000000000000000000, 0.000000000000000000, 0.000000000000000000 ) ) ;
#2287 = VERTEX_POINT ( 'NONE', #1122 ) ;
#2288 = EDGE_CURVE ( 'NONE', #1167, #692, #427, .T. ) ;
#2289 = ORIENTED_EDGE ( 'NONE', *, *, #2086, .F. ) ;
#2290 = CARTESIAN_POINT ( 'NONE',  ( 0.1000000000000000056, -0.3661417299999998876, 1.434220196673738239E-15 ) ) ;
#2291 = ADVANCED_FACE ( 'NONE', ( #930 ), #580, .T. ) ;
#2292 = ORIENTED_EDGE ( 'NONE', *, *, #1260, .F. ) ;
#2293 = CARTESIAN_POINT ( 'NONE',  ( 0.1000000000000000056, 0.000000000000000000, 0.000000000000000000 ) ) ;
#2294 = LINE ( 'NONE', #2103, #456 ) ;
#2295 = CARTESIAN_POINT ( 'NONE',  ( 0.8300000000000000711, 0.000000000000000000, -0.4432913399999999782 ) ) ;
#2296 = CARTESIAN_POINT ( 'NONE',  ( 0.000000000000000000, 0.000000000000000000, 0.000000000000000000 ) ) ;
#2297 = DIRECTION ( 'NONE',  ( 0.000000000000000000, 0.000000000000000000, 1.000000000000000000 ) ) ;
#2298 = ORIENTED_EDGE ( 'NONE', *, *, #1385, .T. ) ;
#2299 = ORIENTED_EDGE ( 'NONE', *, *, #2179, .F. ) ;
#2300 = DIRECTION ( 'NONE',  ( -1.000000000000000000, -0.000000000000000000, -0.000000000000000000 ) ) ;
#2301 = AXIS2_PLACEMENT_3D ( 'NONE', #803, #74, #1191 ) ;
#2302 = VERTEX_POINT ( 'NONE', #2303 ) ;
#2303 = CARTESIAN_POINT ( 'NONE',  ( 0.1000000000000000056, 0.1239999999999999436, 0.3484132424996274069 ) ) ;
#2304 = EDGE_CURVE ( 'NONE', #1407, #439, #2469, .T. ) ;
#2305 = CIRCLE ( 'NONE', #499, 0.5167322850000001244 ) ;
#2306 = DIRECTION ( 'NONE',  ( 0.000000000000000000, 0.000000000000000000, 1.000000000000000000 ) ) ;
#2307 = AXIS2_PLACEMENT_3D ( 'NONE', #713, #1295, #2251 ) ;
#2308 = AXIS2_PLACEMENT_3D ( 'NONE', #1675, #681, #522 ) ;
#2309 = DIRECTION ( 'NONE',  ( -1.000000000000000000, -0.000000000000000000, -0.000000000000000000 ) ) ;
#2310 = FACE_OUTER_BOUND ( 'NONE', #135, .T. ) ;
#2311 = EDGE_LOOP ( 'NONE', ( #1639, #2342, #1423, #1607 ) ) ;
#2312 = AXIS2_PLACEMENT_3D ( 'NONE', #1455, #2409, #1673 ) ;
#2313 = AXIS2_PLACEMENT_3D ( 'NONE', #288, #236, #1198 ) ;
#2314 = ORIENTED_EDGE ( 'NONE', *, *, #1246, .F. ) ;
#2315 = DIRECTION ( 'NONE',  ( 1.000000000000000000, 0.000000000000000000, 0.000000000000000000 ) ) ;
#2316 = ORIENTED_EDGE ( 'NONE', *, *, #2458, .F. ) ;
#2317 = DIRECTION ( 'NONE',  ( -1.000000000000000000, 0.000000000000000000, 0.000000000000000000 ) ) ;
#2318 = CYLINDRICAL_SURFACE ( 'NONE', #1588, 0.06496063000000000531 ) ;
#2319 = EDGE_CURVE ( 'NONE', #439, #1267, #1432, .T. ) ;
#2320 = EDGE_CURVE ( 'NONE', #643, #1118, #583, .T. ) ;
#2321 = DIRECTION ( 'NONE',  ( 0.000000000000000000, 0.000000000000000000, -1.000000000000000000 ) ) ;
#2322 = ADVANCED_FACE ( 'NONE', ( #1731 ), #2278, .F. ) ;
#2323 = LINE ( 'NONE', #2157, #262 ) ;
#2324 = CARTESIAN_POINT ( 'NONE',  ( 0.1000000000000000056, 2.953134477853552897E-17, -0.2411417299999999986 ) ) ;
#2325 = ORIENTED_EDGE ( 'NONE', *, *, #1727, .T. ) ;
#2326 = CYLINDRICAL_SURFACE ( 'NONE', #1172, 0.3533307099999999368 ) ;
#2327 = FACE_OUTER_BOUND ( 'NONE', #727, .T. ) ;
#2328 = VERTEX_POINT ( 'NONE', #956 ) ;
#2329 = CARTESIAN_POINT ( 'NONE',  ( 0.06000000000000031697, -0.3842362200000000172, 0.000000000000000000 ) ) ;
#2330 = DIRECTION ( 'NONE',  ( 1.000000000000000000, -0.000000000000000000, -0.000000000000000000 ) ) ;
#2331 = FACE_BOUND ( 'NONE', #54, .T. ) ;
#2332 = DIRECTION ( 'NONE',  ( -0.7071067811865493491, 0.000000000000000000, 0.7071067811865457964 ) ) ;
#2333 = EDGE_CURVE ( 'NONE', #1372, #1384, #548, .T. ) ;
#2334 = DIRECTION ( 'NONE',  ( 0.000000000000000000, 0.000000000000000000, -1.000000000000000000 ) ) ;
#2335 = ORIENTED_EDGE ( 'NONE', *, *, #411, .T. ) ;
#2336 = EDGE_LOOP ( 'NONE', ( #599, #2364 ) ) ;
#2337 = EDGE_CURVE ( 'NONE', #1932, #749, #1102, .T. ) ;
#2338 = DIRECTION ( 'NONE',  ( -1.000000000000000000, 0.000000000000000000, 0.000000000000000000 ) ) ;
#2339 = ORIENTED_EDGE ( 'NONE', *, *, #540, .F. ) ;
#2340 = CARTESIAN_POINT ( 'NONE',  ( 0.8300000000000000711, 0.000000000000000000, 0.3842362200000000172 ) ) ;
#2341 = AXIS2_PLACEMENT_3D ( 'NONE', #1214, #2171, #49 ) ;
#2342 = ORIENTED_EDGE ( 'NONE', *, *, #1308, .F. ) ;
#2343 = FACE_OUTER_BOUND ( 'NONE', #794, .T. ) ;
#2344 = AXIS2_PLACEMENT_3D ( 'NONE', #1903, #396, #567 ) ;
#2345 = CARTESIAN_POINT ( 'NONE',  ( 0.1000000000000000056, 0.1499999999999999112, 0.3484132424996274069 ) ) ;
#2346 = CIRCLE ( 'NONE', #774, 0.06496063000000000531 ) ;
#2347 = PLANE ( 'NONE',  #977 ) ;
#2348 = EDGE_LOOP ( 'NONE', ( #2124, #2451 ) ) ;
#2349 = ADVANCED_FACE ( 'NONE', ( #743 ), #31, .F. ) ;
#2350 = CIRCLE ( 'NONE', #2189, 0.2411417299999999986 ) ;
#2351 = ADVANCED_FACE ( 'NONE', ( #1331 ), #1528, .F. ) ;
#2352 = ORIENTED_EDGE ( 'NONE', *, *, #686, .T. ) ;
#2353 = DIRECTION ( 'NONE',  ( 0.000000000000000000, 0.000000000000000000, -1.000000000000000000 ) ) ;
#2354 = AXIS2_PLACEMENT_3D ( 'NONE', #606, #1382, #821 ) ;
#2355 = ORIENTED_EDGE ( 'NONE', *, *, #2088, .F. ) ;
#2356 = PERSON_AND_ORGANIZATION ( #1631, #346 ) ;
#2357 = LINE ( 'NONE', #669, #1669 ) ;
#2358 = EDGE_LOOP ( 'NONE', ( #2232, #1921, #608, #30 ) ) ;
#2359 = CARTESIAN_POINT ( 'NONE',  ( 0.000000000000000000, 0.000000000000000000, -0.6043307085826772340 ) ) ;
#2360 = DIRECTION ( 'NONE',  ( 1.000000000000000000, 0.000000000000000000, 0.000000000000000000 ) ) ;
#2361 = DIRECTION ( 'NONE',  ( -1.000000000000000000, -0.000000000000000000, -0.000000000000000000 ) ) ;
#2362 = ORIENTED_EDGE ( 'NONE', *, *, #255, .F. ) ;
#2363 = APPROVAL_PERSON_ORGANIZATION ( #1843, #1046, #117 ) ;
#2364 = ORIENTED_EDGE ( 'NONE', *, *, #1771, .F. ) ;
#2365 = DIRECTION ( 'NONE',  ( -1.000000000000000000, 0.000000000000000000, 0.000000000000000000 ) ) ;
#2366 = EDGE_CURVE ( 'NONE', #1081, #1060, #1679, .T. ) ;
#2367 = VERTEX_POINT ( 'NONE', #1915 ) ;
#2368 = FACE_OUTER_BOUND ( 'NONE', #617, .T. ) ;
#2369 = DIRECTION ( 'NONE',  ( -1.000000000000000000, -0.000000000000000000, -0.000000000000000000 ) ) ;
#2370 = ORIENTED_EDGE ( 'NONE', *, *, #1618, .F. ) ;
#2371 = FACE_BOUND ( 'NONE', #996, .T. ) ;
#2372 = EDGE_CURVE ( 'NONE', #1419, #764, #365, .T. ) ;
#2373 = DIRECTION ( 'NONE',  ( 0.000000000000000000, -1.926171080307069730E-15, -1.000000000000000000 ) ) ;
#2374 = CARTESIAN_POINT ( 'NONE',  ( 0.000000000000000000, 6.328145388413480154E-17, -0.5167322850000001244 ) ) ;
#2375 = ORIENTED_EDGE ( 'NONE', *, *, #215, .F. ) ;
#2376 = ORIENTED_EDGE ( 'NONE', *, *, #856, .F. ) ;
#2377 = CARTESIAN_POINT ( 'NONE',  ( 0.2074803200000000236, 0.000000000000000000, 0.3842362200000000172 ) ) ;
#2378 = ORIENTED_EDGE ( 'NONE', *, *, #1708, .T. ) ;
#2379 = CARTESIAN_POINT ( 'NONE',  ( 0.2074803200000000236, 0.3842362200000000172, -0.05905511999999996792 ) ) ;
#2380 = CARTESIAN_POINT ( 'NONE',  ( 0.8300000000000000711, 3.857155273869337998E-17, 0.3149606300000000747 ) ) ;
#2381 = EDGE_CURVE ( 'NONE', #2139, #1672, #462, .T. ) ;
#2382 = ORIENTED_EDGE ( 'NONE', *, *, #2385, .F. ) ;
#2383 = CARTESIAN_POINT ( 'NONE',  ( 0.000000000000000000, 0.000000000000000000, -0.6692913385826771977 ) ) ;
#2384 = VECTOR ( 'NONE', #2424, 39.37007874015748143 ) ;
#2385 = EDGE_CURVE ( 'NONE', #342, #2060, #2401, .T. ) ;
#2386 = CIRCLE ( 'NONE', #301, 0.09842519499999997923 ) ;
#2387 = CARTESIAN_POINT ( 'NONE',  ( 0.1000000000000000056, 0.000000000000000000, -0.8499999999999998668 ) ) ;
#2388 = AXIS2_PLACEMENT_3D ( 'NONE', #778, #20, #766 ) ;
#2389 = ORIENTED_EDGE ( 'NONE', *, *, #1369, .T. ) ;
#2390 = CIRCLE ( 'NONE', #898, 0.02599999999999999187 ) ;
#2391 = LINE ( 'NONE', #2045, #1782 ) ;
#2392 = DIRECTION ( 'NONE',  ( -1.000000000000000000, -0.000000000000000000, -0.000000000000000000 ) ) ;
#2393 = AXIS2_PLACEMENT_3D ( 'NONE', #769, #2277, #170 ) ;
#2394 = AXIS2_PLACEMENT_3D ( 'NONE', #1744, #225, #2321 ) ;
#2395 = ORIENTED_EDGE ( 'NONE', *, *, #1783, .F. ) ;
#2396 = PERSON_AND_ORGANIZATION_ROLE ( 'creator' ) ;
#2397 = CARTESIAN_POINT ( 'NONE',  ( 0.05000000000000000278, 2.965188125206500253E-17, -0.2421259849999999880 ) ) ;
#2398 = CIRCLE ( 'NONE', #869, 0.05905511999999997486 ) ;
#2399 = ORIENTED_EDGE ( 'NONE', *, *, #446, .F. ) ;
#2400 = DIRECTION ( 'NONE',  ( 0.000000000000000000, 0.000000000000000000, 1.000000000000000000 ) ) ;
#2401 = CIRCLE ( 'NONE', #2196, 0.1239999999999999575 ) ;
#2402 = ORIENTED_EDGE ( 'NONE', *, *, #45, .F. ) ;
#2403 = DIRECTION ( 'NONE',  ( 0.7071067811865465735, 0.000000000000000000, -0.7071067811865484609 ) ) ;
#2404 = LINE ( 'NONE', #701, #1593 ) ;
#2405 = LOCAL_TIME ( 21, 0, 22.00000000000000000, #2227 ) ;
#2406 = ORIENTED_EDGE ( 'NONE', *, *, #1660, .F. ) ;
#2407 = DIRECTION ( 'NONE',  ( 0.000000000000000000, 0.000000000000000000, 1.000000000000000000 ) ) ;
#2408 = ORIENTED_EDGE ( 'NONE', *, *, #1771, .T. ) ;
#2409 = DIRECTION ( 'NONE',  ( 1.000000000000000000, -0.000000000000000000, -0.000000000000000000 ) ) ;
#2410 = CARTESIAN_POINT ( 'NONE',  ( 0.06000000000000031697, 0.3842362200000000172, 0.09842519499999997923 ) ) ;
#2411 = ORIENTED_EDGE ( 'NONE', *, *, #282, .T. ) ;
#2412 = EDGE_CURVE ( 'NONE', #1477, #762, #658, .T. ) ;
#2413 = FACE_BOUND ( 'NONE', #1004, .T. ) ;
#2414 = CYLINDRICAL_SURFACE ( 'NONE', #2024, 0.06496063000000000531 ) ;
#2415 = ADVANCED_FACE ( 'NONE', ( #2368 ), #1795, .F. ) ;
#2416 = ORIENTED_EDGE ( 'NONE', *, *, #1479, .F. ) ;
#2417 = CARTESIAN_POINT ( 'NONE',  ( 0.06000000000000031697, 0.3842362200000000172, 0.000000000000000000 ) ) ;
#2418 = VERTEX_POINT ( 'NONE', #2135 ) ;
#2419 = FACE_OUTER_BOUND ( 'NONE', #1228, .T. ) ;
#2420 = AXIS2_PLACEMENT_3D ( 'NONE', #1067, #1840, #1284 ) ;
#2421 = LINE ( 'NONE', #513, #2150 ) ;
#2422 = ORIENTED_EDGE ( 'NONE', *, *, #2320, .T. ) ;
#2423 = CIRCLE ( 'NONE', #2463, 0.1084251950000002102 ) ;
#2424 = DIRECTION ( 'NONE',  ( -1.000000000000000000, -0.000000000000000000, -0.000000000000000000 ) ) ;
#2425 = VECTOR ( 'NONE', #1820, 39.37007874015748143 ) ;
#2426 = DIRECTION ( 'NONE',  ( 0.000000000000000000, 0.000000000000000000, -1.000000000000000000 ) ) ;
#2427 = ORIENTED_EDGE ( 'NONE', *, *, #1130, .T. ) ;
#2428 = EDGE_CURVE ( 'NONE', #760, #943, #453, .T. ) ;
#2429 = CC_DESIGN_DATE_AND_TIME_ASSIGNMENT ( #1444, #2243, ( #2055 ) ) ;
#2430 = ORIENTED_EDGE ( 'NONE', *, *, #2304, .T. ) ;
#2431 = COORDINATED_UNIVERSAL_TIME_OFFSET ( 8, 0, .BEHIND. ) ;
#2432 = CARTESIAN_POINT ( 'NONE',  ( 0.06000000000000028227, 1.205361000122040949E-17, 0.2858110250000000518 ) ) ;
#2433 = VECTOR ( 'NONE', #1090, 39.37007874015748854 ) ;
#2434 = VECTOR ( 'NONE', #1917, 39.37007874015748143 ) ;
#2435 = ORIENTED_EDGE ( 'NONE', *, *, #790, .T. ) ;
#2436 = CARTESIAN_POINT ( 'NONE',  ( 0.1000000000000000056, 1.040949779275249893E-16, 0.8499999999999998668 ) ) ;
#2437 = CARTESIAN_POINT ( 'NONE',  ( 0.1000000000000000056, -0.3245323805863113420, -0.1397187338193616457 ) ) ;
#2438 = CONICAL_SURFACE ( 'NONE', #2312, 0.8499999999999999778, 0.7853981633974496113 ) ;
#2439 = LINE ( 'NONE', #1861, #1946 ) ;
#2440 = DIRECTION ( 'NONE',  ( 1.000000000000000000, -0.000000000000000000, -0.000000000000000000 ) ) ;
#2441 = CARTESIAN_POINT ( 'NONE',  ( 0.000000000000000000, 0.000000000000000000, 0.3842362200000000172 ) ) ;
#2442 = VERTEX_POINT ( 'NONE', #276 ) ;
#2443 = EDGE_CURVE ( 'NONE', #2367, #1888, #1185, .T. ) ;
#2444 = DIRECTION ( 'NONE',  ( 1.000000000000000000, -0.000000000000000000, -0.000000000000000000 ) ) ;
#2445 = ORIENTED_EDGE ( 'NONE', *, *, #624, .T. ) ;
#2446 = LINE ( 'NONE', #1870, #1715 ) ;
#2447 = CARTESIAN_POINT ( 'NONE',  ( 0.8300000000000000711, 0.1239999999999999297, 0.3484132424996274069 ) ) ;
#2448 = CARTESIAN_POINT ( 'NONE',  ( 0.8300000000000000711, 7.232166368126285127E-18, 0.4432913399999999782 ) ) ;
#2449 = CARTESIAN_POINT ( 'NONE',  ( 0.8300000000000000711, -0.3484132424996266852, 0.1500000000000014100 ) ) ;
#2450 = CARTESIAN_POINT ( 'NONE',  ( 0.1000000000000000194, 0.000000000000000000, 0.7342519685826771614 ) ) ;
#2451 = ORIENTED_EDGE ( 'NONE', *, *, #59, .T. ) ;
#2452 = CARTESIAN_POINT ( 'NONE',  ( 0.8300000000000000711, 0.3484132424996266852, 0.1240000000000014285 ) ) ;
#2453 = VERTEX_POINT ( 'NONE', #2379 ) ;
#2454 = CARTESIAN_POINT ( 'NONE',  ( 0.8300000000000000711, 0.000000000000000000, 0.3661417299999999431 ) ) ;
#2455 = CARTESIAN_POINT ( 'NONE',  ( 0.2074803200000000236, 0.3842362200000000172, 0.09842519499999997923 ) ) ;
#2456 = ADVANCED_FACE ( 'NONE', ( #854 ), #1224, .F. ) ;
#2457 = ADVANCED_FACE ( 'NONE', ( #1019 ), #85, .F. ) ;
#2458 = EDGE_CURVE ( 'NONE', #643, #1594, #1628, .T. ) ;
#2459 = DIRECTION ( 'NONE',  ( 0.000000000000000000, 0.000000000000000000, -1.000000000000000000 ) ) ;
#2460 = PLANE ( 'NONE',  #373 ) ;
#2461 = DIRECTION ( 'NONE',  ( 1.000000000000000000, 0.000000000000000000, 0.000000000000000000 ) ) ;
#2462 = ORIENTED_EDGE ( 'NONE', *, *, #1333, .F. ) ;
#2463 = AXIS2_PLACEMENT_3D ( 'NONE', #436, #252, #1399 ) ;
#2464 = EDGE_LOOP ( 'NONE', ( #1131, #2085, #1338, #2216 ) ) ;
#2465 = DIRECTION ( 'NONE',  ( 1.000000000000000000, 0.000000000000000000, 0.000000000000000000 ) ) ;
#2466 = CIRCLE ( 'NONE', #110, 0.2421259849999999880 ) ;
#2467 = AXIS2_PLACEMENT_3D ( 'NONE', #1536, #2300, #1551 ) ;
#2468 = ORIENTED_EDGE ( 'NONE', *, *, #2372, .F. ) ;
#2469 = LINE ( 'NONE', #1756, #2073 ) ;
#2470 = VECTOR ( 'NONE', #805, 39.37007874015748143 ) ;
#2471 = DIRECTION ( 'NONE',  ( -1.000000000000000000, 0.000000000000000000, 0.000000000000000000 ) ) ;
#2472 = VECTOR ( 'NONE', #1099, 39.37007874015748143 ) ;
#2473 = EDGE_CURVE ( 'NONE', #1023, #2367, #993, .T. ) ;
ENDSEC;
END-ISO-10303-21;
