ISO-10303-21;
HEADER;
FILE_DESCRIPTION (( 'STEP AP203' ),
    '1' );
FILE_NAME ('Spinner.STEP',
    '2026-04-28T03:59:30',
    ( '' ),
    ( '' ),
    'SwSTEP 2.0',
    'SolidWorks 2025',
    '' );
FILE_SCHEMA (( 'CONFIG_CONTROL_DESIGN' ));
ENDSEC;

DATA;
#1 = AXIS2_PLACEMENT_3D ( 'NONE', #300, #2013, #492 ) ;
#2 = EDGE_LOOP ( 'NONE', ( #19, #572, #195, #1407 ) ) ;
#3 = VERTEX_POINT ( 'NONE', #764 ) ;
#4 = DIRECTION ( 'NONE',  ( 1.000000000000000000, 0.000000000000000000, 0.000000000000000000 ) ) ;
#5 = DIRECTION ( 'NONE',  ( 0.000000000000000000, 0.000000000000000000, -1.000000000000000000 ) ) ;
#6 = VERTEX_POINT ( 'NONE', #227 ) ;
#7 = DIRECTION ( 'NONE',  ( 1.000000000000000000, 0.000000000000000000, 0.000000000000000000 ) ) ;
#8 = DIRECTION ( 'NONE',  ( -0.000000000000000000, -0.000000000000000000, 1.000000000000000000 ) ) ;
#9 = CARTESIAN_POINT ( 'NONE',  ( 0.5905511811023621549, 1.181102362204724310, 6.426085149087344657E-32 ) ) ;
#10 = VECTOR ( 'NONE', #769, 39.37007874015748143 ) ;
#11 = ORIENTED_EDGE ( 'NONE', *, *, #1155, .T. ) ;
#12 = ORIENTED_EDGE ( 'NONE', *, *, #1429, .T. ) ;
#13 = DIRECTION ( 'NONE',  ( 1.000000000000000000, -1.302166903349365533E-15, 0.000000000000000000 ) ) ;
#14 = EDGE_CURVE ( 'NONE', #888, #339, #1524, .T. ) ;
#15 = AXIS2_PLACEMENT_3D ( 'NONE', #201, #160, #521 ) ;
#16 = CARTESIAN_POINT ( 'NONE',  ( -1.574803149606299302, 2.952755905511811108, 0.2500000000000000000 ) ) ;
#17 = ORIENTED_EDGE ( 'NONE', *, *, #1106, .T. ) ;
#18 = DIRECTION ( 'NONE',  ( 0.000000000000000000, 0.000000000000000000, 1.000000000000000000 ) ) ;
#19 = ORIENTED_EDGE ( 'NONE', *, *, #252, .F. ) ;
#20 = CARTESIAN_POINT ( 'NONE',  ( 0.5905511811023627100, -2.563320675884590542E-16, 0.2500000000000000555 ) ) ;
#21 = ADVANCED_FACE ( 'NONE', ( #896 ), #1784, .F. ) ;
#22 = FACE_OUTER_BOUND ( 'NONE', #1324, .T. ) ;
#23 = EDGE_CURVE ( 'NONE', #1968, #1317, #986, .T. ) ;
#24 = ORIENTED_EDGE ( 'NONE', *, *, #14, .F. ) ;
#25 = EDGE_LOOP ( 'NONE', ( #682, #462 ) ) ;
#26 = DIRECTION ( 'NONE',  ( -3.485933199340899084E-32, -3.697785493223493385E-32, 1.000000000000000000 ) ) ;
#27 = EDGE_CURVE ( 'NONE', #2087, #404, #1234, .T. ) ;
#28 = ORIENTED_EDGE ( 'NONE', *, *, #873, .T. ) ;
#29 = EDGE_CURVE ( 'NONE', #1383, #1589, #533, .T. ) ;
#30 = DIRECTION ( 'NONE',  ( -0.000000000000000000, -0.000000000000000000, -1.000000000000000000 ) ) ;
#31 = EDGE_LOOP ( 'NONE', ( #1457, #1333, #122, #1445 ) ) ;
#32 = CARTESIAN_POINT ( 'NONE',  ( 0.5905511811023621549, 1.023758016408639726, 0.2500000000000000555 ) ) ;
#33 = DIRECTION ( 'NONE',  ( -0.000000000000000000, -0.000000000000000000, 1.000000000000000000 ) ) ;
#34 = AXIS2_PLACEMENT_3D ( 'NONE', #2046, #833, #4 ) ;
#35 = ORIENTED_EDGE ( 'NONE', *, *, #1681, .T. ) ;
#36 = ORIENTED_EDGE ( 'NONE', *, *, #736, .T. ) ;
#37 = DIRECTION ( 'NONE',  ( -1.000000000000000000, 0.000000000000000000, 0.000000000000000000 ) ) ;
#38 = CARTESIAN_POINT ( 'NONE',  ( -0.3937007874015746034, -1.023758016408639282, 0.2500000000000000555 ) ) ;
#39 = AXIS2_PLACEMENT_3D ( 'NONE', #1552, #211, #43 ) ;
#40 = CYLINDRICAL_SURFACE ( 'NONE', #1123, 2.952755905511809331 ) ;
#41 = CIRCLE ( 'NONE', #1007, 0.1968503937007873017 ) ;
#42 = ORIENTED_EDGE ( 'NONE', *, *, #1675, .F. ) ;
#43 = DIRECTION ( 'NONE',  ( 0.000000000000000000, 1.000000000000000000, 0.000000000000000000 ) ) ;
#44 = CARTESIAN_POINT ( 'NONE',  ( -0.5905511811023621549, 1.181102362204724976, 0.2500000000000000555 ) ) ;
#45 = ORIENTED_EDGE ( 'NONE', *, *, #1303, .F. ) ;
#46 = ORIENTED_EDGE ( 'NONE', *, *, #2129, .F. ) ;
#47 = CARTESIAN_POINT ( 'NONE',  ( 3.937007874015746367, -1.181102362204724532, 0.2500000000000000555 ) ) ;
#48 = DIRECTION ( 'NONE',  ( -1.000000000000000000, -4.340556344497895791E-16, 0.000000000000000000 ) ) ;
#49 = DIRECTION ( 'NONE',  ( -2.612289469706252052E-15, 1.000000000000000000, 0.000000000000000000 ) ) ;
#50 = DIRECTION ( 'NONE',  ( 1.000000000000000000, 0.000000000000000000, 0.000000000000000000 ) ) ;
#51 = EDGE_LOOP ( 'NONE', ( #1603, #616, #957, #512 ) ) ;
#52 = DIRECTION ( 'NONE',  ( 0.000000000000000000, 0.000000000000000000, -1.000000000000000000 ) ) ;
#53 = EDGE_CURVE ( 'NONE', #2040, #1179, #983, .T. ) ;
#54 = ADVANCED_FACE ( 'NONE', ( #1175 ), #1543, .T. ) ;
#55 = CARTESIAN_POINT ( 'NONE',  ( 0.3661417299999995545, 0.1250000000000016098, 0.000000000000000000 ) ) ;
#56 = ORIENTED_EDGE ( 'NONE', *, *, #1041, .T. ) ;
#57 = ORIENTED_EDGE ( 'NONE', *, *, #273, .T. ) ;
#58 = LINE ( 'NONE', #573, #1916 ) ;
#59 = DIRECTION ( 'NONE',  ( -1.000000000000000000, 1.926171080307062630E-15, 0.000000000000000000 ) ) ;
#60 = EDGE_LOOP ( 'NONE', ( #938, #1556, #28, #1192 ) ) ;
#61 = CARTESIAN_POINT ( 'NONE',  ( -0.7342519685039371469, 4.098227477461615874E-17, -2.264484164926178650E-33 ) ) ;
#62 = PERSON_AND_ORGANIZATION ( #116, #1329 ) ;
#63 = PLANE ( 'NONE',  #179 ) ;
#64 = EDGE_CURVE ( 'NONE', #1643, #1662, #1665, .T. ) ;
#65 = ORIENTED_EDGE ( 'NONE', *, *, #1326, .F. ) ;
#66 = ORIENTED_EDGE ( 'NONE', *, *, #618, .T. ) ;
#67 = CYLINDRICAL_SURFACE ( 'NONE', #349, 0.1250000000000000278 ) ;
#68 = VECTOR ( 'NONE', #790, 39.37007874015748143 ) ;
#69 = AXIS2_PLACEMENT_3D ( 'NONE', #1619, #95, #242 ) ;
#70 = DIRECTION ( 'NONE',  ( -0.000000000000000000, -0.000000000000000000, 1.000000000000000000 ) ) ;
#71 = CIRCLE ( 'NONE', #1094, 3.782872158666986451 ) ;
#72 = EDGE_LOOP ( 'NONE', ( #1726, #1652, #1010, #483 ) ) ;
#73 = DIRECTION ( 'NONE',  ( -0.000000000000000000, -0.000000000000000000, -1.000000000000000000 ) ) ;
#74 = PLANE ( 'NONE',  #106 ) ;
#75 = CARTESIAN_POINT ( 'NONE',  ( -0.06496062992125975488, -0.6692913385826771977, 0.2500000000000000555 ) ) ;
#76 = AXIS2_PLACEMENT_3D ( 'NONE', #548, #503, #1213 ) ;
#77 = CARTESIAN_POINT ( 'NONE',  ( 0.000000000000000000, 0.000000000000000000, 0.000000000000000000 ) ) ;
#78 = DIRECTION ( 'NONE',  ( -1.000000000000000000, 0.000000000000000000, 0.000000000000000000 ) ) ;
#79 = ORIENTED_EDGE ( 'NONE', *, *, #1729, .T. ) ;
#80 = ORIENTED_EDGE ( 'NONE', *, *, #1257, .T. ) ;
#81 = CARTESIAN_POINT ( 'NONE',  ( 1.574803149606299302, 1.223817040556749891, 0.2500000000000000555 ) ) ;
#82 = CARTESIAN_POINT ( 'NONE',  ( -0.3484132424996275179, -0.1249999999999985983, 0.000000000000000000 ) ) ;
#83 = EDGE_LOOP ( 'NONE', ( #694, #1544 ) ) ;
#84 = FACE_OUTER_BOUND ( 'NONE', #1660, .T. ) ;
#85 = DIRECTION ( 'NONE',  ( -3.485933199340899084E-32, -3.697785493223493385E-32, 1.000000000000000000 ) ) ;
#86 = APPROVAL_DATE_TIME ( #599, #1969 ) ;
#88 = EDGE_CURVE ( 'NONE', #339, #888, #2102, .T. ) ;
#87 = FACE_OUTER_BOUND ( 'NONE', #328, .T. ) ;
#89 = VECTOR ( 'NONE', #2085, 39.37007874015748143 ) ;
#90 = ORIENTED_EDGE ( 'NONE', *, *, #1839, .T. ) ;
#91 = CARTESIAN_POINT ( 'NONE',  ( 8.196454954923230515E-17, -0.6692913385826771977, 0.2500000000000000555 ) ) ;
#92 = CARTESIAN_POINT ( 'NONE',  ( 0.1401141671340029871, 0.3254508752752843237, 0.000000000000000000 ) ) ;
#93 = EDGE_CURVE ( 'NONE', #1889, #1863, #348, .T. ) ;
#94 = EDGE_LOOP ( 'NONE', ( #1030, #1455, #250, #133 ) ) ;
#95 = DIRECTION ( 'NONE',  ( -0.000000000000000000, -0.000000000000000000, -1.000000000000000000 ) ) ;
#96 = DIRECTION ( 'NONE',  ( 0.000000000000000000, 1.000000000000000000, 3.697785493223495575E-32 ) ) ;
#97 = DIRECTION ( 'NONE',  ( -3.485933199340899084E-32, -3.697785493223493385E-32, 1.000000000000000000 ) ) ;
#98 = EDGE_CURVE ( 'NONE', #1384, #1190, #2089, .T. ) ;
#99 = DIRECTION ( 'NONE',  ( -0.000000000000000000, 0.000000000000000000, -1.000000000000000000 ) ) ;
#100 = APPLICATION_CONTEXT ( 'configuration controlled 3d designs of mechanical parts and assemblies' ) ;
#101 = AXIS2_PLACEMENT_3D ( 'NONE', #685, #1574, #1364 ) ;
#103 = VERTEX_POINT ( 'NONE', #827 ) ;
#102 = AXIS2_PLACEMENT_3D ( 'NONE', #1871, #1567, #1018 ) ;
#104 = ORIENTED_EDGE ( 'NONE', *, *, #838, .T. ) ;
#105 = DIRECTION ( 'NONE',  ( 1.000000000000000000, 0.000000000000000000, 0.000000000000000000 ) ) ;
#106 = AXIS2_PLACEMENT_3D ( 'NONE', #558, #48, #891 ) ;
#107 = DIRECTION ( 'NONE',  ( -0.000000000000000000, -0.000000000000000000, -1.000000000000000000 ) ) ;
#108 = CARTESIAN_POINT ( 'NONE',  ( 0.3937007874015748810, -1.023758016408639726, 0.000000000000000000 ) ) ;
#109 = ORIENTED_EDGE ( 'NONE', *, *, #2058, .T. ) ;
#110 = CIRCLE ( 'NONE', #1913, 0.1250000000000000278 ) ;
#111 = CARTESIAN_POINT ( 'NONE',  ( 0.3254508752752838241, 0.1401141671340042638, 0.000000000000000000 ) ) ;
#112 = VECTOR ( 'NONE', #1661, 39.37007874015748143 ) ;
#113 = EDGE_CURVE ( 'NONE', #2195, #246, #975, .T. ) ;
#114 = VERTEX_POINT ( 'NONE', #505 ) ;
#115 = DIRECTION ( 'NONE',  ( 0.000000000000000000, 1.000000000000000000, 0.000000000000000000 ) ) ;
#116 = PERSON ( 'UNSPECIFIED', 'UNSPECIFIED', 'UNSPECIFIED', ('UNSPECIFIED'), ('UNSPECIFIED'), ('UNSPECIFIED') ) ;
#117 = LINE ( 'NONE', #977, #1188 ) ;
#118 = ORIENTED_EDGE ( 'NONE', *, *, #1657, .F. ) ;
#119 = LINE ( 'NONE', #1193, #258 ) ;
#120 = ORIENTED_EDGE ( 'NONE', *, *, #1990, .T. ) ;
#121 = VECTOR ( 'NONE', #1613, 39.37007874015748143 ) ;
#122 = ORIENTED_EDGE ( 'NONE', *, *, #449, .F. ) ;
#123 = FACE_BOUND ( 'NONE', #1442, .T. ) ;
#124 = ADVANCED_FACE ( 'NONE', ( #1859 ), #860, .T. ) ;
#125 = AXIS2_PLACEMENT_3D ( 'NONE', #1034, #508, #1884 ) ;
#126 = EDGE_CURVE ( 'NONE', #1317, #546, #1294, .T. ) ;
#127 = CARTESIAN_POINT ( 'NONE',  ( -0.3230437903804734834, -0.8400254219347271789, 9.257092941595349668E-33 ) ) ;
#128 = ORIENTED_EDGE ( 'NONE', *, *, #514, .T. ) ;
#129 = FACE_BOUND ( 'NONE', #2106, .T. ) ;
#130 = EDGE_LOOP ( 'NONE', ( #142, #1399, #1581, #445, #1222, #2034, #531, #1981, #671 ) ) ;
#131 = DIRECTION ( 'NONE',  ( -1.000000000000000000, 0.000000000000000000, 0.000000000000000000 ) ) ;
#132 = EDGE_CURVE ( 'NONE', #1875, #546, #1678, .T. ) ;
#133 = ORIENTED_EDGE ( 'NONE', *, *, #428, .T. ) ;
#134 = FACE_BOUND ( 'NONE', #741, .T. ) ;
#135 = AXIS2_PLACEMENT_3D ( 'NONE', #77, #579, #50 ) ;
#136 = DIRECTION ( 'NONE',  ( -0.000000000000000000, 0.000000000000000000, 1.000000000000000000 ) ) ;
#137 = VERTEX_POINT ( 'NONE', #495 ) ;
#138 = CARTESIAN_POINT ( 'NONE',  ( 2.169012220247946192E-15, 0.000000000000000000, 0.2500000000000000555 ) ) ;
#139 = EDGE_LOOP ( 'NONE', ( #1512, #2038, #189, #517 ) ) ;
#140 = CARTESIAN_POINT ( 'NONE',  ( -0.8321245969575884471, 2.437085547680102771, -1.372414645409803594E-33 ) ) ;
#141 = AXIS2_PLACEMENT_3D ( 'NONE', #914, #1786, #786 ) ;
#142 = ORIENTED_EDGE ( 'NONE', *, *, #1769, .T. ) ;
#143 = VERTEX_POINT ( 'NONE', #356 ) ;
#144 = AXIS2_PLACEMENT_3D ( 'NONE', #108, #1439, #788 ) ;
#145 = CIRCLE ( 'NONE', #1377, 1.580001485664835004 ) ;
#146 = CARTESIAN_POINT ( 'NONE',  ( -0.8321245969575884471, 2.437085547680102771, 0.2500000000000000555 ) ) ;
#147 = EDGE_LOOP ( 'NONE', ( #540, #1314, #1071, #1116 ) ) ;
#148 = CARTESIAN_POINT ( 'NONE',  ( 0.3484132424996266852, 0.1500000000000013267, 0.2500000000000000000 ) ) ;
#149 = AXIS2_PLACEMENT_3D ( 'NONE', #538, #857, #1513 ) ;
#150 = DIRECTION ( 'NONE',  ( 0.000000000000000000, 0.000000000000000000, -1.000000000000000000 ) ) ;
#151 = VERTEX_POINT ( 'NONE', #1005 ) ;
#152 = CARTESIAN_POINT ( 'NONE',  ( -0.1484473629476749101, 2.279842608821780026, 0.2500000000000000555 ) ) ;
#153 = ADVANCED_FACE ( 'NONE', ( #1998 ), #177, .T. ) ;
#154 = ORIENTED_EDGE ( 'NONE', *, *, #2078, .T. ) ;
#155 = EDGE_CURVE ( 'NONE', #491, #1069, #1355, .T. ) ;
#156 = CYLINDRICAL_SURFACE ( 'NONE', #1640, 0.3543307099999999932 ) ;
#157 = DIRECTION ( 'NONE',  ( 1.000000000000000000, 0.000000000000000000, 0.000000000000000000 ) ) ;
#158 = VERTEX_POINT ( 'NONE', #1184 ) ;
#159 = DIRECTION ( 'NONE',  ( -3.485933199340899084E-32, -3.697785493223493385E-32, 1.000000000000000000 ) ) ;
#160 = DIRECTION ( 'NONE',  ( -3.485933199340899084E-32, -3.697785493223493385E-32, 1.000000000000000000 ) ) ;
#161 = ADVANCED_FACE ( 'NONE', ( #1828 ), #2181, .T. ) ;
#162 = ORIENTED_EDGE ( 'NONE', *, *, #1268, .F. ) ;
#163 = ORIENTED_EDGE ( 'NONE', *, *, #291, .T. ) ;
#164 = CYLINDRICAL_SURFACE ( 'NONE', #1744, 1.186300698263260012 ) ;
#165 = DIRECTION ( 'NONE',  ( 0.000000000000000000, 0.000000000000000000, -1.000000000000000000 ) ) ;
#166 = DIRECTION ( 'NONE',  ( 0.000000000000000000, 0.000000000000000000, -1.000000000000000000 ) ) ;
#167 = CARTESIAN_POINT ( 'NONE',  ( 0.1484473629476749656, -2.279842608821780026, -5.622171174269929574E-32 ) ) ;
#168 = DIRECTION ( 'NONE',  ( -3.485933199340899084E-32, -3.697785493223493385E-32, 1.000000000000000000 ) ) ;
#169 = ORIENTED_EDGE ( 'NONE', *, *, #1633, .F. ) ;
#170 = ORIENTED_EDGE ( 'NONE', *, *, #1134, .T. ) ;
#171 = DIRECTION ( 'NONE',  ( 0.000000000000000000, 1.000000000000000000, 0.000000000000000000 ) ) ;
#172 = CIRCLE ( 'NONE', #560, 0.8999999999999999112 ) ;
#173 = CARTESIAN_POINT ( 'NONE',  ( 0.3484132424996275179, -0.1249999999999987649, 0.2500000000000000000 ) ) ;
#174 = AXIS2_PLACEMENT_3D ( 'NONE', #1260, #432, #597 ) ;
#175 = CIRCLE ( 'NONE', #1489, 3.782872158666986451 ) ;
#176 = VERTEX_POINT ( 'NONE', #1879 ) ;
#177 = PLANE ( 'NONE',  #1122 ) ;
#178 = DIRECTION ( 'NONE',  ( -0.000000000000000000, -0.000000000000000000, 1.000000000000000000 ) ) ;
#179 = AXIS2_PLACEMENT_3D ( 'NONE', #1414, #2105, #1245 ) ;
#180 = ADVANCED_FACE ( 'NONE', ( #697 ), #2051, .T. ) ;
#181 = CARTESIAN_POINT ( 'NONE',  ( -0.9842519685039370358, 1.181102362204724310, 0.2500000000000000000 ) ) ;
#182 = ORIENTED_EDGE ( 'NONE', *, *, #88, .F. ) ;
#183 = ORIENTED_EDGE ( 'NONE', *, *, #1322, .T. ) ;
#184 = ORIENTED_EDGE ( 'NONE', *, *, #1507, .T. ) ;
#185 = FACE_OUTER_BOUND ( 'NONE', #370, .T. ) ;
#186 = EDGE_LOOP ( 'NONE', ( #1673, #545, #393, #66 ) ) ;
#187 = DIRECTION ( 'NONE',  ( -3.485933199340899084E-32, -3.697785493223493385E-32, 1.000000000000000000 ) ) ;
#188 = DIRECTION ( 'NONE',  ( 0.000000000000000000, 0.000000000000000000, 1.000000000000000000 ) ) ;
#189 = ORIENTED_EDGE ( 'NONE', *, *, #1994, .T. ) ;
#190 = CARTESIAN_POINT ( 'NONE',  ( 0.000000000000000000, 0.3661417299999998320, 0.000000000000000000 ) ) ;
#191 = CC_DESIGN_PERSON_AND_ORGANIZATION_ASSIGNMENT ( #758, #1787, ( #1247 ) ) ;
#192 = CARTESIAN_POINT ( 'NONE',  ( -0.1500000000000000777, 0.3484132424996272404, 0.000000000000000000 ) ) ;
#193 = EDGE_CURVE ( 'NONE', #6, #1481, #41, .T. ) ;
#194 = VECTOR ( 'NONE', #1264, 39.37007874015748143 ) ;
#195 = ORIENTED_EDGE ( 'NONE', *, *, #623, .T. ) ;
#196 = ORIENTED_EDGE ( 'NONE', *, *, #801, .T. ) ;
#197 = CARTESIAN_POINT ( 'NONE',  ( 0.7927545182174312588, -2.437085547680103215, 0.2500000000000000555 ) ) ;
#198 = CARTESIAN_POINT ( 'NONE',  ( 0.1250000000000000555, -0.3661417299999998320, 0.000000000000000000 ) ) ;
#199 = EDGE_LOOP ( 'NONE', ( #993, #1529, #1380, #1214 ) ) ;
#200 = LINE ( 'NONE', #1714, #840 ) ;
#201 = CARTESIAN_POINT ( 'NONE',  ( 2.169012220247946192E-15, 0.000000000000000000, 0.000000000000000000 ) ) ;
#202 = EDGE_LOOP ( 'NONE', ( #163, #1908, #2047, #1594 ) ) ;
#203 = ORIENTED_EDGE ( 'NONE', *, *, #2019, .T. ) ;
#204 = LINE ( 'NONE', #1762, #1235 ) ;
#205 = DIRECTION ( 'NONE',  ( -0.000000000000000000, -0.000000000000000000, 1.000000000000000000 ) ) ;
#206 = APPROVAL_PERSON_ORGANIZATION ( #1587, #1242, #1621 ) ;
#207 = ORIENTED_EDGE ( 'NONE', *, *, #815, .F. ) ;
#208 = CARTESIAN_POINT ( 'NONE',  ( -0.1250000000000000000, 0.3661417299999999431, 0.000000000000000000 ) ) ;
#209 = VECTOR ( 'NONE', #8, 39.37007874015748143 ) ;
#210 = ORIENTED_EDGE ( 'NONE', *, *, #1779, .F. ) ;
#211 = DIRECTION ( 'NONE',  ( -3.485933199340899084E-32, -3.697785493223493385E-32, 1.000000000000000000 ) ) ;
#212 = DIRECTION ( 'NONE',  ( 0.000000000000000000, 0.000000000000000000, -1.000000000000000000 ) ) ;
#213 = AXIS2_PLACEMENT_3D ( 'NONE', #526, #1386, #2072 ) ;
#214 = VECTOR ( 'NONE', #1072, 39.37007874015748143 ) ;
#215 = ORIENTED_EDGE ( 'NONE', *, *, #29, .F. ) ;
#216 = VERTEX_POINT ( 'NONE', #1527 ) ;
#217 = CYLINDRICAL_SURFACE ( 'NONE', #787, 0.06496062992125983815 ) ;
#218 = DIRECTION ( 'NONE',  ( -1.000000000000000000, 0.000000000000000000, 0.000000000000000000 ) ) ;
#219 = VECTOR ( 'NONE', #2000, 39.37007874015748143 ) ;
#220 = DIRECTION ( 'NONE',  ( -0.000000000000000000, -0.000000000000000000, 1.000000000000000000 ) ) ;
#221 =( CONVERSION_BASED_UNIT ( 'INCH', #915 ) LENGTH_UNIT ( ) NAMED_UNIT ( #1465 ) );
#222 = EDGE_CURVE ( 'NONE', #1179, #114, #1528, .T. ) ;
#223 = EDGE_CURVE ( 'NONE', #1190, #807, #834, .T. ) ;
#224 = ORIENTED_EDGE ( 'NONE', *, *, #679, .F. ) ;
#225 = CYLINDRICAL_SURFACE ( 'NONE', #1220, 0.06496062992125993529 ) ;
#226 = CARTESIAN_POINT ( 'NONE',  ( 0.6043307086614174706, 4.098227477461615257E-17, 0.2500000000000000555 ) ) ;
#227 = CARTESIAN_POINT ( 'NONE',  ( -0.5905511811023619329, -1.023758016408639282, 0.2500000000000000555 ) ) ;
#228 = EDGE_CURVE ( 'NONE', #716, #1790, #630, .T. ) ;
#229 = ORIENTED_EDGE ( 'NONE', *, *, #479, .T. ) ;
#230 = CARTESIAN_POINT ( 'NONE',  ( 0.000000000000000000, 0.000000000000000000, 0.2500000000000000555 ) ) ;
#231 = CARTESIAN_POINT ( 'NONE',  ( 0.1500000000000000777, -0.3484132424996272404, 0.2500000000000000000 ) ) ;
#232 = CARTESIAN_POINT ( 'NONE',  ( -0.3484132424996268518, 0.1250000000000012768, 0.2500000000000000000 ) ) ;
#233 = APPROVAL_STATUS ( 'not_yet_approved' ) ;
#234 = DIRECTION ( 'NONE',  ( -1.926171080307062630E-15, 1.000000000000000000, 0.000000000000000000 ) ) ;
#235 = ORIENTED_EDGE ( 'NONE', *, *, #364, .F. ) ;
#236 = ORIENTED_EDGE ( 'NONE', *, *, #1542, .T. ) ;
#237 = CARTESIAN_POINT ( 'NONE',  ( -0.5905511811023621549, -3.506318434031948215E-78, -2.058621968114693520E-32 ) ) ;
#238 = FACE_OUTER_BOUND ( 'NONE', #1423, .T. ) ;
#239 = VERTEX_POINT ( 'NONE', #2169 ) ;
#240 = ORIENTED_EDGE ( 'NONE', *, *, #268, .T. ) ;
#241 = DIRECTION ( 'NONE',  ( 1.000000000000000000, 0.000000000000000000, 0.000000000000000000 ) ) ;
#242 = DIRECTION ( 'NONE',  ( 1.000000000000000000, 0.000000000000000000, 0.000000000000000000 ) ) ;
#243 = LINE ( 'NONE', #410, #1601 ) ;
#244 = CARTESIAN_POINT ( 'NONE',  ( -0.9842519685039370358, 0.000000000000000000, 0.2500000000000000000 ) ) ;
#245 = ORIENTED_EDGE ( 'NONE', *, *, #515, .F. ) ;
#246 = VERTEX_POINT ( 'NONE', #140 ) ;
#247 = CARTESIAN_POINT ( 'NONE',  ( 0.1484473629476749656, -2.279842608821780026, 0.2500000000000000555 ) ) ;
#248 = VECTOR ( 'NONE', #1687, 39.37007874015748143 ) ;
#249 = AXIS2_PLACEMENT_3D ( 'NONE', #773, #931, #1409 ) ;
#250 = ORIENTED_EDGE ( 'NONE', *, *, #592, .T. ) ;
#251 = DIRECTION ( 'NONE',  ( -1.000000000000000000, 0.000000000000000000, 0.000000000000000000 ) ) ;
#252 = EDGE_CURVE ( 'NONE', #1105, #1430, #2201, .T. ) ;
#253 = AXIS2_PLACEMENT_3D ( 'NONE', #1229, #1064, #372 ) ;
#254 = ORIENTED_EDGE ( 'NONE', *, *, #1155, .F. ) ;
#255 = DIRECTION ( 'NONE',  ( -1.926171080307062630E-15, -1.000000000000000000, 0.000000000000000000 ) ) ;
#256 = DIRECTION ( 'NONE',  ( -1.000000000000000000, 0.000000000000000000, 0.000000000000000000 ) ) ;
#257 = AXIS2_PLACEMENT_3D ( 'NONE', #1435, #596, #1101 ) ;
#258 = VECTOR ( 'NONE', #205, 39.37007874015748143 ) ;
#259 = CALENDAR_DATE ( 2026, 27, 4 ) ;
#260 = DIRECTION ( 'NONE',  ( -1.000000000000000000, 0.000000000000000000, 0.000000000000000000 ) ) ;
#261 = ORIENTED_EDGE ( 'NONE', *, *, #417, .T. ) ;
#262 = EDGE_CURVE ( 'NONE', #1662, #1790, #613, .T. ) ;
#263 = DIRECTION ( 'NONE',  ( 0.000000000000000000, 0.000000000000000000, -1.000000000000000000 ) ) ;
#264 = CARTESIAN_POINT ( 'NONE',  ( 0.1250000000000000278, -0.3661417299999999431, 0.000000000000000000 ) ) ;
#265 = ADVANCED_FACE ( 'NONE', ( #1297 ), #156, .F. ) ;
#266 = ORIENTED_EDGE ( 'NONE', *, *, #801, .F. ) ;
#267 = DIRECTION ( 'NONE',  ( 1.000000000000000000, -7.704684321228160590E-15, 0.000000000000000000 ) ) ;
#268 = EDGE_CURVE ( 'NONE', #1853, #1618, #1827, .T. ) ;
#269 = DIRECTION ( 'NONE',  ( -3.485933199340899084E-32, -3.697785493223493385E-32, 1.000000000000000000 ) ) ;
#270 = DATE_AND_TIME ( #1755, #1834 ) ;
#271 = DIRECTION ( 'NONE',  ( 1.000000000000000000, -7.704684321228160590E-15, 0.000000000000000000 ) ) ;
#272 = CARTESIAN_POINT ( 'NONE',  ( 0.1500000000000000777, 0.3484132424996272404, 0.000000000000000000 ) ) ;
#273 = EDGE_CURVE ( 'NONE', #275, #798, #576, .T. ) ;
#274 = EDGE_LOOP ( 'NONE', ( #1555, #1211, #207, #183 ) ) ;
#275 = VERTEX_POINT ( 'NONE', #465 ) ;
#276 = CYLINDRICAL_SURFACE ( 'NONE', #1978, 0.02500000000000007425 ) ;
#277 = CARTESIAN_POINT ( 'NONE',  ( -0.3230437903804733168, 0.8400254219347266238, 0.2500000000000000555 ) ) ;
#278 = LINE ( 'NONE', #943, #10 ) ;
#279 = CARTESIAN_POINT ( 'NONE',  ( 0.3484132424996266852, 0.1500000000000013267, 0.000000000000000000 ) ) ;
#280 =( GEOMETRIC_REPRESENTATION_CONTEXT ( 3 ) GLOBAL_UNCERTAINTY_ASSIGNED_CONTEXT ( ( #1130 ) ) GLOBAL_UNIT_ASSIGNED_CONTEXT ( ( #221, #1599, #399 ) ) REPRESENTATION_CONTEXT ( 'NONE', 'WORKASPACE' ) );
#281 = AXIS2_PLACEMENT_3D ( 'NONE', #318, #721, #1040 ) ;
#283 = ORIENTED_EDGE ( 'NONE', *, *, #1157, .T. ) ;
#282 = AXIS2_PLACEMENT_3D ( 'NONE', #1115, #1443, #1418 ) ;
#284 = DIRECTION ( 'NONE',  ( 0.000000000000000000, 0.000000000000000000, -1.000000000000000000 ) ) ;
#285 = DIRECTION ( 'NONE',  ( 0.000000000000000000, 0.000000000000000000, 1.000000000000000000 ) ) ;
#286 = VECTOR ( 'NONE', #267, 39.37007874015748143 ) ;
#287 = LINE ( 'NONE', #1463, #1374 ) ;
#288 = FACE_OUTER_BOUND ( 'NONE', #1149, .T. ) ;
#289 = AXIS2_PLACEMENT_3D ( 'NONE', #1869, #1153, #7 ) ;
#290 = ORIENTED_EDGE ( 'NONE', *, *, #1657, .T. ) ;
#291 = EDGE_CURVE ( 'NONE', #158, #1614, #1566, .T. ) ;
#292 = CIRCLE ( 'NONE', #498, 0.02500000000000007425 ) ;
#293 = EDGE_CURVE ( 'NONE', #1511, #782, #397, .T. ) ;
#294 = VERTEX_POINT ( 'NONE', #1849 ) ;
#295 = CARTESIAN_POINT ( 'NONE',  ( 0.3230437903804740940, -0.8400254219347272899, 0.2500000000000000555 ) ) ;
#296 = LINE ( 'NONE', #1462, #841 ) ;
#297 = ADVANCED_FACE ( 'NONE', ( #1135 ), #995, .T. ) ;
#298 = ORIENTED_EDGE ( 'NONE', *, *, #1029, .F. ) ;
#299 = CARTESIAN_POINT ( 'NONE',  ( -0.3484132424996276289, -0.1499999999999986622, 0.2500000000000000000 ) ) ;
#300 = CARTESIAN_POINT ( 'NONE',  ( 3.937007874015746367, -1.181102362204724532, 0.000000000000000000 ) ) ;
#301 = VECTOR ( 'NONE', #2134, 39.37007874015748143 ) ;
#302 = ORIENTED_EDGE ( 'NONE', *, *, #1966, .T. ) ;
#303 = ORIENTED_EDGE ( 'NONE', *, *, #1112, .T. ) ;
#304 = DIRECTION ( 'NONE',  ( -0.000000000000000000, -0.000000000000000000, 1.000000000000000000 ) ) ;
#305 = AXIS2_PLACEMENT_3D ( 'NONE', #1491, #1128, #2176 ) ;
#306 = CARTESIAN_POINT ( 'NONE',  ( 0.3254508752752850453, -0.1401141671340017936, 6.163878762534664564E-33 ) ) ;
#307 = ORIENTED_EDGE ( 'NONE', *, *, #1075, .F. ) ;
#308 = DIRECTION ( 'NONE',  ( 0.000000000000000000, 0.000000000000000000, -1.000000000000000000 ) ) ;
#309 = CARTESIAN_POINT ( 'NONE',  ( -0.6043307086614172485, 4.893765752498283924E-17, 0.2500000000000000555 ) ) ;
#310 = CARTESIAN_POINT ( 'NONE',  ( 0.000000000000000000, 0.6692913385826771977, 0.2500000000000000555 ) ) ;
#311 = ORIENTED_EDGE ( 'NONE', *, *, #1735, .T. ) ;
#312 = DIRECTION ( 'NONE',  ( -1.302166903349365335E-15, -1.000000000000000000, -3.697785493223497764E-32 ) ) ;
#313 = ADVANCED_FACE ( 'NONE', ( #504 ), #644, .T. ) ;
#314 = CARTESIAN_POINT ( 'NONE',  ( -0.7927545182174309257, 2.437085547680102771, 0.000000000000000000 ) ) ;
#315 = EDGE_CURVE ( 'NONE', #782, #2086, #2023, .T. ) ;
#316 = EDGE_LOOP ( 'NONE', ( #307, #1951, #414, #335 ) ) ;
#317 = CARTESIAN_POINT ( 'NONE',  ( -0.3230437903804733168, 0.8400254219347266238, 1.980124745440954537E-32 ) ) ;
#318 = CARTESIAN_POINT ( 'NONE',  ( -0.7927545182174309257, 2.437085547680102771, 0.2500000000000000555 ) ) ;
#319 = CIRCLE ( 'NONE', #849, 0.03937007874015806264 ) ;
#320 = AXIS2_PLACEMENT_3D ( 'NONE', #1771, #1433, #375 ) ;
#321 = EDGE_CURVE ( 'NONE', #377, #1571, #956, .T. ) ;
#322 = CARTESIAN_POINT ( 'NONE',  ( 1.574803149606299302, 1.223817040556749891, 0.2500000000000000000 ) ) ;
#323 = VERTEX_POINT ( 'NONE', #2005 ) ;
#324 = LINE ( 'NONE', #1347, #2208 ) ;
#325 = VECTOR ( 'NONE', #890, 39.37007874015748143 ) ;
#326 = CARTESIAN_POINT ( 'NONE',  ( 0.000000000000000000, 0.6692913385826771977, 0.2500000000000000555 ) ) ;
#327 = CC_DESIGN_PERSON_AND_ORGANIZATION_ASSIGNMENT ( #1745, #1230, ( #2145 ) ) ;
#328 = EDGE_LOOP ( 'NONE', ( #1269, #953, #496, #823 ) ) ;
#329 = ORIENTED_EDGE ( 'NONE', *, *, #653, .T. ) ;
#331 = EDGE_CURVE ( 'NONE', #1207, #2119, #499, .T. ) ;
#330 = CARTESIAN_POINT ( 'NONE',  ( -0.3230437903804733168, 0.8400254219347266238, 0.2500000000000000555 ) ) ;
#332 = CARTESIAN_POINT ( 'NONE',  ( 0.000000000000000000, 0.000000000000000000, 1.252198591294576113 ) ) ;
#333 = VERTEX_POINT ( 'NONE', #173 ) ;
#334 = DIRECTION ( 'NONE',  ( 0.000000000000000000, 0.000000000000000000, -1.000000000000000000 ) ) ;
#335 = ORIENTED_EDGE ( 'NONE', *, *, #1097, .T. ) ;
#336 = DIRECTION ( 'NONE',  ( 0.000000000000000000, 1.000000000000000000, 0.000000000000000000 ) ) ;
#337 = LINE ( 'NONE', #842, #692 ) ;
#338 = ORIENTED_EDGE ( 'NONE', *, *, #999, .T. ) ;
#339 = VERTEX_POINT ( 'NONE', #1694 ) ;
#340 = PLANE ( 'NONE',  #1270 ) ;
#341 = CARTESIAN_POINT ( 'NONE',  ( 0.1500000000000000777, 0.3484132424996272404, 0.000000000000000000 ) ) ;
#342 = DIRECTION ( 'NONE',  ( -1.000000000000000000, 0.000000000000000000, 0.000000000000000000 ) ) ;
#343 = DIRECTION ( 'NONE',  ( 0.000000000000000000, 0.000000000000000000, -1.000000000000000000 ) ) ;
#344 = DIRECTION ( 'NONE',  ( -1.000000000000000000, 0.000000000000000000, 0.000000000000000000 ) ) ;
#345 = ORIENTED_EDGE ( 'NONE', *, *, #550, .F. ) ;
#346 = ORIENTED_EDGE ( 'NONE', *, *, #2096, .T. ) ;
#347 = CARTESIAN_POINT ( 'NONE',  ( 0.9842519685039370358, -1.181102362204724310, 0.2500000000000000000 ) ) ;
#348 = CIRCLE ( 'NONE', #808, 0.1968503937007875793 ) ;
#349 = AXIS2_PLACEMENT_3D ( 'NONE', #1246, #594, #761 ) ;
#350 = AXIS2_PLACEMENT_3D ( 'NONE', #1833, #2184, #783 ) ;
#351 = EDGE_CURVE ( 'NONE', #2195, #1073, #1733, .T. ) ;
#352 = CARTESIAN_POINT ( 'NONE',  ( 0.5905511811023621549, 1.181102362204724310, 0.2500000000000000555 ) ) ;
#353 = EDGE_CURVE ( 'NONE', #1227, #1626, #1027, .T. ) ;
#354 = AXIS2_PLACEMENT_3D ( 'NONE', #1103, #757, #256 ) ;
#355 = EDGE_LOOP ( 'NONE', ( #1086, #406, #11, #419 ) ) ;
#356 = CARTESIAN_POINT ( 'NONE',  ( -0.5905511811023621549, -1.181102362204724310, -6.426085149087322761E-32 ) ) ;
#357 = ORIENTED_EDGE ( 'NONE', *, *, #780, .F. ) ;
#358 = CARTESIAN_POINT ( 'NONE',  ( -0.6692913385826771977, 4.098227477461615874E-17, 0.2500000000000000555 ) ) ;
#359 = EDGE_CURVE ( 'NONE', #909, #971, #1014, .T. ) ;
#360 = DIRECTION ( 'NONE',  ( 1.000000000000000000, 0.000000000000000000, 0.000000000000000000 ) ) ;
#361 = VERTEX_POINT ( 'NONE', #232 ) ;
#362 = EDGE_LOOP ( 'NONE', ( #489, #447, #266, #1023 ) ) ;
#363 = CARTESIAN_POINT ( 'NONE',  ( 0.6692913385826771977, 4.098227477461615257E-17, 0.2500000000000000555 ) ) ;
#364 = EDGE_CURVE ( 'NONE', #1589, #176, #516, .T. ) ;
#365 = LINE ( 'NONE', #208, #1450 ) ;
#366 = ORIENTED_EDGE ( 'NONE', *, *, #1495, .F. ) ;
#367 = DIRECTION ( 'NONE',  ( -1.000000000000000000, 0.000000000000000000, 0.000000000000000000 ) ) ;
#368 = CARTESIAN_POINT ( 'NONE',  ( -0.06496062992125983815, 0.6692913385826771977, 0.2500000000000000555 ) ) ;
#369 = ORIENTED_EDGE ( 'NONE', *, *, #2022, .F. ) ;
#370 = EDGE_LOOP ( 'NONE', ( #1308, #2003, #1757, #650 ) ) ;
#371 = DIRECTION ( 'NONE',  ( -0.000000000000000000, -0.000000000000000000, -1.000000000000000000 ) ) ;
#372 = DIRECTION ( 'NONE',  ( 0.000000000000000000, 1.000000000000000000, 0.000000000000000000 ) ) ;
#373 = ORIENTED_EDGE ( 'NONE', *, *, #64, .T. ) ;
#374 = CARTESIAN_POINT ( 'NONE',  ( 0.9842519685039369248, 1.181102362204724310, 0.2500000000000000000 ) ) ;
#375 = DIRECTION ( 'NONE',  ( -1.000000000000000000, 0.000000000000000000, 0.000000000000000000 ) ) ;
#376 = EDGE_CURVE ( 'NONE', #1227, #1073, #1046, .T. ) ;
#377 = VERTEX_POINT ( 'NONE', #1731 ) ;
#378 = ORIENTED_EDGE ( 'NONE', *, *, #1507, .F. ) ;
#379 = CARTESIAN_POINT ( 'NONE',  ( 0.7342519685039370358, 4.893765752498280842E-17, 0.2500000000000000555 ) ) ;
#380 = DIRECTION ( 'NONE',  ( 0.000000000000000000, 0.000000000000000000, -1.000000000000000000 ) ) ;
#381 = EDGE_CURVE ( 'NONE', #2196, #1179, #2062, .T. ) ;
#382 = AXIS2_PLACEMENT_3D ( 'NONE', #272, #937, #779 ) ;
#383 = VECTOR ( 'NONE', #1053, 39.37007874015748143 ) ;
#384 = DIRECTION ( 'NONE',  ( -0.000000000000000000, -0.000000000000000000, -1.000000000000000000 ) ) ;
#385 = VECTOR ( 'NONE', #883, 39.37007874015748143 ) ;
#386 = APPROVAL_ROLE ( '' ) ;
#387 = DIRECTION ( 'NONE',  ( -1.000000000000000000, 4.340556344497903187E-16, 0.000000000000000000 ) ) ;
#388 = AXIS2_PLACEMENT_3D ( 'NONE', #765, #1225, #1924 ) ;
#389 = EDGE_CURVE ( 'NONE', #940, #1185, #172, .T. ) ;
#390 = CARTESIAN_POINT ( 'NONE',  ( -0.1401141671340030703, -0.3254508752752843792, 0.2500000000000000000 ) ) ;
#391 = AXIS2_PLACEMENT_3D ( 'NONE', #2197, #1558, #878 ) ;
#392 = ORIENTED_EDGE ( 'NONE', *, *, #1191, .F. ) ;
#393 = ORIENTED_EDGE ( 'NONE', *, *, #1363, .T. ) ;
#394 = DIRECTION ( 'NONE',  ( -1.000000000000000000, -1.637245418261003196E-14, 0.000000000000000000 ) ) ;
#395 = CARTESIAN_POINT ( 'NONE',  ( -0.5905511811023621549, 1.023758016408639282, 1.727015573532432182E-32 ) ) ;
#396 = VECTOR ( 'NONE', #73, 39.37007874015748143 ) ;
#397 = CIRCLE ( 'NONE', #789, 0.02499999999999993894 ) ;
#398 = CARTESIAN_POINT ( 'NONE',  ( 0.000000000000000000, 0.000000000000000000, 0.2500000000000000555 ) ) ;
#399 =( NAMED_UNIT ( * ) SI_UNIT ( $, .STERADIAN. ) SOLID_ANGLE_UNIT ( ) );
#400 = CARTESIAN_POINT ( 'NONE',  ( 0.4911417299999999431, 1.570812596356951301E-15, 0.000000000000000000 ) ) ;
#401 = EDGE_LOOP ( 'NONE', ( #24, #182 ) ) ;
#402 = EDGE_LOOP ( 'NONE', ( #1025, #118, #224, #120 ) ) ;
#403 = CARTESIAN_POINT ( 'NONE',  ( -0.8293156037499694877, 2.422481092035039918, -1.814536460825569770E-33 ) ) ;
#404 = VERTEX_POINT ( 'NONE', #1719 ) ;
#405 = DIRECTION ( 'NONE',  ( 0.000000000000000000, 0.000000000000000000, -1.000000000000000000 ) ) ;
#406 = ORIENTED_EDGE ( 'NONE', *, *, #1471, .T. ) ;
#407 = FACE_OUTER_BOUND ( 'NONE', #60, .T. ) ;
#408 = LINE ( 'NONE', #1111, #568 ) ;
#409 = AXIS2_PLACEMENT_3D ( 'NONE', #1788, #97, #1114 ) ;
#410 = CARTESIAN_POINT ( 'NONE',  ( -0.5905511811023621549, -1.181102362204724310, 0.2500000000000000555 ) ) ;
#411 = SECURITY_CLASSIFICATION_LEVEL ( 'unclassified' ) ;
#412 = DIRECTION ( 'NONE',  ( 0.000000000000000000, 0.000000000000000000, -1.000000000000000000 ) ) ;
#413 = AXIS2_PLACEMENT_3D ( 'NONE', #1689, #1009, #344 ) ;
#414 = ORIENTED_EDGE ( 'NONE', *, *, #2063, .T. ) ;
#415 = VERTEX_POINT ( 'NONE', #1890 ) ;
#416 = CARTESIAN_POINT ( 'NONE',  ( -0.3937007874015746034, -1.023758016408639282, 0.000000000000000000 ) ) ;
#417 = EDGE_CURVE ( 'NONE', #909, #151, #1330, .T. ) ;
#418 = LINE ( 'NONE', #92, #863 ) ;
#419 = ORIENTED_EDGE ( 'NONE', *, *, #1496, .F. ) ;
#420 = DIRECTION ( 'NONE',  ( -1.000000000000000000, 0.000000000000000000, 0.000000000000000000 ) ) ;
#421 = LINE ( 'NONE', #912, #1632 ) ;
#422 = ADVANCED_FACE ( 'NONE', ( #561 ), #40, .F. ) ;
#423 = DIRECTION ( 'NONE',  ( 0.000000000000000000, 0.000000000000000000, -1.000000000000000000 ) ) ;
#424 =( LENGTH_UNIT ( ) NAMED_UNIT ( * ) SI_UNIT ( $, .METRE. ) );
#425 = CYLINDRICAL_SURFACE ( 'NONE', #1931, 0.3543307099999999932 ) ;
#426 = PRODUCT_DEFINITION_FORMATION_WITH_SPECIFIED_SOURCE ( 'ANY', '', #1247, .NOT_KNOWN. ) ;
#427 = LINE ( 'NONE', #1070, #68 ) ;
#428 = EDGE_CURVE ( 'NONE', #2119, #1799, #1628, .T. ) ;
#429 = EDGE_CURVE ( 'NONE', #1108, #804, #365, .T. ) ;
#430 = DIRECTION ( 'NONE',  ( 0.000000000000000000, 1.000000000000000000, 0.000000000000000000 ) ) ;
#431 = ORIENTED_EDGE ( 'NONE', *, *, #932, .F. ) ;
#432 = DIRECTION ( 'NONE',  ( 0.000000000000000000, 0.000000000000000000, -1.000000000000000000 ) ) ;
#433 = CIRCLE ( 'NONE', #674, 0.06496062992125979652 ) ;
#434 = VECTOR ( 'NONE', #874, 39.37007874015748143 ) ;
#435 = DIRECTION ( 'NONE',  ( -3.485933199340899084E-32, -3.697785493223493385E-32, 1.000000000000000000 ) ) ;
#436 = VECTOR ( 'NONE', #394, 39.37007874015748143 ) ;
#437 = DIRECTION ( 'NONE',  ( -1.000000000000000000, 0.000000000000000000, 0.000000000000000000 ) ) ;
#438 = DIRECTION ( 'NONE',  ( -0.000000000000000000, -0.000000000000000000, 1.000000000000000000 ) ) ;
#439 = ORIENTED_EDGE ( 'NONE', *, *, #1026, .F. ) ;
#440 = DIRECTION ( 'NONE',  ( 1.000000000000000000, 7.704684321228160590E-15, 0.000000000000000000 ) ) ;
#441 = ORIENTED_EDGE ( 'NONE', *, *, #1635, .F. ) ;
#442 = FACE_OUTER_BOUND ( 'NONE', #537, .T. ) ;
#443 = CARTESIAN_POINT ( 'NONE',  ( -0.3254508752752838796, 0.1401141671340043193, 0.000000000000000000 ) ) ;
#444 = CARTESIAN_POINT ( 'NONE',  ( -0.3661417300000004982, -0.1249999999999984596, 0.000000000000000000 ) ) ;
#445 = ORIENTED_EDGE ( 'NONE', *, *, #2138, .F. ) ;
#446 = DIRECTION ( 'NONE',  ( -1.000000000000000000, 0.000000000000000000, 0.000000000000000000 ) ) ;
#447 = ORIENTED_EDGE ( 'NONE', *, *, #1966, .F. ) ;
#448 = DIRECTION ( 'NONE',  ( 0.000000000000000000, 1.000000000000000000, 3.697785493223495027E-32 ) ) ;
#449 = EDGE_CURVE ( 'NONE', #646, #246, #1903, .T. ) ;
#450 = LINE ( 'NONE', #1412, #460 ) ;
#452 = EDGE_CURVE ( 'NONE', #294, #1645, #2198, .T. ) ;
#451 = DIRECTION ( 'NONE',  ( -1.000000000000000000, 0.000000000000000000, 0.000000000000000000 ) ) ;
#453 = ORIENTED_EDGE ( 'NONE', *, *, #918, .F. ) ;
#454 = CARTESIAN_POINT ( 'NONE',  ( 0.3230437903804740940, -0.8400254219347272899, 0.2500000000000000555 ) ) ;
#456 = ORIENTED_EDGE ( 'NONE', *, *, #2100, .F. ) ;
#455 = AXIS2_PLACEMENT_3D ( 'NONE', #1006, #1043, #1388 ) ;
#457 = DIRECTION ( 'NONE',  ( -1.000000000000000000, 0.000000000000000000, 0.000000000000000000 ) ) ;
#458 = ADVANCED_FACE ( 'NONE', ( #902 ), #1867, .F. ) ;
#459 = DIRECTION ( 'NONE',  ( -1.000000000000000000, -3.852342160614125260E-15, 0.000000000000000000 ) ) ;
#460 = VECTOR ( 'NONE', #2101, 39.37007874015748143 ) ;
#461 = VECTOR ( 'NONE', #933, 39.37007874015748143 ) ;
#462 = ORIENTED_EDGE ( 'NONE', *, *, #1226, .T. ) ;
#463 = DIRECTION ( 'NONE',  ( 0.000000000000000000, 1.000000000000000000, 0.000000000000000000 ) ) ;
#464 = AXIS2_PLACEMENT_3D ( 'NONE', #1848, #972, #955 ) ;
#465 = CARTESIAN_POINT ( 'NONE',  ( 0.3484132424996267408, 0.1250000000000013045, 0.000000000000000000 ) ) ;
#466 = FACE_BOUND ( 'NONE', #401, .T. ) ;
#467 = DIRECTION ( 'NONE',  ( 1.000000000000000000, 0.000000000000000000, 0.000000000000000000 ) ) ;
#468 = ORIENTED_EDGE ( 'NONE', *, *, #593, .F. ) ;
#469 = CARTESIAN_POINT ( 'NONE',  ( 0.000000000000000000, 0.000000000000000000, 0.000000000000000000 ) ) ;
#470 = DIRECTION ( 'NONE',  ( -0.000000000000000000, -0.000000000000000000, -1.000000000000000000 ) ) ;
#471 = CIRCLE ( 'NONE', #409, 0.1968503937007874405 ) ;
#472 = DIRECTION ( 'NONE',  ( -1.156482317317871478E-16, 1.000000000000000000, 0.000000000000000000 ) ) ;
#473 = ORIENTED_EDGE ( 'NONE', *, *, #321, .F. ) ;
#474 = CARTESIAN_POINT ( 'NONE',  ( 0.3937007874015748254, 1.023758016408639726, 0.2500000000000000555 ) ) ;
#475 = EDGE_CURVE ( 'NONE', #3, #1853, #2090, .T. ) ;
#476 = CARTESIAN_POINT ( 'NONE',  ( 0.3661417299999998876, 1.570812596356951301E-15, 0.2500000000000000000 ) ) ;
#477 = ORIENTED_EDGE ( 'NONE', *, *, #381, .T. ) ;
#478 = DIRECTION ( 'NONE',  ( -0.000000000000000000, -0.000000000000000000, 1.000000000000000000 ) ) ;
#479 = EDGE_CURVE ( 'NONE', #1645, #832, #2048, .T. ) ;
#480 = ORIENTED_EDGE ( 'NONE', *, *, #23, .F. ) ;
#481 = DIRECTION ( 'NONE',  ( 1.000000000000000000, 0.000000000000000000, 0.000000000000000000 ) ) ;
#482 = DIRECTION ( 'NONE',  ( -0.000000000000000000, 0.000000000000000000, 1.000000000000000000 ) ) ;
#483 = ORIENTED_EDGE ( 'NONE', *, *, #581, .T. ) ;
#484 = LINE ( 'NONE', #958, #954 ) ;
#485 = ADVANCED_FACE ( 'NONE', ( #1215 ), #2037, .F. ) ;
#486 = VECTOR ( 'NONE', #1195, 39.37007874015748143 ) ;
#487 = AXIS2_PLACEMENT_3D ( 'NONE', #190, #1176, #1357 ) ;
#488 = CARTESIAN_POINT ( 'NONE',  ( 4.483942976787741632E-17, -0.3661417299999998320, 0.000000000000000000 ) ) ;
#489 = ORIENTED_EDGE ( 'NONE', *, *, #1615, .T. ) ;
#490 = CARTESIAN_POINT ( 'NONE',  ( 3.937007874015746367, -1.181102362204724532, 0.2500000000000000000 ) ) ;
#491 = VERTEX_POINT ( 'NONE', #1743 ) ;
#492 = DIRECTION ( 'NONE',  ( 0.000000000000000000, 1.000000000000000000, 3.697785493223493933E-32 ) ) ;
#493 = AXIS2_PLACEMENT_3D ( 'NONE', #1806, #2004, #1651 ) ;
#494 = VECTOR ( 'NONE', #1682, 39.37007874015748143 ) ;
#495 = CARTESIAN_POINT ( 'NONE',  ( -0.3254508752752848233, -0.1401141671340018768, 0.2500000000000000000 ) ) ;
#496 = ORIENTED_EDGE ( 'NONE', *, *, #376, .F. ) ;
#497 = DIRECTION ( 'NONE',  ( 1.000000000000000000, 0.000000000000000000, 0.000000000000000000 ) ) ;
#498 = AXIS2_PLACEMENT_3D ( 'NONE', #148, #976, #821 ) ;
#499 = CIRCLE ( 'NONE', #839, 0.02500000000000007425 ) ;
#500 = DIRECTION ( 'NONE',  ( 1.000000000000000000, 0.000000000000000000, 0.000000000000000000 ) ) ;
#501 = ORIENTED_EDGE ( 'NONE', *, *, #785, .T. ) ;
#502 = ORIENTED_EDGE ( 'NONE', *, *, #762, .F. ) ;
#503 = DIRECTION ( 'NONE',  ( -3.485933199340899084E-32, -3.697785493223493385E-32, 1.000000000000000000 ) ) ;
#504 = FACE_OUTER_BOUND ( 'NONE', #1250, .T. ) ;
#505 = CARTESIAN_POINT ( 'NONE',  ( -2.731847993664263218E-16, 2.644484474814292163, 0.000000000000000000 ) ) ;
#506 = ORIENTED_EDGE ( 'NONE', *, *, #389, .T. ) ;
#507 = LINE ( 'NONE', #1722, #1047 ) ;
#508 = DIRECTION ( 'NONE',  ( -0.000000000000000000, -0.000000000000000000, -1.000000000000000000 ) ) ;
#509 = AXIS2_PLACEMENT_3D ( 'NONE', #192, #864, #2020 ) ;
#510 = DESIGN_CONTEXT ( 'detailed design', #100, 'design' ) ;
#511 = ORIENTED_EDGE ( 'NONE', *, *, #1322, .F. ) ;
#512 = ORIENTED_EDGE ( 'NONE', *, *, #2200, .T. ) ;
#513 = DIRECTION ( 'NONE',  ( -1.000000000000000000, 0.000000000000000000, 0.000000000000000000 ) ) ;
#514 = EDGE_CURVE ( 'NONE', #1920, #1204, #637, .T. ) ;
#515 = EDGE_CURVE ( 'NONE', #151, #415, #71, .T. ) ;
#516 = LINE ( 'NONE', #198, #1515 ) ;
#517 = ORIENTED_EDGE ( 'NONE', *, *, #1362, .T. ) ;
#518 = DIRECTION ( 'NONE',  ( 0.000000000000000000, 1.000000000000000000, 3.697785493223493385E-32 ) ) ;
#519 = ORIENTED_EDGE ( 'NONE', *, *, #762, .T. ) ;
#520 = DIRECTION ( 'NONE',  ( 1.000000000000000000, 0.000000000000000000, 0.000000000000000000 ) ) ;
#521 = DIRECTION ( 'NONE',  ( 0.000000000000000000, 1.000000000000000000, 3.697785493223493385E-32 ) ) ;
#522 = EDGE_CURVE ( 'NONE', #1692, #2141, #1872, .T. ) ;
#523 = VERTEX_POINT ( 'NONE', #1452 ) ;
#524 = ORIENTED_EDGE ( 'NONE', *, *, #376, .T. ) ;
#525 = ORIENTED_EDGE ( 'NONE', *, *, #1019, .F. ) ;
#526 = CARTESIAN_POINT ( 'NONE',  ( -3.937007874015746367, 1.181102362204724532, 0.000000000000000000 ) ) ;
#527 = VECTOR ( 'NONE', #2161, 39.37007874015748143 ) ;
#528 = CARTESIAN_POINT ( 'NONE',  ( -0.5957495171608978568, 1.181102362204724310, 0.2500000000000000555 ) ) ;
#529 = VECTOR ( 'NONE', #549, 39.37007874015748143 ) ;
#530 = DIRECTION ( 'NONE',  ( -0.000000000000000000, -0.000000000000000000, 1.000000000000000000 ) ) ;
#531 = ORIENTED_EDGE ( 'NONE', *, *, #706, .T. ) ;
#532 = DIRECTION ( 'NONE',  ( 0.000000000000000000, 1.000000000000000000, 3.697785493223492838E-32 ) ) ;
#533 = CIRCLE ( 'NONE', #1955, 0.1250000000000000000 ) ;
#534 = AXIS2_PLACEMENT_3D ( 'NONE', #991, #1980, #1685 ) ;
#535 = CYLINDRICAL_SURFACE ( 'NONE', #1354, 0.06496062992125983815 ) ;
#536 = VERTEX_POINT ( 'NONE', #61 ) ;
#537 = EDGE_LOOP ( 'NONE', ( #392, #162, #1281, #856 ) ) ;
#538 = CARTESIAN_POINT ( 'NONE',  ( -0.3484132424996266852, 0.1500000000000013267, 0.2500000000000000000 ) ) ;
#539 = DIRECTION ( 'NONE',  ( 0.000000000000000000, 0.000000000000000000, -1.000000000000000000 ) ) ;
#540 = ORIENTED_EDGE ( 'NONE', *, *, #1201, .F. ) ;
#541 = DIRECTION ( 'NONE',  ( -0.000000000000000000, -0.000000000000000000, 1.000000000000000000 ) ) ;
#542 = ADVANCED_FACE ( 'NONE', ( #1939 ), #1262, .T. ) ;
#543 = EDGE_CURVE ( 'NONE', #1968, #909, #924, .T. ) ;
#544 = LINE ( 'NONE', #1591, #2056 ) ;
#545 = ORIENTED_EDGE ( 'NONE', *, *, #1959, .F. ) ;
#546 = VERTEX_POINT ( 'NONE', #2125 ) ;
#547 = DIRECTION ( 'NONE',  ( 0.000000000000000000, 0.000000000000000000, -1.000000000000000000 ) ) ;
#548 = CARTESIAN_POINT ( 'NONE',  ( 8.196454954923230515E-17, -0.6692913385826771977, 0.2500000000000000555 ) ) ;
#549 = DIRECTION ( 'NONE',  ( -1.926171080307062630E-15, 1.000000000000000000, -0.000000000000000000 ) ) ;
#550 = EDGE_CURVE ( 'NONE', #1790, #1478, #2054, .T. ) ;
#551 = EDGE_LOOP ( 'NONE', ( #1835, #46, #1037, #910, #927, #1327, #366, #2108 ) ) ;
#552 = CARTESIAN_POINT ( 'NONE',  ( 0.3661417300000004982, -0.1249999999999984596, 0.000000000000000000 ) ) ;
#553 = CC_DESIGN_PERSON_AND_ORGANIZATION_ASSIGNMENT ( #1263, #2126, ( #426 ) ) ;
#554 = CARTESIAN_POINT ( 'NONE',  ( -0.3661417300000004982, -0.1249999999999984596, 0.2500000000000000000 ) ) ;
#555 = ORIENTED_EDGE ( 'NONE', *, *, #98, .T. ) ;
#556 = ORIENTED_EDGE ( 'NONE', *, *, #223, .T. ) ;
#557 = CARTESIAN_POINT ( 'NONE',  ( 0.3661417299999995545, 0.1250000000000016098, 0.000000000000000000 ) ) ;
#558 = CARTESIAN_POINT ( 'NONE',  ( 0.5905511811023627100, 2.563320675884585612E-16, 0.2500000000000000555 ) ) ;
#559 = ORIENTED_EDGE ( 'NONE', *, *, #1471, .F. ) ;
#560 = AXIS2_PLACEMENT_3D ( 'NONE', #1375, #1206, #892 ) ;
#561 = FACE_OUTER_BOUND ( 'NONE', #686, .T. ) ;
#562 = CIRCLE ( 'NONE', #1734, 1.580001485664835004 ) ;
#563 = APPLICATION_PROTOCOL_DEFINITION ( 'international standard', 'config_control_design', 1994, #1466 ) ;
#564 = CARTESIAN_POINT ( 'NONE',  ( -0.1250000000000000000, 0.3661417299999999431, 0.2500000000000000000 ) ) ;
#565 = AXIS2_PLACEMENT_3D ( 'NONE', #231, #900, #1763 ) ;
#566 = VERTEX_POINT ( 'NONE', #1254 ) ;
#567 = LINE ( 'NONE', #111, #946 ) ;
#568 = VECTOR ( 'NONE', #731, 39.37007874015748143 ) ;
#569 = ORIENTED_EDGE ( 'NONE', *, *, #643, .F. ) ;
#570 = CARTESIAN_POINT ( 'NONE',  ( 0.5957495171608978568, -1.181102362204724310, 0.000000000000000000 ) ) ;
#571 = CIRCLE ( 'NONE', #784, 0.02499999999999993894 ) ;
#572 = ORIENTED_EDGE ( 'NONE', *, *, #1635, .T. ) ;
#573 = CARTESIAN_POINT ( 'NONE',  ( 0.3661417299999995545, 0.1250000000000016098, 0.2500000000000000000 ) ) ;
#574 = DIRECTION ( 'NONE',  ( 0.000000000000000000, 1.000000000000000000, 3.697785493223493385E-32 ) ) ;
#575 = AXIS2_PLACEMENT_3D ( 'NONE', #1800, #284, #457 ) ;
#576 = CIRCLE ( 'NONE', #1461, 0.02500000000000007425 ) ;
#577 = ADVANCED_FACE ( 'NONE', ( #1612 ), #1948, .F. ) ;
#578 = CARTESIAN_POINT ( 'NONE',  ( -1.574803149606299302, -1.223817040556749891, 0.000000000000000000 ) ) ;
#579 = DIRECTION ( 'NONE',  ( 0.000000000000000000, 0.000000000000000000, 1.000000000000000000 ) ) ;
#581 = EDGE_CURVE ( 'NONE', #1658, #1662, #287, .T. ) ;
#580 = CARTESIAN_POINT ( 'NONE',  ( 0.000000000000000000, 0.000000000000000000, 1.252198591294576113 ) ) ;
#582 = CARTESIAN_POINT ( 'NONE',  ( 0.1401141671340030703, -0.3254508752752843237, 0.2500000000000000000 ) ) ;
#583 = ORIENTED_EDGE ( 'NONE', *, *, #293, .T. ) ;
#584 = DIRECTION ( 'NONE',  ( 1.156482317317871478E-16, -1.000000000000000000, 0.000000000000000000 ) ) ;
#585 = ORIENTED_EDGE ( 'NONE', *, *, #1066, .T. ) ;
#586 = LINE ( 'NONE', #1572, #1056 ) ;
#587 = FACE_OUTER_BOUND ( 'NONE', #1393, .T. ) ;
#588 = CIRCLE ( 'NONE', #2120, 0.06496062992125993529 ) ;
#589 = DIRECTION ( 'NONE',  ( 0.000000000000000000, 0.000000000000000000, -1.000000000000000000 ) ) ;
#590 = CALENDAR_DATE ( 2026, 27, 4 ) ;
#591 = DIRECTION ( 'NONE',  ( 0.000000000000000000, -1.000000000000000000, 0.000000000000000000 ) ) ;
#592 = EDGE_CURVE ( 'NONE', #566, #2119, #1620, .T. ) ;
#593 = EDGE_CURVE ( 'NONE', #523, #832, #1794, .T. ) ;
#594 = DIRECTION ( 'NONE',  ( -0.000000000000000000, -0.000000000000000000, 1.000000000000000000 ) ) ;
#595 = DIRECTION ( 'NONE',  ( 0.000000000000000000, 0.000000000000000000, -1.000000000000000000 ) ) ;
#596 = DIRECTION ( 'NONE',  ( -3.485933199340899084E-32, -3.697785493223493385E-32, 1.000000000000000000 ) ) ;
#597 = DIRECTION ( 'NONE',  ( -1.000000000000000000, 0.000000000000000000, 0.000000000000000000 ) ) ;
#598 = DIRECTION ( 'NONE',  ( 0.000000000000000000, 1.000000000000000000, 0.000000000000000000 ) ) ;
#599 = DATE_AND_TIME ( #259, #1625 ) ;
#600 = CYLINDRICAL_SURFACE ( 'NONE', #963, 3.346456692913384323 ) ;
#601 = ORIENTED_EDGE ( 'NONE', *, *, #1615, .F. ) ;
#602 = CC_DESIGN_APPROVAL ( #1969, ( #426 ) ) ;
#603 = CARTESIAN_POINT ( 'NONE',  ( -0.9842519685039370358, 0.000000000000000000, 0.2500000000000000000 ) ) ;
#604 = ORIENTED_EDGE ( 'NONE', *, *, #868, .F. ) ;
#605 = CARTESIAN_POINT ( 'NONE',  ( 0.1401141671340030703, -0.3254508752752843237, 0.000000000000000000 ) ) ;
#606 = VERTEX_POINT ( 'NONE', #1764 ) ;
#607 = CYLINDRICAL_SURFACE ( 'NONE', #1124, 0.3543307099999999932 ) ;
#608 = AXIS2_PLACEMENT_3D ( 'NONE', #2035, #1865, #241 ) ;
#609 = AXIS2_PLACEMENT_3D ( 'NONE', #749, #1945, #430 ) ;
#610 = DIRECTION ( 'NONE',  ( -0.000000000000000000, -0.000000000000000000, 1.000000000000000000 ) ) ;
#611 = VECTOR ( 'NONE', #676, 39.37007874015748143 ) ;
#612 = DIRECTION ( 'NONE',  ( 0.000000000000000000, 1.000000000000000000, 3.697785493223493385E-32 ) ) ;
#613 = CIRCLE ( 'NONE', #1344, 2.952755905511809331 ) ;
#614 = ORIENTED_EDGE ( 'NONE', *, *, #1267, .F. ) ;
#615 = CARTESIAN_POINT ( 'NONE',  ( -0.1401141671340030426, -0.3254508752752844902, -1.691876152260256171E-32 ) ) ;
#616 = ORIENTED_EDGE ( 'NONE', *, *, #838, .F. ) ;
#617 = EDGE_CURVE ( 'NONE', #1300, #646, #175, .T. ) ;
#618 = EDGE_CURVE ( 'NONE', #1692, #143, #243, .T. ) ;
#619 = CARTESIAN_POINT ( 'NONE',  ( 0.5905511811023622659, -1.023758016408639726, 0.2500000000000000555 ) ) ;
#620 = CARTESIAN_POINT ( 'NONE',  ( 0.1250000000000000000, 0.3661417299999999431, 0.000000000000000000 ) ) ;
#621 = CARTESIAN_POINT ( 'NONE',  ( 0.5957495171608978568, -1.181102362204724310, 0.2500000000000000555 ) ) ;
#622 = CIRCLE ( 'NONE', #1933, 0.8999999999999999112 ) ;
#623 = EDGE_CURVE ( 'NONE', #1957, #1691, #2116, .T. ) ;
#624 = CARTESIAN_POINT ( 'NONE',  ( -0.8321245969575884471, 2.437085547680102771, 0.2500000000000000555 ) ) ;
#625 = EDGE_LOOP ( 'NONE', ( #501, #2151 ) ) ;
#626 = CARTESIAN_POINT ( 'NONE',  ( 0.3937007874015748810, -1.023758016408639726, 0.2500000000000000555 ) ) ;
#627 = DIRECTION ( 'NONE',  ( -0.000000000000000000, 0.000000000000000000, 1.000000000000000000 ) ) ;
#628 = ORIENTED_EDGE ( 'NONE', *, *, #2163, .F. ) ;
#629 = DIRECTION ( 'NONE',  ( -0.000000000000000000, 0.000000000000000000, 1.000000000000000000 ) ) ;
#630 = LINE ( 'NONE', #848, #1164 ) ;
#631 = AXIS2_PLACEMENT_3D ( 'NONE', #1345, #188, #2203 ) ;
#633 = VERTEX_POINT ( 'NONE', #1089 ) ;
#632 = AXIS2_PLACEMENT_3D ( 'NONE', #603, #920, #99 ) ;
#634 = DIRECTION ( 'NONE',  ( 1.000000000000000000, 0.000000000000000000, 0.000000000000000000 ) ) ;
#635 = CIRCLE ( 'NONE', #917, 0.3543307099999999932 ) ;
#636 = DIRECTION ( 'NONE',  ( -0.000000000000000000, -0.000000000000000000, 1.000000000000000000 ) ) ;
#637 = CIRCLE ( 'NONE', #1984, 0.02500000000000007425 ) ;
#638 = ORIENTED_EDGE ( 'NONE', *, *, #353, .F. ) ;
#639 = DATE_AND_TIME ( #979, #974 ) ;
#640 = DIRECTION ( 'NONE',  ( 0.000000000000000000, 0.000000000000000000, -1.000000000000000000 ) ) ;
#641 = ORIENTED_EDGE ( 'NONE', *, *, #1075, .T. ) ;
#642 = VECTOR ( 'NONE', #1307, 39.37007874015748143 ) ;
#643 = EDGE_CURVE ( 'NONE', #323, #103, #1013, .T. ) ;
#644 = CYLINDRICAL_SURFACE ( 'NONE', #1845, 0.8999999999999999112 ) ;
#645 = VERTEX_POINT ( 'NONE', #774 ) ;
#646 = VERTEX_POINT ( 'NONE', #1276 ) ;
#647 = LINE ( 'NONE', #1518, #1162 ) ;
#648 = CARTESIAN_POINT ( 'NONE',  ( 0.3661417300000004982, -0.1249999999999984596, 0.000000000000000000 ) ) ;
#649 = EDGE_CURVE ( 'NONE', #239, #1799, #1963, .T. ) ;
#650 = ORIENTED_EDGE ( 'NONE', *, *, #1959, .T. ) ;
#651 = FACE_BOUND ( 'NONE', #25, .T. ) ;
#652 = VERTEX_POINT ( 'NONE', #277 ) ;
#653 = EDGE_CURVE ( 'NONE', #339, #323, #942, .T. ) ;
#654 = DIRECTION ( 'NONE',  ( -0.000000000000000000, -0.000000000000000000, -1.000000000000000000 ) ) ;
#655 = EDGE_CURVE ( 'NONE', #1158, #1773, #2202, .T. ) ;
#656 = CARTESIAN_POINT ( 'NONE',  ( 4.483942976787741632E-17, -0.3661417299999998320, 0.000000000000000000 ) ) ;
#657 = CARTESIAN_POINT ( 'NONE',  ( 0.3661417299999998876, 1.570812596356951301E-15, 0.000000000000000000 ) ) ;
#658 = DIRECTION ( 'NONE',  ( 0.000000000000000000, 1.000000000000000000, 0.000000000000000000 ) ) ;
#659 = EDGE_LOOP ( 'NONE', ( #1265, #1602, #1183, #1886 ) ) ;
#660 = PLANE ( 'NONE',  #1492 ) ;
#661 = ORIENTED_EDGE ( 'NONE', *, *, #1593, .T. ) ;
#662 = DIRECTION ( 'NONE',  ( -1.000000000000000000, 0.000000000000000000, 0.000000000000000000 ) ) ;
#663 = DIRECTION ( 'NONE',  ( 3.485933199340899084E-32, 3.697785493223493385E-32, -1.000000000000000000 ) ) ;
#664 = DIRECTION ( 'NONE',  ( 1.776356839400250465E-15, 1.000000000000000000, 3.697785493223499954E-32 ) ) ;
#665 = EDGE_CURVE ( 'NONE', #1000, #2040, #450, .T. ) ;
#666 = AXIS2_PLACEMENT_3D ( 'NONE', #1711, #187, #49 ) ;
#667 = VECTOR ( 'NONE', #1623, 39.37007874015748143 ) ;
#668 = CARTESIAN_POINT ( 'NONE',  ( 0.3661417299999998876, 1.570812596356951301E-15, 0.2500000000000000000 ) ) ;
#669 = ORIENTED_EDGE ( 'NONE', *, *, #959, .T. ) ;
#670 = CIRCLE ( 'NONE', #1228, 0.1250000000000000278 ) ;
#671 = ORIENTED_EDGE ( 'NONE', *, *, #291, .F. ) ;
#672 = CARTESIAN_POINT ( 'NONE',  ( -0.3661417300000004982, -0.1249999999999984596, 0.000000000000000000 ) ) ;
#673 = CARTESIAN_POINT ( 'NONE',  ( 3.937007874015746367, -1.181102362204724532, 0.000000000000000000 ) ) ;
#674 = AXIS2_PLACEMENT_3D ( 'NONE', #1012, #1693, #1887 ) ;
#675 = DIRECTION ( 'NONE',  ( -3.485933199340899084E-32, -3.697785493223493385E-32, 1.000000000000000000 ) ) ;
#676 = DIRECTION ( 'NONE',  ( -0.000000000000000000, -0.000000000000000000, 1.000000000000000000 ) ) ;
#677 = VECTOR ( 'NONE', #1050, 39.37007874015748143 ) ;
#678 = AXIS2_PLACEMENT_3D ( 'NONE', #1173, #2180, #1858 ) ;
#679 = EDGE_CURVE ( 'NONE', #1069, #1017, #670, .T. ) ;
#680 = CARTESIAN_POINT ( 'NONE',  ( 4.483942976787741632E-17, -0.3661417299999998320, 0.2500000000000000000 ) ) ;
#681 = ADVANCED_FACE ( 'NONE', ( #442 ), #1395, .F. ) ;
#682 = ORIENTED_EDGE ( 'NONE', *, *, #1261, .T. ) ;
#683 = VERTEX_POINT ( 'NONE', #1610 ) ;
#684 = DIRECTION ( 'NONE',  ( 1.302166903349365533E-15, 1.000000000000000000, 0.000000000000000000 ) ) ;
#685 = CARTESIAN_POINT ( 'NONE',  ( 0.3937007874015748254, 1.023758016408639726, 0.2500000000000000555 ) ) ;
#686 = EDGE_LOOP ( 'NONE', ( #1417, #2185, #2133, #477 ) ) ;
#687 = EDGE_CURVE ( 'NONE', #1571, #523, #421, .T. ) ;
#688 = DIRECTION ( 'NONE',  ( 0.000000000000000000, 0.000000000000000000, -1.000000000000000000 ) ) ;
#689 = ORIENTED_EDGE ( 'NONE', *, *, #98, .F. ) ;
#690 = LINE ( 'NONE', #1732, #1273 ) ;
#691 = LINE ( 'NONE', #1723, #2153 ) ;
#692 = VECTOR ( 'NONE', #1520, 39.37007874015748143 ) ;
#693 = VERTEX_POINT ( 'NONE', #1241 ) ;
#694 = ORIENTED_EDGE ( 'NONE', *, *, #475, .F. ) ;
#695 = CARTESIAN_POINT ( 'NONE',  ( -0.5905511811023606006, 7.689962027653710982E-16, 0.2500000000000000555 ) ) ;
#696 = DIRECTION ( 'NONE',  ( -3.485933199340899084E-32, -3.697785493223493385E-32, 1.000000000000000000 ) ) ;
#697 = FACE_OUTER_BOUND ( 'NONE', #659, .T. ) ;
#698 = VERTEX_POINT ( 'NONE', #1596 ) ;
#699 = CARTESIAN_POINT ( 'NONE',  ( 0.5957495171608978568, -1.181102362204724310, 0.000000000000000000 ) ) ;
#700 = CARTESIAN_POINT ( 'NONE',  ( -0.5905511811023619329, -1.023758016408639282, -5.844259509761817854E-32 ) ) ;
#701 = SECURITY_CLASSIFICATION ( '', '', #411 ) ;
#702 = ORIENTED_EDGE ( 'NONE', *, *, #1826, .T. ) ;
#703 = VERTEX_POINT ( 'NONE', #395 ) ;
#704 = LINE ( 'NONE', #1549, #1812 ) ;
#705 = DIRECTION ( 'NONE',  ( 1.000000000000000000, 0.000000000000000000, 0.000000000000000000 ) ) ;
#706 = EDGE_CURVE ( 'NONE', #1866, #1048, #1703, .T. ) ;
#707 = ADVANCED_FACE ( 'NONE', ( #587 ), #74, .T. ) ;
#708 = ORIENTED_EDGE ( 'NONE', *, *, #132, .T. ) ;
#709 = CARTESIAN_POINT ( 'NONE',  ( 0.000000000000000000, 0.000000000000000000, 1.252198591294576113 ) ) ;
#710 = AXIS2_PLACEMENT_3D ( 'NONE', #1674, #1132, #1817 ) ;
#711 = AXIS2_PLACEMENT_3D ( 'NONE', #1749, #895, #1421 ) ;
#712 = VECTOR ( 'NONE', #1509, 39.37007874015748143 ) ;
#713 = DIRECTION ( 'NONE',  ( 0.000000000000000000, -0.000000000000000000, -1.000000000000000000 ) ) ;
#714 = ORIENTED_EDGE ( 'NONE', *, *, #417, .F. ) ;
#715 = EDGE_CURVE ( 'NONE', #2172, #216, #781, .T. ) ;
#716 = VERTEX_POINT ( 'NONE', #1910 ) ;
#717 = CARTESIAN_POINT ( 'NONE',  ( 0.5905511811023627100, -2.563320675884590542E-16, 2.058621968114715963E-32 ) ) ;
#718 = FACE_OUTER_BOUND ( 'NONE', #186, .T. ) ;
#719 = AXIS2_PLACEMENT_3D ( 'NONE', #1320, #2006, #1365 ) ;
#720 = ORIENTED_EDGE ( 'NONE', *, *, #543, .T. ) ;
#721 = DIRECTION ( 'NONE',  ( -3.485933199340899084E-32, -3.697785493223493385E-32, 1.000000000000000000 ) ) ;
#722 = CC_DESIGN_DATE_AND_TIME_ASSIGNMENT ( #270, #934, ( #701 ) ) ;
#723 = EDGE_LOOP ( 'NONE', ( #871, #329, #802, #298 ) ) ;
#724 = CARTESIAN_POINT ( 'NONE',  ( 0.3661417300000004982, -0.1249999999999984596, 0.2500000000000000000 ) ) ;
#725 = ADVANCED_FACE ( 'NONE', ( #1774 ), #755, .F. ) ;
#726 = CARTESIAN_POINT ( 'NONE',  ( 0.06496062992125992142, -0.6692913385826771977, 0.2500000000000000555 ) ) ;
#727 = EDGE_LOOP ( 'NONE', ( #1133, #1815, #746, #1522, #984, #1880, #1400, #2070, #843, #169 ) ) ;
#728 = ORIENTED_EDGE ( 'NONE', *, *, #2129, .T. ) ;
#729 = ORIENTED_EDGE ( 'NONE', *, *, #1326, .T. ) ;
#730 = LINE ( 'NONE', #2098, #952 ) ;
#731 = DIRECTION ( 'NONE',  ( 3.852342160614125260E-15, -1.000000000000000000, -0.000000000000000000 ) ) ;
#732 = CARTESIAN_POINT ( 'NONE',  ( 0.1500000000000000777, -0.3484132424996272404, 0.000000000000000000 ) ) ;
#733 = ORIENTED_EDGE ( 'NONE', *, *, #1100, .T. ) ;
#734 = DIRECTION ( 'NONE',  ( -1.000000000000000000, 0.000000000000000000, 0.000000000000000000 ) ) ;
#735 = CARTESIAN_POINT ( 'NONE',  ( 0.1401141671340030703, -0.3254508752752843237, 0.000000000000000000 ) ) ;
#736 = EDGE_CURVE ( 'NONE', #1892, #1383, #408, .T. ) ;
#737 = ORIENTED_EDGE ( 'NONE', *, *, #1796, .F. ) ;
#738 = ORIENTED_EDGE ( 'NONE', *, *, #155, .T. ) ;
#739 = CYLINDRICAL_SURFACE ( 'NONE', #1342, 3.346456692913384323 ) ;
#740 = DIRECTION ( 'NONE',  ( -3.485933199340899084E-32, -3.697785493223493385E-32, 1.000000000000000000 ) ) ;
#741 = EDGE_LOOP ( 'NONE', ( #2068, #1167, #524, #869, #1991, #245, #714, #2024, #850, #1577 ) ) ;
#742 = DIRECTION ( 'NONE',  ( 0.000000000000000000, 0.000000000000000000, -1.000000000000000000 ) ) ;
#743 = VECTOR ( 'NONE', #1759, 39.37007874015748143 ) ;
#744 = COORDINATED_UNIVERSAL_TIME_OFFSET ( 8, 0, .BEHIND. ) ;
#745 = CARTESIAN_POINT ( 'NONE',  ( 0.3484132424996275179, -0.1249999999999987649, 0.000000000000000000 ) ) ;
#746 = ORIENTED_EDGE ( 'NONE', *, *, #959, .F. ) ;
#747 = CARTESIAN_POINT ( 'NONE',  ( -1.574803149606299302, -1.223817040556749891, 0.2500000000000000000 ) ) ;
#748 = AXIS2_PLACEMENT_3D ( 'NONE', #2114, #1088, #574 ) ;
#749 = CARTESIAN_POINT ( 'NONE',  ( -0.6692913385826771977, 4.098227477461615874E-17, 0.2500000000000000555 ) ) ;
#750 = AXIS2_PLACEMENT_3D ( 'NONE', #1840, #1166, #1498 ) ;
#751 = AXIS2_PLACEMENT_3D ( 'NONE', #1205, #371, #513 ) ;
#752 = ADVANCED_FACE ( 'NONE', ( #84 ), #2082, .F. ) ;
#753 = ORIENTED_EDGE ( 'NONE', *, *, #1398, .T. ) ;
#754 = CARTESIAN_POINT ( 'NONE',  ( 0.8293156037499702649, -2.422481092035040362, 0.2500000000000000555 ) ) ;
#755 = PLANE ( 'NONE',  #1125 ) ;
#756 = EDGE_CURVE ( 'NONE', #103, #323, #1906, .T. ) ;
#757 = DIRECTION ( 'NONE',  ( -0.000000000000000000, -0.000000000000000000, -1.000000000000000000 ) ) ;
#758 = PERSON_AND_ORGANIZATION ( #116, #1329 ) ;
#759 = FACE_OUTER_BOUND ( 'NONE', #1082, .T. ) ;
#760 = ORIENTED_EDGE ( 'NONE', *, *, #1793, .F. ) ;
#761 = DIRECTION ( 'NONE',  ( 1.000000000000000000, 0.000000000000000000, 0.000000000000000000 ) ) ;
#762 = EDGE_CURVE ( 'NONE', #1137, #698, #1436, .T. ) ;
#763 = FACE_OUTER_BOUND ( 'NONE', #1359, .T. ) ;
#764 = CARTESIAN_POINT ( 'NONE',  ( -0.7342519685039371469, 4.098227477461615874E-17, 0.2500000000000000555 ) ) ;
#765 = CARTESIAN_POINT ( 'NONE',  ( -0.5957495171608978568, 1.181102362204724310, 0.2500000000000000555 ) ) ;
#766 = AXIS2_PLACEMENT_3D ( 'NONE', #1271, #1958, #440 ) ;
#767 = CARTESIAN_POINT ( 'NONE',  ( -0.1401141671340030703, 0.3254508752752843237, 0.000000000000000000 ) ) ;
#768 = PERSON_AND_ORGANIZATION ( #116, #1329 ) ;
#769 = DIRECTION ( 'NONE',  ( -1.302166903349365335E-15, -1.000000000000000000, -3.697785493223497764E-32 ) ) ;
#770 = FACE_OUTER_BOUND ( 'NONE', #1717, .T. ) ;
#771 = CARTESIAN_POINT ( 'NONE',  ( -0.6692913385826771977, 4.098227477461615874E-17, 0.000000000000000000 ) ) ;
#772 = ORIENTED_EDGE ( 'NONE', *, *, #315, .T. ) ;
#773 = CARTESIAN_POINT ( 'NONE',  ( 8.196454954923230515E-17, -0.6692913385826771977, 0.000000000000000000 ) ) ;
#774 = CARTESIAN_POINT ( 'NONE',  ( -0.1249999999999999584, -0.3661417299999999431, 0.2500000000000000000 ) ) ;
#775 = CARTESIAN_POINT ( 'NONE',  ( 0.3254508752752838241, 0.1401141671340042638, 0.2500000000000000000 ) ) ;
#776 = LOCAL_TIME ( 20, 59, 30.00000000000000000, #1926 ) ;
#777 = CIRCLE ( 'NONE', #1592, 4.176572946068561443 ) ;
#778 = EDGE_CURVE ( 'NONE', #566, #239, #1807, .T. ) ;
#779 = DIRECTION ( 'NONE',  ( 1.000000000000000000, 0.000000000000000000, 0.000000000000000000 ) ) ;
#780 = EDGE_CURVE ( 'NONE', #2179, #2087, #2095, .T. ) ;
#781 = CIRCLE ( 'NONE', #2014, 3.346456692913384323 ) ;
#782 = VERTEX_POINT ( 'NONE', #1785 ) ;
#783 = DIRECTION ( 'NONE',  ( 1.000000000000000000, 0.000000000000000000, 0.000000000000000000 ) ) ;
#784 = AXIS2_PLACEMENT_3D ( 'NONE', #299, #1825, #2150 ) ;
#785 = EDGE_CURVE ( 'NONE', #1691, #1430, #1486, .T. ) ;
#786 = DIRECTION ( 'NONE',  ( -1.000000000000000000, -1.637245418261003196E-14, 0.000000000000000000 ) ) ;
#787 = AXIS2_PLACEMENT_3D ( 'NONE', #1062, #2113, #420 ) ;
#788 = DIRECTION ( 'NONE',  ( 0.000000000000000000, 1.000000000000000000, 3.697785493223491743E-32 ) ) ;
#789 = AXIS2_PLACEMENT_3D ( 'NONE', #965, #1163, #973 ) ;
#790 = DIRECTION ( 'NONE',  ( 0.000000000000000000, 0.000000000000000000, -1.000000000000000000 ) ) ;
#791 = ORIENTED_EDGE ( 'NONE', *, *, #815, .T. ) ;
#792 = CARTESIAN_POINT ( 'NONE',  ( -0.1250000000000000000, -0.3484132424996271848, 0.2500000000000000000 ) ) ;
#793 = PLANE ( 'NONE',  #897 ) ;
#794 = ORIENTED_EDGE ( 'NONE', *, *, #643, .T. ) ;
#795 = CARTESIAN_POINT ( 'NONE',  ( -0.1250000000000000000, 0.3661417299999999431, 0.000000000000000000 ) ) ;
#796 = EDGE_LOOP ( 'NONE', ( #1444, #1060, #2016, #1223 ) ) ;
#797 = AXIS2_PLACEMENT_3D ( 'NONE', #488, #1641, #941 ) ;
#798 = VERTEX_POINT ( 'NONE', #1584 ) ;
#799 = FACE_OUTER_BOUND ( 'NONE', #316, .T. ) ;
#800 = DIRECTION ( 'NONE',  ( -1.000000000000000000, 0.000000000000000000, 0.000000000000000000 ) ) ;
#801 = EDGE_CURVE ( 'NONE', #239, #491, #2093, .T. ) ;
#802 = ORIENTED_EDGE ( 'NONE', *, *, #756, .F. ) ;
#803 = DIRECTION ( 'NONE',  ( 0.000000000000000000, 0.000000000000000000, -1.000000000000000000 ) ) ;
#804 = VERTEX_POINT ( 'NONE', #1449 ) ;
#805 = DIRECTION ( 'NONE',  ( 1.000000000000000000, 0.000000000000000000, 0.000000000000000000 ) ) ;
#806 = ADVANCED_FACE ( 'NONE', ( #2136 ), #607, .F. ) ;
#807 = VERTEX_POINT ( 'NONE', #1823 ) ;
#808 = AXIS2_PLACEMENT_3D ( 'NONE', #2015, #996, #1517 ) ;
#809 = PLANE ( 'NONE',  #1237 ) ;
#810 = DIRECTION ( 'NONE',  ( 1.000000000000000000, 0.000000000000000000, 0.000000000000000000 ) ) ;
#811 = EDGE_CURVE ( 'NONE', #246, #2079, #1772, .T. ) ;
#812 = AXIS2_PLACEMENT_3D ( 'NONE', #1775, #269, #96 ) ;
#813 = ORIENTED_EDGE ( 'NONE', *, *, #475, .T. ) ;
#815 = EDGE_CURVE ( 'NONE', #693, #1493, #1304, .T. ) ;
#814 = DIRECTION ( 'NONE',  ( -3.485933199340899084E-32, -3.697785493223493385E-32, 1.000000000000000000 ) ) ;
#816 = AXIS2_PLACEMENT_3D ( 'NONE', #680, #1510, #1177 ) ;
#817 = AXIS2_PLACEMENT_3D ( 'NONE', #1712, #166, #1310 ) ;
#818 = CIRCLE ( 'NONE', #34, 0.02500000000000007425 ) ;
#819 = CARTESIAN_POINT ( 'NONE',  ( 2.169012220247946192E-15, 0.000000000000000000, 0.2500000000000000555 ) ) ;
#820 = CARTESIAN_POINT ( 'NONE',  ( 0.3937007874015748254, 1.023758016408639726, 0.000000000000000000 ) ) ;
#821 = DIRECTION ( 'NONE',  ( -1.000000000000000000, 0.000000000000000000, 0.000000000000000000 ) ) ;
#822 = CARTESIAN_POINT ( 'NONE',  ( -0.1500000000000000777, -0.3484132424996272404, 0.000000000000000000 ) ) ;
#823 = ORIENTED_EDGE ( 'NONE', *, *, #353, .T. ) ;
#824 = CARTESIAN_POINT ( 'NONE',  ( 0.5905511811023621549, -1.181102362204724088, 0.2500000000000000555 ) ) ;
#825 = EDGE_LOOP ( 'NONE', ( #17, #2044, #1750, #893 ) ) ;
#826 = CARTESIAN_POINT ( 'NONE',  ( 0.3484132424996266852, 0.1500000000000013267, 0.000000000000000000 ) ) ;
#827 = CARTESIAN_POINT ( 'NONE',  ( -0.06496062992125983815, 0.6692913385826771977, -2.264484164926174203E-33 ) ) ;
#828 = ORIENTED_EDGE ( 'NONE', *, *, #93, .F. ) ;
#829 = LINE ( 'NONE', #1811, #712 ) ;
#830 = DIRECTION ( 'NONE',  ( 0.000000000000000000, 0.000000000000000000, -1.000000000000000000 ) ) ;
#831 = ORIENTED_EDGE ( 'NONE', *, *, #1593, .F. ) ;
#832 = VERTEX_POINT ( 'NONE', #2002 ) ;
#833 = DIRECTION ( 'NONE',  ( -0.000000000000000000, -0.000000000000000000, -1.000000000000000000 ) ) ;
#834 = LINE ( 'NONE', #1497, #1059 ) ;
#835 = ADVANCED_FACE ( 'NONE', ( #1480 ), #276, .T. ) ;
#836 = CARTESIAN_POINT ( 'NONE',  ( -3.937007874015746367, 1.181102362204724532, 0.000000000000000000 ) ) ;
#837 = FACE_OUTER_BOUND ( 'NONE', #551, .T. ) ;
#838 = EDGE_CURVE ( 'NONE', #1889, #2171, #1627, .T. ) ;
#839 = AXIS2_PLACEMENT_3D ( 'NONE', #1838, #1004, #1485 ) ;
#840 = VECTOR ( 'NONE', #178, 39.37007874015748143 ) ;
#841 = VECTOR ( 'NONE', #2148, 39.37007874015748143 ) ;
#842 = CARTESIAN_POINT ( 'NONE',  ( -0.3661417299999995545, 0.1250000000000016098, 0.2500000000000000000 ) ) ;
#843 = ORIENTED_EDGE ( 'NONE', *, *, #811, .T. ) ;
#844 = AXIS2_PLACEMENT_3D ( 'NONE', #1947, #740, #1102 ) ;
#845 = ORIENTED_EDGE ( 'NONE', *, *, #1819, .F. ) ;
#846 = FACE_OUTER_BOUND ( 'NONE', #355, .T. ) ;
#847 = ADVANCED_FACE ( 'NONE', ( #1139 ), #1283, .T. ) ;
#848 = CARTESIAN_POINT ( 'NONE',  ( 1.574803149606299302, -2.952755905511811108, 0.2500000000000000000 ) ) ;
#849 = AXIS2_PLACEMENT_3D ( 'NONE', #197, #1900, #1051 ) ;
#850 = ORIENTED_EDGE ( 'NONE', *, *, #1821, .T. ) ;
#851 = CARTESIAN_POINT ( 'NONE',  ( 0.9842519685039370358, 1.138269997360109921E-16, 0.2500000000000000000 ) ) ;
#852 = LINE ( 'NONE', #894, #209 ) ;
#853 = CIRCLE ( 'NONE', #1057, 1.186300698263259790 ) ;
#854 = CARTESIAN_POINT ( 'NONE',  ( -0.3661417300000004982, -0.1249999999999984596, 0.000000000000000000 ) ) ;
#855 = VERTEX_POINT ( 'NONE', #306 ) ;
#856 = ORIENTED_EDGE ( 'NONE', *, *, #1758, .T. ) ;
#857 = DIRECTION ( 'NONE',  ( -0.000000000000000000, -0.000000000000000000, -1.000000000000000000 ) ) ;
#858 = ORIENTED_EDGE ( 'NONE', *, *, #262, .T. ) ;
#859 = DIRECTION ( 'NONE',  ( -1.000000000000000000, 0.000000000000000000, 0.000000000000000000 ) ) ;
#860 = CYLINDRICAL_SURFACE ( 'NONE', #1695, 4.176572946068561443 ) ;
#861 = ORIENTED_EDGE ( 'NONE', *, *, #1029, .T. ) ;
#862 = DIRECTION ( 'NONE',  ( -0.000000000000000000, -0.000000000000000000, 1.000000000000000000 ) ) ;
#863 = VECTOR ( 'NONE', #886, 39.37007874015748143 ) ;
#864 = DIRECTION ( 'NONE',  ( -0.000000000000000000, -0.000000000000000000, -1.000000000000000000 ) ) ;
#865 = EDGE_LOOP ( 'NONE', ( #1824, #604, #1299, #1761 ) ) ;
#866 = ORIENTED_EDGE ( 'NONE', *, *, #1106, .F. ) ;
#867 = CARTESIAN_POINT ( 'NONE',  ( 8.196454954923230515E-17, -0.6692913385826771977, 0.2500000000000000555 ) ) ;
#868 = EDGE_CURVE ( 'NONE', #2141, #1866, #117, .T. ) ;
#869 = ORIENTED_EDGE ( 'NONE', *, *, #351, .F. ) ;
#870 = DIRECTION ( 'NONE',  ( -3.485933199340899084E-32, -3.697785493223493385E-32, 1.000000000000000000 ) ) ;
#871 = ORIENTED_EDGE ( 'NONE', *, *, #14, .T. ) ;
#872 = DIRECTION ( 'NONE',  ( 1.000000000000000000, 0.000000000000000000, 0.000000000000000000 ) ) ;
#873 = EDGE_CURVE ( 'NONE', #606, #652, #1008, .T. ) ;
#874 = DIRECTION ( 'NONE',  ( 0.000000000000000000, 0.000000000000000000, -1.000000000000000000 ) ) ;
#875 = ORIENTED_EDGE ( 'NONE', *, *, #359, .T. ) ;
#876 = ORIENTED_EDGE ( 'NONE', *, *, #1112, .F. ) ;
#877 = DIRECTION ( 'NONE',  ( 0.000000000000000000, 0.000000000000000000, -1.000000000000000000 ) ) ;
#878 = DIRECTION ( 'NONE',  ( -1.000000000000000000, 1.444628310230302376E-14, 0.000000000000000000 ) ) ;
#879 = EDGE_CURVE ( 'NONE', #2045, #1643, #296, .T. ) ;
#880 = ADVANCED_FACE ( 'NONE', ( #1323 ), #1656, .F. ) ;
#881 = CARTESIAN_POINT ( 'NONE',  ( -0.7927545182174309257, 2.437085547680102771, 0.000000000000000000 ) ) ;
#882 = ORIENTED_EDGE ( 'NONE', *, *, #452, .T. ) ;
#883 = DIRECTION ( 'NONE',  ( 1.000000000000000000, 7.704684321228160590E-15, -0.000000000000000000 ) ) ;
#884 = VECTOR ( 'NONE', #591, 39.37007874015748143 ) ;
#885 = AXIS2_PLACEMENT_3D ( 'NONE', #1391, #908, #929 ) ;
#886 = DIRECTION ( 'NONE',  ( -0.000000000000000000, -0.000000000000000000, 1.000000000000000000 ) ) ;
#887 = AXIS2_PLACEMENT_3D ( 'NONE', #341, #654, #805 ) ;
#888 = VERTEX_POINT ( 'NONE', #1648 ) ;
#889 = EDGE_LOOP ( 'NONE', ( #585, #235, #215, #1569 ) ) ;
#890 = DIRECTION ( 'NONE',  ( 4.340556344497903187E-16, 1.000000000000000000, 3.697785493223495027E-32 ) ) ;
#891 = DIRECTION ( 'NONE',  ( 4.340556344497895791E-16, -1.000000000000000000, 0.000000000000000000 ) ) ;
#892 = DIRECTION ( 'NONE',  ( 1.776356839400250465E-15, 1.000000000000000000, 3.697785493223499406E-32 ) ) ;
#893 = ORIENTED_EDGE ( 'NONE', *, *, #593, .T. ) ;
#894 = CARTESIAN_POINT ( 'NONE',  ( -0.3661417299999995545, 0.1250000000000016098, 0.000000000000000000 ) ) ;
#895 = DIRECTION ( 'NONE',  ( 0.000000000000000000, 0.000000000000000000, 1.000000000000000000 ) ) ;
#896 = FACE_OUTER_BOUND ( 'NONE', #2, .T. ) ;
#897 = AXIS2_PLACEMENT_3D ( 'NONE', #1977, #459, #1814 ) ;
#898 = ORIENTED_EDGE ( 'NONE', *, *, #1796, .T. ) ;
#899 = CARTESIAN_POINT ( 'NONE',  ( 0.7845297822512061758, -2.475586934905658065, 0.2500000000000000555 ) ) ;
#900 = DIRECTION ( 'NONE',  ( -0.000000000000000000, -0.000000000000000000, -1.000000000000000000 ) ) ;
#901 = ORIENTED_EDGE ( 'NONE', *, *, #331, .T. ) ;
#902 = FACE_OUTER_BOUND ( 'NONE', #199, .T. ) ;
#903 = CARTESIAN_POINT ( 'NONE',  ( -1.574803149606299302, -1.223817040556749891, 0.2500000000000000555 ) ) ;
#904 = ORIENTED_EDGE ( 'NONE', *, *, #1675, .T. ) ;
#905 = LINE ( 'NONE', #237, #1331 ) ;
#906 = EDGE_CURVE ( 'NONE', #1000, #2196, #1406, .T. ) ;
#907 = EDGE_CURVE ( 'NONE', #1346, #294, #635, .T. ) ;
#908 = DIRECTION ( 'NONE',  ( -3.485933199340899084E-32, -3.697785493223493385E-32, 1.000000000000000000 ) ) ;
#909 = VERTEX_POINT ( 'NONE', #1802 ) ;
#910 = ORIENTED_EDGE ( 'NONE', *, *, #1390, .T. ) ;
#911 = CYLINDRICAL_SURFACE ( 'NONE', #2142, 0.1968503937007875237 ) ;
#912 = CARTESIAN_POINT ( 'NONE',  ( 0.1250000000000000000, 0.3661417299999999431, 0.000000000000000000 ) ) ;
#913 = VECTOR ( 'NONE', #1286, 39.37007874015748143 ) ;
#914 = CARTESIAN_POINT ( 'NONE',  ( 0.3661417299999995545, 0.1250000000000016098, 0.000000000000000000 ) ) ;
#915 = LENGTH_MEASURE_WITH_UNIT ( LENGTH_MEASURE( 0.02539999999999999897 ), #424 );
#916 = DIRECTION ( 'NONE',  ( 0.000000000000000000, 0.000000000000000000, -1.000000000000000000 ) ) ;
#917 = AXIS2_PLACEMENT_3D ( 'NONE', #1472, #627, #1119 ) ;
#918 = EDGE_CURVE ( 'NONE', #855, #693, #1251, .T. ) ;
#919 = EDGE_LOOP ( 'NONE', ( #90, #2026, #2123, #1232 ) ) ;
#920 = DIRECTION ( 'NONE',  ( 1.000000000000000000, 0.000000000000000000, -0.000000000000000000 ) ) ;
#921 = PLANE ( 'NONE',  #1781 ) ;
#922 = ORIENTED_EDGE ( 'NONE', *, *, #1261, .F. ) ;
#923 = DIRECTION ( 'NONE',  ( -3.485933199340899084E-32, -3.697785493223493385E-32, 1.000000000000000000 ) ) ;
#924 = LINE ( 'NONE', #1598, #1778 ) ;
#925 = DATE_TIME_ROLE ( 'creation_date' ) ;
#926 = CYLINDRICAL_SURFACE ( 'NONE', #2001, 3.782872158666985563 ) ;
#927 = ORIENTED_EDGE ( 'NONE', *, *, #1994, .F. ) ;
#928 = DIRECTION ( 'NONE',  ( 0.000000000000000000, 1.000000000000000000, 0.000000000000000000 ) ) ;
#929 = DIRECTION ( 'NONE',  ( 0.000000000000000000, 1.000000000000000000, 3.697785493223488459E-32 ) ) ;
#930 = VERTEX_POINT ( 'NONE', #1313 ) ;
#931 = DIRECTION ( 'NONE',  ( -3.485933199340899084E-32, -3.697785493223493385E-32, 1.000000000000000000 ) ) ;
#932 = EDGE_CURVE ( 'NONE', #1582, #807, #1579, .T. ) ;
#933 = DIRECTION ( 'NONE',  ( -0.000000000000000000, -0.000000000000000000, 1.000000000000000000 ) ) ;
#934 = DATE_TIME_ROLE ( 'classification_date' ) ;
#936 = ADVANCED_FACE ( 'NONE', ( #1989 ), #1148, .F. ) ;
#935 = LINE ( 'NONE', #1255, #194 ) ;
#937 = DIRECTION ( 'NONE',  ( -0.000000000000000000, -0.000000000000000000, 1.000000000000000000 ) ) ;
#938 = ORIENTED_EDGE ( 'NONE', *, *, #1290, .F. ) ;
#939 = ADVANCED_FACE ( 'NONE', ( #1289 ), #793, .F. ) ;
#940 = VERTEX_POINT ( 'NONE', #127 ) ;
#941 = DIRECTION ( 'NONE',  ( 1.000000000000000000, 0.000000000000000000, 0.000000000000000000 ) ) ;
#942 = LINE ( 'NONE', #1284, #1052 ) ;
#943 = CARTESIAN_POINT ( 'NONE',  ( -0.5905511811023606006, 7.689962027653710982E-16, 0.2500000000000000555 ) ) ;
#944 = APPROVAL_PERSON_ORGANIZATION ( #1949, #1969, #1090 ) ;
#945 = AXIS2_PLACEMENT_3D ( 'NONE', #881, #870, #1550 ) ;
#946 = VECTOR ( 'NONE', #438, 39.37007874015748143 ) ;
#947 = DIRECTION ( 'NONE',  ( -0.000000000000000000, -0.000000000000000000, 1.000000000000000000 ) ) ;
#948 = AXIS2_PLACEMENT_3D ( 'NONE', #1063, #1077, #1753 ) ;
#949 = EDGE_LOOP ( 'NONE', ( #1654, #1683, #904, #104 ) ) ;
#950 = CARTESIAN_POINT ( 'NONE',  ( -0.5905511811023621549, -1.181102362204724310, 0.2500000000000000555 ) ) ;
#951 = DIRECTION ( 'NONE',  ( 1.000000000000000000, 0.000000000000000000, 0.000000000000000000 ) ) ;
#952 = VECTOR ( 'NONE', #115, 39.37007874015748143 ) ;
#953 = ORIENTED_EDGE ( 'NONE', *, *, #1857, .F. ) ;
#954 = VECTOR ( 'NONE', #1154, 39.37007874015748143 ) ;
#955 = DIRECTION ( 'NONE',  ( 0.000000000000000000, 1.000000000000000000, 3.697785493223492838E-32 ) ) ;
#956 = CIRCLE ( 'NONE', #887, 0.02500000000000007425 ) ;
#957 = ORIENTED_EDGE ( 'NONE', *, *, #93, .T. ) ;
#958 = CARTESIAN_POINT ( 'NONE',  ( -0.8293156037499694877, 2.422481092035039918, 0.2500000000000000555 ) ) ;
#959 = EDGE_CURVE ( 'NONE', #546, #1474, #1541, .T. ) ;
#960 = DIRECTION ( 'NONE',  ( 0.000000000000000000, 0.000000000000000000, -1.000000000000000000 ) ) ;
#961 = ORIENTED_EDGE ( 'NONE', *, *, #1221, .T. ) ;
#962 = DIRECTION ( 'NONE',  ( 1.000000000000000000, 0.000000000000000000, 0.000000000000000000 ) ) ;
#963 = AXIS2_PLACEMENT_3D ( 'NONE', #1777, #1950, #437 ) ;
#964 = ORIENTED_EDGE ( 'NONE', *, *, #2200, .F. ) ;
#965 = CARTESIAN_POINT ( 'NONE',  ( -0.3484132424996276289, -0.1499999999999986622, 0.000000000000000000 ) ) ;
#966 = AXIS2_PLACEMENT_3D ( 'NONE', #2067, #168, #2207 ) ;
#967 = CARTESIAN_POINT ( 'NONE',  ( 0.000000000000000000, 0.000000000000000000, 0.2500000000000000000 ) ) ;
#968 = ADVANCED_FACE ( 'NONE', ( #1533 ), #1852, .F. ) ;
#969 = EDGE_CURVE ( 'NONE', #1481, #1863, #622, .T. ) ;
#970 = DIRECTION ( 'NONE',  ( -3.485933199340899084E-32, -3.697785493223493385E-32, 1.000000000000000000 ) ) ;
#971 = VERTEX_POINT ( 'NONE', #9 ) ;
#972 = DIRECTION ( 'NONE',  ( -3.485933199340899084E-32, -3.697785493223493385E-32, 1.000000000000000000 ) ) ;
#973 = DIRECTION ( 'NONE',  ( -1.000000000000000000, 0.000000000000000000, 0.000000000000000000 ) ) ;
#974 = LOCAL_TIME ( 20, 59, 30.00000000000000000, #1413 ) ;
#975 = LINE ( 'NONE', #146, #2162 ) ;
#976 = DIRECTION ( 'NONE',  ( -0.000000000000000000, -0.000000000000000000, -1.000000000000000000 ) ) ;
#977 = CARTESIAN_POINT ( 'NONE',  ( 0.1484473629476749656, -2.279842608821780026, 0.2500000000000000555 ) ) ;
#978 = ORIENTED_EDGE ( 'NONE', *, *, #268, .F. ) ;
#979 = CALENDAR_DATE ( 2026, 27, 4 ) ;
#980 = LINE ( 'NONE', #152, #1305 ) ;
#981 = CIRCLE ( 'NONE', #751, 4.176572946068561443 ) ;
#982 = VECTOR ( 'NONE', #1218, 39.37007874015748143 ) ;
#983 = CIRCLE ( 'NONE', #1563, 2.952755905511809331 ) ;
#984 = ORIENTED_EDGE ( 'NONE', *, *, #992, .T. ) ;
#985 = DIRECTION ( 'NONE',  ( -1.000000000000000000, 0.000000000000000000, 0.000000000000000000 ) ) ;
#986 = LINE ( 'NONE', #1850, #1912 ) ;
#987 = FACE_BOUND ( 'NONE', #1468, .T. ) ;
#988 = LINE ( 'NONE', #1546, #494 ) ;
#989 = ORIENTED_EDGE ( 'NONE', *, *, #321, .T. ) ;
#990 = ORIENTED_EDGE ( 'NONE', *, *, #1495, .T. ) ;
#991 = CARTESIAN_POINT ( 'NONE',  ( 0.000000000000000000, 0.000000000000000000, 0.000000000000000000 ) ) ;
#992 = EDGE_CURVE ( 'NONE', #1317, #971, #1382, .T. ) ;
#993 = ORIENTED_EDGE ( 'NONE', *, *, #126, .T. ) ;
#994 = ADVANCED_FACE ( 'NONE', ( #1020 ), #1705, .T. ) ;
#995 = CYLINDRICAL_SURFACE ( 'NONE', #1918, 0.8999999999999999112 ) ;
#996 = DIRECTION ( 'NONE',  ( -3.485933199340899084E-32, -3.697785493223493385E-32, 1.000000000000000000 ) ) ;
#997 = CARTESIAN_POINT ( 'NONE',  ( -0.5957495171608978568, 1.181102362204724310, 0.000000000000000000 ) ) ;
#998 = DIRECTION ( 'NONE',  ( -0.000000000000000000, -0.000000000000000000, 1.000000000000000000 ) ) ;
#999 = EDGE_CURVE ( 'NONE', #361, #1888, #337, .T. ) ;
#1000 = VERTEX_POINT ( 'NONE', #181 ) ;
#1001 = EDGE_LOOP ( 'NONE', ( #506, #964, #1922, #1898 ) ) ;
#1002 = CARTESIAN_POINT ( 'NONE',  ( 0.8293156037499702649, -2.422481092035040362, 1.814536460825597139E-33 ) ) ;
#1003 = EDGE_LOOP ( 'NONE', ( #689, #641, #1864, #1917 ) ) ;
#1004 = DIRECTION ( 'NONE',  ( -0.000000000000000000, -0.000000000000000000, -1.000000000000000000 ) ) ;
#1005 = CARTESIAN_POINT ( 'NONE',  ( -0.1484473629476749101, 2.279842608821780026, 0.2500000000000000555 ) ) ;
#1006 = CARTESIAN_POINT ( 'NONE',  ( -0.6692913385826771977, 4.098227477461615874E-17, 0.2500000000000000555 ) ) ;
#1007 = AXIS2_PLACEMENT_3D ( 'NONE', #1328, #1506, #2187 ) ;
#1008 = CIRCLE ( 'NONE', #1804, 0.1968503937007874405 ) ;
#1009 = DIRECTION ( 'NONE',  ( 0.000000000000000000, 0.000000000000000000, -1.000000000000000000 ) ) ;
#1010 = ORIENTED_EDGE ( 'NONE', *, *, #1197, .T. ) ;
#1011 = ORIENTED_EDGE ( 'NONE', *, *, #1891, .T. ) ;
#1012 = CARTESIAN_POINT ( 'NONE',  ( 0.6692913385826771977, 4.098227477461615257E-17, 0.000000000000000000 ) ) ;
#1013 = CIRCLE ( 'NONE', #812, 0.06496062992125979652 ) ;
#1014 = LINE ( 'NONE', #352, #486 ) ;
#1015 = CIRCLE ( 'NONE', #76, 0.06496062992125986590 ) ;
#1016 = DIRECTION ( 'NONE',  ( -0.000000000000000000, -0.000000000000000000, -1.000000000000000000 ) ) ;
#1017 = VERTEX_POINT ( 'NONE', #854 ) ;
#1018 = DIRECTION ( 'NONE',  ( 1.000000000000000000, 0.000000000000000000, 0.000000000000000000 ) ) ;
#1019 = EDGE_CURVE ( 'NONE', #1730, #1207, #691, .T. ) ;
#1020 = FACE_OUTER_BOUND ( 'NONE', #139, .T. ) ;
#1021 = ORIENTED_EDGE ( 'NONE', *, *, #2096, .F. ) ;
#1022 = ORIENTED_EDGE ( 'NONE', *, *, #992, .F. ) ;
#1023 = ORIENTED_EDGE ( 'NONE', *, *, #649, .T. ) ;
#1024 = PLANE ( 'NONE',  #391 ) ;
#1025 = ORIENTED_EDGE ( 'NONE', *, *, #1710, .T. ) ;
#1026 = EDGE_CURVE ( 'NONE', #1730, #566, #1174, .T. ) ;
#1027 = LINE ( 'NONE', #2083, #2011 ) ;
#1028 = ADVANCED_FACE ( 'NONE', ( #22 ), #535, .F. ) ;
#1029 = EDGE_CURVE ( 'NONE', #888, #103, #1202, .T. ) ;
#1030 = ORIENTED_EDGE ( 'NONE', *, *, #649, .F. ) ;
#1031 = CARTESIAN_POINT ( 'NONE',  ( -0.9842519685039370358, 1.181102362204724310, 0.000000000000000000 ) ) ;
#1032 = VECTOR ( 'NONE', #271, 39.37007874015748143 ) ;
#1033 = EDGE_CURVE ( 'NONE', #1430, #1691, #1649, .T. ) ;
#1034 = CARTESIAN_POINT ( 'NONE',  ( 0.5957495171608978568, -1.181102362204724310, 0.2500000000000000000 ) ) ;
#1035 = EDGE_CURVE ( 'NONE', #1481, #940, #1843, .T. ) ;
#1036 = EDGE_LOOP ( 'NONE', ( #456, #638, #1011, #154 ) ) ;
#1037 = ORIENTED_EDGE ( 'NONE', *, *, #906, .F. ) ;
#1038 = CARTESIAN_POINT ( 'NONE',  ( 0.1250000000000000000, 0.3484132424996271848, 0.000000000000000000 ) ) ;
#1039 = ORIENTED_EDGE ( 'NONE', *, *, #331, .F. ) ;
#1040 = DIRECTION ( 'NONE',  ( 0.000000000000000000, 1.000000000000000000, 0.000000000000000000 ) ) ;
#1041 = EDGE_CURVE ( 'NONE', #1571, #1645, #1553, .T. ) ;
#1042 = ORIENTED_EDGE ( 'NONE', *, *, #359, .F. ) ;
#1043 = DIRECTION ( 'NONE',  ( 0.000000000000000000, 0.000000000000000000, -1.000000000000000000 ) ) ;
#1044 = AXIS2_PLACEMENT_3D ( 'NONE', #279, #947, #1634 ) ;
#1045 = DIRECTION ( 'NONE',  ( -1.000000000000000000, 0.000000000000000000, 0.000000000000000000 ) ) ;
#1046 = CIRCLE ( 'NONE', #666, 3.346456692913384323 ) ;
#1047 = VECTOR ( 'NONE', #1367, 39.37007874015748143 ) ;
#1048 = VERTEX_POINT ( 'NONE', #1189 ) ;
#1049 = ORIENTED_EDGE ( 'NONE', *, *, #715, .T. ) ;
#1050 = DIRECTION ( 'NONE',  ( 0.000000000000000000, 0.000000000000000000, -1.000000000000000000 ) ) ;
#1051 = DIRECTION ( 'NONE',  ( 0.000000000000000000, 1.000000000000000000, 0.000000000000000000 ) ) ;
#1052 = VECTOR ( 'NONE', #742, 39.37007874015748143 ) ;
#1053 = DIRECTION ( 'NONE',  ( -0.000000000000000000, -0.000000000000000000, -1.000000000000000000 ) ) ;
#1054 = APPROVAL_DATE_TIME ( #1776, #1894 ) ;
#1055 = DIRECTION ( 'NONE',  ( 0.000000000000000000, 0.000000000000000000, -1.000000000000000000 ) ) ;
#1056 = VECTOR ( 'NONE', #877, 39.37007874015748143 ) ;
#1057 = AXIS2_PLACEMENT_3D ( 'NONE', #997, #1147, #1301 ) ;
#1058 = PLANE ( 'NONE',  #766 ) ;
#1059 = VECTOR ( 'NONE', #1514, 39.37007874015748143 ) ;
#1060 = ORIENTED_EDGE ( 'NONE', *, *, #1362, .F. ) ;
#1061 = EDGE_LOOP ( 'NONE', ( #661, #1487, #1131, #1536 ) ) ;
#1062 = CARTESIAN_POINT ( 'NONE',  ( 0.000000000000000000, 0.6692913385826771977, 0.2500000000000000555 ) ) ;
#1063 = CARTESIAN_POINT ( 'NONE',  ( 0.000000000000000000, 0.6692913385826771977, 0.000000000000000000 ) ) ;
#1064 = DIRECTION ( 'NONE',  ( -3.485933199340899084E-32, -3.697785493223493385E-32, 1.000000000000000000 ) ) ;
#1065 = DIRECTION ( 'NONE',  ( 1.000000000000000000, 1.926171080307062630E-15, 0.000000000000000000 ) ) ;
#1066 = EDGE_CURVE ( 'NONE', #645, #176, #1953, .T. ) ;
#1067 = EDGE_LOOP ( 'NONE', ( #978, #1837, #303, #1870 ) ) ;
#1068 = EDGE_CURVE ( 'NONE', #114, #1643, #145, .T. ) ;
#1069 = VERTEX_POINT ( 'NONE', #1715 ) ;
#1070 = CARTESIAN_POINT ( 'NONE',  ( -0.5905511811023621549, 1.023758016408639282, 0.2500000000000000555 ) ) ;
#1071 = ORIENTED_EDGE ( 'NONE', *, *, #2131, .T. ) ;
#1072 = DIRECTION ( 'NONE',  ( 0.000000000000000000, 0.000000000000000000, -1.000000000000000000 ) ) ;
#1073 = VERTEX_POINT ( 'NONE', #1156 ) ;
#1074 = AXIS2_PLACEMENT_3D ( 'NONE', #476, #285, #951 ) ;
#1075 = EDGE_CURVE ( 'NONE', #1384, #1582, #988, .T. ) ;
#1076 = LINE ( 'NONE', #1240, #396 ) ;
#1077 = DIRECTION ( 'NONE',  ( -3.485933199340899084E-32, -3.697785493223493385E-32, 1.000000000000000000 ) ) ;
#1078 = ORIENTED_EDGE ( 'NONE', *, *, #1097, .F. ) ;
#1079 = DIRECTION ( 'NONE',  ( -3.485933199340899084E-32, -3.697785493223493385E-32, 1.000000000000000000 ) ) ;
#1080 = COORDINATED_UNIVERSAL_TIME_OFFSET ( 8, 0, .BEHIND. ) ;
#1081 = LINE ( 'NONE', #564, #89 ) ;
#1082 = EDGE_LOOP ( 'NONE', ( #229, #468, #1738, #56 ) ) ;
#1083 = ORIENTED_EDGE ( 'NONE', *, *, #1134, .F. ) ;
#1084 = DIRECTION ( 'NONE',  ( 1.289023321486892950E-63, -1.000000000000000000, -3.697785493223493385E-32 ) ) ;
#1085 = LINE ( 'NONE', #1760, #1272 ) ;
#1086 = ORIENTED_EDGE ( 'NONE', *, *, #1157, .F. ) ;
#1087 = CYLINDRICAL_SURFACE ( 'NONE', #575, 0.1968503937007873850 ) ;
#1088 = DIRECTION ( 'NONE',  ( -3.485933199340899084E-32, -3.697785493223493385E-32, 1.000000000000000000 ) ) ;
#1089 = CARTESIAN_POINT ( 'NONE',  ( 0.6043307086614174706, 4.098227477461615257E-17, -2.264484164926173519E-33 ) ) ;
#1090 = APPROVAL_ROLE ( '' ) ;
#1091 = LINE ( 'NONE', #2127, #1143 ) ;
#1092 = VERTEX_POINT ( 'NONE', #700 ) ;
#1093 = FACE_OUTER_BOUND ( 'NONE', #1061, .T. ) ;
#1094 = AXIS2_PLACEMENT_3D ( 'NONE', #2139, #1079, #1630 ) ;
#1095 = CIRCLE ( 'NONE', #1668, 0.8999999999999999112 ) ;
#1096 = CYLINDRICAL_SURFACE ( 'NONE', #320, 0.03937007874015751446 ) ;
#1097 = EDGE_CURVE ( 'NONE', #1979, #1582, #1160, .T. ) ;
#1098 = CIRCLE ( 'NONE', #885, 0.03937007874015806264 ) ;
#1099 = CIRCLE ( 'NONE', #149, 0.02500000000000007425 ) ;
#1100 = EDGE_CURVE ( 'NONE', #275, #1810, #544, .T. ) ;
#1101 = DIRECTION ( 'NONE',  ( 0.000000000000000000, 1.000000000000000000, 0.000000000000000000 ) ) ;
#1102 = DIRECTION ( 'NONE',  ( 0.000000000000000000, 1.000000000000000000, 3.697785493223493933E-32 ) ) ;
#1103 = CARTESIAN_POINT ( 'NONE',  ( -1.574803149606299302, -1.223817040556749891, 0.2500000000000000000 ) ) ;
#1104 = CARTESIAN_POINT ( 'NONE',  ( -0.1484473629476749101, 2.279842608821780026, 5.622171174269929574E-32 ) ) ;
#1105 = VERTEX_POINT ( 'NONE', #726 ) ;
#1106 = EDGE_CURVE ( 'NONE', #832, #804, #2143, .T. ) ;
#1107 = FACE_OUTER_BOUND ( 'NONE', #1535, .T. ) ;
#1108 = VERTEX_POINT ( 'NONE', #1209 ) ;
#1109 = LINE ( 'NONE', #605, #301 ) ;
#1110 = ORIENTED_EDGE ( 'NONE', *, *, #2167, .F. ) ;
#1111 = CARTESIAN_POINT ( 'NONE',  ( -0.1249999999999999584, -0.3661417299999999431, 0.000000000000000000 ) ) ;
#1112 = EDGE_CURVE ( 'NONE', #3, #536, #2094, .T. ) ;
#1113 = DIRECTION ( 'NONE',  ( -0.000000000000000000, -0.000000000000000000, 1.000000000000000000 ) ) ;
#1114 = DIRECTION ( 'NONE',  ( 0.000000000000000000, 1.000000000000000000, 3.697785493223491743E-32 ) ) ;
#1115 = CARTESIAN_POINT ( 'NONE',  ( 3.937007874015746367, -1.181102362204724532, 0.2500000000000000000 ) ) ;
#1116 = ORIENTED_EDGE ( 'NONE', *, *, #907, .T. ) ;
#1117 = ORIENTED_EDGE ( 'NONE', *, *, #1068, .T. ) ;
#1118 = MANIFOLD_SOLID_BREP ( 'Clover Cutout', #1419 ) ;
#1119 = DIRECTION ( 'NONE',  ( 1.000000000000000000, 0.000000000000000000, 0.000000000000000000 ) ) ;
#1120 = CARTESIAN_POINT ( 'NONE',  ( 1.574803149606299302, 1.223817040556749891, 0.000000000000000000 ) ) ;
#1121 = FACE_BOUND ( 'NONE', #130, .T. ) ;
#1122 = AXIS2_PLACEMENT_3D ( 'NONE', #851, #1530, #472 ) ;
#1123 = AXIS2_PLACEMENT_3D ( 'NONE', #1387, #384, #1754 ) ;
#1124 = AXIS2_PLACEMENT_3D ( 'NONE', #1962, #150, #800 ) ;
#1125 = AXIS2_PLACEMENT_3D ( 'NONE', #1938, #59, #255 ) ;
#1126 = ORIENTED_EDGE ( 'NONE', *, *, #88, .T. ) ;
#1127 = CARTESIAN_POINT ( 'NONE',  ( 0.3484132424996267408, 0.1250000000000013045, 0.2500000000000000000 ) ) ;
#1128 = DIRECTION ( 'NONE',  ( -0.000000000000000000, -0.000000000000000000, -1.000000000000000000 ) ) ;
#1129 = AXIS2_PLACEMENT_3D ( 'NONE', #1756, #1065, #234 ) ;
#1130 = UNCERTAINTY_MEASURE_WITH_UNIT (LENGTH_MEASURE( 1.000000000000000082E-05 ), #221, 'distance_accuracy_value', 'NONE');
#1131 = ORIENTED_EDGE ( 'NONE', *, *, #785, .F. ) ;
#1132 = DIRECTION ( 'NONE',  ( 1.000000000000000000, 1.289023321486893220E-63, 0.000000000000000000 ) ) ;
#1133 = ORIENTED_EDGE ( 'NONE', *, *, #2100, .T. ) ;
#1134 = EDGE_CURVE ( 'NONE', #1511, #698, #1249, .T. ) ;
#1135 = FACE_OUTER_BOUND ( 'NONE', #1001, .T. ) ;
#1136 = ADVANCED_FACE ( 'NONE', ( #1238 ), #1921, .T. ) ;
#1137 = VERTEX_POINT ( 'NONE', #554 ) ;
#1138 = CARTESIAN_POINT ( 'NONE',  ( -0.1401141671340030703, -0.3254508752752843792, 0.000000000000000000 ) ) ;
#1139 = FACE_OUTER_BOUND ( 'NONE', #1547, .T. ) ;
#1140 = ADVANCED_FACE ( 'NONE', ( #763 ), #1096, .F. ) ;
#1141 = EDGE_LOOP ( 'NONE', ( #1907, #794 ) ) ;
#1142 = FACE_BOUND ( 'NONE', #2112, .T. ) ;
#1143 = VECTOR ( 'NONE', #1600, 39.37007874015748143 ) ;
#1144 = DIRECTION ( 'NONE',  ( 0.000000000000000000, -0.000000000000000000, -1.000000000000000000 ) ) ;
#1145 = CARTESIAN_POINT ( 'NONE',  ( 0.9842519685039370358, 1.138269997360109921E-16, 0.000000000000000000 ) ) ;
#1146 = VERTEX_POINT ( 'NONE', #1258 ) ;
#1147 = DIRECTION ( 'NONE',  ( -3.485933199340899084E-32, -3.697785493223493385E-32, 1.000000000000000000 ) ) ;
#1148 = CYLINDRICAL_SURFACE ( 'NONE', #797, 0.1250000000000000000 ) ;
#1149 = EDGE_LOOP ( 'NONE', ( #2043, #1721, #1287, #1499 ) ) ;
#1150 = CARTESIAN_POINT ( 'NONE',  ( 0.3484132424996276289, -0.1499999999999986622, 0.000000000000000000 ) ) ;
#1151 = DIRECTION ( 'NONE',  ( -1.000000000000000000, 0.000000000000000000, 0.000000000000000000 ) ) ;
#1152 = AXIS2_PLACEMENT_3D ( 'NONE', #699, #2053, #532 ) ;
#1153 = DIRECTION ( 'NONE',  ( -0.000000000000000000, 0.000000000000000000, 1.000000000000000000 ) ) ;
#1154 = DIRECTION ( 'NONE',  ( 0.000000000000000000, 0.000000000000000000, -1.000000000000000000 ) ) ;
#1155 = EDGE_CURVE ( 'NONE', #1366, #633, #2122, .T. ) ;
#1156 = CARTESIAN_POINT ( 'NONE',  ( -0.8293156037499694877, 2.422481092035039918, 0.2500000000000000000 ) ) ;
#1157 = EDGE_CURVE ( 'NONE', #1676, #930, #1085, .T. ) ;
#1158 = VERTEX_POINT ( 'NONE', #390 ) ;
#1159 = DIRECTION ( 'NONE',  ( -1.000000000000000000, 0.000000000000000000, 0.000000000000000000 ) ) ;
#1160 = CIRCLE ( 'NONE', #1669, 0.1250000000000000278 ) ;
#1161 = EDGE_LOOP ( 'NONE', ( #729, #525, #2128, #1259 ) ) ;
#1162 = VECTOR ( 'NONE', #2173, 39.37007874015748143 ) ;
#1163 = DIRECTION ( 'NONE',  ( -0.000000000000000000, -0.000000000000000000, -1.000000000000000000 ) ) ;
#1164 = VECTOR ( 'NONE', #470, 39.37007874015748143 ) ;
#1165 = EDGE_CURVE ( 'NONE', #1853, #3, #1562, .T. ) ;
#1166 = DIRECTION ( 'NONE',  ( -0.000000000000000000, -0.000000000000000000, 1.000000000000000000 ) ) ;
#1167 = ORIENTED_EDGE ( 'NONE', *, *, #1891, .F. ) ;
#1168 = CARTESIAN_POINT ( 'NONE',  ( -0.3661417299999995545, 0.1250000000000016098, 0.2500000000000000000 ) ) ;
#1169 = DIRECTION ( 'NONE',  ( -3.485933199340899084E-32, -3.697785493223493385E-32, 1.000000000000000000 ) ) ;
#1170 = ORIENTED_EDGE ( 'NONE', *, *, #1542, .F. ) ;
#1171 = EDGE_LOOP ( 'NONE', ( #519, #1083, #45, #290 ) ) ;
#1172 = CYLINDRICAL_SURFACE ( 'NONE', #1709, 0.1968503937007873017 ) ;
#1173 = CARTESIAN_POINT ( 'NONE',  ( 0.000000000000000000, 0.000000000000000000, 0.000000000000000000 ) ) ;
#1174 = CIRCLE ( 'NONE', #509, 0.02500000000000007425 ) ;
#1175 = FACE_OUTER_BOUND ( 'NONE', #362, .T. ) ;
#1176 = DIRECTION ( 'NONE',  ( 0.000000000000000000, 0.000000000000000000, 1.000000000000000000 ) ) ;
#1177 = DIRECTION ( 'NONE',  ( 1.000000000000000000, 0.000000000000000000, 0.000000000000000000 ) ) ;
#1178 = ORIENTED_EDGE ( 'NONE', *, *, #655, .F. ) ;
#1179 = VERTEX_POINT ( 'NONE', #1402 ) ;
#1180 = CARTESIAN_POINT ( 'NONE',  ( 0.9842519685039370358, -1.181102362204724310, 0.000000000000000000 ) ) ;
#1181 = DIRECTION ( 'NONE',  ( -0.000000000000000000, -0.000000000000000000, 1.000000000000000000 ) ) ;
#1182 = ADVANCED_FACE ( 'NONE', ( #238 ), #921, .F. ) ;
#1183 = ORIENTED_EDGE ( 'NONE', *, *, #514, .F. ) ;
#1184 = CARTESIAN_POINT ( 'NONE',  ( 0.5905511811023615998, -1.181102362204724088, 0.000000000000000000 ) ) ;
#1185 = VERTEX_POINT ( 'NONE', #1736 ) ;
#1186 = CARTESIAN_POINT ( 'NONE',  ( 0.3661417299999998876, 1.570812596356951301E-15, 0.000000000000000000 ) ) ;
#1187 = VECTOR ( 'NONE', #1508, 39.37007874015748143 ) ;
#1188 = VECTOR ( 'NONE', #960, 39.37007874015748143 ) ;
#1189 = CARTESIAN_POINT ( 'NONE',  ( 0.7845297822512061758, -2.475586934905658065, -1.710407513121145524E-33 ) ) ;
#1190 = VERTEX_POINT ( 'NONE', #55 ) ;
#1191 = EDGE_CURVE ( 'NONE', #1048, #1614, #1098, .T. ) ;
#1192 = ORIENTED_EDGE ( 'NONE', *, *, #1502, .T. ) ;
#1193 = CARTESIAN_POINT ( 'NONE',  ( -0.1249999999999999584, -0.3661417299999999431, 0.000000000000000000 ) ) ;
#1194 = AXIS2_PLACEMENT_3D ( 'NONE', #1120, #107, #1805 ) ;
#1195 = DIRECTION ( 'NONE',  ( 0.000000000000000000, 0.000000000000000000, -1.000000000000000000 ) ) ;
#1196 = AXIS2_PLACEMENT_3D ( 'NONE', #1394, #2081, #37 ) ;
#1197 = EDGE_CURVE ( 'NONE', #2045, #1658, #1934, .T. ) ;
#1198 = CARTESIAN_POINT ( 'NONE',  ( 0.1500000000000000777, -0.3484132424996272404, 0.000000000000000000 ) ) ;
#1199 = ORIENTED_EDGE ( 'NONE', *, *, #918, .T. ) ;
#1200 = CARTESIAN_POINT ( 'NONE',  ( -0.06496062992125975488, -0.6692913385826771977, 0.2500000000000000555 ) ) ;
#1201 = EDGE_CURVE ( 'NONE', #377, #294, #418, .T. ) ;
#1202 = LINE ( 'NONE', #368, #2036 ) ;
#1203 = ORIENTED_EDGE ( 'NONE', *, *, #1604, .F. ) ;
#1204 = VERTEX_POINT ( 'NONE', #735 ) ;
#1205 = CARTESIAN_POINT ( 'NONE',  ( 1.574803149606299302, 1.223817040556749891, 0.2500000000000000000 ) ) ;
#1206 = DIRECTION ( 'NONE',  ( -3.485933199340899084E-32, -3.697785493223493385E-32, 1.000000000000000000 ) ) ;
#1207 = VERTEX_POINT ( 'NONE', #1607 ) ;
#1208 = CARTESIAN_POINT ( 'NONE',  ( 0.5957495171608978568, -1.181102362204724310, 0.2500000000000000000 ) ) ;
#1209 = CARTESIAN_POINT ( 'NONE',  ( -0.1250000000000000000, 0.3661417299999999431, 0.000000000000000000 ) ) ;
#1210 = EDGE_LOOP ( 'NONE', ( #1877, #1431, #1993, #1999 ) ) ;
#1211 = ORIENTED_EDGE ( 'NONE', *, *, #2063, .F. ) ;
#1212 = CARTESIAN_POINT ( 'NONE',  ( -0.1250000000000000278, 0.3484132424996271848, 0.000000000000000000 ) ) ;
#1213 = DIRECTION ( 'NONE',  ( 0.000000000000000000, 1.000000000000000000, 0.000000000000000000 ) ) ;
#1214 = ORIENTED_EDGE ( 'NONE', *, *, #23, .T. ) ;
#1215 = FACE_OUTER_BOUND ( 'NONE', #31, .T. ) ;
#1216 = ORIENTED_EDGE ( 'NONE', *, *, #1019, .T. ) ;
#1217 = DIRECTION ( 'NONE',  ( -1.000000000000000000, 0.000000000000000000, 0.000000000000000000 ) ) ;
#1218 = DIRECTION ( 'NONE',  ( -0.000000000000000000, -0.000000000000000000, 1.000000000000000000 ) ) ;
#1219 = AXIS2_PLACEMENT_3D ( 'NONE', #1559, #30, #705 ) ;
#1220 = AXIS2_PLACEMENT_3D ( 'NONE', #358, #343, #367 ) ;
#1221 = EDGE_CURVE ( 'NONE', #1478, #1146, #1720, .T. ) ;
#1222 = ORIENTED_EDGE ( 'NONE', *, *, #1856, .T. ) ;
#1223 = ORIENTED_EDGE ( 'NONE', *, *, #665, .T. ) ;
#1224 = FACE_OUTER_BOUND ( 'NONE', #202, .T. ) ;
#1225 = DIRECTION ( 'NONE',  ( 0.000000000000000000, 0.000000000000000000, -1.000000000000000000 ) ) ;
#1226 = EDGE_CURVE ( 'NONE', #1618, #536, #1540, .T. ) ;
#1227 = VERTEX_POINT ( 'NONE', #44 ) ;
#1228 = AXIS2_PLACEMENT_3D ( 'NONE', #1275, #1425, #218 ) ;
#1229 = CARTESIAN_POINT ( 'NONE',  ( -0.6692913385826771977, 4.098227477461615874E-17, 0.2500000000000000555 ) ) ;
#1230 = PERSON_AND_ORGANIZATION_ROLE ( 'creator' ) ;
#1231 = CARTESIAN_POINT ( 'NONE',  ( 0.5905511811023621549, 1.023758016408639726, 5.844259509761841939E-32 ) ) ;
#1232 = ORIENTED_EDGE ( 'NONE', *, *, #1896, .T. ) ;
#1233 = CARTESIAN_POINT ( 'NONE',  ( -0.1401141671340030426, 0.3254508752752844902, 0.2500000000000000555 ) ) ;
#1234 = CIRCLE ( 'NONE', #289, 0.3543307099999999932 ) ;
#1235 = VECTOR ( 'NONE', #1252, 39.37007874015748143 ) ;
#1236 = ADVANCED_FACE ( 'NONE', ( #2077 ), #1058, .F. ) ;
#1237 = AXIS2_PLACEMENT_3D ( 'NONE', #967, #1488, #497 ) ;
#1238 = FACE_OUTER_BOUND ( 'NONE', #1854, .T. ) ;
#1239 = EDGE_LOOP ( 'NONE', ( #338, #2165, #1609, #302 ) ) ;
#1240 = CARTESIAN_POINT ( 'NONE',  ( -2.731847993664263218E-16, 2.644484474814292163, 0.2500000000000000000 ) ) ;
#1241 = CARTESIAN_POINT ( 'NONE',  ( 0.3484132424996275179, -0.1249999999999987649, 0.000000000000000000 ) ) ;
#1242 = APPROVAL ( #233, 'UNSPECIFIED' ) ;
#1243 = CARTESIAN_POINT ( 'NONE',  ( -0.1500000000000000777, -0.3484132424996272404, 0.2500000000000000000 ) ) ;
#1244 = COORDINATED_UNIVERSAL_TIME_OFFSET ( 8, 0, .BEHIND. ) ;
#1245 = DIRECTION ( 'NONE',  ( 1.000000000000000000, -7.704684321228160590E-15, 0.000000000000000000 ) ) ;
#1246 = CARTESIAN_POINT ( 'NONE',  ( -0.3661417299999998876, 1.570812596356951301E-15, 0.000000000000000000 ) ) ;
#1247 = PRODUCT ( 'Weapon', 'Weapon', '', ( #1397 ) ) ;
#1248 = AXIS2_PLACEMENT_3D ( 'NONE', #771, #1446, #1568 ) ;
#1249 = LINE ( 'NONE', #82, #982 ) ;
#1250 = EDGE_LOOP ( 'NONE', ( #669, #2075, #2009, #708 ) ) ;
#1251 = CIRCLE ( 'NONE', #305, 0.02499999999999993894 ) ;
#1252 = DIRECTION ( 'NONE',  ( 4.340556344497903187E-16, 1.000000000000000000, 3.697785493223495027E-32 ) ) ;
#1253 = DIRECTION ( 'NONE',  ( 0.000000000000000000, 1.000000000000000000, 0.000000000000000000 ) ) ;
#1254 = CARTESIAN_POINT ( 'NONE',  ( -0.1401141671340030703, 0.3254508752752843237, 0.000000000000000000 ) ) ;
#1255 = CARTESIAN_POINT ( 'NONE',  ( 0.7845297822512061758, -2.475586934905658065, 0.2500000000000000555 ) ) ;
#1256 = CARTESIAN_POINT ( 'NONE',  ( 0.5905511811023621549, -1.181102362204724088, 0.2500000000000000555 ) ) ;
#1257 = EDGE_CURVE ( 'NONE', #1204, #2087, #1109, .T. ) ;
#1258 = CARTESIAN_POINT ( 'NONE',  ( -0.9842519685039369248, -1.181102362204724310, 0.000000000000000000 ) ) ;
#1259 = ORIENTED_EDGE ( 'NONE', *, *, #429, .T. ) ;
#1260 = CARTESIAN_POINT ( 'NONE',  ( 0.7927545182174312588, -2.437085547680103215, 0.2500000000000000555 ) ) ;
#1261 = EDGE_CURVE ( 'NONE', #536, #1618, #588, .T. ) ;
#1262 = CYLINDRICAL_SURFACE ( 'NONE', #354, 4.176572946068560555 ) ;
#1263 = PERSON_AND_ORGANIZATION ( #116, #1329 ) ;
#1264 = DIRECTION ( 'NONE',  ( 0.000000000000000000, 0.000000000000000000, -1.000000000000000000 ) ) ;
#1265 = ORIENTED_EDGE ( 'NONE', *, *, #780, .T. ) ;
#1266 = CARTESIAN_POINT ( 'NONE',  ( 0.1250000000000000278, -0.3661417299999999431, 0.2500000000000000000 ) ) ;
#1267 = EDGE_CURVE ( 'NONE', #2040, #1146, #1091, .T. ) ;
#1268 = EDGE_CURVE ( 'NONE', #1716, #1048, #935, .T. ) ;
#1269 = ORIENTED_EDGE ( 'NONE', *, *, #1633, .T. ) ;
#1270 = AXIS2_PLACEMENT_3D ( 'NONE', #695, #13, #684 ) ;
#1271 = CARTESIAN_POINT ( 'NONE',  ( 0.3661417300000004982, -0.1249999999999984596, 0.000000000000000000 ) ) ;
#1272 = VECTOR ( 'NONE', #595, 39.37007874015748143 ) ;
#1273 = VECTOR ( 'NONE', #1055, 39.37007874015748143 ) ;
#1274 = ORIENTED_EDGE ( 'NONE', *, *, #1997, .T. ) ;
#1275 = CARTESIAN_POINT ( 'NONE',  ( -0.3661417299999998876, 1.570812596356951301E-15, 0.000000000000000000 ) ) ;
#1276 = CARTESIAN_POINT ( 'NONE',  ( -0.7845297822512059538, 2.475586934905657177, 1.710407513121124313E-33 ) ) ;
#1277 = CARTESIAN_POINT ( 'NONE',  ( -0.9842519685039369248, -1.181102362204724310, 0.2500000000000000000 ) ) ;
#1278 = AXIS2_PLACEMENT_3D ( 'NONE', #1198, #530, #1309 ) ;
#1279 = ADVANCED_FACE ( 'NONE', ( #87 ), #600, .T. ) ;
#1280 = DIRECTION ( 'NONE',  ( 1.000000000000000000, 0.000000000000000000, 0.000000000000000000 ) ) ;
#1281 = ORIENTED_EDGE ( 'NONE', *, *, #1642, .T. ) ;
#1282 = ORIENTED_EDGE ( 'NONE', *, *, #1710, .F. ) ;
#1283 = CYLINDRICAL_SURFACE ( 'NONE', #350, 0.02500000000000007425 ) ;
#1284 = CARTESIAN_POINT ( 'NONE',  ( 0.06496062992125983815, 0.6692913385826771977, 0.2500000000000000555 ) ) ;
#1285 = DIRECTION ( 'NONE',  ( 0.000000000000000000, 0.000000000000000000, -1.000000000000000000 ) ) ;
#1286 = DIRECTION ( 'NONE',  ( 0.000000000000000000, 0.000000000000000000, -1.000000000000000000 ) ) ;
#1287 = ORIENTED_EDGE ( 'NONE', *, *, #522, .T. ) ;
#1288 = FACE_OUTER_BOUND ( 'NONE', #865, .T. ) ;
#1289 = FACE_OUTER_BOUND ( 'NONE', #919, .T. ) ;
#1290 = EDGE_CURVE ( 'NONE', #703, #1474, #471, .T. ) ;
#1291 = EDGE_LOOP ( 'NONE', ( #1551, #2177, #728, #898 ) ) ;
#1293 = ADVANCED_FACE ( 'NONE', ( #1927 ), #926, .F. ) ;
#1292 = CYLINDRICAL_SURFACE ( 'NONE', #1340, 0.02499999999999993894 ) ;
#1294 = CIRCLE ( 'NONE', #1403, 0.1968503937007874405 ) ;
#1295 = ORIENTED_EDGE ( 'NONE', *, *, #53, .T. ) ;
#1296 = VECTOR ( 'NONE', #862, 39.37007874015748143 ) ;
#1297 = FACE_OUTER_BOUND ( 'NONE', #94, .T. ) ;
#1298 = AXIS2_PLACEMENT_3D ( 'NONE', #1970, #136, #810 ) ;
#1299 = ORIENTED_EDGE ( 'NONE', *, *, #2167, .T. ) ;
#1300 = VERTEX_POINT ( 'NONE', #1104 ) ;
#1301 = DIRECTION ( 'NONE',  ( -1.784692699068079290E-15, 1.000000000000000000, 3.697785493223487911E-32 ) ) ;
#1302 = AXIS2_PLACEMENT_3D ( 'NONE', #1437, #85, #598 ) ;
#1303 = EDGE_CURVE ( 'NONE', #1017, #1511, #1453, .T. ) ;
#1304 = LINE ( 'NONE', #648, #527 ) ;
#1305 = VECTOR ( 'NONE', #803, 39.37007874015748143 ) ;
#1306 = ORIENTED_EDGE ( 'NONE', *, *, #1928, .F. ) ;
#1307 = DIRECTION ( 'NONE',  ( -1.926171080307062630E-15, -1.000000000000000000, 0.000000000000000000 ) ) ;
#1308 = ORIENTED_EDGE ( 'NONE', *, *, #2138, .T. ) ;
#1309 = DIRECTION ( 'NONE',  ( 1.000000000000000000, 0.000000000000000000, 0.000000000000000000 ) ) ;
#1310 = DIRECTION ( 'NONE',  ( -1.000000000000000000, 0.000000000000000000, 0.000000000000000000 ) ) ;
#1311 = ORIENTED_EDGE ( 'NONE', *, *, #1477, .T. ) ;
#1312 = LINE ( 'NONE', #1500, #219 ) ;
#1313 = CARTESIAN_POINT ( 'NONE',  ( 0.7342519685039370358, 4.893765752498280842E-17, 2.264484164926173519E-33 ) ) ;
#1314 = ORIENTED_EDGE ( 'NONE', *, *, #1846, .F. ) ;
#1315 = PLANE ( 'NONE',  #710 ) ;
#1316 = VECTOR ( 'NONE', #1795, 39.37007874015748143 ) ;
#1317 = VERTEX_POINT ( 'NONE', #1231 ) ;
#1318 = CARTESIAN_POINT ( 'NONE',  ( 0.06496062992125992142, -0.6692913385826771977, 0.2500000000000000555 ) ) ;
#1319 = ADVANCED_FACE ( 'NONE', ( #1941 ), #425, .F. ) ;
#1320 = CARTESIAN_POINT ( 'NONE',  ( -0.3484132424996276289, -0.1499999999999986622, 0.000000000000000000 ) ) ;
#1321 = FACE_OUTER_BOUND ( 'NONE', #1003, .T. ) ;
#1322 = EDGE_CURVE ( 'NONE', #693, #333, #1622, .T. ) ;
#1323 = FACE_OUTER_BOUND ( 'NONE', #825, .T. ) ;
#1324 = EDGE_LOOP ( 'NONE', ( #1942, #1126, #861, #569 ) ) ;
#1325 = CARTESIAN_POINT ( 'NONE',  ( 0.3661417300000004982, -0.1249999999999984596, 0.000000000000000000 ) ) ;
#1326 = EDGE_CURVE ( 'NONE', #804, #1207, #1081, .T. ) ;
#1327 = ORIENTED_EDGE ( 'NONE', *, *, #1570, .F. ) ;
#1328 = CARTESIAN_POINT ( 'NONE',  ( -0.3937007874015746034, -1.023758016408639282, 0.2500000000000000555 ) ) ;
#1329 = ORGANIZATION ( 'UNSPECIFIED', 'UNSPECIFIED', '' ) ;
#1330 = CIRCLE ( 'NONE', #1404, 1.186300698263259790 ) ;
#1331 = VECTOR ( 'NONE', #1084, 39.37007874015748143 ) ;
#1332 = CARTESIAN_POINT ( 'NONE',  ( 0.3230437903804742050, 0.8400254219347278450, 0.2500000000000000555 ) ) ;
#1333 = ORIENTED_EDGE ( 'NONE', *, *, #113, .T. ) ;
#1334 = CARTESIAN_POINT ( 'NONE',  ( -0.6043307086614172485, 4.893765752498283924E-17, 0.2500000000000000555 ) ) ;
#1335 = PRODUCT_RELATED_PRODUCT_CATEGORY ( 'detail', '', ( #1247 ) ) ;
#1336 = DIRECTION ( 'NONE',  ( 0.000000000000000000, 0.000000000000000000, 1.000000000000000000 ) ) ;
#1337 = ORIENTED_EDGE ( 'NONE', *, *, #592, .F. ) ;
#1338 = ORIENTED_EDGE ( 'NONE', *, *, #1496, .T. ) ;
#1339 = DIRECTION ( 'NONE',  ( -1.000000000000000000, 0.000000000000000000, 0.000000000000000000 ) ) ;
#1340 = AXIS2_PLACEMENT_3D ( 'NONE', #1150, #478, #1836 ) ;
#1341 = ORIENTED_EDGE ( 'NONE', *, *, #452, .F. ) ;
#1342 = AXIS2_PLACEMENT_3D ( 'NONE', #47, #547, #1637 ) ;
#1343 = DIRECTION ( 'NONE',  ( 0.000000000000000000, 0.000000000000000000, -1.000000000000000000 ) ) ;
#1344 = AXIS2_PLACEMENT_3D ( 'NONE', #673, #1677, #1818 ) ;
#1345 = CARTESIAN_POINT ( 'NONE',  ( 0.3661417299999998876, 1.570812596356951301E-15, 0.000000000000000000 ) ) ;
#1346 = VERTEX_POINT ( 'NONE', #775 ) ;
#1347 = CARTESIAN_POINT ( 'NONE',  ( 0.1250000000000000278, -0.3484132424996271848, 0.000000000000000000 ) ) ;
#1348 = CARTESIAN_POINT ( 'NONE',  ( 0.5905511811023627100, 2.563320675884585612E-16, 2.058621968114717605E-32 ) ) ;
#1349 = ORIENTED_EDGE ( 'NONE', *, *, #522, .F. ) ;
#1350 = EDGE_LOOP ( 'NONE', ( #813, #240, #922, #876 ) ) ;
#1351 = DIRECTION ( 'NONE',  ( -1.000000000000000000, 0.000000000000000000, 0.000000000000000000 ) ) ;
#1352 = DIRECTION ( 'NONE',  ( -1.000000000000000000, 0.000000000000000000, 0.000000000000000000 ) ) ;
#1353 = AXIS2_PLACEMENT_3D ( 'NONE', #570, #2111, #1045 ) ;
#1354 = AXIS2_PLACEMENT_3D ( 'NONE', #326, #1873, #1358 ) ;
#1355 = LINE ( 'NONE', #2039, #248 ) ;
#1356 = ORIENTED_EDGE ( 'NONE', *, *, #2019, .F. ) ;
#1357 = DIRECTION ( 'NONE',  ( -1.000000000000000000, 0.000000000000000000, 0.000000000000000000 ) ) ;
#1358 = DIRECTION ( 'NONE',  ( -1.000000000000000000, 0.000000000000000000, 0.000000000000000000 ) ) ;
#1359 = EDGE_LOOP ( 'NONE', ( #1372, #1929, #1392, #1666 ) ) ;
#1360 = ORIENTED_EDGE ( 'NONE', *, *, #428, .F. ) ;
#1361 = CARTESIAN_POINT ( 'NONE',  ( 0.9842519685039369248, 1.181102362204724310, 0.000000000000000000 ) ) ;
#1362 = EDGE_CURVE ( 'NONE', #2135, #1146, #2140, .T. ) ;
#1363 = EDGE_CURVE ( 'NONE', #6, #1692, #278, .T. ) ;
#1364 = DIRECTION ( 'NONE',  ( -1.000000000000000000, 0.000000000000000000, 0.000000000000000000 ) ) ;
#1365 = DIRECTION ( 'NONE',  ( 1.000000000000000000, 0.000000000000000000, 0.000000000000000000 ) ) ;
#1366 = VERTEX_POINT ( 'NONE', #1631 ) ;
#1367 = DIRECTION ( 'NONE',  ( -0.000000000000000000, -0.000000000000000000, 1.000000000000000000 ) ) ;
#1368 = AXIS2_PLACEMENT_3D ( 'NONE', #81, #1954, #928 ) ;
#1369 = CARTESIAN_POINT ( 'NONE',  ( 2.169012220247946192E-15, 0.000000000000000000, 0.2500000000000000555 ) ) ;
#1370 = EDGE_CURVE ( 'NONE', #2171, #1185, #1952, .T. ) ;
#1371 = ORIENTED_EDGE ( 'NONE', *, *, #222, .T. ) ;
#1372 = ORIENTED_EDGE ( 'NONE', *, *, #113, .F. ) ;
#1373 = DIRECTION ( 'NONE',  ( -0.000000000000000000, -0.000000000000000000, -1.000000000000000000 ) ) ;
#1374 = VECTOR ( 'NONE', #1586, 39.37007874015748143 ) ;
#1375 = CARTESIAN_POINT ( 'NONE',  ( 2.169012220247946192E-15, 0.000000000000000000, 0.000000000000000000 ) ) ;
#1376 = VECTOR ( 'NONE', #308, 39.37007874015748143 ) ;
#1377 = AXIS2_PLACEMENT_3D ( 'NONE', #2193, #713, #360 ) ;
#1378 = CIRCLE ( 'NONE', #39, 0.03937007874015751446 ) ;
#1379 = ADVANCED_FACE ( 'NONE', ( #759 ), #2118, .F. ) ;
#1380 = ORIENTED_EDGE ( 'NONE', *, *, #1821, .F. ) ;
#1381 = DIRECTION ( 'NONE',  ( -0.000000000000000000, -0.000000000000000000, -1.000000000000000000 ) ) ;
#1382 = LINE ( 'NONE', #1348, #1473 ) ;
#1383 = VERTEX_POINT ( 'NONE', #1915 ) ;
#1384 = VERTEX_POINT ( 'NONE', #400 ) ;
#1385 = CYLINDRICAL_SURFACE ( 'NONE', #1196, 3.782872158666986451 ) ;
#1386 = DIRECTION ( 'NONE',  ( -3.485933199340899084E-32, -3.697785493223493385E-32, 1.000000000000000000 ) ) ;
#1387 = CARTESIAN_POINT ( 'NONE',  ( -3.937007874015746367, 1.181102362204724532, 0.2500000000000000000 ) ) ;
#1388 = DIRECTION ( 'NONE',  ( -1.000000000000000000, 0.000000000000000000, 0.000000000000000000 ) ) ;
#1389 = ADVANCED_FACE ( 'NONE', ( #1588 ), #63, .F. ) ;
#1390 = EDGE_CURVE ( 'NONE', #1000, #2135, #1766, .T. ) ;
#1391 = CARTESIAN_POINT ( 'NONE',  ( 0.7927545182174312588, -2.437085547680103215, 0.000000000000000000 ) ) ;
#1392 = ORIENTED_EDGE ( 'NONE', *, *, #1857, .T. ) ;
#1393 = EDGE_LOOP ( 'NONE', ( #1022, #480, #720, #875 ) ) ;
#1394 = CARTESIAN_POINT ( 'NONE',  ( 1.574803149606299302, 1.223817040556749891, 0.2500000000000000555 ) ) ;
#1395 = CYLINDRICAL_SURFACE ( 'NONE', #174, 0.03937007874015806264 ) ;
#1396 = DIRECTION ( 'NONE',  ( -0.000000000000000000, -0.000000000000000000, -1.000000000000000000 ) ) ;
#1397 = MECHANICAL_CONTEXT ( 'NONE', #1466, 'mechanical' ) ;
#1398 = EDGE_CURVE ( 'NONE', #1108, #1730, #2156, .T. ) ;
#1399 = ORIENTED_EDGE ( 'NONE', *, *, #1370, .T. ) ;
#1400 = ORIENTED_EDGE ( 'NONE', *, *, #617, .T. ) ;
#1401 = FACE_OUTER_BOUND ( 'NONE', #1067, .T. ) ;
#1402 = CARTESIAN_POINT ( 'NONE',  ( -1.574803149606299302, 2.952755905511811108, 0.000000000000000000 ) ) ;
#1403 = AXIS2_PLACEMENT_3D ( 'NONE', #820, #663, #518 ) ;
#1404 = AXIS2_PLACEMENT_3D ( 'NONE', #528, #696, #1539 ) ;
#1405 = CIRCLE ( 'NONE', #1368, 3.782872158666986451 ) ;
#1406 = CIRCLE ( 'NONE', #1298, 2.952755905511809331 ) ;
#1407 = ORIENTED_EDGE ( 'NONE', *, *, #1033, .F. ) ;
#1408 = FACE_OUTER_BOUND ( 'NONE', #51, .T. ) ;
#1409 = DIRECTION ( 'NONE',  ( 0.000000000000000000, 1.000000000000000000, 3.697785493223491743E-32 ) ) ;
#1410 = ORIENTED_EDGE ( 'NONE', *, *, #907, .F. ) ;
#1411 = AXIS2_PLACEMENT_3D ( 'NONE', #1243, #1925, #1971 ) ;
#1412 = CARTESIAN_POINT ( 'NONE',  ( -0.9842519685039370358, 1.181102362204724310, 0.2500000000000000000 ) ) ;
#1413 = COORDINATED_UNIVERSAL_TIME_OFFSET ( 8, 0, .BEHIND. ) ;
#1414 = CARTESIAN_POINT ( 'NONE',  ( -0.3661417300000004982, -0.1249999999999984596, 0.000000000000000000 ) ) ;
#1415 = VECTOR ( 'NONE', #589, 39.37007874015748143 ) ;
#1416 = ORIENTED_EDGE ( 'NONE', *, *, #1604, .T. ) ;
#1417 = ORIENTED_EDGE ( 'NONE', *, *, #53, .F. ) ;
#1418 = DIRECTION ( 'NONE',  ( -1.000000000000000000, 0.000000000000000000, 0.000000000000000000 ) ) ;
#1419 = CLOSED_SHELL ( 'NONE', ( #1930, #485, #1770, #2029, #2175, #968, #806, #1960, #1319, #1136, #542, #422, #2159, #153, #1883, #1434, #994, #124, #2137, #265, #1664, #21, #2050, #1028, #2066, #1702, #297, #1561, #1611, #1532, #1697, #681, #1724, #1456, #1801, #313, #458, #707, #752, #1293, #1140, #1279, #847, #725, #2188, #1379, #880, #161, #54, #1608, #2110, #1389, #180, #835, #939, #936, #1182, #2192, #577, #1831, #1236, #1440 ) ) ;
#1420 = CIRCLE ( 'NONE', #2103, 2.952755905511809331 ) ;
#1421 = DIRECTION ( 'NONE',  ( -1.000000000000000000, 0.000000000000000000, 0.000000000000000000 ) ) ;
#1422 = ORIENTED_EDGE ( 'NONE', *, *, #679, .T. ) ;
#1423 = EDGE_LOOP ( 'NONE', ( #1897, #1679, #1725, #1597 ) ) ;
#1424 = CARTESIAN_POINT ( 'NONE',  ( -0.3254508752752838796, 0.1401141671340043193, 0.2500000000000000000 ) ) ;
#1425 = DIRECTION ( 'NONE',  ( 0.000000000000000000, 0.000000000000000000, 1.000000000000000000 ) ) ;
#1426 = DIRECTION ( 'NONE',  ( -4.340556344497894805E-16, 1.000000000000000000, 3.697785493223491743E-32 ) ) ;
#1427 = APPLICATION_PROTOCOL_DEFINITION ( 'international standard', 'config_control_design', 1994, #100 ) ;
#1429 = EDGE_CURVE ( 'NONE', #698, #137, #571, .T. ) ;
#1428 = DIRECTION ( 'NONE',  ( -3.485933199340899084E-32, -3.697785493223493385E-32, 1.000000000000000000 ) ) ;
#1430 = VERTEX_POINT ( 'NONE', #1464 ) ;
#1431 = ORIENTED_EDGE ( 'NONE', *, *, #315, .F. ) ;
#1432 = DIRECTION ( 'NONE',  ( 0.000000000000000000, -0.000000000000000000, -1.000000000000000000 ) ) ;
#1433 = DIRECTION ( 'NONE',  ( 0.000000000000000000, 0.000000000000000000, -1.000000000000000000 ) ) ;
#1434 = ADVANCED_FACE ( 'NONE', ( #129, #1494, #1121, #2178, #651, #1659, #1142, #1483 ), #660, .F. ) ;
#1435 = CARTESIAN_POINT ( 'NONE',  ( 0.000000000000000000, 0.6692913385826771977, 0.2500000000000000555 ) ) ;
#1436 = LINE ( 'NONE', #2124, #286 ) ;
#1437 = CARTESIAN_POINT ( 'NONE',  ( 0.5957495171608978568, -1.181102362204724310, 0.2500000000000000555 ) ) ;
#1438 = PERSON_AND_ORGANIZATION_ROLE ( 'creator' ) ;
#1439 = DIRECTION ( 'NONE',  ( -3.485933199340899084E-32, -3.697785493223493385E-32, 1.000000000000000000 ) ) ;
#1440 = ADVANCED_FACE ( 'NONE', ( #1992 ), #1292, .T. ) ;
#1441 = EDGE_CURVE ( 'NONE', #1875, #652, #1095, .T. ) ;
#1442 = EDGE_LOOP ( 'NONE', ( #1306, #760, #431, #1078, #369, #1356, #2069, #357, #628, #1946, #1829, #1178, #210, #1961, #502, #1282, #1484, #601, #1360, #1039, #65, #866, #1663, #1341, #1410 ) ) ;
#1443 = DIRECTION ( 'NONE',  ( -0.000000000000000000, -0.000000000000000000, -1.000000000000000000 ) ) ;
#1444 = ORIENTED_EDGE ( 'NONE', *, *, #1267, .T. ) ;
#1445 = ORIENTED_EDGE ( 'NONE', *, *, #1681, .F. ) ;
#1446 = DIRECTION ( 'NONE',  ( -3.485933199340899084E-32, -3.697785493223493385E-32, 1.000000000000000000 ) ) ;
#1447 = APPROVAL_PERSON_ORGANIZATION ( #62, #1894, #386 ) ;
#1448 = ORIENTED_EDGE ( 'NONE', *, *, #1201, .T. ) ;
#1449 = CARTESIAN_POINT ( 'NONE',  ( -0.1250000000000000000, 0.3661417299999999431, 0.2500000000000000000 ) ) ;
#1450 = VECTOR ( 'NONE', #1181, 39.37007874015748143 ) ;
#1451 = CIRCLE ( 'NONE', #2132, 1.580001485664835004 ) ;
#1452 = CARTESIAN_POINT ( 'NONE',  ( 0.1250000000000000000, 0.3661417299999999431, 0.000000000000000000 ) ) ;
#1453 = LINE ( 'NONE', #444, #1032 ) ;
#1454 = FACE_OUTER_BOUND ( 'NONE', #1985, .T. ) ;
#1455 = ORIENTED_EDGE ( 'NONE', *, *, #778, .F. ) ;
#1456 = ADVANCED_FACE ( 'NONE', ( #2166 ), #1315, .T. ) ;
#1457 = ORIENTED_EDGE ( 'NONE', *, *, #1936, .T. ) ;
#1458 = VECTOR ( 'NONE', #640, 39.37007874015748143 ) ;
#1459 = AXIS2_PLACEMENT_3D ( 'NONE', #1783, #1905, #251 ) ;
#1460 = AXIS2_PLACEMENT_3D ( 'NONE', #1688, #159, #664 ) ;
#1461 = AXIS2_PLACEMENT_3D ( 'NONE', #826, #1983, #662 ) ;
#1462 = CARTESIAN_POINT ( 'NONE',  ( 0.9842519685039369248, 1.181102362204724310, 0.2500000000000000000 ) ) ;
#1463 = CARTESIAN_POINT ( 'NONE',  ( 0.9842519685039370358, -1.181102362204724310, 0.2500000000000000000 ) ) ;
#1464 = CARTESIAN_POINT ( 'NONE',  ( 0.06496062992125992142, -0.6692913385826771977, 2.264484164926174203E-33 ) ) ;
#1465 = DIMENSIONAL_EXPONENTS ( 1.000000000000000000, 0.000000000000000000, 0.000000000000000000, 0.000000000000000000, 0.000000000000000000, 0.000000000000000000, 0.000000000000000000 ) ;
#1466 = APPLICATION_CONTEXT ( 'configuration controlled 3d designs of mechanical parts and assemblies' ) ;
#1467 = LINE ( 'NONE', #454, #913 ) ;
#1468 = EDGE_LOOP ( 'NONE', ( #831, #441 ) ) ;
#1469 = CARTESIAN_POINT ( 'NONE',  ( 1.574803149606299302, -2.952755905511811108, 0.000000000000000000 ) ) ;
#1470 = EDGE_CURVE ( 'NONE', #2172, #158, #2010, .T. ) ;
#1471 = EDGE_CURVE ( 'NONE', #1676, #1366, #1525, .T. ) ;
#1472 = CARTESIAN_POINT ( 'NONE',  ( 0.000000000000000000, 0.000000000000000000, 0.2500000000000000555 ) ) ;
#1473 = VECTOR ( 'NONE', #1861, 39.37007874015748143 ) ;
#1474 = VERTEX_POINT ( 'NONE', #317 ) ;
#1475 = CARTESIAN_POINT ( 'NONE',  ( -0.3484132424996275179, -0.1249999999999985983, 0.000000000000000000 ) ) ;
#1476 = ORIENTED_EDGE ( 'NONE', *, *, #550, .T. ) ;
#1477 = EDGE_CURVE ( 'NONE', #151, #1300, #980, .T. ) ;
#1478 = VERTEX_POINT ( 'NONE', #1504 ) ;
#1479 = DIRECTION ( 'NONE',  ( -3.485933199340899084E-32, -3.697785493223493385E-32, 1.000000000000000000 ) ) ;
#1480 = FACE_OUTER_BOUND ( 'NONE', #1646, .T. ) ;
#1481 = VERTEX_POINT ( 'NONE', #2186 ) ;
#1482 = APPROVAL_DATE_TIME ( #639, #1242 ) ;
#1483 = FACE_OUTER_BOUND ( 'NONE', #1707, .T. ) ;
#1484 = ORIENTED_EDGE ( 'NONE', *, *, #999, .F. ) ;
#1485 = DIRECTION ( 'NONE',  ( -1.000000000000000000, 0.000000000000000000, 0.000000000000000000 ) ) ;
#1486 = CIRCLE ( 'NONE', #249, 0.06496062992125986590 ) ;
#1487 = ORIENTED_EDGE ( 'NONE', *, *, #252, .T. ) ;
#1488 = DIRECTION ( 'NONE',  ( -0.000000000000000000, 0.000000000000000000, 1.000000000000000000 ) ) ;
#1489 = AXIS2_PLACEMENT_3D ( 'NONE', #578, #435, #2149 ) ;
#1490 = VECTOR ( 'NONE', #33, 39.37007874015748143 ) ;
#1491 = CARTESIAN_POINT ( 'NONE',  ( 0.3484132424996276289, -0.1499999999999986622, 0.000000000000000000 ) ) ;
#1492 = AXIS2_PLACEMENT_3D ( 'NONE', #469, #629, #962 ) ;
#1493 = VERTEX_POINT ( 'NONE', #1325 ) ;
#1494 = FACE_BOUND ( 'NONE', #727, .T. ) ;
#1495 = EDGE_CURVE ( 'NONE', #1658, #716, #1420, .T. ) ;
#1496 = EDGE_CURVE ( 'NONE', #930, #633, #2018, .T. ) ;
#1497 = CARTESIAN_POINT ( 'NONE',  ( 0.3661417299999995545, 0.1250000000000016098, 0.000000000000000000 ) ) ;
#1498 = DIRECTION ( 'NONE',  ( 1.000000000000000000, 0.000000000000000000, 0.000000000000000000 ) ) ;
#1499 = ORIENTED_EDGE ( 'NONE', *, *, #868, .T. ) ;
#1500 = CARTESIAN_POINT ( 'NONE',  ( -0.1250000000000000000, -0.3484132424996271848, 0.000000000000000000 ) ) ;
#1501 = DIRECTION ( 'NONE',  ( 0.000000000000000000, 0.000000000000000000, -1.000000000000000000 ) ) ;
#1502 = EDGE_CURVE ( 'NONE', #652, #1474, #1644, .T. ) ;
#1503 = ORIENTED_EDGE ( 'NONE', *, *, #1793, .T. ) ;
#1504 = CARTESIAN_POINT ( 'NONE',  ( 2.731847993664263218E-16, -2.644484474814292163, 0.000000000000000000 ) ) ;
#1505 = CC_DESIGN_PERSON_AND_ORGANIZATION_ASSIGNMENT ( #1765, #2104, ( #701 ) ) ;
#1506 = DIRECTION ( 'NONE',  ( 3.485933199340899084E-32, 3.697785493223493385E-32, -1.000000000000000000 ) ) ;
#1507 = EDGE_CURVE ( 'NONE', #1204, #855, #2174, .T. ) ;
#1508 = DIRECTION ( 'NONE',  ( 0.000000000000000000, 0.000000000000000000, -1.000000000000000000 ) ) ;
#1509 = DIRECTION ( 'NONE',  ( 3.852342160614125260E-15, -1.000000000000000000, -0.000000000000000000 ) ) ;
#1510 = DIRECTION ( 'NONE',  ( 0.000000000000000000, 0.000000000000000000, 1.000000000000000000 ) ) ;
#1511 = VERTEX_POINT ( 'NONE', #1475 ) ;
#1512 = ORIENTED_EDGE ( 'NONE', *, *, #1221, .F. ) ;
#1513 = DIRECTION ( 'NONE',  ( 1.000000000000000000, 0.000000000000000000, 0.000000000000000000 ) ) ;
#1514 = DIRECTION ( 'NONE',  ( -0.000000000000000000, -0.000000000000000000, 1.000000000000000000 ) ) ;
#1515 = VECTOR ( 'NONE', #220, 39.37007874015748143 ) ;
#1516 = CIRCLE ( 'NONE', #102, 0.02499999999999993894 ) ;
#1517 = DIRECTION ( 'NONE',  ( 0.000000000000000000, 1.000000000000000000, 0.000000000000000000 ) ) ;
#1518 = CARTESIAN_POINT ( 'NONE',  ( -0.5905511811023621549, -3.506318434031948215E-78, 0.2500000000000000555 ) ) ;
#1519 = VECTOR ( 'NONE', #1113, 39.37007874015748143 ) ;
#1520 = DIRECTION ( 'NONE',  ( -1.000000000000000000, 1.444628310230302376E-14, -0.000000000000000000 ) ) ;
#1521 = ORIENTED_EDGE ( 'NONE', *, *, #1819, .T. ) ;
#1522 = ORIENTED_EDGE ( 'NONE', *, *, #126, .F. ) ;
#1523 = CYLINDRICAL_SURFACE ( 'NONE', #1638, 0.06496062992125979652 ) ;
#1524 = CIRCLE ( 'NONE', #257, 0.06496062992125979652 ) ;
#1525 = CIRCLE ( 'NONE', #493, 0.06496062992125979652 ) ;
#1526 = CIRCLE ( 'NONE', #2021, 0.1968503937007874405 ) ;
#1527 = CARTESIAN_POINT ( 'NONE',  ( 0.8293156037499694877, -2.422481092035040362, 0.2500000000000000000 ) ) ;
#1528 = CIRCLE ( 'NONE', #2146, 4.176572946068561443 ) ;
#1529 = ORIENTED_EDGE ( 'NONE', *, *, #132, .F. ) ;
#1530 = DIRECTION ( 'NONE',  ( 1.000000000000000000, 1.156482317317871478E-16, -0.000000000000000000 ) ) ;
#1531 = DIRECTION ( 'NONE',  ( 0.000000000000000000, -0.000000000000000000, -1.000000000000000000 ) ) ;
#1532 = ADVANCED_FACE ( 'NONE', ( #288 ), #164, .F. ) ;
#1533 = FACE_OUTER_BOUND ( 'NONE', #1575, .T. ) ;
#1534 = EDGE_CURVE ( 'NONE', #1383, #645, #119, .T. ) ;
#1535 = EDGE_LOOP ( 'NONE', ( #882, #1624, #473, #1448 ) ) ;
#1536 = ORIENTED_EDGE ( 'NONE', *, *, #623, .F. ) ;
#1537 = CARTESIAN_POINT ( 'NONE',  ( 0.4911417299999999431, 1.570812596356951301E-15, 0.2500000000000000000 ) ) ;
#1538 = EDGE_LOOP ( 'NONE', ( #2057, #1874, #1742, #35 ) ) ;
#1539 = DIRECTION ( 'NONE',  ( -1.784692699068079290E-15, 1.000000000000000000, 0.000000000000000000 ) ) ;
#1540 = CIRCLE ( 'NONE', #1248, 0.06496062992125993529 ) ;
#1541 = CIRCLE ( 'NONE', #15, 0.8999999999999999112 ) ;
#1542 = EDGE_CURVE ( 'NONE', #2086, #1892, #818, .T. ) ;
#1543 = CYLINDRICAL_SURFACE ( 'NONE', #750, 0.02500000000000007425 ) ;
#1544 = ORIENTED_EDGE ( 'NONE', *, *, #1165, .F. ) ;
#1545 = PLANE ( 'NONE',  #2091 ) ;
#1546 = CARTESIAN_POINT ( 'NONE',  ( 0.4911417299999999431, 1.570812596356951301E-15, 0.000000000000000000 ) ) ;
#1547 = EDGE_LOOP ( 'NONE', ( #901, #1337, #439, #1216 ) ) ;
#1548 = ORIENTED_EDGE ( 'NONE', *, *, #1642, .F. ) ;
#1549 = CARTESIAN_POINT ( 'NONE',  ( 2.731847993664263218E-16, -2.644484474814292163, 0.2500000000000000000 ) ) ;
#1550 = DIRECTION ( 'NONE',  ( 0.000000000000000000, 1.000000000000000000, 3.697785493223491743E-32 ) ) ;
#1551 = ORIENTED_EDGE ( 'NONE', *, *, #222, .F. ) ;
#1552 = CARTESIAN_POINT ( 'NONE',  ( -0.7927545182174309257, 2.437085547680102771, 0.2500000000000000555 ) ) ;
#1553 = LINE ( 'NONE', #2042, #1490 ) ;
#1554 = ORIENTED_EDGE ( 'NONE', *, *, #1363, .F. ) ;
#1555 = ORIENTED_EDGE ( 'NONE', *, *, #2022, .T. ) ;
#1556 = ORIENTED_EDGE ( 'NONE', *, *, #2078, .F. ) ;
#1557 = CARTESIAN_POINT ( 'NONE',  ( -0.06496062992125975488, -0.6692913385826771977, -2.264484164926174203E-33 ) ) ;
#1558 = DIRECTION ( 'NONE',  ( 1.444628310230302376E-14, 1.000000000000000000, 0.000000000000000000 ) ) ;
#1559 = CARTESIAN_POINT ( 'NONE',  ( 0.1500000000000000777, 0.3484132424996272404, 0.2500000000000000000 ) ) ;
#1560 = VECTOR ( 'NONE', #1855, 39.37007874015748143 ) ;
#1561 = ADVANCED_FACE ( 'NONE', ( #185 ), #1172, .F. ) ;
#1562 = CIRCLE ( 'NONE', #609, 0.06496062992125993529 ) ;
#1563 = AXIS2_PLACEMENT_3D ( 'NONE', #836, #482, #2189 ) ;
#1564 = CIRCLE ( 'NONE', #1671, 0.3543307099999999932 ) ;
#1565 = EDGE_CURVE ( 'NONE', #2097, #1478, #704, .T. ) ;
#1566 = CIRCLE ( 'NONE', #1, 3.346456692913384323 ) ;
#1567 = DIRECTION ( 'NONE',  ( -0.000000000000000000, -0.000000000000000000, -1.000000000000000000 ) ) ;
#1568 = DIRECTION ( 'NONE',  ( 0.000000000000000000, 1.000000000000000000, 3.697785493223493385E-32 ) ) ;
#1569 = ORIENTED_EDGE ( 'NONE', *, *, #1534, .T. ) ;
#1570 = EDGE_CURVE ( 'NONE', #716, #2097, #981, .T. ) ;
#1571 = VERTEX_POINT ( 'NONE', #1038 ) ;
#1572 = CARTESIAN_POINT ( 'NONE',  ( -0.7845297822512059538, 2.475586934905657177, 0.2500000000000000555 ) ) ;
#1573 = CARTESIAN_POINT ( 'NONE',  ( 3.937007874015746367, -1.181102362204724532, 0.2500000000000000555 ) ) ;
#1574 = DIRECTION ( 'NONE',  ( 0.000000000000000000, 0.000000000000000000, -1.000000000000000000 ) ) ;
#1575 = EDGE_LOOP ( 'NONE', ( #1521, #283, #1203, #254 ) ) ;
#1576 = CC_DESIGN_DATE_AND_TIME_ASSIGNMENT ( #1940, #925, ( #2145 ) ) ;
#1577 = ORIENTED_EDGE ( 'NONE', *, *, #1441, .T. ) ;
#1578 = CYLINDRICAL_SURFACE ( 'NONE', #2012, 0.3543307099999999932 ) ;
#1579 = CIRCLE ( 'NONE', #1074, 0.1250000000000000278 ) ;
#1580 = DIRECTION ( 'NONE',  ( 1.000000000000000000, -0.000000000000000000, 0.000000000000000000 ) ) ;
#1581 = ORIENTED_EDGE ( 'NONE', *, *, #389, .F. ) ;
#1582 = VERTEX_POINT ( 'NONE', #1537 ) ;
#1583 = DIRECTION ( 'NONE',  ( 1.000000000000000000, 0.000000000000000000, 0.000000000000000000 ) ) ;
#1584 = CARTESIAN_POINT ( 'NONE',  ( 0.3254508752752838241, 0.1401141671340042638, 0.000000000000000000 ) ) ;
#1585 = ORIENTED_EDGE ( 'NONE', *, *, #1735, .F. ) ;
#1586 = DIRECTION ( 'NONE',  ( -0.000000000000000000, -0.000000000000000000, -1.000000000000000000 ) ) ;
#1587 = PERSON_AND_ORGANIZATION ( #116, #1329 ) ;
#1588 = FACE_OUTER_BOUND ( 'NONE', #1171, .T. ) ;
#1589 = VERTEX_POINT ( 'NONE', #2027 ) ;
#1590 = LINE ( 'NONE', #2109, #743 ) ;
#1591 = CARTESIAN_POINT ( 'NONE',  ( 0.3484132424996267408, 0.1250000000000013045, 0.000000000000000000 ) ) ;
#1592 = AXIS2_PLACEMENT_3D ( 'NONE', #747, #1432, #1280 ) ;
#1593 = EDGE_CURVE ( 'NONE', #1957, #1105, #2061, .T. ) ;
#1594 = ORIENTED_EDGE ( 'NONE', *, *, #1470, .T. ) ;
#1595 = CARTESIAN_POINT ( 'NONE',  ( -0.3661417299999998876, 1.570812596356951301E-15, 0.2500000000000000000 ) ) ;
#1596 = CARTESIAN_POINT ( 'NONE',  ( -0.3484132424996275179, -0.1249999999999985983, 0.2500000000000000000 ) ) ;
#1597 = ORIENTED_EDGE ( 'NONE', *, *, #364, .T. ) ;
#1598 = CARTESIAN_POINT ( 'NONE',  ( 0.5905511811023627100, 2.563320675884585612E-16, 0.2500000000000000555 ) ) ;
#1599 =( NAMED_UNIT ( * ) PLANE_ANGLE_UNIT ( ) SI_UNIT ( $, .RADIAN. ) );
#1600 = DIRECTION ( 'NONE',  ( 0.000000000000000000, -1.000000000000000000, 0.000000000000000000 ) ) ;
#1601 = VECTOR ( 'NONE', #423, 39.37007874015748143 ) ;
#1602 = ORIENTED_EDGE ( 'NONE', *, *, #1257, .F. ) ;
#1603 = ORIENTED_EDGE ( 'NONE', *, *, #1370, .F. ) ;
#1604 = EDGE_CURVE ( 'NONE', #633, #930, #433, .T. ) ;
#1605 = LINE ( 'NONE', #1266, #667 ) ;
#1606 = CIRCLE ( 'NONE', #608, 0.1250000000000000278 ) ;
#1607 = CARTESIAN_POINT ( 'NONE',  ( -0.1250000000000000278, 0.3484132424996271848, 0.2500000000000000000 ) ) ;
#1608 = ADVANCED_FACE ( 'NONE', ( #2060 ), #1024, .F. ) ;
#1609 = ORIENTED_EDGE ( 'NONE', *, *, #155, .F. ) ;
#1610 = CARTESIAN_POINT ( 'NONE',  ( -2.731847993664263218E-16, 2.644484474814292163, 0.2500000000000000000 ) ) ;
#1611 = ADVANCED_FACE ( 'NONE', ( #718 ), #340, .T. ) ;
#1612 = FACE_OUTER_BOUND ( 'NONE', #2147, .T. ) ;
#1613 = DIRECTION ( 'NONE',  ( -0.000000000000000000, -0.000000000000000000, 1.000000000000000000 ) ) ;
#1614 = VERTEX_POINT ( 'NONE', #1002 ) ;
#1615 = EDGE_CURVE ( 'NONE', #1799, #361, #1099, .T. ) ;
#1616 = CARTESIAN_POINT ( 'NONE',  ( 0.1250000000000000278, -0.3484132424996271848, 0.2500000000000000000 ) ) ;
#1617 = CARTESIAN_POINT ( 'NONE',  ( 0.9842519685039370358, 1.138269997360109921E-16, 0.2500000000000000000 ) ) ;
#1618 = VERTEX_POINT ( 'NONE', #1728 ) ;
#1619 = CARTESIAN_POINT ( 'NONE',  ( -0.3484132424996266852, 0.1500000000000013267, 0.000000000000000000 ) ) ;
#1620 = LINE ( 'NONE', #767, #2170 ) ;
#1621 = APPROVAL_ROLE ( '' ) ;
#1622 = LINE ( 'NONE', #745, #121 ) ;
#1623 = DIRECTION ( 'NONE',  ( 0.000000000000000000, 1.000000000000000000, 0.000000000000000000 ) ) ;
#1624 = ORIENTED_EDGE ( 'NONE', *, *, #1041, .F. ) ;
#1625 = LOCAL_TIME ( 20, 59, 30.00000000000000000, #1080 ) ;
#1626 = VERTEX_POINT ( 'NONE', #1708 ) ;
#1627 = LINE ( 'NONE', #619, #1868 ) ;
#1628 = CIRCLE ( 'NONE', #1803, 0.3543307099999999932 ) ;
#1629 = CIRCLE ( 'NONE', #2199, 0.1968503937007873017 ) ;
#1630 = DIRECTION ( 'NONE',  ( 1.957060072957617620E-14, 1.000000000000000000, 0.000000000000000000 ) ) ;
#1631 = CARTESIAN_POINT ( 'NONE',  ( 0.6043307086614174706, 4.098227477461615257E-17, 0.2500000000000000555 ) ) ;
#1632 = VECTOR ( 'NONE', #2099, 39.37007874015748143 ) ;
#1633 = EDGE_CURVE ( 'NONE', #1626, #2079, #1988, .T. ) ;
#1634 = DIRECTION ( 'NONE',  ( 1.000000000000000000, 0.000000000000000000, 0.000000000000000000 ) ) ;
#1635 = EDGE_CURVE ( 'NONE', #1105, #1957, #1015, .T. ) ;
#1636 = ORIENTED_EDGE ( 'NONE', *, *, #969, .T. ) ;
#1637 = DIRECTION ( 'NONE',  ( -1.000000000000000000, 0.000000000000000000, 0.000000000000000000 ) ) ;
#1638 = AXIS2_PLACEMENT_3D ( 'NONE', #363, #1718, #1351 ) ;
#1639 = AXIS2_PLACEMENT_3D ( 'NONE', #1655, #1479, #336 ) ;
#1640 = AXIS2_PLACEMENT_3D ( 'NONE', #332, #165, #985 ) ;
#1641 = DIRECTION ( 'NONE',  ( -0.000000000000000000, -0.000000000000000000, 1.000000000000000000 ) ) ;
#1642 = EDGE_CURVE ( 'NONE', #1716, #216, #319, .T. ) ;
#1643 = VERTEX_POINT ( 'NONE', #1361 ) ;
#1644 = LINE ( 'NONE', #330, #1458 ) ;
#1645 = VERTEX_POINT ( 'NONE', #1876 ) ;
#1646 = EDGE_LOOP ( 'NONE', ( #2025, #2168, #1170, #702 ) ) ;
#1647 = CARTESIAN_POINT ( 'NONE',  ( 0.3230437903804742050, 0.8400254219347278450, 0.2500000000000000555 ) ) ;
#1648 = CARTESIAN_POINT ( 'NONE',  ( -0.06496062992125983815, 0.6692913385826771977, 0.2500000000000000555 ) ) ;
#1649 = CIRCLE ( 'NONE', #966, 0.06496062992125986590 ) ;
#1650 = ORIENTED_EDGE ( 'NONE', *, *, #228, .T. ) ;
#1651 = DIRECTION ( 'NONE',  ( 0.000000000000000000, 1.000000000000000000, 0.000000000000000000 ) ) ;
#1652 = ORIENTED_EDGE ( 'NONE', *, *, #879, .F. ) ;
#1653 = DIRECTION ( 'NONE',  ( 0.000000000000000000, 0.000000000000000000, -1.000000000000000000 ) ) ;
#1654 = ORIENTED_EDGE ( 'NONE', *, *, #1769, .F. ) ;
#1655 = CARTESIAN_POINT ( 'NONE',  ( 0.6692913385826771977, 4.098227477461615257E-17, 0.2500000000000000555 ) ) ;
#1656 = CYLINDRICAL_SURFACE ( 'NONE', #1698, 0.1250000000000000000 ) ;
#1657 = EDGE_CURVE ( 'NONE', #1017, #1137, #1740, .T. ) ;
#1658 = VERTEX_POINT ( 'NONE', #347 ) ;
#1659 = FACE_BOUND ( 'NONE', #625, .T. ) ;
#1660 = EDGE_LOOP ( 'NONE', ( #2190, #1042, #261, #1311 ) ) ;
#1661 = DIRECTION ( 'NONE',  ( 0.000000000000000000, 0.000000000000000000, -1.000000000000000000 ) ) ;
#1662 = VERTEX_POINT ( 'NONE', #1180 ) ;
#1663 = ORIENTED_EDGE ( 'NONE', *, *, #479, .F. ) ;
#1664 = ADVANCED_FACE ( 'NONE', ( #846 ), #1523, .F. ) ;
#1665 = LINE ( 'NONE', #1145, #1809 ) ;
#1666 = ORIENTED_EDGE ( 'NONE', *, *, #811, .F. ) ;
#1667 = DIRECTION ( 'NONE',  ( 0.000000000000000000, 1.000000000000000000, 0.000000000000000000 ) ) ;
#1668 = AXIS2_PLACEMENT_3D ( 'NONE', #138, #814, #463 ) ;
#1669 = AXIS2_PLACEMENT_3D ( 'NONE', #668, #1336, #500 ) ;
#1670 = CARTESIAN_POINT ( 'NONE',  ( -0.3937007874015747699, 1.023758016408639282, 0.2500000000000000555 ) ) ;
#1671 = AXIS2_PLACEMENT_3D ( 'NONE', #230, #1752, #1583 ) ;
#1672 = EDGE_CURVE ( 'NONE', #1493, #1384, #1606, .T. ) ;
#1673 = ORIENTED_EDGE ( 'NONE', *, *, #1856, .F. ) ;
#1675 = EDGE_CURVE ( 'NONE', #2172, #1889, #204, .T. ) ;
#1674 = CARTESIAN_POINT ( 'NONE',  ( -0.5905511811023621549, -3.506318434031948215E-78, 0.2500000000000000555 ) ) ;
#1676 = VERTEX_POINT ( 'NONE', #379 ) ;
#1677 = DIRECTION ( 'NONE',  ( 0.000000000000000000, 0.000000000000000000, 1.000000000000000000 ) ) ;
#1678 = LINE ( 'NONE', #1332, #1187 ) ;
#1679 = ORIENTED_EDGE ( 'NONE', *, *, #1862, .F. ) ;
#1680 = CARTESIAN_POINT ( 'NONE',  ( 0.5905511811023622659, -1.023758016408639726, 0.2500000000000000555 ) ) ;
#1681 = EDGE_CURVE ( 'NONE', #415, #646, #586, .T. ) ;
#1682 = DIRECTION ( 'NONE',  ( -0.000000000000000000, -0.000000000000000000, 1.000000000000000000 ) ) ;
#1683 = ORIENTED_EDGE ( 'NONE', *, *, #1470, .F. ) ;
#1684 = ORIENTED_EDGE ( 'NONE', *, *, #1928, .T. ) ;
#1685 = DIRECTION ( 'NONE',  ( -8.881784197001252323E-16, 1.000000000000000000, 3.697785493223490648E-32 ) ) ;
#1686 = DIRECTION ( 'NONE',  ( 0.000000000000000000, 0.000000000000000000, -1.000000000000000000 ) ) ;
#1687 = DIRECTION ( 'NONE',  ( -1.000000000000000000, 1.444628310230302376E-14, -0.000000000000000000 ) ) ;
#1688 = CARTESIAN_POINT ( 'NONE',  ( 0.000000000000000000, 0.000000000000000000, 0.000000000000000000 ) ) ;
#1689 = CARTESIAN_POINT ( 'NONE',  ( 0.6692913385826771977, 4.098227477461615257E-17, 0.2500000000000000555 ) ) ;
#1690 = ORIENTED_EDGE ( 'NONE', *, *, #581, .F. ) ;
#1691 = VERTEX_POINT ( 'NONE', #1557 ) ;
#1692 = VERTEX_POINT ( 'NONE', #950 ) ;
#1693 = DIRECTION ( 'NONE',  ( -3.485933199340899084E-32, -3.697785493223493385E-32, 1.000000000000000000 ) ) ;
#1694 = CARTESIAN_POINT ( 'NONE',  ( 0.06496062992125983815, 0.6692913385826771977, 0.2500000000000000555 ) ) ;
#1695 = AXIS2_PLACEMENT_3D ( 'NONE', #322, #1016, #342 ) ;
#1696 = CIRCLE ( 'NONE', #1152, 1.186300698263260012 ) ;
#1697 = ADVANCED_FACE ( 'NONE', ( #1288 ), #1385, .F. ) ;
#1698 = AXIS2_PLACEMENT_3D ( 'NONE', #2154, #1792, #105 ) ;
#1699 = ORIENTED_EDGE ( 'NONE', *, *, #687, .T. ) ;
#1700 = DIRECTION ( 'NONE',  ( 1.156482317317871478E-16, -1.000000000000000000, 0.000000000000000000 ) ) ;
#1701 = CARTESIAN_POINT ( 'NONE',  ( -0.5957495171608978568, 1.181102362204724310, 0.2500000000000000000 ) ) ;
#1702 = ADVANCED_FACE ( 'NONE', ( #1408 ), #911, .F. ) ;
#1703 = CIRCLE ( 'NONE', #748, 3.782872158666986451 ) ;
#1704 = AXIS2_PLACEMENT_3D ( 'NONE', #1901, #5, #1352 ) ;
#1705 = CYLINDRICAL_SURFACE ( 'NONE', #125, 1.580001485664835004 ) ;
#1706 = ORIENTED_EDGE ( 'NONE', *, *, #1100, .F. ) ;
#1707 = EDGE_LOOP ( 'NONE', ( #1117, #373, #858, #1476, #961, #614, #1295, #1371 ) ) ;
#1708 = CARTESIAN_POINT ( 'NONE',  ( -0.5905511811023615998, 1.181102362204724532, 0.000000000000000000 ) ) ;
#1709 = AXIS2_PLACEMENT_3D ( 'NONE', #38, #380, #1339 ) ;
#1710 = EDGE_CURVE ( 'NONE', #1888, #1137, #110, .T. ) ;
#1711 = CARTESIAN_POINT ( 'NONE',  ( -3.937007874015746367, 1.181102362204724532, 0.2500000000000000555 ) ) ;
#1712 = CARTESIAN_POINT ( 'NONE',  ( 8.196454954923230515E-17, -0.6692913385826771977, 0.2500000000000000555 ) ) ;
#1713 = EDGE_LOOP ( 'NONE', ( #1021, #378, #80, #2182 ) ) ;
#1714 = CARTESIAN_POINT ( 'NONE',  ( -0.3254508752752848233, -0.1401141671340018768, 0.000000000000000000 ) ) ;
#1715 = CARTESIAN_POINT ( 'NONE',  ( -0.3661417299999995545, 0.1250000000000016098, 0.000000000000000000 ) ) ;
#1716 = VERTEX_POINT ( 'NONE', #899 ) ;
#1717 = EDGE_LOOP ( 'NONE', ( #2204, #1690, #990, #1650 ) ) ;
#1718 = DIRECTION ( 'NONE',  ( 0.000000000000000000, 0.000000000000000000, -1.000000000000000000 ) ) ;
#1719 = CARTESIAN_POINT ( 'NONE',  ( 0.3254508752752847678, -0.1401141671340020711, 0.2500000000000000000 ) ) ;
#1720 = CIRCLE ( 'NONE', #1353, 1.580001485664835004 ) ;
#1721 = ORIENTED_EDGE ( 'NONE', *, *, #618, .F. ) ;
#1722 = CARTESIAN_POINT ( 'NONE',  ( -0.3484132424996268518, 0.1250000000000012768, 0.000000000000000000 ) ) ;
#1723 = CARTESIAN_POINT ( 'NONE',  ( -0.1250000000000000278, 0.3484132424996271848, 0.000000000000000000 ) ) ;
#1724 = ADVANCED_FACE ( 'NONE', ( #1224 ), #739, .T. ) ;
#1725 = ORIENTED_EDGE ( 'NONE', *, *, #1729, .F. ) ;
#1726 = ORIENTED_EDGE ( 'NONE', *, *, #64, .F. ) ;
#1727 = LINE ( 'NONE', #754, #677 ) ;
#1728 = CARTESIAN_POINT ( 'NONE',  ( -0.6043307086614172485, 4.893765752498283924E-17, 2.264484164926178650E-33 ) ) ;
#1729 = EDGE_CURVE ( 'NONE', #1589, #1920, #730, .T. ) ;
#1730 = VERTEX_POINT ( 'NONE', #1212 ) ;
#1731 = CARTESIAN_POINT ( 'NONE',  ( 0.1401141671340029871, 0.3254508752752843237, 0.000000000000000000 ) ) ;
#1732 = CARTESIAN_POINT ( 'NONE',  ( -0.5905511811023619329, -1.023758016408639282, 0.2500000000000000555 ) ) ;
#1733 = CIRCLE ( 'NONE', #281, 0.03937007874015751446 ) ;
#1734 = AXIS2_PLACEMENT_3D ( 'NONE', #1701, #1531, #520 ) ;
#1735 = EDGE_CURVE ( 'NONE', #1190, #275, #1899, .T. ) ;
#1736 = CARTESIAN_POINT ( 'NONE',  ( 0.3230437903804740940, -0.8400254219347272899, 4.330981507963622336E-33 ) ) ;
#1737 = ORIENTED_EDGE ( 'NONE', *, *, #1303, .T. ) ;
#1738 = ORIENTED_EDGE ( 'NONE', *, *, #687, .F. ) ;
#1739 = FACE_OUTER_BOUND ( 'NONE', #723, .T. ) ;
#1740 = LINE ( 'NONE', #672, #1560 ) ;
#1741 = CC_DESIGN_PERSON_AND_ORGANIZATION_ASSIGNMENT ( #768, #1438, ( #426 ) ) ;
#1742 = ORIENTED_EDGE ( 'NONE', *, *, #515, .T. ) ;
#1743 = CARTESIAN_POINT ( 'NONE',  ( -0.3484132424996268518, 0.1250000000000012768, 0.000000000000000000 ) ) ;
#1744 = AXIS2_PLACEMENT_3D ( 'NONE', #621, #1285, #451 ) ;
#1745 = PERSON_AND_ORGANIZATION ( #116, #1329 ) ;
#1746 = CIRCLE ( 'NONE', #1639, 0.06496062992125979652 ) ;
#1747 = VECTOR ( 'NONE', #1686, 39.37007874015748143 ) ;
#1748 = DIRECTION ( 'NONE',  ( -4.340556344497903187E-16, -1.000000000000000000, 0.000000000000000000 ) ) ;
#1749 = CARTESIAN_POINT ( 'NONE',  ( 0.000000000000000000, 0.3661417299999998320, 0.2500000000000000000 ) ) ;
#1750 = ORIENTED_EDGE ( 'NONE', *, *, #1997, .F. ) ;
#1751 = ORIENTED_EDGE ( 'NONE', *, *, #1068, .F. ) ;
#1752 = DIRECTION ( 'NONE',  ( -0.000000000000000000, 0.000000000000000000, 1.000000000000000000 ) ) ;
#1753 = DIRECTION ( 'NONE',  ( 0.000000000000000000, 1.000000000000000000, 3.697785493223495575E-32 ) ) ;
#1754 = DIRECTION ( 'NONE',  ( -1.000000000000000000, 0.000000000000000000, 0.000000000000000000 ) ) ;
#1755 = CALENDAR_DATE ( 2026, 27, 4 ) ;
#1756 = CARTESIAN_POINT ( 'NONE',  ( 0.1250000000000000000, 0.3661417299999999431, 0.000000000000000000 ) ) ;
#1757 = ORIENTED_EDGE ( 'NONE', *, *, #193, .F. ) ;
#1758 = EDGE_CURVE ( 'NONE', #216, #1614, #1727, .T. ) ;
#1759 = DIRECTION ( 'NONE',  ( -0.000000000000000000, -0.000000000000000000, 1.000000000000000000 ) ) ;
#1760 = CARTESIAN_POINT ( 'NONE',  ( 0.7342519685039370358, 4.893765752498280842E-17, 0.2500000000000000555 ) ) ;
#1761 = ORIENTED_EDGE ( 'NONE', *, *, #1268, .T. ) ;
#1762 = CARTESIAN_POINT ( 'NONE',  ( 0.5905511811023627100, -2.563320675884590542E-16, 0.2500000000000000555 ) ) ;
#1763 = DIRECTION ( 'NONE',  ( -1.000000000000000000, 0.000000000000000000, 0.000000000000000000 ) ) ;
#1764 = CARTESIAN_POINT ( 'NONE',  ( -0.5905511811023621549, 1.023758016408639282, 0.2500000000000000555 ) ) ;
#1765 = PERSON_AND_ORGANIZATION ( #116, #1329 ) ;
#1766 = LINE ( 'NONE', #244, #884 ) ;
#1767 = ORIENTED_EDGE ( 'NONE', *, *, #1026, .T. ) ;
#1768 = DIRECTION ( 'NONE',  ( 0.000000000000000000, 1.000000000000000000, 3.697785493223493933E-32 ) ) ;
#1769 = EDGE_CURVE ( 'NONE', #158, #2171, #1937, .T. ) ;
#1770 = ADVANCED_FACE ( 'NONE', ( #1739 ), #217, .F. ) ;
#1771 = CARTESIAN_POINT ( 'NONE',  ( -0.7927545182174309257, 2.437085547680102771, 0.2500000000000000555 ) ) ;
#1772 = CIRCLE ( 'NONE', #2164, 0.03937007874015751446 ) ;
#1773 = VERTEX_POINT ( 'NONE', #792 ) ;
#1774 = FACE_OUTER_BOUND ( 'NONE', #1161, .T. ) ;
#1775 = CARTESIAN_POINT ( 'NONE',  ( 0.000000000000000000, 0.6692913385826771977, 0.000000000000000000 ) ) ;
#1776 = DATE_AND_TIME ( #590, #776 ) ;
#1777 = CARTESIAN_POINT ( 'NONE',  ( -3.937007874015746367, 1.181102362204724532, 0.2500000000000000555 ) ) ;
#1778 = VECTOR ( 'NONE', #1426, 39.37007874015748143 ) ;
#1779 = EDGE_CURVE ( 'NONE', #137, #1158, #1564, .T. ) ;
#1780 = EDGE_LOOP ( 'NONE', ( #203, #511, #453, #346 ) ) ;
#1781 = AXIS2_PLACEMENT_3D ( 'NONE', #264, #1580, #212 ) ;
#1782 = CYLINDRICAL_SURFACE ( 'NONE', #1944, 0.06496062992125983815 ) ;
#1783 = CARTESIAN_POINT ( 'NONE',  ( -0.5957495171608978568, 1.181102362204724310, 0.2500000000000000000 ) ) ;
#1784 = CYLINDRICAL_SURFACE ( 'NONE', #817, 0.06496062992125983815 ) ;
#1785 = CARTESIAN_POINT ( 'NONE',  ( -0.3254508752752848233, -0.1401141671340018768, 0.000000000000000000 ) ) ;
#1786 = DIRECTION ( 'NONE',  ( -1.637245418261003196E-14, 1.000000000000000000, 0.000000000000000000 ) ) ;
#1787 = PERSON_AND_ORGANIZATION_ROLE ( 'design_owner' ) ;
#1788 = CARTESIAN_POINT ( 'NONE',  ( -0.3937007874015747699, 1.023758016408639282, 0.000000000000000000 ) ) ;
#1789 = CYLINDRICAL_SURFACE ( 'NONE', #382, 0.02500000000000007425 ) ;
#1790 = VERTEX_POINT ( 'NONE', #1469 ) ;
#1791 = ORIENTED_EDGE ( 'NONE', *, *, #1672, .T. ) ;
#1792 = DIRECTION ( 'NONE',  ( -0.000000000000000000, -0.000000000000000000, 1.000000000000000000 ) ) ;
#1793 = EDGE_CURVE ( 'NONE', #807, #1810, #58, .T. ) ;
#1794 = LINE ( 'NONE', #620, #461 ) ;
#1796 = EDGE_CURVE ( 'NONE', #683, #114, #1076, .T. ) ;
#1795 = DIRECTION ( 'NONE',  ( -0.000000000000000000, -0.000000000000000000, -1.000000000000000000 ) ) ;
#1797 = ORIENTED_EDGE ( 'NONE', *, *, #1570, .T. ) ;
#1798 = PLANE ( 'NONE',  #632 ) ;
#1799 = VERTEX_POINT ( 'NONE', #1424 ) ;
#1800 = CARTESIAN_POINT ( 'NONE',  ( -0.3937007874015747699, 1.023758016408639282, 0.2500000000000000555 ) ) ;
#1801 = ADVANCED_FACE ( 'NONE', ( #407 ), #1087, .F. ) ;
#1802 = CARTESIAN_POINT ( 'NONE',  ( 0.5905511811023621549, 1.181102362204724310, 0.2500000000000000555 ) ) ;
#1803 = AXIS2_PLACEMENT_3D ( 'NONE', #398, #1878, #1911 ) ;
#1804 = AXIS2_PLACEMENT_3D ( 'NONE', #1670, #970, #658 ) ;
#1805 = DIRECTION ( 'NONE',  ( -1.000000000000000000, 0.000000000000000000, 0.000000000000000000 ) ) ;
#1806 = CARTESIAN_POINT ( 'NONE',  ( 0.6692913385826771977, 4.098227477461615257E-17, 0.2500000000000000555 ) ) ;
#1807 = CIRCLE ( 'NONE', #844, 0.3543307099999999932 ) ;
#1808 = ORIENTED_EDGE ( 'NONE', *, *, #193, .T. ) ;
#1809 = VECTOR ( 'NONE', #1700, 39.37007874015748143 ) ;
#1810 = VERTEX_POINT ( 'NONE', #1127 ) ;
#1811 = CARTESIAN_POINT ( 'NONE',  ( -0.1249999999999999584, -0.3661417299999999431, 0.2500000000000000000 ) ) ;
#1812 = VECTOR ( 'NONE', #1373, 39.37007874015748143 ) ;
#1813 = AXIS2_PLACEMENT_3D ( 'NONE', #657, #304, #634 ) ;
#1814 = DIRECTION ( 'NONE',  ( 3.852342160614125260E-15, -1.000000000000000000, 0.000000000000000000 ) ) ;
#1815 = ORIENTED_EDGE ( 'NONE', *, *, #1290, .T. ) ;
#1816 = SHAPE_DEFINITION_REPRESENTATION ( #2092, #1882 ) ;
#1817 = DIRECTION ( 'NONE',  ( -1.289023321486893220E-63, 1.000000000000000000, 0.000000000000000000 ) ) ;
#1818 = DIRECTION ( 'NONE',  ( -1.000000000000000000, 0.000000000000000000, 0.000000000000000000 ) ) ;
#1819 = EDGE_CURVE ( 'NONE', #1366, #1676, #1746, .T. ) ;
#1820 = FACE_BOUND ( 'NONE', #2052, .T. ) ;
#1821 = EDGE_CURVE ( 'NONE', #1968, #1875, #1526, .T. ) ;
#1822 = VECTOR ( 'NONE', #584, 39.37007874015748143 ) ;
#1823 = CARTESIAN_POINT ( 'NONE',  ( 0.3661417299999995545, 0.1250000000000016098, 0.2500000000000000000 ) ) ;
#1824 = ORIENTED_EDGE ( 'NONE', *, *, #706, .F. ) ;
#1825 = DIRECTION ( 'NONE',  ( -0.000000000000000000, -0.000000000000000000, -1.000000000000000000 ) ) ;
#1826 = EDGE_CURVE ( 'NONE', #2086, #1158, #2205, .T. ) ;
#1827 = LINE ( 'NONE', #309, #1747 ) ;
#1828 = FACE_OUTER_BOUND ( 'NONE', #1965, .T. ) ;
#1829 = ORIENTED_EDGE ( 'NONE', *, *, #1839, .F. ) ;
#1830 = CARTESIAN_POINT ( 'NONE',  ( 0.1250000000000000278, -0.3484132424996271848, 0.000000000000000000 ) ) ;
#1831 = ADVANCED_FACE ( 'NONE', ( #799 ), #2158, .F. ) ;
#1832 = EDGE_CURVE ( 'NONE', #971, #1300, #853, .T. ) ;
#1833 = CARTESIAN_POINT ( 'NONE',  ( -0.1500000000000000777, 0.3484132424996272404, 0.000000000000000000 ) ) ;
#1834 = LOCAL_TIME ( 20, 59, 30.00000000000000000, #1244 ) ;
#1835 = ORIENTED_EDGE ( 'NONE', *, *, #2058, .F. ) ;
#1836 = DIRECTION ( 'NONE',  ( 1.000000000000000000, 0.000000000000000000, 0.000000000000000000 ) ) ;
#1837 = ORIENTED_EDGE ( 'NONE', *, *, #1165, .T. ) ;
#1838 = CARTESIAN_POINT ( 'NONE',  ( -0.1500000000000000777, 0.3484132424996272404, 0.2500000000000000000 ) ) ;
#1839 = EDGE_CURVE ( 'NONE', #1773, #645, #829, .T. ) ;
#1840 = CARTESIAN_POINT ( 'NONE',  ( -0.3484132424996266852, 0.1500000000000013267, 0.000000000000000000 ) ) ;
#1841 = CARTESIAN_POINT ( 'NONE',  ( -0.5905511811023606006, 7.689962027653710982E-16, -2.058621968114684762E-32 ) ) ;
#1842 = VECTOR ( 'NONE', #405, 39.37007874015748143 ) ;
#1843 = LINE ( 'NONE', #2032, #434 ) ;
#1844 = CIRCLE ( 'NONE', #1460, 0.3543307099999999932 ) ;
#1845 = AXIS2_PLACEMENT_3D ( 'NONE', #819, #1653, #131 ) ;
#1846 = EDGE_CURVE ( 'NONE', #798, #377, #1844, .T. ) ;
#1847 = ORIENTED_EDGE ( 'NONE', *, *, #1846, .T. ) ;
#1848 = CARTESIAN_POINT ( 'NONE',  ( 0.6692913385826771977, 4.098227477461615257E-17, 0.000000000000000000 ) ) ;
#1849 = CARTESIAN_POINT ( 'NONE',  ( 0.1401141671340029871, 0.3254508752752843237, 0.2500000000000000000 ) ) ;
#1850 = CARTESIAN_POINT ( 'NONE',  ( 0.5905511811023621549, 1.023758016408639726, 0.2500000000000000555 ) ) ;
#1851 = DIRECTION ( 'NONE',  ( 3.485933199340899084E-32, 3.697785493223493385E-32, -1.000000000000000000 ) ) ;
#1852 = CYLINDRICAL_SURFACE ( 'NONE', #413, 0.06496062992125979652 ) ;
#1853 = VERTEX_POINT ( 'NONE', #1334 ) ;
#1854 = EDGE_LOOP ( 'NONE', ( #1751, #737, #109, #2064 ) ) ;
#1855 = DIRECTION ( 'NONE',  ( -0.000000000000000000, -0.000000000000000000, 1.000000000000000000 ) ) ;
#1856 = EDGE_CURVE ( 'NONE', #1092, #143, #2191, .T. ) ;
#1857 = EDGE_CURVE ( 'NONE', #1073, #2079, #484, .T. ) ;
#1858 = DIRECTION ( 'NONE',  ( 0.000000000000000000, 1.000000000000000000, 3.697785493223493933E-32 ) ) ;
#1859 = FACE_OUTER_BOUND ( 'NONE', #2033, .T. ) ;
#1860 = LINE ( 'NONE', #2065, #385 ) ;
#1861 = DIRECTION ( 'NONE',  ( -4.340556344497894805E-16, 1.000000000000000000, 3.697785493223491743E-32 ) ) ;
#1862 = EDGE_CURVE ( 'NONE', #1920, #2179, #324, .T. ) ;
#1863 = VERTEX_POINT ( 'NONE', #295 ) ;
#1864 = ORIENTED_EDGE ( 'NONE', *, *, #932, .T. ) ;
#1865 = DIRECTION ( 'NONE',  ( 0.000000000000000000, 0.000000000000000000, 1.000000000000000000 ) ) ;
#1866 = VERTEX_POINT ( 'NONE', #167 ) ;
#1867 = CYLINDRICAL_SURFACE ( 'NONE', #101, 0.1968503937007874405 ) ;
#1868 = VECTOR ( 'NONE', #1501, 39.37007874015748143 ) ;
#1869 = CARTESIAN_POINT ( 'NONE',  ( 0.000000000000000000, 0.000000000000000000, 0.2500000000000000555 ) ) ;
#1870 = ORIENTED_EDGE ( 'NONE', *, *, #1226, .F. ) ;
#1871 = CARTESIAN_POINT ( 'NONE',  ( 0.3484132424996276289, -0.1499999999999986622, 0.2500000000000000000 ) ) ;
#1872 = CIRCLE ( 'NONE', #1302, 1.186300698263260012 ) ;
#1873 = DIRECTION ( 'NONE',  ( 0.000000000000000000, 0.000000000000000000, -1.000000000000000000 ) ) ;
#1874 = ORIENTED_EDGE ( 'NONE', *, *, #1477, .F. ) ;
#1875 = VERTEX_POINT ( 'NONE', #1647 ) ;
#1876 = CARTESIAN_POINT ( 'NONE',  ( 0.1250000000000000000, 0.3484132424996271848, 0.2500000000000000000 ) ) ;
#1877 = ORIENTED_EDGE ( 'NONE', *, *, #1826, .F. ) ;
#1878 = DIRECTION ( 'NONE',  ( -0.000000000000000000, 0.000000000000000000, 1.000000000000000000 ) ) ;
#1879 = CARTESIAN_POINT ( 'NONE',  ( 0.1250000000000000555, -0.3661417299999998320, 0.2500000000000000000 ) ) ;
#1880 = ORIENTED_EDGE ( 'NONE', *, *, #1832, .T. ) ;
#1881 = FACE_OUTER_BOUND ( 'NONE', #1713, .T. ) ;
#1882 = ADVANCED_BREP_SHAPE_REPRESENTATION ( 'Weapon', ( #1118, #135 ), #280 ) ;
#1883 = ADVANCED_FACE ( 'NONE', ( #123, #134, #1987, #466, #2017, #987, #1820, #837 ), #809, .T. ) ;
#1884 = DIRECTION ( 'NONE',  ( -1.000000000000000000, 0.000000000000000000, 0.000000000000000000 ) ) ;
#1885 = ORIENTED_EDGE ( 'NONE', *, *, #1982, .F. ) ;
#1886 = ORIENTED_EDGE ( 'NONE', *, *, #1862, .T. ) ;
#1887 = DIRECTION ( 'NONE',  ( 0.000000000000000000, 1.000000000000000000, 3.697785493223492838E-32 ) ) ;
#1888 = VERTEX_POINT ( 'NONE', #1168 ) ;
#1889 = VERTEX_POINT ( 'NONE', #1680 ) ;
#1890 = CARTESIAN_POINT ( 'NONE',  ( -0.7845297822512059538, 2.475586934905657177, 0.2500000000000000555 ) ) ;
#1891 = EDGE_CURVE ( 'NONE', #1227, #606, #647, .T. ) ;
#1892 = VERTEX_POINT ( 'NONE', #2183 ) ;
#1893 = FACE_OUTER_BOUND ( 'NONE', #1350, .T. ) ;
#1894 = APPROVAL ( #2117, 'UNSPECIFIED' ) ;
#1895 = CARTESIAN_POINT ( 'NONE',  ( -0.7342519685039371469, 4.098227477461615874E-17, 0.2500000000000000555 ) ) ;
#1896 = EDGE_CURVE ( 'NONE', #1892, #1773, #1312, .T. ) ;
#1897 = ORIENTED_EDGE ( 'NONE', *, *, #2163, .T. ) ;
#1898 = ORIENTED_EDGE ( 'NONE', *, *, #1035, .T. ) ;
#1899 = LINE ( 'NONE', #557, #436 ) ;
#1900 = DIRECTION ( 'NONE',  ( -3.485933199340899084E-32, -3.697785493223493385E-32, 1.000000000000000000 ) ) ;
#1901 = CARTESIAN_POINT ( 'NONE',  ( -0.7927545182174309257, 2.437085547680102771, 0.2500000000000000555 ) ) ;
#1902 = FACE_OUTER_BOUND ( 'NONE', #949, .T. ) ;
#1903 = CIRCLE ( 'NONE', #945, 0.03937007874015751446 ) ;
#1904 = CIRCLE ( 'NONE', #487, 0.1250000000000000000 ) ;
#1905 = DIRECTION ( 'NONE',  ( -0.000000000000000000, -0.000000000000000000, -1.000000000000000000 ) ) ;
#1906 = CIRCLE ( 'NONE', #948, 0.06496062992125979652 ) ;
#1907 = ORIENTED_EDGE ( 'NONE', *, *, #756, .T. ) ;
#1908 = ORIENTED_EDGE ( 'NONE', *, *, #1758, .F. ) ;
#1909 = DIRECTION ( 'NONE',  ( 0.000000000000000000, 0.000000000000000000, 1.000000000000000000 ) ) ;
#1910 = CARTESIAN_POINT ( 'NONE',  ( 1.574803149606299302, -2.952755905511811108, 0.2500000000000000000 ) ) ;
#1911 = DIRECTION ( 'NONE',  ( 1.000000000000000000, 0.000000000000000000, 0.000000000000000000 ) ) ;
#1912 = VECTOR ( 'NONE', #334, 39.37007874015748143 ) ;
#1913 = AXIS2_PLACEMENT_3D ( 'NONE', #1595, #1909, #2071 ) ;
#1914 = APPROVAL_STATUS ( 'not_yet_approved' ) ;
#1915 = CARTESIAN_POINT ( 'NONE',  ( -0.1249999999999999584, -0.3661417299999999431, 0.000000000000000000 ) ) ;
#1916 = VECTOR ( 'NONE', #2152, 39.37007874015748143 ) ;
#1917 = ORIENTED_EDGE ( 'NONE', *, *, #223, .F. ) ;
#1918 = AXIS2_PLACEMENT_3D ( 'NONE', #2028, #1343, #1151 ) ;
#1919 = FACE_OUTER_BOUND ( 'NONE', #796, .T. ) ;
#1920 = VERTEX_POINT ( 'NONE', #1830 ) ;
#1921 = CYLINDRICAL_SURFACE ( 'NONE', #1459, 1.580001485664835004 ) ;
#1922 = ORIENTED_EDGE ( 'NONE', *, *, #969, .F. ) ;
#1923 = DIRECTION ( 'NONE',  ( 0.000000000000000000, 0.000000000000000000, -1.000000000000000000 ) ) ;
#1924 = DIRECTION ( 'NONE',  ( -1.000000000000000000, 0.000000000000000000, 0.000000000000000000 ) ) ;
#1925 = DIRECTION ( 'NONE',  ( -0.000000000000000000, -0.000000000000000000, -1.000000000000000000 ) ) ;
#1926 = COORDINATED_UNIVERSAL_TIME_OFFSET ( 8, 0, .BEHIND. ) ;
#1927 = FACE_OUTER_BOUND ( 'NONE', #1538, .T. ) ;
#1928 = EDGE_CURVE ( 'NONE', #1810, #1346, #292, .T. ) ;
#1929 = ORIENTED_EDGE ( 'NONE', *, *, #351, .T. ) ;
#1930 = ADVANCED_FACE ( 'NONE', ( #1321 ), #2007, .F. ) ;
#1931 = AXIS2_PLACEMENT_3D ( 'NONE', #580, #412, #260 ) ;
#1932 = CARTESIAN_POINT ( 'NONE',  ( -0.9842519685039369248, -1.181102362204724310, 0.2500000000000000000 ) ) ;
#1933 = AXIS2_PLACEMENT_3D ( 'NONE', #1369, #1169, #2055 ) ;
#1934 = LINE ( 'NONE', #1617, #1822 ) ;
#1935 = ORIENTED_EDGE ( 'NONE', *, *, #1565, .T. ) ;
#1936 = EDGE_CURVE ( 'NONE', #415, #2195, #1378, .T. ) ;
#1937 = LINE ( 'NONE', #717, #325 ) ;
#1938 = CARTESIAN_POINT ( 'NONE',  ( -0.1250000000000000000, 0.3661417299999999431, 0.000000000000000000 ) ) ;
#1939 = FACE_OUTER_BOUND ( 'NONE', #1291, .T. ) ;
#1940 = DATE_AND_TIME ( #2084, #2194 ) ;
#1941 = FACE_OUTER_BOUND ( 'NONE', #1210, .T. ) ;
#1942 = ORIENTED_EDGE ( 'NONE', *, *, #653, .F. ) ;
#1943 = DIRECTION ( 'NONE',  ( 3.485933199340899084E-32, 3.697785493223493385E-32, -1.000000000000000000 ) ) ;
#1944 = AXIS2_PLACEMENT_3D ( 'NONE', #91, #263, #446 ) ;
#1945 = DIRECTION ( 'NONE',  ( -3.485933199340899084E-32, -3.697785493223493385E-32, 1.000000000000000000 ) ) ;
#1946 = ORIENTED_EDGE ( 'NONE', *, *, #1066, .F. ) ;
#1947 = CARTESIAN_POINT ( 'NONE',  ( 0.000000000000000000, 0.000000000000000000, 0.000000000000000000 ) ) ;
#1948 = PLANE ( 'NONE',  #141 ) ;
#1949 = PERSON_AND_ORGANIZATION ( #116, #1329 ) ;
#1950 = DIRECTION ( 'NONE',  ( 0.000000000000000000, 0.000000000000000000, -1.000000000000000000 ) ) ;
#1951 = ORIENTED_EDGE ( 'NONE', *, *, #1672, .F. ) ;
#1952 = CIRCLE ( 'NONE', #144, 0.1968503937007875793 ) ;
#1953 = CIRCLE ( 'NONE', #816, 0.1250000000000000000 ) ;
#1954 = DIRECTION ( 'NONE',  ( -3.485933199340899084E-32, -3.697785493223493385E-32, 1.000000000000000000 ) ) ;
#1955 = AXIS2_PLACEMENT_3D ( 'NONE', #656, #18, #157 ) ;
#1956 = AXIS2_PLACEMENT_3D ( 'NONE', #1186, #541, #872 ) ;
#1957 = VERTEX_POINT ( 'NONE', #1200 ) ;
#1958 = DIRECTION ( 'NONE',  ( 7.704684321228160590E-15, -1.000000000000000000, 0.000000000000000000 ) ) ;
#1959 = EDGE_CURVE ( 'NONE', #6, #1092, #690, .T. ) ;
#1960 = ADVANCED_FACE ( 'NONE', ( #1881 ), #1578, .F. ) ;
#1961 = ORIENTED_EDGE ( 'NONE', *, *, #1429, .F. ) ;
#1962 = CARTESIAN_POINT ( 'NONE',  ( 0.000000000000000000, 0.000000000000000000, 1.252198591294576113 ) ) ;
#1963 = LINE ( 'NONE', #443, #1519 ) ;
#1964 = CARTESIAN_POINT ( 'NONE',  ( -0.6692913385826771977, 4.098227477461615874E-17, 0.000000000000000000 ) ) ;
#1965 = EDGE_LOOP ( 'NONE', ( #12, #1885, #2115, #170 ) ) ;
#1966 = EDGE_CURVE ( 'NONE', #491, #361, #507, .T. ) ;
#1967 = CYLINDRICAL_SURFACE ( 'NONE', #282, 2.952755905511809331 ) ;
#1968 = VERTEX_POINT ( 'NONE', #32 ) ;
#1969 = APPROVAL ( #1914, 'UNSPECIFIED' ) ;
#1970 = CARTESIAN_POINT ( 'NONE',  ( -3.937007874015746367, 1.181102362204724532, 0.2500000000000000000 ) ) ;
#1971 = DIRECTION ( 'NONE',  ( 1.000000000000000000, 0.000000000000000000, 0.000000000000000000 ) ) ;
#1972 = DIRECTION ( 'NONE',  ( 0.000000000000000000, 0.000000000000000000, 1.000000000000000000 ) ) ;
#1973 = CARTESIAN_POINT ( 'NONE',  ( -1.574803149606299302, 2.952755905511811108, 0.2500000000000000000 ) ) ;
#1974 = ORIENTED_EDGE ( 'NONE', *, *, #273, .F. ) ;
#1975 = DIRECTION ( 'NONE',  ( -1.000000000000000000, 0.000000000000000000, 0.000000000000000000 ) ) ;
#1976 = CC_DESIGN_APPROVAL ( #1242, ( #701 ) ) ;
#1977 = CARTESIAN_POINT ( 'NONE',  ( -0.1249999999999999584, -0.3661417299999999431, 0.000000000000000000 ) ) ;
#1978 = AXIS2_PLACEMENT_3D ( 'NONE', #822, #636, #467 ) ;
#1979 = VERTEX_POINT ( 'NONE', #724 ) ;
#1980 = DIRECTION ( 'NONE',  ( -3.485933199340899084E-32, -3.697785493223493385E-32, 1.000000000000000000 ) ) ;
#1981 = ORIENTED_EDGE ( 'NONE', *, *, #1191, .T. ) ;
#1982 = EDGE_CURVE ( 'NONE', #782, #137, #200, .T. ) ;
#1983 = DIRECTION ( 'NONE',  ( -0.000000000000000000, -0.000000000000000000, -1.000000000000000000 ) ) ;
#1984 = AXIS2_PLACEMENT_3D ( 'NONE', #732, #1396, #859 ) ;
#1985 = EDGE_LOOP ( 'NONE', ( #1684, #2155, #1974, #733 ) ) ;
#1986 = AXIS2_PLACEMENT_3D ( 'NONE', #310, #675, #2030 ) ;
#1987 = FACE_BOUND ( 'NONE', #2157, .T. ) ;
#1988 = CIRCLE ( 'NONE', #213, 3.346456692913384323 ) ;
#1989 = FACE_OUTER_BOUND ( 'NONE', #889, .T. ) ;
#1990 = EDGE_CURVE ( 'NONE', #1069, #1888, #852, .T. ) ;
#1991 = ORIENTED_EDGE ( 'NONE', *, *, #1936, .F. ) ;
#1992 = FACE_OUTER_BOUND ( 'NONE', #1780, .T. ) ;
#1993 = ORIENTED_EDGE ( 'NONE', *, *, #1982, .T. ) ;
#1994 = EDGE_CURVE ( 'NONE', #2097, #2135, #1451, .T. ) ;
#1995 = CARTESIAN_POINT ( 'NONE',  ( -1.574803149606299302, -1.223817040556749891, 0.000000000000000000 ) ) ;
#1996 = ORIENTED_EDGE ( 'NONE', *, *, #228, .F. ) ;
#1997 = EDGE_CURVE ( 'NONE', #523, #1108, #1904, .T. ) ;
#1998 = FACE_OUTER_BOUND ( 'NONE', #72, .T. ) ;
#1999 = ORIENTED_EDGE ( 'NONE', *, *, #1779, .T. ) ;
#2000 = DIRECTION ( 'NONE',  ( -0.000000000000000000, -0.000000000000000000, 1.000000000000000000 ) ) ;
#2001 = AXIS2_PLACEMENT_3D ( 'NONE', #903, #916, #78 ) ;
#2002 = CARTESIAN_POINT ( 'NONE',  ( 0.1250000000000000000, 0.3661417299999999431, 0.2500000000000000000 ) ) ;
#2003 = ORIENTED_EDGE ( 'NONE', *, *, #1035, .F. ) ;
#2004 = DIRECTION ( 'NONE',  ( -3.485933199340899084E-32, -3.697785493223493385E-32, 1.000000000000000000 ) ) ;
#2005 = CARTESIAN_POINT ( 'NONE',  ( 0.06496062992125983815, 0.6692913385826771977, 2.264484164926174203E-33 ) ) ;
#2006 = DIRECTION ( 'NONE',  ( -0.000000000000000000, -0.000000000000000000, 1.000000000000000000 ) ) ;
#2007 = CYLINDRICAL_SURFACE ( 'NONE', #1956, 0.1250000000000000278 ) ;
#2008 = DIRECTION ( 'NONE',  ( -3.485933199340899084E-32, -3.697785493223493385E-32, 1.000000000000000000 ) ) ;
#2009 = ORIENTED_EDGE ( 'NONE', *, *, #1441, .F. ) ;
#2010 = LINE ( 'NONE', #824, #1376 ) ;
#2011 = VECTOR ( 'NONE', #539, 39.37007874015748143 ) ;
#2012 = AXIS2_PLACEMENT_3D ( 'NONE', #709, #52, #1217 ) ;
#2013 = DIRECTION ( 'NONE',  ( -3.485933199340899084E-32, -3.697785493223493385E-32, 1.000000000000000000 ) ) ;
#2014 = AXIS2_PLACEMENT_3D ( 'NONE', #1573, #923, #1253 ) ;
#2015 = CARTESIAN_POINT ( 'NONE',  ( 0.3937007874015748810, -1.023758016408639726, 0.2500000000000000555 ) ) ;
#2016 = ORIENTED_EDGE ( 'NONE', *, *, #1390, .F. ) ;
#2017 = FACE_BOUND ( 'NONE', #83, .T. ) ;
#2018 = CIRCLE ( 'NONE', #464, 0.06496062992125979652 ) ;
#2019 = EDGE_CURVE ( 'NONE', #404, #333, #1516, .T. ) ;
#2020 = DIRECTION ( 'NONE',  ( -1.000000000000000000, 0.000000000000000000, 0.000000000000000000 ) ) ;
#2021 = AXIS2_PLACEMENT_3D ( 'NONE', #474, #1851, #1667 ) ;
#2022 = EDGE_CURVE ( 'NONE', #333, #1979, #1860, .T. ) ;
#2023 = CIRCLE ( 'NONE', #678, 0.3543307099999999932 ) ;
#2024 = ORIENTED_EDGE ( 'NONE', *, *, #543, .F. ) ;
#2025 = ORIENTED_EDGE ( 'NONE', *, *, #655, .T. ) ;
#2026 = ORIENTED_EDGE ( 'NONE', *, *, #1534, .F. ) ;
#2027 = CARTESIAN_POINT ( 'NONE',  ( 0.1250000000000000555, -0.3661417299999998320, 0.000000000000000000 ) ) ;
#2028 = CARTESIAN_POINT ( 'NONE',  ( 2.169012220247946192E-15, 0.000000000000000000, 0.2500000000000000555 ) ) ;
#2029 = ADVANCED_FACE ( 'NONE', ( #1893 ), #225, .F. ) ;
#2030 = DIRECTION ( 'NONE',  ( 0.000000000000000000, 1.000000000000000000, 0.000000000000000000 ) ) ;
#2031 = DIRECTION ( 'NONE',  ( -0.000000000000000000, -0.000000000000000000, 1.000000000000000000 ) ) ;
#2032 = CARTESIAN_POINT ( 'NONE',  ( -0.3230437903804734834, -0.8400254219347271789, 0.2500000000000000555 ) ) ;
#2033 = EDGE_LOOP ( 'NONE', ( #345, #1996, #1797, #1935 ) ) ;
#2034 = ORIENTED_EDGE ( 'NONE', *, *, #2073, .T. ) ;
#2035 = CARTESIAN_POINT ( 'NONE',  ( 0.3661417299999998876, 1.570812596356951301E-15, 0.000000000000000000 ) ) ;
#2036 = VECTOR ( 'NONE', #830, 39.37007874015748143 ) ;
#2037 = CYLINDRICAL_SURFACE ( 'NONE', #1704, 0.03937007874015751446 ) ;
#2038 = ORIENTED_EDGE ( 'NONE', *, *, #1565, .F. ) ;
#2039 = CARTESIAN_POINT ( 'NONE',  ( -0.3661417299999995545, 0.1250000000000016098, 0.000000000000000000 ) ) ;
#2040 = VERTEX_POINT ( 'NONE', #1031 ) ;
#2041 = CYLINDRICAL_SURFACE ( 'NONE', #455, 0.06496062992125993529 ) ;
#2042 = CARTESIAN_POINT ( 'NONE',  ( 0.1250000000000000000, 0.3484132424996271848, 0.000000000000000000 ) ) ;
#2043 = ORIENTED_EDGE ( 'NONE', *, *, #2073, .F. ) ;
#2044 = ORIENTED_EDGE ( 'NONE', *, *, #429, .F. ) ;
#2045 = VERTEX_POINT ( 'NONE', #374 ) ;
#2046 = CARTESIAN_POINT ( 'NONE',  ( -0.1500000000000000777, -0.3484132424996272404, 0.000000000000000000 ) ) ;
#2047 = ORIENTED_EDGE ( 'NONE', *, *, #715, .F. ) ;
#2048 = LINE ( 'NONE', #2074, #529 ) ;
#2049 = CC_DESIGN_APPROVAL ( #1894, ( #2145 ) ) ;
#2050 = ADVANCED_FACE ( 'NONE', ( #1401 ), #2041, .F. ) ;
#2051 = CYLINDRICAL_SURFACE ( 'NONE', #1278, 0.02500000000000007425 ) ;
#2052 = EDGE_LOOP ( 'NONE', ( #845, #559 ) ) ;
#2053 = DIRECTION ( 'NONE',  ( -3.485933199340899084E-32, -3.697785493223493385E-32, 1.000000000000000000 ) ) ;
#2054 = CIRCLE ( 'NONE', #1194, 4.176572946068561443 ) ;
#2055 = DIRECTION ( 'NONE',  ( 1.776356839400250465E-15, 1.000000000000000000, 0.000000000000000000 ) ) ;
#2056 = VECTOR ( 'NONE', #70, 39.37007874015748143 ) ;
#2057 = ORIENTED_EDGE ( 'NONE', *, *, #617, .F. ) ;
#2058 = EDGE_CURVE ( 'NONE', #683, #2045, #562, .T. ) ;
#2059 = ORIENTED_EDGE ( 'NONE', *, *, #778, .T. ) ;
#2060 = FACE_OUTER_BOUND ( 'NONE', #1239, .T. ) ;
#2061 = CIRCLE ( 'NONE', #2206, 0.06496062992125986590 ) ;
#2062 = LINE ( 'NONE', #16, #383 ) ;
#2063 = EDGE_CURVE ( 'NONE', #1493, #1979, #2076, .T. ) ;
#2064 = ORIENTED_EDGE ( 'NONE', *, *, #879, .T. ) ;
#2065 = CARTESIAN_POINT ( 'NONE',  ( 0.3661417300000004982, -0.1249999999999984596, 0.2500000000000000000 ) ) ;
#2066 = ADVANCED_FACE ( 'NONE', ( #1902 ), #1545, .T. ) ;
#2067 = CARTESIAN_POINT ( 'NONE',  ( 8.196454954923230515E-17, -0.6692913385826771977, 0.000000000000000000 ) ) ;
#2068 = ORIENTED_EDGE ( 'NONE', *, *, #873, .F. ) ;
#2069 = ORIENTED_EDGE ( 'NONE', *, *, #27, .F. ) ;
#2070 = ORIENTED_EDGE ( 'NONE', *, *, #449, .T. ) ;
#2071 = DIRECTION ( 'NONE',  ( -1.000000000000000000, 0.000000000000000000, 0.000000000000000000 ) ) ;
#2072 = DIRECTION ( 'NONE',  ( -2.612289469706252052E-15, 1.000000000000000000, 3.697785493223484080E-32 ) ) ;
#2073 = EDGE_CURVE ( 'NONE', #143, #1866, #1696, .T. ) ;
#2074 = CARTESIAN_POINT ( 'NONE',  ( 0.1250000000000000000, 0.3661417299999999431, 0.2500000000000000000 ) ) ;
#2075 = ORIENTED_EDGE ( 'NONE', *, *, #1502, .F. ) ;
#2076 = LINE ( 'NONE', #552, #1296 ) ;
#2077 = FACE_OUTER_BOUND ( 'NONE', #274, .T. ) ;
#2078 = EDGE_CURVE ( 'NONE', #606, #703, #427, .T. ) ;
#2079 = VERTEX_POINT ( 'NONE', #403 ) ;
#2080 = ORIENTED_EDGE ( 'NONE', *, *, #29, .T. ) ;
#2081 = DIRECTION ( 'NONE',  ( 0.000000000000000000, 0.000000000000000000, -1.000000000000000000 ) ) ;
#2082 = CYLINDRICAL_SURFACE ( 'NONE', #388, 1.186300698263260012 ) ;
#2083 = CARTESIAN_POINT ( 'NONE',  ( -0.5905511811023621549, 1.181102362204724976, 0.2500000000000000555 ) ) ;
#2084 = CALENDAR_DATE ( 2026, 27, 4 ) ;
#2085 = DIRECTION ( 'NONE',  ( -1.926171080307062630E-15, -1.000000000000000000, 0.000000000000000000 ) ) ;
#2086 = VERTEX_POINT ( 'NONE', #615 ) ;
#2087 = VERTEX_POINT ( 'NONE', #582 ) ;
#2088 = CARTESIAN_POINT ( 'NONE',  ( 2.731847993664263218E-16, -2.644484474814292163, 0.2500000000000000000 ) ) ;
#2089 = CIRCLE ( 'NONE', #631, 0.1250000000000000278 ) ;
#2090 = CIRCLE ( 'NONE', #253, 0.06496062992125993529 ) ;
#2091 = AXIS2_PLACEMENT_3D ( 'NONE', #20, #387, #1748 ) ;
#2092 = PRODUCT_DEFINITION_SHAPE ( 'NONE', 'NONE',  #2145 ) ;
#2093 = CIRCLE ( 'NONE', #69, 0.02500000000000007425 ) ;
#2094 = LINE ( 'NONE', #1895, #214 ) ;
#2095 = CIRCLE ( 'NONE', #565, 0.02500000000000007425 ) ;
#2096 = EDGE_CURVE ( 'NONE', #855, #404, #1590, .T. ) ;
#2097 = VERTEX_POINT ( 'NONE', #2088 ) ;
#2098 = CARTESIAN_POINT ( 'NONE',  ( 0.1250000000000000278, -0.3661417299999999431, 0.000000000000000000 ) ) ;
#2099 = DIRECTION ( 'NONE',  ( -1.926171080307062630E-15, 1.000000000000000000, -0.000000000000000000 ) ) ;
#2100 = EDGE_CURVE ( 'NONE', #1626, #703, #905, .T. ) ;
#2101 = DIRECTION ( 'NONE',  ( -0.000000000000000000, -0.000000000000000000, -1.000000000000000000 ) ) ;
#2102 = CIRCLE ( 'NONE', #1986, 0.06496062992125979652 ) ;
#2103 = AXIS2_PLACEMENT_3D ( 'NONE', #490, #1972, #1159 ) ;
#2104 = PERSON_AND_ORGANIZATION_ROLE ( 'classification_officer' ) ;
#2105 = DIRECTION ( 'NONE',  ( -7.704684321228160590E-15, -1.000000000000000000, 0.000000000000000000 ) ) ;
#2106 = EDGE_LOOP ( 'NONE', ( #311, #57, #1847, #989, #1699, #1274, #753, #1767, #2059, #196, #738, #1422, #1737, #583, #772, #236, #36, #2080, #79, #128, #184, #1199, #791, #1791, #555 ) ) ;
#2107 = VECTOR ( 'NONE', #312, 39.37007874015748143 ) ;
#2108 = ORIENTED_EDGE ( 'NONE', *, *, #1197, .F. ) ;
#2109 = CARTESIAN_POINT ( 'NONE',  ( 0.3254508752752847678, -0.1401141671340020711, 0.000000000000000000 ) ) ;
#2110 = ADVANCED_FACE ( 'NONE', ( #2130 ), #67, .F. ) ;
#2111 = DIRECTION ( 'NONE',  ( -0.000000000000000000, -0.000000000000000000, -1.000000000000000000 ) ) ;
#2112 = EDGE_LOOP ( 'NONE', ( #1416, #1338 ) ) ;
#2113 = DIRECTION ( 'NONE',  ( 0.000000000000000000, 0.000000000000000000, -1.000000000000000000 ) ) ;
#2114 = CARTESIAN_POINT ( 'NONE',  ( 1.574803149606299302, 1.223817040556749891, 0.000000000000000000 ) ) ;
#2115 = ORIENTED_EDGE ( 'NONE', *, *, #293, .F. ) ;
#2116 = LINE ( 'NONE', #75, #1415 ) ;
#2117 = APPROVAL_STATUS ( 'not_yet_approved' ) ;
#2118 = PLANE ( 'NONE',  #1129 ) ;
#2119 = VERTEX_POINT ( 'NONE', #1233 ) ;
#2120 = AXIS2_PLACEMENT_3D ( 'NONE', #1964, #1428, #612 ) ;
#2121 = CARTESIAN_POINT ( 'NONE',  ( 0.5905511811023622659, -1.023758016408639726, -1.727015573532411655E-32 ) ) ;
#2122 = LINE ( 'NONE', #226, #1842 ) ;
#2123 = ORIENTED_EDGE ( 'NONE', *, *, #736, .F. ) ;
#2124 = CARTESIAN_POINT ( 'NONE',  ( -0.3661417300000004982, -0.1249999999999984596, 0.2500000000000000000 ) ) ;
#2125 = CARTESIAN_POINT ( 'NONE',  ( 0.3230437903804742050, 0.8400254219347278450, 4.232342892897389882E-32 ) ) ;
#2126 = PERSON_AND_ORGANIZATION_ROLE ( 'design_supplier' ) ;
#2127 = CARTESIAN_POINT ( 'NONE',  ( -0.9842519685039370358, 0.000000000000000000, 0.000000000000000000 ) ) ;
#2128 = ORIENTED_EDGE ( 'NONE', *, *, #1398, .F. ) ;
#2129 = EDGE_CURVE ( 'NONE', #2196, #683, #777, .T. ) ;
#2130 = FACE_OUTER_BOUND ( 'NONE', #402, .T. ) ;
#2131 = EDGE_CURVE ( 'NONE', #798, #1346, #567, .T. ) ;
#2133 = ORIENTED_EDGE ( 'NONE', *, *, #906, .T. ) ;
#2132 = AXIS2_PLACEMENT_3D ( 'NONE', #1208, #1381, #734 ) ;
#2134 = DIRECTION ( 'NONE',  ( -0.000000000000000000, -0.000000000000000000, 1.000000000000000000 ) ) ;
#2135 = VERTEX_POINT ( 'NONE', #1932 ) ;
#2136 = FACE_OUTER_BOUND ( 'NONE', #147, .T. ) ;
#2137 = ADVANCED_FACE ( 'NONE', ( #770 ), #1967, .F. ) ;
#2138 = EDGE_CURVE ( 'NONE', #1092, #940, #1629, .T. ) ;
#2139 = CARTESIAN_POINT ( 'NONE',  ( -1.574803149606299302, -1.223817040556749891, 0.2500000000000000555 ) ) ;
#2140 = LINE ( 'NONE', #1277, #1316 ) ;
#2141 = VERTEX_POINT ( 'NONE', #247 ) ;
#2142 = AXIS2_PLACEMENT_3D ( 'NONE', #626, #1923, #1975 ) ;
#2143 = CIRCLE ( 'NONE', #711, 0.1250000000000000000 ) ;
#2144 = CYLINDRICAL_SURFACE ( 'NONE', #1044, 0.02500000000000007425 ) ;
#2145 = PRODUCT_DEFINITION ( 'UNKNOWN', '', #426, #510 ) ;
#2146 = AXIS2_PLACEMENT_3D ( 'NONE', #1995, #1144, #481 ) ;
#2147 = EDGE_LOOP ( 'NONE', ( #1503, #1706, #1585, #556 ) ) ;
#2148 = DIRECTION ( 'NONE',  ( -0.000000000000000000, -0.000000000000000000, -1.000000000000000000 ) ) ;
#2149 = DIRECTION ( 'NONE',  ( 1.957060072957617620E-14, 1.000000000000000000, 3.697785493223561261E-32 ) ) ;
#2150 = DIRECTION ( 'NONE',  ( -1.000000000000000000, 0.000000000000000000, 0.000000000000000000 ) ) ;
#2151 = ORIENTED_EDGE ( 'NONE', *, *, #1033, .T. ) ;
#2152 = DIRECTION ( 'NONE',  ( -1.000000000000000000, -1.637245418261003196E-14, 0.000000000000000000 ) ) ;
#2153 = VECTOR ( 'NONE', #998, 39.37007874015748143 ) ;
#2154 = CARTESIAN_POINT ( 'NONE',  ( 0.000000000000000000, 0.3661417299999998320, 0.000000000000000000 ) ) ;
#2155 = ORIENTED_EDGE ( 'NONE', *, *, #2131, .F. ) ;
#2156 = LINE ( 'NONE', #795, #642 ) ;
#2157 = EDGE_LOOP ( 'NONE', ( #828, #42, #1049, #1548, #1110, #1349, #1554, #1808, #1636 ) ) ;
#2158 = CYLINDRICAL_SURFACE ( 'NONE', #1813, 0.1250000000000000278 ) ;
#2159 = ADVANCED_FACE ( 'NONE', ( #1919 ), #1798, .F. ) ;
#2160 = CC_DESIGN_SECURITY_CLASSIFICATION ( #701, ( #426 ) ) ;
#2161 = DIRECTION ( 'NONE',  ( 1.000000000000000000, 7.704684321228160590E-15, -0.000000000000000000 ) ) ;
#2162 = VECTOR ( 'NONE', #688, 39.37007874015748143 ) ;
#2163 = EDGE_CURVE ( 'NONE', #176, #2179, #1605, .T. ) ;
#2164 = AXIS2_PLACEMENT_3D ( 'NONE', #314, #2008, #448 ) ;
#2165 = ORIENTED_EDGE ( 'NONE', *, *, #1990, .F. ) ;
#2167 = EDGE_CURVE ( 'NONE', #2141, #1716, #1405, .T. ) ;
#2166 = FACE_OUTER_BOUND ( 'NONE', #1036, .T. ) ;
#2168 = ORIENTED_EDGE ( 'NONE', *, *, #1896, .F. ) ;
#2169 = CARTESIAN_POINT ( 'NONE',  ( -0.3254508752752839351, 0.1401141671340042361, -6.163878762534537298E-33 ) ) ;
#2170 = VECTOR ( 'NONE', #610, 39.37007874015748143 ) ;
#2171 = VERTEX_POINT ( 'NONE', #2121 ) ;
#2172 = VERTEX_POINT ( 'NONE', #1256 ) ;
#2173 = DIRECTION ( 'NONE',  ( 1.289023321486892950E-63, -1.000000000000000000, -3.697785493223493385E-32 ) ) ;
#2174 = CIRCLE ( 'NONE', #534, 0.3543307099999999932 ) ;
#2175 = ADVANCED_FACE ( 'NONE', ( #1093 ), #1782, .F. ) ;
#2176 = DIRECTION ( 'NONE',  ( 1.000000000000000000, 0.000000000000000000, 0.000000000000000000 ) ) ;
#2177 = ORIENTED_EDGE ( 'NONE', *, *, #381, .F. ) ;
#2178 = FACE_BOUND ( 'NONE', #1141, .T. ) ;
#2179 = VERTEX_POINT ( 'NONE', #1616 ) ;
#2180 = DIRECTION ( 'NONE',  ( -3.485933199340899084E-32, -3.697785493223493385E-32, 1.000000000000000000 ) ) ;
#2181 = CYLINDRICAL_SURFACE ( 'NONE', #719, 0.02499999999999993894 ) ;
#2182 = ORIENTED_EDGE ( 'NONE', *, *, #27, .T. ) ;
#2183 = CARTESIAN_POINT ( 'NONE',  ( -0.1250000000000000000, -0.3484132424996271848, 0.000000000000000000 ) ) ;
#2184 = DIRECTION ( 'NONE',  ( -0.000000000000000000, -0.000000000000000000, 1.000000000000000000 ) ) ;
#2185 = ORIENTED_EDGE ( 'NONE', *, *, #665, .F. ) ;
#2186 = CARTESIAN_POINT ( 'NONE',  ( -0.3230437903804734834, -0.8400254219347271789, 0.2500000000000000555 ) ) ;
#2187 = DIRECTION ( 'NONE',  ( 0.000000000000000000, 1.000000000000000000, 0.000000000000000000 ) ) ;
#2188 = ADVANCED_FACE ( 'NONE', ( #1107 ), #1789, .T. ) ;
#2189 = DIRECTION ( 'NONE',  ( 1.000000000000000000, 0.000000000000000000, 0.000000000000000000 ) ) ;
#2190 = ORIENTED_EDGE ( 'NONE', *, *, #1832, .F. ) ;
#2191 = LINE ( 'NONE', #1841, #2107 ) ;
#2192 = ADVANCED_FACE ( 'NONE', ( #1454 ), #2144, .T. ) ;
#2193 = CARTESIAN_POINT ( 'NONE',  ( -0.5957495171608978568, 1.181102362204724310, 0.000000000000000000 ) ) ;
#2194 = LOCAL_TIME ( 20, 59, 30.00000000000000000, #744 ) ;
#2195 = VERTEX_POINT ( 'NONE', #624 ) ;
#2196 = VERTEX_POINT ( 'NONE', #1973 ) ;
#2197 = CARTESIAN_POINT ( 'NONE',  ( -0.3661417299999995545, 0.1250000000000016098, 0.000000000000000000 ) ) ;
#2198 = CIRCLE ( 'NONE', #1219, 0.02500000000000007425 ) ;
#2199 = AXIS2_PLACEMENT_3D ( 'NONE', #416, #1943, #1768 ) ;
#2200 = EDGE_CURVE ( 'NONE', #1863, #1185, #1467, .T. ) ;
#2201 = LINE ( 'NONE', #1318, #112 ) ;
#2202 = CIRCLE ( 'NONE', #1411, 0.02500000000000007425 ) ;
#2203 = DIRECTION ( 'NONE',  ( 1.000000000000000000, 0.000000000000000000, 0.000000000000000000 ) ) ;
#2204 = ORIENTED_EDGE ( 'NONE', *, *, #262, .F. ) ;
#2205 = LINE ( 'NONE', #1138, #611 ) ;
#2206 = AXIS2_PLACEMENT_3D ( 'NONE', #867, #26, #171 ) ;
#2207 = DIRECTION ( 'NONE',  ( 0.000000000000000000, 1.000000000000000000, 3.697785493223491743E-32 ) ) ;
#2208 = VECTOR ( 'NONE', #2031, 39.37007874015748143 ) ;
ENDSEC;
END-ISO-10303-21;
