ISO-10303-21;
HEADER;
FILE_DESCRIPTION (( 'STEP AP203' ),
    '1' );
FILE_NAME ('Back Wall_Vf.STEP',
    '2026-03-21T02:09:09',
    ( '' ),
    ( '' ),
    'SwSTEP 2.0',
    'SolidWorks 2025',
    '' );
FILE_SCHEMA (( 'CONFIG_CONTROL_DESIGN' ));
ENDSEC;

DATA;
#1 = VERTEX_POINT ( 'NONE', #667 ) ;
#2 = CARTESIAN_POINT ( 'NONE',  ( 0.9299999999999999378, -0.1249999999999993894, 0.3749999999999999445 ) ) ;
#3 = ORIENTED_EDGE ( 'NONE', *, *, #69, .F. ) ;
#4 = CARTESIAN_POINT ( 'NONE',  ( 1.009999999999999787, -0.1499999999999997724, 0.7499999999999998890 ) ) ;
#5 = DIRECTION ( 'NONE',  ( -1.000000000000000000, -0.000000000000000000, -0.000000000000000000 ) ) ;
#6 = DIRECTION ( 'NONE',  ( 3.902639990948950536E-17, 5.938799986226659171E-18, 1.000000000000000000 ) ) ;
#7 = ORIENTED_EDGE ( 'NONE', *, *, #1020, .T. ) ;
#8 = DIRECTION ( 'NONE',  ( -1.000000000000000000, 1.247992217472836216E-32, 2.101421533587922667E-15 ) ) ;
#9 = ORIENTED_EDGE ( 'NONE', *, *, #1399, .T. ) ;
#10 = APPROVAL ( #188, 'UNSPECIFIED' ) ;
#11 = DIRECTION ( 'NONE',  ( 2.101421533587921878E-15, 0.000000000000000000, -1.000000000000000000 ) ) ;
#12 = DIRECTION ( 'NONE',  ( 0.000000000000000000, 0.000000000000000000, 1.000000000000000000 ) ) ;
#13 = CARTESIAN_POINT ( 'NONE',  ( 0.9299999999999999378, -0.1249999999999996531, 2.875000000000000000 ) ) ;
#14 = ORIENTED_EDGE ( 'NONE', *, *, #292, .T. ) ;
#15 = CARTESIAN_POINT ( 'NONE',  ( 0.9299999999999999378, -0.1249999999999993894, 0.3749999999999999445 ) ) ;
#16 = EDGE_LOOP ( 'NONE', ( #29, #1358, #7, #1370 ) ) ;
#17 = DIRECTION ( 'NONE',  ( -0.000000000000000000, 1.000000000000000000, -0.000000000000000000 ) ) ;
#18 = VECTOR ( 'NONE', #883, 39.37007874015748143 ) ;
#19 = CIRCLE ( 'NONE', #1148, 0.04921259842519641603 ) ;
#20 = CARTESIAN_POINT ( 'NONE',  ( 0.2499999999999996947, -2.624889471112288319, 0.7499999999999998890 ) ) ;
#21 = ADVANCED_FACE ( 'NONE', ( #1162, #396, #704, #509 ), #518, .F. ) ;
#22 = EDGE_LOOP ( 'NONE', ( #1087, #81, #1200, #1285 ) ) ;
#23 = FACE_OUTER_BOUND ( 'NONE', #925, .T. ) ;
#24 = ORIENTED_EDGE ( 'NONE', *, *, #552, .T. ) ;
#25 = CYLINDRICAL_SURFACE ( 'NONE', #1081, 0.04921259842519689481 ) ;
#26 = CYLINDRICAL_SURFACE ( 'NONE', #367, 0.04921259842519662420 ) ;
#27 = ORIENTED_EDGE ( 'NONE', *, *, #243, .T. ) ;
#28 = CARTESIAN_POINT ( 'NONE',  ( 0.4999999999999996669, -0.1499999999999997724, 0.7499999999999998890 ) ) ;
#29 = ORIENTED_EDGE ( 'NONE', *, *, #493, .F. ) ;
#30 = DIRECTION ( 'NONE',  ( -1.000000000000000000, -0.000000000000000000, -0.000000000000000000 ) ) ;
#31 = DIRECTION ( 'NONE',  ( 0.000000000000000000, 0.000000000000000000, 1.000000000000000000 ) ) ;
#32 = AXIS2_PLACEMENT_3D ( 'NONE', #597, #1032, #43 ) ;
#33 = ADVANCED_FACE ( 'NONE', ( #1157 ), #1277, .F. ) ;
#34 = VECTOR ( 'NONE', #453, 39.37007874015748143 ) ;
#35 = ORIENTED_EDGE ( 'NONE', *, *, #546, .F. ) ;
#36 = DIRECTION ( 'NONE',  ( 0.5150380749100552658, 0.000000000000000000, -0.8571673007021116675 ) ) ;
#37 = EDGE_CURVE ( 'NONE', #1327, #90, #807, .T. ) ;
#38 = EDGE_CURVE ( 'NONE', #991, #1, #729, .T. ) ;
#39 = EDGE_LOOP ( 'NONE', ( #485, #129, #1362, #14 ) ) ;
#40 = DIRECTION ( 'NONE',  ( 0.000000000000000000, 0.000000000000000000, 1.000000000000000000 ) ) ;
#41 = DIRECTION ( 'NONE',  ( -0.5150380749100561539, 1.049727191138617093E-16, -0.8571673007021108903 ) ) ;
#42 = AXIS2_PLACEMENT_3D ( 'NONE', #868, #195, #974 ) ;
#43 = DIRECTION ( 'NONE',  ( 0.000000000000000000, 5.938799986226659171E-18, 1.000000000000000000 ) ) ;
#44 = VECTOR ( 'NONE', #522, 39.37007874015748143 ) ;
#45 = CC_DESIGN_APPROVAL ( #55, ( #1079 ) ) ;
#46 = ORIENTED_EDGE ( 'NONE', *, *, #653, .F. ) ;
#47 = DIRECTION ( 'NONE',  ( 0.000000000000000000, -1.000000000000000000, 0.000000000000000000 ) ) ;
#48 = PLANE ( 'NONE',  #260 ) ;
#49 = CARTESIAN_POINT ( 'NONE',  ( 0.9299999999999999378, -0.1249999999999996531, 2.825787401574802793 ) ) ;
#50 = DIRECTION ( 'NONE',  ( 1.000000000000000000, -0.000000000000000000, -0.000000000000000000 ) ) ;
#51 = ORIENTED_EDGE ( 'NONE', *, *, #470, .F. ) ;
#52 = APPLICATION_CONTEXT ( 'configuration controlled 3d designs of mechanical parts and assemblies' ) ;
#53 = DATE_AND_TIME ( #1260, #1056 ) ;
#54 = CARTESIAN_POINT ( 'NONE',  ( 1.260000000000000009, -0.1249999999999993894, 0.3257874015748033480 ) ) ;
#55 = APPROVAL ( #726, 'UNSPECIFIED' ) ;
#56 = CARTESIAN_POINT ( 'NONE',  ( 1.260000000000000009, 0.000000000000000000, 0.5000000000000000000 ) ) ;
#57 = ORIENTED_EDGE ( 'NONE', *, *, #325, .T. ) ;
#58 = DATE_AND_TIME ( #1067, #970 ) ;
#59 = CARTESIAN_POINT ( 'NONE',  ( 0.4999999999999997224, -0.1499999999999997724, 3.249999999999999556 ) ) ;
#60 = DIRECTION ( 'NONE',  ( 0.000000000000000000, 0.000000000000000000, -1.000000000000000000 ) ) ;
#61 = CARTESIAN_POINT ( 'NONE',  ( 0.000000000000000000, -0.1249999999999999306, 5.325787401574802793 ) ) ;
#62 = AXIS2_PLACEMENT_3D ( 'NONE', #860, #77, #1176 ) ;
#63 = EDGE_CURVE ( 'NONE', #1041, #686, #410, .T. ) ;
#64 = AXIS2_PLACEMENT_3D ( 'NONE', #241, #361, #899 ) ;
#65 = EDGE_LOOP ( 'NONE', ( #1136, #743, #487, #562 ) ) ;
#66 = CC_DESIGN_SECURITY_CLASSIFICATION ( #510, ( #921 ) ) ;
#67 = VERTEX_POINT ( 'NONE', #1269 ) ;
#68 = PERSON ( 'UNSPECIFIED', 'UNSPECIFIED', 'UNSPECIFIED', ('UNSPECIFIED'), ('UNSPECIFIED'), ('UNSPECIFIED') ) ;
#69 = EDGE_CURVE ( 'NONE', #391, #1012, #910, .T. ) ;
#70 = DIRECTION ( 'NONE',  ( 0.000000000000000000, 0.000000000000000000, -1.000000000000000000 ) ) ;
#71 = FACE_BOUND ( 'NONE', #447, .T. ) ;
#72 = CARTESIAN_POINT ( 'NONE',  ( 0.7599999999999978995, -2.624889471112288319, 2.750000000000000444 ) ) ;
#73 = DIRECTION ( 'NONE',  ( 0.000000000000000000, 0.000000000000000000, -1.000000000000000000 ) ) ;
#74 = VERTEX_POINT ( 'NONE', #290 ) ;
#75 = VERTEX_POINT ( 'NONE', #169 ) ;
#76 =( NAMED_UNIT ( * ) SI_UNIT ( $, .STERADIAN. ) SOLID_ANGLE_UNIT ( ) );
#77 = DIRECTION ( 'NONE',  ( -1.000000000000000000, -0.000000000000000000, -0.000000000000000000 ) ) ;
#78 = CARTESIAN_POINT ( 'NONE',  ( 0.4999999999999996114, -0.1499999999999997724, 0.5000000000000000000 ) ) ;
#79 = LINE ( 'NONE', #310, #1142 ) ;
#80 = EDGE_CURVE ( 'NONE', #991, #800, #604, .T. ) ;
#81 = ORIENTED_EDGE ( 'NONE', *, *, #493, .T. ) ;
#82 = CIRCLE ( 'NONE', #1097, 0.2499999999999998057 ) ;
#83 = AXIS2_PLACEMENT_3D ( 'NONE', #1198, #651, #1091 ) ;
#84 = CARTESIAN_POINT ( 'NONE',  ( 1.259999999999994236, -0.1499999999999997724, 2.750000000000001332 ) ) ;
#85 = PLANE ( 'NONE',  #1150 ) ;
#86 = FACE_OUTER_BOUND ( 'NONE', #254, .T. ) ;
#87 = ORIENTED_EDGE ( 'NONE', *, *, #1206, .F. ) ;
#88 = VECTOR ( 'NONE', #212, 39.37007874015748143 ) ;
#89 = AXIS2_PLACEMENT_3D ( 'NONE', #992, #232, #1111 ) ;
#90 = VERTEX_POINT ( 'NONE', #1368 ) ;
#91 = EDGE_CURVE ( 'NONE', #537, #391, #1040, .T. ) ;
#92 = LINE ( 'NONE', #84, #1172 ) ;
#93 = CARTESIAN_POINT ( 'NONE',  ( 1.260000000000000009, -0.1249999999999996531, 2.875000000000000000 ) ) ;
#94 = CARTESIAN_POINT ( 'NONE',  ( 1.260000000000000009, -0.1249999999999996531, 2.924212598425196319 ) ) ;
#95 = EDGE_LOOP ( 'NONE', ( #46, #1313, #1349 ) ) ;
#96 = ADVANCED_FACE ( 'NONE', ( #835 ), #176, .F. ) ;
#97 = ORIENTED_EDGE ( 'NONE', *, *, #730, .T. ) ;
#98 = SHAPE_DEFINITION_REPRESENTATION ( #1005, #655 ) ;
#99 = EDGE_CURVE ( 'NONE', #75, #376, #1164, .T. ) ;
#100 = DIRECTION ( 'NONE',  ( 0.000000000000000000, -1.000000000000000000, 0.000000000000000000 ) ) ;
#101 = CARTESIAN_POINT ( 'NONE',  ( 0.3300000000000000155, -0.1249999999999993894, 0.4242125984251967075 ) ) ;
#102 = PLANE ( 'NONE',  #105 ) ;
#103 = EDGE_CURVE ( 'NONE', #859, #165, #82, .T. ) ;
#104 = ORIENTED_EDGE ( 'NONE', *, *, #178, .T. ) ;
#105 = AXIS2_PLACEMENT_3D ( 'NONE', #862, #1190, #982 ) ;
#106 = ORIENTED_EDGE ( 'NONE', *, *, #455, .T. ) ;
#107 = DATE_AND_TIME ( #853, #352 ) ;
#108 = ADVANCED_FACE ( 'NONE', ( #157 ), #823, .T. ) ;
#109 = DIRECTION ( 'NONE',  ( -1.000000000000000000, -0.000000000000000000, -0.000000000000000000 ) ) ;
#110 = DIRECTION ( 'NONE',  ( 0.000000000000000000, 0.000000000000000000, -1.000000000000000000 ) ) ;
#111 = DIRECTION ( 'NONE',  ( 0.000000000000000000, -1.000000000000000000, 0.000000000000000000 ) ) ;
#112 = ORIENTED_EDGE ( 'NONE', *, *, #742, .T. ) ;
#113 = DIRECTION ( 'NONE',  ( -1.000000000000000000, -0.000000000000000000, -0.000000000000000000 ) ) ;
#114 = ORIENTED_EDGE ( 'NONE', *, *, #611, .F. ) ;
#115 = VECTOR ( 'NONE', #1384, 39.37007874015748143 ) ;
#116 = EDGE_CURVE ( 'NONE', #231, #1065, #816, .T. ) ;
#117 = DIRECTION ( 'NONE',  ( 0.000000000000000000, 1.000000000000000000, -5.938799986226659941E-18 ) ) ;
#118 =( GEOMETRIC_REPRESENTATION_CONTEXT ( 3 ) GLOBAL_UNCERTAINTY_ASSIGNED_CONTEXT ( ( #746 ) ) GLOBAL_UNIT_ASSIGNED_CONTEXT ( ( #612, #407, #76 ) ) REPRESENTATION_CONTEXT ( 'NONE', 'WORKASPACE' ) );
#119 = CARTESIAN_POINT ( 'NONE',  ( 0.9299999999999999378, -0.1249999999999999306, 5.374999999999999112 ) ) ;
#120 = DIRECTION ( 'NONE',  ( 1.000000000000000000, -0.000000000000000000, -0.000000000000000000 ) ) ;
#121 = VERTEX_POINT ( 'NONE', #382 ) ;
#122 = DIRECTION ( 'NONE',  ( 0.000000000000000000, -5.938799986226659171E-18, -1.000000000000000000 ) ) ;
#123 = ORIENTED_EDGE ( 'NONE', *, *, #292, .F. ) ;
#124 = CARTESIAN_POINT ( 'NONE',  ( 1.009999999999999787, -2.624889471112288319, 0.7499999999999998890 ) ) ;
#125 = CARTESIAN_POINT ( 'NONE',  ( 0.2499999999999996947, 0.000000000000000000, 0.7499999999999998890 ) ) ;
#126 = DIRECTION ( 'NONE',  ( -1.000000000000000000, -0.000000000000000000, -0.000000000000000000 ) ) ;
#127 = ORIENTED_EDGE ( 'NONE', *, *, #1251, .F. ) ;
#128 = DIRECTION ( 'NONE',  ( 1.000000000000000000, -0.000000000000000000, -0.000000000000000000 ) ) ;
#129 = ORIENTED_EDGE ( 'NONE', *, *, #1092, .F. ) ;
#130 = DIRECTION ( 'NONE',  ( -1.000000000000000000, -0.000000000000000000, -0.000000000000000000 ) ) ;
#131 = ADVANCED_FACE ( 'NONE', ( #814 ), #955, .F. ) ;
#132 = APPLICATION_CONTEXT ( 'configuration controlled 3d designs of mechanical parts and assemblies' ) ;
#133 = VECTOR ( 'NONE', #761, 39.37007874015748143 ) ;
#134 = EDGE_CURVE ( 'NONE', #1071, #74, #280, .T. ) ;
#135 = CARTESIAN_POINT ( 'NONE',  ( 0.7599999999999978995, 0.000000000000000000, 2.750000000000000444 ) ) ;
#136 = ORIENTED_EDGE ( 'NONE', *, *, #91, .F. ) ;
#137 = DIRECTION ( 'NONE',  ( 0.000000000000000000, 0.000000000000000000, 1.000000000000000000 ) ) ;
#138 = ORIENTED_EDGE ( 'NONE', *, *, #1399, .F. ) ;
#139 = DIRECTION ( 'NONE',  ( 0.000000000000000000, 0.000000000000000000, -1.000000000000000000 ) ) ;
#140 = AXIS2_PLACEMENT_3D ( 'NONE', #342, #109, #1316 ) ;
#141 = CIRCLE ( 'NONE', #441, 0.04921259842519689481 ) ;
#142 = DIRECTION ( 'NONE',  ( 0.000000000000000000, 0.000000000000000000, -1.000000000000000000 ) ) ;
#143 = ORIENTED_EDGE ( 'NONE', *, *, #1407, .T. ) ;
#144 = DIRECTION ( 'NONE',  ( 0.000000000000000000, 0.000000000000000000, -1.000000000000000000 ) ) ;
#145 = EDGE_LOOP ( 'NONE', ( #442, #993 ) ) ;
#146 = DIRECTION ( 'NONE',  ( 1.000000000000000000, -0.000000000000000000, -0.000000000000000000 ) ) ;
#147 = CARTESIAN_POINT ( 'NONE',  ( 1.260000000000000009, -0.1499999999999997724, 5.250000000000000000 ) ) ;
#148 = EDGE_CURVE ( 'NONE', #977, #592, #935, .T. ) ;
#149 = ORIENTED_EDGE ( 'NONE', *, *, #243, .F. ) ;
#150 = DIRECTION ( 'NONE',  ( 0.000000000000000000, -1.000000000000000000, 0.000000000000000000 ) ) ;
#151 = MANIFOLD_SOLID_BREP ( 'Mirror1', #501 ) ;
#152 = ORIENTED_EDGE ( 'NONE', *, *, #898, .F. ) ;
#153 = CARTESIAN_POINT ( 'NONE',  ( 0.3300000000000000155, -0.1249999999999999306, 5.374999999999999112 ) ) ;
#154 = ADVANCED_FACE ( 'NONE', ( #197 ), #849, .F. ) ;
#155 = LINE ( 'NONE', #928, #1375 ) ;
#156 = AXIS2_PLACEMENT_3D ( 'NONE', #492, #924, #1361 ) ;
#157 = FACE_OUTER_BOUND ( 'NONE', #538, .T. ) ;
#158 = ORIENTED_EDGE ( 'NONE', *, *, #435, .T. ) ;
#159 = LINE ( 'NONE', #380, #161 ) ;
#160 = DIRECTION ( 'NONE',  ( -1.000000000000000000, -0.000000000000000000, -0.000000000000000000 ) ) ;
#161 = VECTOR ( 'NONE', #146, 39.37007874015748143 ) ;
#162 = DIRECTION ( 'NONE',  ( -1.000000000000000000, -0.000000000000000000, -0.000000000000000000 ) ) ;
#163 = ORGANIZATION ( 'UNSPECIFIED', 'UNSPECIFIED', '' ) ;
#164 = ADVANCED_FACE ( 'NONE', ( #304 ), #438, .F. ) ;
#165 = VERTEX_POINT ( 'NONE', #1183 ) ;
#166 = DIRECTION ( 'NONE',  ( 0.000000000000000000, 0.000000000000000000, -1.000000000000000000 ) ) ;
#167 = SECURITY_CLASSIFICATION_LEVEL ( 'unclassified' ) ;
#168 = DIRECTION ( 'NONE',  ( -1.000000000000000000, 0.000000000000000000, -0.000000000000000000 ) ) ;
#169 = CARTESIAN_POINT ( 'NONE',  ( 1.260000000000000009, -0.1249999999999996531, 2.825787401574803237 ) ) ;
#170 = ORIENTED_EDGE ( 'NONE', *, *, #583, .T. ) ;
#171 = VERTEX_POINT ( 'NONE', #1413 ) ;
#172 = LINE ( 'NONE', #832, #1027 ) ;
#173 = EDGE_CURVE ( 'NONE', #335, #544, #567, .T. ) ;
#174 = CARTESIAN_POINT ( 'NONE',  ( 0.000000000000000000, -0.1249999999999993894, 0.3749999999999999445 ) ) ;
#175 = VECTOR ( 'NONE', #1391, 39.37007874015748143 ) ;
#176 = CYLINDRICAL_SURFACE ( 'NONE', #365, 0.04921259842519634664 ) ;
#177 = CIRCLE ( 'NONE', #837, 0.04921259842519689481 ) ;
#178 = EDGE_CURVE ( 'NONE', #335, #376, #747, .T. ) ;
#179 = ORIENTED_EDGE ( 'NONE', *, *, #1094, .F. ) ;
#180 = PLANE ( 'NONE',  #981 ) ;
#181 = DIRECTION ( 'NONE',  ( 1.000000000000000000, -0.000000000000000000, 0.000000000000000000 ) ) ;
#182 = DIRECTION ( 'NONE',  ( -1.000000000000000000, -0.000000000000000000, -0.000000000000000000 ) ) ;
#183 = CIRCLE ( 'NONE', #825, 0.04921259842519675604 ) ;
#184 = AXIS2_PLACEMENT_3D ( 'NONE', #174, #288, #486 ) ;
#185 = ORIENTED_EDGE ( 'NONE', *, *, #833, .F. ) ;
#186 = CIRCLE ( 'NONE', #693, 0.04921259842519634664 ) ;
#187 = EDGE_LOOP ( 'NONE', ( #158, #998, #900, #360 ) ) ;
#188 = APPROVAL_STATUS ( 'not_yet_approved' ) ;
#189 = EDGE_CURVE ( 'NONE', #532, #887, #857, .T. ) ;
#190 = CARTESIAN_POINT ( 'NONE',  ( 0.4999999999999997224, -2.624889471112288319, 3.249999999999999556 ) ) ;
#191 = DIRECTION ( 'NONE',  ( 0.000000000000000000, 0.000000000000000000, 1.000000000000000000 ) ) ;
#192 = CARTESIAN_POINT ( 'NONE',  ( 0.9299999999999999378, -0.1249999999999996531, 2.875000000000000000 ) ) ;
#193 = VERTEX_POINT ( 'NONE', #215 ) ;
#194 = PERSON_AND_ORGANIZATION ( #68, #163 ) ;
#195 = DIRECTION ( 'NONE',  ( 0.000000000000000000, -1.000000000000000000, 0.000000000000000000 ) ) ;
#196 = CARTESIAN_POINT ( 'NONE',  ( -5.520553484345342928E-17, -0.1249999999999996531, 2.924212598425196319 ) ) ;
#197 = FACE_OUTER_BOUND ( 'NONE', #1272, .T. ) ;
#198 = EDGE_CURVE ( 'NONE', #887, #449, #748, .T. ) ;
#199 = AXIS2_PLACEMENT_3D ( 'NONE', #298, #523, #1397 ) ;
#200 = EDGE_LOOP ( 'NONE', ( #896, #1122, #705, #127 ) ) ;
#201 = AXIS2_PLACEMENT_3D ( 'NONE', #1004, #359, #478 ) ;
#202 = ORIENTED_EDGE ( 'NONE', *, *, #1374, .T. ) ;
#203 = DIRECTION ( 'NONE',  ( 0.000000000000000000, 0.000000000000000000, -1.000000000000000000 ) ) ;
#204 = PLANE ( 'NONE',  #209 ) ;
#205 = FACE_OUTER_BOUND ( 'NONE', #242, .T. ) ;
#206 = ORIENTED_EDGE ( 'NONE', *, *, #99, .F. ) ;
#207 = CONICAL_SURFACE ( 'NONE', #1331, 0.04921259842519689481, 1.029744258676653201 ) ;
#208 = ADVANCED_FACE ( 'NONE', ( #86 ), #102, .F. ) ;
#209 = AXIS2_PLACEMENT_3D ( 'NONE', #877, #1197, #1219 ) ;
#210 = EDGE_LOOP ( 'NONE', ( #136, #772, #1392, #1335 ) ) ;
#211 = CC_DESIGN_APPROVAL ( #10, ( #921 ) ) ;
#212 = DIRECTION ( 'NONE',  ( -3.902639990948950536E-17, 0.000000000000000000, -1.000000000000000000 ) ) ;
#213 = EDGE_CURVE ( 'NONE', #1322, #67, #529, .T. ) ;
#214 = CARTESIAN_POINT ( 'NONE',  ( 1.260000000000000009, 0.000000000000000000, 5.750000000000000000 ) ) ;
#215 = CARTESIAN_POINT ( 'NONE',  ( 0.3595699123537186015, -0.1250000000000000278, 5.374999999999999112 ) ) ;
#216 = ORIENTED_EDGE ( 'NONE', *, *, #628, .F. ) ;
#217 = ORIENTED_EDGE ( 'NONE', *, *, #99, .T. ) ;
#218 = CARTESIAN_POINT ( 'NONE',  ( 0.9299999999999999378, -0.1249999999999996531, 2.875000000000000000 ) ) ;
#219 = CARTESIAN_POINT ( 'NONE',  ( 0.3595699123537186015, -0.1249999999999997363, 2.875000000000000000 ) ) ;
#220 = DIRECTION ( 'NONE',  ( 0.000000000000000000, 0.000000000000000000, 1.000000000000000000 ) ) ;
#221 = ORIENTED_EDGE ( 'NONE', *, *, #952, .F. ) ;
#222 = EDGE_CURVE ( 'NONE', #1000, #481, #659, .T. ) ;
#223 = VECTOR ( 'NONE', #385, 39.37007874015748143 ) ;
#224 = ORIENTED_EDGE ( 'NONE', *, *, #1243, .T. ) ;
#225 = AXIS2_PLACEMENT_3D ( 'NONE', #943, #829, #618 ) ;
#226 = AXIS2_PLACEMENT_3D ( 'NONE', #418, #1086, #220 ) ;
#227 = DIRECTION ( 'NONE',  ( 0.000000000000000000, 1.000000000000000000, 0.000000000000000000 ) ) ;
#228 = VECTOR ( 'NONE', #754, 39.37007874015748143 ) ;
#229 = FACE_OUTER_BOUND ( 'NONE', #261, .T. ) ;
#230 = CARTESIAN_POINT ( 'NONE',  ( 1.010000000000000009, -2.624889471112288319, -1.951319995474474652E-17 ) ) ;
#231 = VERTEX_POINT ( 'NONE', #989 ) ;
#232 = DIRECTION ( 'NONE',  ( 1.000000000000000000, -0.000000000000000000, -0.000000000000000000 ) ) ;
#233 = ORIENTED_EDGE ( 'NONE', *, *, #719, .T. ) ;
#234 = CIRCLE ( 'NONE', #1033, 0.2500000000000003331 ) ;
#235 = AXIS2_PLACEMENT_3D ( 'NONE', #508, #734, #60 ) ;
#236 = CYLINDRICAL_SURFACE ( 'NONE', #1306, 0.2499999999999999167 ) ;
#237 = EDGE_CURVE ( 'NONE', #165, #756, #79, .T. ) ;
#238 = DIRECTION ( 'NONE',  ( 0.000000000000000000, 1.000000000000000000, -5.938799986226659171E-18 ) ) ;
#239 = DIRECTION ( 'NONE',  ( 0.000000000000000000, 1.000000000000000000, -5.938799986226659941E-18 ) ) ;
#240 = VERTEX_POINT ( 'NONE', #645 ) ;
#241 = CARTESIAN_POINT ( 'NONE',  ( 1.260000000000000009, -0.1249999999999996531, 2.875000000000000000 ) ) ;
#242 = EDGE_LOOP ( 'NONE', ( #421, #1192, #858 ) ) ;
#243 = EDGE_CURVE ( 'NONE', #721, #171, #431, .T. ) ;
#244 = CARTESIAN_POINT ( 'NONE',  ( 0.9299999999999999378, -0.1249999999999993894, 0.3257874015748031815 ) ) ;
#245 = CARTESIAN_POINT ( 'NONE',  ( 0.000000000000000000, 0.000000000000000000, 0.000000000000000000 ) ) ;
#246 = ORIENTED_EDGE ( 'NONE', *, *, #810, .F. ) ;
#247 = CARTESIAN_POINT ( 'NONE',  ( -5.520553484345342928E-17, -0.1249999999999999306, 5.424212598425196319 ) ) ;
#248 = ORIENTED_EDGE ( 'NONE', *, *, #178, .F. ) ;
#249 = FACE_OUTER_BOUND ( 'NONE', #65, .T. ) ;
#250 = AXIS2_PLACEMENT_3D ( 'NONE', #1212, #471, #462 ) ;
#251 = CARTESIAN_POINT ( 'NONE',  ( 1.010000000000000009, -0.1499999999999997724, -3.421107351169891001E-17 ) ) ;
#252 = EDGE_LOOP ( 'NONE', ( #505, #104, #202, #466 ) ) ;
#253 = DIRECTION ( 'NONE',  ( -1.000000000000000000, -0.000000000000000000, -0.000000000000000000 ) ) ;
#254 = EDGE_LOOP ( 'NONE', ( #513, #1299, #1414, #627 ) ) ;
#255 = EDGE_CURVE ( 'NONE', #263, #383, #840, .T. ) ;
#256 = DIRECTION ( 'NONE',  ( 0.000000000000000000, 0.000000000000000000, -1.000000000000000000 ) ) ;
#257 = AXIS2_PLACEMENT_3D ( 'NONE', #482, #593, #488 ) ;
#258 = ADVANCED_FACE ( 'NONE', ( #205 ), #1099, .F. ) ;
#259 = DIRECTION ( 'NONE',  ( 1.000000000000000000, -0.000000000000000000, -0.000000000000000000 ) ) ;
#260 = AXIS2_PLACEMENT_3D ( 'NONE', #681, #70, #844 ) ;
#261 = EDGE_LOOP ( 'NONE', ( #620, #1008, #815, #555 ) ) ;
#262 = CARTESIAN_POINT ( 'NONE',  ( -5.520553484345342928E-17, -0.1249999999999993894, 0.3749999999999999445 ) ) ;
#263 = VERTEX_POINT ( 'NONE', #535 ) ;
#264 = EDGE_CURVE ( 'NONE', #499, #335, #976, .T. ) ;
#265 = DIRECTION ( 'NONE',  ( 0.000000000000000000, 0.000000000000000000, 1.000000000000000000 ) ) ;
#266 = CARTESIAN_POINT ( 'NONE',  ( 1.009999999999999343, -2.624889471112288319, 5.000000000000000000 ) ) ;
#267 = CARTESIAN_POINT ( 'NONE',  ( 0.000000000000000000, -0.1249999999999996531, 2.875000000000000000 ) ) ;
#268 = ORIENTED_EDGE ( 'NONE', *, *, #833, .T. ) ;
#269 = DIRECTION ( 'NONE',  ( 0.000000000000000000, 1.000000000000000000, 0.000000000000000000 ) ) ;
#270 = DIRECTION ( 'NONE',  ( 0.000000000000000000, 0.000000000000000000, -1.000000000000000000 ) ) ;
#271 = LINE ( 'NONE', #595, #392 ) ;
#272 = CONICAL_SURFACE ( 'NONE', #1073, 0.04921259842519675604, 1.029744258676652091 ) ;
#273 = CARTESIAN_POINT ( 'NONE',  ( 0.3300000000000000155, -0.1249999999999999306, 5.374999999999999112 ) ) ;
#274 = ORIENTED_EDGE ( 'NONE', *, *, #552, .F. ) ;
#275 = DIRECTION ( 'NONE',  ( 0.000000000000000000, 1.000000000000000000, 0.000000000000000000 ) ) ;
#276 = PERSON_AND_ORGANIZATION_ROLE ( 'classification_officer' ) ;
#277 = VECTOR ( 'NONE', #1232, 39.37007874015748854 ) ;
#278 = LINE ( 'NONE', #283, #1369 ) ;
#279 = VECTOR ( 'NONE', #1276, 39.37007874015748143 ) ;
#280 = LINE ( 'NONE', #56, #1141 ) ;
#281 = EDGE_LOOP ( 'NONE', ( #1340, #348, #1265 ) ) ;
#282 = ADVANCED_FACE ( 'NONE', ( #1100 ), #631, .T. ) ;
#283 = CARTESIAN_POINT ( 'NONE',  ( 0.000000000000000000, -0.1249999999999996531, 2.825787401574803237 ) ) ;
#284 = LINE ( 'NONE', #1169, #115 ) ;
#285 = DIRECTION ( 'NONE',  ( 0.5150380749100552658, 1.049727191138617956E-16, 0.8571673007021116675 ) ) ;
#286 = ORIENTED_EDGE ( 'NONE', *, *, #198, .T. ) ;
#287 = LINE ( 'NONE', #727, #1187 ) ;
#288 = DIRECTION ( 'NONE',  ( -1.000000000000000000, -0.000000000000000000, -0.000000000000000000 ) ) ;
#289 = AXIS2_PLACEMENT_3D ( 'NONE', #1062, #50, #73 ) ;
#290 = CARTESIAN_POINT ( 'NONE',  ( 0.7599999999999997868, 0.000000000000000000, 0.5000000000000000000 ) ) ;
#291 = ORIENTED_EDGE ( 'NONE', *, *, #222, .T. ) ;
#292 = EDGE_CURVE ( 'NONE', #679, #1230, #662, .T. ) ;
#293 = PERSON_AND_ORGANIZATION ( #68, #163 ) ;
#294 = ADVANCED_FACE ( 'NONE', ( #902 ), #368, .T. ) ;
#295 = EDGE_CURVE ( 'NONE', #1093, #457, #412, .T. ) ;
#296 = DIRECTION ( 'NONE',  ( 1.000000000000000000, 1.247992217472835669E-32, 2.101421533587921878E-15 ) ) ;
#297 = LINE ( 'NONE', #1177, #1333 ) ;
#298 = CARTESIAN_POINT ( 'NONE',  ( 1.260000000000000009, 0.000000000000000000, 0.000000000000000000 ) ) ;
#299 = VECTOR ( 'NONE', #581, 39.37007874015748143 ) ;
#300 = AXIS2_PLACEMENT_3D ( 'NONE', #839, #948, #739 ) ;
#301 = ORIENTED_EDGE ( 'NONE', *, *, #1239, .T. ) ;
#302 = CARTESIAN_POINT ( 'NONE',  ( 0.3300000000000000155, -0.1249999999999999306, 5.424212598425196319 ) ) ;
#303 = CARTESIAN_POINT ( 'NONE',  ( 0.9299999999999999378, -0.1249999999999999306, 5.374999999999999112 ) ) ;
#304 = FACE_OUTER_BOUND ( 'NONE', #971, .T. ) ;
#305 = ORIENTED_EDGE ( 'NONE', *, *, #606, .F. ) ;
#306 = EDGE_LOOP ( 'NONE', ( #790, #152, #221, #809 ) ) ;
#307 = PERSON_AND_ORGANIZATION ( #68, #163 ) ;
#308 = DIRECTION ( 'NONE',  ( 0.5150380749100552658, 0.000000000000000000, -0.8571673007021116675 ) ) ;
#309 = CARTESIAN_POINT ( 'NONE',  ( 1.260000000000000009, -0.2500000000000000000, 0.000000000000000000 ) ) ;
#310 = CARTESIAN_POINT ( 'NONE',  ( 0.5000000000000012212, -2.624889471112288319, 2.750000000000000000 ) ) ;
#311 = EDGE_CURVE ( 'NONE', #383, #1179, #582, .T. ) ;
#312 = ORIENTED_EDGE ( 'NONE', *, *, #1270, .F. ) ;
#313 = EDGE_CURVE ( 'NONE', #851, #1093, #1133, .T. ) ;
#314 = VECTOR ( 'NONE', #573, 39.37007874015748143 ) ;
#315 = ORIENTED_EDGE ( 'NONE', *, *, #470, .T. ) ;
#316 = PLANE ( 'NONE',  #42 ) ;
#317 = DIRECTION ( 'NONE',  ( 0.000000000000000000, 0.000000000000000000, 1.000000000000000000 ) ) ;
#318 = DIRECTION ( 'NONE',  ( -1.000000000000000000, 0.000000000000000000, 0.000000000000000000 ) ) ;
#319 = VECTOR ( 'NONE', #1261, 39.37007874015748143 ) ;
#320 = ORIENTED_EDGE ( 'NONE', *, *, #264, .T. ) ;
#321 = VECTOR ( 'NONE', #308, 39.37007874015748143 ) ;
#322 = VECTOR ( 'NONE', #670, 39.37007874015748143 ) ;
#323 = ORIENTED_EDGE ( 'NONE', *, *, #699, .T. ) ;
#324 = APPROVAL_PERSON_ORGANIZATION ( #293, #55, #1155 ) ;
#325 = EDGE_CURVE ( 'NONE', #756, #463, #433, .T. ) ;
#326 = DIRECTION ( 'NONE',  ( 0.000000000000000000, 1.000000000000000000, 0.000000000000000000 ) ) ;
#327 = DIRECTION ( 'NONE',  ( 0.000000000000000000, 0.000000000000000000, -1.000000000000000000 ) ) ;
#328 = DIRECTION ( 'NONE',  ( 0.000000000000000000, 0.000000000000000000, -1.000000000000000000 ) ) ;
#329 = EDGE_CURVE ( 'NONE', #67, #531, #878, .T. ) ;
#330 = VERTEX_POINT ( 'NONE', #1010 ) ;
#331 = ORIENTED_EDGE ( 'NONE', *, *, #611, .T. ) ;
#332 = CARTESIAN_POINT ( 'NONE',  ( 0.4999999999999996114, -0.1499999999999997724, 5.250000000000000000 ) ) ;
#333 = DIRECTION ( 'NONE',  ( 1.000000000000000000, -0.000000000000000000, -0.000000000000000000 ) ) ;
#334 = DIRECTION ( 'NONE',  ( 0.000000000000000000, -1.000000000000000000, 0.000000000000000000 ) ) ;
#335 = VERTEX_POINT ( 'NONE', #559 ) ;
#336 = EDGE_CURVE ( 'NONE', #1319, #1291, #795, .T. ) ;
#337 = CARTESIAN_POINT ( 'NONE',  ( 1.260000000000000009, -0.1249999999999999306, 5.374999999999999112 ) ) ;
#338 = ORIENTED_EDGE ( 'NONE', *, *, #1060, .T. ) ;
#339 = AXIS2_PLACEMENT_3D ( 'NONE', #273, #1263, #929 ) ;
#340 = ADVANCED_FACE ( 'NONE', ( #353 ), #26, .F. ) ;
#341 = AXIS2_PLACEMENT_3D ( 'NONE', #59, #941, #934 ) ;
#342 = CARTESIAN_POINT ( 'NONE',  ( 0.3300000000000000155, -0.1249999999999996531, 2.875000000000000000 ) ) ;
#343 = CARTESIAN_POINT ( 'NONE',  ( 1.009999999999999787, -0.1499999999999997446, 3.250000000000001332 ) ) ;
#344 = CARTESIAN_POINT ( 'NONE',  ( 1.260000000000000009, -0.1249999999999996531, 2.924212598425196319 ) ) ;
#345 = ORIENTED_EDGE ( 'NONE', *, *, #38, .F. ) ;
#346 = CARTESIAN_POINT ( 'NONE',  ( 0.7599999999999997868, -2.624889471112288319, 0.7499999999999998890 ) ) ;
#347 = AXIS2_PLACEMENT_3D ( 'NONE', #1074, #100, #203 ) ;
#348 = ORIENTED_EDGE ( 'NONE', *, *, #702, .T. ) ;
#349 = CIRCLE ( 'NONE', #235, 0.2500000000000000000 ) ;
#350 = VECTOR ( 'NONE', #122, 39.37007874015748143 ) ;
#351 = DIRECTION ( 'NONE',  ( 0.000000000000000000, 0.000000000000000000, 1.000000000000000000 ) ) ;
#352 = LOCAL_TIME ( 19, 9, 9.000000000000000000, #1307 ) ;
#353 = FACE_OUTER_BOUND ( 'NONE', #671, .T. ) ;
#354 = EDGE_CURVE ( 'NONE', #1319, #859, #885, .T. ) ;
#355 = ORIENTED_EDGE ( 'NONE', *, *, #1209, .F. ) ;
#356 = DIRECTION ( 'NONE',  ( 0.000000000000000000, 0.000000000000000000, 1.000000000000000000 ) ) ;
#357 = EDGE_LOOP ( 'NONE', ( #362, #1088, #494, #768 ) ) ;
#358 = LINE ( 'NONE', #124, #1241 ) ;
#359 = DIRECTION ( 'NONE',  ( 1.000000000000000000, 0.000000000000000000, -3.902639990948950536E-17 ) ) ;
#360 = ORIENTED_EDGE ( 'NONE', *, *, #810, .T. ) ;
#361 = DIRECTION ( 'NONE',  ( 1.000000000000000000, -0.000000000000000000, -0.000000000000000000 ) ) ;
#362 = ORIENTED_EDGE ( 'NONE', *, *, #759, .T. ) ;
#363 = AXIS2_PLACEMENT_3D ( 'NONE', #871, #426, #740 ) ;
#364 = ADVANCED_FACE ( 'NONE', ( #1108 ), #1326, .T. ) ;
#365 = AXIS2_PLACEMENT_3D ( 'NONE', #267, #182, #625 ) ;
#366 = DIRECTION ( 'NONE',  ( -1.000000000000000000, 0.000000000000000000, -2.101421533587921878E-15 ) ) ;
#367 = AXIS2_PLACEMENT_3D ( 'NONE', #1318, #120, #996 ) ;
#368 = PLANE ( 'NONE',  #201 ) ;
#369 = ORIENTED_EDGE ( 'NONE', *, *, #730, .F. ) ;
#370 = DIRECTION ( 'NONE',  ( -1.000000000000000000, -0.000000000000000000, -0.000000000000000000 ) ) ;
#371 = ORIENTED_EDGE ( 'NONE', *, *, #926, .T. ) ;
#372 = DIRECTION ( 'NONE',  ( 0.000000000000000000, 0.000000000000000000, 1.000000000000000000 ) ) ;
#373 = VECTOR ( 'NONE', #649, 39.37007874015748143 ) ;
#374 = CONICAL_SURFACE ( 'NONE', #1221, 0.04921259842519689481, 1.029744258676653201 ) ;
#375 = CARTESIAN_POINT ( 'NONE',  ( 0.2499999999999997502, 0.000000000000000000, 5.000000000000000000 ) ) ;
#376 = VERTEX_POINT ( 'NONE', #344 ) ;
#377 = EDGE_CURVE ( 'NONE', #457, #1296, #1233, .T. ) ;
#378 = FACE_BOUND ( 'NONE', #1347, .T. ) ;
#379 = VERTEX_POINT ( 'NONE', #695 ) ;
#380 = CARTESIAN_POINT ( 'NONE',  ( 1.260000000000000009, -0.1249999999999993894, 0.4242125984251965964 ) ) ;
#381 = DIRECTION ( 'NONE',  ( 0.000000000000000000, 1.000000000000000000, 0.000000000000000000 ) ) ;
#382 = CARTESIAN_POINT ( 'NONE',  ( 0.2499999999999998057, -0.1499999999999997724, 3.250000000000001332 ) ) ;
#383 = VERTEX_POINT ( 'NONE', #1220 ) ;
#384 = CARTESIAN_POINT ( 'NONE',  ( 1.260000000000000009, -0.1249999999999993894, 0.3749999999999999445 ) ) ;
#385 = DIRECTION ( 'NONE',  ( 1.000000000000000000, -0.000000000000000000, -0.000000000000000000 ) ) ;
#386 = CONICAL_SURFACE ( 'NONE', #1393, 0.04921259842519689481, 1.029744258676653201 ) ;
#387 = DIRECTION ( 'NONE',  ( 0.000000000000000000, 0.000000000000000000, 1.000000000000000000 ) ) ;
#388 = EDGE_CURVE ( 'NONE', #504, #1119, #769, .T. ) ;
#389 = ADVANCED_FACE ( 'NONE', ( #1018 ), #675, .F. ) ;
#390 = ORIENTED_EDGE ( 'NONE', *, *, #1343, .F. ) ;
#391 = VERTEX_POINT ( 'NONE', #688 ) ;
#392 = VECTOR ( 'NONE', #1145, 39.37007874015748143 ) ;
#393 = DATE_TIME_ROLE ( 'classification_date' ) ;
#394 = AXIS2_PLACEMENT_3D ( 'NONE', #906, #788, #451 ) ;
#395 = DIRECTION ( 'NONE',  ( -1.000000000000000000, -0.000000000000000000, -0.000000000000000000 ) ) ;
#396 = FACE_BOUND ( 'NONE', #1131, .T. ) ;
#397 = CC_DESIGN_APPROVAL ( #909, ( #510 ) ) ;
#398 = ORIENTED_EDGE ( 'NONE', *, *, #1078, .T. ) ;
#399 = VERTEX_POINT ( 'NONE', #135 ) ;
#400 = APPROVAL_ROLE ( '' ) ;
#401 = LINE ( 'NONE', #1351, #819 ) ;
#402 = EDGE_CURVE ( 'NONE', #544, #335, #177, .T. ) ;
#403 = FACE_OUTER_BOUND ( 'NONE', #574, .T. ) ;
#404 = DIRECTION ( 'NONE',  ( 0.000000000000000000, 0.000000000000000000, 1.000000000000000000 ) ) ;
#405 = ADVANCED_FACE ( 'NONE', ( #1128 ), #386, .F. ) ;
#406 = ORIENTED_EDGE ( 'NONE', *, *, #898, .T. ) ;
#407 =( NAMED_UNIT ( * ) PLANE_ANGLE_UNIT ( ) SI_UNIT ( $, .RADIAN. ) );
#408 = DIRECTION ( 'NONE',  ( 0.000000000000000000, 1.000000000000000000, 0.000000000000000000 ) ) ;
#409 = LINE ( 'NONE', #1282, #778 ) ;
#410 = CIRCLE ( 'NONE', #660, 0.04921259842519641603 ) ;
#411 = DIRECTION ( 'NONE',  ( 0.000000000000000000, 1.000000000000000000, 0.000000000000000000 ) ) ;
#412 = CIRCLE ( 'NONE', #250, 0.2499999999999998057 ) ;
#413 = EDGE_CURVE ( 'NONE', #1423, #560, #445, .T. ) ;
#414 = ORIENTED_EDGE ( 'NONE', *, *, #770, .T. ) ;
#415 =( LENGTH_UNIT ( ) NAMED_UNIT ( * ) SI_UNIT ( $, .METRE. ) );
#416 = CARTESIAN_POINT ( 'NONE',  ( 0.3300000000000000155, -0.1249999999999993894, 0.3749999999999999445 ) ) ;
#417 = FACE_OUTER_BOUND ( 'NONE', #903, .T. ) ;
#418 = CARTESIAN_POINT ( 'NONE',  ( 0.3300000000000000155, -0.1249999999999996531, 2.875000000000000000 ) ) ;
#419 = CIRCLE ( 'NONE', #1218, 0.04921259842519675604 ) ;
#420 = CIRCLE ( 'NONE', #1173, 0.2499999999999999167 ) ;
#421 = ORIENTED_EDGE ( 'NONE', *, *, #797, .F. ) ;
#422 = ORIENTED_EDGE ( 'NONE', *, *, #1125, .F. ) ;
#423 = ADVANCED_FACE ( 'NONE', ( #614 ), #180, .T. ) ;
#424 = DIRECTION ( 'NONE',  ( 0.000000000000000000, 0.000000000000000000, -1.000000000000000000 ) ) ;
#425 = FACE_OUTER_BOUND ( 'NONE', #473, .T. ) ;
#426 = DIRECTION ( 'NONE',  ( 1.000000000000000000, -0.000000000000000000, -0.000000000000000000 ) ) ;
#427 = ORIENTED_EDGE ( 'NONE', *, *, #641, .F. ) ;
#428 = VERTEX_POINT ( 'NONE', #1160 ) ;
#429 = CARTESIAN_POINT ( 'NONE',  ( 1.260000000000000009, -0.1249999999999999306, 5.325787401574802793 ) ) ;
#430 = CARTESIAN_POINT ( 'NONE',  ( 0.4999999999999996114, -2.624889471112288319, 0.5000000000000000000 ) ) ;
#431 = LINE ( 'NONE', #1419, #864 ) ;
#432 = ORIENTED_EDGE ( 'NONE', *, *, #1206, .T. ) ;
#433 = CIRCLE ( 'NONE', #1235, 0.2499999999999998057 ) ;
#434 = EDGE_LOOP ( 'NONE', ( #945, #683, #1052, #97 ) ) ;
#435 = EDGE_CURVE ( 'NONE', #648, #1322, #172, .T. ) ;
#436 = CARTESIAN_POINT ( 'NONE',  ( 0.2499999999999996669, 0.000000000000000000, 3.941666390858440997E-17 ) ) ;
#437 = LINE ( 'NONE', #1302, #850 ) ;
#438 = PLANE ( 'NONE',  #199 ) ;
#439 = ORIENTED_EDGE ( 'NONE', *, *, #1216, .F. ) ;
#440 = VECTOR ( 'NONE', #17, 39.37007874015748143 ) ;
#441 = AXIS2_PLACEMENT_3D ( 'NONE', #554, #128, #144 ) ;
#442 = ORIENTED_EDGE ( 'NONE', *, *, #1356, .F. ) ;
#443 = DIRECTION ( 'NONE',  ( 0.000000000000000000, 0.000000000000000000, 1.000000000000000000 ) ) ;
#444 = DIRECTION ( 'NONE',  ( 1.000000000000000000, -0.000000000000000000, -0.000000000000000000 ) ) ;
#445 = LINE ( 'NONE', #245, #1416 ) ;
#446 = EDGE_CURVE ( 'NONE', #1322, #560, #608, .T. ) ;
#447 = EDGE_LOOP ( 'NONE', ( #1129, #916, #1110, #406, #983, #736, #1398, #170 ) ) ;
#448 = DIRECTION ( 'NONE',  ( 0.000000000000000000, 1.000000000000000000, -5.938799986226659941E-18 ) ) ;
#449 = VERTEX_POINT ( 'NONE', #484 ) ;
#450 = ADVANCED_FACE ( 'NONE', ( #507 ), #272, .F. ) ;
#451 = DIRECTION ( 'NONE',  ( 0.000000000000000000, 0.000000000000000000, 1.000000000000000000 ) ) ;
#452 = DIRECTION ( 'NONE',  ( 1.000000000000000000, -0.000000000000000000, -0.000000000000000000 ) ) ;
#453 = DIRECTION ( 'NONE',  ( 1.000000000000000000, 0.000000000000000000, 0.000000000000000000 ) ) ;
#454 = ORIENTED_EDGE ( 'NONE', *, *, #377, .F. ) ;
#455 = EDGE_CURVE ( 'NONE', #263, #121, #458, .T. ) ;
#456 = CARTESIAN_POINT ( 'NONE',  ( -5.520553484345342928E-17, -0.1249999999999999306, 5.374999999999999112 ) ) ;
#457 = VERTEX_POINT ( 'NONE', #914 ) ;
#458 = CIRCLE ( 'NONE', #341, 0.2499999999999998057 ) ;
#459 = EDGE_CURVE ( 'NONE', #193, #537, #401, .T. ) ;
#460 = CARTESIAN_POINT ( 'NONE',  ( 1.259999999999994236, -2.624889471112288319, 2.750000000000001332 ) ) ;
#461 = CARTESIAN_POINT ( 'NONE',  ( 0.7599999999999997868, -0.1499999999999997724, 0.5000000000000000000 ) ) ;
#462 = DIRECTION ( 'NONE',  ( 0.000000000000000000, 0.000000000000000000, 1.000000000000000000 ) ) ;
#463 = VERTEX_POINT ( 'NONE', #1275 ) ;
#464 = LINE ( 'NONE', #1021, #350 ) ;
#465 = AXIS2_PLACEMENT_3D ( 'NONE', #588, #804, #372 ) ;
#466 = ORIENTED_EDGE ( 'NONE', *, *, #1060, .F. ) ;
#467 = AXIS2_PLACEMENT_3D ( 'NONE', #541, #980, #1210 ) ;
#468 = CIRCLE ( 'NONE', #626, 0.04921259842519634664 ) ;
#469 = DIRECTION ( 'NONE',  ( 0.000000000000000000, 0.000000000000000000, -1.000000000000000000 ) ) ;
#470 = EDGE_CURVE ( 'NONE', #171, #1041, #287, .T. ) ;
#471 = DIRECTION ( 'NONE',  ( 0.000000000000000000, 1.000000000000000000, -5.938799986226659941E-18 ) ) ;
#472 = CC_DESIGN_DATE_AND_TIME_ASSIGNMENT ( #53, #1387, ( #1079 ) ) ;
#473 = EDGE_LOOP ( 'NONE', ( #1213, #1015, #1258, #763 ) ) ;
#474 = EDGE_CURVE ( 'NONE', #851, #592, #1031, .T. ) ;
#475 = LINE ( 'NONE', #771, #601 ) ;
#476 = ORIENTED_EDGE ( 'NONE', *, *, #1270, .T. ) ;
#477 = CARTESIAN_POINT ( 'NONE',  ( 0.000000000000000000, -0.1249999999999999306, 5.374999999999999112 ) ) ;
#478 = DIRECTION ( 'NONE',  ( -3.902639990948950536E-17, 0.000000000000000000, -1.000000000000000000 ) ) ;
#479 = EDGE_LOOP ( 'NONE', ( #1237, #301, #476, #143, #1184, #57, #1415, #1246 ) ) ;
#480 = DIRECTION ( 'NONE',  ( 1.000000000000000000, -0.000000000000000000, -0.000000000000000000 ) ) ;
#481 = VERTEX_POINT ( 'NONE', #375 ) ;
#482 = CARTESIAN_POINT ( 'NONE',  ( 0.9299999999999999378, -0.1249999999999993894, 0.3749999999999999445 ) ) ;
#483 = VECTOR ( 'NONE', #111, 39.37007874015748143 ) ;
#484 = CARTESIAN_POINT ( 'NONE',  ( 0.9299999999999999378, -0.1249999999999999306, 5.325787401574802793 ) ) ;
#485 = ORIENTED_EDGE ( 'NONE', *, *, #926, .F. ) ;
#486 = DIRECTION ( 'NONE',  ( 0.000000000000000000, 0.000000000000000000, 1.000000000000000000 ) ) ;
#487 = ORIENTED_EDGE ( 'NONE', *, *, #69, .T. ) ;
#488 = DIRECTION ( 'NONE',  ( 0.000000000000000000, 0.000000000000000000, -1.000000000000000000 ) ) ;
#489 = VECTOR ( 'NONE', #1217, 39.37007874015748143 ) ;
#490 = AXIS2_PLACEMENT_3D ( 'NONE', #153, #30, #1153 ) ;
#491 = LINE ( 'NONE', #54, #223 ) ;
#492 = CARTESIAN_POINT ( 'NONE',  ( 0.3300000000000000155, -0.1249999999999996531, 2.875000000000000000 ) ) ;
#493 = EDGE_CURVE ( 'NONE', #1065, #937, #278, .T. ) ;
#494 = ORIENTED_EDGE ( 'NONE', *, *, #855, .F. ) ;
#495 = DIRECTION ( 'NONE',  ( -1.000000000000000000, -0.000000000000000000, -0.000000000000000000 ) ) ;
#496 = DIRECTION ( 'NONE',  ( 0.000000000000000000, 1.000000000000000000, 0.000000000000000000 ) ) ;
#497 = EDGE_CURVE ( 'NONE', #800, #679, #491, .T. ) ;
#498 = CARTESIAN_POINT ( 'NONE',  ( 0.9299999999999999378, -0.1249999999999993894, 0.3257874015748031815 ) ) ;
#499 = VERTEX_POINT ( 'NONE', #1139 ) ;
#500 = EDGE_LOOP ( 'NONE', ( #639, #972, #931, #1022 ) ) ;
#501 = CLOSED_SHELL ( 'NONE', ( #389, #450, #879, #131, #997, #805, #340, #960, #1332, #1137, #1105, #405, #570, #1422, #208, #164, #1154, #21, #423, #1380, #364, #154, #1284, #587, #1262, #963, #1298, #1278, #863, #294, #1389, #841, #33, #282, #1058, #108, #787, #1063, #1297, #1208, #985, #915, #258, #96, #676, #936, #709, #1127 ) ) ;
#502 = LINE ( 'NONE', #1043, #752 ) ;
#503 = DIRECTION ( 'NONE',  ( 1.000000000000000000, 0.000000000000000000, 0.000000000000000000 ) ) ;
#504 = VERTEX_POINT ( 'NONE', #821 ) ;
#505 = ORIENTED_EDGE ( 'NONE', *, *, #173, .F. ) ;
#506 = CIRCLE ( 'NONE', #869, 0.04921259842519689481 ) ;
#507 = FACE_OUTER_BOUND ( 'NONE', #890, .T. ) ;
#508 = CARTESIAN_POINT ( 'NONE',  ( 0.7599999999999997868, 0.000000000000000000, 0.7499999999999998890 ) ) ;
#509 = FACE_OUTER_BOUND ( 'NONE', #1205, .T. ) ;
#510 = SECURITY_CLASSIFICATION ( '', '', #167 ) ;
#511 = ORIENTED_EDGE ( 'NONE', *, *, #1030, .F. ) ;
#512 = EDGE_CURVE ( 'NONE', #1093, #977, #271, .T. ) ;
#513 = ORIENTED_EDGE ( 'NONE', *, *, #1216, .T. ) ;
#514 = APPLICATION_PROTOCOL_DEFINITION ( 'international standard', 'config_control_design', 1994, #52 ) ;
#515 = LINE ( 'NONE', #947, #321 ) ;
#516 = EDGE_CURVE ( 'NONE', #1119, #330, #502, .T. ) ;
#517 = LINE ( 'NONE', #591, #1109 ) ;
#518 = PLANE ( 'NONE',  #1300 ) ;
#519 = EDGE_LOOP ( 'NONE', ( #9, #817, #569, #930 ) ) ;
#520 = CALENDAR_DATE ( 2026, 20, 3 ) ;
#521 = CARTESIAN_POINT ( 'NONE',  ( 0.3300000000000000155, -0.1249999999999999306, 5.424212598425196319 ) ) ;
#522 = DIRECTION ( 'NONE',  ( 0.000000000000000000, 1.000000000000000000, 0.000000000000000000 ) ) ;
#523 = DIRECTION ( 'NONE',  ( -0.000000000000000000, 0.000000000000000000, 1.000000000000000000 ) ) ;
#524 = VECTOR ( 'NONE', #1303, 39.37007874015748143 ) ;
#525 = ORIENTED_EDGE ( 'NONE', *, *, #855, .T. ) ;
#526 = LINE ( 'NONE', #1417, #551 ) ;
#527 = VECTOR ( 'NONE', #1089, 39.37007874015748854 ) ;
#528 = DIRECTION ( 'NONE',  ( 1.000000000000000000, -0.000000000000000000, -0.000000000000000000 ) ) ;
#529 = LINE ( 'NONE', #1406, #483 ) ;
#530 = AXIS2_PLACEMENT_3D ( 'NONE', #15, #1348, #1123 ) ;
#531 = VERTEX_POINT ( 'NONE', #923 ) ;
#532 = VERTEX_POINT ( 'NONE', #1360 ) ;
#533 = DIRECTION ( 'NONE',  ( 0.000000000000000000, -1.000000000000000000, 0.000000000000000000 ) ) ;
#534 = CARTESIAN_POINT ( 'NONE',  ( 0.7599999999999992317, -2.624889471112288319, 5.000000000000000000 ) ) ;
#535 = CARTESIAN_POINT ( 'NONE',  ( 0.4999999999999998335, -0.1499999999999997724, 2.999999999999999556 ) ) ;
#536 = EDGE_CURVE ( 'NONE', #1386, #590, #1039, .T. ) ;
#537 = VERTEX_POINT ( 'NONE', #602 ) ;
#538 = EDGE_LOOP ( 'NONE', ( #1116, #1158, #432, #1223, #584, #663, #962, #689 ) ) ;
#539 = APPROVAL_DATE_TIME ( #107, #909 ) ;
#540 = DIRECTION ( 'NONE',  ( -1.000000000000000000, -0.000000000000000000, -0.000000000000000000 ) ) ;
#541 = CARTESIAN_POINT ( 'NONE',  ( 1.260000000000000009, -2.624889471112288319, 0.5000000000000000000 ) ) ;
#542 = CARTESIAN_POINT ( 'NONE',  ( 0.4999999999999997224, -2.624889471112288319, 2.999999999999999556 ) ) ;
#543 = EDGE_LOOP ( 'NONE', ( #652, #355, #661, #305 ) ) ;
#544 = VERTEX_POINT ( 'NONE', #49 ) ;
#545 = CARTESIAN_POINT ( 'NONE',  ( 0.9299999999999999378, -0.1249999999999993894, 0.3749999999999999445 ) ) ;
#546 = EDGE_CURVE ( 'NONE', #457, #90, #806, .T. ) ;
#547 = FACE_OUTER_BOUND ( 'NONE', #711, .T. ) ;
#548 = CARTESIAN_POINT ( 'NONE',  ( 0.9299999999999999378, -0.1249999999999996531, 2.924212598425196763 ) ) ;
#549 = EDGE_CURVE ( 'NONE', #1314, #231, #701, .T. ) ;
#550 = ORIENTED_EDGE ( 'NONE', *, *, #63, .T. ) ;
#551 = VECTOR ( 'NONE', #533, 39.37007874015748143 ) ;
#552 = EDGE_CURVE ( 'NONE', #379, #686, #155, .T. ) ;
#553 = AXIS2_PLACEMENT_3D ( 'NONE', #337, #999, #1336 ) ;
#554 = CARTESIAN_POINT ( 'NONE',  ( 0.9299999999999999378, -0.1249999999999999306, 5.374999999999999112 ) ) ;
#555 = ORIENTED_EDGE ( 'NONE', *, *, #1078, .F. ) ;
#556 = VECTOR ( 'NONE', #1418, 39.37007874015748854 ) ;
#557 = DIRECTION ( 'NONE',  ( 1.000000000000000000, -0.000000000000000000, -0.000000000000000000 ) ) ;
#558 = FACE_OUTER_BOUND ( 'NONE', #200, .T. ) ;
#559 = CARTESIAN_POINT ( 'NONE',  ( 0.9299999999999999378, -0.1249999999999996531, 2.924212598425196763 ) ) ;
#560 = VERTEX_POINT ( 'NONE', #1156 ) ;
#561 = DIRECTION ( 'NONE',  ( 0.000000000000000000, 0.000000000000000000, 1.000000000000000000 ) ) ;
#562 = ORIENTED_EDGE ( 'NONE', *, *, #822, .F. ) ;
#563 = FACE_OUTER_BOUND ( 'NONE', #543, .T. ) ;
#564 = DIRECTION ( 'NONE',  ( 0.000000000000000000, 0.000000000000000000, 1.000000000000000000 ) ) ;
#565 = CARTESIAN_POINT ( 'NONE',  ( 0.9299999999999999378, -0.1249999999999996531, 2.875000000000000000 ) ) ;
#566 = ORIENTED_EDGE ( 'NONE', *, *, #843, .T. ) ;
#567 = CIRCLE ( 'NONE', #1367, 0.04921259842519689481 ) ;
#568 = CARTESIAN_POINT ( 'NONE',  ( 0.4999999999999996114, 0.000000000000000000, 0.5000000000000000000 ) ) ;
#569 = ORIENTED_EDGE ( 'NONE', *, *, #336, .F. ) ;
#570 = ADVANCED_FACE ( 'NONE', ( #1267, #71, #642 ), #316, .F. ) ;
#571 = VECTOR ( 'NONE', #381, 39.37007874015748143 ) ;
#572 = CARTESIAN_POINT ( 'NONE',  ( 0.3300000000000000155, -0.1249999999999996531, 2.825787401574802793 ) ) ;
#573 = DIRECTION ( 'NONE',  ( 1.000000000000000000, 0.000000000000000000, -2.101421533587922667E-15 ) ) ;
#574 = EDGE_LOOP ( 'NONE', ( #51, #1166, #24, #1054 ) ) ;
#575 = VECTOR ( 'NONE', #828, 39.37007874015748854 ) ;
#576 = DIRECTION ( 'NONE',  ( 0.000000000000000000, 1.000000000000000000, 0.000000000000000000 ) ) ;
#577 = AXIS2_PLACEMENT_3D ( 'NONE', #966, #540, #738 ) ;
#578 = ORIENTED_EDGE ( 'NONE', *, *, #63, .F. ) ;
#579 = AXIS2_PLACEMENT_3D ( 'NONE', #346, #576, #1224 ) ;
#580 = AXIS2_PLACEMENT_3D ( 'NONE', #870, #238, #884 ) ;
#581 = DIRECTION ( 'NONE',  ( -1.000000000000000000, -0.000000000000000000, -0.000000000000000000 ) ) ;
#582 = LINE ( 'NONE', #893, #314 ) ;
#583 = EDGE_CURVE ( 'NONE', #90, #977, #987, .T. ) ;
#584 = ORIENTED_EDGE ( 'NONE', *, *, #354, .T. ) ;
#585 = CARTESIAN_POINT ( 'NONE',  ( 0.000000000000000000, -0.1249999999999996531, 2.875000000000000000 ) ) ;
#586 = ORIENTED_EDGE ( 'NONE', *, *, #1195, .T. ) ;
#587 = ADVANCED_FACE ( 'NONE', ( #1196 ), #854, .F. ) ;
#588 = CARTESIAN_POINT ( 'NONE',  ( 0.7599999999999997868, -0.1499999999999997724, 0.7499999999999998890 ) ) ;
#589 = CARTESIAN_POINT ( 'NONE',  ( 0.2499999999999996669, -0.1499999999999997724, 2.471879035163024648E-17 ) ) ;
#590 = VERTEX_POINT ( 'NONE', #1068 ) ;
#591 = CARTESIAN_POINT ( 'NONE',  ( 1.260000000000000009, -0.1499999999999997724, 0.5000000000000000000 ) ) ;
#592 = VERTEX_POINT ( 'NONE', #1388 ) ;
#593 = DIRECTION ( 'NONE',  ( 1.000000000000000000, -0.000000000000000000, -0.000000000000000000 ) ) ;
#594 = AXIS2_PLACEMENT_3D ( 'NONE', #907, #126, #1115 ) ;
#595 = CARTESIAN_POINT ( 'NONE',  ( 0.7599999999999992317, -2.624889471112288319, 5.250000000000000000 ) ) ;
#596 = EDGE_CURVE ( 'NONE', #887, #908, #1083, .T. ) ;
#597 = CARTESIAN_POINT ( 'NONE',  ( 1.260000000000000009, -0.1499999999999999944, -5.938799986226660134E-19 ) ) ;
#598 = EDGE_LOOP ( 'NONE', ( #291, #390, #875, #185 ) ) ;
#599 = CARTESIAN_POINT ( 'NONE',  ( 0.4999999999999996669, 0.000000000000000000, 0.7499999999999998890 ) ) ;
#600 = VECTOR ( 'NONE', #782, 39.37007874015748143 ) ;
#601 = VECTOR ( 'NONE', #8, 39.37007874015748143 ) ;
#602 = CARTESIAN_POINT ( 'NONE',  ( 0.3300000000000000155, -0.1249999999999999306, 5.325787401574802793 ) ) ;
#603 = CIRCLE ( 'NONE', #1152, 0.2499999999999998057 ) ;
#604 = LINE ( 'NONE', #498, #175 ) ;
#605 = ORIENTED_EDGE ( 'NONE', *, *, #134, .F. ) ;
#606 = EDGE_CURVE ( 'NONE', #165, #504, #92, .T. ) ;
#607 = PERSON_AND_ORGANIZATION_ROLE ( 'design_owner' ) ;
#608 = LINE ( 'NONE', #1024, #1165 ) ;
#609 = DIRECTION ( 'NONE',  ( -1.000000000000000000, -0.000000000000000000, -0.000000000000000000 ) ) ;
#610 = ORIENTED_EDGE ( 'NONE', *, *, #402, .T. ) ;
#611 = EDGE_CURVE ( 'NONE', #560, #531, #526, .T. ) ;
#612 =( CONVERSION_BASED_UNIT ( 'INCH', #1287 ) LENGTH_UNIT ( ) NAMED_UNIT ( #1244 ) );
#613 = VECTOR ( 'NONE', #789, 39.37007874015748143 ) ;
#614 = FACE_OUTER_BOUND ( 'NONE', #1046, .T. ) ;
#615 = VECTOR ( 'NONE', #766, 39.37007874015748143 ) ;
#616 = DIRECTION ( 'NONE',  ( 0.000000000000000000, 0.000000000000000000, -1.000000000000000000 ) ) ;
#617 = EDGE_CURVE ( 'NONE', #619, #908, #1194, .T. ) ;
#618 = DIRECTION ( 'NONE',  ( 0.000000000000000000, 0.000000000000000000, 1.000000000000000000 ) ) ;
#619 = VERTEX_POINT ( 'NONE', #429 ) ;
#620 = ORIENTED_EDGE ( 'NONE', *, *, #1125, .T. ) ;
#621 = PERSON_AND_ORGANIZATION_ROLE ( 'creator' ) ;
#622 = CARTESIAN_POINT ( 'NONE',  ( 0.7599999999999997868, -0.1499999999999997724, 3.249999999999999556 ) ) ;
#623 = VECTOR ( 'NONE', #36, 39.37007874015748143 ) ;
#624 = DIRECTION ( 'NONE',  ( 0.000000000000000000, 0.000000000000000000, -1.000000000000000000 ) ) ;
#625 = DIRECTION ( 'NONE',  ( 0.000000000000000000, 0.000000000000000000, 1.000000000000000000 ) ) ;
#626 = AXIS2_PLACEMENT_3D ( 'NONE', #1085, #5, #564 ) ;
#627 = ORIENTED_EDGE ( 'NONE', *, *, #329, .T. ) ;
#628 = EDGE_CURVE ( 'NONE', #463, #1291, #1411, .T. ) ;
#629 = CARTESIAN_POINT ( 'NONE',  ( 1.260000000000000009, -0.1249999999999999306, 5.374999999999999112 ) ) ;
#630 = LINE ( 'NONE', #72, #279 ) ;
#631 = PLANE ( 'NONE',  #932 ) ;
#632 = ORIENTED_EDGE ( 'NONE', *, *, #703, .F. ) ;
#633 = PERSON_AND_ORGANIZATION_ROLE ( 'creator' ) ;
#634 = CARTESIAN_POINT ( 'NONE',  ( 1.260000000000000009, -0.1249999999999999306, 5.424212598425196319 ) ) ;
#635 = VECTOR ( 'NONE', #1051, 39.37007874015748143 ) ;
#636 = CARTESIAN_POINT ( 'NONE',  ( 0.000000000000000000, -0.2500000000000000000, 0.000000000000000000 ) ) ;
#637 = DESIGN_CONTEXT ( 'detailed design', #132, 'design' ) ;
#638 = DIRECTION ( 'NONE',  ( 1.000000000000000000, -0.000000000000000000, -0.000000000000000000 ) ) ;
#639 = ORIENTED_EDGE ( 'NONE', *, *, #1252, .T. ) ;
#640 = VERTEX_POINT ( 'NONE', #302 ) ;
#641 = EDGE_CURVE ( 'NONE', #171, #379, #1011, .T. ) ;
#642 = FACE_OUTER_BOUND ( 'NONE', #434, .T. ) ;
#643 = AXIS2_PLACEMENT_3D ( 'NONE', #927, #47, #166 ) ;
#644 = PLANE ( 'NONE',  #580 ) ;
#645 = CARTESIAN_POINT ( 'NONE',  ( 0.2499999999999998057, 0.000000000000000000, 3.250000000000001332 ) ) ;
#646 = VECTOR ( 'NONE', #275, 39.37007874015748143 ) ;
#647 = ORIENTED_EDGE ( 'NONE', *, *, #37, .F. ) ;
#648 = VERTEX_POINT ( 'NONE', #1301 ) ;
#649 = DIRECTION ( 'NONE',  ( 1.000000000000000000, -0.000000000000000000, -0.000000000000000000 ) ) ;
#650 = CARTESIAN_POINT ( 'NONE',  ( 1.260000000000000009, -0.1249999999999999306, 5.374999999999999112 ) ) ;
#651 = DIRECTION ( 'NONE',  ( 1.000000000000000000, -0.000000000000000000, -0.000000000000000000 ) ) ;
#652 = ORIENTED_EDGE ( 'NONE', *, *, #237, .T. ) ;
#653 = EDGE_CURVE ( 'NONE', #193, #640, #751, .T. ) ;
#654 = ORIENTED_EDGE ( 'NONE', *, *, #516, .T. ) ;
#655 = ADVANCED_BREP_SHAPE_REPRESENTATION ( 'Back Wall_Vf', ( #151, #1381 ), #118 ) ;
#656 = PRODUCT_RELATED_PRODUCT_CATEGORY ( 'detail', '', ( #673 ) ) ;
#657 = FACE_OUTER_BOUND ( 'NONE', #1034, .T. ) ;
#658 = DIRECTION ( 'NONE',  ( 0.000000000000000000, 0.000000000000000000, -1.000000000000000000 ) ) ;
#659 = LINE ( 'NONE', #1295, #1280 ) ;
#660 = AXIS2_PLACEMENT_3D ( 'NONE', #949, #1385, #404 ) ;
#661 = ORIENTED_EDGE ( 'NONE', *, *, #1252, .F. ) ;
#662 = CIRCLE ( 'NONE', #83, 0.04921259842519641603 ) ;
#663 = ORIENTED_EDGE ( 'NONE', *, *, #103, .T. ) ;
#664 = DIRECTION ( 'NONE',  ( 0.000000000000000000, 0.000000000000000000, 1.000000000000000000 ) ) ;
#665 = CARTESIAN_POINT ( 'NONE',  ( 0.2499999999999996947, -0.1499999999999997724, 0.7499999999999998890 ) ) ;
#666 = DIRECTION ( 'NONE',  ( 0.000000000000000000, 0.000000000000000000, 1.000000000000000000 ) ) ;
#667 = CARTESIAN_POINT ( 'NONE',  ( 0.9299999999999999378, -0.1249999999999993894, 0.4242125984251967075 ) ) ;
#668 = CIRCLE ( 'NONE', #643, 0.2499999999999998057 ) ;
#669 = VECTOR ( 'NONE', #1396, 39.37007874015748143 ) ;
#670 = DIRECTION ( 'NONE',  ( -1.000000000000000000, -0.000000000000000000, -0.000000000000000000 ) ) ;
#671 = EDGE_LOOP ( 'NONE', ( #1019, #371, #984, #1304 ) ) ;
#672 = DIRECTION ( 'NONE',  ( 0.000000000000000000, 1.000000000000000000, 0.000000000000000000 ) ) ;
#673 = PRODUCT ( 'Back Wall_Vf', 'Back Wall_Vf', '', ( #940 ) ) ;
#674 = CYLINDRICAL_SURFACE ( 'NONE', #1355, 0.04921259842519689481 ) ;
#675 = CYLINDRICAL_SURFACE ( 'NONE', #594, 0.04921259842519662420 ) ;
#676 = ADVANCED_FACE ( 'NONE', ( #838 ), #777, .F. ) ;
#677 = EDGE_LOOP ( 'NONE', ( #323, #268, #1353, #1408, #1112, #233, #398, #106 ) ) ;
#678 = LINE ( 'NONE', #881, #1424 ) ;
#679 = VERTEX_POINT ( 'NONE', #957 ) ;
#680 = CARTESIAN_POINT ( 'NONE',  ( 0.4999999999999996669, -0.1499999999999997724, 5.000000000000000000 ) ) ;
#681 = CARTESIAN_POINT ( 'NONE',  ( 1.260000000000000009, 0.000000000000000000, 5.750000000000000000 ) ) ;
#682 = DIRECTION ( 'NONE',  ( 0.000000000000000000, 0.000000000000000000, 1.000000000000000000 ) ) ;
#683 = ORIENTED_EDGE ( 'NONE', *, *, #446, .F. ) ;
#684 = VECTOR ( 'NONE', #1203, 39.37007874015748143 ) ;
#685 = CARTESIAN_POINT ( 'NONE',  ( 0.9004300876462814074, -0.1249999999999994726, 0.3749999999999999445 ) ) ;
#686 = VERTEX_POINT ( 'NONE', #1404 ) ;
#687 = LINE ( 'NONE', #891, #489 ) ;
#688 = CARTESIAN_POINT ( 'NONE',  ( -5.520553484345342928E-17, -0.1249999999999999306, 5.325787401574802793 ) ) ;
#689 = ORIENTED_EDGE ( 'NONE', *, *, #388, .T. ) ;
#690 = CARTESIAN_POINT ( 'NONE',  ( 0.2499999999999996669, -0.1499999999999997446, 5.000000000000000000 ) ) ;
#691 = AXIS2_PLACEMENT_3D ( 'NONE', #629, #1293, #424 ) ;
#692 = ORIENTED_EDGE ( 'NONE', *, *, #1117, .F. ) ;
#693 = AXIS2_PLACEMENT_3D ( 'NONE', #93, #444, #110 ) ;
#694 = FACE_OUTER_BOUND ( 'NONE', #598, .T. ) ;
#695 = CARTESIAN_POINT ( 'NONE',  ( 0.3300000000000000155, -0.1249999999999993894, 0.4242125984251967075 ) ) ;
#696 = ORIENTED_EDGE ( 'NONE', *, *, #1273, .F. ) ;
#697 = CARTESIAN_POINT ( 'NONE',  ( 0.9299999999999999378, -0.1249999999999996531, 2.825787401574802793 ) ) ;
#698 = ORIENTED_EDGE ( 'NONE', *, *, #866, .T. ) ;
#699 = EDGE_CURVE ( 'NONE', #121, #1000, #1281, .T. ) ;
#700 = DIRECTION ( 'NONE',  ( -1.000000000000000000, -0.000000000000000000, -0.000000000000000000 ) ) ;
#701 = LINE ( 'NONE', #1373, #575 ) ;
#702 = EDGE_CURVE ( 'NONE', #532, #449, #515, .T. ) ;
#703 = EDGE_CURVE ( 'NONE', #859, #463, #744, .T. ) ;
#704 = FACE_BOUND ( 'NONE', #145, .T. ) ;
#705 = ORIENTED_EDGE ( 'NONE', *, *, #1064, .T. ) ;
#706 = CARTESIAN_POINT ( 'NONE',  ( -5.520553484345342928E-17, -0.1249999999999996531, 2.875000000000000000 ) ) ;
#707 = VECTOR ( 'NONE', #783, 39.37007874015748143 ) ;
#708 = DIRECTION ( 'NONE',  ( -1.000000000000000000, -0.000000000000000000, -0.000000000000000000 ) ) ;
#709 = ADVANCED_FACE ( 'NONE', ( #758 ), #799, .F. ) ;
#710 = DIRECTION ( 'NONE',  ( 0.000000000000000000, 0.000000000000000000, 1.000000000000000000 ) ) ;
#711 = EDGE_LOOP ( 'NONE', ( #525, #605, #138, #87 ) ) ;
#712 = AXIS2_PLACEMENT_3D ( 'NONE', #680, #117, #1323 ) ;
#713 = CYLINDRICAL_SURFACE ( 'NONE', #897, 0.04921259842519689481 ) ;
#714 = CIRCLE ( 'NONE', #1082, 0.2500000000000003331 ) ;
#715 = LOCAL_TIME ( 19, 9, 9.000000000000000000, #1274 ) ;
#716 = COORDINATED_UNIVERSAL_TIME_OFFSET ( 8, 0, .BEHIND. ) ;
#717 = DIRECTION ( 'NONE',  ( -1.000000000000000000, -0.000000000000000000, -0.000000000000000000 ) ) ;
#718 = CARTESIAN_POINT ( 'NONE',  ( 0.000000000000000000, 0.000000000000000000, 0.000000000000000000 ) ) ;
#719 = EDGE_CURVE ( 'NONE', #1296, #428, #234, .T. ) ;
#720 = CC_DESIGN_DATE_AND_TIME_ASSIGNMENT ( #1372, #393, ( #510 ) ) ;
#721 = VERTEX_POINT ( 'NONE', #1181 ) ;
#722 = DIRECTION ( 'NONE',  ( 0.000000000000000000, 0.000000000000000000, -1.000000000000000000 ) ) ;
#723 = LINE ( 'NONE', #636, #669 ) ;
#724 = DIRECTION ( 'NONE',  ( 1.000000000000000000, 0.000000000000000000, -0.000000000000000000 ) ) ;
#725 = ORIENTED_EDGE ( 'NONE', *, *, #1064, .F. ) ;
#726 = APPROVAL_STATUS ( 'not_yet_approved' ) ;
#727 = CARTESIAN_POINT ( 'NONE',  ( 0.000000000000000000, -0.1249999999999993894, 0.3257874015748033480 ) ) ;
#728 = CARTESIAN_POINT ( 'NONE',  ( 0.2499999999999996669, -2.624889471112288319, 0.000000000000000000 ) ) ;
#729 = LINE ( 'NONE', #1170, #1346 ) ;
#730 = EDGE_CURVE ( 'NONE', #648, #1423, #1188, .T. ) ;
#731 = ORIENTED_EDGE ( 'NONE', *, *, #295, .F. ) ;
#732 = AXIS2_PLACEMENT_3D ( 'NONE', #460, #11, #366 ) ;
#733 = DIRECTION ( 'NONE',  ( 0.000000000000000000, 0.000000000000000000, 1.000000000000000000 ) ) ;
#734 = DIRECTION ( 'NONE',  ( 0.000000000000000000, -1.000000000000000000, 0.000000000000000000 ) ) ;
#735 = DIRECTION ( 'NONE',  ( 0.000000000000000000, 1.000000000000000000, 0.000000000000000000 ) ) ;
#736 = ORIENTED_EDGE ( 'NONE', *, *, #1273, .T. ) ;
#737 = EDGE_CURVE ( 'NONE', #1, #800, #183, .T. ) ;
#738 = DIRECTION ( 'NONE',  ( 0.000000000000000000, 0.000000000000000000, 1.000000000000000000 ) ) ;
#739 = DIRECTION ( 'NONE',  ( 0.000000000000000000, 0.000000000000000000, -1.000000000000000000 ) ) ;
#740 = DIRECTION ( 'NONE',  ( 0.000000000000000000, 0.000000000000000000, -1.000000000000000000 ) ) ;
#741 = EDGE_LOOP ( 'NONE', ( #692, #578 ) ) ;
#742 = EDGE_CURVE ( 'NONE', #379, #171, #419, .T. ) ;
#743 = ORIENTED_EDGE ( 'NONE', *, *, #91, .T. ) ;
#744 = LINE ( 'NONE', #1309, #1352 ) ;
#745 = CYLINDRICAL_SURFACE ( 'NONE', #1084, 0.2499999999999998057 ) ;
#746 = UNCERTAINTY_MEASURE_WITH_UNIT (LENGTH_MEASURE( 1.000000000000000082E-05 ), #612, 'distance_accuracy_value', 'NONE');
#747 = LINE ( 'NONE', #94, #228 ) ;
#748 = CIRCLE ( 'NONE', #363, 0.04921259842519689481 ) ;
#749 = ORIENTED_EDGE ( 'NONE', *, *, #474, .T. ) ;
#750 = ORIENTED_EDGE ( 'NONE', *, *, #641, .T. ) ;
#751 = LINE ( 'NONE', #521, #527 ) ;
#752 = VECTOR ( 'NONE', #1255, 39.37007874015748143 ) ;
#753 = LINE ( 'NONE', #1324, #1426 ) ;
#754 = DIRECTION ( 'NONE',  ( 1.000000000000000000, -0.000000000000000000, -0.000000000000000000 ) ) ;
#755 = AXIS2_PLACEMENT_3D ( 'NONE', #599, #1037, #1229 ) ;
#756 = VERTEX_POINT ( 'NONE', #1104 ) ;
#757 = ORIENTED_EDGE ( 'NONE', *, *, #189, .T. ) ;
#758 = FACE_OUTER_BOUND ( 'NONE', #824, .T. ) ;
#759 = EDGE_CURVE ( 'NONE', #786, #1103, #358, .T. ) ;
#760 = FACE_OUTER_BOUND ( 'NONE', #1421, .T. ) ;
#761 = DIRECTION ( 'NONE',  ( 0.000000000000000000, 1.000000000000000000, 0.000000000000000000 ) ) ;
#762 = EDGE_LOOP ( 'NONE', ( #1329, #1006, #414 ) ) ;
#763 = ORIENTED_EDGE ( 'NONE', *, *, #699, .F. ) ;
#764 = FACE_OUTER_BOUND ( 'NONE', #519, .T. ) ;
#765 = PLANE ( 'NONE',  #467 ) ;
#766 = DIRECTION ( 'NONE',  ( -1.000000000000000000, -0.000000000000000000, -0.000000000000000000 ) ) ;
#767 = VECTOR ( 'NONE', #609, 39.37007874015748143 ) ;
#768 = ORIENTED_EDGE ( 'NONE', *, *, #895, .F. ) ;
#769 = CIRCLE ( 'NONE', #1211, 0.2500000000000003331 ) ;
#770 = EDGE_CURVE ( 'NONE', #640, #537, #506, .T. ) ;
#771 = CARTESIAN_POINT ( 'NONE',  ( 1.260000000000006226, -0.1499999999999997724, 2.999999999999998224 ) ) ;
#772 = ORIENTED_EDGE ( 'NONE', *, *, #770, .F. ) ;
#773 = DIRECTION ( 'NONE',  ( 1.000000000000000000, -0.000000000000000000, -0.000000000000000000 ) ) ;
#774 = LINE ( 'NONE', #101, #556 ) ;
#775 = DIRECTION ( 'NONE',  ( -1.000000000000000000, 0.000000000000000000, -7.805279981897899840E-17 ) ) ;
#776 = EDGE_LOOP ( 'NONE', ( #331, #796, #1101, #912 ) ) ;
#777 = CONICAL_SURFACE ( 'NONE', #577, 0.04921259842519689481, 1.029744258676652091 ) ;
#778 = VECTOR ( 'NONE', #1289, 39.37007874015748143 ) ;
#779 = CARTESIAN_POINT ( 'NONE',  ( -5.520553484345342928E-17, -0.1249999999999993894, 0.3257874015748035701 ) ) ;
#780 = ORIENTED_EDGE ( 'NONE', *, *, #719, .F. ) ;
#781 = VECTOR ( 'NONE', #861, 39.37007874015748143 ) ;
#782 = DIRECTION ( 'NONE',  ( -1.000000000000000000, -0.000000000000000000, -0.000000000000000000 ) ) ;
#783 = DIRECTION ( 'NONE',  ( 7.805279981897899840E-17, -5.938799986226659171E-18, -1.000000000000000000 ) ) ;
#784 = ORIENTED_EDGE ( 'NONE', *, *, #546, .T. ) ;
#785 = CYLINDRICAL_SURFACE ( 'NONE', #990, 0.04921259842519634664 ) ;
#786 = VERTEX_POINT ( 'NONE', #4 ) ;
#787 = ADVANCED_FACE ( 'NONE', ( #1096 ), #207, .F. ) ;
#788 = DIRECTION ( 'NONE',  ( -1.000000000000000000, -0.000000000000000000, -0.000000000000000000 ) ) ;
#789 = DIRECTION ( 'NONE',  ( 0.000000000000000000, 1.000000000000000000, 0.000000000000000000 ) ) ;
#790 = ORIENTED_EDGE ( 'NONE', *, *, #255, .T. ) ;
#791 = AXIS2_PLACEMENT_3D ( 'NONE', #1256, #162, #387 ) ;
#792 = CARTESIAN_POINT ( 'NONE',  ( 0.7599999999999992317, 0.000000000000000000, 5.250000000000000000 ) ) ;
#793 = ORIENTED_EDGE ( 'NONE', *, *, #1092, .T. ) ;
#794 = LINE ( 'NONE', #572, #277 ) ;
#795 = LINE ( 'NONE', #20, #613 ) ;
#796 = ORIENTED_EDGE ( 'NONE', *, *, #329, .F. ) ;
#797 = EDGE_CURVE ( 'NONE', #1314, #1065, #794, .T. ) ;
#798 = DIRECTION ( 'NONE',  ( 0.000000000000000000, 0.000000000000000000, 1.000000000000000000 ) ) ;
#799 = CONICAL_SURFACE ( 'NONE', #1286, 0.04921259842519675604, 1.029744258676652091 ) ;
#800 = VERTEX_POINT ( 'NONE', #244 ) ;
#801 = CIRCLE ( 'NONE', #553, 0.04921259842519689481 ) ;
#802 = CC_DESIGN_PERSON_AND_ORGANIZATION_ASSIGNMENT ( #946, #607, ( #673 ) ) ;
#803 = EDGE_CURVE ( 'NONE', #1230, #679, #1264, .T. ) ;
#804 = DIRECTION ( 'NONE',  ( 0.000000000000000000, 1.000000000000000000, -5.938799986226659941E-18 ) ) ;
#805 = ADVANCED_FACE ( 'NONE', ( #657 ), #1106, .F. ) ;
#806 = LINE ( 'NONE', #266, #1193 ) ;
#807 = LINE ( 'NONE', #1146, #635 ) ;
#808 = FACE_BOUND ( 'NONE', #1080, .T. ) ;
#809 = ORIENTED_EDGE ( 'NONE', *, *, #455, .F. ) ;
#810 = EDGE_CURVE ( 'NONE', #1386, #648, #1016, .T. ) ;
#811 = CARTESIAN_POINT ( 'NONE',  ( -5.520553484345342928E-17, -0.1249999999999996531, 2.825787401574803237 ) ) ;
#812 = CARTESIAN_POINT ( 'NONE',  ( 0.7599999999999997868, 0.000000000000000000, 2.500000000000000000 ) ) ;
#813 = CARTESIAN_POINT ( 'NONE',  ( 1.260000000000000009, -0.2500000000000000000, 0.000000000000000000 ) ) ;
#814 = FACE_OUTER_BOUND ( 'NONE', #95, .T. ) ;
#815 = ORIENTED_EDGE ( 'NONE', *, *, #255, .F. ) ;
#816 = CIRCLE ( 'NONE', #156, 0.04921259842519689481 ) ;
#817 = ORIENTED_EDGE ( 'NONE', *, *, #973, .F. ) ;
#818 = FACE_OUTER_BOUND ( 'NONE', #39, .T. ) ;
#819 = VECTOR ( 'NONE', #41, 39.37007874015748854 ) ;
#820 = DIRECTION ( 'NONE',  ( 0.000000000000000000, 0.000000000000000000, 1.000000000000000000 ) ) ;
#821 = CARTESIAN_POINT ( 'NONE',  ( 0.7599999999999978995, -0.1499999999999997724, 2.750000000000000444 ) ) ;
#822 = EDGE_CURVE ( 'NONE', #640, #1012, #876, .T. ) ;
#823 = PLANE ( 'NONE',  #32 ) ;
#824 = EDGE_LOOP ( 'NONE', ( #149, #1271, #112 ) ) ;
#825 = AXIS2_PLACEMENT_3D ( 'NONE', #545, #557, #986 ) ;
#826 = CONICAL_SURFACE ( 'NONE', #939, 0.04921259842519689481, 1.029744258676653201 ) ;
#827 = CARTESIAN_POINT ( 'NONE',  ( 0.000000000000000000, 0.000000000000000000, 0.000000000000000000 ) ) ;
#828 = DIRECTION ( 'NONE',  ( -0.5150380749100561539, 0.000000000000000000, 0.8571673007021108903 ) ) ;
#829 = DIRECTION ( 'NONE',  ( 0.000000000000000000, 1.000000000000000000, 0.000000000000000000 ) ) ;
#830 = ORIENTED_EDGE ( 'NONE', *, *, #549, .F. ) ;
#831 = CARTESIAN_POINT ( 'NONE',  ( 0.000000000000000000, 0.000000000000000000, 0.000000000000000000 ) ) ;
#832 = CARTESIAN_POINT ( 'NONE',  ( 1.260000000000000009, 0.000000000000000000, 0.000000000000000000 ) ) ;
#833 = EDGE_CURVE ( 'NONE', #1000, #851, #845, .T. ) ;
#834 = CARTESIAN_POINT ( 'NONE',  ( 1.009999999999999787, -2.624889471112288319, 3.250000000000001332 ) ) ;
#835 = FACE_OUTER_BOUND ( 'NONE', #16, .T. ) ;
#836 = ORIENTED_EDGE ( 'NONE', *, *, #803, .F. ) ;
#837 = AXIS2_PLACEMENT_3D ( 'NONE', #565, #259, #142 ) ;
#838 = FACE_OUTER_BOUND ( 'NONE', #762, .T. ) ;
#839 = CARTESIAN_POINT ( 'NONE',  ( 1.260000000000000009, -0.1249999999999999306, 5.374999999999999112 ) ) ;
#840 = LINE ( 'NONE', #542, #133 ) ;
#841 = ADVANCED_FACE ( 'NONE', ( #563 ), #1207, .T. ) ;
#842 = EDGE_LOOP ( 'NONE', ( #784, #647, #867, #454 ) ) ;
#843 = EDGE_CURVE ( 'NONE', #1065, #231, #1377, .T. ) ;
#844 = DIRECTION ( 'NONE',  ( -1.000000000000000000, 0.000000000000000000, -0.000000000000000000 ) ) ;
#845 = CIRCLE ( 'NONE', #712, 0.2499999999999998057 ) ;
#846 = DIRECTION ( 'NONE',  ( -1.000000000000000000, -0.000000000000000000, -0.000000000000000000 ) ) ;
#847 = CIRCLE ( 'NONE', #920, 0.04921259842519689481 ) ;
#848 = FACE_OUTER_BOUND ( 'NONE', #880, .T. ) ;
#849 = CYLINDRICAL_SURFACE ( 'NONE', #1186, 0.2500000000000003331 ) ;
#850 = VECTOR ( 'NONE', #1311, 39.37007874015748143 ) ;
#851 = VERTEX_POINT ( 'NONE', #332 ) ;
#852 = EDGE_LOOP ( 'NONE', ( #1151, #944, #1228 ) ) ;
#853 = CALENDAR_DATE ( 2026, 20, 3 ) ;
#854 = CYLINDRICAL_SURFACE ( 'NONE', #964, 0.2499999999999998057 ) ;
#855 = EDGE_CURVE ( 'NONE', #1305, #74, #687, .T. ) ;
#856 = CYLINDRICAL_SURFACE ( 'NONE', #184, 0.04921259842519662420 ) ;
#857 = LINE ( 'NONE', #1076, #684 ) ;
#858 = ORIENTED_EDGE ( 'NONE', *, *, #116, .T. ) ;
#859 = VERTEX_POINT ( 'NONE', #1001 ) ;
#860 = CARTESIAN_POINT ( 'NONE',  ( 0.3300000000000000155, -0.1249999999999993894, 0.3749999999999999445 ) ) ;
#861 = DIRECTION ( 'NONE',  ( 0.000000000000000000, 1.000000000000000000, 0.000000000000000000 ) ) ;
#862 = CARTESIAN_POINT ( 'NONE',  ( 1.260000000000000009, -0.2500000000000000000, 0.000000000000000000 ) ) ;
#863 = ADVANCED_FACE ( 'NONE', ( #764 ), #236, .F. ) ;
#864 = VECTOR ( 'NONE', #959, 39.37007874015748854 ) ;
#865 = EDGE_LOOP ( 'NONE', ( #905, #320, #1371 ) ) ;
#866 = EDGE_CURVE ( 'NONE', #590, #1423, #1009, .T. ) ;
#867 = ORIENTED_EDGE ( 'NONE', *, *, #1243, .F. ) ;
#868 = CARTESIAN_POINT ( 'NONE',  ( 1.260000000000000009, 0.000000000000000000, 0.000000000000000000 ) ) ;
#869 = AXIS2_PLACEMENT_3D ( 'NONE', #1126, #1226, #664 ) ;
#870 = CARTESIAN_POINT ( 'NONE',  ( 1.260000000000000009, -0.1499999999999999944, -5.938799986226660134E-19 ) ) ;
#871 = CARTESIAN_POINT ( 'NONE',  ( 0.9299999999999999378, -0.1249999999999999306, 5.374999999999999112 ) ) ;
#872 = AXIS2_PLACEMENT_3D ( 'NONE', #706, #495, #40 ) ;
#873 = APPROVAL_PERSON_ORGANIZATION ( #307, #909, #1403 ) ;
#874 = ORIENTED_EDGE ( 'NONE', *, *, #1315, .F. ) ;
#875 = ORIENTED_EDGE ( 'NONE', *, *, #474, .F. ) ;
#876 = LINE ( 'NONE', #1338, #600 ) ;
#877 = CARTESIAN_POINT ( 'NONE',  ( 1.260000000000006226, -2.624889471112288319, 2.999999999999998224 ) ) ;
#878 = LINE ( 'NONE', #1334, #615 ) ;
#879 = ADVANCED_FACE ( 'NONE', ( #249 ), #25, .F. ) ;
#880 = EDGE_LOOP ( 'NONE', ( #1279, #511, #1409, #978 ) ) ;
#881 = CARTESIAN_POINT ( 'NONE',  ( 1.260000000000000009, -0.1249999999999996531, 2.825787401574803237 ) ) ;
#882 = ORIENTED_EDGE ( 'NONE', *, *, #264, .F. ) ;
#883 = DIRECTION ( 'NONE',  ( -0.000000000000000000, 1.000000000000000000, -0.000000000000000000 ) ) ;
#884 = DIRECTION ( 'NONE',  ( 0.000000000000000000, 5.938799986226659171E-18, 1.000000000000000000 ) ) ;
#885 = LINE ( 'NONE', #589, #1325 ) ;
#886 = VECTOR ( 'NONE', #1312, 39.37007874015748143 ) ;
#887 = VERTEX_POINT ( 'NONE', #1238 ) ;
#888 = AXIS2_PLACEMENT_3D ( 'NONE', #230, #775, #1345 ) ;
#889 = CARTESIAN_POINT ( 'NONE',  ( 1.009999999999999787, 0.000000000000000000, 0.7499999999999998890 ) ) ;
#890 = EDGE_LOOP ( 'NONE', ( #874, #27, #750 ) ) ;
#891 = CARTESIAN_POINT ( 'NONE',  ( 0.7599999999999997868, -2.624889471112288319, 0.5000000000000000000 ) ) ;
#892 = CARTESIAN_POINT ( 'NONE',  ( 0.4999999999999996669, 0.000000000000000000, 5.000000000000000000 ) ) ;
#893 = CARTESIAN_POINT ( 'NONE',  ( 1.260000000000006226, 0.000000000000000000, 2.999999999999998224 ) ) ;
#894 = VECTOR ( 'NONE', #979, 39.37007874015748143 ) ;
#895 = EDGE_CURVE ( 'NONE', #786, #1305, #918, .T. ) ;
#896 = ORIENTED_EDGE ( 'NONE', *, *, #198, .F. ) ;
#897 = AXIS2_PLACEMENT_3D ( 'NONE', #1247, #1023, #1359 ) ;
#898 = EDGE_CURVE ( 'NONE', #240, #383, #668, .T. ) ;
#899 = DIRECTION ( 'NONE',  ( 0.000000000000000000, 0.000000000000000000, -1.000000000000000000 ) ) ;
#900 = ORIENTED_EDGE ( 'NONE', *, *, #1320, .T. ) ;
#901 = CARTESIAN_POINT ( 'NONE',  ( 1.260000000000000009, 0.000000000000000000, 0.000000000000000000 ) ) ;
#902 = FACE_OUTER_BOUND ( 'NONE', #951, .T. ) ;
#903 = EDGE_LOOP ( 'NONE', ( #1028, #757, #286 ) ) ;
#904 = DIRECTION ( 'NONE',  ( 0.000000000000000000, 0.000000000000000000, -1.000000000000000000 ) ) ;
#905 = ORIENTED_EDGE ( 'NONE', *, *, #1195, .F. ) ;
#906 = CARTESIAN_POINT ( 'NONE',  ( 0.3300000000000000155, -0.1249999999999996531, 2.875000000000000000 ) ) ;
#907 = CARTESIAN_POINT ( 'NONE',  ( 0.000000000000000000, -0.1249999999999993894, 0.3749999999999999445 ) ) ;
#908 = VERTEX_POINT ( 'NONE', #1029 ) ;
#909 = APPROVAL ( #1410, 'UNSPECIFIED' ) ;
#910 = CIRCLE ( 'NONE', #791, 0.04921259842519689481 ) ;
#911 = CYLINDRICAL_SURFACE ( 'NONE', #89, 0.04921259842519634664 ) ;
#912 = ORIENTED_EDGE ( 'NONE', *, *, #446, .T. ) ;
#913 = CYLINDRICAL_SURFACE ( 'NONE', #1401, 0.2499999999999998057 ) ;
#914 = CARTESIAN_POINT ( 'NONE',  ( 1.009999999999999343, -0.1499999999999997724, 5.000000000000000000 ) ) ;
#915 = ADVANCED_FACE ( 'NONE', ( #818 ), #1363, .F. ) ;
#916 = ORIENTED_EDGE ( 'NONE', *, *, #1343, .T. ) ;
#917 = FACE_OUTER_BOUND ( 'NONE', #187, .T. ) ;
#918 = CIRCLE ( 'NONE', #465, 0.2500000000000000555 ) ;
#919 = ORIENTED_EDGE ( 'NONE', *, *, #148, .F. ) ;
#920 = AXIS2_PLACEMENT_3D ( 'NONE', #456, #370, #798 ) ;
#921 = PRODUCT_DEFINITION_FORMATION_WITH_SPECIFIED_SOURCE ( 'ANY', '', #673, .NOT_KNOWN. ) ;
#922 = CARTESIAN_POINT ( 'NONE',  ( 0.4999999999999996669, -2.624889471112288319, 5.000000000000000000 ) ) ;
#923 = CARTESIAN_POINT ( 'NONE',  ( 0.000000000000000000, -0.2499999999999999722, 5.750000000000000000 ) ) ;
#924 = DIRECTION ( 'NONE',  ( -1.000000000000000000, -0.000000000000000000, -0.000000000000000000 ) ) ;
#925 = EDGE_LOOP ( 'NONE', ( #345, #1292, #793 ) ) ;
#926 = EDGE_CURVE ( 'NONE', #1, #1230, #159, .T. ) ;
#927 = CARTESIAN_POINT ( 'NONE',  ( 0.4999999999999997224, 0.000000000000000000, 3.249999999999999556 ) ) ;
#928 = CARTESIAN_POINT ( 'NONE',  ( 0.000000000000000000, -0.1249999999999993894, 0.4242125984251965964 ) ) ;
#929 = DIRECTION ( 'NONE',  ( 0.000000000000000000, 0.000000000000000000, 1.000000000000000000 ) ) ;
#930 = ORIENTED_EDGE ( 'NONE', *, *, #1003, .F. ) ;
#931 = ORIENTED_EDGE ( 'NONE', *, *, #516, .F. ) ;
#932 = AXIS2_PLACEMENT_3D ( 'NONE', #1178, #318, #1070 ) ;
#933 = PERSON_AND_ORGANIZATION ( #68, #163 ) ;
#934 = DIRECTION ( 'NONE',  ( 0.000000000000000000, 0.000000000000000000, 1.000000000000000000 ) ) ;
#935 = LINE ( 'NONE', #1376, #886 ) ;
#936 = ADVANCED_FACE ( 'NONE', ( #1132 ), #713, .F. ) ;
#937 = VERTEX_POINT ( 'NONE', #811 ) ;
#938 = CIRCLE ( 'NONE', #755, 0.2499999999999999167 ) ;
#939 = AXIS2_PLACEMENT_3D ( 'NONE', #119, #452, #658 ) ;
#940 = MECHANICAL_CONTEXT ( 'NONE', #52, 'mechanical' ) ;
#941 = DIRECTION ( 'NONE',  ( 0.000000000000000000, 1.000000000000000000, -5.938799986226659941E-18 ) ) ;
#942 = LINE ( 'NONE', #834, #44 ) ;
#943 = CARTESIAN_POINT ( 'NONE',  ( 0.7599999999999997868, -2.624889471112288319, 2.500000000000000000 ) ) ;
#944 = ORIENTED_EDGE ( 'NONE', *, *, #38, .T. ) ;
#945 = ORIENTED_EDGE ( 'NONE', *, *, #413, .T. ) ;
#946 = PERSON_AND_ORGANIZATION ( #68, #163 ) ;
#947 = CARTESIAN_POINT ( 'NONE',  ( 0.9299999999999999378, -0.1249999999999999306, 5.325787401574802793 ) ) ;
#948 = DIRECTION ( 'NONE',  ( 1.000000000000000000, -0.000000000000000000, -0.000000000000000000 ) ) ;
#949 = CARTESIAN_POINT ( 'NONE',  ( -5.520553484345342928E-17, -0.1249999999999993894, 0.3749999999999999445 ) ) ;
#950 = EDGE_CURVE ( 'NONE', #937, #1124, #1147, .T. ) ;
#951 = EDGE_LOOP ( 'NONE', ( #1250, #216, #632, #1379 ) ) ;
#952 = EDGE_CURVE ( 'NONE', #121, #240, #1259, .T. ) ;
#953 = EDGE_CURVE ( 'NONE', #537, #640, #1308, .T. ) ;
#954 = ORIENTED_EDGE ( 'NONE', *, *, #797, .T. ) ;
#955 = CONICAL_SURFACE ( 'NONE', #339, 0.04921259842519689481, 1.029744258676652091 ) ;
#956 = PERSON_AND_ORGANIZATION ( #68, #163 ) ;
#957 = CARTESIAN_POINT ( 'NONE',  ( 1.260000000000000009, -0.1249999999999993894, 0.3257874015748035701 ) ) ;
#958 = FACE_BOUND ( 'NONE', #1066, .T. ) ;
#959 = DIRECTION ( 'NONE',  ( -0.5150380749100561539, 1.049727191138617093E-16, -0.8571673007021108903 ) ) ;
#960 = ADVANCED_FACE ( 'NONE', ( #1253 ), #1013, .F. ) ;
#961 = ORIENTED_EDGE ( 'NONE', *, *, #313, .F. ) ;
#962 = ORIENTED_EDGE ( 'NONE', *, *, #606, .T. ) ;
#963 = ADVANCED_FACE ( 'NONE', ( #694 ), #913, .F. ) ;
#964 = AXIS2_PLACEMENT_3D ( 'NONE', #190, #408, #1395 ) ;
#965 = AXIS2_PLACEMENT_3D ( 'NONE', #384, #1138, #256 ) ;
#966 = CARTESIAN_POINT ( 'NONE',  ( 0.3300000000000000155, -0.1249999999999999306, 5.374999999999999112 ) ) ;
#967 = AXIS2_PLACEMENT_3D ( 'NONE', #728, #181, #624 ) ;
#968 = LINE ( 'NONE', #1405, #1378 ) ;
#969 = DIRECTION ( 'NONE',  ( 0.000000000000000000, 0.000000000000000000, 1.000000000000000000 ) ) ;
#970 = LOCAL_TIME ( 19, 9, 9.000000000000000000, #1394 ) ;
#971 = EDGE_LOOP ( 'NONE', ( #698, #369, #246, #1163 ) ) ;
#972 = ORIENTED_EDGE ( 'NONE', *, *, #1407, .F. ) ;
#973 = EDGE_CURVE ( 'NONE', #1291, #1071, #938, .T. ) ;
#974 = DIRECTION ( 'NONE',  ( 0.000000000000000000, -0.000000000000000000, -1.000000000000000000 ) ) ;
#975 = DIRECTION ( 'NONE',  ( 0.000000000000000000, 1.000000000000000000, 0.000000000000000000 ) ) ;
#976 = LINE ( 'NONE', #548, #524 ) ;
#977 = VERTEX_POINT ( 'NONE', #792 ) ;
#978 = ORIENTED_EDGE ( 'NONE', *, *, #617, .T. ) ;
#979 = DIRECTION ( 'NONE',  ( 0.000000000000000000, 5.938799986226659171E-18, 1.000000000000000000 ) ) ;
#980 = DIRECTION ( 'NONE',  ( 0.000000000000000000, 0.000000000000000000, 1.000000000000000000 ) ) ;
#981 = AXIS2_PLACEMENT_3D ( 'NONE', #1248, #722, #168 ) ;
#982 = DIRECTION ( 'NONE',  ( 0.000000000000000000, 5.938799986226659171E-18, 1.000000000000000000 ) ) ;
#983 = ORIENTED_EDGE ( 'NONE', *, *, #311, .T. ) ;
#984 = ORIENTED_EDGE ( 'NONE', *, *, #803, .T. ) ;
#985 = ADVANCED_FACE ( 'NONE', ( #23 ), #1055, .F. ) ;
#986 = DIRECTION ( 'NONE',  ( 0.000000000000000000, 0.000000000000000000, -1.000000000000000000 ) ) ;
#987 = CIRCLE ( 'NONE', #347, 0.2499999999999998057 ) ;
#988 = CYLINDRICAL_SURFACE ( 'NONE', #1402, 0.2499999999999998057 ) ;
#989 = CARTESIAN_POINT ( 'NONE',  ( 0.3300000000000000155, -0.1249999999999996531, 2.924212598425196763 ) ) ;
#990 = AXIS2_PLACEMENT_3D ( 'NONE', #585, #253, #137 ) ;
#991 = VERTEX_POINT ( 'NONE', #685 ) ;
#992 = CARTESIAN_POINT ( 'NONE',  ( 1.260000000000000009, -0.1249999999999996531, 2.875000000000000000 ) ) ;
#993 = ORIENTED_EDGE ( 'NONE', *, *, #950, .F. ) ;
#994 = DIRECTION ( 'NONE',  ( 1.000000000000000000, -0.000000000000000000, -0.000000000000000000 ) ) ;
#995 = DIRECTION ( 'NONE',  ( 0.000000000000000000, 0.000000000000000000, -1.000000000000000000 ) ) ;
#996 = DIRECTION ( 'NONE',  ( 0.000000000000000000, 0.000000000000000000, -1.000000000000000000 ) ) ;
#997 = ADVANCED_FACE ( 'NONE', ( #1214 ), #785, .F. ) ;
#998 = ORIENTED_EDGE ( 'NONE', *, *, #213, .T. ) ;
#999 = DIRECTION ( 'NONE',  ( 1.000000000000000000, -0.000000000000000000, -0.000000000000000000 ) ) ;
#1000 = VERTEX_POINT ( 'NONE', #690 ) ;
#1001 = CARTESIAN_POINT ( 'NONE',  ( 0.2499999999999997502, -0.1499999999999997446, 2.499999999999998668 ) ) ;
#1002 = DIRECTION ( 'NONE',  ( 0.000000000000000000, 1.000000000000000000, 0.000000000000000000 ) ) ;
#1003 = EDGE_CURVE ( 'NONE', #1257, #1319, #420, .T. ) ;
#1004 = CARTESIAN_POINT ( 'NONE',  ( 0.2499999999999996669, -2.624889471112288319, 3.941666390858440997E-17 ) ) ;
#1005 = PRODUCT_DEFINITION_SHAPE ( 'NONE', 'NONE',  #1079 ) ;
#1006 = ORIENTED_EDGE ( 'NONE', *, *, #653, .T. ) ;
#1007 = FACE_OUTER_BOUND ( 'NONE', #1337, .T. ) ;
#1008 = ORIENTED_EDGE ( 'NONE', *, *, #311, .F. ) ;
#1009 = LINE ( 'NONE', #1113, #440 ) ;
#1010 = CARTESIAN_POINT ( 'NONE',  ( 1.010000000000000009, 0.000000000000000000, 2.499999999999998668 ) ) ;
#1011 = CIRCLE ( 'NONE', #62, 0.04921259842519675604 ) ;
#1012 = VERTEX_POINT ( 'NONE', #247 ) ;
#1013 = CONICAL_SURFACE ( 'NONE', #257, 0.04921259842519675604, 1.029744258676653201 ) ;
#1014 = CARTESIAN_POINT ( 'NONE',  ( 0.7599999999999992317, -0.1499999999999997724, 5.250000000000000000 ) ) ;
#1015 = ORIENTED_EDGE ( 'NONE', *, *, #1364, .F. ) ;
#1016 = LINE ( 'NONE', #1344, #18 ) ;
#1017 = CC_DESIGN_PERSON_AND_ORGANIZATION_ASSIGNMENT ( #933, #276, ( #510 ) ) ;
#1018 = FACE_OUTER_BOUND ( 'NONE', #1171, .T. ) ;
#1019 = ORIENTED_EDGE ( 'NONE', *, *, #737, .F. ) ;
#1020 = EDGE_CURVE ( 'NONE', #231, #1124, #1130, .T. ) ;
#1021 = CARTESIAN_POINT ( 'NONE',  ( 1.009999999999999787, -0.1499999999999997724, -1.469787355695416349E-17 ) ) ;
#1022 = ORIENTED_EDGE ( 'NONE', *, *, #388, .F. ) ;
#1023 = DIRECTION ( 'NONE',  ( -1.000000000000000000, -0.000000000000000000, -0.000000000000000000 ) ) ;
#1024 = CARTESIAN_POINT ( 'NONE',  ( 1.260000000000000009, 0.000000000000000000, 5.750000000000000000 ) ) ;
#1025 = ORIENTED_EDGE ( 'NONE', *, *, #617, .F. ) ;
#1026 = LINE ( 'NONE', #697, #623 ) ;
#1027 = VECTOR ( 'NONE', #1366, 39.37007874015748143 ) ;
#1028 = ORIENTED_EDGE ( 'NONE', *, *, #702, .F. ) ;
#1029 = CARTESIAN_POINT ( 'NONE',  ( 1.260000000000000009, -0.1249999999999999306, 5.424212598425196319 ) ) ;
#1030 = EDGE_CURVE ( 'NONE', #449, #887, #141, .T. ) ;
#1031 = LINE ( 'NONE', #1168, #571 ) ;
#1032 = DIRECTION ( 'NONE',  ( 0.000000000000000000, 1.000000000000000000, -5.938799986226659171E-18 ) ) ;
#1033 = AXIS2_PLACEMENT_3D ( 'NONE', #622, #1059, #733 ) ;
#1034 = EDGE_LOOP ( 'NONE', ( #830, #954, #566 ) ) ;
#1035 = AXIS2_PLACEMENT_3D ( 'NONE', #2, #1118, #904 ) ;
#1036 = AXIS2_PLACEMENT_3D ( 'NONE', #812, #1254, #270 ) ;
#1037 = DIRECTION ( 'NONE',  ( 0.000000000000000000, -1.000000000000000000, 0.000000000000000000 ) ) ;
#1038 = FACE_OUTER_BOUND ( 'NONE', #776, .T. ) ;
#1039 = LINE ( 'NONE', #813, #319 ) ;
#1040 = LINE ( 'NONE', #61, #767 ) ;
#1041 = VERTEX_POINT ( 'NONE', #779 ) ;
#1042 = CALENDAR_DATE ( 2026, 20, 3 ) ;
#1043 = CARTESIAN_POINT ( 'NONE',  ( 1.010000000000000009, -2.624889471112288319, 2.499999999999998668 ) ) ;
#1044 = EDGE_CURVE ( 'NONE', #1119, #786, #464, .T. ) ;
#1045 = CARTESIAN_POINT ( 'NONE',  ( 0.4999999999999997224, -0.1499999999999997724, 2.500000000000000000 ) ) ;
#1046 = EDGE_LOOP ( 'NONE', ( #749, #919, #1199, #961 ) ) ;
#1047 = ORIENTED_EDGE ( 'NONE', *, *, #1044, .F. ) ;
#1048 = COORDINATED_UNIVERSAL_TIME_OFFSET ( 8, 0, .BEHIND. ) ;
#1049 = CARTESIAN_POINT ( 'NONE',  ( 0.3300000000000000155, -0.1249999999999993894, 0.3749999999999999445 ) ) ;
#1050 = CARTESIAN_POINT ( 'NONE',  ( 0.7599999999999977884, 0.000000000000000000, 2.999999999999999112 ) ) ;
#1051 = DIRECTION ( 'NONE',  ( -7.805279981897899840E-17, 0.000000000000000000, 1.000000000000000000 ) ) ;
#1052 = ORIENTED_EDGE ( 'NONE', *, *, #435, .F. ) ;
#1053 = AXIS2_PLACEMENT_3D ( 'NONE', #1425, #994, #139 ) ;
#1054 = ORIENTED_EDGE ( 'NONE', *, *, #1117, .T. ) ;
#1055 = CONICAL_SURFACE ( 'NONE', #1035, 0.04921259842519675604, 1.029744258676653201 ) ;
#1056 = LOCAL_TIME ( 19, 9, 9.000000000000000000, #1048 ) ;
#1057 = APPROVAL_DATE_TIME ( #58, #10 ) ;
#1058 = ADVANCED_FACE ( 'NONE', ( #1321 ), #1328, .F. ) ;
#1059 = DIRECTION ( 'NONE',  ( 0.000000000000000000, 1.000000000000000000, -5.938799986226659941E-18 ) ) ;
#1060 = EDGE_CURVE ( 'NONE', #544, #75, #678, .T. ) ;
#1061 = DIRECTION ( 'NONE',  ( 1.000000000000000000, -0.000000000000000000, -0.000000000000000000 ) ) ;
#1062 = CARTESIAN_POINT ( 'NONE',  ( 1.260000000000000009, -0.1249999999999996531, 2.875000000000000000 ) ) ;
#1063 = ADVANCED_FACE ( 'NONE', ( #1007 ), #911, .F. ) ;
#1064 = EDGE_CURVE ( 'NONE', #908, #619, #801, .T. ) ;
#1065 = VERTEX_POINT ( 'NONE', #1102 ) ;
#1066 = EDGE_LOOP ( 'NONE', ( #123, #836 ) ) ;
#1067 = CALENDAR_DATE ( 2026, 20, 3 ) ;
#1068 = CARTESIAN_POINT ( 'NONE',  ( 0.000000000000000000, -0.2500000000000000000, 0.000000000000000000 ) ) ;
#1069 = CARTESIAN_POINT ( 'NONE',  ( 1.260000000000000009, 0.000000000000000000, 0.000000000000000000 ) ) ;
#1070 = DIRECTION ( 'NONE',  ( 0.000000000000000000, 0.000000000000000000, 1.000000000000000000 ) ) ;
#1071 = VERTEX_POINT ( 'NONE', #568 ) ;
#1072 = PERSON_AND_ORGANIZATION ( #68, #163 ) ;
#1073 = AXIS2_PLACEMENT_3D ( 'NONE', #1049, #708, #31 ) ;
#1074 = CARTESIAN_POINT ( 'NONE',  ( 0.7599999999999992317, 0.000000000000000000, 5.000000000000000000 ) ) ;
#1075 = DIRECTION ( 'NONE',  ( -0.000000000000000000, 0.000000000000000000, -1.000000000000000000 ) ) ;
#1076 = CARTESIAN_POINT ( 'NONE',  ( 0.9299999999999999378, -0.1249999999999999306, 5.424212598425196319 ) ) ;
#1077 = ORIENTED_EDGE ( 'NONE', *, *, #866, .F. ) ;
#1078 = EDGE_CURVE ( 'NONE', #428, #263, #475, .T. ) ;
#1079 = PRODUCT_DEFINITION ( 'UNKNOWN', '', #921, #637 ) ;
#1080 = EDGE_LOOP ( 'NONE', ( #206, #1234 ) ) ;
#1081 = AXIS2_PLACEMENT_3D ( 'NONE', #477, #700, #265 ) ;
#1082 = AXIS2_PLACEMENT_3D ( 'NONE', #1135, #150, #1189 ) ;
#1083 = LINE ( 'NONE', #634, #373 ) ;
#1084 = AXIS2_PLACEMENT_3D ( 'NONE', #1202, #975, #317 ) ;
#1085 = CARTESIAN_POINT ( 'NONE',  ( -5.520553484345342928E-17, -0.1249999999999996531, 2.875000000000000000 ) ) ;
#1086 = DIRECTION ( 'NONE',  ( -1.000000000000000000, -0.000000000000000000, -0.000000000000000000 ) ) ;
#1087 = ORIENTED_EDGE ( 'NONE', *, *, #843, .F. ) ;
#1088 = ORIENTED_EDGE ( 'NONE', *, *, #1239, .F. ) ;
#1089 = DIRECTION ( 'NONE',  ( -0.5150380749100561539, 0.000000000000000000, 0.8571673007021108903 ) ) ;
#1090 = DIRECTION ( 'NONE',  ( 0.000000000000000000, -1.000000000000000000, 0.000000000000000000 ) ) ;
#1091 = DIRECTION ( 'NONE',  ( 0.000000000000000000, 0.000000000000000000, -1.000000000000000000 ) ) ;
#1092 = EDGE_CURVE ( 'NONE', #800, #1, #1354, .T. ) ;
#1093 = VERTEX_POINT ( 'NONE', #1014 ) ;
#1094 = EDGE_CURVE ( 'NONE', #1012, #391, #847, .T. ) ;
#1095 = EDGE_LOOP ( 'NONE', ( #654, #312, #1134, #1047 ) ) ;
#1096 = FACE_OUTER_BOUND ( 'NONE', #1215, .T. ) ;
#1097 = AXIS2_PLACEMENT_3D ( 'NONE', #1045, #1140, #710 ) ;
#1098 = FACE_OUTER_BOUND ( 'NONE', #281, .T. ) ;
#1099 = CONICAL_SURFACE ( 'NONE', #226, 0.04921259842519689481, 1.029744258676652091 ) ;
#1100 = FACE_OUTER_BOUND ( 'NONE', #1095, .T. ) ;
#1101 = ORIENTED_EDGE ( 'NONE', *, *, #213, .F. ) ;
#1102 = CARTESIAN_POINT ( 'NONE',  ( 0.3300000000000000155, -0.1249999999999996531, 2.825787401574802793 ) ) ;
#1103 = VERTEX_POINT ( 'NONE', #889 ) ;
#1104 = CARTESIAN_POINT ( 'NONE',  ( 0.5000000000000012212, 0.000000000000000000, 2.750000000000000000 ) ) ;
#1105 = ADVANCED_FACE ( 'NONE', ( #1245 ), #1341, .F. ) ;
#1106 = CONICAL_SURFACE ( 'NONE', #394, 0.04921259842519689481, 1.029744258676652091 ) ;
#1107 = DIRECTION ( 'NONE',  ( 0.000000000000000000, 0.000000000000000000, -1.000000000000000000 ) ) ;
#1108 = FACE_OUTER_BOUND ( 'NONE', #842, .T. ) ;
#1109 = VECTOR ( 'NONE', #1182, 39.37007874015748143 ) ;
#1110 = ORIENTED_EDGE ( 'NONE', *, *, #1364, .T. ) ;
#1111 = DIRECTION ( 'NONE',  ( 0.000000000000000000, 0.000000000000000000, -1.000000000000000000 ) ) ;
#1112 = ORIENTED_EDGE ( 'NONE', *, *, #377, .T. ) ;
#1113 = CARTESIAN_POINT ( 'NONE',  ( 0.000000000000000000, 0.000000000000000000, 0.000000000000000000 ) ) ;
#1114 = FACE_OUTER_BOUND ( 'NONE', #1225, .T. ) ;
#1115 = DIRECTION ( 'NONE',  ( 0.000000000000000000, 0.000000000000000000, 1.000000000000000000 ) ) ;
#1116 = ORIENTED_EDGE ( 'NONE', *, *, #1044, .T. ) ;
#1117 = EDGE_CURVE ( 'NONE', #686, #1041, #19, .T. ) ;
#1118 = DIRECTION ( 'NONE',  ( 1.000000000000000000, -0.000000000000000000, -0.000000000000000000 ) ) ;
#1119 = VERTEX_POINT ( 'NONE', #1390 ) ;
#1120 = CARTESIAN_POINT ( 'NONE',  ( 0.3300000000000000155, -0.1249999999999993894, 0.3749999999999999445 ) ) ;
#1121 = DIRECTION ( 'NONE',  ( 0.000000000000000000, 0.000000000000000000, -1.000000000000000000 ) ) ;
#1122 = ORIENTED_EDGE ( 'NONE', *, *, #596, .T. ) ;
#1123 = DIRECTION ( 'NONE',  ( 0.000000000000000000, 0.000000000000000000, -1.000000000000000000 ) ) ;
#1124 = VERTEX_POINT ( 'NONE', #196 ) ;
#1125 = EDGE_CURVE ( 'NONE', #428, #1179, #409, .T. ) ;
#1126 = CARTESIAN_POINT ( 'NONE',  ( 0.3300000000000000155, -0.1249999999999999306, 5.374999999999999112 ) ) ;
#1127 = ADVANCED_FACE ( 'NONE', ( #403 ), #856, .F. ) ;
#1128 = FACE_OUTER_BOUND ( 'NONE', #865, .T. ) ;
#1129 = ORIENTED_EDGE ( 'NONE', *, *, #148, .T. ) ;
#1130 = LINE ( 'NONE', #1236, #322 ) ;
#1131 = EDGE_LOOP ( 'NONE', ( #179, #3 ) ) ;
#1132 = FACE_OUTER_BOUND ( 'NONE', #210, .T. ) ;
#1133 = LINE ( 'NONE', #147, #34 ) ;
#1134 = ORIENTED_EDGE ( 'NONE', *, *, #759, .F. ) ;
#1135 = CARTESIAN_POINT ( 'NONE',  ( 0.7599999999999997868, 0.000000000000000000, 3.249999999999999556 ) ) ;
#1136 = ORIENTED_EDGE ( 'NONE', *, *, #953, .F. ) ;
#1137 = ADVANCED_FACE ( 'NONE', ( #417 ), #374, .F. ) ;
#1138 = DIRECTION ( 'NONE',  ( 1.000000000000000000, -0.000000000000000000, -0.000000000000000000 ) ) ;
#1139 = CARTESIAN_POINT ( 'NONE',  ( 0.9004300876462814074, -0.1249999999999997363, 2.875000000000000000 ) ) ;
#1140 = DIRECTION ( 'NONE',  ( 0.000000000000000000, 1.000000000000000000, -5.938799986226659941E-18 ) ) ;
#1141 = VECTOR ( 'NONE', #503, 39.37007874015748143 ) ;
#1142 = VECTOR ( 'NONE', #1283, 39.37007874015748143 ) ;
#1143 = ORIENTED_EDGE ( 'NONE', *, *, #583, .F. ) ;
#1144 = DIRECTION ( 'NONE',  ( 0.000000000000000000, 0.000000000000000000, 1.000000000000000000 ) ) ;
#1145 = DIRECTION ( 'NONE',  ( 0.000000000000000000, 1.000000000000000000, 0.000000000000000000 ) ) ;
#1146 = CARTESIAN_POINT ( 'NONE',  ( 1.010000000000000009, 0.000000000000000000, -1.951319995474474652E-17 ) ) ;
#1147 = CIRCLE ( 'NONE', #872, 0.04921259842519634664 ) ;
#1148 = AXIS2_PLACEMENT_3D ( 'NONE', #262, #113, #356 ) ;
#1149 = ORIENTED_EDGE ( 'NONE', *, *, #512, .T. ) ;
#1150 = AXIS2_PLACEMENT_3D ( 'NONE', #1069, #1268, #1075 ) ;
#1151 = ORIENTED_EDGE ( 'NONE', *, *, #80, .F. ) ;
#1152 = AXIS2_PLACEMENT_3D ( 'NONE', #892, #1090, #1107 ) ;
#1153 = DIRECTION ( 'NONE',  ( 0.000000000000000000, 0.000000000000000000, 1.000000000000000000 ) ) ;
#1154 = ADVANCED_FACE ( 'NONE', ( #958, #378, #808, #917 ), #85, .T. ) ;
#1155 = APPROVAL_ROLE ( '' ) ;
#1156 = CARTESIAN_POINT ( 'NONE',  ( 0.000000000000000000, 0.000000000000000000, 5.750000000000000000 ) ) ;
#1157 = FACE_OUTER_BOUND ( 'NONE', #500, .T. ) ;
#1158 = ORIENTED_EDGE ( 'NONE', *, *, #895, .T. ) ;
#1159 = APPLICATION_PROTOCOL_DEFINITION ( 'international standard', 'config_control_design', 1994, #132 ) ;
#1160 = CARTESIAN_POINT ( 'NONE',  ( 0.7599999999999977884, -0.1499999999999997724, 2.999999999999999112 ) ) ;
#1161 = CARTESIAN_POINT ( 'NONE',  ( 1.260000000000000009, -0.1249999999999993894, 0.4242125984251963744 ) ) ;
#1162 = FACE_BOUND ( 'NONE', #741, .T. ) ;
#1163 = ORIENTED_EDGE ( 'NONE', *, *, #536, .T. ) ;
#1164 = CIRCLE ( 'NONE', #289, 0.04921259842519634664 ) ;
#1165 = VECTOR ( 'NONE', #1383, 39.37007874015748143 ) ;
#1166 = ORIENTED_EDGE ( 'NONE', *, *, #742, .F. ) ;
#1167 = CC_DESIGN_PERSON_AND_ORGANIZATION_ASSIGNMENT ( #1180, #621, ( #1079 ) ) ;
#1168 = CARTESIAN_POINT ( 'NONE',  ( 0.4999999999999996114, -2.624889471112288319, 5.250000000000000000 ) ) ;
#1169 = CARTESIAN_POINT ( 'NONE',  ( 1.259999999999994236, 0.000000000000000000, 2.750000000000001332 ) ) ;
#1170 = CARTESIAN_POINT ( 'NONE',  ( 0.9299999999999999378, -0.1249999999999993894, 0.4242125984251967075 ) ) ;
#1171 = EDGE_LOOP ( 'NONE', ( #427, #315, #550, #274 ) ) ;
#1172 = VECTOR ( 'NONE', #296, 39.37007874015748143 ) ;
#1173 = AXIS2_PLACEMENT_3D ( 'NONE', #28, #448, #561 ) ;
#1174 = CIRCLE ( 'NONE', #1036, 0.2500000000000003331 ) ;
#1175 = APPROVAL_DATE_TIME ( #1382, #55 ) ;
#1176 = DIRECTION ( 'NONE',  ( 0.000000000000000000, 0.000000000000000000, 1.000000000000000000 ) ) ;
#1177 = CARTESIAN_POINT ( 'NONE',  ( 1.009999999999999787, 0.000000000000000000, 0.000000000000000000 ) ) ;
#1178 = CARTESIAN_POINT ( 'NONE',  ( 1.009999999999999787, -2.624889471112288319, 0.000000000000000000 ) ) ;
#1179 = VERTEX_POINT ( 'NONE', #1050 ) ;
#1180 = PERSON_AND_ORGANIZATION ( #68, #163 ) ;
#1181 = CARTESIAN_POINT ( 'NONE',  ( 0.3595699123537186015, -0.1249999999999994726, 0.3749999999999999445 ) ) ;
#1182 = DIRECTION ( 'NONE',  ( -1.000000000000000000, 0.000000000000000000, 0.000000000000000000 ) ) ;
#1183 = CARTESIAN_POINT ( 'NONE',  ( 0.4999999999999997224, -0.1499999999999997724, 2.750000000000000000 ) ) ;
#1184 = ORIENTED_EDGE ( 'NONE', *, *, #1209, .T. ) ;
#1185 = ORIENTED_EDGE ( 'NONE', *, *, #103, .F. ) ;
#1186 = AXIS2_PLACEMENT_3D ( 'NONE', #1290, #411, #969 ) ;
#1187 = VECTOR ( 'NONE', #160, 39.37007874015748143 ) ;
#1188 = LINE ( 'NONE', #901, #299 ) ;
#1189 = DIRECTION ( 'NONE',  ( 0.000000000000000000, 0.000000000000000000, -1.000000000000000000 ) ) ;
#1190 = DIRECTION ( 'NONE',  ( 0.000000000000000000, 1.000000000000000000, -5.938799986226659171E-18 ) ) ;
#1191 = ORIENTED_EDGE ( 'NONE', *, *, #703, .T. ) ;
#1192 = ORIENTED_EDGE ( 'NONE', *, *, #549, .T. ) ;
#1193 = VECTOR ( 'NONE', #496, 39.37007874015748143 ) ;
#1194 = CIRCLE ( 'NONE', #691, 0.04921259842519689481 ) ;
#1195 = EDGE_CURVE ( 'NONE', #499, #544, #1026, .T. ) ;
#1196 = FACE_OUTER_BOUND ( 'NONE', #306, .T. ) ;
#1197 = DIRECTION ( 'NONE',  ( 2.101421533587922667E-15, -0.000000000000000000, 1.000000000000000000 ) ) ;
#1198 = CARTESIAN_POINT ( 'NONE',  ( 1.260000000000000009, -0.1249999999999993894, 0.3749999999999999445 ) ) ;
#1199 = ORIENTED_EDGE ( 'NONE', *, *, #512, .F. ) ;
#1200 = ORIENTED_EDGE ( 'NONE', *, *, #950, .T. ) ;
#1201 = CARTESIAN_POINT ( 'NONE',  ( 0.2499999999999996669, -0.1499999999999997724, -1.469787355695416349E-17 ) ) ;
#1202 = CARTESIAN_POINT ( 'NONE',  ( 0.4999999999999997224, -2.624889471112288319, 2.500000000000000000 ) ) ;
#1203 = DIRECTION ( 'NONE',  ( 0.5150380749100552658, 1.049727191138617956E-16, 0.8571673007021116675 ) ) ;
#1204 = ORIENTED_EDGE ( 'NONE', *, *, #237, .F. ) ;
#1205 = EDGE_LOOP ( 'NONE', ( #1342, #1077, #439, #114 ) ) ;
#1206 = EDGE_CURVE ( 'NONE', #1305, #1257, #517, .T. ) ;
#1207 = PLANE ( 'NONE',  #732 ) ;
#1208 = ADVANCED_FACE ( 'NONE', ( #848 ), #1357, .F. ) ;
#1209 = EDGE_CURVE ( 'NONE', #399, #756, #284, .T. ) ;
#1210 = DIRECTION ( 'NONE',  ( 1.000000000000000000, 0.000000000000000000, -0.000000000000000000 ) ) ;
#1211 = AXIS2_PLACEMENT_3D ( 'NONE', #1240, #239, #666 ) ;
#1212 = CARTESIAN_POINT ( 'NONE',  ( 0.7599999999999992317, -0.1499999999999997724, 5.000000000000000000 ) ) ;
#1213 = ORIENTED_EDGE ( 'NONE', *, *, #952, .T. ) ;
#1214 = FACE_OUTER_BOUND ( 'NONE', #22, .T. ) ;
#1215 = EDGE_LOOP ( 'NONE', ( #882, #586, #610 ) ) ;
#1216 = EDGE_CURVE ( 'NONE', #531, #590, #723, .T. ) ;
#1217 = DIRECTION ( 'NONE',  ( 0.000000000000000000, 1.000000000000000000, 0.000000000000000000 ) ) ;
#1218 = AXIS2_PLACEMENT_3D ( 'NONE', #1120, #130, #443 ) ;
#1219 = DIRECTION ( 'NONE',  ( 1.000000000000000000, 0.000000000000000000, -2.101421533587922667E-15 ) ) ;
#1220 = CARTESIAN_POINT ( 'NONE',  ( 0.4999999999999997224, 0.000000000000000000, 2.999999999999999556 ) ) ;
#1221 = AXIS2_PLACEMENT_3D ( 'NONE', #303, #528, #616 ) ;
#1222 = APPROVAL_PERSON_ORGANIZATION ( #956, #10, #400 ) ;
#1223 = ORIENTED_EDGE ( 'NONE', *, *, #1003, .T. ) ;
#1224 = DIRECTION ( 'NONE',  ( 0.000000000000000000, 0.000000000000000000, 1.000000000000000000 ) ) ;
#1225 = EDGE_LOOP ( 'NONE', ( #1149, #1143, #35, #731 ) ) ;
#1226 = DIRECTION ( 'NONE',  ( -1.000000000000000000, -0.000000000000000000, -0.000000000000000000 ) ) ;
#1227 = DIRECTION ( 'NONE',  ( 0.000000000000000000, 0.000000000000000000, -1.000000000000000000 ) ) ;
#1228 = ORIENTED_EDGE ( 'NONE', *, *, #737, .T. ) ;
#1229 = DIRECTION ( 'NONE',  ( 0.000000000000000000, 0.000000000000000000, -1.000000000000000000 ) ) ;
#1230 = VERTEX_POINT ( 'NONE', #1161 ) ;
#1231 = CC_DESIGN_PERSON_AND_ORGANIZATION_ASSIGNMENT ( #1072, #1365, ( #921 ) ) ;
#1232 = DIRECTION ( 'NONE',  ( -0.5150380749100561539, 1.049727191138617093E-16, -0.8571673007021108903 ) ) ;
#1233 = LINE ( 'NONE', #251, #707 ) ;
#1234 = ORIENTED_EDGE ( 'NONE', *, *, #1374, .F. ) ;
#1235 = AXIS2_PLACEMENT_3D ( 'NONE', #1339, #334, #1121 ) ;
#1236 = CARTESIAN_POINT ( 'NONE',  ( 0.000000000000000000, -0.1249999999999996531, 2.924212598425196319 ) ) ;
#1237 = ORIENTED_EDGE ( 'NONE', *, *, #134, .T. ) ;
#1238 = CARTESIAN_POINT ( 'NONE',  ( 0.9299999999999999378, -0.1249999999999999306, 5.424212598425196319 ) ) ;
#1239 = EDGE_CURVE ( 'NONE', #74, #1103, #349, .T. ) ;
#1240 = CARTESIAN_POINT ( 'NONE',  ( 0.7599999999999997868, -0.1499999999999997724, 2.500000000000000000 ) ) ;
#1241 = VECTOR ( 'NONE', #227, 39.37007874015748143 ) ;
#1242 = ORIENTED_EDGE ( 'NONE', *, *, #325, .F. ) ;
#1243 = EDGE_CURVE ( 'NONE', #1296, #1327, #942, .T. ) ;
#1244 = DIMENSIONAL_EXPONENTS ( 1.000000000000000000, 0.000000000000000000, 0.000000000000000000, 0.000000000000000000, 0.000000000000000000, 0.000000000000000000, 0.000000000000000000 ) ;
#1245 = FACE_OUTER_BOUND ( 'NONE', #252, .T. ) ;
#1246 = ORIENTED_EDGE ( 'NONE', *, *, #973, .T. ) ;
#1247 = CARTESIAN_POINT ( 'NONE',  ( 0.000000000000000000, -0.1249999999999999306, 5.374999999999999112 ) ) ;
#1248 = CARTESIAN_POINT ( 'NONE',  ( 1.260000000000000009, -2.624889471112288319, 5.250000000000000000 ) ) ;
#1249 = DIRECTION ( 'NONE',  ( -0.000000000000000000, 0.000000000000000000, -1.000000000000000000 ) ) ;
#1250 = ORIENTED_EDGE ( 'NONE', *, *, #336, .T. ) ;
#1251 = EDGE_CURVE ( 'NONE', #449, #619, #968, .T. ) ;
#1252 = EDGE_CURVE ( 'NONE', #504, #399, #630, .T. ) ;
#1253 = FACE_OUTER_BOUND ( 'NONE', #852, .T. ) ;
#1254 = DIRECTION ( 'NONE',  ( 0.000000000000000000, -1.000000000000000000, 0.000000000000000000 ) ) ;
#1255 = DIRECTION ( 'NONE',  ( 0.000000000000000000, 1.000000000000000000, 0.000000000000000000 ) ) ;
#1256 = CARTESIAN_POINT ( 'NONE',  ( -5.520553484345342928E-17, -0.1249999999999999306, 5.374999999999999112 ) ) ;
#1257 = VERTEX_POINT ( 'NONE', #78 ) ;
#1258 = ORIENTED_EDGE ( 'NONE', *, *, #222, .F. ) ;
#1259 = LINE ( 'NONE', #1350, #646 ) ;
#1260 = CALENDAR_DATE ( 2026, 20, 3 ) ;
#1261 = DIRECTION ( 'NONE',  ( -1.000000000000000000, -0.000000000000000000, -0.000000000000000000 ) ) ;
#1262 = ADVANCED_FACE ( 'NONE', ( #425 ), #1294, .T. ) ;
#1263 = DIRECTION ( 'NONE',  ( -1.000000000000000000, -0.000000000000000000, -0.000000000000000000 ) ) ;
#1264 = CIRCLE ( 'NONE', #1053, 0.04921259842519641603 ) ;
#1265 = ORIENTED_EDGE ( 'NONE', *, *, #1030, .T. ) ;
#1266 = DIRECTION ( 'NONE',  ( 1.000000000000000000, 0.000000000000000000, 0.000000000000000000 ) ) ;
#1267 = FACE_BOUND ( 'NONE', #479, .T. ) ;
#1268 = DIRECTION ( 'NONE',  ( 1.000000000000000000, 0.000000000000000000, -0.000000000000000000 ) ) ;
#1269 = CARTESIAN_POINT ( 'NONE',  ( 1.260000000000000009, -0.2499999999999999722, 5.750000000000000000 ) ) ;
#1270 = EDGE_CURVE ( 'NONE', #1103, #330, #297, .T. ) ;
#1271 = ORIENTED_EDGE ( 'NONE', *, *, #1315, .T. ) ;
#1272 = EDGE_LOOP ( 'NONE', ( #224, #696, #422, #780 ) ) ;
#1273 = EDGE_CURVE ( 'NONE', #1179, #1327, #714, .T. ) ;
#1274 = COORDINATED_UNIVERSAL_TIME_OFFSET ( 8, 0, .BEHIND. ) ;
#1275 = CARTESIAN_POINT ( 'NONE',  ( 0.2499999999999997502, 0.000000000000000000, 2.499999999999998668 ) ) ;
#1276 = DIRECTION ( 'NONE',  ( 0.000000000000000000, 1.000000000000000000, 0.000000000000000000 ) ) ;
#1277 = CYLINDRICAL_SURFACE ( 'NONE', #225, 0.2500000000000003331 ) ;
#1278 = ADVANCED_FACE ( 'NONE', ( #547 ), #765, .T. ) ;
#1279 = ORIENTED_EDGE ( 'NONE', *, *, #596, .F. ) ;
#1280 = VECTOR ( 'NONE', #735, 39.37007874015748143 ) ;
#1281 = LINE ( 'NONE', #1201, #894 ) ;
#1282 = CARTESIAN_POINT ( 'NONE',  ( 0.7599999999999977884, -2.624889471112288319, 2.999999999999999112 ) ) ;
#1283 = DIRECTION ( 'NONE',  ( 0.000000000000000000, 1.000000000000000000, 0.000000000000000000 ) ) ;
#1284 = ADVANCED_FACE ( 'NONE', ( #229 ), #204, .T. ) ;
#1285 = ORIENTED_EDGE ( 'NONE', *, *, #1020, .F. ) ;
#1286 = AXIS2_PLACEMENT_3D ( 'NONE', #416, #846, #1288 ) ;
#1287 = LENGTH_MEASURE_WITH_UNIT ( LENGTH_MEASURE( 0.02539999999999999897 ), #415 );
#1288 = DIRECTION ( 'NONE',  ( 0.000000000000000000, 0.000000000000000000, 1.000000000000000000 ) ) ;
#1289 = DIRECTION ( 'NONE',  ( 0.000000000000000000, 1.000000000000000000, 0.000000000000000000 ) ) ;
#1290 = CARTESIAN_POINT ( 'NONE',  ( 0.7599999999999997868, -2.624889471112288319, 3.249999999999999556 ) ) ;
#1291 = VERTEX_POINT ( 'NONE', #125 ) ;
#1292 = ORIENTED_EDGE ( 'NONE', *, *, #80, .T. ) ;
#1293 = DIRECTION ( 'NONE',  ( 1.000000000000000000, -0.000000000000000000, -0.000000000000000000 ) ) ;
#1294 = PLANE ( 'NONE',  #967 ) ;
#1295 = CARTESIAN_POINT ( 'NONE',  ( 0.2499999999999996669, -2.624889471112288319, 5.000000000000000000 ) ) ;
#1296 = VERTEX_POINT ( 'NONE', #343 ) ;
#1297 = ADVANCED_FACE ( 'NONE', ( #1098 ), #826, .F. ) ;
#1298 = ADVANCED_FACE ( 'NONE', ( #1427 ), #644, .T. ) ;
#1299 = ORIENTED_EDGE ( 'NONE', *, *, #536, .F. ) ;
#1300 = AXIS2_PLACEMENT_3D ( 'NONE', #718, #724, #1249 ) ;
#1301 = CARTESIAN_POINT ( 'NONE',  ( 1.260000000000000009, 0.000000000000000000, 0.000000000000000000 ) ) ;
#1302 = CARTESIAN_POINT ( 'NONE',  ( 1.260000000000000009, -0.2500000000000000000, 0.000000000000000000 ) ) ;
#1303 = DIRECTION ( 'NONE',  ( 0.5150380749100552658, 1.049727191138617956E-16, 0.8571673007021116675 ) ) ;
#1304 = ORIENTED_EDGE ( 'NONE', *, *, #497, .F. ) ;
#1305 = VERTEX_POINT ( 'NONE', #461 ) ;
#1306 = AXIS2_PLACEMENT_3D ( 'NONE', #1330, #672, #351 ) ;
#1307 = COORDINATED_UNIVERSAL_TIME_OFFSET ( 8, 0, .BEHIND. ) ;
#1308 = CIRCLE ( 'NONE', #490, 0.04921259842519689481 ) ;
#1309 = CARTESIAN_POINT ( 'NONE',  ( 0.2499999999999997502, -2.624889471112288319, 2.499999999999998668 ) ) ;
#1310 = LOCAL_TIME ( 19, 9, 9.000000000000000000, #716 ) ;
#1311 = DIRECTION ( 'NONE',  ( -0.000000000000000000, -5.938799986226659171E-18, -1.000000000000000000 ) ) ;
#1312 = DIRECTION ( 'NONE',  ( -1.000000000000000000, 0.000000000000000000, 0.000000000000000000 ) ) ;
#1313 = ORIENTED_EDGE ( 'NONE', *, *, #459, .T. ) ;
#1314 = VERTEX_POINT ( 'NONE', #219 ) ;
#1315 = EDGE_CURVE ( 'NONE', #721, #379, #774, .T. ) ;
#1316 = DIRECTION ( 'NONE',  ( 0.000000000000000000, 0.000000000000000000, 1.000000000000000000 ) ) ;
#1317 = CARTESIAN_POINT ( 'NONE',  ( 1.009999999999999787, 0.000000000000000000, 3.250000000000001332 ) ) ;
#1318 = CARTESIAN_POINT ( 'NONE',  ( 1.260000000000000009, -0.1249999999999993894, 0.3749999999999999445 ) ) ;
#1319 = VERTEX_POINT ( 'NONE', #665 ) ;
#1320 = EDGE_CURVE ( 'NONE', #67, #1386, #437, .T. ) ;
#1321 = FACE_OUTER_BOUND ( 'NONE', #357, .T. ) ;
#1322 = VERTEX_POINT ( 'NONE', #214 ) ;
#1323 = DIRECTION ( 'NONE',  ( 0.000000000000000000, 0.000000000000000000, 1.000000000000000000 ) ) ;
#1324 = CARTESIAN_POINT ( 'NONE',  ( 0.2499999999999996669, 0.000000000000000000, 0.000000000000000000 ) ) ;
#1325 = VECTOR ( 'NONE', #6, 39.37007874015748143 ) ;
#1326 = PLANE ( 'NONE',  #888 ) ;
#1327 = VERTEX_POINT ( 'NONE', #1317 ) ;
#1328 = CYLINDRICAL_SURFACE ( 'NONE', #579, 0.2500000000000000555 ) ;
#1329 = ORIENTED_EDGE ( 'NONE', *, *, #459, .F. ) ;
#1330 = CARTESIAN_POINT ( 'NONE',  ( 0.4999999999999996669, -2.624889471112288319, 0.7499999999999998890 ) ) ;
#1331 = AXIS2_PLACEMENT_3D ( 'NONE', #218, #773, #469 ) ;
#1332 = ADVANCED_FACE ( 'NONE', ( #558 ), #674, .F. ) ;
#1333 = VECTOR ( 'NONE', #191, 39.37007874015748143 ) ;
#1334 = CARTESIAN_POINT ( 'NONE',  ( 1.260000000000000009, -0.2499999999999999722, 5.750000000000000000 ) ) ;
#1335 = ORIENTED_EDGE ( 'NONE', *, *, #1094, .T. ) ;
#1336 = DIRECTION ( 'NONE',  ( 0.000000000000000000, 0.000000000000000000, -1.000000000000000000 ) ) ;
#1337 = EDGE_LOOP ( 'NONE', ( #248, #1400, #338, #217 ) ) ;
#1338 = CARTESIAN_POINT ( 'NONE',  ( 0.000000000000000000, -0.1249999999999999306, 5.424212598425196319 ) ) ;
#1339 = CARTESIAN_POINT ( 'NONE',  ( 0.4999999999999997224, 0.000000000000000000, 2.500000000000000000 ) ) ;
#1340 = ORIENTED_EDGE ( 'NONE', *, *, #189, .F. ) ;
#1341 = CYLINDRICAL_SURFACE ( 'NONE', #64, 0.04921259842519634664 ) ;
#1342 = ORIENTED_EDGE ( 'NONE', *, *, #413, .F. ) ;
#1343 = EDGE_CURVE ( 'NONE', #592, #481, #603, .T. ) ;
#1344 = CARTESIAN_POINT ( 'NONE',  ( 1.260000000000000009, 0.000000000000000000, 0.000000000000000000 ) ) ;
#1345 = DIRECTION ( 'NONE',  ( -7.805279981897899840E-17, 0.000000000000000000, 1.000000000000000000 ) ) ;
#1346 = VECTOR ( 'NONE', #285, 39.37007874015748143 ) ;
#1347 = EDGE_LOOP ( 'NONE', ( #1025, #725 ) ) ;
#1348 = DIRECTION ( 'NONE',  ( 1.000000000000000000, -0.000000000000000000, -0.000000000000000000 ) ) ;
#1349 = ORIENTED_EDGE ( 'NONE', *, *, #953, .T. ) ;
#1350 = CARTESIAN_POINT ( 'NONE',  ( 0.2499999999999998057, -2.624889471112288319, 3.250000000000001332 ) ) ;
#1351 = CARTESIAN_POINT ( 'NONE',  ( 0.3300000000000000155, -0.1249999999999999306, 5.325787401574802793 ) ) ;
#1352 = VECTOR ( 'NONE', #326, 39.37007874015748143 ) ;
#1353 = ORIENTED_EDGE ( 'NONE', *, *, #313, .T. ) ;
#1354 = CIRCLE ( 'NONE', #530, 0.04921259842519675604 ) ;
#1355 = AXIS2_PLACEMENT_3D ( 'NONE', #650, #333, #995 ) ;
#1356 = EDGE_CURVE ( 'NONE', #1124, #937, #468, .T. ) ;
#1357 = CYLINDRICAL_SURFACE ( 'NONE', #300, 0.04921259842519689481 ) ;
#1358 = ORIENTED_EDGE ( 'NONE', *, *, #116, .F. ) ;
#1359 = DIRECTION ( 'NONE',  ( 0.000000000000000000, 0.000000000000000000, 1.000000000000000000 ) ) ;
#1360 = CARTESIAN_POINT ( 'NONE',  ( 0.9004300876462814074, -0.1250000000000000278, 5.374999999999999112 ) ) ;
#1361 = DIRECTION ( 'NONE',  ( 0.000000000000000000, 0.000000000000000000, 1.000000000000000000 ) ) ;
#1362 = ORIENTED_EDGE ( 'NONE', *, *, #497, .T. ) ;
#1363 = CYLINDRICAL_SURFACE ( 'NONE', #965, 0.04921259842519662420 ) ;
#1364 = EDGE_CURVE ( 'NONE', #481, #240, #753, .T. ) ;
#1365 = PERSON_AND_ORGANIZATION_ROLE ( 'design_supplier' ) ;
#1366 = DIRECTION ( 'NONE',  ( 0.000000000000000000, 0.000000000000000000, 1.000000000000000000 ) ) ;
#1367 = AXIS2_PLACEMENT_3D ( 'NONE', #192, #638, #328 ) ;
#1368 = CARTESIAN_POINT ( 'NONE',  ( 1.009999999999999343, 0.000000000000000000, 5.000000000000000000 ) ) ;
#1369 = VECTOR ( 'NONE', #395, 39.37007874015748143 ) ;
#1370 = ORIENTED_EDGE ( 'NONE', *, *, #1356, .T. ) ;
#1371 = ORIENTED_EDGE ( 'NONE', *, *, #173, .T. ) ;
#1372 = DATE_AND_TIME ( #1042, #1310 ) ;
#1373 = CARTESIAN_POINT ( 'NONE',  ( 0.3300000000000000155, -0.1249999999999996531, 2.924212598425196763 ) ) ;
#1374 = EDGE_CURVE ( 'NONE', #376, #75, #186, .T. ) ;
#1375 = VECTOR ( 'NONE', #717, 39.37007874015748143 ) ;
#1376 = CARTESIAN_POINT ( 'NONE',  ( 1.260000000000000009, 0.000000000000000000, 5.250000000000000000 ) ) ;
#1377 = CIRCLE ( 'NONE', #140, 0.04921259842519689481 ) ;
#1378 = VECTOR ( 'NONE', #1061, 39.37007874015748143 ) ;
#1379 = ORIENTED_EDGE ( 'NONE', *, *, #354, .F. ) ;
#1380 = ADVANCED_FACE ( 'NONE', ( #1114 ), #988, .F. ) ;
#1381 = AXIS2_PLACEMENT_3D ( 'NONE', #831, #820, #1266 ) ;
#1382 = DATE_AND_TIME ( #520, #715 ) ;
#1383 = DIRECTION ( 'NONE',  ( -1.000000000000000000, -0.000000000000000000, -0.000000000000000000 ) ) ;
#1384 = DIRECTION ( 'NONE',  ( -1.000000000000000000, 0.000000000000000000, -2.101421533587921878E-15 ) ) ;
#1385 = DIRECTION ( 'NONE',  ( -1.000000000000000000, -0.000000000000000000, -0.000000000000000000 ) ) ;
#1386 = VERTEX_POINT ( 'NONE', #309 ) ;
#1387 = DATE_TIME_ROLE ( 'creation_date' ) ;
#1388 = CARTESIAN_POINT ( 'NONE',  ( 0.4999999999999996114, 0.000000000000000000, 5.250000000000000000 ) ) ;
#1389 = ADVANCED_FACE ( 'NONE', ( #760 ), #745, .F. ) ;
#1390 = CARTESIAN_POINT ( 'NONE',  ( 1.010000000000000009, -0.1499999999999997724, 2.499999999999998668 ) ) ;
#1391 = DIRECTION ( 'NONE',  ( 0.5150380749100552658, 0.000000000000000000, -0.8571673007021116675 ) ) ;
#1392 = ORIENTED_EDGE ( 'NONE', *, *, #822, .T. ) ;
#1393 = AXIS2_PLACEMENT_3D ( 'NONE', #13, #1428, #1227 ) ;
#1394 = COORDINATED_UNIVERSAL_TIME_OFFSET ( 8, 0, .BEHIND. ) ;
#1395 = DIRECTION ( 'NONE',  ( 0.000000000000000000, 0.000000000000000000, 1.000000000000000000 ) ) ;
#1396 = DIRECTION ( 'NONE',  ( -0.000000000000000000, -5.938799986226659171E-18, -1.000000000000000000 ) ) ;
#1397 = DIRECTION ( 'NONE',  ( 1.000000000000000000, 0.000000000000000000, 0.000000000000000000 ) ) ;
#1398 = ORIENTED_EDGE ( 'NONE', *, *, #37, .T. ) ;
#1399 = EDGE_CURVE ( 'NONE', #1257, #1071, #1412, .T. ) ;
#1400 = ORIENTED_EDGE ( 'NONE', *, *, #402, .F. ) ;
#1401 = AXIS2_PLACEMENT_3D ( 'NONE', #922, #269, #1144 ) ;
#1402 = AXIS2_PLACEMENT_3D ( 'NONE', #534, #1002, #12 ) ;
#1403 = APPROVAL_ROLE ( '' ) ;
#1404 = CARTESIAN_POINT ( 'NONE',  ( -5.520553484345342928E-17, -0.1249999999999993894, 0.4242125984251963744 ) ) ;
#1405 = CARTESIAN_POINT ( 'NONE',  ( 1.260000000000000009, -0.1249999999999999306, 5.325787401574802793 ) ) ;
#1406 = CARTESIAN_POINT ( 'NONE',  ( 1.260000000000000009, 0.000000000000000000, 5.750000000000000000 ) ) ;
#1407 = EDGE_CURVE ( 'NONE', #330, #399, #1174, .T. ) ;
#1408 = ORIENTED_EDGE ( 'NONE', *, *, #295, .T. ) ;
#1409 = ORIENTED_EDGE ( 'NONE', *, *, #1251, .T. ) ;
#1410 = APPROVAL_STATUS ( 'not_yet_approved' ) ;
#1411 = LINE ( 'NONE', #436, #88 ) ;
#1412 = LINE ( 'NONE', #430, #781 ) ;
#1413 = CARTESIAN_POINT ( 'NONE',  ( 0.3300000000000000155, -0.1249999999999993894, 0.3257874015748031815 ) ) ;
#1414 = ORIENTED_EDGE ( 'NONE', *, *, #1320, .F. ) ;
#1415 = ORIENTED_EDGE ( 'NONE', *, *, #628, .T. ) ;
#1416 = VECTOR ( 'NONE', #682, 39.37007874015748143 ) ;
#1417 = CARTESIAN_POINT ( 'NONE',  ( 0.000000000000000000, 0.000000000000000000, 5.750000000000000000 ) ) ;
#1418 = DIRECTION ( 'NONE',  ( -0.5150380749100561539, 0.000000000000000000, 0.8571673007021108903 ) ) ;
#1419 = CARTESIAN_POINT ( 'NONE',  ( 0.3300000000000000155, -0.1249999999999993894, 0.3257874015748031815 ) ) ;
#1420 = CC_DESIGN_PERSON_AND_ORGANIZATION_ASSIGNMENT ( #194, #633, ( #921 ) ) ;
#1421 = EDGE_LOOP ( 'NONE', ( #1191, #1242, #1204, #1185 ) ) ;
#1422 = ADVANCED_FACE ( 'NONE', ( #1038 ), #48, .F. ) ;
#1423 = VERTEX_POINT ( 'NONE', #827 ) ;
#1424 = VECTOR ( 'NONE', #480, 39.37007874015748143 ) ;
#1425 = CARTESIAN_POINT ( 'NONE',  ( 1.260000000000000009, -0.1249999999999993894, 0.3749999999999999445 ) ) ;
#1426 = VECTOR ( 'NONE', #327, 39.37007874015748143 ) ;
#1427 = FACE_OUTER_BOUND ( 'NONE', #677, .T. ) ;
#1428 = DIRECTION ( 'NONE',  ( 1.000000000000000000, -0.000000000000000000, -0.000000000000000000 ) ) ;
ENDSEC;
END-ISO-10303-21;
