ISO-10303-21;
HEADER;
FILE_DESCRIPTION (( 'STEP AP203' ),
    '1' );
FILE_NAME ('Bottom Plate_Vf.STEP',
    '2026-03-21T02:07:23',
    ( '' ),
    ( '' ),
    'SwSTEP 2.0',
    'SolidWorks 2025',
    '' );
FILE_SCHEMA (( 'CONFIG_CONTROL_DESIGN' ));
ENDSEC;

DATA;
#1 = EDGE_CURVE ( 'NONE', #1512, #1778, #402, .T. ) ;
#2 = DIRECTION ( 'NONE',  ( -0.000000000000000000, -0.000000000000000000, 1.000000000000000000 ) ) ;
#3 = CARTESIAN_POINT ( 'NONE',  ( 3.827021247335478310E-16, -3.125000000000000000, 0.2500000000000000000 ) ) ;
#4 = ORIENTED_EDGE ( 'NONE', *, *, #663, .T. ) ;
#5 = FACE_OUTER_BOUND ( 'NONE', #129, .T. ) ;
#6 = ORIENTED_EDGE ( 'NONE', *, *, #1783, .T. ) ;
#7 = ORIENTED_EDGE ( 'NONE', *, *, #207, .F. ) ;
#8 = ADVANCED_FACE ( 'NONE', ( #564 ), #1974, .T. ) ;
#9 = LINE ( 'NONE', #1204, #867 ) ;
#10 = VERTEX_POINT ( 'NONE', #1510 ) ;
#11 = FACE_OUTER_BOUND ( 'NONE', #1754, .T. ) ;
#12 = CARTESIAN_POINT ( 'NONE',  ( -1.674212598425198095, -3.000000000000001776, 0.2500000000000000555 ) ) ;
#13 = DIRECTION ( 'NONE',  ( 1.270541693324308196E-15, 1.000000000000000000, 0.000000000000000000 ) ) ;
#14 = VERTEX_POINT ( 'NONE', #718 ) ;
#15 = LINE ( 'NONE', #307, #584 ) ;
#16 = ORIENTED_EDGE ( 'NONE', *, *, #926, .F. ) ;
#17 = DIRECTION ( 'NONE',  ( -1.000000000000000000, 0.000000000000000000, 0.000000000000000000 ) ) ;
#18 = ORIENTED_EDGE ( 'NONE', *, *, #834, .F. ) ;
#19 = CARTESIAN_POINT ( 'NONE',  ( -3.138323632637300076, 0.7407881544974581622, 0.2500000000000000000 ) ) ;
#20 = EDGE_CURVE ( 'NONE', #350, #658, #1175, .T. ) ;
#21 = CARTESIAN_POINT ( 'NONE',  ( -0.3749999999999999445, -2.750000000000000000, -4.375000000000000888 ) ) ;
#22 = CARTESIAN_POINT ( 'NONE',  ( -3.575787401574802793, 3.000000000000008438, 0.000000000000000000 ) ) ;
#23 = EDGE_LOOP ( 'NONE', ( #1484, #137, #345, #928, #737, #1116, #1103, #1112, #297, #880, #1089, #1874 ) ) ;
#24 = DIRECTION ( 'NONE',  ( -1.270541693324308196E-15, 1.000000000000000000, -0.000000000000000000 ) ) ;
#25 = CIRCLE ( 'NONE', #1325, 0.04921259842519656869 ) ;
#26 = ORIENTED_EDGE ( 'NONE', *, *, #1977, .T. ) ;
#27 = CIRCLE ( 'NONE', #120, 0.2499999999999998057 ) ;
#28 = AXIS2_PLACEMENT_3D ( 'NONE', #747, #1821, #268 ) ;
#29 = CIRCLE ( 'NONE', #1030, 0.1249999999999999029 ) ;
#30 = VECTOR ( 'NONE', #347, 39.37007874015748143 ) ;
#31 = VECTOR ( 'NONE', #1053, 39.37007874015748143 ) ;
#32 = AXIS2_PLACEMENT_3D ( 'NONE', #1201, #1633, #1615 ) ;
#33 = LINE ( 'NONE', #52, #1212 ) ;
#34 = ORIENTED_EDGE ( 'NONE', *, *, #417, .F. ) ;
#35 = EDGE_CURVE ( 'NONE', #1717, #1942, #712, .T. ) ;
#36 = EDGE_CURVE ( 'NONE', #983, #182, #354, .T. ) ;
#37 = LINE ( 'NONE', #1759, #592 ) ;
#38 = FACE_OUTER_BOUND ( 'NONE', #772, .T. ) ;
#39 = EDGE_CURVE ( 'NONE', #1544, #1067, #885, .T. ) ;
#40 = VERTEX_POINT ( 'NONE', #420 ) ;
#41 = CARTESIAN_POINT ( 'NONE',  ( -0.2499999999999991673, -0.3750000000000007772, 0.1000000000000000194 ) ) ;
#42 = ORIENTED_EDGE ( 'NONE', *, *, #811, .F. ) ;
#43 = FACE_OUTER_BOUND ( 'NONE', #242, .T. ) ;
#44 = ORIENTED_EDGE ( 'NONE', *, *, #1214, .T. ) ;
#45 = DIRECTION ( 'NONE',  ( 1.000000000000000000, 0.000000000000000000, 0.000000000000000000 ) ) ;
#46 = ORIENTED_EDGE ( 'NONE', *, *, #397, .T. ) ;
#47 = FACE_BOUND ( 'NONE', #1917, .T. ) ;
#48 = LINE ( 'NONE', #1928, #842 ) ;
#49 = ORIENTED_EDGE ( 'NONE', *, *, #1970, .T. ) ;
#50 = CYLINDRICAL_SURFACE ( 'NONE', #412, 0.04921259842519658950 ) ;
#51 = ORIENTED_EDGE ( 'NONE', *, *, #1376, .T. ) ;
#52 = CARTESIAN_POINT ( 'NONE',  ( -3.964548149173205083, -2.566639178875930849, 0.2500000000000000000 ) ) ;
#53 = ORIENTED_EDGE ( 'NONE', *, *, #1048, .T. ) ;
#54 = DIRECTION ( 'NONE',  ( -0.000000000000000000, -0.000000000000000000, 1.000000000000000000 ) ) ;
#55 = EDGE_CURVE ( 'NONE', #40, #1366, #1719, .T. ) ;
#56 = DIRECTION ( 'NONE',  ( 1.000000000000000000, 0.000000000000000000, 0.000000000000000000 ) ) ;
#57 = CARTESIAN_POINT ( 'NONE',  ( -0.1250000000000003886, -5.616776837221946358E-16, 0.2500000000000000000 ) ) ;
#58 = EDGE_LOOP ( 'NONE', ( #824, #173, #1255, #1108 ) ) ;
#59 = DIRECTION ( 'NONE',  ( -1.000000000000000000, 0.000000000000000000, -0.000000000000000000 ) ) ;
#60 = APPLICATION_CONTEXT ( 'configuration controlled 3d designs of mechanical parts and assemblies' ) ;
#61 = ADVANCED_FACE ( 'NONE', ( #1494 ), #1998, .F. ) ;
#62 = AXIS2_PLACEMENT_3D ( 'NONE', #1704, #469, #1087 ) ;
#63 = DIRECTION ( 'NONE',  ( -0.000000000000000000, -0.000000000000000000, 1.000000000000000000 ) ) ;
#64 = VECTOR ( 'NONE', #640, 39.37007874015748143 ) ;
#65 = ORIENTED_EDGE ( 'NONE', *, *, #299, .T. ) ;
#66 = CARTESIAN_POINT ( 'NONE',  ( -2.194850960857479105, 0.3750000000000001110, 0.2500000000000000000 ) ) ;
#67 = VECTOR ( 'NONE', #1180, 39.37007874015748143 ) ;
#68 = VECTOR ( 'NONE', #1167, 39.37007874015748143 ) ;
#69 = DIRECTION ( 'NONE',  ( -0.000000000000000000, -0.000000000000000000, 1.000000000000000000 ) ) ;
#70 = LINE ( 'NONE', #848, #1488 ) ;
#71 = ORIENTED_EDGE ( 'NONE', *, *, #1613, .F. ) ;
#72 = CYLINDRICAL_SURFACE ( 'NONE', #519, 5.000000000000000000 ) ;
#73 = ORIENTED_EDGE ( 'NONE', *, *, #1678, .F. ) ;
#74 = CARTESIAN_POINT ( 'NONE',  ( -1.625000000000001554, -3.000000000000001776, 0.2500000000000000555 ) ) ;
#75 = CARTESIAN_POINT ( 'NONE',  ( -3.749999999999999112, -2.694971137819724749, -4.375000000000000888 ) ) ;
#76 = LINE ( 'NONE', #1927, #652 ) ;
#77 = CARTESIAN_POINT ( 'NONE',  ( 3.827021247335478310E-16, -3.125000000000000000, 0.000000000000000000 ) ) ;
#78 = VERTEX_POINT ( 'NONE', #1666 ) ;
#79 = DIRECTION ( 'NONE',  ( 1.000000000000000000, -0.000000000000000000, -0.000000000000000000 ) ) ;
#80 = ORIENTED_EDGE ( 'NONE', *, *, #552, .F. ) ;
#81 = CYLINDRICAL_SURFACE ( 'NONE', #522, 0.7499999999999998890 ) ;
#82 = CARTESIAN_POINT ( 'NONE',  ( -3.022177799303967127, 0.9723968097209881867, 0.1000000000000000194 ) ) ;
#83 = VERTEX_POINT ( 'NONE', #1503 ) ;
#84 = LINE ( 'NONE', #1748, #483 ) ;
#85 = ADVANCED_FACE ( 'NONE', ( #1045 ), #1673, .T. ) ;
#86 = VERTEX_POINT ( 'NONE', #143 ) ;
#87 = VECTOR ( 'NONE', #816, 39.37007874015748143 ) ;
#88 = AXIS2_PLACEMENT_3D ( 'NONE', #202, #376, #1629 ) ;
#89 = DIRECTION ( 'NONE',  ( -1.000000000000000000, 0.000000000000000000, 0.000000000000000000 ) ) ;
#90 = DIRECTION ( 'NONE',  ( -1.000000000000000000, 0.000000000000000000, 0.000000000000000000 ) ) ;
#91 = AXIS2_PLACEMENT_3D ( 'NONE', #1702, #305, #1416 ) ;
#92 = CIRCLE ( 'NONE', #1061, 0.1249999999999999584 ) ;
#93 = ADVANCED_FACE ( 'NONE', ( #908 ), #1724, .F. ) ;
#94 = EDGE_LOOP ( 'NONE', ( #1277, #1333, #780, #757, #1983, #1639, #451, #703, #563, #1083, #171, #1267 ) ) ;
#95 = APPLICATION_CONTEXT ( 'configuration controlled 3d designs of mechanical parts and assemblies' ) ;
#96 = DIRECTION ( 'NONE',  ( 1.000000000000000000, 0.000000000000000000, 0.000000000000000000 ) ) ;
#97 = DIRECTION ( 'NONE',  ( 0.000000000000000000, -0.000000000000000000, -1.000000000000000000 ) ) ;
#98 = EDGE_LOOP ( 'NONE', ( #1932, #1574 ) ) ;
#99 = APPROVAL_DATE_TIME ( #1647, #349 ) ;
#100 = FACE_OUTER_BOUND ( 'NONE', #205, .T. ) ;
#101 = DIRECTION ( 'NONE',  ( -0.000000000000000000, -0.000000000000000000, 1.000000000000000000 ) ) ;
#102 = ORIENTED_EDGE ( 'NONE', *, *, #1023, .F. ) ;
#103 = LINE ( 'NONE', #725, #1162 ) ;
#104 = VERTEX_POINT ( 'NONE', #915 ) ;
#105 = FACE_OUTER_BOUND ( 'NONE', #1794, .T. ) ;
#106 = ADVANCED_FACE ( 'NONE', ( #764 ), #1393, .F. ) ;
#107 = PERSON_AND_ORGANIZATION ( #270, #562 ) ;
#108 = CARTESIAN_POINT ( 'NONE',  ( -0.1742125984251967907, -5.556508786082805526E-16, 0.2500000000000000555 ) ) ;
#109 = CARTESIAN_POINT ( 'NONE',  ( -3.999999999999999556, -3.125000000000000000, 0.000000000000000000 ) ) ;
#110 = EDGE_CURVE ( 'NONE', #1094, #150, #630, .T. ) ;
#111 = ORIENTED_EDGE ( 'NONE', *, *, #958, .F. ) ;
#112 = CARTESIAN_POINT ( 'NONE',  ( -3.749999999999999112, -2.694971137819724749, 0.1000000000000000056 ) ) ;
#113 = VERTEX_POINT ( 'NONE', #1849 ) ;
#114 = LINE ( 'NONE', #1828, #1716 ) ;
#115 = EDGE_CURVE ( 'NONE', #1816, #1366, #1233, .T. ) ;
#116 = PERSON_AND_ORGANIZATION ( #270, #562 ) ;
#117 = DIRECTION ( 'NONE',  ( -0.000000000000000000, -0.000000000000000000, 1.000000000000000000 ) ) ;
#118 = DIRECTION ( 'NONE',  ( 0.000000000000000000, -0.000000000000000000, -1.000000000000000000 ) ) ;
#119 = ORIENTED_EDGE ( 'NONE', *, *, #289, .T. ) ;
#120 = AXIS2_PLACEMENT_3D ( 'NONE', #288, #2008, #1042 ) ;
#121 = DIRECTION ( 'NONE',  ( -1.000000000000000000, 0.000000000000000000, 0.000000000000000000 ) ) ;
#122 = CARTESIAN_POINT ( 'NONE',  ( -3.624999999999999112, 3.000000000000008438, 0.000000000000000000 ) ) ;
#123 = ORIENTED_EDGE ( 'NONE', *, *, #728, .T. ) ;
#124 = CIRCLE ( 'NONE', #1257, 5.250000000000000888 ) ;
#125 = VECTOR ( 'NONE', #1294, 39.37007874015748143 ) ;
#126 = AXIS2_PLACEMENT_3D ( 'NONE', #967, #846, #45 ) ;
#127 = CIRCLE ( 'NONE', #1618, 1.000000000000000222 ) ;
#128 = CARTESIAN_POINT ( 'NONE',  ( -1.624999999999998890, 3.000000000000001776, 0.2500000000000000000 ) ) ;
#129 = EDGE_LOOP ( 'NONE', ( #1248, #1542, #1411, #1213 ) ) ;
#130 = ORIENTED_EDGE ( 'NONE', *, *, #144, .F. ) ;
#131 = CARTESIAN_POINT ( 'NONE',  ( -2.312702091055236497, 0.3333333333333333703, 0.2500000000000000000 ) ) ;
#132 = CARTESIAN_POINT ( 'NONE',  ( -3.749999999999999112, -2.750000000000000888, 0.2500000000000000000 ) ) ;
#133 = ORIENTED_EDGE ( 'NONE', *, *, #334, .T. ) ;
#134 = DIRECTION ( 'NONE',  ( 0.000000000000000000, -0.000000000000000000, -1.000000000000000000 ) ) ;
#135 = DIRECTION ( 'NONE',  ( -1.000000000000000000, 0.000000000000000000, 0.000000000000000000 ) ) ;
#136 = ORIENTED_EDGE ( 'NONE', *, *, #248, .F. ) ;
#137 = ORIENTED_EDGE ( 'NONE', *, *, #221, .T. ) ;
#138 = FACE_OUTER_BOUND ( 'NONE', #158, .T. ) ;
#139 = EDGE_LOOP ( 'NONE', ( #241, #244, #471, #71 ) ) ;
#140 = CARTESIAN_POINT ( 'NONE',  ( -0.3749999999999999445, -2.750000000000000000, 0.2500000000000000000 ) ) ;
#141 = EDGE_CURVE ( 'NONE', #1597, #1067, #787, .T. ) ;
#142 = DIRECTION ( 'NONE',  ( -1.000000000000000000, 0.000000000000000000, 0.000000000000000000 ) ) ;
#143 = CARTESIAN_POINT ( 'NONE',  ( -1.674212598425195209, 3.000000000000001776, 0.2500000000000000555 ) ) ;
#144 = EDGE_CURVE ( 'NONE', #1559, #1276, #1685, .T. ) ;
#145 = PLANE ( 'NONE',  #1547 ) ;
#146 = ADVANCED_FACE ( 'NONE', ( #327 ), #1084, .F. ) ;
#147 = ORIENTED_EDGE ( 'NONE', *, *, #1320, .T. ) ;
#148 = CARTESIAN_POINT ( 'NONE',  ( 3.827021247335478310E-16, 3.125000000000000000, 0.000000000000000000 ) ) ;
#149 = ORIENTED_EDGE ( 'NONE', *, *, #941, .F. ) ;
#150 = VERTEX_POINT ( 'NONE', #313 ) ;
#151 = EDGE_CURVE ( 'NONE', #1309, #1967, #304, .T. ) ;
#152 = FACE_OUTER_BOUND ( 'NONE', #484, .T. ) ;
#153 = DIRECTION ( 'NONE',  ( -1.000000000000000000, 0.000000000000000000, 0.000000000000000000 ) ) ;
#154 = DIRECTION ( 'NONE',  ( -1.000000000000000000, 0.000000000000000000, 0.000000000000000000 ) ) ;
#155 = DIRECTION ( 'NONE',  ( -1.000000000000000000, 0.000000000000000000, 0.000000000000000000 ) ) ;
#156 = CIRCLE ( 'NONE', #88, 0.1249999999999999029 ) ;
#157 = EDGE_CURVE ( 'NONE', #783, #1472, #480, .T. ) ;
#158 = EDGE_LOOP ( 'NONE', ( #1735, #496, #766, #262 ) ) ;
#159 = CIRCLE ( 'NONE', #1687, 5.250000000000000888 ) ;
#160 = CARTESIAN_POINT ( 'NONE',  ( -0.2500000000000001110, 2.749999999999998668, 0.1000000000000000194 ) ) ;
#161 = AXIS2_PLACEMENT_3D ( 'NONE', #1231, #303, #771 ) ;
#162 = AXIS2_PLACEMENT_3D ( 'NONE', #1348, #117, #1635 ) ;
#163 = VERTEX_POINT ( 'NONE', #1402 ) ;
#164 = VERTEX_POINT ( 'NONE', #12 ) ;
#165 = VECTOR ( 'NONE', #1860, 39.37007874015748143 ) ;
#166 = DIRECTION ( 'NONE',  ( -1.000000000000000000, 0.000000000000000000, 0.000000000000000000 ) ) ;
#167 = CARTESIAN_POINT ( 'NONE',  ( -0.1250000000000013878, -2.500000000000001332, 0.2500000000000000555 ) ) ;
#168 = VERTEX_POINT ( 'NONE', #949 ) ;
#169 = DIRECTION ( 'NONE',  ( -0.000000000000000000, -0.000000000000000000, 1.000000000000000000 ) ) ;
#170 = CARTESIAN_POINT ( 'NONE',  ( -3.624999999999999112, -2.729284091208171947, -4.375000000000000888 ) ) ;
#171 = ORIENTED_EDGE ( 'NONE', *, *, #1841, .T. ) ;
#172 = CARTESIAN_POINT ( 'NONE',  ( -3.099261132637300076, -0.9877175393299444384, 0.2500000000000000000 ) ) ;
#173 = ORIENTED_EDGE ( 'NONE', *, *, #1549, .F. ) ;
#174 = VERTEX_POINT ( 'NONE', #647 ) ;
#175 = ORIENTED_EDGE ( 'NONE', *, *, #470, .F. ) ;
#176 = ADVANCED_FACE ( 'NONE', ( #639 ), #447, .F. ) ;
#177 = LINE ( 'NONE', #1777, #229 ) ;
#178 = EDGE_LOOP ( 'NONE', ( #461, #551, #992, #641 ) ) ;
#179 = CARTESIAN_POINT ( 'NONE',  ( -8.255511132637300520, 0.000000000000000000, 0.000000000000000000 ) ) ;
#180 = DIRECTION ( 'NONE',  ( -1.000000000000000000, 0.000000000000000000, 0.000000000000000000 ) ) ;
#181 = DIRECTION ( 'NONE',  ( 1.000000000000000000, -1.270541693324308196E-15, 0.000000000000000000 ) ) ;
#182 = VERTEX_POINT ( 'NONE', #1243 ) ;
#183 = CARTESIAN_POINT ( 'NONE',  ( -2.993011132637300342, -1.093946410936111668, 0.1000000000000000194 ) ) ;
#184 = EDGE_CURVE ( 'NONE', #168, #1146, #414, .T. ) ;
#185 = ORIENTED_EDGE ( 'NONE', *, *, #792, .T. ) ;
#186 = DIRECTION ( 'NONE',  ( 0.000000000000000000, 0.000000000000000000, -1.000000000000000000 ) ) ;
#187 = ORIENTED_EDGE ( 'NONE', *, *, #722, .F. ) ;
#188 = VERTEX_POINT ( 'NONE', #1415 ) ;
#189 = EDGE_CURVE ( 'NONE', #1309, #1597, #1258, .T. ) ;
#190 = CARTESIAN_POINT ( 'NONE',  ( -3.749999999999999112, -2.694971137819724749, 0.000000000000000000 ) ) ;
#191 = DIRECTION ( 'NONE',  ( -0.000000000000000000, -0.000000000000000000, 1.000000000000000000 ) ) ;
#192 = ORIENTED_EDGE ( 'NONE', *, *, #1964, .F. ) ;
#193 = CYLINDRICAL_SURFACE ( 'NONE', #194, 0.04921259842519658950 ) ;
#194 = AXIS2_PLACEMENT_3D ( 'NONE', #814, #1433, #331 ) ;
#195 = CIRCLE ( 'NONE', #870, 0.04921259842519662420 ) ;
#196 = ORIENTED_EDGE ( 'NONE', *, *, #1645, .T. ) ;
#197 = DIRECTION ( 'NONE',  ( 0.000000000000000000, -0.000000000000000000, -1.000000000000000000 ) ) ;
#198 = ORIENTED_EDGE ( 'NONE', *, *, #899, .T. ) ;
#199 = DIRECTION ( 'NONE',  ( -0.000000000000000000, -0.000000000000000000, 1.000000000000000000 ) ) ;
#200 = DIRECTION ( 'NONE',  ( -1.000000000000000000, 0.000000000000000000, 0.000000000000000000 ) ) ;
#201 = VERTEX_POINT ( 'NONE', #755 ) ;
#202 = CARTESIAN_POINT ( 'NONE',  ( -0.3749999999999992784, 0.3749999999999998335, 0.2500000000000000000 ) ) ;
#203 = CC_DESIGN_DATE_AND_TIME_ASSIGNMENT ( #1634, #1640, ( #1037 ) ) ;
#204 = DIRECTION ( 'NONE',  ( -0.000000000000000000, -0.000000000000000000, -1.000000000000000000 ) ) ;
#205 = EDGE_LOOP ( 'NONE', ( #794, #46, #1795, #1832 ) ) ;
#206 = LINE ( 'NONE', #1581, #421 ) ;
#207 = EDGE_CURVE ( 'NONE', #1472, #1288, #1219, .T. ) ;
#208 = FACE_OUTER_BOUND ( 'NONE', #1580, .T. ) ;
#209 = DIRECTION ( 'NONE',  ( 1.000000000000000000, 0.000000000000000000, 0.000000000000000000 ) ) ;
#210 = EDGE_CURVE ( 'NONE', #1942, #638, #1206, .T. ) ;
#211 = ORIENTED_EDGE ( 'NONE', *, *, #808, .T. ) ;
#212 = MANIFOLD_SOLID_BREP ( 'M3x0.5 Tapped Hole1', #1216 ) ;
#213 = CARTESIAN_POINT ( 'NONE',  ( -0.1250000000000013878, -2.500000000000001332, 0.2500000000000000000 ) ) ;
#214 = LINE ( 'NONE', #881, #1884 ) ;
#215 = ORIENTED_EDGE ( 'NONE', *, *, #585, .T. ) ;
#216 = CARTESIAN_POINT ( 'NONE',  ( -0.1250000000000003886, -5.616776837221946358E-16, 0.000000000000000000 ) ) ;
#217 = DIRECTION ( 'NONE',  ( 1.000000000000000000, 0.000000000000000000, 0.000000000000000000 ) ) ;
#218 = PLANE ( 'NONE',  #1690 ) ;
#219 = ORIENTED_EDGE ( 'NONE', *, *, #1549, .T. ) ;
#220 = CARTESIAN_POINT ( 'NONE',  ( -3.999999999999998668, -2.694971137819724749, 0.2500000000000000000 ) ) ;
#221 = EDGE_CURVE ( 'NONE', #1726, #1316, #1307, .T. ) ;
#222 = ORIENTED_EDGE ( 'NONE', *, *, #1164, .F. ) ;
#223 = AXIS2_PLACEMENT_3D ( 'NONE', #422, #864, #896 ) ;
#224 = DIRECTION ( 'NONE',  ( -0.000000000000000000, 0.000000000000000000, -1.000000000000000000 ) ) ;
#225 = AXIS2_PLACEMENT_3D ( 'NONE', #1150, #989, #982 ) ;
#226 = DIRECTION ( 'NONE',  ( -1.000000000000000000, 0.000000000000000000, 0.000000000000000000 ) ) ;
#227 = VECTOR ( 'NONE', #339, 39.37007874015748143 ) ;
#228 = AXIS2_PLACEMENT_3D ( 'NONE', #1095, #646, #905 ) ;
#229 = VECTOR ( 'NONE', #491, 39.37007874015748143 ) ;
#230 = FACE_OUTER_BOUND ( 'NONE', #1237, .T. ) ;
#231 = FACE_OUTER_BOUND ( 'NONE', #2018, .T. ) ;
#232 = VERTEX_POINT ( 'NONE', #1601 ) ;
#233 = DIRECTION ( 'NONE',  ( -0.000000000000000000, -0.000000000000000000, -1.000000000000000000 ) ) ;
#234 = ORIENTED_EDGE ( 'NONE', *, *, #110, .T. ) ;
#235 = DIRECTION ( 'NONE',  ( 0.000000000000000000, -0.000000000000000000, -1.000000000000000000 ) ) ;
#236 = DATE_AND_TIME ( #1357, #423 ) ;
#237 = EDGE_CURVE ( 'NONE', #86, #1153, #1758, .T. ) ;
#238 = DIRECTION ( 'NONE',  ( 0.000000000000000000, -0.000000000000000000, -1.000000000000000000 ) ) ;
#239 = FACE_OUTER_BOUND ( 'NONE', #1780, .T. ) ;
#240 = EDGE_CURVE ( 'NONE', #783, #910, #1118, .T. ) ;
#241 = ORIENTED_EDGE ( 'NONE', *, *, #958, .T. ) ;
#242 = EDGE_LOOP ( 'NONE', ( #51, #1877, #726, #1913 ) ) ;
#243 = DIRECTION ( 'NONE',  ( 1.000000000000000000, 0.000000000000000000, 0.000000000000000000 ) ) ;
#244 = ORIENTED_EDGE ( 'NONE', *, *, #1602, .T. ) ;
#245 = PERSON_AND_ORGANIZATION ( #270, #562 ) ;
#246 = ADVANCED_FACE ( 'NONE', ( #363, #689, #981, #1141, #381, #1448, #513, #47, #1744, #208 ), #1939, .T. ) ;
#247 = DIRECTION ( 'NONE',  ( -1.000000000000000000, 0.000000000000000000, 0.000000000000000000 ) ) ;
#248 = EDGE_CURVE ( 'NONE', #961, #1857, #872, .T. ) ;
#249 = DIRECTION ( 'NONE',  ( -0.000000000000000000, -0.000000000000000000, 1.000000000000000000 ) ) ;
#250 = ORIENTED_EDGE ( 'NONE', *, *, #968, .F. ) ;
#251 = CARTESIAN_POINT ( 'NONE',  ( -1.624999999999998890, 3.000000000000001776, 0.000000000000000000 ) ) ;
#252 = EDGE_LOOP ( 'NONE', ( #1105, #1763, #758, #1960 ) ) ;
#253 = PERSON_AND_ORGANIZATION_ROLE ( 'creator' ) ;
#254 = VECTOR ( 'NONE', #1596, 39.37007874015748143 ) ;
#255 = CIRCLE ( 'NONE', #554, 0.04921259842519641603 ) ;
#256 = CARTESIAN_POINT ( 'NONE',  ( -3.022177799303966683, -0.9723968097209881867, 0.2500000000000000000 ) ) ;
#257 = CARTESIAN_POINT ( 'NONE',  ( -0.1249999999999992645, 2.499999999999999112, 0.2500000000000000555 ) ) ;
#258 = CIRCLE ( 'NONE', #1757, 0.04921259842519634664 ) ;
#259 = VECTOR ( 'NONE', #1810, 39.37007874015748143 ) ;
#260 = EDGE_LOOP ( 'NONE', ( #1599, #1051, #369, #1729 ) ) ;
#261 = CARTESIAN_POINT ( 'NONE',  ( -3.999999999999999556, 3.125000000000000000, 0.2500000000000000000 ) ) ;
#262 = ORIENTED_EDGE ( 'NONE', *, *, #35, .F. ) ;
#263 =( GEOMETRIC_REPRESENTATION_CONTEXT ( 3 ) GLOBAL_UNCERTAINTY_ASSIGNED_CONTEXT ( ( #1420 ) ) GLOBAL_UNIT_ASSIGNED_CONTEXT ( ( #696, #1945, #1732 ) ) REPRESENTATION_CONTEXT ( 'NONE', 'WORKASPACE' ) );
#264 = PRODUCT_DEFINITION ( 'UNKNOWN', '', #1762, #1091 ) ;
#265 = SHAPE_DEFINITION_REPRESENTATION ( #516, #1088 ) ;
#266 = LINE ( 'NONE', #1043, #68 ) ;
#267 = DIRECTION ( 'NONE',  ( 0.000000000000000000, -0.000000000000000000, -1.000000000000000000 ) ) ;
#268 = DIRECTION ( 'NONE',  ( -1.000000000000000000, 0.000000000000000000, 0.000000000000000000 ) ) ;
#269 = CARTESIAN_POINT ( 'NONE',  ( -3.115394853567531541, 1.068505796728294488, 0.2500000000000000000 ) ) ;
#270 = PERSON ( 'UNSPECIFIED', 'UNSPECIFIED', 'UNSPECIFIED', ('UNSPECIFIED'), ('UNSPECIFIED'), ('UNSPECIFIED') ) ;
#271 = ADVANCED_FACE ( 'NONE', ( #230 ), #1586, .F. ) ;
#272 = CYLINDRICAL_SURFACE ( 'NONE', #386, 0.2499999999999998057 ) ;
#273 = COORDINATED_UNIVERSAL_TIME_OFFSET ( 8, 0, .BEHIND. ) ;
#274 = CARTESIAN_POINT ( 'NONE',  ( 3.827021247335478310E-16, 3.125000000000000000, 0.2500000000000000000 ) ) ;
#275 = LINE ( 'NONE', #1501, #1064 ) ;
#276 = VERTEX_POINT ( 'NONE', #847 ) ;
#277 = DIRECTION ( 'NONE',  ( 0.000000000000000000, 0.000000000000000000, -1.000000000000000000 ) ) ;
#278 = VERTEX_POINT ( 'NONE', #1572 ) ;
#279 = CARTESIAN_POINT ( 'NONE',  ( -0.1250000000000013878, -2.500000000000001332, 0.2500000000000000555 ) ) ;
#280 = DIRECTION ( 'NONE',  ( -0.000000000000000000, 0.000000000000000000, -1.000000000000000000 ) ) ;
#281 = AXIS2_PLACEMENT_3D ( 'NONE', #965, #1606, #823 ) ;
#282 = PLANE ( 'NONE',  #1356 ) ;
#283 = AXIS2_PLACEMENT_3D ( 'NONE', #918, #1558, #1907 ) ;
#284 = CARTESIAN_POINT ( 'NONE',  ( 0.000000000000000000, 0.000000000000000000, 0.2500000000000000000 ) ) ;
#285 = DIRECTION ( 'NONE',  ( -0.000000000000000000, -0.000000000000000000, -1.000000000000000000 ) ) ;
#286 = ORIENTED_EDGE ( 'NONE', *, *, #515, .T. ) ;
#287 = VECTOR ( 'NONE', #1066, 39.37007874015748143 ) ;
#288 = CARTESIAN_POINT ( 'NONE',  ( -3.099261132637300076, -0.9877175393299444384, 0.000000000000000000 ) ) ;
#289 = EDGE_CURVE ( 'NONE', #763, #430, #1428, .T. ) ;
#290 = ORIENTED_EDGE ( 'NONE', *, *, #1990, .F. ) ;
#291 = ADVANCED_FACE ( 'NONE', ( #970 ), #995, .F. ) ;
#292 = DIRECTION ( 'NONE',  ( -0.000000000000000000, -0.000000000000000000, -1.000000000000000000 ) ) ;
#293 = DIRECTION ( 'NONE',  ( 1.000000000000000000, 0.000000000000000000, 0.000000000000000000 ) ) ;
#294 = EDGE_CURVE ( 'NONE', #1336, #1544, #669, .T. ) ;
#295 = DIRECTION ( 'NONE',  ( -0.000000000000000000, 0.000000000000000000, -1.000000000000000000 ) ) ;
#296 = DIRECTION ( 'NONE',  ( 1.000000000000000000, -2.588066520313514625E-16, 0.000000000000000000 ) ) ;
#297 = ORIENTED_EDGE ( 'NONE', *, *, #1833, .T. ) ;
#298 = DIRECTION ( 'NONE',  ( -1.000000000000000000, -5.629268658030111034E-17, 0.000000000000000000 ) ) ;
#299 = EDGE_CURVE ( 'NONE', #966, #1345, #76, .T. ) ;
#300 = VERTEX_POINT ( 'NONE', #530 ) ;
#301 = EDGE_CURVE ( 'NONE', #14, #1559, #1458, .T. ) ;
#302 = DIRECTION ( 'NONE',  ( 0.000000000000000000, -0.000000000000000000, -1.000000000000000000 ) ) ;
#303 = DIRECTION ( 'NONE',  ( 0.000000000000000000, -0.000000000000000000, -1.000000000000000000 ) ) ;
#304 = LINE ( 'NONE', #284, #650 ) ;
#305 = DIRECTION ( 'NONE',  ( -0.000000000000000000, -0.000000000000000000, -1.000000000000000000 ) ) ;
#306 = ORIENTED_EDGE ( 'NONE', *, *, #1861, .T. ) ;
#307 = CARTESIAN_POINT ( 'NONE',  ( -3.749999999999999112, -0.2500000000000000555, 0.1000000000000000194 ) ) ;
#308 = VERTEX_POINT ( 'NONE', #1915 ) ;
#309 = ORIENTED_EDGE ( 'NONE', *, *, #699, .F. ) ;
#310 = CARTESIAN_POINT ( 'NONE',  ( -3.732686305410167993, 2.665812368156818213, 0.2500000000000000000 ) ) ;
#311 = DIRECTION ( 'NONE',  ( 0.000000000000000000, -1.000000000000000000, 0.000000000000000000 ) ) ;
#312 = VECTOR ( 'NONE', #1443, 39.37007874015748143 ) ;
#313 = CARTESIAN_POINT ( 'NONE',  ( -0.2499999999999991673, -0.3750000000000007772, 0.2500000000000000000 ) ) ;
#314 = DIRECTION ( 'NONE',  ( 0.000000000000000000, 0.000000000000000000, 1.000000000000000000 ) ) ;
#315 = VECTOR ( 'NONE', #285, 39.37007874015748143 ) ;
#316 = EDGE_CURVE ( 'NONE', #394, #1417, #1272, .T. ) ;
#317 = EDGE_LOOP ( 'NONE', ( #733, #1171 ) ) ;
#318 = AXIS2_PLACEMENT_3D ( 'NONE', #531, #364, #200 ) ;
#319 = DIRECTION ( 'NONE',  ( -0.000000000000000000, -0.000000000000000000, 1.000000000000000000 ) ) ;
#320 = AXIS2_PLACEMENT_3D ( 'NONE', #257, #249, #1480 ) ;
#321 = AXIS2_PLACEMENT_3D ( 'NONE', #190, #818, #1769 ) ;
#322 = ORIENTED_EDGE ( 'NONE', *, *, #1320, .F. ) ;
#323 = ORIENTED_EDGE ( 'NONE', *, *, #515, .F. ) ;
#324 = DIRECTION ( 'NONE',  ( -0.000000000000000000, -0.000000000000000000, 1.000000000000000000 ) ) ;
#325 = ORIENTED_EDGE ( 'NONE', *, *, #385, .T. ) ;
#326 = CARTESIAN_POINT ( 'NONE',  ( -8.255511132637300520, 0.000000000000000000, -4.375000000000000888 ) ) ;
#327 = FACE_OUTER_BOUND ( 'NONE', #1086, .T. ) ;
#328 = CARTESIAN_POINT ( 'NONE',  ( -3.624999999999999112, 3.000000000000008438, 0.2500000000000000555 ) ) ;
#329 = EDGE_CURVE ( 'NONE', #498, #851, #372, .T. ) ;
#330 = ORIENTED_EDGE ( 'NONE', *, *, #210, .T. ) ;
#331 = DIRECTION ( 'NONE',  ( 1.000000000000000000, 0.000000000000000000, 0.000000000000000000 ) ) ;
#332 = ORIENTED_EDGE ( 'NONE', *, *, #1447, .T. ) ;
#333 = VERTEX_POINT ( 'NONE', #1429 ) ;
#334 = EDGE_CURVE ( 'NONE', #1146, #645, #37, .T. ) ;
#335 = DIRECTION ( 'NONE',  ( -1.000000000000000000, 0.000000000000000000, 0.000000000000000000 ) ) ;
#336 = ORIENTED_EDGE ( 'NONE', *, *, #1879, .F. ) ;
#337 = LINE ( 'NONE', #528, #746 ) ;
#338 = ORIENTED_EDGE ( 'NONE', *, *, #1522, .T. ) ;
#339 = DIRECTION ( 'NONE',  ( -0.000000000000000000, -0.000000000000000000, 1.000000000000000000 ) ) ;
#340 = CARTESIAN_POINT ( 'NONE',  ( -0.3750000000000007772, 2.875000000000000000, -4.375000000000000888 ) ) ;
#341 = VERTEX_POINT ( 'NONE', #659 ) ;
#342 = CARTESIAN_POINT ( 'NONE',  ( 0.000000000000000000, 0.000000000000000000, 0.2500000000000000000 ) ) ;
#343 = ORIENTED_EDGE ( 'NONE', *, *, #1102, .T. ) ;
#344 = CARTESIAN_POINT ( 'NONE',  ( -3.749999999999999112, -2.729284091208171947, 0.1000000000000000194 ) ) ;
#345 = ORIENTED_EDGE ( 'NONE', *, *, #465, .T. ) ;
#346 = MECHANICAL_CONTEXT ( 'NONE', #95, 'mechanical' ) ;
#347 = DIRECTION ( 'NONE',  ( 0.000000000000000000, -1.000000000000000000, 0.000000000000000000 ) ) ;
#348 = CARTESIAN_POINT ( 'NONE',  ( -1.625000000000001554, -3.000000000000001776, 0.2500000000000000000 ) ) ;
#349 = APPROVAL ( #574, 'UNSPECIFIED' ) ;
#350 = VERTEX_POINT ( 'NONE', #560 ) ;
#351 = CARTESIAN_POINT ( 'NONE',  ( -0.3750000000000002220, 0.2499999999999995837, 0.1000000000000000194 ) ) ;
#352 = AXIS2_PLACEMENT_3D ( 'NONE', #1400, #605, #913 ) ;
#353 = VECTOR ( 'NONE', #298, 39.37007874015748143 ) ;
#354 = CIRCLE ( 'NONE', #1854, 0.04921259842519641603 ) ;
#355 = CIRCLE ( 'NONE', #1955, 0.1249999999999999029 ) ;
#356 = EDGE_CURVE ( 'NONE', #1496, #14, #419, .T. ) ;
#357 = AXIS2_PLACEMENT_3D ( 'NONE', #464, #1693, #293 ) ;
#358 = DIRECTION ( 'NONE',  ( -1.000000000000000000, 0.000000000000000000, 0.000000000000000000 ) ) ;
#359 = ORIENTED_EDGE ( 'NONE', *, *, #1023, .T. ) ;
#360 = ORIENTED_EDGE ( 'NONE', *, *, #20, .T. ) ;
#361 = AXIS2_PLACEMENT_3D ( 'NONE', #1598, #1280, #1125 ) ;
#362 = EDGE_CURVE ( 'NONE', #1028, #1269, #1663, .T. ) ;
#363 = FACE_BOUND ( 'NONE', #1075, .T. ) ;
#364 = DIRECTION ( 'NONE',  ( -0.000000000000000000, 0.000000000000000000, 1.000000000000000000 ) ) ;
#365 = ORIENTED_EDGE ( 'NONE', *, *, #1525, .F. ) ;
#366 = LINE ( 'NONE', #1311, #1652 ) ;
#367 = ADVANCED_FACE ( 'NONE', ( #891 ), #1017, .F. ) ;
#368 = LINE ( 'NONE', #1892, #1358 ) ;
#369 = ORIENTED_EDGE ( 'NONE', *, *, #110, .F. ) ;
#370 = ORIENTED_EDGE ( 'NONE', *, *, #151, .F. ) ;
#371 = PRODUCT ( 'Bottom Plate_Vf', 'Bottom Plate_Vf', '', ( #346 ) ) ;
#372 = LINE ( 'NONE', #988, #1625 ) ;
#373 = EDGE_CURVE ( 'NONE', #1967, #1067, #266, .T. ) ;
#374 = CARTESIAN_POINT ( 'NONE',  ( -2.993011132637300342, 1.093946410936111668, 0.1000000000000000194 ) ) ;
#375 = ORIENTED_EDGE ( 'NONE', *, *, #1583, .F. ) ;
#376 = DIRECTION ( 'NONE',  ( 0.000000000000000000, -0.000000000000000000, -1.000000000000000000 ) ) ;
#377 = ORIENTED_EDGE ( 'NONE', *, *, #1739, .F. ) ;
#378 = CARTESIAN_POINT ( 'NONE',  ( -0.6742125984251955417, 2.999999999999998668, 0.2500000000000000555 ) ) ;
#379 = ORIENTED_EDGE ( 'NONE', *, *, #923, .F. ) ;
#380 = DIRECTION ( 'NONE',  ( -1.000000000000000000, 5.629268658030111034E-17, 0.000000000000000000 ) ) ;
#381 = FACE_BOUND ( 'NONE', #801, .T. ) ;
#382 = DIRECTION ( 'NONE',  ( 0.000000000000000000, -0.000000000000000000, -1.000000000000000000 ) ) ;
#383 = ORIENTED_EDGE ( 'NONE', *, *, #356, .T. ) ;
#384 = CARTESIAN_POINT ( 'NONE',  ( -3.625000000000001332, -3.000000000000007550, 0.2500000000000000555 ) ) ;
#385 = EDGE_CURVE ( 'NONE', #1856, #1241, #390, .T. ) ;
#386 = AXIS2_PLACEMENT_3D ( 'NONE', #438, #224, #888 ) ;
#387 = VECTOR ( 'NONE', #319, 39.37007874015748143 ) ;
#388 = LINE ( 'NONE', #1006, #1251 ) ;
#389 = DATE_AND_TIME ( #1801, #1662 ) ;
#390 = CIRCLE ( 'NONE', #1389, 0.1249999999999999029 ) ;
#391 = AXIS2_PLACEMENT_3D ( 'NONE', #1752, #1920, #335 ) ;
#392 = DIRECTION ( 'NONE',  ( -1.000000000000000000, 0.000000000000000000, 0.000000000000000000 ) ) ;
#393 = DIRECTION ( 'NONE',  ( -0.000000000000000000, -0.000000000000000000, 1.000000000000000000 ) ) ;
#394 = VERTEX_POINT ( 'NONE', #1671 ) ;
#395 = FACE_BOUND ( 'NONE', #651, .T. ) ;
#396 = EDGE_LOOP ( 'NONE', ( #1041, #1442, #149, #694 ) ) ;
#397 = EDGE_CURVE ( 'NONE', #188, #430, #1953, .T. ) ;
#398 = ORIENTED_EDGE ( 'NONE', *, *, #1497, .T. ) ;
#399 = COORDINATED_UNIVERSAL_TIME_OFFSET ( 8, 0, .BEHIND. ) ;
#400 = CARTESIAN_POINT ( 'NONE',  ( -3.624999999999999112, -2.729284091208171947, 0.1000000000000000194 ) ) ;
#401 = CARTESIAN_POINT ( 'NONE',  ( -0.6250000000000016653, -2.999999999999999556, 0.000000000000000000 ) ) ;
#402 = LINE ( 'NONE', #428, #1657 ) ;
#403 = CARTESIAN_POINT ( 'NONE',  ( -3.732686305410165328, -2.665812368156813772, 0.2499999999999998057 ) ) ;
#404 = CALENDAR_DATE ( 2026, 20, 3 ) ;
#405 = CARTESIAN_POINT ( 'NONE',  ( -0.1250000000000013878, -2.500000000000001332, 0.000000000000000000 ) ) ;
#406 = CARTESIAN_POINT ( 'NONE',  ( -0.1742125984251958470, 2.499999999999999112, 0.2500000000000000000 ) ) ;
#407 = DIRECTION ( 'NONE',  ( 0.000000000000000000, -0.000000000000000000, 1.000000000000000000 ) ) ;
#408 = CARTESIAN_POINT ( 'NONE',  ( 3.827021247335478310E-16, -3.125000000000000000, 0.2500000000000000000 ) ) ;
#409 = CC_DESIGN_PERSON_AND_ORGANIZATION_ASSIGNMENT ( #1817, #720, ( #371 ) ) ;
#410 = ORIENTED_EDGE ( 'NONE', *, *, #373, .T. ) ;
#411 = COORDINATED_UNIVERSAL_TIME_OFFSET ( 8, 0, .BEHIND. ) ;
#412 = AXIS2_PLACEMENT_3D ( 'NONE', #213, #702, #1317 ) ;
#413 = AXIS2_PLACEMENT_3D ( 'NONE', #3, #1897, #314 ) ;
#414 = CIRCLE ( 'NONE', #1825, 0.04921259842519656869 ) ;
#415 = DIRECTION ( 'NONE',  ( 1.000000000000000000, 0.000000000000000000, 0.000000000000000000 ) ) ;
#416 = CARTESIAN_POINT ( 'NONE',  ( -3.575787401574805013, -3.000000000000007550, 0.000000000000000000 ) ) ;
#417 = EDGE_CURVE ( 'NONE', #1271, #1967, #1830, .T. ) ;
#418 = AXIS2_PLACEMENT_3D ( 'NONE', #434, #1994, #90 ) ;
#419 = CIRCLE ( 'NONE', #1793, 0.04921259842519634664 ) ;
#420 = CARTESIAN_POINT ( 'NONE',  ( -3.344796846923014488, 0.9406833707904234121, 0.000000000000000000 ) ) ;
#421 = VECTOR ( 'NONE', #380, 39.37007874015748143 ) ;
#422 = CARTESIAN_POINT ( 'NONE',  ( -0.6249999999999992228, 2.999999999999998668, 0.2500000000000000555 ) ) ;
#423 = LOCAL_TIME ( 19, 7, 23.00000000000000000, #411 ) ;
#424 = DIRECTION ( 'NONE',  ( -0.000000000000000000, -0.000000000000000000, 1.000000000000000000 ) ) ;
#425 = DIRECTION ( 'NONE',  ( -0.000000000000000000, -0.000000000000000000, -1.000000000000000000 ) ) ;
#426 = LINE ( 'NONE', #884, #67 ) ;
#427 = EDGE_CURVE ( 'NONE', #783, #2000, #558, .T. ) ;
#428 = CARTESIAN_POINT ( 'NONE',  ( -3.999999999999999556, -3.125000000000000000, 0.000000000000000000 ) ) ;
#429 = DIRECTION ( 'NONE',  ( 0.000000000000000000, -0.000000000000000000, -1.000000000000000000 ) ) ;
#430 = VERTEX_POINT ( 'NONE', #108 ) ;
#431 = DIRECTION ( 'NONE',  ( -0.000000000000000000, -0.000000000000000000, 1.000000000000000000 ) ) ;
#432 = EDGE_LOOP ( 'NONE', ( #1948, #187, #1124, #410 ) ) ;
#433 = CARTESIAN_POINT ( 'NONE',  ( -3.625000000000001332, -3.000000000000007550, 0.2500000000000000000 ) ) ;
#434 = CARTESIAN_POINT ( 'NONE',  ( -8.255511132637300520, 0.000000000000000000, 0.2500000000000000000 ) ) ;
#435 = CARTESIAN_POINT ( 'NONE',  ( 3.827021247335478310E-16, -3.125000000000000000, 0.2500000000000000000 ) ) ;
#436 = CARTESIAN_POINT ( 'NONE',  ( -3.625000000000001332, -3.000000000000007550, 0.2500000000000000555 ) ) ;
#437 = ORIENTED_EDGE ( 'NONE', *, *, #1114, .T. ) ;
#438 = CARTESIAN_POINT ( 'NONE',  ( -3.749999999999999112, 2.694971137819724749, 0.2500000000000000000 ) ) ;
#439 = ORIENTED_EDGE ( 'NONE', *, *, #189, .T. ) ;
#440 = EDGE_CURVE ( 'NONE', #300, #1726, #567, .T. ) ;
#441 = EDGE_CURVE ( 'NONE', #350, #498, #940, .T. ) ;
#442 = CARTESIAN_POINT ( 'NONE',  ( -2.194850960857479105, 0.2500000000000002220, 0.1000000000000000194 ) ) ;
#443 = AXIS2_PLACEMENT_3D ( 'NONE', #793, #63, #1410 ) ;
#444 = LINE ( 'NONE', #1063, #1826 ) ;
#445 = ORIENTED_EDGE ( 'NONE', *, *, #1977, .F. ) ;
#446 = VECTOR ( 'NONE', #460, 39.37007874015748143 ) ;
#447 = CYLINDRICAL_SURFACE ( 'NONE', #810, 0.04921259842519634664 ) ;
#448 = CARTESIAN_POINT ( 'NONE',  ( -3.749999999999999112, -2.694971137819724749, 0.1000000000000000056 ) ) ;
#449 = AXIS2_PLACEMENT_3D ( 'NONE', #328, #1734, #618 ) ;
#450 = CIRCLE ( 'NONE', #844, 0.04921259842519641603 ) ;
#451 = ORIENTED_EDGE ( 'NONE', *, *, #954, .T. ) ;
#452 = DIRECTION ( 'NONE',  ( 1.000000000000000000, 0.000000000000000000, 0.000000000000000000 ) ) ;
#453 = EDGE_CURVE ( 'NONE', #174, #1094, #355, .T. ) ;
#454 = VERTEX_POINT ( 'NONE', #1508 ) ;
#455 = FACE_OUTER_BOUND ( 'NONE', #1829, .T. ) ;
#456 = DIRECTION ( 'NONE',  ( -0.000000000000000000, -0.000000000000000000, 1.000000000000000000 ) ) ;
#457 = DIRECTION ( 'NONE',  ( -1.224646799147353207E-16, 1.000000000000000000, -0.000000000000000000 ) ) ;
#458 = CARTESIAN_POINT ( 'NONE',  ( -3.999999999999999556, -3.125000000000000000, 0.2500000000000000000 ) ) ;
#459 = ORIENTED_EDGE ( 'NONE', *, *, #769, .F. ) ;
#460 = DIRECTION ( 'NONE',  ( -0.000000000000000000, -0.000000000000000000, 1.000000000000000000 ) ) ;
#461 = ORIENTED_EDGE ( 'NONE', *, *, #1111, .T. ) ;
#462 = ORIENTED_EDGE ( 'NONE', *, *, #1845, .F. ) ;
#463 = CARTESIAN_POINT ( 'NONE',  ( -0.2500000000000001110, 2.749999999999998668, -4.375000000000000888 ) ) ;
#464 = CARTESIAN_POINT ( 'NONE',  ( -8.255511132637300520, 0.000000000000000000, -4.375000000000000888 ) ) ;
#465 = EDGE_CURVE ( 'NONE', #1316, #1090, #92, .T. ) ;
#466 = CARTESIAN_POINT ( 'NONE',  ( 0.000000000000000000, 0.000000000000000000, 0.000000000000000000 ) ) ;
#467 = CARTESIAN_POINT ( 'NONE',  ( -0.1250000000000003886, -5.616776837221946358E-16, 0.000000000000000000 ) ) ;
#468 = ORIENTED_EDGE ( 'NONE', *, *, #1775, .T. ) ;
#469 = DIRECTION ( 'NONE',  ( -0.000000000000000000, -0.000000000000000000, -1.000000000000000000 ) ) ;
#470 = EDGE_CURVE ( 'NONE', #276, #803, #1500, .T. ) ;
#471 = ORIENTED_EDGE ( 'NONE', *, *, #362, .F. ) ;
#472 = ORIENTED_EDGE ( 'NONE', *, *, #580, .F. ) ;
#473 = DIMENSIONAL_EXPONENTS ( 1.000000000000000000, 0.000000000000000000, 0.000000000000000000, 0.000000000000000000, 0.000000000000000000, 0.000000000000000000, 0.000000000000000000 ) ;
#474 = DIRECTION ( 'NONE',  ( 0.000000000000000000, -0.000000000000000000, -1.000000000000000000 ) ) ;
#475 = ORIENTED_EDGE ( 'NONE', *, *, #1183, .T. ) ;
#476 = DIRECTION ( 'NONE',  ( -0.000000000000000000, -0.000000000000000000, 1.000000000000000000 ) ) ;
#477 = EDGE_LOOP ( 'NONE', ( #1675, #34, #1571, #1846, #768, #1143, #1888, #1395, #812, #800, #468, #44 ) ) ;
#478 = ADVANCED_FACE ( 'NONE', ( #1190 ), #81, .F. ) ;
#479 = AXIS2_PLACEMENT_3D ( 'NONE', #1312, #1944, #845 ) ;
#480 = LINE ( 'NONE', #796, #1096 ) ;
#481 = EDGE_CURVE ( 'NONE', #1417, #1726, #1487, .T. ) ;
#482 = DIRECTION ( 'NONE',  ( 2.588066520313514625E-16, 1.000000000000000000, 0.000000000000000000 ) ) ;
#483 = VECTOR ( 'NONE', #1159, 39.37007874015748143 ) ;
#484 = EDGE_LOOP ( 'NONE', ( #1668, #667, #133, #1592 ) ) ;
#485 = VECTOR ( 'NONE', #1905, 39.37007874015748143 ) ;
#486 = DIRECTION ( 'NONE',  ( 0.000000000000000000, -0.000000000000000000, -1.000000000000000000 ) ) ;
#487 = VECTOR ( 'NONE', #1437, 39.37007874015748143 ) ;
#488 = AXIS2_PLACEMENT_3D ( 'NONE', #761, #2011, #1390 ) ;
#489 = ORIENTED_EDGE ( 'NONE', *, *, #1242, .F. ) ;
#490 = EDGE_LOOP ( 'NONE', ( #951, #1539, #661, #332 ) ) ;
#491 = DIRECTION ( 'NONE',  ( -0.000000000000000000, -0.000000000000000000, 1.000000000000000000 ) ) ;
#492 = ORIENTED_EDGE ( 'NONE', *, *, #1600, .F. ) ;
#493 = FACE_OUTER_BOUND ( 'NONE', #582, .T. ) ;
#494 = DIRECTION ( 'NONE',  ( 1.000000000000000000, 0.000000000000000000, 0.000000000000000000 ) ) ;
#495 = DIRECTION ( 'NONE',  ( 1.000000000000000000, 0.000000000000000000, 0.000000000000000000 ) ) ;
#496 = ORIENTED_EDGE ( 'NONE', *, *, #1589, .T. ) ;
#497 = PLANE ( 'NONE',  #1952 ) ;
#498 = VERTEX_POINT ( 'NONE', #1492 ) ;
#499 = EDGE_LOOP ( 'NONE', ( #599, #489, #365, #1885 ) ) ;
#500 = CARTESIAN_POINT ( 'NONE',  ( -3.624999999999999112, -2.750000000000000888, 0.2500000000000000000 ) ) ;
#501 = ORIENTED_EDGE ( 'NONE', *, *, #1102, .F. ) ;
#502 = DIRECTION ( 'NONE',  ( 0.000000000000000000, -0.000000000000000000, -1.000000000000000000 ) ) ;
#503 = CARTESIAN_POINT ( 'NONE',  ( -3.022177799303966683, -0.9723968097209881867, -4.375000000000000888 ) ) ;
#504 = ORIENTED_EDGE ( 'NONE', *, *, #1591, .T. ) ;
#505 = DIRECTION ( 'NONE',  ( -1.000000000000000000, 0.000000000000000000, 0.000000000000000000 ) ) ;
#506 = ORIENTED_EDGE ( 'NONE', *, *, #876, .T. ) ;
#507 = EDGE_CURVE ( 'NONE', #454, #983, #1965, .T. ) ;
#508 = VERTEX_POINT ( 'NONE', #256 ) ;
#509 = ADVANCED_FACE ( 'NONE', ( #100 ), #721, .F. ) ;
#510 = DIRECTION ( 'NONE',  ( -1.000000000000000000, 0.000000000000000000, 0.000000000000000000 ) ) ;
#511 = ORIENTED_EDGE ( 'NONE', *, *, #1522, .F. ) ;
#512 = DIRECTION ( 'NONE',  ( -1.000000000000000000, 0.000000000000000000, -0.000000000000000000 ) ) ;
#513 = FACE_BOUND ( 'NONE', #98, .T. ) ;
#514 = DIRECTION ( 'NONE',  ( 1.000000000000000000, 0.000000000000000000, 0.000000000000000000 ) ) ;
#515 = EDGE_CURVE ( 'NONE', #1696, #104, #620, .T. ) ;
#516 = PRODUCT_DEFINITION_SHAPE ( 'NONE', 'NONE',  #264 ) ;
#517 = EDGE_LOOP ( 'NONE', ( #956, #963, #2024, #1247 ) ) ;
#518 = FACE_BOUND ( 'NONE', #1936, .T. ) ;
#519 = AXIS2_PLACEMENT_3D ( 'NONE', #1471, #1327, #991 ) ;
#520 = AXIS2_PLACEMENT_3D ( 'NONE', #1236, #1873, #653 ) ;
#521 = CIRCLE ( 'NONE', #1388, 0.04921259842519662420 ) ;
#522 = AXIS2_PLACEMENT_3D ( 'NONE', #730, #425, #89 ) ;
#523 = EDGE_CURVE ( 'NONE', #1843, #1081, #1062, .T. ) ;
#524 = ADVANCED_FACE ( 'NONE', ( #455 ), #1071, .F. ) ;
#525 = AXIS2_PLACEMENT_3D ( 'NONE', #561, #267, #1966 ) ;
#526 = CYLINDRICAL_SURFACE ( 'NONE', #805, 0.1249999999999999306 ) ;
#527 = EDGE_LOOP ( 'NONE', ( #286, #1450, #336, #111 ) ) ;
#528 = CARTESIAN_POINT ( 'NONE',  ( -1.674212598425195653, 3.000000000000001776, 0.2500000000000000000 ) ) ;
#529 = EDGE_LOOP ( 'NONE', ( #857, #185, #7, #1712 ) ) ;
#530 = CARTESIAN_POINT ( 'NONE',  ( -3.624999999999999112, 2.875000000000001332, 0.1000000000000000194 ) ) ;
#531 = CARTESIAN_POINT ( 'NONE',  ( -3.749999999999999112, -2.694971137819724749, 0.2500000000000000000 ) ) ;
#532 = VERTEX_POINT ( 'NONE', #1230 ) ;
#533 = FACE_OUTER_BOUND ( 'NONE', #477, .T. ) ;
#534 = ORIENTED_EDGE ( 'NONE', *, *, #1447, .F. ) ;
#535 = DIRECTION ( 'NONE',  ( 0.000000000000000000, -0.000000000000000000, -1.000000000000000000 ) ) ;
#536 = ORIENTED_EDGE ( 'NONE', *, *, #547, .F. ) ;
#537 = FACE_OUTER_BOUND ( 'NONE', #1446, .T. ) ;
#538 = CARTESIAN_POINT ( 'NONE',  ( -3.999999999999999556, 3.125000000000000000, 0.2500000000000000000 ) ) ;
#539 = CARTESIAN_POINT ( 'NONE',  ( -0.2499999999999986955, -2.694971137819723417, -4.375000000000000888 ) ) ;
#540 = ADVANCED_FACE ( 'NONE', ( #1993 ), #2027, .F. ) ;
#541 = VERTEX_POINT ( 'NONE', #1360 ) ;
#542 = FACE_BOUND ( 'NONE', #656, .T. ) ;
#543 = CARTESIAN_POINT ( 'NONE',  ( -1.674212598425198317, -3.000000000000001776, 0.2500000000000000000 ) ) ;
#544 = APPROVAL_DATE_TIME ( #236, #1489 ) ;
#545 = CARTESIAN_POINT ( 'NONE',  ( -0.3749999999999999445, 2.750000000000000000, 0.2500000000000000000 ) ) ;
#546 = CARTESIAN_POINT ( 'NONE',  ( -0.3750000000000007772, -2.875000000000000000, -4.375000000000000888 ) ) ;
#547 = EDGE_CURVE ( 'NONE', #1856, #887, #127, .T. ) ;
#548 = ADVANCED_FACE ( 'NONE', ( #922 ), #1552, .F. ) ;
#549 = ORIENTED_EDGE ( 'NONE', *, *, #1165, .T. ) ;
#550 = DIRECTION ( 'NONE',  ( 0.000000000000000000, 0.000000000000000000, 1.000000000000000000 ) ) ;
#551 = ORIENTED_EDGE ( 'NONE', *, *, #1910, .F. ) ;
#552 = EDGE_CURVE ( 'NONE', #964, #1090, #752, .T. ) ;
#553 = VECTOR ( 'NONE', #1537, 39.37007874015748143 ) ;
#554 = AXIS2_PLACEMENT_3D ( 'NONE', #279, #1365, #452 ) ;
#555 = AXIS2_PLACEMENT_3D ( 'NONE', #1804, #407, #1026 ) ;
#556 = AXIS2_PLACEMENT_3D ( 'NONE', #170, #1541, #495 ) ;
#557 = DATE_AND_TIME ( #1971, #624 ) ;
#558 = CIRCLE ( 'NONE', #1827, 0.1249999999999993477 ) ;
#559 = CIRCLE ( 'NONE', #1588, 0.1249999999999999029 ) ;
#560 = CARTESIAN_POINT ( 'NONE',  ( -0.1742125984251979842, -2.500000000000001332, 0.000000000000000000 ) ) ;
#561 = CARTESIAN_POINT ( 'NONE',  ( -0.3749999999999992784, 0.3749999999999998335, 0.1000000000000000194 ) ) ;
#562 = ORGANIZATION ( 'UNSPECIFIED', 'UNSPECIFIED', '' ) ;
#563 = ORIENTED_EDGE ( 'NONE', *, *, #547, .T. ) ;
#564 = FACE_OUTER_BOUND ( 'NONE', #396, .T. ) ;
#565 = CARTESIAN_POINT ( 'NONE',  ( -2.312702091055236497, -0.3333333333333330928, 0.2500000000000000000 ) ) ;
#566 = VERTEX_POINT ( 'NONE', #784 ) ;
#567 = LINE ( 'NONE', #883, #778 ) ;
#568 = CYLINDRICAL_SURFACE ( 'NONE', #906, 0.04921259842519662420 ) ;
#569 = EDGE_CURVE ( 'NONE', #300, #1776, #9, .T. ) ;
#570 = ORIENTED_EDGE ( 'NONE', *, *, #1298, .F. ) ;
#571 = ORIENTED_EDGE ( 'NONE', *, *, #157, .T. ) ;
#572 = CYLINDRICAL_SURFACE ( 'NONE', #773, 0.04921259842519634664 ) ;
#573 = ADVANCED_FACE ( 'NONE', ( #152 ), #770, .F. ) ;
#574 = APPROVAL_STATUS ( 'not_yet_approved' ) ;
#575 = CARTESIAN_POINT ( 'NONE',  ( -0.1742125984251969850, -5.556508786082805526E-16, 0.2500000000000000000 ) ) ;
#576 = DIRECTION ( 'NONE',  ( -0.000000000000000000, -0.000000000000000000, 1.000000000000000000 ) ) ;
#577 = ORIENTED_EDGE ( 'NONE', *, *, #1956, .T. ) ;
#578 = DIRECTION ( 'NONE',  ( -1.000000000000000000, 0.000000000000000000, 0.000000000000000000 ) ) ;
#579 = ORIENTED_EDGE ( 'NONE', *, *, #1013, .F. ) ;
#580 = EDGE_CURVE ( 'NONE', #164, #1901, #1481, .T. ) ;
#581 = CYLINDRICAL_SURFACE ( 'NONE', #479, 1.000000000000000222 ) ;
#582 = EDGE_LOOP ( 'NONE', ( #1996, #1151, #1047, #1193 ) ) ;
#583 = AXIS2_PLACEMENT_3D ( 'NONE', #140, #613, #358 ) ;
#584 = VECTOR ( 'NONE', #929, 39.37007874015748143 ) ;
#585 = EDGE_CURVE ( 'NONE', #532, #1422, #1126, .T. ) ;
#586 = AXIS2_PLACEMENT_3D ( 'NONE', #1760, #1791, #827 ) ;
#587 = VECTOR ( 'NONE', #1870, 39.37007874015748143 ) ;
#588 = DIRECTION ( 'NONE',  ( 0.000000000000000000, -0.000000000000000000, -1.000000000000000000 ) ) ;
#589 = CARTESIAN_POINT ( 'NONE',  ( -3.732686305410167993, 2.665812368156818213, 0.1000000000000000194 ) ) ;
#590 = ORIENTED_EDGE ( 'NONE', *, *, #1315, .F. ) ;
#591 = AXIS2_PLACEMENT_3D ( 'NONE', #762, #914, #142 ) ;
#592 = VECTOR ( 'NONE', #1609, 39.37007874015748143 ) ;
#593 = ORIENTED_EDGE ( 'NONE', *, *, #237, .T. ) ;
#594 = CARTESIAN_POINT ( 'NONE',  ( -0.3749999999999992784, 0.3749999999999998335, -4.375000000000000888 ) ) ;
#595 = FACE_OUTER_BOUND ( 'NONE', #994, .T. ) ;
#596 = PLANE ( 'NONE',  #1751 ) ;
#597 = DIRECTION ( 'NONE',  ( 1.000000000000000000, 0.000000000000000000, 0.000000000000000000 ) ) ;
#598 = VERTEX_POINT ( 'NONE', #442 ) ;
#599 = ORIENTED_EDGE ( 'NONE', *, *, #841, .T. ) ;
#600 = CARTESIAN_POINT ( 'NONE',  ( -0.6249999999999992228, 2.999999999999998668, 0.2500000000000000555 ) ) ;
#601 = EDGE_LOOP ( 'NONE', ( #379, #1607 ) ) ;
#602 = EDGE_CURVE ( 'NONE', #1843, #333, #1788, .T. ) ;
#603 = CARTESIAN_POINT ( 'NONE',  ( -3.749999999999999112, -2.875000000000000888, -4.375000000000000888 ) ) ;
#604 = VERTEX_POINT ( 'NONE', #310 ) ;
#605 = DIRECTION ( 'NONE',  ( -0.000000000000000000, -0.000000000000000000, 1.000000000000000000 ) ) ;
#606 = FACE_OUTER_BOUND ( 'NONE', #139, .T. ) ;
#607 = CARTESIAN_POINT ( 'NONE',  ( -2.993011132637300342, -1.093946410936111668, -4.375000000000000888 ) ) ;
#608 = FACE_OUTER_BOUND ( 'NONE', #260, .T. ) ;
#609 = EDGE_LOOP ( 'NONE', ( #1482, #1010, #370, #439 ) ) ;
#610 = DIRECTION ( 'NONE',  ( -0.000000000000000000, -0.000000000000000000, 1.000000000000000000 ) ) ;
#611 = ADVANCED_FACE ( 'NONE', ( #933 ), #1679, .F. ) ;
#612 = ORIENTED_EDGE ( 'NONE', *, *, #1038, .T. ) ;
#613 = DIRECTION ( 'NONE',  ( 0.000000000000000000, -0.000000000000000000, -1.000000000000000000 ) ) ;
#614 = AXIS2_PLACEMENT_3D ( 'NONE', #1052, #1692, #1868 ) ;
#615 = PLANE ( 'NONE',  #976 ) ;
#616 = VECTOR ( 'NONE', #1575, 39.37007874015748143 ) ;
#617 = CARTESIAN_POINT ( 'NONE',  ( -2.194850960857479105, -0.3750000000000001110, -4.375000000000000888 ) ) ;
#618 = DIRECTION ( 'NONE',  ( 1.000000000000000000, 0.000000000000000000, 0.000000000000000000 ) ) ;
#619 = CIRCLE ( 'NONE', #777, 0.1249999999999999029 ) ;
#620 = CIRCLE ( 'NONE', #1551, 0.1249999999999993477 ) ;
#621 = CIRCLE ( 'NONE', #1761, 0.04921259842519660338 ) ;
#622 = ORIENTED_EDGE ( 'NONE', *, *, #1048, .F. ) ;
#623 = CARTESIAN_POINT ( 'NONE',  ( -0.6250000000000016653, -2.999999999999999556, 0.2500000000000000555 ) ) ;
#624 = LOCAL_TIME ( 19, 7, 23.00000000000000000, #739 ) ;
#625 = ORIENTED_EDGE ( 'NONE', *, *, #1259, .F. ) ;
#626 = DIRECTION ( 'NONE',  ( 0.000000000000000000, -0.000000000000000000, -1.000000000000000000 ) ) ;
#627 = CARTESIAN_POINT ( 'NONE',  ( -3.138323632637300076, -0.7407881544974581622, 0.2500000000000000000 ) ) ;
#628 = ORIENTED_EDGE ( 'NONE', *, *, #692, .F. ) ;
#629 = ADVANCED_FACE ( 'NONE', ( #743 ), #596, .F. ) ;
#630 = LINE ( 'NONE', #1701, #1548 ) ;
#631 = CARTESIAN_POINT ( 'NONE',  ( -0.07578740157480380601, -5.616776837221946358E-16, 0.2500000000000000000 ) ) ;
#632 = EDGE_LOOP ( 'NONE', ( #944, #990, #175, #18 ) ) ;
#633 = DIRECTION ( 'NONE',  ( -1.000000000000000000, 0.000000000000000000, 0.000000000000000000 ) ) ;
#634 = ORIENTED_EDGE ( 'NONE', *, *, #1172, .T. ) ;
#635 = CARTESIAN_POINT ( 'NONE',  ( -1.625000000000001554, -3.000000000000001776, 0.2500000000000000555 ) ) ;
#636 = VERTEX_POINT ( 'NONE', #904 ) ;
#637 = CYLINDRICAL_SURFACE ( 'NONE', #228, 0.04921259842519662420 ) ;
#638 = VERTEX_POINT ( 'NONE', #131 ) ;
#639 = FACE_OUTER_BOUND ( 'NONE', #1132, .T. ) ;
#640 = DIRECTION ( 'NONE',  ( -0.000000000000000000, -0.000000000000000000, 1.000000000000000000 ) ) ;
#641 = ORIENTED_EDGE ( 'NONE', *, *, #523, .T. ) ;
#642 = CARTESIAN_POINT ( 'NONE',  ( -3.749999999999999112, -0.2500000000000000555, 0.2500000000000000000 ) ) ;
#643 = EDGE_LOOP ( 'NONE', ( #53, #1398, #1012, #1078 ) ) ;
#644 = CARTESIAN_POINT ( 'NONE',  ( -3.749999999999999112, -2.694971137819724749, -4.375000000000000888 ) ) ;
#645 = VERTEX_POINT ( 'NONE', #1530 ) ;
#646 = DIRECTION ( 'NONE',  ( -0.000000000000000000, -0.000000000000000000, 1.000000000000000000 ) ) ;
#647 = CARTESIAN_POINT ( 'NONE',  ( -0.3750000000000002220, -0.2499999999999998890, 0.1000000000000000194 ) ) ;
#648 = DIRECTION ( 'NONE',  ( -1.000000000000000000, 0.000000000000000000, -0.000000000000000000 ) ) ;
#649 = CIRCLE ( 'NONE', #840, 5.000000000000000000 ) ;
#650 = VECTOR ( 'NONE', #937, 39.37007874015748143 ) ;
#651 = EDGE_LOOP ( 'NONE', ( #534, #130 ) ) ;
#652 = VECTOR ( 'NONE', #698, 39.37007874015748143 ) ;
#653 = DIRECTION ( 'NONE',  ( -1.000000000000000000, 0.000000000000000000, 0.000000000000000000 ) ) ;
#654 = VECTOR ( 'NONE', #1197, 39.37007874015748143 ) ;
#655 = CIRCLE ( 'NONE', #32, 0.2499999999999998057 ) ;
#656 = EDGE_LOOP ( 'NONE', ( #828, #1903 ) ) ;
#657 = DIRECTION ( 'NONE',  ( 1.000000000000000000, 0.000000000000000000, 0.000000000000000000 ) ) ;
#658 = VERTEX_POINT ( 'NONE', #2003 ) ;
#659 = CARTESIAN_POINT ( 'NONE',  ( -3.624999999999999112, -2.875000000000000888, 0.2500000000000000000 ) ) ;
#660 = CARTESIAN_POINT ( 'NONE',  ( -0.2500000000000000000, -2.749999999999998668, -4.375000000000000888 ) ) ;
#661 = ORIENTED_EDGE ( 'NONE', *, *, #1665, .T. ) ;
#662 = LINE ( 'NONE', #1068, #387 ) ;
#663 = EDGE_CURVE ( 'NONE', #1703, #1245, #738, .T. ) ;
#664 = ORIENTED_EDGE ( 'NONE', *, *, #1595, .T. ) ;
#665 = EDGE_CURVE ( 'NONE', #961, #1153, #1145, .T. ) ;
#666 = CARTESIAN_POINT ( 'NONE',  ( -3.999999999999999556, 3.125000000000000000, 0.2500000000000000000 ) ) ;
#667 = ORIENTED_EDGE ( 'NONE', *, *, #184, .T. ) ;
#668 = EDGE_CURVE ( 'NONE', #1799, #1852, #1304, .T. ) ;
#669 = LINE ( 'NONE', #1733, #125 ) ;
#670 = DIRECTION ( 'NONE',  ( -0.000000000000000000, -0.000000000000000000, 1.000000000000000000 ) ) ;
#671 = ORIENTED_EDGE ( 'NONE', *, *, #1465, .F. ) ;
#672 = FACE_BOUND ( 'NONE', #798, .T. ) ;
#673 = CYLINDRICAL_SURFACE ( 'NONE', #1797, 0.1249999999999999029 ) ;
#674 = ORIENTED_EDGE ( 'NONE', *, *, #722, .T. ) ;
#675 = DIRECTION ( 'NONE',  ( 1.000000000000000000, 0.000000000000000000, 0.000000000000000000 ) ) ;
#676 = CARTESIAN_POINT ( 'NONE',  ( -0.1250000000000003886, -5.616776837221946358E-16, 0.2500000000000000555 ) ) ;
#677 = DIRECTION ( 'NONE',  ( 0.000000000000000000, -0.000000000000000000, -1.000000000000000000 ) ) ;
#678 = VERTEX_POINT ( 'NONE', #378 ) ;
#679 = LINE ( 'NONE', #1301, #1457 ) ;
#680 = AXIS2_PLACEMENT_3D ( 'NONE', #1798, #1441, #550 ) ;
#681 = AXIS2_PLACEMENT_3D ( 'NONE', #374, #700, #836 ) ;
#682 = CIRCLE ( 'NONE', #1034, 0.1249999999999999029 ) ;
#683 = VECTOR ( 'NONE', #280, 39.37007874015748143 ) ;
#684 = ADVANCED_FACE ( 'NONE', ( #993 ), #526, .F. ) ;
#685 = CC_DESIGN_SECURITY_CLASSIFICATION ( #1037, ( #1762 ) ) ;
#686 = DIRECTION ( 'NONE',  ( -0.000000000000000000, -0.000000000000000000, 1.000000000000000000 ) ) ;
#687 = EDGE_LOOP ( 'NONE', ( #1226, #1875, #1800, #536 ) ) ;
#688 = CARTESIAN_POINT ( 'NONE',  ( -3.624999999999999112, 2.729284091208171947, -4.375000000000000888 ) ) ;
#689 = FACE_BOUND ( 'NONE', #1252, .T. ) ;
#690 = DIRECTION ( 'NONE',  ( -1.000000000000000000, 0.000000000000000000, 0.000000000000000000 ) ) ;
#691 = ORIENTED_EDGE ( 'NONE', *, *, #834, .T. ) ;
#692 = EDGE_CURVE ( 'NONE', #1146, #168, #25, .T. ) ;
#693 = CARTESIAN_POINT ( 'NONE',  ( 3.827021247335478310E-16, -3.125000000000000000, 0.2500000000000000000 ) ) ;
#694 = ORIENTED_EDGE ( 'NONE', *, *, #1910, .T. ) ;
#695 = LINE ( 'NONE', #543, #1579 ) ;
#696 =( CONVERSION_BASED_UNIT ( 'INCH', #1270 ) LENGTH_UNIT ( ) NAMED_UNIT ( #473 ) );
#697 = EDGE_CURVE ( 'NONE', #341, #1813, #1249, .T. ) ;
#698 = DIRECTION ( 'NONE',  ( -0.000000000000000000, -0.000000000000000000, -1.000000000000000000 ) ) ;
#699 = EDGE_CURVE ( 'NONE', #78, #308, #1157, .T. ) ;
#700 = DIRECTION ( 'NONE',  ( 0.000000000000000000, -0.000000000000000000, -1.000000000000000000 ) ) ;
#701 = ORIENTED_EDGE ( 'NONE', *, *, #859, .F. ) ;
#702 = DIRECTION ( 'NONE',  ( -0.000000000000000000, -0.000000000000000000, 1.000000000000000000 ) ) ;
#703 = ORIENTED_EDGE ( 'NONE', *, *, #385, .F. ) ;
#704 = DIRECTION ( 'NONE',  ( 0.000000000000000000, -0.000000000000000000, -1.000000000000000000 ) ) ;
#705 = CARTESIAN_POINT ( 'NONE',  ( -0.6250000000000016653, -2.999999999999999556, 0.2500000000000000000 ) ) ;
#706 = ORIENTED_EDGE ( 'NONE', *, *, #289, .F. ) ;
#707 = ORIENTED_EDGE ( 'NONE', *, *, #1739, .T. ) ;
#708 = DIRECTION ( 'NONE',  ( -1.000000000000000000, 0.000000000000000000, 0.000000000000000000 ) ) ;
#709 = ORIENTED_EDGE ( 'NONE', *, *, #1404, .T. ) ;
#710 = CIRCLE ( 'NONE', #1628, 0.04921259842519634664 ) ;
#711 = CIRCLE ( 'NONE', #1853, 0.2499999999999998057 ) ;
#712 = CIRCLE ( 'NONE', #28, 1.000000000000000222 ) ;
#713 = CIRCLE ( 'NONE', #681, 0.1249999999999999029 ) ;
#714 = CARTESIAN_POINT ( 'NONE',  ( -3.624999999999999112, 2.750000000000000888, 0.2500000000000000000 ) ) ;
#715 = DIRECTION ( 'NONE',  ( -0.000000000000000000, -0.000000000000000000, 1.000000000000000000 ) ) ;
#716 = ORIENTED_EDGE ( 'NONE', *, *, #35, .T. ) ;
#717 = EDGE_CURVE ( 'NONE', #974, #1901, #177, .T. ) ;
#718 = CARTESIAN_POINT ( 'NONE',  ( -3.674212598425195431, 3.000000000000008438, 0.000000000000000000 ) ) ;
#719 = DIRECTION ( 'NONE',  ( 0.000000000000000000, 1.000000000000000000, 0.000000000000000000 ) ) ;
#720 = PERSON_AND_ORGANIZATION_ROLE ( 'design_owner' ) ;
#721 = CYLINDRICAL_SURFACE ( 'NONE', #2023, 0.04921259842519658950 ) ;
#722 = EDGE_CURVE ( 'NONE', #1271, #1544, #1569, .T. ) ;
#723 = DIRECTION ( 'NONE',  ( 1.000000000000000000, 0.000000000000000000, 0.000000000000000000 ) ) ;
#724 = ORIENTED_EDGE ( 'NONE', *, *, #1070, .F. ) ;
#725 = CARTESIAN_POINT ( 'NONE',  ( -3.999999999999998668, 2.694971137819724749, 0.2500000000000000000 ) ) ;
#726 = ORIENTED_EDGE ( 'NONE', *, *, #1373, .F. ) ;
#727 = DIRECTION ( 'NONE',  ( 1.000000000000000000, 0.000000000000000000, 0.000000000000000000 ) ) ;
#728 = EDGE_CURVE ( 'NONE', #1153, #86, #1951, .T. ) ;
#729 = PERSON_AND_ORGANIZATION ( #270, #562 ) ;
#730 = CARTESIAN_POINT ( 'NONE',  ( -3.255511132637300076, 0.000000000000000000, 0.2500000000000000000 ) ) ;
#731 = CARTESIAN_POINT ( 'NONE',  ( -3.624999999999999112, 2.750000000000000888, 0.1000000000000000194 ) ) ;
#732 = ORIENTED_EDGE ( 'NONE', *, *, #1114, .F. ) ;
#733 = ORIENTED_EDGE ( 'NONE', *, *, #728, .F. ) ;
#734 = DIRECTION ( 'NONE',  ( -0.000000000000000000, -0.000000000000000000, -1.000000000000000000 ) ) ;
#735 = ORIENTED_EDGE ( 'NONE', *, *, #184, .F. ) ;
#736 = LINE ( 'NONE', #1527, #997 ) ;
#737 = ORIENTED_EDGE ( 'NONE', *, *, #1149, .T. ) ;
#738 = CIRCLE ( 'NONE', #583, 0.1249999999999999584 ) ;
#739 = COORDINATED_UNIVERSAL_TIME_OFFSET ( 8, 0, .BEHIND. ) ;
#740 = VECTOR ( 'NONE', #24, 39.37007874015748143 ) ;
#741 = ADVANCED_FACE ( 'NONE', ( #43 ), #1115, .T. ) ;
#742 = AXIS2_PLACEMENT_3D ( 'NONE', #1916, #382, #690 ) ;
#743 = FACE_OUTER_BOUND ( 'NONE', #1969, .T. ) ;
#744 = LINE ( 'NONE', #1839, #2025 ) ;
#745 = ORIENTED_EDGE ( 'NONE', *, *, #1021, .T. ) ;
#746 = VECTOR ( 'NONE', #833, 39.37007874015748143 ) ;
#747 = CARTESIAN_POINT ( 'NONE',  ( -3.255511132637300076, 0.000000000000000000, 0.1000000000000000194 ) ) ;
#748 = DIRECTION ( 'NONE',  ( -0.000000000000000000, -0.000000000000000000, 1.000000000000000000 ) ) ;
#749 = ORIENTED_EDGE ( 'NONE', *, *, #1771, .T. ) ;
#750 = DIRECTION ( 'NONE',  ( -0.000000000000000000, -0.000000000000000000, 1.000000000000000000 ) ) ;
#751 = ORIENTED_EDGE ( 'NONE', *, *, #1368, .F. ) ;
#752 = LINE ( 'NONE', #463, #553 ) ;
#753 = CARTESIAN_POINT ( 'NONE',  ( -3.575787401574805013, -3.000000000000007550, 0.2500000000000000555 ) ) ;
#754 = EDGE_CURVE ( 'NONE', #942, #1799, #710, .T. ) ;
#755 = CARTESIAN_POINT ( 'NONE',  ( -0.5757874015748027929, 2.999999999999998668, 0.2500000000000000555 ) ) ;
#756 = CARTESIAN_POINT ( 'NONE',  ( -3.964548149173205083, -2.566639178875930849, 0.000000000000000000 ) ) ;
#757 = ORIENTED_EDGE ( 'NONE', *, *, #585, .F. ) ;
#758 = ORIENTED_EDGE ( 'NONE', *, *, #602, .T. ) ;
#759 = CARTESIAN_POINT ( 'NONE',  ( -3.022177799303967127, 0.9723968097209881867, 0.2500000000000000000 ) ) ;
#760 = ORIENTED_EDGE ( 'NONE', *, *, #580, .T. ) ;
#761 = CARTESIAN_POINT ( 'NONE',  ( -0.1249999999999992645, 2.499999999999999112, 0.2500000000000000000 ) ) ;
#762 = CARTESIAN_POINT ( 'NONE',  ( -3.624999999999999112, 2.729284091208171947, 0.2500000000000000000 ) ) ;
#763 = VERTEX_POINT ( 'NONE', #1740 ) ;
#764 = FACE_OUTER_BOUND ( 'NONE', #1570, .T. ) ;
#765 = DIRECTION ( 'NONE',  ( 1.000000000000000000, 0.000000000000000000, 0.000000000000000000 ) ) ;
#766 = ORIENTED_EDGE ( 'NONE', *, *, #210, .F. ) ;
#767 = DIRECTION ( 'NONE',  ( 1.000000000000000000, 0.000000000000000000, 0.000000000000000000 ) ) ;
#768 = ORIENTED_EDGE ( 'NONE', *, *, #808, .F. ) ;
#769 = EDGE_CURVE ( 'NONE', #430, #763, #1891, .T. ) ;
#770 = CYLINDRICAL_SURFACE ( 'NONE', #488, 0.04921259842519658950 ) ;
#771 = DIRECTION ( 'NONE',  ( -1.000000000000000000, 0.000000000000000000, 0.000000000000000000 ) ) ;
#772 = EDGE_LOOP ( 'NONE', ( #987, #980, #760, #1565 ) ) ;
#773 = AXIS2_PLACEMENT_3D ( 'NONE', #1046, #748, #1524 ) ;
#774 = AXIS2_PLACEMENT_3D ( 'NONE', #1694, #1381, #2014 ) ;
#775 = DIRECTION ( 'NONE',  ( 1.000000000000000000, 0.000000000000000000, 0.000000000000000000 ) ) ;
#776 = CARTESIAN_POINT ( 'NONE',  ( -3.624999999999999112, -2.750000000000000888, -4.375000000000000888 ) ) ;
#777 = AXIS2_PLACEMENT_3D ( 'NONE', #1850, #938, #155 ) ;
#778 = VECTOR ( 'NONE', #1024, 39.37007874015748143 ) ;
#779 = CIRCLE ( 'NONE', #525, 0.1249999999999999029 ) ;
#780 = ORIENTED_EDGE ( 'NONE', *, *, #869, .T. ) ;
#781 = DIRECTION ( 'NONE',  ( -0.000000000000000000, -0.000000000000000000, -1.000000000000000000 ) ) ;
#782 = EDGE_CURVE ( 'NONE', #163, #1343, #33, .T. ) ;
#783 = VERTEX_POINT ( 'NONE', #344 ) ;
#784 = CARTESIAN_POINT ( 'NONE',  ( -3.749999999999999112, 2.729284091208171947, 0.2500000000000000000 ) ) ;
#785 = DIRECTION ( 'NONE',  ( 1.000000000000000000, 0.000000000000000000, 0.000000000000000000 ) ) ;
#786 = ORIENTED_EDGE ( 'NONE', *, *, #1750, .F. ) ;
#787 = LINE ( 'NONE', #466, #1130 ) ;
#788 = CYLINDRICAL_SURFACE ( 'NONE', #813, 0.1249999999999999029 ) ;
#789 = ORIENTED_EDGE ( 'NONE', *, *, #1613, .T. ) ;
#790 = CARTESIAN_POINT ( 'NONE',  ( -1.575787401574805013, -3.000000000000001776, 0.000000000000000000 ) ) ;
#791 = VERTEX_POINT ( 'NONE', #1765 ) ;
#792 = EDGE_CURVE ( 'NONE', #2000, #1288, #368, .T. ) ;
#793 = CARTESIAN_POINT ( 'NONE',  ( -1.624999999999998890, 3.000000000000001776, 0.2500000000000000555 ) ) ;
#794 = ORIENTED_EDGE ( 'NONE', *, *, #1383, .T. ) ;
#795 = CARTESIAN_POINT ( 'NONE',  ( -0.5757874015748025709, 2.999999999999998668, 0.2500000000000000000 ) ) ;
#796 = CARTESIAN_POINT ( 'NONE',  ( -3.749999999999999112, -2.729284091208171947, -4.375000000000000888 ) ) ;
#797 = CYLINDRICAL_SURFACE ( 'NONE', #556, 0.1249999999999993477 ) ;
#798 = EDGE_LOOP ( 'NONE', ( #751, #625 ) ) ;
#799 = DIRECTION ( 'NONE',  ( 0.000000000000000000, -0.000000000000000000, -1.000000000000000000 ) ) ;
#800 = ORIENTED_EDGE ( 'NONE', *, *, #1525, .T. ) ;
#801 = EDGE_LOOP ( 'NONE', ( #1502, #192 ) ) ;
#802 = CARTESIAN_POINT ( 'NONE',  ( -0.1250000000000003886, -5.616776837221946358E-16, 0.2500000000000000555 ) ) ;
#803 = VERTEX_POINT ( 'NONE', #1730 ) ;
#804 = DIRECTION ( 'NONE',  ( -0.000000000000000000, -0.000000000000000000, 1.000000000000000000 ) ) ;
#805 = AXIS2_PLACEMENT_3D ( 'NONE', #978, #686, #1250 ) ;
#806 = DIRECTION ( 'NONE',  ( -1.000000000000000000, 0.000000000000000000, 0.000000000000000000 ) ) ;
#807 = CARTESIAN_POINT ( 'NONE',  ( -3.999999999999999556, 3.125000000000000000, 0.000000000000000000 ) ) ;
#808 = EDGE_CURVE ( 'NONE', #333, #1816, #1004, .T. ) ;
#809 = CIRCLE ( 'NONE', #1161, 0.2499999999999998057 ) ;
#810 = AXIS2_PLACEMENT_3D ( 'NONE', #1065, #1370, #1563 ) ;
#811 = EDGE_CURVE ( 'NONE', #1799, #942, #1513, .T. ) ;
#812 = ORIENTED_EDGE ( 'NONE', *, *, #1013, .T. ) ;
#813 = AXIS2_PLACEMENT_3D ( 'NONE', #776, #191, #765 ) ;
#814 = CARTESIAN_POINT ( 'NONE',  ( -0.1250000000000013878, -2.500000000000001332, 0.2500000000000000000 ) ) ;
#815 = AXIS2_PLACEMENT_3D ( 'NONE', #1036, #1811, #597 ) ;
#816 = DIRECTION ( 'NONE',  ( -0.000000000000000000, -0.000000000000000000, 1.000000000000000000 ) ) ;
#817 = ORIENTED_EDGE ( 'NONE', *, *, #507, .T. ) ;
#818 = DIRECTION ( 'NONE',  ( 0.000000000000000000, 0.000000000000000000, -1.000000000000000000 ) ) ;
#819 = DIRECTION ( 'NONE',  ( 1.000000000000000000, -0.000000000000000000, -0.000000000000000000 ) ) ;
#820 = ORIENTED_EDGE ( 'NONE', *, *, #453, .T. ) ;
#821 = LINE ( 'NONE', #693, #1000 ) ;
#822 = ORIENTED_EDGE ( 'NONE', *, *, #1228, .F. ) ;
#823 = DIRECTION ( 'NONE',  ( 1.000000000000000000, 0.000000000000000000, 0.000000000000000000 ) ) ;
#824 = ORIENTED_EDGE ( 'NONE', *, *, #1, .T. ) ;
#825 = DIRECTION ( 'NONE',  ( -1.000000000000000000, 0.000000000000000000, 0.000000000000000000 ) ) ;
#826 = DIRECTION ( 'NONE',  ( 1.000000000000000000, 1.270541693324308196E-15, 0.000000000000000000 ) ) ;
#827 = DIRECTION ( 'NONE',  ( -1.000000000000000000, 0.000000000000000000, 0.000000000000000000 ) ) ;
#828 = ORIENTED_EDGE ( 'NONE', *, *, #36, .F. ) ;
#829 = CARTESIAN_POINT ( 'NONE',  ( -3.749999999999999112, -2.694971137819724749, 0.2500000000000000000 ) ) ;
#830 = ADVANCED_FACE ( 'NONE', ( #1578 ), #673, .F. ) ;
#831 = DIRECTION ( 'NONE',  ( 0.000000000000000000, -0.000000000000000000, -1.000000000000000000 ) ) ;
#832 = ORIENTED_EDGE ( 'NONE', *, *, #1263, .F. ) ;
#833 = DIRECTION ( 'NONE',  ( -0.000000000000000000, -0.000000000000000000, 1.000000000000000000 ) ) ;
#834 = EDGE_CURVE ( 'NONE', #1200, #276, #214, .T. ) ;
#835 = CARTESIAN_POINT ( 'NONE',  ( -1.624999999999998890, 3.000000000000001776, 0.2500000000000000555 ) ) ;
#836 = DIRECTION ( 'NONE',  ( -1.000000000000000000, 0.000000000000000000, 0.000000000000000000 ) ) ;
#837 = CIRCLE ( 'NONE', #1979, 1.000000000000000222 ) ;
#838 = ORIENTED_EDGE ( 'NONE', *, *, #1665, .F. ) ;
#839 = DIRECTION ( 'NONE',  ( 0.000000000000000000, -0.000000000000000000, -1.000000000000000000 ) ) ;
#840 = AXIS2_PLACEMENT_3D ( 'NONE', #1543, #781, #1113 ) ;
#841 = EDGE_CURVE ( 'NONE', #1343, #1512, #655, .T. ) ;
#842 = VECTOR ( 'NONE', #1284, 39.37007874015748143 ) ;
#843 = ADVANCED_FACE ( 'NONE', ( #898 ), #1844, .F. ) ;
#844 = AXIS2_PLACEMENT_3D ( 'NONE', #167, #1562, #785 ) ;
#845 = DIRECTION ( 'NONE',  ( 1.000000000000000000, 0.000000000000000000, 0.000000000000000000 ) ) ;
#846 = DIRECTION ( 'NONE',  ( -0.000000000000000000, -0.000000000000000000, -1.000000000000000000 ) ) ;
#847 = CARTESIAN_POINT ( 'NONE',  ( -0.3750000000000002220, 0.2499999999999995837, 0.2500000000000000000 ) ) ;
#848 = CARTESIAN_POINT ( 'NONE',  ( -3.624999999999999112, -2.875000000000000888, -4.375000000000000888 ) ) ;
#849 = ORIENTED_EDGE ( 'NONE', *, *, #569, .F. ) ;
#850 = CARTESIAN_POINT ( 'NONE',  ( -3.749999999999999112, 2.694971137819724749, 0.000000000000000000 ) ) ;
#851 = VERTEX_POINT ( 'NONE', #1346 ) ;
#852 = PERSON_AND_ORGANIZATION_ROLE ( 'classification_officer' ) ;
#853 = DIRECTION ( 'NONE',  ( -1.000000000000000000, 0.000000000000000000, 0.000000000000000000 ) ) ;
#854 = CARTESIAN_POINT ( 'NONE',  ( -2.312702091055236497, -0.3333333333333330928, -4.375000000000000888 ) ) ;
#855 = DIRECTION ( 'NONE',  ( 1.000000000000000000, 0.000000000000000000, 0.000000000000000000 ) ) ;
#856 = CARTESIAN_POINT ( 'NONE',  ( -1.625000000000001554, -3.000000000000001776, 0.000000000000000000 ) ) ;
#857 = ORIENTED_EDGE ( 'NONE', *, *, #427, .T. ) ;
#858 = APPROVAL_STATUS ( 'not_yet_approved' ) ;
#859 = EDGE_CURVE ( 'NONE', #910, #1813, #1676, .T. ) ;
#860 = DIRECTION ( 'NONE',  ( 0.000000000000000000, -0.000000000000000000, -1.000000000000000000 ) ) ;
#861 = LINE ( 'NONE', #1335, #1392 ) ;
#862 = EDGE_CURVE ( 'NONE', #1372, #508, #837, .T. ) ;
#863 = CARTESIAN_POINT ( 'NONE',  ( 3.827021247335478310E-16, 3.125000000000000000, 0.000000000000000000 ) ) ;
#864 = DIRECTION ( 'NONE',  ( -0.000000000000000000, -0.000000000000000000, 1.000000000000000000 ) ) ;
#865 = ADVANCED_FACE ( 'NONE', ( #105 ), #272, .T. ) ;
#866 = ADVANCED_FACE ( 'NONE', ( #138 ), #581, .T. ) ;
#867 = VECTOR ( 'NONE', #1079, 39.37007874015748143 ) ;
#868 = AXIS2_PLACEMENT_3D ( 'NONE', #856, #839, #708 ) ;
#869 = EDGE_CURVE ( 'NONE', #1521, #1422, #911, .T. ) ;
#870 = AXIS2_PLACEMENT_3D ( 'NONE', #1835, #1682, #135 ) ;
#871 = APPROVAL_ROLE ( '' ) ;
#872 = CIRCLE ( 'NONE', #1134, 0.04921259842519662420 ) ;
#873 = AXIS2_PLACEMENT_3D ( 'NONE', #348, #971, #209 ) ;
#874 = DIRECTION ( 'NONE',  ( -0.000000000000000000, -0.000000000000000000, 1.000000000000000000 ) ) ;
#875 = CARTESIAN_POINT ( 'NONE',  ( -0.2500000000000000000, -2.749999999999998668, 0.2500000000000000000 ) ) ;
#876 = EDGE_CURVE ( 'NONE', #964, #1374, #736, .T. ) ;
#877 = EDGE_CURVE ( 'NONE', #645, #636, #1514, .T. ) ;
#878 = DIRECTION ( 'NONE',  ( -0.000000000000000000, -0.000000000000000000, 1.000000000000000000 ) ) ;
#879 = DIRECTION ( 'NONE',  ( -1.000000000000000000, 0.000000000000000000, 0.000000000000000000 ) ) ;
#880 = ORIENTED_EDGE ( 'NONE', *, *, #1602, .F. ) ;
#881 = CARTESIAN_POINT ( 'NONE',  ( -0.3750000000000002220, 0.2499999999999995837, -4.375000000000000888 ) ) ;
#882 = APPLICATION_PROTOCOL_DEFINITION ( 'international standard', 'config_control_design', 1994, #60 ) ;
#883 = CARTESIAN_POINT ( 'NONE',  ( -3.624999999999999112, 2.875000000000001332, -4.375000000000000888 ) ) ;
#884 = CARTESIAN_POINT ( 'NONE',  ( -3.749999999999999112, -2.875000000000000888, 0.2500000000000000000 ) ) ;
#885 = LINE ( 'NONE', #863, #973 ) ;
#886 = CARTESIAN_POINT ( 'NONE',  ( -3.575787401574802793, 3.000000000000008438, 0.2500000000000000555 ) ) ;
#887 = VERTEX_POINT ( 'NONE', #1505 ) ;
#888 = DIRECTION ( 'NONE',  ( -1.000000000000000000, 0.000000000000000000, 0.000000000000000000 ) ) ;
#889 = EDGE_CURVE ( 'NONE', #104, #566, #114, .T. ) ;
#890 = PERSON_AND_ORGANIZATION ( #270, #562 ) ;
#891 = FACE_OUTER_BOUND ( 'NONE', #1941, .T. ) ;
#892 = DIRECTION ( 'NONE',  ( 0.000000000000000000, -0.000000000000000000, -1.000000000000000000 ) ) ;
#893 = VERTEX_POINT ( 'NONE', #759 ) ;
#894 = ADVANCED_FACE ( 'NONE', ( #595 ), #1686, .F. ) ;
#895 = ORIENTED_EDGE ( 'NONE', *, *, #362, .T. ) ;
#896 = DIRECTION ( 'NONE',  ( 1.000000000000000000, 0.000000000000000000, 0.000000000000000000 ) ) ;
#897 = ORIENTED_EDGE ( 'NONE', *, *, #1812, .F. ) ;
#898 = FACE_OUTER_BOUND ( 'NONE', #1139, .T. ) ;
#899 = EDGE_CURVE ( 'NONE', #1901, #164, #1820, .T. ) ;
#900 = EDGE_CURVE ( 'NONE', #113, #1345, #27, .T. ) ;
#901 = AXIS2_PLACEMENT_3D ( 'NONE', #603, #1466, #1837 ) ;
#902 = EDGE_CURVE ( 'NONE', #1081, #40, #1485, .T. ) ;
#903 = VECTOR ( 'NONE', #1946, 39.37007874015748143 ) ;
#904 = CARTESIAN_POINT ( 'NONE',  ( -0.1742125984251957083, 2.499999999999999112, 0.2500000000000000555 ) ) ;
#905 = DIRECTION ( 'NONE',  ( 1.000000000000000000, 0.000000000000000000, 0.000000000000000000 ) ) ;
#906 = AXIS2_PLACEMENT_3D ( 'NONE', #705, #1803, #1168 ) ;
#907 = AXIS2_PLACEMENT_3D ( 'NONE', #1707, #474, #1560 ) ;
#908 = FACE_OUTER_BOUND ( 'NONE', #1731, .T. ) ;
#909 = DIRECTION ( 'NONE',  ( 1.000000000000000000, 0.000000000000000000, 0.000000000000000000 ) ) ;
#910 = VERTEX_POINT ( 'NONE', #1195 ) ;
#911 = LINE ( 'NONE', #1787, #1352 ) ;
#912 = EDGE_LOOP ( 'NONE', ( #1653, #1689, #398, #119 ) ) ;
#913 = DIRECTION ( 'NONE',  ( 1.000000000000000000, 0.000000000000000000, 0.000000000000000000 ) ) ;
#914 = DIRECTION ( 'NONE',  ( 0.000000000000000000, -0.000000000000000000, -1.000000000000000000 ) ) ;
#915 = CARTESIAN_POINT ( 'NONE',  ( -3.749999999999999112, 2.729284091208171947, 0.1000000000000000194 ) ) ;
#916 = FACE_OUTER_BOUND ( 'NONE', #1528, .T. ) ;
#917 = ORIENTED_EDGE ( 'NONE', *, *, #877, .F. ) ;
#918 = CARTESIAN_POINT ( 'NONE',  ( -0.6249999999999992228, 2.999999999999998668, 0.000000000000000000 ) ) ;
#919 = CC_DESIGN_PERSON_AND_ORGANIZATION_ASSIGNMENT ( #116, #852, ( #1037 ) ) ;
#920 = ORIENTED_EDGE ( 'NONE', *, *, #1298, .T. ) ;
#921 = EDGE_LOOP ( 'NONE', ( #1985, #472 ) ) ;
#922 = FACE_OUTER_BOUND ( 'NONE', #1310, .T. ) ;
#923 = EDGE_CURVE ( 'NONE', #851, #658, #255, .T. ) ;
#924 = CARTESIAN_POINT ( 'NONE',  ( -3.964548149173205083, 2.566639178875930849, 0.2500000000000000000 ) ) ;
#925 = CARTESIAN_POINT ( 'NONE',  ( -3.964548149173205083, 2.566639178875930849, 0.2500000000000000000 ) ) ;
#926 = EDGE_CURVE ( 'NONE', #1743, #164, #695, .T. ) ;
#927 = DIRECTION ( 'NONE',  ( -0.000000000000000000, -0.000000000000000000, 1.000000000000000000 ) ) ;
#928 = ORIENTED_EDGE ( 'NONE', *, *, #1070, .T. ) ;
#929 = DIRECTION ( 'NONE',  ( -1.000000000000000000, -5.629268658030111034E-17, 0.000000000000000000 ) ) ;
#930 = ORIENTED_EDGE ( 'NONE', *, *, #1111, .F. ) ;
#931 = ORIENTED_EDGE ( 'NONE', *, *, #329, .F. ) ;
#932 = EDGE_CURVE ( 'NONE', #1241, #791, #388, .T. ) ;
#933 = FACE_OUTER_BOUND ( 'NONE', #490, .T. ) ;
#934 = AXIS2_PLACEMENT_3D ( 'NONE', #1354, #1991, #1210 ) ;
#935 = LINE ( 'NONE', #1878, #1331 ) ;
#936 = AXIS2_PLACEMENT_3D ( 'NONE', #122, #97, #1020 ) ;
#937 = DIRECTION ( 'NONE',  ( -1.224646799147353207E-16, 1.000000000000000000, -0.000000000000000000 ) ) ;
#938 = DIRECTION ( 'NONE',  ( 0.000000000000000000, -0.000000000000000000, -1.000000000000000000 ) ) ;
#939 = VECTOR ( 'NONE', #576, 39.37007874015748143 ) ;
#940 = CIRCLE ( 'NONE', #1688, 0.04921259842519656869 ) ;
#941 = EDGE_CURVE ( 'NONE', #10, #966, #809, .T. ) ;
#942 = VERTEX_POINT ( 'NONE', #1076 ) ;
#943 = CARTESIAN_POINT ( 'NONE',  ( -1.575787401574802349, 3.000000000000001776, 0.000000000000000000 ) ) ;
#944 = ORIENTED_EDGE ( 'NONE', *, *, #2021, .T. ) ;
#945 = EDGE_LOOP ( 'NONE', ( #1836, #1434, #1911, #1274 ) ) ;
#946 = DIRECTION ( 'NONE',  ( 1.000000000000000000, 0.000000000000000000, 0.000000000000000000 ) ) ;
#947 = EDGE_LOOP ( 'NONE', ( #375, #2009 ) ) ;
#948 = CARTESIAN_POINT ( 'NONE',  ( -2.312702091055236497, 0.3333333333333333703, 0.1000000000000000194 ) ) ;
#949 = CARTESIAN_POINT ( 'NONE',  ( -0.1742125984251958748, 2.499999999999999112, 0.000000000000000000 ) ) ;
#950 = DIRECTION ( 'NONE',  ( 0.000000000000000000, -0.000000000000000000, -1.000000000000000000 ) ) ;
#951 = ORIENTED_EDGE ( 'NONE', *, *, #301, .F. ) ;
#952 = CARTESIAN_POINT ( 'NONE',  ( -3.138323632637300076, 0.7407881544974581622, 0.000000000000000000 ) ) ;
#953 = ORIENTED_EDGE ( 'NONE', *, *, #665, .T. ) ;
#954 = EDGE_CURVE ( 'NONE', #174, #1241, #15, .T. ) ;
#955 = DIRECTION ( 'NONE',  ( -0.000000000000000000, -0.000000000000000000, 1.000000000000000000 ) ) ;
#956 = ORIENTED_EDGE ( 'NONE', *, *, #1409, .T. ) ;
#957 =( LENGTH_UNIT ( ) NAMED_UNIT ( * ) SI_UNIT ( $, .METRE. ) );
#958 = EDGE_CURVE ( 'NONE', #1696, #604, #662, .T. ) ;
#959 = CARTESIAN_POINT ( 'NONE',  ( -3.749999999999999112, 2.750000000000000888, -4.375000000000000888 ) ) ;
#960 = DIRECTION ( 'NONE',  ( 0.000000000000000000, 0.000000000000000000, -1.000000000000000000 ) ) ;
#961 = VERTEX_POINT ( 'NONE', #943 ) ;
#962 = CARTESIAN_POINT ( 'NONE',  ( -0.2499999999999986955, -2.694971137819723417, 0.2500000000000000000 ) ) ;
#963 = ORIENTED_EDGE ( 'NONE', *, *, #859, .T. ) ;
#964 = VERTEX_POINT ( 'NONE', #160 ) ;
#965 = CARTESIAN_POINT ( 'NONE',  ( -8.255511132637300520, 0.000000000000000000, 0.2500000000000000000 ) ) ;
#966 = VERTEX_POINT ( 'NONE', #1697 ) ;
#967 = CARTESIAN_POINT ( 'NONE',  ( -3.255511132637300076, 0.000000000000000000, 0.2500000000000000000 ) ) ;
#968 = EDGE_CURVE ( 'NONE', #974, #1743, #1919, .T. ) ;
#969 = AXIS2_PLACEMENT_3D ( 'NONE', #1453, #535, #1123 ) ;
#970 = FACE_OUTER_BOUND ( 'NONE', #1557, .T. ) ;
#971 = DIRECTION ( 'NONE',  ( -0.000000000000000000, -0.000000000000000000, 1.000000000000000000 ) ) ;
#972 = CIRCLE ( 'NONE', #283, 0.04921259842519662420 ) ;
#973 = VECTOR ( 'NONE', #855, 39.37007874015748143 ) ;
#974 = VERTEX_POINT ( 'NONE', #790 ) ;
#975 = FACE_OUTER_BOUND ( 'NONE', #1203, .T. ) ;
#976 = AXIS2_PLACEMENT_3D ( 'NONE', #1553, #1391, #2028 ) ;
#977 = ORIENTED_EDGE ( 'NONE', *, *, #1956, .F. ) ;
#978 = CARTESIAN_POINT ( 'NONE',  ( -0.3749999999999992784, -0.3749999999999998335, -4.375000000000000888 ) ) ;
#979 = ORIENTED_EDGE ( 'NONE', *, *, #665, .F. ) ;
#980 = ORIENTED_EDGE ( 'NONE', *, *, #926, .T. ) ;
#981 = FACE_BOUND ( 'NONE', #1158, .T. ) ;
#982 = DIRECTION ( 'NONE',  ( -1.000000000000000000, 0.000000000000000000, 0.000000000000000000 ) ) ;
#983 = VERTEX_POINT ( 'NONE', #1275 ) ;
#984 = CARTESIAN_POINT ( 'NONE',  ( -1.575787401574802571, 3.000000000000001776, 0.2500000000000000555 ) ) ;
#985 = CC_DESIGN_PERSON_AND_ORGANIZATION_ASSIGNMENT ( #890, #1007, ( #264 ) ) ;
#986 = CARTESIAN_POINT ( 'NONE',  ( -3.625000000000001332, -3.000000000000007550, 0.000000000000000000 ) ) ;
#987 = ORIENTED_EDGE ( 'NONE', *, *, #968, .T. ) ;
#988 = CARTESIAN_POINT ( 'NONE',  ( -0.07578740157480479134, -2.500000000000001332, 0.2500000000000000000 ) ) ;
#989 = DIRECTION ( 'NONE',  ( 0.000000000000000000, -0.000000000000000000, -1.000000000000000000 ) ) ;
#990 = ORIENTED_EDGE ( 'NONE', *, *, #1228, .T. ) ;
#991 = DIRECTION ( 'NONE',  ( -1.000000000000000000, 0.000000000000000000, 0.000000000000000000 ) ) ;
#992 = ORIENTED_EDGE ( 'NONE', *, *, #1992, .F. ) ;
#993 = FACE_OUTER_BOUND ( 'NONE', #1436, .T. ) ;
#994 = EDGE_LOOP ( 'NONE', ( #196, #1747, #1470, #1209 ) ) ;
#995 = CYLINDRICAL_SURFACE ( 'NONE', #1463, 0.1249999999999999029 ) ;
#996 = LINE ( 'NONE', #1469, #1550 ) ;
#997 = VECTOR ( 'NONE', #1855, 39.37007874015748143 ) ;
#998 = ORIENTED_EDGE ( 'NONE', *, *, #1475, .T. ) ;
#999 = CARTESIAN_POINT ( 'NONE',  ( -2.194850960857479105, -0.3750000000000001110, 0.2500000000000000000 ) ) ;
#1000 = VECTOR ( 'NONE', #79, 39.37007874015748143 ) ;
#1001 = CIRCLE ( 'NONE', #586, 1.000000000000000222 ) ;
#1002 = VECTOR ( 'NONE', #874, 39.37007874015748143 ) ;
#1003 = CIRCLE ( 'NONE', #126, 0.7499999999999998890 ) ;
#1004 = CIRCLE ( 'NONE', #281, 5.000000000000000000 ) ;
#1005 = LOCAL_TIME ( 19, 7, 23.00000000000000000, #1178 ) ;
#1006 = CARTESIAN_POINT ( 'NONE',  ( -2.194850960857479105, -0.2499999999999999722, -4.375000000000000888 ) ) ;
#1007 = PERSON_AND_ORGANIZATION_ROLE ( 'creator' ) ;
#1008 = DIRECTION ( 'NONE',  ( -1.000000000000000000, 0.000000000000000000, 0.000000000000000000 ) ) ;
#1009 = LINE ( 'NONE', #660, #485 ) ;
#1010 = ORIENTED_EDGE ( 'NONE', *, *, #373, .F. ) ;
#1011 = FACE_BOUND ( 'NONE', #1630, .T. ) ;
#1012 = ORIENTED_EDGE ( 'NONE', *, *, #465, .F. ) ;
#1013 = EDGE_CURVE ( 'NONE', #966, #163, #649, .T. ) ;
#1014 = ORIENTED_EDGE ( 'NONE', *, *, #189, .F. ) ;
#1015 = CALENDAR_DATE ( 2026, 20, 3 ) ;
#1016 = EDGE_CURVE ( 'NONE', #1614, #791, #1265, .T. ) ;
#1017 = CYLINDRICAL_SURFACE ( 'NONE', #162, 0.1249999999999999029 ) ;
#1018 = DIRECTION ( 'NONE',  ( -1.000000000000000000, 0.000000000000000000, 0.000000000000000000 ) ) ;
#1019 = DIRECTION ( 'NONE',  ( -1.270541693324308196E-15, -1.000000000000000000, -0.000000000000000000 ) ) ;
#1020 = DIRECTION ( 'NONE',  ( -1.000000000000000000, 0.000000000000000000, 0.000000000000000000 ) ) ;
#1021 = EDGE_CURVE ( 'NONE', #232, #1271, #1246, .T. ) ;
#1022 = PERSON_AND_ORGANIZATION_ROLE ( 'design_supplier' ) ;
#1023 = EDGE_CURVE ( 'NONE', #308, #78, #972, .T. ) ;
#1024 = DIRECTION ( 'NONE',  ( -0.000000000000000000, -0.000000000000000000, 1.000000000000000000 ) ) ;
#1025 = DIRECTION ( 'NONE',  ( -1.270541693324308196E-15, -1.000000000000000000, -0.000000000000000000 ) ) ;
#1026 = DIRECTION ( 'NONE',  ( 1.000000000000000000, 0.000000000000000000, 0.000000000000000000 ) ) ;
#1027 = CARTESIAN_POINT ( 'NONE',  ( -0.3750000000000007772, 2.875000000000000000, 0.2500000000000000000 ) ) ;
#1028 = VERTEX_POINT ( 'NONE', #1396 ) ;
#1029 = CIRCLE ( 'NONE', #1545, 0.04921259842519641603 ) ;
#1030 = AXIS2_PLACEMENT_3D ( 'NONE', #1975, #1182, #1351 ) ;
#1031 = ORIENTED_EDGE ( 'NONE', *, *, #301, .T. ) ;
#1032 = CIRCLE ( 'NONE', #161, 5.250000000000000888 ) ;
#1033 = VECTOR ( 'NONE', #199, 39.37007874015748143 ) ;
#1034 = AXIS2_PLACEMENT_3D ( 'NONE', #731, #892, #1349 ) ;
#1035 = CARTESIAN_POINT ( 'NONE',  ( -3.624999999999999112, 2.729284091208171947, 0.1000000000000000194 ) ) ;
#1036 = CARTESIAN_POINT ( 'NONE',  ( -1.624999999999998890, 3.000000000000001776, 0.2500000000000000000 ) ) ;
#1037 = SECURITY_CLASSIFICATION ( '', '', #1809 ) ;
#1038 = EDGE_CURVE ( 'NONE', #182, #983, #1029, .T. ) ;
#1039 = EDGE_LOOP ( 'NONE', ( #1264, #709, #1518, #1715 ) ) ;
#1040 = FACE_OUTER_BOUND ( 'NONE', #1534, .T. ) ;
#1041 = ORIENTED_EDGE ( 'NONE', *, *, #900, .T. ) ;
#1042 = DIRECTION ( 'NONE',  ( 1.000000000000000000, 0.000000000000000000, 0.000000000000000000 ) ) ;
#1043 = CARTESIAN_POINT ( 'NONE',  ( 3.827021247335478310E-16, 3.125000000000000000, 0.2500000000000000000 ) ) ;
#1044 = CYLINDRICAL_SURFACE ( 'NONE', #1101, 1.000000000000000222 ) ;
#1045 = FACE_OUTER_BOUND ( 'NONE', #252, .T. ) ;
#1046 = CARTESIAN_POINT ( 'NONE',  ( -3.624999999999999112, 3.000000000000008438, 0.2500000000000000000 ) ) ;
#1047 = ORIENTED_EDGE ( 'NONE', *, *, #221, .F. ) ;
#1048 = EDGE_CURVE ( 'NONE', #1776, #964, #1424, .T. ) ;
#1049 = CARTESIAN_POINT ( 'NONE',  ( -3.255511132637300076, 0.000000000000000000, 0.2500000000000000000 ) ) ;
#1050 = ADVANCED_FACE ( 'NONE', ( #1104 ), #497, .F. ) ;
#1051 = ORIENTED_EDGE ( 'NONE', *, *, #1263, .T. ) ;
#1052 = CARTESIAN_POINT ( 'NONE',  ( -0.6250000000000016653, -2.999999999999999556, 0.2500000000000000000 ) ) ;
#1053 = DIRECTION ( 'NONE',  ( -0.000000000000000000, -0.000000000000000000, 1.000000000000000000 ) ) ;
#1054 = DIRECTION ( 'NONE',  ( 1.000000000000000000, 0.000000000000000000, 0.000000000000000000 ) ) ;
#1055 = FACE_OUTER_BOUND ( 'NONE', #1823, .T. ) ;
#1056 = ORIENTED_EDGE ( 'NONE', *, *, #1329, .T. ) ;
#1057 = DIRECTION ( 'NONE',  ( -0.000000000000000000, -0.000000000000000000, 1.000000000000000000 ) ) ;
#1058 = AXIS2_PLACEMENT_3D ( 'NONE', #1699, #324, #1721 ) ;
#1059 = ORIENTED_EDGE ( 'NONE', *, *, #1016, .T. ) ;
#1060 = AXIS2_PLACEMENT_3D ( 'NONE', #600, #1959, #1968 ) ;
#1061 = AXIS2_PLACEMENT_3D ( 'NONE', #545, #238, #853 ) ;
#1062 = LINE ( 'NONE', #1859, #683 ) ;
#1063 = CARTESIAN_POINT ( 'NONE',  ( -0.2499999999999993616, 0.3750000000000007772, -4.375000000000000888 ) ) ;
#1064 = VECTOR ( 'NONE', #1025, 39.37007874015748143 ) ;
#1065 = CARTESIAN_POINT ( 'NONE',  ( -3.625000000000001332, -3.000000000000007550, 0.2500000000000000000 ) ) ;
#1066 = DIRECTION ( 'NONE',  ( 0.000000000000000000, 1.000000000000000000, 0.000000000000000000 ) ) ;
#1067 = VERTEX_POINT ( 'NONE', #148 ) ;
#1068 = CARTESIAN_POINT ( 'NONE',  ( -3.732686305410167993, 2.665812368156818213, -4.375000000000000888 ) ) ;
#1069 = ORIENTED_EDGE ( 'NONE', *, *, #754, .F. ) ;
#1070 = EDGE_CURVE ( 'NONE', #1090, #83, #1566, .T. ) ;
#1071 = CYLINDRICAL_SURFACE ( 'NONE', #1058, 0.04921259842519662420 ) ;
#1072 = CARTESIAN_POINT ( 'NONE',  ( -3.999999999999999556, -3.125000000000000000, 0.2500000000000000000 ) ) ;
#1073 = DIRECTION ( 'NONE',  ( 1.000000000000000000, 0.000000000000000000, 0.000000000000000000 ) ) ;
#1074 = FACE_OUTER_BOUND ( 'NONE', #58, .T. ) ;
#1075 = EDGE_LOOP ( 'NONE', ( #1934, #590 ) ) ;
#1076 = CARTESIAN_POINT ( 'NONE',  ( -3.674212598425197651, -3.000000000000007550, 0.000000000000000000 ) ) ;
#1077 = ADVANCED_FACE ( 'NONE', ( #5 ), #193, .F. ) ;
#1078 = ORIENTED_EDGE ( 'NONE', *, *, #1399, .F. ) ;
#1079 = DIRECTION ( 'NONE',  ( 1.000000000000000000, -3.362274453740633550E-16, 0.000000000000000000 ) ) ;
#1080 = CARTESIAN_POINT ( 'NONE',  ( -2.312702091055236497, -0.3333333333333330928, 0.1000000000000000194 ) ) ;
#1081 = VERTEX_POINT ( 'NONE', #952 ) ;
#1082 = EDGE_CURVE ( 'NONE', #541, #887, #1328, .T. ) ;
#1083 = ORIENTED_EDGE ( 'NONE', *, *, #1082, .F. ) ;
#1084 = CYLINDRICAL_SURFACE ( 'NONE', #1982, 0.1249999999999999029 ) ;
#1085 = DIRECTION ( 'NONE',  ( -0.000000000000000000, -0.000000000000000000, 1.000000000000000000 ) ) ;
#1086 = EDGE_LOOP ( 'NONE', ( #325, #1097, #1160, #2007 ) ) ;
#1087 = DIRECTION ( 'NONE',  ( 1.000000000000000000, 0.000000000000000000, 0.000000000000000000 ) ) ;
#1088 = ADVANCED_BREP_SHAPE_REPRESENTATION ( 'Bottom Plate_Vf', ( #212, #361 ), #263 ) ;
#1089 = ORIENTED_EDGE ( 'NONE', *, *, #1879, .T. ) ;
#1090 = VERTEX_POINT ( 'NONE', #1227 ) ;
#1091 = DESIGN_CONTEXT ( 'detailed design', #60, 'design' ) ;
#1092 = DIRECTION ( 'NONE',  ( 1.000000000000000000, 0.000000000000000000, 0.000000000000000000 ) ) ;
#1093 = CIRCLE ( 'NONE', #223, 0.04921259842519641603 ) ;
#1094 = VERTEX_POINT ( 'NONE', #41 ) ;
#1095 = CARTESIAN_POINT ( 'NONE',  ( -0.6249999999999992228, 2.999999999999998668, 0.2500000000000000000 ) ) ;
#1096 = VECTOR ( 'NONE', #169, 39.37007874015748143 ) ;
#1097 = ORIENTED_EDGE ( 'NONE', *, *, #932, .T. ) ;
#1098 = VECTOR ( 'NONE', #393, 39.37007874015748143 ) ;
#1099 = DIRECTION ( 'NONE',  ( 0.000000000000000000, -0.000000000000000000, -1.000000000000000000 ) ) ;
#1100 = LINE ( 'NONE', #1225, #1355 ) ;
#1101 = AXIS2_PLACEMENT_3D ( 'NONE', #1493, #101, #723 ) ;
#1102 = EDGE_CURVE ( 'NONE', #174, #1614, #1385, .T. ) ;
#1103 = ORIENTED_EDGE ( 'NONE', *, *, #1990, .T. ) ;
#1104 = FACE_OUTER_BOUND ( 'NONE', #609, .T. ) ;
#1105 = ORIENTED_EDGE ( 'NONE', *, *, #902, .F. ) ;
#1106 = DIRECTION ( 'NONE',  ( 1.000000000000000000, -0.000000000000000000, 0.000000000000000000 ) ) ;
#1107 = ORIENTED_EDGE ( 'NONE', *, *, #1631, .T. ) ;
#1108 = ORIENTED_EDGE ( 'NONE', *, *, #1242, .T. ) ;
#1109 = DIRECTION ( 'NONE',  ( -0.000000000000000000, -0.000000000000000000, 1.000000000000000000 ) ) ;
#1110 = CARTESIAN_POINT ( 'NONE',  ( -3.674212598425197651, -3.000000000000007550, 0.2500000000000000555 ) ) ;
#1111 = EDGE_CURVE ( 'NONE', #1081, #113, #1353, .T. ) ;
#1112 = ORIENTED_EDGE ( 'NONE', *, *, #1589, .F. ) ;
#1113 = DIRECTION ( 'NONE',  ( 1.000000000000000000, 0.000000000000000000, 0.000000000000000000 ) ) ;
#1114 = EDGE_CURVE ( 'NONE', #1366, #1336, #711, .T. ) ;
#1115 = PLANE ( 'NONE',  #1576 ) ;
#1116 = ORIENTED_EDGE ( 'NONE', *, *, #470, .T. ) ;
#1117 = CARTESIAN_POINT ( 'NONE',  ( -0.6742125984251958748, 2.999999999999998668, 0.2500000000000000000 ) ) ;
#1118 = LINE ( 'NONE', #1127, #30 ) ;
#1119 = CARTESIAN_POINT ( 'NONE',  ( -8.255511132637300520, 0.000000000000000000, 0.1000000000000000194 ) ) ;
#1120 = ORIENTED_EDGE ( 'NONE', *, *, #507, .F. ) ;
#1121 = DIRECTION ( 'NONE',  ( -1.000000000000000000, 0.000000000000000000, 0.000000000000000000 ) ) ;
#1122 = ORIENTED_EDGE ( 'NONE', *, *, #2021, .F. ) ;
#1123 = DIRECTION ( 'NONE',  ( -1.000000000000000000, 0.000000000000000000, 0.000000000000000000 ) ) ;
#1124 = ORIENTED_EDGE ( 'NONE', *, *, #417, .T. ) ;
#1125 = DIRECTION ( 'NONE',  ( 1.000000000000000000, 0.000000000000000000, 0.000000000000000000 ) ) ;
#1126 = CIRCLE ( 'NONE', #907, 0.1249999999999999584 ) ;
#1127 = CARTESIAN_POINT ( 'NONE',  ( -3.749999999999999112, -2.694971137819724749, 0.1000000000000000194 ) ) ;
#1128 = DIRECTION ( 'NONE',  ( 0.000000000000000000, -0.000000000000000000, -1.000000000000000000 ) ) ;
#1129 = AXIS2_PLACEMENT_3D ( 'NONE', #999, #1478, #505 ) ;
#1130 = VECTOR ( 'NONE', #457, 39.37007874015748143 ) ;
#1131 = PRODUCT_RELATED_PRODUCT_CATEGORY ( 'detail', '', ( #371 ) ) ;
#1132 = EDGE_LOOP ( 'NONE', ( #1235, #1749, #1582, #920 ) ) ;
#1133 = AXIS2_PLACEMENT_3D ( 'NONE', #1314, #1128, #1273 ) ;
#1134 = AXIS2_PLACEMENT_3D ( 'NONE', #1904, #502, #806 ) ;
#1135 = FACE_BOUND ( 'NONE', #921, .T. ) ;
#1136 = CIRCLE ( 'NONE', #1890, 0.1249999999999999029 ) ;
#1137 = ORIENTED_EDGE ( 'NONE', *, *, #1845, .T. ) ;
#1138 = DIRECTION ( 'NONE',  ( 0.000000000000000000, -0.000000000000000000, -1.000000000000000000 ) ) ;
#1139 = EDGE_LOOP ( 'NONE', ( #445, #147, #953, #123 ) ) ;
#1140 = CARTESIAN_POINT ( 'NONE',  ( -1.625000000000001554, -3.000000000000001776, 0.2500000000000000000 ) ) ;
#1141 = FACE_BOUND ( 'NONE', #1882, .T. ) ;
#1142 = CYLINDRICAL_SURFACE ( 'NONE', #1718, 0.04921259842519658950 ) ;
#1143 = ORIENTED_EDGE ( 'NONE', *, *, #602, .F. ) ;
#1144 = FACE_BOUND ( 'NONE', #317, .T. ) ;
#1145 = LINE ( 'NONE', #1935, #254 ) ;
#1146 = VERTEX_POINT ( 'NONE', #1638 ) ;
#1147 = CYLINDRICAL_SURFACE ( 'NONE', #1931, 0.1249999999999993477 ) ;
#1148 = DIRECTION ( 'NONE',  ( -0.000000000000000000, -0.000000000000000000, 1.000000000000000000 ) ) ;
#1149 = EDGE_CURVE ( 'NONE', #83, #276, #156, .T. ) ;
#1150 = CARTESIAN_POINT ( 'NONE',  ( -0.1250000000000013878, -2.500000000000001332, 0.000000000000000000 ) ) ;
#1151 = ORIENTED_EDGE ( 'NONE', *, *, #1399, .T. ) ;
#1152 = FACE_BOUND ( 'NONE', #23, .T. ) ;
#1153 = VERTEX_POINT ( 'NONE', #984 ) ;
#1154 = DIRECTION ( 'NONE',  ( -0.000000000000000000, -0.000000000000000000, 1.000000000000000000 ) ) ;
#1155 = DIRECTION ( 'NONE',  ( 0.000000000000000000, -0.000000000000000000, -1.000000000000000000 ) ) ;
#1156 = LINE ( 'NONE', #503, #1098 ) ;
#1157 = CIRCLE ( 'NONE', #969, 0.04921259842519662420 ) ;
#1158 = EDGE_LOOP ( 'NONE', ( #309, #102 ) ) ;
#1159 = DIRECTION ( 'NONE',  ( -0.000000000000000000, -0.000000000000000000, 1.000000000000000000 ) ) ;
#1160 = ORIENTED_EDGE ( 'NONE', *, *, #1172, .F. ) ;
#1161 = AXIS2_PLACEMENT_3D ( 'NONE', #172, #1406, #1713 ) ;
#1162 = VECTOR ( 'NONE', #1363, 39.37007874015748143 ) ;
#1163 = CIRCLE ( 'NONE', #1958, 0.04921259842519662420 ) ;
#1164 = EDGE_CURVE ( 'NONE', #1413, #1852, #1656, .T. ) ;
#1165 = EDGE_CURVE ( 'NONE', #1743, #974, #1753, .T. ) ;
#1166 = APPROVAL_ROLE ( '' ) ;
#1167 = DIRECTION ( 'NONE',  ( -0.000000000000000000, 0.000000000000000000, -1.000000000000000000 ) ) ;
#1168 = DIRECTION ( 'NONE',  ( 1.000000000000000000, 0.000000000000000000, 0.000000000000000000 ) ) ;
#1169 = ORIENTED_EDGE ( 'NONE', *, *, #1259, .T. ) ;
#1170 = PLANE ( 'NONE',  #1886 ) ;
#1171 = ORIENTED_EDGE ( 'NONE', *, *, #237, .F. ) ;
#1172 = EDGE_CURVE ( 'NONE', #1372, #791, #2019, .T. ) ;
#1173 = CARTESIAN_POINT ( 'NONE',  ( -0.5757874015748050134, -2.999999999999999556, 0.2500000000000000000 ) ) ;
#1174 = DIRECTION ( 'NONE',  ( 0.000000000000000000, -0.000000000000000000, -1.000000000000000000 ) ) ;
#1175 = LINE ( 'NONE', #1637, #1426 ) ;
#1176 = CYLINDRICAL_SURFACE ( 'NONE', #1792, 0.1249999999999999306 ) ;
#1177 = ORIENTED_EDGE ( 'NONE', *, *, #1833, .F. ) ;
#1178 = COORDINATED_UNIVERSAL_TIME_OFFSET ( 8, 0, .BEHIND. ) ;
#1179 = CARTESIAN_POINT ( 'NONE',  ( -0.3749999999999992784, -0.3749999999999998335, 0.1000000000000000194 ) ) ;
#1180 = DIRECTION ( 'NONE',  ( 1.000000000000000000, 3.362274453740633550E-16, 0.000000000000000000 ) ) ;
#1181 = CARTESIAN_POINT ( 'NONE',  ( -3.099261132637300076, -0.9877175393299444384, 0.2500000000000000000 ) ) ;
#1182 = DIRECTION ( 'NONE',  ( 0.000000000000000000, -0.000000000000000000, -1.000000000000000000 ) ) ;
#1183 = EDGE_CURVE ( 'NONE', #1611, #182, #84, .T. ) ;
#1184 = AXIS2_PLACEMENT_3D ( 'NONE', #829, #1451, #59 ) ;
#1185 = DIRECTION ( 'NONE',  ( 1.000000000000000000, 3.362274453740633550E-16, 0.000000000000000000 ) ) ;
#1186 = AXIS2_PLACEMENT_3D ( 'NONE', #1244, #296, #482 ) ;
#1187 = CIRCLE ( 'NONE', #320, 0.04921259842519641603 ) ;
#1188 = VECTOR ( 'NONE', #1862, 39.37007874015748143 ) ;
#1189 = CC_DESIGN_APPROVAL ( #1489, ( #1037 ) ) ;
#1190 = FACE_OUTER_BOUND ( 'NONE', #178, .T. ) ;
#1191 = LINE ( 'NONE', #1664, #939 ) ;
#1192 = ADVANCED_FACE ( 'NONE', ( #1464 ), #72, .F. ) ;
#1193 = ORIENTED_EDGE ( 'NONE', *, *, #440, .F. ) ;
#1194 = CYLINDRICAL_SURFACE ( 'NONE', #1427, 0.2499999999999998057 ) ;
#1195 = CARTESIAN_POINT ( 'NONE',  ( -3.749999999999999112, -2.750000000000000888, 0.1000000000000000194 ) ) ;
#1196 = CARTESIAN_POINT ( 'NONE',  ( -3.749999999999999112, -0.2500000000000000555, -4.375000000000000888 ) ) ;
#1197 = DIRECTION ( 'NONE',  ( -0.000000000000000000, -0.000000000000000000, 1.000000000000000000 ) ) ;
#1198 = ORIENTED_EDGE ( 'NONE', *, *, #115, .F. ) ;
#1199 = DIRECTION ( 'NONE',  ( -0.000000000000000000, -0.000000000000000000, 1.000000000000000000 ) ) ;
#1200 = VERTEX_POINT ( 'NONE', #351 ) ;
#1201 = CARTESIAN_POINT ( 'NONE',  ( -3.749999999999999112, -2.694971137819724749, 0.000000000000000000 ) ) ;
#1202 = ORIENTED_EDGE ( 'NONE', *, *, #36, .T. ) ;
#1203 = EDGE_LOOP ( 'NONE', ( #1425, #360, #1626, #931 ) ) ;
#1204 = CARTESIAN_POINT ( 'NONE',  ( -3.749999999999997335, 2.875000000000001332, 0.1000000000000000194 ) ) ;
#1205 = FACE_OUTER_BOUND ( 'NONE', #643, .T. ) ;
#1206 = LINE ( 'NONE', #2005, #1188 ) ;
#1207 = FACE_OUTER_BOUND ( 'NONE', #517, .T. ) ;
#1208 = ADVANCED_FACE ( 'NONE', ( #975 ), #50, .F. ) ;
#1209 = ORIENTED_EDGE ( 'NONE', *, *, #869, .F. ) ;
#1210 = DIRECTION ( 'NONE',  ( 1.000000000000000000, 0.000000000000000000, 0.000000000000000000 ) ) ;
#1211 = EDGE_CURVE ( 'NONE', #541, #1454, #366, .T. ) ;
#1212 = VECTOR ( 'NONE', #204, 39.37007874015748143 ) ;
#1213 = ORIENTED_EDGE ( 'NONE', *, *, #923, .T. ) ;
#1214 = EDGE_CURVE ( 'NONE', #1950, #1309, #821, .T. ) ;
#1215 = AXIS2_PLACEMENT_3D ( 'NONE', #384, #1612, #243 ) ;
#1216 = CLOSED_SHELL ( 'NONE', ( #1324, #1691, #1908, #61, #509, #1208, #1651, #1619, #540, #1223, #1050, #478, #8, #1661, #1287, #1473, #1378, #246, #85, #1192, #865, #271, #1217, #1414, #1995, #1452, #894, #106, #1506, #684, #629, #146, #1807, #93, #1938, #1408, #367, #1961, #1962, #1632, #1303, #1866, #291, #866, #830, #1815, #1997, #741, #1256, #176, #2017, #548, #1077, #1529, #573, #524, #843, #611 ) ) ;
#1217 = ADVANCED_FACE ( 'NONE', ( #1949 ), #1943, .F. ) ;
#1218 = CIRCLE ( 'NONE', #318, 0.2499999999999998057 ) ;
#1219 = CIRCLE ( 'NONE', #1987, 0.1249999999999993477 ) ;
#1220 = DIRECTION ( 'NONE',  ( -1.000000000000000000, 0.000000000000000000, 0.000000000000000000 ) ) ;
#1221 = FACE_OUTER_BOUND ( 'NONE', #1864, .T. ) ;
#1222 = AXIS2_PLACEMENT_3D ( 'NONE', #1700, #804, #1617 ) ;
#1223 = ADVANCED_FACE ( 'NONE', ( #395, #1144, #672, #518, #1286, #1764, #542, #1135, #1605, #533, #1152, #1011 ), #1918, .F. ) ;
#1224 = DIRECTION ( 'NONE',  ( -1.000000000000000000, 0.000000000000000000, 0.000000000000000000 ) ) ;
#1225 = CARTESIAN_POINT ( 'NONE',  ( -3.674212598425197651, -3.000000000000007550, 0.2500000000000000000 ) ) ;
#1226 = ORIENTED_EDGE ( 'NONE', *, *, #1677, .T. ) ;
#1227 = CARTESIAN_POINT ( 'NONE',  ( -0.2500000000000001110, 2.749999999999998668, 0.2500000000000000000 ) ) ;
#1228 = EDGE_CURVE ( 'NONE', #598, #803, #679, .T. ) ;
#1229 = ORIENTED_EDGE ( 'NONE', *, *, #862, .F. ) ;
#1230 = CARTESIAN_POINT ( 'NONE',  ( -0.2500000000000000000, -2.749999999999998668, 0.1000000000000000194 ) ) ;
#1231 = CARTESIAN_POINT ( 'NONE',  ( -8.255511132637300520, 0.000000000000000000, 0.1000000000000000194 ) ) ;
#1232 = ORIENTED_EDGE ( 'NONE', *, *, #902, .T. ) ;
#1233 = LINE ( 'NONE', #925, #587 ) ;
#1234 = DIRECTION ( 'NONE',  ( 0.000000000000000000, -0.000000000000000000, -1.000000000000000000 ) ) ;
#1235 = ORIENTED_EDGE ( 'NONE', *, *, #1404, .F. ) ;
#1236 = CARTESIAN_POINT ( 'NONE',  ( -1.625000000000001554, -3.000000000000001776, 0.000000000000000000 ) ) ;
#1237 = EDGE_LOOP ( 'NONE', ( #1281, #1893, #745, #674 ) ) ;
#1238 = DIRECTION ( 'NONE',  ( -0.000000000000000000, -0.000000000000000000, 1.000000000000000000 ) ) ;
#1239 = ORIENTED_EDGE ( 'NONE', *, *, #1016, .F. ) ;
#1240 = CYLINDRICAL_SURFACE ( 'NONE', #357, 5.250000000000000888 ) ;
#1241 = VERTEX_POINT ( 'NONE', #1786 ) ;
#1242 = EDGE_CURVE ( 'NONE', #1706, #1512, #1774, .T. ) ;
#1243 = CARTESIAN_POINT ( 'NONE',  ( -0.6742125984251979842, -2.999999999999999556, 0.2500000000000000555 ) ) ;
#1244 = CARTESIAN_POINT ( 'NONE',  ( -0.2499999999999998057, -2.694971137819725637, -4.375000000000000888 ) ) ;
#1245 = VERTEX_POINT ( 'NONE', #1654 ) ;
#1246 = LINE ( 'NONE', #1899, #740 ) ;
#1247 = ORIENTED_EDGE ( 'NONE', *, *, #1645, .F. ) ;
#1248 = ORIENTED_EDGE ( 'NONE', *, *, #20, .F. ) ;
#1249 = CIRCLE ( 'NONE', #1386, 0.1249999999999999029 ) ;
#1250 = DIRECTION ( 'NONE',  ( 1.000000000000000000, 0.000000000000000000, 0.000000000000000000 ) ) ;
#1251 = VECTOR ( 'NONE', #1418, 39.37007874015748143 ) ;
#1252 = EDGE_LOOP ( 'NONE', ( #136, #322 ) ) ;
#1253 = DIRECTION ( 'NONE',  ( -0.000000000000000000, -0.000000000000000000, -1.000000000000000000 ) ) ;
#1254 = AXIS2_PLACEMENT_3D ( 'NONE', #607, #1555, #775 ) ;
#1255 = ORIENTED_EDGE ( 'NONE', *, *, #1775, .F. ) ;
#1256 = ADVANCED_FACE ( 'NONE', ( #1040 ), #1170, .F. ) ;
#1257 = AXIS2_PLACEMENT_3D ( 'NONE', #1119, #677, #1940 ) ;
#1258 = LINE ( 'NONE', #435, #1461 ) ;
#1259 = EDGE_CURVE ( 'NONE', #678, #201, #1093, .T. ) ;
#1260 = FACE_OUTER_BOUND ( 'NONE', #94, .T. ) ;
#1261 = AXIS2_PLACEMENT_3D ( 'NONE', #75, #512, #1779 ) ;
#1262 = AXIS2_PLACEMENT_3D ( 'NONE', #1379, #292, #1519 ) ;
#1263 = EDGE_CURVE ( 'NONE', #1703, #150, #1667, .T. ) ;
#1264 = ORIENTED_EDGE ( 'NONE', *, *, #811, .T. ) ;
#1265 = LINE ( 'NONE', #642, #353 ) ;
#1266 = EDGE_LOOP ( 'NONE', ( #383, #1031, #1756, #838 ) ) ;
#1267 = ORIENTED_EDGE ( 'NONE', *, *, #427, .F. ) ;
#1268 = DIRECTION ( 'NONE',  ( -0.000000000000000000, -0.000000000000000000, 1.000000000000000000 ) ) ;
#1269 = VERTEX_POINT ( 'NONE', #269 ) ;
#1270 = LENGTH_MEASURE_WITH_UNIT ( LENGTH_MEASURE( 0.02539999999999999897 ), #957 );
#1271 = VERTEX_POINT ( 'NONE', #261 ) ;
#1272 = LINE ( 'NONE', #959, #1033 ) ;
#1273 = DIRECTION ( 'NONE',  ( -1.000000000000000000, 0.000000000000000000, 0.000000000000000000 ) ) ;
#1274 = ORIENTED_EDGE ( 'NONE', *, *, #334, .F. ) ;
#1275 = CARTESIAN_POINT ( 'NONE',  ( -0.5757874015748052354, -2.999999999999999556, 0.2500000000000000555 ) ) ;
#1276 = VERTEX_POINT ( 'NONE', #886 ) ;
#1277 = ORIENTED_EDGE ( 'NONE', *, *, #240, .T. ) ;
#1278 = DIRECTION ( 'NONE',  ( 1.000000000000000000, 0.000000000000000000, 0.000000000000000000 ) ) ;
#1279 = ORIENTED_EDGE ( 'NONE', *, *, #1289, .T. ) ;
#1280 = DIRECTION ( 'NONE',  ( 0.000000000000000000, 0.000000000000000000, 1.000000000000000000 ) ) ;
#1281 = ORIENTED_EDGE ( 'NONE', *, *, #294, .F. ) ;
#1282 = CC_DESIGN_PERSON_AND_ORGANIZATION_ASSIGNMENT ( #107, #1022, ( #1762 ) ) ;
#1283 = DIRECTION ( 'NONE',  ( 1.000000000000000000, -3.362274453740633550E-16, 0.000000000000000000 ) ) ;
#1284 = DIRECTION ( 'NONE',  ( -0.000000000000000000, -0.000000000000000000, -1.000000000000000000 ) ) ;
#1285 = ORIENTED_EDGE ( 'NONE', *, *, #782, .F. ) ;
#1286 = FACE_BOUND ( 'NONE', #1698, .T. ) ;
#1287 = ADVANCED_FACE ( 'NONE', ( #1511 ), #1194, .T. ) ;
#1288 = VERTEX_POINT ( 'NONE', #403 ) ;
#1289 = EDGE_CURVE ( 'NONE', #1614, #150, #29, .T. ) ;
#1290 = CARTESIAN_POINT ( 'NONE',  ( -2.993011132637300342, 1.093946410936111668, -4.375000000000000888 ) ) ;
#1291 = ORIENTED_EDGE ( 'NONE', *, *, #1783, .F. ) ;
#1292 = PLANE ( 'NONE',  #1261 ) ;
#1293 = AXIS2_PLACEMENT_3D ( 'NONE', #74, #610, #1375 ) ;
#1294 = DIRECTION ( 'NONE',  ( -1.270541693324308196E-15, 1.000000000000000000, -0.000000000000000000 ) ) ;
#1295 = CARTESIAN_POINT ( 'NONE',  ( -3.624999999999999112, -2.875000000000000888, 0.1000000000000000194 ) ) ;
#1296 = CIRCLE ( 'NONE', #91, 0.2499999999999998057 ) ;
#1297 = AXIS2_PLACEMENT_3D ( 'NONE', #21, #2, #1073 ) ;
#1298 = EDGE_CURVE ( 'NONE', #1852, #1413, #258, .T. ) ;
#1299 = ORIENTED_EDGE ( 'NONE', *, *, #481, .F. ) ;
#1300 = AXIS2_PLACEMENT_3D ( 'NONE', #676, #1148, #217 ) ;
#1301 = CARTESIAN_POINT ( 'NONE',  ( -2.194850960857479105, 0.2500000000000002220, -4.375000000000000888 ) ) ;
#1302 = CC_DESIGN_APPROVAL ( #1342, ( #264 ) ) ;
#1303 = ADVANCED_FACE ( 'NONE', ( #1055 ), #1176, .F. ) ;
#1304 = LINE ( 'NONE', #1902, #87 ) ;
#1305 = ORIENTED_EDGE ( 'NONE', *, *, #1376, .F. ) ;
#1306 = FACE_OUTER_BOUND ( 'NONE', #1594, .T. ) ;
#1307 = LINE ( 'NONE', #1896, #1517 ) ;
#1308 = FACE_OUTER_BOUND ( 'NONE', #1561, .T. ) ;
#1309 = VERTEX_POINT ( 'NONE', #408 ) ;
#1310 = EDGE_LOOP ( 'NONE', ( #1407, #1768, #817, #1202 ) ) ;
#1311 = CARTESIAN_POINT ( 'NONE',  ( -3.115394853567532873, -1.068505796728292934, -4.375000000000000888 ) ) ;
#1312 = CARTESIAN_POINT ( 'NONE',  ( -3.255511132637300076, 0.000000000000000000, -4.375000000000000888 ) ) ;
#1313 = CARTESIAN_POINT ( 'NONE',  ( -3.624999999999999112, 3.000000000000008438, 0.000000000000000000 ) ) ;
#1314 = CARTESIAN_POINT ( 'NONE',  ( -2.194850960857479105, 0.3750000000000001110, 0.1000000000000000194 ) ) ;
#1315 = EDGE_CURVE ( 'NONE', #14, #1496, #1824, .T. ) ;
#1316 = VERTEX_POINT ( 'NONE', #1027 ) ;
#1317 = DIRECTION ( 'NONE',  ( 1.000000000000000000, 0.000000000000000000, 0.000000000000000000 ) ) ;
#1318 = EDGE_CURVE ( 'NONE', #1611, #454, #195, .T. ) ;
#1319 = ORIENTED_EDGE ( 'NONE', *, *, #1750, .T. ) ;
#1320 = EDGE_CURVE ( 'NONE', #1857, #961, #521, .T. ) ;
#1321 = ORIENTED_EDGE ( 'NONE', *, *, #115, .T. ) ;
#1322 = CARTESIAN_POINT ( 'NONE',  ( -2.194850960857479105, -0.3750000000000001110, 0.1000000000000000194 ) ) ;
#1323 = CARTESIAN_POINT ( 'NONE',  ( -3.624999999999999112, 2.875000000000001332, 0.2500000000000000000 ) ) ;
#1324 = ADVANCED_FACE ( 'NONE', ( #1495 ), #572, .F. ) ;
#1325 = AXIS2_PLACEMENT_3D ( 'NONE', #1912, #197, #1435 ) ;
#1326 = DIRECTION ( 'NONE',  ( -0.000000000000000000, -0.000000000000000000, 1.000000000000000000 ) ) ;
#1327 = DIRECTION ( 'NONE',  ( -0.000000000000000000, 0.000000000000000000, -1.000000000000000000 ) ) ;
#1328 = CIRCLE ( 'NONE', #1981, 0.1249999999999999029 ) ;
#1329 = EDGE_CURVE ( 'NONE', #232, #1336, #103, .T. ) ;
#1330 = VECTOR ( 'NONE', #719, 39.37007874015748143 ) ;
#1331 = VECTOR ( 'NONE', #311, 39.37007874015748143 ) ;
#1332 = ORIENTED_EDGE ( 'NONE', *, *, #1214, .F. ) ;
#1333 = ORIENTED_EDGE ( 'NONE', *, *, #1409, .F. ) ;
#1334 = DIRECTION ( 'NONE',  ( -1.000000000000000000, 0.000000000000000000, 0.000000000000000000 ) ) ;
#1335 = CARTESIAN_POINT ( 'NONE',  ( -3.344796846923014488, 0.9406833707904234121, 0.2500000000000000000 ) ) ;
#1336 = VERTEX_POINT ( 'NONE', #1999 ) ;
#1337 = CARTESIAN_POINT ( 'NONE',  ( -0.2499999999999993616, 0.3750000000000007772, 0.1000000000000000194 ) ) ;
#1338 = ORIENTED_EDGE ( 'NONE', *, *, #1082, .T. ) ;
#1339 = PERSON_AND_ORGANIZATION ( #270, #562 ) ;
#1340 = DIRECTION ( 'NONE',  ( 0.000000000000000000, -0.000000000000000000, -1.000000000000000000 ) ) ;
#1341 = DIRECTION ( 'NONE',  ( -0.000000000000000000, 0.000000000000000000, -1.000000000000000000 ) ) ;
#1342 = APPROVAL ( #1670, 'UNSPECIFIED' ) ;
#1343 = VERTEX_POINT ( 'NONE', #756 ) ;
#1344 = CARTESIAN_POINT ( 'NONE',  ( -3.964548149173205083, 2.566639178875930849, 0.000000000000000000 ) ) ;
#1345 = VERTEX_POINT ( 'NONE', #1822 ) ;
#1346 = CARTESIAN_POINT ( 'NONE',  ( -0.07578740157480495787, -2.500000000000001332, 0.2500000000000000555 ) ) ;
#1347 = APPROVAL_ROLE ( '' ) ;
#1348 = CARTESIAN_POINT ( 'NONE',  ( -3.624999999999999112, 2.750000000000000888, -4.375000000000000888 ) ) ;
#1349 = DIRECTION ( 'NONE',  ( -1.000000000000000000, 0.000000000000000000, 0.000000000000000000 ) ) ;
#1350 = DIRECTION ( 'NONE',  ( -0.000000000000000000, -0.000000000000000000, -1.000000000000000000 ) ) ;
#1351 = DIRECTION ( 'NONE',  ( -1.000000000000000000, 0.000000000000000000, 0.000000000000000000 ) ) ;
#1352 = VECTOR ( 'NONE', #1185, 39.37007874015748143 ) ;
#1353 = CIRCLE ( 'NONE', #62, 0.7499999999999998890 ) ;
#1354 = CARTESIAN_POINT ( 'NONE',  ( -3.099261132637300076, 0.9877175393299444384, 0.000000000000000000 ) ) ;
#1355 = VECTOR ( 'NONE', #1085, 39.37007874015748143 ) ;
#1356 = AXIS2_PLACEMENT_3D ( 'NONE', #1520, #1369, #2004 ) ;
#1357 = CALENDAR_DATE ( 2026, 20, 3 ) ;
#1358 = VECTOR ( 'NONE', #1268, 39.37007874015748143 ) ;
#1359 = CC_DESIGN_APPROVAL ( #349, ( #1762 ) ) ;
#1360 = CARTESIAN_POINT ( 'NONE',  ( -3.115394853567532873, -1.068505796728292934, 0.1000000000000000194 ) ) ;
#1361 = CYLINDRICAL_SURFACE ( 'NONE', #418, 5.000000000000000000 ) ;
#1362 = CARTESIAN_POINT ( 'NONE',  ( -0.6250000000000016653, -2.999999999999999556, 0.2500000000000000555 ) ) ;
#1363 = DIRECTION ( 'NONE',  ( -0.000000000000000000, 0.000000000000000000, -1.000000000000000000 ) ) ;
#1364 = ORIENTED_EDGE ( 'NONE', *, *, #1812, .T. ) ;
#1365 = DIRECTION ( 'NONE',  ( -0.000000000000000000, -0.000000000000000000, 1.000000000000000000 ) ) ;
#1366 = VERTEX_POINT ( 'NONE', #1344 ) ;
#1367 = DIRECTION ( 'NONE',  ( -5.629268658030111034E-17, 1.000000000000000000, 0.000000000000000000 ) ) ;
#1368 = EDGE_CURVE ( 'NONE', #201, #678, #1460, .T. ) ;
#1369 = DIRECTION ( 'NONE',  ( -3.362274453740633550E-16, -1.000000000000000000, 0.000000000000000000 ) ) ;
#1370 = DIRECTION ( 'NONE',  ( -0.000000000000000000, -0.000000000000000000, 1.000000000000000000 ) ) ;
#1371 = LINE ( 'NONE', #1871, #287 ) ;
#1372 = VERTEX_POINT ( 'NONE', #565 ) ;
#1373 = EDGE_CURVE ( 'NONE', #566, #1417, #1644, .T. ) ;
#1374 = VERTEX_POINT ( 'NONE', #1337 ) ;
#1375 = DIRECTION ( 'NONE',  ( 1.000000000000000000, 0.000000000000000000, 0.000000000000000000 ) ) ;
#1376 = EDGE_CURVE ( 'NONE', #104, #394, #1371, .T. ) ;
#1377 = ORIENTED_EDGE ( 'NONE', *, *, #792, .F. ) ;
#1378 = ADVANCED_FACE ( 'NONE', ( #916 ), #1711, .F. ) ;
#1379 = CARTESIAN_POINT ( 'NONE',  ( -3.099261132637300076, 0.9877175393299444384, 0.2500000000000000000 ) ) ;
#1380 = CARTESIAN_POINT ( 'NONE',  ( -1.575787401574805235, -3.000000000000001776, 0.2500000000000000555 ) ) ;
#1381 = DIRECTION ( 'NONE',  ( -0.000000000000000000, -0.000000000000000000, 1.000000000000000000 ) ) ;
#1382 = LINE ( 'NONE', #340, #1889 ) ;
#1383 = EDGE_CURVE ( 'NONE', #278, #188, #2022, .T. ) ;
#1384 = ORIENTED_EDGE ( 'NONE', *, *, #900, .F. ) ;
#1385 = LINE ( 'NONE', #1865, #446 ) ;
#1386 = AXIS2_PLACEMENT_3D ( 'NONE', #500, #831, #510 ) ;
#1387 = ORIENTED_EDGE ( 'NONE', *, *, #1368, .T. ) ;
#1388 = AXIS2_PLACEMENT_3D ( 'NONE', #251, #429, #879 ) ;
#1389 = AXIS2_PLACEMENT_3D ( 'NONE', #1322, #704, #1802 ) ;
#1390 = DIRECTION ( 'NONE',  ( 1.000000000000000000, 0.000000000000000000, 0.000000000000000000 ) ) ;
#1391 = DIRECTION ( 'NONE',  ( 5.629268658030111034E-17, 1.000000000000000000, 0.000000000000000000 ) ) ;
#1392 = VECTOR ( 'NONE', #1341, 39.37007874015748143 ) ;
#1393 = CYLINDRICAL_SURFACE ( 'NONE', #1297, 0.1249999999999999584 ) ;
#1394 = LINE ( 'NONE', #631, #64 ) ;
#1395 = ORIENTED_EDGE ( 'NONE', *, *, #941, .T. ) ;
#1396 = CARTESIAN_POINT ( 'NONE',  ( -3.115394853567531541, 1.068505796728294488, 0.1000000000000000194 ) ) ;
#1397 = EDGE_LOOP ( 'NONE', ( #42, #1069 ) ) ;
#1398 = ORIENTED_EDGE ( 'NONE', *, *, #552, .T. ) ;
#1399 = EDGE_CURVE ( 'NONE', #1776, #1316, #1382, .T. ) ;
#1400 = CARTESIAN_POINT ( 'NONE',  ( -3.624999999999999112, 3.000000000000008438, 0.2500000000000000000 ) ) ;
#1401 = CARTESIAN_POINT ( 'NONE',  ( -2.993011132637300342, 1.093946410936111668, 0.2500000000000000000 ) ) ;
#1402 = CARTESIAN_POINT ( 'NONE',  ( -3.964548149173205083, -2.566639178875930849, 0.2500000000000000000 ) ) ;
#1403 = DIRECTION ( 'NONE',  ( -1.000000000000000000, 0.000000000000000000, 0.000000000000000000 ) ) ;
#1404 = EDGE_CURVE ( 'NONE', #942, #1413, #1100, .T. ) ;
#1405 = ORIENTED_EDGE ( 'NONE', *, *, #1631, .F. ) ;
#1406 = DIRECTION ( 'NONE',  ( 0.000000000000000000, 0.000000000000000000, 1.000000000000000000 ) ) ;
#1407 = ORIENTED_EDGE ( 'NONE', *, *, #1183, .F. ) ;
#1408 = ADVANCED_FACE ( 'NONE', ( #1533 ), #797, .F. ) ;
#1409 = EDGE_CURVE ( 'NONE', #1521, #910, #619, .T. ) ;
#1410 = DIRECTION ( 'NONE',  ( 1.000000000000000000, 0.000000000000000000, 0.000000000000000000 ) ) ;
#1411 = ORIENTED_EDGE ( 'NONE', *, *, #329, .T. ) ;
#1412 = DIRECTION ( 'NONE',  ( 0.000000000000000000, -0.000000000000000000, -1.000000000000000000 ) ) ;
#1413 = VERTEX_POINT ( 'NONE', #1110 ) ;
#1414 = ADVANCED_FACE ( 'NONE', ( #1260 ), #145, .F. ) ;
#1415 = CARTESIAN_POINT ( 'NONE',  ( -0.1742125984251969850, -5.556508786082805526E-16, 0.000000000000000000 ) ) ;
#1416 = DIRECTION ( 'NONE',  ( -1.000000000000000000, 0.000000000000000000, 0.000000000000000000 ) ) ;
#1417 = VERTEX_POINT ( 'NONE', #2006 ) ;
#1418 = DIRECTION ( 'NONE',  ( -0.000000000000000000, -0.000000000000000000, 1.000000000000000000 ) ) ;
#1419 = ORIENTED_EDGE ( 'NONE', *, *, #39, .T. ) ;
#1420 = UNCERTAINTY_MEASURE_WITH_UNIT (LENGTH_MEASURE( 1.000000000000000082E-05 ), #696, 'distance_accuracy_value', 'NONE');
#1421 = VECTOR ( 'NONE', #431, 39.37007874015748143 ) ;
#1422 = VERTEX_POINT ( 'NONE', #1725 ) ;
#1423 = DIRECTION ( 'NONE',  ( -0.000000000000000000, -0.000000000000000000, 1.000000000000000000 ) ) ;
#1424 = CIRCLE ( 'NONE', #1684, 0.1249999999999999584 ) ;
#1425 = ORIENTED_EDGE ( 'NONE', *, *, #1583, .T. ) ;
#1426 = VECTOR ( 'NONE', #878, 39.37007874015748143 ) ;
#1427 = AXIS2_PLACEMENT_3D ( 'NONE', #1504, #734, #578 ) ;
#1428 = CIRCLE ( 'NONE', #1300, 0.04921259842519641603 ) ;
#1429 = CARTESIAN_POINT ( 'NONE',  ( -3.344796846923014488, 0.9406833707904234121, 0.2500000000000000000 ) ) ;
#1430 = CARTESIAN_POINT ( 'NONE',  ( -3.674212598425195431, 3.000000000000008438, 0.2500000000000000555 ) ) ;
#1431 = CIRCLE ( 'NONE', #591, 0.1249999999999993477 ) ;
#1432 = EDGE_LOOP ( 'NONE', ( #1806, #1567, #211, #1321 ) ) ;
#1433 = DIRECTION ( 'NONE',  ( -0.000000000000000000, -0.000000000000000000, 1.000000000000000000 ) ) ;
#1434 = ORIENTED_EDGE ( 'NONE', *, *, #1705, .T. ) ;
#1435 = DIRECTION ( 'NONE',  ( -1.000000000000000000, 0.000000000000000000, 0.000000000000000000 ) ) ;
#1436 = EDGE_LOOP ( 'NONE', ( #820, #234, #1646, #501 ) ) ;
#1437 = DIRECTION ( 'NONE',  ( -0.000000000000000000, -0.000000000000000000, 1.000000000000000000 ) ) ;
#1438 = DIRECTION ( 'NONE',  ( -0.000000000000000000, -0.000000000000000000, 1.000000000000000000 ) ) ;
#1439 = DIRECTION ( 'NONE',  ( 2.588066520313514625E-16, -1.000000000000000000, 0.000000000000000000 ) ) ;
#1440 = ORIENTED_EDGE ( 'NONE', *, *, #207, .T. ) ;
#1441 = DIRECTION ( 'NONE',  ( 0.000000000000000000, -1.000000000000000000, 0.000000000000000000 ) ) ;
#1442 = ORIENTED_EDGE ( 'NONE', *, *, #299, .F. ) ;
#1443 = DIRECTION ( 'NONE',  ( -0.000000000000000000, 0.000000000000000000, -1.000000000000000000 ) ) ;
#1444 = ORIENTED_EDGE ( 'NONE', *, *, #1784, .F. ) ;
#1445 = DIRECTION ( 'NONE',  ( 0.000000000000000000, -0.000000000000000000, -1.000000000000000000 ) ) ;
#1446 = EDGE_LOOP ( 'NONE', ( #571, #306, #701, #1957 ) ) ;
#1447 = EDGE_CURVE ( 'NONE', #1276, #1559, #1925, .T. ) ;
#1448 = FACE_BOUND ( 'NONE', #947, .T. ) ;
#1449 = LINE ( 'NONE', #1610, #1516 ) ;
#1450 = ORIENTED_EDGE ( 'NONE', *, *, #889, .T. ) ;
#1451 = DIRECTION ( 'NONE',  ( 0.000000000000000000, 0.000000000000000000, -1.000000000000000000 ) ) ;
#1452 = ADVANCED_FACE ( 'NONE', ( #1207 ), #788, .F. ) ;
#1453 = CARTESIAN_POINT ( 'NONE',  ( -0.6249999999999992228, 2.999999999999998668, 0.000000000000000000 ) ) ;
#1454 = VERTEX_POINT ( 'NONE', #1556 ) ;
#1455 = DIRECTION ( 'NONE',  ( 0.000000000000000000, -0.000000000000000000, -1.000000000000000000 ) ) ;
#1456 = AXIS2_PLACEMENT_3D ( 'NONE', #433, #1238, #946 ) ;
#1457 = VECTOR ( 'NONE', #1933, 39.37007874015748143 ) ;
#1458 = LINE ( 'NONE', #1781, #227 ) ;
#1459 = DIRECTION ( 'NONE',  ( -1.000000000000000000, -2.588066520313514625E-16, 0.000000000000000000 ) ) ;
#1460 = CIRCLE ( 'NONE', #1060, 0.04921259842519641603 ) ;
#1461 = VECTOR ( 'NONE', #1523, 39.37007874015748143 ) ;
#1462 = ORIENTED_EDGE ( 'NONE', *, *, #440, .T. ) ;
#1463 = AXIS2_PLACEMENT_3D ( 'NONE', #1622, #69, #494 ) ;
#1464 = FACE_OUTER_BOUND ( 'NONE', #1432, .T. ) ;
#1465 = EDGE_CURVE ( 'NONE', #1454, #1288, #159, .T. ) ;
#1466 = DIRECTION ( 'NONE',  ( 3.362274453740633550E-16, -1.000000000000000000, 0.000000000000000000 ) ) ;
#1467 = DIRECTION ( 'NONE',  ( 1.000000000000000000, 0.000000000000000000, 0.000000000000000000 ) ) ;
#1468 = DIRECTION ( 'NONE',  ( 1.270541693324308196E-15, -1.000000000000000000, 0.000000000000000000 ) ) ;
#1469 = CARTESIAN_POINT ( 'NONE',  ( -0.2499999999999998057, -2.694971137819725637, 0.1000000000000000194 ) ) ;
#1470 = ORIENTED_EDGE ( 'NONE', *, *, #1591, .F. ) ;
#1471 = CARTESIAN_POINT ( 'NONE',  ( -8.255511132637300520, 0.000000000000000000, 0.2500000000000000000 ) ) ;
#1472 = VERTEX_POINT ( 'NONE', #1863 ) ;
#1473 = ADVANCED_FACE ( 'NONE', ( #1074 ), #1564, .F. ) ;
#1474 = CARTESIAN_POINT ( 'NONE',  ( -3.749999999999999112, 0.2499999999999998057, 0.2500000000000000000 ) ) ;
#1475 = EDGE_CURVE ( 'NONE', #1816, #232, #1296, .T. ) ;
#1476 = FACE_OUTER_BOUND ( 'NONE', #1785, .T. ) ;
#1477 = CARTESIAN_POINT ( 'NONE',  ( -0.1249999999999992645, 2.499999999999999112, 0.2500000000000000000 ) ) ;
#1478 = DIRECTION ( 'NONE',  ( 0.000000000000000000, -0.000000000000000000, -1.000000000000000000 ) ) ;
#1479 = DIRECTION ( 'NONE',  ( -1.000000000000000000, 5.629268658030111034E-17, 0.000000000000000000 ) ) ;
#1480 = DIRECTION ( 'NONE',  ( 1.000000000000000000, 0.000000000000000000, 0.000000000000000000 ) ) ;
#1481 = CIRCLE ( 'NONE', #2016, 0.04921259842519634664 ) ;
#1482 = ORIENTED_EDGE ( 'NONE', *, *, #141, .T. ) ;
#1483 = CARTESIAN_POINT ( 'NONE',  ( -3.749999999999999112, -2.694971137819724749, 0.2500000000000000000 ) ) ;
#1484 = ORIENTED_EDGE ( 'NONE', *, *, #481, .T. ) ;
#1485 = CIRCLE ( 'NONE', #934, 0.2499999999999998057 ) ;
#1486 = CIRCLE ( 'NONE', #1133, 0.1249999999999999029 ) ;
#1487 = CIRCLE ( 'NONE', #1989, 0.1249999999999999029 ) ;
#1488 = VECTOR ( 'NONE', #1782, 39.37007874015748143 ) ;
#1489 = APPROVAL ( #858, 'UNSPECIFIED' ) ;
#1490 = AXIS2_PLACEMENT_3D ( 'NONE', #1140, #1937, #1467 ) ;
#1491 = DATE_TIME_ROLE ( 'creation_date' ) ;
#1492 = CARTESIAN_POINT ( 'NONE',  ( -0.07578740157480479134, -2.500000000000001332, 0.000000000000000000 ) ) ;
#1493 = CARTESIAN_POINT ( 'NONE',  ( -3.255511132637300076, 0.000000000000000000, -4.375000000000000888 ) ) ;
#1494 = FACE_OUTER_BOUND ( 'NONE', #945, .T. ) ;
#1495 = FACE_OUTER_BOUND ( 'NONE', #1266, .T. ) ;
#1496 = VERTEX_POINT ( 'NONE', #22 ) ;
#1497 = EDGE_CURVE ( 'NONE', #278, #763, #1394, .T. ) ;
#1498 = DIRECTION ( 'NONE',  ( -1.000000000000000000, 0.000000000000000000, 0.000000000000000000 ) ) ;
#1499 = PERSON_AND_ORGANIZATION ( #270, #562 ) ;
#1500 = LINE ( 'NONE', #1474, #1720 ) ;
#1501 = CARTESIAN_POINT ( 'NONE',  ( -3.999999999999999556, -3.125000000000000000, 0.2500000000000000000 ) ) ;
#1502 = ORIENTED_EDGE ( 'NONE', *, *, #1383, .F. ) ;
#1503 = CARTESIAN_POINT ( 'NONE',  ( -0.2499999999999993616, 0.3750000000000007772, 0.2500000000000000000 ) ) ;
#1504 = CARTESIAN_POINT ( 'NONE',  ( -3.749999999999999112, -2.694971137819724749, 0.2500000000000000000 ) ) ;
#1505 = CARTESIAN_POINT ( 'NONE',  ( -3.022177799303966683, -0.9723968097209884087, 0.1000000000000000194 ) ) ;
#1506 = ADVANCED_FACE ( 'NONE', ( #608 ), #1695, .F. ) ;
#1507 = APPROVAL_DATE_TIME ( #557, #1342 ) ;
#1508 = CARTESIAN_POINT ( 'NONE',  ( -0.5757874015748050134, -2.999999999999999556, 0.000000000000000000 ) ) ;
#1509 = LINE ( 'NONE', #406, #31 ) ;
#1510 = CARTESIAN_POINT ( 'NONE',  ( -3.138323632637300076, -0.7407881544974581622, 0.2500000000000000000 ) ) ;
#1511 = FACE_OUTER_BOUND ( 'NONE', #499, .T. ) ;
#1512 = VERTEX_POINT ( 'NONE', #1881 ) ;
#1513 = CIRCLE ( 'NONE', #391, 0.04921259842519634664 ) ;
#1514 = CIRCLE ( 'NONE', #1789, 0.04921259842519641603 ) ;
#1515 = CARTESIAN_POINT ( 'NONE',  ( -0.1249999999999992645, 2.499999999999999112, 0.2500000000000000555 ) ) ;
#1516 = VECTOR ( 'NONE', #819, 39.37007874015748143 ) ;
#1517 = VECTOR ( 'NONE', #1283, 39.37007874015748143 ) ;
#1518 = ORIENTED_EDGE ( 'NONE', *, *, #1164, .T. ) ;
#1519 = DIRECTION ( 'NONE',  ( 1.000000000000000000, 0.000000000000000000, 0.000000000000000000 ) ) ;
#1520 = CARTESIAN_POINT ( 'NONE',  ( -3.749999999999997335, 2.875000000000001332, -4.375000000000000888 ) ) ;
#1521 = VERTEX_POINT ( 'NONE', #1295 ) ;
#1522 = EDGE_CURVE ( 'NONE', #1717, #1028, #713, .T. ) ;
#1523 = DIRECTION ( 'NONE',  ( -0.000000000000000000, -0.000000000000000000, -1.000000000000000000 ) ) ;
#1524 = DIRECTION ( 'NONE',  ( 1.000000000000000000, 0.000000000000000000, 0.000000000000000000 ) ) ;
#1525 = EDGE_CURVE ( 'NONE', #163, #1706, #1218, .T. ) ;
#1526 = ORIENTED_EDGE ( 'NONE', *, *, #294, .T. ) ;
#1527 = CARTESIAN_POINT ( 'NONE',  ( -0.2499999999999986955, -2.694971137819723417, 0.1000000000000000194 ) ) ;
#1528 = EDGE_LOOP ( 'NONE', ( #1107, #1014, #1332, #219 ) ) ;
#1529 = ADVANCED_FACE ( 'NONE', ( #1770 ), #1142, .F. ) ;
#1530 = CARTESIAN_POINT ( 'NONE',  ( -0.07578740157480284845, 2.499999999999999112, 0.2500000000000000555 ) ) ;
#1531 = FACE_OUTER_BOUND ( 'NONE', #632, .T. ) ;
#1532 = DIRECTION ( 'NONE',  ( -0.000000000000000000, -0.000000000000000000, 1.000000000000000000 ) ) ;
#1533 = FACE_OUTER_BOUND ( 'NONE', #529, .T. ) ;
#1534 = EDGE_LOOP ( 'NONE', ( #1305, #323, #789, #511, #716, #1655, #1122, #377, #1683, #622, #849, #1291 ) ) ;
#1535 = DIRECTION ( 'NONE',  ( -1.000000000000000000, -1.224646799147353207E-16, 0.000000000000000000 ) ) ;
#1536 = EDGE_LOOP ( 'NONE', ( #1738, #1922, #1440, #671, #1319, #1229, #634, #1239, #1279, #832, #4, #1867 ) ) ;
#1537 = DIRECTION ( 'NONE',  ( -0.000000000000000000, -0.000000000000000000, 1.000000000000000000 ) ) ;
#1538 = LINE ( 'NONE', #627, #1858 ) ;
#1539 = ORIENTED_EDGE ( 'NONE', *, *, #1315, .T. ) ;
#1540 = CARTESIAN_POINT ( 'NONE',  ( -3.099261132637300076, 0.9877175393299444384, 0.2500000000000000000 ) ) ;
#1541 = DIRECTION ( 'NONE',  ( -0.000000000000000000, -0.000000000000000000, 1.000000000000000000 ) ) ;
#1542 = ORIENTED_EDGE ( 'NONE', *, *, #441, .T. ) ;
#1543 = CARTESIAN_POINT ( 'NONE',  ( -8.255511132637300520, 0.000000000000000000, 0.2500000000000000000 ) ) ;
#1544 = VERTEX_POINT ( 'NONE', #807 ) ;
#1545 = AXIS2_PLACEMENT_3D ( 'NONE', #623, #2020, #767 ) ;
#1546 = ORIENTED_EDGE ( 'NONE', *, *, #954, .F. ) ;
#1547 = AXIS2_PLACEMENT_3D ( 'NONE', #448, #960, #648 ) ;
#1548 = VECTOR ( 'NONE', #1532, 39.37007874015748143 ) ;
#1549 = EDGE_CURVE ( 'NONE', #1950, #1778, #48, .T. ) ;
#1550 = VECTOR ( 'NONE', #1623, 39.37007874015748143 ) ;
#1551 = AXIS2_PLACEMENT_3D ( 'NONE', #1035, #626, #1220 ) ;
#1552 = CYLINDRICAL_SURFACE ( 'NONE', #614, 0.04921259842519662420 ) ;
#1553 = CARTESIAN_POINT ( 'NONE',  ( -3.749999999999999112, 0.2499999999999998057, -4.375000000000000888 ) ) ;
#1554 = APPROVAL_PERSON_ORGANIZATION ( #729, #349, #1166 ) ;
#1555 = DIRECTION ( 'NONE',  ( -0.000000000000000000, -0.000000000000000000, 1.000000000000000000 ) ) ;
#1556 = CARTESIAN_POINT ( 'NONE',  ( -3.115394853567532873, -1.068505796728292934, 0.2500000000000000000 ) ) ;
#1557 = EDGE_LOOP ( 'NONE', ( #1741, #330, #290, #822 ) ) ;
#1558 = DIRECTION ( 'NONE',  ( 0.000000000000000000, -0.000000000000000000, -1.000000000000000000 ) ) ;
#1559 = VERTEX_POINT ( 'NONE', #1430 ) ;
#1560 = DIRECTION ( 'NONE',  ( -1.000000000000000000, 0.000000000000000000, 0.000000000000000000 ) ) ;
#1561 = EDGE_LOOP ( 'NONE', ( #506, #1137, #724, #80 ) ) ;
#1562 = DIRECTION ( 'NONE',  ( -0.000000000000000000, -0.000000000000000000, 1.000000000000000000 ) ) ;
#1563 = DIRECTION ( 'NONE',  ( 1.000000000000000000, 0.000000000000000000, 0.000000000000000000 ) ) ;
#1564 = PLANE ( 'NONE',  #1584 ) ;
#1565 = ORIENTED_EDGE ( 'NONE', *, *, #717, .F. ) ;
#1566 = LINE ( 'NONE', #962, #616 ) ;
#1567 = ORIENTED_EDGE ( 'NONE', *, *, #1710, .F. ) ;
#1568 = ORIENTED_EDGE ( 'NONE', *, *, #1211, .F. ) ;
#1569 = LINE ( 'NONE', #666, #312 ) ;
#1570 = EDGE_LOOP ( 'NONE', ( #215, #504, #1616, #492 ) ) ;
#1571 = ORIENTED_EDGE ( 'NONE', *, *, #1021, .F. ) ;
#1572 = CARTESIAN_POINT ( 'NONE',  ( -0.07578740157480380601, -5.616776837221946358E-16, 0.000000000000000000 ) ) ;
#1573 = DIRECTION ( 'NONE',  ( -1.000000000000000000, 0.000000000000000000, 0.000000000000000000 ) ) ;
#1574 = ORIENTED_EDGE ( 'NONE', *, *, #1318, .F. ) ;
#1575 = DIRECTION ( 'NONE',  ( 2.588066520313514625E-16, -1.000000000000000000, 0.000000000000000000 ) ) ;
#1576 = AXIS2_PLACEMENT_3D ( 'NONE', #644, #1106, #186 ) ;
#1577 = EDGE_CURVE ( 'NONE', #598, #1942, #1486, .T. ) ;
#1578 = FACE_OUTER_BOUND ( 'NONE', #1772, .T. ) ;
#1579 = VECTOR ( 'NONE', #1154, 39.37007874015748143 ) ;
#1580 = EDGE_LOOP ( 'NONE', ( #1737, #1405, #1906, #2002, #977, #1384, #930, #1232, #2013, #437, #1526, #1419 ) ) ;
#1581 = CARTESIAN_POINT ( 'NONE',  ( -3.749999999999999112, 0.2499999999999998057, 0.1000000000000000194 ) ) ;
#1582 = ORIENTED_EDGE ( 'NONE', *, *, #668, .T. ) ;
#1583 = EDGE_CURVE ( 'NONE', #498, #350, #1921, .T. ) ;
#1584 = AXIS2_PLACEMENT_3D ( 'NONE', #458, #181, #13 ) ;
#1585 = VECTOR ( 'NONE', #1649, 39.37007874015748143 ) ;
#1586 = PLANE ( 'NONE',  #1926 ) ;
#1587 = CARTESIAN_POINT ( 'NONE',  ( -0.3750000000000002220, -0.2499999999999998890, 0.2500000000000000000 ) ) ;
#1588 = AXIS2_PLACEMENT_3D ( 'NONE', #1401, #1412, #153 ) ;
#1589 = EDGE_CURVE ( 'NONE', #893, #638, #1001, .T. ) ;
#1590 = APPROVAL_PERSON_ORGANIZATION ( #1339, #1342, #871 ) ;
#1591 = EDGE_CURVE ( 'NONE', #1422, #1245, #1947, .T. ) ;
#1592 = ORIENTED_EDGE ( 'NONE', *, *, #877, .T. ) ;
#1593 = DIRECTION ( 'NONE',  ( -0.000000000000000000, -0.000000000000000000, 1.000000000000000000 ) ) ;
#1594 = EDGE_LOOP ( 'NONE', ( #16, #549, #1766, #198 ) ) ;
#1595 = EDGE_CURVE ( 'NONE', #887, #508, #1156, .T. ) ;
#1596 = DIRECTION ( 'NONE',  ( -0.000000000000000000, -0.000000000000000000, 1.000000000000000000 ) ) ;
#1597 = VERTEX_POINT ( 'NONE', #77 ) ;
#1598 = CARTESIAN_POINT ( 'NONE',  ( 0.000000000000000000, 0.000000000000000000, 0.000000000000000000 ) ) ;
#1599 = ORIENTED_EDGE ( 'NONE', *, *, #1600, .T. ) ;
#1600 = EDGE_CURVE ( 'NONE', #532, #1703, #1009, .T. ) ;
#1601 = CARTESIAN_POINT ( 'NONE',  ( -3.999999999999998668, 2.694971137819724749, 0.2500000000000000000 ) ) ;
#1602 = EDGE_CURVE ( 'NONE', #604, #1269, #1624, .T. ) ;
#1603 = CYLINDRICAL_SURFACE ( 'NONE', #873, 0.04921259842519662420 ) ;
#1604 = ORIENTED_EDGE ( 'NONE', *, *, #1841, .F. ) ;
#1605 = FACE_BOUND ( 'NONE', #1536, .T. ) ;
#1606 = DIRECTION ( 'NONE',  ( 0.000000000000000000, -0.000000000000000000, 1.000000000000000000 ) ) ;
#1607 = ORIENTED_EDGE ( 'NONE', *, *, #1900, .F. ) ;
#1608 = CARTESIAN_POINT ( 'NONE',  ( -3.732686305410164884, -2.665812368156813772, 0.1000000000000000194 ) ) ;
#1609 = DIRECTION ( 'NONE',  ( -0.000000000000000000, -0.000000000000000000, 1.000000000000000000 ) ) ;
#1610 = CARTESIAN_POINT ( 'NONE',  ( 3.827021247335478310E-16, -3.125000000000000000, 0.000000000000000000 ) ) ;
#1611 = VERTEX_POINT ( 'NONE', #1636 ) ;
#1612 = DIRECTION ( 'NONE',  ( -0.000000000000000000, -0.000000000000000000, 1.000000000000000000 ) ) ;
#1613 = EDGE_CURVE ( 'NONE', #1696, #1028, #124, .T. ) ;
#1614 = VERTEX_POINT ( 'NONE', #1587 ) ;
#1615 = DIRECTION ( 'NONE',  ( -1.000000000000000000, 0.000000000000000000, 0.000000000000000000 ) ) ;
#1616 = ORIENTED_EDGE ( 'NONE', *, *, #663, .F. ) ;
#1617 = DIRECTION ( 'NONE',  ( 1.000000000000000000, 0.000000000000000000, 0.000000000000000000 ) ) ;
#1618 = AXIS2_PLACEMENT_3D ( 'NONE', #1876, #302, #166 ) ;
#1619 = ADVANCED_FACE ( 'NONE', ( #38 ), #1603, .F. ) ;
#1620 = VECTOR ( 'NONE', #1842, 39.37007874015748143 ) ;
#1621 = AXIS2_PLACEMENT_3D ( 'NONE', #1477, #1840, #1834 ) ;
#1622 = CARTESIAN_POINT ( 'NONE',  ( -2.194850960857479105, 0.3750000000000001110, -4.375000000000000888 ) ) ;
#1623 = DIRECTION ( 'NONE',  ( 2.588066520313514625E-16, 1.000000000000000000, 0.000000000000000000 ) ) ;
#1624 = CIRCLE ( 'NONE', #742, 5.250000000000000888 ) ;
#1625 = VECTOR ( 'NONE', #1438, 39.37007874015748143 ) ;
#1626 = ORIENTED_EDGE ( 'NONE', *, *, #1900, .T. ) ;
#1627 = CIRCLE ( 'NONE', #1660, 5.000000000000000000 ) ;
#1628 = AXIS2_PLACEMENT_3D ( 'NONE', #986, #1138, #17 ) ;
#1629 = DIRECTION ( 'NONE',  ( -1.000000000000000000, 0.000000000000000000, 0.000000000000000000 ) ) ;
#1630 = EDGE_LOOP ( 'NONE', ( #570, #222 ) ) ;
#1631 = EDGE_CURVE ( 'NONE', #1778, #1597, #1449, .T. ) ;
#1632 = ADVANCED_FACE ( 'NONE', ( #1308 ), #218, .T. ) ;
#1633 = DIRECTION ( 'NONE',  ( -0.000000000000000000, 0.000000000000000000, 1.000000000000000000 ) ) ;
#1634 = DATE_AND_TIME ( #404, #1005 ) ;
#1635 = DIRECTION ( 'NONE',  ( 1.000000000000000000, 0.000000000000000000, 0.000000000000000000 ) ) ;
#1636 = CARTESIAN_POINT ( 'NONE',  ( -0.6742125984251983173, -2.999999999999999556, 0.000000000000000000 ) ) ;
#1637 = CARTESIAN_POINT ( 'NONE',  ( -0.1742125984251979565, -2.500000000000001332, 0.2500000000000000000 ) ) ;
#1638 = CARTESIAN_POINT ( 'NONE',  ( -0.07578740157480268191, 2.499999999999999112, 0.000000000000000000 ) ) ;
#1639 = ORIENTED_EDGE ( 'NONE', *, *, #453, .F. ) ;
#1640 = DATE_TIME_ROLE ( 'classification_date' ) ;
#1641 = DIRECTION ( 'NONE',  ( 0.000000000000000000, -0.000000000000000000, -1.000000000000000000 ) ) ;
#1642 = CARTESIAN_POINT ( 'NONE',  ( -0.3750000000000007772, 2.875000000000000000, 0.1000000000000000194 ) ) ;
#1643 = ORIENTED_EDGE ( 'NONE', *, *, #1165, .F. ) ;
#1644 = LINE ( 'NONE', #1483, #1330 ) ;
#1645 = EDGE_CURVE ( 'NONE', #1521, #341, #70, .T. ) ;
#1646 = ORIENTED_EDGE ( 'NONE', *, *, #1289, .F. ) ;
#1647 = DATE_AND_TIME ( #1015, #1895 ) ;
#1648 = EDGE_CURVE ( 'NONE', #532, #1094, #996, .T. ) ;
#1649 = DIRECTION ( 'NONE',  ( -0.000000000000000000, -0.000000000000000000, 1.000000000000000000 ) ) ;
#1650 = FACE_OUTER_BOUND ( 'NONE', #687, .T. ) ;
#1651 = ADVANCED_FACE ( 'NONE', ( #231 ), #568, .F. ) ;
#1652 = VECTOR ( 'NONE', #1593, 39.37007874015748143 ) ;
#1653 = ORIENTED_EDGE ( 'NONE', *, *, #397, .F. ) ;
#1654 = CARTESIAN_POINT ( 'NONE',  ( -0.3750000000000007772, -2.875000000000000000, 0.2500000000000000000 ) ) ;
#1655 = ORIENTED_EDGE ( 'NONE', *, *, #1577, .F. ) ;
#1656 = CIRCLE ( 'NONE', #1215, 0.04921259842519634664 ) ;
#1657 = VECTOR ( 'NONE', #1019, 39.37007874015748143 ) ;
#1658 = AXIS2_PLACEMENT_3D ( 'NONE', #467, #1234, #1573 ) ;
#1659 = AXIS2_PLACEMENT_3D ( 'NONE', #835, #1109, #56 ) ;
#1660 = AXIS2_PLACEMENT_3D ( 'NONE', #179, #1253, #1894 ) ;
#1661 = ADVANCED_FACE ( 'NONE', ( #239 ), #1361, .F. ) ;
#1662 = LOCAL_TIME ( 19, 7, 23.00000000000000000, #273 ) ;
#1663 = LINE ( 'NONE', #1790, #1002 ) ;
#1664 = CARTESIAN_POINT ( 'NONE',  ( -3.575787401574802793, 3.000000000000008438, 0.2500000000000000000 ) ) ;
#1665 = EDGE_CURVE ( 'NONE', #1496, #1276, #1191, .T. ) ;
#1666 = CARTESIAN_POINT ( 'NONE',  ( -0.5757874015748025709, 2.999999999999998668, 0.000000000000000000 ) ) ;
#1667 = LINE ( 'NONE', #1805, #1620 ) ;
#1668 = ORIENTED_EDGE ( 'NONE', *, *, #1705, .F. ) ;
#1669 = CARTESIAN_POINT ( 'NONE',  ( -3.749999999999999112, -2.750000000000000888, -4.375000000000000888 ) ) ;
#1670 = APPROVAL_STATUS ( 'not_yet_approved' ) ;
#1671 = CARTESIAN_POINT ( 'NONE',  ( -3.749999999999999112, 2.750000000000000888, 0.1000000000000000194 ) ) ;
#1672 = CYLINDRICAL_SURFACE ( 'NONE', #815, 0.04921259842519662420 ) ;
#1673 = CYLINDRICAL_SURFACE ( 'NONE', #1887, 0.2499999999999998057 ) ;
#1674 = DIRECTION ( 'NONE',  ( -1.000000000000000000, 0.000000000000000000, -0.000000000000000000 ) ) ;
#1675 = ORIENTED_EDGE ( 'NONE', *, *, #151, .T. ) ;
#1676 = LINE ( 'NONE', #1669, #1421 ) ;
#1677 = EDGE_CURVE ( 'NONE', #1856, #1372, #1973, .T. ) ;
#1678 = EDGE_CURVE ( 'NONE', #1717, #893, #744, .T. ) ;
#1679 = CYLINDRICAL_SURFACE ( 'NONE', #352, 0.04921259842519634664 ) ;
#1680 = DIRECTION ( 'NONE',  ( 1.000000000000000000, 0.000000000000000000, 0.000000000000000000 ) ) ;
#1681 = CARTESIAN_POINT ( 'NONE',  ( -3.624999999999999112, -2.729284091208171947, 0.2500000000000000000 ) ) ;
#1682 = DIRECTION ( 'NONE',  ( 0.000000000000000000, -0.000000000000000000, -1.000000000000000000 ) ) ;
#1683 = ORIENTED_EDGE ( 'NONE', *, *, #876, .F. ) ;
#1684 = AXIS2_PLACEMENT_3D ( 'NONE', #1883, #486, #1736 ) ;
#1685 = CIRCLE ( 'NONE', #774, 0.04921259842519634664 ) ;
#1686 = PLANE ( 'NONE',  #901 ) ;
#1687 = AXIS2_PLACEMENT_3D ( 'NONE', #2015, #950, #1403 ) ;
#1688 = AXIS2_PLACEMENT_3D ( 'NONE', #405, #860, #1978 ) ;
#1689 = ORIENTED_EDGE ( 'NONE', *, *, #1964, .T. ) ;
#1690 = AXIS2_PLACEMENT_3D ( 'NONE', #539, #1459, #1439 ) ;
#1691 = ADVANCED_FACE ( 'NONE', ( #1476 ), #1672, .F. ) ;
#1692 = DIRECTION ( 'NONE',  ( -0.000000000000000000, -0.000000000000000000, 1.000000000000000000 ) ) ;
#1693 = DIRECTION ( 'NONE',  ( -0.000000000000000000, -0.000000000000000000, 1.000000000000000000 ) ) ;
#1694 = CARTESIAN_POINT ( 'NONE',  ( -3.624999999999999112, 3.000000000000008438, 0.2500000000000000555 ) ) ;
#1695 = PLANE ( 'NONE',  #1186 ) ;
#1696 = VERTEX_POINT ( 'NONE', #589 ) ;
#1697 = CARTESIAN_POINT ( 'NONE',  ( -3.344796846923014488, -0.9406833707904234121, 0.2500000000000000000 ) ) ;
#1698 = EDGE_LOOP ( 'NONE', ( #706, #459 ) ) ;
#1699 = CARTESIAN_POINT ( 'NONE',  ( -0.6249999999999992228, 2.999999999999998668, 0.2500000000000000000 ) ) ;
#1700 = CARTESIAN_POINT ( 'NONE',  ( -0.3749999999999999445, 2.750000000000000000, -4.375000000000000888 ) ) ;
#1701 = CARTESIAN_POINT ( 'NONE',  ( -0.2499999999999991673, -0.3750000000000007772, -4.375000000000000888 ) ) ;
#1702 = CARTESIAN_POINT ( 'NONE',  ( -3.749999999999999112, 2.694971137819724749, 0.2500000000000000000 ) ) ;
#1703 = VERTEX_POINT ( 'NONE', #875 ) ;
#1704 = CARTESIAN_POINT ( 'NONE',  ( -3.255511132637300076, 0.000000000000000000, 0.000000000000000000 ) ) ;
#1705 = EDGE_CURVE ( 'NONE', #168, #636, #1509, .T. ) ;
#1706 = VERTEX_POINT ( 'NONE', #1819 ) ;
#1707 = CARTESIAN_POINT ( 'NONE',  ( -0.3749999999999999445, -2.750000000000000000, 0.1000000000000000194 ) ) ;
#1708 = CARTESIAN_POINT ( 'NONE',  ( -1.674212598425195653, 3.000000000000001776, 0.000000000000000000 ) ) ;
#1709 = DIRECTION ( 'NONE',  ( -0.000000000000000000, -0.000000000000000000, 1.000000000000000000 ) ) ;
#1710 = EDGE_CURVE ( 'NONE', #333, #40, #861, .T. ) ;
#1711 = PLANE ( 'NONE',  #413 ) ;
#1712 = ORIENTED_EDGE ( 'NONE', *, *, #157, .F. ) ;
#1713 = DIRECTION ( 'NONE',  ( 1.000000000000000000, 0.000000000000000000, 0.000000000000000000 ) ) ;
#1714 = AXIS2_PLACEMENT_3D ( 'NONE', #128, #750, #1976 ) ;
#1715 = ORIENTED_EDGE ( 'NONE', *, *, #668, .F. ) ;
#1716 = VECTOR ( 'NONE', #424, 39.37007874015748143 ) ;
#1717 = VERTEX_POINT ( 'NONE', #82 ) ;
#1718 = AXIS2_PLACEMENT_3D ( 'NONE', #57, #670, #514 ) ;
#1719 = CIRCLE ( 'NONE', #555, 5.000000000000000000 ) ;
#1720 = VECTOR ( 'NONE', #1479, 39.37007874015748143 ) ;
#1721 = DIRECTION ( 'NONE',  ( 1.000000000000000000, 0.000000000000000000, 0.000000000000000000 ) ) ;
#1722 = ORIENTED_EDGE ( 'NONE', *, *, #1465, .T. ) ;
#1723 = CYLINDRICAL_SURFACE ( 'NONE', #1988, 5.250000000000000888 ) ;
#1724 = CYLINDRICAL_SURFACE ( 'NONE', #1254, 0.1249999999999999029 ) ;
#1725 = CARTESIAN_POINT ( 'NONE',  ( -0.3750000000000007772, -2.875000000000000000, 0.1000000000000000194 ) ) ;
#1726 = VERTEX_POINT ( 'NONE', #1323 ) ;
#1727 = DIRECTION ( 'NONE',  ( 1.224646799147353207E-16, -1.000000000000000000, 0.000000000000000000 ) ) ;
#1728 = ORIENTED_EDGE ( 'NONE', *, *, #248, .T. ) ;
#1729 = ORIENTED_EDGE ( 'NONE', *, *, #1648, .F. ) ;
#1730 = CARTESIAN_POINT ( 'NONE',  ( -2.194850960857479105, 0.2500000000000002220, 0.2500000000000000000 ) ) ;
#1731 = EDGE_LOOP ( 'NONE', ( #1338, #664, #786, #1568 ) ) ;
#1732 =( NAMED_UNIT ( * ) SI_UNIT ( $, .STERADIAN. ) SOLID_ANGLE_UNIT ( ) );
#1733 = CARTESIAN_POINT ( 'NONE',  ( -3.999999999999999556, 3.125000000000000000, 0.000000000000000000 ) ) ;
#1734 = DIRECTION ( 'NONE',  ( -0.000000000000000000, -0.000000000000000000, 1.000000000000000000 ) ) ;
#1735 = ORIENTED_EDGE ( 'NONE', *, *, #1678, .T. ) ;
#1736 = DIRECTION ( 'NONE',  ( -1.000000000000000000, 0.000000000000000000, 0.000000000000000000 ) ) ;
#1737 = ORIENTED_EDGE ( 'NONE', *, *, #141, .F. ) ;
#1738 = ORIENTED_EDGE ( 'NONE', *, *, #697, .T. ) ;
#1739 = EDGE_CURVE ( 'NONE', #1374, #1200, #779, .T. ) ;
#1740 = CARTESIAN_POINT ( 'NONE',  ( -0.07578740157480397255, -5.616776837221946358E-16, 0.2500000000000000555 ) ) ;
#1741 = ORIENTED_EDGE ( 'NONE', *, *, #1577, .T. ) ;
#1742 = FACE_OUTER_BOUND ( 'NONE', #527, .T. ) ;
#1743 = VERTEX_POINT ( 'NONE', #1831 ) ;
#1744 = FACE_BOUND ( 'NONE', #1397, .T. ) ;
#1745 = DIRECTION ( 'NONE',  ( -0.000000000000000000, -0.000000000000000000, 1.000000000000000000 ) ) ;
#1746 = EDGE_CURVE ( 'NONE', #341, #1245, #426, .T. ) ;
#1747 = ORIENTED_EDGE ( 'NONE', *, *, #1746, .T. ) ;
#1748 = CARTESIAN_POINT ( 'NONE',  ( -0.6742125984251983173, -2.999999999999999556, 0.2500000000000000000 ) ) ;
#1749 = ORIENTED_EDGE ( 'NONE', *, *, #754, .T. ) ;
#1750 = EDGE_CURVE ( 'NONE', #1454, #508, #1796, .T. ) ;
#1751 = AXIS2_PLACEMENT_3D ( 'NONE', #1196, #1367, #1838 ) ;
#1752 = CARTESIAN_POINT ( 'NONE',  ( -3.625000000000001332, -3.000000000000007550, 0.000000000000000000 ) ) ;
#1753 = CIRCLE ( 'NONE', #868, 0.04921259842519662420 ) ;
#1754 = EDGE_LOOP ( 'NONE', ( #1963, #49, #1169, #897 ) ) ;
#1755 = APPLICATION_PROTOCOL_DEFINITION ( 'international standard', 'config_control_design', 1994, #95 ) ;
#1756 = ORIENTED_EDGE ( 'NONE', *, *, #144, .T. ) ;
#1757 = AXIS2_PLACEMENT_3D ( 'NONE', #436, #1199, #1984 ) ;
#1758 = CIRCLE ( 'NONE', #1659, 0.04921259842519634664 ) ;
#1759 = CARTESIAN_POINT ( 'NONE',  ( -0.07578740157480268191, 2.499999999999999112, 0.2500000000000000000 ) ) ;
#1760 = CARTESIAN_POINT ( 'NONE',  ( -3.255511132637300076, 0.000000000000000000, 0.2500000000000000000 ) ) ;
#1761 = AXIS2_PLACEMENT_3D ( 'NONE', #216, #1455, #825 ) ;
#1762 = PRODUCT_DEFINITION_FORMATION_WITH_SPECIFIED_SOURCE ( 'ANY', '', #371, .NOT_KNOWN. ) ;
#1763 = ORIENTED_EDGE ( 'NONE', *, *, #523, .F. ) ;
#1764 = FACE_BOUND ( 'NONE', #601, .T. ) ;
#1765 = CARTESIAN_POINT ( 'NONE',  ( -2.194850960857479105, -0.2499999999999999722, 0.2500000000000000000 ) ) ;
#1766 = ORIENTED_EDGE ( 'NONE', *, *, #717, .T. ) ;
#1767 = LINE ( 'NONE', #1117, #487 ) ;
#1768 = ORIENTED_EDGE ( 'NONE', *, *, #1318, .T. ) ;
#1769 = DIRECTION ( 'NONE',  ( -1.000000000000000000, 0.000000000000000000, -0.000000000000000000 ) ) ;
#1770 = FACE_OUTER_BOUND ( 'NONE', #912, .T. ) ;
#1771 = EDGE_CURVE ( 'NONE', #454, #1611, #1163, .T. ) ;
#1772 = EDGE_LOOP ( 'NONE', ( #338, #895, #1177, #73 ) ) ;
#1773 = ORIENTED_EDGE ( 'NONE', *, *, #932, .F. ) ;
#1774 = LINE ( 'NONE', #220, #315 ) ;
#1775 = EDGE_CURVE ( 'NONE', #1706, #1950, #275, .T. ) ;
#1776 = VERTEX_POINT ( 'NONE', #1642 ) ;
#1777 = CARTESIAN_POINT ( 'NONE',  ( -1.575787401574805013, -3.000000000000001776, 0.2500000000000000000 ) ) ;
#1778 = VERTEX_POINT ( 'NONE', #109 ) ;
#1779 = DIRECTION ( 'NONE',  ( -0.000000000000000000, 0.000000000000000000, 1.000000000000000000 ) ) ;
#1780 = EDGE_LOOP ( 'NONE', ( #577, #1285, #579, #65 ) ) ;
#1781 = CARTESIAN_POINT ( 'NONE',  ( -3.674212598425195431, 3.000000000000008438, 0.2500000000000000000 ) ) ;
#1782 = DIRECTION ( 'NONE',  ( -0.000000000000000000, -0.000000000000000000, 1.000000000000000000 ) ) ;
#1783 = EDGE_CURVE ( 'NONE', #394, #300, #682, .T. ) ;
#1784 = EDGE_CURVE ( 'NONE', #636, #645, #1187, .T. ) ;
#1785 = EDGE_LOOP ( 'NONE', ( #1728, #26, #593, #979 ) ) ;
#1786 = CARTESIAN_POINT ( 'NONE',  ( -2.194850960857479105, -0.2499999999999999722, 0.1000000000000000194 ) ) ;
#1787 = CARTESIAN_POINT ( 'NONE',  ( -3.749999999999999112, -2.875000000000000888, 0.1000000000000000194 ) ) ;
#1788 = CIRCLE ( 'NONE', #1262, 0.2499999999999998057 ) ;
#1789 = AXIS2_PLACEMENT_3D ( 'NONE', #1515, #1057, #727 ) ;
#1790 = CARTESIAN_POINT ( 'NONE',  ( -3.115394853567531541, 1.068505796728294488, -4.375000000000000888 ) ) ;
#1791 = DIRECTION ( 'NONE',  ( 0.000000000000000000, -0.000000000000000000, -1.000000000000000000 ) ) ;
#1792 = AXIS2_PLACEMENT_3D ( 'NONE', #594, #1814, #909 ) ;
#1793 = AXIS2_PLACEMENT_3D ( 'NONE', #1313, #1155, #1008 ) ;
#1794 = EDGE_LOOP ( 'NONE', ( #732, #1198, #998, #1056 ) ) ;
#1795 = ORIENTED_EDGE ( 'NONE', *, *, #769, .T. ) ;
#1796 = CIRCLE ( 'NONE', #1929, 0.1249999999999999029 ) ;
#1797 = AXIS2_PLACEMENT_3D ( 'NONE', #1290, #955, #1278 ) ;
#1798 = CARTESIAN_POINT ( 'NONE',  ( 3.827021247335478310E-16, 3.125000000000000000, 0.2500000000000000000 ) ) ;
#1799 = VERTEX_POINT ( 'NONE', #416 ) ;
#1800 = ORIENTED_EDGE ( 'NONE', *, *, #1595, .F. ) ;
#1801 = CALENDAR_DATE ( 2026, 20, 3 ) ;
#1802 = DIRECTION ( 'NONE',  ( -1.000000000000000000, 0.000000000000000000, 0.000000000000000000 ) ) ;
#1803 = DIRECTION ( 'NONE',  ( -0.000000000000000000, -0.000000000000000000, 1.000000000000000000 ) ) ;
#1804 = CARTESIAN_POINT ( 'NONE',  ( -8.255511132637300520, 0.000000000000000000, 0.000000000000000000 ) ) ;
#1805 = CARTESIAN_POINT ( 'NONE',  ( -0.2499999999999998057, -2.694971137819725637, 0.2500000000000000000 ) ) ;
#1806 = ORIENTED_EDGE ( 'NONE', *, *, #55, .F. ) ;
#1807 = ADVANCED_FACE ( 'NONE', ( #1650 ), #1044, .T. ) ;
#1808 = ORIENTED_EDGE ( 'NONE', *, *, #316, .F. ) ;
#1809 = SECURITY_CLASSIFICATION_LEVEL ( 'unclassified' ) ;
#1810 = DIRECTION ( 'NONE',  ( -0.000000000000000000, -0.000000000000000000, 1.000000000000000000 ) ) ;
#1811 = DIRECTION ( 'NONE',  ( -0.000000000000000000, -0.000000000000000000, 1.000000000000000000 ) ) ;
#1812 = EDGE_CURVE ( 'NONE', #78, #201, #1869, .T. ) ;
#1813 = VERTEX_POINT ( 'NONE', #132 ) ;
#1814 = DIRECTION ( 'NONE',  ( -0.000000000000000000, -0.000000000000000000, 1.000000000000000000 ) ) ;
#1815 = ADVANCED_FACE ( 'NONE', ( #606 ), #1240, .T. ) ;
#1816 = VERTEX_POINT ( 'NONE', #924 ) ;
#1817 = PERSON_AND_ORGANIZATION ( #270, #562 ) ;
#1818 = DIRECTION ( 'NONE',  ( -0.000000000000000000, -0.000000000000000000, 1.000000000000000000 ) ) ;
#1819 = CARTESIAN_POINT ( 'NONE',  ( -3.999999999999998668, -2.694971137819724749, 0.2500000000000000000 ) ) ;
#1820 = CIRCLE ( 'NONE', #1293, 0.04921259842519634664 ) ;
#1821 = DIRECTION ( 'NONE',  ( 0.000000000000000000, -0.000000000000000000, -1.000000000000000000 ) ) ;
#1822 = CARTESIAN_POINT ( 'NONE',  ( -3.344796846923014488, -0.9406833707904234121, 0.000000000000000000 ) ) ;
#1823 = EDGE_LOOP ( 'NONE', ( #707, #691, #1898, #462 ) ) ;
#1824 = CIRCLE ( 'NONE', #936, 0.04921259842519634664 ) ;
#1825 = AXIS2_PLACEMENT_3D ( 'NONE', #1880, #1099, #180 ) ;
#1826 = VECTOR ( 'NONE', #476, 39.37007874015748143 ) ;
#1827 = AXIS2_PLACEMENT_3D ( 'NONE', #400, #1641, #247 ) ;
#1828 = CARTESIAN_POINT ( 'NONE',  ( -3.749999999999999112, 2.729284091208171947, -4.375000000000000888 ) ) ;
#1829 = EDGE_LOOP ( 'NONE', ( #1909, #359, #1364, #1387 ) ) ;
#1830 = LINE ( 'NONE', #274, #903 ) ;
#1831 = CARTESIAN_POINT ( 'NONE',  ( -1.674212598425198317, -3.000000000000001776, 0.000000000000000000 ) ) ;
#1832 = ORIENTED_EDGE ( 'NONE', *, *, #1497, .F. ) ;
#1833 = EDGE_CURVE ( 'NONE', #893, #1269, #559, .T. ) ;
#1834 = DIRECTION ( 'NONE',  ( 1.000000000000000000, 0.000000000000000000, 0.000000000000000000 ) ) ;
#1835 = CARTESIAN_POINT ( 'NONE',  ( -0.6250000000000016653, -2.999999999999999556, 0.000000000000000000 ) ) ;
#1836 = ORIENTED_EDGE ( 'NONE', *, *, #692, .T. ) ;
#1837 = DIRECTION ( 'NONE',  ( 1.000000000000000000, 3.362274453740633550E-16, 0.000000000000000000 ) ) ;
#1838 = DIRECTION ( 'NONE',  ( -1.000000000000000000, -5.629268658030111034E-17, 0.000000000000000000 ) ) ;
#1839 = CARTESIAN_POINT ( 'NONE',  ( -3.022177799303967127, 0.9723968097209881867, -4.375000000000000888 ) ) ;
#1840 = DIRECTION ( 'NONE',  ( -0.000000000000000000, -0.000000000000000000, 1.000000000000000000 ) ) ;
#1841 = EDGE_CURVE ( 'NONE', #541, #2000, #1032, .T. ) ;
#1842 = DIRECTION ( 'NONE',  ( 2.588066520313514625E-16, 1.000000000000000000, 0.000000000000000000 ) ) ;
#1843 = VERTEX_POINT ( 'NONE', #19 ) ;
#1844 = CYLINDRICAL_SURFACE ( 'NONE', #1714, 0.04921259842519662420 ) ;
#1845 = EDGE_CURVE ( 'NONE', #1374, #83, #444, .T. ) ;
#1846 = ORIENTED_EDGE ( 'NONE', *, *, #1475, .F. ) ;
#1847 = DIRECTION ( 'NONE',  ( -0.000000000000000000, -0.000000000000000000, 1.000000000000000000 ) ) ;
#1848 = CYLINDRICAL_SURFACE ( 'NONE', #1222, 0.1249999999999999584 ) ;
#1849 = CARTESIAN_POINT ( 'NONE',  ( -3.138323632637300076, -0.7407881544974581622, 0.000000000000000000 ) ) ;
#1850 = CARTESIAN_POINT ( 'NONE',  ( -3.624999999999999112, -2.750000000000000888, 0.1000000000000000194 ) ) ;
#1851 = AXIS2_PLACEMENT_3D ( 'NONE', #802, #1423, #657 ) ;
#1852 = VERTEX_POINT ( 'NONE', #753 ) ;
#1853 = AXIS2_PLACEMENT_3D ( 'NONE', #850, #233, #1121 ) ;
#1854 = AXIS2_PLACEMENT_3D ( 'NONE', #1362, #1326, #96 ) ;
#1855 = DIRECTION ( 'NONE',  ( 2.588066520313514625E-16, -1.000000000000000000, 0.000000000000000000 ) ) ;
#1856 = VERTEX_POINT ( 'NONE', #1080 ) ;
#1857 = VERTEX_POINT ( 'NONE', #1708 ) ;
#1858 = VECTOR ( 'NONE', #2012, 39.37007874015748143 ) ;
#1859 = CARTESIAN_POINT ( 'NONE',  ( -3.138323632637300076, 0.7407881544974581622, 0.2500000000000000000 ) ) ;
#1860 = DIRECTION ( 'NONE',  ( -0.000000000000000000, -0.000000000000000000, 1.000000000000000000 ) ) ;
#1861 = EDGE_CURVE ( 'NONE', #1472, #1813, #935, .T. ) ;
#1862 = DIRECTION ( 'NONE',  ( -0.000000000000000000, -0.000000000000000000, 1.000000000000000000 ) ) ;
#1863 = CARTESIAN_POINT ( 'NONE',  ( -3.749999999999999112, -2.729284091208171947, 0.2500000000000000000 ) ) ;
#1864 = EDGE_LOOP ( 'NONE', ( #1872, #1722, #1377, #1604 ) ) ;
#1865 = CARTESIAN_POINT ( 'NONE',  ( -0.3750000000000002220, -0.2499999999999998890, -4.375000000000000888 ) ) ;
#1866 = ADVANCED_FACE ( 'NONE', ( #1531 ), #615, .T. ) ;
#1867 = ORIENTED_EDGE ( 'NONE', *, *, #1746, .F. ) ;
#1868 = DIRECTION ( 'NONE',  ( 1.000000000000000000, 0.000000000000000000, 0.000000000000000000 ) ) ;
#1869 = LINE ( 'NONE', #795, #165 ) ;
#1870 = DIRECTION ( 'NONE',  ( -0.000000000000000000, 0.000000000000000000, -1.000000000000000000 ) ) ;
#1871 = CARTESIAN_POINT ( 'NONE',  ( -3.749999999999999112, -2.694971137819724749, 0.1000000000000000194 ) ) ;
#1872 = ORIENTED_EDGE ( 'NONE', *, *, #1211, .T. ) ;
#1873 = DIRECTION ( 'NONE',  ( 0.000000000000000000, -0.000000000000000000, -1.000000000000000000 ) ) ;
#1874 = ORIENTED_EDGE ( 'NONE', *, *, #1373, .T. ) ;
#1875 = ORIENTED_EDGE ( 'NONE', *, *, #862, .T. ) ;
#1876 = CARTESIAN_POINT ( 'NONE',  ( -3.255511132637300076, 0.000000000000000000, 0.1000000000000000194 ) ) ;
#1877 = ORIENTED_EDGE ( 'NONE', *, *, #316, .T. ) ;
#1878 = CARTESIAN_POINT ( 'NONE',  ( -3.749999999999999112, -2.694971137819724749, 0.2500000000000000000 ) ) ;
#1879 = EDGE_CURVE ( 'NONE', #604, #566, #1431, .T. ) ;
#1880 = CARTESIAN_POINT ( 'NONE',  ( -0.1249999999999992645, 2.499999999999999112, 0.000000000000000000 ) ) ;
#1881 = CARTESIAN_POINT ( 'NONE',  ( -3.999999999999998668, -2.694971137819724749, 0.000000000000000000 ) ) ;
#1882 = EDGE_LOOP ( 'NONE', ( #628, #735 ) ) ;
#1883 = CARTESIAN_POINT ( 'NONE',  ( -0.3749999999999999445, 2.750000000000000000, 0.1000000000000000194 ) ) ;
#1884 = VECTOR ( 'NONE', #2001, 39.37007874015748143 ) ;
#1885 = ORIENTED_EDGE ( 'NONE', *, *, #782, .T. ) ;
#1886 = AXIS2_PLACEMENT_3D ( 'NONE', #112, #277, #1674 ) ;
#1887 = AXIS2_PLACEMENT_3D ( 'NONE', #1540, #295, #154 ) ;
#1888 = ORIENTED_EDGE ( 'NONE', *, *, #1992, .T. ) ;
#1889 = VECTOR ( 'NONE', #927, 39.37007874015748143 ) ;
#1890 = AXIS2_PLACEMENT_3D ( 'NONE', #66, #1445, #226 ) ;
#1891 = CIRCLE ( 'NONE', #1851, 0.04921259842519641603 ) ;
#1892 = CARTESIAN_POINT ( 'NONE',  ( -3.732686305410164884, -2.665812368156813772, -4.375000000000000888 ) ) ;
#1893 = ORIENTED_EDGE ( 'NONE', *, *, #1329, .F. ) ;
#1894 = DIRECTION ( 'NONE',  ( 1.000000000000000000, 0.000000000000000000, 0.000000000000000000 ) ) ;
#1895 = LOCAL_TIME ( 19, 7, 23.00000000000000000, #399 ) ;
#1896 = CARTESIAN_POINT ( 'NONE',  ( -3.749999999999997335, 2.875000000000001332, 0.2500000000000000000 ) ) ;
#1897 = DIRECTION ( 'NONE',  ( 0.000000000000000000, 1.000000000000000000, -0.000000000000000000 ) ) ;
#1898 = ORIENTED_EDGE ( 'NONE', *, *, #1149, .F. ) ;
#1899 = CARTESIAN_POINT ( 'NONE',  ( -3.999999999999999556, 3.125000000000000000, 0.2500000000000000000 ) ) ;
#1900 = EDGE_CURVE ( 'NONE', #658, #851, #450, .T. ) ;
#1901 = VERTEX_POINT ( 'NONE', #1380 ) ;
#1902 = CARTESIAN_POINT ( 'NONE',  ( -3.575787401574805013, -3.000000000000007550, 0.2500000000000000000 ) ) ;
#1903 = ORIENTED_EDGE ( 'NONE', *, *, #1038, .F. ) ;
#1904 = CARTESIAN_POINT ( 'NONE',  ( -1.624999999999998890, 3.000000000000001776, 0.000000000000000000 ) ) ;
#1905 = DIRECTION ( 'NONE',  ( -0.000000000000000000, -0.000000000000000000, 1.000000000000000000 ) ) ;
#1906 = ORIENTED_EDGE ( 'NONE', *, *, #1, .F. ) ;
#1907 = DIRECTION ( 'NONE',  ( -1.000000000000000000, 0.000000000000000000, 0.000000000000000000 ) ) ;
#1908 = ADVANCED_FACE ( 'NONE', ( #11 ), #637, .F. ) ;
#1909 = ORIENTED_EDGE ( 'NONE', *, *, #1970, .F. ) ;
#1910 = EDGE_CURVE ( 'NONE', #10, #113, #1538, .T. ) ;
#1911 = ORIENTED_EDGE ( 'NONE', *, *, #1784, .T. ) ;
#1912 = CARTESIAN_POINT ( 'NONE',  ( -0.1249999999999992645, 2.499999999999999112, 0.000000000000000000 ) ) ;
#1913 = ORIENTED_EDGE ( 'NONE', *, *, #889, .F. ) ;
#1914 = CARTESIAN_POINT ( 'NONE',  ( 3.827021247335478310E-16, 3.125000000000000000, 0.2500000000000000000 ) ) ;
#1915 = CARTESIAN_POINT ( 'NONE',  ( -0.6742125984251958748, 2.999999999999998668, 0.000000000000000000 ) ) ;
#1916 = CARTESIAN_POINT ( 'NONE',  ( -8.255511132637300520, 0.000000000000000000, 0.2500000000000000000 ) ) ;
#1917 = EDGE_LOOP ( 'NONE', ( #250, #1643 ) ) ;
#1918 = PLANE ( 'NONE',  #1184 ) ;
#1919 = CIRCLE ( 'NONE', #520, 0.04921259842519662420 ) ;
#1920 = DIRECTION ( 'NONE',  ( 0.000000000000000000, -0.000000000000000000, -1.000000000000000000 ) ) ;
#1921 = CIRCLE ( 'NONE', #225, 0.04921259842519656869 ) ;
#1922 = ORIENTED_EDGE ( 'NONE', *, *, #1861, .F. ) ;
#1923 = CYLINDRICAL_SURFACE ( 'NONE', #1490, 0.04921259842519662420 ) ;
#1924 = AXIS2_PLACEMENT_3D ( 'NONE', #1181, #1350, #121 ) ;
#1925 = CIRCLE ( 'NONE', #449, 0.04921259842519634664 ) ;
#1926 = AXIS2_PLACEMENT_3D ( 'NONE', #538, #826, #1468 ) ;
#1927 = CARTESIAN_POINT ( 'NONE',  ( -3.344796846923014488, -0.9406833707904234121, 0.2500000000000000000 ) ) ;
#1928 = CARTESIAN_POINT ( 'NONE',  ( -3.999999999999999556, -3.125000000000000000, 0.2500000000000000000 ) ) ;
#1929 = AXIS2_PLACEMENT_3D ( 'NONE', #1954, #118, #1980 ) ;
#1930 = CC_DESIGN_DATE_AND_TIME_ASSIGNMENT ( #389, #1491, ( #264 ) ) ;
#1931 = AXIS2_PLACEMENT_3D ( 'NONE', #688, #54, #675 ) ;
#1932 = ORIENTED_EDGE ( 'NONE', *, *, #1771, .F. ) ;
#1933 = DIRECTION ( 'NONE',  ( -0.000000000000000000, -0.000000000000000000, 1.000000000000000000 ) ) ;
#1934 = ORIENTED_EDGE ( 'NONE', *, *, #356, .F. ) ;
#1935 = CARTESIAN_POINT ( 'NONE',  ( -1.575787401574802349, 3.000000000000001776, 0.2500000000000000000 ) ) ;
#1936 = EDGE_LOOP ( 'NONE', ( #917, #1444 ) ) ;
#1937 = DIRECTION ( 'NONE',  ( -0.000000000000000000, -0.000000000000000000, 1.000000000000000000 ) ) ;
#1938 = ADVANCED_FACE ( 'NONE', ( #1221 ), #1723, .T. ) ;
#1939 = PLANE ( 'NONE',  #321 ) ;
#1940 = DIRECTION ( 'NONE',  ( -1.000000000000000000, 0.000000000000000000, 0.000000000000000000 ) ) ;
#1941 = EDGE_LOOP ( 'NONE', ( #6, #1462, #1299, #1808 ) ) ;
#1942 = VERTEX_POINT ( 'NONE', #948 ) ;
#1943 = PLANE ( 'NONE',  #680 ) ;
#1944 = DIRECTION ( 'NONE',  ( -0.000000000000000000, -0.000000000000000000, 1.000000000000000000 ) ) ;
#1945 =( NAMED_UNIT ( * ) PLANE_ANGLE_UNIT ( ) SI_UNIT ( $, .RADIAN. ) );
#1946 = DIRECTION ( 'NONE',  ( 1.000000000000000000, 0.000000000000000000, 0.000000000000000000 ) ) ;
#1947 = LINE ( 'NONE', #546, #1986 ) ;
#1948 = ORIENTED_EDGE ( 'NONE', *, *, #39, .F. ) ;
#1949 = FACE_OUTER_BOUND ( 'NONE', #432, .T. ) ;
#1950 = VERTEX_POINT ( 'NONE', #1072 ) ;
#1951 = CIRCLE ( 'NONE', #443, 0.04921259842519634664 ) ;
#1952 = AXIS2_PLACEMENT_3D ( 'NONE', #342, #1535, #1727 ) ;
#1953 = LINE ( 'NONE', #575, #259 ) ;
#1954 = CARTESIAN_POINT ( 'NONE',  ( -2.993011132637300342, -1.093946410936111668, 0.2500000000000000000 ) ) ;
#1955 = AXIS2_PLACEMENT_3D ( 'NONE', #1179, #588, #392 ) ;
#1956 = EDGE_CURVE ( 'NONE', #1345, #1343, #1627, .T. ) ;
#1957 = ORIENTED_EDGE ( 'NONE', *, *, #240, .F. ) ;
#1958 = AXIS2_PLACEMENT_3D ( 'NONE', #401, #1174, #1018 ) ;
#1959 = DIRECTION ( 'NONE',  ( -0.000000000000000000, -0.000000000000000000, 1.000000000000000000 ) ) ;
#1960 = ORIENTED_EDGE ( 'NONE', *, *, #1710, .T. ) ;
#1961 = ADVANCED_FACE ( 'NONE', ( #493 ), #282, .T. ) ;
#1962 = ADVANCED_FACE ( 'NONE', ( #1205 ), #1848, .F. ) ;
#1963 = ORIENTED_EDGE ( 'NONE', *, *, #699, .T. ) ;
#1964 = EDGE_CURVE ( 'NONE', #188, #278, #621, .T. ) ;
#1965 = LINE ( 'NONE', #1173, #1585 ) ;
#1966 = DIRECTION ( 'NONE',  ( -1.000000000000000000, 0.000000000000000000, 0.000000000000000000 ) ) ;
#1967 = VERTEX_POINT ( 'NONE', #1914 ) ;
#1968 = DIRECTION ( 'NONE',  ( 1.000000000000000000, 0.000000000000000000, 0.000000000000000000 ) ) ;
#1969 = EDGE_LOOP ( 'NONE', ( #343, #1059, #1773, #1546 ) ) ;
#1970 = EDGE_CURVE ( 'NONE', #308, #678, #1767, .T. ) ;
#1971 = CALENDAR_DATE ( 2026, 20, 3 ) ;
#1972 = CARTESIAN_POINT ( 'NONE',  ( -0.1250000000000003886, -5.616776837221946358E-16, 0.2500000000000000000 ) ) ;
#1973 = LINE ( 'NONE', #854, #654 ) ;
#1974 = CYLINDRICAL_SURFACE ( 'NONE', #1924, 0.2499999999999998057 ) ;
#1975 = CARTESIAN_POINT ( 'NONE',  ( -0.3749999999999992784, -0.3749999999999998335, 0.2500000000000000000 ) ) ;
#1976 = DIRECTION ( 'NONE',  ( 1.000000000000000000, 0.000000000000000000, 0.000000000000000000 ) ) ;
#1977 = EDGE_CURVE ( 'NONE', #1857, #86, #337, .T. ) ;
#1978 = DIRECTION ( 'NONE',  ( -1.000000000000000000, 0.000000000000000000, 0.000000000000000000 ) ) ;
#1979 = AXIS2_PLACEMENT_3D ( 'NONE', #1049, #235, #1498 ) ;
#1980 = DIRECTION ( 'NONE',  ( -1.000000000000000000, 0.000000000000000000, 0.000000000000000000 ) ) ;
#1981 = AXIS2_PLACEMENT_3D ( 'NONE', #183, #799, #633 ) ;
#1982 = AXIS2_PLACEMENT_3D ( 'NONE', #617, #1709, #1054 ) ;
#1983 = ORIENTED_EDGE ( 'NONE', *, *, #1648, .T. ) ;
#1984 = DIRECTION ( 'NONE',  ( 1.000000000000000000, 0.000000000000000000, 0.000000000000000000 ) ) ;
#1985 = ORIENTED_EDGE ( 'NONE', *, *, #899, .F. ) ;
#1986 = VECTOR ( 'NONE', #1745, 39.37007874015748143 ) ;
#1987 = AXIS2_PLACEMENT_3D ( 'NONE', #1681, #134, #1224 ) ;
#1988 = AXIS2_PLACEMENT_3D ( 'NONE', #326, #456, #1680 ) ;
#1989 = AXIS2_PLACEMENT_3D ( 'NONE', #714, #1340, #1334 ) ;
#1990 = EDGE_CURVE ( 'NONE', #803, #638, #1136, .T. ) ;
#1991 = DIRECTION ( 'NONE',  ( -0.000000000000000000, -0.000000000000000000, -1.000000000000000000 ) ) ;
#1992 = EDGE_CURVE ( 'NONE', #1843, #10, #1003, .T. ) ;
#1993 = FACE_OUTER_BOUND ( 'NONE', #1039, .T. ) ;
#1994 = DIRECTION ( 'NONE',  ( -0.000000000000000000, -0.000000000000000000, -1.000000000000000000 ) ) ;
#1995 = ADVANCED_FACE ( 'NONE', ( #537 ), #1292, .F. ) ;
#1996 = ORIENTED_EDGE ( 'NONE', *, *, #569, .T. ) ;
#1997 = ADVANCED_FACE ( 'NONE', ( #1742 ), #1147, .F. ) ;
#1998 = CYLINDRICAL_SURFACE ( 'NONE', #1621, 0.04921259842519658950 ) ;
#1999 = CARTESIAN_POINT ( 'NONE',  ( -3.999999999999998668, 2.694971137819724749, 0.000000000000000000 ) ) ;
#2000 = VERTEX_POINT ( 'NONE', #1608 ) ;
#2001 = DIRECTION ( 'NONE',  ( -0.000000000000000000, -0.000000000000000000, 1.000000000000000000 ) ) ;
#2002 = ORIENTED_EDGE ( 'NONE', *, *, #841, .F. ) ;
#2003 = CARTESIAN_POINT ( 'NONE',  ( -0.1742125984251978177, -2.500000000000001332, 0.2500000000000000555 ) ) ;
#2004 = DIRECTION ( 'NONE',  ( 1.000000000000000000, -3.362274453740633550E-16, 0.000000000000000000 ) ) ;
#2005 = CARTESIAN_POINT ( 'NONE',  ( -2.312702091055236497, 0.3333333333333333703, -4.375000000000000888 ) ) ;
#2006 = CARTESIAN_POINT ( 'NONE',  ( -3.749999999999999112, 2.750000000000000888, 0.2500000000000000000 ) ) ;
#2007 = ORIENTED_EDGE ( 'NONE', *, *, #1677, .F. ) ;
#2008 = DIRECTION ( 'NONE',  ( 0.000000000000000000, 0.000000000000000000, 1.000000000000000000 ) ) ;
#2009 = ORIENTED_EDGE ( 'NONE', *, *, #441, .F. ) ;
#2010 = CC_DESIGN_PERSON_AND_ORGANIZATION_ASSIGNMENT ( #1499, #253, ( #1762 ) ) ;
#2011 = DIRECTION ( 'NONE',  ( -0.000000000000000000, -0.000000000000000000, 1.000000000000000000 ) ) ;
#2012 = DIRECTION ( 'NONE',  ( -0.000000000000000000, -0.000000000000000000, -1.000000000000000000 ) ) ;
#2013 = ORIENTED_EDGE ( 'NONE', *, *, #55, .T. ) ;
#2014 = DIRECTION ( 'NONE',  ( 1.000000000000000000, 0.000000000000000000, 0.000000000000000000 ) ) ;
#2015 = CARTESIAN_POINT ( 'NONE',  ( -8.255511132637300520, 0.000000000000000000, 0.2500000000000000000 ) ) ;
#2016 = AXIS2_PLACEMENT_3D ( 'NONE', #635, #1847, #1092 ) ;
#2017 = ADVANCED_FACE ( 'NONE', ( #1306 ), #1923, .F. ) ;
#2018 = EDGE_LOOP ( 'NONE', ( #749, #475, #612, #1120 ) ) ;
#2019 = CIRCLE ( 'NONE', #1129, 0.1249999999999999029 ) ;
#2020 = DIRECTION ( 'NONE',  ( -0.000000000000000000, -0.000000000000000000, 1.000000000000000000 ) ) ;
#2021 = EDGE_CURVE ( 'NONE', #1200, #598, #206, .T. ) ;
#2022 = CIRCLE ( 'NONE', #1658, 0.04921259842519660338 ) ;
#2023 = AXIS2_PLACEMENT_3D ( 'NONE', #1972, #1818, #415 ) ;
#2024 = ORIENTED_EDGE ( 'NONE', *, *, #697, .F. ) ;
#2025 = VECTOR ( 'NONE', #715, 39.37007874015748143 ) ;
#2026 = APPROVAL_PERSON_ORGANIZATION ( #245, #1489, #1347 ) ;
#2027 = CYLINDRICAL_SURFACE ( 'NONE', #1456, 0.04921259842519634664 ) ;
#2028 = DIRECTION ( 'NONE',  ( -1.000000000000000000, 5.629268658030111034E-17, 0.000000000000000000 ) ) ;
ENDSEC;
END-ISO-10303-21;
