ISO-10303-21;
HEADER;
FILE_DESCRIPTION (( 'STEP AP203' ),
    '1' );
FILE_NAME ('Bottom Chassis Plate.STEP',
    '2026-03-20T23:22:00',
    ( '' ),
    ( '' ),
    'SwSTEP 2.0',
    'SolidWorks 2025',
    '' );
FILE_SCHEMA (( 'CONFIG_CONTROL_DESIGN' ));
ENDSEC;

DATA;
#1 = DIRECTION ( 'NONE',  ( 0.000000000000000000, 0.000000000000000000, -1.000000000000000000 ) ) ;
#2 = ORIENTED_EDGE ( 'NONE', *, *, #313, .T. ) ;
#3 = EDGE_CURVE ( 'NONE', #213, #34, #429, .T. ) ;
#4 = CALENDAR_DATE ( 2026, 20, 3 ) ;
#5 = DIRECTION ( 'NONE',  ( 0.000000000000000000, 0.000000000000000000, 1.000000000000000000 ) ) ;
#6 = CARTESIAN_POINT ( 'NONE',  ( 0.2500000000000000000, 7.125000000000000000, 0.06599999999999993372 ) ) ;
#7 = CARTESIAN_POINT ( 'NONE',  ( 0.2500000000000000000, 6.450000000000000178, 0.7580624847486573392 ) ) ;
#8 = ORIENTED_EDGE ( 'NONE', *, *, #410, .F. ) ;
#9 = AXIS2_PLACEMENT_3D ( 'NONE', #1005, #779, #759 ) ;
#10 = ADVANCED_FACE ( 'NONE', ( #867 ), #80, .F. ) ;
#11 = AXIS2_PLACEMENT_3D ( 'NONE', #484, #24, #1048 ) ;
#12 = CARTESIAN_POINT ( 'NONE',  ( 0.2500000000000000000, 7.249999999999999112, 3.500000000000000000 ) ) ;
#13 = ORIENTED_EDGE ( 'NONE', *, *, #822, .F. ) ;
#14 = VECTOR ( 'NONE', #1312, 39.37007874015748143 ) ;
#15 = CYLINDRICAL_SURFACE ( 'NONE', #1081, 0.05000000000000000971 ) ;
#16 = AXIS2_PLACEMENT_3D ( 'NONE', #529, #994, #1467 ) ;
#17 = FACE_OUTER_BOUND ( 'NONE', #142, .T. ) ;
#18 = VERTEX_POINT ( 'NONE', #1220 ) ;
#19 = EDGE_LOOP ( 'NONE', ( #458, #981, #535, #168 ) ) ;
#20 = PERSON_AND_ORGANIZATION ( #1277, #694 ) ;
#21 = CARTESIAN_POINT ( 'NONE',  ( 0.2500000000000000000, 7.249999999999999112, 3.500000000000000000 ) ) ;
#22 = ORIENTED_EDGE ( 'NONE', *, *, #1392, .T. ) ;
#23 = ADVANCED_FACE ( 'NONE', ( #1333 ), #662, .F. ) ;
#24 = DIRECTION ( 'NONE',  ( 0.000000000000000000, 0.6246950475544248427, -0.7808688094430299431 ) ) ;
#25 = DIRECTION ( 'NONE',  ( 0.000000000000000000, 0.000000000000000000, 1.000000000000000000 ) ) ;
#26 = VERTEX_POINT ( 'NONE', #1126 ) ;
#27 = ORIENTED_EDGE ( 'NONE', *, *, #1392, .F. ) ;
#28 = DIRECTION ( 'NONE',  ( 1.000000000000000000, 0.000000000000000000, 0.000000000000000000 ) ) ;
#29 = CARTESIAN_POINT ( 'NONE',  ( 0.000000000000000000, 6.287530495244557649, 0.6799756038043544004 ) ) ;
#30 = EDGE_CURVE ( 'NONE', #318, #488, #181, .T. ) ;
#31 = ADVANCED_FACE ( 'NONE', ( #1016 ), #637, .F. ) ;
#32 = DIRECTION ( 'NONE',  ( 1.000000000000000000, 0.000000000000000000, 0.000000000000000000 ) ) ;
#33 = EDGE_CURVE ( 'NONE', #1348, #1324, #1229, .T. ) ;
#34 = VERTEX_POINT ( 'NONE', #887 ) ;
#35 = VERTEX_POINT ( 'NONE', #1214 ) ;
#36 = PLANE ( 'NONE',  #16 ) ;
#37 = CIRCLE ( 'NONE', #789, 0.1000000000000000194 ) ;
#38 = AXIS2_PLACEMENT_3D ( 'NONE', #100, #562, #335 ) ;
#39 = FACE_OUTER_BOUND ( 'NONE', #388, .T. ) ;
#40 = VECTOR ( 'NONE', #1326, 39.37007874015748143 ) ;
#41 = LOCAL_TIME ( 16, 22, 0.000000000000000000, #351 ) ;
#42 = DIRECTION ( 'NONE',  ( 0.000000000000000000, 0.000000000000000000, 1.000000000000000000 ) ) ;
#43 = VERTEX_POINT ( 'NONE', #310 ) ;
#44 = APPROVAL ( #166, 'UNSPECIFIED' ) ;
#45 = APPROVAL_PERSON_ORGANIZATION ( #808, #44, #630 ) ;
#46 = EDGE_CURVE ( 'NONE', #512, #102, #1276, .T. ) ;
#47 = ORIENTED_EDGE ( 'NONE', *, *, #1300, .F. ) ;
#48 = CYLINDRICAL_SURFACE ( 'NONE', #576, 0.05900000000000011485 ) ;
#49 = DIRECTION ( 'NONE',  ( 1.000000000000000000, -0.000000000000000000, -0.000000000000000000 ) ) ;
#50 = DIRECTION ( 'NONE',  ( 1.000000000000000000, -0.000000000000000000, -0.000000000000000000 ) ) ;
#51 = CALENDAR_DATE ( 2026, 20, 3 ) ;
#52 = ORIENTED_EDGE ( 'NONE', *, *, #355, .T. ) ;
#53 = EDGE_LOOP ( 'NONE', ( #1260, #1408, #865, #487 ) ) ;
#54 = ORIENTED_EDGE ( 'NONE', *, *, #459, .F. ) ;
#55 = CARTESIAN_POINT ( 'NONE',  ( 0.000000000000000000, 1.499999999999997113, 3.500000000000000444 ) ) ;
#56 = CARTESIAN_POINT ( 'NONE',  ( 0.2500000000000000000, 5.701195699409809414, 0.3390434404721520134 ) ) ;
#57 = LINE ( 'NONE', #997, #545 ) ;
#58 = VERTEX_POINT ( 'NONE', #1097 ) ;
#59 = CARTESIAN_POINT ( 'NONE',  ( 0.2500000000000000000, 2.580039052967909807, 0.2999999999999994338 ) ) ;
#60 = DIRECTION ( 'NONE',  ( -1.000000000000000000, -0.000000000000000000, -0.000000000000000000 ) ) ;
#61 = EDGE_CURVE ( 'NONE', #264, #120, #568, .T. ) ;
#62 = LINE ( 'NONE', #1468, #892 ) ;
#63 = CIRCLE ( 'NONE', #982, 0.1000000000000000194 ) ;
#64 = DIRECTION ( 'NONE',  ( 1.000000000000000000, 0.000000000000000000, 0.000000000000000000 ) ) ;
#65 = AXIS2_PLACEMENT_3D ( 'NONE', #837, #252, #710 ) ;
#66 = ORIENTED_EDGE ( 'NONE', *, *, #891, .F. ) ;
#67 = AXIS2_PLACEMENT_3D ( 'NONE', #406, #171, #290 ) ;
#68 = ORIENTED_EDGE ( 'NONE', *, *, #661, .T. ) ;
#69 = CIRCLE ( 'NONE', #1406, 0.05900000000000006628 ) ;
#70 = DIRECTION ( 'NONE',  ( -0.000000000000000000, -0.7808688094430303872, -0.6246950475544241765 ) ) ;
#71 = DIRECTION ( 'NONE',  ( 0.000000000000000000, 0.000000000000000000, -1.000000000000000000 ) ) ;
#72 = EDGE_CURVE ( 'NONE', #412, #739, #1121, .T. ) ;
#73 = CARTESIAN_POINT ( 'NONE',  ( 0.2500000000000000000, 1.799999999999999378, 0.7580624847486573392 ) ) ;
#74 = ORIENTED_EDGE ( 'NONE', *, *, #1125, .F. ) ;
#75 = VERTEX_POINT ( 'NONE', #435 ) ;
#76 = DIRECTION ( 'NONE',  ( 0.000000000000000000, 0.000000000000000000, -1.000000000000000000 ) ) ;
#77 = DIRECTION ( 'NONE',  ( 0.000000000000000000, 0.000000000000000000, -1.000000000000000000 ) ) ;
#78 = CARTESIAN_POINT ( 'NONE',  ( 0.2500000000000000000, 6.350000000000000533, 2.841937515251343083 ) ) ;
#79 = EDGE_CURVE ( 'NONE', #742, #496, #646, .T. ) ;
#80 = CYLINDRICAL_SURFACE ( 'NONE', #9, 0.05900000000000006628 ) ;
#81 = ORIENTED_EDGE ( 'NONE', *, *, #589, .F. ) ;
#82 = CYLINDRICAL_SURFACE ( 'NONE', #600, 0.1000000000000000194 ) ;
#83 = FACE_OUTER_BOUND ( 'NONE', #1213, .T. ) ;
#84 = CARTESIAN_POINT ( 'NONE',  ( 0.2500000000000000000, 7.125000000000000000, 3.375000000000000000 ) ) ;
#85 = AXIS2_PLACEMENT_3D ( 'NONE', #1412, #595, #1194 ) ;
#86 = AXIS2_PLACEMENT_3D ( 'NONE', #367, #614, #944 ) ;
#87 = CARTESIAN_POINT ( 'NONE',  ( 0.000000000000000000, 5.047608601180380461, 1.828086880944302717 ) ) ;
#88 = CC_DESIGN_DATE_AND_TIME_ASSIGNMENT ( #1447, #393, ( #900 ) ) ;
#89 = VERTEX_POINT ( 'NONE', #219 ) ;
#90 = EDGE_CURVE ( 'NONE', #611, #858, #910, .T. ) ;
#91 = VECTOR ( 'NONE', #1489, 39.37007874015748143 ) ;
#92 = CARTESIAN_POINT ( 'NONE',  ( 0.2500000000000000000, 6.625000000000000888, 0.1840000000000000802 ) ) ;
#93 = CARTESIAN_POINT ( 'NONE',  ( 0.000000000000000000, 6.287530495244559425, 0.6799756038043549555 ) ) ;
#94 = CARTESIAN_POINT ( 'NONE',  ( 0.2500000000000000000, 6.287530495244557649, 0.6799756038043544004 ) ) ;
#95 = DIRECTION ( 'NONE',  ( 0.000000000000000000, -1.000000000000000000, -3.122111992759157964E-16 ) ) ;
#96 = ORIENTED_EDGE ( 'NONE', *, *, #539, .T. ) ;
#97 = EDGE_CURVE ( 'NONE', #34, #1160, #280, .T. ) ;
#98 = DIRECTION ( 'NONE',  ( -1.000000000000000000, -0.000000000000000000, -0.000000000000000000 ) ) ;
#99 = FACE_OUTER_BOUND ( 'NONE', #605, .T. ) ;
#100 = CARTESIAN_POINT ( 'NONE',  ( 0.000000000000000000, 1.124999999999997558, 0.1250000000000000000 ) ) ;
#101 = DIRECTION ( 'NONE',  ( 0.000000000000000000, 0.000000000000000000, -1.000000000000000000 ) ) ;
#102 = VERTEX_POINT ( 'NONE', #1510 ) ;
#103 = DIRECTION ( 'NONE',  ( 1.000000000000000000, 0.000000000000000000, 0.000000000000000000 ) ) ;
#104 = DIRECTION ( 'NONE',  ( -1.000000000000000000, -0.000000000000000000, -0.000000000000000000 ) ) ;
#105 = EDGE_CURVE ( 'NONE', #1293, #827, #1424, .T. ) ;
#106 = FACE_OUTER_BOUND ( 'NONE', #1456, .T. ) ;
#107 = DIRECTION ( 'NONE',  ( 1.000000000000000000, 0.000000000000000000, 0.000000000000000000 ) ) ;
#108 = AXIS2_PLACEMENT_3D ( 'NONE', #958, #831, #610 ) ;
#109 = ORIENTED_EDGE ( 'NONE', *, *, #951, .T. ) ;
#110 = COORDINATED_UNIVERSAL_TIME_OFFSET ( 8, 0, .BEHIND. ) ;
#111 = CIRCLE ( 'NONE', #307, 0.05000000000000000971 ) ;
#112 = CARTESIAN_POINT ( 'NONE',  ( 0.000000000000000000, 6.625000000000000888, 0.1250000000000000000 ) ) ;
#113 = ORIENTED_EDGE ( 'NONE', *, *, #1202, .F. ) ;
#114 = PLANE ( 'NONE',  #1180 ) ;
#115 = ADVANCED_FACE ( 'NONE', ( #1043 ), #1259, .F. ) ;
#116 = LINE ( 'NONE', #582, #619 ) ;
#117 = ORIENTED_EDGE ( 'NONE', *, *, #485, .T. ) ;
#118 = APPROVAL_DATE_TIME ( #834, #1098 ) ;
#119 = LINE ( 'NONE', #1403, #14 ) ;
#120 = VERTEX_POINT ( 'NONE', #563 ) ;
#121 = CYLINDRICAL_SURFACE ( 'NONE', #65, 0.1000000000000000194 ) ;
#122 = CARTESIAN_POINT ( 'NONE',  ( 0.2500000000000000000, 1.124999999999997558, 0.1250000000000000000 ) ) ;
#123 = ORIENTED_EDGE ( 'NONE', *, *, #33, .T. ) ;
#124 = ADVANCED_FACE ( 'NONE', ( #1038 ), #347, .F. ) ;
#125 = APPROVAL_ROLE ( '' ) ;
#126 = CARTESIAN_POINT ( 'NONE',  ( 0.000000000000000000, 0.9999999999999976685, 3.500000000000000888 ) ) ;
#127 = PLANE ( 'NONE',  #11 ) ;
#128 = PLANE ( 'NONE',  #85 ) ;
#129 = VERTEX_POINT ( 'NONE', #1028 ) ;
#130 = ORIENTED_EDGE ( 'NONE', *, *, #390, .F. ) ;
#131 = CC_DESIGN_PERSON_AND_ORGANIZATION_ASSIGNMENT ( #20, #226, ( #720 ) ) ;
#132 = COORDINATED_UNIVERSAL_TIME_OFFSET ( 8, 0, .BEHIND. ) ;
#133 = EDGE_CURVE ( 'NONE', #277, #35, #1149, .T. ) ;
#134 = VECTOR ( 'NONE', #323, 39.37007874015748143 ) ;
#135 = CIRCLE ( 'NONE', #38, 0.05899999999999996914 ) ;
#136 = CARTESIAN_POINT ( 'NONE',  ( 0.000000000000000000, 7.125000000000000000, 0.1250000000000000000 ) ) ;
#137 = EDGE_LOOP ( 'NONE', ( #709, #758, #1226, #1142 ) ) ;
#138 = VECTOR ( 'NONE', #797, 39.37007874015748143 ) ;
#139 = CARTESIAN_POINT ( 'NONE',  ( 0.000000000000000000, 1.899999999999999023, 2.741937515251342994 ) ) ;
#140 = VECTOR ( 'NONE', #70, 39.37007874015748143 ) ;
#141 = CARTESIAN_POINT ( 'NONE',  ( 0.2500000000000000000, 6.350000000000000533, 2.741937515251342994 ) ) ;
#142 = EDGE_LOOP ( 'NONE', ( #74, #1346, #316, #337 ) ) ;
#143 = ORIENTED_EDGE ( 'NONE', *, *, #615, .F. ) ;
#144 = EDGE_CURVE ( 'NONE', #811, #1348, #231, .T. ) ;
#145 = DIRECTION ( 'NONE',  ( 0.000000000000000000, -0.6246950475544243986, 0.7808688094430301652 ) ) ;
#146 = ORIENTED_EDGE ( 'NONE', *, *, #1192, .T. ) ;
#147 = EDGE_CURVE ( 'NONE', #1472, #129, #450, .T. ) ;
#148 = DIRECTION ( 'NONE',  ( -0.000000000000000000, 0.000000000000000000, 1.000000000000000000 ) ) ;
#149 = CARTESIAN_POINT ( 'NONE',  ( 0.2500000000000000000, 1.899999999999999023, 2.741937515251342994 ) ) ;
#150 = ORIENTED_EDGE ( 'NONE', *, *, #196, .T. ) ;
#151 = VERTEX_POINT ( 'NONE', #1487 ) ;
#152 = DIRECTION ( 'NONE',  ( 0.000000000000000000, -0.7808688094430301652, -0.6246950475544243986 ) ) ;
#153 = ORIENTED_EDGE ( 'NONE', *, *, #1099, .F. ) ;
#154 = CARTESIAN_POINT ( 'NONE',  ( 0.000000000000000000, 7.125000000000000000, 3.375000000000000000 ) ) ;
#155 = EDGE_CURVE ( 'NONE', #120, #464, #1390, .T. ) ;
#156 = LINE ( 'NONE', #616, #934 ) ;
#157 = ORIENTED_EDGE ( 'NONE', *, *, #1509, .T. ) ;
#158 = ORIENTED_EDGE ( 'NONE', *, *, #1383, .T. ) ;
#159 = ORIENTED_EDGE ( 'NONE', *, *, #147, .T. ) ;
#160 = CARTESIAN_POINT ( 'NONE',  ( 0.2500000000000000000, 6.625000000000000888, 0.1250000000000000000 ) ) ;
#161 = CIRCLE ( 'NONE', #665, 0.05900000000000011485 ) ;
#162 = CIRCLE ( 'NONE', #571, 0.1000000000000000194 ) ;
#163 = CYLINDRICAL_SURFACE ( 'NONE', #917, 0.1000000000000000194 ) ;
#164 = CIRCLE ( 'NONE', #547, 0.05900000000000011485 ) ;
#165 = DIRECTION ( 'NONE',  ( 1.000000000000000000, 0.000000000000000000, 0.000000000000000000 ) ) ;
#166 = APPROVAL_STATUS ( 'not_yet_approved' ) ;
#167 = ORIENTED_EDGE ( 'NONE', *, *, #155, .T. ) ;
#168 = ORIENTED_EDGE ( 'NONE', *, *, #918, .T. ) ;
#169 = CYLINDRICAL_SURFACE ( 'NONE', #1381, 0.05900000000000011485 ) ;
#170 = VERTEX_POINT ( 'NONE', #1384 ) ;
#171 = DIRECTION ( 'NONE',  ( 1.000000000000000000, 0.000000000000000000, 0.000000000000000000 ) ) ;
#172 = DIRECTION ( 'NONE',  ( 0.000000000000000000, -0.7808688094430301652, 0.6246950475544245096 ) ) ;
#173 = ORIENTED_EDGE ( 'NONE', *, *, #1099, .T. ) ;
#174 = DIRECTION ( 'NONE',  ( 0.000000000000000000, 0.000000000000000000, -1.000000000000000000 ) ) ;
#175 = EDGE_CURVE ( 'NONE', #731, #1004, #63, .T. ) ;
#176 = DIRECTION ( 'NONE',  ( 0.000000000000000000, 0.000000000000000000, -1.000000000000000000 ) ) ;
#177 = ORIENTED_EDGE ( 'NONE', *, *, #1026, .F. ) ;
#178 = CARTESIAN_POINT ( 'NONE',  ( 0.000000000000000000, 7.125000000000000000, 0.1250000000000000000 ) ) ;
#179 = CARTESIAN_POINT ( 'NONE',  ( 0.000000000000000000, 1.124999999999997558, 3.375000000000000000 ) ) ;
#180 = ORIENTED_EDGE ( 'NONE', *, *, #1138, .T. ) ;
#181 = LINE ( 'NONE', #87, #840 ) ;
#182 = EDGE_CURVE ( 'NONE', #1189, #1205, #336, .T. ) ;
#183 = CARTESIAN_POINT ( 'NONE',  ( 0.2500000000000000000, 3.361304300590189253, 0.9890434404721510919 ) ) ;
#184 = AXIS2_PLACEMENT_3D ( 'NONE', #1141, #107, #101 ) ;
#185 = CYLINDRICAL_SURFACE ( 'NONE', #1083, 0.05000000000000000971 ) ;
#186 = AXIS2_PLACEMENT_3D ( 'NONE', #655, #518, #872 ) ;
#187 = DIRECTION ( 'NONE',  ( -0.000000000000000000, -0.000000000000000000, 1.000000000000000000 ) ) ;
#188 = VECTOR ( 'NONE', #1514, 39.37007874015748143 ) ;
#189 = CIRCLE ( 'NONE', #1036, 0.05900000000000010791 ) ;
#190 = DIRECTION ( 'NONE',  ( -1.000000000000000000, -0.000000000000000000, -0.000000000000000000 ) ) ;
#191 = ORIENTED_EDGE ( 'NONE', *, *, #447, .F. ) ;
#192 = VECTOR ( 'NONE', #1435, 39.37007874015748143 ) ;
#193 = DIRECTION ( 'NONE',  ( 1.000000000000000000, 0.000000000000000000, 0.000000000000000000 ) ) ;
#194 = EDGE_CURVE ( 'NONE', #1295, #324, #1353, .T. ) ;
#195 = DIRECTION ( 'NONE',  ( 1.000000000000000000, -0.000000000000000000, -0.000000000000000000 ) ) ;
#196 = EDGE_CURVE ( 'NONE', #18, #1189, #786, .T. ) ;
#197 = CARTESIAN_POINT ( 'NONE',  ( 0.2500000000000000000, 5.047608601180380461, 1.828086880944302717 ) ) ;
#198 = CARTESIAN_POINT ( 'NONE',  ( 0.000000000000000000, 7.125000000000000000, 3.375000000000000000 ) ) ;
#199 = EDGE_LOOP ( 'NONE', ( #1090, #706, #1210, #1465 ) ) ;
#200 = DIRECTION ( 'NONE',  ( -1.000000000000000000, -0.000000000000000000, -0.000000000000000000 ) ) ;
#201 = CARTESIAN_POINT ( 'NONE',  ( 0.2500000000000000000, 6.350000000000000533, 2.841937515251343083 ) ) ;
#202 = LINE ( 'NONE', #1027, #768 ) ;
#203 = VERTEX_POINT ( 'NONE', #799 ) ;
#204 = ORIENTED_EDGE ( 'NONE', *, *, #1045, .T. ) ;
#205 = LINE ( 'NONE', #796, #626 ) ;
#206 = PLANE ( 'NONE',  #1283 ) ;
#207 = CARTESIAN_POINT ( 'NONE',  ( 0.000000000000000000, 6.625000000000000888, 0.06599999999999993372 ) ) ;
#208 = EDGE_LOOP ( 'NONE', ( #1065, #1050, #1222, #588 ) ) ;
#209 = VECTOR ( 'NONE', #1119, 39.37007874015748143 ) ;
#210 = EDGE_CURVE ( 'NONE', #409, #1316, #740, .T. ) ;
#211 = CIRCLE ( 'NONE', #915, 0.05000000000000014849 ) ;
#212 = DIRECTION ( 'NONE',  ( 0.000000000000000000, 0.000000000000000000, -1.000000000000000000 ) ) ;
#213 = VERTEX_POINT ( 'NONE', #557 ) ;
#214 = AXIS2_PLACEMENT_3D ( 'NONE', #804, #104, #687 ) ;
#215 = AXIS2_PLACEMENT_3D ( 'NONE', #1209, #432, #1246 ) ;
#216 = FACE_OUTER_BOUND ( 'NONE', #476, .T. ) ;
#217 = DIRECTION ( 'NONE',  ( 0.000000000000000000, 0.000000000000000000, 1.000000000000000000 ) ) ;
#218 = CARTESIAN_POINT ( 'NONE',  ( 0.2500000000000000000, 5.047608601180380461, 1.828086880944302717 ) ) ;
#219 = CARTESIAN_POINT ( 'NONE',  ( 0.000000000000000000, 6.350000000000000533, 2.841937515251343083 ) ) ;
#220 = ORIENTED_EDGE ( 'NONE', *, *, #407, .F. ) ;
#221 = CARTESIAN_POINT ( 'NONE',  ( 0.000000000000000000, 7.249999999999999112, 3.500000000000000000 ) ) ;
#222 = CARTESIAN_POINT ( 'NONE',  ( 0.2500000000000000000, 4.857460947032088860, 1.000000000000000222 ) ) ;
#223 = FACE_BOUND ( 'NONE', #363, .T. ) ;
#224 = CARTESIAN_POINT ( 'NONE',  ( 0.000000000000000000, 7.250000000000000888, 0.000000000000000000 ) ) ;
#225 = ORIENTED_EDGE ( 'NONE', *, *, #539, .F. ) ;
#226 = PERSON_AND_ORGANIZATION_ROLE ( 'classification_officer' ) ;
#227 = EDGE_CURVE ( 'NONE', #1385, #318, #116, .T. ) ;
#228 = DIRECTION ( 'NONE',  ( 1.000000000000000000, 0.000000000000000000, 0.000000000000000000 ) ) ;
#229 = CARTESIAN_POINT ( 'NONE',  ( 0.2500000000000000000, 1.899999999999999023, 2.741937515251342994 ) ) ;
#230 = CARTESIAN_POINT ( 'NONE',  ( 0.2500000000000000000, 6.349999999999999645, 0.7580624847486573392 ) ) ;
#231 = CIRCLE ( 'NONE', #1178, 0.04999999999999998196 ) ;
#232 = ORIENTED_EDGE ( 'NONE', *, *, #466, .F. ) ;
#233 = VECTOR ( 'NONE', #729, 39.37007874015748854 ) ;
#234 = CIRCLE ( 'NONE', #572, 0.05900000000000006628 ) ;
#235 = VECTOR ( 'NONE', #559, 39.37007874015748143 ) ;
#236 = CARTESIAN_POINT ( 'NONE',  ( 0.000000000000000000, 6.450000000000000178, 2.741937515251342994 ) ) ;
#237 = ORIENTED_EDGE ( 'NONE', *, *, #1118, .F. ) ;
#238 = LOCAL_TIME ( 16, 22, 0.000000000000000000, #472 ) ;
#239 = DIRECTION ( 'NONE',  ( 1.000000000000000000, 0.000000000000000000, 0.000000000000000000 ) ) ;
#240 = EDGE_CURVE ( 'NONE', #102, #1197, #1022, .T. ) ;
#241 = ADVANCED_FACE ( 'NONE', ( #17 ), #479, .F. ) ;
#242 = DIRECTION ( 'NONE',  ( -1.000000000000000000, -0.000000000000000000, -0.000000000000000000 ) ) ;
#243 = ORIENTED_EDGE ( 'NONE', *, *, #554, .T. ) ;
#244 = DIRECTION ( 'NONE',  ( 0.000000000000000000, 0.000000000000000000, 1.000000000000000000 ) ) ;
#245 = FACE_BOUND ( 'NONE', #558, .T. ) ;
#246 = DIRECTION ( 'NONE',  ( -1.000000000000000000, -0.000000000000000000, -0.000000000000000000 ) ) ;
#247 = CARTESIAN_POINT ( 'NONE',  ( 0.000000000000000000, 1.124999999999997558, 3.315999999999999837 ) ) ;
#248 = VERTEX_POINT ( 'NONE', #603 ) ;
#249 = ORIENTED_EDGE ( 'NONE', *, *, #842, .F. ) ;
#250 = PERSON_AND_ORGANIZATION ( #1277, #694 ) ;
#251 = PLANE ( 'NONE',  #818 ) ;
#252 = DIRECTION ( 'NONE',  ( -1.000000000000000000, -0.000000000000000000, -0.000000000000000000 ) ) ;
#253 = CARTESIAN_POINT ( 'NONE',  ( 0.000000000000000000, 5.047608601180380461, 1.671913119055697061 ) ) ;
#254 = ORIENTED_EDGE ( 'NONE', *, *, #240, .F. ) ;
#255 = EDGE_CURVE ( 'NONE', #1061, #642, #37, .T. ) ;
#256 = ORIENTED_EDGE ( 'NONE', *, *, #1261, .T. ) ;
#257 = DATE_AND_TIME ( #1287, #238 ) ;
#258 = AXIS2_PLACEMENT_3D ( 'NONE', #139, #721, #1437 ) ;
#259 = CARTESIAN_POINT ( 'NONE',  ( 0.2500000000000000000, 1.124999999999997558, 3.434000000000000163 ) ) ;
#260 = ORIENTED_EDGE ( 'NONE', *, *, #728, .F. ) ;
#261 = FACE_OUTER_BOUND ( 'NONE', #53, .T. ) ;
#262 = CIRCLE ( 'NONE', #309, 0.05000000000000014849 ) ;
#263 = LINE ( 'NONE', #1297, #866 ) ;
#264 = VERTEX_POINT ( 'NONE', #968 ) ;
#265 = EDGE_CURVE ( 'NONE', #1017, #1293, #1049, .T. ) ;
#266 = FACE_BOUND ( 'NONE', #1370, .T. ) ;
#267 = CARTESIAN_POINT ( 'NONE',  ( 0.2500000000000000000, 3.392539052967910695, 0.9999999999999996669 ) ) ;
#268 = FACE_OUTER_BOUND ( 'NONE', #1243, .T. ) ;
#269 = ORIENTED_EDGE ( 'NONE', *, *, #1156, .F. ) ;
#270 = ORIENTED_EDGE ( 'NONE', *, *, #299, .F. ) ;
#271 = ORIENTED_EDGE ( 'NONE', *, *, #1173, .T. ) ;
#272 = DIRECTION ( 'NONE',  ( 0.000000000000000000, 0.000000000000000000, 1.000000000000000000 ) ) ;
#273 = ORIENTED_EDGE ( 'NONE', *, *, #255, .F. ) ;
#274 = EDGE_CURVE ( 'NONE', #1479, #1249, #857, .T. ) ;
#275 = CARTESIAN_POINT ( 'NONE',  ( 0.000000000000000000, 1.124999999999997558, 3.375000000000000000 ) ) ;
#276 = DIRECTION ( 'NONE',  ( 1.000000000000000000, 0.000000000000000000, 0.000000000000000000 ) ) ;
#277 = VERTEX_POINT ( 'NONE', #362 ) ;
#278 = ORIENTED_EDGE ( 'NONE', *, *, #1490, .T. ) ;
#279 = DIRECTION ( 'NONE',  ( 0.000000000000000000, 0.000000000000000000, -1.000000000000000000 ) ) ;
#280 = CIRCLE ( 'NONE', #1502, 0.05899999999999996914 ) ;
#281 = CIRCLE ( 'NONE', #1130, 5.000000000000000000 ) ;
#282 = DIRECTION ( 'NONE',  ( 1.000000000000000000, 0.000000000000000000, 0.000000000000000000 ) ) ;
#283 = VECTOR ( 'NONE', #461, 39.37007874015748143 ) ;
#284 = CIRCLE ( 'NONE', #1037, 0.1000000000000000194 ) ;
#285 = FACE_OUTER_BOUND ( 'NONE', #969, .T. ) ;
#286 = VERTEX_POINT ( 'NONE', #730 ) ;
#287 = DIRECTION ( 'NONE',  ( 1.000000000000000000, -0.000000000000000000, -0.000000000000000000 ) ) ;
#288 = ORIENTED_EDGE ( 'NONE', *, *, #299, .T. ) ;
#289 = LINE ( 'NONE', #1100, #192 ) ;
#290 = DIRECTION ( 'NONE',  ( 0.000000000000000000, 0.000000000000000000, -1.000000000000000000 ) ) ;
#291 = CARTESIAN_POINT ( 'NONE',  ( 0.2500000000000000000, 4.857460947032088860, 0.9499999999999997335 ) ) ;
#292 = ORIENTED_EDGE ( 'NONE', *, *, #355, .F. ) ;
#293 = ADVANCED_FACE ( 'NONE', ( #1322 ), #1068, .T. ) ;
#294 = VERTEX_POINT ( 'NONE', #945 ) ;
#295 = CARTESIAN_POINT ( 'NONE',  ( 0.000000000000000000, 3.202391398819619983, 1.828086880944302717 ) ) ;
#296 = CARTESIAN_POINT ( 'NONE',  ( 0.2500000000000000000, 6.350000000000000533, 2.741937515251342994 ) ) ;
#297 = DIRECTION ( 'NONE',  ( 1.000000000000000000, 0.000000000000000000, 0.000000000000000000 ) ) ;
#298 = EDGE_LOOP ( 'NONE', ( #1421, #1172, #999, #288 ) ) ;
#299 = EDGE_CURVE ( 'NONE', #827, #1293, #161, .T. ) ;
#300 = ORIENTED_EDGE ( 'NONE', *, *, #842, .T. ) ;
#301 = DIRECTION ( 'NONE',  ( 0.000000000000000000, 0.000000000000000000, -1.000000000000000000 ) ) ;
#302 = EDGE_CURVE ( 'NONE', #512, #1245, #1182, .T. ) ;
#303 = VECTOR ( 'NONE', #839, 39.37007874015748143 ) ;
#304 = CARTESIAN_POINT ( 'NONE',  ( 0.2500000000000000000, 2.580039052967909807, 0.2999999999999994338 ) ) ;
#305 = AXIS2_PLACEMENT_3D ( 'NONE', #229, #440, #792 ) ;
#306 = DIRECTION ( 'NONE',  ( 0.000000000000000000, 0.000000000000000000, -1.000000000000000000 ) ) ;
#307 = AXIS2_PLACEMENT_3D ( 'NONE', #1409, #28, #344 ) ;
#308 = ORIENTED_EDGE ( 'NONE', *, *, #313, .F. ) ;
#309 = AXIS2_PLACEMENT_3D ( 'NONE', #413, #506, #883 ) ;
#310 = CARTESIAN_POINT ( 'NONE',  ( 0.000000000000000000, 1.899999999999999023, 2.841937515251343083 ) ) ;
#311 = ORIENTED_EDGE ( 'NONE', *, *, #727, .F. ) ;
#312 = CC_DESIGN_DATE_AND_TIME_ASSIGNMENT ( #482, #948, ( #720 ) ) ;
#313 = EDGE_CURVE ( 'NONE', #1356, #751, #368, .T. ) ;
#314 = DIRECTION ( 'NONE',  ( 1.000000000000000000, -0.000000000000000000, -0.000000000000000000 ) ) ;
#315 = CARTESIAN_POINT ( 'NONE',  ( 0.000000000000000000, 1.124999999999997558, 3.315999999999999837 ) ) ;
#316 = ORIENTED_EDGE ( 'NONE', *, *, #862, .T. ) ;
#317 = CARTESIAN_POINT ( 'NONE',  ( 0.000000000000000000, 1.124999999999997558, 0.06600000000000003086 ) ) ;
#318 = VERTEX_POINT ( 'NONE', #486 ) ;
#319 = LINE ( 'NONE', #12, #283 ) ;
#320 = EDGE_CURVE ( 'NONE', #1479, #411, #495, .T. ) ;
#321 = DIRECTION ( 'NONE',  ( 0.000000000000000000, 0.6246950475544241765, -0.7808688094430304982 ) ) ;
#322 = ORIENTED_EDGE ( 'NONE', *, *, #1401, .F. ) ;
#323 = DIRECTION ( 'NONE',  ( -1.000000000000000000, -0.000000000000000000, -0.000000000000000000 ) ) ;
#324 = VERTEX_POINT ( 'NONE', #953 ) ;
#325 = CARTESIAN_POINT ( 'NONE',  ( 0.000000000000000000, 1.799999999999999378, 2.741937515251342994 ) ) ;
#326 = DIRECTION ( 'NONE',  ( 1.000000000000000000, 0.000000000000000000, 0.000000000000000000 ) ) ;
#327 = PLANE ( 'NONE',  #690 ) ;
#328 = AXIS2_PLACEMENT_3D ( 'NONE', #1407, #1187, #25 ) ;
#329 = CARTESIAN_POINT ( 'NONE',  ( 0.2500000000000000000, 3.202391398819619983, 1.671913119055697061 ) ) ;
#330 = ORIENTED_EDGE ( 'NONE', *, *, #632, .F. ) ;
#331 = CIRCLE ( 'NONE', #1254, 0.09999999999999975575 ) ;
#332 = VECTOR ( 'NONE', #1137, 39.37007874015748143 ) ;
#333 = DIRECTION ( 'NONE',  ( 0.000000000000000000, 0.000000000000000000, 1.000000000000000000 ) ) ;
#334 = LINE ( 'NONE', #1152, #138 ) ;
#335 = DIRECTION ( 'NONE',  ( 0.000000000000000000, 0.000000000000000000, -1.000000000000000000 ) ) ;
#336 = LINE ( 'NONE', #905, #134 ) ;
#337 = ORIENTED_EDGE ( 'NONE', *, *, #1451, .T. ) ;
#338 = EDGE_CURVE ( 'NONE', #324, #75, #1308, .T. ) ;
#339 = LINE ( 'NONE', #1019, #1460 ) ;
#340 = CARTESIAN_POINT ( 'NONE',  ( 0.2500000000000000000, 1.899999999999999023, 2.841937515251343083 ) ) ;
#341 = CARTESIAN_POINT ( 'NONE',  ( 0.2500000000000000000, 4.125000000000000000, 7.755511132637299632 ) ) ;
#342 = DIRECTION ( 'NONE',  ( 1.000000000000000000, 0.000000000000000000, 0.000000000000000000 ) ) ;
#343 = ORIENTED_EDGE ( 'NONE', *, *, #1173, .F. ) ;
#344 = DIRECTION ( 'NONE',  ( 0.000000000000000000, 0.000000000000000000, 1.000000000000000000 ) ) ;
#345 = ORIENTED_EDGE ( 'NONE', *, *, #873, .T. ) ;
#346 = CARTESIAN_POINT ( 'NONE',  ( 0.000000000000000000, 3.392539052967910695, 0.9999999999999996669 ) ) ;
#347 = PLANE ( 'NONE',  #688 ) ;
#348 = VECTOR ( 'NONE', #404, 39.37007874015748143 ) ;
#349 = ORIENTED_EDGE ( 'NONE', *, *, #1401, .T. ) ;
#350 = CIRCLE ( 'NONE', #86, 0.05900000000000010791 ) ;
#351 = COORDINATED_UNIVERSAL_TIME_OFFSET ( 8, 0, .BEHIND. ) ;
#352 = CIRCLE ( 'NONE', #937, 0.09999999999999947820 ) ;
#353 = PRODUCT_DEFINITION_FORMATION_WITH_SPECIFIED_SOURCE ( 'ANY', '', #826, .NOT_KNOWN. ) ;
#354 = CARTESIAN_POINT ( 'NONE',  ( 0.2500000000000000000, 0.9999999999999995559, 0.000000000000000000 ) ) ;
#355 = EDGE_CURVE ( 'NONE', #294, #739, #263, .T. ) ;
#356 = CARTESIAN_POINT ( 'NONE',  ( 0.000000000000000000, 7.125000000000000000, 0.06599999999999993372 ) ) ;
#357 = CARTESIAN_POINT ( 'NONE',  ( 0.2500000000000000000, 3.202391398819619983, 1.828086880944302717 ) ) ;
#358 = ORIENTED_EDGE ( 'NONE', *, *, #3, .T. ) ;
#359 =( NAMED_UNIT ( * ) SI_UNIT ( $, .STERADIAN. ) SOLID_ANGLE_UNIT ( ) );
#360 = DIRECTION ( 'NONE',  ( -1.000000000000000000, -0.000000000000000000, -0.000000000000000000 ) ) ;
#361 = CARTESIAN_POINT ( 'NONE',  ( 0.000000000000000000, 7.125000000000000000, 0.1840000000000000802 ) ) ;
#362 = CARTESIAN_POINT ( 'NONE',  ( 0.000000000000000000, 0.9999999999999995559, 0.000000000000000000 ) ) ;
#363 = EDGE_LOOP ( 'NONE', ( #270, #1082 ) ) ;
#364 = EDGE_LOOP ( 'NONE', ( #381, #157, #13, #497 ) ) ;
#365 = APPROVAL_ROLE ( '' ) ;
#366 = DIRECTION ( 'NONE',  ( 1.000000000000000000, 0.000000000000000000, 0.000000000000000000 ) ) ;
#367 = CARTESIAN_POINT ( 'NONE',  ( 0.2500000000000000000, 1.124999999999997558, 3.375000000000000000 ) ) ;
#368 = LINE ( 'NONE', #1171, #303 ) ;
#369 = VERTEX_POINT ( 'NONE', #253 ) ;
#370 = VECTOR ( 'NONE', #441, 39.37007874015748143 ) ;
#371 = EDGE_LOOP ( 'NONE', ( #1486, #841, #920, #836 ) ) ;
#372 = CIRCLE ( 'NONE', #814, 0.05000000000000000971 ) ;
#373 = AXIS2_PLACEMENT_3D ( 'NONE', #1255, #326, #1361 ) ;
#374 = CARTESIAN_POINT ( 'NONE',  ( 0.000000000000000000, 0.9999999999999976685, 3.500000000000000888 ) ) ;
#375 = VERTEX_POINT ( 'NONE', #357 ) ;
#376 = VECTOR ( 'NONE', #530, 39.37007874015748143 ) ;
#377 = LINE ( 'NONE', #1284, #1477 ) ;
#378 = VECTOR ( 'NONE', #645, 39.37007874015748143 ) ;
#379 = CARTESIAN_POINT ( 'NONE',  ( 0.000000000000000000, 7.125000000000000000, 0.06599999999999993372 ) ) ;
#380 = ORIENTED_EDGE ( 'NONE', *, *, #210, .F. ) ;
#381 = ORIENTED_EDGE ( 'NONE', *, *, #447, .T. ) ;
#382 = EDGE_CURVE ( 'NONE', #755, #1356, #1008, .T. ) ;
#383 = DIRECTION ( 'NONE',  ( 0.000000000000000000, 0.000000000000000000, 1.000000000000000000 ) ) ;
#384 = CARTESIAN_POINT ( 'NONE',  ( 0.000000000000000000, 4.888695699409810302, 0.9890434404721510919 ) ) ;
#385 = CARTESIAN_POINT ( 'NONE',  ( 0.2500000000000000000, 3.392539052967910695, 0.9999999999999996669 ) ) ;
#386 = EDGE_LOOP ( 'NONE', ( #66, #81 ) ) ;
#387 = ORIENTED_EDGE ( 'NONE', *, *, #302, .F. ) ;
#388 = EDGE_LOOP ( 'NONE', ( #1448, #888, #697, #1105 ) ) ;
#389 = CYLINDRICAL_SURFACE ( 'NONE', #964, 4.999999999999999112 ) ;
#390 = EDGE_CURVE ( 'NONE', #800, #742, #704, .T. ) ;
#391 = CARTESIAN_POINT ( 'NONE',  ( 0.2500000000000000000, 6.349999999999999645, 0.7580624847486573392 ) ) ;
#392 = LINE ( 'NONE', #864, #791 ) ;
#393 = DATE_TIME_ROLE ( 'creation_date' ) ;
#394 = ORIENTED_EDGE ( 'NONE', *, *, #803, .F. ) ;
#395 = ORIENTED_EDGE ( 'NONE', *, *, #90, .T. ) ;
#396 = CARTESIAN_POINT ( 'NONE',  ( 0.000000000000000000, 6.350000000000000533, 2.741937515251342994 ) ) ;
#397 = VECTOR ( 'NONE', #1074, 39.37007874015748143 ) ;
#398 = DIRECTION ( 'NONE',  ( 0.000000000000000000, 0.000000000000000000, 1.000000000000000000 ) ) ;
#399 = ADVANCED_FACE ( 'NONE', ( #268 ), #128, .F. ) ;
#400 = AXIS2_PLACEMENT_3D ( 'NONE', #296, #973, #1445 ) ;
#401 = CARTESIAN_POINT ( 'NONE',  ( 0.2500000000000000000, 5.110078105935822457, 1.750000000000000000 ) ) ;
#402 = ORIENTED_EDGE ( 'NONE', *, *, #320, .F. ) ;
#403 = LOCAL_TIME ( 16, 22, 0.000000000000000000, #465 ) ;
#404 = DIRECTION ( 'NONE',  ( 1.000000000000000000, -0.000000000000000000, -0.000000000000000000 ) ) ;
#405 = DIRECTION ( 'NONE',  ( 0.000000000000000000, -5.463695987328524465E-16, 1.000000000000000000 ) ) ;
#406 = CARTESIAN_POINT ( 'NONE',  ( 0.2500000000000000000, 6.625000000000000888, 0.1250000000000000000 ) ) ;
#407 = EDGE_CURVE ( 'NONE', #642, #1436, #156, .T. ) ;
#408 = CARTESIAN_POINT ( 'NONE',  ( 0.2500000000000000000, 7.125000000000000000, 0.1840000000000000802 ) ) ;
#409 = VERTEX_POINT ( 'NONE', #1438 ) ;
#410 = EDGE_CURVE ( 'NONE', #755, #848, #1058, .T. ) ;
#411 = VERTEX_POINT ( 'NONE', #78 ) ;
#412 = VERTEX_POINT ( 'NONE', #1362 ) ;
#413 = CARTESIAN_POINT ( 'NONE',  ( 0.2500000000000000000, 5.669960947032089749, 0.2999999999999994893 ) ) ;
#414 = DIRECTION ( 'NONE',  ( -0.000000000000000000, 1.000000000000000000, -0.000000000000000000 ) ) ;
#415 = LINE ( 'NONE', #641, #424 ) ;
#416 = EDGE_LOOP ( 'NONE', ( #519, #1340, #597, #1309, #724, #551, #510, #1365 ) ) ;
#417 = ORIENTED_EDGE ( 'NONE', *, *, #943, .F. ) ;
#418 = ADVANCED_FACE ( 'NONE', ( #285 ), #1237, .F. ) ;
#419 = ORIENTED_EDGE ( 'NONE', *, *, #1338, .F. ) ;
#420 = EDGE_CURVE ( 'NONE', #464, #1324, #526, .T. ) ;
#421 = LINE ( 'NONE', #221, #235 ) ;
#422 = VECTOR ( 'NONE', #469, 39.37007874015748143 ) ;
#423 = CARTESIAN_POINT ( 'NONE',  ( 0.000000000000000000, 1.124999999999997558, 0.1250000000000000000 ) ) ;
#424 = VECTOR ( 'NONE', #1102, 39.37007874015748143 ) ;
#425 = FACE_OUTER_BOUND ( 'NONE', #701, .T. ) ;
#426 = AXIS2_PLACEMENT_3D ( 'NONE', #304, #756, #647 ) ;
#427 = ORIENTED_EDGE ( 'NONE', *, *, #1419, .F. ) ;
#428 = VECTOR ( 'NONE', #1162, 39.37007874015748143 ) ;
#429 = LINE ( 'NONE', #317, #348 ) ;
#430 = ORIENTED_EDGE ( 'NONE', *, *, #1233, .T. ) ;
#431 = ADVANCED_FACE ( 'NONE', ( #1345 ), #1475, .F. ) ;
#432 = DIRECTION ( 'NONE',  ( 1.000000000000000000, 0.000000000000000000, 0.000000000000000000 ) ) ;
#433 = DIRECTION ( 'NONE',  ( 0.000000000000000000, 0.000000000000000000, 1.000000000000000000 ) ) ;
#434 = CARTESIAN_POINT ( 'NONE',  ( 0.2500000000000000000, 2.548804300590190142, 0.3390434404721520134 ) ) ;
#435 = CARTESIAN_POINT ( 'NONE',  ( 0.000000000000000000, 6.450000000000000178, 0.7580624847486573392 ) ) ;
#436 = EDGE_LOOP ( 'NONE', ( #311, #1458 ) ) ;
#437 = CARTESIAN_POINT ( 'NONE',  ( 0.2500000000000000000, 0.9999999999999995559, 0.000000000000000000 ) ) ;
#438 = CARTESIAN_POINT ( 'NONE',  ( 0.000000000000000000, 5.110078105935822457, 1.750000000000000000 ) ) ;
#439 = EDGE_CURVE ( 'NONE', #412, #1084, #372, .T. ) ;
#440 = DIRECTION ( 'NONE',  ( -1.000000000000000000, -0.000000000000000000, -0.000000000000000000 ) ) ;
#441 = DIRECTION ( 'NONE',  ( -0.000000000000000000, 1.000000000000000000, -0.000000000000000000 ) ) ;
#442 = ORIENTED_EDGE ( 'NONE', *, *, #1202, .T. ) ;
#443 = DIRECTION ( 'NONE',  ( 1.000000000000000000, -0.000000000000000000, -0.000000000000000000 ) ) ;
#444 = DIRECTION ( 'NONE',  ( 1.000000000000000000, 0.000000000000000000, 0.000000000000000000 ) ) ;
#445 = APPLICATION_CONTEXT ( 'configuration controlled 3d designs of mechanical parts and assemblies' ) ;
#446 = FACE_BOUND ( 'NONE', #528, .T. ) ;
#447 = EDGE_CURVE ( 'NONE', #494, #1061, #162, .T. ) ;
#448 = AXIS2_PLACEMENT_3D ( 'NONE', #1347, #190, #752 ) ;
#449 = CIRCLE ( 'NONE', #1426, 0.05899999999999996914 ) ;
#450 = LINE ( 'NONE', #919, #596 ) ;
#451 = EDGE_LOOP ( 'NONE', ( #780, #983 ) ) ;
#452 = CIRCLE ( 'NONE', #1307, 0.05899999999999996914 ) ;
#453 = AXIS2_PLACEMENT_3D ( 'NONE', #160, #1350, #301 ) ;
#454 = CARTESIAN_POINT ( 'NONE',  ( 0.2500000000000000000, 5.701195699409809414, 0.3390434404721520134 ) ) ;
#455 = DIRECTION ( 'NONE',  ( 0.000000000000000000, 0.000000000000000000, -1.000000000000000000 ) ) ;
#456 = CARTESIAN_POINT ( 'NONE',  ( 0.2500000000000000000, 3.392539052967910695, 0.9999999999999996669 ) ) ;
#457 = DIRECTION ( 'NONE',  ( 0.000000000000000000, 0.000000000000000000, -1.000000000000000000 ) ) ;
#458 = ORIENTED_EDGE ( 'NONE', *, *, #809, .F. ) ;
#459 = EDGE_CURVE ( 'NONE', #75, #1249, #57, .T. ) ;
#460 = PERSON_AND_ORGANIZATION ( #1277, #694 ) ;
#461 = DIRECTION ( 'NONE',  ( -0.000000000000000000, -3.122111992759157964E-16, 1.000000000000000000 ) ) ;
#462 = DIRECTION ( 'NONE',  ( -1.000000000000000000, -0.000000000000000000, -0.000000000000000000 ) ) ;
#463 = CARTESIAN_POINT ( 'NONE',  ( 0.2500000000000000000, 2.580039052967911584, 0.2499999999999994449 ) ) ;
#464 = VERTEX_POINT ( 'NONE', #1112 ) ;
#465 = COORDINATED_UNIVERSAL_TIME_OFFSET ( 8, 0, .BEHIND. ) ;
#466 = EDGE_CURVE ( 'NONE', #286, #731, #531, .T. ) ;
#467 = DIRECTION ( 'NONE',  ( 0.000000000000000000, 0.000000000000000000, -1.000000000000000000 ) ) ;
#468 = CARTESIAN_POINT ( 'NONE',  ( 0.2500000000000000000, 7.250000000000000888, 0.000000000000000000 ) ) ;
#469 = DIRECTION ( 'NONE',  ( -1.000000000000000000, -0.000000000000000000, -0.000000000000000000 ) ) ;
#470 = VERTEX_POINT ( 'NONE', #629 ) ;
#471 = VECTOR ( 'NONE', #462, 39.37007874015748143 ) ;
#472 = COORDINATED_UNIVERSAL_TIME_OFFSET ( 8, 0, .BEHIND. ) ;
#473 = ADVANCED_FACE ( 'NONE', ( #425 ), #1469, .F. ) ;
#474 = VECTOR ( 'NONE', #1387, 39.37007874015748143 ) ;
#475 = DIRECTION ( 'NONE',  ( 0.000000000000000000, 0.000000000000000000, -1.000000000000000000 ) ) ;
#476 = EDGE_LOOP ( 'NONE', ( #733, #232, #886, #1488 ) ) ;
#477 = DIMENSIONAL_EXPONENTS ( 1.000000000000000000, 0.000000000000000000, 0.000000000000000000, 0.000000000000000000, 0.000000000000000000, 0.000000000000000000, 0.000000000000000000 ) ;
#478 = DIRECTION ( 'NONE',  ( 0.000000000000000000, 0.000000000000000000, -1.000000000000000000 ) ) ;
#479 = CYLINDRICAL_SURFACE ( 'NONE', #328, 0.09999999999999975575 ) ;
#480 = ORIENTED_EDGE ( 'NONE', *, *, #943, .T. ) ;
#481 = ORIENTED_EDGE ( 'NONE', *, *, #809, .T. ) ;
#482 = DATE_AND_TIME ( #4, #748 ) ;
#483 = CARTESIAN_POINT ( 'NONE',  ( 0.2500000000000000000, 1.962469504755441907, 0.6799756038043544004 ) ) ;
#484 = CARTESIAN_POINT ( 'NONE',  ( 0.2500000000000000000, 5.047608601180380461, 1.828086880944302717 ) ) ;
#485 = EDGE_CURVE ( 'NONE', #18, #1316, #415, .T. ) ;
#486 = CARTESIAN_POINT ( 'NONE',  ( 0.000000000000000000, 6.287530495244557649, 2.820024396195646155 ) ) ;
#487 = ORIENTED_EDGE ( 'NONE', *, *, #617, .T. ) ;
#488 = VERTEX_POINT ( 'NONE', #885 ) ;
#489 = LINE ( 'NONE', #126, #1335 ) ;
#490 = ORIENTED_EDGE ( 'NONE', *, *, #881, .F. ) ;
#491 = CARTESIAN_POINT ( 'NONE',  ( 0.2500000000000000000, 1.624999999999997558, 0.06599999999999987821 ) ) ;
#492 = EDGE_CURVE ( 'NONE', #1323, #213, #449, .T. ) ;
#493 = DIRECTION ( 'NONE',  ( 0.000000000000000000, 0.000000000000000000, 1.000000000000000000 ) ) ;
#494 = VERTEX_POINT ( 'NONE', #771 ) ;
#495 = CIRCLE ( 'NONE', #889, 0.1000000000000000194 ) ;
#496 = VERTEX_POINT ( 'NONE', #408 ) ;
#497 = ORIENTED_EDGE ( 'NONE', *, *, #1341, .F. ) ;
#498 = CIRCLE ( 'NONE', #1378, 0.1000000000000000194 ) ;
#499 = CIRCLE ( 'NONE', #1107, 0.05900000000000010791 ) ;
#500 = DIRECTION ( 'NONE',  ( 0.000000000000000000, 0.000000000000000000, -1.000000000000000000 ) ) ;
#501 = CIRCLE ( 'NONE', #1110, 0.05900000000000010791 ) ;
#502 = DIRECTION ( 'NONE',  ( 0.000000000000000000, 0.000000000000000000, 1.000000000000000000 ) ) ;
#503 = DIRECTION ( 'NONE',  ( -1.000000000000000000, -0.000000000000000000, -0.000000000000000000 ) ) ;
#504 = ORIENTED_EDGE ( 'NONE', *, *, #1269, .F. ) ;
#505 = ORIENTED_EDGE ( 'NONE', *, *, #1434, .T. ) ;
#506 = DIRECTION ( 'NONE',  ( 1.000000000000000000, 0.000000000000000000, 0.000000000000000000 ) ) ;
#507 = CARTESIAN_POINT ( 'NONE',  ( 0.2500000000000000000, 6.450000000000000178, 2.741937515251342994 ) ) ;
#508 = LINE ( 'NONE', #974, #743 ) ;
#509 = PERSON_AND_ORGANIZATION ( #1277, #694 ) ;
#510 = ORIENTED_EDGE ( 'NONE', *, *, #155, .F. ) ;
#511 = VERTEX_POINT ( 'NONE', #896 ) ;
#512 = VERTEX_POINT ( 'NONE', #315 ) ;
#513 = CC_DESIGN_PERSON_AND_ORGANIZATION_ASSIGNMENT ( #1393, #1203, ( #826 ) ) ;
#514 = EDGE_CURVE ( 'NONE', #1385, #1039, #980, .T. ) ;
#515 = DIRECTION ( 'NONE',  ( 1.000000000000000000, 0.000000000000000000, 0.000000000000000000 ) ) ;
#516 = ORIENTED_EDGE ( 'NONE', *, *, #918, .F. ) ;
#517 = DIRECTION ( 'NONE',  ( 1.000000000000000000, -0.000000000000000000, -0.000000000000000000 ) ) ;
#518 = DIRECTION ( 'NONE',  ( 1.000000000000000000, -0.000000000000000000, -0.000000000000000000 ) ) ;
#519 = ORIENTED_EDGE ( 'NONE', *, *, #1299, .F. ) ;
#520 = DIRECTION ( 'NONE',  ( 0.000000000000000000, 0.000000000000000000, 1.000000000000000000 ) ) ;
#521 = FACE_OUTER_BOUND ( 'NONE', #19, .T. ) ;
#522 = VECTOR ( 'NONE', #1398, 39.37007874015748143 ) ;
#523 = EDGE_CURVE ( 'NONE', #1323, #1160, #777, .T. ) ;
#524 = LINE ( 'NONE', #1111, #40 ) ;
#525 = APPROVAL_PERSON_ORGANIZATION ( #250, #1098, #125 ) ;
#526 = LINE ( 'NONE', #1225, #843 ) ;
#527 = ORIENTED_EDGE ( 'NONE', *, *, #147, .F. ) ;
#528 = EDGE_LOOP ( 'NONE', ( #249, #1183 ) ) ;
#529 = CARTESIAN_POINT ( 'NONE',  ( 0.2500000000000000000, 3.202391398819619983, 1.828086880944302717 ) ) ;
#530 = DIRECTION ( 'NONE',  ( -0.000000000000000000, -0.000000000000000000, 1.000000000000000000 ) ) ;
#531 = LINE ( 'NONE', #73, #1402 ) ;
#532 = EDGE_CURVE ( 'NONE', #375, #494, #508, .T. ) ;
#533 = VERTEX_POINT ( 'NONE', #1446 ) ;
#534 = ORIENTED_EDGE ( 'NONE', *, *, #514, .F. ) ;
#535 = ORIENTED_EDGE ( 'NONE', *, *, #1374, .T. ) ;
#536 = DIRECTION ( 'NONE',  ( -1.000000000000000000, -0.000000000000000000, -0.000000000000000000 ) ) ;
#537 = DIRECTION ( 'NONE',  ( 1.000000000000000000, 0.000000000000000000, 0.000000000000000000 ) ) ;
#538 = DIRECTION ( 'NONE',  ( 0.000000000000000000, 0.000000000000000000, 1.000000000000000000 ) ) ;
#539 = EDGE_CURVE ( 'NONE', #170, #1295, #392, .T. ) ;
#540 = CARTESIAN_POINT ( 'NONE',  ( 0.2500000000000000000, 4.888695699409810302, 0.9890434404721510919 ) ) ;
#541 = EDGE_LOOP ( 'NONE', ( #1274, #954, #225, #237, #534, #417, #402 ) ) ;
#542 = LINE ( 'NONE', #1262, #91 ) ;
#543 = AXIS2_PLACEMENT_3D ( 'NONE', #1430, #32, #493 ) ;
#544 = CARTESIAN_POINT ( 'NONE',  ( 0.000000000000000000, 7.125000000000000000, 3.375000000000000000 ) ) ;
#545 = VECTOR ( 'NONE', #187, 39.37007874015748143 ) ;
#546 = CARTESIAN_POINT ( 'NONE',  ( 0.2500000000000000000, 6.450000000000000178, 2.741937515251342994 ) ) ;
#547 = AXIS2_PLACEMENT_3D ( 'NONE', #653, #884, #1101 ) ;
#548 = ORIENTED_EDGE ( 'NONE', *, *, #1066, .F. ) ;
#549 = AXIS2_PLACEMENT_3D ( 'NONE', #1343, #965, #383 ) ;
#550 = DIRECTION ( 'NONE',  ( -0.000000000000000000, -0.7808688094430299431, -0.6246950475544247317 ) ) ;
#551 = ORIENTED_EDGE ( 'NONE', *, *, #1374, .F. ) ;
#552 = ADVANCED_FACE ( 'NONE', ( #1329 ), #635, .F. ) ;
#553 = FACE_OUTER_BOUND ( 'NONE', #719, .T. ) ;
#554 = EDGE_CURVE ( 'NONE', #1436, #731, #1134, .T. ) ;
#555 = CYLINDRICAL_SURFACE ( 'NONE', #648, 0.05899999999999996914 ) ;
#556 = DIRECTION ( 'NONE',  ( -0.000000000000000000, 0.6246950475544245096, 0.7808688094430301652 ) ) ;
#557 = CARTESIAN_POINT ( 'NONE',  ( 0.000000000000000000, 1.124999999999997558, 0.06600000000000003086 ) ) ;
#558 = EDGE_LOOP ( 'NONE', ( #773, #345 ) ) ;
#559 = DIRECTION ( 'NONE',  ( 0.000000000000000000, -1.000000000000000000, 0.000000000000000000 ) ) ;
#560 = EDGE_CURVE ( 'NONE', #286, #1425, #498, .T. ) ;
#561 = CYLINDRICAL_SURFACE ( 'NONE', #1131, 0.05900000000000010791 ) ;
#562 = DIRECTION ( 'NONE',  ( 1.000000000000000000, 0.000000000000000000, 0.000000000000000000 ) ) ;
#563 = CARTESIAN_POINT ( 'NONE',  ( 0.2500000000000000000, 2.580039052967911584, 0.2499999999999994449 ) ) ;
#564 = ORIENTED_EDGE ( 'NONE', *, *, #407, .T. ) ;
#565 = CARTESIAN_POINT ( 'NONE',  ( 0.2500000000000000000, 7.125000000000000000, 0.1250000000000000000 ) ) ;
#566 = LINE ( 'NONE', #201, #1480 ) ;
#567 = ADVANCED_FACE ( 'NONE', ( #909, #1397, #580, #223, #446, #683, #106, #784, #1124, #1389 ), #677, .T. ) ;
#568 = CIRCLE ( 'NONE', #1500, 0.04999999999999998196 ) ;
#569 = DIRECTION ( 'NONE',  ( 0.000000000000000000, 0.000000000000000000, -1.000000000000000000 ) ) ;
#570 = ADVANCED_FACE ( 'NONE', ( #1042 ), #1485, .T. ) ;
#571 = AXIS2_PLACEMENT_3D ( 'NONE', #1095, #1003, #538 ) ;
#572 = AXIS2_PLACEMENT_3D ( 'NONE', #112, #444, #578 ) ;
#573 = DIRECTION ( 'NONE',  ( 1.000000000000000000, 0.000000000000000000, 0.000000000000000000 ) ) ;
#574 = ORIENTED_EDGE ( 'NONE', *, *, #1053, .T. ) ;
#575 = AXIS2_PLACEMENT_3D ( 'NONE', #725, #955, #718 ) ;
#576 = AXIS2_PLACEMENT_3D ( 'NONE', #972, #1325, #279 ) ;
#577 = DATE_AND_TIME ( #51, #403 ) ;
#578 = DIRECTION ( 'NONE',  ( 0.000000000000000000, 0.000000000000000000, -1.000000000000000000 ) ) ;
#579 = ORIENTED_EDGE ( 'NONE', *, *, #1261, .F. ) ;
#580 = FACE_BOUND ( 'NONE', #1413, .T. ) ;
#581 = EDGE_CURVE ( 'NONE', #1103, #848, #1140, .T. ) ;
#582 = CARTESIAN_POINT ( 'NONE',  ( 0.2500000000000000000, 6.287530495244557649, 2.820024396195646155 ) ) ;
#583 = ORIENTED_EDGE ( 'NONE', *, *, #1045, .F. ) ;
#584 = LINE ( 'NONE', #591, #1208 ) ;
#585 = ORIENTED_EDGE ( 'NONE', *, *, #1471, .T. ) ;
#586 = CARTESIAN_POINT ( 'NONE',  ( 0.2500000000000000000, 4.125000000000000000, 7.755511132637299632 ) ) ;
#587 = DIRECTION ( 'NONE',  ( 0.000000000000000000, 3.122111992759157964E-16, -1.000000000000000000 ) ) ;
#588 = ORIENTED_EDGE ( 'NONE', *, *, #338, .T. ) ;
#589 = EDGE_CURVE ( 'NONE', #248, #1163, #1306, .T. ) ;
#590 = APPROVAL_DATE_TIME ( #257, #1327 ) ;
#591 = CARTESIAN_POINT ( 'NONE',  ( 0.000000000000000000, 0.9999999999999976685, 3.500000000000000888 ) ) ;
#592 = ORIENTED_EDGE ( 'NONE', *, *, #873, .F. ) ;
#593 = FACE_OUTER_BOUND ( 'NONE', #844, .T. ) ;
#594 = PRODUCT_DEFINITION_SHAPE ( 'NONE', 'NONE',  #900 ) ;
#595 = DIRECTION ( 'NONE',  ( 0.000000000000000000, -2.185478394931401108E-15, -1.000000000000000000 ) ) ;
#596 = VECTOR ( 'NONE', #684, 39.37007874015748143 ) ;
#597 = ORIENTED_EDGE ( 'NONE', *, *, #661, .F. ) ;
#598 = ORIENTED_EDGE ( 'NONE', *, *, #46, .F. ) ;
#599 = APPROVAL_STATUS ( 'not_yet_approved' ) ;
#600 = AXIS2_PLACEMENT_3D ( 'NONE', #912, #200, #333 ) ;
#601 = FACE_BOUND ( 'NONE', #904, .T. ) ;
#602 = DIRECTION ( 'NONE',  ( 1.000000000000000000, 0.000000000000000000, 0.000000000000000000 ) ) ;
#603 = CARTESIAN_POINT ( 'NONE',  ( 0.2500000000000000000, 7.125000000000000000, 3.434000000000000163 ) ) ;
#604 = ORIENTED_EDGE ( 'NONE', *, *, #196, .F. ) ;
#605 = EDGE_LOOP ( 'NONE', ( #153, #480, #991, #47 ) ) ;
#606 = CARTESIAN_POINT ( 'NONE',  ( 0.2500000000000000000, 1.124999999999997558, 3.375000000000000000 ) ) ;
#607 = ORIENTED_EDGE ( 'NONE', *, *, #1026, .T. ) ;
#608 = EDGE_CURVE ( 'NONE', #213, #1323, #135, .T. ) ;
#609 = CARTESIAN_POINT ( 'NONE',  ( 0.2500000000000000000, 6.287530495244557649, 0.6799756038043544004 ) ) ;
#610 = DIRECTION ( 'NONE',  ( 0.000000000000000000, -0.000000000000000000, 1.000000000000000000 ) ) ;
#611 = VERTEX_POINT ( 'NONE', #1021 ) ;
#612 = ORIENTED_EDGE ( 'NONE', *, *, #891, .T. ) ;
#613 = LINE ( 'NONE', #21, #846 ) ;
#614 = DIRECTION ( 'NONE',  ( 1.000000000000000000, 0.000000000000000000, 0.000000000000000000 ) ) ;
#615 = EDGE_CURVE ( 'NONE', #533, #35, #1147, .T. ) ;
#616 = CARTESIAN_POINT ( 'NONE',  ( 0.2500000000000000000, 1.799999999999999378, 2.741937515251342994 ) ) ;
#617 = EDGE_CURVE ( 'NONE', #1039, #488, #1382, .T. ) ;
#618 = ORIENTED_EDGE ( 'NONE', *, *, #1138, .F. ) ;
#619 = VECTOR ( 'NONE', #1285, 39.37007874015748143 ) ;
#620 = ORIENTED_EDGE ( 'NONE', *, *, #466, .T. ) ;
#621 = ORIENTED_EDGE ( 'NONE', *, *, #61, .T. ) ;
#622 = AXIS2_PLACEMENT_3D ( 'NONE', #84, #805, #569 ) ;
#623 = AXIS2_PLACEMENT_3D ( 'NONE', #782, #1145, #455 ) ;
#624 = CARTESIAN_POINT ( 'NONE',  ( 0.2500000000000000000, 6.287530495244557649, 0.6799756038043544004 ) ) ;
#625 = ORIENTED_EDGE ( 'NONE', *, *, #1509, .F. ) ;
#626 = VECTOR ( 'NONE', #98, 39.37007874015748143 ) ;
#627 = DIRECTION ( 'NONE',  ( 1.000000000000000000, 0.000000000000000000, 0.000000000000000000 ) ) ;
#628 = CC_DESIGN_APPROVAL ( #44, ( #720 ) ) ;
#629 = CARTESIAN_POINT ( 'NONE',  ( 0.2500000000000000000, 6.750000000000000000, 3.500000000000000000 ) ) ;
#630 = APPROVAL_ROLE ( '' ) ;
#631 = ORIENTED_EDGE ( 'NONE', *, *, #1394, .F. ) ;
#632 = EDGE_CURVE ( 'NONE', #1004, #858, #202, .T. ) ;
#633 = DIRECTION ( 'NONE',  ( -1.000000000000000000, -0.000000000000000000, -0.000000000000000000 ) ) ;
#634 = CARTESIAN_POINT ( 'NONE',  ( 0.000000000000000000, 1.962469504755441907, 0.6799756038043544004 ) ) ;
#635 = CYLINDRICAL_SURFACE ( 'NONE', #1504, 0.09999999999999947820 ) ;
#636 = ORIENTED_EDGE ( 'NONE', *, *, #1328, .T. ) ;
#637 = CYLINDRICAL_SURFACE ( 'NONE', #1128, 0.05900000000000010791 ) ;
#638 = ADVANCED_FACE ( 'NONE', ( #1373 ), #327, .T. ) ;
#639 = FACE_OUTER_BOUND ( 'NONE', #1342, .T. ) ;
#640 = LINE ( 'NONE', #507, #376 ) ;
#641 = CARTESIAN_POINT ( 'NONE',  ( 0.2500000000000000000, 1.499999999999997113, 3.500000000000000444 ) ) ;
#642 = VERTEX_POINT ( 'NONE', #1034 ) ;
#643 = ORIENTED_EDGE ( 'NONE', *, *, #255, .T. ) ;
#644 = VERTEX_POINT ( 'NONE', #207 ) ;
#645 = DIRECTION ( 'NONE',  ( 1.000000000000000000, -0.000000000000000000, -0.000000000000000000 ) ) ;
#646 = CIRCLE ( 'NONE', #838, 0.05900000000000006628 ) ;
#647 = DIRECTION ( 'NONE',  ( 0.000000000000000000, 0.000000000000000000, 1.000000000000000000 ) ) ;
#648 = AXIS2_PLACEMENT_3D ( 'NONE', #423, #1484, #1367 ) ;
#649 = CIRCLE ( 'NONE', #746, 0.1000000000000000194 ) ;
#650 = DIRECTION ( 'NONE',  ( -1.000000000000000000, -0.000000000000000000, -0.000000000000000000 ) ) ;
#651 = CARTESIAN_POINT ( 'NONE',  ( 0.000000000000000000, 2.580039052967911584, 0.2499999999999994449 ) ) ;
#652 = CARTESIAN_POINT ( 'NONE',  ( 0.2500000000000000000, 1.899999999999999023, 2.841937515251343083 ) ) ;
#653 = CARTESIAN_POINT ( 'NONE',  ( 0.000000000000000000, 1.624999999999997558, 0.1250000000000000000 ) ) ;
#654 = ADVANCED_FACE ( 'NONE', ( #1368 ), #1272, .F. ) ;
#655 = CARTESIAN_POINT ( 'NONE',  ( 0.000000000000000000, 1.124999999999997558, 0.1250000000000000000 ) ) ;
#656 = CARTESIAN_POINT ( 'NONE',  ( 0.000000000000000000, 1.124999999999997558, 3.375000000000000000 ) ) ;
#657 = ORIENTED_EDGE ( 'NONE', *, *, #1270, .T. ) ;
#658 = LINE ( 'NONE', #1360, #1234 ) ;
#659 = DIRECTION ( 'NONE',  ( 1.000000000000000000, 0.000000000000000000, 0.000000000000000000 ) ) ;
#660 = DIRECTION ( 'NONE',  ( 0.000000000000000000, 0.000000000000000000, -1.000000000000000000 ) ) ;
#661 = EDGE_CURVE ( 'NONE', #1084, #755, #1508, .T. ) ;
#662 = CYLINDRICAL_SURFACE ( 'NONE', #448, 0.1000000000000000194 ) ;
#663 = EDGE_LOOP ( 'NONE', ( #1219, #260, #68, #753 ) ) ;
#664 = CARTESIAN_POINT ( 'NONE',  ( 0.000000000000000000, 7.125000000000000000, 0.1250000000000000000 ) ) ;
#665 = AXIS2_PLACEMENT_3D ( 'NONE', #711, #276, #737 ) ;
#666 = DIRECTION ( 'NONE',  ( 0.000000000000000000, 0.000000000000000000, -1.000000000000000000 ) ) ;
#667 = CIRCLE ( 'NONE', #713, 0.05900000000000010791 ) ;
#668 = DIRECTION ( 'NONE',  ( 0.000000000000000000, 0.000000000000000000, -1.000000000000000000 ) ) ;
#669 = VECTOR ( 'NONE', #360, 39.37007874015748143 ) ;
#670 = EDGE_LOOP ( 'NONE', ( #585, #490, #1015, #159 ) ) ;
#671 = AXIS2_PLACEMENT_3D ( 'NONE', #136, #1054, #949 ) ;
#672 = DIRECTION ( 'NONE',  ( 0.000000000000000000, 0.000000000000000000, -1.000000000000000000 ) ) ;
#673 = EDGE_LOOP ( 'NONE', ( #657, #860, #574, #1315, #1047, #180, #1311 ) ) ;
#674 = ADVANCED_FACE ( 'NONE', ( #1155 ), #114, .T. ) ;
#675 = PLANE ( 'NONE',  #1133 ) ;
#676 = CARTESIAN_POINT ( 'NONE',  ( 0.2500000000000000000, 5.047608601180380461, 1.828086880944302717 ) ) ;
#677 = PLANE ( 'NONE',  #1354 ) ;
#678 = DIRECTION ( 'NONE',  ( -1.000000000000000000, -0.000000000000000000, -0.000000000000000000 ) ) ;
#679 = EDGE_LOOP ( 'NONE', ( #278, #527, #1195, #1216 ) ) ;
#680 = ADVANCED_FACE ( 'NONE', ( #593 ), #1067, .F. ) ;
#681 = DIRECTION ( 'NONE',  ( 0.000000000000000000, 0.7808688094430303872, -0.6246950475544240655 ) ) ;
#682 = FACE_OUTER_BOUND ( 'NONE', #663, .T. ) ;
#683 = FACE_BOUND ( 'NONE', #436, .T. ) ;
#684 = DIRECTION ( 'NONE',  ( -1.000000000000000000, -0.000000000000000000, -0.000000000000000000 ) ) ;
#685 = ORIENTED_EDGE ( 'NONE', *, *, #523, .F. ) ;
#686 = MECHANICAL_CONTEXT ( 'NONE', #1146, 'mechanical' ) ;
#687 = DIRECTION ( 'NONE',  ( 0.000000000000000000, 0.000000000000000000, 1.000000000000000000 ) ) ;
#688 = AXIS2_PLACEMENT_3D ( 'NONE', #924, #1, #1135 ) ;
#689 = DIRECTION ( 'NONE',  ( -1.000000000000000000, -0.000000000000000000, -0.000000000000000000 ) ) ;
#690 = AXIS2_PLACEMENT_3D ( 'NONE', #546, #798, #903 ) ;
#691 = AXIS2_PLACEMENT_3D ( 'NONE', #178, #49, #1321 ) ;
#692 = CARTESIAN_POINT ( 'NONE',  ( 0.000000000000000000, 4.125000000000000000, 7.755511132637299632 ) ) ;
#693 = ORIENTED_EDGE ( 'NONE', *, *, #961, .T. ) ;
#694 = ORGANIZATION ( 'UNSPECIFIED', 'UNSPECIFIED', '' ) ;
#695 = PERSON_AND_ORGANIZATION ( #1277, #694 ) ;
#696 = LINE ( 'NONE', #483, #428 ) ;
#697 = ORIENTED_EDGE ( 'NONE', *, *, #439, .T. ) ;
#698 = DIRECTION ( 'NONE',  ( -1.000000000000000000, -0.000000000000000000, -0.000000000000000000 ) ) ;
#699 = EDGE_CURVE ( 'NONE', #1113, #511, #667, .T. ) ;
#700 = DIRECTION ( 'NONE',  ( 1.000000000000000000, 0.000000000000000000, 0.000000000000000000 ) ) ;
#701 = EDGE_LOOP ( 'NONE', ( #254, #598, #1167, #925 ) ) ;
#702 = PLANE ( 'NONE',  #575 ) ;
#703 = DIRECTION ( 'NONE',  ( -1.000000000000000000, -0.000000000000000000, -0.000000000000000000 ) ) ;
#704 = LINE ( 'NONE', #379, #1252 ) ;
#705 = EDGE_LOOP ( 'NONE', ( #504, #975, #349, #130 ) ) ;
#706 = ORIENTED_EDGE ( 'NONE', *, *, #485, .F. ) ;
#707 = DIRECTION ( 'NONE',  ( 1.000000000000000000, 0.000000000000000000, 0.000000000000000000 ) ) ;
#708 = CARTESIAN_POINT ( 'NONE',  ( 0.2500000000000000000, 1.962469504755441907, 0.6799756038043544004 ) ) ;
#709 = ORIENTED_EDGE ( 'NONE', *, *, #715, .F. ) ;
#710 = DIRECTION ( 'NONE',  ( 0.000000000000000000, 0.000000000000000000, 1.000000000000000000 ) ) ;
#711 = CARTESIAN_POINT ( 'NONE',  ( 0.2500000000000000000, 1.624999999999997558, 0.1250000000000000000 ) ) ;
#712 = EDGE_LOOP ( 'NONE', ( #778, #906, #167, #1006 ) ) ;
#713 = AXIS2_PLACEMENT_3D ( 'NONE', #154, #602, #1405 ) ;
#714 = ORIENTED_EDGE ( 'NONE', *, *, #97, .T. ) ;
#715 = EDGE_CURVE ( 'NONE', #1355, #203, #377, .T. ) ;
#716 = VECTOR ( 'NONE', #735, 39.37007874015748143 ) ;
#717 = CIRCLE ( 'NONE', #671, 0.05900000000000006628 ) ;
#718 = DIRECTION ( 'NONE',  ( 0.000000000000000000, 0.000000000000000000, -1.000000000000000000 ) ) ;
#719 = EDGE_LOOP ( 'NONE', ( #292, #516, #1298, #1417 ) ) ;
#720 = SECURITY_CLASSIFICATION ( '', '', #1062 ) ;
#721 = DIRECTION ( 'NONE',  ( 1.000000000000000000, 0.000000000000000000, 0.000000000000000000 ) ) ;
#722 = DIRECTION ( 'NONE',  ( 1.000000000000000000, -0.000000000000000000, -0.000000000000000000 ) ) ;
#723 = EDGE_LOOP ( 'NONE', ( #1331, #1070 ) ) ;
#724 = ORIENTED_EDGE ( 'NONE', *, *, #1007, .F. ) ;
#725 = CARTESIAN_POINT ( 'NONE',  ( 0.000000000000000000, 4.125000000000000000, 7.755511132637299632 ) ) ;
#726 = EDGE_LOOP ( 'NONE', ( #993, #1239 ) ) ;
#727 = EDGE_CURVE ( 'NONE', #1245, #1197, #350, .T. ) ;
#728 = EDGE_CURVE ( 'NONE', #1084, #1103, #956, .T. ) ;
#729 = DIRECTION ( 'NONE',  ( -0.000000000000000000, 0.7808688094430301652, -0.6246950475544245096 ) ) ;
#730 = CARTESIAN_POINT ( 'NONE',  ( 0.2500000000000000000, 1.799999999999999378, 0.7580624847486573392 ) ) ;
#731 = VERTEX_POINT ( 'NONE', #1179 ) ;
#732 = EDGE_LOOP ( 'NONE', ( #54, #833, #1184, #1459 ) ) ;
#733 = ORIENTED_EDGE ( 'NONE', *, *, #175, .F. ) ;
#734 = PLANE ( 'NONE',  #1507 ) ;
#735 = DIRECTION ( 'NONE',  ( -1.000000000000000000, -0.000000000000000000, -0.000000000000000000 ) ) ;
#736 = ADVANCED_FACE ( 'NONE', ( #1418 ), #121, .F. ) ;
#737 = DIRECTION ( 'NONE',  ( 0.000000000000000000, 0.000000000000000000, -1.000000000000000000 ) ) ;
#738 = PERSON_AND_ORGANIZATION_ROLE ( 'creator' ) ;
#739 = VERTEX_POINT ( 'NONE', #384 ) ;
#740 = CIRCLE ( 'NONE', #957, 5.000000000000000000 ) ;
#741 = ORIENTED_EDGE ( 'NONE', *, *, #1165, .F. ) ;
#742 = VERTEX_POINT ( 'NONE', #6 ) ;
#743 = VECTOR ( 'NONE', #172, 39.37007874015748143 ) ;
#744 = CIRCLE ( 'NONE', #373, 0.1000000000000000194 ) ;
#745 = LINE ( 'NONE', #1336, #378 ) ;
#746 = AXIS2_PLACEMENT_3D ( 'NONE', #1416, #366, #5 ) ;
#747 = DIRECTION ( 'NONE',  ( -1.000000000000000000, -0.000000000000000000, -0.000000000000000000 ) ) ;
#748 = LOCAL_TIME ( 16, 22, 0.000000000000000000, #110 ) ;
#749 = EDGE_CURVE ( 'NONE', #369, #1029, #1078, .T. ) ;
#750 = DIRECTION ( 'NONE',  ( -0.000000000000000000, 0.7808688094430301652, -0.6246950475544245096 ) ) ;
#751 = VERTEX_POINT ( 'NONE', #821 ) ;
#752 = DIRECTION ( 'NONE',  ( 0.000000000000000000, 0.000000000000000000, 1.000000000000000000 ) ) ;
#753 = ORIENTED_EDGE ( 'NONE', *, *, #410, .T. ) ;
#754 = LINE ( 'NONE', #1092, #140 ) ;
#755 = VERTEX_POINT ( 'NONE', #267 ) ;
#756 = DIRECTION ( 'NONE',  ( -1.000000000000000000, -0.000000000000000000, -0.000000000000000000 ) ) ;
#757 = CARTESIAN_POINT ( 'NONE',  ( 0.000000000000000000, 1.124999999999997558, 0.1250000000000000000 ) ) ;
#758 = ORIENTED_EDGE ( 'NONE', *, *, #1451, .F. ) ;
#759 = DIRECTION ( 'NONE',  ( 0.000000000000000000, 0.000000000000000000, -1.000000000000000000 ) ) ;
#760 = DIRECTION ( 'NONE',  ( 1.000000000000000000, -0.000000000000000000, -0.000000000000000000 ) ) ;
#761 = CARTESIAN_POINT ( 'NONE',  ( 0.000000000000000000, 7.125000000000000000, 0.1250000000000000000 ) ) ;
#762 = DIRECTION ( 'NONE',  ( 0.000000000000000000, 0.000000000000000000, -1.000000000000000000 ) ) ;
#763 = DIRECTION ( 'NONE',  ( 0.000000000000000000, 0.000000000000000000, -1.000000000000000000 ) ) ;
#764 = ORIENTED_EDGE ( 'NONE', *, *, #1241, .T. ) ;
#765 = VECTOR ( 'NONE', #503, 39.37007874015748143 ) ;
#766 = EDGE_CURVE ( 'NONE', #120, #1348, #967, .T. ) ;
#767 = FACE_OUTER_BOUND ( 'NONE', #1292, .T. ) ;
#768 = VECTOR ( 'NONE', #813, 39.37007874015748143 ) ;
#769 = VECTOR ( 'NONE', #517, 39.37007874015748143 ) ;
#770 = CARTESIAN_POINT ( 'NONE',  ( 0.2500000000000000000, 3.392539052967910695, 0.9499999999999997335 ) ) ;
#771 = CARTESIAN_POINT ( 'NONE',  ( 0.2500000000000000000, 1.962469504755441463, 2.820024396195646155 ) ) ;
#772 = DIRECTION ( 'NONE',  ( 1.000000000000000000, 0.000000000000000000, 0.000000000000000000 ) ) ;
#773 = ORIENTED_EDGE ( 'NONE', *, *, #1035, .T. ) ;
#774 =( LENGTH_UNIT ( ) NAMED_UNIT ( * ) SI_UNIT ( $, .METRE. ) );
#775 = CARTESIAN_POINT ( 'NONE',  ( 0.000000000000000000, 3.139921894064177543, 1.750000000000000000 ) ) ;
#776 = EDGE_CURVE ( 'NONE', #470, #18, #281, .T. ) ;
#777 = LINE ( 'NONE', #1088, #1033 ) ;
#778 = ORIENTED_EDGE ( 'NONE', *, *, #33, .F. ) ;
#779 = DIRECTION ( 'NONE',  ( 1.000000000000000000, -0.000000000000000000, -0.000000000000000000 ) ) ;
#780 = ORIENTED_EDGE ( 'NONE', *, *, #46, .T. ) ;
#781 = CARTESIAN_POINT ( 'NONE',  ( 0.000000000000000000, 4.857460947032088860, 0.9499999999999997335 ) ) ;
#782 = CARTESIAN_POINT ( 'NONE',  ( 0.000000000000000000, 6.350000000000000533, 2.741937515251342994 ) ) ;
#783 = PRODUCT_RELATED_PRODUCT_CATEGORY ( 'detail', '', ( #826 ) ) ;
#784 = FACE_BOUND ( 'NONE', #960, .T. ) ;
#785 = ADVANCED_FACE ( 'NONE', ( #39 ), #15, .F. ) ;
#786 = LINE ( 'NONE', #1250, #522 ) ;
#787 = ORIENTED_EDGE ( 'NONE', *, *, #105, .T. ) ;
#788 = DIRECTION ( 'NONE',  ( -1.000000000000000000, -0.000000000000000000, -0.000000000000000000 ) ) ;
#789 = AXIS2_PLACEMENT_3D ( 'NONE', #149, #165, #42 ) ;
#790 = DIRECTION ( 'NONE',  ( -1.000000000000000000, -0.000000000000000000, -0.000000000000000000 ) ) ;
#791 = VECTOR ( 'NONE', #750, 39.37007874015748854 ) ;
#792 = DIRECTION ( 'NONE',  ( 0.000000000000000000, 0.000000000000000000, 1.000000000000000000 ) ) ;
#793 = AXIS2_PLACEMENT_3D ( 'NONE', #761, #863, #979 ) ;
#794 = DIRECTION ( 'NONE',  ( 1.000000000000000000, 0.000000000000000000, 0.000000000000000000 ) ) ;
#795 = VERTEX_POINT ( 'NONE', #361 ) ;
#796 = CARTESIAN_POINT ( 'NONE',  ( 0.2500000000000000000, 3.202391398819619983, 1.828086880944302717 ) ) ;
#797 = DIRECTION ( 'NONE',  ( 1.000000000000000000, -0.000000000000000000, -0.000000000000000000 ) ) ;
#798 = DIRECTION ( 'NONE',  ( 0.000000000000000000, -1.000000000000000000, 0.000000000000000000 ) ) ;
#799 = CARTESIAN_POINT ( 'NONE',  ( 0.000000000000000000, 1.962469504755441463, 2.820024396195646155 ) ) ;
#800 = VERTEX_POINT ( 'NONE', #356 ) ;
#801 = ADVANCED_FACE ( 'NONE', ( #261 ), #127, .T. ) ;
#802 = LINE ( 'NONE', #652, #1429 ) ;
#803 = EDGE_CURVE ( 'NONE', #642, #286, #1296, .T. ) ;
#804 = CARTESIAN_POINT ( 'NONE',  ( 0.2500000000000000000, 6.350000000000000533, 2.741937515251342994 ) ) ;
#805 = DIRECTION ( 'NONE',  ( 1.000000000000000000, 0.000000000000000000, 0.000000000000000000 ) ) ;
#806 = DIRECTION ( 'NONE',  ( 0.000000000000000000, 1.000000000000000000, 0.000000000000000000 ) ) ;
#807 = ORIENTED_EDGE ( 'NONE', *, *, #1118, .T. ) ;
#808 = PERSON_AND_ORGANIZATION ( #1277, #694 ) ;
#809 = EDGE_CURVE ( 'NONE', #1324, #294, #211, .T. ) ;
#810 = DIRECTION ( 'NONE',  ( 1.000000000000000000, 0.000000000000000000, 0.000000000000000000 ) ) ;
#811 = VERTEX_POINT ( 'NONE', #829 ) ;
#812 = VECTOR ( 'NONE', #722, 39.37007874015748143 ) ;
#813 = DIRECTION ( 'NONE',  ( 0.000000000000000000, 0.7808688094430301652, 0.6246950475544243986 ) ) ;
#814 = AXIS2_PLACEMENT_3D ( 'NONE', #291, #297, #762 ) ;
#815 = CIRCLE ( 'NONE', #1011, 0.09999999999999947820 ) ;
#816 = CARTESIAN_POINT ( 'NONE',  ( 0.000000000000000000, 2.580039052967909807, 0.2999999999999994338 ) ) ;
#817 = ORIENTED_EDGE ( 'NONE', *, *, #822, .T. ) ;
#818 = AXIS2_PLACEMENT_3D ( 'NONE', #708, #145, #152 ) ;
#819 = PERSON_AND_ORGANIZATION_ROLE ( 'creator' ) ;
#820 = CARTESIAN_POINT ( 'NONE',  ( 0.2500000000000000000, 7.125000000000000000, 3.315999999999999837 ) ) ;
#821 = CARTESIAN_POINT ( 'NONE',  ( 0.000000000000000000, 3.361304300590189253, 0.9890434404721510919 ) ) ;
#822 = EDGE_CURVE ( 'NONE', #203, #43, #1057, .T. ) ;
#823 = EDGE_CURVE ( 'NONE', #1295, #1029, #1186, .T. ) ;
#824 = CARTESIAN_POINT ( 'NONE',  ( 0.000000000000000000, 1.624999999999997558, 0.1840000000000001079 ) ) ;
#825 = ORIENTED_EDGE ( 'NONE', *, *, #532, .F. ) ;
#826 = PRODUCT ( 'Bottom Chassis Plate', 'Bottom Chassis Plate', '', ( #686 ) ) ;
#827 = VERTEX_POINT ( 'NONE', #491 ) ;
#828 = FACE_BOUND ( 'NONE', #726, .T. ) ;
#829 = CARTESIAN_POINT ( 'NONE',  ( 0.000000000000000000, 2.548804300590190142, 0.3390434404721520134 ) ) ;
#830 = ADVANCED_FACE ( 'NONE', ( #849 ), #1313, .F. ) ;
#831 = DIRECTION ( 'NONE',  ( -0.000000000000000000, 1.000000000000000000, 0.000000000000000000 ) ) ;
#832 = ORIENTED_EDGE ( 'NONE', *, *, #1125, .T. ) ;
#833 = ORIENTED_EDGE ( 'NONE', *, *, #338, .F. ) ;
#834 = DATE_AND_TIME ( #1052, #41 ) ;
#835 = LINE ( 'NONE', #354, #669 ) ;
#836 = ORIENTED_EDGE ( 'NONE', *, *, #1328, .F. ) ;
#837 = CARTESIAN_POINT ( 'NONE',  ( 0.2500000000000000000, 1.899999999999999023, 2.741937515251342994 ) ) ;
#838 = AXIS2_PLACEMENT_3D ( 'NONE', #1375, #700, #1166 ) ;
#839 = DIRECTION ( 'NONE',  ( -1.000000000000000000, -0.000000000000000000, -0.000000000000000000 ) ) ;
#840 = VECTOR ( 'NONE', #550, 39.37007874015748143 ) ;
#841 = ORIENTED_EDGE ( 'NONE', *, *, #1497, .T. ) ;
#842 = EDGE_CURVE ( 'NONE', #26, #1399, #845, .T. ) ;
#843 = VECTOR ( 'NONE', #650, 39.37007874015748143 ) ;
#844 = EDGE_LOOP ( 'NONE', ( #880, #143, #1023, #1494 ) ) ;
#845 = CIRCLE ( 'NONE', #67, 0.05900000000000006628 ) ;
#846 = VECTOR ( 'NONE', #1512, 39.37007874015748143 ) ;
#847 = DIRECTION ( 'NONE',  ( 1.000000000000000000, 0.000000000000000000, 0.000000000000000000 ) ) ;
#848 = VERTEX_POINT ( 'NONE', #871 ) ;
#849 = FACE_OUTER_BOUND ( 'NONE', #852, .T. ) ;
#850 = DIRECTION ( 'NONE',  ( 1.000000000000000000, -0.000000000000000000, -0.000000000000000000 ) ) ;
#851 = ORIENTED_EDGE ( 'NONE', *, *, #1267, .F. ) ;
#852 = EDGE_LOOP ( 'NONE', ( #1188, #1478, #146, #387 ) ) ;
#853 = EDGE_LOOP ( 'NONE', ( #343, #308, #1363, #897 ) ) ;
#854 = MANIFOLD_SOLID_BREP ( 'Cut-Extrude1', #1400 ) ;
#855 = CARTESIAN_POINT ( 'NONE',  ( 0.2500000000000000000, 4.125000000000000000, 7.755511132637299632 ) ) ;
#856 = DIRECTION ( 'NONE',  ( 0.000000000000000000, 0.000000000000000000, -1.000000000000000000 ) ) ;
#857 = LINE ( 'NONE', #1314, #765 ) ;
#858 = VERTEX_POINT ( 'NONE', #1087 ) ;
#859 = EDGE_LOOP ( 'NONE', ( #618, #947, #807, #505 ) ) ;
#860 = ORIENTED_EDGE ( 'NONE', *, *, #459, .T. ) ;
#861 = CARTESIAN_POINT ( 'NONE',  ( 0.000000000000000000, 2.580039052967911584, 0.2499999999999994449 ) ) ;
#862 = EDGE_CURVE ( 'NONE', #611, #375, #331, .T. ) ;
#863 = DIRECTION ( 'NONE',  ( 1.000000000000000000, 0.000000000000000000, 0.000000000000000000 ) ) ;
#864 = CARTESIAN_POINT ( 'NONE',  ( 0.2500000000000000000, 6.287530495244557649, 0.6799756038043544004 ) ) ;
#865 = ORIENTED_EDGE ( 'NONE', *, *, #514, .T. ) ;
#866 = VECTOR ( 'NONE', #938, 39.37007874015748143 ) ;
#867 = FACE_OUTER_BOUND ( 'NONE', #1301, .T. ) ;
#868 = VECTOR ( 'NONE', #1056, 39.37007874015748143 ) ;
#869 = FACE_OUTER_BOUND ( 'NONE', #298, .T. ) ;
#870 = CIRCLE ( 'NONE', #215, 0.05900000000000011485 ) ;
#871 = CARTESIAN_POINT ( 'NONE',  ( 0.000000000000000000, 3.392539052967910695, 1.000000000000000222 ) ) ;
#872 = DIRECTION ( 'NONE',  ( 0.000000000000000000, 0.000000000000000000, -1.000000000000000000 ) ) ;
#873 = EDGE_CURVE ( 'NONE', #151, #644, #1404, .T. ) ;
#874 = ORIENTED_EDGE ( 'NONE', *, *, #932, .T. ) ;
#875 = ORIENTED_EDGE ( 'NONE', *, *, #581, .T. ) ;
#876 = ORIENTED_EDGE ( 'NONE', *, *, #749, .F. ) ;
#877 = CARTESIAN_POINT ( 'NONE',  ( 0.000000000000000000, 5.669960947032087972, 0.2499999999999994449 ) ) ;
#878 = CARTESIAN_POINT ( 'NONE',  ( 0.2500000000000000000, 7.125000000000000000, 3.375000000000000000 ) ) ;
#879 = DIRECTION ( 'NONE',  ( 0.000000000000000000, 0.000000000000000000, 1.000000000000000000 ) ) ;
#880 = ORIENTED_EDGE ( 'NONE', *, *, #133, .T. ) ;
#881 = EDGE_CURVE ( 'NONE', #470, #409, #524, .T. ) ;
#882 = EDGE_LOOP ( 'NONE', ( #625, #643, #564, #177 ) ) ;
#883 = DIRECTION ( 'NONE',  ( 0.000000000000000000, 0.000000000000000000, -1.000000000000000000 ) ) ;
#884 = DIRECTION ( 'NONE',  ( 1.000000000000000000, 0.000000000000000000, 0.000000000000000000 ) ) ;
#885 = CARTESIAN_POINT ( 'NONE',  ( 0.000000000000000000, 5.047608601180380461, 1.828086880944302717 ) ) ;
#886 = ORIENTED_EDGE ( 'NONE', *, *, #560, .T. ) ;
#887 = CARTESIAN_POINT ( 'NONE',  ( 0.2500000000000000000, 1.124999999999997558, 0.06600000000000003086 ) ) ;
#888 = ORIENTED_EDGE ( 'NONE', *, *, #72, .F. ) ;
#889 = AXIS2_PLACEMENT_3D ( 'NONE', #141, #1201, #1291 ) ;
#890 = CARTESIAN_POINT ( 'NONE',  ( 0.2500000000000000000, 6.450000000000000178, 2.741937515251342994 ) ) ;
#891 = EDGE_CURVE ( 'NONE', #1163, #248, #189, .T. ) ;
#892 = VECTOR ( 'NONE', #414, 39.37007874015748143 ) ;
#893 = DIRECTION ( 'NONE',  ( 0.000000000000000000, 0.000000000000000000, 1.000000000000000000 ) ) ;
#894 = CC_DESIGN_APPROVAL ( #1098, ( #900 ) ) ;
#895 = CC_DESIGN_APPROVAL ( #1327, ( #353 ) ) ;
#896 = CARTESIAN_POINT ( 'NONE',  ( 0.000000000000000000, 7.125000000000000000, 3.315999999999999837 ) ) ;
#897 = ORIENTED_EDGE ( 'NONE', *, *, #1394, .T. ) ;
#898 = ORIENTED_EDGE ( 'NONE', *, *, #1053, .F. ) ;
#899 = DIRECTION ( 'NONE',  ( 1.000000000000000000, 0.000000000000000000, 0.000000000000000000 ) ) ;
#900 = PRODUCT_DEFINITION ( 'UNKNOWN', '', #353, #952 ) ;
#901 = ADVANCED_FACE ( 'NONE', ( #1344 ), #1337, .F. ) ;
#902 = CARTESIAN_POINT ( 'NONE',  ( 0.2500000000000000000, 5.110078105935822457, 1.750000000000000000 ) ) ;
#903 = DIRECTION ( 'NONE',  ( 0.000000000000000000, -0.000000000000000000, -1.000000000000000000 ) ) ;
#904 = EDGE_LOOP ( 'NONE', ( #992, #1136, #832, #1280, #817, #607, #243 ) ) ;
#905 = CARTESIAN_POINT ( 'NONE',  ( 0.2500000000000000000, 0.9999999999999976685, 3.500000000000000888 ) ) ;
#906 = ORIENTED_EDGE ( 'NONE', *, *, #766, .F. ) ;
#907 = FACE_OUTER_BOUND ( 'NONE', #1513, .T. ) ;
#908 = EDGE_CURVE ( 'NONE', #324, #1479, #640, .T. ) ;
#909 = FACE_BOUND ( 'NONE', #386, .T. ) ;
#910 = LINE ( 'NONE', #329, #913 ) ;
#911 = ORIENTED_EDGE ( 'NONE', *, *, #390, .T. ) ;
#912 = CARTESIAN_POINT ( 'NONE',  ( 0.2500000000000000000, 1.899999999999999689, 0.7580624847486573392 ) ) ;
#913 = VECTOR ( 'NONE', #678, 39.37007874015748143 ) ;
#914 = PLANE ( 'NONE',  #962 ) ;
#915 = AXIS2_PLACEMENT_3D ( 'NONE', #1427, #1305, #1410 ) ;
#916 = DIRECTION ( 'NONE',  ( 0.000000000000000000, -0.7808688094430301652, 0.6246950475544245096 ) ) ;
#917 = AXIS2_PLACEMENT_3D ( 'NONE', #391, #747, #1211 ) ;
#918 = EDGE_CURVE ( 'NONE', #1511, #294, #1001, .T. ) ;
#919 = CARTESIAN_POINT ( 'NONE',  ( 0.2500000000000000000, 7.249999999999999112, 3.500000000000000000 ) ) ;
#920 = ORIENTED_EDGE ( 'NONE', *, *, #589, .T. ) ;
#921 = CARTESIAN_POINT ( 'NONE',  ( 0.000000000000000000, 7.249999999999999112, 3.500000000000000000 ) ) ;
#922 = DIRECTION ( 'NONE',  ( 1.000000000000000000, -0.000000000000000000, -0.000000000000000000 ) ) ;
#923 = DIRECTION ( 'NONE',  ( -0.000000000000000000, -1.000000000000000000, -0.000000000000000000 ) ) ;
#924 = CARTESIAN_POINT ( 'NONE',  ( 0.2500000000000000000, 7.249999999999999112, 3.500000000000000000 ) ) ;
#925 = ORIENTED_EDGE ( 'NONE', *, *, #727, .T. ) ;
#926 = EDGE_CURVE ( 'NONE', #151, #1399, #1462, .T. ) ;
#927 = APPLICATION_PROTOCOL_DEFINITION ( 'international standard', 'config_control_design', 1994, #1146 ) ;
#928 = CARTESIAN_POINT ( 'NONE',  ( 0.2500000000000000000, 0.9999999999999976685, 3.500000000000000888 ) ) ;
#929 = DIRECTION ( 'NONE',  ( 1.000000000000000000, 0.000000000000000000, 0.000000000000000000 ) ) ;
#930 = DIRECTION ( 'NONE',  ( 0.000000000000000000, 0.000000000000000000, 1.000000000000000000 ) ) ;
#931 = ORIENTED_EDGE ( 'NONE', *, *, #182, .F. ) ;
#932 = EDGE_CURVE ( 'NONE', #1441, #533, #62, .T. ) ;
#933 = CARTESIAN_POINT ( 'NONE',  ( 0.2500000000000000000, 1.124999999999997558, 0.1839999999999999691 ) ) ;
#934 = VECTOR ( 'NONE', #1080, 39.37007874015748143 ) ;
#935 = CARTESIAN_POINT ( 'NONE',  ( 0.2500000000000000000, 4.857460947032088860, 0.9999999999999996669 ) ) ;
#936 = VECTOR ( 'NONE', #703, 39.37007874015748143 ) ;
#937 = AXIS2_PLACEMENT_3D ( 'NONE', #438, #659, #433 ) ;
#938 = DIRECTION ( 'NONE',  ( 0.000000000000000000, -0.7808688094430303872, 0.6246950475544241765 ) ) ;
#939 = ORIENTED_EDGE ( 'NONE', *, *, #97, .F. ) ;
#940 = PERSON_AND_ORGANIZATION_ROLE ( 'design_supplier' ) ;
#941 = FACE_BOUND ( 'NONE', #723, .T. ) ;
#942 = CC_DESIGN_PERSON_AND_ORGANIZATION_ASSIGNMENT ( #509, #819, ( #900 ) ) ;
#943 = EDGE_CURVE ( 'NONE', #411, #1385, #1206, .T. ) ;
#944 = DIRECTION ( 'NONE',  ( 0.000000000000000000, 0.000000000000000000, -1.000000000000000000 ) ) ;
#945 = CARTESIAN_POINT ( 'NONE',  ( 0.000000000000000000, 5.701195699409809414, 0.3390434404721518469 ) ) ;
#946 = EDGE_LOOP ( 'NONE', ( #851, #380, #1093, #1432, #1439, #976 ) ) ;
#947 = ORIENTED_EDGE ( 'NONE', *, *, #617, .F. ) ;
#948 = DATE_TIME_ROLE ( 'classification_date' ) ;
#949 = DIRECTION ( 'NONE',  ( 0.000000000000000000, 0.000000000000000000, -1.000000000000000000 ) ) ;
#950 = DIRECTION ( 'NONE',  ( -1.000000000000000000, -0.000000000000000000, -0.000000000000000000 ) ) ;
#951 = EDGE_CURVE ( 'NONE', #800, #795, #1230, .T. ) ;
#952 = DESIGN_CONTEXT ( 'detailed design', #445, 'design' ) ;
#953 = CARTESIAN_POINT ( 'NONE',  ( 0.2500000000000000000, 6.450000000000000178, 0.7580624847486573392 ) ) ;
#954 = ORIENTED_EDGE ( 'NONE', *, *, #194, .F. ) ;
#955 = DIRECTION ( 'NONE',  ( 1.000000000000000000, 0.000000000000000000, 0.000000000000000000 ) ) ;
#956 = LINE ( 'NONE', #935, #1204 ) ;
#957 = AXIS2_PLACEMENT_3D ( 'NONE', #692, #1159, #212 ) ;
#958 = CARTESIAN_POINT ( 'NONE',  ( 0.2500000000000000000, 1.799999999999999378, 2.741937515251342994 ) ) ;
#959 = AXIS2_PLACEMENT_3D ( 'NONE', #1242, #990, #1212 ) ;
#960 = EDGE_LOOP ( 'NONE', ( #579, #1091, #394, #273, #191, #825, #1364 ) ) ;
#961 = EDGE_CURVE ( 'NONE', #58, #1017, #164, .T. ) ;
#962 = AXIS2_PLACEMENT_3D ( 'NONE', #1380, #1132, #1271 ) ;
#963 = ORIENTED_EDGE ( 'NONE', *, *, #823, .T. ) ;
#964 = AXIS2_PLACEMENT_3D ( 'NONE', #855, #633, #272 ) ;
#965 = DIRECTION ( 'NONE',  ( -1.000000000000000000, -0.000000000000000000, -0.000000000000000000 ) ) ;
#966 = ORIENTED_EDGE ( 'NONE', *, *, #79, .T. ) ;
#967 = LINE ( 'NONE', #1193, #936 ) ;
#968 = CARTESIAN_POINT ( 'NONE',  ( 0.2500000000000000000, 2.548804300590190142, 0.3390434404721520134 ) ) ;
#969 = EDGE_LOOP ( 'NONE', ( #685, #1122, #358, #714 ) ) ;
#970 = ORIENTED_EDGE ( 'NONE', *, *, #144, .T. ) ;
#971 = ORIENTED_EDGE ( 'NONE', *, *, #523, .T. ) ;
#972 = CARTESIAN_POINT ( 'NONE',  ( 0.000000000000000000, 1.624999999999997558, 0.1250000000000000000 ) ) ;
#973 = DIRECTION ( 'NONE',  ( 1.000000000000000000, 0.000000000000000000, 0.000000000000000000 ) ) ;
#974 = CARTESIAN_POINT ( 'NONE',  ( 0.2500000000000000000, 3.202391398819619983, 1.828086880944302717 ) ) ;
#975 = ORIENTED_EDGE ( 'NONE', *, *, #1066, .T. ) ;
#976 = ORIENTED_EDGE ( 'NONE', *, *, #1233, .F. ) ;
#977 = FACE_OUTER_BOUND ( 'NONE', #199, .T. ) ;
#978 = ADVANCED_FACE ( 'NONE', ( #1452 ), #1351, .F. ) ;
#979 = DIRECTION ( 'NONE',  ( 0.000000000000000000, 0.000000000000000000, -1.000000000000000000 ) ) ;
#980 = LINE ( 'NONE', #197, #1455 ) ;
#981 = ORIENTED_EDGE ( 'NONE', *, *, #420, .F. ) ;
#982 = AXIS2_PLACEMENT_3D ( 'NONE', #1273, #573, #672 ) ;
#983 = ORIENTED_EDGE ( 'NONE', *, *, #1319, .T. ) ;
#984 = VECTOR ( 'NONE', #689, 39.37007874015748143 ) ;
#985 = VECTOR ( 'NONE', #922, 39.37007874015748143 ) ;
#986 = CARTESIAN_POINT ( 'NONE',  ( 0.000000000000000000, 1.124999999999997558, 0.1839999999999999691 ) ) ;
#987 =( GEOMETRIC_REPRESENTATION_CONTEXT ( 3 ) GLOBAL_UNCERTAINTY_ASSIGNED_CONTEXT ( ( #1148 ) ) GLOBAL_UNIT_ASSIGNED_CONTEXT ( ( #1366, #1371, #359 ) ) REPRESENTATION_CONTEXT ( 'NONE', 'WORKASPACE' ) );
#988 = DIRECTION ( 'NONE',  ( 0.000000000000000000, 0.000000000000000000, -1.000000000000000000 ) ) ;
#989 = ADVANCED_FACE ( 'NONE', ( #1224 ), #185, .F. ) ;
#990 = DIRECTION ( 'NONE',  ( 1.000000000000000000, -0.000000000000000000, -0.000000000000000000 ) ) ;
#991 = ORIENTED_EDGE ( 'NONE', *, *, #227, .T. ) ;
#992 = ORIENTED_EDGE ( 'NONE', *, *, #175, .T. ) ;
#993 = ORIENTED_EDGE ( 'NONE', *, *, #608, .T. ) ;
#994 = DIRECTION ( 'NONE',  ( 0.000000000000000000, -0.6246950475544243986, -0.7808688094430301652 ) ) ;
#995 = CARTESIAN_POINT ( 'NONE',  ( 0.2500000000000000000, 5.701195699409809414, 0.3390434404721518469 ) ) ;
#996 = ADVANCED_FACE ( 'NONE', ( #1474 ), #163, .F. ) ;
#997 = CARTESIAN_POINT ( 'NONE',  ( 0.000000000000000000, 6.450000000000000178, 2.741937515251342994 ) ) ;
#998 = EDGE_LOOP ( 'NONE', ( #548, #1153, #911, #966 ) ) ;
#999 = ORIENTED_EDGE ( 'NONE', *, *, #1338, .T. ) ;
#1000 = CARTESIAN_POINT ( 'NONE',  ( 0.2500000000000000000, 5.701195699409809414, 0.3390434404721518469 ) ) ;
#1001 = LINE ( 'NONE', #995, #716 ) ;
#1002 = ADVANCED_BREP_SHAPE_REPRESENTATION ( 'Bottom Chassis Plate', ( #854, #1157 ), #987 ) ;
#1003 = DIRECTION ( 'NONE',  ( 1.000000000000000000, 0.000000000000000000, 0.000000000000000000 ) ) ;
#1004 = VERTEX_POINT ( 'NONE', #634 ) ;
#1005 = CARTESIAN_POINT ( 'NONE',  ( 0.000000000000000000, 6.625000000000000888, 0.1250000000000000000 ) ) ;
#1006 = ORIENTED_EDGE ( 'NONE', *, *, #420, .T. ) ;
#1007 = EDGE_CURVE ( 'NONE', #1511, #412, #1094, .T. ) ;
#1008 = CIRCLE ( 'NONE', #543, 0.05000000000000000971 ) ;
#1009 = LENGTH_MEASURE_WITH_UNIT ( LENGTH_MEASURE( 0.02539999999999999897 ), #774 );
#1010 = AXIS2_PLACEMENT_3D ( 'NONE', #468, #148, #239 ) ;
#1011 = AXIS2_PLACEMENT_3D ( 'NONE', #902, #228, #893 ) ;
#1012 = DIRECTION ( 'NONE',  ( 0.000000000000000000, 0.000000000000000000, -1.000000000000000000 ) ) ;
#1013 = AXIS2_PLACEMENT_3D ( 'NONE', #664, #443, #76 ) ;
#1014 = DIRECTION ( 'NONE',  ( 0.000000000000000000, 0.7808688094430303872, 0.6246950475544240655 ) ) ;
#1015 = ORIENTED_EDGE ( 'NONE', *, *, #1241, .F. ) ;
#1016 = FACE_OUTER_BOUND ( 'NONE', #371, .T. ) ;
#1017 = VERTEX_POINT ( 'NONE', #1372 ) ;
#1018 = ADVANCED_FACE ( 'NONE', ( #1041 ), #206, .T. ) ;
#1019 = CARTESIAN_POINT ( 'NONE',  ( 0.000000000000000000, 7.125000000000000000, 3.434000000000000163 ) ) ;
#1020 = DIRECTION ( 'NONE',  ( 1.000000000000000000, 0.000000000000000000, -0.000000000000000000 ) ) ;
#1021 = CARTESIAN_POINT ( 'NONE',  ( 0.2500000000000000000, 3.202391398819619983, 1.671913119055697061 ) ) ;
#1022 = LINE ( 'NONE', #1493, #812 ) ;
#1023 = ORIENTED_EDGE ( 'NONE', *, *, #932, .F. ) ;
#1024 = FACE_OUTER_BOUND ( 'NONE', #998, .T. ) ;
#1025 = CARTESIAN_POINT ( 'NONE',  ( 0.2500000000000000000, 2.580039052967911584, 0.2499999999999994449 ) ) ;
#1026 = EDGE_CURVE ( 'NONE', #43, #1436, #744, .T. ) ;
#1027 = CARTESIAN_POINT ( 'NONE',  ( 0.000000000000000000, 1.962469504755441907, 0.6799756038043544004 ) ) ;
#1028 = CARTESIAN_POINT ( 'NONE',  ( 0.000000000000000000, 7.249999999999999112, 3.500000000000000000 ) ) ;
#1029 = VERTEX_POINT ( 'NONE', #93 ) ;
#1030 = LINE ( 'NONE', #921, #474 ) ;
#1031 = AXIS2_PLACEMENT_3D ( 'NONE', #1265, #95, #587 ) ;
#1032 = CARTESIAN_POINT ( 'NONE',  ( 0.000000000000000000, 4.857460947032088860, 0.9999999999999996669 ) ) ;
#1033 = VECTOR ( 'NONE', #50, 39.37007874015748143 ) ;
#1034 = CARTESIAN_POINT ( 'NONE',  ( 0.2500000000000000000, 1.799999999999999378, 2.741937515251343438 ) ) ;
#1035 = EDGE_CURVE ( 'NONE', #644, #151, #234, .T. ) ;
#1036 = AXIS2_PLACEMENT_3D ( 'NONE', #878, #282, #988 ) ;
#1037 = AXIS2_PLACEMENT_3D ( 'NONE', #396, #515, #500 ) ;
#1038 = FACE_OUTER_BOUND ( 'NONE', #670, .T. ) ;
#1039 = VERTEX_POINT ( 'NONE', #676 ) ;
#1040 = SHAPE_DEFINITION_REPRESENTATION ( #594, #1002 ) ;
#1041 = FACE_OUTER_BOUND ( 'NONE', #712, .T. ) ;
#1042 = FACE_OUTER_BOUND ( 'NONE', #1449, .T. ) ;
#1043 = FACE_OUTER_BOUND ( 'NONE', #679, .T. ) ;
#1044 = ORIENTED_EDGE ( 'NONE', *, *, #144, .F. ) ;
#1045 = EDGE_CURVE ( 'NONE', #1189, #1441, #1247, .T. ) ;
#1046 = DIRECTION ( 'NONE',  ( -0.000000000000000000, -1.000000000000000000, 2.185478394931401108E-15 ) ) ;
#1047 = ORIENTED_EDGE ( 'NONE', *, *, #30, .T. ) ;
#1048 = DIRECTION ( 'NONE',  ( 0.000000000000000000, 0.7808688094430298321, 0.6246950475544247317 ) ) ;
#1049 = LINE ( 'NONE', #824, #1227 ) ;
#1050 = ORIENTED_EDGE ( 'NONE', *, *, #823, .F. ) ;
#1051 = CC_DESIGN_PERSON_AND_ORGANIZATION_ASSIGNMENT ( #695, #738, ( #353 ) ) ;
#1052 = CALENDAR_DATE ( 2026, 20, 3 ) ;
#1053 = EDGE_CURVE ( 'NONE', #1249, #89, #1457, .T. ) ;
#1054 = DIRECTION ( 'NONE',  ( 1.000000000000000000, 0.000000000000000000, 0.000000000000000000 ) ) ;
#1055 = VECTOR ( 'NONE', #806, 39.37007874015748143 ) ;
#1056 = DIRECTION ( 'NONE',  ( 0.000000000000000000, 0.000000000000000000, -1.000000000000000000 ) ) ;
#1057 = CIRCLE ( 'NONE', #258, 0.1000000000000000194 ) ;
#1058 = LINE ( 'NONE', #385, #209 ) ;
#1059 = EDGE_LOOP ( 'NONE', ( #1286, #322 ) ) ;
#1060 = CIRCLE ( 'NONE', #1256, 0.05000000000000000971 ) ;
#1061 = VERTEX_POINT ( 'NONE', #340 ) ;
#1062 = SECURITY_CLASSIFICATION_LEVEL ( 'unclassified' ) ;
#1063 = ADVANCED_FACE ( 'NONE', ( #682 ), #914, .T. ) ;
#1064 = CARTESIAN_POINT ( 'NONE',  ( 0.2500000000000000000, 1.124999999999997558, 0.1250000000000000000 ) ) ;
#1065 = ORIENTED_EDGE ( 'NONE', *, *, #1270, .F. ) ;
#1066 = EDGE_CURVE ( 'NONE', #795, #496, #334, .T. ) ;
#1067 = PLANE ( 'NONE',  #1010 ) ;
#1068 = PLANE ( 'NONE',  #108 ) ;
#1069 = EDGE_LOOP ( 'NONE', ( #1470, #173, #898, #1127 ) ) ;
#1070 = ORIENTED_EDGE ( 'NONE', *, *, #699, .T. ) ;
#1071 = DIRECTION ( 'NONE',  ( 1.000000000000000000, 0.000000000000000000, 0.000000000000000000 ) ) ;
#1072 = DIRECTION ( 'NONE',  ( -1.000000000000000000, -0.000000000000000000, -0.000000000000000000 ) ) ;
#1073 = ADVANCED_FACE ( 'NONE', ( #99 ), #1123, .F. ) ;
#1074 = DIRECTION ( 'NONE',  ( 1.000000000000000000, -0.000000000000000000, -0.000000000000000000 ) ) ;
#1075 = ORIENTED_EDGE ( 'NONE', *, *, #1158, .F. ) ;
#1076 = CARTESIAN_POINT ( 'NONE',  ( 0.2500000000000000000, 1.962469504755441463, 2.820024396195646155 ) ) ;
#1077 = EDGE_LOOP ( 'NONE', ( #330, #427, #256, #395 ) ) ;
#1078 = LINE ( 'NONE', #29, #233 ) ;
#1079 = EDGE_CURVE ( 'NONE', #644, #26, #1491, .T. ) ;
#1080 = DIRECTION ( 'NONE',  ( -1.000000000000000000, -0.000000000000000000, -0.000000000000000000 ) ) ;
#1081 = AXIS2_PLACEMENT_3D ( 'NONE', #1164, #950, #502 ) ;
#1082 = ORIENTED_EDGE ( 'NONE', *, *, #105, .F. ) ;
#1083 = AXIS2_PLACEMENT_3D ( 'NONE', #770, #1236, #398 ) ;
#1084 = VERTEX_POINT ( 'NONE', #222 ) ;
#1085 = LOCAL_TIME ( 16, 22, 0.000000000000000000, #132 ) ;
#1086 = CARTESIAN_POINT ( 'NONE',  ( 0.2500000000000000000, 6.287530495244557649, 2.820024396195646155 ) ) ;
#1087 = CARTESIAN_POINT ( 'NONE',  ( 0.000000000000000000, 3.202391398819619983, 1.671913119055697061 ) ) ;
#1088 = CARTESIAN_POINT ( 'NONE',  ( 0.000000000000000000, 1.124999999999997558, 0.1839999999999999691 ) ) ;
#1089 = CARTESIAN_POINT ( 'NONE',  ( 0.000000000000000000, 0.000000000000000000, 0.000000000000000000 ) ) ;
#1090 = ORIENTED_EDGE ( 'NONE', *, *, #210, .T. ) ;
#1091 = ORIENTED_EDGE ( 'NONE', *, *, #560, .F. ) ;
#1092 = CARTESIAN_POINT ( 'NONE',  ( 0.2500000000000000000, 2.548804300590190142, 0.3390434404721520134 ) ) ;
#1093 = ORIENTED_EDGE ( 'NONE', *, *, #1471, .F. ) ;
#1094 = LINE ( 'NONE', #56, #1231 ) ;
#1095 = CARTESIAN_POINT ( 'NONE',  ( 0.2500000000000000000, 1.899999999999999023, 2.741937515251342994 ) ) ;
#1096 = ORIENTED_EDGE ( 'NONE', *, *, #3, .F. ) ;
#1097 = CARTESIAN_POINT ( 'NONE',  ( 0.000000000000000000, 1.624999999999997558, 0.06599999999999987821 ) ) ;
#1098 = APPROVAL ( #1175, 'UNSPECIFIED' ) ;
#1099 = EDGE_CURVE ( 'NONE', #411, #89, #566, .T. ) ;
#1100 = CARTESIAN_POINT ( 'NONE',  ( 0.000000000000000000, 1.624999999999997558, 0.06599999999999987821 ) ) ;
#1101 = DIRECTION ( 'NONE',  ( 0.000000000000000000, 0.000000000000000000, -1.000000000000000000 ) ) ;
#1102 = DIRECTION ( 'NONE',  ( -1.000000000000000000, -0.000000000000000000, -0.000000000000000000 ) ) ;
#1103 = VERTEX_POINT ( 'NONE', #1032 ) ;
#1104 = VECTOR ( 'NONE', #242, 39.37007874015748143 ) ;
#1105 = ORIENTED_EDGE ( 'NONE', *, *, #728, .T. ) ;
#1106 = VECTOR ( 'NONE', #1072, 39.37007874015748143 ) ;
#1107 = AXIS2_PLACEMENT_3D ( 'NONE', #606, #1071, #475 ) ;
#1108 = FACE_OUTER_BOUND ( 'NONE', #137, .T. ) ;
#1109 = ADVANCED_FACE ( 'NONE', ( #83 ), #555, .F. ) ;
#1110 = AXIS2_PLACEMENT_3D ( 'NONE', #1223, #193, #176 ) ;
#1111 = CARTESIAN_POINT ( 'NONE',  ( 0.2500000000000000000, 6.750000000000000000, 3.500000000000000000 ) ) ;
#1112 = CARTESIAN_POINT ( 'NONE',  ( 0.2500000000000000000, 5.669960947032087972, 0.2499999999999994449 ) ) ;
#1113 = VERTEX_POINT ( 'NONE', #1388 ) ;
#1114 = DIRECTION ( 'NONE',  ( 0.000000000000000000, 1.000000000000000000, 0.000000000000000000 ) ) ;
#1115 = EDGE_LOOP ( 'NONE', ( #1075, #8, #1501, #2 ) ) ;
#1116 = DIRECTION ( 'NONE',  ( 1.000000000000000000, -0.000000000000000000, -0.000000000000000000 ) ) ;
#1117 = CARTESIAN_POINT ( 'NONE',  ( 0.2500000000000000000, 3.139921894064177543, 1.750000000000000000 ) ) ;
#1118 = EDGE_CURVE ( 'NONE', #1039, #170, #815, .T. ) ;
#1119 = DIRECTION ( 'NONE',  ( -1.000000000000000000, -0.000000000000000000, -0.000000000000000000 ) ) ;
#1120 = ADVANCED_FACE ( 'NONE', ( #907 ), #561, .F. ) ;
#1121 = LINE ( 'NONE', #540, #1104 ) ;
#1122 = ORIENTED_EDGE ( 'NONE', *, *, #608, .F. ) ;
#1123 = CYLINDRICAL_SURFACE ( 'NONE', #214, 0.1000000000000000194 ) ;
#1124 = FACE_BOUND ( 'NONE', #541, .T. ) ;
#1125 = EDGE_CURVE ( 'NONE', #858, #1355, #1181, .T. ) ;
#1126 = CARTESIAN_POINT ( 'NONE',  ( 0.2500000000000000000, 6.625000000000000888, 0.06599999999999993372 ) ) ;
#1127 = ORIENTED_EDGE ( 'NONE', *, *, #274, .F. ) ;
#1128 = AXIS2_PLACEMENT_3D ( 'NONE', #198, #287, #763 ) ;
#1129 = CARTESIAN_POINT ( 'NONE',  ( 0.2500000000000000000, 1.962469504755441907, 0.6799756038043544004 ) ) ;
#1130 = AXIS2_PLACEMENT_3D ( 'NONE', #586, #698, #478 ) ;
#1131 = AXIS2_PLACEMENT_3D ( 'NONE', #544, #314, #1012 ) ;
#1132 = DIRECTION ( 'NONE',  ( 0.000000000000000000, 0.000000000000000000, -1.000000000000000000 ) ) ;
#1133 = AXIS2_PLACEMENT_3D ( 'NONE', #454, #1268, #681 ) ;
#1134 = LINE ( 'NONE', #1258, #1330 ) ;
#1135 = DIRECTION ( 'NONE',  ( -1.000000000000000000, 0.000000000000000000, -0.000000000000000000 ) ) ;
#1136 = ORIENTED_EDGE ( 'NONE', *, *, #632, .T. ) ;
#1137 = DIRECTION ( 'NONE',  ( -1.000000000000000000, -0.000000000000000000, -0.000000000000000000 ) ) ;
#1138 = EDGE_CURVE ( 'NONE', #488, #369, #352, .T. ) ;
#1139 = DIRECTION ( 'NONE',  ( 0.000000000000000000, 5.463695987328524465E-16, -1.000000000000000000 ) ) ;
#1140 = LINE ( 'NONE', #346, #188 ) ;
#1141 = CARTESIAN_POINT ( 'NONE',  ( 0.2500000000000000000, 1.624999999999997558, 0.1250000000000000000 ) ) ;
#1142 = ORIENTED_EDGE ( 'NONE', *, *, #1341, .T. ) ;
#1143 = CARTESIAN_POINT ( 'NONE',  ( 0.2500000000000000000, 7.249999999999999112, 3.500000000000000000 ) ) ;
#1144 = EDGE_CURVE ( 'NONE', #533, #1472, #319, .T. ) ;
#1145 = DIRECTION ( 'NONE',  ( 1.000000000000000000, 0.000000000000000000, 0.000000000000000000 ) ) ;
#1146 = APPLICATION_CONTEXT ( 'configuration controlled 3d designs of mechanical parts and assemblies' ) ;
#1147 = LINE ( 'NONE', #1492, #471 ) ;
#1148 = UNCERTAINTY_MEASURE_WITH_UNIT (LENGTH_MEASURE( 1.000000000000000082E-05 ), #1366, 'distance_accuracy_value', 'NONE');
#1149 = LINE ( 'NONE', #224, #370 ) ;
#1150 = ORIENTED_EDGE ( 'NONE', *, *, #1079, .F. ) ;
#1151 = VECTOR ( 'NONE', #923, 39.37007874015748143 ) ;
#1152 = CARTESIAN_POINT ( 'NONE',  ( 0.000000000000000000, 7.125000000000000000, 0.1840000000000000802 ) ) ;
#1153 = ORIENTED_EDGE ( 'NONE', *, *, #951, .F. ) ;
#1154 = CIRCLE ( 'NONE', #1332, 0.05900000000000010791 ) ;
#1155 = FACE_OUTER_BOUND ( 'NONE', #853, .T. ) ;
#1156 = EDGE_CURVE ( 'NONE', #511, #1113, #1154, .T. ) ;
#1157 = AXIS2_PLACEMENT_3D ( 'NONE', #1089, #244, #707 ) ;
#1158 = EDGE_CURVE ( 'NONE', #848, #751, #111, .T. ) ;
#1159 = DIRECTION ( 'NONE',  ( -1.000000000000000000, -0.000000000000000000, -0.000000000000000000 ) ) ;
#1160 = VERTEX_POINT ( 'NONE', #933 ) ;
#1161 = PERSON_AND_ORGANIZATION ( #1277, #694 ) ;
#1162 = DIRECTION ( 'NONE',  ( 0.000000000000000000, 0.7808688094430301652, 0.6246950475544243986 ) ) ;
#1163 = VERTEX_POINT ( 'NONE', #820 ) ;
#1164 = CARTESIAN_POINT ( 'NONE',  ( 0.2500000000000000000, 4.857460947032088860, 0.9499999999999997335 ) ) ;
#1165 = EDGE_CURVE ( 'NONE', #1441, #277, #835, .T. ) ;
#1166 = DIRECTION ( 'NONE',  ( 0.000000000000000000, 0.000000000000000000, -1.000000000000000000 ) ) ;
#1167 = ORIENTED_EDGE ( 'NONE', *, *, #302, .T. ) ;
#1168 = FACE_BOUND ( 'NONE', #1440, .T. ) ;
#1169 = ORIENTED_EDGE ( 'NONE', *, *, #1497, .F. ) ;
#1170 = DIRECTION ( 'NONE',  ( 0.000000000000000000, -0.7808688094430301652, 0.6246950475544245096 ) ) ;
#1171 = CARTESIAN_POINT ( 'NONE',  ( 0.2500000000000000000, 3.361304300590189253, 0.9890434404721510919 ) ) ;
#1172 = ORIENTED_EDGE ( 'NONE', *, *, #961, .F. ) ;
#1173 = EDGE_CURVE ( 'NONE', #751, #811, #119, .T. ) ;
#1174 = ORIENTED_EDGE ( 'NONE', *, *, #766, .T. ) ;
#1175 = APPROVAL_STATUS ( 'not_yet_approved' ) ;
#1176 = CARTESIAN_POINT ( 'NONE',  ( 0.000000000000000000, 7.125000000000000000, 3.375000000000000000 ) ) ;
#1177 = ORIENTED_EDGE ( 'NONE', *, *, #1434, .F. ) ;
#1178 = AXIS2_PLACEMENT_3D ( 'NONE', #816, #342, #1499 ) ;
#1179 = CARTESIAN_POINT ( 'NONE',  ( 0.000000000000000000, 1.799999999999999378, 0.7580624847486568951 ) ) ;
#1180 = AXIS2_PLACEMENT_3D ( 'NONE', #434, #321, #1014 ) ;
#1181 = CIRCLE ( 'NONE', #1379, 0.09999999999999975575 ) ;
#1182 = LINE ( 'NONE', #247, #397 ) ;
#1183 = ORIENTED_EDGE ( 'NONE', *, *, #1383, .F. ) ;
#1184 = ORIENTED_EDGE ( 'NONE', *, *, #908, .T. ) ;
#1185 = DIRECTION ( 'NONE',  ( 0.000000000000000000, 5.463695987328524465E-16, -1.000000000000000000 ) ) ;
#1186 = LINE ( 'NONE', #609, #1106 ) ;
#1187 = DIRECTION ( 'NONE',  ( -1.000000000000000000, -0.000000000000000000, -0.000000000000000000 ) ) ;
#1188 = ORIENTED_EDGE ( 'NONE', *, *, #1319, .F. ) ;
#1189 = VERTEX_POINT ( 'NONE', #928 ) ;
#1190 = FACE_OUTER_BOUND ( 'NONE', #1077, .T. ) ;
#1191 = ORIENTED_EDGE ( 'NONE', *, *, #1269, .T. ) ;
#1192 = EDGE_CURVE ( 'NONE', #1197, #1245, #499, .T. ) ;
#1193 = CARTESIAN_POINT ( 'NONE',  ( 0.2500000000000000000, 2.580039052967911584, 0.2499999999999994449 ) ) ;
#1194 = DIRECTION ( 'NONE',  ( 0.000000000000000000, 1.000000000000000000, -2.185478394931401108E-15 ) ) ;
#1195 = ORIENTED_EDGE ( 'NONE', *, *, #1144, .F. ) ;
#1196 = ORIENTED_EDGE ( 'NONE', *, *, #926, .T. ) ;
#1197 = VERTEX_POINT ( 'NONE', #259 ) ;
#1198 = DIRECTION ( 'NONE',  ( -0.000000000000000000, 1.000000000000000000, 5.463695987328524465E-16 ) ) ;
#1199 = ORIENTED_EDGE ( 'NONE', *, *, #265, .T. ) ;
#1200 = CARTESIAN_POINT ( 'NONE',  ( 0.000000000000000000, 6.625000000000000888, 0.1840000000000000802 ) ) ;
#1201 = DIRECTION ( 'NONE',  ( 1.000000000000000000, 0.000000000000000000, 0.000000000000000000 ) ) ;
#1202 = EDGE_CURVE ( 'NONE', #1160, #34, #452, .T. ) ;
#1204 = VECTOR ( 'NONE', #246, 39.37007874015748143 ) ;
#1203 = PERSON_AND_ORGANIZATION_ROLE ( 'design_owner' ) ;
#1205 = VERTEX_POINT ( 'NONE', #374 ) ;
#1206 = CIRCLE ( 'NONE', #400, 0.1000000000000000194 ) ;
#1207 = ORIENTED_EDGE ( 'NONE', *, *, #1079, .T. ) ;
#1208 = VECTOR ( 'NONE', #1046, 39.37007874015748143 ) ;
#1209 = CARTESIAN_POINT ( 'NONE',  ( 0.000000000000000000, 1.624999999999997558, 0.1250000000000000000 ) ) ;
#1210 = ORIENTED_EDGE ( 'NONE', *, *, #776, .F. ) ;
#1211 = DIRECTION ( 'NONE',  ( 0.000000000000000000, 0.000000000000000000, 1.000000000000000000 ) ) ;
#1212 = DIRECTION ( 'NONE',  ( 0.000000000000000000, 0.000000000000000000, -1.000000000000000000 ) ) ;
#1213 = EDGE_LOOP ( 'NONE', ( #1464, #971, #442, #1096 ) ) ;
#1214 = CARTESIAN_POINT ( 'NONE',  ( 0.000000000000000000, 7.250000000000000888, 0.000000000000000000 ) ) ;
#1215 = CARTESIAN_POINT ( 'NONE',  ( 0.2500000000000000000, 1.624999999999997558, 0.1840000000000001357 ) ) ;
#1216 = ORIENTED_EDGE ( 'NONE', *, *, #615, .T. ) ;
#1217 = CARTESIAN_POINT ( 'NONE',  ( 0.000000000000000000, 6.625000000000000888, 0.1250000000000000000 ) ) ;
#1218 = DIRECTION ( 'NONE',  ( 0.000000000000000000, 0.000000000000000000, -1.000000000000000000 ) ) ;
#1219 = ORIENTED_EDGE ( 'NONE', *, *, #581, .F. ) ;
#1220 = CARTESIAN_POINT ( 'NONE',  ( 0.2500000000000000000, 1.499999999999997113, 3.500000000000000444 ) ) ;
#1221 = ADVANCED_FACE ( 'NONE', ( #941, #1288, #828, #1168, #245, #1294, #1279, #1303, #601, #266 ), #702, .F. ) ;
#1222 = ORIENTED_EDGE ( 'NONE', *, *, #194, .T. ) ;
#1223 = CARTESIAN_POINT ( 'NONE',  ( 0.000000000000000000, 1.124999999999997558, 3.375000000000000000 ) ) ;
#1224 = FACE_OUTER_BOUND ( 'NONE', #1115, .T. ) ;
#1225 = CARTESIAN_POINT ( 'NONE',  ( 0.2500000000000000000, 5.669960947032087972, 0.2499999999999994449 ) ) ;
#1226 = ORIENTED_EDGE ( 'NONE', *, *, #532, .T. ) ;
#1227 = VECTOR ( 'NONE', #1420, 39.37007874015748143 ) ;
#1228 = AXIS2_PLACEMENT_3D ( 'NONE', #179, #1463, #1218 ) ;
#1229 = LINE ( 'NONE', #651, #1304 ) ;
#1230 = CIRCLE ( 'NONE', #793, 0.05900000000000006628 ) ;
#1231 = VECTOR ( 'NONE', #1506, 39.37007874015748143 ) ;
#1232 = DIRECTION ( 'NONE',  ( 0.000000000000000000, 0.000000000000000000, -1.000000000000000000 ) ) ;
#1233 = EDGE_CURVE ( 'NONE', #1205, #277, #489, .T. ) ;
#1234 = VECTOR ( 'NONE', #788, 39.37007874015748143 ) ;
#1235 = ADVANCED_FACE ( 'NONE', ( #1190 ), #251, .T. ) ;
#1236 = DIRECTION ( 'NONE',  ( -1.000000000000000000, -0.000000000000000000, -0.000000000000000000 ) ) ;
#1237 = CYLINDRICAL_SURFACE ( 'NONE', #186, 0.05899999999999996914 ) ;
#1238 = DIRECTION ( 'NONE',  ( 1.000000000000000000, 0.000000000000000000, 0.000000000000000000 ) ) ;
#1239 = ORIENTED_EDGE ( 'NONE', *, *, #492, .T. ) ;
#1240 = DIRECTION ( 'NONE',  ( 1.000000000000000000, 0.000000000000000000, 0.000000000000000000 ) ) ;
#1241 = EDGE_CURVE ( 'NONE', #1472, #470, #613, .T. ) ;
#1242 = CARTESIAN_POINT ( 'NONE',  ( 0.000000000000000000, 6.625000000000000888, 0.1250000000000000000 ) ) ;
#1243 = EDGE_LOOP ( 'NONE', ( #1376, #931, #604, #117 ) ) ;
#1244 = ORIENTED_EDGE ( 'NONE', *, *, #182, .T. ) ;
#1245 = VERTEX_POINT ( 'NONE', #1395 ) ;
#1246 = DIRECTION ( 'NONE',  ( 0.000000000000000000, 0.000000000000000000, -1.000000000000000000 ) ) ;
#1247 = LINE ( 'NONE', #1496, #1428 ) ;
#1248 = CARTESIAN_POINT ( 'NONE',  ( 0.2500000000000000000, 1.899999999999999689, 0.7580624847486573392 ) ) ;
#1249 = VERTEX_POINT ( 'NONE', #236 ) ;
#1250 = CARTESIAN_POINT ( 'NONE',  ( 0.2500000000000000000, 0.9999999999999976685, 3.500000000000000888 ) ) ;
#1251 = EDGE_LOOP ( 'NONE', ( #1044, #631, #621, #1174 ) ) ;
#1252 = VECTOR ( 'NONE', #850, 39.37007874015748143 ) ;
#1253 = DIRECTION ( 'NONE',  ( 0.000000000000000000, 0.000000000000000000, -1.000000000000000000 ) ) ;
#1254 = AXIS2_PLACEMENT_3D ( 'NONE', #1117, #537, #77 ) ;
#1255 = CARTESIAN_POINT ( 'NONE',  ( 0.000000000000000000, 1.899999999999999023, 2.741937515251342994 ) ) ;
#1256 = AXIS2_PLACEMENT_3D ( 'NONE', #781, #899, #1253 ) ;
#1257 = CC_DESIGN_SECURITY_CLASSIFICATION ( #720, ( #353 ) ) ;
#1258 = CARTESIAN_POINT ( 'NONE',  ( 0.000000000000000000, 1.799999999999999378, 2.741937515251342994 ) ) ;
#1259 = PLANE ( 'NONE',  #1031 ) ;
#1260 = ORIENTED_EDGE ( 'NONE', *, *, #30, .F. ) ;
#1261 = EDGE_CURVE ( 'NONE', #1425, #611, #696, .T. ) ;
#1262 = CARTESIAN_POINT ( 'NONE',  ( 0.2500000000000000000, 2.548804300590190142, 0.3390434404721520134 ) ) ;
#1263 = CARTESIAN_POINT ( 'NONE',  ( 0.000000000000000000, 6.625000000000000888, 0.06599999999999993372 ) ) ;
#1264 = DIRECTION ( 'NONE',  ( 1.000000000000000000, 0.000000000000000000, 0.000000000000000000 ) ) ;
#1265 = CARTESIAN_POINT ( 'NONE',  ( 0.2500000000000000000, 7.249999999999999112, 3.500000000000000000 ) ) ;
#1266 = ORIENTED_EDGE ( 'NONE', *, *, #803, .T. ) ;
#1267 = EDGE_CURVE ( 'NONE', #1316, #1205, #584, .T. ) ;
#1268 = DIRECTION ( 'NONE',  ( 0.000000000000000000, -0.6246950475544241765, -0.7808688094430304982 ) ) ;
#1269 = EDGE_CURVE ( 'NONE', #795, #800, #717, .T. ) ;
#1270 = EDGE_CURVE ( 'NONE', #1029, #75, #649, .T. ) ;
#1271 = DIRECTION ( 'NONE',  ( -1.000000000000000000, 0.000000000000000000, -0.000000000000000000 ) ) ;
#1272 = CYLINDRICAL_SURFACE ( 'NONE', #305, 0.1000000000000000194 ) ;
#1273 = CARTESIAN_POINT ( 'NONE',  ( 0.000000000000000000, 1.899999999999999689, 0.7580624847486573392 ) ) ;
#1274 = ORIENTED_EDGE ( 'NONE', *, *, #908, .F. ) ;
#1275 = APPROVAL_DATE_TIME ( #577, #44 ) ;
#1276 = CIRCLE ( 'NONE', #1476, 0.05900000000000010791 ) ;
#1277 = PERSON ( 'UNSPECIFIED', 'UNSPECIFIED', 'UNSPECIFIED', ('UNSPECIFIED'), ('UNSPECIFIED'), ('UNSPECIFIED') ) ;
#1278 = AXIS2_PLACEMENT_3D ( 'NONE', #94, #556, #916 ) ;
#1279 = FACE_BOUND ( 'NONE', #673, .T. ) ;
#1280 = ORIENTED_EDGE ( 'NONE', *, *, #715, .T. ) ;
#1281 = CC_DESIGN_PERSON_AND_ORGANIZATION_ASSIGNMENT ( #460, #940, ( #353 ) ) ;
#1282 = ADVANCED_FACE ( 'NONE', ( #869 ), #169, .F. ) ;
#1283 = AXIS2_PLACEMENT_3D ( 'NONE', #1025, #217, #1020 ) ;
#1284 = CARTESIAN_POINT ( 'NONE',  ( 0.000000000000000000, 3.202391398819619983, 1.828086880944302717 ) ) ;
#1285 = DIRECTION ( 'NONE',  ( -1.000000000000000000, -0.000000000000000000, -0.000000000000000000 ) ) ;
#1286 = ORIENTED_EDGE ( 'NONE', *, *, #79, .F. ) ;
#1287 = CALENDAR_DATE ( 2026, 20, 3 ) ;
#1288 = FACE_BOUND ( 'NONE', #1334, .T. ) ;
#1289 = CARTESIAN_POINT ( 'NONE',  ( 0.2500000000000000000, 1.799999999999999378, 2.741937515251342994 ) ) ;
#1290 = ADVANCED_FACE ( 'NONE', ( #977 ), #389, .F. ) ;
#1291 = DIRECTION ( 'NONE',  ( 0.000000000000000000, 0.000000000000000000, -1.000000000000000000 ) ) ;
#1292 = EDGE_LOOP ( 'NONE', ( #27, #1199, #787, #419 ) ) ;
#1293 = VERTEX_POINT ( 'NONE', #1215 ) ;
#1294 = FACE_BOUND ( 'NONE', #451, .T. ) ;
#1295 = VERTEX_POINT ( 'NONE', #624 ) ;
#1296 = LINE ( 'NONE', #1289, #868 ) ;
#1297 = CARTESIAN_POINT ( 'NONE',  ( 0.000000000000000000, 5.701195699409809414, 0.3390434404721520134 ) ) ;
#1298 = ORIENTED_EDGE ( 'NONE', *, *, #1007, .T. ) ;
#1299 = EDGE_CURVE ( 'NONE', #1356, #264, #754, .T. ) ;
#1300 = EDGE_CURVE ( 'NONE', #89, #318, #284, .T. ) ;
#1301 = EDGE_LOOP ( 'NONE', ( #592, #1196, #158, #1150 ) ) ;
#1302 = APPLICATION_PROTOCOL_DEFINITION ( 'international standard', 'config_control_design', 1994, #445 ) ;
#1303 = FACE_OUTER_BOUND ( 'NONE', #946, .T. ) ;
#1304 = VECTOR ( 'NONE', #1114, 39.37007874015748143 ) ;
#1305 = DIRECTION ( 'NONE',  ( 1.000000000000000000, 0.000000000000000000, 0.000000000000000000 ) ) ;
#1306 = CIRCLE ( 'NONE', #622, 0.05900000000000010791 ) ;
#1307 = AXIS2_PLACEMENT_3D ( 'NONE', #1064, #810, #1423 ) ;
#1308 = LINE ( 'NONE', #7, #422 ) ;
#1309 = ORIENTED_EDGE ( 'NONE', *, *, #439, .F. ) ;
#1310 = VECTOR ( 'NONE', #60, 39.37007874015748143 ) ;
#1311 = ORIENTED_EDGE ( 'NONE', *, *, #749, .T. ) ;
#1312 = DIRECTION ( 'NONE',  ( -0.000000000000000000, -0.7808688094430303872, -0.6246950475544241765 ) ) ;
#1313 = CYLINDRICAL_SURFACE ( 'NONE', #1505, 0.05900000000000010791 ) ;
#1314 = CARTESIAN_POINT ( 'NONE',  ( 0.2500000000000000000, 6.450000000000000178, 2.741937515251342994 ) ) ;
#1315 = ORIENTED_EDGE ( 'NONE', *, *, #1300, .T. ) ;
#1316 = VERTEX_POINT ( 'NONE', #55 ) ;
#1317 = ORIENTED_EDGE ( 'NONE', *, *, #1411, .T. ) ;
#1318 = CARTESIAN_POINT ( 'NONE',  ( 0.000000000000000000, 1.624999999999997558, 0.1250000000000000000 ) ) ;
#1319 = EDGE_CURVE ( 'NONE', #102, #512, #501, .T. ) ;
#1320 = ADVANCED_FACE ( 'NONE', ( #639 ), #734, .F. ) ;
#1321 = DIRECTION ( 'NONE',  ( 0.000000000000000000, 0.000000000000000000, -1.000000000000000000 ) ) ;
#1322 = FACE_OUTER_BOUND ( 'NONE', #1414, .T. ) ;
#1323 = VERTEX_POINT ( 'NONE', #986 ) ;
#1324 = VERTEX_POINT ( 'NONE', #877 ) ;
#1325 = DIRECTION ( 'NONE',  ( 1.000000000000000000, -0.000000000000000000, -0.000000000000000000 ) ) ;
#1326 = DIRECTION ( 'NONE',  ( -1.000000000000000000, -0.000000000000000000, -0.000000000000000000 ) ) ;
#1327 = APPROVAL ( #599, 'UNSPECIFIED' ) ;
#1328 = EDGE_CURVE ( 'NONE', #511, #1163, #745, .T. ) ;
#1329 = FACE_OUTER_BOUND ( 'NONE', #859, .T. ) ;
#1330 = VECTOR ( 'NONE', #1498, 39.37007874015748143 ) ;
#1331 = ORIENTED_EDGE ( 'NONE', *, *, #1156, .T. ) ;
#1332 = AXIS2_PLACEMENT_3D ( 'NONE', #1176, #847, #467 ) ;
#1333 = FACE_OUTER_BOUND ( 'NONE', #1069, .T. ) ;
#1334 = EDGE_LOOP ( 'NONE', ( #109, #1191 ) ) ;
#1335 = VECTOR ( 'NONE', #1185, 39.37007874015748143 ) ;
#1336 = CARTESIAN_POINT ( 'NONE',  ( 0.000000000000000000, 7.125000000000000000, 3.315999999999999837 ) ) ;
#1337 = CYLINDRICAL_SURFACE ( 'NONE', #691, 0.05900000000000006628 ) ;
#1338 = EDGE_CURVE ( 'NONE', #58, #827, #289, .T. ) ;
#1339 = DIRECTION ( 'NONE',  ( -1.000000000000000000, -0.000000000000000000, -0.000000000000000000 ) ) ;
#1340 = ORIENTED_EDGE ( 'NONE', *, *, #382, .F. ) ;
#1341 = EDGE_CURVE ( 'NONE', #494, #203, #1443, .T. ) ;
#1342 = EDGE_LOOP ( 'NONE', ( #430, #741, #583, #1244 ) ) ;
#1343 = CARTESIAN_POINT ( 'NONE',  ( 0.2500000000000000000, 5.669960947032089749, 0.2999999999999994893 ) ) ;
#1344 = FACE_OUTER_BOUND ( 'NONE', #705, .T. ) ;
#1345 = FACE_OUTER_BOUND ( 'NONE', #1396, .T. ) ;
#1346 = ORIENTED_EDGE ( 'NONE', *, *, #90, .F. ) ;
#1347 = CARTESIAN_POINT ( 'NONE',  ( 0.2500000000000000000, 6.350000000000000533, 2.741937515251342994 ) ) ;
#1348 = VERTEX_POINT ( 'NONE', #861 ) ;
#1349 = ADVANCED_FACE ( 'NONE', ( #521 ), #1461, .F. ) ;
#1350 = DIRECTION ( 'NONE',  ( 1.000000000000000000, 0.000000000000000000, 0.000000000000000000 ) ) ;
#1351 = CYLINDRICAL_SURFACE ( 'NONE', #426, 0.04999999999999998196 ) ;
#1352 = DIRECTION ( 'NONE',  ( -0.000000000000000000, -0.7808688094430299431, -0.6246950475544247317 ) ) ;
#1353 = CIRCLE ( 'NONE', #1453, 0.1000000000000000194 ) ;
#1354 = AXIS2_PLACEMENT_3D ( 'NONE', #341, #1264, #668 ) ;
#1355 = VERTEX_POINT ( 'NONE', #295 ) ;
#1356 = VERTEX_POINT ( 'NONE', #183 ) ;
#1357 = AXIS2_PLACEMENT_3D ( 'NONE', #1217, #627, #856 ) ;
#1358 = ADVANCED_FACE ( 'NONE', ( #1108 ), #36, .T. ) ;
#1359 = CIRCLE ( 'NONE', #453, 0.05900000000000006628 ) ;
#1360 = CARTESIAN_POINT ( 'NONE',  ( 0.2500000000000000000, 5.047608601180380461, 1.671913119055697061 ) ) ;
#1361 = DIRECTION ( 'NONE',  ( 0.000000000000000000, 0.000000000000000000, 1.000000000000000000 ) ) ;
#1362 = CARTESIAN_POINT ( 'NONE',  ( 0.2500000000000000000, 4.888695699409810302, 0.9890434404721510919 ) ) ;
#1363 = ORIENTED_EDGE ( 'NONE', *, *, #1299, .T. ) ;
#1364 = ORIENTED_EDGE ( 'NONE', *, *, #862, .F. ) ;
#1365 = ORIENTED_EDGE ( 'NONE', *, *, #61, .F. ) ;
#1366 =( CONVERSION_BASED_UNIT ( 'INCH', #1009 ) LENGTH_UNIT ( ) NAMED_UNIT ( #477 ) );
#1367 = DIRECTION ( 'NONE',  ( 0.000000000000000000, 0.000000000000000000, -1.000000000000000000 ) ) ;
#1368 = FACE_OUTER_BOUND ( 'NONE', #882, .T. ) ;
#1369 = DIRECTION ( 'NONE',  ( 1.000000000000000000, 0.000000000000000000, 0.000000000000000000 ) ) ;
#1370 = EDGE_LOOP ( 'NONE', ( #1444, #271, #970, #123, #481, #52, #1317, #875 ) ) ;
#1371 =( NAMED_UNIT ( * ) PLANE_ANGLE_UNIT ( ) SI_UNIT ( $, .RADIAN. ) );
#1372 = CARTESIAN_POINT ( 'NONE',  ( 0.000000000000000000, 1.624999999999997558, 0.1840000000000001357 ) ) ;
#1373 = FACE_OUTER_BOUND ( 'NONE', #732, .T. ) ;
#1374 = EDGE_CURVE ( 'NONE', #464, #1511, #262, .T. ) ;
#1375 = CARTESIAN_POINT ( 'NONE',  ( 0.2500000000000000000, 7.125000000000000000, 0.1250000000000000000 ) ) ;
#1376 = ORIENTED_EDGE ( 'NONE', *, *, #1267, .T. ) ;
#1377 = CYLINDRICAL_SURFACE ( 'NONE', #1013, 0.05900000000000006628 ) ;
#1378 = AXIS2_PLACEMENT_3D ( 'NONE', #1248, #929, #660 ) ;
#1379 = AXIS2_PLACEMENT_3D ( 'NONE', #775, #1240, #666 ) ;
#1380 = CARTESIAN_POINT ( 'NONE',  ( 0.2500000000000000000, 3.392539052967910695, 0.9999999999999996669 ) ) ;
#1381 = AXIS2_PLACEMENT_3D ( 'NONE', #1318, #760, #1232 ) ;
#1382 = LINE ( 'NONE', #218, #984 ) ;
#1383 = EDGE_CURVE ( 'NONE', #1399, #26, #1359, .T. ) ;
#1384 = CARTESIAN_POINT ( 'NONE',  ( 0.2500000000000000000, 5.047608601180380461, 1.671913119055698171 ) ) ;
#1385 = VERTEX_POINT ( 'NONE', #1086 ) ;
#1386 = ADVANCED_FACE ( 'NONE', ( #767 ), #48, .F. ) ;
#1387 = DIRECTION ( 'NONE',  ( -0.000000000000000000, -3.122111992759157964E-16, 1.000000000000000000 ) ) ;
#1388 = CARTESIAN_POINT ( 'NONE',  ( 0.000000000000000000, 7.125000000000000000, 3.434000000000000163 ) ) ;
#1389 = FACE_BOUND ( 'NONE', #416, .T. ) ;
#1390 = LINE ( 'NONE', #463, #1055 ) ;
#1391 = ORIENTED_EDGE ( 'NONE', *, *, #776, .T. ) ;
#1392 = EDGE_CURVE ( 'NONE', #1017, #58, #870, .T. ) ;
#1393 = PERSON_AND_ORGANIZATION ( #1277, #694 ) ;
#1394 = EDGE_CURVE ( 'NONE', #264, #811, #542, .T. ) ;
#1395 = CARTESIAN_POINT ( 'NONE',  ( 0.2500000000000000000, 1.124999999999997558, 3.315999999999999837 ) ) ;
#1396 = EDGE_LOOP ( 'NONE', ( #1431, #1422, #1207, #300 ) ) ;
#1397 = FACE_BOUND ( 'NONE', #1059, .T. ) ;
#1398 = DIRECTION ( 'NONE',  ( -0.000000000000000000, -1.000000000000000000, 2.185478394931401108E-15 ) ) ;
#1399 = VERTEX_POINT ( 'NONE', #92 ) ;
#1400 = CLOSED_SHELL ( 'NONE', ( #31, #901, #1109, #1386, #10, #830, #23, #736, #567, #1221, #399, #1320, #680, #115, #124, #1290, #1433, #1235, #241, #1358, #654, #293, #996, #638, #1073, #801, #552, #570, #989, #674, #978, #1018, #1349, #1442, #785, #1063, #473, #431, #1282, #418, #1481, #1120 ) ) ;
#1401 = EDGE_CURVE ( 'NONE', #496, #742, #69, .T. ) ;
#1402 = VECTOR ( 'NONE', #1454, 39.37007874015748143 ) ;
#1403 = CARTESIAN_POINT ( 'NONE',  ( 0.000000000000000000, 2.548804300590190142, 0.3390434404721520134 ) ) ;
#1404 = CIRCLE ( 'NONE', #1357, 0.05900000000000006628 ) ;
#1405 = DIRECTION ( 'NONE',  ( 0.000000000000000000, 0.000000000000000000, -1.000000000000000000 ) ) ;
#1406 = AXIS2_PLACEMENT_3D ( 'NONE', #565, #103, #1495 ) ;
#1407 = CARTESIAN_POINT ( 'NONE',  ( 0.2500000000000000000, 3.139921894064177543, 1.750000000000000000 ) ) ;
#1408 = ORIENTED_EDGE ( 'NONE', *, *, #227, .F. ) ;
#1409 = CARTESIAN_POINT ( 'NONE',  ( 0.000000000000000000, 3.392539052967910695, 0.9499999999999997335 ) ) ;
#1410 = DIRECTION ( 'NONE',  ( 0.000000000000000000, 0.000000000000000000, -1.000000000000000000 ) ) ;
#1411 = EDGE_CURVE ( 'NONE', #739, #1103, #1060, .T. ) ;
#1412 = CARTESIAN_POINT ( 'NONE',  ( 0.2500000000000000000, 0.9999999999999976685, 3.500000000000000888 ) ) ;
#1413 = EDGE_LOOP ( 'NONE', ( #939, #113 ) ) ;
#1414 = EDGE_LOOP ( 'NONE', ( #1473, #220, #1266, #620 ) ) ;
#1415 = CALENDAR_DATE ( 2026, 20, 3 ) ;
#1416 = CARTESIAN_POINT ( 'NONE',  ( 0.000000000000000000, 6.349999999999999645, 0.7580624847486573392 ) ) ;
#1417 = ORIENTED_EDGE ( 'NONE', *, *, #72, .T. ) ;
#1418 = FACE_OUTER_BOUND ( 'NONE', #364, .T. ) ;
#1419 = EDGE_CURVE ( 'NONE', #1425, #1004, #1483, .T. ) ;
#1420 = DIRECTION ( 'NONE',  ( 1.000000000000000000, -0.000000000000000000, -0.000000000000000000 ) ) ;
#1421 = ORIENTED_EDGE ( 'NONE', *, *, #265, .F. ) ;
#1422 = ORIENTED_EDGE ( 'NONE', *, *, #1035, .F. ) ;
#1423 = DIRECTION ( 'NONE',  ( 0.000000000000000000, 0.000000000000000000, -1.000000000000000000 ) ) ;
#1424 = CIRCLE ( 'NONE', #184, 0.05900000000000011485 ) ;
#1425 = VERTEX_POINT ( 'NONE', #1503 ) ;
#1426 = AXIS2_PLACEMENT_3D ( 'NONE', #757, #64, #306 ) ;
#1427 = CARTESIAN_POINT ( 'NONE',  ( 0.000000000000000000, 5.669960947032089749, 0.2999999999999994893 ) ) ;
#1428 = VECTOR ( 'NONE', #1139, 39.37007874015748143 ) ;
#1429 = VECTOR ( 'NONE', #536, 39.37007874015748143 ) ;
#1430 = CARTESIAN_POINT ( 'NONE',  ( 0.2500000000000000000, 3.392539052967910695, 0.9499999999999997335 ) ) ;
#1431 = ORIENTED_EDGE ( 'NONE', *, *, #926, .F. ) ;
#1432 = ORIENTED_EDGE ( 'NONE', *, *, #1490, .F. ) ;
#1433 = ADVANCED_FACE ( 'NONE', ( #216 ), #82, .F. ) ;
#1434 = EDGE_CURVE ( 'NONE', #170, #369, #658, .T. ) ;
#1435 = DIRECTION ( 'NONE',  ( 1.000000000000000000, -0.000000000000000000, -0.000000000000000000 ) ) ;
#1436 = VERTEX_POINT ( 'NONE', #325 ) ;
#1437 = DIRECTION ( 'NONE',  ( 0.000000000000000000, 0.000000000000000000, 1.000000000000000000 ) ) ;
#1438 = CARTESIAN_POINT ( 'NONE',  ( 0.000000000000000000, 6.750000000000000000, 3.500000000000000000 ) ) ;
#1439 = ORIENTED_EDGE ( 'NONE', *, *, #133, .F. ) ;
#1440 = EDGE_LOOP ( 'NONE', ( #693, #22 ) ) ;
#1441 = VERTEX_POINT ( 'NONE', #437 ) ;
#1442 = ADVANCED_FACE ( 'NONE', ( #553 ), #675, .T. ) ;
#1443 = LINE ( 'NONE', #1076, #1310 ) ;
#1444 = ORIENTED_EDGE ( 'NONE', *, *, #1158, .T. ) ;
#1445 = DIRECTION ( 'NONE',  ( 0.000000000000000000, 0.000000000000000000, -1.000000000000000000 ) ) ;
#1446 = CARTESIAN_POINT ( 'NONE',  ( 0.2500000000000000000, 7.250000000000000888, 0.000000000000000000 ) ) ;
#1447 = DATE_AND_TIME ( #1415, #1085 ) ;
#1448 = ORIENTED_EDGE ( 'NONE', *, *, #1411, .F. ) ;
#1449 = EDGE_LOOP ( 'NONE', ( #876, #1177, #96, #963 ) ) ;
#1450 = CARTESIAN_POINT ( 'NONE',  ( 0.2500000000000000000, 0.9999999999999976685, 3.500000000000000888 ) ) ;
#1451 = EDGE_CURVE ( 'NONE', #375, #1355, #205, .T. ) ;
#1452 = FACE_OUTER_BOUND ( 'NONE', #1251, .T. ) ;
#1453 = AXIS2_PLACEMENT_3D ( 'NONE', #230, #1369, #930 ) ;
#1454 = DIRECTION ( 'NONE',  ( -1.000000000000000000, -0.000000000000000000, -0.000000000000000000 ) ) ;
#1455 = VECTOR ( 'NONE', #1352, 39.37007874015748143 ) ;
#1456 = EDGE_LOOP ( 'NONE', ( #150, #204, #874, #1466, #764, #1391 ) ) ;
#1457 = CIRCLE ( 'NONE', #623, 0.1000000000000000194 ) ;
#1458 = ORIENTED_EDGE ( 'NONE', *, *, #1192, .F. ) ;
#1459 = ORIENTED_EDGE ( 'NONE', *, *, #274, .T. ) ;
#1460 = VECTOR ( 'NONE', #1116, 39.37007874015748143 ) ;
#1461 = CYLINDRICAL_SURFACE ( 'NONE', #549, 0.05000000000000014849 ) ;
#1462 = LINE ( 'NONE', #1200, #769 ) ;
#1463 = DIRECTION ( 'NONE',  ( 1.000000000000000000, -0.000000000000000000, -0.000000000000000000 ) ) ;
#1464 = ORIENTED_EDGE ( 'NONE', *, *, #492, .F. ) ;
#1465 = ORIENTED_EDGE ( 'NONE', *, *, #881, .T. ) ;
#1466 = ORIENTED_EDGE ( 'NONE', *, *, #1144, .T. ) ;
#1467 = DIRECTION ( 'NONE',  ( 0.000000000000000000, 0.7808688094430301652, -0.6246950475544243986 ) ) ;
#1468 = CARTESIAN_POINT ( 'NONE',  ( 0.2500000000000000000, 7.250000000000000888, 0.000000000000000000 ) ) ;
#1469 = CYLINDRICAL_SURFACE ( 'NONE', #1228, 0.05900000000000010791 ) ;
#1470 = ORIENTED_EDGE ( 'NONE', *, *, #320, .T. ) ;
#1471 = EDGE_CURVE ( 'NONE', #129, #409, #421, .T. ) ;
#1472 = VERTEX_POINT ( 'NONE', #1143 ) ;
#1473 = ORIENTED_EDGE ( 'NONE', *, *, #554, .F. ) ;
#1474 = FACE_OUTER_BOUND ( 'NONE', #208, .T. ) ;
#1475 = CYLINDRICAL_SURFACE ( 'NONE', #959, 0.05900000000000006628 ) ;
#1476 = AXIS2_PLACEMENT_3D ( 'NONE', #656, #772, #174 ) ;
#1477 = VECTOR ( 'NONE', #1170, 39.37007874015748143 ) ;
#1478 = ORIENTED_EDGE ( 'NONE', *, *, #240, .T. ) ;
#1479 = VERTEX_POINT ( 'NONE', #890 ) ;
#1480 = VECTOR ( 'NONE', #790, 39.37007874015748143 ) ;
#1481 = ADVANCED_FACE ( 'NONE', ( #1024 ), #1377, .F. ) ;
#1482 = APPROVAL_PERSON_ORGANIZATION ( #1161, #1327, #365 ) ;
#1483 = LINE ( 'NONE', #1129, #332 ) ;
#1484 = DIRECTION ( 'NONE',  ( 1.000000000000000000, -0.000000000000000000, -0.000000000000000000 ) ) ;
#1485 = PLANE ( 'NONE',  #1278 ) ;
#1486 = ORIENTED_EDGE ( 'NONE', *, *, #699, .F. ) ;
#1487 = CARTESIAN_POINT ( 'NONE',  ( 0.000000000000000000, 6.625000000000000888, 0.1840000000000000802 ) ) ;
#1488 = ORIENTED_EDGE ( 'NONE', *, *, #1419, .T. ) ;
#1489 = DIRECTION ( 'NONE',  ( -1.000000000000000000, -0.000000000000000000, -0.000000000000000000 ) ) ;
#1490 = EDGE_CURVE ( 'NONE', #35, #129, #1030, .T. ) ;
#1491 = LINE ( 'NONE', #1263, #985 ) ;
#1492 = CARTESIAN_POINT ( 'NONE',  ( 0.2500000000000000000, 7.250000000000000888, 0.000000000000000000 ) ) ;
#1493 = CARTESIAN_POINT ( 'NONE',  ( 0.000000000000000000, 1.124999999999997558, 3.434000000000000163 ) ) ;
#1494 = ORIENTED_EDGE ( 'NONE', *, *, #1165, .T. ) ;
#1495 = DIRECTION ( 'NONE',  ( 0.000000000000000000, 0.000000000000000000, -1.000000000000000000 ) ) ;
#1496 = CARTESIAN_POINT ( 'NONE',  ( 0.2500000000000000000, 0.9999999999999976685, 3.500000000000000888 ) ) ;
#1497 = EDGE_CURVE ( 'NONE', #1113, #248, #339, .T. ) ;
#1498 = DIRECTION ( 'NONE',  ( 0.000000000000000000, 0.000000000000000000, -1.000000000000000000 ) ) ;
#1499 = DIRECTION ( 'NONE',  ( 0.000000000000000000, 0.000000000000000000, 1.000000000000000000 ) ) ;
#1500 = AXIS2_PLACEMENT_3D ( 'NONE', #59, #1238, #520 ) ;
#1501 = ORIENTED_EDGE ( 'NONE', *, *, #382, .T. ) ;
#1502 = AXIS2_PLACEMENT_3D ( 'NONE', #122, #794, #457 ) ;
#1503 = CARTESIAN_POINT ( 'NONE',  ( 0.2500000000000000000, 1.962469504755441907, 0.6799756038043544004 ) ) ;
#1504 = AXIS2_PLACEMENT_3D ( 'NONE', #401, #1339, #879 ) ;
#1505 = AXIS2_PLACEMENT_3D ( 'NONE', #275, #195, #71 ) ;
#1506 = DIRECTION ( 'NONE',  ( 0.000000000000000000, -0.7808688094430303872, 0.6246950475544241765 ) ) ;
#1507 = AXIS2_PLACEMENT_3D ( 'NONE', #1450, #1198, #405 ) ;
#1508 = LINE ( 'NONE', #456, #1151 ) ;
#1509 = EDGE_CURVE ( 'NONE', #1061, #43, #802, .T. ) ;
#1510 = CARTESIAN_POINT ( 'NONE',  ( 0.000000000000000000, 1.124999999999997558, 3.434000000000000163 ) ) ;
#1511 = VERTEX_POINT ( 'NONE', #1000 ) ;
#1512 = DIRECTION ( 'NONE',  ( 0.000000000000000000, -1.000000000000000000, 0.000000000000000000 ) ) ;
#1513 = EDGE_LOOP ( 'NONE', ( #1169, #269, #636, #612 ) ) ;
#1514 = DIRECTION ( 'NONE',  ( -0.000000000000000000, -1.000000000000000000, -0.000000000000000000 ) ) ;
ENDSEC;
END-ISO-10303-21;
