ISO-10303-21;
HEADER;
FILE_DESCRIPTION (( 'STEP AP203' ),
    '1' );
FILE_NAME ('Fingertech_Mini_Power_Switch_Vf.STEP',
    '2026-03-21T02:15:42',
    ( '' ),
    ( '' ),
    'SwSTEP 2.0',
    'SolidWorks 2025',
    '' );
FILE_SCHEMA (( 'CONFIG_CONTROL_DESIGN' ));
ENDSEC;

DATA;
#1 = ORIENTED_EDGE ( 'NONE', *, *, #206, .F. ) ;
#2 = EDGE_CURVE ( 'NONE', #1654, #128, #363, .T. ) ;
#3 = AXIS2_PLACEMENT_3D ( 'NONE', #1223, #1361, #1727 ) ;
#4 = VECTOR ( 'NONE', #1006, 39.37007874015748143 ) ;
#5 = FACE_OUTER_BOUND ( 'NONE', #1813, .T. ) ;
#6 = EDGE_LOOP ( 'NONE', ( #1388, #770, #344, #119, #284, #1796 ) ) ;
#7 = DIRECTION ( 'NONE',  ( -0.000000000000000000, 1.000000000000000000, 0.000000000000000000 ) ) ;
#8 = SECURITY_CLASSIFICATION_LEVEL ( 'unclassified' ) ;
#9 = EDGE_CURVE ( 'NONE', #1312, #27, #497, .T. ) ;
#10 = DIRECTION ( 'NONE',  ( -0.000000000000000000, -1.000000000000000000, 0.000000000000000000 ) ) ;
#11 = VERTEX_POINT ( 'NONE', #943 ) ;
#12 = DIRECTION ( 'NONE',  ( -0.000000000000000000, 1.000000000000000000, -0.000000000000000000 ) ) ;
#13 = ORIENTED_EDGE ( 'NONE', *, *, #1438, .T. ) ;
#14 = ADVANCED_FACE ( 'NONE', ( #1378, #1071 ), #175, .F. ) ;
#15 = CIRCLE ( 'NONE', #697, 0.01000000000000002970 ) ;
#16 = VECTOR ( 'NONE', #1317, 39.37007874015748143 ) ;
#17 = EDGE_CURVE ( 'NONE', #1031, #1319, #1644, .T. ) ;
#18 = CARTESIAN_POINT ( 'NONE',  ( -0.2500000000000000555, 0.1249999999999999861, -0.4974999999999999423 ) ) ;
#19 = VERTEX_POINT ( 'NONE', #1651 ) ;
#20 = AXIS2_PLACEMENT_3D ( 'NONE', #1697, #230, #239 ) ;
#21 = DIRECTION ( 'NONE',  ( 0.000000000000000000, 0.000000000000000000, 1.000000000000000000 ) ) ;
#22 = DIRECTION ( 'NONE',  ( 1.000000000000000000, 0.000000000000000000, 0.000000000000000000 ) ) ;
#23 = DIRECTION ( 'NONE',  ( -0.000000000000000000, 2.168404275582070744E-16, 1.000000000000000000 ) ) ;
#24 = DIRECTION ( 'NONE',  ( -2.134256245050199292E-16, 0.000000000000000000, -1.000000000000000000 ) ) ;
#25 = ORIENTED_EDGE ( 'NONE', *, *, #639, .F. ) ;
#26 = FACE_OUTER_BOUND ( 'NONE', #739, .T. ) ;
#27 = VERTEX_POINT ( 'NONE', #1247 ) ;
#28 = CARTESIAN_POINT ( 'NONE',  ( -0.2500000000000000555, 0.1249999999999999861, -0.4974999999999999423 ) ) ;
#29 = LINE ( 'NONE', #1092, #754 ) ;
#30 = ORIENTED_EDGE ( 'NONE', *, *, #264, .T. ) ;
#31 = CARTESIAN_POINT ( 'NONE',  ( -0.2500000000000000555, 0.1249999999999999861, -0.4899999999999998801 ) ) ;
#32 = ORIENTED_EDGE ( 'NONE', *, *, #980, .F. ) ;
#33 = CARTESIAN_POINT ( 'NONE',  ( -0.1000000000000000194, 0.000000000000000000, -0.2499999999999999167 ) ) ;
#34 = CARTESIAN_POINT ( 'NONE',  ( -0.2500000000000000555, 0.1249999999999999861, -0.4899999999999998801 ) ) ;
#35 = VERTEX_POINT ( 'NONE', #63 ) ;
#36 = CIRCLE ( 'NONE', #1594, 0.01000000000000000021 ) ;
#37 = CIRCLE ( 'NONE', #1058, 0.04921259842519682542 ) ;
#38 = LINE ( 'NONE', #338, #475 ) ;
#39 = EDGE_CURVE ( 'NONE', #728, #1001, #188, .T. ) ;
#40 = CARTESIAN_POINT ( 'NONE',  ( -0.7399999999999999911, 0.05610236000000000389, -0.1393700800000000350 ) ) ;
#41 = EDGE_CURVE ( 'NONE', #1857, #925, #1566, .T. ) ;
#42 = ORIENTED_EDGE ( 'NONE', *, *, #499, .F. ) ;
#43 = CARTESIAN_POINT ( 'NONE',  ( -0.2500000000000000555, 0.1249999999999999861, -0.4974999999999999423 ) ) ;
#44 = CARTESIAN_POINT ( 'NONE',  ( -0.01000000000000000021, 0.2500000000000000000, 0.000000000000000000 ) ) ;
#45 = ORIENTED_EDGE ( 'NONE', *, *, #353, .T. ) ;
#46 = CIRCLE ( 'NONE', #1123, 0.04921259842519682542 ) ;
#47 = ORIENTED_EDGE ( 'NONE', *, *, #1401, .F. ) ;
#48 = APPROVAL ( #133, 'UNSPECIFIED' ) ;
#49 = LOCAL_TIME ( 19, 15, 42.00000000000000000, #124 ) ;
#50 = CARTESIAN_POINT ( 'NONE',  ( -0.2968750000000000000, 0.1520632938682637825, -0.4999999999999998335 ) ) ;
#51 = EDGE_CURVE ( 'NONE', #1721, #580, #1113, .T. ) ;
#52 = CARTESIAN_POINT ( 'NONE',  ( -0.7500000000000001110, 0.06610236000000001277, -0.3606299199999998262 ) ) ;
#53 = ORIENTED_EDGE ( 'NONE', *, *, #129, .F. ) ;
#54 = DIRECTION ( 'NONE',  ( -0.000000000000000000, 1.000000000000000000, -0.000000000000000000 ) ) ;
#55 = DIRECTION ( 'NONE',  ( -0.000000000000000000, -0.000000000000000000, -1.000000000000000000 ) ) ;
#56 = VERTEX_POINT ( 'NONE', #196 ) ;
#57 = ORIENTED_EDGE ( 'NONE', *, *, #1398, .T. ) ;
#58 = EDGE_LOOP ( 'NONE', ( #1406, #1494, #1551 ) ) ;
#59 = FACE_OUTER_BOUND ( 'NONE', #92, .T. ) ;
#60 = CARTESIAN_POINT ( 'NONE',  ( -0.01000000000000000194, 0.2500000000000000000, -0.4999999999999999445 ) ) ;
#61 = ORIENTED_EDGE ( 'NONE', *, *, #1261, .F. ) ;
#62 = DIRECTION ( 'NONE',  ( -1.000000000000000000, 0.000000000000000000, 0.000000000000000000 ) ) ;
#63 = CARTESIAN_POINT ( 'NONE',  ( -0.01000000000000000194, 0.2399999999999999911, -0.4999999999999999445 ) ) ;
#64 = ORIENTED_EDGE ( 'NONE', *, *, #9, .T. ) ;
#65 = EDGE_CURVE ( 'NONE', #153, #891, #1827, .T. ) ;
#66 = PLANE ( 'NONE',  #1156 ) ;
#67 = CC_DESIGN_APPROVAL ( #1131, ( #411 ) ) ;
#68 = CARTESIAN_POINT ( 'NONE',  ( -0.2500000000000000555, 0.1249999999999999861, -0.4974999999999999423 ) ) ;
#69 = AXIS2_PLACEMENT_3D ( 'NONE', #1083, #1658, #1648 ) ;
#70 = CARTESIAN_POINT ( 'NONE',  ( -0.5000000000000001110, 0.1938976399999999822, -0.3606299199999998262 ) ) ;
#71 = DIRECTION ( 'NONE',  ( -0.000000000000000000, 1.000000000000000000, -0.000000000000000000 ) ) ;
#72 = LINE ( 'NONE', #1199, #542 ) ;
#73 = ADVANCED_FACE ( 'NONE', ( #1237 ), #629, .T. ) ;
#74 = ADVANCED_FACE ( 'NONE', ( #369 ), #487, .T. ) ;
#75 = ORIENTED_EDGE ( 'NONE', *, *, #786, .T. ) ;
#76 = DIRECTION ( 'NONE',  ( 0.000000000000000000, 0.000000000000000000, -1.000000000000000000 ) ) ;
#77 = VECTOR ( 'NONE', #1102, 39.37007874015748143 ) ;
#78 = DIRECTION ( 'NONE',  ( 1.000000000000000000, -0.000000000000000000, 0.000000000000000000 ) ) ;
#79 = FACE_OUTER_BOUND ( 'NONE', #988, .T. ) ;
#80 = VECTOR ( 'NONE', #955, 39.37007874015748143 ) ;
#81 = PRODUCT_DEFINITION_SHAPE ( 'NONE', 'NONE',  #713 ) ;
#82 = CARTESIAN_POINT ( 'NONE',  ( -0.01000000000000000021, 0.2399999999999999911, -0.4899999999999998801 ) ) ;
#83 = CARTESIAN_POINT ( 'NONE',  ( -0.4900000000000000466, 0.009999999999999995004, -0.4899999999999998246 ) ) ;
#84 = EDGE_LOOP ( 'NONE', ( #157, #1772, #1646, #266 ) ) ;
#85 = DIRECTION ( 'NONE',  ( -0.000000000000000000, 0.000000000000000000, 1.000000000000000000 ) ) ;
#86 = PLANE ( 'NONE',  #1325 ) ;
#87 = DIRECTION ( 'NONE',  ( -0.000000000000000000, -1.000000000000000000, -0.000000000000000000 ) ) ;
#88 = CARTESIAN_POINT ( 'NONE',  ( -6.693027584477442667E-17, 0.2399999999999999911, -0.4899999999999998801 ) ) ;
#89 = DIRECTION ( 'NONE',  ( -1.365923996832131609E-16, -0.000000000000000000, -1.000000000000000000 ) ) ;
#90 = ORIENTED_EDGE ( 'NONE', *, *, #1110, .F. ) ;
#91 = DIRECTION ( 'NONE',  ( 0.000000000000000000, 0.000000000000000000, -1.000000000000000000 ) ) ;
#92 = EDGE_LOOP ( 'NONE', ( #1114, #1106, #699, #45 ) ) ;
#93 = EDGE_CURVE ( 'NONE', #696, #1800, #640, .T. ) ;
#94 = DIRECTION ( 'NONE',  ( -0.000000000000000000, -0.000000000000000000, 1.000000000000000000 ) ) ;
#95 = DIRECTION ( 'NONE',  ( -0.000000000000000000, 0.000000000000000000, -1.000000000000000000 ) ) ;
#96 = AXIS2_PLACEMENT_3D ( 'NONE', #82, #674, #529 ) ;
#97 = ADVANCED_FACE ( 'NONE', ( #214 ), #957, .F. ) ;
#98 = AXIS2_PLACEMENT_3D ( 'NONE', #1055, #181, #948 ) ;
#99 = FACE_OUTER_BOUND ( 'NONE', #209, .T. ) ;
#100 = LINE ( 'NONE', #1434, #1669 ) ;
#101 = ORIENTED_EDGE ( 'NONE', *, *, #671, .F. ) ;
#102 = PLANE ( 'NONE',  #135 ) ;
#103 = ORIENTED_EDGE ( 'NONE', *, *, #1749, .T. ) ;
#104 = CARTESIAN_POINT ( 'NONE',  ( 0.000000000000000000, 0.2500000000000000000, -0.01000000000000000021 ) ) ;
#105 =( CONVERSION_BASED_UNIT ( 'INCH', #673 ) LENGTH_UNIT ( ) NAMED_UNIT ( #506 ) );
#106 = ADVANCED_FACE ( 'NONE', ( #99 ), #557, .T. ) ;
#107 = AXIS2_PLACEMENT_3D ( 'NONE', #1302, #1414, #1282 ) ;
#108 = EDGE_CURVE ( 'NONE', #1571, #1321, #410, .T. ) ;
#109 = DIRECTION ( 'NONE',  ( 1.000000000000000000, 0.000000000000000000, -1.365923996832131609E-16 ) ) ;
#110 = LOCAL_TIME ( 19, 15, 42.00000000000000000, #1898 ) ;
#111 = CARTESIAN_POINT ( 'NONE',  ( 4.326489175453177482E-33, 0.2500000000000000000, -0.4999999999999999445 ) ) ;
#112 = ORIENTED_EDGE ( 'NONE', *, *, #416, .F. ) ;
#113 = DIRECTION ( 'NONE',  ( -1.000000000000000000, 0.000000000000000000, 0.000000000000000000 ) ) ;
#114 = ORIENTED_EDGE ( 'NONE', *, *, #776, .F. ) ;
#115 = DIRECTION ( 'NONE',  ( -0.8660254037844385966, 0.5000000000000001110, 0.000000000000000000 ) ) ;
#116 = DIRECTION ( 'NONE',  ( -0.4999999999999998335, 0.8660254037844388186, 6.829619984160655581E-17 ) ) ;
#117 = CYLINDRICAL_SURFACE ( 'NONE', #1508, 0.02500000000000000486 ) ;
#118 = DIRECTION ( 'NONE',  ( -1.000000000000000000, 0.000000000000000000, 0.000000000000000000 ) ) ;
#119 = ORIENTED_EDGE ( 'NONE', *, *, #972, .T. ) ;
#120 = EDGE_CURVE ( 'NONE', #620, #1755, #1111, .T. ) ;
#121 = DIRECTION ( 'NONE',  ( -1.000000000000000000, 0.000000000000000000, 0.000000000000000000 ) ) ;
#122 = ORIENTED_EDGE ( 'NONE', *, *, #560, .T. ) ;
#123 = DIRECTION ( 'NONE',  ( -0.000000000000000000, -0.000000000000000000, 1.000000000000000000 ) ) ;
#124 = COORDINATED_UNIVERSAL_TIME_OFFSET ( 8, 0, .BEHIND. ) ;
#125 = CARTESIAN_POINT ( 'NONE',  ( -0.01000000000000000021, 0.01000000000000000021, -0.01000000000000000021 ) ) ;
#126 = DIRECTION ( 'NONE',  ( 0.000000000000000000, 0.000000000000000000, 1.000000000000000000 ) ) ;
#127 = VECTOR ( 'NONE', #55, 39.37007874015748143 ) ;
#128 = VERTEX_POINT ( 'NONE', #1556 ) ;
#129 = EDGE_CURVE ( 'NONE', #1836, #1031, #692, .T. ) ;
#130 = CARTESIAN_POINT ( 'NONE',  ( -0.01000000000000000021, 0.2399999999999999911, -0.4899999999999998801 ) ) ;
#131 = ORIENTED_EDGE ( 'NONE', *, *, #972, .F. ) ;
#132 = CYLINDRICAL_SURFACE ( 'NONE', #1143, 0.01000000000000002970 ) ;
#133 = APPROVAL_STATUS ( 'not_yet_approved' ) ;
#134 = EDGE_CURVE ( 'NONE', #925, #1857, #1203, .T. ) ;
#135 = AXIS2_PLACEMENT_3D ( 'NONE', #1693, #1846, #698 ) ;
#136 = DIRECTION ( 'NONE',  ( 0.000000000000000000, 0.000000000000000000, 1.000000000000000000 ) ) ;
#137 = DIRECTION ( 'NONE',  ( 0.000000000000000000, 0.000000000000000000, 1.000000000000000000 ) ) ;
#138 = VECTOR ( 'NONE', #12, 39.37007874015748143 ) ;
#139 = AXIS2_PLACEMENT_3D ( 'NONE', #427, #1273, #381 ) ;
#140 = ORIENTED_EDGE ( 'NONE', *, *, #448, .F. ) ;
#141 = VERTEX_POINT ( 'NONE', #1262 ) ;
#142 = DIRECTION ( 'NONE',  ( 0.000000000000000000, 0.000000000000000000, 1.000000000000000000 ) ) ;
#143 = EDGE_LOOP ( 'NONE', ( #1029, #438, #1795, #907 ) ) ;
#144 = DIRECTION ( 'NONE',  ( -0.000000000000000000, -0.000000000000000000, 1.000000000000000000 ) ) ;
#145 = DIRECTION ( 'NONE',  ( 0.000000000000000000, 0.000000000000000000, 1.000000000000000000 ) ) ;
#146 = CARTESIAN_POINT ( 'NONE',  ( -0.4900000000000000466, 0.2399999999999999911, -0.01000000000000000021 ) ) ;
#147 = EDGE_CURVE ( 'NONE', #1829, #1154, #837, .T. ) ;
#148 = DIRECTION ( 'NONE',  ( 4.268512490100411402E-16, 1.000000000000000000, 0.000000000000000000 ) ) ;
#149 = ORIENTED_EDGE ( 'NONE', *, *, #1888, .F. ) ;
#150 = ORIENTED_EDGE ( 'NONE', *, *, #499, .T. ) ;
#151 = ADVANCED_FACE ( 'NONE', ( #995 ), #1120, .F. ) ;
#152 = FACE_OUTER_BOUND ( 'NONE', #318, .T. ) ;
#153 = VERTEX_POINT ( 'NONE', #549 ) ;
#154 = DIRECTION ( 'NONE',  ( -1.365923996832131609E-16, 0.000000000000000000, -1.000000000000000000 ) ) ;
#155 = CARTESIAN_POINT ( 'NONE',  ( -0.7500000000000001110, 0.06610236000000009604, -1.433366400500654435E-17 ) ) ;
#156 = CARTESIAN_POINT ( 'NONE',  ( -0.3318750000000001421, 0.1249999999999999861, -0.4974999999999999423 ) ) ;
#157 = ORIENTED_EDGE ( 'NONE', *, *, #1315, .F. ) ;
#158 = AXIS2_PLACEMENT_3D ( 'NONE', #521, #781, #932 ) ;
#159 = AXIS2_PLACEMENT_3D ( 'NONE', #984, #1824, #816 ) ;
#160 = CARTESIAN_POINT ( 'NONE',  ( -0.6811023600000000178, 0.1250000000000000000, -0.3999999999999998557 ) ) ;
#161 = ORIENTED_EDGE ( 'NONE', *, *, #1550, .T. ) ;
#162 = DIRECTION ( 'NONE',  ( -2.134256245050199292E-16, 0.000000000000000000, -1.000000000000000000 ) ) ;
#163 = LINE ( 'NONE', #454, #282 ) ;
#164 = CARTESIAN_POINT ( 'NONE',  ( -0.5000000000000001110, 0.1938976399999999822, -0.1393700800000000350 ) ) ;
#165 = VERTEX_POINT ( 'NONE', #1132 ) ;
#166 = AXIS2_PLACEMENT_3D ( 'NONE', #1886, #740, #1456 ) ;
#167 = VERTEX_POINT ( 'NONE', #1575 ) ;
#168 = CARTESIAN_POINT ( 'NONE',  ( -0.5000000000000001110, 0.05610236000000003165, -0.3999999999999998557 ) ) ;
#169 = EDGE_LOOP ( 'NONE', ( #554, #1694, #1303 ) ) ;
#170 = TOROIDAL_SURFACE ( 'NONE', #1611, 0.08437500000000007494, 0.002500000000000000052 ) ;
#171 = DIRECTION ( 'NONE',  ( 1.000000000000000000, 0.000000000000000000, 8.652978350906356332E-33 ) ) ;
#172 = DIRECTION ( 'NONE',  ( 0.000000000000000000, 0.000000000000000000, -1.000000000000000000 ) ) ;
#173 = DIRECTION ( 'NONE',  ( 1.000000000000000000, 0.000000000000000000, 0.000000000000000000 ) ) ;
#174 = VERTEX_POINT ( 'NONE', #1709 ) ;
#175 = PLANE ( 'NONE',  #314 ) ;
#176 = EDGE_CURVE ( 'NONE', #1319, #167, #261, .T. ) ;
#177 = CARTESIAN_POINT ( 'NONE',  ( -0.7500000000000001110, 0.05610236000000000389, -0.1000000000000000056 ) ) ;
#178 = EDGE_LOOP ( 'NONE', ( #1809, #1753 ) ) ;
#179 = EDGE_CURVE ( 'NONE', #128, #1666, #1020, .T. ) ;
#180 = LINE ( 'NONE', #777, #1054 ) ;
#181 = DIRECTION ( 'NONE',  ( 0.000000000000000000, 1.000000000000000000, 0.000000000000000000 ) ) ;
#182 = ORIENTED_EDGE ( 'NONE', *, *, #679, .T. ) ;
#183 = FACE_BOUND ( 'NONE', #929, .T. ) ;
#184 = DIRECTION ( 'NONE',  ( -1.000000000000000000, 0.000000000000000000, 0.000000000000000000 ) ) ;
#185 = AXIS2_PLACEMENT_3D ( 'NONE', #1756, #432, #1612 ) ;
#186 = DIRECTION ( 'NONE',  ( -0.000000000000000000, 1.000000000000000000, -0.000000000000000000 ) ) ;
#187 = EDGE_LOOP ( 'NONE', ( #1805, #198, #1711 ) ) ;
#188 = CIRCLE ( 'NONE', #375, 0.04921259842519679073 ) ;
#189 = EDGE_CURVE ( 'NONE', #1692, #1571, #1152, .T. ) ;
#190 = EDGE_LOOP ( 'NONE', ( #53, #1744, #952, #1364 ) ) ;
#191 = AXIS2_PLACEMENT_3D ( 'NONE', #833, #1573, #1138 ) ;
#192 = DIRECTION ( 'NONE',  ( -0.000000000000000000, 1.000000000000000000, -0.000000000000000000 ) ) ;
#193 = FACE_OUTER_BOUND ( 'NONE', #1142, .T. ) ;
#194 = VERTEX_POINT ( 'NONE', #966 ) ;
#195 = DIRECTION ( 'NONE',  ( -1.000000000000000000, 0.000000000000000000, 0.000000000000000000 ) ) ;
#196 = CARTESIAN_POINT ( 'NONE',  ( -0.7500000000000001110, 0.1838976399999999456, -0.3999999999999998557 ) ) ;
#197 = CIRCLE ( 'NONE', #666, 0.06937500000000003386 ) ;
#198 = ORIENTED_EDGE ( 'NONE', *, *, #1318, .T. ) ;
#199 = ADVANCED_FACE ( 'NONE', ( #1537 ), #117, .F. ) ;
#200 = CIRCLE ( 'NONE', #1548, 0.01000000000000002970 ) ;
#201 = CIRCLE ( 'NONE', #1187, 0.02500000000000000486 ) ;
#202 = DIRECTION ( 'NONE',  ( -0.000000000000000000, -0.000000000000000000, 1.000000000000000000 ) ) ;
#203 = DIRECTION ( 'NONE',  ( 0.000000000000000000, 0.000000000000000000, -1.000000000000000000 ) ) ;
#204 = VERTEX_POINT ( 'NONE', #223 ) ;
#205 = DIRECTION ( 'NONE',  ( 0.000000000000000000, -0.000000000000000000, -1.000000000000000000 ) ) ;
#206 = EDGE_CURVE ( 'NONE', #618, #1445, #1834, .T. ) ;
#207 = ORIENTED_EDGE ( 'NONE', *, *, #51, .F. ) ;
#208 = ORIENTED_EDGE ( 'NONE', *, *, #613, .T. ) ;
#209 = EDGE_LOOP ( 'NONE', ( #598, #1135, #880, #1643 ) ) ;
#210 = DIRECTION ( 'NONE',  ( -1.365923996832131609E-16, 0.000000000000000000, -1.000000000000000000 ) ) ;
#211 = DIRECTION ( 'NONE',  ( 0.000000000000000000, 1.000000000000000000, 0.000000000000000000 ) ) ;
#212 = DIRECTION ( 'NONE',  ( 1.000000000000000000, -0.000000000000000000, -1.365923996832131609E-16 ) ) ;
#213 = ADVANCED_FACE ( 'NONE', ( #231 ), #850, .T. ) ;
#214 = FACE_OUTER_BOUND ( 'NONE', #1389, .T. ) ;
#215 = EDGE_CURVE ( 'NONE', #507, #451, #1752, .T. ) ;
#216 = VERTEX_POINT ( 'NONE', #682 ) ;
#217 = VECTOR ( 'NONE', #123, 39.37007874015748143 ) ;
#218 = CARTESIAN_POINT ( 'NONE',  ( -0.7500000000000001110, 0.1838976400000000011, 0.000000000000000000 ) ) ;
#219 = VECTOR ( 'NONE', #1529, 39.37007874015748143 ) ;
#220 = FACE_OUTER_BOUND ( 'NONE', #612, .T. ) ;
#221 = CIRCLE ( 'NONE', #98, 0.01000000000000002970 ) ;
#222 = CARTESIAN_POINT ( 'NONE',  ( -0.1000000000000000194, 0.2500000000000000000, -0.2499999999999999167 ) ) ;
#223 = CARTESIAN_POINT ( 'NONE',  ( 8.652978350906355861E-35, 0.009999999999999995004, -0.01000000000000000021 ) ) ;
#224 = DIRECTION ( 'NONE',  ( 0.000000000000000000, 0.000000000000000000, -1.000000000000000000 ) ) ;
#225 = ORIENTED_EDGE ( 'NONE', *, *, #1812, .T. ) ;
#226 = FACE_OUTER_BOUND ( 'NONE', #1703, .T. ) ;
#227 = AXIS2_PLACEMENT_3D ( 'NONE', #306, #1503, #1073 ) ;
#228 = AXIS2_PLACEMENT_3D ( 'NONE', #160, #1617, #757 ) ;
#229 = CARTESIAN_POINT ( 'NONE',  ( -0.2500000000000000555, 0.1249999999999999861, -0.4899999999999998801 ) ) ;
#230 = DIRECTION ( 'NONE',  ( -0.000000000000000000, 1.000000000000000000, -0.000000000000000000 ) ) ;
#231 = FACE_OUTER_BOUND ( 'NONE', #748, .T. ) ;
#232 = CARTESIAN_POINT ( 'NONE',  ( -0.5000000000000001110, 0.05610235999999997614, -0.1000000000000000056 ) ) ;
#233 = EDGE_LOOP ( 'NONE', ( #794, #1440, #676, #150 ) ) ;
#234 = ADVANCED_FACE ( 'NONE', ( #827, #704 ), #1281, .F. ) ;
#235 = CARTESIAN_POINT ( 'NONE',  ( -0.2968750000000000000, 0.09793670613173631467, -0.4499999999999997891 ) ) ;
#236 = ORIENTED_EDGE ( 'NONE', *, *, #1600, .F. ) ;
#237 = EDGE_CURVE ( 'NONE', #1445, #627, #302, .T. ) ;
#238 = DIRECTION ( 'NONE',  ( -1.000000000000000000, -8.537024980200797166E-16, 0.000000000000000000 ) ) ;
#239 = DIRECTION ( 'NONE',  ( 0.000000000000000000, 0.000000000000000000, 1.000000000000000000 ) ) ;
#240 = CARTESIAN_POINT ( 'NONE',  ( -0.7500000000000001110, 0.1938976399999999822, -0.3999999999999998557 ) ) ;
#241 = DIRECTION ( 'NONE',  ( 0.8660254037844384856, 0.5000000000000003331, 0.000000000000000000 ) ) ;
#242 = CC_DESIGN_DATE_AND_TIME_ASSIGNMENT ( #1613, #1335, ( #713 ) ) ;
#243 = ORIENTED_EDGE ( 'NONE', *, *, #1339, .F. ) ;
#244 = DIRECTION ( 'NONE',  ( 0.000000000000000000, 1.000000000000000000, 0.000000000000000000 ) ) ;
#245 = VERTEX_POINT ( 'NONE', #1188 ) ;
#246 = EDGE_CURVE ( 'NONE', #19, #1541, #1657, .T. ) ;
#247 = EDGE_CURVE ( 'NONE', #56, #333, #1621, .T. ) ;
#248 = CIRCLE ( 'NONE', #1354, 0.01000000000000002970 ) ;
#249 = CYLINDRICAL_SURFACE ( 'NONE', #316, 0.01000000000000002970 ) ;
#250 = VECTOR ( 'NONE', #652, 39.37007874015748143 ) ;
#251 = DIRECTION ( 'NONE',  ( 0.000000000000000000, 0.000000000000000000, 1.000000000000000000 ) ) ;
#252 = CYLINDRICAL_SURFACE ( 'NONE', #107, 0.02500000000000000486 ) ;
#253 = VERTEX_POINT ( 'NONE', #577 ) ;
#254 = ORIENTED_EDGE ( 'NONE', *, *, #382, .T. ) ;
#255 = DIRECTION ( 'NONE',  ( -1.000000000000000000, -0.000000000000000000, -0.000000000000000000 ) ) ;
#256 = ORIENTED_EDGE ( 'NONE', *, *, #395, .F. ) ;
#257 = AXIS2_PLACEMENT_3D ( 'NONE', #1680, #959, #224 ) ;
#258 = CYLINDRICAL_SURFACE ( 'NONE', #991, 0.07187500000000000833 ) ;
#259 = CARTESIAN_POINT ( 'NONE',  ( -0.6811023600000000178, 0.1250000000000000000, -0.1000000000000000056 ) ) ;
#260 = AXIS2_PLACEMENT_3D ( 'NONE', #586, #465, #1171 ) ;
#261 = LINE ( 'NONE', #1869, #1536 ) ;
#262 =( GEOMETRIC_REPRESENTATION_CONTEXT ( 3 ) GLOBAL_UNCERTAINTY_ASSIGNED_CONTEXT ( ( #1420 ) ) GLOBAL_UNIT_ASSIGNED_CONTEXT ( ( #105, #681, #750 ) ) REPRESENTATION_CONTEXT ( 'NONE', 'WORKASPACE' ) );
#263 = FACE_OUTER_BOUND ( 'NONE', #1457, .T. ) ;
#264 = EDGE_CURVE ( 'NONE', #620, #1567, #1482, .T. ) ;
#265 = ADVANCED_BREP_SHAPE_REPRESENTATION ( 'Fingertech_Mini_Power_Switch_Vf', ( #1712, #328 ), #262 ) ;
#266 = ORIENTED_EDGE ( 'NONE', *, *, #189, .F. ) ;
#267 = DIRECTION ( 'NONE',  ( -0.000000000000000000, 1.000000000000000000, 0.000000000000000000 ) ) ;
#268 = ORIENTED_EDGE ( 'NONE', *, *, #531, .F. ) ;
#269 = CARTESIAN_POINT ( 'NONE',  ( -0.01000000000000000021, 0.01000000000000000021, -0.4899999999999998801 ) ) ;
#270 = PERSON_AND_ORGANIZATION ( #1678, #1639 ) ;
#271 = CARTESIAN_POINT ( 'NONE',  ( -0.7500000000000001110, 0.1938976399999999822, -0.1393700800000000350 ) ) ;
#272 = CARTESIAN_POINT ( 'NONE',  ( -0.2031249999999999722, 0.09793670613173627304, -0.4499999999999998446 ) ) ;
#273 = ADVANCED_FACE ( 'NONE', ( #1162 ), #1326, .T. ) ;
#274 = ORIENTED_EDGE ( 'NONE', *, *, #1855, .T. ) ;
#275 = DIRECTION ( 'NONE',  ( -0.000000000000000000, -0.000000000000000000, 1.000000000000000000 ) ) ;
#276 = ORIENTED_EDGE ( 'NONE', *, *, #1704, .F. ) ;
#277 = DIRECTION ( 'NONE',  ( -1.000000000000000000, 0.000000000000000000, 0.000000000000000000 ) ) ;
#278 = APPROVAL_ROLE ( '' ) ;
#279 = AXIS2_PLACEMENT_3D ( 'NONE', #1769, #7, #892 ) ;
#280 = DIRECTION ( 'NONE',  ( 1.000000000000000000, 0.000000000000000000, 0.000000000000000000 ) ) ;
#281 = LINE ( 'NONE', #1340, #138 ) ;
#282 = VECTOR ( 'NONE', #311, 39.37007874015748143 ) ;
#283 = ORIENTED_EDGE ( 'NONE', *, *, #1704, .T. ) ;
#284 = ORIENTED_EDGE ( 'NONE', *, *, #894, .F. ) ;
#285 = DIRECTION ( 'NONE',  ( 1.365923996832131609E-16, -0.000000000000000000, 1.000000000000000000 ) ) ;
#286 = EDGE_LOOP ( 'NONE', ( #877, #1397, #1362, #1066 ) ) ;
#287 = EDGE_CURVE ( 'NONE', #1514, #1445, #1771, .T. ) ;
#288 = DIRECTION ( 'NONE',  ( 0.000000000000000000, 0.000000000000000000, -1.000000000000000000 ) ) ;
#289 = DATE_TIME_ROLE ( 'classification_date' ) ;
#290 = AXIS2_PLACEMENT_3D ( 'NONE', #1285, #727, #1865 ) ;
#291 = LINE ( 'NONE', #903, #377 ) ;
#292 = CARTESIAN_POINT ( 'NONE',  ( -0.1806250000000000078, 0.1249999999999999861, -0.4999999999999998335 ) ) ;
#293 = VECTOR ( 'NONE', #569, 39.37007874015748854 ) ;
#294 = VERTEX_POINT ( 'NONE', #443 ) ;
#295 = CIRCLE ( 'NONE', #1458, 0.01000000000000002970 ) ;
#296 = CARTESIAN_POINT ( 'NONE',  ( -0.1781250000000000056, 0.1250000000000000000, -0.4899999999999998801 ) ) ;
#297 = ORIENTED_EDGE ( 'NONE', *, *, #1568, .T. ) ;
#298 = EDGE_CURVE ( 'NONE', #1649, #1453, #163, .T. ) ;
#299 = EDGE_CURVE ( 'NONE', #1291, #1857, #291, .T. ) ;
#300 = FACE_BOUND ( 'NONE', #1341, .T. ) ;
#301 = ADVANCED_FACE ( 'NONE', ( #1738 ), #1178, .T. ) ;
#302 = LINE ( 'NONE', #1758, #593 ) ;
#303 = DIRECTION ( 'NONE',  ( -1.365923996832131609E-16, -0.000000000000000000, -1.000000000000000000 ) ) ;
#304 = EDGE_LOOP ( 'NONE', ( #307, #1147, #935, #1605 ) ) ;
#305 = ORIENTED_EDGE ( 'NONE', *, *, #1026, .F. ) ;
#306 = CARTESIAN_POINT ( 'NONE',  ( -0.7500000000000001110, 0.1938976399999999822, -0.1393700800000000350 ) ) ;
#307 = ORIENTED_EDGE ( 'NONE', *, *, #706, .F. ) ;
#308 = EDGE_CURVE ( 'NONE', #1180, #253, #1874, .T. ) ;
#309 = LINE ( 'NONE', #863, #1481 ) ;
#310 = APPROVAL_DATE_TIME ( #732, #1131 ) ;
#311 = DIRECTION ( 'NONE',  ( -1.365923996832131609E-16, -0.000000000000000000, -1.000000000000000000 ) ) ;
#312 = DIRECTION ( 'NONE',  ( 0.000000000000000000, -1.000000000000000000, -0.000000000000000000 ) ) ;
#313 = ORIENTED_EDGE ( 'NONE', *, *, #348, .F. ) ;
#314 = AXIS2_PLACEMENT_3D ( 'NONE', #1512, #663, #773 ) ;
#315 = ORIENTED_EDGE ( 'NONE', *, *, #1737, .F. ) ;
#316 = AXIS2_PLACEMENT_3D ( 'NONE', #422, #288, #1619 ) ;
#317 = DIRECTION ( 'NONE',  ( 1.000000000000000000, 0.000000000000000000, 0.000000000000000000 ) ) ;
#318 = EDGE_LOOP ( 'NONE', ( #653, #1084, #1776, #114 ) ) ;
#319 = CARTESIAN_POINT ( 'NONE',  ( -0.01000000000000000021, 0.000000000000000000, -0.01000000000000000021 ) ) ;
#320 = DIRECTION ( 'NONE',  ( -0.000000000000000000, -0.000000000000000000, -1.000000000000000000 ) ) ;
#321 = CARTESIAN_POINT ( 'NONE',  ( -0.01000000000000000021, 0.2399999999999999911, -0.4899999999999998801 ) ) ;
#322 = ORIENTED_EDGE ( 'NONE', *, *, #1015, .F. ) ;
#323 = VECTOR ( 'NONE', #255, 39.37007874015748143 ) ;
#324 = EDGE_CURVE ( 'NONE', #333, #396, #1316, .T. ) ;
#325 = CIRCLE ( 'NONE', #944, 0.04921259842519682542 ) ;
#326 = DIRECTION ( 'NONE',  ( 0.000000000000000000, 0.000000000000000000, -1.000000000000000000 ) ) ;
#327 = ORIENTED_EDGE ( 'NONE', *, *, #1398, .F. ) ;
#328 = AXIS2_PLACEMENT_3D ( 'NONE', #1471, #145, #22 ) ;
#329 = DIRECTION ( 'NONE',  ( 1.365923996832131609E-16, -0.000000000000000000, 1.000000000000000000 ) ) ;
#330 = DIRECTION ( 'NONE',  ( -1.365923996832131609E-16, -0.000000000000000000, -1.000000000000000000 ) ) ;
#331 = ORIENTED_EDGE ( 'NONE', *, *, #1026, .T. ) ;
#332 = CARTESIAN_POINT ( 'NONE',  ( -0.5000000000000001110, 0.2399999999999999911, -0.4999999999999998335 ) ) ;
#333 = VERTEX_POINT ( 'NONE', #616 ) ;
#334 = ADVANCED_FACE ( 'NONE', ( #1899 ), #1614, .T. ) ;
#335 = DIRECTION ( 'NONE',  ( -1.365923996832131609E-16, 0.000000000000000000, -1.000000000000000000 ) ) ;
#336 = ORIENTED_EDGE ( 'NONE', *, *, #1435, .F. ) ;
#337 = ADVANCED_FACE ( 'NONE', ( #1196 ), #723, .T. ) ;
#338 = CARTESIAN_POINT ( 'NONE',  ( -0.7500000000000001110, 0.1938976399999999822, -0.3606299199999998262 ) ) ;
#339 = CARTESIAN_POINT ( 'NONE',  ( 0.000000000000000000, 0.009999999999999995004, 0.000000000000000000 ) ) ;
#340 = ORIENTED_EDGE ( 'NONE', *, *, #926, .F. ) ;
#341 = CARTESIAN_POINT ( 'NONE',  ( 8.652978350906355861E-35, 0.2399999999999999911, -0.01000000000000000021 ) ) ;
#342 = DIRECTION ( 'NONE',  ( 1.000000000000000000, 0.000000000000000000, 0.000000000000000000 ) ) ;
#343 = CIRCLE ( 'NONE', #185, 0.01000000000000000021 ) ;
#344 = ORIENTED_EDGE ( 'NONE', *, *, #538, .T. ) ;
#345 = VECTOR ( 'NONE', #251, 39.37007874015748143 ) ;
#346 = VECTOR ( 'NONE', #1527, 39.37007874015748143 ) ;
#347 = CYLINDRICAL_SURFACE ( 'NONE', #810, 0.01000000000000000021 ) ;
#348 = EDGE_CURVE ( 'NONE', #764, #204, #1206, .T. ) ;
#349 = CARTESIAN_POINT ( 'NONE',  ( -0.2031249999999999722, 0.09793670613173627304, -0.4499999999999998446 ) ) ;
#350 = VERTEX_POINT ( 'NONE', #1890 ) ;
#351 = LINE ( 'NONE', #1085, #77 ) ;
#352 = CARTESIAN_POINT ( 'NONE',  ( -0.5000000000000001110, 0.05610236000000000389, -0.3999999999999998557 ) ) ;
#353 = EDGE_CURVE ( 'NONE', #194, #294, #37, .T. ) ;
#354 = AXIS2_PLACEMENT_3D ( 'NONE', #1875, #1723, #450 ) ;
#355 = ORIENTED_EDGE ( 'NONE', *, *, #361, .F. ) ;
#356 = AXIS2_PLACEMENT_3D ( 'NONE', #905, #1483, #762 ) ;
#357 = AXIS2_PLACEMENT_3D ( 'NONE', #1348, #1810, #1818 ) ;
#358 = LINE ( 'NONE', #480, #626 ) ;
#359 = ADVANCED_FACE ( 'NONE', ( #1025 ), #1087, .T. ) ;
#360 = LINE ( 'NONE', #1632, #1722 ) ;
#361 = EDGE_CURVE ( 'NONE', #1514, #1180, #1499, .T. ) ;
#362 = CYLINDRICAL_SURFACE ( 'NONE', #1250, 0.02500000000000000486 ) ;
#363 = LINE ( 'NONE', #44, #1478 ) ;
#364 = EDGE_LOOP ( 'NONE', ( #414, #1531, #1814, #1789 ) ) ;
#365 = CC_DESIGN_PERSON_AND_ORGANIZATION_ASSIGNMENT ( #270, #1022, ( #458 ) ) ;
#366 = CARTESIAN_POINT ( 'NONE',  ( -0.7500000000000001110, 0.1938976399999999822, -0.1000000000000000056 ) ) ;
#367 = DIRECTION ( 'NONE',  ( 0.000000000000000000, -1.000000000000000000, 0.000000000000000000 ) ) ;
#368 = FACE_OUTER_BOUND ( 'NONE', #888, .T. ) ;
#369 = FACE_OUTER_BOUND ( 'NONE', #1845, .T. ) ;
#370 = DIRECTION ( 'NONE',  ( -8.652978350906356332E-33, 0.000000000000000000, 1.000000000000000000 ) ) ;
#371 = PRODUCT ( 'Fingertech_Mini_Power_Switch_Vf', 'Fingertech_Mini_Power_Switch_Vf', '', ( #1620 ) ) ;
#372 = EDGE_LOOP ( 'NONE', ( #1873, #256, #1500, #1059 ) ) ;
#373 = AXIS2_PLACEMENT_3D ( 'NONE', #269, #1161, #162 ) ;
#374 = EDGE_LOOP ( 'NONE', ( #1513, #788, #861, #979, #843, #1876 ) ) ;
#375 = AXIS2_PLACEMENT_3D ( 'NONE', #33, #648, #1350 ) ;
#376 = CYLINDRICAL_SURFACE ( 'NONE', #1094, 0.01000000000000002970 ) ;
#377 = VECTOR ( 'NONE', #744, 39.37007874015748143 ) ;
#378 = CARTESIAN_POINT ( 'NONE',  ( -0.5000000000000001110, 0.05610236000000001083, -0.1393700800000000350 ) ) ;
#379 = FACE_OUTER_BOUND ( 'NONE', #1276, .T. ) ;
#380 = CARTESIAN_POINT ( 'NONE',  ( -0.7500000000000001110, 0.000000000000000000, 0.000000000000000000 ) ) ;
#381 = DIRECTION ( 'NONE',  ( 0.000000000000000000, 0.000000000000000000, -1.000000000000000000 ) ) ;
#382 = EDGE_CURVE ( 'NONE', #35, #916, #1076, .T. ) ;
#383 = ORIENTED_EDGE ( 'NONE', *, *, #1665, .T. ) ;
#384 = EDGE_CURVE ( 'NONE', #431, #1182, #1375, .T. ) ;
#385 = AXIS2_PLACEMENT_3D ( 'NONE', #1429, #121, #142 ) ;
#386 = DIRECTION ( 'NONE',  ( -1.365923996832131609E-16, 0.000000000000000000, -1.000000000000000000 ) ) ;
#387 = ORIENTED_EDGE ( 'NONE', *, *, #41, .F. ) ;
#388 = AXIS2_PLACEMENT_3D ( 'NONE', #83, #1255, #1835 ) ;
#389 = CIRCLE ( 'NONE', #765, 0.07187500000000000833 ) ;
#390 = DIRECTION ( 'NONE',  ( 1.000000000000000000, 0.000000000000000000, -0.000000000000000000 ) ) ;
#391 = CARTESIAN_POINT ( 'NONE',  ( -0.7399999999999999911, 0.1938976399999999822, -0.3999999999999998557 ) ) ;
#392 = DIRECTION ( 'NONE',  ( -1.365923996832128651E-16, 0.000000000000000000, -1.000000000000000000 ) ) ;
#393 = CARTESIAN_POINT ( 'NONE',  ( -0.4000000000000000222, 0.2500000000000000000, -0.2499999999999999167 ) ) ;
#394 = EDGE_CURVE ( 'NONE', #204, #1455, #1244, .T. ) ;
#395 = EDGE_CURVE ( 'NONE', #688, #891, #1492, .T. ) ;
#396 = VERTEX_POINT ( 'NONE', #52 ) ;
#397 = FACE_OUTER_BOUND ( 'NONE', #190, .T. ) ;
#398 = ORIENTED_EDGE ( 'NONE', *, *, #1542, .T. ) ;
#399 = FACE_OUTER_BOUND ( 'NONE', #779, .T. ) ;
#400 = DIRECTION ( 'NONE',  ( -1.000000000000000000, 0.000000000000000000, 0.000000000000000000 ) ) ;
#401 = CARTESIAN_POINT ( 'NONE',  ( -0.01000000000000000021, 0.2399999999999999911, -0.01000000000000000021 ) ) ;
#402 = CARTESIAN_POINT ( 'NONE',  ( -0.4900000000000000466, 0.000000000000000000, 0.000000000000000000 ) ) ;
#403 = ORIENTED_EDGE ( 'NONE', *, *, #1592, .F. ) ;
#404 = DIRECTION ( 'NONE',  ( 0.000000000000000000, -0.000000000000000000, -1.000000000000000000 ) ) ;
#405 = ORIENTED_EDGE ( 'NONE', *, *, #1462, .T. ) ;
#406 = TOROIDAL_SURFACE ( 'NONE', #1870, 0.06937500000000003386, 0.002500000000000000052 ) ;
#407 = DIRECTION ( 'NONE',  ( -1.365923996832131609E-16, -0.000000000000000000, -1.000000000000000000 ) ) ;
#408 = CARTESIAN_POINT ( 'NONE',  ( -0.7061023600000000400, 0.1250000000000000000, -0.1000000000000000056 ) ) ;
#409 = ADVANCED_FACE ( 'NONE', ( #1234 ), #1383, .T. ) ;
#410 = CIRCLE ( 'NONE', #904, 0.08187500000000005884 ) ;
#411 = SECURITY_CLASSIFICATION ( '', '', #8 ) ;
#412 = DIRECTION ( 'NONE',  ( 1.000000000000000000, 0.000000000000000000, 0.000000000000000000 ) ) ;
#413 = DIRECTION ( 'NONE',  ( -1.000000000000000000, 0.000000000000000000, -0.000000000000000000 ) ) ;
#414 = ORIENTED_EDGE ( 'NONE', *, *, #1284, .F. ) ;
#415 = ORIENTED_EDGE ( 'NONE', *, *, #395, .T. ) ;
#416 = EDGE_CURVE ( 'NONE', #862, #1241, #221, .T. ) ;
#417 = CARTESIAN_POINT ( 'NONE',  ( -0.01000000000000000021, 0.2500000000000000000, -0.01000000000000000021 ) ) ;
#418 = ORIENTED_EDGE ( 'NONE', *, *, #980, .T. ) ;
#419 = EDGE_CURVE ( 'NONE', #1476, #216, #1177, .T. ) ;
#420 = AXIS2_PLACEMENT_3D ( 'NONE', #130, #1598, #1467 ) ;
#421 = EDGE_CURVE ( 'NONE', #165, #1654, #1816, .T. ) ;
#422 = CARTESIAN_POINT ( 'NONE',  ( -0.7399999999999999911, 0.1838976400000000011, 0.000000000000000000 ) ) ;
#423 = CARTESIAN_POINT ( 'NONE',  ( -0.2968750000000000000, 0.09793670613173631467, -0.4499999999999997891 ) ) ;
#424 = CIRCLE ( 'NONE', #1490, 0.08437500000000007494 ) ;
#425 = EDGE_CURVE ( 'NONE', #19, #165, #360, .T. ) ;
#426 = DIRECTION ( 'NONE',  ( -1.000000000000000000, 0.000000000000000000, 0.000000000000000000 ) ) ;
#427 = CARTESIAN_POINT ( 'NONE',  ( -0.01000000000000000021, 0.2500000000000000000, -0.01000000000000000021 ) ) ;
#428 = ORIENTED_EDGE ( 'NONE', *, *, #950, .T. ) ;
#429 = ORIENTED_EDGE ( 'NONE', *, *, #729, .F. ) ;
#430 = CARTESIAN_POINT ( 'NONE',  ( -0.2031249999999999722, 0.09793670613173627304, -0.4999999999999999445 ) ) ;
#431 = VERTEX_POINT ( 'NONE', #349 ) ;
#432 = DIRECTION ( 'NONE',  ( -1.000000000000000000, -0.000000000000000000, -0.000000000000000000 ) ) ;
#433 = PERSON_AND_ORGANIZATION ( #1678, #1639 ) ;
#434 = EDGE_CURVE ( 'NONE', #1001, #194, #29, .T. ) ;
#435 = CARTESIAN_POINT ( 'NONE',  ( -0.2499999999999999167, 0.07087341226347257384, -0.4499999999999998446 ) ) ;
#436 = EDGE_LOOP ( 'NONE', ( #1165, #1278, #1791, #1760 ) ) ;
#437 = EDGE_LOOP ( 'NONE', ( #1200, #854, #131, #650 ) ) ;
#438 = ORIENTED_EDGE ( 'NONE', *, *, #1652, .F. ) ;
#439 = DIRECTION ( 'NONE',  ( -1.365923996832131609E-16, -0.000000000000000000, -1.000000000000000000 ) ) ;
#440 = ORIENTED_EDGE ( 'NONE', *, *, #1164, .T. ) ;
#441 = FACE_OUTER_BOUND ( 'NONE', #1627, .T. ) ;
#442 = APPROVAL_DATE_TIME ( #575, #1807 ) ;
#443 = CARTESIAN_POINT ( 'NONE',  ( -0.1000000000000000194, 0.2500000000000000000, -0.2992125984251967630 ) ) ;
#444 = VECTOR ( 'NONE', #1372, 39.37007874015748143 ) ;
#445 = FACE_OUTER_BOUND ( 'NONE', #286, .T. ) ;
#446 = VECTOR ( 'NONE', #320, 39.37007874015748143 ) ;
#447 = EDGE_LOOP ( 'NONE', ( #1766, #1158, #1625, #829 ) ) ;
#448 = EDGE_CURVE ( 'NONE', #1649, #696, #1204, .T. ) ;
#449 = ADVANCED_FACE ( 'NONE', ( #193 ), #1670, .T. ) ;
#450 = DIRECTION ( 'NONE',  ( -1.000000000000000000, 0.000000000000000000, 0.000000000000000000 ) ) ;
#451 = VERTEX_POINT ( 'NONE', #912 ) ;
#452 = DIRECTION ( 'NONE',  ( 1.000000000000000000, 0.000000000000000000, -0.000000000000000000 ) ) ;
#453 = AXIS2_PLACEMENT_3D ( 'NONE', #1475, #335, #1486 ) ;
#454 = CARTESIAN_POINT ( 'NONE',  ( -0.2500000000000000000, 0.1791265877365274817, -0.4499999999999998446 ) ) ;
#455 = CARTESIAN_POINT ( 'NONE',  ( -0.7399999999999999911, 0.1838976400000000011, -0.3606299199999998262 ) ) ;
#456 = AXIS2_PLACEMENT_3D ( 'NONE', #1773, #312, #473 ) ;
#457 = VERTEX_POINT ( 'NONE', #1788 ) ;
#458 = PRODUCT_DEFINITION_FORMATION_WITH_SPECIFIED_SOURCE ( 'ANY', '', #371, .NOT_KNOWN. ) ;
#459 = ADVANCED_FACE ( 'NONE', ( #483, #1808, #939 ), #1519, .T. ) ;
#460 = CYLINDRICAL_SURFACE ( 'NONE', #385, 0.01000000000000000021 ) ;
#461 = ORIENTED_EDGE ( 'NONE', *, *, #742, .T. ) ;
#462 = LINE ( 'NONE', #899, #1839 ) ;
#463 = PERSON_AND_ORGANIZATION ( #1678, #1639 ) ;
#464 = CARTESIAN_POINT ( 'NONE',  ( 1.365923996832135885E-18, 0.009999999999999995004, -0.4899999999999998801 ) ) ;
#465 = DIRECTION ( 'NONE',  ( -0.000000000000000000, 1.000000000000000000, -0.000000000000000000 ) ) ;
#466 = ORIENTED_EDGE ( 'NONE', *, *, #419, .T. ) ;
#467 = DIRECTION ( 'NONE',  ( -1.365923996832131609E-16, 0.000000000000000000, -1.000000000000000000 ) ) ;
#468 = ORIENTED_EDGE ( 'NONE', *, *, #531, .T. ) ;
#469 = DIRECTION ( 'NONE',  ( -8.652978350906356332E-33, 0.000000000000000000, 1.000000000000000000 ) ) ;
#470 = PERSON_AND_ORGANIZATION ( #1678, #1639 ) ;
#471 = DIRECTION ( 'NONE',  ( 1.000000000000000000, 0.000000000000000000, 0.000000000000000000 ) ) ;
#472 = ADVANCED_FACE ( 'NONE', ( #635 ), #1219, .T. ) ;
#473 = DIRECTION ( 'NONE',  ( 0.000000000000000000, 0.000000000000000000, -1.000000000000000000 ) ) ;
#474 = ORIENTED_EDGE ( 'NONE', *, *, #1737, .T. ) ;
#475 = VECTOR ( 'NONE', #927, 39.37007874015748143 ) ;
#476 = AXIS2_PLACEMENT_3D ( 'NONE', #380, #412, #1718 ) ;
#477 = AXIS2_PLACEMENT_3D ( 'NONE', #1065, #211, #1640 ) ;
#478 = FACE_OUTER_BOUND ( 'NONE', #1896, .T. ) ;
#479 = EDGE_LOOP ( 'NONE', ( #466, #783, #207, #997 ) ) ;
#480 = CARTESIAN_POINT ( 'NONE',  ( -0.2968750000000000000, 0.09793670613173631467, -0.4499999999999997891 ) ) ;
#481 = EDGE_CURVE ( 'NONE', #1419, #1128, #798, .T. ) ;
#482 = ADVANCED_FACE ( 'NONE', ( #1533, #220 ), #1686, .F. ) ;
#483 = FACE_OUTER_BOUND ( 'NONE', #1155, .T. ) ;
#484 = ORIENTED_EDGE ( 'NONE', *, *, #1069, .F. ) ;
#485 = CARTESIAN_POINT ( 'NONE',  ( 4.326489175453177482E-33, 0.009999999999999995004, -0.4999999999999999445 ) ) ;
#486 = EDGE_LOOP ( 'NONE', ( #1715, #804, #313, #61 ) ) ;
#487 = SPHERICAL_SURFACE ( 'NONE', #1145, 0.01000000000000000021 ) ;
#488 = VECTOR ( 'NONE', #439, 39.37007874015748143 ) ;
#489 = VECTOR ( 'NONE', #1179, 39.37007874015748854 ) ;
#490 = CARTESIAN_POINT ( 'NONE',  ( -0.7399999999999999911, 0.1838976400000000011, -0.3999999999999998557 ) ) ;
#491 = ORIENTED_EDGE ( 'NONE', *, *, #1488, .F. ) ;
#492 = FACE_OUTER_BOUND ( 'NONE', #726, .T. ) ;
#493 = ADVANCED_FACE ( 'NONE', ( #703 ), #672, .F. ) ;
#494 = DIRECTION ( 'NONE',  ( 1.365923996832131609E-16, -0.000000000000000000, 1.000000000000000000 ) ) ;
#495 = ORIENTED_EDGE ( 'NONE', *, *, #1353, .T. ) ;
#496 = DIRECTION ( 'NONE',  ( 0.000000000000000000, 0.000000000000000000, 1.000000000000000000 ) ) ;
#497 = LINE ( 'NONE', #1385, #127 ) ;
#498 = ORIENTED_EDGE ( 'NONE', *, *, #9, .F. ) ;
#499 = EDGE_CURVE ( 'NONE', #507, #1666, #690, .T. ) ;
#500 = DIRECTION ( 'NONE',  ( 0.000000000000000000, 1.000000000000000000, 0.000000000000000000 ) ) ;
#501 = DIRECTION ( 'NONE',  ( -1.365923996832131609E-16, -0.000000000000000000, -1.000000000000000000 ) ) ;
#502 = ORIENTED_EDGE ( 'NONE', *, *, #889, .T. ) ;
#503 = CARTESIAN_POINT ( 'NONE',  ( -0.7500000000000001110, 0.05610236000000000389, -0.1393700800000000350 ) ) ;
#504 = DIRECTION ( 'NONE',  ( 0.000000000000000000, 0.000000000000000000, 1.000000000000000000 ) ) ;
#505 = AXIS2_PLACEMENT_3D ( 'NONE', #1063, #469, #171 ) ;
#506 = DIMENSIONAL_EXPONENTS ( 1.000000000000000000, 0.000000000000000000, 0.000000000000000000, 0.000000000000000000, 0.000000000000000000, 0.000000000000000000, 0.000000000000000000 ) ;
#507 = VERTEX_POINT ( 'NONE', #526 ) ;
#508 = AXIS2_PLACEMENT_3D ( 'NONE', #1038, #886, #605 ) ;
#509 = LINE ( 'NONE', #1629, #1175 ) ;
#510 = DIRECTION ( 'NONE',  ( 0.8660254037844384856, -0.5000000000000001110, 0.000000000000000000 ) ) ;
#511 = DIRECTION ( 'NONE',  ( -0.000000000000000000, -0.000000000000000000, -1.000000000000000000 ) ) ;
#512 = CC_DESIGN_PERSON_AND_ORGANIZATION_ASSIGNMENT ( #864, #721, ( #411 ) ) ;
#513 = VECTOR ( 'NONE', #244, 39.37007874015748143 ) ;
#514 = ORIENTED_EDGE ( 'NONE', *, *, #1242, .F. ) ;
#515 = VECTOR ( 'NONE', #693, 39.37007874015748854 ) ;
#516 = ORIENTED_EDGE ( 'NONE', *, *, #353, .F. ) ;
#517 = CC_DESIGN_APPROVAL ( #48, ( #713 ) ) ;
#518 = CARTESIAN_POINT ( 'NONE',  ( -0.5000000000000001110, 0.05610236000000001083, -0.3606299199999998262 ) ) ;
#519 = DIRECTION ( 'NONE',  ( 0.000000000000000000, -1.000000000000000000, 0.000000000000000000 ) ) ;
#520 = CARTESIAN_POINT ( 'NONE',  ( -0.3318750000000001421, 0.1249999999999999861, -0.4899999999999998801 ) ) ;
#521 = CARTESIAN_POINT ( 'NONE',  ( -0.6811023600000000178, 0.1250000000000000000, -0.1393700800000000350 ) ) ;
#522 = DIRECTION ( 'NONE',  ( -0.000000000000000000, 0.000000000000000000, 1.000000000000000000 ) ) ;
#523 = ORIENTED_EDGE ( 'NONE', *, *, #1822, .T. ) ;
#524 = CARTESIAN_POINT ( 'NONE',  ( -0.4000000000000000222, 0.000000000000000000, -0.2499999999999999167 ) ) ;
#525 = ADVANCED_FACE ( 'NONE', ( #1544 ), #258, .T. ) ;
#526 = CARTESIAN_POINT ( 'NONE',  ( 4.239959391944113891E-33, 0.2399999999999999911, -0.4899999999999998801 ) ) ;
#527 = CYLINDRICAL_SURFACE ( 'NONE', #20, 0.04921259842519682542 ) ;
#528 = EDGE_CURVE ( 'NONE', #1666, #204, #1101, .T. ) ;
#529 = DIRECTION ( 'NONE',  ( -1.000000000000000000, 0.000000000000000000, 0.000000000000000000 ) ) ;
#530 = CARTESIAN_POINT ( 'NONE',  ( -0.4900000000000000466, 0.2500000000000000000, -0.01000000000000000021 ) ) ;
#531 = EDGE_CURVE ( 'NONE', #696, #431, #975, .T. ) ;
#532 = EDGE_LOOP ( 'NONE', ( #937, #47 ) ) ;
#533 = DIRECTION ( 'NONE',  ( -1.000000000000000000, 0.000000000000000000, 1.365923996832131609E-16 ) ) ;
#534 = ORIENTED_EDGE ( 'NONE', *, *, #1315, .T. ) ;
#535 = VECTOR ( 'NONE', #1583, 39.37007874015748143 ) ;
#536 = CARTESIAN_POINT ( 'NONE',  ( 0.000000000000000000, 0.2399999999999999911, 0.000000000000000000 ) ) ;
#537 = DIRECTION ( 'NONE',  ( 1.365923996832131609E-16, -0.000000000000000000, 1.000000000000000000 ) ) ;
#538 = EDGE_CURVE ( 'NONE', #1829, #167, #1421, .T. ) ;
#539 = DIRECTION ( 'NONE',  ( 0.000000000000000000, -0.000000000000000000, 1.000000000000000000 ) ) ;
#540 = DIRECTION ( 'NONE',  ( -1.000000000000000000, 0.000000000000000000, 0.000000000000000000 ) ) ;
#541 = ORIENTED_EDGE ( 'NONE', *, *, #348, .T. ) ;
#542 = VECTOR ( 'NONE', #809, 39.37007874015748143 ) ;
#543 = DIRECTION ( 'NONE',  ( -0.000000000000000000, -0.000000000000000000, -1.000000000000000000 ) ) ;
#544 = ORIENTED_EDGE ( 'NONE', *, *, #65, .F. ) ;
#545 = CIRCLE ( 'NONE', #1002, 0.07187500000000003608 ) ;
#546 = AXIS2_PLACEMENT_3D ( 'NONE', #691, #87, #1270 ) ;
#547 = CARTESIAN_POINT ( 'NONE',  ( -0.7399999999999999911, 0.1838976400000000011, 0.000000000000000000 ) ) ;
#548 = DIRECTION ( 'NONE',  ( 0.000000000000000000, 0.000000000000000000, -1.000000000000000000 ) ) ;
#549 = CARTESIAN_POINT ( 'NONE',  ( -0.2968750000000000000, 0.09793670613173631467, -0.4999999999999998335 ) ) ;
#550 = CYLINDRICAL_SURFACE ( 'NONE', #1823, 0.08187500000000010048 ) ;
#551 = ORIENTED_EDGE ( 'NONE', *, *, #1880, .T. ) ;
#552 = ADVANCED_FACE ( 'NONE', ( #711 ), #1118, .T. ) ;
#553 = DIRECTION ( 'NONE',  ( -0.000000000000000000, 1.000000000000000000, -0.000000000000000000 ) ) ;
#554 = ORIENTED_EDGE ( 'NONE', *, *, #215, .F. ) ;
#555 = DIRECTION ( 'NONE',  ( 0.5000000000000001110, 0.8660254037844385966, -6.829619984160661744E-17 ) ) ;
#556 = CARTESIAN_POINT ( 'NONE',  ( -0.5000000000000001110, 0.009999999999999995004, 0.000000000000000000 ) ) ;
#557 = CYLINDRICAL_SURFACE ( 'NONE', #1628, 0.01000000000000002970 ) ;
#558 = DIRECTION ( 'NONE',  ( 0.5000000000000003331, -0.8660254037844384856, -6.829619984160662977E-17 ) ) ;
#559 = EDGE_LOOP ( 'NONE', ( #1468, #1062, #914, #1283 ) ) ;
#560 = EDGE_CURVE ( 'NONE', #1128, #451, #1402, .T. ) ;
#561 = FACE_OUTER_BOUND ( 'NONE', #1207, .T. ) ;
#562 = EDGE_LOOP ( 'NONE', ( #1524, #355, #1484, #718 ) ) ;
#563 = CIRCLE ( 'NONE', #373, 0.01000000000000002970 ) ;
#564 = CARTESIAN_POINT ( 'NONE',  ( -0.7500000000000001110, 0.06610236000000001277, -0.1000000000000000056 ) ) ;
#565 = DIRECTION ( 'NONE',  ( 1.224646799147353207E-16, 1.000000000000000000, -1.672774450599029505E-32 ) ) ;
#566 = VECTOR ( 'NONE', #1086, 39.37007874015748143 ) ;
#567 = VECTOR ( 'NONE', #1451, 39.37007874015748143 ) ;
#568 = CARTESIAN_POINT ( 'NONE',  ( -0.6811023600000000178, 0.1250000000000000000, 0.000000000000000000 ) ) ;
#569 = DIRECTION ( 'NONE',  ( 0.8660254037844388186, 0.4999999999999997224, -1.261786539621760494E-15 ) ) ;
#570 = ORIENTED_EDGE ( 'NONE', *, *, #1542, .F. ) ;
#571 = CARTESIAN_POINT ( 'NONE',  ( -0.7399999999999999911, 0.05610236000000000389, -0.3999999999999998557 ) ) ;
#572 = ORIENTED_EDGE ( 'NONE', *, *, #1539, .F. ) ;
#573 = AXIS2_PLACEMENT_3D ( 'NONE', #18, #619, #1331 ) ;
#574 = FACE_OUTER_BOUND ( 'NONE', #1046, .T. ) ;
#575 = DATE_AND_TIME ( #1036, #110 ) ;
#576 = AXIS2_PLACEMENT_3D ( 'NONE', #111, #705, #1039 ) ;
#577 = CARTESIAN_POINT ( 'NONE',  ( -0.7500000000000001110, 0.06610236000000001277, -0.1393700800000000350 ) ) ;
#578 = CIRCLE ( 'NONE', #1826, 0.04921259842519682542 ) ;
#579 = SPHERICAL_SURFACE ( 'NONE', #1275, 0.01000000000000000021 ) ;
#580 = VERTEX_POINT ( 'NONE', #1832 ) ;
#581 = DIRECTION ( 'NONE',  ( -1.000000000000000000, 0.000000000000000000, 0.000000000000000000 ) ) ;
#582 = ORIENTED_EDGE ( 'NONE', *, *, #1097, .T. ) ;
#583 = PLANE ( 'NONE',  #1263 ) ;
#584 = EDGE_CURVE ( 'NONE', #396, #1829, #1689, .T. ) ;
#585 = CARTESIAN_POINT ( 'NONE',  ( -0.1000000000000000194, 0.2500000000000000000, -0.2499999999999999167 ) ) ;
#586 = CARTESIAN_POINT ( 'NONE',  ( -0.1000000000000000194, 0.000000000000000000, -0.2499999999999999167 ) ) ;
#587 = ORIENTED_EDGE ( 'NONE', *, *, #1226, .T. ) ;
#588 = SPHERICAL_SURFACE ( 'NONE', #420, 0.01000000000000000021 ) ;
#589 = ORIENTED_EDGE ( 'NONE', *, *, #1485, .T. ) ;
#590 = LINE ( 'NONE', #1043, #1024 ) ;
#591 = ADVANCED_FACE ( 'NONE', ( #1860 ), #86, .F. ) ;
#592 = DIRECTION ( 'NONE',  ( 1.000000000000000000, 0.000000000000000000, 0.000000000000000000 ) ) ;
#593 = VECTOR ( 'NONE', #1045, 39.37007874015748143 ) ;
#594 = CARTESIAN_POINT ( 'NONE',  ( -0.2500000000000000000, 0.1791265877365274817, -0.4999999999999999445 ) ) ;
#595 = ADVANCED_FACE ( 'NONE', ( #954 ), #1129, .T. ) ;
#596 = AXIS2_PLACEMENT_3D ( 'NONE', #547, #825, #1410 ) ;
#597 = ORIENTED_EDGE ( 'NONE', *, *, #247, .T. ) ;
#598 = ORIENTED_EDGE ( 'NONE', *, *, #1517, .T. ) ;
#599 = CARTESIAN_POINT ( 'NONE',  ( -0.2499999999999999167, 0.07087341226347257384, -0.4999999999999999445 ) ) ;
#600 = ORIENTED_EDGE ( 'NONE', *, *, #237, .T. ) ;
#601 = DIRECTION ( 'NONE',  ( 0.000000000000000000, -1.000000000000000000, 0.000000000000000000 ) ) ;
#602 = APPLICATION_PROTOCOL_DEFINITION ( 'international standard', 'config_control_design', 1994, #993 ) ;
#603 = CIRCLE ( 'NONE', #1454, 0.01000000000000000021 ) ;
#604 = APPLICATION_CONTEXT ( 'configuration controlled 3d designs of mechanical parts and assemblies' ) ;
#605 = DIRECTION ( 'NONE',  ( 0.000000000000000000, 0.000000000000000000, -1.000000000000000000 ) ) ;
#606 = EDGE_LOOP ( 'NONE', ( #461, #1892, #274, #1741 ) ) ;
#607 = CARTESIAN_POINT ( 'NONE',  ( -0.3218750000000000222, 0.1249999999999999861, -0.4899999999999998801 ) ) ;
#608 = CIRCLE ( 'NONE', #855, 0.02500000000000000486 ) ;
#609 = ORIENTED_EDGE ( 'NONE', *, *, #830, .F. ) ;
#610 = AXIS2_PLACEMENT_3D ( 'NONE', #1403, #1139, #965 ) ;
#611 = CARTESIAN_POINT ( 'NONE',  ( 0.000000000000000000, 0.2500000000000000000, 0.000000000000000000 ) ) ;
#612 = EDGE_LOOP ( 'NONE', ( #1580, #832, #30, #1408, #1224, #1504 ) ) ;
#613 = EDGE_CURVE ( 'NONE', #677, #1514, #1023, .T. ) ;
#614 = CARTESIAN_POINT ( 'NONE',  ( -0.01000000000000000021, 0.009999999999999995004, -8.652978350906355861E-35 ) ) ;
#615 = APPLICATION_PROTOCOL_DEFINITION ( 'international standard', 'config_control_design', 1994, #604 ) ;
#616 = CARTESIAN_POINT ( 'NONE',  ( -0.7500000000000001110, 0.06610236000000001277, -0.3999999999999998557 ) ) ;
#617 = DIRECTION ( 'NONE',  ( -1.000000000000000000, 0.000000000000000000, 0.000000000000000000 ) ) ;
#618 = VERTEX_POINT ( 'NONE', #378 ) ;
#619 = DIRECTION ( 'NONE',  ( 1.365923996832131609E-16, -0.000000000000000000, 1.000000000000000000 ) ) ;
#620 = VERTEX_POINT ( 'NONE', #1269 ) ;
#621 = EDGE_CURVE ( 'NONE', #1182, #1081, #680, .T. ) ;
#622 = CARTESIAN_POINT ( 'NONE',  ( -0.5000000000000001110, 0.1938976399999999822, -0.1393700800000000350 ) ) ;
#623 = DIRECTION ( 'NONE',  ( -0.000000000000000000, 1.000000000000000000, -0.000000000000000000 ) ) ;
#624 = ORIENTED_EDGE ( 'NONE', *, *, #481, .T. ) ;
#625 = LINE ( 'NONE', #1825, #1730 ) ;
#626 = VECTOR ( 'NONE', #500, 39.37007874015748143 ) ;
#627 = VERTEX_POINT ( 'NONE', #1707 ) ;
#628 = VECTOR ( 'NONE', #1699, 39.37007874015748143 ) ;
#629 = SPHERICAL_SURFACE ( 'NONE', #1356, 0.01000000000000000021 ) ;
#630 = VECTOR ( 'NONE', #857, 39.37007874015748143 ) ;
#631 = DIRECTION ( 'NONE',  ( -1.365923996832131609E-16, -0.000000000000000000, -1.000000000000000000 ) ) ;
#632 = ORIENTED_EDGE ( 'NONE', *, *, #215, .T. ) ;
#633 = LINE ( 'NONE', #1075, #1535 ) ;
#634 = ADVANCED_FACE ( 'NONE', ( #399 ), #249, .T. ) ;
#635 = FACE_OUTER_BOUND ( 'NONE', #447, .T. ) ;
#636 = ORIENTED_EDGE ( 'NONE', *, *, #830, .T. ) ;
#637 = DIRECTION ( 'NONE',  ( -0.000000000000000000, -0.000000000000000000, -1.000000000000000000 ) ) ;
#638 = AXIS2_PLACEMENT_3D ( 'NONE', #611, #1626, #370 ) ;
#639 = EDGE_CURVE ( 'NONE', #1847, #925, #309, .T. ) ;
#640 = LINE ( 'NONE', #1673, #219 ) ;
#641 = VECTOR ( 'NONE', #800, 39.37007874015748143 ) ;
#642 = EDGE_LOOP ( 'NONE', ( #1379, #923, #140, #1286 ) ) ;
#643 = CARTESIAN_POINT ( 'NONE',  ( -0.4000000000000000222, 0.000000000000000000, -0.2007874015748030982 ) ) ;
#644 = CARTESIAN_POINT ( 'NONE',  ( -0.7399999999999999911, 0.06610236000000009604, -1.433366400500654435E-17 ) ) ;
#645 = ORIENTED_EDGE ( 'NONE', *, *, #1259, .F. ) ;
#646 = CARTESIAN_POINT ( 'NONE',  ( -6.693027584477442667E-17, 0.000000000000000000, -0.4899999999999998801 ) ) ;
#647 = EDGE_CURVE ( 'NONE', #1154, #1319, #590, .T. ) ;
#648 = DIRECTION ( 'NONE',  ( -0.000000000000000000, 1.000000000000000000, -0.000000000000000000 ) ) ;
#649 = EDGE_CURVE ( 'NONE', #1666, #1128, #36, .T. ) ;
#650 = ORIENTED_EDGE ( 'NONE', *, *, #176, .F. ) ;
#651 = CARTESIAN_POINT ( 'NONE',  ( -0.4000000000000000222, 0.2500000000000000000, -0.2499999999999999167 ) ) ;
#652 = DIRECTION ( 'NONE',  ( 0.000000000000000000, -1.000000000000000000, 0.000000000000000000 ) ) ;
#653 = ORIENTED_EDGE ( 'NONE', *, *, #108, .F. ) ;
#654 = CARTESIAN_POINT ( 'NONE',  ( -0.2500000000000000555, 0.1249999999999999861, -0.4999999999999998335 ) ) ;
#655 = CARTESIAN_POINT ( 'NONE',  ( -0.2968750000000000000, 0.09793670613173631467, -0.4999999999999998335 ) ) ;
#656 = AXIS2_PLACEMENT_3D ( 'NONE', #651, #1233, #21 ) ;
#657 = ORIENTED_EDGE ( 'NONE', *, *, #384, .F. ) ;
#658 = VECTOR ( 'NONE', #510, 39.37007874015748854 ) ;
#659 = PLANE ( 'NONE',  #1793 ) ;
#660 = ORIENTED_EDGE ( 'NONE', *, *, #287, .T. ) ;
#661 = CARTESIAN_POINT ( 'NONE',  ( -0.2031249999999999722, 0.09793670613173627304, -0.4499999999999998446 ) ) ;
#662 = DIRECTION ( 'NONE',  ( -1.000000000000000000, 0.000000000000000000, 0.000000000000000000 ) ) ;
#663 = DIRECTION ( 'NONE',  ( 0.000000000000000000, 0.000000000000000000, -1.000000000000000000 ) ) ;
#664 = CARTESIAN_POINT ( 'NONE',  ( -0.01000000000000000021, 0.009999999999999995004, -0.4899999999999998801 ) ) ;
#665 = ORIENTED_EDGE ( 'NONE', *, *, #786, .F. ) ;
#666 = AXIS2_PLACEMENT_3D ( 'NONE', #774, #467, #317 ) ;
#667 = ORIENTED_EDGE ( 'NONE', *, *, #1812, .F. ) ;
#668 = CIRCLE ( 'NONE', #356, 0.08437500000000007494 ) ;
#669 = CIRCLE ( 'NONE', #793, 0.02500000000000000486 ) ;
#670 = CARTESIAN_POINT ( 'NONE',  ( -0.5000000000000001110, 0.1938976399999999822, -0.3999999999999998557 ) ) ;
#671 = EDGE_CURVE ( 'NONE', #1530, #1641, #1684, .T. ) ;
#672 = PLANE ( 'NONE',  #1266 ) ;
#673 = LENGTH_MEASURE_WITH_UNIT ( LENGTH_MEASURE( 0.02539999999999999897 ), #1562 );
#674 = DIRECTION ( 'NONE',  ( -0.000000000000000000, -0.000000000000000000, 1.000000000000000000 ) ) ;
#675 = CARTESIAN_POINT ( 'NONE',  ( -0.6561023599999999956, 0.1250000000000000000, -0.1000000000000000056 ) ) ;
#676 = ORIENTED_EDGE ( 'NONE', *, *, #902, .T. ) ;
#677 = VERTEX_POINT ( 'NONE', #564 ) ;
#678 = DIRECTION ( 'NONE',  ( 1.000000000000000000, 0.000000000000000000, 0.000000000000000000 ) ) ;
#679 = EDGE_CURVE ( 'NONE', #128, #1128, #343, .T. ) ;
#680 = LINE ( 'NONE', #1260, #1238 ) ;
#681 =( NAMED_UNIT ( * ) PLANE_ANGLE_UNIT ( ) SI_UNIT ( $, .RADIAN. ) );
#682 = CARTESIAN_POINT ( 'NONE',  ( -0.4900000000000000466, 0.000000000000000000, -0.4899999999999998246 ) ) ;
#683 = EDGE_CURVE ( 'NONE', #775, #1241, #901, .T. ) ;
#684 = CARTESIAN_POINT ( 'NONE',  ( -0.2031249999999999722, 0.09793670613173627304, -0.4499999999999998446 ) ) ;
#685 = ORIENTED_EDGE ( 'NONE', *, *, #237, .F. ) ;
#686 = CC_DESIGN_APPROVAL ( #1807, ( #458 ) ) ;
#687 = CARTESIAN_POINT ( 'NONE',  ( -0.1000000000000000194, 0.000000000000000000, -0.2007874015748031260 ) ) ;
#688 = VERTEX_POINT ( 'NONE', #883 ) ;
#689 = AXIS2_PLACEMENT_3D ( 'NONE', #146, #10, #1881 ) ;
#690 = LINE ( 'NONE', #536, #1298 ) ;
#691 = CARTESIAN_POINT ( 'NONE',  ( -0.4900000000000000466, 0.009999999999999995004, -0.4899999999999998246 ) ) ;
#692 = LINE ( 'NONE', #240, #1872 ) ;
#693 = DIRECTION ( 'NONE',  ( -0.8660254037844384856, -0.5000000000000002220, 0.000000000000000000 ) ) ;
#694 = ADVANCED_FACE ( 'NONE', ( #441 ), #1897, .F. ) ;
#695 = ADVANCED_FACE ( 'NONE', ( #300, #749 ), #1479, .F. ) ;
#696 = VERTEX_POINT ( 'NONE', #1035 ) ;
#697 = AXIS2_PLACEMENT_3D ( 'NONE', #664, #1351, #1249 ) ;
#698 = DIRECTION ( 'NONE',  ( 0.8660254037844388186, -0.4999999999999996114, 0.000000000000000000 ) ) ;
#699 = ORIENTED_EDGE ( 'NONE', *, *, #434, .T. ) ;
#700 = VECTOR ( 'NONE', #303, 39.37007874015748143 ) ;
#701 = EDGE_CURVE ( 'NONE', #916, #245, #563, .T. ) ;
#702 = LOCAL_TIME ( 19, 15, 42.00000000000000000, #1169 ) ;
#703 = FACE_OUTER_BOUND ( 'NONE', #1674, .T. ) ;
#704 = FACE_BOUND ( 'NONE', #839, .T. ) ;
#705 = DIRECTION ( 'NONE',  ( 1.365923996832131609E-16, -0.000000000000000000, 1.000000000000000000 ) ) ;
#706 = EDGE_CURVE ( 'NONE', #507, #35, #1444, .T. ) ;
#707 = ADVANCED_FACE ( 'NONE', ( #1004 ), #132, .T. ) ;
#708 = VERTEX_POINT ( 'NONE', #1185 ) ;
#709 = PLANE ( 'NONE',  #290 ) ;
#710 = EDGE_LOOP ( 'NONE', ( #541, #57, #1763 ) ) ;
#711 = FACE_OUTER_BOUND ( 'NONE', #1734, .T. ) ;
#712 = DIRECTION ( 'NONE',  ( 1.000000000000000000, 0.000000000000000000, 0.000000000000000000 ) ) ;
#713 = PRODUCT_DEFINITION ( 'UNKNOWN', '', #458, #1877 ) ;
#714 = DIRECTION ( 'NONE',  ( -0.000000000000000000, -0.000000000000000000, -1.000000000000000000 ) ) ;
#715 = CARTESIAN_POINT ( 'NONE',  ( -0.6811023600000000178, 0.1250000000000000000, -0.3606299199999998262 ) ) ;
#716 = ORIENTED_EDGE ( 'NONE', *, *, #1425, .F. ) ;
#717 = FACE_OUTER_BOUND ( 'NONE', #1376, .T. ) ;
#718 = ORIENTED_EDGE ( 'NONE', *, *, #1226, .F. ) ;
#719 = VECTOR ( 'NONE', #1381, 39.37007874015748143 ) ;
#720 = DIRECTION ( 'NONE',  ( 1.000000000000000000, -0.000000000000000000, -0.000000000000000000 ) ) ;
#721 = PERSON_AND_ORGANIZATION_ROLE ( 'classification_officer' ) ;
#722 = AXIS2_PLACEMENT_3D ( 'NONE', #464, #735, #1442 ) ;
#723 = SPHERICAL_SURFACE ( 'NONE', #1210, 0.01000000000000000021 ) ;
#724 = DIRECTION ( 'NONE',  ( -0.000000000000000000, 1.000000000000000000, -0.000000000000000000 ) ) ;
#725 = VERTEX_POINT ( 'NONE', #1168 ) ;
#726 = EDGE_LOOP ( 'NONE', ( #1060, #582, #514, #236 ) ) ;
#727 = DIRECTION ( 'NONE',  ( 0.000000000000000000, 0.000000000000000000, -1.000000000000000000 ) ) ;
#728 = VERTEX_POINT ( 'NONE', #1601 ) ;
#729 = EDGE_CURVE ( 'NONE', #1368, #1321, #462, .T. ) ;
#730 = VECTOR ( 'NONE', #76, 39.37007874015748143 ) ;
#731 = CARTESIAN_POINT ( 'NONE',  ( -0.5000000000000001110, 0.2500000000000000000, -0.01000000000000000021 ) ) ;
#732 = DATE_AND_TIME ( #1450, #844 ) ;
#733 = EDGE_CURVE ( 'NONE', #1836, #1265, #1725, .T. ) ;
#734 = CIRCLE ( 'NONE', #1797, 0.08187500000000005884 ) ;
#735 = DIRECTION ( 'NONE',  ( -1.000000000000000000, 0.000000000000000000, 1.365923996832131609E-16 ) ) ;
#736 = CARTESIAN_POINT ( 'NONE',  ( -0.4900000000000000466, 0.2399999999999999911, -0.01000000000000000021 ) ) ;
#737 = ORIENTED_EDGE ( 'NONE', *, *, #528, .F. ) ;
#738 = ORIENTED_EDGE ( 'NONE', *, *, #878, .F. ) ;
#739 = EDGE_LOOP ( 'NONE', ( #1864, #755, #1430, #784 ) ) ;
#740 = DIRECTION ( 'NONE',  ( -7.284927983104694027E-16, 1.261786539621758522E-15, -1.000000000000000000 ) ) ;
#741 = ORIENTED_EDGE ( 'NONE', *, *, #1750, .F. ) ;
#742 = EDGE_CURVE ( 'NONE', #1721, #1541, #1299, .T. ) ;
#743 = CARTESIAN_POINT ( 'NONE',  ( -0.6811023600000000178, 0.1250000000000000000, 0.000000000000000000 ) ) ;
#744 = DIRECTION ( 'NONE',  ( -0.000000000000000000, -0.000000000000000000, -1.000000000000000000 ) ) ;
#745 = LINE ( 'NONE', #1590, #16 ) ;
#746 = ORIENTED_EDGE ( 'NONE', *, *, #41, .T. ) ;
#747 = CARTESIAN_POINT ( 'NONE',  ( -0.2500000000000000555, 0.1249999999999999861, -0.4974999999999999423 ) ) ;
#748 = EDGE_LOOP ( 'NONE', ( #1487, #1742, #1117, #1706 ) ) ;
#749 = FACE_OUTER_BOUND ( 'NONE', #374, .T. ) ;
#750 =( NAMED_UNIT ( * ) SI_UNIT ( $, .STERADIAN. ) SOLID_ANGLE_UNIT ( ) );
#751 = AXIS2_PLACEMENT_3D ( 'NONE', #1345, #1647, #1090 ) ;
#752 = DIRECTION ( 'NONE',  ( 0.000000000000000000, 1.000000000000000000, 0.000000000000000000 ) ) ;
#753 = LINE ( 'NONE', #1328, #1034 ) ;
#754 = VECTOR ( 'NONE', #623, 39.37007874015748143 ) ;
#755 = ORIENTED_EDGE ( 'NONE', *, *, #120, .T. ) ;
#756 = ADVANCED_FACE ( 'NONE', ( #574, #1735, #1449 ), #583, .F. ) ;
#757 = DIRECTION ( 'NONE',  ( -1.000000000000000000, 0.000000000000000000, 0.000000000000000000 ) ) ;
#758 = ORIENTED_EDGE ( 'NONE', *, *, #1880, .F. ) ;
#759 = DIRECTION ( 'NONE',  ( -1.000000000000000000, 1.024442997624095621E-14, 0.000000000000000000 ) ) ;
#760 = CALENDAR_DATE ( 2026, 20, 3 ) ;
#761 = CARTESIAN_POINT ( 'NONE',  ( -0.7500000000000001110, 0.05610236000000000389, -0.1000000000000000056 ) ) ;
#762 = DIRECTION ( 'NONE',  ( 1.000000000000000000, 0.000000000000000000, 0.000000000000000000 ) ) ;
#763 = AXIS2_PLACEMENT_3D ( 'NONE', #1493, #1452, #137 ) ;
#764 = VERTEX_POINT ( 'NONE', #319 ) ;
#765 = AXIS2_PLACEMENT_3D ( 'NONE', #31, #1521, #662 ) ;
#766 = DIRECTION ( 'NONE',  ( -1.000000000000000000, 0.000000000000000000, 0.000000000000000000 ) ) ;
#767 = ORIENTED_EDGE ( 'NONE', *, *, #1572, .F. ) ;
#768 = CYLINDRICAL_SURFACE ( 'NONE', #751, 0.04921259842519679073 ) ;
#769 = DIRECTION ( 'NONE',  ( 8.652978350906356332E-33, 0.000000000000000000, -1.000000000000000000 ) ) ;
#770 = ORIENTED_EDGE ( 'NONE', *, *, #584, .T. ) ;
#771 = DIRECTION ( 'NONE',  ( -0.000000000000000000, 1.000000000000000000, -0.000000000000000000 ) ) ;
#772 = ORIENTED_EDGE ( 'NONE', *, *, #1655, .F. ) ;
#773 = DIRECTION ( 'NONE',  ( -1.000000000000000000, 0.000000000000000000, -0.000000000000000000 ) ) ;
#774 = CARTESIAN_POINT ( 'NONE',  ( -0.2500000000000000555, 0.1249999999999999861, -0.4999999999999998335 ) ) ;
#775 = VERTEX_POINT ( 'NONE', #1374 ) ;
#776 = EDGE_CURVE ( 'NONE', #1321, #708, #871, .T. ) ;
#777 = CARTESIAN_POINT ( 'NONE',  ( 4.739000847409537175E-33, 0.2399999999999999911, -0.4999999999999999445 ) ) ;
#778 = CARTESIAN_POINT ( 'NONE',  ( -0.2500000000000000000, 0.1791265877365274817, -0.4499999999999998446 ) ) ;
#779 = EDGE_LOOP ( 'NONE', ( #609, #1214, #821, #305 ) ) ;
#780 = DIRECTION ( 'NONE',  ( 1.000000000000000000, 0.000000000000000000, 0.000000000000000000 ) ) ;
#781 = DIRECTION ( 'NONE',  ( 0.000000000000000000, -0.000000000000000000, 1.000000000000000000 ) ) ;
#782 = AXIS2_PLACEMENT_3D ( 'NONE', #644, #1227, #1357 ) ;
#783 = ORIENTED_EDGE ( 'NONE', *, *, #1462, .F. ) ;
#784 = ORIENTED_EDGE ( 'NONE', *, *, #878, .T. ) ;
#785 = CARTESIAN_POINT ( 'NONE',  ( -0.01000000000000000194, 0.009999999999999995004, -0.4999999999999999445 ) ) ;
#786 = EDGE_CURVE ( 'NONE', #1800, #1182, #509, .T. ) ;
#787 = CARTESIAN_POINT ( 'NONE',  ( -0.2968750000000000000, 0.1520632938682637825, -0.4499999999999997891 ) ) ;
#788 = ORIENTED_EDGE ( 'NONE', *, *, #1399, .T. ) ;
#789 = DIRECTION ( 'NONE',  ( -0.000000000000000000, -1.000000000000000000, -0.000000000000000000 ) ) ;
#790 = CIRCLE ( 'NONE', #354, 0.002499999999999973164 ) ;
#791 = CARTESIAN_POINT ( 'NONE',  ( -0.01000000000000000021, 0.01000000000000000021, -0.01000000000000000021 ) ) ;
#792 = CIRCLE ( 'NONE', #1851, 0.08187500000000010048 ) ;
#793 = AXIS2_PLACEMENT_3D ( 'NONE', #259, #548, #400 ) ;
#794 = ORIENTED_EDGE ( 'NONE', *, *, #528, .T. ) ;
#795 = CC_DESIGN_PERSON_AND_ORGANIZATION_ASSIGNMENT ( #433, #1480, ( #371 ) ) ;
#796 = CYLINDRICAL_SURFACE ( 'NONE', #656, 0.04921259842519682542 ) ;
#797 = EDGE_CURVE ( 'NONE', #1595, #868, #840, .T. ) ;
#798 = LINE ( 'NONE', #104, #814 ) ;
#799 = EDGE_LOOP ( 'NONE', ( #1167, #101, #1343, #1427 ) ) ;
#800 = DIRECTION ( 'NONE',  ( -0.000000000000000000, 1.000000000000000000, -0.000000000000000000 ) ) ;
#801 = ORIENTED_EDGE ( 'NONE', *, *, #1336, .F. ) ;
#802 = ORIENTED_EDGE ( 'NONE', *, *, #1550, .F. ) ;
#803 = EDGE_LOOP ( 'NONE', ( #1193, #852, #870 ) ) ;
#804 = ORIENTED_EDGE ( 'NONE', *, *, #394, .F. ) ;
#805 = DIRECTION ( 'NONE',  ( -1.000000000000000000, 0.000000000000000000, 0.000000000000000000 ) ) ;
#806 = CARTESIAN_POINT ( 'NONE',  ( -0.4900000000000000466, 0.01000000000000000021, -0.01000000000000000021 ) ) ;
#807 = CARTESIAN_POINT ( 'NONE',  ( -0.1000000000000000194, 0.2500000000000000000, -0.2992125984251967075 ) ) ;
#808 = ORIENTED_EDGE ( 'NONE', *, *, #560, .F. ) ;
#809 = DIRECTION ( 'NONE',  ( -8.652978350906356332E-33, -0.000000000000000000, 1.000000000000000000 ) ) ;
#810 = AXIS2_PLACEMENT_3D ( 'NONE', #614, #1215, #947 ) ;
#811 = ORIENTED_EDGE ( 'NONE', *, *, #1271, .F. ) ;
#812 = EDGE_CURVE ( 'NONE', #1820, #688, #358, .T. ) ;
#813 = VECTOR ( 'NONE', #1690, 39.37007874015748143 ) ;
#814 = VECTOR ( 'NONE', #78, 39.37007874015748143 ) ;
#815 = CARTESIAN_POINT ( 'NONE',  ( -0.7061023600000000400, 0.1250000000000000000, -0.1393700800000000350 ) ) ;
#816 = DIRECTION ( 'NONE',  ( -1.000000000000000000, 0.000000000000000000, 0.000000000000000000 ) ) ;
#817 = CARTESIAN_POINT ( 'NONE',  ( -0.5000000000000001110, 0.05610236000000000389, -0.1393700800000000350 ) ) ;
#818 = CARTESIAN_POINT ( 'NONE',  ( -0.4000000000000000222, 0.2500000000000000000, -0.2992125984251967630 ) ) ;
#819 = ADVANCED_FACE ( 'NONE', ( #1334 ), #347, .T. ) ;
#820 = VECTOR ( 'NONE', #1192, 39.37007874015748143 ) ;
#821 = ORIENTED_EDGE ( 'NONE', *, *, #1856, .F. ) ;
#822 = CIRCLE ( 'NONE', #1184, 0.01000000000000002970 ) ;
#823 = ORIENTED_EDGE ( 'NONE', *, *, #1740, .T. ) ;
#824 = CARTESIAN_POINT ( 'NONE',  ( -0.7399999999999999911, 0.06610236000000001277, 0.000000000000000000 ) ) ;
#825 = DIRECTION ( 'NONE',  ( 0.000000000000000000, 0.000000000000000000, -1.000000000000000000 ) ) ;
#826 = CARTESIAN_POINT ( 'NONE',  ( -0.5000000000000001110, 0.2500000000000000000, -0.4899999999999998246 ) ) ;
#827 = FACE_OUTER_BOUND ( 'NONE', #1211, .T. ) ;
#828 = CARTESIAN_POINT ( 'NONE',  ( -0.2500000000000000555, 0.1249999999999999861, -0.4899999999999998801 ) ) ;
#829 = ORIENTED_EDGE ( 'NONE', *, *, #425, .F. ) ;
#830 = EDGE_CURVE ( 'NONE', #1755, #1310, #248, .T. ) ;
#831 = DIRECTION ( 'NONE',  ( -0.000000000000000000, 1.000000000000000000, -0.000000000000000000 ) ) ;
#832 = ORIENTED_EDGE ( 'NONE', *, *, #1856, .T. ) ;
#833 = CARTESIAN_POINT ( 'NONE',  ( 0.000000000000000000, 0.009999999999999995004, -0.01000000000000000021 ) ) ;
#834 = ADVANCED_FACE ( 'NONE', ( #1798 ), #910, .T. ) ;
#835 = LINE ( 'NONE', #826, #1428 ) ;
#836 = ADVANCED_FACE ( 'NONE', ( #1515 ), #1777, .T. ) ;
#837 = LINE ( 'NONE', #1843, #1294 ) ;
#838 = DIRECTION ( 'NONE',  ( -0.000000000000000000, 0.000000000000000000, -1.000000000000000000 ) ) ;
#839 = EDGE_LOOP ( 'NONE', ( #90, #1327, #665, #403, #767, #544 ) ) ;
#840 = CIRCLE ( 'NONE', #1506, 0.04921259842519682542 ) ;
#841 = AXIS2_PLACEMENT_3D ( 'NONE', #401, #859, #986 ) ;
#842 = CARTESIAN_POINT ( 'NONE',  ( -0.1781250000000000056, 0.1250000000000000000, -0.4974999999999999423 ) ) ;
#843 = ORIENTED_EDGE ( 'NONE', *, *, #129, .T. ) ;
#844 = LOCAL_TIME ( 19, 15, 42.00000000000000000, #873 ) ;
#845 = AXIS2_PLACEMENT_3D ( 'NONE', #920, #1799, #203 ) ;
#846 = ADVANCED_FACE ( 'NONE', ( #59 ), #768, .F. ) ;
#847 = ADVANCED_FACE ( 'NONE', ( #1365 ), #796, .F. ) ;
#848 = CARTESIAN_POINT ( 'NONE',  ( 8.652978350906355861E-35, 0.2500000000000000000, -0.01000000000000000021 ) ) ;
#849 = ADVANCED_FACE ( 'NONE', ( #492 ), #406, .T. ) ;
#850 = CYLINDRICAL_SURFACE ( 'NONE', #931, 0.01000000000000002970 ) ;
#851 = FACE_OUTER_BOUND ( 'NONE', #1256, .T. ) ;
#852 = ORIENTED_EDGE ( 'NONE', *, *, #1459, .T. ) ;
#853 = CIRCLE ( 'NONE', #1393, 0.01000000000000002970 ) ;
#854 = ORIENTED_EDGE ( 'NONE', *, *, #1049, .F. ) ;
#855 = AXIS2_PLACEMENT_3D ( 'NONE', #1377, #1078, #62 ) ;
#856 = CIRCLE ( 'NONE', #1672, 0.002499999999999973164 ) ;
#857 = DIRECTION ( 'NONE',  ( 8.652978350906356332E-33, 0.000000000000000000, -1.000000000000000000 ) ) ;
#858 = LINE ( 'NONE', #556, #1853 ) ;
#859 = DIRECTION ( 'NONE',  ( 0.000000000000000000, 1.000000000000000000, 0.000000000000000000 ) ) ;
#860 = DIRECTION ( 'NONE',  ( -0.000000000000000000, 1.000000000000000000, -0.000000000000000000 ) ) ;
#861 = ORIENTED_EDGE ( 'NONE', *, *, #247, .F. ) ;
#862 = VERTEX_POINT ( 'NONE', #1526 ) ;
#863 = CARTESIAN_POINT ( 'NONE',  ( -0.7061023600000000400, 0.1250000000000000000, 0.000000000000000000 ) ) ;
#864 = PERSON_AND_ORGANIZATION ( #1678, #1639 ) ;
#865 = DIRECTION ( 'NONE',  ( 1.365923996832131609E-16, -0.000000000000000000, 1.000000000000000000 ) ) ;
#866 = PLANE ( 'NONE',  #1637 ) ;
#867 = ORIENTED_EDGE ( 'NONE', *, *, #1399, .F. ) ;
#868 = VERTEX_POINT ( 'NONE', #643 ) ;
#869 = CARTESIAN_POINT ( 'NONE',  ( -0.7500000000000001110, 0.05610236000000000389, -0.3999999999999998557 ) ) ;
#870 = ORIENTED_EDGE ( 'NONE', *, *, #933, .F. ) ;
#871 = CIRCLE ( 'NONE', #1019, 0.002499999999999973164 ) ;
#872 = CARTESIAN_POINT ( 'NONE',  ( -0.7399999999999999911, 0.1938976399999999822, -0.3999999999999998557 ) ) ;
#873 = COORDINATED_UNIVERSAL_TIME_OFFSET ( 8, 0, .BEHIND. ) ;
#874 = AXIS2_PLACEMENT_3D ( 'NONE', #125, #136, #1308 ) ;
#875 = DIRECTION ( 'NONE',  ( 0.000000000000000000, 0.000000000000000000, 1.000000000000000000 ) ) ;
#876 = DIRECTION ( 'NONE',  ( 1.365923996832131609E-16, -0.000000000000000000, 1.000000000000000000 ) ) ;
#877 = ORIENTED_EDGE ( 'NONE', *, *, #39, .F. ) ;
#878 = EDGE_CURVE ( 'NONE', #627, #1567, #1194, .T. ) ;
#879 = DIRECTION ( 'NONE',  ( -1.000000000000000000, 0.000000000000000000, 1.365923996832131609E-16 ) ) ;
#880 = ORIENTED_EDGE ( 'NONE', *, *, #1164, .F. ) ;
#881 = VECTOR ( 'NONE', #879, 39.37007874015748143 ) ;
#882 = CIRCLE ( 'NONE', #1159, 0.01000000000000002970 ) ;
#883 = CARTESIAN_POINT ( 'NONE',  ( -0.2968750000000000000, 0.1520632938682637825, -0.4499999999999997891 ) ) ;
#884 = PERSON_AND_ORGANIZATION ( #1678, #1639 ) ;
#885 = CIRCLE ( 'NONE', #1522, 0.01000000000000002970 ) ;
#886 = DIRECTION ( 'NONE',  ( 0.000000000000000000, -1.000000000000000000, 0.000000000000000000 ) ) ;
#887 = CARTESIAN_POINT ( 'NONE',  ( -0.4000000000000000222, 0.2500000000000000000, -0.2007874015748030982 ) ) ;
#888 = EDGE_LOOP ( 'NONE', ( #1240, #1495, #1040, #387 ) ) ;
#889 = EDGE_CURVE ( 'NONE', #862, #35, #180, .T. ) ;
#890 = DIRECTION ( 'NONE',  ( 0.000000000000000000, 2.168404275582070744E-16, 1.000000000000000000 ) ) ;
#891 = VERTEX_POINT ( 'NONE', #50 ) ;
#892 = DIRECTION ( 'NONE',  ( 0.000000000000000000, 0.000000000000000000, 1.000000000000000000 ) ) ;
#893 = CARTESIAN_POINT ( 'NONE',  ( -0.7500000000000001110, 0.05610236000000000389, -0.3999999999999998557 ) ) ;
#894 = EDGE_CURVE ( 'NONE', #1265, #1664, #38, .T. ) ;
#895 = DIRECTION ( 'NONE',  ( -0.000000000000000000, 0.000000000000000000, 1.000000000000000000 ) ) ;
#896 = ORIENTED_EDGE ( 'NONE', *, *, #1757, .F. ) ;
#897 = LINE ( 'NONE', #818, #1546 ) ;
#898 = ORIENTED_EDGE ( 'NONE', *, *, #1293, .T. ) ;
#899 = CARTESIAN_POINT ( 'NONE',  ( -0.1681249999999999689, 0.1250000000000000000, -0.4899999999999998801 ) ) ;
#900 = PERSON_AND_ORGANIZATION ( #1678, #1639 ) ;
#901 = CIRCLE ( 'NONE', #1685, 0.01000000000000002970 ) ;
#902 = EDGE_CURVE ( 'NONE', #1455, #507, #633, .T. ) ;
#903 = CARTESIAN_POINT ( 'NONE',  ( -0.6561023599999999956, 0.1250000000000000000, 0.000000000000000000 ) ) ;
#904 = AXIS2_PLACEMENT_3D ( 'NONE', #1564, #1412, #1140 ) ;
#905 = CARTESIAN_POINT ( 'NONE',  ( -0.2500000000000000555, 0.1249999999999999861, -0.4999999999999998335 ) ) ;
#906 = VECTOR ( 'NONE', #367, 39.37007874015748143 ) ;
#907 = ORIENTED_EDGE ( 'NONE', *, *, #1653, .F. ) ;
#908 = CARTESIAN_POINT ( 'NONE',  ( -0.5000000000000001110, 0.2399999999999999911, -0.4899999999999998246 ) ) ;
#909 = ORIENTED_EDGE ( 'NONE', *, *, #797, .T. ) ;
#910 = CYLINDRICAL_SURFACE ( 'NONE', #1322, 0.01000000000000002970 ) ;
#911 = VECTOR ( 'NONE', #953, 39.37007874015748143 ) ;
#912 = CARTESIAN_POINT ( 'NONE',  ( -0.01000000000000000021, 0.2500000000000000000, -0.4899999999999998801 ) ) ;
#913 = CARTESIAN_POINT ( 'NONE',  ( -0.2500000000000000555, 0.1249999999999999861, -0.4974999999999999423 ) ) ;
#914 = ORIENTED_EDGE ( 'NONE', *, *, #647, .T. ) ;
#915 = CIRCLE ( 'NONE', #610, 0.02500000000000000486 ) ;
#916 = VERTEX_POINT ( 'NONE', #785 ) ;
#917 = DIRECTION ( 'NONE',  ( -1.000000000000000000, 0.000000000000000000, -0.000000000000000000 ) ) ;
#918 = ORIENTED_EDGE ( 'NONE', *, *, #1716, .F. ) ;
#919 = DIRECTION ( 'NONE',  ( 0.000000000000000000, -1.000000000000000000, -0.000000000000000000 ) ) ;
#920 = CARTESIAN_POINT ( 'NONE',  ( -0.4900000000000000466, 0.2500000000000000000, -0.01000000000000000021 ) ) ;
#921 = VERTEX_POINT ( 'NONE', #842 ) ;
#922 = DIRECTION ( 'NONE',  ( 1.000000000000000000, 0.000000000000000000, 0.000000000000000000 ) ) ;
#923 = ORIENTED_EDGE ( 'NONE', *, *, #93, .F. ) ;
#924 = CARTESIAN_POINT ( 'NONE',  ( -0.1681249999999999689, 0.1250000000000000000, -0.4974999999999999423 ) ) ;
#925 = VERTEX_POINT ( 'NONE', #815 ) ;
#926 = EDGE_CURVE ( 'NONE', #1820, #153, #1127, .T. ) ;
#927 = DIRECTION ( 'NONE',  ( 1.000000000000000000, -0.000000000000000000, -0.000000000000000000 ) ) ;
#928 = DIRECTION ( 'NONE',  ( 0.000000000000000000, -1.000000000000000000, 0.000000000000000000 ) ) ;
#929 = EDGE_LOOP ( 'NONE', ( #645, #738, #685, #1 ) ) ;
#930 = LINE ( 'NONE', #503, #1003 ) ;
#931 = AXIS2_PLACEMENT_3D ( 'NONE', #1394, #1547, #1422 ) ;
#932 = DIRECTION ( 'NONE',  ( 1.000000000000000000, 0.000000000000000000, 0.000000000000000000 ) ) ;
#933 = EDGE_CURVE ( 'NONE', #1721, #165, #1784, .T. ) ;
#934 = AXIS2_PLACEMENT_3D ( 'NONE', #806, #471, #172 ) ;
#935 = ORIENTED_EDGE ( 'NONE', *, *, #1318, .F. ) ;
#936 = ADVANCED_FACE ( 'NONE', ( #981 ), #66, .F. ) ;
#937 = ORIENTED_EDGE ( 'NONE', *, *, #1344, .F. ) ;
#938 = DIRECTION ( 'NONE',  ( -0.000000000000000000, 0.000000000000000000, 1.000000000000000000 ) ) ;
#939 = FACE_BOUND ( 'NONE', #1762, .T. ) ;
#940 = ORIENTED_EDGE ( 'NONE', *, *, #179, .T. ) ;
#941 = CARTESIAN_POINT ( 'NONE',  ( -0.5000000000000001110, 0.009999999999999995004, -0.01000000000000000021 ) ) ;
#942 = AXIS2_PLACEMENT_3D ( 'NONE', #1754, #267, #1586 ) ;
#943 = CARTESIAN_POINT ( 'NONE',  ( -0.6561023599999999956, 0.1250000000000000000, -0.3999999999999998557 ) ) ;
#944 = AXIS2_PLACEMENT_3D ( 'NONE', #1443, #860, #1153 ) ;
#945 = APPROVAL_PERSON_ORGANIZATION ( #470, #1807, #1770 ) ;
#946 = ORIENTED_EDGE ( 'NONE', *, *, #683, .F. ) ;
#947 = DIRECTION ( 'NONE',  ( -1.000000000000000000, 0.000000000000000000, -8.652978350906356332E-33 ) ) ;
#948 = DIRECTION ( 'NONE',  ( 0.000000000000000000, 0.000000000000000000, 1.000000000000000000 ) ) ;
#949 = LINE ( 'NONE', #332, #1248 ) ;
#950 = EDGE_CURVE ( 'NONE', #868, #1595, #1333, .T. ) ;
#951 = CARTESIAN_POINT ( 'NONE',  ( -0.4900000000000000466, 0.2399999999999999911, -0.4899999999999998246 ) ) ;
#952 = ORIENTED_EDGE ( 'NONE', *, *, #894, .T. ) ;
#953 = DIRECTION ( 'NONE',  ( 1.000000000000000000, -0.000000000000000000, -0.000000000000000000 ) ) ;
#954 = FACE_OUTER_BOUND ( 'NONE', #1578, .T. ) ;
#955 = DIRECTION ( 'NONE',  ( 0.000000000000000000, 1.000000000000000000, 0.000000000000000000 ) ) ;
#956 = ADVANCED_FACE ( 'NONE', ( #397 ), #659, .F. ) ;
#957 = PLANE ( 'NONE',  #3 ) ;
#958 = VECTOR ( 'NONE', #1638, 39.37007874015748143 ) ;
#959 = DIRECTION ( 'NONE',  ( -1.000000000000000000, -0.000000000000000000, 0.000000000000000000 ) ) ;
#960 = EDGE_LOOP ( 'NONE', ( #75, #657, #268, #1373 ) ) ;
#961 = CLOSED_SHELL ( 'NONE', ( #1409, #199, #1151, #849, #525, #999, #1831, #1505, #1679, #1232, #1469, #1172, #459, #756, #846, #847, #482, #97, #1292, #1239, #493, #695, #1072, #14, #956, #151, #1446, #1008, #1217, #1080, #1044, #1779, #591, #936, #1360, #983, #234, #359, #1802, #694, #1688, #301, #1125, #1525, #106, #836, #1436, #819, #273, #707, #74, #1091, #73, #334, #213, #1160, #595, #834, #337, #409, #472, #634, #1033, #449, #552 ) ) ;
#962 = VECTOR ( 'NONE', #769, 39.37007874015748143 ) ;
#963 = FACE_BOUND ( 'NONE', #1520, .T. ) ;
#964 = DIRECTION ( 'NONE',  ( 0.000000000000000000, 0.000000000000000000, -1.000000000000000000 ) ) ;
#965 = DIRECTION ( 'NONE',  ( -1.000000000000000000, 0.000000000000000000, 0.000000000000000000 ) ) ;
#966 = CARTESIAN_POINT ( 'NONE',  ( -0.1000000000000000194, 0.2500000000000000000, -0.2007874015748030982 ) ) ;
#967 = DIRECTION ( 'NONE',  ( 0.000000000000000000, 0.000000000000000000, -1.000000000000000000 ) ) ;
#968 = AXIS2_PLACEMENT_3D ( 'NONE', #524, #553, #1714 ) ;
#969 = AXIS2_PLACEMENT_3D ( 'NONE', #177, #326, #917 ) ;
#970 = ORIENTED_EDGE ( 'NONE', *, *, #701, .T. ) ;
#971 = CIRCLE ( 'NONE', #456, 0.002499999999999973164 ) ;
#972 = EDGE_CURVE ( 'NONE', #167, #1664, #1858, .T. ) ;
#973 = CYLINDRICAL_SURFACE ( 'NONE', #1695, 0.08187500000000010048 ) ;
#974 = ORIENTED_EDGE ( 'NONE', *, *, #206, .T. ) ;
#975 = LINE ( 'NONE', #1108, #906 ) ;
#976 = FACE_OUTER_BOUND ( 'NONE', #143, .T. ) ;
#977 = CARTESIAN_POINT ( 'NONE',  ( -0.7399999999999999911, 0.1938976399999999822, -0.1393700800000000350 ) ) ;
#978 = LINE ( 'NONE', #272, #515 ) ;
#979 = ORIENTED_EDGE ( 'NONE', *, *, #1271, .T. ) ;
#980 = EDGE_CURVE ( 'NONE', #1593, #1782, #1668, .T. ) ;
#981 = FACE_OUTER_BOUND ( 'NONE', #960, .T. ) ;
#982 = ORIENTED_EDGE ( 'NONE', *, *, #1261, .T. ) ;
#983 = ADVANCED_FACE ( 'NONE', ( #226 ), #102, .F. ) ;
#984 = CARTESIAN_POINT ( 'NONE',  ( -0.7399999999999999911, 0.06610236000000001277, -0.1000000000000000056 ) ) ;
#985 = LINE ( 'NONE', #1868, #1098 ) ;
#986 = DIRECTION ( 'NONE',  ( 0.000000000000000000, 0.000000000000000000, 1.000000000000000000 ) ) ;
#987 = CARTESIAN_POINT ( 'NONE',  ( -0.7399999999999999911, 0.06610236000000001277, -0.3999999999999998557 ) ) ;
#988 = EDGE_LOOP ( 'NONE', ( #1623, #1866, #1497, #415 ) ) ;
#989 = FACE_OUTER_BOUND ( 'NONE', #84, .T. ) ;
#990 = ORIENTED_EDGE ( 'NONE', *, *, #481, .F. ) ;
#991 = AXIS2_PLACEMENT_3D ( 'NONE', #229, #407, #992 ) ;
#992 = DIRECTION ( 'NONE',  ( -1.000000000000000000, 0.000000000000000000, 0.000000000000000000 ) ) ;
#993 = APPLICATION_CONTEXT ( 'configuration controlled 3d designs of mechanical parts and assemblies' ) ;
#994 = CARTESIAN_POINT ( 'NONE',  ( -0.6561023599999999956, 0.1250000000000000000, -0.1393700800000000350 ) ) ;
#995 = FACE_OUTER_BOUND ( 'NONE', #1089, .T. ) ;
#996 = DIRECTION ( 'NONE',  ( 0.000000000000000000, -1.000000000000000000, 0.000000000000000000 ) ) ;
#997 = ORIENTED_EDGE ( 'NONE', *, *, #1804, .F. ) ;
#998 = AXIS2_PLACEMENT_3D ( 'NONE', #869, #1017, #890 ) ;
#999 = ADVANCED_FACE ( 'NONE', ( #989 ), #973, .F. ) ;
#1000 = CARTESIAN_POINT ( 'NONE',  ( -0.4900000000000000466, 0.2399999999999999911, -0.4899999999999998246 ) ) ;
#1001 = VERTEX_POINT ( 'NONE', #687 ) ;
#1002 = AXIS2_PLACEMENT_3D ( 'NONE', #913, #876, #173 ) ;
#1003 = VECTOR ( 'NONE', #789, 39.37007874015748143 ) ;
#1004 = FACE_OUTER_BOUND ( 'NONE', #1682, .T. ) ;
#1005 = DIRECTION ( 'NONE',  ( -0.8660254037844388186, -0.4999999999999998335, 0.000000000000000000 ) ) ;
#1006 = DIRECTION ( 'NONE',  ( -0.000000000000000000, -1.000000000000000000, -0.000000000000000000 ) ) ;
#1007 = CARTESIAN_POINT ( 'NONE',  ( -0.1681249999999999689, 0.1250000000000000000, -0.4899999999999998801 ) ) ;
#1008 = ADVANCED_FACE ( 'NONE', ( #963, #1543 ), #1100, .T. ) ;
#1009 = ORIENTED_EDGE ( 'NONE', *, *, #1716, .T. ) ;
#1010 = CARTESIAN_POINT ( 'NONE',  ( -0.01000000000000000021, 0.009999999999999995004, -0.4899999999999998801 ) ) ;
#1011 = ORIENTED_EDGE ( 'NONE', *, *, #1740, .F. ) ;
#1012 = DIRECTION ( 'NONE',  ( -1.000000000000000000, 0.000000000000000000, 0.000000000000000000 ) ) ;
#1013 = APPROVAL_DATE_TIME ( #1053, #48 ) ;
#1014 = DIRECTION ( 'NONE',  ( 1.000000000000000000, -0.000000000000000000, 0.000000000000000000 ) ) ;
#1015 = EDGE_CURVE ( 'NONE', #1755, #627, #1675, .T. ) ;
#1016 = ORIENTED_EDGE ( 'NONE', *, *, #108, .T. ) ;
#1017 = DIRECTION ( 'NONE',  ( 0.000000000000000000, 1.000000000000000000, -2.168404275582070744E-16 ) ) ;
#1018 = EDGE_LOOP ( 'NONE', ( #484, #474, #1079, #589 ) ) ;
#1019 = AXIS2_PLACEMENT_3D ( 'NONE', #1225, #919, #1201 ) ;
#1020 = CIRCLE ( 'NONE', #841, 0.01000000000000000021 ) ;
#1021 = CARTESIAN_POINT ( 'NONE',  ( -0.4900000000000000466, 0.2399999999999999911, -0.4899999999999998246 ) ) ;
#1022 = PERSON_AND_ORGANIZATION_ROLE ( 'design_supplier' ) ;
#1023 = CIRCLE ( 'NONE', #159, 0.01000000000000002970 ) ;
#1024 = VECTOR ( 'NONE', #720, 39.37007874015748143 ) ;
#1025 = FACE_OUTER_BOUND ( 'NONE', #799, .T. ) ;
#1026 = EDGE_CURVE ( 'NONE', #1310, #1347, #1532, .T. ) ;
#1027 = CARTESIAN_POINT ( 'NONE',  ( -0.5000000000000001110, 0.2399999999999999911, -0.01000000000000000021 ) ) ;
#1028 = EDGE_LOOP ( 'NONE', ( #1786, #551 ) ) ;
#1029 = ORIENTED_EDGE ( 'NONE', *, *, #1768, .F. ) ;
#1030 = CARTESIAN_POINT ( 'NONE',  ( -0.2499999999999999167, 0.07087341226347257384, -0.4999999999999999445 ) ) ;
#1031 = VERTEX_POINT ( 'NONE', #670 ) ;
#1032 = CIRCLE ( 'NONE', #1183, 0.01000000000000002970 ) ;
#1033 = ADVANCED_FACE ( 'NONE', ( #1252 ), #376, .T. ) ;
#1034 = VECTOR ( 'NONE', #1603, 39.37007874015748854 ) ;
#1035 = CARTESIAN_POINT ( 'NONE',  ( -0.2031249999999999722, 0.1520632938682637270, -0.4499999999999998446 ) ) ;
#1036 = CALENDAR_DATE ( 2026, 20, 3 ) ;
#1037 = VECTOR ( 'NONE', #1280, 39.37007874015748143 ) ;
#1038 = CARTESIAN_POINT ( 'NONE',  ( -0.01000000000000000021, 0.2500000000000000000, -0.4899999999999998801 ) ) ;
#1039 = DIRECTION ( 'NONE',  ( 1.000000000000000000, 0.000000000000000000, -1.365923996832131609E-16 ) ) ;
#1040 = ORIENTED_EDGE ( 'NONE', *, *, #639, .T. ) ;
#1041 = CARTESIAN_POINT ( 'NONE',  ( -0.7399999999999999911, 0.1938976399999999822, -0.3606299199999998262 ) ) ;
#1042 = EDGE_LOOP ( 'NONE', ( #327, #737, #1380, #1095 ) ) ;
#1043 = CARTESIAN_POINT ( 'NONE',  ( -0.7500000000000001110, 0.05610236000000000389, -0.3999999999999998557 ) ) ;
#1044 = ADVANCED_FACE ( 'NONE', ( #1258 ), #1837, .F. ) ;
#1045 = DIRECTION ( 'NONE',  ( 0.000000000000000000, 1.000000000000000000, 0.000000000000000000 ) ) ;
#1046 = EDGE_LOOP ( 'NONE', ( #405, #1009, #982, #1636 ) ) ;
#1047 = DIRECTION ( 'NONE',  ( -0.000000000000000000, -0.000000000000000000, 1.000000000000000000 ) ) ;
#1048 = ORIENTED_EDGE ( 'NONE', *, *, #1894, .T. ) ;
#1049 = EDGE_CURVE ( 'NONE', #1664, #1031, #1407, .T. ) ;
#1050 = CARTESIAN_POINT ( 'NONE',  ( -0.7500000000000001110, 0.1838976399999999456, -0.1000000000000000056 ) ) ;
#1051 = ORIENTED_EDGE ( 'NONE', *, *, #679, .F. ) ;
#1052 = CARTESIAN_POINT ( 'NONE',  ( -0.7399999999999999911, 0.1838976400000000011, -0.1000000000000000056 ) ) ;
#1053 = DATE_AND_TIME ( #1195, #49 ) ;
#1054 = VECTOR ( 'NONE', #1355, 39.37007874015748143 ) ;
#1055 = CARTESIAN_POINT ( 'NONE',  ( -0.4900000000000000466, 0.2399999999999999911, -0.4899999999999998246 ) ) ;
#1056 = AXIS2_PLACEMENT_3D ( 'NONE', #1254, #539, #1862 ) ;
#1057 = CARTESIAN_POINT ( 'NONE',  ( -0.2499999999999999167, 0.07087341226347257384, -0.4499999999999998446 ) ) ;
#1058 = AXIS2_PLACEMENT_3D ( 'NONE', #585, #1170, #1747 ) ;
#1059 = ORIENTED_EDGE ( 'NONE', *, *, #926, .T. ) ;
#1060 = ORIENTED_EDGE ( 'NONE', *, *, #1293, .F. ) ;
#1061 = PLANE ( 'NONE',  #638 ) ;
#1062 = ORIENTED_EDGE ( 'NONE', *, *, #147, .T. ) ;
#1063 = CARTESIAN_POINT ( 'NONE',  ( -0.01000000000000000021, 0.2399999999999999911, -8.652978350906355861E-35 ) ) ;
#1064 = AXIS2_PLACEMENT_3D ( 'NONE', #1243, #1418, #805 ) ;
#1065 = CARTESIAN_POINT ( 'NONE',  ( 0.000000000000000000, 0.2500000000000000000, 0.000000000000000000 ) ) ;
#1066 = ORIENTED_EDGE ( 'NONE', *, *, #434, .F. ) ;
#1067 = CARTESIAN_POINT ( 'NONE',  ( -0.4900000000000000466, 0.2399999999999999911, -0.01000000000000000021 ) ) ;
#1068 = CIRCLE ( 'NONE', #260, 0.04921259842519679073 ) ;
#1069 = EDGE_CURVE ( 'NONE', #1782, #921, #1320, .T. ) ;
#1070 = ORIENTED_EDGE ( 'NONE', *, *, #1822, .F. ) ;
#1071 = FACE_OUTER_BOUND ( 'NONE', #6, .T. ) ;
#1072 = ADVANCED_FACE ( 'NONE', ( #1733 ), #1311, .F. ) ;
#1073 = DIRECTION ( 'NONE',  ( 0.000000000000000000, -0.000000000000000000, -1.000000000000000000 ) ) ;
#1074 = VERTEX_POINT ( 'NONE', #1146 ) ;
#1075 = CARTESIAN_POINT ( 'NONE',  ( 4.239959391944113891E-33, 0.2500000000000000000, -0.4899999999999998801 ) ) ;
#1076 = LINE ( 'NONE', #60, #250 ) ;
#1077 = EDGE_LOOP ( 'NONE', ( #429, #1465, #1257, #1016 ) ) ;
#1078 = DIRECTION ( 'NONE',  ( 0.000000000000000000, 0.000000000000000000, -1.000000000000000000 ) ) ;
#1079 = ORIENTED_EDGE ( 'NONE', *, *, #1435, .T. ) ;
#1080 = ADVANCED_FACE ( 'NONE', ( #5 ), #1181, .T. ) ;
#1081 = VERTEX_POINT ( 'NONE', #1030 ) ;
#1082 = DIRECTION ( 'NONE',  ( 0.000000000000000000, -0.000000000000000000, 1.000000000000000000 ) ) ;
#1083 = CARTESIAN_POINT ( 'NONE',  ( -0.4900000000000000466, 0.01000000000000000021, -0.4899999999999998246 ) ) ;
#1084 = ORIENTED_EDGE ( 'NONE', *, *, #1768, .T. ) ;
#1085 = CARTESIAN_POINT ( 'NONE',  ( -0.4900000000000000466, 0.2500000000000000000, 0.000000000000000000 ) ) ;
#1086 = DIRECTION ( 'NONE',  ( -0.000000000000000000, -1.000000000000000000, -0.000000000000000000 ) ) ;
#1087 = TOROIDAL_SURFACE ( 'NONE', #1387, 0.06937500000000003386, 0.002500000000000000052 ) ;
#1088 = EDGE_LOOP ( 'NONE', ( #297, #1887 ) ) ;
#1089 = EDGE_LOOP ( 'NONE', ( #597, #1230, #1585, #1751 ) ) ;
#1090 = DIRECTION ( 'NONE',  ( 0.000000000000000000, 0.000000000000000000, 1.000000000000000000 ) ) ;
#1091 = ADVANCED_FACE ( 'NONE', ( #717 ), #1447, .T. ) ;
#1092 = CARTESIAN_POINT ( 'NONE',  ( -0.1000000000000000194, 0.2500000000000000000, -0.2007874015748031260 ) ) ;
#1093 = FACE_OUTER_BOUND ( 'NONE', #606, .T. ) ;
#1094 = AXIS2_PLACEMENT_3D ( 'NONE', #824, #85, #678 ) ;
#1095 = ORIENTED_EDGE ( 'NONE', *, *, #2, .F. ) ;
#1096 = AXIS2_PLACEMENT_3D ( 'NONE', #1121, #996, #1264 ) ;
#1097 = EDGE_CURVE ( 'NONE', #1641, #174, #790, .T. ) ;
#1098 = VECTOR ( 'NONE', #1582, 39.37007874015748143 ) ;
#1099 = ORIENTED_EDGE ( 'NONE', *, *, #299, .T. ) ;
#1100 = PLANE ( 'NONE',  #1122 ) ;
#1101 = LINE ( 'NONE', #848, #1417 ) ;
#1102 = DIRECTION ( 'NONE',  ( -0.000000000000000000, 0.000000000000000000, 1.000000000000000000 ) ) ;
#1103 = ORIENTED_EDGE ( 'NONE', *, *, #1563, .T. ) ;
#1104 = CARTESIAN_POINT ( 'NONE',  ( -0.7061023600000000400, 0.1250000000000000000, -0.3606299199999998262 ) ) ;
#1105 = EDGE_LOOP ( 'NONE', ( #758, #1099, #1660, #25 ) ) ;
#1106 = ORIENTED_EDGE ( 'NONE', *, *, #1568, .F. ) ;
#1107 = CARTESIAN_POINT ( 'NONE',  ( -0.2500000000000000555, 0.1249999999999999861, -0.4899999999999998801 ) ) ;
#1108 = CARTESIAN_POINT ( 'NONE',  ( -0.2031249999999999722, 0.1520632938682637270, -0.4499999999999998446 ) ) ;
#1109 = CARTESIAN_POINT ( 'NONE',  ( -0.7500000000000001110, 0.1838976400000000011, 0.000000000000000000 ) ) ;
#1110 = EDGE_CURVE ( 'NONE', #1081, #153, #1895, .T. ) ;
#1111 = LINE ( 'NONE', #977, #813 ) ;
#1112 = LINE ( 'NONE', #1728, #1764 ) ;
#1113 = CIRCLE ( 'NONE', #1720, 0.01000000000000002970 ) ;
#1114 = ORIENTED_EDGE ( 'NONE', *, *, #1736, .F. ) ;
#1115 = AXIS2_PLACEMENT_3D ( 'NONE', #1676, #94, #238 ) ;
#1116 = DIRECTION ( 'NONE',  ( 1.365923996832131609E-16, 0.000000000000000000, 1.000000000000000000 ) ) ;
#1117 = ORIENTED_EDGE ( 'NONE', *, *, #1749, .F. ) ;
#1118 = CYLINDRICAL_SURFACE ( 'NONE', #596, 0.01000000000000002970 ) ;
#1119 = CARTESIAN_POINT ( 'NONE',  ( -0.6811023600000000178, 0.1250000000000000000, -0.3999999999999998557 ) ) ;
#1120 = PLANE ( 'NONE',  #476 ) ;
#1121 = CARTESIAN_POINT ( 'NONE',  ( -0.01000000000000000021, 0.009999999999999995004, -0.01000000000000000021 ) ) ;
#1122 = AXIS2_PLACEMENT_3D ( 'NONE', #1277, #210, #1552 ) ;
#1123 = AXIS2_PLACEMENT_3D ( 'NONE', #393, #724, #126 ) ;
#1124 = EDGE_LOOP ( 'NONE', ( #1103, #534 ) ) ;
#1125 = ADVANCED_FACE ( 'NONE', ( #1570 ), #588, .T. ) ;
#1126 = VECTOR ( 'NONE', #212, 39.37007874015748143 ) ;
#1127 = LINE ( 'NONE', #1390, #719 ) ;
#1128 = VERTEX_POINT ( 'NONE', #417 ) ;
#1129 = CYLINDRICAL_SURFACE ( 'NONE', #191, 0.01000000000000000021 ) ;
#1130 = DIRECTION ( 'NONE',  ( -1.000000000000000000, 0.000000000000000000, 0.000000000000000000 ) ) ;
#1131 = APPROVAL ( #1879, 'UNSPECIFIED' ) ;
#1132 = CARTESIAN_POINT ( 'NONE',  ( -0.4900000000000000466, 0.009999999999999995004, 0.000000000000000000 ) ) ;
#1133 = CARTESIAN_POINT ( 'NONE',  ( -0.4900000000000000466, 0.01000000000000000021, -0.01000000000000000021 ) ) ;
#1134 = EDGE_CURVE ( 'NONE', #128, #19, #1609, .T. ) ;
#1135 = ORIENTED_EDGE ( 'NONE', *, *, #889, .F. ) ;
#1136 = CARTESIAN_POINT ( 'NONE',  ( -0.2031249999999999722, 0.1520632938682637270, -0.4499999999999998446 ) ) ;
#1137 = ORIENTED_EDGE ( 'NONE', *, *, #584, .F. ) ;
#1138 = DIRECTION ( 'NONE',  ( 0.000000000000000000, 0.000000000000000000, -1.000000000000000000 ) ) ;
#1139 = DIRECTION ( 'NONE',  ( 0.000000000000000000, 0.000000000000000000, -1.000000000000000000 ) ) ;
#1140 = DIRECTION ( 'NONE',  ( 1.000000000000000000, 0.000000000000000000, 0.000000000000000000 ) ) ;
#1141 = DIRECTION ( 'NONE',  ( 1.000000000000000000, 0.000000000000000000, 0.000000000000000000 ) ) ;
#1142 = EDGE_LOOP ( 'NONE', ( #867, #1212, #1137, #1220 ) ) ;
#1143 = AXIS2_PLACEMENT_3D ( 'NONE', #1323, #601, #1149 ) ;
#1144 = EDGE_LOOP ( 'NONE', ( #1191, #1803, #1523, #498 ) ) ;
#1145 = AXIS2_PLACEMENT_3D ( 'NONE', #951, #1502, #184 ) ;
#1146 = CARTESIAN_POINT ( 'NONE',  ( -0.4000000000000000222, 0.2500000000000000000, -0.2992125984251967630 ) ) ;
#1147 = ORIENTED_EDGE ( 'NONE', *, *, #902, .F. ) ;
#1148 = AXIS2_PLACEMENT_3D ( 'NONE', #1338, #1472, #592 ) ;
#1149 = DIRECTION ( 'NONE',  ( 0.000000000000000000, 0.000000000000000000, -1.000000000000000000 ) ) ;
#1150 = CARTESIAN_POINT ( 'NONE',  ( -0.3343750000000000888, 0.1250000000000000000, -0.4974999999999999423 ) ) ;
#1151 = ADVANCED_FACE ( 'NONE', ( #152 ), #1216, .T. ) ;
#1152 = LINE ( 'NONE', #1433, #628 ) ;
#1153 = DIRECTION ( 'NONE',  ( 0.000000000000000000, 0.000000000000000000, 1.000000000000000000 ) ) ;
#1154 = VERTEX_POINT ( 'NONE', #571 ) ;
#1155 = EDGE_LOOP ( 'NONE', ( #122, #1893, #383, #624 ) ) ;
#1156 = AXIS2_PLACEMENT_3D ( 'NONE', #1136, #1705, #386 ) ;
#1157 = CARTESIAN_POINT ( 'NONE',  ( -0.7399999999999999911, 0.05610236000000000389, -0.1393700800000000350 ) ) ;
#1158 = ORIENTED_EDGE ( 'NONE', *, *, #742, .F. ) ;
#1159 = AXIS2_PLACEMENT_3D ( 'NONE', #987, #838, #1141 ) ;
#1160 = ADVANCED_FACE ( 'NONE', ( #561 ), #460, .T. ) ;
#1161 = DIRECTION ( 'NONE',  ( -1.000000000000000000, -0.000000000000000000, 2.134256245050199045E-16 ) ) ;
#1162 = FACE_OUTER_BOUND ( 'NONE', #1231, .T. ) ;
#1163 = CARTESIAN_POINT ( 'NONE',  ( -0.01000000000000000021, 0.01000000000000000021, -0.4899999999999998801 ) ) ;
#1164 = EDGE_CURVE ( 'NONE', #775, #862, #853, .T. ) ;
#1165 = ORIENTED_EDGE ( 'NONE', *, *, #425, .T. ) ;
#1166 = LINE ( 'NONE', #1743, #881 ) ;
#1167 = ORIENTED_EDGE ( 'NONE', *, *, #1097, .F. ) ;
#1168 = CARTESIAN_POINT ( 'NONE',  ( -0.3343750000000000888, 0.1250000000000000000, -0.4999999999999998335 ) ) ;
#1169 = COORDINATED_UNIVERSAL_TIME_OFFSET ( 8, 0, .BEHIND. ) ;
#1170 = DIRECTION ( 'NONE',  ( -0.000000000000000000, 1.000000000000000000, -0.000000000000000000 ) ) ;
#1171 = DIRECTION ( 'NONE',  ( 0.000000000000000000, 0.000000000000000000, 1.000000000000000000 ) ) ;
#1172 = ADVANCED_FACE ( 'NONE', ( #1579 ), #709, .F. ) ;
#1173 = DIRECTION ( 'NONE',  ( 1.000000000000000000, 0.000000000000000000, -1.365923996832131609E-16 ) ) ;
#1174 = ORIENTED_EDGE ( 'NONE', *, *, #1539, .T. ) ;
#1175 = VECTOR ( 'NONE', #1498, 39.37007874015748143 ) ;
#1176 = DIRECTION ( 'NONE',  ( -0.000000000000000000, -0.000000000000000000, -1.000000000000000000 ) ) ;
#1177 = CIRCLE ( 'NONE', #69, 0.01000000000000002970 ) ;
#1178 = CYLINDRICAL_SURFACE ( 'NONE', #508, 0.01000000000000002970 ) ;
#1179 = DIRECTION ( 'NONE',  ( 0.8660254037844384856, -0.5000000000000001110, 0.000000000000000000 ) ) ;
#1180 = VERTEX_POINT ( 'NONE', #1157 ) ;
#1181 = PLANE ( 'NONE',  #166 ) ;
#1182 = VERTEX_POINT ( 'NONE', #430 ) ;
#1183 = AXIS2_PLACEMENT_3D ( 'NONE', #490, #1785, #1396 ) ;
#1184 = AXIS2_PLACEMENT_3D ( 'NONE', #321, #1624, #24 ) ;
#1185 = CARTESIAN_POINT ( 'NONE',  ( -0.1656249999999999667, 0.1249999999999999861, -0.4999999999999998335 ) ) ;
#1186 = COORDINATED_UNIVERSAL_TIME_OFFSET ( 8, 0, .BEHIND. ) ;
#1187 = AXIS2_PLACEMENT_3D ( 'NONE', #1119, #1545, #1574 ) ;
#1188 = CARTESIAN_POINT ( 'NONE',  ( -0.01000000000000000021, 0.000000000000000000, -0.4899999999999998801 ) ) ;
#1189 = ORIENTED_EDGE ( 'NONE', *, *, #1134, .F. ) ;
#1190 = DIRECTION ( 'NONE',  ( -1.000000000000000000, 1.024442997624095621E-14, 0.000000000000000000 ) ) ;
#1191 = ORIENTED_EDGE ( 'NONE', *, *, #1438, .F. ) ;
#1192 = DIRECTION ( 'NONE',  ( -0.000000000000000000, -1.000000000000000000, -0.000000000000000000 ) ) ;
#1193 = ORIENTED_EDGE ( 'NONE', *, *, #51, .T. ) ;
#1194 = LINE ( 'NONE', #622, #958 ) ;
#1195 = CALENDAR_DATE ( 2026, 20, 3 ) ;
#1196 = FACE_OUTER_BOUND ( 'NONE', #1268, .T. ) ;
#1197 = DIRECTION ( 'NONE',  ( -1.365923996832131609E-16, 0.000000000000000000, -1.000000000000000000 ) ) ;
#1198 = ORIENTED_EDGE ( 'NONE', *, *, #1401, .T. ) ;
#1199 = CARTESIAN_POINT ( 'NONE',  ( -0.01000000000000000021, 0.000000000000000000, -8.652978350906355861E-35 ) ) ;
#1200 = ORIENTED_EDGE ( 'NONE', *, *, #17, .F. ) ;
#1201 = DIRECTION ( 'NONE',  ( 0.000000000000000000, 0.000000000000000000, -1.000000000000000000 ) ) ;
#1202 = EDGE_CURVE ( 'NONE', #245, #1455, #603, .T. ) ;
#1203 = CIRCLE ( 'NONE', #1056, 0.02500000000000000486 ) ;
#1204 = LINE ( 'NONE', #778, #658 ) ;
#1205 = EDGE_CURVE ( 'NONE', #451, #775, #1166, .T. ) ;
#1206 = CIRCLE ( 'NONE', #874, 0.01000000000000000021 ) ;
#1207 = EDGE_LOOP ( 'NONE', ( #182, #990, #570, #1189 ) ) ;
#1208 = LINE ( 'NONE', #807, #641 ) ;
#1209 = CC_DESIGN_SECURITY_CLASSIFICATION ( #411, ( #458 ) ) ;
#1210 = AXIS2_PLACEMENT_3D ( 'NONE', #1301, #280, #875 ) ;
#1211 = EDGE_LOOP ( 'NONE', ( #1616, #898 ) ) ;
#1212 = ORIENTED_EDGE ( 'NONE', *, *, #147, .F. ) ;
#1213 = CARTESIAN_POINT ( 'NONE',  ( -0.7500000000000001110, 0.06610236000000001277, 0.000000000000000000 ) ) ;
#1214 = ORIENTED_EDGE ( 'NONE', *, *, #120, .F. ) ;
#1215 = DIRECTION ( 'NONE',  ( 8.652978350906356332E-33, 0.000000000000000000, -1.000000000000000000 ) ) ;
#1216 = TOROIDAL_SURFACE ( 'NONE', #1489, 0.08437500000000007494, 0.002500000000000000052 ) ;
#1217 = ADVANCED_FACE ( 'NONE', ( #1496 ), #1645, .T. ) ;
#1218 = AXIS2_PLACEMENT_3D ( 'NONE', #1133, #540, #1557 ) ;
#1219 = CYLINDRICAL_SURFACE ( 'NONE', #845, 0.01000000000000000021 ) ;
#1220 = ORIENTED_EDGE ( 'NONE', *, *, #324, .F. ) ;
#1221 = CARTESIAN_POINT ( 'NONE',  ( -0.6561023599999999956, 0.1250000000000000000, 0.000000000000000000 ) ) ;
#1222 = CIRCLE ( 'NONE', #1608, 0.01000000000000000021 ) ;
#1223 = CARTESIAN_POINT ( 'NONE',  ( -0.7500000000000001110, 0.05610236000000000389, -0.1393700800000000350 ) ) ;
#1224 = ORIENTED_EDGE ( 'NONE', *, *, #1894, .F. ) ;
#1225 = CARTESIAN_POINT ( 'NONE',  ( -0.1656249999999999667, 0.1249999999999999861, -0.4974999999999999423 ) ) ;
#1226 = EDGE_CURVE ( 'NONE', #253, #677, #1828, .T. ) ;
#1227 = DIRECTION ( 'NONE',  ( -0.000000000000000000, 2.168404275582070497E-16, 1.000000000000000000 ) ) ;
#1228 = EDGE_LOOP ( 'NONE', ( #225, #13 ) ) ;
#1229 = FACE_BOUND ( 'NONE', #437, .T. ) ;
#1230 = ORIENTED_EDGE ( 'NONE', *, *, #324, .T. ) ;
#1231 = EDGE_LOOP ( 'NONE', ( #970, #918, #801, #1011 ) ) ;
#1232 = ADVANCED_FACE ( 'NONE', ( #1342 ), #1061, .F. ) ;
#1233 = DIRECTION ( 'NONE',  ( -0.000000000000000000, 1.000000000000000000, -0.000000000000000000 ) ) ;
#1234 = FACE_OUTER_BOUND ( 'NONE', #803, .T. ) ;
#1235 = ORIENTED_EDGE ( 'NONE', *, *, #1459, .F. ) ;
#1236 = DIRECTION ( 'NONE',  ( 1.000000000000000000, 0.000000000000000000, 0.000000000000000000 ) ) ;
#1237 = FACE_OUTER_BOUND ( 'NONE', #710, .T. ) ;
#1238 = VECTOR ( 'NONE', #1840, 39.37007874015748854 ) ;
#1239 = ADVANCED_FACE ( 'NONE', ( #26 ), #1538, .F. ) ;
#1240 = ORIENTED_EDGE ( 'NONE', *, *, #299, .F. ) ;
#1241 = VERTEX_POINT ( 'NONE', #908 ) ;
#1242 = EDGE_CURVE ( 'NONE', #921, #174, #1366, .T. ) ;
#1243 = CARTESIAN_POINT ( 'NONE',  ( -0.2500000000000000555, 0.1249999999999999861, -0.4899999999999998801 ) ) ;
#1244 = LINE ( 'NONE', #339, #962 ) ;
#1245 = DIRECTION ( 'NONE',  ( -1.000000000000000000, 0.000000000000000000, 1.365923996832131609E-16 ) ) ;
#1246 = VECTOR ( 'NONE', #1765, 39.37007874015748854 ) ;
#1247 = CARTESIAN_POINT ( 'NONE',  ( -0.7061023600000000400, 0.1250000000000000000, -0.3999999999999998557 ) ) ;
#1248 = VECTOR ( 'NONE', #205, 39.37007874015748143 ) ;
#1249 = DIRECTION ( 'NONE',  ( 0.000000000000000000, 0.000000000000000000, -1.000000000000000000 ) ) ;
#1250 = AXIS2_PLACEMENT_3D ( 'NONE', #1801, #511, #195 ) ;
#1251 = ORIENTED_EDGE ( 'NONE', *, *, #134, .T. ) ;
#1252 = FACE_OUTER_BOUND ( 'NONE', #562, .T. ) ;
#1253 = DIRECTION ( 'NONE',  ( -8.652978350906356332E-33, -0.000000000000000000, 1.000000000000000000 ) ) ;
#1254 = CARTESIAN_POINT ( 'NONE',  ( -0.6811023600000000178, 0.1250000000000000000, -0.1393700800000000350 ) ) ;
#1255 = DIRECTION ( 'NONE',  ( -1.000000000000000000, -0.000000000000000000, -0.000000000000000000 ) ) ;
#1256 = EDGE_LOOP ( 'NONE', ( #254, #823, #161, #502 ) ) ;
#1257 = ORIENTED_EDGE ( 'NONE', *, *, #189, .T. ) ;
#1258 = FACE_OUTER_BOUND ( 'NONE', #372, .T. ) ;
#1259 = EDGE_CURVE ( 'NONE', #1567, #618, #1794, .T. ) ;
#1260 = CARTESIAN_POINT ( 'NONE',  ( -0.2031249999999999722, 0.09793670613173627304, -0.4999999999999999445 ) ) ;
#1261 = EDGE_CURVE ( 'NONE', #245, #764, #72, .T. ) ;
#1262 = CARTESIAN_POINT ( 'NONE',  ( -0.7500000000000001110, 0.1838976399999999456, -0.3606299199999998262 ) ) ;
#1263 = AXIS2_PLACEMENT_3D ( 'NONE', #1307, #1889, #1082 ) ;
#1264 = DIRECTION ( 'NONE',  ( 0.000000000000000000, 0.000000000000000000, -1.000000000000000000 ) ) ;
#1265 = VERTEX_POINT ( 'NONE', #1041 ) ;
#1266 = AXIS2_PLACEMENT_3D ( 'NONE', #1561, #1696, #964 ) ;
#1267 = CARTESIAN_POINT ( 'NONE',  ( -0.5000000000000001110, 0.1938976399999999822, -0.3999999999999998557 ) ) ;
#1268 = EDGE_LOOP ( 'NONE', ( #398, #103, #1859 ) ) ;
#1269 = CARTESIAN_POINT ( 'NONE',  ( -0.7399999999999999911, 0.1938976399999999822, -0.1393700800000000350 ) ) ;
#1270 = DIRECTION ( 'NONE',  ( 0.000000000000000000, 0.000000000000000000, -1.000000000000000000 ) ) ;
#1271 = EDGE_CURVE ( 'NONE', #56, #1836, #1032, .T. ) ;
#1272 = DIRECTION ( 'NONE',  ( 1.000000000000000000, -0.000000000000000000, -0.000000000000000000 ) ) ;
#1273 = DIRECTION ( 'NONE',  ( 0.000000000000000000, -1.000000000000000000, 0.000000000000000000 ) ) ;
#1274 = CIRCLE ( 'NONE', #453, 0.08187500000000010048 ) ;
#1275 = AXIS2_PLACEMENT_3D ( 'NONE', #1163, #895, #148 ) ;
#1276 = EDGE_LOOP ( 'NONE', ( #1558, #1882, #1198, #491 ) ) ;
#1277 = CARTESIAN_POINT ( 'NONE',  ( -0.2500000000000000555, 0.1249999999999999861, -0.4899999999999998801 ) ) ;
#1278 = ORIENTED_EDGE ( 'NONE', *, *, #421, .T. ) ;
#1279 = CARTESIAN_POINT ( 'NONE',  ( -0.2500000000000000000, 0.1791265877365274817, -0.4499999999999998446 ) ) ;
#1280 = DIRECTION ( 'NONE',  ( 0.000000000000000000, 0.000000000000000000, -1.000000000000000000 ) ) ;
#1281 = PLANE ( 'NONE',  #1415 ) ;
#1282 = DIRECTION ( 'NONE',  ( -1.000000000000000000, 0.000000000000000000, 0.000000000000000000 ) ) ;
#1283 = ORIENTED_EDGE ( 'NONE', *, *, #176, .T. ) ;
#1284 = EDGE_CURVE ( 'NONE', #1595, #1074, #897, .T. ) ;
#1285 = CARTESIAN_POINT ( 'NONE',  ( 0.000000000000000000, 0.2500000000000000000, 0.000000000000000000 ) ) ;
#1286 = ORIENTED_EDGE ( 'NONE', *, *, #298, .T. ) ;
#1287 = CARTESIAN_POINT ( 'NONE',  ( -0.7500000000000001110, 0.05610236000000000389, -0.3999999999999998557 ) ) ;
#1288 = CARTESIAN_POINT ( 'NONE',  ( -0.7399999999999999911, 0.1938976399999999822, -0.1000000000000000056 ) ) ;
#1289 = DIRECTION ( 'NONE',  ( 0.000000000000000000, 2.168404275582070744E-16, 1.000000000000000000 ) ) ;
#1290 = PLANE ( 'NONE',  #576 ) ;
#1291 = VERTEX_POINT ( 'NONE', #675 ) ;
#1292 = ADVANCED_FACE ( 'NONE', ( #1775, #478 ), #1386, .F. ) ;
#1293 = EDGE_CURVE ( 'NONE', #1641, #1530, #197, .T. ) ;
#1294 = VECTOR ( 'NONE', #1852, 39.37007874015748143 ) ;
#1295 = CARTESIAN_POINT ( 'NONE',  ( -0.5000000000000001110, 0.2399999999999999911, 0.000000000000000000 ) ) ;
#1296 = EDGE_LOOP ( 'NONE', ( #1251, #746 ) ) ;
#1297 = APPROVAL_PERSON_ORGANIZATION ( #884, #1131, #278 ) ;
#1298 = VECTOR ( 'NONE', #1253, 39.37007874015748143 ) ;
#1299 = LINE ( 'NONE', #731, #1477 ) ;
#1300 = PERSON_AND_ORGANIZATION_ROLE ( 'creator' ) ;
#1301 = CARTESIAN_POINT ( 'NONE',  ( -0.4900000000000000466, 0.2399999999999999911, -0.01000000000000000021 ) ) ;
#1302 = CARTESIAN_POINT ( 'NONE',  ( -0.6811023600000000178, 0.1250000000000000000, 0.000000000000000000 ) ) ;
#1303 = ORIENTED_EDGE ( 'NONE', *, *, #1517, .F. ) ;
#1304 = VECTOR ( 'NONE', #522, 39.37007874015748143 ) ;
#1305 = ORIENTED_EDGE ( 'NONE', *, *, #1353, .F. ) ;
#1306 = CIRCLE ( 'NONE', #228, 0.02500000000000000486 ) ;
#1307 = CARTESIAN_POINT ( 'NONE',  ( 0.000000000000000000, 0.000000000000000000, 0.000000000000000000 ) ) ;
#1308 = DIRECTION ( 'NONE',  ( 1.000000000000000000, 0.000000000000000000, 0.000000000000000000 ) ) ;
#1309 = LINE ( 'NONE', #435, #700 ) ;
#1310 = VERTEX_POINT ( 'NONE', #1050 ) ;
#1311 = PLANE ( 'NONE',  #998 ) ;
#1312 = VERTEX_POINT ( 'NONE', #1104 ) ;
#1313 = DIRECTION ( 'NONE',  ( 1.000000000000000000, 0.000000000000000000, 0.000000000000000000 ) ) ;
#1314 = DATE_AND_TIME ( #1602, #1842 ) ;
#1315 = EDGE_CURVE ( 'NONE', #1368, #1692, #1274, .T. ) ;
#1316 = LINE ( 'NONE', #155, #1659 ) ;
#1317 = DIRECTION ( 'NONE',  ( 0.000000000000000000, 1.000000000000000000, 0.000000000000000000 ) ) ;
#1318 = EDGE_CURVE ( 'NONE', #916, #1455, #15, .T. ) ;
#1319 = VERTEX_POINT ( 'NONE', #168 ) ;
#1320 = LINE ( 'NONE', #296, #488 ) ;
#1321 = VERTEX_POINT ( 'NONE', #924 ) ;
#1322 = AXIS2_PLACEMENT_3D ( 'NONE', #1507, #938, #1491 ) ;
#1323 = CARTESIAN_POINT ( 'NONE',  ( -0.4900000000000000466, 0.2500000000000000000, -0.4899999999999998246 ) ) ;
#1324 = APPROVAL_ROLE ( '' ) ;
#1325 = AXIS2_PLACEMENT_3D ( 'NONE', #1279, #555, #115 ) ;
#1326 = CYLINDRICAL_SURFACE ( 'NONE', #722, 0.01000000000000002970 ) ;
#1327 = ORIENTED_EDGE ( 'NONE', *, *, #621, .F. ) ;
#1328 = CARTESIAN_POINT ( 'NONE',  ( -0.2968750000000000000, 0.1520632938682637825, -0.4999999999999998335 ) ) ;
#1329 = EDGE_CURVE ( 'NONE', #764, #1654, #1761, .T. ) ;
#1330 = ORIENTED_EDGE ( 'NONE', *, *, #1329, .T. ) ;
#1331 = DIRECTION ( 'NONE',  ( 1.000000000000000000, 0.000000000000000000, 0.000000000000000000 ) ) ;
#1332 = ORIENTED_EDGE ( 'NONE', *, *, #1371, .T. ) ;
#1333 = CIRCLE ( 'NONE', #968, 0.04921259842519682542 ) ;
#1334 = FACE_OUTER_BOUND ( 'NONE', #486, .T. ) ;
#1335 = DATE_TIME_ROLE ( 'creation_date' ) ;
#1336 = EDGE_CURVE ( 'NONE', #1510, #216, #1426, .T. ) ;
#1337 = CIRCLE ( 'NONE', #546, 0.01000000000000002970 ) ;
#1338 = CARTESIAN_POINT ( 'NONE',  ( -0.7399999999999999911, 0.06610236000000001277, -0.1393700800000000350 ) ) ;
#1339 = EDGE_CURVE ( 'NONE', #11, #27, #1306, .T. ) ;
#1340 = CARTESIAN_POINT ( 'NONE',  ( -0.4900000000000000466, 0.2500000000000000000, -0.4999999999999998335 ) ) ;
#1341 = EDGE_LOOP ( 'NONE', ( #1070, #243 ) ) ;
#1342 = FACE_OUTER_BOUND ( 'NONE', #233, .T. ) ;
#1343 = ORIENTED_EDGE ( 'NONE', *, *, #1600, .T. ) ;
#1344 = EDGE_CURVE ( 'NONE', #350, #1074, #46, .T. ) ;
#1345 = CARTESIAN_POINT ( 'NONE',  ( -0.1000000000000000194, 0.2500000000000000000, -0.2499999999999999167 ) ) ;
#1346 = CARTESIAN_POINT ( 'NONE',  ( 0.000000000000000000, 0.009999999999999995004, 0.000000000000000000 ) ) ;
#1347 = VERTEX_POINT ( 'NONE', #1854 ) ;
#1348 = CARTESIAN_POINT ( 'NONE',  ( -0.5000000000000001110, 0.2500000000000000000, 0.000000000000000000 ) ) ;
#1349 = ORIENTED_EDGE ( 'NONE', *, *, #416, .T. ) ;
#1350 = DIRECTION ( 'NONE',  ( 0.000000000000000000, 0.000000000000000000, 1.000000000000000000 ) ) ;
#1351 = DIRECTION ( 'NONE',  ( 0.000000000000000000, -1.000000000000000000, -0.000000000000000000 ) ) ;
#1352 = ORIENTED_EDGE ( 'NONE', *, *, #1655, .T. ) ;
#1353 = EDGE_CURVE ( 'NONE', #431, #1618, #978, .T. ) ;
#1354 = AXIS2_PLACEMENT_3D ( 'NONE', #1052, #202, #759 ) ;
#1355 = DIRECTION ( 'NONE',  ( 1.000000000000000000, -0.000000000000000000, -1.365923996832131609E-16 ) ) ;
#1356 = AXIS2_PLACEMENT_3D ( 'NONE', #791, #1792, #1819 ) ;
#1357 = DIRECTION ( 'NONE',  ( 0.000000000000000000, -1.000000000000000000, 2.168404275582070497E-16 ) ) ;
#1358 = EDGE_LOOP ( 'NONE', ( #632, #808, #1560, #42 ) ) ;
#1359 = LINE ( 'NONE', #1221, #1732 ) ;
#1360 = ADVANCED_FACE ( 'NONE', ( #263 ), #866, .F. ) ;
#1361 = DIRECTION ( 'NONE',  ( 0.000000000000000000, 1.000000000000000000, -0.000000000000000000 ) ) ;
#1362 = ORIENTED_EDGE ( 'NONE', *, *, #1713, .T. ) ;
#1363 = ORIENTED_EDGE ( 'NONE', *, *, #733, .F. ) ;
#1364 = ORIENTED_EDGE ( 'NONE', *, *, #1049, .T. ) ;
#1365 = FACE_OUTER_BOUND ( 'NONE', #364, .T. ) ;
#1366 = CIRCLE ( 'NONE', #573, 0.07187500000000003608 ) ;
#1367 = VECTOR ( 'NONE', #1565, 39.37007874015748143 ) ;
#1368 = VERTEX_POINT ( 'NONE', #1007 ) ;
#1369 = DIRECTION ( 'NONE',  ( -1.365923996832131609E-16, 0.000000000000000000, -1.000000000000000000 ) ) ;
#1370 = VECTOR ( 'NONE', #1245, 39.37007874015748143 ) ;
#1371 = EDGE_CURVE ( 'NONE', #688, #1649, #1584, .T. ) ;
#1372 = DIRECTION ( 'NONE',  ( 0.000000000000000000, 1.000000000000000000, 0.000000000000000000 ) ) ;
#1373 = ORIENTED_EDGE ( 'NONE', *, *, #93, .T. ) ;
#1374 = CARTESIAN_POINT ( 'NONE',  ( -0.4900000000000000466, 0.2500000000000000000, -0.4899999999999998246 ) ) ;
#1375 = LINE ( 'NONE', #661, #1569 ) ;
#1376 = EDGE_LOOP ( 'NONE', ( #940, #1885, #1051 ) ) ;
#1377 = CARTESIAN_POINT ( 'NONE',  ( -0.6811023600000000178, 0.1250000000000000000, -0.1000000000000000056 ) ) ;
#1378 = FACE_BOUND ( 'NONE', #1228, .T. ) ;
#1379 = ORIENTED_EDGE ( 'NONE', *, *, #1592, .T. ) ;
#1380 = ORIENTED_EDGE ( 'NONE', *, *, #179, .F. ) ;
#1381 = DIRECTION ( 'NONE',  ( -1.365923996832131609E-16, -0.000000000000000000, -1.000000000000000000 ) ) ;
#1382 = CC_DESIGN_PERSON_AND_ORGANIZATION_ASSIGNMENT ( #1746, #1778, ( #713 ) ) ;
#1383 = SPHERICAL_SURFACE ( 'NONE', #934, 0.01000000000000000021 ) ;
#1384 = CARTESIAN_POINT ( 'NONE',  ( -0.2500000000000000000, 0.1791265877365274817, -0.4499999999999998446 ) ) ;
#1385 = CARTESIAN_POINT ( 'NONE',  ( -0.7061023600000000400, 0.1250000000000000000, 0.000000000000000000 ) ) ;
#1386 = PLANE ( 'NONE',  #969 ) ;
#1387 = AXIS2_PLACEMENT_3D ( 'NONE', #68, #494, #1509 ) ;
#1388 = ORIENTED_EDGE ( 'NONE', *, *, #1516, .F. ) ;
#1389 = EDGE_LOOP ( 'NONE', ( #1416, #1681, #1048, #974 ) ) ;
#1390 = CARTESIAN_POINT ( 'NONE',  ( -0.2968750000000000000, 0.09793670613173631467, -0.4499999999999997891 ) ) ;
#1391 = DIRECTION ( 'NONE',  ( 0.000000000000000000, -0.000000000000000000, 1.000000000000000000 ) ) ;
#1392 = PLANE ( 'NONE',  #1767 ) ;
#1393 = AXIS2_PLACEMENT_3D ( 'NONE', #1000, #113, #1439 ) ;
#1394 = CARTESIAN_POINT ( 'NONE',  ( -0.4900000000000000466, 0.2399999999999999911, 0.000000000000000000 ) ) ;
#1395 = AXIS2_PLACEMENT_3D ( 'NONE', #715, #967, #1549 ) ;
#1396 = DIRECTION ( 'NONE',  ( 1.000000000000000000, 0.000000000000000000, 0.000000000000000000 ) ) ;
#1397 = ORIENTED_EDGE ( 'NONE', *, *, #1736, .T. ) ;
#1398 = EDGE_CURVE ( 'NONE', #204, #1654, #1884, .T. ) ;
#1399 = EDGE_CURVE ( 'NONE', #1154, #333, #882, .T. ) ;
#1400 = DIRECTION ( 'NONE',  ( 0.000000000000000000, -1.000000000000000000, 0.000000000000000000 ) ) ;
#1401 = EDGE_CURVE ( 'NONE', #1074, #350, #325, .T. ) ;
#1402 = LINE ( 'NONE', #1554, #630 ) ;
#1403 = CARTESIAN_POINT ( 'NONE',  ( -0.6811023600000000178, 0.1250000000000000000, -0.3606299199999998262 ) ) ;
#1404 = CARTESIAN_POINT ( 'NONE',  ( 4.326489175453177482E-33, 0.2500000000000000000, -0.4999999999999999445 ) ) ;
#1405 = CYLINDRICAL_SURFACE ( 'NONE', #139, 0.01000000000000000021 ) ;
#1406 = ORIENTED_EDGE ( 'NONE', *, *, #1888, .T. ) ;
#1407 = LINE ( 'NONE', #1267, #1729 ) ;
#1408 = ORIENTED_EDGE ( 'NONE', *, *, #1259, .T. ) ;
#1409 = ADVANCED_FACE ( 'NONE', ( #1719 ), #252, .F. ) ;
#1410 = DIRECTION ( 'NONE',  ( -1.000000000000000000, 0.000000000000000000, 0.000000000000000000 ) ) ;
#1411 = DIRECTION ( 'NONE',  ( -0.000000000000000000, -1.000000000000000000, 0.000000000000000000 ) ) ;
#1412 = DIRECTION ( 'NONE',  ( -1.365923996832131609E-16, 0.000000000000000000, -1.000000000000000000 ) ) ;
#1413 = AXIS2_PLACEMENT_3D ( 'NONE', #1287, #1581, #452 ) ;
#1414 = DIRECTION ( 'NONE',  ( -0.000000000000000000, -0.000000000000000000, -1.000000000000000000 ) ) ;
#1415 = AXIS2_PLACEMENT_3D ( 'NONE', #1404, #865, #1463 ) ;
#1416 = ORIENTED_EDGE ( 'NONE', *, *, #287, .F. ) ;
#1417 = VECTOR ( 'NONE', #519, 39.37007874015748143 ) ;
#1418 = DIRECTION ( 'NONE',  ( -1.365923996832131609E-16, 0.000000000000000000, -1.000000000000000000 ) ) ;
#1419 = VERTEX_POINT ( 'NONE', #530 ) ;
#1420 = UNCERTAINTY_MEASURE_WITH_UNIT (LENGTH_MEASURE( 1.000000000000000082E-05 ), #105, 'distance_accuracy_value', 'NONE');
#1421 = LINE ( 'NONE', #1431, #1817 ) ;
#1422 = DIRECTION ( 'NONE',  ( -1.000000000000000000, 0.000000000000000000, 0.000000000000000000 ) ) ;
#1423 = FACE_BOUND ( 'NONE', #178, .T. ) ;
#1424 = AXIS2_PLACEMENT_3D ( 'NONE', #1830, #831, #91 ) ;
#1425 = EDGE_CURVE ( 'NONE', #764, #580, #100, .T. ) ;
#1426 = CIRCLE ( 'NONE', #388, 0.01000000000000002970 ) ;
#1427 = ORIENTED_EDGE ( 'NONE', *, *, #1485, .F. ) ;
#1428 = VECTOR ( 'NONE', #1411, 39.37007874015748143 ) ;
#1429 = CARTESIAN_POINT ( 'NONE',  ( 0.000000000000000000, 0.2399999999999999911, -0.01000000000000000021 ) ) ;
#1430 = ORIENTED_EDGE ( 'NONE', *, *, #1015, .T. ) ;
#1431 = CARTESIAN_POINT ( 'NONE',  ( -0.7500000000000001110, 0.05610236000000001083, -0.3606299199999998262 ) ) ;
#1432 = CARTESIAN_POINT ( 'NONE',  ( -0.7399999999999999911, 0.1838976400000000011, -0.1393700800000000350 ) ) ;
#1433 = CARTESIAN_POINT ( 'NONE',  ( -0.3318750000000001421, 0.1249999999999999861, -0.4899999999999998801 ) ) ;
#1434 = CARTESIAN_POINT ( 'NONE',  ( 0.000000000000000000, 0.000000000000000000, -0.01000000000000000021 ) ) ;
#1435 = EDGE_CURVE ( 'NONE', #1593, #174, #1112, .T. ) ;
#1436 = ADVANCED_FACE ( 'NONE', ( #1871 ), #1405, .T. ) ;
#1437 = ORIENTED_EDGE ( 'NONE', *, *, #1596, .F. ) ;
#1438 = EDGE_CURVE ( 'NONE', #457, #1312, #1698, .T. ) ;
#1439 = DIRECTION ( 'NONE',  ( 0.000000000000000000, 0.000000000000000000, 1.000000000000000000 ) ) ;
#1440 = ORIENTED_EDGE ( 'NONE', *, *, #394, .T. ) ;
#1441 = CARTESIAN_POINT ( 'NONE',  ( -0.2500000000000000555, 0.1249999999999999861, -0.4999999999999998335 ) ) ;
#1442 = DIRECTION ( 'NONE',  ( 1.365923996832127665E-16, 0.000000000000000000, 1.000000000000000000 ) ) ;
#1443 = CARTESIAN_POINT ( 'NONE',  ( -0.4000000000000000222, 0.2500000000000000000, -0.2499999999999999167 ) ) ;
#1444 = CIRCLE ( 'NONE', #279, 0.01000000000000002970 ) ;
#1445 = VERTEX_POINT ( 'NONE', #232 ) ;
#1446 = ADVANCED_FACE ( 'NONE', ( #1701 ), #550, .F. ) ;
#1447 = SPHERICAL_SURFACE ( 'NONE', #942, 0.01000000000000000021 ) ;
#1448 = ORIENTED_EDGE ( 'NONE', *, *, #1069, .T. ) ;
#1449 = FACE_BOUND ( 'NONE', #1088, .T. ) ;
#1450 = CALENDAR_DATE ( 2026, 20, 3 ) ;
#1451 = DIRECTION ( 'NONE',  ( 1.000000000000000000, -0.000000000000000000, -0.000000000000000000 ) ) ;
#1452 = DIRECTION ( 'NONE',  ( -0.000000000000000000, 1.000000000000000000, -0.000000000000000000 ) ) ;
#1453 = VERTEX_POINT ( 'NONE', #1844 ) ;
#1454 = AXIS2_PLACEMENT_3D ( 'NONE', #1010, #275, #581 ) ;
#1455 = VERTEX_POINT ( 'NONE', #1576 ) ;
#1456 = DIRECTION ( 'NONE',  ( 0.000000000000000000, 1.000000000000000000, 1.261786539621758522E-15 ) ) ;
#1457 = EDGE_LOOP ( 'NONE', ( #1634, #572, #1305, #1474 ) ) ;
#1458 = AXIS2_PLACEMENT_3D ( 'NONE', #1432, #95, #712 ) ;
#1459 = EDGE_CURVE ( 'NONE', #580, #165, #1577, .T. ) ;
#1460 = DIRECTION ( 'NONE',  ( -0.000000000000000000, -0.000000000000000000, -1.000000000000000000 ) ) ;
#1461 = SHAPE_DEFINITION_REPRESENTATION ( #81, #265 ) ;
#1462 = EDGE_CURVE ( 'NONE', #580, #216, #1710, .T. ) ;
#1463 = DIRECTION ( 'NONE',  ( 1.000000000000000000, 0.000000000000000000, -1.365923996832131609E-16 ) ) ;
#1464 = CARTESIAN_POINT ( 'NONE',  ( -0.7399999999999999911, 0.05610236000000000389, -0.1000000000000000056 ) ) ;
#1465 = ORIENTED_EDGE ( 'NONE', *, *, #1563, .F. ) ;
#1466 = CC_DESIGN_PERSON_AND_ORGANIZATION_ASSIGNMENT ( #900, #1300, ( #458 ) ) ;
#1467 = DIRECTION ( 'NONE',  ( -1.000000000000000000, 0.000000000000000000, 0.000000000000000000 ) ) ;
#1468 = ORIENTED_EDGE ( 'NONE', *, *, #538, .F. ) ;
#1469 = ADVANCED_FACE ( 'NONE', ( #851, #1423 ), #1290, .F. ) ;
#1470 = DIRECTION ( 'NONE',  ( 1.000000000000000000, 0.000000000000000000, 0.000000000000000000 ) ) ;
#1471 = CARTESIAN_POINT ( 'NONE',  ( 0.000000000000000000, 0.000000000000000000, 0.000000000000000000 ) ) ;
#1472 = DIRECTION ( 'NONE',  ( -0.000000000000000000, 0.000000000000000000, -1.000000000000000000 ) ) ;
#1473 = CARTESIAN_POINT ( 'NONE',  ( -0.2500000000000000555, 0.1249999999999999861, -0.4899999999999998801 ) ) ;
#1474 = ORIENTED_EDGE ( 'NONE', *, *, #384, .T. ) ;
#1475 = CARTESIAN_POINT ( 'NONE',  ( -0.2500000000000000555, 0.1249999999999999861, -0.4899999999999998801 ) ) ;
#1476 = VERTEX_POINT ( 'NONE', #1748 ) ;
#1477 = VECTOR ( 'NONE', #1878, 39.37007874015748143 ) ;
#1478 = VECTOR ( 'NONE', #71, 39.37007874015748143 ) ;
#1479 = PLANE ( 'NONE',  #1413 ) ;
#1480 = PERSON_AND_ORGANIZATION_ROLE ( 'design_owner' ) ;
#1481 = VECTOR ( 'NONE', #1460, 39.37007874015748143 ) ;
#1482 = LINE ( 'NONE', #271, #567 ) ;
#1483 = DIRECTION ( 'NONE',  ( 1.365923996832131609E-16, -0.000000000000000000, 1.000000000000000000 ) ) ;
#1484 = ORIENTED_EDGE ( 'NONE', *, *, #613, .F. ) ;
#1485 = EDGE_CURVE ( 'NONE', #174, #921, #545, .T. ) ;
#1486 = DIRECTION ( 'NONE',  ( -1.000000000000000000, 0.000000000000000000, 0.000000000000000000 ) ) ;
#1487 = ORIENTED_EDGE ( 'NONE', *, *, #683, .T. ) ;
#1488 = EDGE_CURVE ( 'NONE', #868, #350, #1615, .T. ) ;
#1489 = AXIS2_PLACEMENT_3D ( 'NONE', #747, #285, #1173 ) ;
#1490 = AXIS2_PLACEMENT_3D ( 'NONE', #654, #1650, #1236 ) ;
#1491 = DIRECTION ( 'NONE',  ( 1.000000000000000000, 0.000000000000000000, 0.000000000000000000 ) ) ;
#1492 = LINE ( 'NONE', #787, #1597 ) ;
#1493 = CARTESIAN_POINT ( 'NONE',  ( -0.1000000000000000194, 0.2500000000000000000, -0.2499999999999999167 ) ) ;
#1494 = ORIENTED_EDGE ( 'NONE', *, *, #1336, .T. ) ;
#1495 = ORIENTED_EDGE ( 'NONE', *, *, #1622, .F. ) ;
#1496 = FACE_OUTER_BOUND ( 'NONE', #1018, .T. ) ;
#1497 = ORIENTED_EDGE ( 'NONE', *, *, #1371, .F. ) ;
#1498 = DIRECTION ( 'NONE',  ( 0.000000000000000000, -1.000000000000000000, 0.000000000000000000 ) ) ;
#1499 = LINE ( 'NONE', #40, #446 ) ;
#1500 = ORIENTED_EDGE ( 'NONE', *, *, #812, .F. ) ;
#1501 = DIRECTION ( 'NONE',  ( -0.8660254037844388186, 0.4999999999999996114, 1.261786539621758719E-15 ) ) ;
#1502 = DIRECTION ( 'NONE',  ( 0.000000000000000000, 1.000000000000000000, 0.000000000000000000 ) ) ;
#1503 = DIRECTION ( 'NONE',  ( 0.000000000000000000, -1.000000000000000000, 0.000000000000000000 ) ) ;
#1504 = ORIENTED_EDGE ( 'NONE', *, *, #308, .T. ) ;
#1505 = ADVANCED_FACE ( 'NONE', ( #445 ), #1633, .F. ) ;
#1506 = AXIS2_PLACEMENT_3D ( 'NONE', #1806, #1787, #1656 ) ;
#1507 = CARTESIAN_POINT ( 'NONE',  ( -0.4900000000000000466, 0.009999999999999995004, 0.000000000000000000 ) ) ;
#1508 = AXIS2_PLACEMENT_3D ( 'NONE', #568, #714, #426 ) ;
#1509 = DIRECTION ( 'NONE',  ( 1.000000000000000000, 0.000000000000000000, -1.365923996832131609E-16 ) ) ;
#1510 = VERTEX_POINT ( 'NONE', #1739 ) ;
#1511 = LINE ( 'NONE', #1661, #80 ) ;
#1512 = CARTESIAN_POINT ( 'NONE',  ( -0.7500000000000001110, 0.05610236000000001083, -0.3606299199999998262 ) ) ;
#1513 = ORIENTED_EDGE ( 'NONE', *, *, #647, .F. ) ;
#1514 = VERTEX_POINT ( 'NONE', #1464 ) ;
#1515 = FACE_OUTER_BOUND ( 'NONE', #1358, .T. ) ;
#1516 = EDGE_CURVE ( 'NONE', #396, #141, #745, .T. ) ;
#1517 = EDGE_CURVE ( 'NONE', #451, #35, #822, .T. ) ;
#1518 = VECTOR ( 'NONE', #771, 39.37007874015748143 ) ;
#1519 = PLANE ( 'NONE',  #477 ) ;
#1520 = EDGE_LOOP ( 'NONE', ( #32, #315 ) ) ;
#1521 = DIRECTION ( 'NONE',  ( -1.365923996832131609E-16, 0.000000000000000000, -1.000000000000000000 ) ) ;
#1522 = AXIS2_PLACEMENT_3D ( 'NONE', #1067, #1642, #780 ) ;
#1523 = ORIENTED_EDGE ( 'NONE', *, *, #1339, .T. ) ;
#1524 = ORIENTED_EDGE ( 'NONE', *, *, #308, .F. ) ;
#1525 = ADVANCED_FACE ( 'NONE', ( #1883 ), #579, .T. ) ;
#1526 = CARTESIAN_POINT ( 'NONE',  ( -0.4900000000000000466, 0.2399999999999999911, -0.4999999999999998335 ) ) ;
#1527 = DIRECTION ( 'NONE',  ( 1.000000000000000000, -0.000000000000000000, 0.000000000000000000 ) ) ;
#1528 = LINE ( 'NONE', #646, #1126 ) ;
#1529 = DIRECTION ( 'NONE',  ( -1.365923996832131609E-16, -0.000000000000000000, -1.000000000000000000 ) ) ;
#1530 = VERTEX_POINT ( 'NONE', #292 ) ;
#1531 = ORIENTED_EDGE ( 'NONE', *, *, #950, .F. ) ;
#1532 = LINE ( 'NONE', #218, #730 ) ;
#1533 = FACE_BOUND ( 'NONE', #1296, .T. ) ;
#1534 = PLANE ( 'NONE',  #357 ) ;
#1535 = VECTOR ( 'NONE', #192, 39.37007874015748143 ) ;
#1536 = VECTOR ( 'NONE', #1289, 39.37007874015748143 ) ;
#1537 = FACE_OUTER_BOUND ( 'NONE', #1144, .T. ) ;
#1538 = PLANE ( 'NONE',  #227 ) ;
#1539 = EDGE_CURVE ( 'NONE', #1618, #1081, #1309, .T. ) ;
#1540 = AXIS2_PLACEMENT_3D ( 'NONE', #1717, #1391, #390 ) ;
#1541 = VERTEX_POINT ( 'NONE', #1027 ) ;
#1542 = EDGE_CURVE ( 'NONE', #19, #1419, #1222, .T. ) ;
#1543 = FACE_OUTER_BOUND ( 'NONE', #1124, .T. ) ;
#1544 = FACE_OUTER_BOUND ( 'NONE', #1610, .T. ) ;
#1545 = DIRECTION ( 'NONE',  ( 0.000000000000000000, 0.000000000000000000, -1.000000000000000000 ) ) ;
#1546 = VECTOR ( 'NONE', #186, 39.37007874015748143 ) ;
#1547 = DIRECTION ( 'NONE',  ( 0.000000000000000000, 0.000000000000000000, -1.000000000000000000 ) ) ;
#1548 = AXIS2_PLACEMENT_3D ( 'NONE', #455, #1047, #1190 ) ;
#1549 = DIRECTION ( 'NONE',  ( -1.000000000000000000, 0.000000000000000000, 0.000000000000000000 ) ) ;
#1550 = EDGE_CURVE ( 'NONE', #1510, #862, #281, .T. ) ;
#1551 = ORIENTED_EDGE ( 'NONE', *, *, #419, .F. ) ;
#1552 = DIRECTION ( 'NONE',  ( -1.000000000000000000, 0.000000000000000000, 1.365923996832131609E-16 ) ) ;
#1553 = ORIENTED_EDGE ( 'NONE', *, *, #1110, .T. ) ;
#1554 = CARTESIAN_POINT ( 'NONE',  ( -0.01000000000000000021, 0.2500000000000000000, -0.4999999999999999445 ) ) ;
#1555 = CARTESIAN_POINT ( 'NONE',  ( -0.1781250000000000056, 0.1250000000000000000, -0.4899999999999998801 ) ) ;
#1556 = CARTESIAN_POINT ( 'NONE',  ( -0.01000000000000000021, 0.2399999999999999911, 0.000000000000000000 ) ) ;
#1557 = DIRECTION ( 'NONE',  ( 0.000000000000000000, 0.000000000000000000, 1.000000000000000000 ) ) ;
#1558 = ORIENTED_EDGE ( 'NONE', *, *, #797, .F. ) ;
#1559 = CARTESIAN_POINT ( 'NONE',  ( -0.7500000000000001110, 0.1938976399999999822, -0.3999999999999998557 ) ) ;
#1560 = ORIENTED_EDGE ( 'NONE', *, *, #649, .F. ) ;
#1561 = CARTESIAN_POINT ( 'NONE',  ( -0.7500000000000001110, 0.000000000000000000, 0.000000000000000000 ) ) ;
#1562 =( LENGTH_UNIT ( ) NAMED_UNIT ( * ) SI_UNIT ( $, .METRE. ) );
#1563 = EDGE_CURVE ( 'NONE', #1692, #1368, #792, .T. ) ;
#1564 = CARTESIAN_POINT ( 'NONE',  ( -0.2500000000000000555, 0.1249999999999999861, -0.4974999999999999423 ) ) ;
#1565 = DIRECTION ( 'NONE',  ( -0.000000000000000000, -0.000000000000000000, -1.000000000000000000 ) ) ;
#1566 = CIRCLE ( 'NONE', #158, 0.02500000000000000486 ) ;
#1567 = VERTEX_POINT ( 'NONE', #164 ) ;
#1568 = EDGE_CURVE ( 'NONE', #1001, #728, #1068, .T. ) ;
#1569 = VECTOR ( 'NONE', #501, 39.37007874015748143 ) ;
#1570 = FACE_OUTER_BOUND ( 'NONE', #169, .T. ) ;
#1571 = VERTEX_POINT ( 'NONE', #156 ) ;
#1572 = EDGE_CURVE ( 'NONE', #891, #1453, #753, .T. ) ;
#1573 = DIRECTION ( 'NONE',  ( 1.000000000000000000, -0.000000000000000000, 0.000000000000000000 ) ) ;
#1574 = DIRECTION ( 'NONE',  ( -1.000000000000000000, 0.000000000000000000, 0.000000000000000000 ) ) ;
#1575 = CARTESIAN_POINT ( 'NONE',  ( -0.5000000000000001110, 0.05610236000000001083, -0.3606299199999998262 ) ) ;
#1576 = CARTESIAN_POINT ( 'NONE',  ( 4.239959391944113891E-33, 0.009999999999999995004, -0.4899999999999998801 ) ) ;
#1577 = CIRCLE ( 'NONE', #1218, 0.01000000000000000021 ) ;
#1578 = EDGE_LOOP ( 'NONE', ( #1330, #1587, #1235, #716 ) ) ;
#1579 = FACE_OUTER_BOUND ( 'NONE', #436, .T. ) ;
#1580 = ORIENTED_EDGE ( 'NONE', *, *, #1702, .F. ) ;
#1581 = DIRECTION ( 'NONE',  ( 0.000000000000000000, -0.000000000000000000, 1.000000000000000000 ) ) ;
#1582 = DIRECTION ( 'NONE',  ( 1.000000000000000000, -0.000000000000000000, -0.000000000000000000 ) ) ;
#1583 = DIRECTION ( 'NONE',  ( 1.000000000000000000, -0.000000000000000000, -0.000000000000000000 ) ) ;
#1584 = LINE ( 'NONE', #1863, #293 ) ;
#1585 = ORIENTED_EDGE ( 'NONE', *, *, #1516, .T. ) ;
#1586 = DIRECTION ( 'NONE',  ( 0.000000000000000000, 0.000000000000000000, -1.000000000000000000 ) ) ;
#1587 = ORIENTED_EDGE ( 'NONE', *, *, #421, .F. ) ;
#1588 = DIRECTION ( 'NONE',  ( 0.000000000000000000, 0.000000000000000000, 1.000000000000000000 ) ) ;
#1589 = APPROVAL_STATUS ( 'not_yet_approved' ) ;
#1590 = CARTESIAN_POINT ( 'NONE',  ( -0.7500000000000001110, 0.05610236000000001083, -0.3606299199999998262 ) ) ;
#1591 = AXIS2_PLACEMENT_3D ( 'NONE', #743, #1176, #1012 ) ;
#1592 = EDGE_CURVE ( 'NONE', #1453, #1800, #1781, .T. ) ;
#1593 = VERTEX_POINT ( 'NONE', #607 ) ;
#1594 = AXIS2_PLACEMENT_3D ( 'NONE', #1745, #1588, #1313 ) ;
#1595 = VERTEX_POINT ( 'NONE', #1759 ) ;
#1596 = EDGE_CURVE ( 'NONE', #1265, #141, #200, .T. ) ;
#1597 = VECTOR ( 'NONE', #330, 39.37007874015748143 ) ;
#1598 = DIRECTION ( 'NONE',  ( 0.000000000000000000, 1.000000000000000000, 0.000000000000000000 ) ) ;
#1599 = ORIENTED_EDGE ( 'NONE', *, *, #1242, .T. ) ;
#1600 = EDGE_CURVE ( 'NONE', #1530, #921, #971, .T. ) ;
#1601 = CARTESIAN_POINT ( 'NONE',  ( -0.1000000000000000194, 0.000000000000000000, -0.2992125984251967075 ) ) ;
#1602 = CALENDAR_DATE ( 2026, 20, 3 ) ;
#1603 = DIRECTION ( 'NONE',  ( 0.8660254037844388186, 0.4999999999999997224, -1.261786539621760494E-15 ) ) ;
#1604 = CC_DESIGN_DATE_AND_TIME_ASSIGNMENT ( #1314, #289, ( #411 ) ) ;
#1605 = ORIENTED_EDGE ( 'NONE', *, *, #382, .F. ) ;
#1606 = AXIS2_PLACEMENT_3D ( 'NONE', #235, #533, #1116 ) ;
#1607 = EDGE_CURVE ( 'NONE', #708, #725, #668, .T. ) ;
#1608 = AXIS2_PLACEMENT_3D ( 'NONE', #736, #617, #1900 ) ;
#1609 = LINE ( 'NONE', #1295, #323 ) ;
#1610 = EDGE_LOOP ( 'NONE', ( #418, #1448, #1599, #336 ) ) ;
#1611 = AXIS2_PLACEMENT_3D ( 'NONE', #1726, #537, #1861 ) ;
#1612 = DIRECTION ( 'NONE',  ( 0.000000000000000000, 0.000000000000000000, -1.000000000000000000 ) ) ;
#1613 = DATE_AND_TIME ( #760, #702 ) ;
#1614 = SPHERICAL_SURFACE ( 'NONE', #1630, 0.01000000000000000021 ) ;
#1615 = LINE ( 'NONE', #887, #1518 ) ;
#1616 = ORIENTED_EDGE ( 'NONE', *, *, #671, .T. ) ;
#1617 = DIRECTION ( 'NONE',  ( 0.000000000000000000, 0.000000000000000000, -1.000000000000000000 ) ) ;
#1618 = VERTEX_POINT ( 'NONE', #1057 ) ;
#1619 = DIRECTION ( 'NONE',  ( -1.000000000000000000, 0.000000000000000000, 0.000000000000000000 ) ) ;
#1620 = MECHANICAL_CONTEXT ( 'NONE', #993, 'mechanical' ) ;
#1621 = LINE ( 'NONE', #893, #4 ) ;
#1622 = EDGE_CURVE ( 'NONE', #1847, #1291, #608, .T. ) ;
#1623 = ORIENTED_EDGE ( 'NONE', *, *, #1572, .T. ) ;
#1624 = DIRECTION ( 'NONE',  ( -1.000000000000000000, -0.000000000000000000, 2.134256245050199292E-16 ) ) ;
#1625 = ORIENTED_EDGE ( 'NONE', *, *, #933, .T. ) ;
#1626 = DIRECTION ( 'NONE',  ( -1.000000000000000000, 0.000000000000000000, -8.652978350906356332E-33 ) ) ;
#1627 = EDGE_LOOP ( 'NONE', ( #741, #667, #64, #523 ) ) ;
#1628 = AXIS2_PLACEMENT_3D ( 'NONE', #88, #109, #392 ) ;
#1629 = CARTESIAN_POINT ( 'NONE',  ( -0.2031249999999999722, 0.1520632938682637270, -0.4999999999999999445 ) ) ;
#1630 = AXIS2_PLACEMENT_3D ( 'NONE', #1780, #1014, #752 ) ;
#1631 = EDGE_CURVE ( 'NONE', #1541, #1241, #949, .T. ) ;
#1632 = CARTESIAN_POINT ( 'NONE',  ( -0.4900000000000000466, 0.2500000000000000000, 0.000000000000000000 ) ) ;
#1633 = CYLINDRICAL_SURFACE ( 'NONE', #763, 0.04921259842519679073 ) ;
#1634 = ORIENTED_EDGE ( 'NONE', *, *, #621, .T. ) ;
#1635 = CARTESIAN_POINT ( 'NONE',  ( -0.5000000000000001110, 0.05610236000000000389, -0.1393700800000000350 ) ) ;
#1636 = ORIENTED_EDGE ( 'NONE', *, *, #1425, .T. ) ;
#1637 = AXIS2_PLACEMENT_3D ( 'NONE', #684, #558, #241 ) ;
#1638 = DIRECTION ( 'NONE',  ( -0.000000000000000000, -0.000000000000000000, -1.000000000000000000 ) ) ;
#1639 = ORGANIZATION ( 'UNSPECIFIED', 'UNSPECIFIED', '' ) ;
#1640 = DIRECTION ( 'NONE',  ( 0.000000000000000000, -0.000000000000000000, 1.000000000000000000 ) ) ;
#1641 = VERTEX_POINT ( 'NONE', #1671 ) ;
#1642 = DIRECTION ( 'NONE',  ( 0.000000000000000000, -0.000000000000000000, 1.000000000000000000 ) ) ;
#1643 = ORIENTED_EDGE ( 'NONE', *, *, #1205, .F. ) ;
#1644 = LINE ( 'NONE', #352, #566 ) ;
#1645 = CYLINDRICAL_SURFACE ( 'NONE', #1848, 0.07187500000000000833 ) ;
#1646 = ORIENTED_EDGE ( 'NONE', *, *, #1652, .T. ) ;
#1647 = DIRECTION ( 'NONE',  ( -0.000000000000000000, 1.000000000000000000, -0.000000000000000000 ) ) ;
#1648 = DIRECTION ( 'NONE',  ( -1.000000000000000000, 0.000000000000000000, 0.000000000000000000 ) ) ;
#1649 = VERTEX_POINT ( 'NONE', #1384 ) ;
#1650 = DIRECTION ( 'NONE',  ( 1.365923996832131609E-16, -0.000000000000000000, 1.000000000000000000 ) ) ;
#1651 = CARTESIAN_POINT ( 'NONE',  ( -0.4900000000000000466, 0.2399999999999999911, 0.000000000000000000 ) ) ;
#1652 = EDGE_CURVE ( 'NONE', #1321, #1571, #734, .T. ) ;
#1653 = EDGE_CURVE ( 'NONE', #725, #708, #424, .T. ) ;
#1654 = VERTEX_POINT ( 'NONE', #1677 ) ;
#1655 = EDGE_CURVE ( 'NONE', #1618, #1820, #625, .T. ) ;
#1656 = DIRECTION ( 'NONE',  ( 0.000000000000000000, 0.000000000000000000, 1.000000000000000000 ) ) ;
#1657 = CIRCLE ( 'NONE', #689, 0.01000000000000000021 ) ;
#1658 = DIRECTION ( 'NONE',  ( -0.000000000000000000, 0.000000000000000000, 1.000000000000000000 ) ) ;
#1659 = VECTOR ( 'NONE', #23, 39.37007874015748143 ) ;
#1660 = ORIENTED_EDGE ( 'NONE', *, *, #134, .F. ) ;
#1661 = CARTESIAN_POINT ( 'NONE',  ( -0.7500000000000001110, 0.05610236000000000389, -0.1000000000000000056 ) ) ;
#1662 = ORIENTED_EDGE ( 'NONE', *, *, #812, .T. ) ;
#1663 = PRODUCT_RELATED_PRODUCT_CATEGORY ( 'detail', '', ( #371 ) ) ;
#1664 = VERTEX_POINT ( 'NONE', #70 ) ;
#1665 = EDGE_CURVE ( 'NONE', #775, #1419, #351, .T. ) ;
#1666 = VERTEX_POINT ( 'NONE', #341 ) ;
#1667 = DIRECTION ( 'NONE',  ( 1.000000000000000000, 0.000000000000000000, -1.365923996832131609E-16 ) ) ;
#1668 = CIRCLE ( 'NONE', #1064, 0.07187500000000000833 ) ;
#1669 = VECTOR ( 'NONE', #413, 39.37007874015748143 ) ;
#1670 = CYLINDRICAL_SURFACE ( 'NONE', #782, 0.009999999999999995004 ) ;
#1671 = CARTESIAN_POINT ( 'NONE',  ( -0.3193750000000000755, 0.1250000000000000000, -0.4999999999999998335 ) ) ;
#1672 = AXIS2_PLACEMENT_3D ( 'NONE', #1150, #565, #1130 ) ;
#1673 = CARTESIAN_POINT ( 'NONE',  ( -0.2031249999999999722, 0.1520632938682637270, -0.4499999999999998446 ) ) ;
#1674 = EDGE_LOOP ( 'NONE', ( #283, #331, #1774, #587 ) ) ;
#1675 = LINE ( 'NONE', #366, #911 ) ;
#1676 = CARTESIAN_POINT ( 'NONE',  ( -0.7399999999999999911, 0.06610236000000001277, -0.3606299199999998262 ) ) ;
#1677 = CARTESIAN_POINT ( 'NONE',  ( -0.01000000000000000021, 0.009999999999999995004, 0.000000000000000000 ) ) ;
#1678 = PERSON ( 'UNSPECIFIED', 'UNSPECIFIED', 'UNSPECIFIED', ('UNSPECIFIED'), ('UNSPECIFIED'), ('UNSPECIFIED') ) ;
#1679 = ADVANCED_FACE ( 'NONE', ( #1093, #183, #1229 ), #1534, .F. ) ;
#1680 = CARTESIAN_POINT ( 'NONE',  ( -0.01000000000000000021, 0.009999999999999995004, -0.01000000000000000021 ) ) ;
#1681 = ORIENTED_EDGE ( 'NONE', *, *, #361, .T. ) ;
#1682 = EDGE_LOOP ( 'NONE', ( #112, #802, #149, #1783 ) ) ;
#1683 = DIRECTION ( 'NONE',  ( -1.000000000000000000, 0.000000000000000000, 0.000000000000000000 ) ) ;
#1684 = CIRCLE ( 'NONE', #1815, 0.06937500000000003386 ) ;
#1685 = AXIS2_PLACEMENT_3D ( 'NONE', #1021, #144, #277 ) ;
#1686 = PLANE ( 'NONE',  #1540 ) ;
#1687 = DIRECTION ( 'NONE',  ( -0.000000000000000000, 0.000000000000000000, 1.000000000000000000 ) ) ;
#1688 = ADVANCED_FACE ( 'NONE', ( #368 ), #362, .F. ) ;
#1689 = CIRCLE ( 'NONE', #1115, 0.01000000000000002970 ) ;
#1690 = DIRECTION ( 'NONE',  ( -0.000000000000000000, -0.000000000000000000, 1.000000000000000000 ) ) ;
#1691 = DIRECTION ( 'NONE',  ( -1.365923996832131609E-16, -0.000000000000000000, -1.000000000000000000 ) ) ;
#1692 = VERTEX_POINT ( 'NONE', #520 ) ;
#1693 = CARTESIAN_POINT ( 'NONE',  ( -0.2499999999999999167, 0.07087341226347257384, -0.4499999999999998446 ) ) ;
#1694 = ORIENTED_EDGE ( 'NONE', *, *, #706, .T. ) ;
#1695 = AXIS2_PLACEMENT_3D ( 'NONE', #1107, #1821, #1683 ) ;
#1696 = DIRECTION ( 'NONE',  ( 1.000000000000000000, 0.000000000000000000, 0.000000000000000000 ) ) ;
#1697 = CARTESIAN_POINT ( 'NONE',  ( -0.4000000000000000222, 0.2500000000000000000, -0.2499999999999999167 ) ) ;
#1698 = CIRCLE ( 'NONE', #1395, 0.02500000000000000486 ) ;
#1699 = DIRECTION ( 'NONE',  ( -1.365923996832131609E-16, -0.000000000000000000, -1.000000000000000000 ) ) ;
#1700 = APPROVAL_PERSON_ORGANIZATION ( #463, #48, #1324 ) ;
#1701 = FACE_OUTER_BOUND ( 'NONE', #1077, .T. ) ;
#1702 = EDGE_CURVE ( 'NONE', #1347, #253, #930, .T. ) ;
#1703 = EDGE_LOOP ( 'NONE', ( #1553, #340, #772, #1174 ) ) ;
#1704 = EDGE_CURVE ( 'NONE', #677, #1310, #1511, .T. ) ;
#1705 = DIRECTION ( 'NONE',  ( 1.000000000000000000, 0.000000000000000000, -1.365923996832131609E-16 ) ) ;
#1706 = ORIENTED_EDGE ( 'NONE', *, *, #1665, .F. ) ;
#1707 = CARTESIAN_POINT ( 'NONE',  ( -0.5000000000000001110, 0.1938976399999999822, -0.1000000000000000056 ) ) ;
#1708 = CARTESIAN_POINT ( 'NONE',  ( -0.2031249999999999722, 0.1520632938682637270, -0.4999999999999999445 ) ) ;
#1709 = CARTESIAN_POINT ( 'NONE',  ( -0.3218750000000000777, 0.1249999999999999861, -0.4974999999999999423 ) ) ;
#1710 = LINE ( 'NONE', #402, #1367 ) ;
#1711 = ORIENTED_EDGE ( 'NONE', *, *, #1202, .F. ) ;
#1712 = MANIFOLD_SOLID_BREP ( 'Fillet3', #961 ) ;
#1713 = EDGE_CURVE ( 'NONE', #294, #194, #578, .T. ) ;
#1714 = DIRECTION ( 'NONE',  ( 0.000000000000000000, 0.000000000000000000, 1.000000000000000000 ) ) ;
#1715 = ORIENTED_EDGE ( 'NONE', *, *, #1202, .T. ) ;
#1716 = EDGE_CURVE ( 'NONE', #216, #245, #1528, .T. ) ;
#1717 = CARTESIAN_POINT ( 'NONE',  ( -0.7500000000000001110, 0.05610236000000000389, -0.1393700800000000350 ) ) ;
#1718 = DIRECTION ( 'NONE',  ( 0.000000000000000000, 0.000000000000000000, -1.000000000000000000 ) ) ;
#1719 = FACE_OUTER_BOUND ( 'NONE', #1105, .T. ) ;
#1720 = AXIS2_PLACEMENT_3D ( 'NONE', #1811, #504, #342 ) ;
#1721 = VERTEX_POINT ( 'NONE', #941 ) ;
#1722 = VECTOR ( 'NONE', #928, 39.37007874015748143 ) ;
#1723 = DIRECTION ( 'NONE',  ( 1.224646799147353207E-16, 1.000000000000000000, -1.672774450599029505E-32 ) ) ;
#1724 = EDGE_LOOP ( 'NONE', ( #428, #909 ) ) ;
#1725 = LINE ( 'NONE', #872, #217 ) ;
#1726 = CARTESIAN_POINT ( 'NONE',  ( -0.2500000000000000555, 0.1249999999999999861, -0.4974999999999999423 ) ) ;
#1727 = DIRECTION ( 'NONE',  ( 0.000000000000000000, 0.000000000000000000, 1.000000000000000000 ) ) ;
#1728 = CARTESIAN_POINT ( 'NONE',  ( -0.3218750000000000222, 0.1249999999999999861, -0.4899999999999998801 ) ) ;
#1729 = VECTOR ( 'NONE', #543, 39.37007874015748143 ) ;
#1730 = VECTOR ( 'NONE', #1501, 39.37007874015748854 ) ;
#1731 = ORIENTED_EDGE ( 'NONE', *, *, #1713, .F. ) ;
#1732 = VECTOR ( 'NONE', #637, 39.37007874015748143 ) ;
#1733 = FACE_OUTER_BOUND ( 'NONE', #559, .T. ) ;
#1734 = EDGE_LOOP ( 'NONE', ( #1437, #1363, #811, #896 ) ) ;
#1735 = FACE_BOUND ( 'NONE', #1724, .T. ) ;
#1736 = EDGE_CURVE ( 'NONE', #728, #294, #1208, .T. ) ;
#1737 = EDGE_CURVE ( 'NONE', #1782, #1593, #389, .T. ) ;
#1738 = FACE_OUTER_BOUND ( 'NONE', #304, .T. ) ;
#1739 = CARTESIAN_POINT ( 'NONE',  ( -0.4900000000000000466, 0.009999999999999995004, -0.4999999999999998335 ) ) ;
#1740 = EDGE_CURVE ( 'NONE', #916, #1510, #1790, .T. ) ;
#1741 = ORIENTED_EDGE ( 'NONE', *, *, #1804, .T. ) ;
#1742 = ORIENTED_EDGE ( 'NONE', *, *, #1631, .F. ) ;
#1743 = CARTESIAN_POINT ( 'NONE',  ( -0.5000000000000001110, 0.2500000000000000000, -0.4899999999999998246 ) ) ;
#1744 = ORIENTED_EDGE ( 'NONE', *, *, #733, .T. ) ;
#1745 = CARTESIAN_POINT ( 'NONE',  ( -0.01000000000000000021, 0.2399999999999999911, -0.01000000000000000021 ) ) ;
#1746 = PERSON_AND_ORGANIZATION ( #1678, #1639 ) ;
#1747 = DIRECTION ( 'NONE',  ( 0.000000000000000000, 0.000000000000000000, 1.000000000000000000 ) ) ;
#1748 = CARTESIAN_POINT ( 'NONE',  ( -0.5000000000000001110, 0.009999999999999995004, -0.4899999999999998246 ) ) ;
#1749 = EDGE_CURVE ( 'NONE', #1419, #1541, #885, .T. ) ;
#1750 = EDGE_CURVE ( 'NONE', #457, #11, #1359, .T. ) ;
#1751 = ORIENTED_EDGE ( 'NONE', *, *, #1757, .T. ) ;
#1752 = CIRCLE ( 'NONE', #96, 0.01000000000000000021 ) ;
#1753 = ORIENTED_EDGE ( 'NONE', *, *, #1653, .T. ) ;
#1754 = CARTESIAN_POINT ( 'NONE',  ( -0.01000000000000000021, 0.2399999999999999911, -0.01000000000000000021 ) ) ;
#1755 = VERTEX_POINT ( 'NONE', #1288 ) ;
#1756 = CARTESIAN_POINT ( 'NONE',  ( -0.01000000000000000021, 0.2399999999999999911, -0.01000000000000000021 ) ) ;
#1757 = EDGE_CURVE ( 'NONE', #141, #56, #1833, .T. ) ;
#1758 = CARTESIAN_POINT ( 'NONE',  ( -0.5000000000000001110, 0.05610236000000000389, -0.1000000000000000056 ) ) ;
#1759 = CARTESIAN_POINT ( 'NONE',  ( -0.4000000000000000222, 0.000000000000000000, -0.2992125984251967630 ) ) ;
#1760 = ORIENTED_EDGE ( 'NONE', *, *, #1134, .T. ) ;
#1761 = CIRCLE ( 'NONE', #257, 0.01000000000000000021 ) ;
#1762 = EDGE_LOOP ( 'NONE', ( #516, #1731 ) ) ;
#1763 = ORIENTED_EDGE ( 'NONE', *, *, #1329, .F. ) ;
#1764 = VECTOR ( 'NONE', #1691, 39.37007874015748143 ) ;
#1765 = DIRECTION ( 'NONE',  ( -0.8660254037844388186, 0.4999999999999996114, 1.261786539621758719E-15 ) ) ;
#1766 = ORIENTED_EDGE ( 'NONE', *, *, #246, .T. ) ;
#1767 = AXIS2_PLACEMENT_3D ( 'NONE', #1850, #116, #1005 ) ;
#1768 = EDGE_CURVE ( 'NONE', #1571, #725, #856, .T. ) ;
#1769 = CARTESIAN_POINT ( 'NONE',  ( -0.01000000000000000021, 0.2399999999999999911, -0.4899999999999998801 ) ) ;
#1770 = APPROVAL_ROLE ( '' ) ;
#1771 = LINE ( 'NONE', #761, #535 ) ;
#1772 = ORIENTED_EDGE ( 'NONE', *, *, #729, .T. ) ;
#1773 = CARTESIAN_POINT ( 'NONE',  ( -0.1806250000000000078, 0.1249999999999999861, -0.4974999999999999423 ) ) ;
#1774 = ORIENTED_EDGE ( 'NONE', *, *, #1702, .T. ) ;
#1775 = FACE_BOUND ( 'NONE', #1028, .T. ) ;
#1776 = ORIENTED_EDGE ( 'NONE', *, *, #1607, .F. ) ;
#1777 = CYLINDRICAL_SURFACE ( 'NONE', #505, 0.01000000000000000021 ) ;
#1778 = PERSON_AND_ORGANIZATION_ROLE ( 'creator' ) ;
#1779 = ADVANCED_FACE ( 'NONE', ( #79 ), #1392, .F. ) ;
#1780 = CARTESIAN_POINT ( 'NONE',  ( -0.4900000000000000466, 0.01000000000000000021, -0.4899999999999998246 ) ) ;
#1781 = LINE ( 'NONE', #594, #489 ) ;
#1782 = VERTEX_POINT ( 'NONE', #1555 ) ;
#1783 = ORIENTED_EDGE ( 'NONE', *, *, #1855, .F. ) ;
#1784 = CIRCLE ( 'NONE', #1424, 0.01000000000000000021 ) ;
#1785 = DIRECTION ( 'NONE',  ( -0.000000000000000000, 0.000000000000000000, -1.000000000000000000 ) ) ;
#1786 = ORIENTED_EDGE ( 'NONE', *, *, #1622, .T. ) ;
#1787 = DIRECTION ( 'NONE',  ( -0.000000000000000000, 1.000000000000000000, -0.000000000000000000 ) ) ;
#1788 = CARTESIAN_POINT ( 'NONE',  ( -0.6561023599999999956, 0.1250000000000000000, -0.3606299199999998262 ) ) ;
#1789 = ORIENTED_EDGE ( 'NONE', *, *, #1344, .T. ) ;
#1790 = LINE ( 'NONE', #485, #1370 ) ;
#1791 = ORIENTED_EDGE ( 'NONE', *, *, #2, .T. ) ;
#1792 = DIRECTION ( 'NONE',  ( -0.000000000000000000, 0.000000000000000000, 1.000000000000000000 ) ) ;
#1793 = AXIS2_PLACEMENT_3D ( 'NONE', #1559, #1400, #404 ) ;
#1794 = LINE ( 'NONE', #1635, #820 ) ;
#1795 = ORIENTED_EDGE ( 'NONE', *, *, #776, .T. ) ;
#1796 = ORIENTED_EDGE ( 'NONE', *, *, #1596, .T. ) ;
#1797 = AXIS2_PLACEMENT_3D ( 'NONE', #43, #1369, #922 ) ;
#1798 = FACE_OUTER_BOUND ( 'NONE', #479, .T. ) ;
#1799 = DIRECTION ( 'NONE',  ( 0.000000000000000000, -1.000000000000000000, 0.000000000000000000 ) ) ;
#1800 = VERTEX_POINT ( 'NONE', #1708 ) ;
#1801 = CARTESIAN_POINT ( 'NONE',  ( -0.6811023600000000178, 0.1250000000000000000, 0.000000000000000000 ) ) ;
#1802 = ADVANCED_FACE ( 'NONE', ( #976 ), #170, .T. ) ;
#1803 = ORIENTED_EDGE ( 'NONE', *, *, #1750, .T. ) ;
#1804 = EDGE_CURVE ( 'NONE', #1476, #1721, #858, .T. ) ;
#1805 = ORIENTED_EDGE ( 'NONE', *, *, #701, .F. ) ;
#1806 = CARTESIAN_POINT ( 'NONE',  ( -0.4000000000000000222, 0.000000000000000000, -0.2499999999999999167 ) ) ;
#1807 = APPROVAL ( #1589, 'UNSPECIFIED' ) ;
#1808 = FACE_BOUND ( 'NONE', #532, .T. ) ;
#1809 = ORIENTED_EDGE ( 'NONE', *, *, #1607, .T. ) ;
#1810 = DIRECTION ( 'NONE',  ( 1.000000000000000000, -0.000000000000000000, 0.000000000000000000 ) ) ;
#1811 = CARTESIAN_POINT ( 'NONE',  ( -0.4900000000000000466, 0.009999999999999995004, -0.01000000000000000021 ) ) ;
#1812 = EDGE_CURVE ( 'NONE', #1312, #457, #915, .T. ) ;
#1813 = EDGE_LOOP ( 'NONE', ( #495, #1352, #1662, #1332, #1838, #468 ) ) ;
#1814 = ORIENTED_EDGE ( 'NONE', *, *, #1488, .T. ) ;
#1815 = AXIS2_PLACEMENT_3D ( 'NONE', #1441, #154, #1470 ) ;
#1816 = LINE ( 'NONE', #1346, #346 ) ;
#1817 = VECTOR ( 'NONE', #1849, 39.37007874015748143 ) ;
#1818 = DIRECTION ( 'NONE',  ( 0.000000000000000000, 0.000000000000000000, -1.000000000000000000 ) ) ;
#1819 = DIRECTION ( 'NONE',  ( 4.268512490100411402E-16, 1.000000000000000000, 0.000000000000000000 ) ) ;
#1820 = VERTEX_POINT ( 'NONE', #423 ) ;
#1821 = DIRECTION ( 'NONE',  ( -1.365923996832131609E-16, -0.000000000000000000, -1.000000000000000000 ) ) ;
#1822 = EDGE_CURVE ( 'NONE', #27, #11, #201, .T. ) ;
#1823 = AXIS2_PLACEMENT_3D ( 'NONE', #828, #89, #118 ) ;
#1824 = DIRECTION ( 'NONE',  ( -0.000000000000000000, -0.000000000000000000, 1.000000000000000000 ) ) ;
#1825 = CARTESIAN_POINT ( 'NONE',  ( -0.2499999999999999167, 0.07087341226347257384, -0.4499999999999998446 ) ) ;
#1826 = AXIS2_PLACEMENT_3D ( 'NONE', #222, #54, #496 ) ;
#1827 = LINE ( 'NONE', #655, #444 ) ;
#1828 = LINE ( 'NONE', #1213, #1304 ) ;
#1829 = VERTEX_POINT ( 'NONE', #1841 ) ;
#1830 = CARTESIAN_POINT ( 'NONE',  ( -0.4900000000000000466, 0.009999999999999995004, -0.01000000000000000021 ) ) ;
#1831 = ADVANCED_FACE ( 'NONE', ( #379 ), #527, .F. ) ;
#1832 = CARTESIAN_POINT ( 'NONE',  ( -0.4900000000000000466, 0.000000000000000000, -0.01000000000000000021 ) ) ;
#1833 = LINE ( 'NONE', #1109, #1037 ) ;
#1834 = LINE ( 'NONE', #817, #345 ) ;
#1835 = DIRECTION ( 'NONE',  ( 0.000000000000000000, 0.000000000000000000, 1.000000000000000000 ) ) ;
#1836 = VERTEX_POINT ( 'NONE', #391 ) ;
#1837 = PLANE ( 'NONE',  #1606 ) ;
#1838 = ORIENTED_EDGE ( 'NONE', *, *, #448, .T. ) ;
#1839 = VECTOR ( 'NONE', #1867, 39.37007874015748143 ) ;
#1840 = DIRECTION ( 'NONE',  ( -0.8660254037844384856, -0.5000000000000002220, 0.000000000000000000 ) ) ;
#1841 = CARTESIAN_POINT ( 'NONE',  ( -0.7399999999999999911, 0.05610236000000001083, -0.3606299199999998262 ) ) ;
#1842 = LOCAL_TIME ( 19, 15, 42.00000000000000000, #1186 ) ;
#1843 = CARTESIAN_POINT ( 'NONE',  ( -0.7399999999999999911, 0.05610236000000000389, -0.3999999999999998557 ) ) ;
#1844 = CARTESIAN_POINT ( 'NONE',  ( -0.2500000000000000000, 0.1791265877365274817, -0.4999999999999999445 ) ) ;
#1845 = EDGE_LOOP ( 'NONE', ( #440, #1349, #946 ) ) ;
#1846 = DIRECTION ( 'NONE',  ( -0.4999999999999996114, -0.8660254037844388186, 6.829619984160653116E-17 ) ) ;
#1847 = VERTEX_POINT ( 'NONE', #408 ) ;
#1848 = AXIS2_PLACEMENT_3D ( 'NONE', #34, #631, #766 ) ;
#1849 = DIRECTION ( 'NONE',  ( 1.000000000000000000, -0.000000000000000000, -0.000000000000000000 ) ) ;
#1850 = CARTESIAN_POINT ( 'NONE',  ( -0.2968750000000000000, 0.1520632938682637825, -0.4499999999999997891 ) ) ;
#1851 = AXIS2_PLACEMENT_3D ( 'NONE', #1473, #1197, #1891 ) ;
#1852 = DIRECTION ( 'NONE',  ( -0.000000000000000000, -2.168404275582070744E-16, -1.000000000000000000 ) ) ;
#1853 = VECTOR ( 'NONE', #1687, 39.37007874015748143 ) ;
#1854 = CARTESIAN_POINT ( 'NONE',  ( -0.7500000000000001110, 0.1838976399999999456, -0.1393700800000000350 ) ) ;
#1855 = EDGE_CURVE ( 'NONE', #1241, #1476, #835, .T. ) ;
#1856 = EDGE_CURVE ( 'NONE', #1347, #620, #295, .T. ) ;
#1857 = VERTEX_POINT ( 'NONE', #994 ) ;
#1858 = LINE ( 'NONE', #518, #513 ) ;
#1859 = ORIENTED_EDGE ( 'NONE', *, *, #246, .F. ) ;
#1860 = FACE_OUTER_BOUND ( 'NONE', #642, .T. ) ;
#1861 = DIRECTION ( 'NONE',  ( 1.000000000000000000, 0.000000000000000000, -1.365923996832131609E-16 ) ) ;
#1862 = DIRECTION ( 'NONE',  ( 1.000000000000000000, 0.000000000000000000, 0.000000000000000000 ) ) ;
#1863 = CARTESIAN_POINT ( 'NONE',  ( -0.2968750000000000000, 0.1520632938682637825, -0.4499999999999997891 ) ) ;
#1864 = ORIENTED_EDGE ( 'NONE', *, *, #264, .F. ) ;
#1865 = DIRECTION ( 'NONE',  ( -1.000000000000000000, 0.000000000000000000, -0.000000000000000000 ) ) ;
#1866 = ORIENTED_EDGE ( 'NONE', *, *, #298, .F. ) ;
#1867 = DIRECTION ( 'NONE',  ( -1.365923996832131609E-16, -0.000000000000000000, -1.000000000000000000 ) ) ;
#1868 = CARTESIAN_POINT ( 'NONE',  ( -0.7500000000000001110, 0.05610236000000000389, -0.1393700800000000350 ) ) ;
#1869 = CARTESIAN_POINT ( 'NONE',  ( -0.5000000000000001110, 0.05610236000000000389, -0.3999999999999998557 ) ) ;
#1870 = AXIS2_PLACEMENT_3D ( 'NONE', #28, #329, #1667 ) ;
#1871 = FACE_OUTER_BOUND ( 'NONE', #1042, .T. ) ;
#1872 = VECTOR ( 'NONE', #1272, 39.37007874015748143 ) ;
#1873 = ORIENTED_EDGE ( 'NONE', *, *, #65, .T. ) ;
#1874 = CIRCLE ( 'NONE', #1148, 0.01000000000000002970 ) ;
#1875 = CARTESIAN_POINT ( 'NONE',  ( -0.3193750000000000755, 0.1249999999999999861, -0.4974999999999999423 ) ) ;
#1876 = ORIENTED_EDGE ( 'NONE', *, *, #17, .T. ) ;
#1877 = DESIGN_CONTEXT ( 'detailed design', #604, 'design' ) ;
#1878 = DIRECTION ( 'NONE',  ( 0.000000000000000000, 1.000000000000000000, -0.000000000000000000 ) ) ;
#1879 = APPROVAL_STATUS ( 'not_yet_approved' ) ;
#1880 = EDGE_CURVE ( 'NONE', #1291, #1847, #669, .T. ) ;
#1881 = DIRECTION ( 'NONE',  ( 0.000000000000000000, 0.000000000000000000, 1.000000000000000000 ) ) ;
#1882 = ORIENTED_EDGE ( 'NONE', *, *, #1284, .T. ) ;
#1883 = FACE_OUTER_BOUND ( 'NONE', #187, .T. ) ;
#1884 = CIRCLE ( 'NONE', #1096, 0.01000000000000000021 ) ;
#1885 = ORIENTED_EDGE ( 'NONE', *, *, #649, .T. ) ;
#1886 = CARTESIAN_POINT ( 'NONE',  ( -3.574167791710740680E-16, 6.308932698108795567E-16, -0.4500000000000001221 ) ) ;
#1887 = ORIENTED_EDGE ( 'NONE', *, *, #39, .T. ) ;
#1888 = EDGE_CURVE ( 'NONE', #1476, #1510, #1337, .T. ) ;
#1889 = DIRECTION ( 'NONE',  ( 0.000000000000000000, 1.000000000000000000, 0.000000000000000000 ) ) ;
#1890 = CARTESIAN_POINT ( 'NONE',  ( -0.4000000000000000222, 0.2500000000000000000, -0.2007874015748030982 ) ) ;
#1891 = DIRECTION ( 'NONE',  ( -1.000000000000000000, 0.000000000000000000, 0.000000000000000000 ) ) ;
#1892 = ORIENTED_EDGE ( 'NONE', *, *, #1631, .T. ) ;
#1893 = ORIENTED_EDGE ( 'NONE', *, *, #1205, .T. ) ;
#1894 = EDGE_CURVE ( 'NONE', #1180, #618, #985, .T. ) ;
#1895 = LINE ( 'NONE', #599, #1246 ) ;
#1896 = EDGE_LOOP ( 'NONE', ( #322, #636, #276, #208, #660, #600 ) ) ;
#1897 = CYLINDRICAL_SURFACE ( 'NONE', #1591, 0.02500000000000000486 ) ;
#1898 = COORDINATED_UNIVERSAL_TIME_OFFSET ( 8, 0, .BEHIND. ) ;
#1899 = FACE_OUTER_BOUND ( 'NONE', #58, .T. ) ;
#1900 = DIRECTION ( 'NONE',  ( 0.000000000000000000, 0.000000000000000000, 1.000000000000000000 ) ) ;
ENDSEC;
END-ISO-10303-21;
