ISO-10303-21;
HEADER;
FILE_DESCRIPTION (( 'STEP AP203' ),
    '1' );
FILE_NAME ('Internal Walls_Vf.STEP',
    '2026-03-21T02:09:54',
    ( '' ),
    ( '' ),
    'SwSTEP 2.0',
    'SolidWorks 2025',
    '' );
FILE_SCHEMA (( 'CONFIG_CONTROL_DESIGN' ));
ENDSEC;

DATA;
#1 = ORIENTED_EDGE ( 'NONE', *, *, #2208, .T. ) ;
#2 = ORIENTED_EDGE ( 'NONE', *, *, #2393, .T. ) ;
#3 = ADVANCED_FACE ( 'NONE', ( #835 ), #2103, .T. ) ;
#4 = EDGE_CURVE ( 'NONE', #2370, #2360, #2330, .T. ) ;
#5 = CARTESIAN_POINT ( 'NONE',  ( 0.08000000000000000167, -8.005511132637302296, 2.875000000000000000 ) ) ;
#6 = EDGE_CURVE ( 'NONE', #2236, #1100, #1084, .T. ) ;
#7 = EDGE_LOOP ( 'NONE', ( #1781, #2672, #1210, #46, #1190, #1004 ) ) ;
#8 = CARTESIAN_POINT ( 'NONE',  ( 0.1799999999999999933, -1.813779527559077565, 4.151574803149597592 ) ) ;
#9 = VERTEX_POINT ( 'NONE', #1671 ) ;
#10 = LINE ( 'NONE', #2153, #1443 ) ;
#11 = DIRECTION ( 'NONE',  ( -1.000000000000000000, -0.000000000000000000, -0.000000000000000000 ) ) ;
#12 = DIRECTION ( 'NONE',  ( -1.000000000000000000, -5.463695987328526437E-15, 0.000000000000000000 ) ) ;
#13 = ORIENTED_EDGE ( 'NONE', *, *, #2386, .T. ) ;
#14 = ORIENTED_EDGE ( 'NONE', *, *, #376, .F. ) ;
#15 = CIRCLE ( 'NONE', #1745, 0.05000000000000000971 ) ;
#16 = CARTESIAN_POINT ( 'NONE',  ( 1.229999999999999760, 0.000000000000000000, 4.136417322834645027 ) ) ;
#17 = AXIS2_PLACEMENT_3D ( 'NONE', #1055, #1457, #2510 ) ;
#18 = ORIENTED_EDGE ( 'NONE', *, *, #1215, .F. ) ;
#19 = AXIS2_PLACEMENT_3D ( 'NONE', #1537, #1953, #2633 ) ;
#20 = DIRECTION ( 'NONE',  ( 1.000000000000000000, 0.000000000000000000, -0.000000000000000000 ) ) ;
#21 = ORIENTED_EDGE ( 'NONE', *, *, #652, .T. ) ;
#22 = VECTOR ( 'NONE', #598, 39.37007874015748143 ) ;
#23 = AXIS2_PLACEMENT_3D ( 'NONE', #1036, #2071, #2757 ) ;
#24 = DIRECTION ( 'NONE',  ( 0.000000000000000000, -0.9877175393299448825, 0.1562499999999963085 ) ) ;
#25 = VECTOR ( 'NONE', #1379, 39.37007874015748143 ) ;
#26 = DIRECTION ( 'NONE',  ( -0.000000000000000000, -1.000000000000000000, -2.793490636732269368E-16 ) ) ;
#27 = DIRECTION ( 'NONE',  ( 0.000000000000000000, 1.000000000000000000, 0.000000000000000000 ) ) ;
#28 = ORIENTED_EDGE ( 'NONE', *, *, #2152, .T. ) ;
#29 = LINE ( 'NONE', #1493, #810 ) ;
#30 = CARTESIAN_POINT ( 'NONE',  ( 0.1300000000000000044, -3.500000000000001332, 1.563582677165353374 ) ) ;
#31 = ORIENTED_EDGE ( 'NONE', *, *, #816, .T. ) ;
#32 = CARTESIAN_POINT ( 'NONE',  ( 0.08000000000000000167, 0.000000000000000000, 5.750000000000000000 ) ) ;
#33 = ORIENTED_EDGE ( 'NONE', *, *, #2094, .T. ) ;
#34 = DIRECTION ( 'NONE',  ( 0.000000000000000000, 0.000000000000000000, 1.000000000000000000 ) ) ;
#35 = EDGE_CURVE ( 'NONE', #947, #269, #658, .T. ) ;
#36 = CARTESIAN_POINT ( 'NONE',  ( 0.08000000000000000167, -3.500000000000000888, 4.670078740157471486 ) ) ;
#37 = LINE ( 'NONE', #678, #158 ) ;
#38 = ORIENTED_EDGE ( 'NONE', *, *, #2177, .T. ) ;
#39 = CARTESIAN_POINT ( 'NONE',  ( 0.4799999999999998157, -1.074999999999996181, 5.750000000000000000 ) ) ;
#40 = EDGE_CURVE ( 'NONE', #2722, #1049, #420, .T. ) ;
#41 = ADVANCED_FACE ( 'NONE', ( #2316 ), #1069, .F. ) ;
#42 = LINE ( 'NONE', #254, #1040 ) ;
#43 = MECHANICAL_CONTEXT ( 'NONE', #1690, 'mechanical' ) ;
#44 = ORIENTED_EDGE ( 'NONE', *, *, #2399, .T. ) ;
#45 = DIRECTION ( 'NONE',  ( 1.000000000000000000, 0.000000000000000000, 0.000000000000000000 ) ) ;
#46 = ORIENTED_EDGE ( 'NONE', *, *, #494, .T. ) ;
#47 = LINE ( 'NONE', #1093, #2248 ) ;
#48 = CC_DESIGN_PERSON_AND_ORGANIZATION_ASSIGNMENT ( #2412, #2588, ( #1766 ) ) ;
#49 = LINE ( 'NONE', #894, #1692 ) ;
#50 = DIRECTION ( 'NONE',  ( 0.000000000000000000, 0.000000000000000000, -1.000000000000000000 ) ) ;
#51 = DIRECTION ( 'NONE',  ( -1.000000000000000000, -0.000000000000000000, -0.000000000000000000 ) ) ;
#52 = ADVANCED_FACE ( 'NONE', ( #2357 ), #2559, .F. ) ;
#53 = AXIS2_PLACEMENT_3D ( 'NONE', #2083, #178, #1020 ) ;
#54 = DIRECTION ( 'NONE',  ( 0.000000000000000000, 0.000000000000000000, 1.000000000000000000 ) ) ;
#55 = ORIENTED_EDGE ( 'NONE', *, *, #1167, .F. ) ;
#56 = EDGE_CURVE ( 'NONE', #129, #177, #29, .T. ) ;
#57 = AXIS2_PLACEMENT_3D ( 'NONE', #758, #772, #381 ) ;
#58 = FACE_OUTER_BOUND ( 'NONE', #2446, .T. ) ;
#59 = EDGE_LOOP ( 'NONE', ( #2676, #1782, #462, #1849 ) ) ;
#60 = VECTOR ( 'NONE', #1102, 39.37007874015748143 ) ;
#61 = CARTESIAN_POINT ( 'NONE',  ( 0.1007106781186546951, -1.269999999999999796, 4.036417322834646271 ) ) ;
#62 = AXIS2_PLACEMENT_3D ( 'NONE', #1324, #267, #1960 ) ;
#63 = EDGE_CURVE ( 'NONE', #391, #2475, #1724, .T. ) ;
#64 = CIRCLE ( 'NONE', #23, 0.1000000000000000194 ) ;
#65 = DIRECTION ( 'NONE',  ( 0.000000000000000000, -1.000000000000000000, 0.000000000000000000 ) ) ;
#66 = CIRCLE ( 'NONE', #2613, 0.1000000000000000194 ) ;
#67 = DIRECTION ( 'NONE',  ( 1.000000000000000000, 0.000000000000000000, 0.000000000000000000 ) ) ;
#68 = CARTESIAN_POINT ( 'NONE',  ( 0.07999999999999996003, -2.911220472440966489, 1.623425196850403429 ) ) ;
#69 = PERSON_AND_ORGANIZATION ( #442, #2077 ) ;
#70 = ORIENTED_EDGE ( 'NONE', *, *, #2440, .T. ) ;
#71 = VERTEX_POINT ( 'NONE', #2302 ) ;
#72 = CARTESIAN_POINT ( 'NONE',  ( 1.250000000000000000, -2.867078813999310860, 1.798425196850403252 ) ) ;
#73 = ORIENTED_EDGE ( 'NONE', *, *, #2622, .F. ) ;
#74 = APPROVAL_PERSON_ORGANIZATION ( #460, #2200, #1313 ) ;
#75 = EDGE_CURVE ( 'NONE', #1015, #2449, #201, .T. ) ;
#76 = DIRECTION ( 'NONE',  ( -1.000000000000000000, -0.000000000000000000, -0.000000000000000000 ) ) ;
#77 = CARTESIAN_POINT ( 'NONE',  ( 0.1300000000000002542, -1.269999999999999796, 1.713582677165354173 ) ) ;
#78 = DIRECTION ( 'NONE',  ( -0.000000000000000000, 1.613904771550966394E-14, 1.000000000000000000 ) ) ;
#79 = CARTESIAN_POINT ( 'NONE',  ( 1.229999999999999760, 0.000000000000000000, 1.713582677165354173 ) ) ;
#80 = DATE_AND_TIME ( #1961, #2579 ) ;
#81 = ORIENTED_EDGE ( 'NONE', *, *, #1077, .F. ) ;
#82 = ADVANCED_FACE ( 'NONE', ( #1875 ), #884, .F. ) ;
#83 = DIRECTION ( 'NONE',  ( 0.000000000000000000, -1.000000000000000000, 0.000000000000000000 ) ) ;
#84 = VERTEX_POINT ( 'NONE', #2586 ) ;
#85 = EDGE_CURVE ( 'NONE', #2079, #551, #1138, .T. ) ;
#86 = ORIENTED_EDGE ( 'NONE', *, *, #75, .F. ) ;
#87 = VECTOR ( 'NONE', #2583, 39.37007874015748143 ) ;
#88 = EDGE_CURVE ( 'NONE', #647, #1557, #15, .T. ) ;
#89 = CARTESIAN_POINT ( 'NONE',  ( 0.1300000000000000044, -9.970248152059355892E-18, 1.613582677165354085 ) ) ;
#90 = CARTESIAN_POINT ( 'NONE',  ( 0.1799999999999999933, -2.849261132637301852, 1.887282460670055118 ) ) ;
#91 = DIRECTION ( 'NONE',  ( 0.000000000000000000, -1.613904771550966394E-14, -1.000000000000000000 ) ) ;
#92 = CIRCLE ( 'NONE', #1026, 0.1000000000000001721 ) ;
#93 = CARTESIAN_POINT ( 'NONE',  ( 0.08000000000000000167, -1.419999999999999929, 1.563582677165353818 ) ) ;
#94 = ORIENTED_EDGE ( 'NONE', *, *, #1393, .T. ) ;
#95 = ORIENTED_EDGE ( 'NONE', *, *, #1481, .T. ) ;
#96 = EDGE_CURVE ( 'NONE', #1226, #2764, #2596, .T. ) ;
#97 = DIRECTION ( 'NONE',  ( 0.000000000000000000, 1.000000000000000000, 2.793490636732269368E-16 ) ) ;
#98 = CIRCLE ( 'NONE', #1651, 0.1000000000000005745 ) ;
#99 = ORIENTED_EDGE ( 'NONE', *, *, #579, .F. ) ;
#100 = VECTOR ( 'NONE', #1027, 39.37007874015748143 ) ;
#101 = FACE_OUTER_BOUND ( 'NONE', #2210, .T. ) ;
#102 = EDGE_LOOP ( 'NONE', ( #1966, #2524, #1688, #2275 ) ) ;
#103 = AXIS2_PLACEMENT_3D ( 'NONE', #2115, #1647, #211 ) ;
#104 = AXIS2_PLACEMENT_3D ( 'NONE', #1130, #2433, #2389 ) ;
#105 = CARTESIAN_POINT ( 'NONE',  ( 0.08000000000000000167, -1.249289321881345227, 1.734293355284008742 ) ) ;
#106 = DIRECTION ( 'NONE',  ( 1.000000000000000000, -2.101421533587894859E-16, 0.000000000000000000 ) ) ;
#107 = CARTESIAN_POINT ( 'NONE',  ( 1.229999999999999760, -0.8499999999999886535, 4.136417322834645027 ) ) ;
#108 = AXIS2_PLACEMENT_3D ( 'NONE', #2284, #1681, #2545 ) ;
#109 = FACE_OUTER_BOUND ( 'NONE', #1996, .T. ) ;
#110 = AXIS2_PLACEMENT_3D ( 'NONE', #1589, #1578, #1137 ) ;
#111 = EDGE_LOOP ( 'NONE', ( #837, #1301, #2036, #930 ) ) ;
#112 = ORIENTED_EDGE ( 'NONE', *, *, #1559, .F. ) ;
#113 = VECTOR ( 'NONE', #302, 39.37007874015748143 ) ;
#114 = CARTESIAN_POINT ( 'NONE',  ( 0.08000000000000000167, -1.419999999999999929, 1.563582677165353818 ) ) ;
#115 = ORIENTED_EDGE ( 'NONE', *, *, #586, .T. ) ;
#116 = CARTESIAN_POINT ( 'NONE',  ( 1.229999999999999760, -1.269999999999999796, 1.713582677165354173 ) ) ;
#117 = CARTESIAN_POINT ( 'NONE',  ( 1.250000000000000000, -8.005511132637302296, 2.875000000000000000 ) ) ;
#118 = EDGE_LOOP ( 'NONE', ( #2730, #383, #187, #338 ) ) ;
#119 = CARTESIAN_POINT ( 'NONE',  ( 0.07999999999999996003, -1.988779527559077165, 1.079921259842529846 ) ) ;
#120 = CARTESIAN_POINT ( 'NONE',  ( 0.4799999999999998157, -1.074999999999996181, 5.750000000000000000 ) ) ;
#121 = EDGE_CURVE ( 'NONE', #2157, #84, #147, .T. ) ;
#122 = CARTESIAN_POINT ( 'NONE',  ( 1.250000000000000000, -2.964953715306700488, 1.818931383577062189 ) ) ;
#123 = DIRECTION ( 'NONE',  ( -0.000000000000000000, 1.000000000000000000, 6.159692768670429183E-16 ) ) ;
#124 = ORIENTED_EDGE ( 'NONE', *, *, #174, .F. ) ;
#125 = ORIENTED_EDGE ( 'NONE', *, *, #611, .F. ) ;
#126 = EDGE_CURVE ( 'NONE', #698, #159, #940, .T. ) ;
#127 = ADVANCED_FACE ( 'NONE', ( #1512 ), #988, .F. ) ;
#128 = CARTESIAN_POINT ( 'NONE',  ( 0.4799999999999998157, 0.000000000000000000, 4.036417322834645383 ) ) ;
#129 = VERTEX_POINT ( 'NONE', #253 ) ;
#130 = CARTESIAN_POINT ( 'NONE',  ( 0.1300000000000000044, -3.500000000000000888, 4.186417322834644850 ) ) ;
#131 = CARTESIAN_POINT ( 'NONE',  ( 0.1799999999999999933, -2.864886132637301408, 1.986054214603049761 ) ) ;
#132 = ORIENTED_EDGE ( 'NONE', *, *, #2765, .T. ) ;
#133 = EDGE_CURVE ( 'NONE', #2547, #1368, #1323, .T. ) ;
#134 = DIRECTION ( 'NONE',  ( 0.000000000000000000, -0.000000000000000000, -1.000000000000000000 ) ) ;
#135 = FACE_OUTER_BOUND ( 'NONE', #1294, .T. ) ;
#136 = PLANE ( 'NONE',  #1878 ) ;
#137 = CARTESIAN_POINT ( 'NONE',  ( 0.08000000000000000167, -1.813779527559077565, 0.1800288621802734190 ) ) ;
#138 = ORIENTED_EDGE ( 'NONE', *, *, #2208, .F. ) ;
#139 = EDGE_CURVE ( 'NONE', #1581, #427, #476, .T. ) ;
#140 = EDGE_LOOP ( 'NONE', ( #13, #2462, #651, #340 ) ) ;
#141 = VERTEX_POINT ( 'NONE', #2638 ) ;
#142 = EDGE_CURVE ( 'NONE', #891, #1092, #1552, .T. ) ;
#143 = AXIS2_PLACEMENT_3D ( 'NONE', #718, #2437, #2238 ) ;
#144 = DIRECTION ( 'NONE',  ( 1.000000000000000000, 0.000000000000000000, 0.000000000000000000 ) ) ;
#145 =( NAMED_UNIT ( * ) SI_UNIT ( $, .STERADIAN. ) SOLID_ANGLE_UNIT ( ) );
#146 = ORIENTED_EDGE ( 'NONE', *, *, #2408, .T. ) ;
#147 = CIRCLE ( 'NONE', #458, 5.000000000000000000 ) ;
#148 = CARTESIAN_POINT ( 'NONE',  ( 0.4799999999999998157, -1.074999999999996181, 4.136417322834645027 ) ) ;
#149 = CIRCLE ( 'NONE', #506, 1.000000000000000222 ) ;
#150 = EDGE_CURVE ( 'NONE', #562, #824, #1478, .T. ) ;
#151 = LINE ( 'NONE', #2496, #1174 ) ;
#152 = CARTESIAN_POINT ( 'NONE',  ( 1.250000000000000000, -3.011220472440942597, 0.000000000000000000 ) ) ;
#153 = CIRCLE ( 'NONE', #2108, 0.1000000000000000194 ) ;
#154 = DIRECTION ( 'NONE',  ( -1.000000000000000000, -0.000000000000000000, -0.000000000000000000 ) ) ;
#155 = ORIENTED_EDGE ( 'NONE', *, *, #2230, .F. ) ;
#156 = CIRCLE ( 'NONE', #1270, 0.2499999999999998057 ) ;
#157 = EDGE_LOOP ( 'NONE', ( #2141, #1175, #631, #480 ) ) ;
#158 = VECTOR ( 'NONE', #1525, 39.37007874015748143 ) ;
#159 = VERTEX_POINT ( 'NONE', #1359 ) ;
#160 = AXIS2_PLACEMENT_3D ( 'NONE', #976, #76, #2211 ) ;
#161 = CARTESIAN_POINT ( 'NONE',  ( 1.250000000000000000, -1.913779527559076987, 1.079921259842529846 ) ) ;
#162 =( CONVERSION_BASED_UNIT ( 'INCH', #1615 ) LENGTH_UNIT ( ) NAMED_UNIT ( #654 ) );
#163 = ORIENTED_EDGE ( 'NONE', *, *, #970, .T. ) ;
#164 = ADVANCED_FACE ( 'NONE', ( #1527 ), #2186, .T. ) ;
#165 = DIRECTION ( 'NONE',  ( -0.000000000000000000, -0.000000000000000000, -1.000000000000000000 ) ) ;
#166 = DIRECTION ( 'NONE',  ( -1.000000000000000000, -0.000000000000000000, -0.000000000000000000 ) ) ;
#167 = DIRECTION ( 'NONE',  ( -1.000000000000000000, -0.000000000000000000, -0.000000000000000000 ) ) ;
#168 = CC_DESIGN_APPROVAL ( #2200, ( #1118 ) ) ;
#169 = FACE_OUTER_BOUND ( 'NONE', #2595, .T. ) ;
#170 = ORIENTED_EDGE ( 'NONE', *, *, #700, .F. ) ;
#171 = ORIENTED_EDGE ( 'NONE', *, *, #1985, .F. ) ;
#172 = CARTESIAN_POINT ( 'NONE',  ( 1.250000000000000000, -2.088779527559077476, 1.523425196850403340 ) ) ;
#173 = ORIENTED_EDGE ( 'NONE', *, *, #139, .T. ) ;
#174 = EDGE_CURVE ( 'NONE', #958, #2547, #1702, .T. ) ;
#175 = DIRECTION ( 'NONE',  ( 0.000000000000000000, 0.000000000000000000, 1.000000000000000000 ) ) ;
#176 = LINE ( 'NONE', #2110, #735 ) ;
#177 = VERTEX_POINT ( 'NONE', #276 ) ;
#178 = DIRECTION ( 'NONE',  ( 1.000000000000000000, 0.000000000000000000, 0.000000000000000000 ) ) ;
#179 = CARTESIAN_POINT ( 'NONE',  ( 1.229999999999999760, 0.000000000000000000, 1.613582677165354085 ) ) ;
#180 = FACE_OUTER_BOUND ( 'NONE', #504, .T. ) ;
#181 = DIRECTION ( 'NONE',  ( 0.000000000000000000, -0.9787490130739029404, 0.2050618672665913411 ) ) ;
#182 = DIRECTION ( 'NONE',  ( 0.000000000000000000, 0.000000000000000000, -1.000000000000000000 ) ) ;
#183 = VERTEX_POINT ( 'NONE', #1097 ) ;
#184 = ORIENTED_EDGE ( 'NONE', *, *, #2651, .F. ) ;
#185 =( BOUNDED_CURVE ( )  B_SPLINE_CURVE ( 3, ( #1545, #1087, #2411, #1514 ),
 .UNSPECIFIED., .F., .T. ) 
 B_SPLINE_CURVE_WITH_KNOTS ( ( 4, 4 ),
 ( 3.141592653589788675, 4.712388980384689674 ),
 .UNSPECIFIED. ) 
 CURVE ( )  GEOMETRIC_REPRESENTATION_ITEM ( )  RATIONAL_B_SPLINE_CURVE ( ( 1.000000000000000000, 0.8047378541243640493, 0.8047378541243640493, 1.000000000000000000 ) ) 
 REPRESENTATION_ITEM ( '' )  );
#186 = CARTESIAN_POINT ( 'NONE',  ( 0.1799999999999999933, -2.867078813999310860, 1.698425196850403163 ) ) ;
#187 = ORIENTED_EDGE ( 'NONE', *, *, #2358, .F. ) ;
#188 = CARTESIAN_POINT ( 'NONE',  ( 0.08000000000000000167, -3.750000000000000000, 5.750000000000000000 ) ) ;
#189 = FACE_OUTER_BOUND ( 'NONE', #2244, .T. ) ;
#190 = ORIENTED_EDGE ( 'NONE', *, *, #1972, .F. ) ;
#191 = CIRCLE ( 'NONE', #635, 0.1000000000000000749 ) ;
#192 = LINE ( 'NONE', #569, #1477 ) ;
#193 = CARTESIAN_POINT ( 'NONE',  ( 1.250000000000000000, -3.094796846923016265, 1.934316629209575478 ) ) ;
#194 = VECTOR ( 'NONE', #581, 39.37007874015748143 ) ;
#195 = DIRECTION ( 'NONE',  ( 0.000000000000000000, -1.000000000000000000, 0.000000000000000000 ) ) ;
#196 = VECTOR ( 'NONE', #850, 39.37007874015748143 ) ;
#197 = ADVANCED_FACE ( 'NONE', ( #487 ), #1150, .F. ) ;
#198 = CARTESIAN_POINT ( 'NONE',  ( 0.1799999999999999933, -2.867078813999311304, 1.798425196850403252 ) ) ;
#199 = CARTESIAN_POINT ( 'NONE',  ( 1.250000000000000000, -3.011220472440942597, 5.750000000000001776 ) ) ;
#200 = ORIENTED_EDGE ( 'NONE', *, *, #247, .T. ) ;
#201 = LINE ( 'NONE', #389, #368 ) ;
#202 = VECTOR ( 'NONE', #438, 39.37007874015748143 ) ;
#203 = EDGE_CURVE ( 'NONE', #1809, #1183, #2396, .T. ) ;
#204 = DIRECTION ( 'NONE',  ( -0.000000000000000000, -0.2050618672665913411, 0.9787490130739029404 ) ) ;
#205 = EDGE_LOOP ( 'NONE', ( #1683, #2132, #2093, #1714 ) ) ;
#206 = AXIS2_PLACEMENT_3D ( 'NONE', #2282, #1248, #1887 ) ;
#207 = DIRECTION ( 'NONE',  ( 0.000000000000000000, 5.268712151789852408E-16, -1.000000000000000000 ) ) ;
#208 = AXIS2_PLACEMENT_3D ( 'NONE', #2635, #729, #325 ) ;
#209 = EDGE_LOOP ( 'NONE', ( #14, #1860, #18, #879 ) ) ;
#210 = DIRECTION ( 'NONE',  ( -2.101421533587894366E-16, -1.000000000000000000, 0.000000000000000000 ) ) ;
#211 = DIRECTION ( 'NONE',  ( 1.000000000000000000, 0.000000000000000000, -0.000000000000000000 ) ) ;
#212 = ADVANCED_FACE ( 'NONE', ( #1767 ), #1345, .F. ) ;
#213 = ADVANCED_FACE ( 'NONE', ( #935 ), #966, .F. ) ;
#214 = DIRECTION ( 'NONE',  ( 1.000000000000000000, 0.000000000000000000, 0.000000000000000000 ) ) ;
#215 = CARTESIAN_POINT ( 'NONE',  ( 0.1799999999999999933, -2.967078813999310061, 3.951574803149597859 ) ) ;
#216 = ORIENTED_EDGE ( 'NONE', *, *, #948, .F. ) ;
#217 = CARTESIAN_POINT ( 'NONE',  ( 0.1799999999999999933, -1.813779527559077565, 0.1800288621802734190 ) ) ;
#218 = CC_DESIGN_APPROVAL ( #1818, ( #1987 ) ) ;
#219 = CARTESIAN_POINT ( 'NONE',  ( 0.08000000000000000167, -3.500000000000000888, 0.1800288621802734190 ) ) ;
#220 = VERTEX_POINT ( 'NONE', #1196 ) ;
#221 = DIRECTION ( 'NONE',  ( 0.000000000000000000, 0.000000000000000000, -1.000000000000000000 ) ) ;
#222 = ORIENTED_EDGE ( 'NONE', *, *, #1748, .F. ) ;
#223 = CARTESIAN_POINT ( 'NONE',  ( 0.1799999999999999933, -2.849261132637301852, 3.862717539329944216 ) ) ;
#224 = CARTESIAN_POINT ( 'NONE',  ( 1.250000000000000000, -2.864886132637301408, 1.986054214603049761 ) ) ;
#225 = LINE ( 'NONE', #1916, #2375 ) ;
#226 = DIRECTION ( 'NONE',  ( 0.000000000000000000, 0.000000000000000000, -1.000000000000000000 ) ) ;
#227 = VERTEX_POINT ( 'NONE', #2655 ) ;
#228 = ORIENTED_EDGE ( 'NONE', *, *, #2008, .T. ) ;
#229 = CARTESIAN_POINT ( 'NONE',  ( 0.1300000000000002542, -1.369999999999999885, 1.613582677165353862 ) ) ;
#230 = VERTEX_POINT ( 'NONE', #980 ) ;
#231 = DIRECTION ( 'NONE',  ( 0.000000000000000000, 0.000000000000000000, -1.000000000000000000 ) ) ;
#232 = EDGE_CURVE ( 'NONE', #2547, #1868, #2043, .T. ) ;
#233 = ORIENTED_EDGE ( 'NONE', *, *, #2268, .F. ) ;
#234 = CARTESIAN_POINT ( 'NONE',  ( 0.5799999999999998490, -1.074999999999996181, 5.750000000000000000 ) ) ;
#235 = CARTESIAN_POINT ( 'NONE',  ( 0.08000000000000000167, -3.714548149173205527, 5.441639178875928629 ) ) ;
#236 = CARTESIAN_POINT ( 'NONE',  ( 1.229999999999999760, -1.269999999999999796, 0.000000000000000000 ) ) ;
#237 = ORIENTED_EDGE ( 'NONE', *, *, #981, .F. ) ;
#238 = DIRECTION ( 'NONE',  ( 0.000000000000000000, 0.000000000000000000, -1.000000000000000000 ) ) ;
#239 = AXIS2_PLACEMENT_3D ( 'NONE', #1959, #2381, #305 ) ;
#240 = LINE ( 'NONE', #1553, #2204 ) ;
#241 = AXIS2_PLACEMENT_3D ( 'NONE', #864, #2521, #1656 ) ;
#242 = ORIENTED_EDGE ( 'NONE', *, *, #1762, .T. ) ;
#243 = VECTOR ( 'NONE', #957, 39.37007874015748143 ) ;
#244 = DIRECTION ( 'NONE',  ( -1.000000000000000000, -0.000000000000000000, -0.000000000000000000 ) ) ;
#245 = EDGE_LOOP ( 'NONE', ( #1757, #1874, #572, #115 ) ) ;
#246 = AXIS2_PLACEMENT_3D ( 'NONE', #1319, #653, #1540 ) ;
#247 = EDGE_CURVE ( 'NONE', #2489, #2362, #2466, .T. ) ;
#248 = CARTESIAN_POINT ( 'NONE',  ( 0.5799999999999998490, -0.8499999999999884315, 5.750000000000000000 ) ) ;
#249 = AXIS2_PLACEMENT_3D ( 'NONE', #234, #675, #1078 ) ;
#250 = DIRECTION ( 'NONE',  ( -1.000000000000000000, -0.000000000000000000, -0.000000000000000000 ) ) ;
#251 = CARTESIAN_POINT ( 'NONE',  ( 1.250000000000000000, -3.011220472440967466, 4.226574803149597770 ) ) ;
#252 = ORIENTED_EDGE ( 'NONE', *, *, #1154, .F. ) ;
#253 = CARTESIAN_POINT ( 'NONE',  ( 1.250000000000000000, -3.011220472440966578, 1.523425196850403340 ) ) ;
#254 = CARTESIAN_POINT ( 'NONE',  ( 0.08000000000000000167, -3.011220472440945262, 0.1800288621802811351 ) ) ;
#255 = COORDINATED_UNIVERSAL_TIME_OFFSET ( 8, 0, .BEHIND. ) ;
#256 = ORIENTED_EDGE ( 'NONE', *, *, #2144, .F. ) ;
#257 = ORIENTED_EDGE ( 'NONE', *, *, #2480, .F. ) ;
#258 = CARTESIAN_POINT ( 'NONE',  ( 1.250000000000000000, -8.005511132637302296, 2.875000000000000000 ) ) ;
#259 = ORIENTED_EDGE ( 'NONE', *, *, #2363, .F. ) ;
#260 = CC_DESIGN_DATE_AND_TIME_ASSIGNMENT ( #1099, #839, ( #1118 ) ) ;
#261 = CARTESIAN_POINT ( 'NONE',  ( 0.4799999999999998157, -1.074999999999996181, 5.750000000000000000 ) ) ;
#262 = DIRECTION ( 'NONE',  ( -1.000000000000000000, -0.000000000000000000, -0.000000000000000000 ) ) ;
#263 = CYLINDRICAL_SURFACE ( 'NONE', #601, 0.05000000000000000971 ) ;
#264 = EDGE_CURVE ( 'NONE', #522, #1012, #1522, .T. ) ;
#265 = ORIENTED_EDGE ( 'NONE', *, *, #1146, .F. ) ;
#266 = CARTESIAN_POINT ( 'NONE',  ( 1.250000000000000000, -8.005511132637302296, 2.875000000000000000 ) ) ;
#267 = DIRECTION ( 'NONE',  ( 2.101421533587894366E-16, 1.000000000000000000, -0.000000000000000000 ) ) ;
#268 = DATE_TIME_ROLE ( 'classification_date' ) ;
#269 = VERTEX_POINT ( 'NONE', #2703 ) ;
#270 = EDGE_CURVE ( 'NONE', #2475, #1418, #1208, .T. ) ;
#271 = DIRECTION ( 'NONE',  ( -0.000000000000000000, -0.000000000000000000, 1.000000000000000000 ) ) ;
#272 = ORIENTED_EDGE ( 'NONE', *, *, #1539, .F. ) ;
#273 = DIRECTION ( 'NONE',  ( 0.000000000000000000, 0.000000000000000000, -1.000000000000000000 ) ) ;
#274 = DIRECTION ( 'NONE',  ( 0.000000000000000000, -0.1881366741580835500, 0.9821428571428574283 ) ) ;
#275 = CARTESIAN_POINT ( 'NONE',  ( 0.1799999999999999933, -1.813779527559076454, 0.1800288621802743072 ) ) ;
#276 = CARTESIAN_POINT ( 'NONE',  ( 0.07999999999999996003, -3.011220472440966578, 1.523425196850403340 ) ) ;
#277 = ADVANCED_FACE ( 'NONE', ( #1604 ), #1833, .T. ) ;
#278 = VECTOR ( 'NONE', #2725, 39.37007874015748143 ) ;
#279 = CARTESIAN_POINT ( 'NONE',  ( 0.000000000000000000, -3.714548149173205527, 5.441639178875928629 ) ) ;
#280 = ORIENTED_EDGE ( 'NONE', *, *, #142, .T. ) ;
#281 = AXIS2_PLACEMENT_3D ( 'NONE', #2159, #51, #695 ) ;
#282 = EDGE_CURVE ( 'NONE', #2370, #129, #525, .T. ) ;
#283 = CIRCLE ( 'NONE', #1390, 0.1000000000000000194 ) ;
#284 = DIRECTION ( 'NONE',  ( -1.000000000000000000, -0.000000000000000000, -0.000000000000000000 ) ) ;
#285 = VERTEX_POINT ( 'NONE', #107 ) ;
#286 = VECTOR ( 'NONE', #2604, 39.37007874015748143 ) ;
#287 = LINE ( 'NONE', #311, #1355 ) ;
#288 = AXIS2_PLACEMENT_3D ( 'NONE', #2686, #347, #540 ) ;
#289 = VECTOR ( 'NONE', #692, 39.37007874015748143 ) ;
#290 = DIRECTION ( 'NONE',  ( 0.000000000000000000, 0.000000000000000000, 1.000000000000000000 ) ) ;
#291 = DIRECTION ( 'NONE',  ( 1.000000000000000000, -2.101421533587894366E-16, 0.000000000000000000 ) ) ;
#292 = EDGE_CURVE ( 'NONE', #2176, #1131, #736, .T. ) ;
#293 = AXIS2_PLACEMENT_3D ( 'NONE', #393, #2092, #2293 ) ;
#294 = DIRECTION ( 'NONE',  ( 0.000000000000000000, 1.578040221072056626E-14, -1.000000000000000000 ) ) ;
#295 = EDGE_CURVE ( 'NONE', #1100, #2370, #539, .T. ) ;
#296 = CARTESIAN_POINT ( 'NONE',  ( 1.229999999999999760, -0.8499999999999886535, 5.750000000000000000 ) ) ;
#297 = PERSON_AND_ORGANIZATION ( #442, #2077 ) ;
#298 = ORIENTED_EDGE ( 'NONE', *, *, #1890, .F. ) ;
#299 = LINE ( 'NONE', #890, #60 ) ;
#300 = VERTEX_POINT ( 'NONE', #2241 ) ;
#301 = EDGE_CURVE ( 'NONE', #1368, #1600, #1579, .T. ) ;
#302 = DIRECTION ( 'NONE',  ( -1.000000000000000000, -0.000000000000000000, -0.000000000000000000 ) ) ;
#303 = DIRECTION ( 'NONE',  ( 0.000000000000000000, -1.000000000000000000, 0.000000000000000000 ) ) ;
#304 = LINE ( 'NONE', #1161, #820 ) ;
#305 = DIRECTION ( 'NONE',  ( 1.000000000000000000, 0.000000000000000000, -0.000000000000000000 ) ) ;
#306 = LINE ( 'NONE', #937, #645 ) ;
#307 = EDGE_LOOP ( 'NONE', ( #2660, #1202, #1255, #1797 ) ) ;
#308 = ORIENTED_EDGE ( 'NONE', *, *, #1972, .T. ) ;
#309 = FACE_OUTER_BOUND ( 'NONE', #1716, .T. ) ;
#310 = ORIENTED_EDGE ( 'NONE', *, *, #364, .F. ) ;
#311 = CARTESIAN_POINT ( 'NONE',  ( 1.250000000000000000, -1.988779527559077165, 1.079921259842529846 ) ) ;
#312 = VERTEX_POINT ( 'NONE', #2226 ) ;
#313 = CARTESIAN_POINT ( 'NONE',  ( 0.1799999999999999933, -1.913779527559077653, 4.670078740157471486 ) ) ;
#314 = DIRECTION ( 'NONE',  ( 0.000000000000000000, 0.000000000000000000, -1.000000000000000000 ) ) ;
#315 = DIRECTION ( 'NONE',  ( -1.000000000000000000, -0.000000000000000000, -0.000000000000000000 ) ) ;
#316 = CARTESIAN_POINT ( 'NONE',  ( 0.08000000000000000167, -1.813779527559077120, 1.079921259842529846 ) ) ;
#317 = ORIENTED_EDGE ( 'NONE', *, *, #2650, .T. ) ;
#318 = EDGE_LOOP ( 'NONE', ( #2501, #2536, #355, #448 ) ) ;
#319 = CIRCLE ( 'NONE', #1876, 0.1000000000000000194 ) ;
#320 = ORIENTED_EDGE ( 'NONE', *, *, #150, .F. ) ;
#321 = VECTOR ( 'NONE', #1402, 39.37007874015748143 ) ;
#322 = EDGE_CURVE ( 'NONE', #2236, #220, #2684, .T. ) ;
#323 = CARTESIAN_POINT ( 'NONE',  ( 0.5799999999999998490, -1.269999999999999796, 2.624999999999999556 ) ) ;
#324 = DESIGN_CONTEXT ( 'detailed design', #466, 'design' ) ;
#325 = DIRECTION ( 'NONE',  ( 0.000000000000000000, 0.000000000000000000, -1.000000000000000000 ) ) ;
#326 = ORIENTED_EDGE ( 'NONE', *, *, #292, .F. ) ;
#327 = VECTOR ( 'NONE', #838, 39.37007874015748143 ) ;
#328 = VECTOR ( 'NONE', #1635, 39.37007874015748143 ) ;
#329 = DIRECTION ( 'NONE',  ( -1.000000000000000000, 0.000000000000000000, -1.681137226870315887E-15 ) ) ;
#330 = ADVANCED_FACE ( 'NONE', ( #1222 ), #136, .T. ) ;
#331 = FACE_OUTER_BOUND ( 'NONE', #2329, .T. ) ;
#332 = DIRECTION ( 'NONE',  ( -0.000000000000000000, -1.000000000000000000, -0.000000000000000000 ) ) ;
#333 = EDGE_CURVE ( 'NONE', #527, #2176, #2239, .T. ) ;
#334 = CIRCLE ( 'NONE', #2294, 0.1000000000000000194 ) ;
#335 = LINE ( 'NONE', #2274, #2520 ) ;
#336 = CIRCLE ( 'NONE', #1445, 0.2499999999999998057 ) ;
#337 = VERTEX_POINT ( 'NONE', #2670 ) ;
#338 = ORIENTED_EDGE ( 'NONE', *, *, #126, .F. ) ;
#339 = CARTESIAN_POINT ( 'NONE',  ( 1.250000000000000000, -2.911220472440967377, 4.126574803149598125 ) ) ;
#340 = ORIENTED_EDGE ( 'NONE', *, *, #2739, .F. ) ;
#341 = CARTESIAN_POINT ( 'NONE',  ( 0.4799999999999998157, -1.074999999999996181, 1.713582677165354173 ) ) ;
#342 = CARTESIAN_POINT ( 'NONE',  ( 1.250000000000000000, -2.088779527559077920, 4.226574803149597770 ) ) ;
#343 = ORIENTED_EDGE ( 'NONE', *, *, #1807, .F. ) ;
#344 = CARTESIAN_POINT ( 'NONE',  ( 1.229999999999999760, -1.369999999999999662, 2.625000000000000000 ) ) ;
#345 = DIRECTION ( 'NONE',  ( -0.000000000000000000, -1.000000000000000000, 0.000000000000000000 ) ) ;
#346 = CARTESIAN_POINT ( 'NONE',  ( 1.250000000000000000, -3.600000000000000533, 1.836970198721029441E-17 ) ) ;
#347 = DIRECTION ( 'NONE',  ( 1.000000000000000000, 0.000000000000000000, 0.000000000000000000 ) ) ;
#348 = ORIENTED_EDGE ( 'NONE', *, *, #1852, .T. ) ;
#349 = ORIENTED_EDGE ( 'NONE', *, *, #415, .T. ) ;
#350 = CARTESIAN_POINT ( 'NONE',  ( 0.4799999999999998157, -1.369999999999999662, 2.725000000000000089 ) ) ;
#351 = ORIENTED_EDGE ( 'NONE', *, *, #2189, .F. ) ;
#352 = EDGE_CURVE ( 'NONE', #1744, #177, #2603, .T. ) ;
#353 = DIRECTION ( 'NONE',  ( -1.000000000000000000, -0.000000000000000000, -0.000000000000000000 ) ) ;
#354 =( NAMED_UNIT ( * ) PLANE_ANGLE_UNIT ( ) SI_UNIT ( $, .RADIAN. ) );
#355 = ORIENTED_EDGE ( 'NONE', *, *, #40, .T. ) ;
#356 = DIRECTION ( 'NONE',  ( -1.000000000000000000, 0.000000000000000000, 0.000000000000000000 ) ) ;
#357 = DIRECTION ( 'NONE',  ( 0.000000000000000000, 0.000000000000000000, -1.000000000000000000 ) ) ;
#358 = DIRECTION ( 'NONE',  ( 0.000000000000000000, 0.000000000000000000, -1.000000000000000000 ) ) ;
#359 = FACE_OUTER_BOUND ( 'NONE', #2413, .T. ) ;
#360 = ORIENTED_EDGE ( 'NONE', *, *, #2597, .F. ) ;
#361 = ORIENTED_EDGE ( 'NONE', *, *, #2650, .F. ) ;
#362 = CIRCLE ( 'NONE', #2410, 0.1000000000000000194 ) ;
#363 = EDGE_LOOP ( 'NONE', ( #2254, #1534, #973, #1227 ) ) ;
#364 = EDGE_CURVE ( 'NONE', #337, #71, #749, .T. ) ;
#365 = DIRECTION ( 'NONE',  ( -1.000000000000000000, -0.000000000000000000, -0.000000000000000000 ) ) ;
#366 = DIRECTION ( 'NONE',  ( 0.000000000000000000, -1.000000000000000000, 0.000000000000000000 ) ) ;
#367 = ORIENTED_EDGE ( 'NONE', *, *, #1101, .T. ) ;
#368 = VECTOR ( 'NONE', #1239, 39.37007874015748143 ) ;
#369 = LINE ( 'NONE', #1886, #2693 ) ;
#370 = DIRECTION ( 'NONE',  ( 1.000000000000000000, 0.000000000000000000, -0.000000000000000000 ) ) ;
#371 = DIRECTION ( 'NONE',  ( -1.000000000000000000, -0.000000000000000000, -0.000000000000000000 ) ) ;
#372 = CARTESIAN_POINT ( 'NONE',  ( 0.000000000000000000, -3.750000000000000000, 0.000000000000000000 ) ) ;
#373 = ORIENTED_EDGE ( 'NONE', *, *, #1246, .T. ) ;
#374 = AXIS2_PLACEMENT_3D ( 'NONE', #1444, #1460, #2314 ) ;
#375 = ORIENTED_EDGE ( 'NONE', *, *, #2516, .F. ) ;
#376 = EDGE_CURVE ( 'NONE', #269, #1814, #1384, .T. ) ;
#377 = AXIS2_PLACEMENT_3D ( 'NONE', #1321, #2170, #2407 ) ;
#378 = EDGE_CURVE ( 'NONE', #698, #2034, #2072, .T. ) ;
#379 = CARTESIAN_POINT ( 'NONE',  ( 1.250000000000000000, -2.867078813999309528, 3.951574803149597859 ) ) ;
#380 = ORIENTED_EDGE ( 'NONE', *, *, #1559, .T. ) ;
#381 = DIRECTION ( 'NONE',  ( -1.000000000000000000, 0.000000000000000000, -0.000000000000000000 ) ) ;
#382 = CYLINDRICAL_SURFACE ( 'NONE', #472, 0.7500000000000004441 ) ;
#383 = ORIENTED_EDGE ( 'NONE', *, *, #1187, .T. ) ;
#384 = DIRECTION ( 'NONE',  ( 0.000000000000000000, 0.000000000000000000, -1.000000000000000000 ) ) ;
#385 = DIRECTION ( 'NONE',  ( 1.000000000000000000, -2.101421533587894366E-16, 0.000000000000000000 ) ) ;
#386 = CARTESIAN_POINT ( 'NONE',  ( 1.250000000000000000, -2.088779527559077476, 1.623425196850403429 ) ) ;
#387 = LINE ( 'NONE', #1668, #996 ) ;
#388 = VERTEX_POINT ( 'NONE', #386 ) ;
#389 = CARTESIAN_POINT ( 'NONE',  ( 1.229999999999999760, -1.369999999999999662, -2.967005196115137369E-16 ) ) ;
#390 = DIRECTION ( 'NONE',  ( 0.000000000000000000, 0.000000000000000000, -1.000000000000000000 ) ) ;
#391 = VERTEX_POINT ( 'NONE', #1871 ) ;
#392 = CARTESIAN_POINT ( 'NONE',  ( 0.08000000000000000167, 0.000000000000000000, 1.763582677165354218 ) ) ;
#393 = CARTESIAN_POINT ( 'NONE',  ( 0.08000000000000000167, -8.005511132637302296, 2.875000000000000000 ) ) ;
#394 = ORIENTED_EDGE ( 'NONE', *, *, #1942, .T. ) ;
#395 = DIRECTION ( 'NONE',  ( 0.000000000000000000, -1.000000000000000000, 0.000000000000000000 ) ) ;
#396 = CARTESIAN_POINT ( 'NONE',  ( 0.5799999999999998490, -0.8499999999999884315, 1.713582677165354173 ) ) ;
#397 = PLANE ( 'NONE',  #103 ) ;
#398 = CARTESIAN_POINT ( 'NONE',  ( 1.250000000000000000, -2.964953715306699600, 3.931068616422938700 ) ) ;
#399 = PLANE ( 'NONE',  #1570 ) ;
#400 = ORIENTED_EDGE ( 'NONE', *, *, #1448, .F. ) ;
#401 = CARTESIAN_POINT ( 'NONE',  ( 0.08000000000000000167, 0.000000000000000000, 0.000000000000000000 ) ) ;
#402 = LINE ( 'NONE', #1897, #1603 ) ;
#403 = ORIENTED_EDGE ( 'NONE', *, *, #2622, .T. ) ;
#404 = DIRECTION ( 'NONE',  ( 0.000000000000000000, 1.000000000000000000, -0.000000000000000000 ) ) ;
#405 = ADVANCED_FACE ( 'NONE', ( #2741 ), #638, .F. ) ;
#406 = EDGE_CURVE ( 'NONE', #2764, #1898, #1693, .T. ) ;
#407 = CYLINDRICAL_SURFACE ( 'NONE', #1176, 0.1000000000000000194 ) ;
#408 = ORIENTED_EDGE ( 'NONE', *, *, #2272, .T. ) ;
#409 = EDGE_CURVE ( 'NONE', #585, #1152, #2299, .T. ) ;
#410 = AXIS2_PLACEMENT_3D ( 'NONE', #379, #2317, #1229 ) ;
#411 = LINE ( 'NONE', #2769, #1573 ) ;
#412 = VECTOR ( 'NONE', #821, 39.37007874015748143 ) ;
#413 = DIRECTION ( 'NONE',  ( 0.000000000000000000, 1.000000000000000000, 0.000000000000000000 ) ) ;
#414 = VECTOR ( 'NONE', #244, 39.37007874015748143 ) ;
#415 = EDGE_CURVE ( 'NONE', #1828, #2533, #594, .T. ) ;
#416 = LINE ( 'NONE', #1056, #2335 ) ;
#417 = CARTESIAN_POINT ( 'NONE',  ( 1.250000000000000000, -2.888323632637301408, 2.134211845502541394 ) ) ;
#418 = ADVANCED_FACE ( 'NONE', ( #1269 ), #397, .F. ) ;
#419 = ORIENTED_EDGE ( 'NONE', *, *, #992, .T. ) ;
#420 = LINE ( 'NONE', #1447, #1653 ) ;
#421 = DIRECTION ( 'NONE',  ( 0.000000000000000000, 0.000000000000000000, 1.000000000000000000 ) ) ;
#422 = VECTOR ( 'NONE', #2454, 39.37007874015748143 ) ;
#423 = ORIENTED_EDGE ( 'NONE', *, *, #1976, .T. ) ;
#424 = ADVANCED_FACE ( 'NONE', ( #180 ), #1665, .T. ) ;
#425 = DIRECTION ( 'NONE',  ( 0.000000000000000000, 0.000000000000000000, -1.000000000000000000 ) ) ;
#426 = AXIS2_PLACEMENT_3D ( 'NONE', #870, #1720, #664 ) ;
#427 = VERTEX_POINT ( 'NONE', #1903 ) ;
#428 = DIRECTION ( 'NONE',  ( -0.000000000000000000, 2.165697223441707217E-16, -1.000000000000000000 ) ) ;
#429 = PLANE ( 'NONE',  #1123 ) ;
#430 = CARTESIAN_POINT ( 'NONE',  ( 1.250000000000000000, -1.988779527559077387, 1.523425196850403340 ) ) ;
#431 = CARTESIAN_POINT ( 'NONE',  ( 1.229999999999999760, 0.000000000000000000, 1.713582677165354173 ) ) ;
#432 = VERTEX_POINT ( 'NONE', #2758 ) ;
#433 =( GEOMETRIC_REPRESENTATION_CONTEXT ( 3 ) GLOBAL_UNCERTAINTY_ASSIGNED_CONTEXT ( ( #495 ) ) GLOBAL_UNIT_ASSIGNED_CONTEXT ( ( #162, #354, #145 ) ) REPRESENTATION_CONTEXT ( 'NONE', 'WORKASPACE' ) );
#434 = DIRECTION ( 'NONE',  ( 0.000000000000000000, 0.000000000000000000, 1.000000000000000000 ) ) ;
#435 = ADVANCED_FACE ( 'NONE', ( #1283 ), #2529, .F. ) ;
#436 = CARTESIAN_POINT ( 'NONE',  ( 0.4799999999999998157, -0.9499999999999885203, 5.750000000000000000 ) ) ;
#437 = ORIENTED_EDGE ( 'NONE', *, *, #706, .F. ) ;
#438 = DIRECTION ( 'NONE',  ( -1.000000000000000000, 0.000000000000000000, -1.681137226870315887E-15 ) ) ;
#439 = ORIENTED_EDGE ( 'NONE', *, *, #2476, .T. ) ;
#440 = EDGE_CURVE ( 'NONE', #828, #1895, #2542, .T. ) ;
#441 = DIRECTION ( 'NONE',  ( -0.000000000000000000, 0.000000000000000000, 1.000000000000000000 ) ) ;
#442 = PERSON ( 'UNSPECIFIED', 'UNSPECIFIED', 'UNSPECIFIED', ('UNSPECIFIED'), ('UNSPECIFIED'), ('UNSPECIFIED') ) ;
#443 = DIRECTION ( 'NONE',  ( -0.000000000000000000, -5.268712151789852408E-16, 1.000000000000000000 ) ) ;
#444 = CARTESIAN_POINT ( 'NONE',  ( 0.1300000000000002542, -1.269999999999999796, 1.713582677165354173 ) ) ;
#445 = VERTEX_POINT ( 'NONE', #1038 ) ;
#446 = CARTESIAN_POINT ( 'NONE',  ( 0.1799999999999999933, -2.867078813999310860, 3.951574803149597859 ) ) ;
#447 = DIRECTION ( 'NONE',  ( -1.000000000000000000, -0.000000000000000000, -0.000000000000000000 ) ) ;
#448 = ORIENTED_EDGE ( 'NONE', *, *, #900, .F. ) ;
#449 = EDGE_CURVE ( 'NONE', #468, #2673, #1486, .T. ) ;
#450 = CARTESIAN_POINT ( 'NONE',  ( 1.250000000000000000, -8.005511132637302296, 2.875000000000000000 ) ) ;
#451 = ORIENTED_EDGE ( 'NONE', *, *, #1737, .T. ) ;
#452 = DIRECTION ( 'NONE',  ( 0.000000000000000000, 6.306666225373500034E-14, -1.000000000000000000 ) ) ;
#453 = CARTESIAN_POINT ( 'NONE',  ( 1.250000000000000000, -3.750000000000000000, 0.000000000000000000 ) ) ;
#454 = VECTOR ( 'NONE', #1278, 39.37007874015748143 ) ;
#455 = DIRECTION ( 'NONE',  ( -1.000000000000000000, -0.000000000000000000, -0.000000000000000000 ) ) ;
#456 = ORIENTED_EDGE ( 'NONE', *, *, #1741, .T. ) ;
#457 = DIRECTION ( 'NONE',  ( 0.000000000000000000, 0.000000000000000000, -1.000000000000000000 ) ) ;
#458 = AXIS2_PLACEMENT_3D ( 'NONE', #924, #669, #2614 ) ;
#459 = DIRECTION ( 'NONE',  ( 0.000000000000000000, 1.578040221072056626E-14, -1.000000000000000000 ) ) ;
#460 = PERSON_AND_ORGANIZATION ( #442, #2077 ) ;
#461 = EDGE_CURVE ( 'NONE', #1075, #828, #1168, .T. ) ;
#462 = ORIENTED_EDGE ( 'NONE', *, *, #1470, .T. ) ;
#463 = ADVANCED_FACE ( 'NONE', ( #1888 ), #429, .F. ) ;
#464 = AXIS2_PLACEMENT_3D ( 'NONE', #1406, #544, #97 ) ;
#465 = CIRCLE ( 'NONE', #374, 0.2499999999999993894 ) ;
#466 = APPLICATION_CONTEXT ( 'configuration controlled 3d designs of mechanical parts and assemblies' ) ;
#467 = DIRECTION ( 'NONE',  ( 1.000000000000000000, 0.000000000000000000, 0.000000000000000000 ) ) ;
#468 = VERTEX_POINT ( 'NONE', #224 ) ;
#469 = CIRCLE ( 'NONE', #1394, 0.1000000000000000056 ) ;
#470 = VECTOR ( 'NONE', #2702, 39.37007874015748143 ) ;
#471 = CARTESIAN_POINT ( 'NONE',  ( 1.229999999999999760, -1.370000000000000329, 4.136417322834645027 ) ) ;
#472 = AXIS2_PLACEMENT_3D ( 'NONE', #1435, #827, #1675 ) ;
#473 = CYLINDRICAL_SURFACE ( 'NONE', #889, 0.9000000000000002442 ) ;
#474 = DIRECTION ( 'NONE',  ( 8.405686134351579437E-16, 0.000000000000000000, -1.000000000000000000 ) ) ;
#475 = ORIENTED_EDGE ( 'NONE', *, *, #2388, .T. ) ;
#476 = LINE ( 'NONE', #1752, #895 ) ;
#477 = EDGE_CURVE ( 'NONE', #1368, #891, #1747, .T. ) ;
#478 = CARTESIAN_POINT ( 'NONE',  ( 1.250000000000000000, -2.911220472440967377, 4.226574803149597770 ) ) ;
#479 = SECURITY_CLASSIFICATION_LEVEL ( 'unclassified' ) ;
#480 = ORIENTED_EDGE ( 'NONE', *, *, #2685, .F. ) ;
#481 = ORIENTED_EDGE ( 'NONE', *, *, #493, .F. ) ;
#482 = CARTESIAN_POINT ( 'NONE',  ( 0.1799999999999999933, -8.005511132637302296, 2.875000000000000000 ) ) ;
#483 = ORIENTED_EDGE ( 'NONE', *, *, #88, .T. ) ;
#484 = CARTESIAN_POINT ( 'NONE',  ( 0.08000000000000000167, -2.888323632637301408, 2.134211845502541394 ) ) ;
#485 = DIRECTION ( 'NONE',  ( 0.000000000000000000, 0.000000000000000000, 1.000000000000000000 ) ) ;
#486 = PLANE ( 'NONE',  #2154 ) ;
#487 = FACE_OUTER_BOUND ( 'NONE', #1879, .T. ) ;
#488 = EDGE_CURVE ( 'NONE', #2246, #2079, #801, .T. ) ;
#489 = DIRECTION ( 'NONE',  ( -1.000000000000000000, 2.101421533587894366E-16, 0.000000000000000000 ) ) ;
#490 = VERTEX_POINT ( 'NONE', #1434 ) ;
#491 = DIRECTION ( 'NONE',  ( -0.000000000000000000, 0.000000000000000000, 1.000000000000000000 ) ) ;
#492 = ORIENTED_EDGE ( 'NONE', *, *, #1863, .F. ) ;
#493 = EDGE_CURVE ( 'NONE', #2278, #2157, #1396, .T. ) ;
#494 = EDGE_CURVE ( 'NONE', #1100, #1919, #1172, .T. ) ;
#495 = UNCERTAINTY_MEASURE_WITH_UNIT (LENGTH_MEASURE( 1.000000000000000082E-05 ), #162, 'distance_accuracy_value', 'NONE');
#496 = DIRECTION ( 'NONE',  ( 0.000000000000000000, 0.000000000000000000, 1.000000000000000000 ) ) ;
#497 = ADVANCED_FACE ( 'NONE', ( #1628 ), #2038, .F. ) ;
#498 = CARTESIAN_POINT ( 'NONE',  ( 0.1799999999999999933, -2.849261132637301408, 3.862717539329944216 ) ) ;
#499 = CYLINDRICAL_SURFACE ( 'NONE', #2609, 0.1000000000000000194 ) ;
#500 = CARTESIAN_POINT ( 'NONE',  ( 0.08000000000000000167, -3.500000000000000888, 1.079921259842529846 ) ) ;
#501 = DIRECTION ( 'NONE',  ( -1.000000000000000000, -0.000000000000000000, -0.000000000000000000 ) ) ;
#502 = PERSON_AND_ORGANIZATION ( #442, #2077 ) ;
#503 = ORIENTED_EDGE ( 'NONE', *, *, #440, .F. ) ;
#504 = EDGE_LOOP ( 'NONE', ( #2687, #481, #2455, #561 ) ) ;
#505 = AXIS2_PLACEMENT_3D ( 'NONE', #39, #2409, #1543 ) ;
#506 = AXIS2_PLACEMENT_3D ( 'NONE', #575, #1598, #1866 ) ;
#507 = DIRECTION ( 'NONE',  ( -1.000000000000000000, -0.000000000000000000, -0.000000000000000000 ) ) ;
#508 = EDGE_LOOP ( 'NONE', ( #784, #1516, #94, #2643 ) ) ;
#509 = AXIS2_PLACEMENT_3D ( 'NONE', #198, #1041, #181 ) ;
#510 = DIRECTION ( 'NONE',  ( 0.000000000000000000, 0.000000000000000000, -1.000000000000000000 ) ) ;
#511 = AXIS2_PLACEMENT_3D ( 'NONE', #2087, #1272, #641 ) ;
#512 = AXIS2_PLACEMENT_3D ( 'NONE', #595, #370, #1441 ) ;
#513 = DIRECTION ( 'NONE',  ( -1.000000000000000000, -0.000000000000000000, -0.000000000000000000 ) ) ;
#514 = DIRECTION ( 'NONE',  ( -2.101421533587894366E-16, -1.000000000000000000, 0.000000000000000000 ) ) ;
#515 = VECTOR ( 'NONE', #366, 39.37007874015748143 ) ;
#516 = CARTESIAN_POINT ( 'NONE',  ( 1.250000000000000000, -2.991712998229266507, 4.051574803149597948 ) ) ;
#517 = PLANE ( 'NONE',  #686 ) ;
#518 = ORIENTED_EDGE ( 'NONE', *, *, #2574, .F. ) ;
#519 = DIRECTION ( 'NONE',  ( 1.000000000000000000, 0.000000000000000000, 0.000000000000000000 ) ) ;
#520 = ORIENTED_EDGE ( 'NONE', *, *, #592, .T. ) ;
#521 = FACE_OUTER_BOUND ( 'NONE', #307, .T. ) ;
#522 = VERTEX_POINT ( 'NONE', #341 ) ;
#523 = DIRECTION ( 'NONE',  ( 0.000000000000000000, 0.000000000000000000, -1.000000000000000000 ) ) ;
#524 = LINE ( 'NONE', #2451, #1978 ) ;
#525 = LINE ( 'NONE', #152, #1788 ) ;
#526 = DIRECTION ( 'NONE',  ( 0.000000000000000000, 0.000000000000000000, -1.000000000000000000 ) ) ;
#527 = VERTEX_POINT ( 'NONE', #788 ) ;
#528 = VERTEX_POINT ( 'NONE', #533 ) ;
#529 = ADVANCED_FACE ( 'NONE', ( #961 ), #2723, .F. ) ;
#530 = CARTESIAN_POINT ( 'NONE',  ( 0.1299999999999999767, 0.000000000000000000, 4.036417322834645383 ) ) ;
#531 = ORIENTED_EDGE ( 'NONE', *, *, #702, .F. ) ;
#532 = ADVANCED_FACE ( 'NONE', ( #1812 ), #2678, .F. ) ;
#533 = CARTESIAN_POINT ( 'NONE',  ( 0.5799999999999998490, -1.369999999999999662, 2.624999999999999556 ) ) ;
#534 = EDGE_CURVE ( 'NONE', #891, #731, #589, .T. ) ;
#535 = CARTESIAN_POINT ( 'NONE',  ( 0.1799999999999999933, -2.013779527559077298, 1.598425196850403518 ) ) ;
#536 = ORIENTED_EDGE ( 'NONE', *, *, #264, .F. ) ;
#537 = CARTESIAN_POINT ( 'NONE',  ( 0.1799999999999999933, -8.005511132637302296, 2.875000000000000000 ) ) ;
#538 = CARTESIAN_POINT ( 'NONE',  ( 0.5799999999999998490, -1.269999999999999796, 3.024999999999999911 ) ) ;
#539 = LINE ( 'NONE', #346, #681 ) ;
#540 = DIRECTION ( 'NONE',  ( 0.000000000000000000, 0.000000000000000000, -1.000000000000000000 ) ) ;
#541 = ORIENTED_EDGE ( 'NONE', *, *, #85, .T. ) ;
#542 = VERTEX_POINT ( 'NONE', #1614 ) ;
#543 = VECTOR ( 'NONE', #2281, 39.37007874015748143 ) ;
#544 = DIRECTION ( 'NONE',  ( 0.000000000000000000, 2.793490636732269368E-16, -1.000000000000000000 ) ) ;
#545 = VECTOR ( 'NONE', #167, 39.37007874015748143 ) ;
#546 = ORIENTED_EDGE ( 'NONE', *, *, #2535, .T. ) ;
#547 = ADVANCED_FACE ( 'NONE', ( #2447 ), #566, .T. ) ;
#548 = AXIS2_PLACEMENT_3D ( 'NONE', #2712, #1853, #2252 ) ;
#549 = DIRECTION ( 'NONE',  ( -1.000000000000000000, -0.000000000000000000, -0.000000000000000000 ) ) ;
#550 = CARTESIAN_POINT ( 'NONE',  ( 0.1799999999999999933, -2.849261132637301852, 1.887282460670055118 ) ) ;
#551 = VERTEX_POINT ( 'NONE', #1016 ) ;
#552 = AXIS2_PLACEMENT_3D ( 'NONE', #2663, #1680, #1201 ) ;
#553 = ADVANCED_FACE ( 'NONE', ( #2265 ), #1378, .F. ) ;
#554 = CIRCLE ( 'NONE', #775, 0.1000000000000000194 ) ;
#555 = DIRECTION ( 'NONE',  ( 0.000000000000000000, -1.000000000000000000, 0.000000000000000000 ) ) ;
#556 = CARTESIAN_POINT ( 'NONE',  ( 0.08000000000000000167, 0.000000000000000000, 5.750000000000000000 ) ) ;
#557 = DIRECTION ( 'NONE',  ( 0.000000000000000000, 0.000000000000000000, -1.000000000000000000 ) ) ;
#558 = AXIS2_PLACEMENT_3D ( 'NONE', #1678, #1633, #800 ) ;
#559 = DIRECTION ( 'NONE',  ( 0.000000000000000000, -0.000000000000000000, -1.000000000000000000 ) ) ;
#560 = AXIS2_PLACEMENT_3D ( 'NONE', #1341, #1549, #2253 ) ;
#561 = ORIENTED_EDGE ( 'NONE', *, *, #2490, .T. ) ;
#562 = VERTEX_POINT ( 'NONE', #2279 ) ;
#563 = ADVANCED_FACE ( 'NONE', ( #2492 ), #1585, .F. ) ;
#564 = CARTESIAN_POINT ( 'NONE',  ( 1.229999999999999760, 0.000000000000000000, 4.036417322834645383 ) ) ;
#565 = ORIENTED_EDGE ( 'NONE', *, *, #1242, .T. ) ;
#566 = CYLINDRICAL_SURFACE ( 'NONE', #2060, 0.2499999999999998057 ) ;
#567 = DIRECTION ( 'NONE',  ( -1.000000000000000000, -0.000000000000000000, -0.000000000000000000 ) ) ;
#568 = VERTEX_POINT ( 'NONE', #323 ) ;
#569 = CARTESIAN_POINT ( 'NONE',  ( 0.08000000000000000167, 0.000000000000000000, 0.000000000000000000 ) ) ;
#570 = CARTESIAN_POINT ( 'NONE',  ( 0.5799999999999998490, 0.000000000000000000, 3.024999999999999911 ) ) ;
#571 = CARTESIAN_POINT ( 'NONE',  ( 0.1300000000000000044, -3.500000000000000888, 1.763582677165354218 ) ) ;
#572 = ORIENTED_EDGE ( 'NONE', *, *, #1001, .F. ) ;
#573 = ORIENTED_EDGE ( 'NONE', *, *, #1292, .F. ) ;
#574 = ORIENTED_EDGE ( 'NONE', *, *, #1484, .T. ) ;
#575 = CARTESIAN_POINT ( 'NONE',  ( 0.08000000000000000167, -3.005511132637301408, 2.875000000000000000 ) ) ;
#576 = LINE ( 'NONE', #1244, #1047 ) ;
#577 = ORIENTED_EDGE ( 'NONE', *, *, #1565, .F. ) ;
#578 = DIRECTION ( 'NONE',  ( 0.000000000000000000, 0.000000000000000000, -1.000000000000000000 ) ) ;
#579 = EDGE_CURVE ( 'NONE', #1326, #1740, #2747, .T. ) ;
#580 = VECTOR ( 'NONE', #693, 39.37007874015748143 ) ;
#581 = DIRECTION ( 'NONE',  ( -0.000000000000000000, 1.000000000000000000, 0.000000000000000000 ) ) ;
#582 = EDGE_CURVE ( 'NONE', #633, #2305, #149, .T. ) ;
#583 = DIRECTION ( 'NONE',  ( 0.000000000000000000, 0.000000000000000000, 1.000000000000000000 ) ) ;
#584 = ORIENTED_EDGE ( 'NONE', *, *, #2415, .T. ) ;
#585 = VERTEX_POINT ( 'NONE', #2460 ) ;
#586 = EDGE_CURVE ( 'NONE', #1638, #1744, #1419, .T. ) ;
#587 = FACE_OUTER_BOUND ( 'NONE', #140, .T. ) ;
#588 = ORIENTED_EDGE ( 'NONE', *, *, #1484, .F. ) ;
#589 = LINE ( 'NONE', #975, #2151 ) ;
#590 = ORIENTED_EDGE ( 'NONE', *, *, #2257, .F. ) ;
#591 = AXIS2_PLACEMENT_3D ( 'NONE', #898, #1948, #1334 ) ;
#592 = EDGE_CURVE ( 'NONE', #2345, #1464, #2701, .T. ) ;
#593 = LINE ( 'NONE', #1193, #543 ) ;
#594 = CIRCLE ( 'NONE', #1564, 0.2499999999999998057 ) ;
#595 = CARTESIAN_POINT ( 'NONE',  ( 0.1799999999999999933, -2.867078813999309528, 3.951574803149597859 ) ) ;
#596 = CARTESIAN_POINT ( 'NONE',  ( 1.250000000000000000, -2.911220472440966489, 1.523425196850403340 ) ) ;
#597 = VECTOR ( 'NONE', #11, 39.37007874015748143 ) ;
#598 = DIRECTION ( 'NONE',  ( -1.000000000000000000, -0.000000000000000000, -0.000000000000000000 ) ) ;
#599 = ORIENTED_EDGE ( 'NONE', *, *, #670, .T. ) ;
#600 = DIRECTION ( 'NONE',  ( -1.000000000000000000, -0.000000000000000000, -0.000000000000000000 ) ) ;
#601 = AXIS2_PLACEMENT_3D ( 'NONE', #1344, #1107, #27 ) ;
#602 = DIRECTION ( 'NONE',  ( 0.000000000000000000, 0.000000000000000000, 1.000000000000000000 ) ) ;
#603 = ORIENTED_EDGE ( 'NONE', *, *, #2215, .T. ) ;
#604 = AXIS2_PLACEMENT_3D ( 'NONE', #1356, #931, #1586 ) ;
#605 = LINE ( 'NONE', #392, #1306 ) ;
#606 = CARTESIAN_POINT ( 'NONE',  ( 1.250000000000000000, -2.867078813999310860, 1.798425196850403252 ) ) ;
#607 = ORIENTED_EDGE ( 'NONE', *, *, #2597, .T. ) ;
#608 = CARTESIAN_POINT ( 'NONE',  ( 0.000000000000000000, 0.000000000000000000, 5.750000000000000000 ) ) ;
#609 = PLANE ( 'NONE',  #689 ) ;
#610 = CARTESIAN_POINT ( 'NONE',  ( 1.250000000000000000, -3.600000000000000977, 5.750000000000000000 ) ) ;
#611 = EDGE_CURVE ( 'NONE', #1462, #916, #2065, .T. ) ;
#612 = CARTESIAN_POINT ( 'NONE',  ( 1.250000000000000000, -2.911220472440966489, 1.623425196850403429 ) ) ;
#613 = DIRECTION ( 'NONE',  ( -0.000000000000000000, 0.000000000000000000, 1.000000000000000000 ) ) ;
#614 = ORIENTED_EDGE ( 'NONE', *, *, #2028, .T. ) ;
#615 = VERTEX_POINT ( 'NONE', #2565 ) ;
#616 = CARTESIAN_POINT ( 'NONE',  ( 0.5799999999999998490, -1.369999999999999662, 2.725000000000000089 ) ) ;
#617 = ADVANCED_FACE ( 'NONE', ( #632 ), #2013, .F. ) ;
#618 = ORIENTED_EDGE ( 'NONE', *, *, #702, .T. ) ;
#619 = DIRECTION ( 'NONE',  ( -1.000000000000000000, -0.000000000000000000, -0.000000000000000000 ) ) ;
#620 = LINE ( 'NONE', #1867, #515 ) ;
#621 = ORIENTED_EDGE ( 'NONE', *, *, #1544, .F. ) ;
#622 = ADVANCED_FACE ( 'NONE', ( #2361 ), #2537, .F. ) ;
#623 = PLANE ( 'NONE',  #1530 ) ;
#624 = DIRECTION ( 'NONE',  ( -1.000000000000000000, -0.000000000000000000, -0.000000000000000000 ) ) ;
#625 = DIRECTION ( 'NONE',  ( 1.000000000000000000, 0.000000000000000000, 0.000000000000000000 ) ) ;
#626 = CARTESIAN_POINT ( 'NONE',  ( 1.229999999999999760, -3.217563941040572266E-16, 1.613582677165354085 ) ) ;
#627 = ORIENTED_EDGE ( 'NONE', *, *, #753, .F. ) ;
#628 = VERTEX_POINT ( 'NONE', #1703 ) ;
#629 = EDGE_CURVE ( 'NONE', #1405, #647, #605, .T. ) ;
#630 = CARTESIAN_POINT ( 'NONE',  ( 1.250000000000000000, -2.088779527559077920, 4.126574803149598125 ) ) ;
#631 = ORIENTED_EDGE ( 'NONE', *, *, #2386, .F. ) ;
#632 = FACE_OUTER_BOUND ( 'NONE', #1555, .T. ) ;
#633 = VERTEX_POINT ( 'NONE', #2753 ) ;
#634 = EDGE_CURVE ( 'NONE', #1771, #445, #812, .T. ) ;
#635 = AXIS2_PLACEMENT_3D ( 'NONE', #860, #204, #1240 ) ;
#636 = CARTESIAN_POINT ( 'NONE',  ( 0.08000000000000000167, -8.005511132637302296, 2.875000000000000000 ) ) ;
#637 = VECTOR ( 'NONE', #2283, 39.37007874015748143 ) ;
#638 = CYLINDRICAL_SURFACE ( 'NONE', #854, 0.1000000000000000194 ) ;
#639 = VECTOR ( 'NONE', #549, 39.37007874015748143 ) ;
#640 = CARTESIAN_POINT ( 'NONE',  ( 0.1799999999999999933, -1.913779527559077653, 4.151574803149597592 ) ) ;
#641 = DIRECTION ( 'NONE',  ( 0.000000000000000000, 0.000000000000000000, -1.000000000000000000 ) ) ;
#642 = ORIENTED_EDGE ( 'NONE', *, *, #1517, .F. ) ;
#643 = VERTEX_POINT ( 'NONE', #807 ) ;
#644 = AXIS2_PLACEMENT_3D ( 'NONE', #2644, #726, #1365 ) ;
#645 = VECTOR ( 'NONE', #1151, 39.37007874015748143 ) ;
#646 = EDGE_CURVE ( 'NONE', #1461, #337, #1483, .T. ) ;
#647 = VERTEX_POINT ( 'NONE', #1899 ) ;
#648 = VECTOR ( 'NONE', #1268, 39.37007874015748143 ) ;
#649 = DIRECTION ( 'NONE',  ( 1.000000000000000000, 0.000000000000000000, 0.000000000000000000 ) ) ;
#650 = AXIS2_PLACEMENT_3D ( 'NONE', #535, #1785, #745 ) ;
#651 = ORIENTED_EDGE ( 'NONE', *, *, #2028, .F. ) ;
#652 = EDGE_CURVE ( 'NONE', #2533, #1910, #1523, .T. ) ;
#653 = DIRECTION ( 'NONE',  ( -0.000000000000000000, 0.000000000000000000, 1.000000000000000000 ) ) ;
#654 = DIMENSIONAL_EXPONENTS ( 1.000000000000000000, 0.000000000000000000, 0.000000000000000000, 0.000000000000000000, 0.000000000000000000, 0.000000000000000000, 0.000000000000000000 ) ;
#655 = LINE ( 'NONE', #855, #2517 ) ;
#656 = CARTESIAN_POINT ( 'NONE',  ( 0.1799999999999999933, -2.013779527559077298, 1.798425196850403474 ) ) ;
#657 = ORIENTED_EDGE ( 'NONE', *, *, #2674, .T. ) ;
#658 = LINE ( 'NONE', #2346, #100 ) ;
#659 = EDGE_CURVE ( 'NONE', #2449, #2506, #2766, .T. ) ;
#660 = CARTESIAN_POINT ( 'NONE',  ( 1.229999999999999760, -1.369999999999999662, -2.967005196115137369E-16 ) ) ;
#661 = ORIENTED_EDGE ( 'NONE', *, *, #2272, .F. ) ;
#662 = CARTESIAN_POINT ( 'NONE',  ( 1.250000000000000000, -1.913779527559076987, 1.079921259842529846 ) ) ;
#663 = VERTEX_POINT ( 'NONE', #1881 ) ;
#664 = DIRECTION ( 'NONE',  ( -1.000000000000000000, 0.000000000000000000, 0.000000000000000000 ) ) ;
#665 = EDGE_CURVE ( 'NONE', #803, #615, #826, .T. ) ;
#666 = DIRECTION ( 'NONE',  ( -0.000000000000000000, -1.000000000000000000, -0.000000000000000000 ) ) ;
#667 = FACE_OUTER_BOUND ( 'NONE', #740, .T. ) ;
#668 = ORIENTED_EDGE ( 'NONE', *, *, #1565, .T. ) ;
#669 = DIRECTION ( 'NONE',  ( -1.000000000000000000, -0.000000000000000000, -0.000000000000000000 ) ) ;
#670 = EDGE_CURVE ( 'NONE', #1418, #1546, #1465, .T. ) ;
#671 = CARTESIAN_POINT ( 'NONE',  ( 0.000000000000000000, -2.888323632637301408, 3.615788154497458162 ) ) ;
#672 = EDGE_LOOP ( 'NONE', ( #348, #798, #1165, #2145 ) ) ;
#673 = CARTESIAN_POINT ( 'NONE',  ( 0.08000000000000000167, -1.813779527559077343, 1.598425196850403518 ) ) ;
#674 = ORIENTED_EDGE ( 'NONE', *, *, #738, .F. ) ;
#675 = DIRECTION ( 'NONE',  ( -0.000000000000000000, -0.000000000000000000, -1.000000000000000000 ) ) ;
#676 = EDGE_CURVE ( 'NONE', #1670, #1116, #1880, .T. ) ;
#677 = CARTESIAN_POINT ( 'NONE',  ( 1.229999999999999760, -0.8499999999999886535, 4.036417322834645383 ) ) ;
#678 = CARTESIAN_POINT ( 'NONE',  ( 0.4799999999999998157, -1.074999999999996181, 1.613582677165354085 ) ) ;
#679 = ORIENTED_EDGE ( 'NONE', *, *, #2183, .F. ) ;
#680 = DIRECTION ( 'NONE',  ( 0.000000000000000000, -1.000000000000000000, -1.994049630411871425E-16 ) ) ;
#681 = VECTOR ( 'NONE', #1424, 39.37007874015748143 ) ;
#682 = DIRECTION ( 'NONE',  ( 1.000000000000000000, 0.000000000000000000, 0.000000000000000000 ) ) ;
#683 = PERSON_AND_ORGANIZATION_ROLE ( 'classification_officer' ) ;
#684 = VECTOR ( 'NONE', #1263, 39.37007874015748143 ) ;
#685 = ORIENTED_EDGE ( 'NONE', *, *, #1110, .T. ) ;
#686 = AXIS2_PLACEMENT_3D ( 'NONE', #2044, #123, #1791 ) ;
#687 = FACE_OUTER_BOUND ( 'NONE', #1993, .T. ) ;
#688 = ORIENTED_EDGE ( 'NONE', *, *, #1536, .F. ) ;
#689 = AXIS2_PLACEMENT_3D ( 'NONE', #1413, #210, #385 ) ;
#690 = TOROIDAL_SURFACE ( 'NONE', #650, 0.2000000000000000389, 0.1000000000000000056 ) ;
#691 = EDGE_CURVE ( 'NONE', #2196, #1092, #283, .T. ) ;
#692 = DIRECTION ( 'NONE',  ( -1.000000000000000000, -0.000000000000000000, -0.000000000000000000 ) ) ;
#693 = DIRECTION ( 'NONE',  ( -0.000000000000000000, 1.000000000000000000, 0.000000000000000000 ) ) ;
#694 = CARTESIAN_POINT ( 'NONE',  ( 0.1799999999999999933, -2.867078813999310860, 1.798425196850403252 ) ) ;
#695 = DIRECTION ( 'NONE',  ( 0.000000000000000000, 0.000000000000000000, -1.000000000000000000 ) ) ;
#696 = DIRECTION ( 'NONE',  ( 0.000000000000000000, 0.000000000000000000, -1.000000000000000000 ) ) ;
#697 = COORDINATED_UNIVERSAL_TIME_OFFSET ( 8, 0, .BEHIND. ) ;
#698 = VERTEX_POINT ( 'NONE', #1074 ) ;
#699 = ORIENTED_EDGE ( 'NONE', *, *, #2098, .T. ) ;
#700 = EDGE_CURVE ( 'NONE', #1015, #628, #1302, .T. ) ;
#701 = ADVANCED_FACE ( 'NONE', ( #1506 ), #1687, .F. ) ;
#702 = EDGE_CURVE ( 'NONE', #2052, #1658, #2464, .T. ) ;
#703 = CYLINDRICAL_SURFACE ( 'NONE', #2467, 5.149999999999999467 ) ;
#704 = EDGE_LOOP ( 'NONE', ( #2337, #806, #1582, #2549 ) ) ;
#705 = FACE_OUTER_BOUND ( 'NONE', #1883, .T. ) ;
#706 = EDGE_CURVE ( 'NONE', #2673, #1548, #2422, .T. ) ;
#707 = FACE_OUTER_BOUND ( 'NONE', #1639, .T. ) ;
#708 = DIRECTION ( 'NONE',  ( -1.000000000000000000, 0.000000000000000000, -8.405686134351579437E-16 ) ) ;
#709 = CARTESIAN_POINT ( 'NONE',  ( 0.1299999999999999767, -1.269999999999999796, 0.000000000000000000 ) ) ;
#710 = CARTESIAN_POINT ( 'NONE',  ( 1.250000000000000000, -8.005511132637302296, 2.875000000000000000 ) ) ;
#711 = DATE_AND_TIME ( #2616, #831 ) ;
#712 = ORIENTED_EDGE ( 'NONE', *, *, #634, .T. ) ;
#713 = ORIENTED_EDGE ( 'NONE', *, *, #582, .T. ) ;
#714 = CARTESIAN_POINT ( 'NONE',  ( 0.5799999999999998490, -1.174999999999996270, 5.750000000000000000 ) ) ;
#715 = ORIENTED_EDGE ( 'NONE', *, *, #1432, .T. ) ;
#716 = CC_DESIGN_PERSON_AND_ORGANIZATION_ASSIGNMENT ( #1992, #2383, ( #1118 ) ) ;
#717 = CARTESIAN_POINT ( 'NONE',  ( 1.229999999999999760, 0.000000000000000000, 1.713582677165354173 ) ) ;
#718 = CARTESIAN_POINT ( 'NONE',  ( 0.5799999999999998490, -0.9499999999999885203, 1.613582677165354085 ) ) ;
#719 = CARTESIAN_POINT ( 'NONE',  ( 0.1799999999999999933, -2.849261132637301852, 3.862717539329944216 ) ) ;
#720 = DIRECTION ( 'NONE',  ( 0.000000000000000000, -1.000000000000000000, 0.000000000000000000 ) ) ;
#721 = FACE_OUTER_BOUND ( 'NONE', #1186, .T. ) ;
#722 = COORDINATED_UNIVERSAL_TIME_OFFSET ( 8, 0, .BEHIND. ) ;
#723 = ORIENTED_EDGE ( 'NONE', *, *, #126, .T. ) ;
#724 = AXIS2_PLACEMENT_3D ( 'NONE', #2055, #2012, #557 ) ;
#725 = AXIS2_PLACEMENT_3D ( 'NONE', #2554, #2727, #1022 ) ;
#726 = DIRECTION ( 'NONE',  ( 0.000000000000000000, -1.000000000000000000, 0.000000000000000000 ) ) ;
#727 = EDGE_LOOP ( 'NONE', ( #955, #1298, #2223, #1159 ) ) ;
#728 = AXIS2_PLACEMENT_3D ( 'NONE', #482, #45, #1352 ) ;
#729 = DIRECTION ( 'NONE',  ( -1.000000000000000000, -0.000000000000000000, -0.000000000000000000 ) ) ;
#730 = VECTOR ( 'NONE', #1894, 39.37007874015748143 ) ;
#731 = VERTEX_POINT ( 'NONE', #2580 ) ;
#732 = AXIS2_PLACEMENT_3D ( 'NONE', #1664, #2527, #1902 ) ;
#733 = CYLINDRICAL_SURFACE ( 'NONE', #2323, 0.1000000000000000194 ) ;
#734 = LINE ( 'NONE', #556, #1090 ) ;
#735 = VECTOR ( 'NONE', #207, 39.37007874015748143 ) ;
#736 = LINE ( 'NONE', #953, #1385 ) ;
#737 = DIRECTION ( 'NONE',  ( 0.000000000000000000, 0.000000000000000000, -1.000000000000000000 ) ) ;
#738 = EDGE_CURVE ( 'NONE', #916, #2442, #1061, .T. ) ;
#739 = ORIENTED_EDGE ( 'NONE', *, *, #2476, .F. ) ;
#740 = EDGE_LOOP ( 'NONE', ( #2040, #541, #2733, #112, #1712, #1392, #1473, #1328, #1387, #1376 ) ) ;
#741 = ADVANCED_FACE ( 'NONE', ( #1091 ), #1742, .F. ) ;
#742 = CARTESIAN_POINT ( 'NONE',  ( 0.5799999999999998490, -1.174999999999996270, 1.713582677165354173 ) ) ;
#743 = ORIENTED_EDGE ( 'NONE', *, *, #1673, .T. ) ;
#744 = CARTESIAN_POINT ( 'NONE',  ( 0.08000000000000000167, -3.500000000000000888, 5.569971137819726081 ) ) ;
#745 = DIRECTION ( 'NONE',  ( 0.000000000000000000, 0.000000000000000000, -1.000000000000000000 ) ) ;
#746 = VERTEX_POINT ( 'NONE', #1983 ) ;
#747 = DIRECTION ( 'NONE',  ( 1.000000000000000000, 0.000000000000000000, 0.000000000000000000 ) ) ;
#748 = LINE ( 'NONE', #2485, #2019 ) ;
#749 = LINE ( 'NONE', #1590, #2602 ) ;
#750 = EDGE_CURVE ( 'NONE', #542, #2751, #2209, .T. ) ;
#751 = DIRECTION ( 'NONE',  ( 0.000000000000000000, 0.000000000000000000, -1.000000000000000000 ) ) ;
#752 = ORIENTED_EDGE ( 'NONE', *, *, #133, .F. ) ;
#753 = EDGE_CURVE ( 'NONE', #1498, #698, #1568, .T. ) ;
#754 = ORIENTED_EDGE ( 'NONE', *, *, #920, .T. ) ;
#755 = DIRECTION ( 'NONE',  ( 0.000000000000000000, 0.000000000000000000, 1.000000000000000000 ) ) ;
#756 = ORIENTED_EDGE ( 'NONE', *, *, #1636, .T. ) ;
#757 = ADVANCED_FACE ( 'NONE', ( #1339 ), #703, .T. ) ;
#758 = CARTESIAN_POINT ( 'NONE',  ( 1.250000000000000000, -2.911220472440967377, 4.126574803149598125 ) ) ;
#759 = CARTESIAN_POINT ( 'NONE',  ( 0.4799999999999998157, -0.9499999999999885203, 5.750000000000000000 ) ) ;
#760 = ORIENTED_EDGE ( 'NONE', *, *, #1825, .F. ) ;
#761 = CARTESIAN_POINT ( 'NONE',  ( 0.000000000000000000, -3.094796846923015821, 3.815683370790423634 ) ) ;
#762 = DIRECTION ( 'NONE',  ( 0.000000000000000000, 0.000000000000000000, 1.000000000000000000 ) ) ;
#763 = DIRECTION ( 'NONE',  ( 0.000000000000000000, 0.000000000000000000, 1.000000000000000000 ) ) ;
#764 = DIRECTION ( 'NONE',  ( -1.000000000000000000, -0.000000000000000000, -0.000000000000000000 ) ) ;
#765 = ORIENTED_EDGE ( 'NONE', *, *, #1536, .T. ) ;
#766 = ORIENTED_EDGE ( 'NONE', *, *, #415, .F. ) ;
#767 = VECTOR ( 'NONE', #1787, 39.37007874015748143 ) ;
#768 = FACE_OUTER_BOUND ( 'NONE', #932, .T. ) ;
#769 = AXIS2_PLACEMENT_3D ( 'NONE', #217, #1697, #1936 ) ;
#770 = ORIENTED_EDGE ( 'NONE', *, *, #1001, .T. ) ;
#771 = VECTOR ( 'NONE', #814, 39.37007874015748143 ) ;
#772 = DIRECTION ( 'NONE',  ( 0.000000000000000000, 0.000000000000000000, -1.000000000000000000 ) ) ;
#773 = ORIENTED_EDGE ( 'NONE', *, *, #2061, .F. ) ;
#774 = AXIS2_PLACEMENT_3D ( 'NONE', #1155, #1185, #2445 ) ;
#775 = AXIS2_PLACEMENT_3D ( 'NONE', #2001, #2640, #2671 ) ;
#776 = DIRECTION ( 'NONE',  ( 0.000000000000000000, 0.000000000000000000, -1.000000000000000000 ) ) ;
#777 = DIRECTION ( 'NONE',  ( -0.000000000000000000, -5.268712151789852408E-16, 1.000000000000000000 ) ) ;
#778 = DIRECTION ( 'NONE',  ( -1.000000000000000000, -0.000000000000000000, -0.000000000000000000 ) ) ;
#779 = CIRCLE ( 'NONE', #1398, 0.9000000000000002442 ) ;
#780 = LINE ( 'NONE', #1622, #2567 ) ;
#781 = CIRCLE ( 'NONE', #2342, 0.1000000000000000056 ) ;
#782 = ORIENTED_EDGE ( 'NONE', *, *, #1039, .F. ) ;
#783 = ORIENTED_EDGE ( 'NONE', *, *, #2432, .F. ) ;
#784 = ORIENTED_EDGE ( 'NONE', *, *, #292, .T. ) ;
#785 = EDGE_CURVE ( 'NONE', #432, #2059, #1317, .T. ) ;
#786 = EDGE_CURVE ( 'NONE', #1184, #1015, #299, .T. ) ;
#787 = ADVANCED_FACE ( 'NONE', ( #878 ), #1143, .T. ) ;
#788 = CARTESIAN_POINT ( 'NONE',  ( 1.250000000000000000, -1.913779527559077209, 1.598425196850403518 ) ) ;
#789 = ORIENTED_EDGE ( 'NONE', *, *, #2268, .T. ) ;
#790 = FACE_OUTER_BOUND ( 'NONE', #1980, .T. ) ;
#791 = DIRECTION ( 'NONE',  ( -1.000000000000000000, -0.000000000000000000, -0.000000000000000000 ) ) ;
#792 = DIRECTION ( 'NONE',  ( 1.000000000000000000, 0.000000000000000000, 0.000000000000000000 ) ) ;
#793 = LINE ( 'NONE', #2760, #730 ) ;
#794 = ORIENTED_EDGE ( 'NONE', *, *, #1912, .T. ) ;
#795 = ORIENTED_EDGE ( 'NONE', *, *, #2404, .F. ) ;
#796 = ORIENTED_EDGE ( 'NONE', *, *, #907, .T. ) ;
#797 = DIRECTION ( 'NONE',  ( 1.000000000000000000, 0.000000000000000000, -0.000000000000000000 ) ) ;
#798 = ORIENTED_EDGE ( 'NONE', *, *, #629, .T. ) ;
#799 = FACE_OUTER_BOUND ( 'NONE', #245, .T. ) ;
#800 = DIRECTION ( 'NONE',  ( 1.000000000000000000, 0.000000000000000000, 1.681137226870315887E-15 ) ) ;
#801 = LINE ( 'NONE', #116, #1655 ) ;
#802 = DIRECTION ( 'NONE',  ( 1.000000000000000000, 0.000000000000000000, 0.000000000000000000 ) ) ;
#803 = VERTEX_POINT ( 'NONE', #1327 ) ;
#804 = ORIENTED_EDGE ( 'NONE', *, *, #2516, .T. ) ;
#805 = LINE ( 'NONE', #16, #1304 ) ;
#806 = ORIENTED_EDGE ( 'NONE', *, *, #1825, .T. ) ;
#807 = CARTESIAN_POINT ( 'NONE',  ( 0.4799999999999998157, -0.9499999999999885203, 1.613582677165354085 ) ) ;
#808 = CARTESIAN_POINT ( 'NONE',  ( 0.1799999999999999933, -2.947475418351586995, 3.843903871914136072 ) ) ;
#809 = ORIENTED_EDGE ( 'NONE', *, *, #2432, .T. ) ;
#810 = VECTOR ( 'NONE', #875, 39.37007874015748143 ) ;
#811 = FACE_OUTER_BOUND ( 'NONE', #1142, .T. ) ;
#812 = CIRCLE ( 'NONE', #2374, 0.1000000000000000194 ) ;
#813 = CARTESIAN_POINT ( 'NONE',  ( 0.08000000000000000167, -3.500000000000001332, 1.798425196850403029 ) ) ;
#814 = DIRECTION ( 'NONE',  ( -1.000000000000000000, -0.000000000000000000, -0.000000000000000000 ) ) ;
#815 = CIRCLE ( 'NONE', #1129, 0.1000000000000000194 ) ;
#816 = EDGE_CURVE ( 'NONE', #445, #1461, #1774, .T. ) ;
#817 = LINE ( 'NONE', #564, #1267 ) ;
#818 = CARTESIAN_POINT ( 'NONE',  ( 0.08000000000000000167, -1.988779527559077831, 0.1800288621802734190 ) ) ;
#819 = ORIENTED_EDGE ( 'NONE', *, *, #232, .T. ) ;
#820 = VECTOR ( 'NONE', #2011, 39.37007874015748143 ) ;
#821 = DIRECTION ( 'NONE',  ( 0.000000000000000000, 0.000000000000000000, -1.000000000000000000 ) ) ;
#822 = AXIS2_PLACEMENT_3D ( 'NONE', #538, #1789, #2682 ) ;
#823 = DIRECTION ( 'NONE',  ( 0.000000000000000000, -1.000000000000000000, 0.000000000000000000 ) ) ;
#824 = VERTEX_POINT ( 'NONE', #673 ) ;
#825 = ADVANCED_FACE ( 'NONE', ( #687 ), #1964, .F. ) ;
#826 = LINE ( 'NONE', #1674, #2242 ) ;
#827 = DIRECTION ( 'NONE',  ( -1.000000000000000000, -0.000000000000000000, -0.000000000000000000 ) ) ;
#828 = VERTEX_POINT ( 'NONE', #1783 ) ;
#829 = LINE ( 'NONE', #1221, #2067 ) ;
#830 = CARTESIAN_POINT ( 'NONE',  ( 0.08000000000000000167, -3.750000000000000000, 0.1800288621802733913 ) ) ;
#831 = LOCAL_TIME ( 19, 9, 54.00000000000000000, #255 ) ;
#832 = DIRECTION ( 'NONE',  ( -0.000000000000000000, -1.000000000000000000, -0.000000000000000000 ) ) ;
#833 = FACE_OUTER_BOUND ( 'NONE', #111, .T. ) ;
#834 = ORIENTED_EDGE ( 'NONE', *, *, #2674, .F. ) ;
#835 = FACE_OUTER_BOUND ( 'NONE', #2192, .T. ) ;
#836 = DIRECTION ( 'NONE',  ( 0.000000000000000000, 5.765500146628577427E-14, -1.000000000000000000 ) ) ;
#837 = ORIENTED_EDGE ( 'NONE', *, *, #1930, .F. ) ;
#838 = DIRECTION ( 'NONE',  ( -1.000000000000000000, -0.000000000000000000, -0.000000000000000000 ) ) ;
#839 = DATE_TIME_ROLE ( 'creation_date' ) ;
#840 = ORIENTED_EDGE ( 'NONE', *, *, #634, .F. ) ;
#841 = DIRECTION ( 'NONE',  ( -0.000000000000000000, -0.000000000000000000, -1.000000000000000000 ) ) ;
#842 = CARTESIAN_POINT ( 'NONE',  ( 1.229999999999999760, 0.000000000000000000, 2.625000000000000000 ) ) ;
#843 = EDGE_CURVE ( 'NONE', #1704, #568, #944, .T. ) ;
#844 = DIRECTION ( 'NONE',  ( -1.000000000000000000, -0.000000000000000000, -0.000000000000000000 ) ) ;
#845 = LINE ( 'NONE', #199, #22 ) ;
#846 = ORIENTED_EDGE ( 'NONE', *, *, #56, .T. ) ;
#847 = EDGE_LOOP ( 'NONE', ( #1273, #573, #1951, #503 ) ) ;
#848 = CARTESIAN_POINT ( 'NONE',  ( 0.1300000000000002542, 0.000000000000000000, 1.713582677165354173 ) ) ;
#849 = ORIENTED_EDGE ( 'NONE', *, *, #1063, .F. ) ;
#850 = DIRECTION ( 'NONE',  ( -0.000000000000000000, 1.000000000000000000, -0.000000000000000000 ) ) ;
#851 = ORIENTED_EDGE ( 'NONE', *, *, #1661, .F. ) ;
#852 = DIRECTION ( 'NONE',  ( 0.000000000000000000, 0.000000000000000000, -1.000000000000000000 ) ) ;
#853 = VECTOR ( 'NONE', #78, 39.37007874015748143 ) ;
#854 = AXIS2_PLACEMENT_3D ( 'NONE', #596, #624, #1236 ) ;
#855 = CARTESIAN_POINT ( 'NONE',  ( 0.4800000000000000933, 0.000000000000000000, 3.024999999999999911 ) ) ;
#856 = FACE_OUTER_BOUND ( 'NONE', #727, .T. ) ;
#857 = ORIENTED_EDGE ( 'NONE', *, *, #691, .F. ) ;
#858 = ORIENTED_EDGE ( 'NONE', *, *, #1292, .T. ) ;
#859 = TOROIDAL_SURFACE ( 'NONE', #728, 5.249999999999999112, 0.1000000000000000056 ) ;
#860 = CARTESIAN_POINT ( 'NONE',  ( 0.1799999999999999933, -2.867078813999309972, 3.951574803149597859 ) ) ;
#861 = CIRCLE ( 'NONE', #288, 5.150000000000000355 ) ;
#862 = ORIENTED_EDGE ( 'NONE', *, *, #992, .F. ) ;
#863 = VECTOR ( 'NONE', #1831, 39.37007874015748143 ) ;
#864 = CARTESIAN_POINT ( 'NONE',  ( 0.1799999999999999933, -8.005511132637302296, 2.875000000000000000 ) ) ;
#865 = AXIS2_PLACEMENT_3D ( 'NONE', #342, #1147, #2665 ) ;
#866 = VERTEX_POINT ( 'NONE', #2416 ) ;
#867 = ADVANCED_FACE ( 'NONE', ( #1115 ), #1518, .F. ) ;
#868 = MANIFOLD_SOLID_BREP ( 'Regular Fillet', #2511 ) ;
#869 = ADVANCED_FACE ( 'NONE', ( #58 ), #859, .F. ) ;
#870 = CARTESIAN_POINT ( 'NONE',  ( 0.1799999999999999933, -2.867078813999310860, 3.951574803149597859 ) ) ;
#871 = CARTESIAN_POINT ( 'NONE',  ( 0.1299999999999999767, 0.000000000000000000, 3.986417322834645560 ) ) ;
#872 = LINE ( 'NONE', #251, #1223 ) ;
#873 = ORIENTED_EDGE ( 'NONE', *, *, #1277, .T. ) ;
#874 = CC_DESIGN_APPROVAL ( #2402, ( #1766 ) ) ;
#875 = DIRECTION ( 'NONE',  ( -1.000000000000000000, -0.000000000000000000, -0.000000000000000000 ) ) ;
#876 = CARTESIAN_POINT ( 'NONE',  ( 1.229999999999999760, 0.000000000000000000, 0.000000000000000000 ) ) ;
#877 = ORIENTED_EDGE ( 'NONE', *, *, #2568, .F. ) ;
#878 = FACE_OUTER_BOUND ( 'NONE', #2634, .T. ) ;
#879 = ORIENTED_EDGE ( 'NONE', *, *, #2221, .T. ) ;
#880 = DIRECTION ( 'NONE',  ( -0.000000000000000000, -0.000000000000000000, -1.000000000000000000 ) ) ;
#881 = CARTESIAN_POINT ( 'NONE',  ( 1.229999999999999760, -1.269999999999999796, 2.625000000000000000 ) ) ;
#882 = PLANE ( 'NONE',  #377 ) ;
#883 = ORIENTED_EDGE ( 'NONE', *, *, #1432, .F. ) ;
#884 = PLANE ( 'NONE',  #1605 ) ;
#885 = CARTESIAN_POINT ( 'NONE',  ( 0.4799999999999998157, -1.269999999999999796, 2.725000000000000089 ) ) ;
#886 = PERSON_AND_ORGANIZATION_ROLE ( 'design_owner' ) ;
#887 = EDGE_LOOP ( 'NONE', ( #2646, #858, #2711, #173, #2134, #1569, #1861, #2301, #1624, #228 ) ) ;
#888 = CIRCLE ( 'NONE', #2138, 0.2500000000000000555 ) ;
#889 = AXIS2_PLACEMENT_3D ( 'NONE', #2169, #262, #1956 ) ;
#890 = CARTESIAN_POINT ( 'NONE',  ( 1.229999999999999760, 0.000000000000000000, 3.125000000000000888 ) ) ;
#891 = VERTEX_POINT ( 'NONE', #2219 ) ;
#892 = DIRECTION ( 'NONE',  ( 1.000000000000000000, 0.000000000000000000, 0.000000000000000000 ) ) ;
#893 = VECTOR ( 'NONE', #1059, 39.37007874015748143 ) ;
#894 = CARTESIAN_POINT ( 'NONE',  ( 1.229999999999999760, -0.8499999999999886535, 4.136417322834645027 ) ) ;
#895 = VECTOR ( 'NONE', #680, 39.37007874015748143 ) ;
#896 = PLANE ( 'NONE',  #2523 ) ;
#897 = ADVANCED_FACE ( 'NONE', ( #309 ), #2372, .F. ) ;
#898 = CARTESIAN_POINT ( 'NONE',  ( 0.1799999999999999933, -3.005511132637301408, 2.875000000000000000 ) ) ;
#899 = AXIS2_PLACEMENT_3D ( 'NONE', #1188, #1826, #797 ) ;
#900 = EDGE_CURVE ( 'NONE', #1012, #1049, #1547, .T. ) ;
#901 = CYLINDRICAL_SURFACE ( 'NONE', #905, 0.05000000000000000971 ) ;
#902 = VERTEX_POINT ( 'NONE', #1556 ) ;
#903 = CIRCLE ( 'NONE', #552, 0.04999999999999973910 ) ;
#904 = ORIENTED_EDGE ( 'NONE', *, *, #629, .F. ) ;
#905 = AXIS2_PLACEMENT_3D ( 'NONE', #30, #1300, #2359 ) ;
#906 = ORIENTED_EDGE ( 'NONE', *, *, #2304, .T. ) ;
#907 = EDGE_CURVE ( 'NONE', #183, #628, #2178, .T. ) ;
#908 = CIRCLE ( 'NONE', #206, 5.000000000000000000 ) ;
#909 = VECTOR ( 'NONE', #1117, 39.37007874015748143 ) ;
#910 = PLANE ( 'NONE',  #1758 ) ;
#911 = CARTESIAN_POINT ( 'NONE',  ( 0.08000000000000000167, -1.219999999999999751, 1.763582677165354218 ) ) ;
#912 = DIRECTION ( 'NONE',  ( 0.000000000000000000, -0.000000000000000000, -1.000000000000000000 ) ) ;
#913 = DIRECTION ( 'NONE',  ( -1.000000000000000000, -0.000000000000000000, -0.000000000000000000 ) ) ;
#914 = LINE ( 'NONE', #79, #1975 ) ;
#915 = PERSON_AND_ORGANIZATION ( #442, #2077 ) ;
#916 = VERTEX_POINT ( 'NONE', #2263 ) ;
#917 = APPROVAL_PERSON_ORGANIZATION ( #1531, #2402, #1515 ) ;
#918 = DIRECTION ( 'NONE',  ( 0.000000000000000000, 0.000000000000000000, -1.000000000000000000 ) ) ;
#919 = ORIENTED_EDGE ( 'NONE', *, *, #2748, .T. ) ;
#920 = EDGE_CURVE ( 'NONE', #1153, #803, #817, .T. ) ;
#921 = LINE ( 'NONE', #717, #2069 ) ;
#922 = DIRECTION ( 'NONE',  ( 0.000000000000000000, 0.000000000000000000, -1.000000000000000000 ) ) ;
#923 = SPHERICAL_SURFACE ( 'NONE', #1885, 0.1000000000000000056 ) ;
#924 = CARTESIAN_POINT ( 'NONE',  ( 0.000000000000000000, -8.005511132637302296, 2.875000000000000000 ) ) ;
#925 = CARTESIAN_POINT ( 'NONE',  ( 0.5799999999999998490, -0.8499999999999884315, 4.136417322834645027 ) ) ;
#926 = APPROVAL_DATE_TIME ( #80, #1818 ) ;
#927 = VERTEX_POINT ( 'NONE', #350 ) ;
#928 = ORIENTED_EDGE ( 'NONE', *, *, #2188, .T. ) ;
#929 = CARTESIAN_POINT ( 'NONE',  ( 1.250000000000000000, -1.913779527559076987, 1.079921259842529846 ) ) ;
#930 = ORIENTED_EDGE ( 'NONE', *, *, #1762, .F. ) ;
#931 = DIRECTION ( 'NONE',  ( -0.000000000000000000, 1.000000000000000000, 0.000000000000000000 ) ) ;
#932 = EDGE_LOOP ( 'NONE', ( #2220, #1350, #588, #1089 ) ) ;
#933 = CARTESIAN_POINT ( 'NONE',  ( 1.229999999999999760, -0.8499999999999886535, 1.713582677165354173 ) ) ;
#934 = CARTESIAN_POINT ( 'NONE',  ( 1.250000000000000000, -2.088779527559077920, 4.126574803149598125 ) ) ;
#935 = FACE_OUTER_BOUND ( 'NONE', #1416, .T. ) ;
#936 = CIRCLE ( 'NONE', #2509, 0.1000000000000000194 ) ;
#937 = CARTESIAN_POINT ( 'NONE',  ( 1.250000000000000000, -2.088779527559077476, 1.623425196850403429 ) ) ;
#938 = ORIENTED_EDGE ( 'NONE', *, *, #352, .F. ) ;
#939 = ORIENTED_EDGE ( 'NONE', *, *, #1544, .T. ) ;
#940 = CIRCLE ( 'NONE', #2331, 5.149999999999999467 ) ;
#941 = VECTOR ( 'NONE', #353, 39.37007874015748143 ) ;
#942 = DIRECTION ( 'NONE',  ( -1.000000000000000000, -0.000000000000000000, -0.000000000000000000 ) ) ;
#943 = ORIENTED_EDGE ( 'NONE', *, *, #592, .F. ) ;
#944 = CIRCLE ( 'NONE', #644, 0.1000000000000005745 ) ;
#945 = CYLINDRICAL_SURFACE ( 'NONE', #865, 0.1000000000000000194 ) ;
#946 = AXIS2_PLACEMENT_3D ( 'NONE', #296, #1335, #489 ) ;
#947 = VERTEX_POINT ( 'NONE', #339 ) ;
#948 = EDGE_CURVE ( 'NONE', #647, #312, #2458, .T. ) ;
#949 = AXIS2_PLACEMENT_3D ( 'NONE', #1917, #1297, #1971 ) ;
#950 = CARTESIAN_POINT ( 'NONE',  ( 0.5799999999999998490, -1.174999999999996270, 4.036417322834645383 ) ) ;
#951 = LINE ( 'NONE', #1456, #648 ) ;
#952 = AXIS2_PLACEMENT_3D ( 'NONE', #550, #1575, #962 ) ;
#953 = CARTESIAN_POINT ( 'NONE',  ( 1.250000000000000000, -2.013779527559077298, 1.698425196850403607 ) ) ;
#954 = DIRECTION ( 'NONE',  ( 1.000000000000000000, 0.000000000000000000, -0.000000000000000000 ) ) ;
#955 = ORIENTED_EDGE ( 'NONE', *, *, #1677, .T. ) ;
#956 = ORIENTED_EDGE ( 'NONE', *, *, #2363, .T. ) ;
#957 = DIRECTION ( 'NONE',  ( -0.000000000000000000, -0.000000000000000000, 1.000000000000000000 ) ) ;
#958 = VERTEX_POINT ( 'NONE', #2530 ) ;
#959 = LOCAL_TIME ( 19, 9, 54.00000000000000000, #1325 ) ;
#960 = ADVANCED_FACE ( 'NONE', ( #768 ), #2675, .F. ) ;
#961 = FACE_OUTER_BOUND ( 'NONE', #1507, .T. ) ;
#962 = DIRECTION ( 'NONE',  ( 0.000000000000000000, -0.1562499999999963085, 0.9877175393299447714 ) ) ;
#963 = ORIENTED_EDGE ( 'NONE', *, *, #301, .T. ) ;
#964 = CARTESIAN_POINT ( 'NONE',  ( 1.229999999999999760, -1.269999999999999796, 3.125000000000000888 ) ) ;
#965 = CARTESIAN_POINT ( 'NONE',  ( 0.1799999999999999933, -2.867078813999311304, 1.798425196850403252 ) ) ;
#966 = CYLINDRICAL_SURFACE ( 'NONE', #1834, 0.1000000000000000194 ) ;
#967 = CARTESIAN_POINT ( 'NONE',  ( 1.250000000000000000, -2.991712998229266063, 1.698425196850403163 ) ) ;
#968 = ORIENTED_EDGE ( 'NONE', *, *, #133, .T. ) ;
#969 = ORIENTED_EDGE ( 'NONE', *, *, #2187, .T. ) ;
#970 = EDGE_CURVE ( 'NONE', #551, #615, #2086, .T. ) ;
#971 = FACE_OUTER_BOUND ( 'NONE', #2618, .T. ) ;
#972 = AXIS2_PLACEMENT_3D ( 'NONE', #2364, #2129, #2771 ) ;
#973 = ORIENTED_EDGE ( 'NONE', *, *, #2606, .F. ) ;
#974 = ADVANCED_FACE ( 'NONE', ( #1796 ), #1459, .F. ) ;
#975 = CARTESIAN_POINT ( 'NONE',  ( 1.250000000000000000, -1.913779527559077653, 4.151574803149597592 ) ) ;
#976 = CARTESIAN_POINT ( 'NONE',  ( 0.08000000000000000167, -2.013779527559077742, 4.151574803149597592 ) ) ;
#977 = ORIENTED_EDGE ( 'NONE', *, *, #2606, .T. ) ;
#978 = DIRECTION ( 'NONE',  ( -1.000000000000000000, 0.000000000000000000, 0.000000000000000000 ) ) ;
#979 = LINE ( 'NONE', #2213, #1315 ) ;
#980 = CARTESIAN_POINT ( 'NONE',  ( 0.4799999999999998157, -0.9499999999999885203, 4.036417322834645383 ) ) ;
#981 = EDGE_CURVE ( 'NONE', #615, #312, #903, .T. ) ;
#982 = EDGE_CURVE ( 'NONE', #1141, #2034, #1126, .T. ) ;
#983 = DIRECTION ( 'NONE',  ( 0.000000000000000000, 0.000000000000000000, -1.000000000000000000 ) ) ;
#984 = ORIENTED_EDGE ( 'NONE', *, *, #2628, .F. ) ;
#985 = ORIENTED_EDGE ( 'NONE', *, *, #1725, .T. ) ;
#986 = EDGE_CURVE ( 'NONE', #1593, #1895, #2667, .T. ) ;
#987 = CIRCLE ( 'NONE', #2556, 5.250000000000000000 ) ;
#988 = TOROIDAL_SURFACE ( 'NONE', #591, 1.000000000000000444, 0.1000000000000000056 ) ;
#989 = ORIENTED_EDGE ( 'NONE', *, *, #364, .T. ) ;
#990 = VECTOR ( 'NONE', #2770, 39.37007874015748143 ) ;
#991 = DIRECTION ( 'NONE',  ( 0.000000000000000000, 0.000000000000000000, 1.000000000000000000 ) ) ;
#992 = EDGE_CURVE ( 'NONE', #1658, #958, #1375, .T. ) ;
#993 = CARTESIAN_POINT ( 'NONE',  ( 0.1799999999999999933, -2.991712998229266507, 4.051574803149597948 ) ) ;
#994 = ORIENTED_EDGE ( 'NONE', *, *, #1019, .T. ) ;
#995 = VECTOR ( 'NONE', #1595, 39.37007874015748143 ) ;
#996 = VECTOR ( 'NONE', #583, 39.37007874015748143 ) ;
#997 = CARTESIAN_POINT ( 'NONE',  ( 1.250000000000000000, -1.988779527559077165, 1.079921259842529846 ) ) ;
#998 = LINE ( 'NONE', #179, #1492 ) ;
#999 = CARTESIAN_POINT ( 'NONE',  ( 0.08000000000000000167, -3.750000000000000000, 0.1800288621802733913 ) ) ;
#1000 = TOROIDAL_SURFACE ( 'NONE', #2377, 0.2000000000000000389, 0.1000000000000000056 ) ;
#1001 = EDGE_CURVE ( 'NONE', #1638, #388, #2004, .T. ) ;
#1002 = ORIENTED_EDGE ( 'NONE', *, *, #1855, .T. ) ;
#1003 = ORIENTED_EDGE ( 'NONE', *, *, #2247, .T. ) ;
#1004 = ORIENTED_EDGE ( 'NONE', *, *, #63, .F. ) ;
#1005 = CARTESIAN_POINT ( 'NONE',  ( 0.08000000000000000167, -3.094796846923016265, 1.934316629209575478 ) ) ;
#1006 =( LENGTH_UNIT ( ) NAMED_UNIT ( * ) SI_UNIT ( $, .METRE. ) );
#1007 = ORIENTED_EDGE ( 'NONE', *, *, #477, .T. ) ;
#1008 = CARTESIAN_POINT ( 'NONE',  ( 1.250000000000000000, -2.013779527559077742, 4.051574803149597948 ) ) ;
#1009 = FACE_OUTER_BOUND ( 'NONE', #157, .T. ) ;
#1010 = DIRECTION ( 'NONE',  ( 1.000000000000000000, 0.000000000000000000, 0.000000000000000000 ) ) ;
#1011 = CARTESIAN_POINT ( 'NONE',  ( 0.1799999999999999933, -2.867078813999309972, 3.951574803149597859 ) ) ;
#1012 = VERTEX_POINT ( 'NONE', #742 ) ;
#1013 = ORIENTED_EDGE ( 'NONE', *, *, #920, .F. ) ;
#1014 = DIRECTION ( 'NONE',  ( -1.000000000000000000, -0.000000000000000000, -0.000000000000000000 ) ) ;
#1015 = VERTEX_POINT ( 'NONE', #1872 ) ;
#1016 = CARTESIAN_POINT ( 'NONE',  ( 0.1300000000000002542, -1.269999999999999796, 4.036417322834645383 ) ) ;
#1017 = DIRECTION ( 'NONE',  ( -1.000000000000000000, 2.101421533587894859E-16, 0.000000000000000000 ) ) ;
#1018 = ORIENTED_EDGE ( 'NONE', *, *, #1259, .T. ) ;
#1019 = EDGE_CURVE ( 'NONE', #2751, #1418, #1391, .T. ) ;
#1020 = DIRECTION ( 'NONE',  ( 0.000000000000000000, 0.000000000000000000, -1.000000000000000000 ) ) ;
#1021 = CARTESIAN_POINT ( 'NONE',  ( 0.08000000000000000167, -3.094796846923015821, 3.815683370790423634 ) ) ;
#1022 = DIRECTION ( 'NONE',  ( -1.000000000000000000, 0.000000000000000000, 0.000000000000000000 ) ) ;
#1023 = DIRECTION ( 'NONE',  ( 0.000000000000000000, 1.000000000000000000, 0.000000000000000000 ) ) ;
#1024 = CARTESIAN_POINT ( 'NONE',  ( 0.08000000000000000167, -1.988779527559076721, 0.1800288621802743627 ) ) ;
#1025 = ORIENTED_EDGE ( 'NONE', *, *, #1019, .F. ) ;
#1026 = AXIS2_PLACEMENT_3D ( 'NONE', #498, #274, #2636 ) ;
#1027 = DIRECTION ( 'NONE',  ( -1.000000000000000000, -0.000000000000000000, -0.000000000000000000 ) ) ;
#1028 = ORIENTED_EDGE ( 'NONE', *, *, #2692, .F. ) ;
#1029 = AXIS2_PLACEMENT_3D ( 'NONE', #2255, #395, #134 ) ;
#1030 = CARTESIAN_POINT ( 'NONE',  ( 0.5799999999999998490, -1.074999999999996181, 4.136417322834645027 ) ) ;
#1031 = FACE_OUTER_BOUND ( 'NONE', #1794, .T. ) ;
#1032 = ORIENTED_EDGE ( 'NONE', *, *, #2574, .T. ) ;
#1033 = AXIS2_PLACEMENT_3D ( 'NONE', #1805, #792, #763 ) ;
#1034 = DIRECTION ( 'NONE',  ( -1.000000000000000000, 0.000000000000000000, 0.000000000000000000 ) ) ;
#1035 = AXIS2_PLACEMENT_3D ( 'NONE', #1497, #2109, #2336 ) ;
#1036 = CARTESIAN_POINT ( 'NONE',  ( 0.1799999999999999933, -2.013779527559077742, 3.951574803149597859 ) ) ;
#1037 = CC_DESIGN_PERSON_AND_ORGANIZATION_ASSIGNMENT ( #297, #1900, ( #1766 ) ) ;
#1038 = CARTESIAN_POINT ( 'NONE',  ( 0.4799999999999998157, -0.9499999999999885203, 4.136417322834645027 ) ) ;
#1039 = EDGE_CURVE ( 'NONE', #1548, #2697, #153, .T. ) ;
#1040 = VECTOR ( 'NONE', #459, 39.37007874015748143 ) ;
#1041 = DIRECTION ( 'NONE',  ( 0.000000000000000000, 0.2050618672665913411, 0.9787490130739029404 ) ) ;
#1042 = DIRECTION ( 'NONE',  ( 0.000000000000000000, 5.463695987328525648E-15, 1.000000000000000000 ) ) ;
#1043 = EDGE_LOOP ( 'NONE', ( #132, #1775, #2488, #1431 ) ) ;
#1044 = AXIS2_PLACEMENT_3D ( 'NONE', #275, #1067, #2140 ) ;
#1045 = ORIENTED_EDGE ( 'NONE', *, *, #2269, .T. ) ;
#1046 = EDGE_CURVE ( 'NONE', #2026, #2278, #1838, .T. ) ;
#1047 = VECTOR ( 'NONE', #1827, 39.37007874015748143 ) ;
#1048 = CYLINDRICAL_SURFACE ( 'NONE', #2195, 0.1000000000000000194 ) ;
#1049 = VERTEX_POINT ( 'NONE', #2231 ) ;
#1050 = DIRECTION ( 'NONE',  ( 0.000000000000000000, 0.000000000000000000, 1.000000000000000000 ) ) ;
#1051 = APPROVAL_STATUS ( 'not_yet_approved' ) ;
#1052 = ORIENTED_EDGE ( 'NONE', *, *, #753, .T. ) ;
#1053 = ADVANCED_FACE ( 'NONE', ( #1611 ), #1169, .F. ) ;
#1054 = DIRECTION ( 'NONE',  ( 0.000000000000000000, 0.000000000000000000, -1.000000000000000000 ) ) ;
#1055 = CARTESIAN_POINT ( 'NONE',  ( 0.08000000000000000167, -2.849261132637301852, 1.887282460670055118 ) ) ;
#1056 = CARTESIAN_POINT ( 'NONE',  ( 0.5799999999999998490, 0.000000000000000000, 2.624999999999999556 ) ) ;
#1057 = LINE ( 'NONE', #1024, #2750 ) ;
#1058 = EDGE_LOOP ( 'NONE', ( #439, #1592, #766, #2107 ) ) ;
#1059 = DIRECTION ( 'NONE',  ( -0.000000000000000000, -0.000000000000000000, -1.000000000000000000 ) ) ;
#1060 = ORIENTED_EDGE ( 'NONE', *, *, #2657, .F. ) ;
#1061 = LINE ( 'NONE', #662, #414 ) ;
#1062 = ORIENTED_EDGE ( 'NONE', *, *, #1821, .T. ) ;
#1063 = EDGE_CURVE ( 'NONE', #230, #2218, #1893, .T. ) ;
#1064 = DIRECTION ( 'NONE',  ( 0.000000000000000000, -0.1562499999999963085, -0.9877175393299447714 ) ) ;
#1065 = CARTESIAN_POINT ( 'NONE',  ( 1.250000000000000000, -2.013779527559077742, 4.151574803149597592 ) ) ;
#1066 = FACE_OUTER_BOUND ( 'NONE', #2090, .T. ) ;
#1067 = DIRECTION ( 'NONE',  ( 0.000000000000000000, 5.268712151789852408E-16, -1.000000000000000000 ) ) ;
#1068 = ORIENTED_EDGE ( 'NONE', *, *, #1154, .T. ) ;
#1069 = CYLINDRICAL_SURFACE ( 'NONE', #769, 0.1000000000000000056 ) ;
#1070 = DIRECTION ( 'NONE',  ( 0.000000000000000000, 0.000000000000000000, -1.000000000000000000 ) ) ;
#1071 = ADVANCED_FACE ( 'NONE', ( #971 ), #1823, .T. ) ;
#1072 = ORIENTED_EDGE ( 'NONE', *, *, #1228, .T. ) ;
#1073 = EDGE_CURVE ( 'NONE', #2390, #1670, #2343, .T. ) ;
#1074 = CARTESIAN_POINT ( 'NONE',  ( 1.250000000000000000, -2.964953715306701376, 1.818931383577062411 ) ) ;
#1075 = VERTEX_POINT ( 'NONE', #1904 ) ;
#1076 = AXIS2_PLACEMENT_3D ( 'NONE', #1815, #303, #523 ) ;
#1077 = EDGE_CURVE ( 'NONE', #1131, #1538, #225, .T. ) ;
#1078 = DIRECTION ( 'NONE',  ( -1.000000000000000000, 0.000000000000000000, 0.000000000000000000 ) ) ;
#1079 = AXIS2_PLACEMENT_3D ( 'NONE', #1474, #1503, #238 ) ;
#1080 = AXIS2_PLACEMENT_3D ( 'NONE', #1030, #1050, #649 ) ;
#1081 = DIRECTION ( 'NONE',  ( 0.000000000000000000, 0.000000000000000000, 1.000000000000000000 ) ) ;
#1082 = DIRECTION ( 'NONE',  ( 0.000000000000000000, 0.000000000000000000, -1.000000000000000000 ) ) ;
#1083 = ORIENTED_EDGE ( 'NONE', *, *, #63, .T. ) ;
#1084 = LINE ( 'NONE', #2121, #412 ) ;
#1085 = AXIS2_PLACEMENT_3D ( 'NONE', #2035, #1667, #1253 ) ;
#1086 = EDGE_CURVE ( 'NONE', #746, #1593, #1307, .T. ) ;
#1087 = CARTESIAN_POINT ( 'NONE',  ( 0.1007106781186548616, -1.370000000000000551, 4.136417322834645027 ) ) ;
#1088 = AXIS2_PLACEMENT_3D ( 'NONE', #571, #2216, #2468 ) ;
#1089 = ORIENTED_EDGE ( 'NONE', *, *, #1830, .T. ) ;
#1090 = VECTOR ( 'NONE', #2240, 39.37007874015748143 ) ;
#1091 = FACE_OUTER_BOUND ( 'NONE', #1519, .T. ) ;
#1092 = VERTEX_POINT ( 'NONE', #640 ) ;
#1093 = CARTESIAN_POINT ( 'NONE',  ( 0.08000000000000000167, -3.750000000000000000, 5.569971137819726081 ) ) ;
#1094 = CARTESIAN_POINT ( 'NONE',  ( 0.1799999999999999933, -2.013779527559077298, 1.698425196850403607 ) ) ;
#1095 = DIRECTION ( 'NONE',  ( -1.000000000000000000, -0.000000000000000000, -0.000000000000000000 ) ) ;
#1096 = VERTEX_POINT ( 'NONE', #1932 ) ;
#1097 = CARTESIAN_POINT ( 'NONE',  ( 0.5799999999999998490, -1.269999999999999796, 3.124999999999999556 ) ) ;
#1098 = LINE ( 'NONE', #1949, #1884 ) ;
#1099 = DATE_AND_TIME ( #2175, #2623 ) ;
#1100 = VERTEX_POINT ( 'NONE', #453 ) ;
#1101 = EDGE_CURVE ( 'NONE', #1895, #2131, #1296, .T. ) ;
#1102 = DIRECTION ( 'NONE',  ( 0.000000000000000000, -1.000000000000000000, 0.000000000000000000 ) ) ;
#1103 = ORIENTED_EDGE ( 'NONE', *, *, #1284, .F. ) ;
#1104 = CARTESIAN_POINT ( 'NONE',  ( 0.1300000000000002542, -1.269999999999999796, 4.036417322834645383 ) ) ;
#1105 = EDGE_CURVE ( 'NONE', #2045, #2761, #655, .T. ) ;
#1106 = CARTESIAN_POINT ( 'NONE',  ( 0.1799999999999999933, -1.913779527559077209, 1.598425196850403518 ) ) ;
#1107 = DIRECTION ( 'NONE',  ( 0.000000000000000000, 2.165697223441706971E-16, -1.000000000000000000 ) ) ;
#1108 = ORIENTED_EDGE ( 'NONE', *, *, #2421, .F. ) ;
#1109 = DIRECTION ( 'NONE',  ( 0.000000000000000000, 1.000000000000000000, 0.000000000000000000 ) ) ;
#1110 = EDGE_CURVE ( 'NONE', #568, #528, #416, .T. ) ;
#1111 = ADVANCED_FACE ( 'NONE', ( #1710 ), #1488, .T. ) ;
#1112 = PLANE ( 'NONE',  #946 ) ;
#1113 = ORIENTED_EDGE ( 'NONE', *, *, #1470, .F. ) ;
#1114 = ORIENTED_EDGE ( 'NONE', *, *, #2008, .F. ) ;
#1115 = FACE_OUTER_BOUND ( 'NONE', #363, .T. ) ;
#1116 = VERTEX_POINT ( 'NONE', #2354 ) ;
#1117 = DIRECTION ( 'NONE',  ( -0.000000000000000000, -0.000000000000000000, -1.000000000000000000 ) ) ;
#1118 = PRODUCT_DEFINITION ( 'UNKNOWN', '', #1766, #324 ) ;
#1119 = DIRECTION ( 'NONE',  ( -0.000000000000000000, 1.000000000000000000, 2.793490636732269368E-16 ) ) ;
#1120 = AXIS2_PLACEMENT_3D ( 'NONE', #446, #434, #1299 ) ;
#1121 = DIRECTION ( 'NONE',  ( 5.463695987328528015E-15, -1.000000000000000000, -0.000000000000000000 ) ) ;
#1122 = DIRECTION ( 'NONE',  ( 0.000000000000000000, -1.000000000000000000, 0.000000000000000000 ) ) ;
#1123 = AXIS2_PLACEMENT_3D ( 'NONE', #830, #1679, #2128 ) ;
#1124 = DIRECTION ( 'NONE',  ( 1.000000000000000000, 0.000000000000000000, 0.000000000000000000 ) ) ;
#1125 = ORIENTED_EDGE ( 'NONE', *, *, #750, .T. ) ;
#1126 = CIRCLE ( 'NONE', #509, 0.1000000000000000749 ) ;
#1127 = ORIENTED_EDGE ( 'NONE', *, *, #1135, .F. ) ;
#1128 = ADVANCED_FACE ( 'NONE', ( #1066 ), #2572, .F. ) ;
#1129 = AXIS2_PLACEMENT_3D ( 'NONE', #2441, #1819, #983 ) ;
#1130 = CARTESIAN_POINT ( 'NONE',  ( 0.5799999999999998490, 0.000000000000000000, 2.725000000000000089 ) ) ;
#1131 = VERTEX_POINT ( 'NONE', #1094 ) ;
#1132 = AXIS2_PLACEMENT_3D ( 'NONE', #2156, #1332, #1082 ) ;
#1133 = CIRCLE ( 'NONE', #160, 0.2000000000000000389 ) ;
#1134 = DIRECTION ( 'NONE',  ( -1.000000000000000000, 0.000000000000000000, 0.000000000000000000 ) ) ;
#1135 = EDGE_CURVE ( 'NONE', #2442, #2267, #1694, .T. ) ;
#1136 = CARTESIAN_POINT ( 'NONE',  ( 1.250000000000000000, -2.849261132637301852, 1.887282460670055118 ) ) ;
#1137 = DIRECTION ( 'NONE',  ( 0.000000000000000000, 0.000000000000000000, 1.000000000000000000 ) ) ;
#1138 = LINE ( 'NONE', #709, #2104 ) ;
#1139 = LOCAL_TIME ( 19, 9, 54.00000000000000000, #697 ) ;
#1140 = LINE ( 'NONE', #1991, #2291 ) ;
#1141 = VERTEX_POINT ( 'NONE', #1945 ) ;
#1142 = EDGE_LOOP ( 'NONE', ( #280, #1072, #2434, #1686 ) ) ;
#1143 = PLANE ( 'NONE',  #2062 ) ;
#1144 = ORIENTED_EDGE ( 'NONE', *, *, #1200, .T. ) ;
#1145 = EDGE_CURVE ( 'NONE', #2533, #1723, #2139, .T. ) ;
#1146 = EDGE_CURVE ( 'NONE', #1454, #227, #2155, .T. ) ;
#1147 = DIRECTION ( 'NONE',  ( -1.000000000000000000, -0.000000000000000000, -0.000000000000000000 ) ) ;
#1148 = LINE ( 'NONE', #1998, #2371 ) ;
#1149 = CARTESIAN_POINT ( 'NONE',  ( 0.5799999999999998490, -0.8499999999999884315, 1.613582677165354085 ) ) ;
#1150 = PLANE ( 'NONE',  #505 ) ;
#1151 = DIRECTION ( 'NONE',  ( -1.000000000000000000, -0.000000000000000000, -0.000000000000000000 ) ) ;
#1152 = VERTEX_POINT ( 'NONE', #881 ) ;
#1153 = VERTEX_POINT ( 'NONE', #1733 ) ;
#1154 = EDGE_CURVE ( 'NONE', #1153, #2631, #2593, .T. ) ;
#1155 = CARTESIAN_POINT ( 'NONE',  ( 1.250000000000000000, -2.849261132637301852, 1.887282460670055118 ) ) ;
#1156 = ORIENTED_EDGE ( 'NONE', *, *, #676, .T. ) ;
#1157 = ADVANCED_FACE ( 'NONE', ( #2378 ), #473, .T. ) ;
#1158 = LINE ( 'NONE', #759, #1535 ) ;
#1159 = ORIENTED_EDGE ( 'NONE', *, *, #2408, .F. ) ;
#1160 = CARTESIAN_POINT ( 'NONE',  ( 0.1799999999999999933, -1.913779527559077653, 4.151574803149597592 ) ) ;
#1161 = CARTESIAN_POINT ( 'NONE',  ( 1.229999999999999760, 0.000000000000000000, 4.036417322834645383 ) ) ;
#1162 = CARTESIAN_POINT ( 'NONE',  ( 1.229999999999999760, 0.000000000000000000, 4.136417322834645027 ) ) ;
#1163 = AXIS2_PLACEMENT_3D ( 'NONE', #2270, #578, #356 ) ;
#1164 = LINE ( 'NONE', #2487, #1660 ) ;
#1165 = ORIENTED_EDGE ( 'NONE', *, *, #948, .T. ) ;
#1166 = ORIENTED_EDGE ( 'NONE', *, *, #900, .T. ) ;
#1167 = EDGE_CURVE ( 'NONE', #285, #1771, #49, .T. ) ;
#1168 = CIRCLE ( 'NONE', #1705, 0.05000000000000000971 ) ;
#1169 = CYLINDRICAL_SURFACE ( 'NONE', #1085, 0.05000000000000000971 ) ;
#1170 = ORIENTED_EDGE ( 'NONE', *, *, #6, .T. ) ;
#1171 = VECTOR ( 'NONE', #2629, 39.37007874015748143 ) ;
#1172 = LINE ( 'NONE', #2024, #2199 ) ;
#1173 = CYLINDRICAL_SURFACE ( 'NONE', #1225, 0.1000000000000000194 ) ;
#1174 = VECTOR ( 'NONE', #791, 39.37007874015748143 ) ;
#1175 = ORIENTED_EDGE ( 'NONE', *, *, #2393, .F. ) ;
#1176 = AXIS2_PLACEMENT_3D ( 'NONE', #606, #2735, #2505 ) ;
#1177 = LINE ( 'NONE', #2653, #1520 ) ;
#1178 = DIRECTION ( 'NONE',  ( 0.000000000000000000, 0.000000000000000000, -1.000000000000000000 ) ) ;
#1179 = EDGE_CURVE ( 'NONE', #141, #1454, #2611, .T. ) ;
#1180 = DIRECTION ( 'NONE',  ( 0.000000000000000000, 2.165697223441707217E-16, -1.000000000000000000 ) ) ;
#1181 = LINE ( 'NONE', #1361, #1528 ) ;
#1182 = EDGE_CURVE ( 'NONE', #2034, #1538, #1252, .T. ) ;
#1183 = VERTEX_POINT ( 'NONE', #119 ) ;
#1184 = VERTEX_POINT ( 'NONE', #964 ) ;
#1185 = DIRECTION ( 'NONE',  ( 1.000000000000000000, 0.000000000000000000, 0.000000000000000000 ) ) ;
#1186 = EDGE_LOOP ( 'NONE', ( #190, #361, #2472, #2089 ) ) ;
#1187 = EDGE_CURVE ( 'NONE', #2034, #300, #2453, .T. ) ;
#1188 = CARTESIAN_POINT ( 'NONE',  ( 1.250000000000000000, -2.991712998229266507, 4.051574803149597948 ) ) ;
#1189 = DIRECTION ( 'NONE',  ( 0.000000000000000000, 0.000000000000000000, 1.000000000000000000 ) ) ;
#1190 = ORIENTED_EDGE ( 'NONE', *, *, #1377, .T. ) ;
#1191 = ADVANCED_FACE ( 'NONE', ( #707 ), #733, .F. ) ;
#1192 = EDGE_CURVE ( 'NONE', #663, #2157, #888, .T. ) ;
#1193 = CARTESIAN_POINT ( 'NONE',  ( 0.000000000000000000, 0.000000000000000000, 0.000000000000000000 ) ) ;
#1194 = DIRECTION ( 'NONE',  ( 1.000000000000000000, -2.101421533587894859E-16, 0.000000000000000000 ) ) ;
#1195 = EDGE_CURVE ( 'NONE', #1704, #927, #1369, .T. ) ;
#1196 = CARTESIAN_POINT ( 'NONE',  ( 0.000000000000000000, -3.750000000000000000, 0.1800288621802733913 ) ) ;
#1197 = LINE ( 'NONE', #967, #1487 ) ;
#1198 = VERTEX_POINT ( 'NONE', #313 ) ;
#1199 = ORIENTED_EDGE ( 'NONE', *, *, #1316, .F. ) ;
#1200 = EDGE_CURVE ( 'NONE', #731, #141, #1560, .T. ) ;
#1201 = DIRECTION ( 'NONE',  ( 0.000000000000000000, 0.000000000000000000, -1.000000000000000000 ) ) ;
#1202 = ORIENTED_EDGE ( 'NONE', *, *, #2173, .F. ) ;
#1203 = DIRECTION ( 'NONE',  ( 0.000000000000000000, 0.000000000000000000, 1.000000000000000000 ) ) ;
#1204 = EDGE_LOOP ( 'NONE', ( #2724, #1482, #2276, #2500 ) ) ;
#1205 = AXIS2_PLACEMENT_3D ( 'NONE', #537, #747, #2668 ) ;
#1206 = DIRECTION ( 'NONE',  ( -0.000000000000000000, -0.000000000000000000, -1.000000000000000000 ) ) ;
#1207 = LINE ( 'NONE', #2054, #289 ) ;
#1208 = LINE ( 'NONE', #2486, #321 ) ;
#1209 = CYLINDRICAL_SURFACE ( 'NONE', #1312, 0.1000000000000000194 ) ;
#1210 = ORIENTED_EDGE ( 'NONE', *, *, #295, .F. ) ;
#1211 = ORIENTED_EDGE ( 'NONE', *, *, #2689, .T. ) ;
#1212 = AXIS2_PLACEMENT_3D ( 'NONE', #2507, #2297, #1234 ) ;
#1213 = VECTOR ( 'NONE', #2273, 39.37007874015748143 ) ;
#1214 = ORIENTED_EDGE ( 'NONE', *, *, #301, .F. ) ;
#1215 = EDGE_CURVE ( 'NONE', #1642, #947, #1381, .T. ) ;
#1216 = CARTESIAN_POINT ( 'NONE',  ( 0.5799999999999998490, -0.9499999999999885203, 1.713582677165354173 ) ) ;
#1217 = ORIENTED_EDGE ( 'NONE', *, *, #1855, .F. ) ;
#1218 = AXIS2_PLACEMENT_3D ( 'NONE', #2099, #942, #755 ) ;
#1219 = VECTOR ( 'NONE', #2512, 39.37007874015748143 ) ;
#1220 = DIRECTION ( 'NONE',  ( 0.000000000000000000, 0.000000000000000000, -1.000000000000000000 ) ) ;
#1221 = CARTESIAN_POINT ( 'NONE',  ( 1.250000000000000000, -1.988779527559077387, 1.523425196850403340 ) ) ;
#1222 = FACE_OUTER_BOUND ( 'NONE', #2519, .T. ) ;
#1223 = VECTOR ( 'NONE', #1095, 39.37007874015748143 ) ;
#1224 = DIRECTION ( 'NONE',  ( 0.000000000000000000, -0.000000000000000000, 1.000000000000000000 ) ) ;
#1225 = AXIS2_PLACEMENT_3D ( 'NONE', #2025, #2222, #496 ) ;
#1226 = VERTEX_POINT ( 'NONE', #1588 ) ;
#1227 = ORIENTED_EDGE ( 'NONE', *, *, #493, .T. ) ;
#1228 = EDGE_CURVE ( 'NONE', #1092, #1198, #2201, .T. ) ;
#1229 = DIRECTION ( 'NONE',  ( 0.000000000000000000, 0.000000000000000000, 1.000000000000000000 ) ) ;
#1230 = VERTEX_POINT ( 'NONE', #1778 ) ;
#1231 = CARTESIAN_POINT ( 'NONE',  ( 0.000000000000000000, -2.849261132637301852, 3.862717539329944216 ) ) ;
#1232 = CYLINDRICAL_SURFACE ( 'NONE', #1715, 0.2499999999999993894 ) ;
#1233 = EDGE_LOOP ( 'NONE', ( #1113, #989, #2366, #1281 ) ) ;
#1234 = DIRECTION ( 'NONE',  ( 1.000000000000000000, 0.000000000000000000, -0.000000000000000000 ) ) ;
#1235 = CARTESIAN_POINT ( 'NONE',  ( 0.07999999999999996003, -3.011220472440942597, 0.000000000000000000 ) ) ;
#1236 = DIRECTION ( 'NONE',  ( 0.000000000000000000, 0.000000000000000000, 1.000000000000000000 ) ) ;
#1237 = FACE_OUTER_BOUND ( 'NONE', #2680, .T. ) ;
#1238 = ORIENTED_EDGE ( 'NONE', *, *, #1179, .F. ) ;
#1239 = DIRECTION ( 'NONE',  ( 0.000000000000000000, -2.165697223441706724E-16, 1.000000000000000000 ) ) ;
#1240 = DIRECTION ( 'NONE',  ( 0.000000000000000000, 0.9787490130739029404, 0.2050618672665913411 ) ) ;
#1241 = ORIENTED_EDGE ( 'NONE', *, *, #232, .F. ) ;
#1242 = EDGE_CURVE ( 'NONE', #633, #2697, #92, .T. ) ;
#1243 = DIRECTION ( 'NONE',  ( 1.000000000000000000, 0.000000000000000000, 0.000000000000000000 ) ) ;
#1244 = CARTESIAN_POINT ( 'NONE',  ( 0.5799999999999998490, -0.8499999999999884315, 5.750000000000000000 ) ) ;
#1245 = EDGE_LOOP ( 'NONE', ( #2280, #437, #73, #2401 ) ) ;
#1246 = EDGE_CURVE ( 'NONE', #159, #468, #362, .T. ) ;
#1247 = CARTESIAN_POINT ( 'NONE',  ( 1.229999999999999760, -0.8499999999999886535, 1.613582677165354085 ) ) ;
#1248 = DIRECTION ( 'NONE',  ( -1.000000000000000000, -0.000000000000000000, -0.000000000000000000 ) ) ;
#1249 = CARTESIAN_POINT ( 'NONE',  ( 0.1300000000000000044, 0.000000000000000000, 1.563582677165354040 ) ) ;
#1250 = ADVANCED_FACE ( 'NONE', ( #2029 ), #2394, .F. ) ;
#1251 = VECTOR ( 'NONE', #2184, 39.37007874015748143 ) ;
#1252 = CIRCLE ( 'NONE', #2047, 0.1000000000000000194 ) ;
#1253 = DIRECTION ( 'NONE',  ( 1.000000000000000000, 0.000000000000000000, 0.000000000000000000 ) ) ;
#1254 = PLANE ( 'NONE',  #2112 ) ;
#1255 = ORIENTED_EDGE ( 'NONE', *, *, #1725, .F. ) ;
#1256 = EDGE_LOOP ( 'NONE', ( #2768, #851, #1114, #1682, #1496, #584 ) ) ;
#1257 = CIRCLE ( 'NONE', #143, 0.1000000000000000194 ) ;
#1258 = DIRECTION ( 'NONE',  ( 0.000000000000000000, 1.000000000000000000, 0.000000000000000000 ) ) ;
#1259 = EDGE_CURVE ( 'NONE', #1405, #2079, #1438, .T. ) ;
#1260 = ORIENTED_EDGE ( 'NONE', *, *, #1490, .T. ) ;
#1261 = AXIS2_PLACEMENT_3D ( 'NONE', #1663, #2526, #978 ) ;
#1262 = AXIS2_PLACEMENT_3D ( 'NONE', #2426, #913, #457 ) ;
#1263 = DIRECTION ( 'NONE',  ( -0.000000000000000000, -1.000000000000000000, -0.000000000000000000 ) ) ;
#1264 = LINE ( 'NONE', #993, #2431 ) ;
#1265 = ORIENTED_EDGE ( 'NONE', *, *, #843, .F. ) ;
#1266 = AXIS2_PLACEMENT_3D ( 'NONE', #1293, #20, #425 ) ;
#1267 = VECTOR ( 'NONE', #1583, 39.37007874015748143 ) ;
#1268 = DIRECTION ( 'NONE',  ( -1.000000000000000000, -0.000000000000000000, -0.000000000000000000 ) ) ;
#1269 = FACE_OUTER_BOUND ( 'NONE', #2661, .T. ) ;
#1270 = AXIS2_PLACEMENT_3D ( 'NONE', #1311, #682, #2368 ) ;
#1271 = DIRECTION ( 'NONE',  ( -1.000000000000000000, -0.000000000000000000, -0.000000000000000000 ) ) ;
#1272 = DIRECTION ( 'NONE',  ( 1.000000000000000000, 0.000000000000000000, 0.000000000000000000 ) ) ;
#1273 = ORIENTED_EDGE ( 'NONE', *, *, #461, .F. ) ;
#1274 = CIRCLE ( 'NONE', #512, 0.1000000000000000194 ) ;
#1275 = DIRECTION ( 'NONE',  ( -1.000000000000000000, 2.101421533587894859E-16, 0.000000000000000000 ) ) ;
#1276 = CIRCLE ( 'NONE', #2251, 5.000000000000000000 ) ;
#1277 = EDGE_CURVE ( 'NONE', #643, #2179, #1257, .T. ) ;
#1278 = DIRECTION ( 'NONE',  ( -0.000000000000000000, 0.000000000000000000, 1.000000000000000000 ) ) ;
#1279 = ORIENTED_EDGE ( 'NONE', *, *, #1737, .F. ) ;
#1280 = DIRECTION ( 'NONE',  ( 1.000000000000000000, 0.000000000000000000, 0.000000000000000000 ) ) ;
#1281 = ORIENTED_EDGE ( 'NONE', *, *, #2215, .F. ) ;
#1282 = FACE_OUTER_BOUND ( 'NONE', #59, .T. ) ;
#1283 = FACE_OUTER_BOUND ( 'NONE', #1735, .T. ) ;
#1284 = EDGE_CURVE ( 'NONE', #542, #2362, #1923, .T. ) ;
#1285 = EDGE_CURVE ( 'NONE', #1184, #183, #1148, .T. ) ;
#1286 = DIRECTION ( 'NONE',  ( -0.000000000000000000, -1.000000000000000000, -0.000000000000000000 ) ) ;
#1287 = CARTESIAN_POINT ( 'NONE',  ( 0.07999999999999996003, -1.988779527559077831, 4.226574803149597770 ) ) ;
#1288 = ORIENTED_EDGE ( 'NONE', *, *, #322, .T. ) ;
#1289 = CARTESIAN_POINT ( 'NONE',  ( 1.250000000000000000, -3.011220472440942597, 0.000000000000000000 ) ) ;
#1290 = CARTESIAN_POINT ( 'NONE',  ( 1.229999999999999760, -1.269999999999999796, 0.000000000000000000 ) ) ;
#1291 = VERTEX_POINT ( 'NONE', #950 ) ;
#1292 = EDGE_CURVE ( 'NONE', #1593, #1075, #1802, .T. ) ;
#1293 = CARTESIAN_POINT ( 'NONE',  ( 0.1799999999999999933, -2.867078813999309528, 3.951574803149597859 ) ) ;
#1294 = EDGE_LOOP ( 'NONE', ( #565, #782, #2532 ) ) ;
#1295 = DIRECTION ( 'NONE',  ( 0.000000000000000000, -0.000000000000000000, -1.000000000000000000 ) ) ;
#1296 = LINE ( 'NONE', #1320, #1969 ) ;
#1297 = DIRECTION ( 'NONE',  ( 0.000000000000000000, 0.000000000000000000, 1.000000000000000000 ) ) ;
#1298 = ORIENTED_EDGE ( 'NONE', *, *, #1101, .F. ) ;
#1299 = DIRECTION ( 'NONE',  ( -5.463695987328524859E-15, -1.000000000000000000, 0.000000000000000000 ) ) ;
#1300 = DIRECTION ( 'NONE',  ( -0.000000000000000000, 1.000000000000000000, 1.994049630411871425E-16 ) ) ;
#1301 = ORIENTED_EDGE ( 'NONE', *, *, #139, .F. ) ;
#1302 = LINE ( 'NONE', #1717, #202 ) ;
#1303 = VERTEX_POINT ( 'NONE', #933 ) ;
#1304 = VECTOR ( 'NONE', #1258, 39.37007874015748143 ) ;
#1305 = LINE ( 'NONE', #261, #2569 ) ;
#1306 = VECTOR ( 'NONE', #404, 39.37007874015748143 ) ;
#1307 = LINE ( 'NONE', #2555, #597 ) ;
#1308 = CARTESIAN_POINT ( 'NONE',  ( 0.000000000000000000, -3.094796846923016265, 1.934316629209575478 ) ) ;
#1309 = ORIENTED_EDGE ( 'NONE', *, *, #1889, .T. ) ;
#1310 = DIRECTION ( 'NONE',  ( 0.000000000000000000, 0.000000000000000000, -1.000000000000000000 ) ) ;
#1311 = CARTESIAN_POINT ( 'NONE',  ( 1.250000000000000000, -2.849261132637301852, 3.862717539329944216 ) ) ;
#1312 = AXIS2_PLACEMENT_3D ( 'NONE', #2057, #154, #2658 ) ;
#1313 = APPROVAL_ROLE ( '' ) ;
#1314 = ORIENTED_EDGE ( 'NONE', *, *, #2404, .T. ) ;
#1315 = VECTOR ( 'NONE', #1194, 39.37007874015748143 ) ;
#1316 = EDGE_CURVE ( 'NONE', #1557, #2079, #1177, .T. ) ;
#1317 = LINE ( 'NONE', #2620, #286 ) ;
#1318 = ORIENTED_EDGE ( 'NONE', *, *, #203, .F. ) ;
#1319 = CARTESIAN_POINT ( 'NONE',  ( 0.1799999999999999933, -1.813779527559077120, 1.079921259842529846 ) ) ;
#1320 = CARTESIAN_POINT ( 'NONE',  ( 0.08000000000000000167, -1.420000000000000373, 4.136417322834645027 ) ) ;
#1321 = CARTESIAN_POINT ( 'NONE',  ( 1.250000000000000000, -1.988779527559077831, 4.226574803149597770 ) ) ;
#1322 = ORIENTED_EDGE ( 'NONE', *, *, #121, .F. ) ;
#1323 = LINE ( 'NONE', #516, #2698 ) ;
#1324 = CARTESIAN_POINT ( 'NONE',  ( 1.229999999999999760, -0.8499999999999886535, 5.750000000000000000 ) ) ;
#1325 = COORDINATED_UNIVERSAL_TIME_OFFSET ( 8, 0, .BEHIND. ) ;
#1326 = VERTEX_POINT ( 'NONE', #761 ) ;
#1327 = CARTESIAN_POINT ( 'NONE',  ( 1.229999999999999760, 0.000000000000000000, 4.036417322834645383 ) ) ;
#1328 = ORIENTED_EDGE ( 'NONE', *, *, #843, .T. ) ;
#1329 = ADVANCED_FACE ( 'NONE', ( #1764 ), #1869, .F. ) ;
#1330 = CARTESIAN_POINT ( 'NONE',  ( 0.08000000000000000167, 0.000000000000000000, 5.750000000000000000 ) ) ;
#1331 = DIRECTION ( 'NONE',  ( -0.000000000000000000, -1.000000000000000000, -0.000000000000000000 ) ) ;
#1332 = DIRECTION ( 'NONE',  ( 1.000000000000000000, 0.000000000000000000, 0.000000000000000000 ) ) ;
#1333 = EDGE_CURVE ( 'NONE', #2360, #391, #192, .T. ) ;
#1334 = DIRECTION ( 'NONE',  ( 0.000000000000000000, 0.000000000000000000, -1.000000000000000000 ) ) ;
#1335 = DIRECTION ( 'NONE',  ( 2.101421533587894366E-16, 1.000000000000000000, -0.000000000000000000 ) ) ;
#1336 = APPROVAL_DATE_TIME ( #711, #2200 ) ;
#1337 = EDGE_LOOP ( 'NONE', ( #1062, #1314, #38, #877 ) ) ;
#1338 = EDGE_CURVE ( 'NONE', #2179, #427, #2041, .T. ) ;
#1339 = FACE_OUTER_BOUND ( 'NONE', #118, .T. ) ;
#1340 = ORIENTED_EDGE ( 'NONE', *, *, #2388, .F. ) ;
#1341 = CARTESIAN_POINT ( 'NONE',  ( 1.250000000000000000, -2.911220472440966489, 1.523425196850403340 ) ) ;
#1342 = AXIS2_PLACEMENT_3D ( 'NONE', #219, #1124, #696 ) ;
#1343 = DIRECTION ( 'NONE',  ( 0.000000000000000000, 0.000000000000000000, -1.000000000000000000 ) ) ;
#1344 = CARTESIAN_POINT ( 'NONE',  ( 0.1300000000000000044, -1.419999999999999707, 0.1800288621802738631 ) ) ;
#1345 = PLANE ( 'NONE',  #1430 ) ;
#1346 = AXIS2_PLACEMENT_3D ( 'NONE', #1231, #2080, #175 ) ;
#1347 = LINE ( 'NONE', #660, #1701 ) ;
#1348 = APPROVAL_STATUS ( 'not_yet_approved' ) ;
#1349 = VECTOR ( 'NONE', #271, 39.37007874015748143 ) ;
#1350 = ORIENTED_EDGE ( 'NONE', *, *, #1073, .F. ) ;
#1351 = VECTOR ( 'NONE', #2729, 39.37007874015748143 ) ;
#1352 = DIRECTION ( 'NONE',  ( 0.000000000000000000, 0.000000000000000000, -1.000000000000000000 ) ) ;
#1353 = ORIENTED_EDGE ( 'NONE', *, *, #1039, .T. ) ;
#1354 = AXIS2_PLACEMENT_3D ( 'NONE', #1602, #514, #291 ) ;
#1355 = VECTOR ( 'NONE', #2679, 39.37007874015748143 ) ;
#1356 = CARTESIAN_POINT ( 'NONE',  ( 0.1799999999999999933, -2.849261132637301852, 1.887282460670055118 ) ) ;
#1357 = DIRECTION ( 'NONE',  ( -1.000000000000000000, -0.000000000000000000, -0.000000000000000000 ) ) ;
#1358 = CARTESIAN_POINT ( 'NONE',  ( 1.229999999999999760, -1.269999999999999796, 1.713582677165354173 ) ) ;
#1359 = CARTESIAN_POINT ( 'NONE',  ( 1.250000000000000000, -2.947475418351588328, 1.906096128085863040 ) ) ;
#1360 = ADVANCED_FACE ( 'NONE', ( #811 ), #1632, .F. ) ;
#1361 = CARTESIAN_POINT ( 'NONE',  ( 1.250000000000000000, -1.913779527559077209, 1.598425196850403518 ) ) ;
#1362 = ORIENTED_EDGE ( 'NONE', *, *, #282, .T. ) ;
#1363 = EDGE_CURVE ( 'NONE', #490, #2722, #369, .T. ) ;
#1364 = ORIENTED_EDGE ( 'NONE', *, *, #449, .T. ) ;
#1365 = DIRECTION ( 'NONE',  ( 0.000000000000000000, 0.000000000000000000, -1.000000000000000000 ) ) ;
#1366 = ORIENTED_EDGE ( 'NONE', *, *, #1942, .F. ) ;
#1367 = DIRECTION ( 'NONE',  ( -1.000000000000000000, -0.000000000000000000, -0.000000000000000000 ) ) ;
#1368 = VERTEX_POINT ( 'NONE', #1008 ) ;
#1369 = LINE ( 'NONE', #1988, #2503 ) ;
#1370 = CARTESIAN_POINT ( 'NONE',  ( 0.4799999999999998157, -1.074999999999996181, 4.036417322834645383 ) ) ;
#1371 = DIRECTION ( 'NONE',  ( 0.000000000000000000, -1.578040221072056626E-14, 1.000000000000000000 ) ) ;
#1372 = LINE ( 'NONE', #137, #1613 ) ;
#1373 = ORIENTED_EDGE ( 'NONE', *, *, #2619, .T. ) ;
#1374 = ORIENTED_EDGE ( 'NONE', *, *, #264, .T. ) ;
#1375 = LINE ( 'NONE', #398, #1928 ) ;
#1376 = ORIENTED_EDGE ( 'NONE', *, *, #2415, .F. ) ;
#1377 = EDGE_CURVE ( 'NONE', #1919, #2475, #593, .T. ) ;
#1378 = PLANE ( 'NONE',  #57 ) ;
#1379 = DIRECTION ( 'NONE',  ( 1.000000000000000000, 0.000000000000000000, 8.405686134351579437E-16 ) ) ;
#1380 = ORIENTED_EDGE ( 'NONE', *, *, #270, .F. ) ;
#1381 = LINE ( 'NONE', #2406, #1251 ) ;
#1382 = LINE ( 'NONE', #2256, #2610 ) ;
#1383 = VECTOR ( 'NONE', #2732, 39.37007874015748143 ) ;
#1384 = LINE ( 'NONE', #2031, #194 ) ;
#1385 = VECTOR ( 'NONE', #778, 39.37007874015748143 ) ;
#1386 = CARTESIAN_POINT ( 'NONE',  ( 1.250000000000000000, -3.005511132637301408, 2.875000000000000000 ) ) ;
#1387 = ORIENTED_EDGE ( 'NONE', *, *, #2657, .T. ) ;
#1388 = ORIENTED_EDGE ( 'NONE', *, *, #376, .T. ) ;
#1389 = AXIS2_PLACEMENT_3D ( 'NONE', #2258, #1634, #2497 ) ;
#1390 = AXIS2_PLACEMENT_3D ( 'NONE', #8, #1925, #1479 ) ;
#1391 = LINE ( 'NONE', #1471, #2288 ) ;
#1392 = ORIENTED_EDGE ( 'NONE', *, *, #2230, .T. ) ;
#1393 = EDGE_CURVE ( 'NONE', #1538, #1498, #2463, .T. ) ;
#1394 = AXIS2_PLACEMENT_3D ( 'NONE', #694, #1121, #12 ) ;
#1395 = ADVANCED_FACE ( 'NONE', ( #790 ), #2053, .F. ) ;
#1396 = LINE ( 'NONE', #1005, #639 ) ;
#1397 = LINE ( 'NONE', #2435, #1937 ) ;
#1398 = AXIS2_PLACEMENT_3D ( 'NONE', #1989, #1779, #1178 ) ;
#1399 = ORIENTED_EDGE ( 'NONE', *, *, #1046, .T. ) ;
#1400 = CARTESIAN_POINT ( 'NONE',  ( 1.250000000000000000, -2.864886132637301408, 3.763945785396949795 ) ) ;
#1401 = DIRECTION ( 'NONE',  ( 0.000000000000000000, -0.9821428571428583165, 0.1881366741580782487 ) ) ;
#1402 = DIRECTION ( 'NONE',  ( -0.000000000000000000, -0.000000000000000000, 1.000000000000000000 ) ) ;
#1403 = DIRECTION ( 'NONE',  ( -0.000000000000000000, -1.000000000000000000, -0.000000000000000000 ) ) ;
#1404 = VERTEX_POINT ( 'NONE', #1601 ) ;
#1405 = VERTEX_POINT ( 'NONE', #2495 ) ;
#1406 = CARTESIAN_POINT ( 'NONE',  ( 1.250000000000000000, -2.991712998229266063, 1.698425196850403163 ) ) ;
#1407 = ORIENTED_EDGE ( 'NONE', *, *, #2628, .T. ) ;
#1408 = DIRECTION ( 'NONE',  ( 0.000000000000000000, 0.000000000000000000, 1.000000000000000000 ) ) ;
#1409 = ORIENTED_EDGE ( 'NONE', *, *, #1636, .F. ) ;
#1410 = CC_DESIGN_PERSON_AND_ORGANIZATION_ASSIGNMENT ( #69, #886, ( #1631 ) ) ;
#1411 = EDGE_CURVE ( 'NONE', #628, #2761, #319, .T. ) ;
#1412 = LINE ( 'NONE', #1440, #2100 ) ;
#1413 = CARTESIAN_POINT ( 'NONE',  ( 1.229999999999999760, -1.174999999999996270, 5.750000000000000000 ) ) ;
#1414 = DIRECTION ( 'NONE',  ( 0.000000000000000000, 0.000000000000000000, 1.000000000000000000 ) ) ;
#1415 = CARTESIAN_POINT ( 'NONE',  ( 0.07999999999999996003, -2.088779527559077920, 4.126574803149598125 ) ) ;
#1416 = EDGE_LOOP ( 'NONE', ( #796, #1786, #2648, #155 ) ) ;
#1417 = ORIENTED_EDGE ( 'NONE', *, *, #1708, .F. ) ;
#1418 = VERTEX_POINT ( 'NONE', #608 ) ;
#1419 = LINE ( 'NONE', #2481, #941 ) ;
#1420 = CARTESIAN_POINT ( 'NONE',  ( 1.250000000000000000, -3.011220472440942597, 5.750000000000001776 ) ) ;
#1421 = ORIENTED_EDGE ( 'NONE', *, *, #1167, .T. ) ;
#1422 = LINE ( 'NONE', #1856, #1965 ) ;
#1423 = DIRECTION ( 'NONE',  ( 0.000000000000000000, 6.159692768670429183E-16, -1.000000000000000000 ) ) ;
#1424 = DIRECTION ( 'NONE',  ( -0.000000000000000000, 1.000000000000000000, 1.224646799147354933E-16 ) ) ;
#1425 = PLANE ( 'NONE',  #108 ) ;
#1426 = ORIENTED_EDGE ( 'NONE', *, *, #461, .T. ) ;
#1427 = ORIENTED_EDGE ( 'NONE', *, *, #2181, .F. ) ;
#1428 = AXIS2_PLACEMENT_3D ( 'NONE', #1829, #1206, #1034 ) ;
#1429 = CARTESIAN_POINT ( 'NONE',  ( 0.000000000000000000, -3.750000000000000000, 5.750000000000000000 ) ) ;
#1430 = AXIS2_PLACEMENT_3D ( 'NONE', #2203, #2000, #91 ) ;
#1431 = ORIENTED_EDGE ( 'NONE', *, *, #1930, .T. ) ;
#1432 = EDGE_CURVE ( 'NONE', #1898, #1828, #1412, .T. ) ;
#1433 = AXIS2_PLACEMENT_3D ( 'NONE', #450, #1452, #2091 ) ;
#1434 = CARTESIAN_POINT ( 'NONE',  ( 1.229999999999999760, -1.174999999999996270, 1.713582677165354173 ) ) ;
#1435 = CARTESIAN_POINT ( 'NONE',  ( 0.08000000000000000167, -3.005511132637301408, 2.875000000000000000 ) ) ;
#1436 = VERTEX_POINT ( 'NONE', #1400 ) ;
#1437 = VECTOR ( 'NONE', #2759, 39.37007874015748143 ) ;
#1438 =( BOUNDED_CURVE ( )  B_SPLINE_CURVE ( 3, ( #911, #105, #2212, #77 ),
 .UNSPECIFIED., .F., .T. ) 
 B_SPLINE_CURVE_WITH_KNOTS ( ( 4, 4 ),
 ( 4.712388980384689674, 6.283185307179586232 ),
 .UNSPECIFIED. ) 
 CURVE ( )  GEOMETRIC_REPRESENTATION_ITEM ( )  RATIONAL_B_SPLINE_CURVE ( ( 1.000000000000000000, 0.8047378541243649375, 0.8047378541243649375, 1.000000000000000000 ) ) 
 REPRESENTATION_ITEM ( '' )  );
#1439 = AXIS2_PLACEMENT_3D ( 'NONE', #1011, #2718, #1042 ) ;
#1440 = CARTESIAN_POINT ( 'NONE',  ( 1.250000000000000000, -3.750000000000000000, 5.750000000000000000 ) ) ;
#1441 = DIRECTION ( 'NONE',  ( 0.000000000000000000, 0.000000000000000000, -1.000000000000000000 ) ) ;
#1442 = DIRECTION ( 'NONE',  ( 0.000000000000000000, -1.000000000000000000, 0.000000000000000000 ) ) ;
#1443 = VECTOR ( 'NONE', #441, 39.37007874015748143 ) ;
#1444 = CARTESIAN_POINT ( 'NONE',  ( 1.250000000000000000, -3.500000000000000888, 0.1800288621802734190 ) ) ;
#1445 = AXIS2_PLACEMENT_3D ( 'NONE', #2340, #892, #34 ) ;
#1446 = ORIENTED_EDGE ( 'NONE', *, *, #477, .F. ) ;
#1447 = CARTESIAN_POINT ( 'NONE',  ( 1.229999999999999760, -1.174999999999996270, 1.613582677165354085 ) ) ;
#1448 = EDGE_CURVE ( 'NONE', #528, #585, #2310, .T. ) ;
#1449 = EDGE_CURVE ( 'NONE', #2045, #1704, #1422, .T. ) ;
#1450 = CARTESIAN_POINT ( 'NONE',  ( 1.250000000000000000, -2.867078813999310860, 1.698425196850403163 ) ) ;
#1451 = ORIENTED_EDGE ( 'NONE', *, *, #1677, .F. ) ;
#1452 = DIRECTION ( 'NONE',  ( -1.000000000000000000, -0.000000000000000000, -0.000000000000000000 ) ) ;
#1453 = DIRECTION ( 'NONE',  ( -0.000000000000000000, 1.000000000000000000, -0.000000000000000000 ) ) ;
#1454 = VERTEX_POINT ( 'NONE', #2484 ) ;
#1455 = DIRECTION ( 'NONE',  ( 0.000000000000000000, 0.000000000000000000, -1.000000000000000000 ) ) ;
#1456 = CARTESIAN_POINT ( 'NONE',  ( 0.08000000000000000167, -3.714548149173205527, 0.3083608211240693731 ) ) ;
#1457 = DIRECTION ( 'NONE',  ( -1.000000000000000000, -0.000000000000000000, -0.000000000000000000 ) ) ;
#1458 = EDGE_CURVE ( 'NONE', #1049, #1230, #2417, .T. ) ;
#1459 = PLANE ( 'NONE',  #464 ) ;
#1460 = DIRECTION ( 'NONE',  ( 1.000000000000000000, 0.000000000000000000, 0.000000000000000000 ) ) ;
#1461 = VERTEX_POINT ( 'NONE', #148 ) ;
#1462 = VERTEX_POINT ( 'NONE', #997 ) ;
#1463 = CARTESIAN_POINT ( 'NONE',  ( 1.229999999999999760, -1.174999999999996270, 4.036417322834645383 ) ) ;
#1464 = VERTEX_POINT ( 'NONE', #2070 ) ;
#1465 = LINE ( 'NONE', #2319, #684 ) ;
#1466 = CARTESIAN_POINT ( 'NONE',  ( 0.08000000000000000167, -3.500000000000000888, 0.1800288621802734190 ) ) ;
#1467 = ORIENTED_EDGE ( 'NONE', *, *, #785, .T. ) ;
#1468 = DIRECTION ( 'NONE',  ( 0.000000000000000000, 1.994049630411871425E-16, -1.000000000000000000 ) ) ;
#1469 = CARTESIAN_POINT ( 'NONE',  ( 1.250000000000000000, -3.500000000000000888, 5.569971137819726081 ) ) ;
#1470 = EDGE_CURVE ( 'NONE', #337, #1291, #1845, .T. ) ;
#1471 = CARTESIAN_POINT ( 'NONE',  ( 0.08000000000000000167, 0.000000000000000000, 5.750000000000000000 ) ) ;
#1472 = DIRECTION ( 'NONE',  ( 0.000000000000000000, 0.000000000000000000, 1.000000000000000000 ) ) ;
#1473 = ORIENTED_EDGE ( 'NONE', *, *, #1449, .T. ) ;
#1474 = CARTESIAN_POINT ( 'NONE',  ( 1.229999999999999760, 0.000000000000000000, 0.000000000000000000 ) ) ;
#1475 = FACE_OUTER_BOUND ( 'NONE', #2589, .T. ) ;
#1476 = ORIENTED_EDGE ( 'NONE', *, *, #1731, .T. ) ;
#1477 = VECTOR ( 'NONE', #2737, 39.37007874015748143 ) ;
#1478 = CIRCLE ( 'NONE', #1262, 0.2000000000000000389 ) ;
#1479 = DIRECTION ( 'NONE',  ( 1.000000000000000000, 0.000000000000000000, 0.000000000000000000 ) ) ;
#1480 = ADVANCED_FACE ( 'NONE', ( #799 ), #1644, .F. ) ;
#1481 = EDGE_CURVE ( 'NONE', #2697, #1658, #2146, .T. ) ;
#1482 = ORIENTED_EDGE ( 'NONE', *, *, #700, .T. ) ;
#1483 = CIRCLE ( 'NONE', #1080, 0.1000000000000000194 ) ;
#1484 = EDGE_CURVE ( 'NONE', #388, #2390, #936, .T. ) ;
#1485 = CARTESIAN_POINT ( 'NONE',  ( 1.250000000000000000, -3.714548149173205971, 0.3083608211240700947 ) ) ;
#1486 = LINE ( 'NONE', #2085, #771 ) ;
#1487 = VECTOR ( 'NONE', #1835, 39.37007874015748143 ) ;
#1488 = CYLINDRICAL_SURFACE ( 'NONE', #972, 0.1000000000000000194 ) ;
#1489 = DIRECTION ( 'NONE',  ( 1.000000000000000000, -0.000000000000000000, 0.000000000000000000 ) ) ;
#1490 = EDGE_CURVE ( 'NONE', #1096, #1616, #2078, .T. ) ;
#1491 = ORIENTED_EDGE ( 'NONE', *, *, #2490, .F. ) ;
#1492 = VECTOR ( 'NONE', #2726, 39.37007874015748143 ) ;
#1493 = CARTESIAN_POINT ( 'NONE',  ( 1.250000000000000000, -3.011220472440966578, 1.523425196850403340 ) ) ;
#1494 = VECTOR ( 'NONE', #1882, 39.37007874015748143 ) ;
#1495 = CARTESIAN_POINT ( 'NONE',  ( 0.1799999999999999933, -2.864886132637301408, 3.763945785396949795 ) ) ;
#1496 = ORIENTED_EDGE ( 'NONE', *, *, #1976, .F. ) ;
#1497 = CARTESIAN_POINT ( 'NONE',  ( 0.07999999999999996003, -2.088779527559077476, 1.523425196850403340 ) ) ;
#1498 = VERTEX_POINT ( 'NONE', #1450 ) ;
#1499 = LINE ( 'NONE', #248, #909 ) ;
#1500 = DIRECTION ( 'NONE',  ( 0.000000000000000000, 1.000000000000000000, 0.000000000000000000 ) ) ;
#1501 = DIRECTION ( 'NONE',  ( -0.000000000000000000, -1.000000000000000000, -0.000000000000000000 ) ) ;
#1502 = ORIENTED_EDGE ( 'NONE', *, *, #1852, .F. ) ;
#1503 = DIRECTION ( 'NONE',  ( 1.000000000000000000, -0.000000000000000000, 0.000000000000000000 ) ) ;
#1504 = DIRECTION ( 'NONE',  ( 0.000000000000000000, -2.165697223441706724E-16, 1.000000000000000000 ) ) ;
#1505 = ORIENTED_EDGE ( 'NONE', *, *, #1182, .T. ) ;
#1506 = FACE_OUTER_BOUND ( 'NONE', #2307, .T. ) ;
#1507 = EDGE_LOOP ( 'NONE', ( #752, #819, #1576, #1214 ) ) ;
#1508 = FACE_OUTER_BOUND ( 'NONE', #2015, .T. ) ;
#1509 = DIRECTION ( 'NONE',  ( 0.000000000000000000, -2.165697223441707217E-16, 1.000000000000000000 ) ) ;
#1510 = FACE_OUTER_BOUND ( 'NONE', #1843, .T. ) ;
#1511 = EDGE_LOOP ( 'NONE', ( #2551, #2075, #2385, #1045 ) ) ;
#1512 = FACE_OUTER_BOUND ( 'NONE', #1245, .T. ) ;
#1513 = EDGE_CURVE ( 'NONE', #2631, #230, #1832, .T. ) ;
#1514 = CARTESIAN_POINT ( 'NONE',  ( 0.08000000000000000167, -1.420000000000000373, 4.186417322834644850 ) ) ;
#1515 = APPROVAL_ROLE ( '' ) ;
#1516 = ORIENTED_EDGE ( 'NONE', *, *, #1077, .T. ) ;
#1517 = EDGE_CURVE ( 'NONE', #71, #1596, #2348, .T. ) ;
#1518 = CYLINDRICAL_SURFACE ( 'NONE', #19, 5.000000000000000000 ) ;
#1519 = EDGE_LOOP ( 'NONE', ( #2318, #1918, #2688, #1265 ) ) ;
#1520 = VECTOR ( 'NONE', #2681, 39.37007874015748143 ) ;
#1521 = CARTESIAN_POINT ( 'NONE',  ( 0.000000000000000000, 0.000000000000000000, 0.000000000000000000 ) ) ;
#1522 = CIRCLE ( 'NONE', #1924, 0.1000000000000000194 ) ;
#1523 = CIRCLE ( 'NONE', #1433, 5.000000000000000000 ) ;
#1524 = DIRECTION ( 'NONE',  ( -1.000000000000000000, 2.101421533587894859E-16, 0.000000000000000000 ) ) ;
#1525 = DIRECTION ( 'NONE',  ( 0.000000000000000000, 1.000000000000000000, 0.000000000000000000 ) ) ;
#1526 = ORIENTED_EDGE ( 'NONE', *, *, #2094, .F. ) ;
#1527 = FACE_OUTER_BOUND ( 'NONE', #2558, .T. ) ;
#1528 = VECTOR ( 'NONE', #764, 39.37007874015748143 ) ;
#1529 = DIRECTION ( 'NONE',  ( 0.000000000000000000, 1.000000000000000000, 0.000000000000000000 ) ) ;
#1530 = AXIS2_PLACEMENT_3D ( 'NONE', #2508, #1468, #2324 ) ;
#1531 = PERSON_AND_ORGANIZATION ( #442, #2077 ) ;
#1532 = ORIENTED_EDGE ( 'NONE', *, *, #1086, .F. ) ;
#1533 = PRODUCT_RELATED_PRODUCT_CATEGORY ( 'detail', '', ( #1631 ) ) ;
#1534 = ORIENTED_EDGE ( 'NONE', *, *, #2269, .F. ) ;
#1535 = VECTOR ( 'NONE', #1599, 39.37007874015748143 ) ;
#1536 = EDGE_CURVE ( 'NONE', #285, #2489, #805, .T. ) ;
#1537 = CARTESIAN_POINT ( 'NONE',  ( 0.08000000000000000167, -8.005511132637302296, 2.875000000000000000 ) ) ;
#1538 = VERTEX_POINT ( 'NONE', #186 ) ;
#1539 = EDGE_CURVE ( 'NONE', #927, #528, #98, .T. ) ;
#1540 = DIRECTION ( 'NONE',  ( 1.000000000000000000, 0.000000000000000000, 0.000000000000000000 ) ) ;
#1541 = CARTESIAN_POINT ( 'NONE',  ( 1.250000000000000000, -1.988779527559077831, 4.670078740157471486 ) ) ;
#1542 = FACE_OUTER_BOUND ( 'NONE', #1954, .T. ) ;
#1543 = DIRECTION ( 'NONE',  ( 0.000000000000000000, 0.000000000000000000, 1.000000000000000000 ) ) ;
#1544 = EDGE_CURVE ( 'NONE', #445, #230, #2303, .T. ) ;
#1545 = CARTESIAN_POINT ( 'NONE',  ( 0.1300000000000002542, -1.370000000000000329, 4.136417322834645027 ) ) ;
#1546 = VERTEX_POINT ( 'NONE', #1429 ) ;
#1547 = LINE ( 'NONE', #714, #2652 ) ;
#1548 = VERTEX_POINT ( 'NONE', #1495 ) ;
#1549 = DIRECTION ( 'NONE',  ( -1.000000000000000000, -0.000000000000000000, -0.000000000000000000 ) ) ;
#1550 = CARTESIAN_POINT ( 'NONE',  ( 0.1799999999999999933, -3.500000000000001332, 1.798425196850403029 ) ) ;
#1551 = FACE_OUTER_BOUND ( 'NONE', #2356, .T. ) ;
#1552 = LINE ( 'NONE', #2172, #2010 ) ;
#1553 = CARTESIAN_POINT ( 'NONE',  ( 0.000000000000000000, -3.750000000000000000, 5.750000000000000000 ) ) ;
#1554 = ORIENTED_EDGE ( 'NONE', *, *, #970, .F. ) ;
#1555 = EDGE_LOOP ( 'NONE', ( #668, #2290, #2232, #1409 ) ) ;
#1556 = CARTESIAN_POINT ( 'NONE',  ( 0.000000000000000000, -3.750000000000000000, 5.569971137819726081 ) ) ;
#1557 = VERTEX_POINT ( 'NONE', #848 ) ;
#1558 = CARTESIAN_POINT ( 'NONE',  ( 1.250000000000000000, -2.867078813999309528, 4.051574803149597948 ) ) ;
#1559 = EDGE_CURVE ( 'NONE', #1184, #2228, #1877, .T. ) ;
#1560 = LINE ( 'NONE', #1577, #1643 ) ;
#1561 = VECTOR ( 'NONE', #371, 39.37007874015748143 ) ;
#1562 = DIRECTION ( 'NONE',  ( -0.000000000000000000, 1.000000000000000000, 0.000000000000000000 ) ) ;
#1563 = CARTESIAN_POINT ( 'NONE',  ( 0.1300000000000000044, 0.000000000000000000, 1.763582677165354218 ) ) ;
#1564 = AXIS2_PLACEMENT_3D ( 'NONE', #1469, #2325, #2097 ) ;
#1565 = EDGE_CURVE ( 'NONE', #1926, #1658, #191, .T. ) ;
#1566 = CARTESIAN_POINT ( 'NONE',  ( 1.229999999999999760, 0.000000000000000000, 4.136417322834645027 ) ) ;
#1567 = ORIENTED_EDGE ( 'NONE', *, *, #1890, .T. ) ;
#1568 = CIRCLE ( 'NONE', #2564, 0.1000000000000000194 ) ;
#1569 = ORIENTED_EDGE ( 'NONE', *, *, #1277, .F. ) ;
#1570 = AXIS2_PLACEMENT_3D ( 'NONE', #2499, #2557, #1224 ) ;
#1571 = CARTESIAN_POINT ( 'NONE',  ( 1.229999999999999760, 0.000000000000000000, 0.000000000000000000 ) ) ;
#1572 = ORIENTED_EDGE ( 'NONE', *, *, #2651, .T. ) ;
#1573 = VECTOR ( 'NONE', #841, 39.37007874015748143 ) ;
#1574 = VECTOR ( 'NONE', #1017, 39.37007874015748143 ) ;
#1575 = DIRECTION ( 'NONE',  ( 0.000000000000000000, 0.9877175393299449935, 0.1562499999999963363 ) ) ;
#1576 = ORIENTED_EDGE ( 'NONE', *, *, #2742, .T. ) ;
#1577 = CARTESIAN_POINT ( 'NONE',  ( 1.250000000000000000, -1.913779527559077653, 4.670078740157471486 ) ) ;
#1578 = DIRECTION ( 'NONE',  ( -1.000000000000000000, -0.000000000000000000, -0.000000000000000000 ) ) ;
#1579 = LINE ( 'NONE', #2439, #637 ) ;
#1580 = DIRECTION ( 'NONE',  ( -1.000000000000000000, -0.000000000000000000, -0.000000000000000000 ) ) ;
#1581 = VERTEX_POINT ( 'NONE', #2133 ) ;
#1582 = ORIENTED_EDGE ( 'NONE', *, *, #1195, .F. ) ;
#1583 = DIRECTION ( 'NONE',  ( 0.000000000000000000, 1.000000000000000000, 0.000000000000000000 ) ) ;
#1584 = ORIENTED_EDGE ( 'NONE', *, *, #88, .F. ) ;
#1585 = PLANE ( 'NONE',  #2607 ) ;
#1586 = DIRECTION ( 'NONE',  ( 0.000000000000000000, 0.000000000000000000, -1.000000000000000000 ) ) ;
#1587 = ORIENTED_EDGE ( 'NONE', *, *, #1458, .T. ) ;
#1588 = CARTESIAN_POINT ( 'NONE',  ( 1.250000000000000000, -3.011220472440967466, 4.226574803149597770 ) ) ;
#1589 = CARTESIAN_POINT ( 'NONE',  ( 0.1799999999999999933, -2.849261132637301852, 1.887282460670055118 ) ) ;
#1590 = CARTESIAN_POINT ( 'NONE',  ( 1.229999999999999538, -1.174999999999996270, 4.136417322834645027 ) ) ;
#1591 = CARTESIAN_POINT ( 'NONE',  ( 1.250000000000000000, -3.750000000000000000, 5.750000000000000000 ) ) ;
#1592 = ORIENTED_EDGE ( 'NONE', *, *, #1145, .F. ) ;
#1593 = VERTEX_POINT ( 'NONE', #229 ) ;
#1594 = ADVANCED_FACE ( 'NONE', ( #587 ), #1048, .F. ) ;
#1595 = DIRECTION ( 'NONE',  ( 0.000000000000000000, 1.000000000000000000, 0.000000000000000000 ) ) ;
#1596 = VERTEX_POINT ( 'NONE', #1463 ) ;
#1597 = VECTOR ( 'NONE', #2450, 39.37007874015748143 ) ;
#1598 = DIRECTION ( 'NONE',  ( -1.000000000000000000, -0.000000000000000000, -0.000000000000000000 ) ) ;
#1599 = DIRECTION ( 'NONE',  ( -0.000000000000000000, -0.000000000000000000, -1.000000000000000000 ) ) ;
#1600 = VERTEX_POINT ( 'NONE', #2123 ) ;
#1601 = CARTESIAN_POINT ( 'NONE',  ( 1.250000000000000000, -2.947475418351586995, 3.843903871914136072 ) ) ;
#1602 = CARTESIAN_POINT ( 'NONE',  ( 1.229999999999999760, -1.174999999999996270, 5.750000000000000000 ) ) ;
#1603 = VECTOR ( 'NONE', #1699, 39.37007874015748143 ) ;
#1604 = FACE_OUTER_BOUND ( 'NONE', #672, .T. ) ;
#1605 = AXIS2_PLACEMENT_3D ( 'NONE', #1736, #2627, #294 ) ;
#1606 = CARTESIAN_POINT ( 'NONE',  ( 1.250000000000000000, -2.888323632637301408, 3.615788154497458162 ) ) ;
#1607 = ORIENTED_EDGE ( 'NONE', *, *, #2535, .F. ) ;
#1608 = ORIENTED_EDGE ( 'NONE', *, *, #785, .F. ) ;
#1609 = AXIS2_PLACEMENT_3D ( 'NONE', #1911, #1280, #221 ) ;
#1610 = AXIS2_PLACEMENT_3D ( 'NONE', #929, #491, #519 ) ;
#1611 = FACE_OUTER_BOUND ( 'NONE', #2295, .T. ) ;
#1612 = ORIENTED_EDGE ( 'NONE', *, *, #1892, .F. ) ;
#1613 = VECTOR ( 'NONE', #526, 39.37007874015748143 ) ;
#1614 = CARTESIAN_POINT ( 'NONE',  ( 0.08000000000000000167, 0.000000000000000000, 4.186417322834644850 ) ) ;
#1615 = LENGTH_MEASURE_WITH_UNIT ( LENGTH_MEASURE( 0.02539999999999999897 ), #1006 );
#1616 = VERTEX_POINT ( 'NONE', #1920 ) ;
#1617 = ADVANCED_FACE ( 'NONE', ( #1909 ), #2289, .F. ) ;
#1618 = VECTOR ( 'NONE', #273, 39.37007874015748143 ) ;
#1619 = DIRECTION ( 'NONE',  ( 1.000000000000000000, -0.000000000000000000, 8.405686134351579437E-16 ) ) ;
#1620 = FACE_OUTER_BOUND ( 'NONE', #318, .T. ) ;
#1621 = CARTESIAN_POINT ( 'NONE',  ( 0.07999999999999996003, -2.867078813999309528, 4.051574803149597948 ) ) ;
#1622 = CARTESIAN_POINT ( 'NONE',  ( 0.4799999999999998157, -1.369999999999999662, 3.024999999999999911 ) ) ;
#1623 = ORIENTED_EDGE ( 'NONE', *, *, #440, .T. ) ;
#1624 = ORIENTED_EDGE ( 'NONE', *, *, #40, .F. ) ;
#1625 = EDGE_CURVE ( 'NONE', #312, #9, #402, .T. ) ;
#1626 = AXIS2_PLACEMENT_3D ( 'NONE', #1979, #1755, #2600 ) ;
#1627 = EDGE_LOOP ( 'NONE', ( #938, #2126, #360, #846 ) ) ;
#1628 = FACE_OUTER_BOUND ( 'NONE', #1337, .T. ) ;
#1629 = LINE ( 'NONE', #1657, #1494 ) ;
#1630 = ORIENTED_EDGE ( 'NONE', *, *, #333, .F. ) ;
#1631 = PRODUCT ( 'Internal Walls_Vf', 'Internal Walls_Vf', '', ( #43 ) ) ;
#1632 = PLANE ( 'NONE',  #1029 ) ;
#1633 = DIRECTION ( 'NONE',  ( -1.681137226870315887E-15, 0.000000000000000000, 1.000000000000000000 ) ) ;
#1634 = DIRECTION ( 'NONE',  ( 1.000000000000000000, 0.000000000000000000, 0.000000000000000000 ) ) ;
#1635 = DIRECTION ( 'NONE',  ( 0.000000000000000000, -1.000000000000000000, -1.994049630411871425E-16 ) ) ;
#1636 = EDGE_CURVE ( 'NONE', #1926, #633, #987, .T. ) ;
#1637 = ORIENTED_EDGE ( 'NONE', *, *, #816, .F. ) ;
#1638 = VERTEX_POINT ( 'NONE', #2548 ) ;
#1639 = EDGE_LOOP ( 'NONE', ( #33, #81, #256, #2585 ) ) ;
#1640 = DIRECTION ( 'NONE',  ( 0.000000000000000000, -1.000000000000000000, 0.000000000000000000 ) ) ;
#1641 = APPLICATION_PROTOCOL_DEFINITION ( 'international standard', 'config_control_design', 1994, #1690 ) ;
#1642 = VERTEX_POINT ( 'NONE', #630 ) ;
#1643 = VECTOR ( 'NONE', #2424, 39.37007874015748143 ) ;
#1644 = PLANE ( 'NONE',  #1212 ) ;
#1645 = LINE ( 'NONE', #813, #2710 ) ;
#1646 = ADVANCED_FACE ( 'NONE', ( #1475 ), #2332, .T. ) ;
#1647 = DIRECTION ( 'NONE',  ( 0.000000000000000000, 0.000000000000000000, 1.000000000000000000 ) ) ;
#1648 = LINE ( 'NONE', #431, #1219 ) ;
#1649 = ORIENTED_EDGE ( 'NONE', *, *, #1807, .T. ) ;
#1650 = ORIENTED_EDGE ( 'NONE', *, *, #1773, .F. ) ;
#1651 = AXIS2_PLACEMENT_3D ( 'NONE', #616, #1862, #602 ) ;
#1652 = CARTESIAN_POINT ( 'NONE',  ( 0.08000000000000000167, -3.011220472441032303, 0.1800288621802655364 ) ) ;
#1653 = VECTOR ( 'NONE', #1275, 39.37007874015748143 ) ;
#1654 = ORIENTED_EDGE ( 'NONE', *, *, #1063, .T. ) ;
#1655 = VECTOR ( 'NONE', #365, 39.37007874015748143 ) ;
#1656 = DIRECTION ( 'NONE',  ( 0.000000000000000000, 0.000000000000000000, -1.000000000000000000 ) ) ;
#1657 = CARTESIAN_POINT ( 'NONE',  ( 1.229999999999999760, -0.8499999999999886535, 0.000000000000000000 ) ) ;
#1658 = VERTEX_POINT ( 'NONE', #2174 ) ;
#1659 = VECTOR ( 'NONE', #83, 39.37007874015748143 ) ;
#1660 = VECTOR ( 'NONE', #1403, 39.37007874015748143 ) ;
#1661 = EDGE_CURVE ( 'NONE', #746, #585, #1347, .T. ) ;
#1662 = CIRCLE ( 'NONE', #2017, 0.7500000000000004441 ) ;
#1663 = CARTESIAN_POINT ( 'NONE',  ( 0.5799999999999998490, -0.9499999999999885203, 5.750000000000000000 ) ) ;
#1664 = CARTESIAN_POINT ( 'NONE',  ( 0.1799999999999999933, -1.813779527559077343, 1.598425196850403518 ) ) ;
#1665 = CYLINDRICAL_SURFACE ( 'NONE', #17, 0.2500000000000000555 ) ;
#1666 = VECTOR ( 'NONE', #2654, 39.37007874015748143 ) ;
#1667 = DIRECTION ( 'NONE',  ( -0.000000000000000000, 0.000000000000000000, 1.000000000000000000 ) ) ;
#1668 = CARTESIAN_POINT ( 'NONE',  ( 1.229999999999999760, -0.8499999999999886535, 0.000000000000000000 ) ) ;
#1669 = CIRCLE ( 'NONE', #1982, 0.1000000000000000194 ) ;
#1670 = VERTEX_POINT ( 'NONE', #2143 ) ;
#1671 = CARTESIAN_POINT ( 'NONE',  ( 0.08000000000000000167, -1.219999999999999751, 3.986417322834645560 ) ) ;
#1672 = EDGE_LOOP ( 'NONE', ( #1018, #1199, #1584, #904 ) ) ;
#1673 = EDGE_CURVE ( 'NONE', #1546, #902, #240, .T. ) ;
#1674 = CARTESIAN_POINT ( 'NONE',  ( 1.229999999999999760, 0.000000000000000000, 4.036417322834645383 ) ) ;
#1675 = DIRECTION ( 'NONE',  ( 0.000000000000000000, 0.000000000000000000, 1.000000000000000000 ) ) ;
#1676 = ORIENTED_EDGE ( 'NONE', *, *, #1661, .T. ) ;
#1677 = EDGE_CURVE ( 'NONE', #2506, #2131, #185, .T. ) ;
#1678 = CARTESIAN_POINT ( 'NONE',  ( 1.229999999999999760, 0.000000000000000000, 3.125000000000000888 ) ) ;
#1679 = DIRECTION ( 'NONE',  ( -0.000000000000000000, 1.000000000000000000, 0.000000000000000000 ) ) ;
#1680 = DIRECTION ( 'NONE',  ( 0.000000000000000000, -1.000000000000000000, 0.000000000000000000 ) ) ;
#1681 = DIRECTION ( 'NONE',  ( 1.000000000000000000, -0.000000000000000000, 0.000000000000000000 ) ) ;
#1682 = ORIENTED_EDGE ( 'NONE', *, *, #1363, .F. ) ;
#1683 = ORIENTED_EDGE ( 'NONE', *, *, #1741, .F. ) ;
#1684 = CARTESIAN_POINT ( 'NONE',  ( 1.229999999999999760, -1.174999999999996270, 0.000000000000000000 ) ) ;
#1685 = ADVANCED_FACE ( 'NONE', ( #2397 ), #1112, .F. ) ;
#1686 = ORIENTED_EDGE ( 'NONE', *, *, #534, .F. ) ;
#1687 = PLANE ( 'NONE',  #1749 ) ;
#1688 = ORIENTED_EDGE ( 'NONE', *, *, #449, .F. ) ;
#1689 = ADVANCED_FACE ( 'NONE', ( #1768 ), #2587, .T. ) ;
#1690 = APPLICATION_CONTEXT ( 'configuration controlled 3d designs of mechanical parts and assemblies' ) ;
#1691 = CARTESIAN_POINT ( 'NONE',  ( 1.250000000000000000, -1.988779527559077387, 1.523425196850403340 ) ) ;
#1692 = VECTOR ( 'NONE', #1750, 39.37007874015748143 ) ;
#1693 = LINE ( 'NONE', #610, #2106 ) ;
#1694 = LINE ( 'NONE', #1106, #1732 ) ;
#1695 = CARTESIAN_POINT ( 'NONE',  ( 0.4800000000000000933, -1.269999999999999796, 3.024999999999999911 ) ) ;
#1696 = ORIENTED_EDGE ( 'NONE', *, *, #1985, .T. ) ;
#1697 = DIRECTION ( 'NONE',  ( 0.000000000000000000, 0.000000000000000000, -1.000000000000000000 ) ) ;
#1698 = ADVANCED_FACE ( 'NONE', ( #1753 ), #901, .F. ) ;
#1699 = DIRECTION ( 'NONE',  ( 0.000000000000000000, -1.000000000000000000, -0.000000000000000000 ) ) ;
#1700 = ORIENTED_EDGE ( 'NONE', *, *, #1889, .F. ) ;
#1701 = VECTOR ( 'NONE', #1504, 39.37007874015748143 ) ;
#1702 = CIRCLE ( 'NONE', #281, 0.1000000000000000194 ) ;
#1703 = CARTESIAN_POINT ( 'NONE',  ( 0.5799999999999998490, -1.369999999999999662, 3.124999999999999556 ) ) ;
#1704 = VERTEX_POINT ( 'NONE', #885 ) ;
#1705 = AXIS2_PLACEMENT_3D ( 'NONE', #1249, #195, #2341 ) ;
#1706 = AXIS2_PLACEMENT_3D ( 'NONE', #1759, #467, #1940 ) ;
#1707 = CARTESIAN_POINT ( 'NONE',  ( 0.1799999999999999933, -1.913779527559076987, 1.079921259842529846 ) ) ;
#1708 = EDGE_CURVE ( 'NONE', #1898, #1546, #2190, .T. ) ;
#1709 = CIRCLE ( 'NONE', #511, 0.1000000000000000194 ) ;
#1710 = FACE_OUTER_BOUND ( 'NONE', #2736, .T. ) ;
#1711 = DIRECTION ( 'NONE',  ( 0.000000000000000000, -1.000000000000000000, -5.268712151789852408E-16 ) ) ;
#1712 = ORIENTED_EDGE ( 'NONE', *, *, #1285, .T. ) ;
#1713 = VECTOR ( 'NONE', #428, 39.37007874015748143 ) ;
#1714 = ORIENTED_EDGE ( 'NONE', *, *, #4, .T. ) ;
#1715 = AXIS2_PLACEMENT_3D ( 'NONE', #1466, #567, #2051 ) ;
#1716 = EDGE_LOOP ( 'NONE', ( #2321, #2033, #1380, #2136, #2707, #773, #1322, #2063, #518, #99, #259, #739 ) ) ;
#1717 = CARTESIAN_POINT ( 'NONE',  ( 1.229999999999999760, -1.369999999999999662, 3.125000000000000888 ) ) ;
#1718 = EDGE_LOOP ( 'NONE', ( #124, #862, #531, #1727, #1241 ) ) ;
#1719 = CC_DESIGN_SECURITY_CLASSIFICATION ( #1987, ( #1766 ) ) ;
#1720 = DIRECTION ( 'NONE',  ( -0.000000000000000000, 0.000000000000000000, -1.000000000000000000 ) ) ;
#1721 = DIRECTION ( 'NONE',  ( 0.000000000000000000, 0.000000000000000000, 1.000000000000000000 ) ) ;
#1722 = FACE_OUTER_BOUND ( 'NONE', #2349, .T. ) ;
#1723 = VERTEX_POINT ( 'NONE', #279 ) ;
#1724 = LINE ( 'NONE', #401, #2560 ) ;
#1725 = EDGE_CURVE ( 'NONE', #947, #1226, #2064, .T. ) ;
#1726 = SHAPE_DEFINITION_REPRESENTATION ( #2699, #2479 ) ;
#1727 = ORIENTED_EDGE ( 'NONE', *, *, #2309, .F. ) ;
#1728 = DIRECTION ( 'NONE',  ( 1.000000000000000000, -0.000000000000000000, 0.000000000000000000 ) ) ;
#1729 = EDGE_LOOP ( 'NONE', ( #1696, #492, #994, #599, #1417, #2664 ) ) ;
#1730 = LINE ( 'NONE', #484, #2116 ) ;
#1731 = EDGE_CURVE ( 'NONE', #1910, #1854, #156, .T. ) ;
#1732 = VECTOR ( 'NONE', #443, 39.37007874015748143 ) ;
#1733 = CARTESIAN_POINT ( 'NONE',  ( 1.229999999999999760, -0.8499999999999886535, 4.036417322834645383 ) ) ;
#1734 = CARTESIAN_POINT ( 'NONE',  ( 1.250000000000000000, -2.013779527559077742, 4.151574803149597592 ) ) ;
#1735 = EDGE_LOOP ( 'NONE', ( #1374, #1166, #1587, #795 ) ) ;
#1736 = CARTESIAN_POINT ( 'NONE',  ( 1.250000000000000000, -3.011220472440942597, 0.000000000000000000 ) ) ;
#1737 = EDGE_CURVE ( 'NONE', #803, #2489, #2162, .T. ) ;
#1738 = CARTESIAN_POINT ( 'NONE',  ( 0.08000000000000000167, -3.750000000000000000, 5.750000000000000000 ) ) ;
#1739 = APPROVAL_STATUS ( 'not_yet_approved' ) ;
#1740 = VERTEX_POINT ( 'NONE', #671 ) ;
#1741 = EDGE_CURVE ( 'NONE', #177, #2360, #42, .T. ) ;
#1742 = CYLINDRICAL_SURFACE ( 'NONE', #104, 0.1000000000000005745 ) ;
#1743 = VECTOR ( 'NONE', #2700, 39.37007874015748143 ) ;
#1744 = VERTEX_POINT ( 'NONE', #68 ) ;
#1745 = AXIS2_PLACEMENT_3D ( 'NONE', #1563, #720, #1310 ) ;
#1746 = CARTESIAN_POINT ( 'NONE',  ( 1.250000000000000000, -2.849261132637301852, 3.862717539329944216 ) ) ;
#1747 = CIRCLE ( 'NONE', #2562, 0.1000000000000000194 ) ;
#1748 = EDGE_CURVE ( 'NONE', #2449, #71, #1098, .T. ) ;
#1749 = AXIS2_PLACEMENT_3D ( 'NONE', #2135, #2149, #2550 ) ;
#1750 = DIRECTION ( 'NONE',  ( -1.000000000000000000, 2.101421533587894859E-16, 0.000000000000000000 ) ) ;
#1751 = LINE ( 'NONE', #2612, #1798 ) ;
#1752 = CARTESIAN_POINT ( 'NONE',  ( 1.229999999999999760, -3.217563941040572266E-16, 1.613582677165354085 ) ) ;
#1753 = FACE_OUTER_BOUND ( 'NONE', #847, .T. ) ;
#1754 = CIRCLE ( 'NONE', #246, 0.1000000000000000194 ) ;
#1755 = DIRECTION ( 'NONE',  ( 0.000000000000000000, 0.000000000000000000, 1.000000000000000000 ) ) ;
#1756 = ORIENTED_EDGE ( 'NONE', *, *, #2277, .T. ) ;
#1757 = ORIENTED_EDGE ( 'NONE', *, *, #1760, .F. ) ;
#1758 = AXIS2_PLACEMENT_3D ( 'NONE', #1330, #1967, #1295 ) ;
#1759 = CARTESIAN_POINT ( 'NONE',  ( 0.000000000000000000, -3.500000000000000888, 0.1800288621802734190 ) ) ;
#1760 = EDGE_CURVE ( 'NONE', #1116, #1744, #1140, .T. ) ;
#1761 = ORIENTED_EDGE ( 'NONE', *, *, #2714, .T. ) ;
#1762 = EDGE_CURVE ( 'NONE', #1303, #2666, #914, .T. ) ;
#1763 = CARTESIAN_POINT ( 'NONE',  ( 0.1300000000000002542, -1.370000000000000329, 4.136417322834645027 ) ) ;
#1764 = FACE_OUTER_BOUND ( 'NONE', #2018, .T. ) ;
#1765 = DIRECTION ( 'NONE',  ( 0.000000000000000000, 5.268712151789852408E-16, -1.000000000000000000 ) ) ;
#1766 = PRODUCT_DEFINITION_FORMATION_WITH_SPECIFIED_SOURCE ( 'ANY', '', #1631, .NOT_KNOWN. ) ;
#1767 = FACE_OUTER_BOUND ( 'NONE', #1839, .T. ) ;
#1768 = FACE_OUTER_BOUND ( 'NONE', #2262, .T. ) ;
#1769 = CALENDAR_DATE ( 2026, 20, 3 ) ;
#1770 = ORIENTED_EDGE ( 'NONE', *, *, #2322, .F. ) ;
#1771 = VERTEX_POINT ( 'NONE', #925 ) ;
#1772 = ADVANCED_FACE ( 'NONE', ( #2382 ), #2577, .F. ) ;
#1773 = EDGE_CURVE ( 'NONE', #227, #2196, #1372, .T. ) ;
#1774 = LINE ( 'NONE', #1995, #1659 ) ;
#1775 = ORIENTED_EDGE ( 'NONE', *, *, #2477, .T. ) ;
#1776 = CARTESIAN_POINT ( 'NONE',  ( 0.1799999999999999933, -1.813779527559077565, 4.670078740157471486 ) ) ;
#1777 = ADVANCED_FACE ( 'NONE', ( #109 ), #2706, .T. ) ;
#1778 = CARTESIAN_POINT ( 'NONE',  ( 0.4799999999999998157, -1.074999999999996181, 1.613582677165354085 ) ) ;
#1779 = DIRECTION ( 'NONE',  ( 1.000000000000000000, 0.000000000000000000, 0.000000000000000000 ) ) ;
#1780 = CARTESIAN_POINT ( 'NONE',  ( 1.250000000000000000, -3.750000000000000000, 5.569971137819726081 ) ) ;
#1781 = ORIENTED_EDGE ( 'NONE', *, *, #1333, .F. ) ;
#1782 = ORIENTED_EDGE ( 'NONE', *, *, #646, .T. ) ;
#1783 = CARTESIAN_POINT ( 'NONE',  ( 0.08000000000000000167, 0.000000000000000000, 1.563582677165354484 ) ) ;
#1784 = ORIENTED_EDGE ( 'NONE', *, *, #1146, .T. ) ;
#1785 = DIRECTION ( 'NONE',  ( 1.000000000000000000, 0.000000000000000000, 0.000000000000000000 ) ) ;
#1786 = ORIENTED_EDGE ( 'NONE', *, *, #1411, .T. ) ;
#1787 = DIRECTION ( 'NONE',  ( -0.000000000000000000, 1.000000000000000000, 1.994049630411871425E-16 ) ) ;
#1788 = VECTOR ( 'NONE', #1371, 39.37007874015748143 ) ;
#1789 = DIRECTION ( 'NONE',  ( 0.000000000000000000, -1.000000000000000000, 0.000000000000000000 ) ) ;
#1790 = CARTESIAN_POINT ( 'NONE',  ( 0.5799999999999998490, -1.074999999999996181, 1.713582677165354173 ) ) ;
#1791 = DIRECTION ( 'NONE',  ( 0.000000000000000000, -6.159692768670429183E-16, 1.000000000000000000 ) ) ;
#1792 = ORIENTED_EDGE ( 'NONE', *, *, #2765, .F. ) ;
#1793 = VECTOR ( 'NONE', #844, 39.37007874015748143 ) ;
#1794 = EDGE_LOOP ( 'NONE', ( #956, #1770, #2068, #2166 ) ) ;
#1795 = AXIS2_PLACEMENT_3D ( 'NONE', #1873, #1472, #1905 ) ;
#1796 = FACE_OUTER_BOUND ( 'NONE', #508, .T. ) ;
#1797 = ORIENTED_EDGE ( 'NONE', *, *, #35, .T. ) ;
#1798 = VECTOR ( 'NONE', #455, 39.37007874015748143 ) ;
#1799 = CIRCLE ( 'NONE', #426, 0.1000000000000000056 ) ;
#1800 = CARTESIAN_POINT ( 'NONE',  ( 1.250000000000000000, -1.913779527559077653, 4.670078740157471486 ) ) ;
#1801 = ORIENTED_EDGE ( 'NONE', *, *, #1448, .T. ) ;
#1802 = LINE ( 'NONE', #89, #767 ) ;
#1803 = LINE ( 'NONE', #120, #863 ) ;
#1804 = ADVANCED_FACE ( 'NONE', ( #2014 ), #2428, .F. ) ;
#1805 = CARTESIAN_POINT ( 'NONE',  ( 1.250000000000000000, -2.013779527559077298, 1.598425196850403518 ) ) ;
#1806 = LINE ( 'NONE', #2032, #422 ) ;
#1807 = EDGE_CURVE ( 'NONE', #527, #2267, #1181, .T. ) ;
#1808 = EDGE_LOOP ( 'NONE', ( #1607, #618, #577 ) ) ;
#1809 = VERTEX_POINT ( 'NONE', #316 ) ;
#1810 = CARTESIAN_POINT ( 'NONE',  ( 0.08000000000000000167, -1.390710678118654231, 1.592871999046698628 ) ) ;
#1811 = ORIENTED_EDGE ( 'NONE', *, *, #1135, .T. ) ;
#1812 = FACE_OUTER_BOUND ( 'NONE', #2459, .T. ) ;
#1813 = LINE ( 'NONE', #1986, #113 ) ;
#1814 = VERTEX_POINT ( 'NONE', #1415 ) ;
#1815 = CARTESIAN_POINT ( 'NONE',  ( 0.1300000000000000044, 0.000000000000000000, 4.186417322834644850 ) ) ;
#1816 = DIRECTION ( 'NONE',  ( 0.000000000000000000, 1.000000000000000000, -0.000000000000000000 ) ) ;
#1817 = DIRECTION ( 'NONE',  ( 1.000000000000000000, 0.000000000000000000, 0.000000000000000000 ) ) ;
#1818 = APPROVAL ( #1348, 'UNSPECIFIED' ) ;
#1819 = DIRECTION ( 'NONE',  ( 1.000000000000000000, 0.000000000000000000, 0.000000000000000000 ) ) ;
#1820 = ORIENTED_EDGE ( 'NONE', *, *, #1625, .F. ) ;
#1821 = EDGE_CURVE ( 'NONE', #1464, #522, #1806, .T. ) ;
#1822 = ORIENTED_EDGE ( 'NONE', *, *, #1773, .T. ) ;
#1823 = CYLINDRICAL_SURFACE ( 'NONE', #2016, 0.2499999999999998057 ) ;
#1824 = ORIENTED_EDGE ( 'NONE', *, *, #85, .F. ) ;
#1825 = EDGE_CURVE ( 'NONE', #2761, #927, #780, .T. ) ;
#1826 = DIRECTION ( 'NONE',  ( 0.000000000000000000, 0.000000000000000000, 1.000000000000000000 ) ) ;
#1827 = DIRECTION ( 'NONE',  ( -0.000000000000000000, -0.000000000000000000, -1.000000000000000000 ) ) ;
#1828 = VERTEX_POINT ( 'NONE', #1780 ) ;
#1829 = CARTESIAN_POINT ( 'NONE',  ( 0.5799999999999998490, -0.9499999999999885203, 5.750000000000000000 ) ) ;
#1830 = EDGE_CURVE ( 'NONE', #388, #1116, #306, .T. ) ;
#1831 = DIRECTION ( 'NONE',  ( -0.000000000000000000, -0.000000000000000000, -1.000000000000000000 ) ) ;
#1832 = CIRCLE ( 'NONE', #2740, 0.1000000000000000194 ) ;
#1833 = PLANE ( 'NONE',  #724 ) ;
#1834 = AXIS2_PLACEMENT_3D ( 'NONE', #570, #332, #358 ) ;
#1835 = DIRECTION ( 'NONE',  ( -0.000000000000000000, -1.000000000000000000, -2.793490636732269368E-16 ) ) ;
#1836 = ORIENTED_EDGE ( 'NONE', *, *, #1200, .F. ) ;
#1837 = ORIENTED_EDGE ( 'NONE', *, *, #2714, .F. ) ;
#1838 = CIRCLE ( 'NONE', #774, 0.2500000000000000555 ) ;
#1839 = EDGE_LOOP ( 'NONE', ( #1913, #171, #2003, #2755 ) ) ;
#1840 = AXIS2_PLACEMENT_3D ( 'NONE', #1566, #2227, #954 ) ;
#1841 = DIRECTION ( 'NONE',  ( -1.000000000000000000, 0.000000000000000000, 0.000000000000000000 ) ) ;
#1842 = CIRCLE ( 'NONE', #1935, 0.1000000000000000749 ) ;
#1843 = EDGE_LOOP ( 'NONE', ( #685, #1801, #2082, #1060 ) ) ;
#1844 = CIRCLE ( 'NONE', #952, 0.1000000000000001027 ) ;
#1845 = LINE ( 'NONE', #2715, #2237 ) ;
#1846 = FACE_OUTER_BOUND ( 'NONE', #1204, .T. ) ;
#1847 = CARTESIAN_POINT ( 'NONE',  ( 1.229999999999999760, -1.369999999999999662, -2.967005196115137369E-16 ) ) ;
#1848 = DIRECTION ( 'NONE',  ( 0.000000000000000000, -6.159692768670429183E-16, 1.000000000000000000 ) ) ;
#1849 = ORIENTED_EDGE ( 'NONE', *, *, #2098, .F. ) ;
#1850 = ORIENTED_EDGE ( 'NONE', *, *, #2322, .T. ) ;
#1851 = ORIENTED_EDGE ( 'NONE', *, *, #247, .F. ) ;
#1852 = EDGE_CURVE ( 'NONE', #9, #1405, #335, .T. ) ;
#1853 = DIRECTION ( 'NONE',  ( -1.000000000000000000, 0.000000000000000000, 0.000000000000000000 ) ) ;
#1854 = VERTEX_POINT ( 'NONE', #1606 ) ;
#1855 = EDGE_CURVE ( 'NONE', #2267, #1131, #554, .T. ) ;
#1856 = CARTESIAN_POINT ( 'NONE',  ( 0.4799999999999998157, -1.269999999999999796, 0.000000000000000000 ) ) ;
#1857 = CARTESIAN_POINT ( 'NONE',  ( 0.1799999999999999933, -2.013779527559077742, 4.151574803149597592 ) ) ;
#1858 = DIRECTION ( 'NONE',  ( 0.000000000000000000, 0.000000000000000000, -1.000000000000000000 ) ) ;
#1859 = SPHERICAL_SURFACE ( 'NONE', #1795, 0.1000000000000000056 ) ;
#1860 = ORIENTED_EDGE ( 'NONE', *, *, #35, .F. ) ;
#1861 = ORIENTED_EDGE ( 'NONE', *, *, #2177, .F. ) ;
#1862 = DIRECTION ( 'NONE',  ( 0.000000000000000000, -1.000000000000000000, 0.000000000000000000 ) ) ;
#1863 = EDGE_CURVE ( 'NONE', #2751, #1096, #1164, .T. ) ;
#1864 = ORIENTED_EDGE ( 'NONE', *, *, #2477, .F. ) ;
#1865 = AXIS2_PLACEMENT_3D ( 'NONE', #871, #1500, #1721 ) ;
#1866 = DIRECTION ( 'NONE',  ( 0.000000000000000000, 0.000000000000000000, -1.000000000000000000 ) ) ;
#1867 = CARTESIAN_POINT ( 'NONE',  ( 0.08000000000000000167, -3.500000000000000888, 3.951574803149597859 ) ) ;
#1868 = VERTEX_POINT ( 'NONE', #2259 ) ;
#1869 = CYLINDRICAL_SURFACE ( 'NONE', #1428, 0.1000000000000000194 ) ;
#1870 = FACE_OUTER_BOUND ( 'NONE', #1233, .T. ) ;
#1871 = CARTESIAN_POINT ( 'NONE',  ( 0.08000000000000000167, 0.000000000000000000, 0.000000000000000000 ) ) ;
#1872 = CARTESIAN_POINT ( 'NONE',  ( 1.229999999999999760, -1.369999999999999662, 3.125000000000000888 ) ) ;
#1873 = CARTESIAN_POINT ( 'NONE',  ( 0.1799999999999999933, -2.867078813999310860, 3.951574803149597859 ) ) ;
#1874 = ORIENTED_EDGE ( 'NONE', *, *, #1830, .F. ) ;
#1875 = FACE_OUTER_BOUND ( 'NONE', #205, .T. ) ;
#1876 = AXIS2_PLACEMENT_3D ( 'NONE', #2095, #555, #776 ) ;
#1877 = LINE ( 'NONE', #1290, #454 ) ;
#1878 = AXIS2_PLACEMENT_3D ( 'NONE', #1847, #2717, #1180 ) ;
#1879 = EDGE_LOOP ( 'NONE', ( #621, #31, #928, #849 ) ) ;
#1880 = CIRCLE ( 'NONE', #1035, 0.1000000000000000194 ) ;
#1881 = CARTESIAN_POINT ( 'NONE',  ( 0.000000000000000000, -2.888323632637301408, 2.134211845502541394 ) ) ;
#1882 = DIRECTION ( 'NONE',  ( 0.000000000000000000, 0.000000000000000000, 1.000000000000000000 ) ) ;
#1883 = EDGE_LOOP ( 'NONE', ( #2002, #1217, #661, #320 ) ) ;
#1884 = VECTOR ( 'NONE', #1938, 39.37007874015748143 ) ;
#1885 = AXIS2_PLACEMENT_3D ( 'NONE', #719, #1562, #314 ) ;
#1886 = CARTESIAN_POINT ( 'NONE',  ( 1.229999999999999760, -1.174999999999996270, 0.000000000000000000 ) ) ;
#1887 = DIRECTION ( 'NONE',  ( 0.000000000000000000, 0.000000000000000000, -1.000000000000000000 ) ) ;
#1888 = FACE_OUTER_BOUND ( 'NONE', #2102, .T. ) ;
#1889 = EDGE_CURVE ( 'NONE', #1404, #958, #861, .T. ) ;
#1890 = EDGE_CURVE ( 'NONE', #1854, #2026, #1662, .T. ) ;
#1891 = AXIS2_PLACEMENT_3D ( 'NONE', #636, #2582, #452 ) ;
#1892 = EDGE_CURVE ( 'NONE', #1814, #2059, #815, .T. ) ;
#1893 = LINE ( 'NONE', #128, #1437 ) ;
#1894 = DIRECTION ( 'NONE',  ( -1.000000000000000000, -0.000000000000000000, -0.000000000000000000 ) ) ;
#1895 = VERTEX_POINT ( 'NONE', #93 ) ;
#1896 = ORIENTED_EDGE ( 'NONE', *, *, #488, .F. ) ;
#1897 = CARTESIAN_POINT ( 'NONE',  ( 0.08000000000000000167, -3.500000000000000888, 3.986417322834645560 ) ) ;
#1898 = VERTEX_POINT ( 'NONE', #1591 ) ;
#1899 = CARTESIAN_POINT ( 'NONE',  ( 0.08000000000000000167, 0.000000000000000000, 1.763582677165354440 ) ) ;
#1900 = PERSON_AND_ORGANIZATION_ROLE ( 'creator' ) ;
#1901 = ORIENTED_EDGE ( 'NONE', *, *, #2480, .T. ) ;
#1902 = DIRECTION ( 'NONE',  ( 1.000000000000000000, 0.000000000000000000, 0.000000000000000000 ) ) ;
#1903 = CARTESIAN_POINT ( 'NONE',  ( 1.229999999999999760, -0.8499999999999886535, 1.613582677165354085 ) ) ;
#1904 = CARTESIAN_POINT ( 'NONE',  ( 0.1300000000000002542, 0.000000000000000000, 1.613582677165354085 ) ) ;
#1905 = DIRECTION ( 'NONE',  ( -5.463695987328524859E-15, -1.000000000000000000, 0.000000000000000000 ) ) ;
#1906 = ORIENTED_EDGE ( 'NONE', *, *, #96, .T. ) ;
#1907 = ORIENTED_EDGE ( 'NONE', *, *, #2692, .T. ) ;
#1908 = ADVANCED_FACE ( 'NONE', ( #721 ), #517, .F. ) ;
#1909 = FACE_OUTER_BOUND ( 'NONE', #1718, .T. ) ;
#1910 = VERTEX_POINT ( 'NONE', #2243 ) ;
#1911 = CARTESIAN_POINT ( 'NONE',  ( 0.1799999999999999933, -3.005511132637301408, 2.875000000000000000 ) ) ;
#1912 = EDGE_CURVE ( 'NONE', #2176, #1498, #1197, .T. ) ;
#1913 = ORIENTED_EDGE ( 'NONE', *, *, #1490, .F. ) ;
#1914 = CARTESIAN_POINT ( 'NONE',  ( 1.250000000000000000, -3.714548149173205083, 5.441639178875928629 ) ) ;
#1915 = ADVANCED_FACE ( 'NONE', ( #359 ), #1209, .F. ) ;
#1916 = CARTESIAN_POINT ( 'NONE',  ( 0.1799999999999999933, -2.991712998229266063, 1.698425196850403163 ) ) ;
#1917 = CARTESIAN_POINT ( 'NONE',  ( 0.5799999999999998490, -1.074999999999996181, 4.036417322834645383 ) ) ;
#1918 = ORIENTED_EDGE ( 'NONE', *, *, #1539, .T. ) ;
#1919 = VERTEX_POINT ( 'NONE', #372 ) ;
#1920 = CARTESIAN_POINT ( 'NONE',  ( 0.07999999999999996003, -3.011220472440967466, 4.226574803149597770 ) ) ;
#1921 = ADVANCED_FACE ( 'NONE', ( #169 ), #399, .F. ) ;
#1922 = ORIENTED_EDGE ( 'NONE', *, *, #2183, .T. ) ;
#1923 = CIRCLE ( 'NONE', #1076, 0.04999999999999973910 ) ;
#1924 = AXIS2_PLACEMENT_3D ( 'NONE', #1790, #1414, #1817 ) ;
#1925 = DIRECTION ( 'NONE',  ( 0.000000000000000000, 0.000000000000000000, 1.000000000000000000 ) ) ;
#1926 = VERTEX_POINT ( 'NONE', #2074 ) ;
#1927 = ADVANCED_FACE ( 'NONE', ( #1237 ), #1859, .F. ) ;
#1928 = VECTOR ( 'NONE', #625, 39.37007874015748143 ) ;
#1929 = CARTESIAN_POINT ( 'NONE',  ( 0.07999999999999998779, -1.249289321881345227, 4.015706644715991480 ) ) ;
#1930 = EDGE_CURVE ( 'NONE', #427, #1303, #387, .T. ) ;
#1931 = CIRCLE ( 'NONE', #1439, 0.1000000000000000194 ) ;
#1932 = CARTESIAN_POINT ( 'NONE',  ( 0.07999999999999996003, -3.011220472440942597, 5.750000000000001776 ) ) ;
#1933 = DIRECTION ( 'NONE',  ( -1.000000000000000000, -0.000000000000000000, -0.000000000000000000 ) ) ;
#1934 = ORIENTED_EDGE ( 'NONE', *, *, #494, .F. ) ;
#1935 = AXIS2_PLACEMENT_3D ( 'NONE', #90, #2030, #1401 ) ;
#1936 = DIRECTION ( 'NONE',  ( -1.000000000000000000, 0.000000000000000000, 0.000000000000000000 ) ) ;
#1937 = VECTOR ( 'NONE', #1189, 39.37007874015748143 ) ;
#1938 = DIRECTION ( 'NONE',  ( 0.000000000000000000, 1.000000000000000000, 0.000000000000000000 ) ) ;
#1939 = ORIENTED_EDGE ( 'NONE', *, *, #2221, .F. ) ;
#1940 = DIRECTION ( 'NONE',  ( 0.000000000000000000, 0.000000000000000000, -1.000000000000000000 ) ) ;
#1941 = ORIENTED_EDGE ( 'NONE', *, *, #2247, .F. ) ;
#1942 = EDGE_CURVE ( 'NONE', #2059, #1454, #2300, .T. ) ;
#1943 = EDGE_CURVE ( 'NONE', #1616, #269, #1709, .T. ) ;
#1944 = CARTESIAN_POINT ( 'NONE',  ( 0.1300000000000000044, -1.369999999999999885, 1.613582677165353862 ) ) ;
#1945 = CARTESIAN_POINT ( 'NONE',  ( 0.08000000000000000167, -2.867078813999311304, 1.798425196850403252 ) ) ;
#1946 = CARTESIAN_POINT ( 'NONE',  ( 1.250000000000000000, -2.013779527559077298, 1.698425196850403607 ) ) ;
#1947 = ORIENTED_EDGE ( 'NONE', *, *, #150, .T. ) ;
#1948 = DIRECTION ( 'NONE',  ( 1.000000000000000000, 0.000000000000000000, 0.000000000000000000 ) ) ;
#1949 = CARTESIAN_POINT ( 'NONE',  ( 1.229999999999999760, 0.000000000000000000, 4.136417322834645027 ) ) ;
#1950 = DATE_AND_TIME ( #2163, #1139 ) ;
#1951 = ORIENTED_EDGE ( 'NONE', *, *, #986, .T. ) ;
#1952 = ADVANCED_FACE ( 'NONE', ( #2772 ), #1254, .T. ) ;
#1953 = DIRECTION ( 'NONE',  ( -1.000000000000000000, -0.000000000000000000, -0.000000000000000000 ) ) ;
#1954 = EDGE_LOOP ( 'NONE', ( #1906, #2150, #715, #349, #21, #1476, #1567, #1399, #977, #2193, #1170, #2514, #1362, #607, #770, #574, #2601, #2315, #1003, #2709, #794, #1052, #723, #373, #1922, #70, #1309, #2022, #968, #1007, #2502, #1144, #475, #1407, #2005, #985 ) ) ;
#1955 = DIRECTION ( 'NONE',  ( -1.000000000000000000, -0.000000000000000000, -0.000000000000000000 ) ) ;
#1956 = DIRECTION ( 'NONE',  ( 0.000000000000000000, 0.000000000000000000, 1.000000000000000000 ) ) ;
#1957 = DIRECTION ( 'NONE',  ( 1.000000000000000000, 0.000000000000000000, 0.000000000000000000 ) ) ;
#1958 = ORIENTED_EDGE ( 'NONE', *, *, #1513, .F. ) ;
#1959 = CARTESIAN_POINT ( 'NONE',  ( 1.229999999999999760, 0.000000000000000000, 1.713582677165354173 ) ) ;
#1960 = DIRECTION ( 'NONE',  ( -1.000000000000000000, 2.101421533587894366E-16, 0.000000000000000000 ) ) ;
#1961 = CALENDAR_DATE ( 2026, 20, 3 ) ;
#1962 = EDGE_LOOP ( 'NONE', ( #2380, #1025, #2286, #2457, #1851, #1279, #2217, #1981, #216, #483, #2491, #2164, #906, #1426, #1427, #1083 ) ) ;
#1963 = ORIENTED_EDGE ( 'NONE', *, *, #1393, .F. ) ;
#1964 = PLANE ( 'NONE',  #1610 ) ;
#1965 = VECTOR ( 'NONE', #1220, 39.37007874015748143 ) ;
#1966 = ORIENTED_EDGE ( 'NONE', *, *, #2358, .T. ) ;
#1967 = DIRECTION ( 'NONE',  ( 0.000000000000000000, -1.000000000000000000, 0.000000000000000000 ) ) ;
#1968 = AXIS2_PLACEMENT_3D ( 'NONE', #1216, #1203, #144 ) ;
#1969 = VECTOR ( 'NONE', #1509, 39.37007874015748143 ) ;
#1970 = CARTESIAN_POINT ( 'NONE',  ( 0.000000000000000000, -2.849261132637301852, 1.887282460670055118 ) ) ;
#1971 = DIRECTION ( 'NONE',  ( 1.000000000000000000, 0.000000000000000000, 0.000000000000000000 ) ) ;
#1972 = EDGE_CURVE ( 'NONE', #1183, #1670, #1057, .T. ) ;
#1973 = ADVANCED_FACE ( 'NONE', ( #2344 ), #2531, .F. ) ;
#1974 = CARTESIAN_POINT ( 'NONE',  ( 1.250000000000000000, -3.011220472440942597, 5.750000000000001776 ) ) ;
#1975 = VECTOR ( 'NONE', #1529, 39.37007874015748143 ) ;
#1976 = EDGE_CURVE ( 'NONE', #2246, #490, #1648, .T. ) ;
#1977 = DIRECTION ( 'NONE',  ( 0.000000000000000000, -1.000000000000000000, 0.000000000000000000 ) ) ;
#1978 = VECTOR ( 'NONE', #106, 39.37007874015748143 ) ;
#1979 = CARTESIAN_POINT ( 'NONE',  ( 0.000000000000000000, 0.000000000000000000, 0.000000000000000000 ) ) ;
#1980 = EDGE_LOOP ( 'NONE', ( #1028, #712, #939, #1958 ) ) ;
#1981 = ORIENTED_EDGE ( 'NONE', *, *, #981, .T. ) ;
#1982 = AXIS2_PLACEMENT_3D ( 'NONE', #2448, #2235, #510 ) ;
#1983 = CARTESIAN_POINT ( 'NONE',  ( 1.229999999999999760, -1.369999999999999885, 1.613582677165353862 ) ) ;
#1984 = ORIENTED_EDGE ( 'NONE', *, *, #2180, .F. ) ;
#1985 = EDGE_CURVE ( 'NONE', #2764, #1096, #845, .T. ) ;
#1986 = CARTESIAN_POINT ( 'NONE',  ( 1.250000000000000000, -2.864886132637301408, 3.763945785396949795 ) ) ;
#1987 = SECURITY_CLASSIFICATION ( '', '', #479 ) ;
#1988 = CARTESIAN_POINT ( 'NONE',  ( 0.4799999999999998157, 0.000000000000000000, 2.725000000000000089 ) ) ;
#1989 = CARTESIAN_POINT ( 'NONE',  ( 1.250000000000000000, -3.005511132637301408, 2.875000000000000000 ) ) ;
#1990 = DIRECTION ( 'NONE',  ( -0.000000000000000000, 0.000000000000000000, 1.000000000000000000 ) ) ;
#1991 = CARTESIAN_POINT ( 'NONE',  ( 0.08000000000000000167, -3.500000000000000888, 1.623425196850403429 ) ) ;
#1992 = PERSON_AND_ORGANIZATION ( #442, #2077 ) ;
#1993 = EDGE_LOOP ( 'NONE', ( #1318, #809, #674, #125, #317 ) ) ;
#1994 = ORIENTED_EDGE ( 'NONE', *, *, #2037, .T. ) ;
#1995 = CARTESIAN_POINT ( 'NONE',  ( 0.4799999999999998157, 0.000000000000000000, 4.136417322834645027 ) ) ;
#1996 = EDGE_LOOP ( 'NONE', ( #200, #2398, #2058, #2513, #310, #2563, #1637, #840, #55, #765 ) ) ;
#1997 = DIRECTION ( 'NONE',  ( 0.000000000000000000, 0.000000000000000000, -1.000000000000000000 ) ) ;
#1998 = CARTESIAN_POINT ( 'NONE',  ( 1.229999999999994653, -1.269999999999999796, 3.125000000000000888 ) ) ;
#1999 = CARTESIAN_POINT ( 'NONE',  ( 0.08000000000000000167, -1.813779527559077565, 4.151574803149597592 ) ) ;
#2000 = DIRECTION ( 'NONE',  ( 0.000000000000000000, -1.000000000000000000, 1.613904771550966394E-14 ) ) ;
#2001 = CARTESIAN_POINT ( 'NONE',  ( 0.1799999999999999933, -2.013779527559077298, 1.598425196850403518 ) ) ;
#2002 = ORIENTED_EDGE ( 'NONE', *, *, #2144, .T. ) ;
#2003 = ORIENTED_EDGE ( 'NONE', *, *, #96, .F. ) ;
#2004 = LINE ( 'NONE', #612, #2704 ) ;
#2005 = ORIENTED_EDGE ( 'NONE', *, *, #1215, .T. ) ;
#2006 = DIRECTION ( 'NONE',  ( -1.000000000000000000, -0.000000000000000000, -0.000000000000000000 ) ) ;
#2007 = ORIENTED_EDGE ( 'NONE', *, *, #1228, .F. ) ;
#2008 = EDGE_CURVE ( 'NONE', #2722, #746, #2328, .T. ) ;
#2009 = CARTESIAN_POINT ( 'NONE',  ( 1.250000000000000000, -2.849261132637301852, 1.887282460670055118 ) ) ;
#2010 = VECTOR ( 'NONE', #2367, 39.37007874015748143 ) ;
#2011 = DIRECTION ( 'NONE',  ( 0.000000000000000000, 1.000000000000000000, 0.000000000000000000 ) ) ;
#2012 = DIRECTION ( 'NONE',  ( 1.000000000000000000, 0.000000000000000000, 0.000000000000000000 ) ) ;
#2013 = TOROIDAL_SURFACE ( 'NONE', #241, 5.250000000000000000, 0.1000000000000000056 ) ;
#2014 = FACE_OUTER_BOUND ( 'NONE', #1672, .T. ) ;
#2015 = EDGE_LOOP ( 'NONE', ( #403, #351, #2731 ) ) ;
#2016 = AXIS2_PLACEMENT_3D ( 'NONE', #2326, #250, #1081 ) ;
#2017 = AXIS2_PLACEMENT_3D ( 'NONE', #1386, #1580, #751 ) ;
#2018 = EDGE_LOOP ( 'NONE', ( #520, #2142, #873, #1864 ) ) ;
#2019 = VECTOR ( 'NONE', #345, 39.37007874015748143 ) ;
#2020 = CARTESIAN_POINT ( 'NONE',  ( 0.08000000000000000167, 0.000000000000000000, 5.750000000000000000 ) ) ;
#2021 = EDGE_CURVE ( 'NONE', #2469, #2236, #465, .T. ) ;
#2022 = ORIENTED_EDGE ( 'NONE', *, *, #174, .T. ) ;
#2023 = CIRCLE ( 'NONE', #822, 0.1000000000000000194 ) ;
#2024 = CARTESIAN_POINT ( 'NONE',  ( 0.08000000000000000167, -3.750000000000000000, 0.000000000000000000 ) ) ;
#2025 = CARTESIAN_POINT ( 'NONE',  ( 1.250000000000000000, -2.911220472440967377, 4.226574803149597770 ) ) ;
#2026 = VERTEX_POINT ( 'NONE', #417 ) ;
#2027 = CC_DESIGN_DATE_AND_TIME_ASSIGNMENT ( #2630, #268, ( #1987 ) ) ;
#2028 = EDGE_CURVE ( 'NONE', #1926, #1868, #1931, .T. ) ;
#2029 = FACE_OUTER_BOUND ( 'NONE', #102, .T. ) ;
#2030 = DIRECTION ( 'NONE',  ( 0.000000000000000000, 0.1881366741580782209, 0.9821428571428583165 ) ) ;
#2031 = CARTESIAN_POINT ( 'NONE',  ( 0.08000000000000000167, -3.500000000000000888, 4.126574803149598125 ) ) ;
#2032 = CARTESIAN_POINT ( 'NONE',  ( 0.4799999999999998157, 0.000000000000000000, 1.713582677165354173 ) ) ;
#2033 = ORIENTED_EDGE ( 'NONE', *, *, #670, .F. ) ;
#2034 = VERTEX_POINT ( 'NONE', #2119 ) ;
#2035 = CARTESIAN_POINT ( 'NONE',  ( 0.1299999999999999767, -1.219999999999999751, 0.000000000000000000 ) ) ;
#2036 = ORIENTED_EDGE ( 'NONE', *, *, #2677, .T. ) ;
#2037 = EDGE_CURVE ( 'NONE', #2228, #551, #793, .T. ) ;
#2038 = PLANE ( 'NONE',  #548 ) ;
#2039 = LINE ( 'NONE', #2624, #25 ) ;
#2040 = ORIENTED_EDGE ( 'NONE', *, *, #488, .T. ) ;
#2041 = LINE ( 'NONE', #1247, #1743 ) ;
#2042 = LINE ( 'NONE', #934, #470 ) ;
#2043 = LINE ( 'NONE', #1621, #1213 ) ;
#2044 = CARTESIAN_POINT ( 'NONE',  ( 1.250000000000000000, -1.988779527559077387, 1.523425196850403340 ) ) ;
#2045 = VERTEX_POINT ( 'NONE', #1695 ) ;
#2046 = EDGE_LOOP ( 'NONE', ( #184, #2007, #857, #1650 ) ) ;
#2047 = AXIS2_PLACEMENT_3D ( 'NONE', #2118, #214, #2625 ) ;
#2048 = ORIENTED_EDGE ( 'NONE', *, *, #1411, .F. ) ;
#2049 = ADVANCED_FACE ( 'NONE', ( #833 ), #1425, .T. ) ;
#2050 = DIRECTION ( 'NONE',  ( -1.000000000000000000, -0.000000000000000000, -0.000000000000000000 ) ) ;
#2051 = DIRECTION ( 'NONE',  ( 0.000000000000000000, 0.000000000000000000, 1.000000000000000000 ) ) ;
#2052 = VERTEX_POINT ( 'NONE', #215 ) ;
#2053 = CYLINDRICAL_SURFACE ( 'NONE', #1261, 0.1000000000000000194 ) ;
#2054 = CARTESIAN_POINT ( 'NONE',  ( 0.08000000000000000167, -2.888323632637301408, 3.615788154497458162 ) ) ;
#2055 = CARTESIAN_POINT ( 'NONE',  ( 0.08000000000000000167, -3.500000000000000888, 0.1800288621802734190 ) ) ;
#2056 = VECTOR ( 'NONE', #1122, 39.37007874015748143 ) ;
#2057 = CARTESIAN_POINT ( 'NONE',  ( 1.250000000000000000, -2.849261132637301852, 3.862717539329944216 ) ) ;
#2058 = ORIENTED_EDGE ( 'NONE', *, *, #659, .F. ) ;
#2059 = VERTEX_POINT ( 'NONE', #1287 ) ;
#2060 = AXIS2_PLACEMENT_3D ( 'NONE', #744, #2292, #991 ) ;
#2061 = EDGE_CURVE ( 'NONE', #84, #220, #2656, .T. ) ;
#2062 = AXIS2_PLACEMENT_3D ( 'NONE', #1571, #1728, #2590 ) ;
#2063 = ORIENTED_EDGE ( 'NONE', *, *, #1192, .F. ) ;
#2064 = CIRCLE ( 'NONE', #2471, 0.1000000000000000194 ) ;
#2065 = LINE ( 'NONE', #161, #196 ) ;
#2066 = ADVANCED_FACE ( 'NONE', ( #2626 ), #499, .T. ) ;
#2067 = VECTOR ( 'NONE', #1423, 39.37007874015748143 ) ;
#2068 = ORIENTED_EDGE ( 'NONE', *, *, #652, .F. ) ;
#2069 = VECTOR ( 'NONE', #2754, 39.37007874015748143 ) ;
#2070 = CARTESIAN_POINT ( 'NONE',  ( 0.4799999999999998157, -0.9499999999999885203, 1.713582677165354173 ) ) ;
#2071 = DIRECTION ( 'NONE',  ( 0.000000000000000000, 1.000000000000000000, -0.000000000000000000 ) ) ;
#2072 = LINE ( 'NONE', #122, #545 ) ;
#2073 = ADVANCED_FACE ( 'NONE', ( #2355 ), #486, .F. ) ;
#2074 = CARTESIAN_POINT ( 'NONE',  ( 0.08000000000000000167, -2.867078813999309972, 3.951574803149597859 ) ) ;
#2075 = ORIENTED_EDGE ( 'NONE', *, *, #322, .F. ) ;
#2076 = ORIENTED_EDGE ( 'NONE', *, *, #2152, .F. ) ;
#2077 = ORGANIZATION ( 'UNSPECIFIED', 'UNSPECIFIED', '' ) ;
#2078 = LINE ( 'NONE', #1652, #1383 ) ;
#2079 = VERTEX_POINT ( 'NONE', #444 ) ;
#2080 = DIRECTION ( 'NONE',  ( 1.000000000000000000, 0.000000000000000000, 0.000000000000000000 ) ) ;
#2081 = FACE_OUTER_BOUND ( 'NONE', #2483, .T. ) ;
#2082 = ORIENTED_EDGE ( 'NONE', *, *, #409, .T. ) ;
#2083 = CARTESIAN_POINT ( 'NONE',  ( 0.1799999999999999933, -8.005511132637302296, 2.875000000000000000 ) ) ;
#2084 = DIRECTION ( 'NONE',  ( -0.000000000000000000, 1.000000000000000000, 2.793490636732269368E-16 ) ) ;
#2085 = CARTESIAN_POINT ( 'NONE',  ( 1.250000000000000000, -2.864886132637301408, 1.986054214603049761 ) ) ;
#2086 = LINE ( 'NONE', #530, #995 ) ;
#2087 = CARTESIAN_POINT ( 'NONE',  ( 0.07999999999999996003, -2.911220472440967377, 4.226574803149597770 ) ) ;
#2088 = EDGE_LOOP ( 'NONE', ( #2578, #1811, #343, #1941 ) ) ;
#2089 = ORIENTED_EDGE ( 'NONE', *, *, #1073, .T. ) ;
#2090 = EDGE_LOOP ( 'NONE', ( #237, #1554, #257, #1820 ) ) ;
#2091 = DIRECTION ( 'NONE',  ( 0.000000000000000000, 0.000000000000000000, -1.000000000000000000 ) ) ;
#2092 = DIRECTION ( 'NONE',  ( -1.000000000000000000, -0.000000000000000000, -0.000000000000000000 ) ) ;
#2093 = ORIENTED_EDGE ( 'NONE', *, *, #282, .F. ) ;
#2094 = EDGE_CURVE ( 'NONE', #1141, #1538, #469, .T. ) ;
#2095 = CARTESIAN_POINT ( 'NONE',  ( 0.5799999999999998490, -1.369999999999999662, 3.024999999999999911 ) ) ;
#2096 = CARTESIAN_POINT ( 'NONE',  ( 1.250000000000000000, -3.011220472440942597, 0.000000000000000000 ) ) ;
#2097 = DIRECTION ( 'NONE',  ( 0.000000000000000000, 0.000000000000000000, -1.000000000000000000 ) ) ;
#2098 = EDGE_CURVE ( 'NONE', #2218, #1291, #2752, .T. ) ;
#2099 = CARTESIAN_POINT ( 'NONE',  ( 1.250000000000000000, -2.088779527559077476, 1.523425196850403340 ) ) ;
#2100 = VECTOR ( 'NONE', #1455, 39.37007874015748143 ) ;
#2101 = CARTESIAN_POINT ( 'NONE',  ( 1.229999999999999760, 0.000000000000000000, 0.000000000000000000 ) ) ;
#2102 = EDGE_LOOP ( 'NONE', ( #2713, #1934, #2436, #1288 ) ) ;
#2103 = PLANE ( 'NONE',  #1079 ) ;
#2104 = VECTOR ( 'NONE', #1990, 39.37007874015748143 ) ;
#2105 = DIRECTION ( 'NONE',  ( 0.000000000000000000, 0.000000000000000000, 1.000000000000000000 ) ) ;
#2106 = VECTOR ( 'NONE', #1442, 39.37007874015748143 ) ;
#2107 = ORIENTED_EDGE ( 'NONE', *, *, #2421, .T. ) ;
#2108 = AXIS2_PLACEMENT_3D ( 'NONE', #2743, #2313, #2249 ) ;
#2109 = DIRECTION ( 'NONE',  ( 1.000000000000000000, 0.000000000000000000, 0.000000000000000000 ) ) ;
#2110 = CARTESIAN_POINT ( 'NONE',  ( 0.08000000000000000167, -1.813779527559076454, 0.1800288621802743072 ) ) ;
#2111 = ORIENTED_EDGE ( 'NONE', *, *, #2399, .F. ) ;
#2112 = AXIS2_PLACEMENT_3D ( 'NONE', #2101, #1489, #182 ) ;
#2113 = VECTOR ( 'NONE', #166, 39.37007874015748143 ) ;
#2114 = CARTESIAN_POINT ( 'NONE',  ( 0.08000000000000000167, -2.849261132637301852, 1.887282460670055118 ) ) ;
#2115 = CARTESIAN_POINT ( 'NONE',  ( 1.229999999999999760, 0.000000000000000000, 4.036417322834645383 ) ) ;
#2116 = VECTOR ( 'NONE', #1955, 39.37007874015748143 ) ;
#2117 = ADVANCED_FACE ( 'NONE', ( #667 ), #896, .F. ) ;
#2118 = CARTESIAN_POINT ( 'NONE',  ( 0.1799999999999999933, -2.867078813999311304, 1.798425196850403474 ) ) ;
#2119 = CARTESIAN_POINT ( 'NONE',  ( 0.1799999999999999933, -2.964953715306701376, 1.818931383577062411 ) ) ;
#2120 = ORIENTED_EDGE ( 'NONE', *, *, #2748, .F. ) ;
#2121 = CARTESIAN_POINT ( 'NONE',  ( 1.250000000000000000, -3.750000000000000000, 0.1800288621802733913 ) ) ;
#2122 = ADVANCED_FACE ( 'NONE', ( #1510 ), #2594, .F. ) ;
#2123 = CARTESIAN_POINT ( 'NONE',  ( 0.1799999999999999933, -2.013779527559077742, 4.051574803149597948 ) ) ;
#2124 = ORIENTED_EDGE ( 'NONE', *, *, #2739, .T. ) ;
#2125 = DIRECTION ( 'NONE',  ( -1.000000000000000000, 0.000000000000000000, -0.000000000000000000 ) ) ;
#2126 = ORIENTED_EDGE ( 'NONE', *, *, #586, .F. ) ;
#2127 = ADVANCED_FACE ( 'NONE', ( #1551 ), #882, .F. ) ;
#2128 = DIRECTION ( 'NONE',  ( 0.000000000000000000, -0.000000000000000000, 1.000000000000000000 ) ) ;
#2129 = DIRECTION ( 'NONE',  ( -1.000000000000000000, -0.000000000000000000, -0.000000000000000000 ) ) ;
#2130 = CARTESIAN_POINT ( 'NONE',  ( 0.000000000000000000, -3.500000000000000888, 0.1800288621802734190 ) ) ;
#2131 = VERTEX_POINT ( 'NONE', #2573 ) ;
#2132 = ORIENTED_EDGE ( 'NONE', *, *, #56, .F. ) ;
#2133 = CARTESIAN_POINT ( 'NONE',  ( 1.229999999999999760, 0.000000000000000000, 1.613582677165354085 ) ) ;
#2134 = ORIENTED_EDGE ( 'NONE', *, *, #1338, .F. ) ;
#2135 = CARTESIAN_POINT ( 'NONE',  ( 1.250000000000000000, -1.913779527559077653, 4.670078740157471486 ) ) ;
#2136 = ORIENTED_EDGE ( 'NONE', *, *, #1377, .F. ) ;
#2137 = LINE ( 'NONE', #1944, #1713 ) ;
#2138 = AXIS2_PLACEMENT_3D ( 'NONE', #1970, #2224, #922 ) ;
#2139 = LINE ( 'NONE', #235, #87 ) ;
#2140 = DIRECTION ( 'NONE',  ( 0.000000000000000000, 1.000000000000000000, 6.829619984160657060E-16 ) ) ;
#2141 = ORIENTED_EDGE ( 'NONE', *, *, #691, .T. ) ;
#2142 = ORIENTED_EDGE ( 'NONE', *, *, #2568, .T. ) ;
#2143 = CARTESIAN_POINT ( 'NONE',  ( 0.07999999999999996003, -1.988779527559077387, 1.523425196850403340 ) ) ;
#2144 = EDGE_CURVE ( 'NONE', #562, #1131, #2339, .T. ) ;
#2145 = ORIENTED_EDGE ( 'NONE', *, *, #1625, .T. ) ;
#2146 = CIRCLE ( 'NONE', #53, 5.150000000000000355 ) ;
#2147 = ADVANCED_FACE ( 'NONE', ( #856 ), #263, .F. ) ;
#2148 = VECTOR ( 'NONE', #315, 39.37007874015748143 ) ;
#2149 = DIRECTION ( 'NONE',  ( 0.000000000000000000, 0.000000000000000000, -1.000000000000000000 ) ) ;
#2150 = ORIENTED_EDGE ( 'NONE', *, *, #406, .T. ) ;
#2151 = VECTOR ( 'NONE', #2694, 39.37007874015748143 ) ;
#2152 = EDGE_CURVE ( 'NONE', #1404, #2697, #1751, .T. ) ;
#2153 = CARTESIAN_POINT ( 'NONE',  ( 1.229999999999999760, -1.269999999999999796, 0.000000000000000000 ) ) ;
#2154 = AXIS2_PLACEMENT_3D ( 'NONE', #2379, #1711, #1765 ) ;
#2155 = LINE ( 'NONE', #36, #580 ) ;
#2156 = CARTESIAN_POINT ( 'NONE',  ( 1.250000000000000000, -3.500000000000000888, 0.1800288621802734190 ) ) ;
#2157 = VERTEX_POINT ( 'NONE', #1308 ) ;
#2158 = AXIS2_PLACEMENT_3D ( 'NONE', #2365, #474, #708 ) ;
#2159 = CARTESIAN_POINT ( 'NONE',  ( 1.250000000000000000, -2.867078813999309528, 3.951574803149597859 ) ) ;
#2160 = ADVANCED_FACE ( 'NONE', ( #1542 ), #2395, .T. ) ;
#2161 = CIRCLE ( 'NONE', #560, 0.1000000000000000194 ) ;
#2162 = LINE ( 'NONE', #876, #1171 ) ;
#2163 = CALENDAR_DATE ( 2026, 20, 3 ) ;
#2164 = ORIENTED_EDGE ( 'NONE', *, *, #2677, .F. ) ;
#2165 = DIRECTION ( 'NONE',  ( 0.000000000000000000, 0.000000000000000000, 1.000000000000000000 ) ) ;
#2166 = ORIENTED_EDGE ( 'NONE', *, *, #1145, .T. ) ;
#2167 = CARTESIAN_POINT ( 'NONE',  ( 1.229999999999999760, 0.000000000000000000, 4.136417322834645027 ) ) ;
#2168 = ADVANCED_FACE ( 'NONE', ( #1722 ), #2185, .F. ) ;
#2169 = CARTESIAN_POINT ( 'NONE',  ( 1.250000000000000000, -3.005511132637301408, 2.875000000000000000 ) ) ;
#2170 = DIRECTION ( 'NONE',  ( 0.000000000000000000, 1.000000000000000000, 0.000000000000000000 ) ) ;
#2171 = ORIENTED_EDGE ( 'NONE', *, *, #579, .T. ) ;
#2172 = CARTESIAN_POINT ( 'NONE',  ( 1.250000000000000000, -1.913779527559077653, 4.151574803149597592 ) ) ;
#2173 = EDGE_CURVE ( 'NONE', #1226, #1616, #872, .T. ) ;
#2174 = CARTESIAN_POINT ( 'NONE',  ( 0.1799999999999999933, -2.964953715306700488, 3.931068616422938700 ) ) ;
#2175 = CALENDAR_DATE ( 2026, 20, 3 ) ;
#2176 = VERTEX_POINT ( 'NONE', #1946 ) ;
#2177 = EDGE_CURVE ( 'NONE', #1230, #643, #37, .T. ) ;
#2178 = LINE ( 'NONE', #2400, #2423 ) ;
#2179 = VERTEX_POINT ( 'NONE', #1149 ) ;
#2180 = EDGE_CURVE ( 'NONE', #1012, #490, #979, .T. ) ;
#2181 = EDGE_CURVE ( 'NONE', #391, #828, #734, .T. ) ;
#2182 = LINE ( 'NONE', #2592, #1618 ) ;
#2183 = EDGE_CURVE ( 'NONE', #468, #1436, #779, .T. ) ;
#2184 = DIRECTION ( 'NONE',  ( -0.000000000000000000, -1.000000000000000000, -0.000000000000000000 ) ) ;
#2185 = CYLINDRICAL_SURFACE ( 'NONE', #1044, 0.1000000000000000194 ) ;
#2186 = PLANE ( 'NONE',  #239 ) ;
#2187 = EDGE_CURVE ( 'NONE', #2305, #300, #1842, .T. ) ;
#2188 = EDGE_CURVE ( 'NONE', #1461, #2218, #1803, .T. ) ;
#2189 = EDGE_CURVE ( 'NONE', #300, #2673, #2659, .T. ) ;
#2190 = LINE ( 'NONE', #1738, #2708 ) ;
#2191 = APPROVAL_DATE_TIME ( #1950, #2402 ) ;
#2192 = EDGE_LOOP ( 'NONE', ( #1837, #754, #451, #688 ) ) ;
#2193 = ORIENTED_EDGE ( 'NONE', *, *, #2021, .T. ) ;
#2194 = DIRECTION ( 'NONE',  ( -0.000000000000000000, -0.000000000000000000, -1.000000000000000000 ) ) ;
#2195 = AXIS2_PLACEMENT_3D ( 'NONE', #2749, #823, #1070 ) ;
#2196 = VERTEX_POINT ( 'NONE', #1999 ) ;
#2197 = ADVANCED_FACE ( 'NONE', ( #331 ), #2438, .F. ) ;
#2198 = CARTESIAN_POINT ( 'NONE',  ( 0.5799999999999998490, -0.8499999999999884315, 4.036417322834645383 ) ) ;
#2199 = VECTOR ( 'NONE', #2050, 39.37007874015748143 ) ;
#2200 = APPROVAL ( #1051, 'UNSPECIFIED' ) ;
#2201 = LINE ( 'NONE', #1160, #1597 ) ;
#2202 = CARTESIAN_POINT ( 'NONE',  ( 0.1799999999999999933, -1.913779527559077209, 1.598425196850403518 ) ) ;
#2203 = CARTESIAN_POINT ( 'NONE',  ( 1.250000000000000000, -3.011220472440942597, 5.750000000000001776 ) ) ;
#2204 = VECTOR ( 'NONE', #2205, 39.37007874015748143 ) ;
#2205 = DIRECTION ( 'NONE',  ( 0.000000000000000000, 0.000000000000000000, -1.000000000000000000 ) ) ;
#2206 = CIRCLE ( 'NONE', #732, 0.1000000000000000194 ) ;
#2207 = EDGE_LOOP ( 'NONE', ( #1761, #1421, #1907, #252 ) ) ;
#2208 = EDGE_CURVE ( 'NONE', #2131, #542, #2669, .T. ) ;
#2209 = LINE ( 'NONE', #32, #1349 ) ;
#2210 = EDGE_LOOP ( 'NONE', ( #1612, #1939, #984, #1467 ) ) ;
#2211 = DIRECTION ( 'NONE',  ( 0.000000000000000000, 0.000000000000000000, -1.000000000000000000 ) ) ;
#2212 = CARTESIAN_POINT ( 'NONE',  ( 0.1007106781186547506, -1.269999999999999796, 1.713582677165354173 ) ) ;
#2213 = CARTESIAN_POINT ( 'NONE',  ( 1.229999999999999538, -1.174999999999996270, 1.713582677165354173 ) ) ;
#2214 = DIRECTION ( 'NONE',  ( 0.000000000000000000, 0.000000000000000000, -1.000000000000000000 ) ) ;
#2215 = EDGE_CURVE ( 'NONE', #1291, #1596, #524, .T. ) ;
#2216 = DIRECTION ( 'NONE',  ( 0.000000000000000000, -1.000000000000000000, 0.000000000000000000 ) ) ;
#2217 = ORIENTED_EDGE ( 'NONE', *, *, #665, .T. ) ;
#2218 = VERTEX_POINT ( 'NONE', #1370 ) ;
#2219 = CARTESIAN_POINT ( 'NONE',  ( 1.250000000000000000, -1.913779527559077653, 4.151574803149597592 ) ) ;
#2220 = ORIENTED_EDGE ( 'NONE', *, *, #676, .F. ) ;
#2221 = EDGE_CURVE ( 'NONE', #1642, #1814, #2042, .T. ) ;
#2222 = DIRECTION ( 'NONE',  ( -1.000000000000000000, -0.000000000000000000, -0.000000000000000000 ) ) ;
#2223 = ORIENTED_EDGE ( 'NONE', *, *, #986, .F. ) ;
#2224 = DIRECTION ( 'NONE',  ( 1.000000000000000000, 0.000000000000000000, 0.000000000000000000 ) ) ;
#2225 = PLANE ( 'NONE',  #1354 ) ;
#2226 = CARTESIAN_POINT ( 'NONE',  ( 0.08000000000000000167, 0.000000000000000000, 3.986417322834645560 ) ) ;
#2227 = DIRECTION ( 'NONE',  ( 0.000000000000000000, 0.000000000000000000, 1.000000000000000000 ) ) ;
#2228 = VERTEX_POINT ( 'NONE', #2425 ) ;
#2229 = ORIENTED_EDGE ( 'NONE', *, *, #706, .T. ) ;
#2230 = EDGE_CURVE ( 'NONE', #183, #2045, #2023, .T. ) ;
#2231 = CARTESIAN_POINT ( 'NONE',  ( 0.5799999999999998490, -1.174999999999996270, 1.613582677165354085 ) ) ;
#2232 = ORIENTED_EDGE ( 'NONE', *, *, #1242, .F. ) ;
#2233 = ADVANCED_FACE ( 'NONE', ( #1620 ), #2225, .F. ) ;
#2234 = CARTESIAN_POINT ( 'NONE',  ( 0.4799999999999998157, 0.000000000000000000, 3.024999999999999911 ) ) ;
#2235 = DIRECTION ( 'NONE',  ( -1.000000000000000000, -0.000000000000000000, -0.000000000000000000 ) ) ;
#2236 = VERTEX_POINT ( 'NONE', #2465 ) ;
#2237 = VECTOR ( 'NONE', #165, 39.37007874015748143 ) ;
#2238 = DIRECTION ( 'NONE',  ( 1.000000000000000000, 0.000000000000000000, 0.000000000000000000 ) ) ;
#2239 = CIRCLE ( 'NONE', #1033, 0.1000000000000000194 ) ;
#2240 = DIRECTION ( 'NONE',  ( -0.000000000000000000, -0.000000000000000000, 1.000000000000000000 ) ) ;
#2241 = CARTESIAN_POINT ( 'NONE',  ( 0.1799999999999999933, -2.947475418351588328, 1.906096128085863040 ) ) ;
#2242 = VECTOR ( 'NONE', #619, 39.37007874015748143 ) ;
#2243 = CARTESIAN_POINT ( 'NONE',  ( 1.250000000000000000, -3.094796846923016265, 3.815683370790423634 ) ) ;
#2244 = EDGE_LOOP ( 'NONE', ( #1032, #1491, #298, #44 ) ) ;
#2245 = AXIS2_PLACEMENT_3D ( 'NONE', #2130, #1957, #226 ) ;
#2246 = VERTEX_POINT ( 'NONE', #1358 ) ;
#2247 = EDGE_CURVE ( 'NONE', #916, #527, #1382, .T. ) ;
#2248 = VECTOR ( 'NONE', #2376, 39.37007874015748143 ) ;
#2249 = DIRECTION ( 'NONE',  ( 0.000000000000000000, 0.000000000000000000, 1.000000000000000000 ) ) ;
#2250 = ORIENTED_EDGE ( 'NONE', *, *, #2181, .T. ) ;
#2251 = AXIS2_PLACEMENT_3D ( 'NONE', #117, #2006, #1997 ) ;
#2252 = DIRECTION ( 'NONE',  ( 0.000000000000000000, 0.000000000000000000, 1.000000000000000000 ) ) ;
#2253 = DIRECTION ( 'NONE',  ( 0.000000000000000000, 0.000000000000000000, 1.000000000000000000 ) ) ;
#2254 = ORIENTED_EDGE ( 'NONE', *, *, #121, .T. ) ;
#2255 = CARTESIAN_POINT ( 'NONE',  ( 1.250000000000000000, -1.913779527559077653, 4.151574803149597592 ) ) ;
#2256 = CARTESIAN_POINT ( 'NONE',  ( 1.250000000000000000, -1.913779527559077209, 1.598425196850403518 ) ) ;
#2257 = EDGE_CURVE ( 'NONE', #2362, #2506, #748, .T. ) ;
#2258 = CARTESIAN_POINT ( 'NONE',  ( 0.07999999999999996003, -2.911220472440966489, 1.523425196850403340 ) ) ;
#2259 = CARTESIAN_POINT ( 'NONE',  ( 0.1799999999999999933, -2.867078813999309528, 4.051574803149597948 ) ) ;
#2260 = ADVANCED_FACE ( 'NONE', ( #135 ), #923, .F. ) ;
#2261 = ORIENTED_EDGE ( 'NONE', *, *, #1760, .T. ) ;
#2262 = EDGE_LOOP ( 'NONE', ( #28, #95, #419, #1700 ) ) ;
#2263 = CARTESIAN_POINT ( 'NONE',  ( 1.250000000000000000, -1.913779527559076987, 1.079921259842529846 ) ) ;
#2264 = ORIENTED_EDGE ( 'NONE', *, *, #2685, .T. ) ;
#2265 = FACE_OUTER_BOUND ( 'NONE', #209, .T. ) ;
#2266 = CARTESIAN_POINT ( 'NONE',  ( 0.4800000000000000933, -1.369999999999999662, 3.024999999999999911 ) ) ;
#2267 = VERTEX_POINT ( 'NONE', #2202 ) ;
#2268 = EDGE_CURVE ( 'NONE', #2228, #1596, #304, .T. ) ;
#2269 = EDGE_CURVE ( 'NONE', #2469, #84, #951, .T. ) ;
#2270 = CARTESIAN_POINT ( 'NONE',  ( 0.5799999999999998490, -1.074999999999996181, 1.613582677165354085 ) ) ;
#2271 = DIRECTION ( 'NONE',  ( 1.000000000000000000, 0.000000000000000000, 0.000000000000000000 ) ) ;
#2272 = EDGE_CURVE ( 'NONE', #824, #2267, #2206, .T. ) ;
#2273 = DIRECTION ( 'NONE',  ( -1.000000000000000000, -0.000000000000000000, -0.000000000000000000 ) ) ;
#2274 = CARTESIAN_POINT ( 'NONE',  ( 0.08000000000000000167, -1.219999999999999751, 0.1800288621802734190 ) ) ;
#2275 = ORIENTED_EDGE ( 'NONE', *, *, #1246, .F. ) ;
#2276 = ORIENTED_EDGE ( 'NONE', *, *, #907, .F. ) ;
#2277 = EDGE_CURVE ( 'NONE', #1141, #562, #1645, .T. ) ;
#2278 = VERTEX_POINT ( 'NONE', #193 ) ;
#2279 = CARTESIAN_POINT ( 'NONE',  ( 0.08000000000000000167, -2.013779527559077298, 1.798425196850403474 ) ) ;
#2280 = ORIENTED_EDGE ( 'NONE', *, *, #2528, .T. ) ;
#2281 = DIRECTION ( 'NONE',  ( -0.000000000000000000, 1.000000000000000000, -0.000000000000000000 ) ) ;
#2282 = CARTESIAN_POINT ( 'NONE',  ( 0.000000000000000000, -8.005511132637302296, 2.875000000000000000 ) ) ;
#2283 = DIRECTION ( 'NONE',  ( -1.000000000000000000, -0.000000000000000000, -0.000000000000000000 ) ) ;
#2284 = CARTESIAN_POINT ( 'NONE',  ( 1.229999999999999760, 0.000000000000000000, 0.000000000000000000 ) ) ;
#2285 = ORIENTED_EDGE ( 'NONE', *, *, #2440, .F. ) ;
#2286 = ORIENTED_EDGE ( 'NONE', *, *, #750, .F. ) ;
#2287 = VECTOR ( 'NONE', #413, 39.37007874015748143 ) ;
#2288 = VECTOR ( 'NONE', #2544, 39.37007874015748143 ) ;
#2289 = CYLINDRICAL_SURFACE ( 'NONE', #410, 0.1000000000000000194 ) ;
#2290 = ORIENTED_EDGE ( 'NONE', *, *, #1481, .F. ) ;
#2291 = VECTOR ( 'NONE', #1977, 39.37007874015748143 ) ;
#2292 = DIRECTION ( 'NONE',  ( -1.000000000000000000, -0.000000000000000000, -0.000000000000000000 ) ) ;
#2293 = DIRECTION ( 'NONE',  ( 0.000000000000000000, 0.000000000000000000, 1.000000000000000000 ) ) ;
#2294 = AXIS2_PLACEMENT_3D ( 'NONE', #2553, #2271, #357 ) ;
#2295 = EDGE_LOOP ( 'NONE', ( #1901, #1824, #2581, #1502 ) ) ;
#2296 = AXIS2_PLACEMENT_3D ( 'NONE', #223, #24, #1064 ) ;
#2297 = DIRECTION ( 'NONE',  ( 0.000000000000000000, 0.000000000000000000, 1.000000000000000000 ) ) ;
#2298 = PLANE ( 'NONE',  #558 ) ;
#2299 = LINE ( 'NONE', #842, #2287 ) ;
#2300 = LINE ( 'NONE', #818, #1351 ) ;
#2301 = ORIENTED_EDGE ( 'NONE', *, *, #1458, .F. ) ;
#2302 = CARTESIAN_POINT ( 'NONE',  ( 1.229999999999999760, -1.174999999999996270, 4.136417322834645027 ) ) ;
#2303 = LINE ( 'NONE', #436, #893 ) ;
#2304 = EDGE_CURVE ( 'NONE', #1581, #1075, #998, .T. ) ;
#2305 = VERTEX_POINT ( 'NONE', #2114 ) ;
#2306 = DIRECTION ( 'NONE',  ( 0.000000000000000000, 0.000000000000000000, 1.000000000000000000 ) ) ;
#2307 = EDGE_LOOP ( 'NONE', ( #265, #1238, #1836, #1373, #1572 ) ) ;
#2308 = ADVANCED_FACE ( 'NONE', ( #1846 ), #2298, .F. ) ;
#2309 = EDGE_CURVE ( 'NONE', #1868, #2052, #1274, .T. ) ;
#2310 = LINE ( 'NONE', #344, #2598 ) ;
#2311 = DIRECTION ( 'NONE',  ( 1.000000000000000000, 0.000000000000000000, 0.000000000000000000 ) ) ;
#2312 = CARTESIAN_POINT ( 'NONE',  ( 0.08000000000000000167, -1.369999999999999885, 1.563582677165353818 ) ) ;
#2313 = DIRECTION ( 'NONE',  ( -1.000000000000000000, -0.000000000000000000, -0.000000000000000000 ) ) ;
#2314 = DIRECTION ( 'NONE',  ( 0.000000000000000000, 0.000000000000000000, -1.000000000000000000 ) ) ;
#2315 = ORIENTED_EDGE ( 'NONE', *, *, #611, .T. ) ;
#2316 = FACE_OUTER_BOUND ( 'NONE', #2046, .T. ) ;
#2317 = DIRECTION ( 'NONE',  ( -1.000000000000000000, -0.000000000000000000, -0.000000000000000000 ) ) ;
#2318 = ORIENTED_EDGE ( 'NONE', *, *, #1195, .T. ) ;
#2319 = CARTESIAN_POINT ( 'NONE',  ( 0.000000000000000000, -3.750000000000000000, 5.750000000000000000 ) ) ;
#2320 = FACE_OUTER_BOUND ( 'NONE', #1511, .T. ) ;
#2321 = ORIENTED_EDGE ( 'NONE', *, *, #1673, .F. ) ;
#2322 = EDGE_CURVE ( 'NONE', #1910, #1326, #2541, .T. ) ;
#2323 = AXIS2_PLACEMENT_3D ( 'NONE', #1550, #1119, #485 ) ;
#2324 = DIRECTION ( 'NONE',  ( 0.000000000000000000, 1.000000000000000000, 1.994049630411871425E-16 ) ) ;
#2325 = DIRECTION ( 'NONE',  ( 1.000000000000000000, 0.000000000000000000, 0.000000000000000000 ) ) ;
#2326 = CARTESIAN_POINT ( 'NONE',  ( 0.08000000000000000167, -2.849261132637301852, 3.862717539329944216 ) ) ;
#2327 = VECTOR ( 'NONE', #390, 39.37007874015748143 ) ;
#2328 = LINE ( 'NONE', #626, #328 ) ;
#2329 = EDGE_LOOP ( 'NONE', ( #2430, #1505, #1526 ) ) ;
#2330 = LINE ( 'NONE', #1289, #2419 ) ;
#2331 = AXIS2_PLACEMENT_3D ( 'NONE', #266, #67, #2214 ) ;
#2332 = PLANE ( 'NONE',  #1342 ) ;
#2333 = EDGE_CURVE ( 'NONE', #2390, #1462, #829, .T. ) ;
#2334 = ORIENTED_EDGE ( 'NONE', *, *, #1821, .F. ) ;
#2335 = VECTOR ( 'NONE', #666, 39.37007874015748143 ) ;
#2336 = DIRECTION ( 'NONE',  ( 0.000000000000000000, 0.000000000000000000, -1.000000000000000000 ) ) ;
#2337 = ORIENTED_EDGE ( 'NONE', *, *, #1105, .T. ) ;
#2338 = AXIS2_PLACEMENT_3D ( 'NONE', #710, #501, #54 ) ;
#2339 = CIRCLE ( 'NONE', #2429, 0.1000000000000000194 ) ;
#2340 = CARTESIAN_POINT ( 'NONE',  ( 0.000000000000000000, -3.500000000000000888, 5.569971137819726081 ) ) ;
#2341 = DIRECTION ( 'NONE',  ( 0.000000000000000000, 0.000000000000000000, -1.000000000000000000 ) ) ;
#2342 = AXIS2_PLACEMENT_3D ( 'NONE', #1776, #2461, #1134 ) ;
#2343 = LINE ( 'NONE', #430, #1793 ) ;
#2344 = FACE_OUTER_BOUND ( 'NONE', #7, .T. ) ;
#2345 = VERTEX_POINT ( 'NONE', #396 ) ;
#2346 = CARTESIAN_POINT ( 'NONE',  ( 1.250000000000000000, -2.911220472440967377, 4.126574803149598125 ) ) ;
#2347 = ADVANCED_FACE ( 'NONE', ( #1870 ), #609, .F. ) ;
#2348 = LINE ( 'NONE', #1684, #2327 ) ;
#2349 = EDGE_LOOP ( 'NONE', ( #408, #1127, #783, #2120 ) ) ;
#2350 = CARTESIAN_POINT ( 'NONE',  ( 0.5799999999999998490, -0.9499999999999885203, 4.136417322834645027 ) ) ;
#2351 = ORIENTED_EDGE ( 'NONE', *, *, #1708, .T. ) ;
#2352 = CYLINDRICAL_SURFACE ( 'NONE', #249, 0.1000000000000000194 ) ;
#2353 = ADVANCED_FACE ( 'NONE', ( #1009 ), #1000, .F. ) ;
#2354 = CARTESIAN_POINT ( 'NONE',  ( 0.07999999999999996003, -2.088779527559077476, 1.623425196850403429 ) ) ;
#2355 = FACE_OUTER_BOUND ( 'NONE', #2088, .T. ) ;
#2356 = EDGE_LOOP ( 'NONE', ( #1366, #1608, #1340, #2566 ) ) ;
#2357 = FACE_OUTER_BOUND ( 'NONE', #1808, .T. ) ;
#2358 = EDGE_CURVE ( 'NONE', #159, #300, #151, .T. ) ;
#2359 = DIRECTION ( 'NONE',  ( 0.000000000000000000, 0.000000000000000000, 1.000000000000000000 ) ) ;
#2360 = VERTEX_POINT ( 'NONE', #1235 ) ;
#2361 = FACE_OUTER_BOUND ( 'NONE', #1729, .T. ) ;
#2362 = VERTEX_POINT ( 'NONE', #2738 ) ;
#2363 = EDGE_CURVE ( 'NONE', #1723, #1326, #908, .T. ) ;
#2364 = CARTESIAN_POINT ( 'NONE',  ( 1.250000000000000000, -2.013779527559077298, 1.598425196850403518 ) ) ;
#2365 = CARTESIAN_POINT ( 'NONE',  ( 1.229999999999999760, 0.000000000000000000, 2.625000000000000000 ) ) ;
#2366 = ORIENTED_EDGE ( 'NONE', *, *, #1517, .T. ) ;
#2367 = DIRECTION ( 'NONE',  ( -1.000000000000000000, -0.000000000000000000, -0.000000000000000000 ) ) ;
#2368 = DIRECTION ( 'NONE',  ( 0.000000000000000000, 0.000000000000000000, -1.000000000000000000 ) ) ;
#2369 = APPLICATION_PROTOCOL_DEFINITION ( 'international standard', 'config_control_design', 1994, #466 ) ;
#2370 = VERTEX_POINT ( 'NONE', #2096 ) ;
#2371 = VECTOR ( 'NONE', #329, 39.37007874015748143 ) ;
#2372 = PLANE ( 'NONE',  #1706 ) ;
#2373 = ORIENTED_EDGE ( 'NONE', *, *, #1731, .F. ) ;
#2374 = AXIS2_PLACEMENT_3D ( 'NONE', #2350, #2306, #1243 ) ;
#2375 = VECTOR ( 'NONE', #26, 39.37007874015748143 ) ;
#2376 = DIRECTION ( 'NONE',  ( -1.000000000000000000, -0.000000000000000000, -0.000000000000000000 ) ) ;
#2377 = AXIS2_PLACEMENT_3D ( 'NONE', #1857, #2311, #1054 ) ;
#2378 = FACE_OUTER_BOUND ( 'NONE', #2632, .T. ) ;
#2379 = CARTESIAN_POINT ( 'NONE',  ( 1.250000000000000000, -1.913779527559077209, 1.598425196850403518 ) ) ;
#2380 = ORIENTED_EDGE ( 'NONE', *, *, #270, .T. ) ;
#2381 = DIRECTION ( 'NONE',  ( 0.000000000000000000, 0.000000000000000000, 1.000000000000000000 ) ) ;
#2382 = FACE_OUTER_BOUND ( 'NONE', #1043, .T. ) ;
#2383 = PERSON_AND_ORGANIZATION_ROLE ( 'creator' ) ;
#2384 = ORIENTED_EDGE ( 'NONE', *, *, #2309, .T. ) ;
#2385 = ORIENTED_EDGE ( 'NONE', *, *, #2021, .F. ) ;
#2386 = EDGE_CURVE ( 'NONE', #866, #1600, #64, .T. ) ;
#2387 = ADVANCED_FACE ( 'NONE', ( #2716 ), #623, .T. ) ;
#2388 = EDGE_CURVE ( 'NONE', #141, #432, #411, .T. ) ;
#2389 = DIRECTION ( 'NONE',  ( 0.000000000000000000, 0.000000000000000000, -1.000000000000000000 ) ) ;
#2390 = VERTEX_POINT ( 'NONE', #1691 ) ;
#2391 = APPROVAL_PERSON_ORGANIZATION ( #502, #1818, #2767 ) ;
#2392 = FACE_OUTER_BOUND ( 'NONE', #1962, .T. ) ;
#2393 = EDGE_CURVE ( 'NONE', #1600, #1092, #334, .T. ) ;
#2394 = CYLINDRICAL_SURFACE ( 'NONE', #2645, 0.1000000000000000194 ) ;
#2395 = PLANE ( 'NONE',  #1132 ) ;
#2396 = LINE ( 'NONE', #500, #2056 ) ;
#2397 = FACE_OUTER_BOUND ( 'NONE', #2207, .T. ) ;
#2398 = ORIENTED_EDGE ( 'NONE', *, *, #2257, .T. ) ;
#2399 = EDGE_CURVE ( 'NONE', #1854, #1740, #1207, .T. ) ;
#2400 = CARTESIAN_POINT ( 'NONE',  ( 0.5799999999999998490, 0.000000000000000000, 3.124999999999999556 ) ) ;
#2401 = ORIENTED_EDGE ( 'NONE', *, *, #582, .F. ) ;
#2402 = APPROVAL ( #1739, 'UNSPECIFIED' ) ;
#2403 =( BOUNDED_CURVE ( )  B_SPLINE_CURVE ( 3, ( #2570, #1929, #61, #1104 ),
 .UNSPECIFIED., .F., .T. ) 
 B_SPLINE_CURVE_WITH_KNOTS ( ( 4, 4 ),
 ( 4.712388980384689674, 6.283185307179586232 ),
 .UNSPECIFIED. ) 
 CURVE ( )  GEOMETRIC_REPRESENTATION_ITEM ( )  RATIONAL_B_SPLINE_CURVE ( ( 1.000000000000000000, 0.8047378541243649375, 0.8047378541243649375, 1.000000000000000000 ) ) 
 REPRESENTATION_ITEM ( '' )  );
#2404 = EDGE_CURVE ( 'NONE', #522, #1230, #1305, .T. ) ;
#2405 = SPHERICAL_SURFACE ( 'NONE', #604, 0.1000000000000000056 ) ;
#2406 = CARTESIAN_POINT ( 'NONE',  ( 1.250000000000000000, -2.911220472440967377, 4.126574803149598125 ) ) ;
#2407 = DIRECTION ( 'NONE',  ( 0.000000000000000000, -0.000000000000000000, 1.000000000000000000 ) ) ;
#2408 = EDGE_CURVE ( 'NONE', #2506, #1593, #2137, .T. ) ;
#2409 = DIRECTION ( 'NONE',  ( -1.000000000000000000, 0.000000000000000000, 0.000000000000000000 ) ) ;
#2410 = AXIS2_PLACEMENT_3D ( 'NONE', #1136, #513, #1343 ) ;
#2411 = CARTESIAN_POINT ( 'NONE',  ( 0.08000000000000000167, -1.390710678118654675, 4.157128000953300706 ) ) ;
#2412 = PERSON_AND_ORGANIZATION ( #442, #2077 ) ;
#2413 = EDGE_LOOP ( 'NONE', ( #657, #1353, #2076, #2285 ) ) ;
#2414 = ORIENTED_EDGE ( 'NONE', *, *, #142, .F. ) ;
#2415 = EDGE_CURVE ( 'NONE', #2246, #1152, #10, .T. ) ;
#2416 = CARTESIAN_POINT ( 'NONE',  ( 0.08000000000000000167, -2.013779527559077742, 3.951574803149597859 ) ) ;
#2417 = CIRCLE ( 'NONE', #1163, 0.1000000000000000194 ) ;
#2418 = ORIENTED_EDGE ( 'NONE', *, *, #1892, .T. ) ;
#2419 = VECTOR ( 'NONE', #2746, 39.37007874015748143 ) ;
#2420 = LINE ( 'NONE', #1800, #2525 ) ;
#2421 = EDGE_CURVE ( 'NONE', #1828, #902, #47, .T. ) ;
#2422 = CIRCLE ( 'NONE', #1609, 0.9000000000000002442 ) ;
#2423 = VECTOR ( 'NONE', #832, 39.37007874015748143 ) ;
#2424 = DIRECTION ( 'NONE',  ( 0.000000000000000000, -1.000000000000000000, 0.000000000000000000 ) ) ;
#2425 = CARTESIAN_POINT ( 'NONE',  ( 1.229999999999999760, -1.269999999999999796, 4.036417322834645383 ) ) ;
#2426 = CARTESIAN_POINT ( 'NONE',  ( 0.08000000000000000167, -2.013779527559077298, 1.598425196850403518 ) ) ;
#2427 = AXIS2_PLACEMENT_3D ( 'NONE', #2744, #613, #802 ) ;
#2428 = CYLINDRICAL_SURFACE ( 'NONE', #1088, 0.05000000000000000971 ) ;
#2429 = AXIS2_PLACEMENT_3D ( 'NONE', #656, #1501, #50 ) ;
#2430 = ORIENTED_EDGE ( 'NONE', *, *, #982, .T. ) ;
#2431 = VECTOR ( 'NONE', #1453, 39.37007874015748143 ) ;
#2432 = EDGE_CURVE ( 'NONE', #1809, #2442, #1754, .T. ) ;
#2433 = DIRECTION ( 'NONE',  ( -0.000000000000000000, -1.000000000000000000, -0.000000000000000000 ) ) ;
#2434 = ORIENTED_EDGE ( 'NONE', *, *, #2619, .F. ) ;
#2435 = CARTESIAN_POINT ( 'NONE',  ( 1.229999999999999760, 0.000000000000000000, 0.000000000000000000 ) ) ;
#2436 = ORIENTED_EDGE ( 'NONE', *, *, #6, .F. ) ;
#2437 = DIRECTION ( 'NONE',  ( 0.000000000000000000, -0.000000000000000000, -1.000000000000000000 ) ) ;
#2438 = SPHERICAL_SURFACE ( 'NONE', #2473, 0.1000000000000000056 ) ;
#2439 = CARTESIAN_POINT ( 'NONE',  ( 1.250000000000000000, -2.013779527559077742, 4.051574803149597948 ) ) ;
#2440 = EDGE_CURVE ( 'NONE', #1436, #1404, #66, .T. ) ;
#2441 = CARTESIAN_POINT ( 'NONE',  ( 0.07999999999999996003, -2.088779527559077920, 4.226574803149597770 ) ) ;
#2442 = VERTEX_POINT ( 'NONE', #1707 ) ;
#2443 = EDGE_CURVE ( 'NONE', #220, #1919, #2182, .T. ) ;
#2444 = ORIENTED_EDGE ( 'NONE', *, *, #1182, .F. ) ;
#2445 = DIRECTION ( 'NONE',  ( 0.000000000000000000, 0.000000000000000000, -1.000000000000000000 ) ) ;
#2446 = EDGE_LOOP ( 'NONE', ( #969, #2546, #2494, #375 ) ) ;
#2447 = FACE_OUTER_BOUND ( 'NONE', #1058, .T. ) ;
#2448 = CARTESIAN_POINT ( 'NONE',  ( 1.250000000000000000, -2.088779527559077920, 4.226574803149597770 ) ) ;
#2449 = VERTEX_POINT ( 'NONE', #471 ) ;
#2450 = DIRECTION ( 'NONE',  ( -0.000000000000000000, -0.000000000000000000, 1.000000000000000000 ) ) ;
#2451 = CARTESIAN_POINT ( 'NONE',  ( 1.229999999999999538, -1.174999999999996270, 4.036417322834645383 ) ) ;
#2452 = DIRECTION ( 'NONE',  ( 1.000000000000000000, -2.101421533587894859E-16, 0.000000000000000000 ) ) ;
#2453 = CIRCLE ( 'NONE', #1205, 5.149999999999999467 ) ;
#2454 = DIRECTION ( 'NONE',  ( 0.000000000000000000, -1.000000000000000000, 0.000000000000000000 ) ) ;
#2455 = ORIENTED_EDGE ( 'NONE', *, *, #1046, .F. ) ;
#2456 = VECTOR ( 'NONE', #1271, 39.37007874015748143 ) ;
#2457 = ORIENTED_EDGE ( 'NONE', *, *, #1284, .T. ) ;
#2458 = LINE ( 'NONE', #2020, #243 ) ;
#2459 = EDGE_LOOP ( 'NONE', ( #1103, #138, #1451, #590 ) ) ;
#2460 = CARTESIAN_POINT ( 'NONE',  ( 1.229999999999999760, -1.369999999999999662, 2.625000000000000000 ) ) ;
#2461 = DIRECTION ( 'NONE',  ( 0.000000000000000000, 0.000000000000000000, -1.000000000000000000 ) ) ;
#2462 = ORIENTED_EDGE ( 'NONE', *, *, #2742, .F. ) ;
#2463 = LINE ( 'NONE', #2756, #278 ) ;
#2464 = CIRCLE ( 'NONE', #1266, 0.1000000000000000194 ) ;
#2465 = CARTESIAN_POINT ( 'NONE',  ( 1.250000000000000000, -3.750000000000000000, 0.1800288621802733913 ) ) ;
#2466 = LINE ( 'NONE', #1162, #1561 ) ;
#2467 = AXIS2_PLACEMENT_3D ( 'NONE', #258, #284, #2165 ) ;
#2468 = DIRECTION ( 'NONE',  ( 0.000000000000000000, 0.000000000000000000, -1.000000000000000000 ) ) ;
#2469 = VERTEX_POINT ( 'NONE', #1485 ) ;
#2470 = ADVANCED_FACE ( 'NONE', ( #1282 ), #2352, .F. ) ;
#2471 = AXIS2_PLACEMENT_3D ( 'NONE', #478, #447, #2599 ) ;
#2472 = ORIENTED_EDGE ( 'NONE', *, *, #2333, .F. ) ;
#2473 = AXIS2_PLACEMENT_3D ( 'NONE', #965, #1816, #762 ) ;
#2474 = CARTESIAN_POINT ( 'NONE',  ( 0.1300000000000002542, -1.369999999999999885, 1.613582677165353862 ) ) ;
#2475 = VERTEX_POINT ( 'NONE', #1521 ) ;
#2476 = EDGE_CURVE ( 'NONE', #902, #1723, #336, .T. ) ;
#2477 = EDGE_CURVE ( 'NONE', #2345, #2179, #1499, .T. ) ;
#2478 = CIRCLE ( 'NONE', #208, 0.7500000000000004441 ) ;
#2479 = ADVANCED_BREP_SHAPE_REPRESENTATION ( 'Internal Walls_Vf', ( #868, #1626 ), #433 ) ;
#2480 = EDGE_CURVE ( 'NONE', #9, #551, #2403, .T. ) ;
#2481 = CARTESIAN_POINT ( 'NONE',  ( 1.250000000000000000, -2.911220472440966489, 1.623425196850403429 ) ) ;
#2482 = CARTESIAN_POINT ( 'NONE',  ( 1.229999999999999760, -0.8499999999999886535, 1.713582677165354173 ) ) ;
#2483 = EDGE_LOOP ( 'NONE', ( #627, #1963, #2444, #2617 ) ) ;
#2484 = CARTESIAN_POINT ( 'NONE',  ( 0.07999999999999996003, -1.988779527559077831, 4.670078740157471486 ) ) ;
#2485 = CARTESIAN_POINT ( 'NONE',  ( 0.1300000000000000044, -1.370000000000000329, 4.136417322834645027 ) ) ;
#2486 = CARTESIAN_POINT ( 'NONE',  ( 0.000000000000000000, 0.000000000000000000, 5.750000000000000000 ) ) ;
#2487 = CARTESIAN_POINT ( 'NONE',  ( 0.08000000000000000167, -3.750000000000000000, 5.750000000000000000 ) ) ;
#2488 = ORIENTED_EDGE ( 'NONE', *, *, #1338, .T. ) ;
#2489 = VERTEX_POINT ( 'NONE', #2167 ) ;
#2490 = EDGE_CURVE ( 'NONE', #2026, #663, #1730, .T. ) ;
#2491 = ORIENTED_EDGE ( 'NONE', *, *, #2689, .F. ) ;
#2492 = FACE_OUTER_BOUND ( 'NONE', #704, .T. ) ;
#2493 = CARTESIAN_POINT ( 'NONE',  ( 1.229999999999999760, -1.174999999999996270, 1.613582677165354085 ) ) ;
#2494 = ORIENTED_EDGE ( 'NONE', *, *, #982, .F. ) ;
#2495 = CARTESIAN_POINT ( 'NONE',  ( 0.08000000000000000167, -1.219999999999999751, 1.763582677165354218 ) ) ;
#2496 = CARTESIAN_POINT ( 'NONE',  ( 1.250000000000000000, -2.947475418351588328, 1.906096128085863040 ) ) ;
#2497 = DIRECTION ( 'NONE',  ( 0.000000000000000000, 0.000000000000000000, -1.000000000000000000 ) ) ;
#2498 = ADVANCED_FACE ( 'NONE', ( #2392 ), #910, .F. ) ;
#2499 = CARTESIAN_POINT ( 'NONE',  ( 0.08000000000000000167, -3.750000000000000000, 5.750000000000000000 ) ) ;
#2500 = ORIENTED_EDGE ( 'NONE', *, *, #1285, .F. ) ;
#2501 = ORIENTED_EDGE ( 'NONE', *, *, #2180, .T. ) ;
#2502 = ORIENTED_EDGE ( 'NONE', *, *, #534, .T. ) ;
#2503 = VECTOR ( 'NONE', #1331, 39.37007874015748143 ) ;
#2504 = DIRECTION ( 'NONE',  ( 0.000000000000000000, 0.000000000000000000, -1.000000000000000000 ) ) ;
#2505 = DIRECTION ( 'NONE',  ( 0.000000000000000000, 0.000000000000000000, 1.000000000000000000 ) ) ;
#2506 = VERTEX_POINT ( 'NONE', #1763 ) ;
#2507 = CARTESIAN_POINT ( 'NONE',  ( 1.250000000000000000, -2.911220472440966489, 1.623425196850403429 ) ) ;
#2508 = CARTESIAN_POINT ( 'NONE',  ( 1.229999999999999760, -3.217563941040572266E-16, 1.613582677165354085 ) ) ;
#2509 = AXIS2_PLACEMENT_3D ( 'NONE', #172, #1014, #2105 ) ;
#2510 = DIRECTION ( 'NONE',  ( 0.000000000000000000, 0.000000000000000000, 1.000000000000000000 ) ) ;
#2511 = CLOSED_SHELL ( 'NONE', ( #1927, #1646, #757, #1689, #1952, #3, #2049, #1973, #2498, #622, #1921, #547, #2705, #1071, #2695, #424, #867, #2721, #463, #277, #897, #2387, #164, #2117, #418, #1777, #330, #787, #2233, #435, #497, #1772, #1329, #1395, #197, #2470, #1685, #2347, #741, #563, #213, #2122, #2308, #1250, #1157, #1915, #2160, #405, #1480, #960, #1908, #825, #2073, #1111, #974, #82, #529, #2066, #1360, #701, #2127, #2552, #553, #2543, #212, #41, #2353, #1617, #1594, #52, #617, #2260, #127, #2538, #2728, #869, #2197, #1191, #2639, #2168, #1128, #1053, #1804, #532, #2147, #1698 ) ) ;
#2512 = DIRECTION ( 'NONE',  ( 0.000000000000000000, 1.000000000000000000, 0.000000000000000000 ) ) ;
#2513 = ORIENTED_EDGE ( 'NONE', *, *, #1748, .T. ) ;
#2514 = ORIENTED_EDGE ( 'NONE', *, *, #295, .T. ) ;
#2515 = AXIS2_PLACEMENT_3D ( 'NONE', #188, #231, #2125 ) ;
#2516 = EDGE_CURVE ( 'NONE', #2305, #1141, #2662, .T. ) ;
#2517 = VECTOR ( 'NONE', #1286, 39.37007874015748143 ) ;
#2518 = CARTESIAN_POINT ( 'NONE',  ( 0.5799999999999998490, -0.9499999999999885203, 4.036417322834645383 ) ) ;
#2519 = EDGE_LOOP ( 'NONE', ( #2745, #146, #1532, #1676, #400, #272, #760, #2048, #170, #2591 ) ) ;
#2520 = VECTOR ( 'NONE', #559, 39.37007874015748143 ) ;
#2521 = DIRECTION ( 'NONE',  ( 1.000000000000000000, 0.000000000000000000, 0.000000000000000000 ) ) ;
#2522 = LINE ( 'NONE', #2482, #1574 ) ;
#2523 = AXIS2_PLACEMENT_3D ( 'NONE', #236, #65, #912 ) ;
#2524 = ORIENTED_EDGE ( 'NONE', *, *, #2189, .T. ) ;
#2525 = VECTOR ( 'NONE', #1367, 39.37007874015748143 ) ;
#2526 = DIRECTION ( 'NONE',  ( -0.000000000000000000, -0.000000000000000000, -1.000000000000000000 ) ) ;
#2527 = DIRECTION ( 'NONE',  ( 0.000000000000000000, 0.000000000000000000, 1.000000000000000000 ) ) ;
#2528 = EDGE_CURVE ( 'NONE', #633, #1548, #2571, .T. ) ;
#2529 = CYLINDRICAL_SURFACE ( 'NONE', #725, 0.1000000000000000194 ) ;
#2530 = CARTESIAN_POINT ( 'NONE',  ( 1.250000000000000000, -2.964953715306700488, 3.931068616422938700 ) ) ;
#2531 = PLANE ( 'NONE',  #2427 ) ;
#2532 = ORIENTED_EDGE ( 'NONE', *, *, #2528, .F. ) ;
#2533 = VERTEX_POINT ( 'NONE', #1914 ) ;
#2534 = CC_DESIGN_PERSON_AND_ORGANIZATION_ASSIGNMENT ( #915, #683, ( #1987 ) ) ;
#2535 = EDGE_CURVE ( 'NONE', #2052, #1926, #1799, .T. ) ;
#2536 = ORIENTED_EDGE ( 'NONE', *, *, #1363, .T. ) ;
#2537 = PLANE ( 'NONE',  #2515 ) ;
#2538 = ADVANCED_FACE ( 'NONE', ( #1508 ), #2405, .F. ) ;
#2539 = CYLINDRICAL_SURFACE ( 'NONE', #293, 5.000000000000000000 ) ;
#2540 = ORIENTED_EDGE ( 'NONE', *, *, #1943, .T. ) ;
#2541 = LINE ( 'NONE', #1021, #2113 ) ;
#2542 = LINE ( 'NONE', #2312, #990 ) ;
#2543 = ADVANCED_FACE ( 'NONE', ( #521 ), #1173, .F. ) ;
#2544 = DIRECTION ( 'NONE',  ( -1.000000000000000000, -0.000000000000000000, -0.000000000000000000 ) ) ;
#2545 = DIRECTION ( 'NONE',  ( 0.000000000000000000, 0.000000000000000000, -1.000000000000000000 ) ) ;
#2546 = ORIENTED_EDGE ( 'NONE', *, *, #1187, .F. ) ;
#2547 = VERTEX_POINT ( 'NONE', #1558 ) ;
#2548 = CARTESIAN_POINT ( 'NONE',  ( 1.250000000000000000, -2.911220472440966489, 1.623425196850403429 ) ) ;
#2549 = ORIENTED_EDGE ( 'NONE', *, *, #1449, .F. ) ;
#2550 = DIRECTION ( 'NONE',  ( -1.000000000000000000, 0.000000000000000000, -0.000000000000000000 ) ) ;
#2551 = ORIENTED_EDGE ( 'NONE', *, *, #2061, .T. ) ;
#2552 = ADVANCED_FACE ( 'NONE', ( #101 ), #945, .F. ) ;
#2553 = CARTESIAN_POINT ( 'NONE',  ( 0.1799999999999999933, -2.013779527559077742, 4.151574803149597592 ) ) ;
#2554 = CARTESIAN_POINT ( 'NONE',  ( 0.5799999999999998490, -1.074999999999996181, 5.750000000000000000 ) ) ;
#2555 = CARTESIAN_POINT ( 'NONE',  ( 1.229999999999999760, -1.369999999999999885, 1.613582677165353862 ) ) ;
#2556 = AXIS2_PLACEMENT_3D ( 'NONE', #5, #2763, #836 ) ;
#2557 = DIRECTION ( 'NONE',  ( -0.000000000000000000, 1.000000000000000000, 0.000000000000000000 ) ) ;
#2558 = EDGE_LOOP ( 'NONE', ( #1211, #2762, #1896, #423, #1984, #536, #2334, #943, #1792, #242 ) ) ;
#2559 = SPHERICAL_SURFACE ( 'NONE', #1120, 0.1000000000000000056 ) ;
#2560 = VECTOR ( 'NONE', #600, 39.37007874015748143 ) ;
#2561 = DIRECTION ( 'NONE',  ( 1.000000000000000000, 0.000000000000000000, 0.000000000000000000 ) ) ;
#2562 = AXIS2_PLACEMENT_3D ( 'NONE', #1065, #1010, #1858 ) ;
#2563 = ORIENTED_EDGE ( 'NONE', *, *, #646, .F. ) ;
#2564 = AXIS2_PLACEMENT_3D ( 'NONE', #72, #507, #918 ) ;
#2565 = CARTESIAN_POINT ( 'NONE',  ( 0.1300000000000002542, 0.000000000000000000, 4.036417322834645383 ) ) ;
#2566 = ORIENTED_EDGE ( 'NONE', *, *, #1179, .T. ) ;
#2567 = VECTOR ( 'NONE', #737, 39.37007874015748143 ) ;
#2568 = EDGE_CURVE ( 'NONE', #1464, #643, #1158, .T. ) ;
#2569 = VECTOR ( 'NONE', #880, 39.37007874015748143 ) ;
#2570 = CARTESIAN_POINT ( 'NONE',  ( 0.08000000000000000167, -1.219999999999999751, 3.986417322834645560 ) ) ;
#2571 = CIRCLE ( 'NONE', #2296, 0.1000000000000001027 ) ;
#2572 = CYLINDRICAL_SURFACE ( 'NONE', #1865, 0.04999999999999973910 ) ;
#2573 = CARTESIAN_POINT ( 'NONE',  ( 0.08000000000000000167, -1.420000000000000373, 4.186417322834644850 ) ) ;
#2574 = EDGE_CURVE ( 'NONE', #1740, #663, #2478, .T. ) ;
#2575 = ORIENTED_EDGE ( 'NONE', *, *, #352, .T. ) ;
#2576 = ORIENTED_EDGE ( 'NONE', *, *, #1863, .T. ) ;
#2577 = PLANE ( 'NONE',  #62 ) ;
#2578 = ORIENTED_EDGE ( 'NONE', *, *, #738, .T. ) ;
#2579 = LOCAL_TIME ( 19, 9, 54.00000000000000000, #2641 ) ;
#2580 = CARTESIAN_POINT ( 'NONE',  ( 1.250000000000000000, -1.913779527559077653, 4.670078740157471486 ) ) ;
#2581 = ORIENTED_EDGE ( 'NONE', *, *, #1259, .F. ) ;
#2582 = DIRECTION ( 'NONE',  ( -1.000000000000000000, -0.000000000000000000, -0.000000000000000000 ) ) ;
#2583 = DIRECTION ( 'NONE',  ( -1.000000000000000000, -0.000000000000000000, -0.000000000000000000 ) ) ;
#2584 = DIRECTION ( 'NONE',  ( 0.000000000000000000, 0.000000000000000000, 1.000000000000000000 ) ) ;
#2585 = ORIENTED_EDGE ( 'NONE', *, *, #2277, .F. ) ;
#2586 = CARTESIAN_POINT ( 'NONE',  ( 0.000000000000000000, -3.714548149173205527, 0.3083608211240693731 ) ) ;
#2587 = CYLINDRICAL_SURFACE ( 'NONE', #2338, 5.149999999999999467 ) ;
#2588 = PERSON_AND_ORGANIZATION_ROLE ( 'design_supplier' ) ;
#2589 = EDGE_LOOP ( 'NONE', ( #2250, #1623, #367, #1, #1125, #2576, #1260, #2540, #1388, #2418, #394, #1784, #1822, #2264, #2124, #756, #713, #804, #1756, #1947, #919, #2621, #308, #1156, #2261, #2575, #456, #2719 ) ) ;
#2590 = DIRECTION ( 'NONE',  ( 0.000000000000000000, 0.000000000000000000, -1.000000000000000000 ) ) ;
#2591 = ORIENTED_EDGE ( 'NONE', *, *, #75, .T. ) ;
#2592 = CARTESIAN_POINT ( 'NONE',  ( 0.000000000000000000, -3.750000000000000000, 0.1800288621802733913 ) ) ;
#2593 = LINE ( 'NONE', #677, #2683 ) ;
#2594 = PLANE ( 'NONE',  #2158 ) ;
#2595 = EDGE_LOOP ( 'NONE', ( #743, #1108, #883, #2351 ) ) ;
#2596 = LINE ( 'NONE', #1974, #853 ) ;
#2597 = EDGE_CURVE ( 'NONE', #129, #1638, #2161, .T. ) ;
#2598 = VECTOR ( 'NONE', #1619, 39.37007874015748143 ) ;
#2599 = DIRECTION ( 'NONE',  ( 0.000000000000000000, 0.000000000000000000, -1.000000000000000000 ) ) ;
#2600 = DIRECTION ( 'NONE',  ( 1.000000000000000000, 0.000000000000000000, 0.000000000000000000 ) ) ;
#2601 = ORIENTED_EDGE ( 'NONE', *, *, #2333, .T. ) ;
#2602 = VECTOR ( 'NONE', #2452, 39.37007874015748143 ) ;
#2603 = CIRCLE ( 'NONE', #1389, 0.1000000000000000194 ) ;
#2604 = DIRECTION ( 'NONE',  ( -1.000000000000000000, -0.000000000000000000, -0.000000000000000000 ) ) ;
#2605 = ORIENTED_EDGE ( 'NONE', *, *, #1513, .T. ) ;
#2606 = EDGE_CURVE ( 'NONE', #2278, #2469, #1276, .T. ) ;
#2607 = AXIS2_PLACEMENT_3D ( 'NONE', #2234, #1841, #1408 ) ;
#2608 = DIRECTION ( 'NONE',  ( -1.000000000000000000, -0.000000000000000000, -0.000000000000000000 ) ) ;
#2609 = AXIS2_PLACEMENT_3D ( 'NONE', #1734, #1933, #2584 ) ;
#2610 = VECTOR ( 'NONE', #777, 39.37007874015748143 ) ;
#2611 = LINE ( 'NONE', #1541, #2456 ) ;
#2612 = CARTESIAN_POINT ( 'NONE',  ( 1.250000000000000000, -2.947475418351586995, 3.843903871914136072 ) ) ;
#2613 = AXIS2_PLACEMENT_3D ( 'NONE', #1746, #2608, #852 ) ;
#2614 = DIRECTION ( 'NONE',  ( 0.000000000000000000, 0.000000000000000000, -1.000000000000000000 ) ) ;
#2615 = DIRECTION ( 'NONE',  ( -1.000000000000000000, -0.000000000000000000, -0.000000000000000000 ) ) ;
#2616 = CALENDAR_DATE ( 2026, 20, 3 ) ;
#2617 = ORIENTED_EDGE ( 'NONE', *, *, #378, .F. ) ;
#2618 = EDGE_LOOP ( 'NONE', ( #2171, #2111, #2373, #1850 ) ) ;
#2619 = EDGE_CURVE ( 'NONE', #731, #1198, #2420, .T. ) ;
#2620 = CARTESIAN_POINT ( 'NONE',  ( 1.250000000000000000, -1.988779527559077831, 4.226574803149597770 ) ) ;
#2621 = ORIENTED_EDGE ( 'NONE', *, *, #203, .T. ) ;
#2622 = EDGE_CURVE ( 'NONE', #2305, #2673, #1844, .T. ) ;
#2623 = LOCAL_TIME ( 19, 9, 54.00000000000000000, #722 ) ;
#2624 = CARTESIAN_POINT ( 'NONE',  ( 1.229999999999997762, -1.269999999999999796, 2.625000000000000000 ) ) ;
#2625 = DIRECTION ( 'NONE',  ( 0.000000000000000000, 0.000000000000000000, -1.000000000000000000 ) ) ;
#2626 = FACE_OUTER_BOUND ( 'NONE', #2642, .T. ) ;
#2627 = DIRECTION ( 'NONE',  ( 0.000000000000000000, -1.000000000000000000, -1.578040221072056626E-14 ) ) ;
#2628 = EDGE_CURVE ( 'NONE', #432, #1642, #1669, .T. ) ;
#2629 = DIRECTION ( 'NONE',  ( 0.000000000000000000, 0.000000000000000000, 1.000000000000000000 ) ) ;
#2630 = DATE_AND_TIME ( #1769, #959 ) ;
#2631 = VERTEX_POINT ( 'NONE', #2198 ) ;
#2632 = EDGE_LOOP ( 'NONE', ( #1364, #2229, #834, #679 ) ) ;
#2633 = DIRECTION ( 'NONE',  ( 0.000000000000000000, 0.000000000000000000, 1.000000000000000000 ) ) ;
#2634 = EDGE_LOOP ( 'NONE', ( #2720, #380, #789, #642, #222, #86 ) ) ;
#2635 = CARTESIAN_POINT ( 'NONE',  ( 0.000000000000000000, -3.005511132637301408, 2.875000000000000000 ) ) ;
#2636 = DIRECTION ( 'NONE',  ( 0.000000000000000000, -0.9821428571428574283, -0.1881366741580835500 ) ) ;
#2637 = CARTESIAN_POINT ( 'NONE',  ( 0.08000000000000000167, 0.000000000000000000, 4.186417322834644850 ) ) ;
#2638 = CARTESIAN_POINT ( 'NONE',  ( 1.250000000000000000, -1.988779527559077831, 4.670078740157471486 ) ) ;
#2639 = ADVANCED_FACE ( 'NONE', ( #705 ), #690, .F. ) ;
#2640 = DIRECTION ( 'NONE',  ( 1.000000000000000000, 0.000000000000000000, 0.000000000000000000 ) ) ;
#2641 = COORDINATED_UNIVERSAL_TIME_OFFSET ( 8, 0, .BEHIND. ) ;
#2642 = EDGE_LOOP ( 'NONE', ( #963, #2, #2414, #1446 ) ) ;
#2643 = ORIENTED_EDGE ( 'NONE', *, *, #1912, .F. ) ;
#2644 = CARTESIAN_POINT ( 'NONE',  ( 0.5799999999999998490, -1.269999999999999796, 2.725000000000000089 ) ) ;
#2645 = AXIS2_PLACEMENT_3D ( 'NONE', #2009, #1357, #290 ) ;
#2646 = ORIENTED_EDGE ( 'NONE', *, *, #1086, .T. ) ;
#2647 = CARTESIAN_POINT ( 'NONE',  ( 1.229999999999999760, 0.000000000000000000, 1.713582677165354173 ) ) ;
#2648 = ORIENTED_EDGE ( 'NONE', *, *, #1105, .F. ) ;
#2649 = AXIS2_PLACEMENT_3D ( 'NONE', #130, #1640, #2504 ) ;
#2650 = EDGE_CURVE ( 'NONE', #1462, #1183, #287, .T. ) ;
#2651 = EDGE_CURVE ( 'NONE', #1198, #227, #781, .T. ) ;
#2652 = VECTOR ( 'NONE', #2194, 39.37007874015748143 ) ;
#2653 = CARTESIAN_POINT ( 'NONE',  ( 0.1300000000000000044, -1.269999999999999796, 1.713582677165354173 ) ) ;
#2654 = DIRECTION ( 'NONE',  ( 0.000000000000000000, 1.000000000000000000, -0.000000000000000000 ) ) ;
#2655 = CARTESIAN_POINT ( 'NONE',  ( 0.08000000000000000167, -1.813779527559077565, 4.670078740157471486 ) ) ;
#2656 = CIRCLE ( 'NONE', #2245, 0.2499999999999993894 ) ;
#2657 = EDGE_CURVE ( 'NONE', #568, #1152, #2039, .T. ) ;
#2658 = DIRECTION ( 'NONE',  ( 0.000000000000000000, 0.000000000000000000, 1.000000000000000000 ) ) ;
#2659 = CIRCLE ( 'NONE', #110, 0.1000000000000000194 ) ;
#2660 = ORIENTED_EDGE ( 'NONE', *, *, #1943, .F. ) ;
#2661 = EDGE_LOOP ( 'NONE', ( #1994, #163, #2691, #1013, #1068, #2605, #1654, #699, #603, #233 ) ) ;
#2662 = CIRCLE ( 'NONE', #1891, 5.249999999999999112 ) ;
#2663 = CARTESIAN_POINT ( 'NONE',  ( 0.1299999999999999767, 0.000000000000000000, 3.986417322834645560 ) ) ;
#2664 = ORIENTED_EDGE ( 'NONE', *, *, #406, .F. ) ;
#2665 = DIRECTION ( 'NONE',  ( 0.000000000000000000, 0.000000000000000000, 1.000000000000000000 ) ) ;
#2666 = VERTEX_POINT ( 'NONE', #2647 ) ;
#2667 =( BOUNDED_CURVE ( )  B_SPLINE_CURVE ( 3, ( #2474, #2690, #1810, #114 ),
 .UNSPECIFIED., .F., .F. ) 
 B_SPLINE_CURVE_WITH_KNOTS ( ( 4, 4 ),
 ( 3.141592653589788675, 4.712388980384689674 ),
 .UNSPECIFIED. ) 
 CURVE ( )  GEOMETRIC_REPRESENTATION_ITEM ( )  RATIONAL_B_SPLINE_CURVE ( ( 1.000000000000000000, 0.8047378541243640493, 0.8047378541243640493, 1.000000000000000000 ) ) 
 REPRESENTATION_ITEM ( '' )  );
#2668 = DIRECTION ( 'NONE',  ( 0.000000000000000000, 0.000000000000000000, -1.000000000000000000 ) ) ;
#2669 = LINE ( 'NONE', #2637, #1666 ) ;
#2670 = CARTESIAN_POINT ( 'NONE',  ( 0.5799999999999998490, -1.174999999999996270, 4.136417322834645027 ) ) ;
#2671 = DIRECTION ( 'NONE',  ( 0.000000000000000000, 0.000000000000000000, -1.000000000000000000 ) ) ;
#2672 = ORIENTED_EDGE ( 'NONE', *, *, #4, .F. ) ;
#2673 = VERTEX_POINT ( 'NONE', #131 ) ;
#2674 = EDGE_CURVE ( 'NONE', #1436, #1548, #1813, .T. ) ;
#2675 = CYLINDRICAL_SURFACE ( 'NONE', #1218, 0.1000000000000000194 ) ;
#2676 = ORIENTED_EDGE ( 'NONE', *, *, #2188, .F. ) ;
#2677 = EDGE_CURVE ( 'NONE', #1581, #2666, #1397, .T. ) ;
#2678 = CYLINDRICAL_SURFACE ( 'NONE', #2649, 0.04999999999999973910 ) ;
#2679 = DIRECTION ( 'NONE',  ( -1.000000000000000000, -0.000000000000000000, -0.000000000000000000 ) ) ;
#2680 = EDGE_LOOP ( 'NONE', ( #2384, #546, #614 ) ) ;
#2681 = DIRECTION ( 'NONE',  ( -0.000000000000000000, -1.000000000000000000, 0.000000000000000000 ) ) ;
#2682 = DIRECTION ( 'NONE',  ( 0.000000000000000000, 0.000000000000000000, -1.000000000000000000 ) ) ;
#2683 = VECTOR ( 'NONE', #1524, 39.37007874015748143 ) ;
#2684 = LINE ( 'NONE', #999, #2148 ) ;
#2685 = EDGE_CURVE ( 'NONE', #2196, #866, #1133, .T. ) ;
#2686 = CARTESIAN_POINT ( 'NONE',  ( 1.250000000000000000, -8.005511132637302296, 2.875000000000000000 ) ) ;
#2687 = ORIENTED_EDGE ( 'NONE', *, *, #1192, .T. ) ;
#2688 = ORIENTED_EDGE ( 'NONE', *, *, #1110, .F. ) ;
#2689 = EDGE_CURVE ( 'NONE', #2666, #1557, #921, .T. ) ;
#2690 = CARTESIAN_POINT ( 'NONE',  ( 0.1007106781186548616, -1.369999999999999662, 1.613582677165353640 ) ) ;
#2691 = ORIENTED_EDGE ( 'NONE', *, *, #665, .F. ) ;
#2692 = EDGE_CURVE ( 'NONE', #1771, #2631, #576, .T. ) ;
#2693 = VECTOR ( 'NONE', #384, 39.37007874015748143 ) ;
#2694 = DIRECTION ( 'NONE',  ( 0.000000000000000000, 0.000000000000000000, 1.000000000000000000 ) ) ;
#2695 = ADVANCED_FACE ( 'NONE', ( #189 ), #382, .F. ) ;
#2696 = CARTESIAN_POINT ( 'NONE',  ( 0.08000000000000000167, 0.000000000000000000, 5.750000000000000000 ) ) ;
#2697 = VERTEX_POINT ( 'NONE', #808 ) ;
#2698 = VECTOR ( 'NONE', #1109, 39.37007874015748143 ) ;
#2699 = PRODUCT_DEFINITION_SHAPE ( 'NONE', 'NONE',  #1118 ) ;
#2700 = DIRECTION ( 'NONE',  ( 1.000000000000000000, -2.101421533587894859E-16, -0.000000000000000000 ) ) ;
#2701 = CIRCLE ( 'NONE', #1968, 0.1000000000000000194 ) ;
#2702 = DIRECTION ( 'NONE',  ( -1.000000000000000000, -0.000000000000000000, -0.000000000000000000 ) ) ;
#2703 = CARTESIAN_POINT ( 'NONE',  ( 0.07999999999999996003, -2.911220472440967377, 4.126574803149598125 ) ) ;
#2704 = VECTOR ( 'NONE', #1023, 39.37007874015748143 ) ;
#2705 = ADVANCED_FACE ( 'NONE', ( #1031 ), #2539, .F. ) ;
#2706 = PLANE ( 'NONE',  #1840 ) ;
#2707 = ORIENTED_EDGE ( 'NONE', *, *, #2443, .F. ) ;
#2708 = VECTOR ( 'NONE', #2615, 39.37007874015748143 ) ;
#2709 = ORIENTED_EDGE ( 'NONE', *, *, #333, .T. ) ;
#2710 = VECTOR ( 'NONE', #2084, 39.37007874015748143 ) ;
#2711 = ORIENTED_EDGE ( 'NONE', *, *, #2304, .F. ) ;
#2712 = CARTESIAN_POINT ( 'NONE',  ( 0.4799999999999998157, -1.074999999999996181, 5.750000000000000000 ) ) ;
#2713 = ORIENTED_EDGE ( 'NONE', *, *, #2443, .T. ) ;
#2714 = EDGE_CURVE ( 'NONE', #1153, #285, #1629, .T. ) ;
#2715 = CARTESIAN_POINT ( 'NONE',  ( 0.5799999999999998490, -1.174999999999996270, 5.750000000000000000 ) ) ;
#2716 = FACE_OUTER_BOUND ( 'NONE', #887, .T. ) ;
#2717 = DIRECTION ( 'NONE',  ( 0.000000000000000000, -1.000000000000000000, -2.165697223441707217E-16 ) ) ;
#2718 = DIRECTION ( 'NONE',  ( 0.000000000000000000, 1.000000000000000000, -5.463695987328526437E-15 ) ) ;
#2719 = ORIENTED_EDGE ( 'NONE', *, *, #1333, .T. ) ;
#2720 = ORIENTED_EDGE ( 'NONE', *, *, #786, .F. ) ;
#2721 = ADVANCED_FACE ( 'NONE', ( #2320 ), #1232, .T. ) ;
#2722 = VERTEX_POINT ( 'NONE', #2493 ) ;
#2723 = PLANE ( 'NONE',  #899 ) ;
#2724 = ORIENTED_EDGE ( 'NONE', *, *, #786, .T. ) ;
#2725 = DIRECTION ( 'NONE',  ( 1.000000000000000000, 0.000000000000000000, 0.000000000000000000 ) ) ;
#2726 = DIRECTION ( 'NONE',  ( -1.000000000000000000, -0.000000000000000000, -0.000000000000000000 ) ) ;
#2727 = DIRECTION ( 'NONE',  ( -0.000000000000000000, -0.000000000000000000, -1.000000000000000000 ) ) ;
#2728 = ADVANCED_FACE ( 'NONE', ( #2081 ), #407, .F. ) ;
#2729 = DIRECTION ( 'NONE',  ( 0.000000000000000000, 0.000000000000000000, 1.000000000000000000 ) ) ;
#2730 = ORIENTED_EDGE ( 'NONE', *, *, #378, .T. ) ;
#2731 = ORIENTED_EDGE ( 'NONE', *, *, #2187, .F. ) ;
#2732 = DIRECTION ( 'NONE',  ( 0.000000000000000000, -1.613904771550966394E-14, -1.000000000000000000 ) ) ;
#2733 = ORIENTED_EDGE ( 'NONE', *, *, #2037, .F. ) ;
#2734 = CARTESIAN_POINT ( 'NONE',  ( 1.229999999999999760, -1.370000000000000329, 4.136417322834645027 ) ) ;
#2735 = DIRECTION ( 'NONE',  ( -1.000000000000000000, -0.000000000000000000, -0.000000000000000000 ) ) ;
#2736 = EDGE_LOOP ( 'NONE', ( #1649, #1002, #326, #1630 ) ) ;
#2737 = DIRECTION ( 'NONE',  ( -0.000000000000000000, 1.000000000000000000, -0.000000000000000000 ) ) ;
#2738 = CARTESIAN_POINT ( 'NONE',  ( 0.1300000000000002542, 0.000000000000000000, 4.136417322834645027 ) ) ;
#2739 = EDGE_CURVE ( 'NONE', #866, #1926, #620, .T. ) ;
#2740 = AXIS2_PLACEMENT_3D ( 'NONE', #2518, #421, #2561 ) ;
#2741 = FACE_OUTER_BOUND ( 'NONE', #1627, .T. ) ;
#2742 = EDGE_CURVE ( 'NONE', #1868, #1600, #1264, .T. ) ;
#2743 = CARTESIAN_POINT ( 'NONE',  ( 0.1799999999999999933, -2.849261132637301852, 3.862717539329944216 ) ) ;
#2744 = CARTESIAN_POINT ( 'NONE',  ( 0.08000000000000000167, 0.000000000000000000, 0.000000000000000000 ) ) ;
#2745 = ORIENTED_EDGE ( 'NONE', *, *, #659, .T. ) ;
#2746 = DIRECTION ( 'NONE',  ( -1.000000000000000000, -0.000000000000000000, -0.000000000000000000 ) ) ;
#2747 = CIRCLE ( 'NONE', #1346, 0.2499999999999998057 ) ;
#2748 = EDGE_CURVE ( 'NONE', #824, #1809, #176, .T. ) ;
#2749 = CARTESIAN_POINT ( 'NONE',  ( 0.1799999999999999933, -3.500000000000000888, 3.951574803149597859 ) ) ;
#2750 = VECTOR ( 'NONE', #1848, 39.37007874015748143 ) ;
#2751 = VERTEX_POINT ( 'NONE', #2696 ) ;
#2752 = CIRCLE ( 'NONE', #949, 0.1000000000000000194 ) ;
#2753 = CARTESIAN_POINT ( 'NONE',  ( 0.08000000000000000167, -2.849261132637301852, 3.862717539329944216 ) ) ;
#2754 = DIRECTION ( 'NONE',  ( -1.000000000000000000, -0.000000000000000000, -0.000000000000000000 ) ) ;
#2755 = ORIENTED_EDGE ( 'NONE', *, *, #2173, .T. ) ;
#2756 = CARTESIAN_POINT ( 'NONE',  ( 1.250000000000000000, -2.867078813999310860, 1.698425196850403163 ) ) ;
#2757 = DIRECTION ( 'NONE',  ( 0.000000000000000000, 0.000000000000000000, 1.000000000000000000 ) ) ;
#2758 = CARTESIAN_POINT ( 'NONE',  ( 1.250000000000000000, -1.988779527559077831, 4.226574803149597770 ) ) ;
#2759 = DIRECTION ( 'NONE',  ( 0.000000000000000000, -1.000000000000000000, 0.000000000000000000 ) ) ;
#2760 = CARTESIAN_POINT ( 'NONE',  ( 1.229999999999999760, -1.269999999999999796, 4.036417322834645383 ) ) ;
#2761 = VERTEX_POINT ( 'NONE', #2266 ) ;
#2762 = ORIENTED_EDGE ( 'NONE', *, *, #1316, .T. ) ;
#2763 = DIRECTION ( 'NONE',  ( -1.000000000000000000, -0.000000000000000000, -0.000000000000000000 ) ) ;
#2764 = VERTEX_POINT ( 'NONE', #1420 ) ;
#2765 = EDGE_CURVE ( 'NONE', #1303, #2345, #2522, .T. ) ;
#2766 = LINE ( 'NONE', #2734, #327 ) ;
#2767 = APPROVAL_ROLE ( '' ) ;
#2768 = ORIENTED_EDGE ( 'NONE', *, *, #409, .F. ) ;
#2769 = CARTESIAN_POINT ( 'NONE',  ( 1.250000000000000000, -1.988779527559077831, 4.226574803149597770 ) ) ;
#2770 = DIRECTION ( 'NONE',  ( 0.000000000000000000, -1.000000000000000000, -1.994049630411871425E-16 ) ) ;
#2771 = DIRECTION ( 'NONE',  ( 0.000000000000000000, 0.000000000000000000, 1.000000000000000000 ) ) ;
#2772 = FACE_OUTER_BOUND ( 'NONE', #1256, .T. ) ;
ENDSEC;
END-ISO-10303-21;
