ISO-10303-21;
HEADER;
FILE_DESCRIPTION (( 'STEP AP203' ),
    '1' );
FILE_NAME ('O-ring holder top_Vf.STEP',
    '2026-03-21T02:12:55',
    ( '' ),
    ( '' ),
    'SwSTEP 2.0',
    'SolidWorks 2025',
    '' );
FILE_SCHEMA (( 'CONFIG_CONTROL_DESIGN' ));
ENDSEC;

DATA;
#1 = FACE_OUTER_BOUND ( 'NONE', #102, .T. ) ;
#2 = FACE_BOUND ( 'NONE', #494, .T. ) ;
#3 = AXIS2_PLACEMENT_3D ( 'NONE', #1441, #1186, #1545 ) ;
#4 = CARTESIAN_POINT ( 'NONE',  ( 0.000000000000000000, -0.2120669291338526941, -0.8499999999999999778 ) ) ;
#5 = CIRCLE ( 'NONE', #946, 0.2993524956926487679 ) ;
#6 = CIRCLE ( 'NONE', #999, 0.06496062992125986590 ) ;
#7 = ORIENTED_EDGE ( 'NONE', *, *, #227, .T. ) ;
#8 = CIRCLE ( 'NONE', #187, 0.3022353029644345712 ) ;
#9 = CIRCLE ( 'NONE', #1335, 0.06496062992125979652 ) ;
#10 = ORIENTED_EDGE ( 'NONE', *, *, #1592, .F. ) ;
#11 = DIRECTION ( 'NONE',  ( 0.000000000000000000, -1.000000000000000000, 0.000000000000000000 ) ) ;
#12 = CARTESIAN_POINT ( 'NONE',  ( 0.000000000000000000, -0.9944881889763790284, 0.000000000000000000 ) ) ;
#13 = VERTEX_POINT ( 'NONE', #1291 ) ;
#14 = VERTEX_POINT ( 'NONE', #51 ) ;
#15 = DIRECTION ( 'NONE',  ( -0.000000000000000000, 1.000000000000000000, -0.000000000000000000 ) ) ;
#16 = CARTESIAN_POINT ( 'NONE',  ( 0.000000000000000000, -1.218967586429002381, -0.3022353029644349043 ) ) ;
#17 = CIRCLE ( 'NONE', #674, 0.3149606300000000747 ) ;
#18 = CARTESIAN_POINT ( 'NONE',  ( 0.000000000000000000, -1.088238188976379028, 0.000000000000000000 ) ) ;
#19 = ORIENTED_EDGE ( 'NONE', *, *, #255, .T. ) ;
#20 = EDGE_CURVE ( 'NONE', #1531, #775, #550, .T. ) ;
#21 = EDGE_CURVE ( 'NONE', #524, #417, #805, .T. ) ;
#22 = ORIENTED_EDGE ( 'NONE', *, *, #859, .T. ) ;
#23 = DIRECTION ( 'NONE',  ( 8.659560562355038861E-17, 0.7071067811865389130, -0.7071067811865561215 ) ) ;
#24 = DIRECTION ( 'NONE',  ( -6.063912545387572683E-17, 1.000000000000000000, -4.340715498389438777E-17 ) ) ;
#25 = SECURITY_CLASSIFICATION_LEVEL ( 'unclassified' ) ;
#26 = ORIENTED_EDGE ( 'NONE', *, *, #563, .T. ) ;
#27 = VERTEX_POINT ( 'NONE', #329 ) ;
#28 = AXIS2_PLACEMENT_3D ( 'NONE', #744, #1606, #613 ) ;
#29 = EDGE_CURVE ( 'NONE', #1367, #14, #952, .T. ) ;
#30 = CONICAL_SURFACE ( 'NONE', #1446, 0.3051181102362209852, 0.7853981633974604915 ) ;
#31 = ORIENTED_EDGE ( 'NONE', *, *, #976, .T. ) ;
#32 = AXIS2_PLACEMENT_3D ( 'NONE', #1050, #546, #320 ) ;
#33 = CIRCLE ( 'NONE', #949, 0.3444881889763779514 ) ;
#34 = EDGE_CURVE ( 'NONE', #1301, #1313, #837, .T. ) ;
#35 = CYLINDRICAL_SURFACE ( 'NONE', #1459, 0.5167322834645668994 ) ;
#36 = DATE_AND_TIME ( #656, #918 ) ;
#37 = CARTESIAN_POINT ( 'NONE',  ( 3.786546858946023175E-17, -0.7986220472440956897, 0.3091950153776880095 ) ) ;
#38 = CARTESIAN_POINT ( 'NONE',  ( 0.000000000000000000, -1.212007874015748943, 0.3091950153776881760 ) ) ;
#39 = CC_DESIGN_PERSON_AND_ORGANIZATION_ASSIGNMENT ( #885, #1405, ( #500 ) ) ;
#40 = EDGE_LOOP ( 'NONE', ( #402, #7, #367, #1440 ) ) ;
#41 = LENGTH_MEASURE_WITH_UNIT ( LENGTH_MEASURE( 0.02539999999999999897 ), #1265 );
#42 = FACE_OUTER_BOUND ( 'NONE', #1558, .T. ) ;
#43 = AXIS2_PLACEMENT_3D ( 'NONE', #568, #1329, #1064 ) ;
#44 = FACE_OUTER_BOUND ( 'NONE', #63, .T. ) ;
#45 = CIRCLE ( 'NONE', #673, 0.3149606300000001302 ) ;
#46 = EDGE_LOOP ( 'NONE', ( #1336, #288, #480, #296 ) ) ;
#47 = DIRECTION ( 'NONE',  ( -0.000000000000000000, 1.000000000000000000, -0.000000000000000000 ) ) ;
#48 = VERTEX_POINT ( 'NONE', #16 ) ;
#49 = CARTESIAN_POINT ( 'NONE',  ( 0.000000000000000000, -1.527952755905512605, 0.000000000000000000 ) ) ;
#50 = CARTESIAN_POINT ( 'NONE',  ( 9.461295243256980570E-17, -1.527952755905512605, 0.6692913385826771977 ) ) ;
#51 = CARTESIAN_POINT ( 'NONE',  ( 3.857155273869339231E-17, -0.8084645669291351533, -0.3149606300000000747 ) ) ;
#52 = FACE_OUTER_BOUND ( 'NONE', #1131, .T. ) ;
#53 = CARTESIAN_POINT ( 'NONE',  ( -0.6692913385826771977, -1.527952755905512605, -2.833387189127868284E-17 ) ) ;
#54 = ORIENTED_EDGE ( 'NONE', *, *, #573, .T. ) ;
#55 = CONICAL_SURFACE ( 'NONE', #1124, 0.3543307086614173596, 0.7853981633974346233 ) ;
#56 = CARTESIAN_POINT ( 'NONE',  ( 1.040949779275250386E-16, -1.088238188976379028, -0.8500000000000000888 ) ) ;
#57 = EDGE_CURVE ( 'NONE', #747, #905, #520, .T. ) ;
#58 = AXIS2_PLACEMENT_3D ( 'NONE', #1275, #544, #1065 ) ;
#59 = CIRCLE ( 'NONE', #1337, 0.8549999999999999822 ) ;
#60 = DIRECTION ( 'NONE',  ( 0.000000000000000000, 0.000000000000000000, -1.000000000000000000 ) ) ;
#61 = EDGE_CURVE ( 'NONE', #48, #1490, #1364, .T. ) ;
#62 = CARTESIAN_POINT ( 'NONE',  ( 4.339299682018180063E-17, -1.413779527559056115, 0.3543307086614173596 ) ) ;
#63 = EDGE_LOOP ( 'NONE', ( #314, #1571 ) ) ;
#64 = DIRECTION ( 'NONE',  ( -0.000000000000000000, 1.000000000000000000, -0.000000000000000000 ) ) ;
#65 = CARTESIAN_POINT ( 'NONE',  ( -0.6692913385826771977, -1.527952755905512605, -2.833387189127868284E-17 ) ) ;
#66 = CARTESIAN_POINT ( 'NONE',  ( -1.264840288333748361E-17, -1.527952755905512605, -0.6692913385826771977 ) ) ;
#67 = CARTESIAN_POINT ( 'NONE',  ( -0.6692913385826771977, -1.527952755905512605, 0.06496062992125983815 ) ) ;
#68 = VECTOR ( 'NONE', #1176, 39.37007874015748143 ) ;
#69 = VERTEX_POINT ( 'NONE', #246 ) ;
#70 = EDGE_CURVE ( 'NONE', #547, #803, #553, .T. ) ;
#71 = ORIENTED_EDGE ( 'NONE', *, *, #407, .T. ) ;
#72 = CARTESIAN_POINT ( 'NONE',  ( -8.290305251408636499E-34, -1.202165354330709812, 0.3149606300000000747 ) ) ;
#73 = CARTESIAN_POINT ( 'NONE',  ( -4.739780774110354360E-16, -0.2120669291338526385, -0.5167322834645668994 ) ) ;
#74 = LINE ( 'NONE', #830, #763 ) ;
#75 = VERTEX_POINT ( 'NONE', #984 ) ;
#76 = FACE_OUTER_BOUND ( 'NONE', #1066, .T. ) ;
#77 = DIRECTION ( 'NONE',  ( 0.000000000000000000, -1.000000000000000000, 0.000000000000000000 ) ) ;
#78 = APPROVAL_PERSON_ORGANIZATION ( #1546, #1030, #305 ) ;
#79 = CIRCLE ( 'NONE', #863, 0.009842519685039378616 ) ;
#80 = EDGE_CURVE ( 'NONE', #126, #799, #59, .T. ) ;
#81 = AXIS2_PLACEMENT_3D ( 'NONE', #1165, #294, #303 ) ;
#82 = DIRECTION ( 'NONE',  ( 0.000000000000000000, 0.000000000000000000, 1.000000000000000000 ) ) ;
#83 = AXIS2_PLACEMENT_3D ( 'NONE', #369, #648, #860 ) ;
#84 = CARTESIAN_POINT ( 'NONE',  ( 0.000000000000000000, -0.9007381889763790284, -0.8549999999999999822 ) ) ;
#85 = EDGE_CURVE ( 'NONE', #509, #1190, #1127, .T. ) ;
#86 = ORIENTED_EDGE ( 'NONE', *, *, #686, .F. ) ;
#87 = ORIENTED_EDGE ( 'NONE', *, *, #931, .F. ) ;
#88 = DIRECTION ( 'NONE',  ( 6.063912545387572683E-17, -1.000000000000000000, 4.340715498389438777E-17 ) ) ;
#89 = ADVANCED_FACE ( 'NONE', ( #362 ), #262, .T. ) ;
#90 = CARTESIAN_POINT ( 'NONE',  ( 0.6692913385826771977, -1.527952755905512605, -0.06496062992125983815 ) ) ;
#91 = CARTESIAN_POINT ( 'NONE',  ( 0.000000000000000000, -1.205048161602495727, 0.000000000000000000 ) ) ;
#92 = CIRCLE ( 'NONE', #1010, 0.3149606300000000747 ) ;
#93 = ORIENTED_EDGE ( 'NONE', *, *, #730, .F. ) ;
#94 = AXIS2_PLACEMENT_3D ( 'NONE', #18, #237, #1366 ) ;
#95 = VERTEX_POINT ( 'NONE', #1008 ) ;
#96 = CARTESIAN_POINT ( 'NONE',  ( -8.616261780726131224E-33, -0.4017384203655236519, -7.582401355855259480E-33 ) ) ;
#97 = CARTESIAN_POINT ( 'NONE',  ( -8.616261780726131224E-33, -1.403937007874016540, -7.582401355855259480E-33 ) ) ;
#98 = EDGE_CURVE ( 'NONE', #13, #497, #917, .T. ) ;
#99 = DIRECTION ( 'NONE',  ( 6.063912545387572683E-17, -1.000000000000000000, 4.340715498389438777E-17 ) ) ;
#100 = EDGE_LOOP ( 'NONE', ( #412, #1083 ) ) ;
#101 = ADVANCED_FACE ( 'NONE', ( #368 ), #1468, .T. ) ;
#102 = EDGE_LOOP ( 'NONE', ( #557, #518, #1380, #848 ) ) ;
#103 = DIRECTION ( 'NONE',  ( 0.000000000000000000, 1.000000000000000000, 0.000000000000000000 ) ) ;
#104 = CARTESIAN_POINT ( 'NONE',  ( 9.461295243256980570E-17, -1.527952755905512605, 0.7342519685039371469 ) ) ;
#105 = ADVANCED_FACE ( 'NONE', ( #1346 ), #759, .F. ) ;
#106 = DIRECTION ( 'NONE',  ( 1.000000000000000000, 0.000000000000000000, 0.000000000000000000 ) ) ;
#107 = CIRCLE ( 'NONE', #1153, 0.009842519685039378616 ) ;
#108 = CIRCLE ( 'NONE', #631, 0.06496062992125979652 ) ;
#109 = FACE_OUTER_BOUND ( 'NONE', #1492, .T. ) ;
#110 = ADVANCED_FACE ( 'NONE', ( #883, #621 ), #231, .F. ) ;
#111 = AXIS2_PLACEMENT_3D ( 'NONE', #967, #723, #82 ) ;
#112 = ORIENTED_EDGE ( 'NONE', *, *, #1307, .F. ) ;
#113 = ORIENTED_EDGE ( 'NONE', *, *, #1130, .F. ) ;
#114 = FACE_BOUND ( 'NONE', #1432, .T. ) ;
#115 = CARTESIAN_POINT ( 'NONE',  ( 0.000000000000000000, 1.755360567150476392, 0.000000000000000000 ) ) ;
#116 = FACE_OUTER_BOUND ( 'NONE', #870, .T. ) ;
#117 = FACE_BOUND ( 'NONE', #578, .T. ) ;
#118 = ORIENTED_EDGE ( 'NONE', *, *, #80, .T. ) ;
#119 = ORIENTED_EDGE ( 'NONE', *, *, #808, .T. ) ;
#120 = FACE_OUTER_BOUND ( 'NONE', #1311, .T. ) ;
#121 = VECTOR ( 'NONE', #795, 39.37007874015748143 ) ;
#122 = DIMENSIONAL_EXPONENTS ( 1.000000000000000000, 0.000000000000000000, 0.000000000000000000, 0.000000000000000000, 0.000000000000000000, 0.000000000000000000, 0.000000000000000000 ) ;
#123 = DIRECTION ( 'NONE',  ( -0.000000000000000000, -1.000000000000000000, -0.000000000000000000 ) ) ;
#124 = DIRECTION ( 'NONE',  ( 6.028585775162875205E-17, 1.000000000000000000, -1.072855867644725085E-16 ) ) ;
#125 = ORIENTED_EDGE ( 'NONE', *, *, #665, .T. ) ;
#126 = VERTEX_POINT ( 'NONE', #1135 ) ;
#127 = FACE_BOUND ( 'NONE', #782, .T. ) ;
#128 = CARTESIAN_POINT ( 'NONE',  ( 0.000000000000000000, -1.218967586429002381, 0.000000000000000000 ) ) ;
#129 = DIRECTION ( 'NONE',  ( -0.000000000000000000, 1.000000000000000000, -0.000000000000000000 ) ) ;
#130 = COORDINATED_UNIVERSAL_TIME_OFFSET ( 8, 0, .BEHIND. ) ;
#131 = AXIS2_PLACEMENT_3D ( 'NONE', #820, #559, #1052 ) ;
#132 = CARTESIAN_POINT ( 'NONE',  ( 3.736619170626766200E-17, -0.7887795275590564481, -0.3051181102362204300 ) ) ;
#133 = AXIS2_PLACEMENT_3D ( 'NONE', #998, #1256, #1503 ) ;
#134 = AXIS2_PLACEMENT_3D ( 'NONE', #420, #1451, #815 ) ;
#135 = EDGE_LOOP ( 'NONE', ( #219, #1586, #278, #619 ) ) ;
#136 = CIRCLE ( 'NONE', #1600, 0.3091950153776878985 ) ;
#137 = AXIS2_PLACEMENT_3D ( 'NONE', #378, #389, #1377 ) ;
#138 = ORIENTED_EDGE ( 'NONE', *, *, #892, .T. ) ;
#139 = DIRECTION ( 'NONE',  ( -0.000000000000000000, 1.000000000000000000, -0.000000000000000000 ) ) ;
#140 = DIRECTION ( 'NONE',  ( -1.000000000000000000, -0.000000000000000000, -0.000000000000000000 ) ) ;
#141 = CARTESIAN_POINT ( 'NONE',  ( 5.261347854512196303E-50, -1.205048161602495727, 0.3022353029644345157 ) ) ;
#142 = SHAPE_DEFINITION_REPRESENTATION ( #1469, #703 ) ;
#143 = EDGE_CURVE ( 'NONE', #1391, #713, #1248, .T. ) ;
#144 = ADVANCED_FACE ( 'NONE', ( #1 ), #1370, .F. ) ;
#145 = ORIENTED_EDGE ( 'NONE', *, *, #722, .T. ) ;
#146 = ORIENTED_EDGE ( 'NONE', *, *, #57, .F. ) ;
#147 = APPLICATION_PROTOCOL_DEFINITION ( 'international standard', 'config_control_design', 1994, #1158 ) ;
#148 = AXIS2_PLACEMENT_3D ( 'NONE', #865, #735, #377 ) ;
#149 = AXIS2_PLACEMENT_3D ( 'NONE', #1306, #1548, #436 ) ;
#150 = DIRECTION ( 'NONE',  ( -7.395570986446985676E-32, 1.000000000000000000, -1.224646799147353700E-16 ) ) ;
#151 = EDGE_CURVE ( 'NONE', #48, #487, #975, .T. ) ;
#152 = ORIENTED_EDGE ( 'NONE', *, *, #1360, .F. ) ;
#153 = EDGE_CURVE ( 'NONE', #726, #626, #1411, .T. ) ;
#154 = ORIENTED_EDGE ( 'NONE', *, *, #451, .F. ) ;
#155 = CARTESIAN_POINT ( 'NONE',  ( -8.616261780726131224E-33, -0.4017384203655236519, -7.582401355855259480E-33 ) ) ;
#156 = ADVANCED_FACE ( 'NONE', ( #168 ), #944, .F. ) ;
#157 = DIRECTION ( 'NONE',  ( 1.000000000000000000, 0.000000000000000000, 1.224646799147353207E-16 ) ) ;
#158 = CIRCLE ( 'NONE', #580, 0.009842519685039378616 ) ;
#159 = ORIENTED_EDGE ( 'NONE', *, *, #545, .T. ) ;
#160 = AXIS2_PLACEMENT_3D ( 'NONE', #1373, #754, #1251 ) ;
#161 = DIRECTION ( 'NONE',  ( 0.000000000000000000, -1.000000000000000000, 0.000000000000000000 ) ) ;
#162 = CIRCLE ( 'NONE', #633, 0.06496062992125979652 ) ;
#163 = FACE_OUTER_BOUND ( 'NONE', #1368, .T. ) ;
#164 = ORIENTED_EDGE ( 'NONE', *, *, #1605, .F. ) ;
#165 = DIRECTION ( 'NONE',  ( 6.063912545387572683E-17, -1.000000000000000000, 4.340715498389438777E-17 ) ) ;
#166 = DIRECTION ( 'NONE',  ( 1.000000000000000000, 0.000000000000000000, 0.000000000000000000 ) ) ;
#167 = ORIENTED_EDGE ( 'NONE', *, *, #1347, .T. ) ;
#168 = FACE_OUTER_BOUND ( 'NONE', #469, .T. ) ;
#169 =( CONVERSION_BASED_UNIT ( 'INCH', #41 ) LENGTH_UNIT ( ) NAMED_UNIT ( #122 ) );
#170 = ADVANCED_FACE ( 'NONE', ( #315 ), #672, .T. ) ;
#171 = DIRECTION ( 'NONE',  ( 0.000000000000000000, 0.000000000000000000, 1.000000000000000000 ) ) ;
#172 = CIRCLE ( 'NONE', #1613, 0.3149606300000000747 ) ;
#173 = VECTOR ( 'NONE', #903, 39.37007874015748143 ) ;
#174 = EDGE_LOOP ( 'NONE', ( #887, #872, #1516, #587, #268 ) ) ;
#175 = DIRECTION ( 'NONE',  ( 0.000000000000000000, -1.000000000000000000, 0.000000000000000000 ) ) ;
#176 = VERTEX_POINT ( 'NONE', #1061 ) ;
#177 = DIRECTION ( 'NONE',  ( 0.000000000000000000, 0.000000000000000000, -1.000000000000000000 ) ) ;
#178 = ADVANCED_FACE ( 'NONE', ( #925 ), #969, .T. ) ;
#179 = ORIENTED_EDGE ( 'NONE', *, *, #1316, .T. ) ;
#180 = LINE ( 'NONE', #280, #1497 ) ;
#181 = ORIENTED_EDGE ( 'NONE', *, *, #781, .F. ) ;
#182 = DIRECTION ( 'NONE',  ( 0.000000000000000000, 0.000000000000000000, 1.000000000000000000 ) ) ;
#183 = EDGE_LOOP ( 'NONE', ( #1013, #1508 ) ) ;
#184 = DIRECTION ( 'NONE',  ( -0.000000000000000000, 1.000000000000000000, -0.000000000000000000 ) ) ;
#185 = ORIENTED_EDGE ( 'NONE', *, *, #80, .F. ) ;
#186 = AXIS2_PLACEMENT_3D ( 'NONE', #501, #874, #761 ) ;
#187 = AXIS2_PLACEMENT_3D ( 'NONE', #1057, #1562, #1073 ) ;
#188 = ORIENTED_EDGE ( 'NONE', *, *, #1148, .T. ) ;
#189 = FACE_OUTER_BOUND ( 'NONE', #1114, .T. ) ;
#190 = CIRCLE ( 'NONE', #1099, 0.8500000000000000888 ) ;
#191 = DIRECTION ( 'NONE',  ( 8.659560562354813296E-17, -0.7071067811865572317, 0.7071067811865376918 ) ) ;
#192 = DIRECTION ( 'NONE',  ( 0.000000000000000000, 0.000000000000000000, -1.000000000000000000 ) ) ;
#193 = ORIENTED_EDGE ( 'NONE', *, *, #293, .T. ) ;
#195 = ADVANCED_FACE ( 'NONE', ( #76 ), #1168, .F. ) ;
#194 = DIRECTION ( 'NONE',  ( 0.000000000000000000, -1.000000000000000000, 0.000000000000000000 ) ) ;
#196 = EDGE_LOOP ( 'NONE', ( #1535, #1507 ) ) ;
#197 = CYLINDRICAL_SURFACE ( 'NONE', #1084, 0.06496062992125986590 ) ;
#198 = CIRCLE ( 'NONE', #43, 0.009842519685039378616 ) ;
#199 = DIRECTION ( 'NONE',  ( -6.028585775162876438E-17, -1.000000000000000000, 1.072855867644725209E-16 ) ) ;
#200 = FACE_OUTER_BOUND ( 'NONE', #593, .T. ) ;
#201 = AXIS2_PLACEMENT_3D ( 'NONE', #974, #1068, #1214 ) ;
#202 = ORIENTED_EDGE ( 'NONE', *, *, #738, .T. ) ;
#203 = EDGE_CURVE ( 'NONE', #1144, #1190, #814, .T. ) ;
#204 = CARTESIAN_POINT ( 'NONE',  ( -0.6692913385826771977, -1.527952755905512605, -2.833387189127868284E-17 ) ) ;
#205 = CARTESIAN_POINT ( 'NONE',  ( 3.736619170626769281E-17, -0.8084645669291351533, 0.3051181102362207076 ) ) ;
#206 = APPROVAL ( #753, 'UNSPECIFIED' ) ;
#207 = DIRECTION ( 'NONE',  ( -0.000000000000000000, 1.000000000000000000, -0.000000000000000000 ) ) ;
#208 = EDGE_LOOP ( 'NONE', ( #1004, #1362 ) ) ;
#209 = AXIS2_PLACEMENT_3D ( 'NONE', #1554, #1174, #1570 ) ;
#210 = ORIENTED_EDGE ( 'NONE', *, *, #1148, .F. ) ;
#211 = LINE ( 'NONE', #714, #589 ) ;
#212 = SECURITY_CLASSIFICATION ( '', '', #25 ) ;
#213 = VECTOR ( 'NONE', #963, 39.37007874015748143 ) ;
#214 = AXIS2_PLACEMENT_3D ( 'NONE', #806, #1292, #1164 ) ;
#215 = CARTESIAN_POINT ( 'NONE',  ( -8.290305251408636499E-34, -0.7887795275590564481, 0.3149606300000000747 ) ) ;
#216 = CIRCLE ( 'NONE', #896, 0.009842519685039378616 ) ;
#217 = CARTESIAN_POINT ( 'NONE',  ( 0.000000000000000000, -0.9007381889763794725, 0.8549999999999999822 ) ) ;
#218 = ORIENTED_EDGE ( 'NONE', *, *, #730, .T. ) ;
#219 = ORIENTED_EDGE ( 'NONE', *, *, #890, .F. ) ;
#220 = DIRECTION ( 'NONE',  ( 0.000000000000000000, 0.000000000000000000, -1.000000000000000000 ) ) ;
#221 = DIRECTION ( 'NONE',  ( -0.000000000000000000, 1.000000000000000000, -0.000000000000000000 ) ) ;
#222 = ADVANCED_FACE ( 'NONE', ( #871 ), #1402, .F. ) ;
#223 = CARTESIAN_POINT ( 'NONE',  ( 3.616083068348483797E-17, -0.7986220472440952456, 0.2952755905511810774 ) ) ;
#224 = AXIS2_PLACEMENT_3D ( 'NONE', #204, #1344, #850 ) ;
#225 = EDGE_LOOP ( 'NONE', ( #455, #1056, #243, #1323 ) ) ;
#226 = AXIS2_PLACEMENT_3D ( 'NONE', #752, #1259, #1512 ) ;
#227 = EDGE_CURVE ( 'NONE', #75, #475, #238, .T. ) ;
#228 = ORIENTED_EDGE ( 'NONE', *, *, #1184, .F. ) ;
#229 = DIRECTION ( 'NONE',  ( -0.000000000000000000, 1.000000000000000000, -0.000000000000000000 ) ) ;
#230 = EDGE_CURVE ( 'NONE', #678, #1036, #474, .T. ) ;
#231 = PLANE ( 'NONE',  #137 ) ;
#232 = CARTESIAN_POINT ( 'NONE',  ( -5.372595311071339009E-16, -0.3295472440944828274, -1.621240846744013110E-17 ) ) ;
#233 = CARTESIAN_POINT ( 'NONE',  ( 3.857155273869339847E-17, -1.403937007874016540, -0.3149606300000001302 ) ) ;
#234 = ORIENTED_EDGE ( 'NONE', *, *, #890, .T. ) ;
#235 = ORIENTED_EDGE ( 'NONE', *, *, #1025, .F. ) ;
#236 = CARTESIAN_POINT ( 'NONE',  ( 0.000000000000000000, 1.755360567150476392, 0.000000000000000000 ) ) ;
#237 = DIRECTION ( 'NONE',  ( -0.000000000000000000, 1.000000000000000000, -0.000000000000000000 ) ) ;
#238 = CIRCLE ( 'NONE', #1046, 0.8549999999999999822 ) ;
#239 = VECTOR ( 'NONE', #750, 39.37007874015748143 ) ;
#240 = AXIS2_PLACEMENT_3D ( 'NONE', #505, #410, #266 ) ;
#241 = CARTESIAN_POINT ( 'NONE',  ( -0.6692913385826771977, -0.2120669291338526385, -0.06496062992125989366 ) ) ;
#242 = CIRCLE ( 'NONE', #1549, 0.3543307086614173596 ) ;
#243 = ORIENTED_EDGE ( 'NONE', *, *, #375, .F. ) ;
#244 = ORIENTED_EDGE ( 'NONE', *, *, #230, .T. ) ;
#245 = DIRECTION ( 'NONE',  ( -0.000000000000000000, 1.000000000000000000, -0.000000000000000000 ) ) ;
#246 = CARTESIAN_POINT ( 'NONE',  ( 0.000000000000000000, -0.7887795275590564481, 0.3051181102362204300 ) ) ;
#247 = DIRECTION ( 'NONE',  ( -0.000000000000000000, 1.000000000000000000, -0.000000000000000000 ) ) ;
#248 = DIRECTION ( 'NONE',  ( 1.000000000000000000, 0.000000000000000000, 0.000000000000000000 ) ) ;
#249 = AXIS2_PLACEMENT_3D ( 'NONE', #1007, #489, #361 ) ;
#250 = ORIENTED_EDGE ( 'NONE', *, *, #1300, .F. ) ;
#251 = AXIS2_PLACEMENT_3D ( 'NONE', #822, #951, #1187 ) ;
#252 = ORIENTED_EDGE ( 'NONE', *, *, #929, .F. ) ;
#253 = CARTESIAN_POINT ( 'NONE',  ( 0.000000000000000000, 1.755360567150476392, 0.8549999999999999822 ) ) ;
#254 = VECTOR ( 'NONE', #1519, 39.37007874015748143 ) ;
#255 = EDGE_CURVE ( 'NONE', #1113, #1106, #684, .T. ) ;
#256 = CYLINDRICAL_SURFACE ( 'NONE', #226, 0.3149606300000000747 ) ;
#257 = EDGE_LOOP ( 'NONE', ( #118, #831, #1123, #1277 ) ) ;
#258 = DIRECTION ( 'NONE',  ( 1.000000000000000000, 0.000000000000000000, 0.000000000000000000 ) ) ;
#259 = EDGE_LOOP ( 'NONE', ( #1473, #1294, #922, #688 ) ) ;
#260 = CARTESIAN_POINT ( 'NONE',  ( 0.000000000000000000, -1.527952755905512827, 0.000000000000000000 ) ) ;
#261 = EDGE_CURVE ( 'NONE', #803, #1029, #107, .T. ) ;
#262 = CYLINDRICAL_SURFACE ( 'NONE', #426, 0.8549999999999999822 ) ;
#263 = CARTESIAN_POINT ( 'NONE',  ( 0.6692913385826771977, -1.527952755905512605, -5.363067765795362848E-17 ) ) ;
#264 = DATE_AND_TIME ( #632, #630 ) ;
#265 = AXIS2_PLACEMENT_3D ( 'NONE', #322, #1297, #1453 ) ;
#266 = DIRECTION ( 'NONE',  ( 0.000000000000000000, 0.000000000000000000, 1.000000000000000000 ) ) ;
#267 = AXIS2_PLACEMENT_3D ( 'NONE', #968, #1209, #1104 ) ;
#268 = ORIENTED_EDGE ( 'NONE', *, *, #892, .F. ) ;
#269 = AXIS2_PLACEMENT_3D ( 'NONE', #701, #1325, #349 ) ;
#270 = VECTOR ( 'NONE', #1102, 39.37007874015748143 ) ;
#271 = ORIENTED_EDGE ( 'NONE', *, *, #567, .F. ) ;
#272 = DIRECTION ( 'NONE',  ( -0.000000000000000000, 1.000000000000000000, -0.000000000000000000 ) ) ;
#273 = EDGE_CURVE ( 'NONE', #690, #932, #1445, .T. ) ;
#274 = CARTESIAN_POINT ( 'NONE',  ( 0.000000000000000000, 1.755360567150476392, 0.000000000000000000 ) ) ;
#275 = DIRECTION ( 'NONE',  ( 0.000000000000000000, 0.000000000000000000, 1.000000000000000000 ) ) ;
#276 = DIRECTION ( 'NONE',  ( 0.000000000000000000, -0.000000000000000000, -1.000000000000000000 ) ) ;
#277 = ADVANCED_FACE ( 'NONE', ( #662 ), #323, .T. ) ;
#278 = ORIENTED_EDGE ( 'NONE', *, *, #1478, .F. ) ;
#279 = EDGE_LOOP ( 'NONE', ( #26, #586 ) ) ;
#280 = CARTESIAN_POINT ( 'NONE',  ( 0.000000000000000000, 1.755360567150476392, 0.8549999999999999822 ) ) ;
#281 = PRODUCT_DEFINITION ( 'UNKNOWN', '', #500, #1427 ) ;
#282 = CIRCLE ( 'NONE', #957, 0.3022353029644346822 ) ;
#283 = AXIS2_PLACEMENT_3D ( 'NONE', #1395, #284, #1054 ) ;
#284 = DIRECTION ( 'NONE',  ( -0.000000000000000000, 1.000000000000000000, -0.000000000000000000 ) ) ;
#285 = EDGE_CURVE ( 'NONE', #14, #888, #788, .T. ) ;
#286 = CARTESIAN_POINT ( 'NONE',  ( 0.6692913385826771977, -0.2120669291338526385, 0.06496062992125974100 ) ) ;
#287 = DIRECTION ( 'NONE',  ( -1.000000000000000000, -0.000000000000000000, -0.000000000000000000 ) ) ;
#288 = ORIENTED_EDGE ( 'NONE', *, *, #21, .T. ) ;
#289 = DIRECTION ( 'NONE',  ( 0.000000000000000000, 0.000000000000000000, 1.000000000000000000 ) ) ;
#290 = ORIENTED_EDGE ( 'NONE', *, *, #1609, .T. ) ;
#291 = CARTESIAN_POINT ( 'NONE',  ( -8.616261780726131224E-33, -1.527952755905512827, -7.582401355855259480E-33 ) ) ;
#292 = ORIENTED_EDGE ( 'NONE', *, *, #692, .F. ) ;
#293 = EDGE_CURVE ( 'NONE', #1106, #768, #79, .T. ) ;
#294 = DIRECTION ( 'NONE',  ( -6.028585775162876438E-17, -1.000000000000000000, 1.072855867644725209E-16 ) ) ;
#295 = AXIS2_PLACEMENT_3D ( 'NONE', #783, #1161, #934 ) ;
#296 = ORIENTED_EDGE ( 'NONE', *, *, #1268, .F. ) ;
#297 = CIRCLE ( 'NONE', #581, 0.06496062992125986590 ) ;
#298 = LINE ( 'NONE', #1037, #816 ) ;
#299 = CIRCLE ( 'NONE', #868, 0.3543307086614173596 ) ;
#300 = DIRECTION ( 'NONE',  ( 0.000000000000000000, 0.000000000000000000, 1.000000000000000000 ) ) ;
#301 = ORIENTED_EDGE ( 'NONE', *, *, #639, .F. ) ;
#302 = CARTESIAN_POINT ( 'NONE',  ( 0.000000000000000000, -0.8084645669291351533, 0.000000000000000000 ) ) ;
#303 = DIRECTION ( 'NONE',  ( 0.000000000000000000, 1.321694076934710402E-16, 1.000000000000000000 ) ) ;
#304 = ORIENTED_EDGE ( 'NONE', *, *, #1266, .T. ) ;
#305 = APPROVAL_ROLE ( '' ) ;
#306 = ORIENTED_EDGE ( 'NONE', *, *, #293, .F. ) ;
#307 = FACE_OUTER_BOUND ( 'NONE', #965, .T. ) ;
#308 = VECTOR ( 'NONE', #245, 39.37007874015748143 ) ;
#309 = AXIS2_PLACEMENT_3D ( 'NONE', #380, #247, #745 ) ;
#310 = DIRECTION ( 'NONE',  ( -0.000000000000000000, 1.000000000000000000, -0.000000000000000000 ) ) ;
#311 = FACE_BOUND ( 'NONE', #208, .T. ) ;
#312 = EDGE_LOOP ( 'NONE', ( #833, #154, #539, #1403 ) ) ;
#313 = CARTESIAN_POINT ( 'NONE',  ( 0.000000000000000000, -0.7916623348308421404, 0.000000000000000000 ) ) ;
#314 = ORIENTED_EDGE ( 'NONE', *, *, #1188, .F. ) ;
#315 = FACE_OUTER_BOUND ( 'NONE', #257, .T. ) ;
#316 = CARTESIAN_POINT ( 'NONE',  ( 3.666010756667742005E-17, -1.212007874015748943, -0.2993524956926487679 ) ) ;
#317 = EDGE_CURVE ( 'NONE', #1152, #344, #657, .T. ) ;
#318 = ADVANCED_FACE ( 'NONE', ( #200 ), #1573, .T. ) ;
#319 = CARTESIAN_POINT ( 'NONE',  ( -4.739780774110354360E-16, -0.3295472440944829384, -0.5167322834645668994 ) ) ;
#320 = DIRECTION ( 'NONE',  ( 0.000000000000000000, 0.000000000000000000, 1.000000000000000000 ) ) ;
#321 = EDGE_LOOP ( 'NONE', ( #119, #159 ) ) ;
#322 = CARTESIAN_POINT ( 'NONE',  ( 0.000000000000000000, -1.212007874015748943, 0.000000000000000000 ) ) ;
#323 = TOROIDAL_SURFACE ( 'NONE', #1224, 0.3091950153776878985, 0.009842519685039369942 ) ;
#324 = CIRCLE ( 'NONE', #1227, 0.3149606300000000747 ) ;
#325 = ORIENTED_EDGE ( 'NONE', *, *, #1365, .F. ) ;
#326 = CARTESIAN_POINT ( 'NONE',  ( 3.857155273869339231E-17, -1.202165354330709812, -0.3149606300000000747 ) ) ;
#327 = AXIS2_PLACEMENT_3D ( 'NONE', #562, #570, #192 ) ;
#328 = ADVANCED_FACE ( 'NONE', ( #1303 ), #370, .T. ) ;
#329 = CARTESIAN_POINT ( 'NONE',  ( 1.025683351829364739E-16, -1.527952755905512605, 0.6043307086614172485 ) ) ;
#330 = DIRECTION ( 'NONE',  ( 2.632171916664198804E-33, -4.340715498389438777E-17, -1.000000000000000000 ) ) ;
#331 = DIRECTION ( 'NONE',  ( 0.000000000000000000, 0.000000000000000000, 1.000000000000000000 ) ) ;
#332 = ADVANCED_FACE ( 'NONE', ( #538 ), #554, .F. ) ;
#333 = ORIENTED_EDGE ( 'NONE', *, *, #676, .T. ) ;
#334 = CARTESIAN_POINT ( 'NONE',  ( -8.616261780726131224E-33, -1.413779527559056115, -0.3543307086614173596 ) ) ;
#335 = APPROVAL ( #381, 'UNSPECIFIED' ) ;
#336 = CARTESIAN_POINT ( 'NONE',  ( -1.264840288333748361E-17, -0.2120669291338526385, -0.6692913385826771977 ) ) ;
#337 = DIRECTION ( 'NONE',  ( 0.000000000000000000, 0.000000000000000000, 1.000000000000000000 ) ) ;
#338 = CARTESIAN_POINT ( 'NONE',  ( 0.000000000000000000, -0.7887795275590564481, 0.000000000000000000 ) ) ;
#339 = ORIENTED_EDGE ( 'NONE', *, *, #779, .F. ) ;
#340 = EDGE_LOOP ( 'NONE', ( #812, #1269 ) ) ;
#341 = CARTESIAN_POINT ( 'NONE',  ( 0.000000000000000000, -0.7986220472440956897, 0.000000000000000000 ) ) ;
#342 = DIRECTION ( 'NONE',  ( 0.000000000000000000, 0.000000000000000000, -1.000000000000000000 ) ) ;
#343 = CARTESIAN_POINT ( 'NONE',  ( 0.6692913385826771977, -1.527952755905512605, -5.363067765795362848E-17 ) ) ;
#344 = VERTEX_POINT ( 'NONE', #1034 ) ;
#345 = VERTEX_POINT ( 'NONE', #67 ) ;
#346 = FACE_OUTER_BOUND ( 'NONE', #488, .T. ) ;
#347 = AXIS2_PLACEMENT_3D ( 'NONE', #1421, #824, #679 ) ;
#348 = AXIS2_PLACEMENT_3D ( 'NONE', #729, #1467, #342 ) ;
#349 = DIRECTION ( 'NONE',  ( 0.000000000000000000, 0.000000000000000000, 1.000000000000000000 ) ) ;
#350 = VECTOR ( 'NONE', #1239, 39.37007874015748143 ) ;
#351 = DIRECTION ( 'NONE',  ( -0.000000000000000000, 1.000000000000000000, -0.000000000000000000 ) ) ;
#352 = EDGE_CURVE ( 'NONE', #475, #75, #1280, .T. ) ;
#353 = ORIENTED_EDGE ( 'NONE', *, *, #1243, .F. ) ;
#354 = EDGE_CURVE ( 'NONE', #747, #468, #687, .T. ) ;
#355 = ORIENTED_EDGE ( 'NONE', *, *, #483, .T. ) ;
#356 = DIRECTION ( 'NONE',  ( -0.000000000000000000, 1.000000000000000000, -0.000000000000000000 ) ) ;
#357 = LINE ( 'NONE', #1094, #1078 ) ;
#358 = CARTESIAN_POINT ( 'NONE',  ( -8.616261780726131224E-33, -1.413779527559056115, -0.3543307086614173596 ) ) ;
#359 = ORIENTED_EDGE ( 'NONE', *, *, #907, .T. ) ;
#360 = VERTEX_POINT ( 'NONE', #1543 ) ;
#361 = DIRECTION ( 'NONE',  ( -1.000000000000000000, 0.000000000000000000, 0.000000000000000000 ) ) ;
#362 = FACE_OUTER_BOUND ( 'NONE', #463, .T. ) ;
#363 = FACE_OUTER_BOUND ( 'NONE', #1594, .T. ) ;
#364 = EDGE_CURVE ( 'NONE', #932, #690, #1500, .T. ) ;
#365 = DIRECTION ( 'NONE',  ( -0.000000000000000000, -1.000000000000000000, -0.000000000000000000 ) ) ;
#366 = ORIENTED_EDGE ( 'NONE', *, *, #1400, .T. ) ;
#367 = ORIENTED_EDGE ( 'NONE', *, *, #1537, .T. ) ;
#368 = FACE_OUTER_BOUND ( 'NONE', #259, .T. ) ;
#369 = CARTESIAN_POINT ( 'NONE',  ( 0.000000000000000000, -0.7887795275590564481, 0.000000000000000000 ) ) ;
#370 = TOROIDAL_SURFACE ( 'NONE', #1072, 0.3091950153776878985, 0.009842519685039369942 ) ;
#371 = CIRCLE ( 'NONE', #1282, 0.8500000000000000888 ) ;
#372 = FACE_OUTER_BOUND ( 'NONE', #1244, .T. ) ;
#373 = TOROIDAL_SURFACE ( 'NONE', #1284, 0.8500000000000000888, 0.09374999999999998612 ) ;
#374 = ORIENTED_EDGE ( 'NONE', *, *, #1184, .T. ) ;
#375 = EDGE_CURVE ( 'NONE', #1460, #609, #6, .T. ) ;
#376 = ORIENTED_EDGE ( 'NONE', *, *, #1289, .F. ) ;
#377 = DIRECTION ( 'NONE',  ( 0.000000000000000000, 0.000000000000000000, 1.000000000000000000 ) ) ;
#378 = CARTESIAN_POINT ( 'NONE',  ( -3.627686192688611578E-32, -1.403937007874016540, -4.580371886574748567E-17 ) ) ;
#379 = EDGE_CURVE ( 'NONE', #989, #741, #1075, .T. ) ;
#380 = CARTESIAN_POINT ( 'NONE',  ( 0.6692913385826771977, -1.527952755905512605, -5.363067765795362848E-17 ) ) ;
#381 = APPROVAL_STATUS ( 'not_yet_approved' ) ;
#382 = CYLINDRICAL_SURFACE ( 'NONE', #160, 0.3149606300000000747 ) ;
#383 = ORIENTED_EDGE ( 'NONE', *, *, #449, .T. ) ;
#384 = CIRCLE ( 'NONE', #1293, 0.2993524956926486569 ) ;
#385 = ADVANCED_FACE ( 'NONE', ( #572 ), #1308, .T. ) ;
#386 = CIRCLE ( 'NONE', #149, 0.3051181102362210407 ) ;
#387 = ORIENTED_EDGE ( 'NONE', *, *, #902, .T. ) ;
#388 = CARTESIAN_POINT ( 'NONE',  ( 0.000000000000000000, -0.2120669291338526385, 0.000000000000000000 ) ) ;
#389 = DIRECTION ( 'NONE',  ( -1.780911192939401524E-31, 1.000000000000000000, -1.224646799147353700E-16 ) ) ;
#390 = DIRECTION ( 'NONE',  ( 6.063912545387572683E-17, -1.000000000000000000, 4.340715498389438777E-17 ) ) ;
#391 = COORDINATED_UNIVERSAL_TIME_OFFSET ( 8, 0, .BEHIND. ) ;
#392 = DIRECTION ( 'NONE',  ( 0.000000000000000000, -1.000000000000000000, 0.000000000000000000 ) ) ;
#393 = EDGE_LOOP ( 'NONE', ( #720, #881, #757, #333 ) ) ;
#394 = EDGE_CURVE ( 'NONE', #360, #345, #297, .T. ) ;
#395 = ORIENTED_EDGE ( 'NONE', *, *, #273, .F. ) ;
#396 = CARTESIAN_POINT ( 'NONE',  ( 1.047073013270987016E-16, 1.755360567150476392, -0.8549999999999999822 ) ) ;
#397 = DIRECTION ( 'NONE',  ( 0.000000000000000000, 0.000000000000000000, -1.000000000000000000 ) ) ;
#398 = ADVANCED_FACE ( 'NONE', ( #1408 ), #1047, .T. ) ;
#399 = CARTESIAN_POINT ( 'NONE',  ( -8.616261780726131224E-33, -1.403937007874016540, -7.582401355855259480E-33 ) ) ;
#400 = VECTOR ( 'NONE', #139, 39.37007874015748143 ) ;
#401 = CIRCLE ( 'NONE', #604, 0.3091950153776878985 ) ;
#402 = ORIENTED_EDGE ( 'NONE', *, *, #1585, .F. ) ;
#403 = EDGE_CURVE ( 'NONE', #713, #797, #1447, .T. ) ;
#404 = AXIS2_PLACEMENT_3D ( 'NONE', #1041, #157, #1399 ) ;
#405 = ORIENTED_EDGE ( 'NONE', *, *, #1211, .F. ) ;
#406 = CARTESIAN_POINT ( 'NONE',  ( 1.047073013270987016E-16, 1.755360567150476392, -0.8549999999999999822 ) ) ;
#407 = EDGE_CURVE ( 'NONE', #1036, #1029, #894, .T. ) ;
#408 = DIRECTION ( 'NONE',  ( -0.000000000000000000, 1.000000000000000000, -0.000000000000000000 ) ) ;
#409 = ORIENTED_EDGE ( 'NONE', *, *, #483, .F. ) ;
#410 = DIRECTION ( 'NONE',  ( -0.000000000000000000, 1.000000000000000000, -0.000000000000000000 ) ) ;
#411 = CARTESIAN_POINT ( 'NONE',  ( 0.000000000000000000, -0.9007381889763794725, 0.000000000000000000 ) ) ;
#412 = ORIENTED_EDGE ( 'NONE', *, *, #317, .T. ) ;
#413 = CARTESIAN_POINT ( 'NONE',  ( 0.000000000000000000, -1.212007874015748943, 0.3091950153776881760 ) ) ;
#414 = CIRCLE ( 'NONE', #283, 0.3022353029644345712 ) ;
#415 = CARTESIAN_POINT ( 'NONE',  ( 0.3091950153776878985, -1.212007874015749165, 3.756336727409478816E-17 ) ) ;
#416 = PERSON_AND_ORGANIZATION_ROLE ( 'design_supplier' ) ;
#417 = VERTEX_POINT ( 'NONE', #62 ) ;
#418 = CARTESIAN_POINT ( 'NONE',  ( -1.264840288333748361E-17, -1.527952755905512605, -0.6692913385826771977 ) ) ;
#419 = ORIENTED_EDGE ( 'NONE', *, *, #407, .F. ) ;
#420 = CARTESIAN_POINT ( 'NONE',  ( -0.6692913385826771977, -1.527952755905512605, -2.833387189127868284E-17 ) ) ;
#421 = EDGE_LOOP ( 'NONE', ( #1120, #1593 ) ) ;
#422 = DIRECTION ( 'NONE',  ( 0.000000000000000000, 1.000000000000000000, 0.000000000000000000 ) ) ;
#423 = DIRECTION ( 'NONE',  ( -0.000000000000000000, 1.000000000000000000, -0.000000000000000000 ) ) ;
#424 = ORIENTED_EDGE ( 'NONE', *, *, #151, .F. ) ;
#425 = CARTESIAN_POINT ( 'NONE',  ( -1.264840288333748361E-17, -1.527952755905512605, -0.6692913385826771977 ) ) ;
#426 = AXIS2_PLACEMENT_3D ( 'NONE', #115, #1110, #1511 ) ;
#427 = VERTEX_POINT ( 'NONE', #564 ) ;
#428 = DIRECTION ( 'NONE',  ( 0.000000000000000000, 0.000000000000000000, 1.000000000000000000 ) ) ;
#429 = APPROVAL_PERSON_ORGANIZATION ( #1002, #206, #876 ) ;
#430 = TOROIDAL_SURFACE ( 'NONE', #1333, 0.3091950153776880095, 0.009842519685039369942 ) ;
#431 = EDGE_CURVE ( 'NONE', #547, #1619, #8, .T. ) ;
#432 = VERTEX_POINT ( 'NONE', #1471 ) ;
#433 = TOROIDAL_SURFACE ( 'NONE', #1388, 0.3091950153776881760, 0.009842519685039369942 ) ;
#434 = APPROVAL_STATUS ( 'not_yet_approved' ) ;
#435 = VECTOR ( 'NONE', #721, 39.37007874015748143 ) ;
#436 = DIRECTION ( 'NONE',  ( -1.000000000000000000, 0.000000000000000000, 0.000000000000000000 ) ) ;
#437 = CARTESIAN_POINT ( 'NONE',  ( -2.459580203641243147E-17, -1.202165354330709812, -7.293370927659594675E-19 ) ) ;
#438 = DIRECTION ( 'NONE',  ( 0.000000000000000000, 0.000000000000000000, 1.000000000000000000 ) ) ;
#439 = ORIENTED_EDGE ( 'NONE', *, *, #1605, .T. ) ;
#440 = EDGE_CURVE ( 'NONE', #1106, #1499, #1385, .T. ) ;
#441 = PERSON_AND_ORGANIZATION_ROLE ( 'design_owner' ) ;
#442 = EDGE_CURVE ( 'NONE', #565, #176, #1608, .T. ) ;
#443 = CYLINDRICAL_SURFACE ( 'NONE', #1587, 0.3149606300000000747 ) ;
#444 = AXIS2_PLACEMENT_3D ( 'NONE', #1615, #15, #519 ) ;
#445 = CIRCLE ( 'NONE', #1215, 0.06496062992125993529 ) ;
#446 = CARTESIAN_POINT ( 'NONE',  ( 0.6692913385826771977, -0.2120669291338526385, -5.363067765795362848E-17 ) ) ;
#447 = DIRECTION ( 'NONE',  ( -1.000000000000000000, 0.000000000000000000, 0.000000000000000000 ) ) ;
#448 = ORIENTED_EDGE ( 'NONE', *, *, #1537, .F. ) ;
#449 = EDGE_CURVE ( 'NONE', #1328, #1367, #1098, .T. ) ;
#450 = DIRECTION ( 'NONE',  ( 0.000000000000000000, 0.000000000000000000, 1.000000000000000000 ) ) ;
#451 = EDGE_CURVE ( 'NONE', #847, #1235, #1179, .T. ) ;
#452 = DIRECTION ( 'NONE',  ( 0.000000000000000000, 0.000000000000000000, 1.000000000000000000 ) ) ;
#453 = CARTESIAN_POINT ( 'NONE',  ( 0.000000000000000000, -0.7986220472440956897, 0.000000000000000000 ) ) ;
#454 = EDGE_CURVE ( 'NONE', #1619, #932, #1599, .T. ) ;
#455 = ORIENTED_EDGE ( 'NONE', *, *, #394, .F. ) ;
#456 = AXIS2_PLACEMENT_3D ( 'NONE', #4, #1003, #276 ) ;
#457 = ORIENTED_EDGE ( 'NONE', *, *, #261, .T. ) ;
#458 = CARTESIAN_POINT ( 'NONE',  ( 0.000000000000000000, -1.202165354330709812, 0.000000000000000000 ) ) ;
#459 = CIRCLE ( 'NONE', #214, 0.06496062992125979652 ) ;
#460 = DIRECTION ( 'NONE',  ( -6.063912545387572683E-17, 1.000000000000000000, -4.340715498389438777E-17 ) ) ;
#461 = DIRECTION ( 'NONE',  ( -6.063912545387572683E-17, 1.000000000000000000, -4.340715498389438777E-17 ) ) ;
#462 = ORIENTED_EDGE ( 'NONE', *, *, #1349, .F. ) ;
#463 = EDGE_LOOP ( 'NONE', ( #958, #855, #900, #742 ) ) ;
#464 = DIRECTION ( 'NONE',  ( 0.000000000000000000, 0.000000000000000000, -1.000000000000000000 ) ) ;
#465 = DIRECTION ( 'NONE',  ( -6.063912545387572683E-17, 1.000000000000000000, -4.340715498389438777E-17 ) ) ;
#466 = FACE_BOUND ( 'NONE', #100, .T. ) ;
#467 = AXIS2_PLACEMENT_3D ( 'NONE', #1378, #1001, #875 ) ;
#468 = VERTEX_POINT ( 'NONE', #1089 ) ;
#469 = EDGE_LOOP ( 'NONE', ( #1569, #1442, #395, #228 ) ) ;
#470 = CARTESIAN_POINT ( 'NONE',  ( 0.000000000000000000, -0.9944881889763790284, 0.7562500000000001998 ) ) ;
#471 = CARTESIAN_POINT ( 'NONE',  ( 1.025683351829364739E-16, -1.527952755905512605, 0.6043307086614172485 ) ) ;
#472 = DIRECTION ( 'NONE',  ( 0.000000000000000000, 0.000000000000000000, -1.000000000000000000 ) ) ;
#473 = ORIENTED_EDGE ( 'NONE', *, *, #57, .T. ) ;
#474 = CIRCLE ( 'NONE', #1383, 0.009842519685039378616 ) ;
#475 = VERTEX_POINT ( 'NONE', #217 ) ;
#476 = CARTESIAN_POINT ( 'NONE',  ( 0.000000000000000000, -1.205048161602495727, 0.000000000000000000 ) ) ;
#477 = AXIS2_PLACEMENT_3D ( 'NONE', #945, #1438, #669 ) ;
#478 = CIRCLE ( 'NONE', #689, 0.009842519685039378616 ) ;
#479 = CARTESIAN_POINT ( 'NONE',  ( 1.047073013270987016E-16, -1.088238188976379028, -0.8549999999999999822 ) ) ;
#480 = ORIENTED_EDGE ( 'NONE', *, *, #825, .F. ) ;
#481 = ORIENTED_EDGE ( 'NONE', *, *, #20, .T. ) ;
#482 = CARTESIAN_POINT ( 'NONE',  ( -0.6692913385826771977, -0.2120669291338526385, 0.06496062992125983815 ) ) ;
#483 = EDGE_CURVE ( 'NONE', #600, #905, #1574, .T. ) ;
#484 = CARTESIAN_POINT ( 'NONE',  ( 0.000000000000000000, -1.527952755905512605, 0.000000000000000000 ) ) ;
#485 = CARTESIAN_POINT ( 'NONE',  ( 0.000000000000000000, -0.9944881889763790284, 0.000000000000000000 ) ) ;
#486 = DIRECTION ( 'NONE',  ( 0.000000000000000000, 1.000000000000000000, 0.000000000000000000 ) ) ;
#487 = VERTEX_POINT ( 'NONE', #585 ) ;
#488 = EDGE_LOOP ( 'NONE', ( #1304, #306, #1226, #507, #909 ) ) ;
#489 = DIRECTION ( 'NONE',  ( 6.063912545387572683E-17, -1.000000000000000000, 4.340715498389438777E-17 ) ) ;
#490 = DIRECTION ( 'NONE',  ( -0.000000000000000000, 1.000000000000000000, -0.000000000000000000 ) ) ;
#491 = DIRECTION ( 'NONE',  ( 0.000000000000000000, 0.000000000000000000, 1.000000000000000000 ) ) ;
#492 = EDGE_CURVE ( 'NONE', #1246, #1410, #108, .T. ) ;
#493 = CARTESIAN_POINT ( 'NONE',  ( 0.000000000000000000, -0.7986220472440956897, 0.000000000000000000 ) ) ;
#494 = EDGE_LOOP ( 'NONE', ( #1352, #526 ) ) ;
#495 = CARTESIAN_POINT ( 'NONE',  ( -2.399896025044908652E-17, -1.212007874015749165, -3.021013153654238003E-19 ) ) ;
#496 = CC_DESIGN_PERSON_AND_ORGANIZATION_ASSIGNMENT ( #1505, #1379, ( #212 ) ) ;
#497 = VERTEX_POINT ( 'NONE', #708 ) ;
#498 = CARTESIAN_POINT ( 'NONE',  ( 3.736619170626772979E-17, -1.221850393700788517, 0.3051181102362209852 ) ) ;
#499 = AXIS2_PLACEMENT_3D ( 'NONE', #737, #1221, #397 ) ;
#500 = PRODUCT_DEFINITION_FORMATION_WITH_SPECIFIED_SOURCE ( 'ANY', '', #943, .NOT_KNOWN. ) ;
#501 = CARTESIAN_POINT ( 'NONE',  ( 0.000000000000000000, -1.527952755905512605, 0.000000000000000000 ) ) ;
#502 = PLANE ( 'NONE',  #467 ) ;
#503 = DATE_AND_TIME ( #536, #1122 ) ;
#504 = AXIS2_PLACEMENT_3D ( 'NONE', #91, #461, #1082 ) ;
#505 = CARTESIAN_POINT ( 'NONE',  ( 0.000000000000000000, 1.755360567150476392, 0.000000000000000000 ) ) ;
#506 = CIRCLE ( 'NONE', #715, 0.06496062992125993529 ) ;
#507 = ORIENTED_EDGE ( 'NONE', *, *, #841, .T. ) ;
#508 = DIRECTION ( 'NONE',  ( 1.000000000000000000, 0.000000000000000000, -1.224646799147353207E-16 ) ) ;
#509 = VERTEX_POINT ( 'NONE', #1591 ) ;
#510 = DIRECTION ( 'NONE',  ( -0.000000000000000000, 1.000000000000000000, -0.000000000000000000 ) ) ;
#511 = CARTESIAN_POINT ( 'NONE',  ( 0.000000000000000000, -1.221850393700788517, -0.3051181102362209852 ) ) ;
#512 = DIRECTION ( 'NONE',  ( 0.000000000000000000, 0.000000000000000000, 1.000000000000000000 ) ) ;
#513 = DIRECTION ( 'NONE',  ( -0.000000000000000000, 1.000000000000000000, -0.000000000000000000 ) ) ;
#514 = VERTEX_POINT ( 'NONE', #987 ) ;
#515 = DIRECTION ( 'NONE',  ( -1.000000000000000000, -6.063912545387572683E-17, 2.632171916664198804E-33 ) ) ;
#516 = AXIS2_PLACEMENT_3D ( 'NONE', #549, #1169, #1026 ) ;
#517 = ADVANCED_FACE ( 'NONE', ( #109 ), #55, .F. ) ;
#518 = ORIENTED_EDGE ( 'NONE', *, *, #1387, .T. ) ;
#519 = DIRECTION ( 'NONE',  ( 0.000000000000000000, 0.000000000000000000, 1.000000000000000000 ) ) ;
#520 = LINE ( 'NONE', #1018, #270 ) ;
#521 = CARTESIAN_POINT ( 'NONE',  ( 0.000000000000000000, -1.527952755905512605, 0.3149606300000000747 ) ) ;
#522 = ADVANCED_FACE ( 'NONE', ( #702, #466 ), #1223, .F. ) ;
#523 = FACE_BOUND ( 'NONE', #982, .T. ) ;
#525 = ADVANCED_FACE ( 'NONE', ( #1197 ), #712, .F. ) ;
#524 = VERTEX_POINT ( 'NONE', #1356 ) ;
#526 = ORIENTED_EDGE ( 'NONE', *, *, #1108, .T. ) ;
#527 = FACE_OUTER_BOUND ( 'NONE', #312, .T. ) ;
#528 = DIRECTION ( 'NONE',  ( 1.000000000000000000, 0.000000000000000000, 0.000000000000000000 ) ) ;
#529 = VECTOR ( 'NONE', #191, 39.37007874015748854 ) ;
#530 = ORGANIZATION ( 'UNSPECIFIED', 'UNSPECIFIED', '' ) ;
#531 = EDGE_LOOP ( 'NONE', ( #617, #915 ) ) ;
#532 = CARTESIAN_POINT ( 'NONE',  ( 0.000000000000000000, -1.205048161602495727, 0.000000000000000000 ) ) ;
#533 = CIRCLE ( 'NONE', #739, 0.3444881889763779514 ) ;
#534 = VERTEX_POINT ( 'NONE', #358 ) ;
#535 = FACE_OUTER_BOUND ( 'NONE', #1016, .T. ) ;
#536 = CALENDAR_DATE ( 2026, 20, 3 ) ;
#537 = DIRECTION ( 'NONE',  ( -1.224646799147349509E-16, 0.000000000000000000, -1.000000000000000000 ) ) ;
#538 = FACE_OUTER_BOUND ( 'NONE', #1539, .T. ) ;
#539 = ORIENTED_EDGE ( 'NONE', *, *, #1409, .T. ) ;
#540 =( NAMED_UNIT ( * ) SI_UNIT ( $, .STERADIAN. ) SOLID_ANGLE_UNIT ( ) );
#541 = VECTOR ( 'NONE', #1454, 39.37007874015748854 ) ;
#542 = FACE_OUTER_BOUND ( 'NONE', #1219, .T. ) ;
#543 = UNCERTAINTY_MEASURE_WITH_UNIT (LENGTH_MEASURE( 1.000000000000000082E-05 ), #169, 'distance_accuracy_value', 'NONE');
#544 = DIRECTION ( 'NONE',  ( -0.000000000000000000, 1.000000000000000000, -0.000000000000000000 ) ) ;
#545 = EDGE_CURVE ( 'NONE', #970, #1085, #401, .T. ) ;
#546 = DIRECTION ( 'NONE',  ( -0.000000000000000000, 1.000000000000000000, -0.000000000000000000 ) ) ;
#547 = VERTEX_POINT ( 'NONE', #861 ) ;
#548 = CYLINDRICAL_SURFACE ( 'NONE', #1074, 0.3543307086614173596 ) ;
#549 = CARTESIAN_POINT ( 'NONE',  ( 0.000000000000000000, -0.7887795275590564481, 0.000000000000000000 ) ) ;
#550 = LINE ( 'NONE', #1428, #1121 ) ;
#551 = DIRECTION ( 'NONE',  ( 0.000000000000000000, 0.000000000000000000, 1.000000000000000000 ) ) ;
#552 = ADVANCED_FACE ( 'NONE', ( #597 ), #1470, .F. ) ;
#553 = CIRCLE ( 'NONE', #1258, 0.009842519685039378616 ) ;
#554 = CYLINDRICAL_SURFACE ( 'NONE', #134, 0.06496062992125986590 ) ;
#555 = CC_DESIGN_SECURITY_CLASSIFICATION ( #212, ( #500 ) ) ;
#556 = AXIS2_PLACEMENT_3D ( 'NONE', #1350, #954, #725 ) ;
#557 = ORIENTED_EDGE ( 'NONE', *, *, #29, .F. ) ;
#558 = CIRCLE ( 'NONE', #1181, 0.3149606300000001302 ) ;
#559 = DIRECTION ( 'NONE',  ( -0.000000000000000000, 1.000000000000000000, -0.000000000000000000 ) ) ;
#560 = AXIS2_PLACEMENT_3D ( 'NONE', #336, #1582, #1330 ) ;
#561 = LINE ( 'NONE', #334, #541 ) ;
#562 = CARTESIAN_POINT ( 'NONE',  ( -5.372595311071339009E-16, -0.2120669291338526385, -1.621240846744013110E-17 ) ) ;
#563 = EDGE_CURVE ( 'NONE', #497, #13, #736, .T. ) ;
#564 = CARTESIAN_POINT ( 'NONE',  ( -8.616261780726131224E-33, -1.527952755905512827, -0.3543307086614173596 ) ) ;
#565 = VERTEX_POINT ( 'NONE', #233 ) ;
#566 = DIRECTION ( 'NONE',  ( 0.000000000000000000, 0.000000000000000000, 1.000000000000000000 ) ) ;
#567 = EDGE_CURVE ( 'NONE', #1305, #1301, #74, .T. ) ;
#568 = CARTESIAN_POINT ( 'NONE',  ( 3.786546858946024408E-17, -1.212007874015748943, -0.3091950153776881760 ) ) ;
#569 = AXIS2_PLACEMENT_3D ( 'NONE', #777, #1273, #681 ) ;
#570 = DIRECTION ( 'NONE',  ( 0.000000000000000000, -1.000000000000000000, 0.000000000000000000 ) ) ;
#571 = EDGE_CURVE ( 'NONE', #345, #1460, #1326, .T. ) ;
#572 = FACE_OUTER_BOUND ( 'NONE', #1296, .T. ) ;
#573 = EDGE_CURVE ( 'NONE', #1190, #509, #371, .T. ) ;
#574 = EDGE_LOOP ( 'NONE', ( #1588, #1359, #1393, #1342 ) ) ;
#575 = CARTESIAN_POINT ( 'NONE',  ( 0.000000000000000000, -0.7916623348308421404, 0.000000000000000000 ) ) ;
#576 = DIRECTION ( 'NONE',  ( 0.000000000000000000, 0.000000000000000000, 1.000000000000000000 ) ) ;
#577 = DIRECTION ( 'NONE',  ( -0.000000000000000000, 1.000000000000000000, -0.000000000000000000 ) ) ;
#578 = EDGE_LOOP ( 'NONE', ( #1580, #1163 ) ) ;
#579 = AXIS2_PLACEMENT_3D ( 'NONE', #1552, #930, #798 ) ;
#580 = AXIS2_PLACEMENT_3D ( 'NONE', #413, #901, #926 ) ;
#581 = AXIS2_PLACEMENT_3D ( 'NONE', #53, #1042, #331 ) ;
#582 = DIRECTION ( 'NONE',  ( -6.063912545387572683E-17, 1.000000000000000000, -4.340715498389438777E-17 ) ) ;
#583 = VECTOR ( 'NONE', #221, 39.37007874015748143 ) ;
#584 = DIRECTION ( 'NONE',  ( 0.000000000000000000, 0.000000000000000000, 1.000000000000000000 ) ) ;
#585 = CARTESIAN_POINT ( 'NONE',  ( 3.718967067137016006E-17, -1.218967586429002381, 0.3022353029644349043 ) ) ;
#586 = ORIENTED_EDGE ( 'NONE', *, *, #98, .T. ) ;
#587 = ORIENTED_EDGE ( 'NONE', *, *, #255, .F. ) ;
#588 = DIRECTION ( 'NONE',  ( -0.000000000000000000, 1.000000000000000000, -0.000000000000000000 ) ) ;
#589 = VECTOR ( 'NONE', #588, 39.37007874015748143 ) ;
#590 = LINE ( 'NONE', #471, #663 ) ;
#591 = CONICAL_SURFACE ( 'NONE', #774, 0.3051181102362204300, 0.7853981633974604915 ) ;
#592 = DIRECTION ( 'NONE',  ( 0.000000000000000000, -1.000000000000000000, 0.000000000000000000 ) ) ;
#593 = EDGE_LOOP ( 'NONE', ( #1434, #339, #997, #1502 ) ) ;
#594 = ORIENTED_EDGE ( 'NONE', *, *, #1316, .F. ) ;
#595 = CARTESIAN_POINT ( 'NONE',  ( 0.000000000000000000, -1.221850393700788517, 0.000000000000000000 ) ) ;
#596 = DIRECTION ( 'NONE',  ( -0.000000000000000000, 1.000000000000000000, -0.000000000000000000 ) ) ;
#597 = FACE_OUTER_BOUND ( 'NONE', #1058, .T. ) ;
#598 = ADVANCED_FACE ( 'NONE', ( #1112, #372 ), #1119, .T. ) ;
#599 = ADVANCED_FACE ( 'NONE', ( #1514 ), #430, .T. ) ;
#600 = VERTEX_POINT ( 'NONE', #1496 ) ;
#601 = EDGE_LOOP ( 'NONE', ( #1090, #727, #481, #1458 ) ) ;
#602 = LINE ( 'NONE', #396, #618 ) ;
#603 = AXIS2_PLACEMENT_3D ( 'NONE', #49, #1394, #1278 ) ;
#604 = AXIS2_PLACEMENT_3D ( 'NONE', #1456, #99, #1480 ) ;
#605 = DIRECTION ( 'NONE',  ( 0.000000000000000000, 0.000000000000000000, 1.000000000000000000 ) ) ;
#606 = DIRECTION ( 'NONE',  ( 0.000000000000000000, 0.000000000000000000, 1.000000000000000000 ) ) ;
#607 = EDGE_CURVE ( 'NONE', #1235, #847, #324, .T. ) ;
#608 = MANIFOLD_SOLID_BREP ( 'Cut-Extrude2', #1597 ) ;
#609 = VERTEX_POINT ( 'NONE', #241 ) ;
#610 = ORIENTED_EDGE ( 'NONE', *, *, #1349, .T. ) ;
#611 = PLANE ( 'NONE',  #1279 ) ;
#612 = ADVANCED_FACE ( 'NONE', ( #1530 ), #897, .T. ) ;
#613 = DIRECTION ( 'NONE',  ( 0.000000000000000000, 0.000000000000000000, 1.000000000000000000 ) ) ;
#614 = DIRECTION ( 'NONE',  ( 0.000000000000000000, -1.000000000000000000, 0.000000000000000000 ) ) ;
#615 = CARTESIAN_POINT ( 'NONE',  ( 0.000000000000000000, -1.088238188976379028, 0.000000000000000000 ) ) ;
#616 = CC_DESIGN_DATE_AND_TIME_ASSIGNMENT ( #785, #1520, ( #281 ) ) ;
#617 = ORIENTED_EDGE ( 'NONE', *, *, #694, .T. ) ;
#618 = VECTOR ( 'NONE', #1230, 39.37007874015748143 ) ;
#619 = ORIENTED_EDGE ( 'NONE', *, *, #20, .F. ) ;
#620 = DIRECTION ( 'NONE',  ( -0.000000000000000000, -1.000000000000000000, -0.000000000000000000 ) ) ;
#621 = FACE_BOUND ( 'NONE', #1213, .T. ) ;
#622 = DIRECTION ( 'NONE',  ( 0.8717917172293202510, 0.000000000000000000, 0.4898767209924888566 ) ) ;
#623 = PERSON_AND_ORGANIZATION ( #1449, #530 ) ;
#624 = APPLICATION_CONTEXT ( 'configuration controlled 3d designs of mechanical parts and assemblies' ) ;
#625 = PLANE ( 'NONE',  #456 ) ;
#626 = VERTEX_POINT ( 'NONE', #1261 ) ;
#627 = DIRECTION ( 'NONE',  ( 0.000000000000000000, 0.000000000000000000, 1.000000000000000000 ) ) ;
#628 = ORIENTED_EDGE ( 'NONE', *, *, #931, .T. ) ;
#629 = CARTESIAN_POINT ( 'NONE',  ( 0.6692913385826771977, -1.527952755905512605, 0.06496062992125974100 ) ) ;
#630 = LOCAL_TIME ( 19, 12, 55.00000000000000000, #130 ) ;
#631 = AXIS2_PLACEMENT_3D ( 'NONE', #343, #486, #606 ) ;
#632 = CALENDAR_DATE ( 2026, 20, 3 ) ;
#633 = AXIS2_PLACEMENT_3D ( 'NONE', #425, #1407, #1048 ) ;
#634 = CARTESIAN_POINT ( 'NONE',  ( 9.461295243256980570E-17, -0.2120669291338526385, 0.6692913385826771977 ) ) ;
#635 = ORIENTED_EDGE ( 'NONE', *, *, #1140, .F. ) ;
#636 = DIRECTION ( 'NONE',  ( 0.000000000000000000, 0.000000000000000000, 1.000000000000000000 ) ) ;
#637 = ORIENTED_EDGE ( 'NONE', *, *, #317, .F. ) ;
#638 = CARTESIAN_POINT ( 'NONE',  ( 4.339299682018180063E-17, -0.4017384203655236519, 0.3543307086614173596 ) ) ;
#639 = EDGE_CURVE ( 'NONE', #1264, #768, #947, .T. ) ;
#640 = DIRECTION ( 'NONE',  ( 0.000000000000000000, 0.000000000000000000, -1.000000000000000000 ) ) ;
#641 = LINE ( 'NONE', #521, #254 ) ;
#642 = ADVANCED_FACE ( 'NONE', ( #878, #746, #649, #523, #117, #1390 ), #625, .F. ) ;
#643 = CARTESIAN_POINT ( 'NONE',  ( 0.000000000000000000, -1.212007874015748943, 0.000000000000000000 ) ) ;
#644 = ORIENTED_EDGE ( 'NONE', *, *, #449, .F. ) ;
#645 = CIRCLE ( 'NONE', #249, 0.3149606300000000747 ) ;
#646 = ORIENTED_EDGE ( 'NONE', *, *, #1268, .T. ) ;
#647 = CYLINDRICAL_SURFACE ( 'NONE', #603, 0.3149606300000000747 ) ;
#648 = DIRECTION ( 'NONE',  ( 6.063912545387572683E-17, -1.000000000000000000, 4.340715498389438777E-17 ) ) ;
#649 = FACE_BOUND ( 'NONE', #196, .T. ) ;
#650 = ORIENTED_EDGE ( 'NONE', *, *, #203, .F. ) ;
#651 = CARTESIAN_POINT ( 'NONE',  ( 3.786546858946023175E-17, -0.7986220472440956897, 0.3091950153776880095 ) ) ;
#652 = ADVANCED_FACE ( 'NONE', ( #1506 ), #382, .F. ) ;
#653 = VERTEX_POINT ( 'NONE', #132 ) ;
#654 = CARTESIAN_POINT ( 'NONE',  ( 3.718967067137011692E-17, -0.8055817596573489059, 0.3022353029644346267 ) ) ;
#655 = CARTESIAN_POINT ( 'NONE',  ( -5.372595311071339009E-16, -1.791086850877700920, -1.621240846744013110E-17 ) ) ;
#656 = CALENDAR_DATE ( 2026, 20, 3 ) ;
#657 = CIRCLE ( 'NONE', #579, 0.8500000000000000888 ) ;
#658 = DIRECTION ( 'NONE',  ( 0.000000000000000000, 0.000000000000000000, 1.000000000000000000 ) ) ;
#659 = CC_DESIGN_APPROVAL ( #335, ( #500 ) ) ;
#660 = AXIS2_PLACEMENT_3D ( 'NONE', #1463, #836, #1334 ) ;
#661 = EDGE_LOOP ( 'NONE', ( #862, #1375, #594, #252 ) ) ;
#662 = FACE_OUTER_BOUND ( 'NONE', #174, .T. ) ;
#663 = VECTOR ( 'NONE', #596, 39.37007874015748143 ) ;
#664 = ORIENTED_EDGE ( 'NONE', *, *, #1423, .T. ) ;
#665 = EDGE_CURVE ( 'NONE', #797, #713, #867, .T. ) ;
#666 = CARTESIAN_POINT ( 'NONE',  ( 0.6692913385826771977, -1.527952755905512605, -0.06496062992125983815 ) ) ;
#667 = ORIENTED_EDGE ( 'NONE', *, *, #1130, .T. ) ;
#668 = DIRECTION ( 'NONE',  ( 0.000000000000000000, -1.000000000000000000, 0.000000000000000000 ) ) ;
#669 = DIRECTION ( 'NONE',  ( 0.000000000000000000, 0.000000000000000000, 1.000000000000000000 ) ) ;
#670 = ADVANCED_FACE ( 'NONE', ( #311, #44 ), #1429, .T. ) ;
#671 = ORIENTED_EDGE ( 'NONE', *, *, #1025, .T. ) ;
#672 = CYLINDRICAL_SURFACE ( 'NONE', #709, 0.8549999999999999822 ) ;
#673 = AXIS2_PLACEMENT_3D ( 'NONE', #399, #150, #512 ) ;
#674 = AXIS2_PLACEMENT_3D ( 'NONE', #691, #24, #528 ) ;
#675 = CARTESIAN_POINT ( 'NONE',  ( 0.000000000000000000, -0.7986220472440952456, -0.2952755905511810774 ) ) ;
#676 = EDGE_CURVE ( 'NONE', #427, #1603, #299, .T. ) ;
#677 = DIRECTION ( 'NONE',  ( 0.000000000000000000, -1.000000000000000000, 0.000000000000000000 ) ) ;
#678 = VERTEX_POINT ( 'NONE', #1418 ) ;
#679 = DIRECTION ( 'NONE',  ( 0.000000000000000000, 0.000000000000000000, -1.000000000000000000 ) ) ;
#680 = ORIENTED_EDGE ( 'NONE', *, *, #1266, .F. ) ;
#681 = DIRECTION ( 'NONE',  ( 0.000000000000000000, 0.000000000000000000, -1.000000000000000000 ) ) ;
#682 = ORIENTED_EDGE ( 'NONE', *, *, #573, .F. ) ;
#683 = DIRECTION ( 'NONE',  ( -1.000000000000000000, 0.000000000000000000, 0.000000000000000000 ) ) ;
#684 = CIRCLE ( 'NONE', #1522, 0.3022353029644345157 ) ;
#685 = CARTESIAN_POINT ( 'NONE',  ( 0.000000000000000000, -0.8084645669291351533, 0.000000000000000000 ) ) ;
#686 = EDGE_CURVE ( 'NONE', #1603, #427, #242, .T. ) ;
#687 = CIRCLE ( 'NONE', #81, 0.5167322834645668994 ) ;
#688 = ORIENTED_EDGE ( 'NONE', *, *, #779, .T. ) ;
#689 = AXIS2_PLACEMENT_3D ( 'NONE', #1448, #330, #823 ) ;
#690 = VERTEX_POINT ( 'NONE', #1542 ) ;
#691 = CARTESIAN_POINT ( 'NONE',  ( 0.000000000000000000, -0.8084645669291351533, 0.000000000000000000 ) ) ;
#692 = EDGE_CURVE ( 'NONE', #626, #726, #9, .T. ) ;
#693 = CARTESIAN_POINT ( 'NONE',  ( 0.000000000000000000, -1.088238188976379028, 0.8549999999999999822 ) ) ;
#694 = EDGE_CURVE ( 'NONE', #432, #1305, #1156, .T. ) ;
#695 = EDGE_LOOP ( 'NONE', ( #610, #1285 ) ) ;
#696 = DIRECTION ( 'NONE',  ( -6.063912545387572683E-17, 1.000000000000000000, -4.340715498389438777E-17 ) ) ;
#697 = ORIENTED_EDGE ( 'NONE', *, *, #151, .T. ) ;
#698 = DIRECTION ( 'NONE',  ( 0.000000000000000000, 1.000000000000000000, 0.000000000000000000 ) ) ;
#699 = CARTESIAN_POINT ( 'NONE',  ( -8.616261780726131224E-33, -1.413779527559056115, -7.582401355855259480E-33 ) ) ;
#700 = AXIS2_PLACEMENT_3D ( 'NONE', #699, #959, #1092 ) ;
#701 = CARTESIAN_POINT ( 'NONE',  ( 0.000000000000000000, -1.218967586429002381, 0.000000000000000000 ) ) ;
#702 = FACE_OUTER_BOUND ( 'NONE', #1020, .T. ) ;
#703 = ADVANCED_BREP_SHAPE_REPRESENTATION ( 'O-ring holder top_Vf', ( #608, #295 ), #1178 ) ;
#704 = ORIENTED_EDGE ( 'NONE', *, *, #1225, .T. ) ;
#705 = CARTESIAN_POINT ( 'NONE',  ( 1.040949779275250386E-16, -0.9944881889763790284, -0.8500000000000000888 ) ) ;
#706 = CYLINDRICAL_SURFACE ( 'NONE', #1457, 0.3543307086614173596 ) ;
#707 = DIRECTION ( 'NONE',  ( -0.000000000000000000, 1.000000000000000000, -0.000000000000000000 ) ) ;
#708 = CARTESIAN_POINT ( 'NONE',  ( 0.000000000000000000, -0.3295472440944827164, 0.3149606300000000747 ) ) ;
#709 = AXIS2_PLACEMENT_3D ( 'NONE', #274, #64, #566 ) ;
#710 = VERTEX_POINT ( 'NONE', #1033 ) ;
#711 = AXIS2_PLACEMENT_3D ( 'NONE', #1095, #978, #854 ) ;
#712 = TOROIDAL_SURFACE ( 'NONE', #556, 0.8500000000000000888, 0.09374999999999998612 ) ;
#713 = VERTEX_POINT ( 'NONE', #1309 ) ;
#714 = CARTESIAN_POINT ( 'NONE',  ( 0.000000000000000000, -1.527952755905512605, 0.3149606300000000747 ) ) ;
#715 = AXIS2_PLACEMENT_3D ( 'NONE', #829, #1479, #605 ) ;
#716 = EDGE_CURVE ( 'NONE', #344, #1144, #765, .T. ) ;
#717 = CARTESIAN_POINT ( 'NONE',  ( 0.3091950153776878985, -1.202165354330709812, 3.713613149669426294E-17 ) ) ;
#718 = DIRECTION ( 'NONE',  ( -6.063912545387572683E-17, 1.000000000000000000, -4.340715498389438777E-17 ) ) ;
#719 = ORIENTED_EDGE ( 'NONE', *, *, #364, .F. ) ;
#720 = ORIENTED_EDGE ( 'NONE', *, *, #1439, .F. ) ;
#721 = DIRECTION ( 'NONE',  ( -0.000000000000000000, 1.000000000000000000, -0.000000000000000000 ) ) ;
#722 = EDGE_CURVE ( 'NONE', #1410, #1246, #459, .T. ) ;
#723 = DIRECTION ( 'NONE',  ( 0.000000000000000000, 1.000000000000000000, 0.000000000000000000 ) ) ;
#724 = AXIS2_PLACEMENT_3D ( 'NONE', #485, #129, #275 ) ;
#725 = DIRECTION ( 'NONE',  ( 0.000000000000000000, 0.000000000000000000, 1.000000000000000000 ) ) ;
#726 = VERTEX_POINT ( 'NONE', #286 ) ;
#727 = ORIENTED_EDGE ( 'NONE', *, *, #1060, .F. ) ;
#728 = LINE ( 'NONE', #638, #1212 ) ;
#729 = CARTESIAN_POINT ( 'NONE',  ( 0.000000000000000000, -0.7986220472440956897, 0.000000000000000000 ) ) ;
#730 = EDGE_CURVE ( 'NONE', #905, #600, #840, .T. ) ;
#731 = CARTESIAN_POINT ( 'NONE',  ( -0.6692913385826771977, -1.527952755905512605, 0.06496062992125983815 ) ) ;
#732 = ORIENTED_EDGE ( 'NONE', *, *, #607, .F. ) ;
#733 = ADVANCED_FACE ( 'NONE', ( #1302 ), #778, .F. ) ;
#734 = ORIENTED_EDGE ( 'NONE', *, *, #34, .F. ) ;
#735 = DIRECTION ( 'NONE',  ( -0.000000000000000000, 1.000000000000000000, -0.000000000000000000 ) ) ;
#736 = CIRCLE ( 'NONE', #711, 0.3149606300000000747 ) ;
#737 = CARTESIAN_POINT ( 'NONE',  ( 0.000000000000000000, -0.7986220472440956897, 0.000000000000000000 ) ) ;
#738 = EDGE_CURVE ( 'NONE', #514, #95, #1126, .T. ) ;
#739 = AXIS2_PLACEMENT_3D ( 'NONE', #1455, #1216, #337 ) ;
#740 = PLANE ( 'NONE',  #83 ) ;
#741 = VERTEX_POINT ( 'NONE', #693 ) ;
#742 = ORIENTED_EDGE ( 'NONE', *, *, #379, .F. ) ;
#743 = DIRECTION ( 'NONE',  ( 0.000000000000000000, 0.000000000000000000, 1.000000000000000000 ) ) ;
#744 = CARTESIAN_POINT ( 'NONE',  ( 0.000000000000000000, -0.3295472440944827164, 0.000000000000000000 ) ) ;
#745 = DIRECTION ( 'NONE',  ( 0.000000000000000000, 0.000000000000000000, 1.000000000000000000 ) ) ;
#746 = FACE_BOUND ( 'NONE', #183, .T. ) ;
#747 = VERTEX_POINT ( 'NONE', #319 ) ;
#748 = CIRCLE ( 'NONE', #1431, 0.8549999999999999822 ) ;
#749 = EDGE_LOOP ( 'NONE', ( #1529, #826, #457, #419 ) ) ;
#750 = DIRECTION ( 'NONE',  ( -0.000000000000000000, 1.000000000000000000, -0.000000000000000000 ) ) ;
#751 = DIRECTION ( 'NONE',  ( -0.000000000000000000, 1.000000000000000000, -0.000000000000000000 ) ) ;
#752 = CARTESIAN_POINT ( 'NONE',  ( 0.000000000000000000, -1.527952755905512605, 0.000000000000000000 ) ) ;
#753 = APPROVAL_STATUS ( 'not_yet_approved' ) ;
#754 = DIRECTION ( 'NONE',  ( -0.000000000000000000, 1.000000000000000000, -0.000000000000000000 ) ) ;
#755 = EDGE_LOOP ( 'NONE', ( #112, #864, #1515, #424 ) ) ;
#756 = CARTESIAN_POINT ( 'NONE',  ( 0.000000000000000000, -0.7986220472440956897, -0.3091950153776880095 ) ) ;
#757 = ORIENTED_EDGE ( 'NONE', *, *, #1005, .T. ) ;
#758 = CARTESIAN_POINT ( 'NONE',  ( 0.000000000000000000, -1.221850393700788517, 0.000000000000000000 ) ) ;
#759 = CONICAL_SURFACE ( 'NONE', #844, 0.3543307086614173596, 0.7853981633974346233 ) ;
#760 = LOCAL_TIME ( 19, 12, 55.00000000000000000, #1298 ) ;
#761 = DIRECTION ( 'NONE',  ( 0.000000000000000000, 0.000000000000000000, 1.000000000000000000 ) ) ;
#762 = CARTESIAN_POINT ( 'NONE',  ( -0.3022353029644345157, -1.205048161602495727, -6.667698617484028599E-19 ) ) ;
#763 = VECTOR ( 'NONE', #577, 39.37007874015748143 ) ;
#764 = APPROVAL_DATE_TIME ( #36, #335 ) ;
#765 = CIRCLE ( 'NONE', #404, 0.09374999999999991673 ) ;
#766 = VECTOR ( 'NONE', #1116, 39.37007874015748143 ) ;
#767 = ORIENTED_EDGE ( 'NONE', *, *, #1433, .T. ) ;
#768 = VERTEX_POINT ( 'NONE', #913 ) ;
#769 = CARTESIAN_POINT ( 'NONE',  ( 4.339299682018180063E-17, -1.527952755905512827, 0.3543307086614173596 ) ) ;
#770 = CARTESIAN_POINT ( 'NONE',  ( 0.000000000000000000, -0.7916623348308421404, 0.3022353029644346822 ) ) ;
#771 = CALENDAR_DATE ( 2026, 20, 3 ) ;
#772 = ADVANCED_FACE ( 'NONE', ( #52 ), #433, .T. ) ;
#773 = ORIENTED_EDGE ( 'NONE', *, *, #492, .F. ) ;
#774 = AXIS2_PLACEMENT_3D ( 'NONE', #1162, #423, #300 ) ;
#775 = VERTEX_POINT ( 'NONE', #1157 ) ;
#776 = LINE ( 'NONE', #1533, #996 ) ;
#777 = CARTESIAN_POINT ( 'NONE',  ( 0.000000000000000000, -1.221850393700788517, 0.000000000000000000 ) ) ;
#778 = CYLINDRICAL_SURFACE ( 'NONE', #921, 0.06496062992125979652 ) ;
#779 = EDGE_CURVE ( 'NONE', #1619, #678, #216, .T. ) ;
#780 = CARTESIAN_POINT ( 'NONE',  ( 0.000000000000000000, -0.8084645669291351533, 0.000000000000000000 ) ) ;
#781 = EDGE_CURVE ( 'NONE', #1305, #432, #162, .T. ) ;
#782 = EDGE_LOOP ( 'NONE', ( #145, #1097 ) ) ;
#783 = CARTESIAN_POINT ( 'NONE',  ( 0.000000000000000000, 0.000000000000000000, 0.000000000000000000 ) ) ;
#784 = DIRECTION ( 'NONE',  ( -1.224646799147353207E-16, 4.340715498389438161E-17, 1.000000000000000000 ) ) ;
#785 = DATE_AND_TIME ( #771, #1253 ) ;
#786 = CIRCLE ( 'NONE', #133, 0.3051181102362204856 ) ;
#787 = CC_DESIGN_PERSON_AND_ORGANIZATION_ASSIGNMENT ( #1260, #416, ( #500 ) ) ;
#788 = CIRCLE ( 'NONE', #1357, 0.3149606300000000747 ) ;
#789 = CARTESIAN_POINT ( 'NONE',  ( 1.025683351829364739E-16, -0.2120669291338526385, 0.6043307086614172485 ) ) ;
#790 = AXIS2_PLACEMENT_3D ( 'NONE', #846, #592, #1489 ) ;
#791 = ORIENTED_EDGE ( 'NONE', *, *, #941, .T. ) ;
#792 = CARTESIAN_POINT ( 'NONE',  ( -2.399896025044908652E-17, -1.212007874015749165, -3.021013153654238003E-19 ) ) ;
#793 = VECTOR ( 'NONE', #614, 39.37007874015748143 ) ;
#794 = ORIENTED_EDGE ( 'NONE', *, *, #1556, .F. ) ;
#795 = DIRECTION ( 'NONE',  ( -0.000000000000000000, 1.000000000000000000, -0.000000000000000000 ) ) ;
#796 = DIRECTION ( 'NONE',  ( 0.000000000000000000, 1.000000000000000000, 0.000000000000000000 ) ) ;
#797 = VERTEX_POINT ( 'NONE', #789 ) ;
#798 = DIRECTION ( 'NONE',  ( 0.000000000000000000, 0.000000000000000000, 1.000000000000000000 ) ) ;
#799 = VERTEX_POINT ( 'NONE', #1551 ) ;
#800 = AXIS2_PLACEMENT_3D ( 'NONE', #1220, #103, #990 ) ;
#801 = LINE ( 'NONE', #406, #866 ) ;
#802 = CIRCLE ( 'NONE', #1241, 0.09374999999999991673 ) ;
#803 = VERTEX_POINT ( 'NONE', #1286 ) ;
#804 = DIRECTION ( 'NONE',  ( -0.000000000000000000, 1.000000000000000000, -0.000000000000000000 ) ) ;
#805 = LINE ( 'NONE', #1070, #529 ) ;
#806 = CARTESIAN_POINT ( 'NONE',  ( 0.6692913385826771977, -1.527952755905512605, -5.363067765795362848E-17 ) ) ;
#807 = DIRECTION ( 'NONE',  ( -6.063912545387572683E-17, 1.000000000000000000, -4.340715498389438777E-17 ) ) ;
#808 = EDGE_CURVE ( 'NONE', #1085, #970, #136, .T. ) ;
#809 = ORIENTED_EDGE ( 'NONE', *, *, #21, .F. ) ;
#810 = EDGE_CURVE ( 'NONE', #609, #1460, #1310, .T. ) ;
#811 = LINE ( 'NONE', #675, #173 ) ;
#812 = ORIENTED_EDGE ( 'NONE', *, *, #1062, .T. ) ;
#813 = DIRECTION ( 'NONE',  ( 0.000000000000000000, 1.000000000000000000, 0.000000000000000000 ) ) ;
#814 = CIRCLE ( 'NONE', #1332, 0.09374999999999991673 ) ;
#815 = DIRECTION ( 'NONE',  ( 0.000000000000000000, 0.000000000000000000, 1.000000000000000000 ) ) ;
#816 = VECTOR ( 'NONE', #23, 39.37007874015748143 ) ;
#817 = AXIS2_PLACEMENT_3D ( 'NONE', #1295, #194, #177 ) ;
#818 = ORIENTED_EDGE ( 'NONE', *, *, #1237, .F. ) ;
#819 = CIRCLE ( 'NONE', #1501, 0.5167322834645668994 ) ;
#820 = CARTESIAN_POINT ( 'NONE',  ( 9.461295243256980570E-17, -1.527952755905512605, 0.6692913385826771977 ) ) ;
#821 = ORIENTED_EDGE ( 'NONE', *, *, #1382, .F. ) ;
#822 = CARTESIAN_POINT ( 'NONE',  ( 0.000000000000000000, -0.9944881889763790284, 0.8500000000000000888 ) ) ;
#823 = DIRECTION ( 'NONE',  ( 0.000000000000000000, 1.000000000000000000, -4.340715498389435080E-17 ) ) ;
#825 = EDGE_CURVE ( 'NONE', #534, #417, #1205, .T. ) ;
#824 = DIRECTION ( 'NONE',  ( 0.000000000000000000, -1.000000000000000000, 0.000000000000000000 ) ) ;
#826 = ORIENTED_EDGE ( 'NONE', *, *, #849, .T. ) ;
#827 = DIRECTION ( 'NONE',  ( -6.063912545387572683E-17, 1.000000000000000000, -4.340715498389438777E-17 ) ) ;
#828 = CIRCLE ( 'NONE', #1035, 0.009842519685039378616 ) ;
#829 = CARTESIAN_POINT ( 'NONE',  ( 9.461295243256980570E-17, -1.527952755905512605, 0.6692913385826771977 ) ) ;
#830 = CARTESIAN_POINT ( 'NONE',  ( -4.693020132970826987E-18, -1.527952755905512605, -0.7342519685039370358 ) ) ;
#831 = ORIENTED_EDGE ( 'NONE', *, *, #1483, .T. ) ;
#832 = EDGE_CURVE ( 'NONE', #1391, #27, #506, .T. ) ;
#833 = ORIENTED_EDGE ( 'NONE', *, *, #1433, .F. ) ;
#834 = CARTESIAN_POINT ( 'NONE',  ( -5.372595311071339009E-16, -1.791086850877700920, -1.621240846744013110E-17 ) ) ;
#835 = CARTESIAN_POINT ( 'NONE',  ( 0.000000000000000000, -0.9007381889763789173, 0.000000000000000000 ) ) ;
#836 = DIRECTION ( 'NONE',  ( 0.000000000000000000, -1.000000000000000000, 0.000000000000000000 ) ) ;
#837 = CIRCLE ( 'NONE', #560, 0.06496062992125979652 ) ;
#838 = CC_DESIGN_APPROVAL ( #206, ( #212 ) ) ;
#839 = ORIENTED_EDGE ( 'NONE', *, *, #61, .F. ) ;
#840 = CIRCLE ( 'NONE', #327, 0.5167322834645668994 ) ;
#841 = EDGE_CURVE ( 'NONE', #1499, #1425, #1000, .T. ) ;
#842 = ORIENTED_EDGE ( 'NONE', *, *, #454, .F. ) ;
#843 = CARTESIAN_POINT ( 'NONE',  ( 3.786546858946024408E-17, -1.212007874015748943, -0.3091950153776881760 ) ) ;
#844 = AXIS2_PLACEMENT_3D ( 'NONE', #1494, #123, #640 ) ;
#845 = FACE_BOUND ( 'NONE', #1553, .T. ) ;
#846 = CARTESIAN_POINT ( 'NONE',  ( -5.372595311071339009E-16, -0.2120669291338526385, -1.621240846744013110E-17 ) ) ;
#847 = VERTEX_POINT ( 'NONE', #215 ) ;
#848 = ORIENTED_EDGE ( 'NONE', *, *, #1188, .T. ) ;
#849 = EDGE_CURVE ( 'NONE', #678, #803, #923, .T. ) ;
#850 = DIRECTION ( 'NONE',  ( 0.000000000000000000, 0.000000000000000000, 1.000000000000000000 ) ) ;
#851 = DIRECTION ( 'NONE',  ( -0.000000000000000000, 1.000000000000000000, -0.000000000000000000 ) ) ;
#852 = AXIS2_PLACEMENT_3D ( 'NONE', #1038, #804, #171 ) ;
#853 = ADVANCED_FACE ( 'NONE', ( #1088 ), #1103, .F. ) ;
#854 = DIRECTION ( 'NONE',  ( 0.000000000000000000, 0.000000000000000000, 1.000000000000000000 ) ) ;
#855 = ORIENTED_EDGE ( 'NONE', *, *, #1211, .T. ) ;
#856 = CC_DESIGN_PERSON_AND_ORGANIZATION_ASSIGNMENT ( #1053, #441, ( #943 ) ) ;
#857 = ORIENTED_EDGE ( 'NONE', *, *, #61, .T. ) ;
#858 = CYLINDRICAL_SURFACE ( 'NONE', #1547, 0.8549999999999999822 ) ;
#859 = EDGE_CURVE ( 'NONE', #487, #48, #1526, .T. ) ;
#860 = DIRECTION ( 'NONE',  ( 1.000000000000000000, 6.063912545387572683E-17, 0.000000000000000000 ) ) ;
#861 = CARTESIAN_POINT ( 'NONE',  ( 0.000000000000000000, -0.8055817596573489059, -0.3022353029644346267 ) ) ;
#862 = ORIENTED_EDGE ( 'NONE', *, *, #716, .T. ) ;
#863 = AXIS2_PLACEMENT_3D ( 'NONE', #38, #447, #438 ) ;
#864 = ORIENTED_EDGE ( 'NONE', *, *, #639, .T. ) ;
#865 = CARTESIAN_POINT ( 'NONE',  ( -1.264840288333748361E-17, -1.527952755905512605, -0.6692913385826771977 ) ) ;
#866 = VECTOR ( 'NONE', #1272, 39.37007874015748143 ) ;
#867 = CIRCLE ( 'NONE', #1472, 0.06496062992125993529 ) ;
#868 = AXIS2_PLACEMENT_3D ( 'NONE', #291, #677, #1559 ) ;
#869 = CARTESIAN_POINT ( 'NONE',  ( 3.718967067137011076E-17, -0.7916623348308421404, -0.3022353029644346822 ) ) ;
#870 = EDGE_LOOP ( 'NONE', ( #1091, #1465 ) ) ;
#871 = FACE_OUTER_BOUND ( 'NONE', #135, .T. ) ;
#872 = ORIENTED_EDGE ( 'NONE', *, *, #1237, .T. ) ;
#873 = CARTESIAN_POINT ( 'NONE',  ( -8.616261780726131224E-33, -1.403937007874016540, 0.3149606300000001302 ) ) ;
#874 = DIRECTION ( 'NONE',  ( -0.000000000000000000, 1.000000000000000000, -0.000000000000000000 ) ) ;
#875 = DIRECTION ( 'NONE',  ( 0.000000000000000000, -0.000000000000000000, -1.000000000000000000 ) ) ;
#876 = APPROVAL_ROLE ( '' ) ;
#877 = CIRCLE ( 'NONE', #700, 0.3543307086614173596 ) ;
#878 = FACE_BOUND ( 'NONE', #1464, .T. ) ;
#879 = CIRCLE ( 'NONE', #724, 0.7562500000000001998 ) ;
#880 = ORIENTED_EDGE ( 'NONE', *, *, #981, .F. ) ;
#881 = ORIENTED_EDGE ( 'NONE', *, *, #1382, .T. ) ;
#882 = FACE_OUTER_BOUND ( 'NONE', #1327, .T. ) ;
#883 = FACE_OUTER_BOUND ( 'NONE', #1614, .T. ) ;
#884 = FACE_OUTER_BOUND ( 'NONE', #1229, .T. ) ;
#885 = PERSON_AND_ORGANIZATION ( #1449, #530 ) ;
#886 = DIRECTION ( 'NONE',  ( -6.063912545387572683E-17, 1.000000000000000000, -4.340715498389438777E-17 ) ) ;
#887 = ORIENTED_EDGE ( 'NONE', *, *, #545, .F. ) ;
#888 = VERTEX_POINT ( 'NONE', #1348 ) ;
#889 = FACE_BOUND ( 'NONE', #531, .T. ) ;
#890 = EDGE_CURVE ( 'NONE', #565, #1531, #558, .T. ) ;
#891 = AXIS2_PLACEMENT_3D ( 'NONE', #128, #698, #1199 ) ;
#892 = EDGE_CURVE ( 'NONE', #1085, #1113, #478, .T. ) ;
#893 = DIRECTION ( 'NONE',  ( -1.000000000000000000, 0.000000000000000000, 0.000000000000000000 ) ) ;
#894 = CIRCLE ( 'NONE', #1203, 0.3022353029644346822 ) ;
#895 = DATE_AND_TIME ( #904, #760 ) ;
#896 = AXIS2_PLACEMENT_3D ( 'NONE', #37, #937, #537 ) ;
#897 = CYLINDRICAL_SURFACE ( 'NONE', #240, 0.8549999999999999822 ) ;
#898 = EDGE_LOOP ( 'NONE', ( #1170, #664 ) ) ;
#899 = CARTESIAN_POINT ( 'NONE',  ( 0.000000000000000000, -1.527952755905512605, 0.000000000000000000 ) ) ;
#900 = ORIENTED_EDGE ( 'NONE', *, *, #1560, .T. ) ;
#901 = DIRECTION ( 'NONE',  ( -1.000000000000000000, 0.000000000000000000, 0.000000000000000000 ) ) ;
#902 = EDGE_CURVE ( 'NONE', #468, #747, #819, .T. ) ;
#903 = DIRECTION ( 'NONE',  ( 0.000000000000000000, -0.7071067811865585639, -0.7071067811865364705 ) ) ;
#904 = CALENDAR_DATE ( 2026, 20, 3 ) ;
#905 = VERTEX_POINT ( 'NONE', #73 ) ;
#906 = DIRECTION ( 'NONE',  ( -6.063912545387572683E-17, 1.000000000000000000, -4.340715498389438777E-17 ) ) ;
#907 = EDGE_CURVE ( 'NONE', #1417, #1144, #1028, .T. ) ;
#908 = DIRECTION ( 'NONE',  ( -6.063912545387572683E-17, 1.000000000000000000, -4.340715498389438777E-17 ) ) ;
#909 = ORIENTED_EDGE ( 'NONE', *, *, #1360, .T. ) ;
#910 = CC_DESIGN_PERSON_AND_ORGANIZATION_ASSIGNMENT ( #623, #1250, ( #281 ) ) ;
#911 = CARTESIAN_POINT ( 'NONE',  ( 9.261391418551860617E-17, -0.9944881889763790284, -0.7562500000000001998 ) ) ;
#912 = ORIENTED_EDGE ( 'NONE', *, *, #841, .F. ) ;
#913 = CARTESIAN_POINT ( 'NONE',  ( 0.000000000000000000, -1.212007874015748943, 0.2993524956926487679 ) ) ;
#914 = DIRECTION ( 'NONE',  ( 0.000000000000000000, 0.000000000000000000, -1.000000000000000000 ) ) ;
#915 = ORIENTED_EDGE ( 'NONE', *, *, #781, .T. ) ;
#916 = CARTESIAN_POINT ( 'NONE',  ( -1.264840288333748361E-17, -1.527952755905512605, -0.6043307086614174706 ) ) ;
#917 = CIRCLE ( 'NONE', #28, 0.3149606300000000747 ) ;
#918 = LOCAL_TIME ( 19, 12, 55.00000000000000000, #391 ) ;
#919 = VECTOR ( 'NONE', #351, 39.37007874015748143 ) ;
#920 = DIRECTION ( 'NONE',  ( 0.000000000000000000, 0.000000000000000000, -1.000000000000000000 ) ) ;
#921 = AXIS2_PLACEMENT_3D ( 'NONE', #418, #184, #658 ) ;
#922 = ORIENTED_EDGE ( 'NONE', *, *, #1225, .F. ) ;
#923 = CIRCLE ( 'NONE', #348, 0.2993524956926486569 ) ;
#924 = ORIENTED_EDGE ( 'NONE', *, *, #808, .F. ) ;
#925 = FACE_OUTER_BOUND ( 'NONE', #755, .T. ) ;
#926 = DIRECTION ( 'NONE',  ( 0.000000000000000000, 0.000000000000000000, 1.000000000000000000 ) ) ;
#927 = CARTESIAN_POINT ( 'NONE',  ( 3.736619170626772979E-17, -1.221850393700788517, 0.3051181102362209852 ) ) ;
#928 = DIRECTION ( 'NONE',  ( 6.063912545387572683E-17, -1.000000000000000000, 4.340715498389438777E-17 ) ) ;
#929 = EDGE_CURVE ( 'NONE', #344, #1152, #190, .T. ) ;
#930 = DIRECTION ( 'NONE',  ( -0.000000000000000000, 1.000000000000000000, -0.000000000000000000 ) ) ;
#931 = EDGE_CURVE ( 'NONE', #710, #524, #533, .T. ) ;
#932 = VERTEX_POINT ( 'NONE', #205 ) ;
#933 = AXIS2_PLACEMENT_3D ( 'NONE', #834, #356, #450 ) ;
#934 = DIRECTION ( 'NONE',  ( 1.000000000000000000, 0.000000000000000000, 0.000000000000000000 ) ) ;
#935 = CIRCLE ( 'NONE', #1485, 0.009842519685039378616 ) ;
#936 = DIRECTION ( 'NONE',  ( -0.000000000000000000, 1.000000000000000000, -0.000000000000000000 ) ) ;
#937 = DIRECTION ( 'NONE',  ( 1.000000000000000000, 0.000000000000000000, -1.224646799147353207E-16 ) ) ;
#938 = CARTESIAN_POINT ( 'NONE',  ( -0.6692913385826771977, -0.2120669291338526385, -2.833387189127868284E-17 ) ) ;
#939 = ORIENTED_EDGE ( 'NONE', *, *, #153, .F. ) ;
#940 = DIRECTION ( 'NONE',  ( 0.000000000000000000, 0.000000000000000000, 1.000000000000000000 ) ) ;
#941 = EDGE_CURVE ( 'NONE', #524, #710, #33, .T. ) ;
#942 = DIRECTION ( 'NONE',  ( -7.395570986446985676E-32, 1.000000000000000000, -1.224646799147353700E-16 ) ) ;
#943 = PRODUCT ( 'O-ring holder top_Vf', 'O-ring holder top_Vf', '', ( #1175 ) ) ;
#944 = CONICAL_SURFACE ( 'NONE', #3, 0.2952755905511810774, 0.7853981633974327359 ) ;
#945 = CARTESIAN_POINT ( 'NONE',  ( 0.000000000000000000, -1.212007874015748943, 0.000000000000000000 ) ) ;
#946 = AXIS2_PLACEMENT_3D ( 'NONE', #1424, #422, #1145 ) ;
#947 = CIRCLE ( 'NONE', #1155, 0.2993524956926487679 ) ;
#948 = EDGE_LOOP ( 'NONE', ( #773, #31, #939, #794 ) ) ;
#949 = AXIS2_PLACEMENT_3D ( 'NONE', #97, #1201, #584 ) ;
#950 = EDGE_LOOP ( 'NONE', ( #271, #1338, #667, #734 ) ) ;
#951 = DIRECTION ( 'NONE',  ( -1.000000000000000000, 0.000000000000000000, 0.000000000000000000 ) ) ;
#952 = LINE ( 'NONE', #1317, #435 ) ;
#953 = DIRECTION ( 'NONE',  ( 0.000000000000000000, 0.000000000000000000, 1.000000000000000000 ) ) ;
#954 = DIRECTION ( 'NONE',  ( -0.000000000000000000, 1.000000000000000000, -0.000000000000000000 ) ) ;
#955 = ADVANCED_FACE ( 'NONE', ( #845, #1583 ), #1340, .F. ) ;
#956 = ORIENTED_EDGE ( 'NONE', *, *, #85, .F. ) ;
#957 = AXIS2_PLACEMENT_3D ( 'NONE', #575, #1572, #464 ) ;
#958 = ORIENTED_EDGE ( 'NONE', *, *, #1483, .F. ) ;
#959 = DIRECTION ( 'NONE',  ( 0.000000000000000000, 1.000000000000000000, 0.000000000000000000 ) ) ;
#960 = PRODUCT_RELATED_PRODUCT_CATEGORY ( 'detail', '', ( #943 ) ) ;
#961 = CIRCLE ( 'NONE', #94, 0.8549999999999999822 ) ;
#962 = CARTESIAN_POINT ( 'NONE',  ( 9.461295243256980570E-17, -1.527952755905512605, 0.6692913385826771977 ) ) ;
#963 = DIRECTION ( 'NONE',  ( 8.659560562354797273E-17, -0.7071067811865585639, 0.7071067811865364705 ) ) ;
#964 = EDGE_LOOP ( 'NONE', ( #1105, #1321, #1234, #292 ) ) ;
#965 = EDGE_LOOP ( 'NONE', ( #732, #767, #1452, #1544 ) ) ;
#966 = DIRECTION ( 'NONE',  ( 1.000000000000000000, -0.000000000000000000, 1.224646799147353207E-16 ) ) ;
#967 = CARTESIAN_POINT ( 'NONE',  ( -8.616261780726131224E-33, -1.413779527559056115, -7.582401355855259480E-33 ) ) ;
#968 = CARTESIAN_POINT ( 'NONE',  ( 0.000000000000000000, -1.202165354330709812, 0.000000000000000000 ) ) ;
#969 = TOROIDAL_SURFACE ( 'NONE', #265, 0.3091950153776881760, 0.009842519685039369942 ) ;
#970 = VERTEX_POINT ( 'NONE', #717 ) ;
#971 = AXIS2_PLACEMENT_3D ( 'NONE', #1011, #906, #1149 ) ;
#972 = AXIS2_PLACEMENT_3D ( 'NONE', #962, #851, #1318 ) ;
#973 = ORIENTED_EDGE ( 'NONE', *, *, #143, .F. ) ;
#974 = CARTESIAN_POINT ( 'NONE',  ( -1.264840288333748361E-17, -0.2120669291338526385, -0.6692913385826771977 ) ) ;
#975 = CIRCLE ( 'NONE', #891, 0.3022353029644349043 ) ;
#976 = EDGE_CURVE ( 'NONE', #1246, #626, #1208, .T. ) ;
#977 = DIRECTION ( 'NONE',  ( 0.000000000000000000, -1.000000000000000000, 0.000000000000000000 ) ) ;
#978 = DIRECTION ( 'NONE',  ( -6.028585775162876438E-17, -1.000000000000000000, 1.072855867644725209E-16 ) ) ;
#979 = EDGE_CURVE ( 'NONE', #27, #797, #590, .T. ) ;
#980 = ORIENTED_EDGE ( 'NONE', *, *, #832, .F. ) ;
#981 = EDGE_CURVE ( 'NONE', #360, #609, #357, .T. ) ;
#982 = EDGE_LOOP ( 'NONE', ( #1063, #125 ) ) ;
#983 = DIRECTION ( 'NONE',  ( -0.000000000000000000, 1.000000000000000000, 0.000000000000000000 ) ) ;
#984 = CARTESIAN_POINT ( 'NONE',  ( 1.047073013270987016E-16, -0.9007381889763794725, -0.8549999999999999822 ) ) ;
#985 = CARTESIAN_POINT ( 'NONE',  ( -8.616261780726131224E-33, -0.4017384203655236519, -0.3543307086614173596 ) ) ;
#986 = CIRCLE ( 'NONE', #1401, 0.3051181102362210407 ) ;
#987 = CARTESIAN_POINT ( 'NONE',  ( 0.000000000000000000, -0.2120669291338526385, 0.8549999999999998712 ) ) ;
#988 = ORIENTED_EDGE ( 'NONE', *, *, #403, .F. ) ;
#989 = VERTEX_POINT ( 'NONE', #479 ) ;
#990 = DIRECTION ( 'NONE',  ( 0.000000000000000000, 0.000000000000000000, 1.000000000000000000 ) ) ;
#991 = CARTESIAN_POINT ( 'NONE',  ( 0.000000000000000000, -0.7986220472440956897, -0.3091950153776880095 ) ) ;
#992 = DIRECTION ( 'NONE',  ( -0.000000000000000000, 1.000000000000000000, -0.000000000000000000 ) ) ;
#993 = DIRECTION ( 'NONE',  ( 0.000000000000000000, 0.000000000000000000, -1.000000000000000000 ) ) ;
#994 = EDGE_LOOP ( 'NONE', ( #1550, #980, #1288, #1254 ) ) ;
#995 = DIRECTION ( 'NONE',  ( -6.063912545387572683E-17, 1.000000000000000000, -4.340715498389438777E-17 ) ) ;
#996 = VECTOR ( 'NONE', #1412, 39.37007874015748143 ) ;
#997 = ORIENTED_EDGE ( 'NONE', *, *, #431, .F. ) ;
#998 = CARTESIAN_POINT ( 'NONE',  ( 0.000000000000000000, -0.7887795275590564481, 0.000000000000000000 ) ) ;
#999 = AXIS2_PLACEMENT_3D ( 'NONE', #938, #1430, #914 ) ;
#1000 = CIRCLE ( 'NONE', #1416, 0.3022353029644345157 ) ;
#1001 = DIRECTION ( 'NONE',  ( 0.000000000000000000, -1.000000000000000000, 0.000000000000000000 ) ) ;
#1002 = PERSON_AND_ORGANIZATION ( #1449, #530 ) ;
#1003 = DIRECTION ( 'NONE',  ( 0.000000000000000000, -1.000000000000000000, 0.000000000000000000 ) ) ;
#1004 = ORIENTED_EDGE ( 'NONE', *, *, #273, .T. ) ;
#1005 = EDGE_CURVE ( 'NONE', #534, #427, #1111, .T. ) ;
#1006 = ORIENTED_EDGE ( 'NONE', *, *, #676, .F. ) ;
#1007 = CARTESIAN_POINT ( 'NONE',  ( 0.000000000000000000, -1.221850393700788517, 0.000000000000000000 ) ) ;
#1008 = CARTESIAN_POINT ( 'NONE',  ( 1.047073013270986892E-16, -0.2120669291338526385, -0.8549999999999998712 ) ) ;
#1009 = FACE_OUTER_BOUND ( 'NONE', #948, .T. ) ;
#1010 = AXIS2_PLACEMENT_3D ( 'NONE', #595, #1353, #1125 ) ;
#1011 = CARTESIAN_POINT ( 'NONE',  ( 0.000000000000000000, -1.202165354330709812, 0.000000000000000000 ) ) ;
#1012 = AXIS2_PLACEMENT_3D ( 'NONE', #1249, #390, #1389 ) ;
#1013 = ORIENTED_EDGE ( 'NONE', *, *, #1300, .T. ) ;
#1014 = DIRECTION ( 'NONE',  ( -1.224646799147349509E-16, 0.000000000000000000, -1.000000000000000000 ) ) ;
#1015 = ADVANCED_FACE ( 'NONE', ( #884 ), #373, .F. ) ;
#1016 = EDGE_LOOP ( 'NONE', ( #697, #304, #353, #839 ) ) ;
#1017 = CARTESIAN_POINT ( 'NONE',  ( 3.857155273869339231E-17, -1.527952755905512605, -0.3149606300000000747 ) ) ;
#1018 = CARTESIAN_POINT ( 'NONE',  ( -4.739780774110354360E-16, -1.791086850877700920, -0.5167322834645668994 ) ) ;
#1019 = CARTESIAN_POINT ( 'NONE',  ( -5.475563282161525202E-16, -0.3295472440944827164, 2.111920999300746510E-18 ) ) ;
#1020 = EDGE_LOOP ( 'NONE', ( #1210, #1314 ) ) ;
#1021 = ADVANCED_FACE ( 'NONE', ( #2, #116 ), #740, .F. ) ;
#1022 = ORIENTED_EDGE ( 'NONE', *, *, #354, .T. ) ;
#1023 = DIRECTION ( 'NONE',  ( 0.000000000000000000, 0.000000000000000000, -1.000000000000000000 ) ) ;
#1024 = AXIS2_PLACEMENT_3D ( 'NONE', #780, #1132, #1276 ) ;
#1025 = EDGE_CURVE ( 'NONE', #1417, #509, #802, .T. ) ;
#1026 = DIRECTION ( 'NONE',  ( 0.000000000000000000, 0.000000000000000000, 1.000000000000000000 ) ) ;
#1027 = VECTOR ( 'NONE', #207, 39.37007874015748143 ) ;
#1028 = CIRCLE ( 'NONE', #1228, 0.7562500000000001998 ) ;
#1029 = VERTEX_POINT ( 'NONE', #869 ) ;
#1030 = APPROVAL ( #434, 'UNSPECIFIED' ) ;
#1031 = ORIENTED_EDGE ( 'NONE', *, *, #1118, .F. ) ;
#1032 = CARTESIAN_POINT ( 'NONE',  ( 0.000000000000000000, -0.9007381889763789173, 0.8500000000000000888 ) ) ;
#1033 = CARTESIAN_POINT ( 'NONE',  ( -8.616261780726127119E-33, -1.403937007874016540, -0.3444881889763779514 ) ) ;
#1034 = CARTESIAN_POINT ( 'NONE',  ( 1.040949779275250386E-16, -0.9007381889763789173, -0.8500000000000000888 ) ) ;
#1035 = AXIS2_PLACEMENT_3D ( 'NONE', #843, #966, #1595 ) ;
#1036 = VERTEX_POINT ( 'NONE', #770 ) ;
#1037 = CARTESIAN_POINT ( 'NONE',  ( 3.736619170626766200E-17, -0.7887795275590564481, -0.3051181102362204300 ) ) ;
#1038 = CARTESIAN_POINT ( 'NONE',  ( 0.000000000000000000, -0.9944881889763790284, 0.000000000000000000 ) ) ;
#1039 = ADVANCED_FACE ( 'NONE', ( #1617 ), #1354, .F. ) ;
#1040 = EDGE_LOOP ( 'NONE', ( #185, #405 ) ) ;
#1041 = CARTESIAN_POINT ( 'NONE',  ( 1.040949779275250386E-16, -0.9944881889763790284, -0.8500000000000000888 ) ) ;
#1042 = DIRECTION ( 'NONE',  ( 0.000000000000000000, 1.000000000000000000, 0.000000000000000000 ) ) ;
#1043 = ORIENTED_EDGE ( 'NONE', *, *, #85, .T. ) ;
#1044 = APPLICATION_PROTOCOL_DEFINITION ( 'international standard', 'config_control_design', 1994, #624 ) ;
#1045 = DIRECTION ( 'NONE',  ( -0.000000000000000000, 1.000000000000000000, -0.000000000000000000 ) ) ;
#1046 = AXIS2_PLACEMENT_3D ( 'NONE', #411, #1270, #627 ) ;
#1047 = TOROIDAL_SURFACE ( 'NONE', #817, 0.3091950153776880095, 0.009842519685039369942 ) ;
#1048 = DIRECTION ( 'NONE',  ( 0.000000000000000000, 0.000000000000000000, 1.000000000000000000 ) ) ;
#1049 = AXIS2_PLACEMENT_3D ( 'NONE', #1180, #977, #1081 ) ;
#1050 = CARTESIAN_POINT ( 'NONE',  ( 0.000000000000000000, -0.9007381889763794725, 0.000000000000000000 ) ) ;
#1051 = ORIENTED_EDGE ( 'NONE', *, *, #1564, .F. ) ;
#1052 = DIRECTION ( 'NONE',  ( 0.000000000000000000, 0.000000000000000000, 1.000000000000000000 ) ) ;
#1053 = PERSON_AND_ORGANIZATION ( #1449, #530 ) ;
#1054 = DIRECTION ( 'NONE',  ( 0.000000000000000000, 0.000000000000000000, 1.000000000000000000 ) ) ;
#1055 = DIRECTION ( 'NONE',  ( 0.000000000000000000, -1.000000000000000000, 0.000000000000000000 ) ) ;
#1056 = ORIENTED_EDGE ( 'NONE', *, *, #981, .T. ) ;
#1057 = CARTESIAN_POINT ( 'NONE',  ( 0.000000000000000000, -0.8055817596573489059, 0.000000000000000000 ) ) ;
#1058 = EDGE_LOOP ( 'NONE', ( #842, #704, #374, #719 ) ) ;
#1059 = AXIS2_PLACEMENT_3D ( 'NONE', #388, #510, #1134 ) ;
#1060 = EDGE_CURVE ( 'NONE', #1531, #565, #45, .T. ) ;
#1061 = CARTESIAN_POINT ( 'NONE',  ( 3.857155273869339231E-17, -1.221850393700788517, -0.3149606300000000747 ) ) ;
#1062 = EDGE_CURVE ( 'NONE', #741, #989, #961, .T. ) ;
#1063 = ORIENTED_EDGE ( 'NONE', *, *, #403, .T. ) ;
#1064 = DIRECTION ( 'NONE',  ( 1.224646799147349509E-16, 0.000000000000000000, -1.000000000000000000 ) ) ;
#1065 = DIRECTION ( 'NONE',  ( 0.000000000000000000, 0.000000000000000000, 1.000000000000000000 ) ) ;
#1066 = EDGE_LOOP ( 'NONE', ( #210, #1420, #988, #973 ) ) ;
#1067 = ADVANCED_FACE ( 'NONE', ( #1009 ), #1267, .F. ) ;
#1068 = DIRECTION ( 'NONE',  ( 0.000000000000000000, -1.000000000000000000, 0.000000000000000000 ) ) ;
#1069 = ADVANCED_FACE ( 'NONE', ( #1128, #1240 ), #1487, .T. ) ;
#1070 = CARTESIAN_POINT ( 'NONE',  ( 4.339299682018180063E-17, -1.413779527559056115, 0.3543307086614173596 ) ) ;
#1071 = CARTESIAN_POINT ( 'NONE',  ( 0.000000000000000000, -0.9944881889763790284, 0.000000000000000000 ) ) ;
#1072 = AXIS2_PLACEMENT_3D ( 'NONE', #792, #696, #1538 ) ;
#1073 = DIRECTION ( 'NONE',  ( 0.000000000000000000, 0.000000000000000000, 1.000000000000000000 ) ) ;
#1074 = AXIS2_PLACEMENT_3D ( 'NONE', #155, #161, #1023 ) ;
#1075 = CIRCLE ( 'NONE', #1598, 0.8549999999999999822 ) ;
#1076 = ADVANCED_FACE ( 'NONE', ( #1117, #1146 ), #502, .F. ) ;
#1077 = ORIENTED_EDGE ( 'NONE', *, *, #1060, .T. ) ;
#1078 = VECTOR ( 'NONE', #1596, 39.37007874015748143 ) ;
#1079 = ORIENTED_EDGE ( 'NONE', *, *, #1527, .F. ) ;
#1080 = FACE_OUTER_BOUND ( 'NONE', #1384, .T. ) ;
#1081 = DIRECTION ( 'NONE',  ( 0.000000000000000000, 0.000000000000000000, -1.000000000000000000 ) ) ;
#1082 = DIRECTION ( 'NONE',  ( 1.000000000000000000, 0.000000000000000000, -8.881784197001252323E-16 ) ) ;
#1083 = ORIENTED_EDGE ( 'NONE', *, *, #929, .T. ) ;
#1084 = AXIS2_PLACEMENT_3D ( 'NONE', #65, #229, #940 ) ;
#1085 = VERTEX_POINT ( 'NONE', #1371 ) ;
#1086 = DIRECTION ( 'NONE',  ( 1.000000000000000000, 0.000000000000000000, 0.000000000000000000 ) ) ;
#1087 = CONICAL_SURFACE ( 'NONE', #516, 0.3051181102362204300, 0.7853981633974604915 ) ;
#1088 = FACE_OUTER_BOUND ( 'NONE', #994, .T. ) ;
#1089 = CARTESIAN_POINT ( 'NONE',  ( -5.372595311071339009E-16, -0.3295472440944827719, 0.5167322834645668994 ) ) ;
#1090 = ORIENTED_EDGE ( 'NONE', *, *, #442, .F. ) ;
#1091 = ORIENTED_EDGE ( 'NONE', *, *, #451, .T. ) ;
#1092 = DIRECTION ( 'NONE',  ( 0.000000000000000000, 0.000000000000000000, 1.000000000000000000 ) ) ;
#1093 = ADVANCED_FACE ( 'NONE', ( #363 ), #256, .F. ) ;
#1094 = CARTESIAN_POINT ( 'NONE',  ( -0.6692913385826771977, -1.527952755905512605, -0.06496062992125989366 ) ) ;
#1095 = CARTESIAN_POINT ( 'NONE',  ( 0.000000000000000000, -0.3295472440944827164, 0.000000000000000000 ) ) ;
#1096 = EDGE_CURVE ( 'NONE', #1144, #1417, #879, .T. ) ;
#1097 = ORIENTED_EDGE ( 'NONE', *, *, #492, .T. ) ;
#1098 = CIRCLE ( 'NONE', #267, 0.3149606300000000747 ) ;
#1099 = AXIS2_PLACEMENT_3D ( 'NONE', #835, #1575, #953 ) ;
#1100 = ORIENTED_EDGE ( 'NONE', *, *, #571, .T. ) ;
#1101 = FACE_BOUND ( 'NONE', #1167, .T. ) ;
#1102 = DIRECTION ( 'NONE',  ( -0.000000000000000000, 1.000000000000000000, -0.000000000000000000 ) ) ;
#1103 = CYLINDRICAL_SURFACE ( 'NONE', #972, 0.06496062992125993529 ) ;
#1104 = DIRECTION ( 'NONE',  ( -1.000000000000000000, 0.000000000000000000, 0.000000000000000000 ) ) ;
#1105 = ORIENTED_EDGE ( 'NONE', *, *, #976, .F. ) ;
#1106 = VERTEX_POINT ( 'NONE', #141 ) ;
#1107 = DIRECTION ( 'NONE',  ( -0.000000000000000000, 1.000000000000000000, -0.000000000000000000 ) ) ;
#1108 = EDGE_CURVE ( 'NONE', #653, #69, #1345, .T. ) ;
#1109 = CIRCLE ( 'NONE', #224, 0.06496062992125986590 ) ;
#1110 = DIRECTION ( 'NONE',  ( -0.000000000000000000, 1.000000000000000000, -0.000000000000000000 ) ) ;
#1111 = LINE ( 'NONE', #985, #793 ) ;
#1112 = FACE_BOUND ( 'NONE', #321, .T. ) ;
#1113 = VERTEX_POINT ( 'NONE', #762 ) ;
#1114 = EDGE_LOOP ( 'NONE', ( #71, #439, #1079, #1051 ) ) ;
#1115 = CYLINDRICAL_SURFACE ( 'NONE', #148, 0.06496062992125979652 ) ;
#1116 = DIRECTION ( 'NONE',  ( -0.000000000000000000, 1.000000000000000000, -0.000000000000000000 ) ) ;
#1117 = FACE_BOUND ( 'NONE', #1198, .T. ) ;
#1118 = EDGE_CURVE ( 'NONE', #1328, #888, #641, .T. ) ;
#1119 = PLANE ( 'NONE',  #971 ) ;
#1120 = ORIENTED_EDGE ( 'NONE', *, *, #902, .F. ) ;
#1121 = VECTOR ( 'NONE', #310, 39.37007874015748143 ) ;
#1122 = LOCAL_TIME ( 19, 12, 55.00000000000000000, #1283 ) ;
#1123 = ORIENTED_EDGE ( 'NONE', *, *, #1062, .F. ) ;
#1124 = AXIS2_PLACEMENT_3D ( 'NONE', #1217, #365, #472 ) ;
#1125 = DIRECTION ( 'NONE',  ( -1.000000000000000000, 0.000000000000000000, 0.000000000000000000 ) ) ;
#1126 = CIRCLE ( 'NONE', #58, 0.8549999999999998712 ) ;
#1127 = CIRCLE ( 'NONE', #1474, 0.8500000000000000888 ) ;
#1128 = FACE_OUTER_BOUND ( 'NONE', #421, .T. ) ;
#1129 = APPROVAL_DATE_TIME ( #264, #206 ) ;
#1130 = EDGE_CURVE ( 'NONE', #432, #1313, #1404, .T. ) ;
#1131 = EDGE_LOOP ( 'NONE', ( #301, #152, #167, #19, #193 ) ) ;
#1132 = DIRECTION ( 'NONE',  ( -6.063912545387572683E-17, 1.000000000000000000, -4.340715498389438777E-17 ) ) ;
#1133 = ORIENTED_EDGE ( 'NONE', *, *, #1585, .T. ) ;
#1134 = DIRECTION ( 'NONE',  ( 0.000000000000000000, 0.000000000000000000, 1.000000000000000000 ) ) ;
#1135 = CARTESIAN_POINT ( 'NONE',  ( 0.000000000000000000, -1.527952755905512605, 0.8549999999999999822 ) ) ;
#1136 = CARTESIAN_POINT ( 'NONE',  ( 0.000000000000000000, -0.9944881889763790284, 0.8500000000000000888 ) ) ;
#1137 = APPROVAL_ROLE ( '' ) ;
#1138 = TOROIDAL_SURFACE ( 'NONE', #444, 0.8500000000000000888, 0.09374999999999998612 ) ;
#1139 = CARTESIAN_POINT ( 'NONE',  ( 0.000000000000000000, -0.7887795275590564481, 0.000000000000000000 ) ) ;
#1140 = EDGE_CURVE ( 'NONE', #468, #600, #1426, .T. ) ;
#1141 = AXIS2_PLACEMENT_3D ( 'NONE', #1019, #124, #622 ) ;
#1142 = ORIENTED_EDGE ( 'NONE', *, *, #1365, .T. ) ;
#1143 = ADVANCED_FACE ( 'NONE', ( #535 ), #1191, .F. ) ;
#1144 = VERTEX_POINT ( 'NONE', #911 ) ;
#1145 = DIRECTION ( 'NONE',  ( 0.000000000000000000, 0.000000000000000000, 1.000000000000000000 ) ) ;
#1146 = FACE_OUTER_BOUND ( 'NONE', #340, .T. ) ;
#1147 = APPROVAL_DATE_TIME ( #895, #1030 ) ;
#1148 = EDGE_CURVE ( 'NONE', #27, #1391, #445, .T. ) ;
#1149 = DIRECTION ( 'NONE',  ( -1.000000000000000000, -6.063912545387572683E-17, 0.000000000000000000 ) ) ;
#1151 = ADVANCED_FACE ( 'NONE', ( #42 ), #35, .F. ) ;
#1150 = ORIENTED_EDGE ( 'NONE', *, *, #1387, .F. ) ;
#1152 = VERTEX_POINT ( 'NONE', #1032 ) ;
#1153 = AXIS2_PLACEMENT_3D ( 'NONE', #756, #287, #636 ) ;
#1154 = DIRECTION ( 'NONE',  ( -0.000000000000000000, 1.000000000000000000, -0.000000000000000000 ) ) ;
#1155 = AXIS2_PLACEMENT_3D ( 'NONE', #643, #1233, #1242 ) ;
#1156 = CIRCLE ( 'NONE', #1576, 0.06496062992125979652 ) ;
#1157 = CARTESIAN_POINT ( 'NONE',  ( -8.290305251408636499E-34, -1.221850393700788517, 0.3149606300000000747 ) ) ;
#1158 = APPLICATION_CONTEXT ( 'configuration controlled 3d designs of mechanical parts and assemblies' ) ;
#1159 = DIRECTION ( 'NONE',  ( 0.000000000000000000, -1.000000000000000000, 0.000000000000000000 ) ) ;
#1160 = ORIENTED_EDGE ( 'NONE', *, *, #832, .T. ) ;
#1161 = DIRECTION ( 'NONE',  ( 0.000000000000000000, 0.000000000000000000, 1.000000000000000000 ) ) ;
#1162 = CARTESIAN_POINT ( 'NONE',  ( 0.000000000000000000, -0.7887795275590564481, 0.000000000000000000 ) ) ;
#1163 = ORIENTED_EDGE ( 'NONE', *, *, #810, .T. ) ;
#1164 = DIRECTION ( 'NONE',  ( 0.000000000000000000, 0.000000000000000000, 1.000000000000000000 ) ) ;
#1165 = CARTESIAN_POINT ( 'NONE',  ( -5.372595311071339009E-16, -0.3295472440944828274, -1.621240846744013110E-17 ) ) ;
#1166 = VECTOR ( 'NONE', #936, 39.37007874015748143 ) ;
#1167 = EDGE_LOOP ( 'NONE', ( #1006, #86 ) ) ;
#1168 = CYLINDRICAL_SURFACE ( 'NONE', #131, 0.06496062992125993529 ) ;
#1169 = DIRECTION ( 'NONE',  ( -0.000000000000000000, 1.000000000000000000, -0.000000000000000000 ) ) ;
#1170 = ORIENTED_EDGE ( 'NONE', *, *, #1478, .T. ) ;
#1171 = CARTESIAN_POINT ( 'NONE',  ( -8.616261780726131224E-33, -1.527952755905512827, -7.582401355855259480E-33 ) ) ;
#1172 = DIRECTION ( 'NONE',  ( 0.000000000000000000, 0.000000000000000000, -1.000000000000000000 ) ) ;
#1173 = EDGE_LOOP ( 'NONE', ( #1621, #671, #1043, #650 ) ) ;
#1174 = DIRECTION ( 'NONE',  ( 0.000000000000000000, -1.000000000000000000, 0.000000000000000000 ) ) ;
#1175 = MECHANICAL_CONTEXT ( 'NONE', #1158, 'mechanical' ) ;
#1176 = DIRECTION ( 'NONE',  ( 8.659560562355038861E-17, -0.7071067811865389130, 0.7071067811865561215 ) ) ;
#1177 = AXIS2_PLACEMENT_3D ( 'NONE', #899, #1392, #1245 ) ;
#1178 =( GEOMETRIC_REPRESENTATION_CONTEXT ( 3 ) GLOBAL_UNCERTAINTY_ASSIGNED_CONTEXT ( ( #543 ) ) GLOBAL_UNIT_ASSIGNED_CONTEXT ( ( #169, #1555, #540 ) ) REPRESENTATION_CONTEXT ( 'NONE', 'WORKASPACE' ) );
#1179 = CIRCLE ( 'NONE', #1415, 0.3149606300000000747 ) ;
#1180 = CARTESIAN_POINT ( 'NONE',  ( -0.6692913385826771977, -0.2120669291338526385, -2.833387189127868284E-17 ) ) ;
#1181 = AXIS2_PLACEMENT_3D ( 'NONE', #1607, #942, #1462 ) ;
#1182 = ADVANCED_FACE ( 'NONE', ( #542 ), #1563, .F. ) ;
#1184 = EDGE_CURVE ( 'NONE', #547, #690, #811, .T. ) ;
#1183 = DIRECTION ( 'NONE',  ( 0.000000000000000000, 0.000000000000000000, -1.000000000000000000 ) ) ;
#1185 = ORIENTED_EDGE ( 'NONE', *, *, #1096, .F. ) ;
#1186 = DIRECTION ( 'NONE',  ( 0.000000000000000000, -1.000000000000000000, 0.000000000000000000 ) ) ;
#1187 = DIRECTION ( 'NONE',  ( 0.000000000000000000, 0.000000000000000000, 1.000000000000000000 ) ) ;
#1188 = EDGE_CURVE ( 'NONE', #888, #14, #17, .T. ) ;
#1189 = DIRECTION ( 'NONE',  ( 0.000000000000000000, -1.000000000000000000, 0.000000000000000000 ) ) ;
#1190 = VERTEX_POINT ( 'NONE', #56 ) ;
#1191 = CONICAL_SURFACE ( 'NONE', #569, 0.3051181102362209852, 0.7853981633974604915 ) ;
#1192 = ADVANCED_FACE ( 'NONE', ( #163 ), #1087, .F. ) ;
#1193 = ORIENTED_EDGE ( 'NONE', *, *, #1436, .T. ) ;
#1194 = DIRECTION ( 'NONE',  ( -1.000000000000000000, 0.000000000000000000, 0.000000000000000000 ) ) ;
#1195 = DIRECTION ( 'NONE',  ( 0.000000000000000000, 1.321694076934710402E-16, 1.000000000000000000 ) ) ;
#1196 = ADVANCED_FACE ( 'NONE', ( #307 ), #443, .F. ) ;
#1197 = FACE_OUTER_BOUND ( 'NONE', #1173, .T. ) ;
#1198 = EDGE_LOOP ( 'NONE', ( #956, #682 ) ) ;
#1199 = DIRECTION ( 'NONE',  ( 0.000000000000000000, 0.000000000000000000, 1.000000000000000000 ) ) ;
#1200 = CARTESIAN_POINT ( 'NONE',  ( -4.693020132970827758E-18, -0.2120669291338526385, -0.7342519685039370358 ) ) ;
#1201 = DIRECTION ( 'NONE',  ( 7.395570986446985676E-32, -1.000000000000000000, 1.224646799147353700E-16 ) ) ;
#1202 = DIRECTION ( 'NONE',  ( -0.000000000000000000, 1.000000000000000000, 0.000000000000000000 ) ) ;
#1203 = AXIS2_PLACEMENT_3D ( 'NONE', #313, #1189, #1183 ) ;
#1204 = ORIENTED_EDGE ( 'NONE', *, *, #285, .T. ) ;
#1205 = CIRCLE ( 'NONE', #111, 0.3543307086614173596 ) ;
#1206 = ORIENTED_EDGE ( 'NONE', *, *, #352, .T. ) ;
#1207 = CARTESIAN_POINT ( 'NONE',  ( 0.000000000000000000, -1.221850393700788517, 0.000000000000000000 ) ) ;
#1208 = LINE ( 'NONE', #90, #583 ) ;
#1209 = DIRECTION ( 'NONE',  ( 6.063912545387572683E-17, -1.000000000000000000, 4.340715498389438777E-17 ) ) ;
#1210 = ORIENTED_EDGE ( 'NONE', *, *, #352, .F. ) ;
#1211 = EDGE_CURVE ( 'NONE', #799, #126, #748, .T. ) ;
#1212 = VECTOR ( 'NONE', #11, 39.37007874015748143 ) ;
#1213 = EDGE_LOOP ( 'NONE', ( #1077, #234 ) ) ;
#1214 = DIRECTION ( 'NONE',  ( 0.000000000000000000, 0.000000000000000000, -1.000000000000000000 ) ) ;
#1215 = AXIS2_PLACEMENT_3D ( 'NONE', #50, #1414, #182 ) ;
#1216 = DIRECTION ( 'NONE',  ( 7.395570986446985676E-32, -1.000000000000000000, 1.224646799147353700E-16 ) ) ;
#1217 = CARTESIAN_POINT ( 'NONE',  ( -8.616261780726131224E-33, -1.413779527559056115, -7.582401355855259480E-33 ) ) ;
#1218 = EDGE_LOOP ( 'NONE', ( #818, #924, #138, #1476, #912 ) ) ;
#1219 = EDGE_LOOP ( 'NONE', ( #179, #359, #1374, #637 ) ) ;
#1220 = CARTESIAN_POINT ( 'NONE',  ( 0.000000000000000000, -1.212007874015748943, 0.000000000000000000 ) ) ;
#1221 = DIRECTION ( 'NONE',  ( 0.000000000000000000, -1.000000000000000000, 0.000000000000000000 ) ) ;
#1222 = CARTESIAN_POINT ( 'NONE',  ( 0.000000000000000000, -1.205048161602495727, 0.000000000000000000 ) ) ;
#1223 = PLANE ( 'NONE',  #1255 ) ;
#1224 = AXIS2_PLACEMENT_3D ( 'NONE', #495, #995, #515 ) ;
#1225 = EDGE_CURVE ( 'NONE', #1619, #547, #414, .T. ) ;
#1226 = ORIENTED_EDGE ( 'NONE', *, *, #440, .T. ) ;
#1227 = AXIS2_PLACEMENT_3D ( 'NONE', #1139, #886, #248 ) ;
#1228 = AXIS2_PLACEMENT_3D ( 'NONE', #1071, #707, #576 ) ;
#1229 = EDGE_LOOP ( 'NONE', ( #1185, #1398, #54, #235 ) ) ;
#1230 = DIRECTION ( 'NONE',  ( -0.000000000000000000, 1.000000000000000000, -0.000000000000000000 ) ) ;
#1231 = DIRECTION ( 'NONE',  ( 0.000000000000000000, 0.000000000000000000, 1.000000000000000000 ) ) ;
#1232 = DIRECTION ( 'NONE',  ( -0.000000000000000000, 1.000000000000000000, -0.000000000000000000 ) ) ;
#1233 = DIRECTION ( 'NONE',  ( 0.000000000000000000, 1.000000000000000000, 0.000000000000000000 ) ) ;
#1234 = ORIENTED_EDGE ( 'NONE', *, *, #1556, .T. ) ;
#1235 = VERTEX_POINT ( 'NONE', #1299 ) ;
#1236 = CARTESIAN_POINT ( 'NONE',  ( 0.3022353029644345157, -1.205048161602495727, 3.677253925121797072E-17 ) ) ;
#1237 = EDGE_CURVE ( 'NONE', #970, #1499, #935, .T. ) ;
#1238 = CIRCLE ( 'NONE', #251, 0.09374999999999991673 ) ;
#1239 = DIRECTION ( 'NONE',  ( 0.000000000000000000, -0.7071067811865389130, -0.7071067811865561215 ) ) ;
#1240 = FACE_BOUND ( 'NONE', #279, .T. ) ;
#1241 = AXIS2_PLACEMENT_3D ( 'NONE', #1136, #893, #491 ) ;
#1242 = DIRECTION ( 'NONE',  ( 0.000000000000000000, 0.000000000000000000, 1.000000000000000000 ) ) ;
#1243 = EDGE_CURVE ( 'NONE', #1490, #1523, #386, .T. ) ;
#1244 = EDGE_LOOP ( 'NONE', ( #644, #1150 ) ) ;
#1245 = DIRECTION ( 'NONE',  ( 0.000000000000000000, 0.000000000000000000, 1.000000000000000000 ) ) ;
#1246 = VERTEX_POINT ( 'NONE', #666 ) ;
#1247 = LINE ( 'NONE', #629, #400 ) ;
#1248 = LINE ( 'NONE', #104, #766 ) ;
#1249 = CARTESIAN_POINT ( 'NONE',  ( 0.000000000000000000, -0.7887795275590564481, 0.000000000000000000 ) ) ;
#1250 = PERSON_AND_ORGANIZATION_ROLE ( 'creator' ) ;
#1251 = DIRECTION ( 'NONE',  ( 0.000000000000000000, 0.000000000000000000, 1.000000000000000000 ) ) ;
#1252 = ORIENTED_EDGE ( 'NONE', *, *, #1243, .T. ) ;
#1253 = LOCAL_TIME ( 19, 12, 55.00000000000000000, #1396 ) ;
#1254 = ORIENTED_EDGE ( 'NONE', *, *, #665, .F. ) ;
#1255 = AXIS2_PLACEMENT_3D ( 'NONE', #84, #1202, #1341 ) ;
#1256 = DIRECTION ( 'NONE',  ( 6.063912545387572683E-17, -1.000000000000000000, 4.340715498389438777E-17 ) ) ;
#1257 = DIRECTION ( 'NONE',  ( 0.000000000000000000, 0.000000000000000000, 1.000000000000000000 ) ) ;
#1258 = AXIS2_PLACEMENT_3D ( 'NONE', #991, #140, #1257 ) ;
#1259 = DIRECTION ( 'NONE',  ( -0.000000000000000000, 1.000000000000000000, -0.000000000000000000 ) ) ;
#1260 = PERSON_AND_ORGANIZATION ( #1449, #530 ) ;
#1261 = CARTESIAN_POINT ( 'NONE',  ( 0.6692913385826771977, -0.2120669291338526385, -0.06496062992125983815 ) ) ;
#1262 = ADVANCED_FACE ( 'NONE', ( #189 ), #591, .F. ) ;
#1263 = ORIENTED_EDGE ( 'NONE', *, *, #1307, .T. ) ;
#1264 = VERTEX_POINT ( 'NONE', #316 ) ;
#1265 =( LENGTH_UNIT ( ) NAMED_UNIT ( * ) SI_UNIT ( $, .METRE. ) );
#1266 = EDGE_CURVE ( 'NONE', #487, #1523, #1290, .T. ) ;
#1267 = CYLINDRICAL_SURFACE ( 'NONE', #309, 0.06496062992125979652 ) ;
#1268 = EDGE_CURVE ( 'NONE', #710, #534, #561, .T. ) ;
#1269 = ORIENTED_EDGE ( 'NONE', *, *, #379, .T. ) ;
#1270 = DIRECTION ( 'NONE',  ( -0.000000000000000000, 1.000000000000000000, -0.000000000000000000 ) ) ;
#1271 = ORIENTED_EDGE ( 'NONE', *, *, #859, .F. ) ;
#1272 = DIRECTION ( 'NONE',  ( -0.000000000000000000, 1.000000000000000000, -0.000000000000000000 ) ) ;
#1273 = DIRECTION ( 'NONE',  ( -0.000000000000000000, -1.000000000000000000, -0.000000000000000000 ) ) ;
#1274 = PERSON_AND_ORGANIZATION ( #1449, #530 ) ;
#1275 = CARTESIAN_POINT ( 'NONE',  ( 0.000000000000000000, -0.2120669291338526385, 0.000000000000000000 ) ) ;
#1276 = DIRECTION ( 'NONE',  ( 1.000000000000000000, 0.000000000000000000, 0.000000000000000000 ) ) ;
#1277 = ORIENTED_EDGE ( 'NONE', *, *, #1560, .F. ) ;
#1278 = DIRECTION ( 'NONE',  ( 0.000000000000000000, 0.000000000000000000, 1.000000000000000000 ) ) ;
#1279 = AXIS2_PLACEMENT_3D ( 'NONE', #260, #983, #1484 ) ;
#1280 = CIRCLE ( 'NONE', #32, 0.8549999999999999822 ) ;
#1281 = DIRECTION ( 'NONE',  ( 1.000000000000000000, 0.000000000000000000, 1.224646799147349509E-16 ) ) ;
#1282 = AXIS2_PLACEMENT_3D ( 'NONE', #615, #513, #1618 ) ;
#1283 = COORDINATED_UNIVERSAL_TIME_OFFSET ( 8, 0, .BEHIND. ) ;
#1284 = AXIS2_PLACEMENT_3D ( 'NONE', #12, #1232, #1495 ) ;
#1285 = ORIENTED_EDGE ( 'NONE', *, *, #394, .T. ) ;
#1286 = CARTESIAN_POINT ( 'NONE',  ( 0.000000000000000000, -0.7986220472440956897, -0.2993524956926486569 ) ) ;
#1287 = DIRECTION ( 'NONE',  ( -6.063912545387572683E-17, 1.000000000000000000, -4.340715498389438777E-17 ) ) ;
#1288 = ORIENTED_EDGE ( 'NONE', *, *, #143, .T. ) ;
#1289 = EDGE_CURVE ( 'NONE', #1523, #1490, #986, .T. ) ;
#1290 = LINE ( 'NONE', #927, #68 ) ;
#1291 = CARTESIAN_POINT ( 'NONE',  ( 3.857155273869339231E-17, -0.3295472440944827164, -0.3149606300000000747 ) ) ;
#1292 = DIRECTION ( 'NONE',  ( 0.000000000000000000, 1.000000000000000000, 0.000000000000000000 ) ) ;
#1293 = AXIS2_PLACEMENT_3D ( 'NONE', #341, #1339, #220 ) ;
#1294 = ORIENTED_EDGE ( 'NONE', *, *, #70, .F. ) ;
#1295 = CARTESIAN_POINT ( 'NONE',  ( 0.000000000000000000, -0.7986220472440956897, 0.000000000000000000 ) ) ;
#1296 = EDGE_LOOP ( 'NONE', ( #10, #290, #1263, #1271 ) ) ;
#1297 = DIRECTION ( 'NONE',  ( 0.000000000000000000, 1.000000000000000000, 0.000000000000000000 ) ) ;
#1298 = COORDINATED_UNIVERSAL_TIME_OFFSET ( 8, 0, .BEHIND. ) ;
#1299 = CARTESIAN_POINT ( 'NONE',  ( 3.857155273869339231E-17, -0.7887795275590564481, -0.3149606300000000747 ) ) ;
#1300 = EDGE_CURVE ( 'NONE', #1313, #1301, #1322, .T. ) ;
#1301 = VERTEX_POINT ( 'NONE', #1200 ) ;
#1302 = FACE_OUTER_BOUND ( 'NONE', #950, .T. ) ;
#1303 = FACE_OUTER_BOUND ( 'NONE', #1218, .T. ) ;
#1304 = ORIENTED_EDGE ( 'NONE', *, *, #1609, .F. ) ;
#1305 = VERTEX_POINT ( 'NONE', #1324 ) ;
#1306 = CARTESIAN_POINT ( 'NONE',  ( 0.000000000000000000, -1.221850393700788517, 0.000000000000000000 ) ) ;
#1307 = EDGE_CURVE ( 'NONE', #1264, #48, #828, .T. ) ;
#1308 = TOROIDAL_SURFACE ( 'NONE', #477, 0.3091950153776881760, 0.009842519685039369942 ) ;
#1309 = CARTESIAN_POINT ( 'NONE',  ( 9.461295243256980570E-17, -0.2120669291338526385, 0.7342519685039371469 ) ) ;
#1310 = CIRCLE ( 'NONE', #1049, 0.06496062992125986590 ) ;
#1311 = EDGE_LOOP ( 'NONE', ( #680, #22, #857, #376 ) ) ;
#1312 = ADVANCED_FACE ( 'NONE', ( #1566 ), #197, .F. ) ;
#1313 = VERTEX_POINT ( 'NONE', #1315 ) ;
#1314 = ORIENTED_EDGE ( 'NONE', *, *, #227, .F. ) ;
#1315 = CARTESIAN_POINT ( 'NONE',  ( -1.264840288333748361E-17, -0.2120669291338526385, -0.6043307086614174706 ) ) ;
#1316 = EDGE_CURVE ( 'NONE', #1152, #1417, #1238, .T. ) ;
#1317 = CARTESIAN_POINT ( 'NONE',  ( 3.857155273869339231E-17, -1.527952755905512605, -0.3149606300000000747 ) ) ;
#1318 = DIRECTION ( 'NONE',  ( 0.000000000000000000, 0.000000000000000000, 1.000000000000000000 ) ) ;
#1319 = ADVANCED_FACE ( 'NONE', ( #1080 ), #1477, .F. ) ;
#1320 = DIRECTION ( 'NONE',  ( 1.000000000000000000, 0.000000000000000000, 0.000000000000000000 ) ) ;
#1321 = ORIENTED_EDGE ( 'NONE', *, *, #722, .F. ) ;
#1322 = CIRCLE ( 'NONE', #201, 0.06496062992125979652 ) ;
#1323 = ORIENTED_EDGE ( 'NONE', *, *, #571, .F. ) ;
#1324 = CARTESIAN_POINT ( 'NONE',  ( -4.693020132970827758E-18, -1.527952755905512605, -0.7342519685039370358 ) ) ;
#1325 = DIRECTION ( 'NONE',  ( 0.000000000000000000, 1.000000000000000000, 0.000000000000000000 ) ) ;
#1326 = LINE ( 'NONE', #731, #1027 ) ;
#1327 = EDGE_LOOP ( 'NONE', ( #1206, #1133, #1481, #448 ) ) ;
#1328 = VERTEX_POINT ( 'NONE', #72 ) ;
#1329 = DIRECTION ( 'NONE',  ( 1.000000000000000000, -0.000000000000000000, 1.224646799147353207E-16 ) ) ;
#1330 = DIRECTION ( 'NONE',  ( 0.000000000000000000, 0.000000000000000000, -1.000000000000000000 ) ) ;
#1331 = DIRECTION ( 'NONE',  ( -1.000000000000000000, -6.063912545387572683E-17, 0.000000000000000000 ) ) ;
#1332 = AXIS2_PLACEMENT_3D ( 'NONE', #705, #1579, #1381 ) ;
#1333 = AXIS2_PLACEMENT_3D ( 'NONE', #493, #392, #993 ) ;
#1334 = DIRECTION ( 'NONE',  ( 0.000000000000000000, 0.000000000000000000, -1.000000000000000000 ) ) ;
#1335 = AXIS2_PLACEMENT_3D ( 'NONE', #446, #1055, #920 ) ;
#1336 = ORIENTED_EDGE ( 'NONE', *, *, #941, .F. ) ;
#1337 = AXIS2_PLACEMENT_3D ( 'NONE', #484, #490, #1486 ) ;
#1338 = ORIENTED_EDGE ( 'NONE', *, *, #694, .F. ) ;
#1339 = DIRECTION ( 'NONE',  ( 0.000000000000000000, -1.000000000000000000, 0.000000000000000000 ) ) ;
#1340 = PLANE ( 'NONE',  #1361 ) ;
#1341 = DIRECTION ( 'NONE',  ( 0.000000000000000000, 0.000000000000000000, 1.000000000000000000 ) ) ;
#1342 = ORIENTED_EDGE ( 'NONE', *, *, #1005, .F. ) ;
#1343 = ORIENTED_EDGE ( 'NONE', *, *, #1289, .T. ) ;
#1344 = DIRECTION ( 'NONE',  ( 0.000000000000000000, 1.000000000000000000, 0.000000000000000000 ) ) ;
#1345 = CIRCLE ( 'NONE', #1012, 0.3051181102362204856 ) ;
#1346 = FACE_OUTER_BOUND ( 'NONE', #46, .T. ) ;
#1347 = EDGE_CURVE ( 'NONE', #1425, #1113, #1397, .T. ) ;
#1348 = CARTESIAN_POINT ( 'NONE',  ( -8.290305251408636499E-34, -0.8084645669291351533, 0.3149606300000000747 ) ) ;
#1349 = EDGE_CURVE ( 'NONE', #345, #360, #1109, .T. ) ;
#1350 = CARTESIAN_POINT ( 'NONE',  ( 0.000000000000000000, -0.9944881889763790284, 0.000000000000000000 ) ) ;
#1351 = ORIENTED_EDGE ( 'NONE', *, *, #810, .F. ) ;
#1352 = ORIENTED_EDGE ( 'NONE', *, *, #1527, .T. ) ;
#1353 = DIRECTION ( 'NONE',  ( 6.063912545387572683E-17, -1.000000000000000000, 4.340715498389438777E-17 ) ) ;
#1354 = CYLINDRICAL_SURFACE ( 'NONE', #1616, 0.06496062992125979652 ) ;
#1355 = ADVANCED_FACE ( 'NONE', ( #1444 ), #706, .F. ) ;
#1356 = CARTESIAN_POINT ( 'NONE',  ( 4.279031630879038246E-17, -1.403937007874016540, 0.3444881889763779514 ) ) ;
#1357 = AXIS2_PLACEMENT_3D ( 'NONE', #1620, #807, #1320 ) ;
#1358 = CC_DESIGN_APPROVAL ( #1030, ( #281 ) ) ;
#1359 = ORIENTED_EDGE ( 'NONE', *, *, #1439, .T. ) ;
#1360 = EDGE_CURVE ( 'NONE', #1425, #1264, #198, .T. ) ;
#1361 = AXIS2_PLACEMENT_3D ( 'NONE', #1590, #465, #1331 ) ;
#1362 = ORIENTED_EDGE ( 'NONE', *, *, #364, .T. ) ;
#1363 = FACE_OUTER_BOUND ( 'NONE', #1040, .T. ) ;
#1364 = LINE ( 'NONE', #511, #350 ) ;
#1365 = EDGE_CURVE ( 'NONE', #1029, #1036, #282, .T. ) ;
#1366 = DIRECTION ( 'NONE',  ( 0.000000000000000000, 0.000000000000000000, 1.000000000000000000 ) ) ;
#1367 = VERTEX_POINT ( 'NONE', #326 ) ;
#1368 = EDGE_LOOP ( 'NONE', ( #164, #1142, #1565, #1602 ) ) ;
#1369 = LINE ( 'NONE', #253, #239 ) ;
#1370 = CYLINDRICAL_SURFACE ( 'NONE', #186, 0.3149606300000000747 ) ;
#1371 = CARTESIAN_POINT ( 'NONE',  ( -0.3091950153776878985, -1.202165354330709812, -7.293370927659592749E-19 ) ) ;
#1372 = DATE_TIME_ROLE ( 'classification_date' ) ;
#1373 = CARTESIAN_POINT ( 'NONE',  ( 0.000000000000000000, -1.527952755905512605, 0.000000000000000000 ) ) ;
#1374 = ORIENTED_EDGE ( 'NONE', *, *, #716, .F. ) ;
#1375 = ORIENTED_EDGE ( 'NONE', *, *, #1096, .T. ) ;
#1376 = LINE ( 'NONE', #1017, #308 ) ;
#1377 = DIRECTION ( 'NONE',  ( -1.000000000000000000, -1.848892746611745981E-31, -5.551115123125781470E-17 ) ) ;
#1378 = CARTESIAN_POINT ( 'NONE',  ( 0.000000000000000000, -1.088238188976379028, -0.8549999999999999822 ) ) ;
#1379 = PERSON_AND_ORGANIZATION_ROLE ( 'classification_officer' ) ;
#1380 = ORIENTED_EDGE ( 'NONE', *, *, #1118, .T. ) ;
#1381 = DIRECTION ( 'NONE',  ( 1.224646799147353947E-16, 0.000000000000000000, -1.000000000000000000 ) ) ;
#1382 = EDGE_CURVE ( 'NONE', #417, #534, #877, .T. ) ;
#1383 = AXIS2_PLACEMENT_3D ( 'NONE', #651, #508, #1014 ) ;
#1384 = EDGE_LOOP ( 'NONE', ( #146, #1022, #1610, #93 ) ) ;
#1385 = CIRCLE ( 'NONE', #504, 0.3022353029644345157 ) ;
#1386 = FACE_BOUND ( 'NONE', #695, .T. ) ;
#1387 = EDGE_CURVE ( 'NONE', #1367, #1328, #172, .T. ) ;
#1388 = AXIS2_PLACEMENT_3D ( 'NONE', #1567, #813, #551 ) ;
#1389 = DIRECTION ( 'NONE',  ( 1.000000000000000000, 0.000000000000000000, 0.000000000000000000 ) ) ;
#1390 = FACE_OUTER_BOUND ( 'NONE', #1422, .T. ) ;
#1391 = VERTEX_POINT ( 'NONE', #1461 ) ;
#1392 = DIRECTION ( 'NONE',  ( -0.000000000000000000, 1.000000000000000000, -0.000000000000000000 ) ) ;
#1393 = ORIENTED_EDGE ( 'NONE', *, *, #686, .T. ) ;
#1394 = DIRECTION ( 'NONE',  ( -0.000000000000000000, 1.000000000000000000, -0.000000000000000000 ) ) ;
#1395 = CARTESIAN_POINT ( 'NONE',  ( 0.000000000000000000, -0.8055817596573489059, 0.000000000000000000 ) ) ;
#1396 = COORDINATED_UNIVERSAL_TIME_OFFSET ( 8, 0, .BEHIND. ) ;
#1397 = CIRCLE ( 'NONE', #1611, 0.3022353029644345157 ) ;
#1398 = ORIENTED_EDGE ( 'NONE', *, *, #203, .T. ) ;
#1399 = DIRECTION ( 'NONE',  ( 1.224646799147353947E-16, 0.000000000000000000, -1.000000000000000000 ) ) ;
#1400 = EDGE_CURVE ( 'NONE', #803, #678, #384, .T. ) ;
#1401 = AXIS2_PLACEMENT_3D ( 'NONE', #1207, #582, #1466 ) ;
#1402 = CYLINDRICAL_SURFACE ( 'NONE', #1177, 0.3149606300000000747 ) ;
#1403 = ORIENTED_EDGE ( 'NONE', *, *, #98, .F. ) ;
#1404 = LINE ( 'NONE', #916, #121 ) ;
#1405 = PERSON_AND_ORGANIZATION_ROLE ( 'creator' ) ;
#1406 = EDGE_LOOP ( 'NONE', ( #1532, #366, #244, #325 ) ) ;
#1407 = DIRECTION ( 'NONE',  ( 0.000000000000000000, 1.000000000000000000, 0.000000000000000000 ) ) ;
#1408 = FACE_OUTER_BOUND ( 'NONE', #749, .T. ) ;
#1409 = EDGE_CURVE ( 'NONE', #847, #497, #211, .T. ) ;
#1410 = VERTEX_POINT ( 'NONE', #1589 ) ;
#1411 = CIRCLE ( 'NONE', #209, 0.06496062992125979652 ) ;
#1412 = DIRECTION ( 'NONE',  ( 0.000000000000000000, 0.7071067811865389130, 0.7071067811865561215 ) ) ;
#1413 = APPROVAL_PERSON_ORGANIZATION ( #1274, #335, #1137 ) ;
#1414 = DIRECTION ( 'NONE',  ( 0.000000000000000000, 1.000000000000000000, 0.000000000000000000 ) ) ;
#1415 = AXIS2_PLACEMENT_3D ( 'NONE', #338, #718, #1584 ) ;
#1416 = AXIS2_PLACEMENT_3D ( 'NONE', #1222, #460, #106 ) ;
#1417 = VERTEX_POINT ( 'NONE', #470 ) ;
#1418 = CARTESIAN_POINT ( 'NONE',  ( 3.666010756667740772E-17, -0.7986220472440956897, 0.2993524956926486569 ) ) ;
#1419 = ADVANCED_FACE ( 'NONE', ( #346 ), #1510, .T. ) ;
#1420 = ORIENTED_EDGE ( 'NONE', *, *, #979, .T. ) ;
#1421 = CARTESIAN_POINT ( 'NONE',  ( 9.461295243256980570E-17, -0.2120669291338526385, 0.6692913385826771977 ) ) ;
#1422 = EDGE_LOOP ( 'NONE', ( #202, #1193 ) ) ;
#1423 = EDGE_CURVE ( 'NONE', #176, #775, #92, .T. ) ;
#1424 = CARTESIAN_POINT ( 'NONE',  ( 0.000000000000000000, -1.212007874015748943, 0.000000000000000000 ) ) ;
#1425 = VERTEX_POINT ( 'NONE', #1604 ) ;
#1426 = LINE ( 'NONE', #1557, #1166 ) ;
#1427 = DESIGN_CONTEXT ( 'detailed design', #624, 'design' ) ;
#1428 = CARTESIAN_POINT ( 'NONE',  ( 0.000000000000000000, -1.527952755905512605, 0.3149606300000000747 ) ) ;
#1429 = PLANE ( 'NONE',  #1450 ) ;
#1430 = DIRECTION ( 'NONE',  ( 0.000000000000000000, -1.000000000000000000, 0.000000000000000000 ) ) ;
#1431 = AXIS2_PLACEMENT_3D ( 'NONE', #1528, #408, #289 ) ;
#1432 = EDGE_LOOP ( 'NONE', ( #1160, #188 ) ) ;
#1433 = EDGE_CURVE ( 'NONE', #1235, #13, #1376, .T. ) ;
#1434 = ORIENTED_EDGE ( 'NONE', *, *, #849, .F. ) ;
#1435 = CARTESIAN_POINT ( 'NONE',  ( 0.000000000000000000, -1.527952755905512605, 0.000000000000000000 ) ) ;
#1436 = EDGE_CURVE ( 'NONE', #95, #514, #1561, .T. ) ;
#1437 = DIRECTION ( 'NONE',  ( 1.000000000000000000, 6.063912545387572683E-17, 0.000000000000000000 ) ) ;
#1438 = DIRECTION ( 'NONE',  ( 0.000000000000000000, 1.000000000000000000, 0.000000000000000000 ) ) ;
#1439 = EDGE_CURVE ( 'NONE', #417, #1603, #728, .T. ) ;
#1440 = ORIENTED_EDGE ( 'NONE', *, *, #1436, .F. ) ;
#1441 = CARTESIAN_POINT ( 'NONE',  ( 0.000000000000000000, -0.7986220472440952456, 0.000000000000000000 ) ) ;
#1442 = ORIENTED_EDGE ( 'NONE', *, *, #454, .T. ) ;
#1443 = ADVANCED_FACE ( 'NONE', ( #1493 ), #1138, .F. ) ;
#1444 = FACE_OUTER_BOUND ( 'NONE', #393, .T. ) ;
#1445 = CIRCLE ( 'NONE', #1024, 0.3051181102362207076 ) ;
#1446 = AXIS2_PLACEMENT_3D ( 'NONE', #758, #620, #1622 ) ;
#1447 = CIRCLE ( 'NONE', #347, 0.06496062992125993529 ) ;
#1448 = CARTESIAN_POINT ( 'NONE',  ( -0.3091950153776878985, -1.212007874015749165, -3.021013153654238003E-19 ) ) ;
#1449 = PERSON ( 'UNSPECIFIED', 'UNSPECIFIED', 'UNSPECIFIED', ('UNSPECIFIED'), ('UNSPECIFIED'), ('UNSPECIFIED') ) ;
#1450 = AXIS2_PLACEMENT_3D ( 'NONE', #302, #165, #1437 ) ;
#1451 = DIRECTION ( 'NONE',  ( -0.000000000000000000, 1.000000000000000000, -0.000000000000000000 ) ) ;
#1452 = ORIENTED_EDGE ( 'NONE', *, *, #563, .F. ) ;
#1453 = DIRECTION ( 'NONE',  ( 0.000000000000000000, 0.000000000000000000, 1.000000000000000000 ) ) ;
#1454 = DIRECTION ( 'NONE',  ( 0.000000000000000000, -0.7071067811865572317, -0.7071067811865376918 ) ) ;
#1455 = CARTESIAN_POINT ( 'NONE',  ( -8.616261780726131224E-33, -1.403937007874016540, -7.582401355855259480E-33 ) ) ;
#1456 = CARTESIAN_POINT ( 'NONE',  ( -2.459580203641243147E-17, -1.202165354330709812, -7.293370927659594675E-19 ) ) ;
#1457 = AXIS2_PLACEMENT_3D ( 'NONE', #96, #77, #1581 ) ;
#1458 = ORIENTED_EDGE ( 'NONE', *, *, #1423, .F. ) ;
#1459 = AXIS2_PLACEMENT_3D ( 'NONE', #655, #1154, #1534 ) ;
#1460 = VERTEX_POINT ( 'NONE', #482 ) ;
#1461 = CARTESIAN_POINT ( 'NONE',  ( 9.461295243256980570E-17, -1.527952755905512605, 0.7342519685039371469 ) ) ;
#1462 = DIRECTION ( 'NONE',  ( 0.000000000000000000, 0.000000000000000000, 1.000000000000000000 ) ) ;
#1463 = CARTESIAN_POINT ( 'NONE',  ( 0.000000000000000000, -0.7986220472440952456, 0.000000000000000000 ) ) ;
#1464 = EDGE_LOOP ( 'NONE', ( #355, #218 ) ) ;
#1465 = ORIENTED_EDGE ( 'NONE', *, *, #607, .T. ) ;
#1466 = DIRECTION ( 'NONE',  ( -1.000000000000000000, 0.000000000000000000, 0.000000000000000000 ) ) ;
#1467 = DIRECTION ( 'NONE',  ( 0.000000000000000000, -1.000000000000000000, 0.000000000000000000 ) ) ;
#1468 = TOROIDAL_SURFACE ( 'NONE', #499, 0.3091950153776880095, 0.009842519685039369942 ) ;
#1469 = PRODUCT_DEFINITION_SHAPE ( 'NONE', 'NONE',  #281 ) ;
#1470 = CONICAL_SURFACE ( 'NONE', #660, 0.2952755905511810774, 0.7853981633974327359 ) ;
#1471 = CARTESIAN_POINT ( 'NONE',  ( -1.264840288333748361E-17, -1.527952755905512605, -0.6043307086614174706 ) ) ;
#1472 = AXIS2_PLACEMENT_3D ( 'NONE', #634, #175, #60 ) ;
#1473 = ORIENTED_EDGE ( 'NONE', *, *, #1400, .F. ) ;
#1474 = AXIS2_PLACEMENT_3D ( 'NONE', #1518, #751, #1231 ) ;
#1475 = ADVANCED_FACE ( 'NONE', ( #1517 ), #1115, .F. ) ;
#1476 = ORIENTED_EDGE ( 'NONE', *, *, #1347, .F. ) ;
#1477 = CYLINDRICAL_SURFACE ( 'NONE', #933, 0.5167322834645668994 ) ;
#1478 = EDGE_CURVE ( 'NONE', #775, #176, #645, .T. ) ;
#1479 = DIRECTION ( 'NONE',  ( 0.000000000000000000, 1.000000000000000000, 0.000000000000000000 ) ) ;
#1480 = DIRECTION ( 'NONE',  ( -1.000000000000000000, 0.000000000000000000, 0.000000000000000000 ) ) ;
#1481 = ORIENTED_EDGE ( 'NONE', *, *, #738, .F. ) ;
#1482 = EDGE_LOOP ( 'NONE', ( #181, #1578, #250, #113 ) ) ;
#1483 = EDGE_CURVE ( 'NONE', #799, #989, #602, .T. ) ;
#1484 = DIRECTION ( 'NONE',  ( 0.000000000000000000, 0.000000000000000000, 1.000000000000000000 ) ) ;
#1485 = AXIS2_PLACEMENT_3D ( 'NONE', #415, #784, #1281 ) ;
#1486 = DIRECTION ( 'NONE',  ( 0.000000000000000000, 0.000000000000000000, 1.000000000000000000 ) ) ;
#1487 = PLANE ( 'NONE',  #1141 ) ;
#1488 = ADVANCED_FACE ( 'NONE', ( #1363, #1386, #114, #127, #889, #1101 ), #611, .F. ) ;
#1489 = DIRECTION ( 'NONE',  ( 0.000000000000000000, 0.000000000000000000, -1.000000000000000000 ) ) ;
#1490 = VERTEX_POINT ( 'NONE', #1509 ) ;
#1491 = ADVANCED_FACE ( 'NONE', ( #882 ), #858, .T. ) ;
#1492 = EDGE_LOOP ( 'NONE', ( #809, #87, #646, #821 ) ) ;
#1493 = FACE_OUTER_BOUND ( 'NONE', #661, .T. ) ;
#1494 = CARTESIAN_POINT ( 'NONE',  ( -8.616261780726131224E-33, -1.413779527559056115, -7.582401355855259480E-33 ) ) ;
#1495 = DIRECTION ( 'NONE',  ( 0.000000000000000000, 0.000000000000000000, 1.000000000000000000 ) ) ;
#1496 = CARTESIAN_POINT ( 'NONE',  ( -5.372595311071339009E-16, -0.2120669291338526385, 0.5167322834645668994 ) ) ;
#1497 = VECTOR ( 'NONE', #272, 39.37007874015748143 ) ;
#1498 = AXIS2_PLACEMENT_3D ( 'NONE', #453, #1159, #1172 ) ;
#1499 = VERTEX_POINT ( 'NONE', #1236 ) ;
#1500 = CIRCLE ( 'NONE', #1524, 0.3051181102362207076 ) ;
#1501 = AXIS2_PLACEMENT_3D ( 'NONE', #232, #199, #1195 ) ;
#1502 = ORIENTED_EDGE ( 'NONE', *, *, #70, .T. ) ;
#1503 = DIRECTION ( 'NONE',  ( 1.000000000000000000, 0.000000000000000000, 0.000000000000000000 ) ) ;
#1504 = DIRECTION ( 'NONE',  ( 0.000000000000000000, 0.000000000000000000, 1.000000000000000000 ) ) ;
#1505 = PERSON_AND_ORGANIZATION ( #1449, #530 ) ;
#1506 = FACE_OUTER_BOUND ( 'NONE', #601, .T. ) ;
#1507 = ORIENTED_EDGE ( 'NONE', *, *, #692, .T. ) ;
#1508 = ORIENTED_EDGE ( 'NONE', *, *, #34, .T. ) ;
#1509 = CARTESIAN_POINT ( 'NONE',  ( 0.000000000000000000, -1.221850393700788517, -0.3051181102362209852 ) ) ;
#1510 = TOROIDAL_SURFACE ( 'NONE', #800, 0.3091950153776881760, 0.009842519685039369942 ) ;
#1511 = DIRECTION ( 'NONE',  ( 0.000000000000000000, 0.000000000000000000, 1.000000000000000000 ) ) ;
#1512 = DIRECTION ( 'NONE',  ( 0.000000000000000000, 0.000000000000000000, 1.000000000000000000 ) ) ;
#1513 = ADVANCED_FACE ( 'NONE', ( #120 ), #30, .F. ) ;
#1514 = FACE_OUTER_BOUND ( 'NONE', #1406, .T. ) ;
#1515 = ORIENTED_EDGE ( 'NONE', *, *, #1592, .T. ) ;
#1516 = ORIENTED_EDGE ( 'NONE', *, *, #440, .F. ) ;
#1517 = FACE_OUTER_BOUND ( 'NONE', #1482, .T. ) ;
#1518 = CARTESIAN_POINT ( 'NONE',  ( 0.000000000000000000, -1.088238188976379028, 0.000000000000000000 ) ) ;
#1519 = DIRECTION ( 'NONE',  ( -0.000000000000000000, 1.000000000000000000, -0.000000000000000000 ) ) ;
#1520 = DATE_TIME_ROLE ( 'creation_date' ) ;
#1521 = ORIENTED_EDGE ( 'NONE', *, *, #29, .T. ) ;
#1522 = AXIS2_PLACEMENT_3D ( 'NONE', #532, #908, #258 ) ;
#1523 = VERTEX_POINT ( 'NONE', #498 ) ;
#1524 = AXIS2_PLACEMENT_3D ( 'NONE', #685, #1287, #166 ) ;
#1525 = FACE_OUTER_BOUND ( 'NONE', #574, .T. ) ;
#1526 = CIRCLE ( 'NONE', #269, 0.3022353029644349043 ) ;
#1527 = EDGE_CURVE ( 'NONE', #69, #653, #786, .T. ) ;
#1528 = CARTESIAN_POINT ( 'NONE',  ( 0.000000000000000000, -1.527952755905512605, 0.000000000000000000 ) ) ;
#1529 = ORIENTED_EDGE ( 'NONE', *, *, #230, .F. ) ;
#1530 = FACE_OUTER_BOUND ( 'NONE', #40, .T. ) ;
#1531 = VERTEX_POINT ( 'NONE', #873 ) ;
#1532 = ORIENTED_EDGE ( 'NONE', *, *, #261, .F. ) ;
#1533 = CARTESIAN_POINT ( 'NONE',  ( 0.000000000000000000, -0.7887795275590564481, 0.3051181102362204300 ) ) ;
#1534 = DIRECTION ( 'NONE',  ( 0.000000000000000000, 0.000000000000000000, 1.000000000000000000 ) ) ;
#1535 = ORIENTED_EDGE ( 'NONE', *, *, #153, .T. ) ;
#1536 = DIRECTION ( 'NONE',  ( 0.000000000000000000, 0.000000000000000000, 1.000000000000000000 ) ) ;
#1537 = EDGE_CURVE ( 'NONE', #475, #514, #1369, .T. ) ;
#1538 = DIRECTION ( 'NONE',  ( -1.000000000000000000, -6.063912545387572683E-17, 2.632171916664198804E-33 ) ) ;
#1539 = EDGE_LOOP ( 'NONE', ( #880, #462, #1100, #1351 ) ) ;
#1540 = CC_DESIGN_DATE_AND_TIME_ASSIGNMENT ( #503, #1372, ( #212 ) ) ;
#1541 = DIRECTION ( 'NONE',  ( 0.000000000000000000, 0.000000000000000000, 1.000000000000000000 ) ) ;
#1542 = CARTESIAN_POINT ( 'NONE',  ( 0.000000000000000000, -0.8084645669291351533, -0.3051181102362207076 ) ) ;
#1543 = CARTESIAN_POINT ( 'NONE',  ( -0.6692913385826771977, -1.527952755905512605, -0.06496062992125989366 ) ) ;
#1544 = ORIENTED_EDGE ( 'NONE', *, *, #1409, .F. ) ;
#1545 = DIRECTION ( 'NONE',  ( 0.000000000000000000, 0.000000000000000000, -1.000000000000000000 ) ) ;
#1546 = PERSON_AND_ORGANIZATION ( #1449, #530 ) ;
#1547 = AXIS2_PLACEMENT_3D ( 'NONE', #236, #1107, #743 ) ;
#1548 = DIRECTION ( 'NONE',  ( -6.063912545387572683E-17, 1.000000000000000000, -4.340715498389438777E-17 ) ) ;
#1549 = AXIS2_PLACEMENT_3D ( 'NONE', #1171, #668, #452 ) ;
#1550 = ORIENTED_EDGE ( 'NONE', *, *, #979, .F. ) ;
#1551 = CARTESIAN_POINT ( 'NONE',  ( 1.047073013270987016E-16, -1.527952755905512605, -0.8549999999999999822 ) ) ;
#1552 = CARTESIAN_POINT ( 'NONE',  ( 0.000000000000000000, -0.9007381889763789173, 0.000000000000000000 ) ) ;
#1553 = EDGE_LOOP ( 'NONE', ( #1252, #1343 ) ) ;
#1554 = CARTESIAN_POINT ( 'NONE',  ( 0.6692913385826771977, -0.2120669291338526385, -5.363067765795362848E-17 ) ) ;
#1555 =( NAMED_UNIT ( * ) PLANE_ANGLE_UNIT ( ) SI_UNIT ( $, .RADIAN. ) );
#1556 = EDGE_CURVE ( 'NONE', #1410, #726, #1247, .T. ) ;
#1557 = CARTESIAN_POINT ( 'NONE',  ( -5.372595311071339009E-16, -1.791086850877700920, 0.5167322834645668994 ) ) ;
#1558 = EDGE_LOOP ( 'NONE', ( #387, #473, #409, #635 ) ) ;
#1559 = DIRECTION ( 'NONE',  ( 0.000000000000000000, 0.000000000000000000, 1.000000000000000000 ) ) ;
#1560 = EDGE_CURVE ( 'NONE', #126, #741, #180, .T. ) ;
#1561 = CIRCLE ( 'NONE', #1059, 0.8549999999999998712 ) ;
#1562 = DIRECTION ( 'NONE',  ( -0.000000000000000000, 1.000000000000000000, -0.000000000000000000 ) ) ;
#1563 = TOROIDAL_SURFACE ( 'NONE', #852, 0.8500000000000000888, 0.09374999999999998612 ) ;
#1564 = EDGE_CURVE ( 'NONE', #1036, #69, #776, .T. ) ;
#1565 = ORIENTED_EDGE ( 'NONE', *, *, #1564, .T. ) ;
#1566 = FACE_OUTER_BOUND ( 'NONE', #225, .T. ) ;
#1567 = CARTESIAN_POINT ( 'NONE',  ( 0.000000000000000000, -1.212007874015748943, 0.000000000000000000 ) ) ;
#1568 = CARTESIAN_POINT ( 'NONE',  ( 0.000000000000000000, -1.088238188976379028, 0.000000000000000000 ) ) ;
#1569 = ORIENTED_EDGE ( 'NONE', *, *, #431, .T. ) ;
#1570 = DIRECTION ( 'NONE',  ( 0.000000000000000000, 0.000000000000000000, -1.000000000000000000 ) ) ;
#1571 = ORIENTED_EDGE ( 'NONE', *, *, #285, .F. ) ;
#1572 = DIRECTION ( 'NONE',  ( 0.000000000000000000, -1.000000000000000000, 0.000000000000000000 ) ) ;
#1573 = TOROIDAL_SURFACE ( 'NONE', #1498, 0.3091950153776880095, 0.009842519685039369942 ) ;
#1574 = CIRCLE ( 'NONE', #790, 0.5167322834645668994 ) ;
#1575 = DIRECTION ( 'NONE',  ( -0.000000000000000000, 1.000000000000000000, -0.000000000000000000 ) ) ;
#1576 = AXIS2_PLACEMENT_3D ( 'NONE', #66, #796, #1536 ) ;
#1577 = CARTESIAN_POINT ( 'NONE',  ( 3.857155273869339231E-17, -1.527952755905512605, -0.3149606300000000747 ) ) ;
#1578 = ORIENTED_EDGE ( 'NONE', *, *, #567, .T. ) ;
#1579 = DIRECTION ( 'NONE',  ( 1.000000000000000000, 0.000000000000000000, 1.224646799147353207E-16 ) ) ;
#1580 = ORIENTED_EDGE ( 'NONE', *, *, #375, .T. ) ;
#1581 = DIRECTION ( 'NONE',  ( 0.000000000000000000, 0.000000000000000000, -1.000000000000000000 ) ) ;
#1582 = DIRECTION ( 'NONE',  ( 0.000000000000000000, -1.000000000000000000, 0.000000000000000000 ) ) ;
#1583 = FACE_OUTER_BOUND ( 'NONE', #898, .T. ) ;
#1584 = DIRECTION ( 'NONE',  ( 1.000000000000000000, 0.000000000000000000, 0.000000000000000000 ) ) ;
#1585 = EDGE_CURVE ( 'NONE', #75, #95, #801, .T. ) ;
#1586 = ORIENTED_EDGE ( 'NONE', *, *, #442, .T. ) ;
#1587 = AXIS2_PLACEMENT_3D ( 'NONE', #1435, #1045, #1541 ) ;
#1588 = ORIENTED_EDGE ( 'NONE', *, *, #825, .T. ) ;
#1589 = CARTESIAN_POINT ( 'NONE',  ( 0.6692913385826771977, -1.527952755905512605, 0.06496062992125974100 ) ) ;
#1590 = CARTESIAN_POINT ( 'NONE',  ( 0.000000000000000000, -1.221850393700788517, 0.000000000000000000 ) ) ;
#1591 = CARTESIAN_POINT ( 'NONE',  ( 0.000000000000000000, -1.088238188976379028, 0.8500000000000000888 ) ) ;
#1592 = EDGE_CURVE ( 'NONE', #768, #487, #158, .T. ) ;
#1593 = ORIENTED_EDGE ( 'NONE', *, *, #354, .F. ) ;
#1594 = EDGE_LOOP ( 'NONE', ( #383, #1521, #1204, #1031 ) ) ;
#1595 = DIRECTION ( 'NONE',  ( 1.224646799147349509E-16, 0.000000000000000000, -1.000000000000000000 ) ) ;
#1596 = DIRECTION ( 'NONE',  ( -0.000000000000000000, 1.000000000000000000, -0.000000000000000000 ) ) ;
#1597 = CLOSED_SHELL ( 'NONE', ( #398, #178, #1182, #1443, #385, #599, #1151, #105, #101, #1419, #277, #156, #1262, #1143, #1612, #1475, #1067, #195, #1312, #1093, #170, #1015, #1491, #222, #1196, #1601, #652, #1488, #642, #612, #522, #525, #1076, #89, #144, #332, #853, #1039, #733, #1355, #110, #955, #598, #1021, #670, #1513, #1192, #552, #328, #772, #318, #517, #1069, #1319 ) ) ;
#1598 = AXIS2_PLACEMENT_3D ( 'NONE', #1568, #47, #428 ) ;
#1599 = LINE ( 'NONE', #223, #213 ) ;
#1600 = AXIS2_PLACEMENT_3D ( 'NONE', #437, #928, #683 ) ;
#1601 = ADVANCED_FACE ( 'NONE', ( #527 ), #647, .F. ) ;
#1602 = ORIENTED_EDGE ( 'NONE', *, *, #1108, .F. ) ;
#1603 = VERTEX_POINT ( 'NONE', #769 ) ;
#1604 = CARTESIAN_POINT ( 'NONE',  ( 3.701314963647251637E-17, -1.205048161602495727, -0.3022353029644345157 ) ) ;
#1605 = EDGE_CURVE ( 'NONE', #1029, #653, #298, .T. ) ;
#1606 = DIRECTION ( 'NONE',  ( -6.028585775162876438E-17, -1.000000000000000000, 1.072855867644725209E-16 ) ) ;
#1607 = CARTESIAN_POINT ( 'NONE',  ( -8.616261780726131224E-33, -1.403937007874016540, -7.582401355855259480E-33 ) ) ;
#1608 = LINE ( 'NONE', #1577, #919 ) ;
#1609 = EDGE_CURVE ( 'NONE', #768, #1264, #5, .T. ) ;
#1610 = ORIENTED_EDGE ( 'NONE', *, *, #1140, .T. ) ;
#1611 = AXIS2_PLACEMENT_3D ( 'NONE', #476, #827, #1086 ) ;
#1612 = ADVANCED_FACE ( 'NONE', ( #1525 ), #548, .F. ) ;
#1613 = AXIS2_PLACEMENT_3D ( 'NONE', #458, #88, #1194 ) ;
#1614 = EDGE_LOOP ( 'NONE', ( #628, #791 ) ) ;
#1615 = CARTESIAN_POINT ( 'NONE',  ( 0.000000000000000000, -0.9944881889763790284, 0.000000000000000000 ) ) ;
#1616 = AXIS2_PLACEMENT_3D ( 'NONE', #263, #992, #1504 ) ;
#1617 = FACE_OUTER_BOUND ( 'NONE', #964, .T. ) ;
#1618 = DIRECTION ( 'NONE',  ( 0.000000000000000000, 0.000000000000000000, 1.000000000000000000 ) ) ;
#1619 = VERTEX_POINT ( 'NONE', #654 ) ;
#1620 = CARTESIAN_POINT ( 'NONE',  ( 0.000000000000000000, -0.8084645669291351533, 0.000000000000000000 ) ) ;
#1621 = ORIENTED_EDGE ( 'NONE', *, *, #907, .F. ) ;
#1622 = DIRECTION ( 'NONE',  ( 0.000000000000000000, 0.000000000000000000, -1.000000000000000000 ) ) ;
ENDSEC;
END-ISO-10303-21;
