ISO-10303-21;
HEADER;
FILE_DESCRIPTION (( 'STEP AP203' ),
    '1' );
FILE_NAME ('O-ring holder bottom_Vf.STEP',
    '2026-03-21T02:13:21',
    ( '' ),
    ( '' ),
    'SwSTEP 2.0',
    'SolidWorks 2025',
    '' );
FILE_SCHEMA (( 'CONFIG_CONTROL_DESIGN' ));
ENDSEC;

DATA;
#1 = FACE_OUTER_BOUND ( 'NONE', #682, .T. ) ;
#2 = EDGE_CURVE ( 'NONE', #160, #340, #472, .T. ) ;
#3 = EDGE_CURVE ( 'NONE', #113, #747, #1214, .T. ) ;
#4 = AXIS2_PLACEMENT_3D ( 'NONE', #1279, #1043, #698 ) ;
#5 = ORIENTED_EDGE ( 'NONE', *, *, #1134, .T. ) ;
#6 = EDGE_CURVE ( 'NONE', #1175, #725, #1052, .T. ) ;
#7 = CIRCLE ( 'NONE', #464, 20.99999999999999645 ) ;
#8 = DIRECTION ( 'NONE',  ( -1.000000000000000000, 0.000000000000000000, 0.000000000000000000 ) ) ;
#9 = AXIS2_PLACEMENT_3D ( 'NONE', #1048, #843, #278 ) ;
#10 = ORIENTED_EDGE ( 'NONE', *, *, #509, .F. ) ;
#11 = DIRECTION ( 'NONE',  ( 0.000000000000000000, 0.000000000000000000, 1.000000000000000000 ) ) ;
#12 = VECTOR ( 'NONE', #700, 1000.000000000000000 ) ;
#13 = ORIENTED_EDGE ( 'NONE', *, *, #654, .T. ) ;
#14 = DIRECTION ( 'NONE',  ( 0.000000000000000000, 0.000000000000000000, -1.000000000000000000 ) ) ;
#15 = ORIENTED_EDGE ( 'NONE', *, *, #550, .F. ) ;
#16 = ORIENTED_EDGE ( 'NONE', *, *, #410, .T. ) ;
#17 = DIRECTION ( 'NONE',  ( -1.000000000000000000, -0.000000000000000000, -0.000000000000000000 ) ) ;
#18 = VERTEX_POINT ( 'NONE', #1373 ) ;
#19 = FACE_OUTER_BOUND ( 'NONE', #317, .T. ) ;
#20 = DIRECTION ( 'NONE',  ( 0.000000000000000000, 0.000000000000000000, 1.000000000000000000 ) ) ;
#21 = CARTESIAN_POINT ( 'NONE',  ( 3.000000000000000000, 1.408343819019455387E-15, 14.00000000000000711 ) ) ;
#22 = ORIENTED_EDGE ( 'NONE', *, *, #1299, .T. ) ;
#23 = DIRECTION ( 'NONE',  ( -1.000000000000000000, -8.381647117973250432E-31, -7.875905461306212235E-31 ) ) ;
#24 = LINE ( 'NONE', #384, #506 ) ;
#25 = APPROVAL_STATUS ( 'not_yet_approved' ) ;
#26 = VERTEX_POINT ( 'NONE', #40 ) ;
#27 = AXIS2_PLACEMENT_3D ( 'NONE', #1297, #1190, #194 ) ;
#28 = DIRECTION ( 'NONE',  ( -1.000000000000000000, 0.000000000000000000, 0.000000000000000000 ) ) ;
#29 = VECTOR ( 'NONE', #1257, 1000.000000000000000 ) ;
#30 = ORIENTED_EDGE ( 'NONE', *, *, #1098, .T. ) ;
#31 = FACE_OUTER_BOUND ( 'NONE', #48, .T. ) ;
#32 = AXIS2_PLACEMENT_3D ( 'NONE', #256, #801, #678 ) ;
#33 = CARTESIAN_POINT ( 'NONE',  ( 14.55177669529663476, 0.000000000000000000, 0.000000000000000000 ) ) ;
#34 = VERTEX_POINT ( 'NONE', #1368 ) ;
#35 = CARTESIAN_POINT ( 'NONE',  ( 3.000000000000000000, 17.00000000000000000, -1.649999999999999467 ) ) ;
#36 = ORIENTED_EDGE ( 'NONE', *, *, #248, .T. ) ;
#37 = FACE_OUTER_BOUND ( 'NONE', #891, .T. ) ;
#38 = CARTESIAN_POINT ( 'NONE',  ( 4.125000000000000000, 0.000000000000000000, 0.000000000000000000 ) ) ;
#39 = EDGE_CURVE ( 'NONE', #925, #870, #922, .T. ) ;
#40 = CARTESIAN_POINT ( 'NONE',  ( 5.500000000000000000, 17.00000000000000000, -1.649999999999999467 ) ) ;
#41 = VERTEX_POINT ( 'NONE', #159 ) ;
#42 = DIRECTION ( 'NONE',  ( 0.000000000000000000, 0.000000000000000000, -1.000000000000000000 ) ) ;
#43 = DIRECTION ( 'NONE',  ( 0.000000000000000000, 0.000000000000000000, 1.000000000000000000 ) ) ;
#44 = EDGE_CURVE ( 'NONE', #18, #751, #1283, .T. ) ;
#45 = CARTESIAN_POINT ( 'NONE',  ( 5.500000000000000000, 17.00000000000000000, 0.000000000000000000 ) ) ;
#46 = EDGE_CURVE ( 'NONE', #59, #756, #688, .T. ) ;
#47 = FACE_OUTER_BOUND ( 'NONE', #982, .T. ) ;
#48 = EDGE_LOOP ( 'NONE', ( #279, #1049, #504, #1315 ) ) ;
#49 = ADVANCED_FACE ( 'NONE', ( #1145, #47 ), #933, .T. ) ;
#50 = AXIS2_PLACEMENT_3D ( 'NONE', #127, #1328, #20 ) ;
#51 = DIRECTION ( 'NONE',  ( 0.000000000000000000, 0.000000000000000000, 1.000000000000000000 ) ) ;
#52 = LINE ( 'NONE', #1367, #29 ) ;
#53 = AXIS2_PLACEMENT_3D ( 'NONE', #1411, #1407, #823 ) ;
#54 = AXIS2_PLACEMENT_3D ( 'NONE', #904, #271, #800 ) ;
#55 = DIRECTION ( 'NONE',  ( 0.000000000000000000, 0.000000000000000000, -1.000000000000000000 ) ) ;
#56 = ORIENTED_EDGE ( 'NONE', *, *, #1360, .F. ) ;
#57 = EDGE_LOOP ( 'NONE', ( #184, #425 ) ) ;
#58 = DIRECTION ( 'NONE',  ( 0.000000000000000000, 0.000000000000000000, 1.000000000000000000 ) ) ;
#59 = VERTEX_POINT ( 'NONE', #813 ) ;
#60 = FACE_BOUND ( 'NONE', #839, .T. ) ;
#61 = VERTEX_POINT ( 'NONE', #149 ) ;
#62 = EDGE_LOOP ( 'NONE', ( #396, #315, #89, #589 ) ) ;
#63 = COORDINATED_UNIVERSAL_TIME_OFFSET ( 8, 0, .BEHIND. ) ;
#64 = CARTESIAN_POINT ( 'NONE',  ( 14.37499999999999645, 9.311667321936077055E-16, -7.603553390593289052 ) ) ;
#65 = ORIENTED_EDGE ( 'NONE', *, *, #39, .F. ) ;
#66 = CARTESIAN_POINT ( 'NONE',  ( 14.19822330470336347, 0.000000000000000000, 0.000000000000000000 ) ) ;
#67 = CARTESIAN_POINT ( 'NONE',  ( 5.500000000000000000, 17.00000000000000000, 1.649999999999999467 ) ) ;
#68 = ORIENTED_EDGE ( 'NONE', *, *, #696, .T. ) ;
#69 = CARTESIAN_POINT ( 'NONE',  ( 3.000000000000000000, -17.00000000000000000, 3.000000000000002665 ) ) ;
#70 = ORIENTED_EDGE ( 'NONE', *, *, #452, .F. ) ;
#71 = CARTESIAN_POINT ( 'NONE',  ( 14.74999999999999112, 0.000000000000000000, 9.000000000000000000 ) ) ;
#72 = AXIS2_PLACEMENT_3D ( 'NONE', #45, #482, #923 ) ;
#73 = AXIS2_PLACEMENT_3D ( 'NONE', #481, #273, #1256 ) ;
#74 = CARTESIAN_POINT ( 'NONE',  ( 0.000000000000000000, -3.467052374664787925E-15, 1.734723475976806700E-15 ) ) ;
#75 = VECTOR ( 'NONE', #736, 1000.000000000000000 ) ;
#76 = CC_DESIGN_DATE_AND_TIME_ASSIGNMENT ( #567, #777, ( #1197 ) ) ;
#77 = FACE_OUTER_BOUND ( 'NONE', #446, .T. ) ;
#78 = ORIENTED_EDGE ( 'NONE', *, *, #297, .T. ) ;
#79 = VERTEX_POINT ( 'NONE', #584 ) ;
#80 = DIRECTION ( 'NONE',  ( 1.000000000000000000, 0.000000000000000000, 0.000000000000000000 ) ) ;
#81 = CARTESIAN_POINT ( 'NONE',  ( 3.000000000000000000, -17.00000000000000000, 2.081899558550500280E-15 ) ) ;
#82 = VERTEX_POINT ( 'NONE', #1388 ) ;
#83 = CARTESIAN_POINT ( 'NONE',  ( 0.000000000000000000, 1.040949779275250140E-15, 17.00000000000000000 ) ) ;
#84 = ORIENTED_EDGE ( 'NONE', *, *, #451, .T. ) ;
#85 = DIRECTION ( 'NONE',  ( -1.000000000000000000, 0.000000000000000000, 0.000000000000000000 ) ) ;
#86 = CC_DESIGN_PERSON_AND_ORGANIZATION_ASSIGNMENT ( #216, #1172, ( #154 ) ) ;
#87 = CARTESIAN_POINT ( 'NONE',  ( 5.500000000000000000, -17.00000000000000000, 2.081899558550500280E-15 ) ) ;
#88 = CALENDAR_DATE ( 2026, 20, 3 ) ;
#89 = ORIENTED_EDGE ( 'NONE', *, *, #1230, .T. ) ;
#90 = EDGE_CURVE ( 'NONE', #160, #82, #1111, .T. ) ;
#91 = FACE_OUTER_BOUND ( 'NONE', #560, .T. ) ;
#92 = ORIENTED_EDGE ( 'NONE', *, *, #1399, .T. ) ;
#93 = CARTESIAN_POINT ( 'NONE',  ( 3.000000000000000000, 17.00000000000000000, 3.000000000000000444 ) ) ;
#94 = CIRCLE ( 'NONE', #167, 23.00000000000000000 ) ;
#95 = DIRECTION ( 'NONE',  ( 1.000000000000000000, 0.000000000000000000, 0.000000000000000000 ) ) ;
#96 = EDGE_LOOP ( 'NONE', ( #164, #56 ) ) ;
#97 = AXIS2_PLACEMENT_3D ( 'NONE', #951, #1071, #393 ) ;
#98 = CIRCLE ( 'NONE', #241, 2.000000000000001776 ) ;
#99 = APPLICATION_CONTEXT ( 'configuration controlled 3d designs of mechanical parts and assemblies' ) ;
#100 = AXIS2_PLACEMENT_3D ( 'NONE', #676, #28, #141 ) ;
#101 = DIRECTION ( 'NONE',  ( 1.000000000000000000, 0.000000000000000000, 0.000000000000000000 ) ) ;
#102 = VERTEX_POINT ( 'NONE', #576 ) ;
#103 = ADVANCED_FACE ( 'NONE', ( #710 ), #477, .T. ) ;
#104 = CARTESIAN_POINT ( 'NONE',  ( 14.12499999999999112, 9.491012693392015397E-16, -7.750000000000021316 ) ) ;
#105 = DIRECTION ( 'NONE',  ( 0.000000000000000000, 0.000000000000000000, -1.000000000000000000 ) ) ;
#106 = SHAPE_DEFINITION_REPRESENTATION ( #844, #759 ) ;
#107 = APPROVAL ( #978, 'UNSPECIFIED' ) ;
#108 = CARTESIAN_POINT ( 'NONE',  ( 15.00000000000000000, 0.000000000000000000, 8.749999999999994671 ) ) ;
#109 = ORIENTED_EDGE ( 'NONE', *, *, #818, .T. ) ;
#110 = DIRECTION ( 'NONE',  ( -1.000000000000000000, 0.000000000000000000, 0.000000000000000000 ) ) ;
#111 = EDGE_CURVE ( 'NONE', #779, #335, #603, .T. ) ;
#112 = DIRECTION ( 'NONE',  ( 1.000000000000000000, 0.000000000000000000, 0.000000000000000000 ) ) ;
#113 = VERTEX_POINT ( 'NONE', #1252 ) ;
#114 = CARTESIAN_POINT ( 'NONE',  ( 3.000000000000000000, 1.040949779275250140E-15, -14.00000000000000355 ) ) ;
#115 = VERTEX_POINT ( 'NONE', #616 ) ;
#116 = DIRECTION ( 'NONE',  ( 0.000000000000000000, 0.000000000000000000, 1.000000000000000000 ) ) ;
#117 = CARTESIAN_POINT ( 'NONE',  ( 15.00000000000000000, 0.000000000000000000, 0.000000000000000000 ) ) ;
#118 = AXIS2_PLACEMENT_3D ( 'NONE', #87, #977, #1421 ) ;
#119 = AXIS2_PLACEMENT_3D ( 'NONE', #136, #931, #1156 ) ;
#120 = CIRCLE ( 'NONE', #1311, 7.603553390593289052 ) ;
#121 = ORIENTED_EDGE ( 'NONE', *, *, #494, .F. ) ;
#122 = TOROIDAL_SURFACE ( 'NONE', #53, 20.99999999999999645, 2.000000000000000000 ) ;
#123 = CARTESIAN_POINT ( 'NONE',  ( 0.000000000000000000, 1.040949779275250140E-15, 19.99999999999999645 ) ) ;
#124 = CIRCLE ( 'NONE', #809, 8.000000002000000165 ) ;
#125 = VERTEX_POINT ( 'NONE', #67 ) ;
#126 = DIRECTION ( 'NONE',  ( 0.000000000000000000, 0.000000000000000000, 1.000000000000000000 ) ) ;
#127 = CARTESIAN_POINT ( 'NONE',  ( 14.37499999999999645, 0.000000000000000000, 0.000000000000000000 ) ) ;
#128 = LINE ( 'NONE', #1349, #536 ) ;
#129 = EDGE_LOOP ( 'NONE', ( #651, #649 ) ) ;
#130 = FACE_BOUND ( 'NONE', #1058, .T. ) ;
#131 = DIRECTION ( 'NONE',  ( -1.000000000000000000, 0.000000000000000000, 0.000000000000000000 ) ) ;
#132 = ORIENTED_EDGE ( 'NONE', *, *, #380, .T. ) ;
#133 = CARTESIAN_POINT ( 'NONE',  ( 14.74999999999999112, 0.000000000000000000, 0.000000000000000000 ) ) ;
#134 = ORIENTED_EDGE ( 'NONE', *, *, #1165, .T. ) ;
#135 = CARTESIAN_POINT ( 'NONE',  ( 3.000000000000000000, 1.040949779275250140E-15, -17.00000000000000000 ) ) ;
#136 = CARTESIAN_POINT ( 'NONE',  ( 14.37499999999999645, 0.000000000000000000, 0.000000000000000000 ) ) ;
#137 = ORIENTED_EDGE ( 'NONE', *, *, #606, .F. ) ;
#138 = DIRECTION ( 'NONE',  ( -1.000000000000000000, -0.000000000000000000, -0.000000000000000000 ) ) ;
#139 = EDGE_LOOP ( 'NONE', ( #496, #385 ) ) ;
#140 = AXIS2_PLACEMENT_3D ( 'NONE', #408, #859, #1403 ) ;
#141 = DIRECTION ( 'NONE',  ( 0.000000000000000000, 0.000000000000000000, 1.000000000000000000 ) ) ;
#142 = ORIENTED_EDGE ( 'NONE', *, *, #1122, .T. ) ;
#143 = CONICAL_SURFACE ( 'NONE', #73, 7.500000000000002665, 0.7853981633974447263 ) ;
#144 = DIRECTION ( 'NONE',  ( 0.000000000000000000, 0.000000000000000000, -1.000000000000000000 ) ) ;
#145 = EDGE_CURVE ( 'NONE', #1412, #1394, #1410, .T. ) ;
#146 = CIRCLE ( 'NONE', #789, 3.000000000000000444 ) ;
#147 = CIRCLE ( 'NONE', #600, 20.99999999999999645 ) ;
#148 = DIRECTION ( 'NONE',  ( 0.000000000000000000, 0.000000000000000000, -1.000000000000000000 ) ) ;
#149 = CARTESIAN_POINT ( 'NONE',  ( 4.125000000000000000, 9.797174395628120439E-16, -8.000000002000000165 ) ) ;
#150 = CARTESIAN_POINT ( 'NONE',  ( 0.000000000000000000, 0.000000000000000000, 0.000000000000000000 ) ) ;
#151 = EDGE_CURVE ( 'NONE', #1114, #483, #595, .T. ) ;
#152 = EDGE_CURVE ( 'NONE', #943, #1219, #732, .T. ) ;
#153 = ORIENTED_EDGE ( 'NONE', *, *, #1067, .F. ) ;
#154 = PRODUCT ( 'O-ring holder bottom_Vf', 'O-ring holder bottom_Vf', '', ( #203 ) ) ;
#155 = ADVANCED_FACE ( 'NONE', ( #414 ), #720, .F. ) ;
#156 = FACE_BOUND ( 'NONE', #276, .T. ) ;
#157 = DIRECTION ( 'NONE',  ( 0.000000000000000000, 0.000000000000000000, 1.000000000000000000 ) ) ;
#158 = EDGE_CURVE ( 'NONE', #188, #985, #187, .T. ) ;
#159 = CARTESIAN_POINT ( 'NONE',  ( 0.000000000000000000, 2.694222958124176809E-15, 20.99999999999999645 ) ) ;
#160 = VERTEX_POINT ( 'NONE', #944 ) ;
#161 = CARTESIAN_POINT ( 'NONE',  ( 14.55177669529663476, 9.446176350528025881E-16, 7.676776695296656072 ) ) ;
#162 = DIRECTION ( 'NONE',  ( 1.000000000000000000, 0.000000000000000000, 0.000000000000000000 ) ) ;
#163 = DIRECTION ( 'NONE',  ( -1.000000000000000000, -0.000000000000000000, -0.000000000000000000 ) ) ;
#164 = ORIENTED_EDGE ( 'NONE', *, *, #1344, .F. ) ;
#165 = EDGE_CURVE ( 'NONE', #340, #861, #1237, .T. ) ;
#166 = COORDINATED_UNIVERSAL_TIME_OFFSET ( 8, 0, .BEHIND. ) ;
#167 = AXIS2_PLACEMENT_3D ( 'NONE', #873, #433, #1323 ) ;
#168 = CIRCLE ( 'NONE', #763, 8.000000002000000165 ) ;
#169 = CARTESIAN_POINT ( 'NONE',  ( 2.000000000000000000, 0.000000000000000000, -20.99999999999999645 ) ) ;
#170 = VECTOR ( 'NONE', #1174, 1000.000000000000000 ) ;
#171 = DIRECTION ( 'NONE',  ( -1.000000000000000000, -8.381647117973250432E-31, -8.806703630064040106E-31 ) ) ;
#172 = CIRCLE ( 'NONE', #948, 7.676776695296653408 ) ;
#173 = ORIENTED_EDGE ( 'NONE', *, *, #451, .F. ) ;
#174 = CIRCLE ( 'NONE', #648, 1.649999999999999467 ) ;
#175 = DIRECTION ( 'NONE',  ( 0.000000000000000000, 0.000000000000000000, 1.000000000000000000 ) ) ;
#176 = APPLICATION_PROTOCOL_DEFINITION ( 'international standard', 'config_control_design', 1994, #1056 ) ;
#177 = CYLINDRICAL_SURFACE ( 'NONE', #807, 1.650000000000002132 ) ;
#178 = CARTESIAN_POINT ( 'NONE',  ( -1.200000000000000030E-05, -3.467052374664787925E-15, 1.734723475976806700E-15 ) ) ;
#179 = DIRECTION ( 'NONE',  ( -1.000000000000000000, 0.000000000000000000, 0.000000000000000000 ) ) ;
#180 = ORIENTED_EDGE ( 'NONE', *, *, #919, .F. ) ;
#181 = CARTESIAN_POINT ( 'NONE',  ( 3.000000000000000000, -17.00000000000000000, -1.649999999999997469 ) ) ;
#182 = ORIENTED_EDGE ( 'NONE', *, *, #750, .F. ) ;
#183 = DIRECTION ( 'NONE',  ( -1.000000000000000000, 0.000000000000000000, 0.000000000000000000 ) ) ;
#184 = ORIENTED_EDGE ( 'NONE', *, *, #1134, .F. ) ;
#185 = CARTESIAN_POINT ( 'NONE',  ( 3.000000000000000000, -17.00000000000000000, -2.999999999999998224 ) ) ;
#186 = DIRECTION ( 'NONE',  ( -1.000000000000000000, 0.000000000000000000, 0.000000000000000000 ) ) ;
#187 = CIRCLE ( 'NONE', #573, 3.000000000000000444 ) ;
#188 = VERTEX_POINT ( 'NONE', #185 ) ;
#189 = ORIENTED_EDGE ( 'NONE', *, *, #960, .F. ) ;
#190 = AXIS2_PLACEMENT_3D ( 'NONE', #653, #348, #1005 ) ;
#191 = CYLINDRICAL_SURFACE ( 'NONE', #803, 12.99999999999999822 ) ;
#192 = TOROIDAL_SURFACE ( 'NONE', #1241, 7.853553390593289940, 0.2500000000000000000 ) ;
#193 = AXIS2_PLACEMENT_3D ( 'NONE', #871, #1115, #1085 ) ;
#194 = DIRECTION ( 'NONE',  ( 0.000000000000000000, 0.000000000000000000, 1.000000000000000000 ) ) ;
#195 = CIRCLE ( 'NONE', #1243, 2.999999999999997335 ) ;
#196 = VERTEX_POINT ( 'NONE', #952 ) ;
#197 = CYLINDRICAL_SURFACE ( 'NONE', #288, 8.000000002000000165 ) ;
#198 = EDGE_CURVE ( 'NONE', #196, #59, #1200, .T. ) ;
#199 = EDGE_CURVE ( 'NONE', #102, #961, #1400, .T. ) ;
#200 = ORIENTED_EDGE ( 'NONE', *, *, #479, .T. ) ;
#201 = CARTESIAN_POINT ( 'NONE',  ( 0.000000000000000000, 1.408343819019455979E-15, -20.00000000000000000 ) ) ;
#202 = DIRECTION ( 'NONE',  ( -1.000000000000000000, 0.000000000000000000, 0.000000000000000000 ) ) ;
#203 = MECHANICAL_CONTEXT ( 'NONE', #99, 'mechanical' ) ;
#204 = EDGE_CURVE ( 'NONE', #1219, #870, #1303, .T. ) ;
#205 = EDGE_LOOP ( 'NONE', ( #1077, #1335, #519, #642 ) ) ;
#206 = CARTESIAN_POINT ( 'NONE',  ( 0.000000000000000000, -1.875011535773229027E-15, 13.00000000000000000 ) ) ;
#207 = ORIENTED_EDGE ( 'NONE', *, *, #455, .T. ) ;
#208 = DIRECTION ( 'NONE',  ( 0.000000000000000000, 0.000000000000000000, -1.000000000000000000 ) ) ;
#209 = CARTESIAN_POINT ( 'NONE',  ( 3.000000000000000000, 17.00000000000000000, -3.000000000000000444 ) ) ;
#210 = PERSON_AND_ORGANIZATION ( #549, #383 ) ;
#211 = CARTESIAN_POINT ( 'NONE',  ( 14.37499999999999645, 0.000000000000000000, 0.000000000000000000 ) ) ;
#212 = ORIENTED_EDGE ( 'NONE', *, *, #1386, .F. ) ;
#213 = CYLINDRICAL_SURFACE ( 'NONE', #1216, 1.650000000000002132 ) ;
#214 = CIRCLE ( 'NONE', #1017, 1.649999999999998579 ) ;
#215 = DIRECTION ( 'NONE',  ( 0.000000000000000000, 0.000000000000000000, 1.000000000000000000 ) ) ;
#216 = PERSON_AND_ORGANIZATION ( #549, #383 ) ;
#217 = AXIS2_PLACEMENT_3D ( 'NONE', #685, #390, #148 ) ;
#218 = ADVANCED_FACE ( 'NONE', ( #1287 ), #729, .F. ) ;
#219 = EDGE_LOOP ( 'NONE', ( #546, #772 ) ) ;
#220 = AXIS2_PLACEMENT_3D ( 'NONE', #1392, #942, #1180 ) ;
#221 = CIRCLE ( 'NONE', #534, 2.999999999999995559 ) ;
#222 = VECTOR ( 'NONE', #466, 1000.000000000000000 ) ;
#223 = DIRECTION ( 'NONE',  ( 0.000000000000000000, 0.000000000000000000, -1.000000000000000000 ) ) ;
#224 = ADVANCED_FACE ( 'NONE', ( #625 ), #526, .F. ) ;
#225 = ORIENTED_EDGE ( 'NONE', *, *, #867, .T. ) ;
#226 = CARTESIAN_POINT ( 'NONE',  ( 0.000000000000000000, 0.000000000000000000, 0.000000000000000000 ) ) ;
#227 = CARTESIAN_POINT ( 'NONE',  ( 5.500000000000000000, 1.040949779275250140E-15, 17.00000000000000000 ) ) ;
#228 = VERTEX_POINT ( 'NONE', #609 ) ;
#229 = CARTESIAN_POINT ( 'NONE',  ( 14.12499999999999112, 0.000000000000000000, 8.000000002000000165 ) ) ;
#230 = ORIENTED_EDGE ( 'NONE', *, *, #350, .T. ) ;
#231 = CARTESIAN_POINT ( 'NONE',  ( 3.000000000000000000, 1.040949779275250140E-15, -17.00000000000000000 ) ) ;
#232 = EDGE_CURVE ( 'NONE', #460, #79, #827, .T. ) ;
#233 = FACE_OUTER_BOUND ( 'NONE', #349, .T. ) ;
#234 = CARTESIAN_POINT ( 'NONE',  ( 3.000000000000000000, 17.00000000000000000, 0.000000000000000000 ) ) ;
#235 = ORIENTED_EDGE ( 'NONE', *, *, #593, .T. ) ;
#236 = CARTESIAN_POINT ( 'NONE',  ( 3.000000000000000000, -17.00000000000000000, 2.081899558550500280E-15 ) ) ;
#237 = ORIENTED_EDGE ( 'NONE', *, *, #418, .T. ) ;
#238 = DIRECTION ( 'NONE',  ( 0.000000000000000000, 0.000000000000000000, 1.000000000000000000 ) ) ;
#239 = AXIS2_PLACEMENT_3D ( 'NONE', #375, #171, #157 ) ;
#240 = AXIS2_PLACEMENT_3D ( 'NONE', #755, #1220, #664 ) ;
#241 = AXIS2_PLACEMENT_3D ( 'NONE', #169, #949, #612 ) ;
#242 = LINE ( 'NONE', #454, #1267 ) ;
#243 = CC_DESIGN_SECURITY_CLASSIFICATION ( #1197, ( #338 ) ) ;
#244 = ORIENTED_EDGE ( 'NONE', *, *, #354, .F. ) ;
#245 = DIRECTION ( 'NONE',  ( 0.7071067811865401342, 8.659560562355022838E-17, 0.7071067811865549002 ) ) ;
#246 = EDGE_CURVE ( 'NONE', #985, #188, #1307, .T. ) ;
#247 = CARTESIAN_POINT ( 'NONE',  ( 2.000000000000000000, 0.000000000000000000, 0.000000000000000000 ) ) ;
#248 = EDGE_CURVE ( 'NONE', #877, #745, #761, .T. ) ;
#249 = ORIENTED_EDGE ( 'NONE', *, *, #508, .F. ) ;
#250 = CARTESIAN_POINT ( 'NONE',  ( 5.500000000000000000, 1.040949779275250140E-15, 17.00000000000000000 ) ) ;
#251 = VERTEX_POINT ( 'NONE', #421 ) ;
#252 = LINE ( 'NONE', #679, #902 ) ;
#253 = CALENDAR_DATE ( 2026, 20, 3 ) ;
#254 = DIRECTION ( 'NONE',  ( -1.000000000000000000, 0.000000000000000000, 0.000000000000000000 ) ) ;
#255 = ORIENTED_EDGE ( 'NONE', *, *, #152, .T. ) ;
#256 = CARTESIAN_POINT ( 'NONE',  ( 14.12499999999999112, 0.000000000000000000, 0.000000000000000000 ) ) ;
#257 = DIRECTION ( 'NONE',  ( 1.000000000000000000, -0.000000000000000000, -0.000000000000000000 ) ) ;
#258 = EDGE_CURVE ( 'NONE', #877, #1032, #1317, .T. ) ;
#259 = ORIENTED_EDGE ( 'NONE', *, *, #509, .T. ) ;
#260 = EDGE_CURVE ( 'NONE', #774, #460, #1206, .T. ) ;
#261 = CARTESIAN_POINT ( 'NONE',  ( 14.37500000000001243, 0.000000000000000000, 0.000000000000000000 ) ) ;
#262 = CONICAL_SURFACE ( 'NONE', #217, 7.500000000000002665, 0.7853981633974587151 ) ;
#263 = CIRCLE ( 'NONE', #830, 12.99999999999999822 ) ;
#264 = CARTESIAN_POINT ( 'NONE',  ( 5.500000000000000000, -17.00000000000000000, -1.649999999999997469 ) ) ;
#265 = EDGE_CURVE ( 'NONE', #79, #460, #663, .T. ) ;
#266 = CIRCLE ( 'NONE', #1065, 1.650000000000002132 ) ;
#267 = CC_DESIGN_APPROVAL ( #107, ( #338 ) ) ;
#268 = CARTESIAN_POINT ( 'NONE',  ( 15.00000000000000000, 0.000000000000000000, 9.000000000000000000 ) ) ;
#269 = ORIENTED_EDGE ( 'NONE', *, *, #1250, .F. ) ;
#270 = EDGE_LOOP ( 'NONE', ( #1022, #322 ) ) ;
#271 = DIRECTION ( 'NONE',  ( -1.000000000000000000, 0.000000000000000000, 0.000000000000000000 ) ) ;
#272 = ORIENTED_EDGE ( 'NONE', *, *, #771, .F. ) ;
#273 = DIRECTION ( 'NONE',  ( -1.000000000000000000, 0.000000000000000000, 0.000000000000000000 ) ) ;
#274 = DIRECTION ( 'NONE',  ( 1.000000000000000000, 0.000000000000000000, 0.000000000000000000 ) ) ;
#275 = DIRECTION ( 'NONE',  ( -0.7071067811865500152, 0.000000000000000000, 0.7071067811865451302 ) ) ;
#276 = EDGE_LOOP ( 'NONE', ( #1319, #16 ) ) ;
#277 = ORIENTED_EDGE ( 'NONE', *, *, #851, .F. ) ;
#278 = DIRECTION ( 'NONE',  ( 0.000000000000000000, 0.000000000000000000, 1.000000000000000000 ) ) ;
#279 = ORIENTED_EDGE ( 'NONE', *, *, #958, .F. ) ;
#280 = CARTESIAN_POINT ( 'NONE',  ( 0.000000000000000000, 17.00000000000000000, -3.000000000000000444 ) ) ;
#281 = CARTESIAN_POINT ( 'NONE',  ( 3.000000000000000000, 1.040949779275250140E-15, -17.00000000000000000 ) ) ;
#282 = PERSON_AND_ORGANIZATION ( #549, #383 ) ;
#283 = AXIS2_PLACEMENT_3D ( 'NONE', #74, #95, #724 ) ;
#284 = ORIENTED_EDGE ( 'NONE', *, *, #1091, .T. ) ;
#285 = FACE_BOUND ( 'NONE', #1108, .T. ) ;
#286 = AXIS2_PLACEMENT_3D ( 'NONE', #512, #1284, #835 ) ;
#287 = FACE_BOUND ( 'NONE', #1240, .T. ) ;
#288 = AXIS2_PLACEMENT_3D ( 'NONE', #1054, #1076, #607 ) ;
#289 = ORIENTED_EDGE ( 'NONE', *, *, #850, .F. ) ;
#290 = AXIS2_PLACEMENT_3D ( 'NONE', #250, #1129, #1124 ) ;
#291 = CARTESIAN_POINT ( 'NONE',  ( 3.000000000000000000, 17.00000000000000000, 0.000000000000000000 ) ) ;
#292 = EDGE_LOOP ( 'NONE', ( #109, #856 ) ) ;
#293 = DIRECTION ( 'NONE',  ( 0.000000000000000000, 0.000000000000000000, 1.000000000000000000 ) ) ;
#294 = DIRECTION ( 'NONE',  ( 0.000000000000000000, 0.000000000000000000, -1.000000000000000000 ) ) ;
#295 = EDGE_LOOP ( 'NONE', ( #501, #884, #754, #272 ) ) ;
#296 = CARTESIAN_POINT ( 'NONE',  ( 15.00000000000000000, 1.071565949253933138E-15, -8.749999999999994671 ) ) ;
#297 = EDGE_CURVE ( 'NONE', #870, #925, #94, .T. ) ;
#298 = CARTESIAN_POINT ( 'NONE',  ( 14.12499999999999112, 9.797174395628120439E-16, -8.000000002000000165 ) ) ;
#299 = ORIENTED_EDGE ( 'NONE', *, *, #204, .F. ) ;
#300 = FACE_OUTER_BOUND ( 'NONE', #628, .T. ) ;
#301 = CARTESIAN_POINT ( 'NONE',  ( 14.37499999999999645, 9.617829021722914925E-16, -7.853553390593289940 ) ) ;
#302 = EDGE_LOOP ( 'NONE', ( #610, #1084 ) ) ;
#303 = ADVANCED_FACE ( 'NONE', ( #1244 ), #641, .T. ) ;
#304 = EDGE_CURVE ( 'NONE', #626, #886, #214, .T. ) ;
#305 = DIRECTION ( 'NONE',  ( 0.000000000000000000, 0.000000000000000000, -1.000000000000000000 ) ) ;
#306 = EDGE_LOOP ( 'NONE', ( #842, #604, #284, #352 ) ) ;
#307 = CIRCLE ( 'NONE', #239, 7.750000000000015099 ) ;
#308 = ADVANCED_FACE ( 'NONE', ( #233 ), #562, .T. ) ;
#309 = CARTESIAN_POINT ( 'NONE',  ( 0.000000000000000000, -17.00000000000000000, -2.999999999999998224 ) ) ;
#310 = CIRCLE ( 'NONE', #336, 1.649999999999999467 ) ;
#311 = CIRCLE ( 'NONE', #1426, 0.2500000000000002220 ) ;
#312 = DIRECTION ( 'NONE',  ( -1.000000000000000000, -0.000000000000000000, -0.000000000000000000 ) ) ;
#313 = DIRECTION ( 'NONE',  ( 0.000000000000000000, 0.000000000000000000, 1.000000000000000000 ) ) ;
#314 = AXIS2_PLACEMENT_3D ( 'NONE', #1002, #17, #854 ) ;
#315 = ORIENTED_EDGE ( 'NONE', *, *, #958, .T. ) ;
#316 = CARTESIAN_POINT ( 'NONE',  ( 3.000000000000000000, 1.040949779275250140E-15, 17.00000000000000000 ) ) ;
#317 = EDGE_LOOP ( 'NONE', ( #329, #1429, #544, #1258 ) ) ;
#318 = DIRECTION ( 'NONE',  ( 0.000000000000000000, 0.000000000000000000, -1.000000000000000000 ) ) ;
#319 = CARTESIAN_POINT ( 'NONE',  ( 5.500000000000000000, -17.00000000000000000, -1.649999999999997469 ) ) ;
#320 = PERSON_AND_ORGANIZATION_ROLE ( 'design_supplier' ) ;
#321 = EDGE_CURVE ( 'NONE', #626, #987, #458, .T. ) ;
#322 = ORIENTED_EDGE ( 'NONE', *, *, #1130, .F. ) ;
#323 = CC_DESIGN_PERSON_AND_ORGANIZATION_ASSIGNMENT ( #1433, #428, ( #1197 ) ) ;
#324 = DIRECTION ( 'NONE',  ( 1.000000000000000000, 0.000000000000000000, 0.000000000000000000 ) ) ;
#325 = ORIENTED_EDGE ( 'NONE', *, *, #654, .F. ) ;
#326 = CYLINDRICAL_SURFACE ( 'NONE', #240, 1.649999999999999467 ) ;
#327 = CARTESIAN_POINT ( 'NONE',  ( 3.000000000000000000, 1.040949779275250140E-15, -17.00000000000000000 ) ) ;
#328 = CALENDAR_DATE ( 2026, 20, 3 ) ;
#329 = ORIENTED_EDGE ( 'NONE', *, *, #145, .F. ) ;
#330 = DIRECTION ( 'NONE',  ( 0.000000000000000000, 0.000000000000000000, 1.000000000000000000 ) ) ;
#331 = EDGE_LOOP ( 'NONE', ( #837, #1233 ) ) ;
#332 = DIRECTION ( 'NONE',  ( 0.000000000000000000, 0.000000000000000000, 1.000000000000000000 ) ) ;
#333 = VECTOR ( 'NONE', #748, 1000.000000000000000 ) ;
#334 = DIRECTION ( 'NONE',  ( 0.000000000000000000, 0.000000000000000000, 1.000000000000000000 ) ) ;
#335 = VERTEX_POINT ( 'NONE', #553 ) ;
#336 = AXIS2_PLACEMENT_3D ( 'NONE', #1351, #347, #332 ) ;
#337 = AXIS2_PLACEMENT_3D ( 'NONE', #986, #1320, #330 ) ;
#338 = PRODUCT_DEFINITION_FORMATION_WITH_SPECIFIED_SOURCE ( 'ANY', '', #154, .NOT_KNOWN. ) ;
#339 = DIRECTION ( 'NONE',  ( 0.000000000000000000, 0.000000000000000000, -1.000000000000000000 ) ) ;
#340 = VERTEX_POINT ( 'NONE', #543 ) ;
#341 = DIRECTION ( 'NONE',  ( 0.000000000000000000, 0.000000000000000000, 1.000000000000000000 ) ) ;
#342 = CARTESIAN_POINT ( 'NONE',  ( 5.500000000000000000, 1.243016501134563292E-15, 15.35000000000000320 ) ) ;
#343 = DESIGN_CONTEXT ( 'detailed design', #1056, 'design' ) ;
#344 = ORIENTED_EDGE ( 'NONE', *, *, #701, .F. ) ;
#345 = DIRECTION ( 'NONE',  ( 0.000000000000000000, 0.000000000000000000, 1.000000000000000000 ) ) ;
#346 = ORIENTED_EDGE ( 'NONE', *, *, #1235, .T. ) ;
#347 = DIRECTION ( 'NONE',  ( -1.000000000000000000, 0.000000000000000000, 0.000000000000000000 ) ) ;
#348 = DIRECTION ( 'NONE',  ( -1.000000000000000000, -8.381647117973250432E-31, -8.806703630064040106E-31 ) ) ;
#349 = EDGE_LOOP ( 'NONE', ( #10, #182, #1248, #78 ) ) ;
#350 = EDGE_CURVE ( 'NONE', #1175, #196, #785, .T. ) ;
#351 = CARTESIAN_POINT ( 'NONE',  ( 14.12499999999999112, 0.000000000000000000, 0.000000000000000000 ) ) ;
#352 = ORIENTED_EDGE ( 'NONE', *, *, #1399, .F. ) ;
#353 = CYLINDRICAL_SURFACE ( 'NONE', #620, 3.000000000000000444 ) ;
#354 = EDGE_CURVE ( 'NONE', #756, #251, #1260, .T. ) ;
#355 = DIRECTION ( 'NONE',  ( -1.000000000000000000, 0.000000000000000000, 0.000000000000000000 ) ) ;
#356 = VECTOR ( 'NONE', #1062, 1000.000000000000000 ) ;
#357 = CIRCLE ( 'NONE', #1166, 12.99999999999999822 ) ;
#358 = AXIS2_PLACEMENT_3D ( 'NONE', #707, #1398, #936 ) ;
#359 = DIRECTION ( 'NONE',  ( 0.000000000000000000, 0.000000000000000000, -1.000000000000000000 ) ) ;
#360 = AXIS2_PLACEMENT_3D ( 'NONE', #1314, #1203, #783 ) ;
#361 = ORIENTED_EDGE ( 'NONE', *, *, #1296, .T. ) ;
#362 = DIRECTION ( 'NONE',  ( 0.000000000000000000, 0.000000000000000000, -1.000000000000000000 ) ) ;
#363 = CARTESIAN_POINT ( 'NONE',  ( 4.125000000000000000, -3.467052374664787925E-15, 1.734723475976806700E-15 ) ) ;
#364 = EDGE_CURVE ( 'NONE', #493, #1253, #878, .T. ) ;
#365 = FACE_OUTER_BOUND ( 'NONE', #863, .T. ) ;
#366 = ORIENTED_EDGE ( 'NONE', *, *, #1165, .F. ) ;
#367 = CARTESIAN_POINT ( 'NONE',  ( 2.000000000000000000, 0.000000000000000000, 23.00000000000000000 ) ) ;
#368 = EDGE_LOOP ( 'NONE', ( #417, #928, #662, #249 ) ) ;
#369 = CC_DESIGN_DATE_AND_TIME_ASSIGNMENT ( #647, #1088, ( #492 ) ) ;
#370 = CYLINDRICAL_SURFACE ( 'NONE', #72, 1.649999999999999467 ) ;
#371 = DIRECTION ( 'NONE',  ( 1.000000000000000000, 0.000000000000000000, 0.000000000000000000 ) ) ;
#372 = ADVANCED_FACE ( 'NONE', ( #1227 ), #439, .T. ) ;
#373 = CARTESIAN_POINT ( 'NONE',  ( 4.125000000000000000, -1.875011535773229027E-15, 13.00000000000000000 ) ) ;
#374 = FACE_OUTER_BOUND ( 'NONE', #634, .T. ) ;
#375 = CARTESIAN_POINT ( 'NONE',  ( 14.62499999999999289, 0.000000000000000000, 0.000000000000000000 ) ) ;
#376 = EDGE_LOOP ( 'NONE', ( #180, #1292, #237, #498 ) ) ;
#377 = CARTESIAN_POINT ( 'NONE',  ( 3.000000000000000000, 1.040949779275250140E-15, 19.99999999999999645 ) ) ;
#378 = CONICAL_SURFACE ( 'NONE', #441, 8.749999999999994671, 0.7853981633974412846 ) ;
#379 = CIRCLE ( 'NONE', #1023, 8.000000000000003553 ) ;
#380 = EDGE_CURVE ( 'NONE', #493, #1010, #766, .T. ) ;
#381 = DIRECTION ( 'NONE',  ( -1.000000000000000000, -0.000000000000000000, -0.000000000000000000 ) ) ;
#382 = AXIS2_PLACEMENT_3D ( 'NONE', #211, #559, #992 ) ;
#383 = ORGANIZATION ( 'UNSPECIFIED', 'UNSPECIFIED', '' ) ;
#384 = CARTESIAN_POINT ( 'NONE',  ( 5.500000000000000000, -17.00000000000000000, 1.650000000000001688 ) ) ;
#385 = ORIENTED_EDGE ( 'NONE', *, *, #158, .T. ) ;
#386 = DIRECTION ( 'NONE',  ( -1.000000000000000000, 0.000000000000000000, 0.000000000000000000 ) ) ;
#387 = EDGE_LOOP ( 'NONE', ( #1128, #1147 ) ) ;
#388 = DIRECTION ( 'NONE',  ( 1.000000000000000000, 0.000000000000000000, 0.000000000000000000 ) ) ;
#389 = CARTESIAN_POINT ( 'NONE',  ( 3.000000000000000000, -17.00000000000000000, -2.999999999999998224 ) ) ;
#390 = DIRECTION ( 'NONE',  ( 1.000000000000000000, 0.000000000000000000, 0.000000000000000000 ) ) ;
#391 = DIRECTION ( 'NONE',  ( 0.000000000000000000, 0.000000000000000000, -1.000000000000000000 ) ) ;
#392 = FACE_BOUND ( 'NONE', #302, .T. ) ;
#393 = DIRECTION ( 'NONE',  ( 0.000000000000000000, 0.000000000000000000, 1.000000000000000000 ) ) ;
#394 = ORIENTED_EDGE ( 'NONE', *, *, #909, .T. ) ;
#395 = DIRECTION ( 'NONE',  ( -1.000000000000000000, -0.000000000000000000, -0.000000000000000000 ) ) ;
#396 = ORIENTED_EDGE ( 'NONE', *, *, #158, .F. ) ;
#397 = CARTESIAN_POINT ( 'NONE',  ( 14.62499999999999289, 9.797174395628120439E-16, -8.000000002000000165 ) ) ;
#398 = AXIS2_PLACEMENT_3D ( 'NONE', #1271, #462, #1276 ) ;
#399 = PLANE ( 'NONE',  #286 ) ;
#400 = CIRCLE ( 'NONE', #1218, 8.000000002000000165 ) ;
#401 = AXIS2_PLACEMENT_3D ( 'NONE', #605, #313, #388 ) ;
#402 = DIRECTION ( 'NONE',  ( -1.000000000000000000, -0.000000000000000000, -0.000000000000000000 ) ) ;
#403 = EDGE_CURVE ( 'NONE', #1223, #412, #1376, .T. ) ;
#404 = CARTESIAN_POINT ( 'NONE',  ( 3.000000000000000000, 1.243016501134563292E-15, 15.35000000000000320 ) ) ;
#405 = ORIENTED_EDGE ( 'NONE', *, *, #781, .T. ) ;
#406 = CARTESIAN_POINT ( 'NONE',  ( 0.000000000000000000, -3.467052374664787925E-15, 1.734723475976806700E-15 ) ) ;
#407 = ADVANCED_FACE ( 'NONE', ( #1211, #1110 ), #882, .T. ) ;
#408 = CARTESIAN_POINT ( 'NONE',  ( 5.500000000000000000, 0.000000000000000000, 0.000000000000000000 ) ) ;
#409 = EDGE_CURVE ( 'NONE', #762, #61, #899, .T. ) ;
#410 = EDGE_CURVE ( 'NONE', #615, #1010, #853, .T. ) ;
#411 = DIRECTION ( 'NONE',  ( 0.000000000000000000, 0.000000000000000000, 1.000000000000000000 ) ) ;
#412 = VERTEX_POINT ( 'NONE', #782 ) ;
#413 = FACE_OUTER_BOUND ( 'NONE', #1051, .T. ) ;
#414 = FACE_OUTER_BOUND ( 'NONE', #1389, .T. ) ;
#415 = FACE_OUTER_BOUND ( 'NONE', #796, .T. ) ;
#416 = VECTOR ( 'NONE', #402, 1000.000000000000000 ) ;
#417 = ORIENTED_EDGE ( 'NONE', *, *, #611, .F. ) ;
#418 = EDGE_CURVE ( 'NONE', #747, #113, #993, .T. ) ;
#419 = CARTESIAN_POINT ( 'NONE',  ( 3.000000000000000000, 1.408343819019455387E-15, 14.00000000000000711 ) ) ;
#420 = AXIS2_PLACEMENT_3D ( 'NONE', #847, #85, #614 ) ;
#421 = CARTESIAN_POINT ( 'NONE',  ( 5.500000000000000000, 0.000000000000000000, 9.000000000000000000 ) ) ;
#422 = PERSON_AND_ORGANIZATION_ROLE ( 'creator' ) ;
#423 = ORIENTED_EDGE ( 'NONE', *, *, #656, .F. ) ;
#424 = DIRECTION ( 'NONE',  ( 0.000000000000000000, 0.000000000000000000, 1.000000000000000000 ) ) ;
#425 = ORIENTED_EDGE ( 'NONE', *, *, #1091, .F. ) ;
#426 = CARTESIAN_POINT ( 'NONE',  ( 5.500000000000000000, 1.040949779275250140E-15, -17.00000000000000000 ) ) ;
#427 = DIRECTION ( 'NONE',  ( 0.7071067811865401342, 0.000000000000000000, -0.7071067811865549002 ) ) ;
#428 = PERSON_AND_ORGANIZATION_ROLE ( 'classification_officer' ) ;
#429 = ORIENTED_EDGE ( 'NONE', *, *, #851, .T. ) ;
#430 = DIRECTION ( 'NONE',  ( 0.000000000000000000, 0.000000000000000000, 1.000000000000000000 ) ) ;
#431 = ORIENTED_EDGE ( 'NONE', *, *, #1277, .F. ) ;
#432 = CARTESIAN_POINT ( 'NONE',  ( 3.000000000000000000, 17.00000000000000000, -3.000000000000000444 ) ) ;
#433 = DIRECTION ( 'NONE',  ( 1.000000000000000000, 0.000000000000000000, 0.000000000000000000 ) ) ;
#434 = DIRECTION ( 'NONE',  ( 0.000000000000000000, 0.000000000000000000, 1.000000000000000000 ) ) ;
#435 = ORIENTED_EDGE ( 'NONE', *, *, #6, .T. ) ;
#436 = CYLINDRICAL_SURFACE ( 'NONE', #1332, 1.649999999999998579 ) ;
#437 = VECTOR ( 'NONE', #275, 1000.000000000000114 ) ;
#438 = DIRECTION ( 'NONE',  ( -1.000000000000000000, 0.000000000000000000, 0.000000000000000000 ) ) ;
#439 = TOROIDAL_SURFACE ( 'NONE', #1239, 20.99999999999999645, 2.000000000000000000 ) ;
#440 = ORIENTED_EDGE ( 'NONE', *, *, #44, .F. ) ;
#441 = AXIS2_PLACEMENT_3D ( 'NONE', #644, #542, #1096 ) ;
#442 = ADVANCED_FACE ( 'NONE', ( #666, #1120 ), #674, .T. ) ;
#443 = CIRCLE ( 'NONE', #1265, 1.649999999999999467 ) ;
#444 = CIRCLE ( 'NONE', #360, 3.000000000000000444 ) ;
#445 = FACE_OUTER_BOUND ( 'NONE', #205, .T. ) ;
#446 = EDGE_LOOP ( 'NONE', ( #1365, #740, #1100, #568 ) ) ;
#447 = CARTESIAN_POINT ( 'NONE',  ( 15.00000000000000000, 0.000000000000000000, 8.000000000000003553 ) ) ;
#448 = DIRECTION ( 'NONE',  ( 0.000000000000000000, 0.000000000000000000, -1.000000000000000000 ) ) ;
#449 = APPROVAL_ROLE ( '' ) ;
#450 = EDGE_CURVE ( 'NONE', #1223, #113, #1438, .T. ) ;
#451 = EDGE_CURVE ( 'NONE', #961, #82, #733, .T. ) ;
#452 = EDGE_CURVE ( 'NONE', #26, #1374, #705, .T. ) ;
#453 = EDGE_LOOP ( 'NONE', ( #1003, #456, #538, #1158 ) ) ;
#454 = CARTESIAN_POINT ( 'NONE',  ( -1.200000000000000030E-05, -3.467052374664787925E-15, -12.99999999999999645 ) ) ;
#455 = EDGE_CURVE ( 'NONE', #1266, #1013, #52, .T. ) ;
#456 = ORIENTED_EDGE ( 'NONE', *, *, #639, .F. ) ;
#457 = DIRECTION ( 'NONE',  ( -1.000000000000000000, -0.000000000000000000, -0.000000000000000000 ) ) ;
#458 = LINE ( 'NONE', #342, #1419 ) ;
#459 = DIRECTION ( 'NONE',  ( -1.000000000000000000, -0.000000000000000000, -0.000000000000000000 ) ) ;
#460 = VERTEX_POINT ( 'NONE', #280 ) ;
#461 = FACE_OUTER_BOUND ( 'NONE', #295, .T. ) ;
#462 = DIRECTION ( 'NONE',  ( -1.000000000000000000, -0.000000000000000000, -0.000000000000000000 ) ) ;
#463 = AXIS2_PLACEMENT_3D ( 'NONE', #1073, #312, #966 ) ;
#464 = AXIS2_PLACEMENT_3D ( 'NONE', #226, #1347, #1004 ) ;
#465 = CIRCLE ( 'NONE', #486, 12.99999999999999822 ) ;
#466 = DIRECTION ( 'NONE',  ( -1.000000000000000000, -0.000000000000000000, -0.000000000000000000 ) ) ;
#467 = ADVANCED_FACE ( 'NONE', ( #1263 ), #916, .F. ) ;
#468 = CC_DESIGN_APPROVAL ( #1425, ( #492 ) ) ;
#469 = ORIENTED_EDGE ( 'NONE', *, *, #1187, .T. ) ;
#470 = DIRECTION ( 'NONE',  ( -1.000000000000000000, -0.000000000000000000, -0.000000000000000000 ) ) ;
#471 = DIRECTION ( 'NONE',  ( -1.000000000000000000, -0.000000000000000000, -0.000000000000000000 ) ) ;
#472 = LINE ( 'NONE', #1152, #437 ) ;
#473 = ORIENTED_EDGE ( 'NONE', *, *, #1187, .F. ) ;
#474 = DIRECTION ( 'NONE',  ( 0.000000000000000000, 0.000000000000000000, 1.000000000000000000 ) ) ;
#475 = DIRECTION ( 'NONE',  ( -1.000000000000000000, 0.000000000000000000, 0.000000000000000000 ) ) ;
#476 = DIRECTION ( 'NONE',  ( -1.000000000000000000, 0.000000000000000000, 0.000000000000000000 ) ) ;
#477 = CYLINDRICAL_SURFACE ( 'NONE', #1162, 9.000000000000000000 ) ;
#478 = ORIENTED_EDGE ( 'NONE', *, *, #364, .T. ) ;
#479 = EDGE_CURVE ( 'NONE', #725, #251, #817, .T. ) ;
#480 = DIRECTION ( 'NONE',  ( 1.000000000000000000, 0.000000000000000000, 0.000000000000000000 ) ) ;
#481 = CARTESIAN_POINT ( 'NONE',  ( 14.37500000000001243, 0.000000000000000000, 0.000000000000000000 ) ) ;
#482 = DIRECTION ( 'NONE',  ( -1.000000000000000000, -0.000000000000000000, -0.000000000000000000 ) ) ;
#483 = VERTEX_POINT ( 'NONE', #1372 ) ;
#484 = AXIS2_PLACEMENT_3D ( 'NONE', #521, #202, #959 ) ;
#485 = CARTESIAN_POINT ( 'NONE',  ( 5.500000000000000000, 1.243016501134563884E-15, -18.65000000000000213 ) ) ;
#486 = AXIS2_PLACEMENT_3D ( 'NONE', #655, #101, #223 ) ;
#487 = CARTESIAN_POINT ( 'NONE',  ( 4.125000000000000000, -3.467052374664787925E-15, 1.734723475976806700E-15 ) ) ;
#488 = AXIS2_PLACEMENT_3D ( 'NONE', #261, #920, #692 ) ;
#489 = DIRECTION ( 'NONE',  ( 0.000000000000000000, 0.000000000000000000, -1.000000000000000000 ) ) ;
#490 = ORIENTED_EDGE ( 'NONE', *, *, #889, .T. ) ;
#491 = CARTESIAN_POINT ( 'NONE',  ( 15.00000000000000000, 1.102182119232617714E-15, -9.000000000000000000 ) ) ;
#492 = PRODUCT_DEFINITION ( 'UNKNOWN', '', #338, #343 ) ;
#493 = VERTEX_POINT ( 'NONE', #1029 ) ;
#494 = EDGE_CURVE ( 'NONE', #1010, #615, #307, .T. ) ;
#495 = CARTESIAN_POINT ( 'NONE',  ( 3.000000000000000000, 1.040949779275250140E-15, 17.00000000000000000 ) ) ;
#496 = ORIENTED_EDGE ( 'NONE', *, *, #246, .T. ) ;
#497 = CARTESIAN_POINT ( 'NONE',  ( 5.500000000000000000, 0.000000000000000000, 8.000000002000000165 ) ) ;
#498 = ORIENTED_EDGE ( 'NONE', *, *, #450, .F. ) ;
#499 = CARTESIAN_POINT ( 'NONE',  ( 5.500000000000000000, 0.000000000000000000, 0.000000000000000000 ) ) ;
#500 = DIRECTION ( 'NONE',  ( -1.000000000000000000, 0.000000000000000000, 0.000000000000000000 ) ) ;
#501 = ORIENTED_EDGE ( 'NONE', *, *, #1235, .F. ) ;
#502 = LINE ( 'NONE', #718, #170 ) ;
#503 = CARTESIAN_POINT ( 'NONE',  ( 5.500000000000000000, 1.243016501134563884E-15, -18.65000000000000213 ) ) ;
#504 = ORIENTED_EDGE ( 'NONE', *, *, #1404, .T. ) ;
#505 = AXIS2_PLACEMENT_3D ( 'NONE', #1432, #179, #1057 ) ;
#506 = VECTOR ( 'NONE', #1141, 1000.000000000000000 ) ;
#507 = CARTESIAN_POINT ( 'NONE',  ( 0.000000000000000000, 0.000000000000000000, 0.000000000000000000 ) ) ;
#508 = EDGE_CURVE ( 'NONE', #61, #762, #168, .T. ) ;
#509 = EDGE_CURVE ( 'NONE', #943, #925, #1151, .T. ) ;
#510 = CIRCLE ( 'NONE', #1042, 1.650000000000002132 ) ;
#511 = EDGE_CURVE ( 'NONE', #665, #1384, #357, .T. ) ;
#512 = CARTESIAN_POINT ( 'NONE',  ( 5.500000000000000000, 0.000000000000000000, 0.000000000000000000 ) ) ;
#513 = CIRCLE ( 'NONE', #1169, 1.649999999999998579 ) ;
#514 = CIRCLE ( 'NONE', #834, 8.000000000000003553 ) ;
#515 = DIRECTION ( 'NONE',  ( 0.000000000000000000, 0.000000000000000000, 1.000000000000000000 ) ) ;
#516 = ADVANCED_FACE ( 'NONE', ( #583 ), #262, .F. ) ;
#517 = ORIENTED_EDGE ( 'NONE', *, *, #850, .T. ) ;
#518 = DIRECTION ( 'NONE',  ( -1.000000000000000000, -0.000000000000000000, -0.000000000000000000 ) ) ;
#519 = ORIENTED_EDGE ( 'NONE', *, *, #354, .T. ) ;
#520 = FACE_BOUND ( 'NONE', #292, .T. ) ;
#521 = CARTESIAN_POINT ( 'NONE',  ( 0.000000000000000000, 17.00000000000000000, 0.000000000000000000 ) ) ;
#522 = EDGE_LOOP ( 'NONE', ( #478, #1135, #121, #1295 ) ) ;
#523 = DIRECTION ( 'NONE',  ( 0.000000000000000000, 0.000000000000000000, 1.000000000000000000 ) ) ;
#524 = ORIENTED_EDGE ( 'NONE', *, *, #1033, .T. ) ;
#525 = DIRECTION ( 'NONE',  ( 0.000000000000000000, 0.000000000000000000, 1.000000000000000000 ) ) ;
#526 = CYLINDRICAL_SURFACE ( 'NONE', #463, 3.000000000000000444 ) ;
#527 = DATE_AND_TIME ( #88, #976 ) ;
#528 = EDGE_LOOP ( 'NONE', ( #289, #269, #524, #1439 ) ) ;
#529 = DIRECTION ( 'NONE',  ( -1.000000000000000000, 0.000000000000000000, 0.000000000000000000 ) ) ;
#530 = AXIS2_PLACEMENT_3D ( 'NONE', #281, #386, #1031 ) ;
#531 = ORIENTED_EDGE ( 'NONE', *, *, #919, .T. ) ;
#532 = CYLINDRICAL_SURFACE ( 'NONE', #1424, 2.999999999999997335 ) ;
#533 = CIRCLE ( 'NONE', #1358, 2.000000000000001776 ) ;
#534 = AXIS2_PLACEMENT_3D ( 'NONE', #83, #529, #345 ) ;
#535 = DIRECTION ( 'NONE',  ( 0.000000000000000000, 1.000000000000000000, 1.224646799147353207E-16 ) ) ;
#536 = VECTOR ( 'NONE', #1015, 1000.000000000000000 ) ;
#537 = DIRECTION ( 'NONE',  ( -1.000000000000000000, -8.381647117973250432E-31, -8.806703630064040106E-31 ) ) ;
#538 = ORIENTED_EDGE ( 'NONE', *, *, #787, .T. ) ;
#539 = CARTESIAN_POINT ( 'NONE',  ( 5.500000000000000000, 1.040949779275250140E-15, 17.00000000000000000 ) ) ;
#540 = CARTESIAN_POINT ( 'NONE',  ( 0.000000000000000000, 1.040949779275250140E-15, -17.00000000000000000 ) ) ;
#541 = EDGE_LOOP ( 'NONE', ( #1213, #1409, #435, #431 ) ) ;
#542 = DIRECTION ( 'NONE',  ( -1.000000000000000000, 0.000000000000000000, 0.000000000000000000 ) ) ;
#543 = CARTESIAN_POINT ( 'NONE',  ( 14.12499999999999112, 0.000000000000000000, 7.750000000000021316 ) ) ;
#544 = ORIENTED_EDGE ( 'NONE', *, *, #1020, .T. ) ;
#545 = CARTESIAN_POINT ( 'NONE',  ( 14.37499999999998579, 0.000000000000000000, 0.000000000000000000 ) ) ;
#546 = ORIENTED_EDGE ( 'NONE', *, *, #1143, .F. ) ;
#547 = AXIS2_PLACEMENT_3D ( 'NONE', #820, #371, #55 ) ;
#548 = CYLINDRICAL_SURFACE ( 'NONE', #805, 1.649999999999999467 ) ;
#549 = PERSON ( 'UNSPECIFIED', 'UNSPECIFIED', 'UNSPECIFIED', ('UNSPECIFIED'), ('UNSPECIFIED'), ('UNSPECIFIED') ) ;
#550 = EDGE_CURVE ( 'NONE', #1253, #493, #828, .T. ) ;
#551 = ADVANCED_FACE ( 'NONE', ( #1036 ), #370, .F. ) ;
#552 = AXIS2_PLACEMENT_3D ( 'NONE', #1127, #131, #1012 ) ;
#553 = CARTESIAN_POINT ( 'NONE',  ( 14.62499999999999289, 0.000000000000000000, 8.000000002000000165 ) ) ;
#554 = AXIS2_PLACEMENT_3D ( 'NONE', #231, #1322, #126 ) ;
#555 = CIRCLE ( 'NONE', #9, 1.650000000000002132 ) ;
#556 = ADVANCED_FACE ( 'NONE', ( #798 ), #794, .F. ) ;
#557 = CIRCLE ( 'NONE', #54, 9.000000000000000000 ) ;
#558 = LOCAL_TIME ( 19, 13, 21.00000000000000000, #1121 ) ;
#559 = DIRECTION ( 'NONE',  ( -1.000000000000000000, 0.000000000000000000, 0.000000000000000000 ) ) ;
#560 = EDGE_LOOP ( 'NONE', ( #1024, #68 ) ) ;
#561 = CARTESIAN_POINT ( 'NONE',  ( 5.500000000000000000, -17.00000000000000000, 2.081899558550500280E-15 ) ) ;
#562 = CYLINDRICAL_SURFACE ( 'NONE', #876, 23.00000000000000000 ) ;
#563 = CARTESIAN_POINT ( 'NONE',  ( 15.00000000000000000, 0.000000000000000000, 0.000000000000000000 ) ) ;
#564 = ORIENTED_EDGE ( 'NONE', *, *, #1230, .F. ) ;
#565 = FACE_OUTER_BOUND ( 'NONE', #1070, .T. ) ;
#566 = DIRECTION ( 'NONE',  ( -1.000000000000000000, -0.000000000000000000, -0.000000000000000000 ) ) ;
#567 = DATE_AND_TIME ( #328, #1119 ) ;
#568 = ORIENTED_EDGE ( 'NONE', *, *, #1020, .F. ) ;
#569 = DIRECTION ( 'NONE',  ( -1.000000000000000000, -0.000000000000000000, -0.000000000000000000 ) ) ;
#570 = ORIENTED_EDGE ( 'NONE', *, *, #3, .T. ) ;
#571 = CARTESIAN_POINT ( 'NONE',  ( 2.000000000000000000, 2.816687638038912352E-15, -23.00000000000000000 ) ) ;
#572 = DIRECTION ( 'NONE',  ( 1.000000000000000000, 0.000000000000000000, 0.000000000000000000 ) ) ;
#573 = AXIS2_PLACEMENT_3D ( 'NONE', #81, #836, #515 ) ;
#574 = ORIENTED_EDGE ( 'NONE', *, *, #1009, .T. ) ;
#575 = AXIS2_PLACEMENT_3D ( 'NONE', #117, #1222, #14 ) ;
#576 = CARTESIAN_POINT ( 'NONE',  ( 14.19822330470336347, 9.446176350528029825E-16, -7.676776695296654296 ) ) ;
#577 = AXIS2_PLACEMENT_3D ( 'NONE', #1103, #110, #1377 ) ;
#578 = AXIS2_PLACEMENT_3D ( 'NONE', #1282, #1293, #293 ) ;
#579 = DIRECTION ( 'NONE',  ( 0.000000000000000000, 0.000000000000000000, -1.000000000000000000 ) ) ;
#580 = LOCAL_TIME ( 19, 13, 21.00000000000000000, #166 ) ;
#581 = ORIENTED_EDGE ( 'NONE', *, *, #1007, .F. ) ;
#582 = DIRECTION ( 'NONE',  ( 1.000000000000000000, -0.000000000000000000, -0.000000000000000000 ) ) ;
#583 = FACE_OUTER_BOUND ( 'NONE', #1301, .T. ) ;
#584 = CARTESIAN_POINT ( 'NONE',  ( 0.000000000000000000, 17.00000000000000000, 3.000000000000000444 ) ) ;
#585 = DIRECTION ( 'NONE',  ( -1.000000000000000000, 0.000000000000000000, 0.000000000000000000 ) ) ;
#586 = DIRECTION ( 'NONE',  ( 0.000000000000000000, 0.000000000000000000, -1.000000000000000000 ) ) ;
#587 = DIRECTION ( 'NONE',  ( 0.000000000000000000, 0.000000000000000000, 1.000000000000000000 ) ) ;
#588 = ORIENTED_EDGE ( 'NONE', *, *, #1074, .T. ) ;
#589 = ORIENTED_EDGE ( 'NONE', *, *, #1404, .F. ) ;
#590 = DIRECTION ( 'NONE',  ( -1.000000000000000000, -8.381647117973250432E-31, -8.806703630064040106E-31 ) ) ;
#591 = ORIENTED_EDGE ( 'NONE', *, *, #151, .F. ) ;
#592 = CARTESIAN_POINT ( 'NONE',  ( 3.000000000000000000, 1.040949779275250140E-15, 17.00000000000000000 ) ) ;
#593 = EDGE_CURVE ( 'NONE', #745, #990, #24, .T. ) ;
#594 = CARTESIAN_POINT ( 'NONE',  ( 5.500000000000000000, 0.000000000000000000, 0.000000000000000000 ) ) ;
#595 = CIRCLE ( 'NONE', #283, 12.99999999999999822 ) ;
#596 = ORIENTED_EDGE ( 'NONE', *, *, #1033, .F. ) ;
#597 = AXIS2_PLACEMENT_3D ( 'NONE', #540, #1236, #238 ) ;
#598 = ADVANCED_FACE ( 'NONE', ( #812 ), #602, .F. ) ;
#599 = FACE_OUTER_BOUND ( 'NONE', #528, .T. ) ;
#600 = AXIS2_PLACEMENT_3D ( 'NONE', #150, #459, #42 ) ;
#601 = ORIENTED_EDGE ( 'NONE', *, *, #744, .T. ) ;
#602 = CYLINDRICAL_SURFACE ( 'NONE', #398, 2.999999999999995559 ) ;
#603 = LINE ( 'NONE', #497, #991 ) ;
#604 = ORIENTED_EDGE ( 'NONE', *, *, #1341, .T. ) ;
#605 = CARTESIAN_POINT ( 'NONE',  ( 0.000000000000000000, 0.000000000000000000, 0.000000000000000000 ) ) ;
#606 = EDGE_CURVE ( 'NONE', #1114, #1384, #901, .T. ) ;
#607 = DIRECTION ( 'NONE',  ( 0.000000000000000000, 0.000000000000000000, 1.000000000000000000 ) ) ;
#608 = CARTESIAN_POINT ( 'NONE',  ( 14.37499999999999645, 0.000000000000000000, 0.000000000000000000 ) ) ;
#609 = CARTESIAN_POINT ( 'NONE',  ( 3.000000000000000000, 1.040949779275250140E-15, 18.64999999999999858 ) ) ;
#610 = ORIENTED_EDGE ( 'NONE', *, *, #3, .F. ) ;
#611 = EDGE_CURVE ( 'NONE', #1047, #61, #252, .T. ) ;
#612 = DIRECTION ( 'NONE',  ( 0.000000000000000000, 0.000000000000000000, -1.000000000000000000 ) ) ;
#613 = EDGE_CURVE ( 'NONE', #102, #160, #1092, .T. ) ;
#614 = DIRECTION ( 'NONE',  ( 0.000000000000000000, 0.000000000000000000, 1.000000000000000000 ) ) ;
#615 = VERTEX_POINT ( 'NONE', #840 ) ;
#616 = CARTESIAN_POINT ( 'NONE',  ( 3.000000000000000000, 17.00000000000000000, 1.649999999999999467 ) ) ;
#617 = ORIENTED_EDGE ( 'NONE', *, *, #593, .F. ) ;
#618 = AXIS2_PLACEMENT_3D ( 'NONE', #1352, #112, #1000 ) ;
#619 = CARTESIAN_POINT ( 'NONE',  ( 0.000000000000000000, -17.00000000000000000, 2.081899558550500280E-15 ) ) ;
#620 = AXIS2_PLACEMENT_3D ( 'NONE', #236, #1336, #780 ) ;
#621 = ORIENTED_EDGE ( 'NONE', *, *, #889, .F. ) ;
#622 = DIRECTION ( 'NONE',  ( 1.000000000000000000, -0.000000000000000000, -0.000000000000000000 ) ) ;
#623 = TOROIDAL_SURFACE ( 'NONE', #382, 7.853553390593289940, 0.2500000000000000000 ) ;
#624 = VECTOR ( 'NONE', #569, 1000.000000000000000 ) ;
#625 = FACE_OUTER_BOUND ( 'NONE', #453, .T. ) ;
#626 = VERTEX_POINT ( 'NONE', #1188 ) ;
#627 = CARTESIAN_POINT ( 'NONE',  ( 15.00000000000000000, 0.000000000000000000, 0.000000000000000000 ) ) ;
#628 = EDGE_LOOP ( 'NONE', ( #974, #259, #1350, #299 ) ) ;
#629 = CARTESIAN_POINT ( 'NONE',  ( 5.500000000000000000, 0.000000000000000000, 0.000000000000000000 ) ) ;
#630 = ADVANCED_FACE ( 'NONE', ( #413 ), #191, .F. ) ;
#631 = DIRECTION ( 'NONE',  ( -1.000000000000000000, 0.000000000000000000, 0.000000000000000000 ) ) ;
#632 = ORIENTED_EDGE ( 'NONE', *, *, #403, .F. ) ;
#633 = DIRECTION ( 'NONE',  ( 0.000000000000000000, 0.000000000000000000, 1.000000000000000000 ) ) ;
#634 = EDGE_LOOP ( 'NONE', ( #1278, #142 ) ) ;
#635 = CARTESIAN_POINT ( 'NONE',  ( 5.500000000000000000, 1.040949779275250140E-15, -17.00000000000000000 ) ) ;
#636 = DIRECTION ( 'NONE',  ( -1.000000000000000000, -0.000000000000000000, -0.000000000000000000 ) ) ;
#637 = SECURITY_CLASSIFICATION_LEVEL ( 'unclassified' ) ;
#638 = ORIENTED_EDGE ( 'NONE', *, *, #151, .T. ) ;
#639 = EDGE_CURVE ( 'NONE', #677, #774, #926, .T. ) ;
#640 = CARTESIAN_POINT ( 'NONE',  ( 14.62499999999999289, 0.000000000000000000, 0.000000000000000000 ) ) ;
#641 = TOROIDAL_SURFACE ( 'NONE', #50, 7.853553390593289940, 0.2500000000000000000 ) ;
#642 = ORIENTED_EDGE ( 'NONE', *, *, #479, .F. ) ;
#643 = VECTOR ( 'NONE', #907, 1000.000000000000000 ) ;
#644 = CARTESIAN_POINT ( 'NONE',  ( 15.00000000000000000, 0.000000000000000000, 0.000000000000000000 ) ) ;
#645 = AXIS2_PLACEMENT_3D ( 'NONE', #1294, #1205, #294 ) ;
#646 = DIRECTION ( 'NONE',  ( 0.000000000000000000, 0.000000000000000000, 1.000000000000000000 ) ) ;
#647 = DATE_AND_TIME ( #1212, #580 ) ;
#648 = AXIS2_PLACEMENT_3D ( 'NONE', #1247, #1269, #1136 ) ;
#649 = ORIENTED_EDGE ( 'NONE', *, *, #1074, .F. ) ;
#650 = DIRECTION ( 'NONE',  ( -1.000000000000000000, -8.381647117973250432E-31, -8.806703630064040106E-31 ) ) ;
#651 = ORIENTED_EDGE ( 'NONE', *, *, #1342, .F. ) ;
#652 = DIRECTION ( 'NONE',  ( 0.000000000000000000, 1.224646799147351482E-16, 1.000000000000000000 ) ) ;
#653 = CARTESIAN_POINT ( 'NONE',  ( 14.62499999999999289, 0.000000000000000000, 0.000000000000000000 ) ) ;
#654 = EDGE_CURVE ( 'NONE', #483, #1114, #263, .T. ) ;
#655 = CARTESIAN_POINT ( 'NONE',  ( 4.125000000000000000, -3.467052374664787925E-15, 1.734723475976806700E-15 ) ) ;
#656 = EDGE_CURVE ( 'NONE', #412, #747, #502, .T. ) ;
#657 = ORIENTED_EDGE ( 'NONE', *, *, #1299, .F. ) ;
#658 = DIRECTION ( 'NONE',  ( 0.000000000000000000, 0.000000000000000000, 1.000000000000000000 ) ) ;
#659 = ADVANCED_FACE ( 'NONE', ( #300 ), #1302, .T. ) ;
#660 = CARTESIAN_POINT ( 'NONE',  ( 5.500000000000000000, 0.000000000000000000, 0.000000000000000000 ) ) ;
#661 = PLANE ( 'NONE',  #998 ) ;
#662 = ORIENTED_EDGE ( 'NONE', *, *, #1383, .T. ) ;
#663 = CIRCLE ( 'NONE', #505, 3.000000000000000444 ) ;
#664 = DIRECTION ( 'NONE',  ( 0.000000000000000000, 0.000000000000000000, 1.000000000000000000 ) ) ;
#665 = VERTEX_POINT ( 'NONE', #728 ) ;
#666 = FACE_BOUND ( 'NONE', #1089, .T. ) ;
#667 = CIRCLE ( 'NONE', #995, 23.00000000000000000 ) ;
#668 = AXIS2_PLACEMENT_3D ( 'NONE', #1035, #1039, #51 ) ;
#669 = VECTOR ( 'NONE', #866, 1000.000000000000000 ) ;
#670 = ORIENTED_EDGE ( 'NONE', *, *, #909, .F. ) ;
#671 = LINE ( 'NONE', #1153, #1406 ) ;
#672 = ORIENTED_EDGE ( 'NONE', *, *, #1060, .T. ) ;
#673 = FACE_OUTER_BOUND ( 'NONE', #734, .T. ) ;
#674 = PLANE ( 'NONE',  #552 ) ;
#675 = ORIENTED_EDGE ( 'NONE', *, *, #304, .T. ) ;
#676 = CARTESIAN_POINT ( 'NONE',  ( 3.000000000000000000, -17.00000000000000000, 2.081899558550500280E-15 ) ) ;
#677 = VERTEX_POINT ( 'NONE', #1078 ) ;
#678 = DIRECTION ( 'NONE',  ( -8.806703630064040106E-31, 0.000000000000000000, 1.000000000000000000 ) ) ;
#679 = CARTESIAN_POINT ( 'NONE',  ( 5.500000000000000000, 9.797174395628120439E-16, -8.000000002000000165 ) ) ;
#680 = MANIFOLD_SOLID_BREP ( 'BB Fillet', #1040 ) ;
#681 = DIRECTION ( 'NONE',  ( -1.000000000000000000, 0.000000000000000000, 0.000000000000000000 ) ) ;
#682 = EDGE_LOOP ( 'NONE', ( #1305, #1061, #1353, #657 ) ) ;
#683 = DIRECTION ( 'NONE',  ( -1.000000000000000000, -0.000000000000000000, -0.000000000000000000 ) ) ;
#684 = ORIENTED_EDGE ( 'NONE', *, *, #787, .F. ) ;
#685 = CARTESIAN_POINT ( 'NONE',  ( 14.37499999999998579, 0.000000000000000000, 0.000000000000000000 ) ) ;
#686 = VECTOR ( 'NONE', #848, 999.9999999999998863 ) ;
#687 = AXIS2_PLACEMENT_3D ( 'NONE', #594, #1378, #1021 ) ;
#688 = LINE ( 'NONE', #491, #945 ) ;
#689 = CIRCLE ( 'NONE', #880, 9.000000000000000000 ) ;
#690 = EDGE_LOOP ( 'NONE', ( #423, #632, #1396, #570 ) ) ;
#691 = VECTOR ( 'NONE', #752, 1000.000000000000000 ) ;
#692 = DIRECTION ( 'NONE',  ( 0.000000000000000000, 0.000000000000000000, 1.000000000000000000 ) ) ;
#693 = CONICAL_SURFACE ( 'NONE', #488, 7.500000000000002665, 0.7853981633974447263 ) ;
#694 = ORIENTED_EDGE ( 'NONE', *, *, #1296, .F. ) ;
#695 = PLANE ( 'NONE',  #1402 ) ;
#696 = EDGE_CURVE ( 'NONE', #751, #18, #1286, .T. ) ;
#697 = CARTESIAN_POINT ( 'NONE',  ( 5.500000000000000000, 17.00000000000000000, -1.649999999999999467 ) ) ;
#698 = DIRECTION ( 'NONE',  ( 0.000000000000000000, 0.000000000000000000, 1.000000000000000000 ) ) ;
#699 = ORIENTED_EDGE ( 'NONE', *, *, #1027, .F. ) ;
#700 = DIRECTION ( 'NONE',  ( -1.000000000000000000, -0.000000000000000000, -0.000000000000000000 ) ) ;
#701 = EDGE_CURVE ( 'NONE', #82, #961, #120, .T. ) ;
#702 = ADVANCED_FACE ( 'NONE', ( #955, #520, #1401, #824, #287, #60 ), #399, .T. ) ;
#703 = EDGE_CURVE ( 'NONE', #82, #1253, #971, .T. ) ;
#704 = PLANE ( 'NONE',  #32 ) ;
#705 = LINE ( 'NONE', #697, #1113 ) ;
#706 = ORIENTED_EDGE ( 'NONE', *, *, #265, .F. ) ;
#707 = CARTESIAN_POINT ( 'NONE',  ( 15.00000000000000000, 0.000000000000000000, 0.000000000000000000 ) ) ;
#708 = DIRECTION ( 'NONE',  ( 0.000000000000000000, 0.000000000000000000, -1.000000000000000000 ) ) ;
#709 = EDGE_LOOP ( 'NONE', ( #394, #346, #1204, #1415 ) ) ;
#710 = FACE_OUTER_BOUND ( 'NONE', #814, .T. ) ;
#711 = AXIS2_PLACEMENT_3D ( 'NONE', #1414, #631, #1079 ) ;
#712 = AXIS2_PLACEMENT_3D ( 'NONE', #888, #355, #215 ) ;
#713 = PERSON_AND_ORGANIZATION ( #549, #383 ) ;
#714 = VECTOR ( 'NONE', #1437, 1000.000000000000000 ) ;
#715 = CIRCLE ( 'NONE', #903, 3.000000000000000444 ) ;
#716 = FACE_BOUND ( 'NONE', #1182, .T. ) ;
#717 = AXIS2_PLACEMENT_3D ( 'NONE', #133, #254, #359 ) ;
#718 = CARTESIAN_POINT ( 'NONE',  ( 3.000000000000000000, 1.408343819019455781E-15, -19.99999999999999645 ) ) ;
#719 = ADVANCED_FACE ( 'NONE', ( #1408 ), #192, .T. ) ;
#720 = CYLINDRICAL_SURFACE ( 'NONE', #1090, 3.000000000000000444 ) ;
#721 = PLANE ( 'NONE',  #855 ) ;
#722 = ORIENTED_EDGE ( 'NONE', *, *, #199, .F. ) ;
#723 = DIRECTION ( 'NONE',  ( 1.000000000000000000, -0.000000000000000000, -0.000000000000000000 ) ) ;
#724 = DIRECTION ( 'NONE',  ( 0.000000000000000000, 0.000000000000000000, -1.000000000000000000 ) ) ;
#725 = VERTEX_POINT ( 'NONE', #71 ) ;
#726 = CARTESIAN_POINT ( 'NONE',  ( 5.500000000000000000, 1.040949779275250140E-15, 17.00000000000000000 ) ) ;
#727 = VERTEX_POINT ( 'NONE', #309 ) ;
#728 = CARTESIAN_POINT ( 'NONE',  ( 4.125000000000000000, -3.467052374664787925E-15, -12.99999999999999645 ) ) ;
#729 = CYLINDRICAL_SURFACE ( 'NONE', #27, 1.649999999999999467 ) ;
#730 = EDGE_LOOP ( 'NONE', ( #13, #638 ) ) ;
#731 = CC_DESIGN_PERSON_AND_ORGANIZATION_ASSIGNMENT ( #1318, #320, ( #338 ) ) ;
#732 = CIRCLE ( 'NONE', #140, 23.00000000000000000 ) ;
#733 = CIRCLE ( 'NONE', #119, 7.603553390593289052 ) ;
#734 = EDGE_LOOP ( 'NONE', ( #1380, #440, #92, #5 ) ) ;
#735 = CIRCLE ( 'NONE', #788, 1.649999999999998579 ) ;
#736 = DIRECTION ( 'NONE',  ( -1.000000000000000000, -0.000000000000000000, -0.000000000000000000 ) ) ;
#737 = ORIENTED_EDGE ( 'NONE', *, *, #258, .F. ) ;
#738 = DIRECTION ( 'NONE',  ( -1.000000000000000000, 0.000000000000000000, 0.000000000000000000 ) ) ;
#739 = CC_DESIGN_APPROVAL ( #1086, ( #1197 ) ) ;
#740 = ORIENTED_EDGE ( 'NONE', *, *, #145, .T. ) ;
#741 = CARTESIAN_POINT ( 'NONE',  ( 14.12499999999999112, 0.000000000000000000, 0.000000000000000000 ) ) ;
#742 = APPROVAL_STATUS ( 'not_yet_approved' ) ;
#743 = DIRECTION ( 'NONE',  ( -1.000000000000000000, 0.000000000000000000, 0.000000000000000000 ) ) ;
#744 = EDGE_CURVE ( 'NONE', #228, #987, #735, .T. ) ;
#745 = VERTEX_POINT ( 'NONE', #1316 ) ;
#746 = DIRECTION ( 'NONE',  ( 0.000000000000000000, 0.000000000000000000, -1.000000000000000000 ) ) ;
#747 = VERTEX_POINT ( 'NONE', #201 ) ;
#748 = DIRECTION ( 'NONE',  ( -1.000000000000000000, -0.000000000000000000, -0.000000000000000000 ) ) ;
#749 = CARTESIAN_POINT ( 'NONE',  ( 3.000000000000000000, -17.00000000000000000, 3.000000000000002665 ) ) ;
#750 = EDGE_CURVE ( 'NONE', #1219, #943, #667, .T. ) ;
#751 = VERTEX_POINT ( 'NONE', #419 ) ;
#752 = DIRECTION ( 'NONE',  ( -1.000000000000000000, -0.000000000000000000, -0.000000000000000000 ) ) ;
#753 = VERTEX_POINT ( 'NONE', #858 ) ;
#754 = ORIENTED_EDGE ( 'NONE', *, *, #2, .T. ) ;
#755 = CARTESIAN_POINT ( 'NONE',  ( 5.500000000000000000, 17.00000000000000000, 0.000000000000000000 ) ) ;
#756 = VERTEX_POINT ( 'NONE', #937 ) ;
#757 = DIRECTION ( 'NONE',  ( -1.000000000000000000, -0.000000000000000000, -0.000000000000000000 ) ) ;
#758 = CALENDAR_DATE ( 2026, 20, 3 ) ;
#759 = ADVANCED_BREP_SHAPE_REPRESENTATION ( 'O-ring holder bottom_Vf', ( #680, #401 ), #1068 ) ;
#760 = CARTESIAN_POINT ( 'NONE',  ( 5.500000000000000000, 1.040949779275250140E-15, -17.00000000000000000 ) ) ;
#761 = CIRCLE ( 'NONE', #118, 1.649999999999999467 ) ;
#762 = VERTEX_POINT ( 'NONE', #1109 ) ;
#763 = AXIS2_PLACEMENT_3D ( 'NONE', #38, #274, #489 ) ;
#764 = DIRECTION ( 'NONE',  ( 0.000000000000000000, 0.000000000000000000, 1.000000000000000000 ) ) ;
#765 = AXIS2_PLACEMENT_3D ( 'NONE', #640, #537, #1083 ) ;
#766 = LINE ( 'NONE', #776, #1285 ) ;
#767 = ADVANCED_FACE ( 'NONE', ( #786 ), #353, .F. ) ;
#768 = AXIS2_PLACEMENT_3D ( 'NONE', #760, #1440, #434 ) ;
#769 = ORIENTED_EDGE ( 'NONE', *, *, #1130, .T. ) ;
#770 = DIRECTION ( 'NONE',  ( 0.000000000000000000, 0.000000000000000000, 1.000000000000000000 ) ) ;
#771 = EDGE_CURVE ( 'NONE', #861, #340, #1064, .T. ) ;
#772 = ORIENTED_EDGE ( 'NONE', *, *, #1026, .F. ) ;
#773 = DIRECTION ( 'NONE',  ( -1.000000000000000000, -0.000000000000000000, -0.000000000000000000 ) ) ;
#774 = VERTEX_POINT ( 'NONE', #432 ) ;
#775 = ADVANCED_FACE ( 'NONE', ( #1327 ), #1226, .F. ) ;
#776 = CARTESIAN_POINT ( 'NONE',  ( 14.37499999999998579, 0.000000000000000000, -7.500000000000002665 ) ) ;
#777 = DATE_TIME_ROLE ( 'classification_date' ) ;
#778 = FACE_OUTER_BOUND ( 'NONE', #522, .T. ) ;
#779 = VERTEX_POINT ( 'NONE', #447 ) ;
#780 = DIRECTION ( 'NONE',  ( 0.000000000000000000, 0.000000000000000000, 1.000000000000000000 ) ) ;
#781 = EDGE_CURVE ( 'NONE', #745, #877, #310, .T. ) ;
#782 = CARTESIAN_POINT ( 'NONE',  ( 3.000000000000000000, 1.408343819019455979E-15, -20.00000000000000000 ) ) ;
#783 = DIRECTION ( 'NONE',  ( 0.000000000000000000, 0.000000000000000000, 1.000000000000000000 ) ) ;
#784 = ORIENTED_EDGE ( 'NONE', *, *, #409, .F. ) ;
#785 = CIRCLE ( 'NONE', #1063, 8.749999999999994671 ) ;
#786 = FACE_OUTER_BOUND ( 'NONE', #62, .T. ) ;
#787 = EDGE_CURVE ( 'NONE', #677, #79, #983, .T. ) ;
#788 = AXIS2_PLACEMENT_3D ( 'NONE', #495, #738, #1199 ) ;
#789 = AXIS2_PLACEMENT_3D ( 'NONE', #619, #1066, #58 ) ;
#790 = EDGE_LOOP ( 'NONE', ( #277, #517, #65, #596 ) ) ;
#791 = CARTESIAN_POINT ( 'NONE',  ( 15.00000000000000000, 0.000000000000000000, 0.000000000000000000 ) ) ;
#792 = ORIENTED_EDGE ( 'NONE', *, *, #613, .F. ) ;
#793 = CARTESIAN_POINT ( 'NONE',  ( 0.000000000000000000, 0.000000000000000000, -20.99999999999999645 ) ) ;
#794 = CYLINDRICAL_SURFACE ( 'NONE', #687, 8.000000002000000165 ) ;
#795 = DIRECTION ( 'NONE',  ( 0.000000000000000000, 0.000000000000000000, 1.000000000000000000 ) ) ;
#796 = EDGE_LOOP ( 'NONE', ( #1268, #429 ) ) ;
#797 = CARTESIAN_POINT ( 'NONE',  ( 5.500000000000000000, 1.040949779275250140E-15, 18.64999999999999858 ) ) ;
#798 = FACE_OUTER_BOUND ( 'NONE', #368, .T. ) ;
#799 = DIRECTION ( 'NONE',  ( -1.000000000000000000, 0.000000000000000000, 0.000000000000000000 ) ) ;
#800 = DIRECTION ( 'NONE',  ( 0.000000000000000000, 0.000000000000000000, -1.000000000000000000 ) ) ;
#801 = DIRECTION ( 'NONE',  ( -1.000000000000000000, -8.381647117973250432E-31, -8.806703630064040106E-31 ) ) ;
#802 = DIRECTION ( 'NONE',  ( 0.000000000000000000, 0.000000000000000000, -1.000000000000000000 ) ) ;
#803 = AXIS2_PLACEMENT_3D ( 'NONE', #178, #622, #746 ) ;
#804 = ADVANCED_FACE ( 'NONE', ( #975 ), #436, .F. ) ;
#805 = AXIS2_PLACEMENT_3D ( 'NONE', #561, #997, #764 ) ;
#806 = ADVANCED_FACE ( 'NONE', ( #1 ), #326, .F. ) ;
#807 = AXIS2_PLACEMENT_3D ( 'NONE', #1304, #518, #411 ) ;
#808 = CARTESIAN_POINT ( 'NONE',  ( 5.500000000000000000, 17.00000000000000000, 0.000000000000000000 ) ) ;
#809 = AXIS2_PLACEMENT_3D ( 'NONE', #351, #590, #795 ) ;
#810 = DIRECTION ( 'NONE',  ( 0.000000000000000000, 0.000000000000000000, 1.000000000000000000 ) ) ;
#811 = ADVANCED_FACE ( 'NONE', ( #879 ), #532, .F. ) ;
#812 = FACE_OUTER_BOUND ( 'NONE', #306, .T. ) ;
#813 = CARTESIAN_POINT ( 'NONE',  ( 14.74999999999999112, 1.102182119232617714E-15, -9.000000000000000000 ) ) ;
#814 = EDGE_LOOP ( 'NONE', ( #1209, #1186, #200, #490 ) ) ;
#815 = ORIENTED_EDGE ( 'NONE', *, *, #165, .T. ) ;
#816 = CARTESIAN_POINT ( 'NONE',  ( 5.500000000000000000, 0.000000000000000000, 0.000000000000000000 ) ) ;
#817 = LINE ( 'NONE', #268, #924 ) ;
#818 = EDGE_CURVE ( 'NONE', #753, #1412, #510, .T. ) ;
#819 = ORIENTED_EDGE ( 'NONE', *, *, #1122, .F. ) ;
#820 = CARTESIAN_POINT ( 'NONE',  ( 2.000000000000000000, 0.000000000000000000, 0.000000000000000000 ) ) ;
#821 = APPROVAL_ROLE ( '' ) ;
#822 = PRODUCT_RELATED_PRODUCT_CATEGORY ( 'detail', '', ( #154 ) ) ;
#823 = DIRECTION ( 'NONE',  ( 0.000000000000000000, 0.000000000000000000, -1.000000000000000000 ) ) ;
#824 = FACE_BOUND ( 'NONE', #894, .T. ) ;
#825 = ADVANCED_FACE ( 'NONE', ( #892 ), #548, .F. ) ;
#826 = DIRECTION ( 'NONE',  ( 1.000000000000000000, 8.381647117973250432E-31, 8.806703630064040106E-31 ) ) ;
#827 = CIRCLE ( 'NONE', #484, 3.000000000000000444 ) ;
#828 = CIRCLE ( 'NONE', #1019, 7.676776695296656072 ) ;
#829 = APPLICATION_PROTOCOL_DEFINITION ( 'international standard', 'config_control_design', 1994, #99 ) ;
#830 = AXIS2_PLACEMENT_3D ( 'NONE', #406, #80, #208 ) ;
#831 = VERTEX_POINT ( 'NONE', #887 ) ;
#832 = AXIS2_PLACEMENT_3D ( 'NONE', #316, #1217, #633 ) ;
#833 = CARTESIAN_POINT ( 'NONE',  ( 5.500000000000000000, 1.040949779275250140E-15, -15.34999999999999964 ) ) ;
#834 = AXIS2_PLACEMENT_3D ( 'NONE', #791, #480, #579 ) ;
#835 = DIRECTION ( 'NONE',  ( 0.000000000000000000, 0.000000000000000000, -1.000000000000000000 ) ) ;
#836 = DIRECTION ( 'NONE',  ( -1.000000000000000000, 0.000000000000000000, 0.000000000000000000 ) ) ;
#837 = ORIENTED_EDGE ( 'NONE', *, *, #639, .T. ) ;
#838 = CARTESIAN_POINT ( 'NONE',  ( 3.000000000000000000, -17.00000000000000000, 1.650000000000001688 ) ) ;
#839 = EDGE_LOOP ( 'NONE', ( #621, #244 ) ) ;
#840 = CARTESIAN_POINT ( 'NONE',  ( 14.62499999999999289, 9.491012693392005536E-16, 7.750000000000015099 ) ) ;
#841 = DIRECTION ( 'NONE',  ( 0.000000000000000000, -1.224646799147349509E-16, 1.000000000000000000 ) ) ;
#842 = ORIENTED_EDGE ( 'NONE', *, *, #696, .F. ) ;
#843 = DIRECTION ( 'NONE',  ( -1.000000000000000000, 0.000000000000000000, 0.000000000000000000 ) ) ;
#844 = PRODUCT_DEFINITION_SHAPE ( 'NONE', 'NONE',  #492 ) ;
#845 = ORIENTED_EDGE ( 'NONE', *, *, #1060, .F. ) ;
#846 = EDGE_LOOP ( 'NONE', ( #737, #1289, #235, #938 ) ) ;
#847 = CARTESIAN_POINT ( 'NONE',  ( 3.000000000000000000, 1.040949779275250140E-15, 17.00000000000000000 ) ) ;
#848 = DIRECTION ( 'NONE',  ( -0.7071067811865525687, 8.659560562354873694E-17, -0.7071067811865425767 ) ) ;
#849 = ORIENTED_EDGE ( 'NONE', *, *, #550, .T. ) ;
#850 = EDGE_CURVE ( 'NONE', #41, #870, #533, .T. ) ;
#851 = EDGE_CURVE ( 'NONE', #41, #896, #7, .T. ) ;
#852 = ADVANCED_FACE ( 'NONE', ( #19 ), #213, .F. ) ;
#853 = CIRCLE ( 'NONE', #190, 7.750000000000015099 ) ;
#854 = DIRECTION ( 'NONE',  ( 0.000000000000000000, 0.000000000000000000, 1.000000000000000000 ) ) ;
#855 = AXIS2_PLACEMENT_3D ( 'NONE', #507, #1179, #1160 ) ;
#856 = ORIENTED_EDGE ( 'NONE', *, *, #1184, .T. ) ;
#857 = ADVANCED_FACE ( 'NONE', ( #864 ), #378, .T. ) ;
#858 = CARTESIAN_POINT ( 'NONE',  ( 5.500000000000000000, 1.040949779275250140E-15, -15.34999999999999964 ) ) ;
#859 = DIRECTION ( 'NONE',  ( 1.000000000000000000, 0.000000000000000000, 0.000000000000000000 ) ) ;
#860 = APPROVAL_ROLE ( '' ) ;
#861 = VERTEX_POINT ( 'NONE', #104 ) ;
#862 = PLANE ( 'NONE',  #832 ) ;
#863 = EDGE_LOOP ( 'NONE', ( #918, #1281, #212, #1192 ) ) ;
#864 = FACE_OUTER_BOUND ( 'NONE', #541, .T. ) ;
#865 = DIRECTION ( 'NONE',  ( 0.000000000000000000, 0.000000000000000000, -1.000000000000000000 ) ) ;
#866 = DIRECTION ( 'NONE',  ( -1.000000000000000000, -0.000000000000000000, -0.000000000000000000 ) ) ;
#867 = EDGE_CURVE ( 'NONE', #987, #228, #1142, .T. ) ;
#868 = ORIENTED_EDGE ( 'NONE', *, *, #703, .T. ) ;
#869 = CARTESIAN_POINT ( 'NONE',  ( 3.000000000000000000, -17.00000000000000000, 2.081899558550500280E-15 ) ) ;
#870 = VERTEX_POINT ( 'NONE', #367 ) ;
#871 = CARTESIAN_POINT ( 'NONE',  ( 14.12499999999999112, 0.000000000000000000, 0.000000000000000000 ) ) ;
#872 = ADVANCED_FACE ( 'NONE', ( #156, #1028 ), #695, .F. ) ;
#873 = CARTESIAN_POINT ( 'NONE',  ( 2.000000000000000000, 0.000000000000000000, 0.000000000000000000 ) ) ;
#874 = ADVANCED_FACE ( 'NONE', ( #461 ), #143, .F. ) ;
#875 = CARTESIAN_POINT ( 'NONE',  ( 5.500000000000000000, 17.00000000000000000, 0.000000000000000000 ) ) ;
#876 = AXIS2_PLACEMENT_3D ( 'NONE', #660, #757, #334 ) ;
#877 = VERTEX_POINT ( 'NONE', #264 ) ;
#878 = CIRCLE ( 'NONE', #712, 7.676776695296656072 ) ;
#879 = FACE_OUTER_BOUND ( 'NONE', #376, .T. ) ;
#880 = AXIS2_PLACEMENT_3D ( 'NONE', #816, #913, #144 ) ;
#881 = TOROIDAL_SURFACE ( 'NONE', #1379, 7.853553390593289940, 0.2500000000000000000 ) ;
#882 = PLANE ( 'NONE',  #575 ) ;
#883 = APPROVAL_PERSON_ORGANIZATION ( #210, #1425, #821 ) ;
#884 = ORIENTED_EDGE ( 'NONE', *, *, #613, .T. ) ;
#885 = FACE_BOUND ( 'NONE', #96, .T. ) ;
#886 = VERTEX_POINT ( 'NONE', #797 ) ;
#887 = CARTESIAN_POINT ( 'NONE',  ( 3.000000000000000000, 1.040949779275250140E-15, -15.34999999999999964 ) ) ;
#888 = CARTESIAN_POINT ( 'NONE',  ( 14.55177669529663476, 0.000000000000000000, 0.000000000000000000 ) ) ;
#889 = EDGE_CURVE ( 'NONE', #251, #756, #689, .T. ) ;
#890 = DIRECTION ( 'NONE',  ( -0.7071067811865500152, 8.659560562354903276E-17, -0.7071067811865451302 ) ) ;
#891 = EDGE_LOOP ( 'NONE', ( #344, #1321, #792, #1329 ) ) ;
#892 = FACE_OUTER_BOUND ( 'NONE', #1225, .T. ) ;
#893 = CARTESIAN_POINT ( 'NONE',  ( 15.00000000000000000, 0.000000000000000000, 0.000000000000000000 ) ) ;
#894 = EDGE_LOOP ( 'NONE', ( #672, #675 ) ) ;
#895 = DIRECTION ( 'NONE',  ( 1.000000000000000000, -0.000000000000000000, -0.000000000000000000 ) ) ;
#896 = VERTEX_POINT ( 'NONE', #793 ) ;
#897 = AXIS2_PLACEMENT_3D ( 'NONE', #1395, #799, #1382 ) ;
#898 = CARTESIAN_POINT ( 'NONE',  ( 14.19822330470336347, 0.000000000000000000, 0.000000000000000000 ) ) ;
#899 = CIRCLE ( 'NONE', #1262, 8.000000002000000165 ) ;
#900 = ADVANCED_FACE ( 'NONE', ( #673 ), #1132, .F. ) ;
#901 = LINE ( 'NONE', #1363, #947 ) ;
#902 = VECTOR ( 'NONE', #1055, 1000.000000000000000 ) ;
#903 = AXIS2_PLACEMENT_3D ( 'NONE', #963, #500, #523 ) ;
#904 = CARTESIAN_POINT ( 'NONE',  ( 14.74999999999999112, 0.000000000000000000, 0.000000000000000000 ) ) ;
#905 = EDGE_LOOP ( 'NONE', ( #994, #84, #868, #1420 ) ) ;
#906 = DIRECTION ( 'NONE',  ( 0.000000000000000000, 0.000000000000000000, 1.000000000000000000 ) ) ;
#907 = DIRECTION ( 'NONE',  ( -1.000000000000000000, -0.000000000000000000, -0.000000000000000000 ) ) ;
#908 = ADVANCED_FACE ( 'NONE', ( #1249 ), #1270, .F. ) ;
#909 = EDGE_CURVE ( 'NONE', #160, #102, #172, .T. ) ;
#910 = DIRECTION ( 'NONE',  ( -0.7071067811865525687, 0.000000000000000000, 0.7071067811865425767 ) ) ;
#911 = ORIENTED_EDGE ( 'NONE', *, *, #703, .F. ) ;
#912 = LINE ( 'NONE', #1364, #222 ) ;
#913 = DIRECTION ( 'NONE',  ( 1.000000000000000000, 0.000000000000000000, 0.000000000000000000 ) ) ;
#914 = ADVANCED_FACE ( 'NONE', ( #37 ), #881, .T. ) ;
#915 = ADVANCED_FACE ( 'NONE', ( #130, #374 ), #704, .T. ) ;
#916 = CYLINDRICAL_SURFACE ( 'NONE', #1356, 12.99999999999999822 ) ;
#917 = ADVANCED_FACE ( 'NONE', ( #1359, #565 ), #1261, .F. ) ;
#918 = ORIENTED_EDGE ( 'NONE', *, *, #1009, .F. ) ;
#919 = EDGE_CURVE ( 'NONE', #412, #1223, #195, .T. ) ;
#920 = DIRECTION ( 'NONE',  ( -1.000000000000000000, 0.000000000000000000, 0.000000000000000000 ) ) ;
#921 = CARTESIAN_POINT ( 'NONE',  ( 14.37499999999999645, 0.000000000000000000, 0.000000000000000000 ) ) ;
#922 = CIRCLE ( 'NONE', #547, 23.00000000000000000 ) ;
#923 = DIRECTION ( 'NONE',  ( 0.000000000000000000, 0.000000000000000000, 1.000000000000000000 ) ) ;
#924 = VECTOR ( 'NONE', #1387, 1000.000000000000000 ) ;
#925 = VERTEX_POINT ( 'NONE', #571 ) ;
#926 = CIRCLE ( 'NONE', #97, 3.000000000000000444 ) ;
#927 = CARTESIAN_POINT ( 'NONE',  ( 15.00000000000000000, 0.000000000000000000, 8.749999999999994671 ) ) ;
#928 = ORIENTED_EDGE ( 'NONE', *, *, #1273, .F. ) ;
#929 = CYLINDRICAL_SURFACE ( 'NONE', #950, 8.000000002000000165 ) ;
#930 = CYLINDRICAL_SURFACE ( 'NONE', #668, 3.000000000000000444 ) ;
#931 = DIRECTION ( 'NONE',  ( -1.000000000000000000, 0.000000000000000000, 0.000000000000000000 ) ) ;
#932 = EDGE_LOOP ( 'NONE', ( #819, #954, #784, #1423 ) ) ;
#933 = PLANE ( 'NONE',  #530 ) ;
#934 = ORIENTED_EDGE ( 'NONE', *, *, #771, .T. ) ;
#935 =( NAMED_UNIT ( * ) PLANE_ANGLE_UNIT ( ) SI_UNIT ( $, .RADIAN. ) );
#936 = DIRECTION ( 'NONE',  ( 0.000000000000000000, 0.000000000000000000, -1.000000000000000000 ) ) ;
#937 = CARTESIAN_POINT ( 'NONE',  ( 5.500000000000000000, 1.102182119232617714E-15, -9.000000000000000000 ) ) ;
#938 = ORIENTED_EDGE ( 'NONE', *, *, #1344, .T. ) ;
#939 = CARTESIAN_POINT ( 'NONE',  ( 15.00000000000000000, 0.000000000000000000, 0.000000000000000000 ) ) ;
#940 = DIRECTION ( 'NONE',  ( 0.000000000000000000, 0.000000000000000000, 1.000000000000000000 ) ) ;
#941 = DIRECTION ( 'NONE',  ( 0.000000000000000000, 1.000000000000000000, 1.224646799147353207E-16 ) ) ;
#942 = DIRECTION ( 'NONE',  ( -1.000000000000000000, -0.000000000000000000, -0.000000000000000000 ) ) ;
#943 = VERTEX_POINT ( 'NONE', #1018 ) ;
#944 = CARTESIAN_POINT ( 'NONE',  ( 14.19822330470336347, 0.000000000000000000, 7.676776695296654296 ) ) ;
#945 = VECTOR ( 'NONE', #138, 1000.000000000000000 ) ;
#946 = ORIENTED_EDGE ( 'NONE', *, *, #1098, .F. ) ;
#947 = VECTOR ( 'NONE', #1251, 1000.000000000000000 ) ;
#948 = AXIS2_PLACEMENT_3D ( 'NONE', #898, #582, #586 ) ;
#949 = DIRECTION ( 'NONE',  ( 0.000000000000000000, -1.000000000000000000, 0.000000000000000000 ) ) ;
#950 = AXIS2_PLACEMENT_3D ( 'NONE', #499, #1390, #940 ) ;
#951 = CARTESIAN_POINT ( 'NONE',  ( 3.000000000000000000, 17.00000000000000000, 0.000000000000000000 ) ) ;
#952 = CARTESIAN_POINT ( 'NONE',  ( 15.00000000000000000, 1.086874034243275426E-15, -8.749999999999994671 ) ) ;
#953 = DIRECTION ( 'NONE',  ( 1.000000000000000000, 0.000000000000000000, 0.000000000000000000 ) ) ;
#954 = ORIENTED_EDGE ( 'NONE', *, *, #611, .T. ) ;
#955 = FACE_OUTER_BOUND ( 'NONE', #1207, .T. ) ;
#956 = EDGE_LOOP ( 'NONE', ( #405, #36 ) ) ;
#957 = ADVANCED_FACE ( 'NONE', ( #31 ), #930, .F. ) ;
#958 = EDGE_CURVE ( 'NONE', #188, #727, #1385, .T. ) ;
#959 = DIRECTION ( 'NONE',  ( 0.000000000000000000, 0.000000000000000000, 1.000000000000000000 ) ) ;
#960 = EDGE_CURVE ( 'NONE', #1253, #615, #1366, .T. ) ;
#961 = VERTEX_POINT ( 'NONE', #64 ) ;
#962 = ADVANCED_FACE ( 'NONE', ( #599 ), #122, .T. ) ;
#963 = CARTESIAN_POINT ( 'NONE',  ( 3.000000000000000000, 17.00000000000000000, 0.000000000000000000 ) ) ;
#964 = ORIENTED_EDGE ( 'NONE', *, *, #258, .T. ) ;
#965 = DIRECTION ( 'NONE',  ( 1.000000000000000000, 0.000000000000000000, 0.000000000000000000 ) ) ;
#966 = DIRECTION ( 'NONE',  ( 0.000000000000000000, 0.000000000000000000, 1.000000000000000000 ) ) ;
#967 = APPROVAL_DATE_TIME ( #527, #107 ) ;
#968 = EDGE_LOOP ( 'NONE', ( #911, #1106, #1198, #15 ) ) ;
#969 = VECTOR ( 'NONE', #910, 999.9999999999998863 ) ;
#970 = VECTOR ( 'NONE', #471, 1000.000000000000000 ) ;
#971 = CIRCLE ( 'NONE', #645, 0.2500000000000002220 ) ;
#972 = CARTESIAN_POINT ( 'NONE',  ( 0.000000000000000000, -17.00000000000000000, 3.000000000000002665 ) ) ;
#973 = AXIS2_PLACEMENT_3D ( 'NONE', #592, #470, #1011 ) ;
#974 = ORIENTED_EDGE ( 'NONE', *, *, #152, .F. ) ;
#975 = FACE_OUTER_BOUND ( 'NONE', #1081, .T. ) ;
#976 = LOCAL_TIME ( 19, 13, 21.00000000000000000, #1080 ) ;
#977 = DIRECTION ( 'NONE',  ( -1.000000000000000000, 0.000000000000000000, 0.000000000000000000 ) ) ;
#978 = APPROVAL_STATUS ( 'not_yet_approved' ) ;
#979 = ORIENTED_EDGE ( 'NONE', *, *, #508, .T. ) ;
#980 = EDGE_CURVE ( 'NONE', #961, #493, #311, .T. ) ;
#981 = CARTESIAN_POINT ( 'NONE',  ( 5.500000000000000000, 1.040949779275250140E-15, 18.64999999999999858 ) ) ;
#982 = EDGE_LOOP ( 'NONE', ( #1441, #531 ) ) ;
#983 = LINE ( 'NONE', #93, #714 ) ;
#984 = DIRECTION ( 'NONE',  ( 1.000000000000000000, 0.000000000000000000, 0.000000000000000000 ) ) ;
#985 = VERTEX_POINT ( 'NONE', #69 ) ;
#986 = CARTESIAN_POINT ( 'NONE',  ( 0.000000000000000000, 1.040949779275250140E-15, 17.00000000000000000 ) ) ;
#987 = VERTEX_POINT ( 'NONE', #404 ) ;
#988 = DIRECTION ( 'NONE',  ( -1.000000000000000000, 0.000000000000000000, 0.000000000000000000 ) ) ;
#989 = DIRECTION ( 'NONE',  ( 1.000000000000000000, 0.000000000000000000, 0.000000000000000000 ) ) ;
#990 = VERTEX_POINT ( 'NONE', #838 ) ;
#991 = VECTOR ( 'NONE', #395, 1000.000000000000000 ) ;
#992 = DIRECTION ( 'NONE',  ( 0.000000000000000000, 0.000000000000000000, 1.000000000000000000 ) ) ;
#993 = CIRCLE ( 'NONE', #597, 2.999999999999997335 ) ;
#994 = ORIENTED_EDGE ( 'NONE', *, *, #980, .F. ) ;
#995 = AXIS2_PLACEMENT_3D ( 'NONE', #629, #965, #1418 ) ;
#996 = CC_DESIGN_PERSON_AND_ORGANIZATION_ASSIGNMENT ( #1422, #422, ( #338 ) ) ;
#997 = DIRECTION ( 'NONE',  ( -1.000000000000000000, -0.000000000000000000, -0.000000000000000000 ) ) ;
#998 = AXIS2_PLACEMENT_3D ( 'NONE', #869, #8, #1325 ) ;
#999 = VECTOR ( 'NONE', #245, 1000.000000000000000 ) ;
#1000 = DIRECTION ( 'NONE',  ( 0.000000000000000000, 0.000000000000000000, -1.000000000000000000 ) ) ;
#1001 = CIRCLE ( 'NONE', #1171, 1.649999999999999467 ) ;
#1002 = CARTESIAN_POINT ( 'NONE',  ( 15.00000000000000000, 0.000000000000000000, 0.000000000000000000 ) ) ;
#1003 = ORIENTED_EDGE ( 'NONE', *, *, #260, .F. ) ;
#1004 = DIRECTION ( 'NONE',  ( 0.000000000000000000, 0.000000000000000000, -1.000000000000000000 ) ) ;
#1005 = DIRECTION ( 'NONE',  ( 0.000000000000000000, 0.000000000000000000, 1.000000000000000000 ) ) ;
#1006 = APPROVAL_DATE_TIME ( #1340, #1086 ) ;
#1007 = EDGE_CURVE ( 'NONE', #774, #677, #715, .T. ) ;
#1008 = LINE ( 'NONE', #21, #624 ) ;
#1009 = EDGE_CURVE ( 'NONE', #196, #1175, #1117, .T. ) ;
#1010 = VERTEX_POINT ( 'NONE', #1416 ) ;
#1011 = DIRECTION ( 'NONE',  ( 0.000000000000000000, 0.000000000000000000, 1.000000000000000000 ) ) ;
#1012 = DIRECTION ( 'NONE',  ( 0.000000000000000000, 0.000000000000000000, 1.000000000000000000 ) ) ;
#1013 = VERTEX_POINT ( 'NONE', #397 ) ;
#1014 = ORIENTED_EDGE ( 'NONE', *, *, #1140, .F. ) ;
#1015 = DIRECTION ( 'NONE',  ( -1.000000000000000000, -0.000000000000000000, -0.000000000000000000 ) ) ;
#1016 = ORIENTED_EDGE ( 'NONE', *, *, #511, .F. ) ;
#1017 = AXIS2_PLACEMENT_3D ( 'NONE', #227, #1104, #646 ) ;
#1018 = CARTESIAN_POINT ( 'NONE',  ( 5.500000000000000000, 2.816687638038912352E-15, -23.00000000000000000 ) ) ;
#1019 = AXIS2_PLACEMENT_3D ( 'NONE', #33, #476, #587 ) ;
#1020 = EDGE_CURVE ( 'NONE', #753, #831, #1173, .T. ) ;
#1021 = DIRECTION ( 'NONE',  ( 0.000000000000000000, 0.000000000000000000, 1.000000000000000000 ) ) ;
#1022 = ORIENTED_EDGE ( 'NONE', *, *, #1331, .F. ) ;
#1023 = AXIS2_PLACEMENT_3D ( 'NONE', #627, #953, #305 ) ;
#1024 = ORIENTED_EDGE ( 'NONE', *, *, #44, .T. ) ;
#1025 = FACE_OUTER_BOUND ( 'NONE', #1274, .T. ) ;
#1026 = EDGE_CURVE ( 'NONE', #1394, #831, #555, .T. ) ;
#1027 = EDGE_CURVE ( 'NONE', #1374, #115, #1288, .T. ) ;
#1028 = FACE_OUTER_BOUND ( 'NONE', #270, .T. ) ;
#1029 = CARTESIAN_POINT ( 'NONE',  ( 14.55177669529663476, 0.000000000000000000, -7.676776695296656072 ) ) ;
#1030 = ADVANCED_FACE ( 'NONE', ( #1391, #415, #1275, #285, #392, #716 ), #721, .F. ) ;
#1031 = DIRECTION ( 'NONE',  ( 0.000000000000000000, 0.000000000000000000, 1.000000000000000000 ) ) ;
#1032 = VERTEX_POINT ( 'NONE', #181 ) ;
#1033 = EDGE_CURVE ( 'NONE', #896, #925, #98, .T. ) ;
#1034 = CARTESIAN_POINT ( 'NONE',  ( 14.62499999999999289, 0.000000000000000000, 0.000000000000000000 ) ) ;
#1035 = CARTESIAN_POINT ( 'NONE',  ( 3.000000000000000000, -17.00000000000000000, 2.081899558550500280E-15 ) ) ;
#1036 = FACE_OUTER_BOUND ( 'NONE', #1310, .T. ) ;
#1037 = ORIENTED_EDGE ( 'NONE', *, *, #511, .T. ) ;
#1038 = DIRECTION ( 'NONE',  ( 0.000000000000000000, 0.000000000000000000, 1.000000000000000000 ) ) ;
#1039 = DIRECTION ( 'NONE',  ( -1.000000000000000000, -0.000000000000000000, -0.000000000000000000 ) ) ;
#1040 = CLOSED_SHELL ( 'NONE', ( #719, #303, #914, #1393, #1116, #1232, #1229, #467, #372, #806, #1069, #825, #1245, #598, #767, #811, #155, #1082, #659, #908, #1430, #702, #1030, #308, #556, #224, #442, #775, #49, #957, #1183, #900, #1118, #804, #218, #852, #551, #962, #630, #917, #407, #103, #857, #915, #872, #516, #874, #1178 ) ) ;
#1041 = CARTESIAN_POINT ( 'NONE',  ( 5.500000000000000000, 2.816687638038912352E-15, -23.00000000000000000 ) ) ;
#1042 = AXIS2_PLACEMENT_3D ( 'NONE', #426, #988, #658 ) ;
#1043 = DIRECTION ( 'NONE',  ( -1.000000000000000000, 0.000000000000000000, 0.000000000000000000 ) ) ;
#1044 = AXIS2_PLACEMENT_3D ( 'NONE', #487, #162, #362 ) ;
#1045 = CIRCLE ( 'NONE', #1291, 1.649999999999999467 ) ;
#1046 = DATE_AND_TIME ( #758, #1221 ) ;
#1047 = VERTEX_POINT ( 'NONE', #298 ) ;
#1048 = CARTESIAN_POINT ( 'NONE',  ( 3.000000000000000000, 1.040949779275250140E-15, -17.00000000000000000 ) ) ;
#1049 = ORIENTED_EDGE ( 'NONE', *, *, #246, .F. ) ;
#1050 = CARTESIAN_POINT ( 'NONE',  ( 14.37499999999999645, 0.000000000000000000, 0.000000000000000000 ) ) ;
#1051 = EDGE_LOOP ( 'NONE', ( #137, #325, #361, #1037 ) ) ;
#1052 = LINE ( 'NONE', #927, #969 ) ;
#1053 = FACE_OUTER_BOUND ( 'NONE', #1417, .T. ) ;
#1054 = CARTESIAN_POINT ( 'NONE',  ( 5.500000000000000000, 0.000000000000000000, 0.000000000000000000 ) ) ;
#1055 = DIRECTION ( 'NONE',  ( -1.000000000000000000, -0.000000000000000000, -0.000000000000000000 ) ) ;
#1056 = APPLICATION_CONTEXT ( 'configuration controlled 3d designs of mechanical parts and assemblies' ) ;
#1057 = DIRECTION ( 'NONE',  ( 0.000000000000000000, 0.000000000000000000, 1.000000000000000000 ) ) ;
#1058 = EDGE_LOOP ( 'NONE', ( #815, #934 ) ) ;
#1059 = CARTESIAN_POINT ( 'NONE',  ( 14.37499999999999645, 9.617829021722914925E-16, -7.853553390593289940 ) ) ;
#1060 = EDGE_CURVE ( 'NONE', #886, #626, #513, .T. ) ;
#1061 = ORIENTED_EDGE ( 'NONE', *, *, #452, .T. ) ;
#1062 = DIRECTION ( 'NONE',  ( -1.000000000000000000, -0.000000000000000000, -0.000000000000000000 ) ) ;
#1063 = AXIS2_PLACEMENT_3D ( 'NONE', #893, #984, #865 ) ;
#1064 = CIRCLE ( 'NONE', #193, 7.750000000000021316 ) ;
#1065 = AXIS2_PLACEMENT_3D ( 'NONE', #1208, #1093, #430 ) ;
#1066 = DIRECTION ( 'NONE',  ( -1.000000000000000000, 0.000000000000000000, 0.000000000000000000 ) ) ;
#1067 = EDGE_CURVE ( 'NONE', #1149, #727, #146, .T. ) ;
#1068 =( GEOMETRIC_REPRESENTATION_CONTEXT ( 3 ) GLOBAL_UNCERTAINTY_ASSIGNED_CONTEXT ( ( #1105 ) ) GLOBAL_UNIT_ASSIGNED_CONTEXT ( ( #1280, #935, #1159 ) ) REPRESENTATION_CONTEXT ( 'NONE', 'WORKASPACE' ) );
#1069 = ADVANCED_FACE ( 'NONE', ( #77 ), #177, .F. ) ;
#1070 = EDGE_LOOP ( 'NONE', ( #1016, #946 ) ) ;
#1071 = DIRECTION ( 'NONE',  ( -1.000000000000000000, 0.000000000000000000, 0.000000000000000000 ) ) ;
#1072 = ORIENTED_EDGE ( 'NONE', *, *, #304, .F. ) ;
#1073 = CARTESIAN_POINT ( 'NONE',  ( 3.000000000000000000, 17.00000000000000000, 0.000000000000000000 ) ) ;
#1074 = EDGE_CURVE ( 'NONE', #1266, #779, #379, .T. ) ;
#1075 = ORIENTED_EDGE ( 'NONE', *, *, #248, .F. ) ;
#1076 = DIRECTION ( 'NONE',  ( -1.000000000000000000, -0.000000000000000000, -0.000000000000000000 ) ) ;
#1077 = ORIENTED_EDGE ( 'NONE', *, *, #1386, .T. ) ;
#1078 = CARTESIAN_POINT ( 'NONE',  ( 3.000000000000000000, 17.00000000000000000, 3.000000000000000444 ) ) ;
#1079 = DIRECTION ( 'NONE',  ( 0.000000000000000000, 0.000000000000000000, 1.000000000000000000 ) ) ;
#1080 = COORDINATED_UNIVERSAL_TIME_OFFSET ( 8, 0, .BEHIND. ) ;
#1081 = EDGE_LOOP ( 'NONE', ( #1357, #845, #1436, #601 ) ) ;
#1082 = ADVANCED_FACE ( 'NONE', ( #1196 ), #197, .F. ) ;
#1083 = DIRECTION ( 'NONE',  ( 0.000000000000000000, 0.000000000000000000, 1.000000000000000000 ) ) ;
#1084 = ORIENTED_EDGE ( 'NONE', *, *, #418, .F. ) ;
#1085 = DIRECTION ( 'NONE',  ( 0.000000000000000000, 0.000000000000000000, 1.000000000000000000 ) ) ;
#1086 = APPROVAL ( #25, 'UNSPECIFIED' ) ;
#1087 = DIRECTION ( 'NONE',  ( 0.000000000000000000, 0.000000000000000000, 1.000000000000000000 ) ) ;
#1088 = DATE_TIME_ROLE ( 'creation_date' ) ;
#1089 = EDGE_LOOP ( 'NONE', ( #366, #699 ) ) ;
#1090 = AXIS2_PLACEMENT_3D ( 'NONE', #291, #1181, #1087 ) ;
#1091 = EDGE_CURVE ( 'NONE', #34, #1154, #221, .T. ) ;
#1092 = CIRCLE ( 'NONE', #1193, 7.676776695296653408 ) ;
#1093 = DIRECTION ( 'NONE',  ( -1.000000000000000000, 0.000000000000000000, 0.000000000000000000 ) ) ;
#1094 = AXIS2_PLACEMENT_3D ( 'NONE', #1371, #381, #906 ) ;
#1095 = ORIENTED_EDGE ( 'NONE', *, *, #232, .F. ) ;
#1096 = DIRECTION ( 'NONE',  ( 0.000000000000000000, 0.000000000000000000, 1.000000000000000000 ) ) ;
#1097 = AXIS2_PLACEMENT_3D ( 'NONE', #563, #585, #1038 ) ;
#1098 = EDGE_CURVE ( 'NONE', #1384, #665, #465, .T. ) ;
#1099 = DIRECTION ( 'NONE',  ( 0.000000000000000000, 0.000000000000000000, 1.000000000000000000 ) ) ;
#1100 = ORIENTED_EDGE ( 'NONE', *, *, #1026, .T. ) ;
#1101 = DIRECTION ( 'NONE',  ( 0.000000000000000000, 0.000000000000000000, 1.000000000000000000 ) ) ;
#1102 = EDGE_LOOP ( 'NONE', ( #591, #1369, #30, #694 ) ) ;
#1103 = CARTESIAN_POINT ( 'NONE',  ( 3.000000000000000000, 1.040949779275250140E-15, 17.00000000000000000 ) ) ;
#1104 = DIRECTION ( 'NONE',  ( -1.000000000000000000, 0.000000000000000000, 0.000000000000000000 ) ) ;
#1105 = UNCERTAINTY_MEASURE_WITH_UNIT (LENGTH_MEASURE( 1.000000000000000082E-05 ), #1280, 'distance_accuracy_value', 'NONE');
#1106 = ORIENTED_EDGE ( 'NONE', *, *, #701, .T. ) ;
#1107 = LINE ( 'NONE', #981, #691 ) ;
#1108 = EDGE_LOOP ( 'NONE', ( #153, #564 ) ) ;
#1109 = CARTESIAN_POINT ( 'NONE',  ( 4.125000000000000000, 0.000000000000000000, 8.000000002000000165 ) ) ;
#1110 = FACE_BOUND ( 'NONE', #129, .T. ) ;
#1111 = CIRCLE ( 'NONE', #1330, 0.2500000000000002220 ) ;
#1112 = FACE_OUTER_BOUND ( 'NONE', #1338, .T. ) ;
#1113 = VECTOR ( 'NONE', #163, 1000.000000000000000 ) ;
#1114 = VERTEX_POINT ( 'NONE', #206 ) ;
#1115 = DIRECTION ( 'NONE',  ( 1.000000000000000000, 8.381647117973250432E-31, 8.806703630064040106E-31 ) ) ;
#1116 = ADVANCED_FACE ( 'NONE', ( #778 ), #1361, .F. ) ;
#1117 = CIRCLE ( 'NONE', #358, 8.749999999999994671 ) ;
#1118 = ADVANCED_FACE ( 'NONE', ( #1333, #91 ), #862, .T. ) ;
#1119 = LOCAL_TIME ( 19, 13, 21.00000000000000000, #1324 ) ;
#1120 = FACE_OUTER_BOUND ( 'NONE', #331, .T. ) ;
#1121 = COORDINATED_UNIVERSAL_TIME_OFFSET ( 8, 0, .BEHIND. ) ;
#1122 = EDGE_CURVE ( 'NONE', #1047, #1161, #400, .T. ) ;
#1123 = ORIENTED_EDGE ( 'NONE', *, *, #409, .T. ) ;
#1124 = DIRECTION ( 'NONE',  ( 0.000000000000000000, 0.000000000000000000, 1.000000000000000000 ) ) ;
#1125 = EDGE_LOOP ( 'NONE', ( #230, #574 ) ) ;
#1126 = DIRECTION ( 'NONE',  ( 7.875905461306210483E-31, 1.665334536937734564E-16, -1.000000000000000000 ) ) ;
#1127 = CARTESIAN_POINT ( 'NONE',  ( 3.000000000000000000, 17.00000000000000000, 0.000000000000000000 ) ) ;
#1128 = ORIENTED_EDGE ( 'NONE', *, *, #744, .F. ) ;
#1129 = DIRECTION ( 'NONE',  ( -1.000000000000000000, -0.000000000000000000, -0.000000000000000000 ) ) ;
#1130 = EDGE_CURVE ( 'NONE', #1013, #335, #1405, .T. ) ;
#1131 = ORIENTED_EDGE ( 'NONE', *, *, #410, .F. ) ;
#1132 = CYLINDRICAL_SURFACE ( 'NONE', #973, 2.999999999999995559 ) ;
#1133 = CARTESIAN_POINT ( 'NONE',  ( 3.000000000000000000, 1.040949779275250140E-15, -14.00000000000000355 ) ) ;
#1134 = EDGE_CURVE ( 'NONE', #1154, #34, #1334, .T. ) ;
#1135 = ORIENTED_EDGE ( 'NONE', *, *, #960, .T. ) ;
#1136 = DIRECTION ( 'NONE',  ( 0.000000000000000000, 0.000000000000000000, 1.000000000000000000 ) ) ;
#1137 = EDGE_LOOP ( 'NONE', ( #1434, #207, #769, #1343 ) ) ;
#1138 = VECTOR ( 'NONE', #636, 1000.000000000000000 ) ;
#1139 = CARTESIAN_POINT ( 'NONE',  ( 14.37499999999998579, 9.184850993605151889E-16, 7.500000000000002665 ) ) ;
#1140 = EDGE_CURVE ( 'NONE', #886, #228, #1107, .T. ) ;
#1141 = DIRECTION ( 'NONE',  ( -1.000000000000000000, -0.000000000000000000, -0.000000000000000000 ) ) ;
#1142 = CIRCLE ( 'NONE', #577, 1.649999999999998579 ) ;
#1143 = EDGE_CURVE ( 'NONE', #831, #1394, #266, .T. ) ;
#1144 = VECTOR ( 'NONE', #683, 1000.000000000000000 ) ;
#1145 = FACE_BOUND ( 'NONE', #219, .T. ) ;
#1146 = APPROVAL_PERSON_ORGANIZATION ( #713, #107, #860 ) ;
#1147 = ORIENTED_EDGE ( 'NONE', *, *, #867, .F. ) ;
#1148 = CARTESIAN_POINT ( 'NONE',  ( 3.000000000000000000, 1.243016501134563884E-15, -18.65000000000000213 ) ) ;
#1149 = VERTEX_POINT ( 'NONE', #972 ) ;
#1150 = DIRECTION ( 'NONE',  ( -1.000000000000000000, 0.000000000000000000, 0.000000000000000000 ) ) ;
#1151 = LINE ( 'NONE', #1041, #970 ) ;
#1152 = CARTESIAN_POINT ( 'NONE',  ( 14.37500000000001243, 0.000000000000000000, 7.500000000000002665 ) ) ;
#1153 = CARTESIAN_POINT ( 'NONE',  ( 14.37500000000001243, 9.184850993605151889E-16, -7.500000000000002665 ) ) ;
#1154 = VERTEX_POINT ( 'NONE', #123 ) ;
#1155 = CARTESIAN_POINT ( 'NONE',  ( 14.62499999999999289, -6.333333333333338366, 6.800116025829181432E-16 ) ) ;
#1156 = DIRECTION ( 'NONE',  ( 0.000000000000000000, 0.000000000000000000, 1.000000000000000000 ) ) ;
#1157 = DIRECTION ( 'NONE',  ( 0.000000000000000000, -1.000000000000000000, 0.000000000000000000 ) ) ;
#1158 = ORIENTED_EDGE ( 'NONE', *, *, #265, .T. ) ;
#1159 =( NAMED_UNIT ( * ) SI_UNIT ( $, .STERADIAN. ) SOLID_ANGLE_UNIT ( ) );
#1160 = DIRECTION ( 'NONE',  ( 0.000000000000000000, 0.000000000000000000, -1.000000000000000000 ) ) ;
#1161 = VERTEX_POINT ( 'NONE', #229 ) ;
#1162 = AXIS2_PLACEMENT_3D ( 'NONE', #939, #1168, #175 ) ;
#1163 = CC_DESIGN_PERSON_AND_ORGANIZATION_ASSIGNMENT ( #282, #1309, ( #492 ) ) ;
#1164 = CARTESIAN_POINT ( 'NONE',  ( -1.200000000000000030E-05, -3.467052374664787925E-15, 1.734723475976806700E-15 ) ) ;
#1165 = EDGE_CURVE ( 'NONE', #115, #1374, #443, .T. ) ;
#1166 = AXIS2_PLACEMENT_3D ( 'NONE', #363, #572, #802 ) ;
#1167 = ORIENTED_EDGE ( 'NONE', *, *, #1331, .T. ) ;
#1168 = DIRECTION ( 'NONE',  ( -1.000000000000000000, -0.000000000000000000, -0.000000000000000000 ) ) ;
#1169 = AXIS2_PLACEMENT_3D ( 'NONE', #726, #186, #1185 ) ;
#1170 = EDGE_LOOP ( 'NONE', ( #1123, #979 ) ) ;
#1171 = AXIS2_PLACEMENT_3D ( 'NONE', #808, #681, #474 ) ;
#1172 = PERSON_AND_ORGANIZATION_ROLE ( 'design_owner' ) ;
#1173 = LINE ( 'NONE', #833, #75 ) ;
#1174 = DIRECTION ( 'NONE',  ( -1.000000000000000000, -0.000000000000000000, -0.000000000000000000 ) ) ;
#1175 = VERTEX_POINT ( 'NONE', #108 ) ;
#1176 = CARTESIAN_POINT ( 'NONE',  ( 5.500000000000000000, 0.000000000000000000, 23.00000000000000000 ) ) ;
#1177 = ORIENTED_EDGE ( 'NONE', *, *, #111, .T. ) ;
#1178 = ADVANCED_FACE ( 'NONE', ( #1112 ), #623, .T. ) ;
#1179 = DIRECTION ( 'NONE',  ( 1.000000000000000000, 0.000000000000000000, 0.000000000000000000 ) ) ;
#1180 = DIRECTION ( 'NONE',  ( 0.000000000000000000, 0.000000000000000000, 1.000000000000000000 ) ) ;
#1181 = DIRECTION ( 'NONE',  ( -1.000000000000000000, -0.000000000000000000, -0.000000000000000000 ) ) ;
#1182 = EDGE_LOOP ( 'NONE', ( #706, #1095 ) ) ;
#1183 = ADVANCED_FACE ( 'NONE', ( #885, #1435 ), #661, .T. ) ;
#1184 = EDGE_CURVE ( 'NONE', #1412, #753, #1194, .T. ) ;
#1185 = DIRECTION ( 'NONE',  ( 0.000000000000000000, 0.000000000000000000, 1.000000000000000000 ) ) ;
#1186 = ORIENTED_EDGE ( 'NONE', *, *, #1277, .T. ) ;
#1187 = EDGE_CURVE ( 'NONE', #125, #26, #1045, .T. ) ;
#1188 = CARTESIAN_POINT ( 'NONE',  ( 5.500000000000000000, 1.243016501134563292E-15, 15.35000000000000320 ) ) ;
#1189 = AXIS2_PLACEMENT_3D ( 'NONE', #301, #535, #841 ) ;
#1190 = DIRECTION ( 'NONE',  ( -1.000000000000000000, -0.000000000000000000, -0.000000000000000000 ) ) ;
#1191 = AXIS2_PLACEMENT_3D ( 'NONE', #327, #438, #1099 ) ;
#1192 = ORIENTED_EDGE ( 'NONE', *, *, #6, .F. ) ;
#1193 = AXIS2_PLACEMENT_3D ( 'NONE', #66, #723, #318 ) ;
#1194 = CIRCLE ( 'NONE', #768, 1.650000000000002132 ) ;
#1195 = CONICAL_SURFACE ( 'NONE', #1097, 8.749999999999994671, 0.7853981633974412846 ) ;
#1196 = FACE_OUTER_BOUND ( 'NONE', #932, .T. ) ;
#1197 = SECURITY_CLASSIFICATION ( '', '', #637 ) ;
#1198 = ORIENTED_EDGE ( 'NONE', *, *, #980, .T. ) ;
#1199 = DIRECTION ( 'NONE',  ( 0.000000000000000000, 0.000000000000000000, 1.000000000000000000 ) ) ;
#1200 = LINE ( 'NONE', #296, #686 ) ;
#1201 = APPROVAL_DATE_TIME ( #1046, #1425 ) ;
#1202 = ORIENTED_EDGE ( 'NONE', *, *, #232, .T. ) ;
#1203 = DIRECTION ( 'NONE',  ( -1.000000000000000000, 0.000000000000000000, 0.000000000000000000 ) ) ;
#1204 = ORIENTED_EDGE ( 'NONE', *, *, #165, .F. ) ;
#1205 = DIRECTION ( 'NONE',  ( 0.000000000000000000, -1.000000000000000000, 0.000000000000000000 ) ) ;
#1206 = LINE ( 'NONE', #209, #1138 ) ;
#1207 = EDGE_LOOP ( 'NONE', ( #1215, #255 ) ) ;
#1208 = CARTESIAN_POINT ( 'NONE',  ( 3.000000000000000000, 1.040949779275250140E-15, -17.00000000000000000 ) ) ;
#1209 = ORIENTED_EDGE ( 'NONE', *, *, #46, .F. ) ;
#1210 = CARTESIAN_POINT ( 'NONE',  ( 3.000000000000000000, 1.040949779275250140E-15, -17.00000000000000000 ) ) ;
#1211 = FACE_OUTER_BOUND ( 'NONE', #1125, .T. ) ;
#1212 = CALENDAR_DATE ( 2026, 20, 3 ) ;
#1213 = ORIENTED_EDGE ( 'NONE', *, *, #198, .F. ) ;
#1214 = CIRCLE ( 'NONE', #4, 2.999999999999997335 ) ;
#1215 = ORIENTED_EDGE ( 'NONE', *, *, #750, .T. ) ;
#1216 = AXIS2_PLACEMENT_3D ( 'NONE', #635, #457, #341 ) ;
#1217 = DIRECTION ( 'NONE',  ( -1.000000000000000000, 0.000000000000000000, 0.000000000000000000 ) ) ;
#1218 = AXIS2_PLACEMENT_3D ( 'NONE', #1231, #650, #424 ) ;
#1219 = VERTEX_POINT ( 'NONE', #1224 ) ;
#1220 = DIRECTION ( 'NONE',  ( -1.000000000000000000, -0.000000000000000000, -0.000000000000000000 ) ) ;
#1221 = LOCAL_TIME ( 19, 13, 21.00000000000000000, #63 ) ;
#1222 = DIRECTION ( 'NONE',  ( 1.000000000000000000, 0.000000000000000000, 0.000000000000000000 ) ) ;
#1223 = VERTEX_POINT ( 'NONE', #114 ) ;
#1224 = CARTESIAN_POINT ( 'NONE',  ( 5.500000000000000000, 0.000000000000000000, 23.00000000000000000 ) ) ;
#1225 = EDGE_LOOP ( 'NONE', ( #1075, #964, #1255, #617 ) ) ;
#1226 = CYLINDRICAL_SURFACE ( 'NONE', #554, 2.999999999999997335 ) ;
#1227 = FACE_OUTER_BOUND ( 'NONE', #790, .T. ) ;
#1228 = PERSON_AND_ORGANIZATION ( #549, #383 ) ;
#1229 = ADVANCED_FACE ( 'NONE', ( #445 ), #1345, .T. ) ;
#1230 = EDGE_CURVE ( 'NONE', #727, #1149, #444, .T. ) ;
#1231 = CARTESIAN_POINT ( 'NONE',  ( 14.12499999999999112, 0.000000000000000000, 0.000000000000000000 ) ) ;
#1232 = ADVANCED_FACE ( 'NONE', ( #365 ), #1195, .T. ) ;
#1233 = ORIENTED_EDGE ( 'NONE', *, *, #1007, .T. ) ;
#1234 = CARTESIAN_POINT ( 'NONE',  ( 2.000000000000000000, 2.571758278209441267E-15, 20.99999999999999645 ) ) ;
#1235 = EDGE_CURVE ( 'NONE', #102, #861, #671, .T. ) ;
#1236 = DIRECTION ( 'NONE',  ( -1.000000000000000000, 0.000000000000000000, 0.000000000000000000 ) ) ;
#1237 = CIRCLE ( 'NONE', #1354, 7.750000000000021316 ) ;
#1238 = CARTESIAN_POINT ( 'NONE',  ( 15.00000000000000000, 9.797174394403475020E-16, -8.000000000000003553 ) ) ;
#1239 = AXIS2_PLACEMENT_3D ( 'NONE', #247, #989, #448 ) ;
#1240 = EDGE_LOOP ( 'NONE', ( #469, #1246 ) ) ;
#1241 = AXIS2_PLACEMENT_3D ( 'NONE', #1050, #1413, #1306 ) ;
#1242 = DIRECTION ( 'NONE',  ( 0.000000000000000000, 1.000000000000000000, -1.224646799147353207E-16 ) ) ;
#1243 = AXIS2_PLACEMENT_3D ( 'NONE', #135, #1150, #810 ) ;
#1244 = FACE_OUTER_BOUND ( 'NONE', #968, .T. ) ;
#1245 = ADVANCED_FACE ( 'NONE', ( #1025 ), #1254, .F. ) ;
#1246 = ORIENTED_EDGE ( 'NONE', *, *, #1290, .T. ) ;
#1247 = CARTESIAN_POINT ( 'NONE',  ( 3.000000000000000000, -17.00000000000000000, 2.081899558550500280E-15 ) ) ;
#1248 = ORIENTED_EDGE ( 'NONE', *, *, #204, .T. ) ;
#1249 = FACE_OUTER_BOUND ( 'NONE', #1137, .T. ) ;
#1250 = EDGE_CURVE ( 'NONE', #896, #41, #147, .T. ) ;
#1251 = DIRECTION ( 'NONE',  ( 1.000000000000000000, -0.000000000000000000, -0.000000000000000000 ) ) ;
#1252 = CARTESIAN_POINT ( 'NONE',  ( 0.000000000000000000, 1.040949779275250140E-15, -14.00000000000000355 ) ) ;
#1253 = VERTEX_POINT ( 'NONE', #161 ) ;
#1254 = CYLINDRICAL_SURFACE ( 'NONE', #290, 1.649999999999998579 ) ;
#1255 = ORIENTED_EDGE ( 'NONE', *, *, #1360, .T. ) ;
#1256 = DIRECTION ( 'NONE',  ( 0.000000000000000000, 0.000000000000000000, 1.000000000000000000 ) ) ;
#1257 = DIRECTION ( 'NONE',  ( -1.000000000000000000, -0.000000000000000000, -0.000000000000000000 ) ) ;
#1258 = ORIENTED_EDGE ( 'NONE', *, *, #1143, .T. ) ;
#1259 = FACE_OUTER_BOUND ( 'NONE', #709, .T. ) ;
#1260 = CIRCLE ( 'NONE', #618, 9.000000000000000000 ) ;
#1261 = PLANE ( 'NONE',  #1044 ) ;
#1262 = AXIS2_PLACEMENT_3D ( 'NONE', #1339, #1348, #105 ) ;
#1263 = FACE_OUTER_BOUND ( 'NONE', #1102, .T. ) ;
#1264 = ORIENTED_EDGE ( 'NONE', *, *, #455, .F. ) ;
#1265 = AXIS2_PLACEMENT_3D ( 'NONE', #234, #1428, #1101 ) ;
#1266 = VERTEX_POINT ( 'NONE', #1238 ) ;
#1267 = VECTOR ( 'NONE', #895, 1000.000000000000000 ) ;
#1268 = ORIENTED_EDGE ( 'NONE', *, *, #1250, .T. ) ;
#1269 = DIRECTION ( 'NONE',  ( -1.000000000000000000, 0.000000000000000000, 0.000000000000000000 ) ) ;
#1270 = CYLINDRICAL_SURFACE ( 'NONE', #1094, 8.000000002000000165 ) ;
#1271 = CARTESIAN_POINT ( 'NONE',  ( 3.000000000000000000, 1.040949779275250140E-15, 17.00000000000000000 ) ) ;
#1272 = CARTESIAN_POINT ( 'NONE',  ( 14.37499999999999645, 0.000000000000000000, 7.853553390593289940 ) ) ;
#1273 = EDGE_CURVE ( 'NONE', #1161, #1047, #124, .T. ) ;
#1274 = EDGE_LOOP ( 'NONE', ( #1072, #1346, #225, #1014 ) ) ;
#1275 = FACE_BOUND ( 'NONE', #57, .T. ) ;
#1276 = DIRECTION ( 'NONE',  ( 0.000000000000000000, 0.000000000000000000, 1.000000000000000000 ) ) ;
#1277 = EDGE_CURVE ( 'NONE', #59, #725, #1337, .T. ) ;
#1278 = ORIENTED_EDGE ( 'NONE', *, *, #1273, .T. ) ;
#1279 = CARTESIAN_POINT ( 'NONE',  ( 0.000000000000000000, 1.040949779275250140E-15, -17.00000000000000000 ) ) ;
#1280 =( LENGTH_UNIT ( ) NAMED_UNIT ( * ) SI_UNIT ( .MILLI., .METRE. ) );
#1281 = ORIENTED_EDGE ( 'NONE', *, *, #198, .T. ) ;
#1282 = CARTESIAN_POINT ( 'NONE',  ( 3.000000000000000000, 17.00000000000000000, 0.000000000000000000 ) ) ;
#1283 = CIRCLE ( 'NONE', #897, 2.999999999999995559 ) ;
#1284 = DIRECTION ( 'NONE',  ( 1.000000000000000000, 0.000000000000000000, 0.000000000000000000 ) ) ;
#1285 = VECTOR ( 'NONE', #427, 1000.000000000000000 ) ;
#1286 = CIRCLE ( 'NONE', #420, 2.999999999999995559 ) ;
#1287 = FACE_OUTER_BOUND ( 'NONE', #846, .T. ) ;
#1288 = CIRCLE ( 'NONE', #578, 1.649999999999999467 ) ;
#1289 = ORIENTED_EDGE ( 'NONE', *, *, #781, .F. ) ;
#1290 = EDGE_CURVE ( 'NONE', #26, #125, #1001, .T. ) ;
#1291 = AXIS2_PLACEMENT_3D ( 'NONE', #875, #743, #770 ) ;
#1292 = ORIENTED_EDGE ( 'NONE', *, *, #656, .T. ) ;
#1293 = DIRECTION ( 'NONE',  ( -1.000000000000000000, 0.000000000000000000, 0.000000000000000000 ) ) ;
#1294 = CARTESIAN_POINT ( 'NONE',  ( 14.37499999999999645, 0.000000000000000000, 7.853553390593289940 ) ) ;
#1295 = ORIENTED_EDGE ( 'NONE', *, *, #380, .F. ) ;
#1296 = EDGE_CURVE ( 'NONE', #483, #665, #242, .T. ) ;
#1297 = CARTESIAN_POINT ( 'NONE',  ( 5.500000000000000000, -17.00000000000000000, 2.081899558550500280E-15 ) ) ;
#1298 = ORIENTED_EDGE ( 'NONE', *, *, #90, .T. ) ;
#1299 = EDGE_CURVE ( 'NONE', #125, #115, #128, .T. ) ;
#1300 = DIRECTION ( 'NONE',  ( 0.000000000000000000, -1.224646799147349509E-16, 1.000000000000000000 ) ) ;
#1301 = EDGE_LOOP ( 'NONE', ( #189, #849, #132, #1131 ) ) ;
#1302 = CYLINDRICAL_SURFACE ( 'NONE', #220, 23.00000000000000000 ) ;
#1303 = LINE ( 'NONE', #1176, #416 ) ;
#1304 = CARTESIAN_POINT ( 'NONE',  ( 5.500000000000000000, 1.040949779275250140E-15, -17.00000000000000000 ) ) ;
#1305 = ORIENTED_EDGE ( 'NONE', *, *, #1290, .F. ) ;
#1306 = DIRECTION ( 'NONE',  ( 0.000000000000000000, 0.000000000000000000, 1.000000000000000000 ) ) ;
#1307 = CIRCLE ( 'NONE', #711, 3.000000000000000444 ) ;
#1308 = DIRECTION ( 'NONE',  ( 0.000000000000000000, 0.000000000000000000, 1.000000000000000000 ) ) ;
#1309 = PERSON_AND_ORGANIZATION_ROLE ( 'creator' ) ;
#1310 = EDGE_LOOP ( 'NONE', ( #70, #473, #22, #134 ) ) ;
#1311 = AXIS2_PLACEMENT_3D ( 'NONE', #608, #183, #525 ) ;
#1312 = AXIS2_PLACEMENT_3D ( 'NONE', #545, #324, #339 ) ;
#1313 = AXIS2_PLACEMENT_3D ( 'NONE', #1034, #1355, #1370 ) ;
#1314 = CARTESIAN_POINT ( 'NONE',  ( 0.000000000000000000, -17.00000000000000000, 2.081899558550500280E-15 ) ) ;
#1315 = ORIENTED_EDGE ( 'NONE', *, *, #1067, .T. ) ;
#1316 = CARTESIAN_POINT ( 'NONE',  ( 5.500000000000000000, -17.00000000000000000, 1.650000000000001688 ) ) ;
#1317 = LINE ( 'NONE', #319, #333 ) ;
#1318 = PERSON_AND_ORGANIZATION ( #549, #383 ) ;
#1319 = ORIENTED_EDGE ( 'NONE', *, *, #494, .T. ) ;
#1320 = DIRECTION ( 'NONE',  ( -1.000000000000000000, 0.000000000000000000, 0.000000000000000000 ) ) ;
#1321 = ORIENTED_EDGE ( 'NONE', *, *, #90, .F. ) ;
#1322 = DIRECTION ( 'NONE',  ( -1.000000000000000000, -0.000000000000000000, -0.000000000000000000 ) ) ;
#1323 = DIRECTION ( 'NONE',  ( 0.000000000000000000, 0.000000000000000000, -1.000000000000000000 ) ) ;
#1324 = COORDINATED_UNIVERSAL_TIME_OFFSET ( 8, 0, .BEHIND. ) ;
#1325 = DIRECTION ( 'NONE',  ( 0.000000000000000000, 0.000000000000000000, 1.000000000000000000 ) ) ;
#1326 = ORIENTED_EDGE ( 'NONE', *, *, #260, .T. ) ;
#1327 = FACE_OUTER_BOUND ( 'NONE', #690, .T. ) ;
#1328 = DIRECTION ( 'NONE',  ( -1.000000000000000000, 0.000000000000000000, 0.000000000000000000 ) ) ;
#1329 = ORIENTED_EDGE ( 'NONE', *, *, #199, .T. ) ;
#1330 = AXIS2_PLACEMENT_3D ( 'NONE', #1272, #1157, #391 ) ;
#1331 = EDGE_CURVE ( 'NONE', #335, #1013, #1427, .T. ) ;
#1332 = AXIS2_PLACEMENT_3D ( 'NONE', #539, #773, #11 ) ;
#1333 = FACE_BOUND ( 'NONE', #387, .T. ) ;
#1334 = CIRCLE ( 'NONE', #337, 2.999999999999995559 ) ;
#1335 = ORIENTED_EDGE ( 'NONE', *, *, #46, .T. ) ;
#1336 = DIRECTION ( 'NONE',  ( -1.000000000000000000, -0.000000000000000000, -0.000000000000000000 ) ) ;
#1337 = CIRCLE ( 'NONE', #717, 9.000000000000000000 ) ;
#1338 = EDGE_LOOP ( 'NONE', ( #173, #722, #670, #1298 ) ) ;
#1339 = CARTESIAN_POINT ( 'NONE',  ( 4.125000000000000000, 0.000000000000000000, 0.000000000000000000 ) ) ;
#1340 = DATE_AND_TIME ( #253, #558 ) ;
#1341 = EDGE_CURVE ( 'NONE', #751, #34, #1008, .T. ) ;
#1342 = EDGE_CURVE ( 'NONE', #779, #1266, #514, .T. ) ;
#1343 = ORIENTED_EDGE ( 'NONE', *, *, #111, .F. ) ;
#1344 = EDGE_CURVE ( 'NONE', #990, #1032, #174, .T. ) ;
#1345 = CYLINDRICAL_SURFACE ( 'NONE', #314, 9.000000000000000000 ) ;
#1346 = ORIENTED_EDGE ( 'NONE', *, *, #321, .T. ) ;
#1347 = DIRECTION ( 'NONE',  ( -1.000000000000000000, -0.000000000000000000, -0.000000000000000000 ) ) ;
#1348 = DIRECTION ( 'NONE',  ( 1.000000000000000000, 0.000000000000000000, 0.000000000000000000 ) ) ;
#1349 = CARTESIAN_POINT ( 'NONE',  ( 5.500000000000000000, 17.00000000000000000, 1.649999999999999467 ) ) ;
#1350 = ORIENTED_EDGE ( 'NONE', *, *, #39, .T. ) ;
#1351 = CARTESIAN_POINT ( 'NONE',  ( 5.500000000000000000, -17.00000000000000000, 2.081899558550500280E-15 ) ) ;
#1352 = CARTESIAN_POINT ( 'NONE',  ( 5.500000000000000000, 0.000000000000000000, 0.000000000000000000 ) ) ;
#1353 = ORIENTED_EDGE ( 'NONE', *, *, #1027, .T. ) ;
#1354 = AXIS2_PLACEMENT_3D ( 'NONE', #741, #826, #1308 ) ;
#1355 = DIRECTION ( 'NONE',  ( -1.000000000000000000, -8.381647117973250432E-31, -8.806703630064040106E-31 ) ) ;
#1356 = AXIS2_PLACEMENT_3D ( 'NONE', #1164, #257, #708 ) ;
#1357 = ORIENTED_EDGE ( 'NONE', *, *, #321, .F. ) ;
#1358 = AXIS2_PLACEMENT_3D ( 'NONE', #1234, #1242, #652 ) ;
#1359 = FACE_BOUND ( 'NONE', #1170, .T. ) ;
#1360 = EDGE_CURVE ( 'NONE', #1032, #990, #1362, .T. ) ;
#1361 = CONICAL_SURFACE ( 'NONE', #1312, 7.500000000000002665, 0.7853981633974587151 ) ;
#1362 = CIRCLE ( 'NONE', #100, 1.649999999999999467 ) ;
#1363 = CARTESIAN_POINT ( 'NONE',  ( -1.200000000000000030E-05, -1.875011535773229027E-15, 13.00000000000000000 ) ) ;
#1364 = CARTESIAN_POINT ( 'NONE',  ( 5.500000000000000000, 0.000000000000000000, 8.000000002000000165 ) ) ;
#1365 = ORIENTED_EDGE ( 'NONE', *, *, #1184, .F. ) ;
#1366 = LINE ( 'NONE', #1139, #999 ) ;
#1367 = CARTESIAN_POINT ( 'NONE',  ( 5.500000000000000000, 9.797174395628120439E-16, -8.000000002000000165 ) ) ;
#1368 = CARTESIAN_POINT ( 'NONE',  ( 0.000000000000000000, 1.408343819019455387E-15, 14.00000000000000711 ) ) ;
#1369 = ORIENTED_EDGE ( 'NONE', *, *, #606, .T. ) ;
#1370 = DIRECTION ( 'NONE',  ( 0.000000000000000000, 0.000000000000000000, 1.000000000000000000 ) ) ;
#1371 = CARTESIAN_POINT ( 'NONE',  ( 5.500000000000000000, 0.000000000000000000, 0.000000000000000000 ) ) ;
#1372 = CARTESIAN_POINT ( 'NONE',  ( 0.000000000000000000, -3.467052374664787925E-15, -12.99999999999999645 ) ) ;
#1373 = CARTESIAN_POINT ( 'NONE',  ( 3.000000000000000000, 1.040949779275250140E-15, 19.99999999999999645 ) ) ;
#1374 = VERTEX_POINT ( 'NONE', #35 ) ;
#1375 = LINE ( 'NONE', #377, #12 ) ;
#1376 = CIRCLE ( 'NONE', #1191, 2.999999999999997335 ) ;
#1377 = DIRECTION ( 'NONE',  ( 0.000000000000000000, 0.000000000000000000, 1.000000000000000000 ) ) ;
#1378 = DIRECTION ( 'NONE',  ( -1.000000000000000000, -0.000000000000000000, -0.000000000000000000 ) ) ;
#1379 = AXIS2_PLACEMENT_3D ( 'NONE', #921, #475, #43 ) ;
#1380 = ORIENTED_EDGE ( 'NONE', *, *, #1341, .F. ) ;
#1381 = APPROVAL_PERSON_ORGANIZATION ( #1228, #1086, #449 ) ;
#1382 = DIRECTION ( 'NONE',  ( 0.000000000000000000, 0.000000000000000000, 1.000000000000000000 ) ) ;
#1383 = EDGE_CURVE ( 'NONE', #1161, #762, #912, .T. ) ;
#1384 = VERTEX_POINT ( 'NONE', #373 ) ;
#1385 = LINE ( 'NONE', #389, #1144 ) ;
#1386 = EDGE_CURVE ( 'NONE', #725, #59, #557, .T. ) ;
#1387 = DIRECTION ( 'NONE',  ( -1.000000000000000000, -0.000000000000000000, -0.000000000000000000 ) ) ;
#1388 = CARTESIAN_POINT ( 'NONE',  ( 14.37499999999999645, 0.000000000000000000, 7.603553390593289052 ) ) ;
#1389 = EDGE_LOOP ( 'NONE', ( #581, #1326, #1202, #684 ) ) ;
#1390 = DIRECTION ( 'NONE',  ( -1.000000000000000000, -0.000000000000000000, -0.000000000000000000 ) ) ;
#1391 = FACE_BOUND ( 'NONE', #730, .T. ) ;
#1392 = CARTESIAN_POINT ( 'NONE',  ( 5.500000000000000000, 0.000000000000000000, 0.000000000000000000 ) ) ;
#1393 = ADVANCED_FACE ( 'NONE', ( #1259 ), #693, .F. ) ;
#1394 = VERTEX_POINT ( 'NONE', #1148 ) ;
#1395 = CARTESIAN_POINT ( 'NONE',  ( 3.000000000000000000, 1.040949779275250140E-15, 17.00000000000000000 ) ) ;
#1396 = ORIENTED_EDGE ( 'NONE', *, *, #450, .T. ) ;
#1397 = LINE ( 'NONE', #749, #669 ) ;
#1398 = DIRECTION ( 'NONE',  ( 1.000000000000000000, 0.000000000000000000, 0.000000000000000000 ) ) ;
#1399 = EDGE_CURVE ( 'NONE', #18, #1154, #1375, .T. ) ;
#1400 = CIRCLE ( 'NONE', #1189, 0.2500000000000002220 ) ;
#1401 = FACE_BOUND ( 'NONE', #956, .T. ) ;
#1402 = AXIS2_PLACEMENT_3D ( 'NONE', #1155, #23, #1126 ) ;
#1403 = DIRECTION ( 'NONE',  ( 0.000000000000000000, 0.000000000000000000, -1.000000000000000000 ) ) ;
#1404 = EDGE_CURVE ( 'NONE', #985, #1149, #1397, .T. ) ;
#1405 = CIRCLE ( 'NONE', #765, 8.000000002000000165 ) ;
#1406 = VECTOR ( 'NONE', #890, 1000.000000000000114 ) ;
#1407 = DIRECTION ( 'NONE',  ( 1.000000000000000000, 0.000000000000000000, 0.000000000000000000 ) ) ;
#1408 = FACE_OUTER_BOUND ( 'NONE', #905, .T. ) ;
#1409 = ORIENTED_EDGE ( 'NONE', *, *, #350, .F. ) ;
#1410 = LINE ( 'NONE', #503, #356 ) ;
#1411 = CARTESIAN_POINT ( 'NONE',  ( 2.000000000000000000, 0.000000000000000000, 0.000000000000000000 ) ) ;
#1412 = VERTEX_POINT ( 'NONE', #485 ) ;
#1413 = DIRECTION ( 'NONE',  ( -1.000000000000000000, 0.000000000000000000, 0.000000000000000000 ) ) ;
#1414 = CARTESIAN_POINT ( 'NONE',  ( 3.000000000000000000, -17.00000000000000000, 2.081899558550500280E-15 ) ) ;
#1415 = ORIENTED_EDGE ( 'NONE', *, *, #2, .F. ) ;
#1416 = CARTESIAN_POINT ( 'NONE',  ( 14.62499999999999289, 0.000000000000000000, -7.750000000000015099 ) ) ;
#1417 = EDGE_LOOP ( 'NONE', ( #1264, #588, #1177, #1167 ) ) ;
#1418 = DIRECTION ( 'NONE',  ( 0.000000000000000000, 0.000000000000000000, -1.000000000000000000 ) ) ;
#1419 = VECTOR ( 'NONE', #566, 1000.000000000000000 ) ;
#1420 = ORIENTED_EDGE ( 'NONE', *, *, #364, .F. ) ;
#1421 = DIRECTION ( 'NONE',  ( 0.000000000000000000, 0.000000000000000000, 1.000000000000000000 ) ) ;
#1422 = PERSON_AND_ORGANIZATION ( #549, #383 ) ;
#1423 = ORIENTED_EDGE ( 'NONE', *, *, #1383, .F. ) ;
#1424 = AXIS2_PLACEMENT_3D ( 'NONE', #1210, #1431, #116 ) ;
#1425 = APPROVAL ( #742, 'UNSPECIFIED' ) ;
#1426 = AXIS2_PLACEMENT_3D ( 'NONE', #1059, #941, #1300 ) ;
#1427 = CIRCLE ( 'NONE', #1313, 8.000000002000000165 ) ;
#1428 = DIRECTION ( 'NONE',  ( -1.000000000000000000, 0.000000000000000000, 0.000000000000000000 ) ) ;
#1429 = ORIENTED_EDGE ( 'NONE', *, *, #818, .F. ) ;
#1430 = ADVANCED_FACE ( 'NONE', ( #1053 ), #929, .F. ) ;
#1431 = DIRECTION ( 'NONE',  ( -1.000000000000000000, -0.000000000000000000, -0.000000000000000000 ) ) ;
#1432 = CARTESIAN_POINT ( 'NONE',  ( 0.000000000000000000, 17.00000000000000000, 0.000000000000000000 ) ) ;
#1433 = PERSON_AND_ORGANIZATION ( #549, #383 ) ;
#1434 = ORIENTED_EDGE ( 'NONE', *, *, #1342, .T. ) ;
#1435 = FACE_OUTER_BOUND ( 'NONE', #139, .T. ) ;
#1436 = ORIENTED_EDGE ( 'NONE', *, *, #1140, .T. ) ;
#1437 = DIRECTION ( 'NONE',  ( -1.000000000000000000, -0.000000000000000000, -0.000000000000000000 ) ) ;
#1438 = LINE ( 'NONE', #1133, #643 ) ;
#1439 = ORIENTED_EDGE ( 'NONE', *, *, #297, .F. ) ;
#1440 = DIRECTION ( 'NONE',  ( -1.000000000000000000, 0.000000000000000000, 0.000000000000000000 ) ) ;
#1441 = ORIENTED_EDGE ( 'NONE', *, *, #403, .T. ) ;
ENDSEC;
END-ISO-10303-21;
