ISO-10303-21;
HEADER;
FILE_DESCRIPTION (( 'STEP AP203' ),
    '1' );
FILE_NAME ('Top Plate_Vf.STEP',
    '2026-03-21T02:06:50',
    ( '' ),
    ( '' ),
    'SwSTEP 2.0',
    'SolidWorks 2025',
    '' );
FILE_SCHEMA (( 'CONFIG_CONTROL_DESIGN' ));
ENDSEC;

DATA;
#1 = VECTOR ( 'NONE', #1976, 39.37007874015748143 ) ;
#2 = CIRCLE ( 'NONE', #1512, 0.5000000000000001110 ) ;
#3 = AXIS2_PLACEMENT_3D ( 'NONE', #788, #2543, #71 ) ;
#5 = ORIENTED_EDGE ( 'NONE', *, *, #1124, .F. ) ;
#4 = EDGE_LOOP ( 'NONE', ( #1708, #970 ) ) ;
#6 = CIRCLE ( 'NONE', #155, 0.2499999999999998057 ) ;
#7 = DIRECTION ( 'NONE',  ( 1.000000000000000000, 0.000000000000000000, 0.000000000000000000 ) ) ;
#8 = DIRECTION ( 'NONE',  ( -0.000000000000000000, -0.000000000000000000, 1.000000000000000000 ) ) ;
#9 = EDGE_LOOP ( 'NONE', ( #1887, #2421 ) ) ;
#10 = FACE_OUTER_BOUND ( 'NONE', #660, .T. ) ;
#11 = ORIENTED_EDGE ( 'NONE', *, *, #158, .T. ) ;
#12 = AXIS2_PLACEMENT_3D ( 'NONE', #613, #2572, #1091 ) ;
#13 = DIRECTION ( 'NONE',  ( -0.000000000000000000, -0.000000000000000000, 1.000000000000000000 ) ) ;
#14 = DIRECTION ( 'NONE',  ( -0.000000000000000000, -0.000000000000000000, 1.000000000000000000 ) ) ;
#15 = DIRECTION ( 'NONE',  ( -0.000000000000000000, 0.000000000000000000, 1.000000000000000000 ) ) ;
#16 = ORIENTED_EDGE ( 'NONE', *, *, #1349, .T. ) ;
#17 = ADVANCED_FACE ( 'NONE', ( #1856 ), #653, .F. ) ;
#19 = ORIENTED_EDGE ( 'NONE', *, *, #2707, .F. ) ;
#18 = ORIENTED_EDGE ( 'NONE', *, *, #1177, .F. ) ;
#20 = CARTESIAN_POINT ( 'NONE',  ( -4.000000000000000000, -3.124999999999999556, 0.2500000000000000000 ) ) ;
#21 = EDGE_CURVE ( 'NONE', #1516, #1435, #1296, .T. ) ;
#22 = CARTESIAN_POINT ( 'NONE',  ( -0.1250000000000006939, -5.310615137435790852E-16, 0.2500000000000000555 ) ) ;
#23 = ORIENTED_EDGE ( 'NONE', *, *, #2886, .F. ) ;
#24 = DIRECTION ( 'NONE',  ( 1.000000000000000000, 0.000000000000000000, 0.000000000000000000 ) ) ;
#25 = EDGE_LOOP ( 'NONE', ( #2524, #2678, #2522, #2215 ) ) ;
#26 = DIRECTION ( 'NONE',  ( -0.000000000000000000, -0.000000000000000000, -1.000000000000000000 ) ) ;
#27 = CARTESIAN_POINT ( 'NONE',  ( -0.1250000000000006939, -5.310615137435790852E-16, 0.000000000000000000 ) ) ;
#28 = LINE ( 'NONE', #2913, #1109 ) ;
#29 = DIRECTION ( 'NONE',  ( 1.000000000000000000, 0.000000000000000000, 0.000000000000000000 ) ) ;
#30 = FACE_BOUND ( 'NONE', #2916, .T. ) ;
#32 = ORIENTED_EDGE ( 'NONE', *, *, #1722, .T. ) ;
#31 = VERTEX_POINT ( 'NONE', #418 ) ;
#33 = DIRECTION ( 'NONE',  ( 0.000000000000000000, -0.000000000000000000, -1.000000000000000000 ) ) ;
#34 = EDGE_CURVE ( 'NONE', #1042, #1685, #2610, .T. ) ;
#35 = ORIENTED_EDGE ( 'NONE', *, *, #2791, .T. ) ;
#36 = DIRECTION ( 'NONE',  ( -0.000000000000000000, -0.000000000000000000, 1.000000000000000000 ) ) ;
#37 = ADVANCED_FACE ( 'NONE', ( #1384 ), #435, .T. ) ;
#38 = ADVANCED_FACE ( 'NONE', ( #1606 ), #2353, .F. ) ;
#39 = ORIENTED_EDGE ( 'NONE', *, *, #1723, .T. ) ;
#40 = DIRECTION ( 'NONE',  ( 1.000000000000000000, 0.000000000000000000, 0.000000000000000000 ) ) ;
#41 = VERTEX_POINT ( 'NONE', #385 ) ;
#42 = CARTESIAN_POINT ( 'NONE',  ( -6.652951651006830502, -0.6549911861141878289, -4.290509469491086136 ) ) ;
#43 = FACE_OUTER_BOUND ( 'NONE', #1317, .T. ) ;
#44 = AXIS2_PLACEMENT_3D ( 'NONE', #3095, #1107, #1581 ) ;
#45 = CARTESIAN_POINT ( 'NONE',  ( -0.6249999999999994449, -2.999999999999999556, 0.2500000000000000555 ) ) ;
#46 = DIRECTION ( 'NONE',  ( -0.000000000000000000, 0.000000000000000000, 1.000000000000000000 ) ) ;
#47 = AXIS2_PLACEMENT_3D ( 'NONE', #697, #26, #728 ) ;
#48 = ORIENTED_EDGE ( 'NONE', *, *, #2598, .F. ) ;
#49 = CARTESIAN_POINT ( 'NONE',  ( -3.255511132637301852, -0.3740157480314973415, 0.2500000000000000000 ) ) ;
#50 = VECTOR ( 'NONE', #293, 39.37007874015748143 ) ;
#51 = VERTEX_POINT ( 'NONE', #1168 ) ;
#52 = AXIS2_PLACEMENT_3D ( 'NONE', #2154, #1730, #2189 ) ;
#53 = CARTESIAN_POINT ( 'NONE',  ( -0.07578740157480508277, 2.500000000000000000, 0.000000000000000000 ) ) ;
#54 = ORIENTED_EDGE ( 'NONE', *, *, #2551, .F. ) ;
#55 = CARTESIAN_POINT ( 'NONE',  ( -1.213184216936841517E-31, -3.124999999999999112, 0.2500000000000000000 ) ) ;
#56 = ORIENTED_EDGE ( 'NONE', *, *, #1749, .T. ) ;
#57 = ADVANCED_FACE ( 'NONE', ( #1640 ), #136, .F. ) ;
#58 = EDGE_CURVE ( 'NONE', #616, #476, #782, .T. ) ;
#59 = CARTESIAN_POINT ( 'NONE',  ( -3.625000000000001776, 3.000000000000006217, 0.000000000000000000 ) ) ;
#60 = COORDINATED_UNIVERSAL_TIME_OFFSET ( 8, 0, .BEHIND. ) ;
#61 = DIRECTION ( 'NONE',  ( -0.000000000000000000, 0.000000000000000000, 1.000000000000000000 ) ) ;
#62 = EDGE_CURVE ( 'NONE', #1149, #720, #604, .T. ) ;
#63 = CIRCLE ( 'NONE', #805, 0.2362204699999995716 ) ;
#64 = CARTESIAN_POINT ( 'NONE',  ( 0.000000000000000000, 0.000000000000000000, 0.2500000000000000000 ) ) ;
#65 = EDGE_LOOP ( 'NONE', ( #603, #2752, #1590, #2715 ) ) ;
#66 = LINE ( 'NONE', #1026, #294 ) ;
#67 = DIRECTION ( 'NONE',  ( 1.000000000000000000, 0.000000000000000000, 0.000000000000000000 ) ) ;
#68 = ORIENTED_EDGE ( 'NONE', *, *, #1911, .T. ) ;
#69 = DIRECTION ( 'NONE',  ( 9.713237310806267989E-17, -1.000000000000000000, 0.000000000000000000 ) ) ;
#70 = ORIENTED_EDGE ( 'NONE', *, *, #2411, .F. ) ;
#71 = DIRECTION ( 'NONE',  ( 1.000000000000000000, 0.000000000000000000, 0.000000000000000000 ) ) ;
#72 = EDGE_CURVE ( 'NONE', #1435, #1516, #2310, .T. ) ;
#73 = EDGE_CURVE ( 'NONE', #441, #1554, #2962, .T. ) ;
#74 = DIRECTION ( 'NONE',  ( -0.000000000000000000, 0.000000000000000000, 1.000000000000000000 ) ) ;
#75 = EDGE_CURVE ( 'NONE', #2308, #1393, #2827, .T. ) ;
#76 = CARTESIAN_POINT ( 'NONE',  ( -1.213184216936841517E-31, -3.124999999999999112, 0.2500000000000000000 ) ) ;
#77 = ORIENTED_EDGE ( 'NONE', *, *, #2361, .F. ) ;
#78 = CARTESIAN_POINT ( 'NONE',  ( -0.5843750000000010880, 2.749999999999998668, 0.1000000000000000056 ) ) ;
#79 = CYLINDRICAL_SURFACE ( 'NONE', #1670, 0.2500000000000008882 ) ;
#80 = EDGE_LOOP ( 'NONE', ( #482, #926 ) ) ;
#81 = CARTESIAN_POINT ( 'NONE',  ( -3.155511132637301763, -1.410740871905350500E-15, 0.2500000000000000000 ) ) ;
#82 = ORIENTED_EDGE ( 'NONE', *, *, #863, .T. ) ;
#83 = DIRECTION ( 'NONE',  ( 1.000000000000000000, 0.000000000000000000, 0.000000000000000000 ) ) ;
#84 = DIRECTION ( 'NONE',  ( 1.000000000000000000, 1.365923996832131609E-16, 0.000000000000000000 ) ) ;
#85 = AXIS2_PLACEMENT_3D ( 'NONE', #49, #1772, #2485 ) ;
#86 = ORIENTED_EDGE ( 'NONE', *, *, #1100, .F. ) ;
#87 = PLANE ( 'NONE',  #704 ) ;
#88 = AXIS2_PLACEMENT_3D ( 'NONE', #2103, #1183, #1136 ) ;
#89 = CIRCLE ( 'NONE', #3084, 0.5000000000000001110 ) ;
#90 = EDGE_CURVE ( 'NONE', #331, #2256, #1666, .T. ) ;
#91 = CARTESIAN_POINT ( 'NONE',  ( -3.980270792139163127, 2.819286455383026802, 0.1000000000000000194 ) ) ;
#92 = ORIENTED_EDGE ( 'NONE', *, *, #310, .F. ) ;
#93 = DIRECTION ( 'NONE',  ( -0.000000000000000000, -0.000000000000000000, 1.000000000000000000 ) ) ;
#94 = LINE ( 'NONE', #532, #1263 ) ;
#95 = DIRECTION ( 'NONE',  ( -0.000000000000000000, -0.000000000000000000, 1.000000000000000000 ) ) ;
#96 = VECTOR ( 'NONE', #364, 39.37007874015748143 ) ;
#97 = AXIS2_PLACEMENT_3D ( 'NONE', #1652, #1397, #449 ) ;
#98 = ORIENTED_EDGE ( 'NONE', *, *, #1994, .F. ) ;
#99 = DIRECTION ( 'NONE',  ( 1.000000000000000000, 0.000000000000000000, 0.000000000000000000 ) ) ;
#100 = EDGE_LOOP ( 'NONE', ( #3124, #2820, #1936, #2700 ) ) ;
#101 = DIRECTION ( 'NONE',  ( 1.000000000000000000, 0.000000000000000000, 0.000000000000000000 ) ) ;
#102 = CIRCLE ( 'NONE', #798, 0.04921259842519634664 ) ;
#103 = AXIS2_PLACEMENT_3D ( 'NONE', #1738, #2723, #2695 ) ;
#104 = CARTESIAN_POINT ( 'NONE',  ( 0.000000000000000000, 0.000000000000000000, 0.1000000000000000056 ) ) ;
#105 = EDGE_LOOP ( 'NONE', ( #2888, #2086, #1468, #646 ) ) ;
#106 = CARTESIAN_POINT ( 'NONE',  ( -3.674212598425198983, 3.000000000000006217, 0.2500000000000000000 ) ) ;
#107 = DIRECTION ( 'NONE',  ( 1.000000000000000000, 0.000000000000000000, 0.000000000000000000 ) ) ;
#108 = AXIS2_PLACEMENT_3D ( 'NONE', #2873, #2662, #1692 ) ;
#109 = CARTESIAN_POINT ( 'NONE',  ( -6.440109085801751121, -0.06249999999999953509, -4.290509469491086136 ) ) ;
#110 = ORIENTED_EDGE ( 'NONE', *, *, #874, .T. ) ;
#111 = LINE ( 'NONE', #2982, #2672 ) ;
#112 = EDGE_CURVE ( 'NONE', #2484, #236, #1359, .T. ) ;
#113 = PLANE ( 'NONE',  #2940 ) ;
#114 = DIRECTION ( 'NONE',  ( 1.000000000000000000, 0.000000000000000000, 0.000000000000000000 ) ) ;
#115 = EDGE_LOOP ( 'NONE', ( #1967, #718, #2687, #2271 ) ) ;
#116 = CARTESIAN_POINT ( 'NONE',  ( -0.5843750000000010880, 2.749999999999998668, -4.724409448818897795E-07 ) ) ;
#117 = ORIENTED_EDGE ( 'NONE', *, *, #1929, .T. ) ;
#118 = DIRECTION ( 'NONE',  ( 1.000000000000000000, 0.000000000000000000, 0.000000000000000000 ) ) ;
#119 = DIRECTION ( 'NONE',  ( 0.000000000000000000, -0.000000000000000000, -1.000000000000000000 ) ) ;
#120 = FACE_OUTER_BOUND ( 'NONE', #2815, .T. ) ;
#121 = FACE_OUTER_BOUND ( 'NONE', #2545, .T. ) ;
#122 = CIRCLE ( 'NONE', #1891, 0.2500000000000003331 ) ;
#123 = FACE_OUTER_BOUND ( 'NONE', #2762, .T. ) ;
#124 = ORIENTED_EDGE ( 'NONE', *, *, #1561, .T. ) ;
#125 = CARTESIAN_POINT ( 'NONE',  ( 5.226440785060678430E-16, 2.874999999999999112, 0.1000000000000000194 ) ) ;
#126 = EDGE_CURVE ( 'NONE', #273, #2182, #1180, .T. ) ;
#127 = DIRECTION ( 'NONE',  ( -9.713237310806267989E-17, -1.000000000000000000, 0.000000000000000000 ) ) ;
#128 = DIRECTION ( 'NONE',  ( -0.000000000000000000, -0.000000000000000000, 1.000000000000000000 ) ) ;
#129 = EDGE_LOOP ( 'NONE', ( #583, #3133, #564, #2010 ) ) ;
#130 = DIRECTION ( 'NONE',  ( -0.000000000000000000, 0.000000000000000000, 1.000000000000000000 ) ) ;
#131 = ORIENTED_EDGE ( 'NONE', *, *, #362, .T. ) ;
#132 = EDGE_CURVE ( 'NONE', #2921, #3079, #986, .T. ) ;
#133 = CARTESIAN_POINT ( 'NONE',  ( -0.4999999999999998335, -2.624999999999999556, -4.290509469491086136 ) ) ;
#134 = ORIENTED_EDGE ( 'NONE', *, *, #285, .T. ) ;
#135 = AXIS2_PLACEMENT_3D ( 'NONE', #272, #1710, #2681 ) ;
#136 = CYLINDRICAL_SURFACE ( 'NONE', #1496, 0.2499999999999998057 ) ;
#137 = CARTESIAN_POINT ( 'NONE',  ( -6.495621510046174052, -0.4607047307311612494, 0.1000000000000000194 ) ) ;
#138 = CYLINDRICAL_SURFACE ( 'NONE', #1219, 0.2499999999999998057 ) ;
#139 = DIRECTION ( 'NONE',  ( 0.000000000000000000, 1.000000000000000000, 0.000000000000000000 ) ) ;
#140 = EDGE_LOOP ( 'NONE', ( #1594, #2682, #2156, #1334 ) ) ;
#141 = CARTESIAN_POINT ( 'NONE',  ( -3.937305639802034740, 0.06249999999999929917, 0.1000000000000000194 ) ) ;
#142 = CIRCLE ( 'NONE', #1907, 0.2499999999999998057 ) ;
#143 = CYLINDRICAL_SURFACE ( 'NONE', #1017, 0.5000000000000001110 ) ;
#144 = ORIENTED_EDGE ( 'NONE', *, *, #3003, .T. ) ;
#145 = CARTESIAN_POINT ( 'NONE',  ( -0.1250000000000016653, 2.500000000000000000, 0.2500000000000000555 ) ) ;
#146 = VERTEX_POINT ( 'NONE', #2147 ) ;
#147 = CARTESIAN_POINT ( 'NONE',  ( -2.573716625472568964, 0.06249999999999943795, 0.1000000000000000194 ) ) ;
#148 = CIRCLE ( 'NONE', #2473, 0.2499999999999998890 ) ;
#149 = AXIS2_PLACEMENT_3D ( 'NONE', #2804, #1831, #389 ) ;
#150 = CIRCLE ( 'NONE', #702, 0.05314960629921275381 ) ;
#151 = EDGE_CURVE ( 'NONE', #778, #403, #2399, .T. ) ;
#152 = ORIENTED_EDGE ( 'NONE', *, *, #285, .F. ) ;
#153 = ORIENTED_EDGE ( 'NONE', *, *, #2886, .T. ) ;
#154 = AXIS2_PLACEMENT_3D ( 'NONE', #27, #510, #2449 ) ;
#155 = AXIS2_PLACEMENT_3D ( 'NONE', #824, #859, #2802 ) ;
#156 = CARTESIAN_POINT ( 'NONE',  ( -3.625000000000001776, 3.000000000000006217, 0.2500000000000000555 ) ) ;
#157 = DIRECTION ( 'NONE',  ( 0.000000000000000000, -0.000000000000000000, -1.000000000000000000 ) ) ;
#158 = EDGE_CURVE ( 'NONE', #381, #1185, #2896, .T. ) ;
#159 = DIRECTION ( 'NONE',  ( 1.000000000000000000, 0.000000000000000000, 0.000000000000000000 ) ) ;
#160 = ORIENTED_EDGE ( 'NONE', *, *, #1083, .T. ) ;
#161 = DIRECTION ( 'NONE',  ( -0.000000000000000000, -0.000000000000000000, -1.000000000000000000 ) ) ;
#162 = CIRCLE ( 'NONE', #2693, 0.5000000000000001110 ) ;
#163 = DIRECTION ( 'NONE',  ( 1.000000000000000000, 0.000000000000000000, 0.000000000000000000 ) ) ;
#164 = DIRECTION ( 'NONE',  ( 1.000000000000000000, 0.000000000000000000, 0.000000000000000000 ) ) ;
#165 = ORIENTED_EDGE ( 'NONE', *, *, #1096, .T. ) ;
#166 = DIRECTION ( 'NONE',  ( -9.713237310806267989E-17, 1.000000000000000000, 0.000000000000000000 ) ) ;
#167 = ORIENTED_EDGE ( 'NONE', *, *, #1138, .T. ) ;
#168 = ORIENTED_EDGE ( 'NONE', *, *, #2942, .T. ) ;
#169 = CARTESIAN_POINT ( 'NONE',  ( -2.573716625472568964, -0.06249999999999929917, 0.1000000000000000194 ) ) ;
#170 = EDGE_CURVE ( 'NONE', #1267, #3057, #3119, .T. ) ;
#171 = CARTESIAN_POINT ( 'NONE',  ( -1.625000000000001998, 3.000000000000000888, 0.2500000000000000000 ) ) ;
#172 = VECTOR ( 'NONE', #2229, 39.37007874015748143 ) ;
#173 = ORIENTED_EDGE ( 'NONE', *, *, #797, .F. ) ;
#174 = ADVANCED_FACE ( 'NONE', ( #2447 ), #277, .T. ) ;
#175 = CARTESIAN_POINT ( 'NONE',  ( -3.755511132637301408, -2.875000000000000000, 0.2499999999999998057 ) ) ;
#176 = CARTESIAN_POINT ( 'NONE',  ( -0.2499999999999998612, -2.624999999999999556, -4.290509469491086136 ) ) ;
#177 = DIRECTION ( 'NONE',  ( 1.000000000000000000, 0.000000000000000000, 0.000000000000000000 ) ) ;
#178 = CARTESIAN_POINT ( 'NONE',  ( -6.440109085801751121, 0.3124999999999998335, -4.290509469491086136 ) ) ;
#179 = VERTEX_POINT ( 'NONE', #2135 ) ;
#180 = CARTESIAN_POINT ( 'NONE',  ( -6.440109085801751121, -0.3124999999999998335, 0.1000000000000000194 ) ) ;
#181 = VERTEX_POINT ( 'NONE', #228 ) ;
#182 = CARTESIAN_POINT ( 'NONE',  ( -0.1250000000000016653, 2.500000000000000000, 0.2500000000000000000 ) ) ;
#183 = DIRECTION ( 'NONE',  ( -0.000000000000000000, -0.000000000000000000, 1.000000000000000000 ) ) ;
#184 = CIRCLE ( 'NONE', #2006, 0.2362204699999995716 ) ;
#185 = ORIENTED_EDGE ( 'NONE', *, *, #1540, .T. ) ;
#186 = LINE ( 'NONE', #1646, #2466 ) ;
#187 = CARTESIAN_POINT ( 'NONE',  ( -3.255511132637301852, 2.625000000000000000, 0.2500000000000000000 ) ) ;
#188 = EDGE_CURVE ( 'NONE', #1116, #211, #1614, .T. ) ;
#189 = EDGE_CURVE ( 'NONE', #2256, #1782, #934, .T. ) ;
#190 = AXIS2_PLACEMENT_3D ( 'NONE', #1310, #827, #2711 ) ;
#191 = DIRECTION ( 'NONE',  ( -0.000000000000000000, -0.000000000000000000, 1.000000000000000000 ) ) ;
#192 = ORGANIZATION ( 'UNSPECIFIED', 'UNSPECIFIED', '' ) ;
#193 = ADVANCED_FACE ( 'NONE', ( #2656 ), #921, .T. ) ;
#194 = CIRCLE ( 'NONE', #1965, 0.2499999999999998057 ) ;
#195 = DIRECTION ( 'NONE',  ( 1.000000000000000000, 0.000000000000000000, 0.000000000000000000 ) ) ;
#196 = VERTEX_POINT ( 'NONE', #1904 ) ;
#197 = DIRECTION ( 'NONE',  ( 1.000000000000000000, 0.000000000000000000, 0.000000000000000000 ) ) ;
#198 = ORIENTED_EDGE ( 'NONE', *, *, #340, .F. ) ;
#199 = DIRECTION ( 'NONE',  ( 1.000000000000000000, 0.000000000000000000, 0.000000000000000000 ) ) ;
#200 = CIRCLE ( 'NONE', #1969, 0.04921259842519662420 ) ;
#201 = DIRECTION ( 'NONE',  ( -0.000000000000000000, 0.000000000000000000, 1.000000000000000000 ) ) ;
#202 = DIRECTION ( 'NONE',  ( -0.000000000000000000, -0.000000000000000000, 1.000000000000000000 ) ) ;
#203 = AXIS2_PLACEMENT_3D ( 'NONE', #1815, #2076, #159 ) ;
#204 = AXIS2_PLACEMENT_3D ( 'NONE', #2219, #1741, #2712 ) ;
#205 = ORIENTED_EDGE ( 'NONE', *, *, #2235, .F. ) ;
#206 = DIRECTION ( 'NONE',  ( -1.000000000000000000, -3.087581329339791589E-16, 0.000000000000000000 ) ) ;
#207 = VERTEX_POINT ( 'NONE', #1444 ) ;
#208 = CYLINDRICAL_SURFACE ( 'NONE', #1101, 0.8549999999999995381 ) ;
#209 = EDGE_CURVE ( 'NONE', #2628, #2478, #698, .T. ) ;
#210 = LINE ( 'NONE', #2407, #732 ) ;
#211 = VERTEX_POINT ( 'NONE', #1460 ) ;
#212 = CARTESIAN_POINT ( 'NONE',  ( -1.625000000000001998, 3.000000000000000888, 0.000000000000000000 ) ) ;
#213 = EDGE_CURVE ( 'NONE', #1116, #468, #871, .T. ) ;
#214 = EDGE_LOOP ( 'NONE', ( #2557, #2760 ) ) ;
#215 = DIRECTION ( 'NONE',  ( 0.000000000000000000, -0.000000000000000000, -1.000000000000000000 ) ) ;
#216 = CARTESIAN_POINT ( 'NONE',  ( -1.674212598425195875, -3.000000000000003109, 0.2500000000000000000 ) ) ;
#217 = LINE ( 'NONE', #1628, #841 ) ;
#218 = VERTEX_POINT ( 'NONE', #451 ) ;
#219 = DIRECTION ( 'NONE',  ( 1.000000000000000000, -0.000000000000000000, 0.000000000000000000 ) ) ;
#220 = ORIENTED_EDGE ( 'NONE', *, *, #1695, .T. ) ;
#221 = DIRECTION ( 'NONE',  ( -0.000000000000000000, -0.000000000000000000, 1.000000000000000000 ) ) ;
#222 = VECTOR ( 'NONE', #1896, 39.37007874015748143 ) ;
#223 = CARTESIAN_POINT ( 'NONE',  ( -7.500000000000000000, -7.409113134841469265E-17, 0.2500000000000000000 ) ) ;
#224 = ORIENTED_EDGE ( 'NONE', *, *, #3103, .F. ) ;
#225 = APPROVAL ( #2690, 'UNSPECIFIED' ) ;
#226 = CARTESIAN_POINT ( 'NONE',  ( -7.500000000000000000, 7.409113134841469265E-17, 0.2500000000000000000 ) ) ;
#227 = ORIENTED_EDGE ( 'NONE', *, *, #3138, .T. ) ;
#228 = CARTESIAN_POINT ( 'NONE',  ( -0.5000000000000013323, -0.06249999999999858447, 0.1000000000000000194 ) ) ;
#229 = EDGE_CURVE ( 'NONE', #2344, #2771, #1211, .T. ) ;
#230 = DIRECTION ( 'NONE',  ( -0.000000000000000000, 0.000000000000000000, 1.000000000000000000 ) ) ;
#231 = CARTESIAN_POINT ( 'NONE',  ( -2.573716625472568964, 0.3124999999999993339, 0.2500000000000000000 ) ) ;
#232 = LINE ( 'NONE', #1386, #692 ) ;
#233 = ORIENTED_EDGE ( 'NONE', *, *, #706, .T. ) ;
#234 = VECTOR ( 'NONE', #1079, 39.37007874015748143 ) ;
#236 = VERTEX_POINT ( 'NONE', #2865 ) ;
#235 = EDGE_LOOP ( 'NONE', ( #1037, #1816, #1489, #1098 ) ) ;
#237 = CARTESIAN_POINT ( 'NONE',  ( -7.342519680000000548, 0.000000000000000000, 0.2500000000000000000 ) ) ;
#238 = FACE_OUTER_BOUND ( 'NONE', #65, .T. ) ;
#239 = EDGE_LOOP ( 'NONE', ( #1412, #2869 ) ) ;
#240 = AXIS2_PLACEMENT_3D ( 'NONE', #1013, #779, #2278 ) ;
#241 = FACE_OUTER_BOUND ( 'NONE', #885, .T. ) ;
#242 = AXIS2_PLACEMENT_3D ( 'NONE', #231, #2835, #657 ) ;
#243 = VERTEX_POINT ( 'NONE', #971 ) ;
#244 = CARTESIAN_POINT ( 'NONE',  ( -6.722856462524415377, 0.3564728911992242066, -4.290509469491086136 ) ) ;
#245 = LINE ( 'NONE', #423, #847 ) ;
#246 = DIRECTION ( 'NONE',  ( -0.000000000000000000, -0.000000000000000000, -1.000000000000000000 ) ) ;
#247 = APPROVAL_DATE_TIME ( #717, #225 ) ;
#248 = EDGE_CURVE ( 'NONE', #1297, #2478, #2911, .T. ) ;
#249 = ADVANCED_FACE ( 'NONE', ( #3005 ), #1490, .F. ) ;
#250 = ORIENTED_EDGE ( 'NONE', *, *, #2218, .T. ) ;
#251 = VECTOR ( 'NONE', #492, 39.37007874015748143 ) ;
#252 = AXIS2_PLACEMENT_3D ( 'NONE', #2047, #1775, #563 ) ;
#253 = AXIS2_PLACEMENT_3D ( 'NONE', #2209, #263, #1492 ) ;
#255 = VERTEX_POINT ( 'NONE', #308 ) ;
#254 = ORIENTED_EDGE ( 'NONE', *, *, #2594, .T. ) ;
#256 = AXIS2_PLACEMENT_3D ( 'NONE', #2709, #297, #1515 ) ;
#257 = CARTESIAN_POINT ( 'NONE',  ( -1.575787401574802793, -3.000000000000003109, 0.2500000000000000555 ) ) ;
#258 = DIRECTION ( 'NONE',  ( 1.000000000000000000, 0.000000000000000000, 0.000000000000000000 ) ) ;
#259 = ORIENTED_EDGE ( 'NONE', *, *, #2067, .F. ) ;
#260 = DIRECTION ( 'NONE',  ( -0.000000000000000000, -0.000000000000000000, 1.000000000000000000 ) ) ;
#261 = ORIENTED_EDGE ( 'NONE', *, *, #473, .T. ) ;
#262 = DIRECTION ( 'NONE',  ( -0.000000000000000000, -0.000000000000000000, 1.000000000000000000 ) ) ;
#263 = DIRECTION ( 'NONE',  ( -0.000000000000000000, -0.000000000000000000, -1.000000000000000000 ) ) ;
#264 = LINE ( 'NONE', #2193, #2425 ) ;
#265 = EDGE_CURVE ( 'NONE', #1459, #243, #2944, .T. ) ;
#266 = EDGE_CURVE ( 'NONE', #1208, #2696, #1053, .T. ) ;
#267 = EDGE_CURVE ( 'NONE', #1088, #778, #148, .T. ) ;
#268 = FACE_BOUND ( 'NONE', #1571, .T. ) ;
#270 = EDGE_LOOP ( 'NONE', ( #1389, #968, #2756, #2198 ) ) ;
#269 = ORIENTED_EDGE ( 'NONE', *, *, #902, .T. ) ;
#271 = CARTESIAN_POINT ( 'NONE',  ( -2.955203117947985625, 3.649370268260074823, 0.1000000000000000194 ) ) ;
#272 = CARTESIAN_POINT ( 'NONE',  ( -3.255511132637301852, 0.000000000000000000, -4.290509469491086136 ) ) ;
#273 = VERTEX_POINT ( 'NONE', #1271 ) ;
#274 = LINE ( 'NONE', #999, #1010 ) ;
#275 = CIRCLE ( 'NONE', #519, 0.2499999999999998057 ) ;
#276 = EDGE_LOOP ( 'NONE', ( #1944, #220, #2676, #1239 ) ) ;
#277 = PLANE ( 'NONE',  #1814 ) ;
#278 = ORIENTED_EDGE ( 'NONE', *, *, #2374, .T. ) ;
#279 = LINE ( 'NONE', #42, #1870 ) ;
#280 = CYLINDRICAL_SURFACE ( 'NONE', #2020, 0.2499999999999998057 ) ;
#281 = CARTESIAN_POINT ( 'NONE',  ( -2.800981461194146593, -0.2083333333333335369, -4.290509469491086136 ) ) ;
#282 = DIRECTION ( 'NONE',  ( 1.000000000000000000, 0.000000000000000000, 0.000000000000000000 ) ) ;
#283 = ORIENTED_EDGE ( 'NONE', *, *, #2570, .F. ) ;
#284 = CYLINDRICAL_SURFACE ( 'NONE', #2823, 0.04921259842519662420 ) ;
#285 = EDGE_CURVE ( 'NONE', #669, #2713, #2123, .T. ) ;
#286 = AXIS2_PLACEMENT_3D ( 'NONE', #2298, #1189, #693 ) ;
#287 = ORIENTED_EDGE ( 'NONE', *, *, #1539, .T. ) ;
#288 = FACE_OUTER_BOUND ( 'NONE', #1068, .T. ) ;
#289 = ADVANCED_FACE ( 'NONE', ( #785 ), #536, .T. ) ;
#290 = ORIENTED_EDGE ( 'NONE', *, *, #960, .T. ) ;
#291 = DIRECTION ( 'NONE',  ( -0.000000000000000000, -0.000000000000000000, 1.000000000000000000 ) ) ;
#292 = VERTEX_POINT ( 'NONE', #1002 ) ;
#293 = DIRECTION ( 'NONE',  ( -0.000000000000000000, -0.000000000000000000, 1.000000000000000000 ) ) ;
#294 = VECTOR ( 'NONE', #1073, 39.37007874015748143 ) ;
#295 = CC_DESIGN_APPROVAL ( #2743, ( #2721 ) ) ;
#296 = LINE ( 'NONE', #1023, #2754 ) ;
#297 = DIRECTION ( 'NONE',  ( 0.000000000000000000, -0.000000000000000000, -1.000000000000000000 ) ) ;
#298 = VECTOR ( 'NONE', #13, 39.37007874015748143 ) ;
#299 = ORIENTED_EDGE ( 'NONE', *, *, #2803, .F. ) ;
#300 = VECTOR ( 'NONE', #829, 39.37007874015748143 ) ;
#301 = DIRECTION ( 'NONE',  ( -0.000000000000000000, -0.000000000000000000, 1.000000000000000000 ) ) ;
#302 = VECTOR ( 'NONE', #329, 39.37007874015748143 ) ;
#303 = AXIS2_PLACEMENT_3D ( 'NONE', #1588, #855, #197 ) ;
#304 = VECTOR ( 'NONE', #809, 39.37007874015748143 ) ;
#305 = EDGE_CURVE ( 'NONE', #3088, #1674, #1108, .T. ) ;
#306 = DIRECTION ( 'NONE',  ( -0.000000000000000000, -0.000000000000000000, -1.000000000000000000 ) ) ;
#307 = ORIENTED_EDGE ( 'NONE', *, *, #310, .T. ) ;
#308 = CARTESIAN_POINT ( 'NONE',  ( -6.652951651006830502, -0.6549911861141878289, 0.2500000000000000000 ) ) ;
#309 = EDGE_LOOP ( 'NONE', ( #2027, #2872, #2567, #1600 ) ) ;
#310 = EDGE_CURVE ( 'NONE', #469, #2882, #2461, .T. ) ;
#311 = FACE_OUTER_BOUND ( 'NONE', #522, .T. ) ;
#312 = DIRECTION ( 'NONE',  ( -0.000000000000000000, -0.000000000000000000, 1.000000000000000000 ) ) ;
#313 = DIRECTION ( 'NONE',  ( 1.000000000000000000, 0.000000000000000000, 0.000000000000000000 ) ) ;
#314 = VERTEX_POINT ( 'NONE', #2701 ) ;
#315 = DIRECTION ( 'NONE',  ( 1.000000000000000000, 0.000000000000000000, 0.000000000000000000 ) ) ;
#316 = LINE ( 'NONE', #1015, #1868 ) ;
#317 = ADVANCED_FACE ( 'NONE', ( #2237 ), #1030, .F. ) ;
#318 = ORIENTED_EDGE ( 'NONE', *, *, #1100, .T. ) ;
#319 = DIRECTION ( 'NONE',  ( 1.000000000000000000, 0.000000000000000000, 0.000000000000000000 ) ) ;
#320 = EDGE_LOOP ( 'NONE', ( #2249, #940, #259, #2185 ) ) ;
#321 = CARTESIAN_POINT ( 'NONE',  ( -6.679903410280993548, -0.2417986425339377632, -4.290509469491086136 ) ) ;
#322 = EDGE_CURVE ( 'NONE', #1457, #381, #200, .T. ) ;
#323 = DIRECTION ( 'NONE',  ( 1.000000000000000000, 0.000000000000000000, 0.000000000000000000 ) ) ;
#324 = ORIENTED_EDGE ( 'NONE', *, *, #3083, .T. ) ;
#325 = FACE_OUTER_BOUND ( 'NONE', #276, .T. ) ;
#326 = FACE_BOUND ( 'NONE', #566, .T. ) ;
#327 = VERTEX_POINT ( 'NONE', #2523 ) ;
#328 = CARTESIAN_POINT ( 'NONE',  ( -0.1742125984251961524, -2.500000000000000000, 0.000000000000000000 ) ) ;
#329 = DIRECTION ( 'NONE',  ( 1.000000000000000000, -0.000000000000000000, 0.000000000000000000 ) ) ;
#330 = CARTESIAN_POINT ( 'NONE',  ( -2.800981461194146593, 0.2083333333333333981, -4.290509469491086136 ) ) ;
#331 = VERTEX_POINT ( 'NONE', #81 ) ;
#332 = CARTESIAN_POINT ( 'NONE',  ( -0.6250000000000018874, 2.999999999999998668, 0.2500000000000000000 ) ) ;
#333 = ORIENTED_EDGE ( 'NONE', *, *, #959, .T. ) ;
#334 = FACE_BOUND ( 'NONE', #2252, .T. ) ;
#335 = DIRECTION ( 'NONE',  ( 1.000000000000000000, 0.000000000000000000, 0.000000000000000000 ) ) ;
#336 = AXIS2_PLACEMENT_3D ( 'NONE', #2079, #1863, #2550 ) ;
#337 = VERTEX_POINT ( 'NONE', #1553 ) ;
#338 = DIRECTION ( 'NONE',  ( -0.7771458215321032093, -0.6293205638426191406, 0.000000000000000000 ) ) ;
#339 = DIRECTION ( 'NONE',  ( -0.000000000000000000, -0.000000000000000000, 1.000000000000000000 ) ) ;
#340 = EDGE_CURVE ( 'NONE', #949, #2790, #2629, .T. ) ;
#341 = EDGE_CURVE ( 'NONE', #1140, #3115, #802, .T. ) ;
#342 = VECTOR ( 'NONE', #2581, 39.37007874015748143 ) ;
#343 = DIRECTION ( 'NONE',  ( -0.000000000000000000, -0.000000000000000000, 1.000000000000000000 ) ) ;
#344 = ORIENTED_EDGE ( 'NONE', *, *, #744, .T. ) ;
#345 = DIRECTION ( 'NONE',  ( 1.000000000000000000, 0.000000000000000000, 0.000000000000000000 ) ) ;
#346 = DIRECTION ( 'NONE',  ( 0.000000000000000000, -0.000000000000000000, -1.000000000000000000 ) ) ;
#347 = CYLINDRICAL_SURFACE ( 'NONE', #1309, 0.2500000000000008882 ) ;
#348 = AXIS2_PLACEMENT_3D ( 'NONE', #1247, #3002, #597 ) ;
#349 = AXIS2_PLACEMENT_3D ( 'NONE', #2459, #518, #24 ) ;
#350 = ORIENTED_EDGE ( 'NONE', *, *, #2867, .F. ) ;
#351 = DIRECTION ( 'NONE',  ( 1.000000000000000000, 0.000000000000000000, 0.000000000000000000 ) ) ;
#352 = ORIENTED_EDGE ( 'NONE', *, *, #1539, .F. ) ;
#353 = CARTESIAN_POINT ( 'NONE',  ( 0.000000000000000000, 0.000000000000000000, 0.000000000000000000 ) ) ;
#354 = DIRECTION ( 'NONE',  ( 1.000000000000000000, 0.000000000000000000, 0.000000000000000000 ) ) ;
#355 = DIRECTION ( 'NONE',  ( 1.000000000000000000, 0.000000000000000000, 0.000000000000000000 ) ) ;
#356 = LINE ( 'NONE', #1322, #2431 ) ;
#357 = PRODUCT_RELATED_PRODUCT_CATEGORY ( 'detail', '', ( #2486 ) ) ;
#358 = AXIS2_PLACEMENT_3D ( 'NONE', #2186, #2918, #516 ) ;
#359 = CYLINDRICAL_SURFACE ( 'NONE', #850, 0.05314960629921275381 ) ;
#360 = EDGE_LOOP ( 'NONE', ( #1729, #2655, #2364, #1689 ) ) ;
#361 = CARTESIAN_POINT ( 'NONE',  ( -0.1249999999999995559, -2.500000000000000000, 0.000000000000000000 ) ) ;
#362 = EDGE_CURVE ( 'NONE', #181, #367, #758, .T. ) ;
#363 = CARTESIAN_POINT ( 'NONE',  ( -3.570471762558562023, -1.422987339896824252E-15, 0.2500000000000000000 ) ) ;
#364 = DIRECTION ( 'NONE',  ( -0.000000000000000000, -0.000000000000000000, 1.000000000000000000 ) ) ;
#365 = ORIENTED_EDGE ( 'NONE', *, *, #2598, .T. ) ;
#366 = DIRECTION ( 'NONE',  ( -0.000000000000000000, -0.000000000000000000, 1.000000000000000000 ) ) ;
#367 = VERTEX_POINT ( 'NONE', #1536 ) ;
#368 = CARTESIAN_POINT ( 'NONE',  ( -1.625000000000001998, 3.000000000000000888, 0.2500000000000000000 ) ) ;
#369 = VERTEX_POINT ( 'NONE', #55 ) ;
#370 = EDGE_LOOP ( 'NONE', ( #1003, #1361, #77, #1498 ) ) ;
#371 = DIRECTION ( 'NONE',  ( -0.6293205638426192516, 0.7771458215321034313, 0.000000000000000000 ) ) ;
#372 = FACE_OUTER_BOUND ( 'NONE', #1179, .T. ) ;
#373 = VECTOR ( 'NONE', #895, 39.37007874015748143 ) ;
#374 = CARTESIAN_POINT ( 'NONE',  ( -3.155511132637301763, -1.410740871905350500E-15, 0.000000000000000000 ) ) ;
#375 = EDGE_LOOP ( 'NONE', ( #643, #2458, #98, #2065 ) ) ;
#376 = CARTESIAN_POINT ( 'NONE',  ( -1.674212598425195875, -3.000000000000003109, 0.000000000000000000 ) ) ;
#377 = FACE_OUTER_BOUND ( 'NONE', #1521, .T. ) ;
#378 = EDGE_CURVE ( 'NONE', #1779, #892, #2504, .T. ) ;
#379 = ORIENTED_EDGE ( 'NONE', *, *, #1736, .T. ) ;
#380 = LINE ( 'NONE', #2829, #2716 ) ;
#381 = VERTEX_POINT ( 'NONE', #1063 ) ;
#382 = DIRECTION ( 'NONE',  ( -0.000000000000000000, 0.000000000000000000, 1.000000000000000000 ) ) ;
#383 = EDGE_CURVE ( 'NONE', #741, #207, #2034, .T. ) ;
#384 = VERTEX_POINT ( 'NONE', #1244 ) ;
#385 = CARTESIAN_POINT ( 'NONE',  ( -3.980270792139163127, 2.819286455383025913, 0.2500000000000000000 ) ) ;
#386 = LINE ( 'NONE', #106, #642 ) ;
#387 = DIRECTION ( 'NONE',  ( 1.000000000000000000, 0.000000000000000000, 0.000000000000000000 ) ) ;
#388 = VECTOR ( 'NONE', #3015, 39.37007874015748143 ) ;
#389 = DIRECTION ( 'NONE',  ( 1.000000000000000000, -8.741913579725631255E-15, 0.000000000000000000 ) ) ;
#390 = VERTEX_POINT ( 'NONE', #1971 ) ;
#391 = DIRECTION ( 'NONE',  ( -0.000000000000000000, -0.000000000000000000, 1.000000000000000000 ) ) ;
#392 = VECTOR ( 'NONE', #2658, 39.37007874015748143 ) ;
#393 = ORIENTED_EDGE ( 'NONE', *, *, #2868, .F. ) ;
#394 = CYLINDRICAL_SURFACE ( 'NONE', #607, 0.2500000000000003331 ) ;
#395 = DIRECTION ( 'NONE',  ( 0.000000000000000000, -0.000000000000000000, -1.000000000000000000 ) ) ;
#396 = EDGE_LOOP ( 'NONE', ( #2698, #1825, #2243, #1324 ) ) ;
#397 = EDGE_CURVE ( 'NONE', #51, #2468, #1762, .T. ) ;
#398 = EDGE_CURVE ( 'NONE', #1116, #599, #1007, .T. ) ;
#399 = CARTESIAN_POINT ( 'NONE',  ( -0.5000000000000011102, 2.749999999999998668, -4.724409448818897795E-07 ) ) ;
#400 = VECTOR ( 'NONE', #2625, 39.37007874015748143 ) ;
#401 = AXIS2_PLACEMENT_3D ( 'NONE', #1105, #3048, #2515 ) ;
#402 = VECTOR ( 'NONE', #2009, 39.37007874015748143 ) ;
#403 = VERTEX_POINT ( 'NONE', #632 ) ;
#404 = EDGE_LOOP ( 'NONE', ( #1049, #1884, #996, #2283 ) ) ;
#405 = EDGE_CURVE ( 'NONE', #669, #1440, #1409, .T. ) ;
#406 = CIRCLE ( 'NONE', #1618, 0.05314960629921275381 ) ;
#407 = VECTOR ( 'NONE', #558, 39.37007874015748143 ) ;
#408 = CARTESIAN_POINT ( 'NONE',  ( -0.5000000000000016653, -2.874999999999999112, 0.1000000000000000194 ) ) ;
#409 = DIRECTION ( 'NONE',  ( -0.000000000000000000, -0.000000000000000000, -1.000000000000000000 ) ) ;
#410 = ORIENTED_EDGE ( 'NONE', *, *, #341, .F. ) ;
#411 = CARTESIAN_POINT ( 'NONE',  ( -0.6742125984251983173, 2.999999999999998668, 0.2500000000000000555 ) ) ;
#412 = CARTESIAN_POINT ( 'NONE',  ( 1.193844745517645988E-17, 0.06249999999999854977, 0.2500000000000000000 ) ) ;
#413 = LINE ( 'NONE', #2333, #662 ) ;
#414 = FACE_OUTER_BOUND ( 'NONE', #1381, .T. ) ;
#415 = ORIENTED_EDGE ( 'NONE', *, *, #305, .T. ) ;
#416 = LINE ( 'NONE', #1131, #497 ) ;
#417 = ORIENTED_EDGE ( 'NONE', *, *, #1736, .F. ) ;
#418 = CARTESIAN_POINT ( 'NONE',  ( -6.679903410280993548, 0.2417986425339372913, 0.2500000000000000000 ) ) ;
#419 = CARTESIAN_POINT ( 'NONE',  ( -7.001364847079792675, 0.6945415641070313839, 0.2500000000000000000 ) ) ;
#420 = APPROVAL_STATUS ( 'not_yet_approved' ) ;
#421 = EDGE_CURVE ( 'NONE', #292, #931, #2971, .T. ) ;
#422 = ADVANCED_FACE ( 'NONE', ( #414 ), #665, .F. ) ;
#423 = CARTESIAN_POINT ( 'NONE',  ( 0.000000000000000000, 2.875000000000000000, 0.1000000000000000194 ) ) ;
#424 = AXIS2_PLACEMENT_3D ( 'NONE', #1541, #586, #2268 ) ;
#425 = ORIENTED_EDGE ( 'NONE', *, *, #2201, .F. ) ;
#426 = CARTESIAN_POINT ( 'NONE',  ( -0.5757874015748055685, 2.999999999999998668, 0.2500000000000000555 ) ) ;
#427 = EDGE_CURVE ( 'NONE', #2444, #1259, #184, .T. ) ;
#428 = CARTESIAN_POINT ( 'NONE',  ( -2.887400896416829621, 0.000000000000000000, 0.000000000000000000 ) ) ;
#429 = ORIENTED_EDGE ( 'NONE', *, *, #2765, .T. ) ;
#430 = DIRECTION ( 'NONE',  ( -0.000000000000000000, -0.000000000000000000, 1.000000000000000000 ) ) ;
#431 = FACE_OUTER_BOUND ( 'NONE', #1760, .T. ) ;
#432 = ORIENTED_EDGE ( 'NONE', *, *, #2808, .F. ) ;
#433 = DIRECTION ( 'NONE',  ( 1.000000000000000000, 0.000000000000000000, 0.000000000000000000 ) ) ;
#434 = EDGE_LOOP ( 'NONE', ( #2446, #1080, #713, #793 ) ) ;
#435 = PLANE ( 'NONE',  #1703 ) ;
#436 = CARTESIAN_POINT ( 'NONE',  ( -2.573716625472568964, -0.3124999999999993339, 0.2500000000000000000 ) ) ;
#437 = PERSON_AND_ORGANIZATION ( #1979, #192 ) ;
#438 = AXIS2_PLACEMENT_3D ( 'NONE', #178, #2315, #2812 ) ;
#439 = ADVANCED_FACE ( 'NONE', ( #3035 ), #1380, .F. ) ;
#440 = EDGE_CURVE ( 'NONE', #2696, #931, #1145, .T. ) ;
#441 = VERTEX_POINT ( 'NONE', #2541 ) ;
#442 = LINE ( 'NONE', #1404, #997 ) ;
#443 = CARTESIAN_POINT ( 'NONE',  ( -0.5000000000000011102, 2.749999999999998668, 0.1000000000000000056 ) ) ;
#444 = VERTEX_POINT ( 'NONE', #853 ) ;
#445 = AXIS2_PLACEMENT_3D ( 'NONE', #156, #2817, #2054 ) ;
#446 = FACE_OUTER_BOUND ( 'NONE', #100, .T. ) ;
#447 = FACE_OUTER_BOUND ( 'NONE', #1106, .T. ) ;
#448 = ORIENTED_EDGE ( 'NONE', *, *, #3025, .T. ) ;
#449 = DIRECTION ( 'NONE',  ( 1.000000000000000000, 0.000000000000000000, 0.000000000000000000 ) ) ;
#450 = ORIENTED_EDGE ( 'NONE', *, *, #2555, .F. ) ;
#451 = CARTESIAN_POINT ( 'NONE',  ( -6.440109085801751121, 0.06249999999999953509, 0.1000000000000000194 ) ) ;
#452 = VECTOR ( 'NONE', #1431, 39.37007874015748143 ) ;
#453 = DIRECTION ( 'NONE',  ( -0.000000000000000000, 0.000000000000000000, 1.000000000000000000 ) ) ;
#454 = VECTOR ( 'NONE', #861, 39.37007874015748143 ) ;
#455 = CIRCLE ( 'NONE', #204, 0.8549999999999995381 ) ;
#456 = ORIENTED_EDGE ( 'NONE', *, *, #3101, .T. ) ;
#457 = DIRECTION ( 'NONE',  ( 0.000000000000000000, 0.000000000000000000, -1.000000000000000000 ) ) ;
#458 = LINE ( 'NONE', #1727, #2538 ) ;
#459 = EDGE_CURVE ( 'NONE', #1149, #2277, #1040, .T. ) ;
#460 = LINE ( 'NONE', #2381, #991 ) ;
#461 = ORIENTED_EDGE ( 'NONE', *, *, #551, .T. ) ;
#462 = DIRECTION ( 'NONE',  ( 1.000000000000000000, 0.000000000000000000, 0.000000000000000000 ) ) ;
#463 = ORIENTED_EDGE ( 'NONE', *, *, #2826, .T. ) ;
#464 = DIRECTION ( 'NONE',  ( 0.000000000000000000, -0.000000000000000000, -1.000000000000000000 ) ) ;
#465 = DIRECTION ( 'NONE',  ( -0.000000000000000000, -0.000000000000000000, 1.000000000000000000 ) ) ;
#466 = DIRECTION ( 'NONE',  ( 1.000000000000000000, 0.000000000000000000, 0.000000000000000000 ) ) ;
#467 = ORIENTED_EDGE ( 'NONE', *, *, #1181, .T. ) ;
#469 = VERTEX_POINT ( 'NONE', #2558 ) ;
#468 = VERTEX_POINT ( 'NONE', #1115 ) ;
#470 = DIRECTION ( 'NONE',  ( 1.000000000000000000, 0.000000000000000000, 0.000000000000000000 ) ) ;
#471 = CARTESIAN_POINT ( 'NONE',  ( -6.679903410280993548, 0.2417986425339373469, 0.1000000000000000194 ) ) ;
#472 = ORIENTED_EDGE ( 'NONE', *, *, #835, .F. ) ;
#473 = EDGE_CURVE ( 'NONE', #211, #2109, #1585, .T. ) ;
#474 = LINE ( 'NONE', #505, #1311 ) ;
#475 = EDGE_CURVE ( 'NONE', #1542, #1430, #1129, .T. ) ;
#476 = VERTEX_POINT ( 'NONE', #2097 ) ;
#477 = DIRECTION ( 'NONE',  ( -1.817892446977627644E-16, 1.000000000000000000, 0.000000000000000000 ) ) ;
#478 = DIRECTION ( 'NONE',  ( -0.000000000000000000, -0.000000000000000000, 1.000000000000000000 ) ) ;
#479 = EDGE_CURVE ( 'NONE', #1272, #669, #380, .T. ) ;
#480 = DIRECTION ( 'NONE',  ( -0.000000000000000000, -0.000000000000000000, 1.000000000000000000 ) ) ;
#481 = ORIENTED_EDGE ( 'NONE', *, *, #229, .T. ) ;
#483 = EDGE_LOOP ( 'NONE', ( #2499, #2534 ) ) ;
#482 = ORIENTED_EDGE ( 'NONE', *, *, #2225, .T. ) ;
#484 = DIRECTION ( 'NONE',  ( 1.000000000000000000, 0.000000000000000000, 0.000000000000000000 ) ) ;
#485 = CARTESIAN_POINT ( 'NONE',  ( -3.202361526338089348, -0.3740157480314973415, 0.000000000000000000 ) ) ;
#486 = ORIENTED_EDGE ( 'NONE', *, *, #835, .T. ) ;
#487 = AXIS2_PLACEMENT_3D ( 'NONE', #2966, #2757, #1499 ) ;
#488 = CYLINDRICAL_SURFACE ( 'NONE', #1616, 0.1000000000000000194 ) ;
#489 = VECTOR ( 'NONE', #823, 39.37007874015748854 ) ;
#490 = ADVANCED_FACE ( 'NONE', ( #600 ), #2049, .F. ) ;
#491 = EDGE_LOOP ( 'NONE', ( #2641, #205, #2384, #2748 ) ) ;
#492 = DIRECTION ( 'NONE',  ( -0.000000000000000000, -0.000000000000000000, 1.000000000000000000 ) ) ;
#493 = DIRECTION ( 'NONE',  ( -0.000000000000000000, -0.000000000000000000, 1.000000000000000000 ) ) ;
#494 = CYLINDRICAL_SURFACE ( 'NONE', #2986, 0.2499999999999998057 ) ;
#495 = EDGE_CURVE ( 'NONE', #737, #635, #1092, .T. ) ;
#496 = VERTEX_POINT ( 'NONE', #1572 ) ;
#497 = VECTOR ( 'NONE', #3087, 39.37007874015748143 ) ;
#498 = CIRCLE ( 'NONE', #957, 0.8549999999999995381 ) ;
#500 = ORIENTED_EDGE ( 'NONE', *, *, #2613, .T. ) ;
#499 = ORIENTED_EDGE ( 'NONE', *, *, #322, .F. ) ;
#501 = CIRCLE ( 'NONE', #1104, 0.2499999999999998890 ) ;
#502 = CARTESIAN_POINT ( 'NONE',  ( -3.674212598425196763, -3.000000000000009326, 0.000000000000000000 ) ) ;
#503 = FACE_OUTER_BOUND ( 'NONE', #270, .T. ) ;
#504 = ORIENTED_EDGE ( 'NONE', *, *, #1848, .T. ) ;
#505 = CARTESIAN_POINT ( 'NONE',  ( -3.517322156259349075, -1.422987339896824252E-15, 0.2500000000000000000 ) ) ;
#506 = ORIENTED_EDGE ( 'NONE', *, *, #1445, .T. ) ;
#507 = AXIS2_PLACEMENT_3D ( 'NONE', #2620, #2128, #3051 ) ;
#508 = CARTESIAN_POINT ( 'NONE',  ( 5.226440785060678430E-16, -2.874999999999999112, -4.290509469491086136 ) ) ;
#509 = VERTEX_POINT ( 'NONE', #645 ) ;
#510 = DIRECTION ( 'NONE',  ( -0.000000000000000000, 0.000000000000000000, 1.000000000000000000 ) ) ;
#511 = FACE_OUTER_BOUND ( 'NONE', #2408, .T. ) ;
#512 = PLANE ( 'NONE',  #2860 ) ;
#513 = EDGE_CURVE ( 'NONE', #2490, #1272, #1956, .T. ) ;
#514 = DIRECTION ( 'NONE',  ( 1.000000000000000000, 0.000000000000000000, 0.000000000000000000 ) ) ;
#515 = EDGE_LOOP ( 'NONE', ( #844, #2607, #2403, #18 ) ) ;
#516 = DIRECTION ( 'NONE',  ( 1.000000000000000000, 0.000000000000000000, 0.000000000000000000 ) ) ;
#517 = EDGE_LOOP ( 'NONE', ( #1453, #696, #1281, #2945 ) ) ;
#518 = DIRECTION ( 'NONE',  ( -0.000000000000000000, -0.000000000000000000, 1.000000000000000000 ) ) ;
#519 = AXIS2_PLACEMENT_3D ( 'NONE', #1378, #912, #1172 ) ;
#520 = ORIENTED_EDGE ( 'NONE', *, *, #427, .F. ) ;
#521 = DIRECTION ( 'NONE',  ( -0.000000000000000000, 0.000000000000000000, 1.000000000000000000 ) ) ;
#522 = EDGE_LOOP ( 'NONE', ( #168, #2105, #472, #2084, #2995, #1523, #557 ) ) ;
#523 = CARTESIAN_POINT ( 'NONE',  ( -0.2499999999999996114, -2.428309327701562991E-17, 0.2500000000000000000 ) ) ;
#524 = DATE_TIME_ROLE ( 'classification_date' ) ;
#525 = CARTESIAN_POINT ( 'NONE',  ( -0.07578740157480524930, 2.500000000000000000, 0.2500000000000000555 ) ) ;
#526 = EDGE_CURVE ( 'NONE', #1972, #1257, #1316, .T. ) ;
#527 = DIRECTION ( 'NONE',  ( 0.000000000000000000, 1.000000000000000000, -0.000000000000000000 ) ) ;
#528 = ORIENTED_EDGE ( 'NONE', *, *, #3064, .F. ) ;
#529 = CARTESIAN_POINT ( 'NONE',  ( -0.6249999999999994449, -2.999999999999999556, 0.2500000000000000000 ) ) ;
#530 = AXIS2_PLACEMENT_3D ( 'NONE', #2363, #1650, #195 ) ;
#531 = ADVANCED_FACE ( 'NONE', ( #1806 ), #2777, .F. ) ;
#532 = CARTESIAN_POINT ( 'NONE',  ( -3.005511132637302296, 2.875000000000000000, -4.290509469491086136 ) ) ;
#533 = AXIS2_PLACEMENT_3D ( 'NONE', #837, #1810, #2782 ) ;
#534 = ORIENTED_EDGE ( 'NONE', *, *, #2532, .T. ) ;
#535 = VECTOR ( 'NONE', #1859, 39.37007874015748143 ) ;
#536 = CYLINDRICAL_SURFACE ( 'NONE', #2526, 0.5000000000000001110 ) ;
#537 = ORIENTED_EDGE ( 'NONE', *, *, #2556, .F. ) ;
#538 = CARTESIAN_POINT ( 'NONE',  ( 1.929738330837323521E-17, -0.06249999999999850814, 0.2500000000000000000 ) ) ;
#539 = DATE_AND_TIME ( #2930, #1555 ) ;
#540 = AXIS2_PLACEMENT_3D ( 'NONE', #1141, #3075, #3030 ) ;
#541 = DIRECTION ( 'NONE',  ( -0.000000000000000000, -0.000000000000000000, 1.000000000000000000 ) ) ;
#542 = FACE_BOUND ( 'NONE', #483, .T. ) ;
#543 = VECTOR ( 'NONE', #582, 39.37007874015748143 ) ;
#544 = ORIENTED_EDGE ( 'NONE', *, *, #2576, .T. ) ;
#545 = DIRECTION ( 'NONE',  ( -0.000000000000000000, -0.000000000000000000, 1.000000000000000000 ) ) ;
#546 = EDGE_CURVE ( 'NONE', #1288, #2591, #1653, .T. ) ;
#547 = CIRCLE ( 'NONE', #2327, 0.05314960629921275381 ) ;
#548 = VECTOR ( 'NONE', #1032, 39.37007874015748143 ) ;
#549 = CIRCLE ( 'NONE', #1769, 0.8549999999999995381 ) ;
#550 = DIRECTION ( 'NONE',  ( 1.000000000000000000, 0.000000000000000000, 0.000000000000000000 ) ) ;
#551 = EDGE_CURVE ( 'NONE', #1548, #2591, #210, .T. ) ;
#552 = ORIENTED_EDGE ( 'NONE', *, *, #2669, .T. ) ;
#553 = DIRECTION ( 'NONE',  ( 1.000000000000000000, 0.000000000000000000, 0.000000000000000000 ) ) ;
#554 = ORIENTED_EDGE ( 'NONE', *, *, #1565, .F. ) ;
#555 = CARTESIAN_POINT ( 'NONE',  ( -0.4999999999999998335, 2.624999999999999556, -4.290509469491086136 ) ) ;
#556 = CARTESIAN_POINT ( 'NONE',  ( -7.001364847079792675, -0.6945415641070313839, 0.000000000000000000 ) ) ;
#557 = ORIENTED_EDGE ( 'NONE', *, *, #1644, .F. ) ;
#558 = DIRECTION ( 'NONE',  ( -1.000000000000000000, -1.817892446977627644E-16, 0.000000000000000000 ) ) ;
#559 = DIRECTION ( 'NONE',  ( -0.000000000000000000, 0.000000000000000000, 1.000000000000000000 ) ) ;
#560 = ORIENTED_EDGE ( 'NONE', *, *, #668, .T. ) ;
#561 = CARTESIAN_POINT ( 'NONE',  ( -3.710040804080457555, -0.2083333333333330373, 0.1000000000000000194 ) ) ;
#562 = DIRECTION ( 'NONE',  ( 1.000000000000000000, 0.000000000000000000, 0.000000000000000000 ) ) ;
#563 = DIRECTION ( 'NONE',  ( 1.000000000000000000, 0.000000000000000000, 0.000000000000000000 ) ) ;
#564 = ORIENTED_EDGE ( 'NONE', *, *, #764, .T. ) ;
#565 = CARTESIAN_POINT ( 'NONE',  ( -0.5000000000000013323, -0.06249999999999866079, -4.290509469491086136 ) ) ;
#566 = EDGE_LOOP ( 'NONE', ( #2595, #1403 ) ) ;
#567 = ADVANCED_FACE ( 'NONE', ( #2131 ), #710, .F. ) ;
#568 = AXIS2_PLACEMENT_3D ( 'NONE', #104, #61, #2493 ) ;
#569 = FACE_BOUND ( 'NONE', #3004, .T. ) ;
#570 = PLANE ( 'NONE',  #424 ) ;
#571 = EDGE_CURVE ( 'NONE', #2882, #1685, #685, .T. ) ;
#572 = ORIENTED_EDGE ( 'NONE', *, *, #1410, .F. ) ;
#573 = CARTESIAN_POINT ( 'NONE',  ( -1.674212598425198317, 3.000000000000000888, 0.2500000000000000555 ) ) ;
#574 = PLANE ( 'NONE',  #1265 ) ;
#575 = FACE_BOUND ( 'NONE', #4, .T. ) ;
#576 = VERTEX_POINT ( 'NONE', #2187 ) ;
#577 = DIRECTION ( 'NONE',  ( 0.000000000000000000, -1.000000000000000000, 0.000000000000000000 ) ) ;
#578 = CARTESIAN_POINT ( 'NONE',  ( 0.000000000000000000, -2.875000000000000000, 0.2500000000000000000 ) ) ;
#579 = DIRECTION ( 'NONE',  ( 1.000000000000000000, 0.000000000000000000, 0.000000000000000000 ) ) ;
#580 = VECTOR ( 'NONE', #366, 39.37007874015748143 ) ;
#581 = VERTEX_POINT ( 'NONE', #2142 ) ;
#582 = DIRECTION ( 'NONE',  ( -0.000000000000000000, -0.000000000000000000, 1.000000000000000000 ) ) ;
#583 = ORIENTED_EDGE ( 'NONE', *, *, #1221, .T. ) ;
#584 = FACE_OUTER_BOUND ( 'NONE', #1751, .T. ) ;
#585 = CC_DESIGN_PERSON_AND_ORGANIZATION_ASSIGNMENT ( #1234, #3137, ( #2721 ) ) ;
#586 = DIRECTION ( 'NONE',  ( 1.365923996832131609E-16, 1.000000000000000000, -0.000000000000000000 ) ) ;
#587 = AXIS2_PLACEMENT_3D ( 'NONE', #1833, #2792, #2586 ) ;
#588 = CARTESIAN_POINT ( 'NONE',  ( -3.255511132637301852, 2.625000000000000000, 0.1000000000000000194 ) ) ;
#589 = CARTESIAN_POINT ( 'NONE',  ( -3.005511132637302296, -2.875000000000000000, 0.2500000000000000000 ) ) ;
#590 = CIRCLE ( 'NONE', #1908, 0.2499999999999998057 ) ;
#591 = EDGE_CURVE ( 'NONE', #1548, #720, #1682, .T. ) ;
#592 = CARTESIAN_POINT ( 'NONE',  ( -1.575787401574805680, 3.000000000000000888, 0.2500000000000000555 ) ) ;
#593 = ORIENTED_EDGE ( 'NONE', *, *, #1137, .T. ) ;
#594 = FACE_OUTER_BOUND ( 'NONE', #2126, .T. ) ;
#595 = VECTOR ( 'NONE', #1298, 39.37007874015748143 ) ;
#596 = CARTESIAN_POINT ( 'NONE',  ( -6.679903410280993548, -0.2417986425339377354, 0.1000000000000000194 ) ) ;
#597 = DIRECTION ( 'NONE',  ( 1.000000000000000000, 0.000000000000000000, 0.000000000000000000 ) ) ;
#598 = VECTOR ( 'NONE', #1551, 39.37007874015748143 ) ;
#599 = VERTEX_POINT ( 'NONE', #471 ) ;
#600 = FACE_OUTER_BOUND ( 'NONE', #517, .T. ) ;
#601 = ORIENTED_EDGE ( 'NONE', *, *, #1312, .T. ) ;
#602 = DIRECTION ( 'NONE',  ( -1.000000000000000000, 3.087581329339791589E-16, 0.000000000000000000 ) ) ;
#603 = ORIENTED_EDGE ( 'NONE', *, *, #229, .F. ) ;
#604 = LINE ( 'NONE', #1099, #2514 ) ;
#605 = CARTESIAN_POINT ( 'NONE',  ( -3.937305639802034740, 0.3124999999999993339, 0.2500000000000000000 ) ) ;
#606 = LINE ( 'NONE', #2547, #2587 ) ;
#607 = AXIS2_PLACEMENT_3D ( 'NONE', #2061, #865, #2554 ) ;
#608 = EDGE_CURVE ( 'NONE', #1669, #1800, #2463, .T. ) ;
#609 = FACE_OUTER_BOUND ( 'NONE', #1476, .T. ) ;
#610 = ORIENTED_EDGE ( 'NONE', *, *, #1565, .T. ) ;
#611 = DIRECTION ( 'NONE',  ( 1.000000000000000000, 0.000000000000000000, 0.000000000000000000 ) ) ;
#612 = EDGE_CURVE ( 'NONE', #1707, #1259, #460, .T. ) ;
#613 = CARTESIAN_POINT ( 'NONE',  ( -3.255511132637301852, -1.422987339896824252E-15, -4.290509469491086136 ) ) ;
#614 = EDGE_LOOP ( 'NONE', ( #2917, #2456 ) ) ;
#615 = DIRECTION ( 'NONE',  ( -0.000000000000000000, -0.000000000000000000, 1.000000000000000000 ) ) ;
#616 = VERTEX_POINT ( 'NONE', #485 ) ;
#617 = CYLINDRICAL_SURFACE ( 'NONE', #2887, 0.08437499999999996392 ) ;
#618 = ORIENTED_EDGE ( 'NONE', *, *, #2788, .F. ) ;
#619 = DIRECTION ( 'NONE',  ( -0.000000000000000000, -0.000000000000000000, 1.000000000000000000 ) ) ;
#620 = LINE ( 'NONE', #1591, #342 ) ;
#621 = CYLINDRICAL_SURFACE ( 'NONE', #1871, 0.05314960629921275381 ) ;
#622 = AXIS2_PLACEMENT_3D ( 'NONE', #2287, #2038, #1033 ) ;
#623 = CARTESIAN_POINT ( 'NONE',  ( 0.000000000000000000, 0.000000000000000000, 0.2500000000000000000 ) ) ;
#624 = ORIENTED_EDGE ( 'NONE', *, *, #266, .T. ) ;
#625 = DIRECTION ( 'NONE',  ( -0.000000000000000000, -0.000000000000000000, 1.000000000000000000 ) ) ;
#626 = ADVANCED_FACE ( 'NONE', ( #238 ), #1935, .F. ) ;
#627 = ADVANCED_FACE ( 'NONE', ( #3114 ), #2906, .F. ) ;
#628 = ORIENTED_EDGE ( 'NONE', *, *, #668, .F. ) ;
#629 = FACE_OUTER_BOUND ( 'NONE', #515, .T. ) ;
#630 = EDGE_CURVE ( 'NONE', #31, #468, #780, .T. ) ;
#631 = VERTEX_POINT ( 'NONE', #2606 ) ;
#632 = CARTESIAN_POINT ( 'NONE',  ( -3.005511132637302296, 2.875000000000000000, 0.2500000000000000000 ) ) ;
#633 = ORIENTED_EDGE ( 'NONE', *, *, #2108, .F. ) ;
#634 = CARTESIAN_POINT ( 'NONE',  ( -0.5757874015748053464, 2.999999999999998668, 0.000000000000000000 ) ) ;
#635 = VERTEX_POINT ( 'NONE', #1949 ) ;
#636 = VERTEX_POINT ( 'NONE', #1207 ) ;
#637 = LINE ( 'NONE', #839, #942 ) ;
#638 = AXIS2_PLACEMENT_3D ( 'NONE', #2568, #391, #2292 ) ;
#639 = DIRECTION ( 'NONE',  ( 1.000000000000000000, 0.000000000000000000, 0.000000000000000000 ) ) ;
#640 = ORIENTED_EDGE ( 'NONE', *, *, #1793, .F. ) ;
#641 = CARTESIAN_POINT ( 'NONE',  ( -3.570471762558562023, -1.422987339896824252E-15, 0.000000000000000000 ) ) ;
#642 = VECTOR ( 'NONE', #2102, 39.37007874015748143 ) ;
#643 = ORIENTED_EDGE ( 'NONE', *, *, #1713, .T. ) ;
#644 = CYLINDRICAL_SURFACE ( 'NONE', #2739, 0.04921259842519689481 ) ;
#645 = CARTESIAN_POINT ( 'NONE',  ( -0.6742125984251960968, -2.999999999999999556, 0.000000000000000000 ) ) ;
#646 = ORIENTED_EDGE ( 'NONE', *, *, #1663, .F. ) ;
#647 = ADVANCED_FACE ( 'NONE', ( #431 ), #930, .F. ) ;
#648 = DIRECTION ( 'NONE',  ( -0.000000000000000000, -0.000000000000000000, 1.000000000000000000 ) ) ;
#649 = ADVANCED_FACE ( 'NONE', ( #1395 ), #2663, .F. ) ;
#650 = AXIS2_PLACEMENT_3D ( 'NONE', #332, #2489, #1988 ) ;
#651 = VECTOR ( 'NONE', #2234, 39.37007874015748143 ) ;
#652 = ORIENTED_EDGE ( 'NONE', *, *, #1643, .T. ) ;
#653 = CYLINDRICAL_SURFACE ( 'NONE', #1450, 0.04921259842519658950 ) ;
#654 = CIRCLE ( 'NONE', #154, 0.04921259842519658950 ) ;
#655 = AXIS2_PLACEMENT_3D ( 'NONE', #1797, #1828, #1086 ) ;
#656 = EDGE_CURVE ( 'NONE', #1611, #2167, #2410, .T. ) ;
#657 = DIRECTION ( 'NONE',  ( 1.000000000000000000, 0.000000000000000000, 0.000000000000000000 ) ) ;
#658 = PLANE ( 'NONE',  #1857 ) ;
#659 = FACE_OUTER_BOUND ( 'NONE', #1946, .T. ) ;
#660 = EDGE_LOOP ( 'NONE', ( #2000, #724, #1299, #2495 ) ) ;
#661 = DIRECTION ( 'NONE',  ( 1.000000000000000000, 0.000000000000000000, 0.000000000000000000 ) ) ;
#662 = VECTOR ( 'NONE', #1379, 39.37007874015748143 ) ;
#663 = FACE_OUTER_BOUND ( 'NONE', #491, .T. ) ;
#664 = CARTESIAN_POINT ( 'NONE',  ( -1.213184216936841517E-31, 3.124999999999999112, 0.2500000000000000000 ) ) ;
#665 = CYLINDRICAL_SURFACE ( 'NONE', #830, 0.04921259842519658950 ) ;
#666 = ORIENTED_EDGE ( 'NONE', *, *, #1083, .F. ) ;
#667 = CARTESIAN_POINT ( 'NONE',  ( -3.625000000000001776, 3.000000000000006217, 0.2500000000000000000 ) ) ;
#668 = EDGE_CURVE ( 'NONE', #2484, #2098, #1163, .T. ) ;
#669 = VERTEX_POINT ( 'NONE', #2621 ) ;
#670 = DIRECTION ( 'NONE',  ( 1.000000000000000000, 0.000000000000000000, 0.000000000000000000 ) ) ;
#671 = CARTESIAN_POINT ( 'NONE',  ( -0.6742125984251985393, 2.999999999999998668, 0.2500000000000000000 ) ) ;
#672 = AXIS2_PLACEMENT_3D ( 'NONE', #45, #2857, #688 ) ;
#673 = ORIENTED_EDGE ( 'NONE', *, *, #1644, .T. ) ;
#674 = LINE ( 'NONE', #2272, #535 ) ;
#675 = DIRECTION ( 'NONE',  ( -1.000000000000000000, 1.910151592828277954E-16, 0.000000000000000000 ) ) ;
#676 = CARTESIAN_POINT ( 'NONE',  ( -0.4156250000000011879, 2.749999999999998668, 0.000000000000000000 ) ) ;
#677 = DIRECTION ( 'NONE',  ( 1.000000000000000000, 0.000000000000000000, 0.000000000000000000 ) ) ;
#678 = ORIENTED_EDGE ( 'NONE', *, *, #776, .F. ) ;
#679 = PLANE ( 'NONE',  #1218 ) ;
#680 = ORIENTED_EDGE ( 'NONE', *, *, #2342, .F. ) ;
#681 = CARTESIAN_POINT ( 'NONE',  ( 1.193844745517645988E-17, -0.06249999999999854977, 0.1000000000000000194 ) ) ;
#682 = LINE ( 'NONE', #1169, #2675 ) ;
#683 = APPROVAL_ROLE ( '' ) ;
#684 = ADVANCED_FACE ( 'NONE', ( #447 ), #1411, .F. ) ;
#685 = CIRCLE ( 'NONE', #1747, 0.04921259842519641603 ) ;
#686 = EDGE_LOOP ( 'NONE', ( #1251, #734, #2224, #1897, #666, #2202, #2943, #680, #198, #1621 ) ) ;
#687 = ADVANCED_FACE ( 'NONE', ( #503 ), #1471, .F. ) ;
#688 = DIRECTION ( 'NONE',  ( 1.000000000000000000, 0.000000000000000000, 0.000000000000000000 ) ) ;
#689 = ORIENTED_EDGE ( 'NONE', *, *, #475, .T. ) ;
#690 = CIRCLE ( 'NONE', #487, 0.2499999999999998057 ) ;
#691 = FACE_OUTER_BOUND ( 'NONE', #831, .T. ) ;
#692 = VECTOR ( 'NONE', #873, 39.37007874015748143 ) ;
#693 = DIRECTION ( 'NONE',  ( -1.000000000000000000, -1.365923996832131609E-16, 0.000000000000000000 ) ) ;
#694 = ORIENTED_EDGE ( 'NONE', *, *, #2942, .F. ) ;
#695 = DIRECTION ( 'NONE',  ( 0.6293205638426192516, 0.7771458215321034313, 0.000000000000000000 ) ) ;
#696 = ORIENTED_EDGE ( 'NONE', *, *, #2067, .T. ) ;
#697 = CARTESIAN_POINT ( 'NONE',  ( -7.500000000000000000, 7.409113134841469265E-17, 0.2500000000000000000 ) ) ;
#698 = CIRCLE ( 'NONE', #2985, 0.04921259842519641603 ) ;
#699 = VECTOR ( 'NONE', #3028, 39.37007874015748143 ) ;
#700 = DIRECTION ( 'NONE',  ( 1.000000000000000000, 0.000000000000000000, 0.000000000000000000 ) ) ;
#701 = APPLICATION_PROTOCOL_DEFINITION ( 'international standard', 'config_control_design', 1994, #2233 ) ;
#702 = AXIS2_PLACEMENT_3D ( 'NONE', #2699, #1696, #2429 ) ;
#703 = VECTOR ( 'NONE', #2623, 39.37007874015748143 ) ;
#704 = AXIS2_PLACEMENT_3D ( 'NONE', #2738, #2324, #1305 ) ;
#705 = ORIENTED_EDGE ( 'NONE', *, *, #3008, .F. ) ;
#706 = EDGE_CURVE ( 'NONE', #581, #1691, #2692, .T. ) ;
#707 = EDGE_CURVE ( 'NONE', #3088, #987, #275, .T. ) ;
#708 = ORIENTED_EDGE ( 'NONE', *, *, #479, .T. ) ;
#709 = DIRECTION ( 'NONE',  ( -0.000000000000000000, -0.000000000000000000, 1.000000000000000000 ) ) ;
#710 = CYLINDRICAL_SURFACE ( 'NONE', #2766, 0.2499999999999998057 ) ;
#711 = EDGE_LOOP ( 'NONE', ( #3067, #410, #2231, #856 ) ) ;
#712 = CARTESIAN_POINT ( 'NONE',  ( -3.255511132637301852, -1.422987339896824252E-15, 0.000000000000000000 ) ) ;
#713 = ORIENTED_EDGE ( 'NONE', *, *, #1157, .T. ) ;
#714 = DIRECTION ( 'NONE',  ( 1.000000000000000000, 3.551402391763529759E-15, 0.000000000000000000 ) ) ;
#715 = DIRECTION ( 'NONE',  ( -0.000000000000000000, 0.000000000000000000, 1.000000000000000000 ) ) ;
#716 = DIRECTION ( 'NONE',  ( 0.7771458215321032093, -0.6293205638426191406, 0.000000000000000000 ) ) ;
#717 = DATE_AND_TIME ( #1493, #1660 ) ;
#718 = ORIENTED_EDGE ( 'NONE', *, *, #2749, .T. ) ;
#720 = VERTEX_POINT ( 'NONE', #187 ) ;
#719 = EDGE_LOOP ( 'NONE', ( #56, #1938, #1634, #628 ) ) ;
#721 = CARTESIAN_POINT ( 'NONE',  ( -3.674212598425198095, 3.000000000000006217, 0.2500000000000000555 ) ) ;
#722 = ADVANCED_FACE ( 'NONE', ( #990 ), #2124, .F. ) ;
#723 = DIRECTION ( 'NONE',  ( -0.000000000000000000, -0.000000000000000000, 1.000000000000000000 ) ) ;
#724 = ORIENTED_EDGE ( 'NONE', *, *, #1847, .T. ) ;
#725 = CARTESIAN_POINT ( 'NONE',  ( -3.517322156259349075, -1.422987339896824252E-15, 0.000000000000000000 ) ) ;
#726 = EDGE_CURVE ( 'NONE', #2394, #509, #3012, .T. ) ;
#727 = VERTEX_POINT ( 'NONE', #428 ) ;
#728 = DIRECTION ( 'NONE',  ( -1.000000000000000000, 0.000000000000000000, 0.000000000000000000 ) ) ;
#729 = DIRECTION ( 'NONE',  ( 1.000000000000000000, 0.000000000000000000, 0.000000000000000000 ) ) ;
#730 = CARTESIAN_POINT ( 'NONE',  ( -3.202361526338089348, 0.3740157480314945104, 0.2500000000000000000 ) ) ;
#731 = ORIENTED_EDGE ( 'NONE', *, *, #2051, .F. ) ;
#732 = VECTOR ( 'NONE', #2651, 39.37007874015748143 ) ;
#734 = ORIENTED_EDGE ( 'NONE', *, *, #1930, .T. ) ;
#733 = ORIENTED_EDGE ( 'NONE', *, *, #1930, .F. ) ;
#735 = DIRECTION ( 'NONE',  ( -1.000000000000000000, 3.087581329339791589E-16, 0.000000000000000000 ) ) ;
#736 = DIRECTION ( 'NONE',  ( -0.000000000000000000, 0.000000000000000000, 1.000000000000000000 ) ) ;
#737 = VERTEX_POINT ( 'NONE', #1662 ) ;
#738 = DIRECTION ( 'NONE',  ( -0.000000000000000000, 0.000000000000000000, 1.000000000000000000 ) ) ;
#739 = CC_DESIGN_APPROVAL ( #1441, ( #1948 ) ) ;
#740 = AXIS2_PLACEMENT_3D ( 'NONE', #1354, #2323, #3058 ) ;
#741 = VERTEX_POINT ( 'NONE', #2842 ) ;
#742 = DIRECTION ( 'NONE',  ( -0.000000000000000000, 0.000000000000000000, 1.000000000000000000 ) ) ;
#743 = VERTEX_POINT ( 'NONE', #2950 ) ;
#744 = EDGE_CURVE ( 'NONE', #783, #1257, #2553, .T. ) ;
#745 = CARTESIAN_POINT ( 'NONE',  ( -3.570471762558562023, -1.422987339896824252E-15, 0.2500000000000000000 ) ) ;
#746 = DIRECTION ( 'NONE',  ( -0.000000000000000000, -0.000000000000000000, 1.000000000000000000 ) ) ;
#747 = APPROVAL_DATE_TIME ( #2704, #2743 ) ;
#748 = AXIS2_PLACEMENT_3D ( 'NONE', #2001, #2265, #2714 ) ;
#749 = CYLINDRICAL_SURFACE ( 'NONE', #2807, 0.04921259842519689481 ) ;
#750 = ADVANCED_FACE ( 'NONE', ( #663 ), #749, .F. ) ;
#751 = DIRECTION ( 'NONE',  ( 0.000000000000000000, 1.000000000000000000, 0.000000000000000000 ) ) ;
#753 = ORIENTED_EDGE ( 'NONE', *, *, #1520, .F. ) ;
#752 = ORIENTED_EDGE ( 'NONE', *, *, #1369, .F. ) ;
#754 = CARTESIAN_POINT ( 'NONE',  ( -3.980270792139163127, 2.819286455383026357, -4.290509469491086136 ) ) ;
#755 = ORIENTED_EDGE ( 'NONE', *, *, #2649, .F. ) ;
#756 = FACE_OUTER_BOUND ( 'NONE', #1339, .T. ) ;
#757 = ORIENTED_EDGE ( 'NONE', *, *, #1326, .T. ) ;
#758 = LINE ( 'NONE', #565, #3141 ) ;
#759 = EDGE_LOOP ( 'NONE', ( #2082, #429, #160, #2838 ) ) ;
#760 = DIRECTION ( 'NONE',  ( -0.000000000000000000, -0.000000000000000000, 1.000000000000000000 ) ) ;
#761 = EDGE_CURVE ( 'NONE', #1800, #1669, #2044, .T. ) ;
#762 = ADVANCED_FACE ( 'NONE', ( #1633 ), #512, .F. ) ;
#763 = CARTESIAN_POINT ( 'NONE',  ( -2.573716625472568964, 0.06249999999999943795, 0.2500000000000000000 ) ) ;
#764 = EDGE_CURVE ( 'NONE', #41, #2109, #2139, .T. ) ;
#765 = DIRECTION ( 'NONE',  ( 1.000000000000000000, 0.000000000000000000, 0.000000000000000000 ) ) ;
#766 = ORIENTED_EDGE ( 'NONE', *, *, #1181, .F. ) ;
#767 = CARTESIAN_POINT ( 'NONE',  ( -8.355000000000000426, 7.409113134841469265E-17, 0.2500000000000000000 ) ) ;
#768 = DIRECTION ( 'NONE',  ( -0.6293205638426191406, -0.7771458215321034313, 0.000000000000000000 ) ) ;
#769 = ORIENTED_EDGE ( 'NONE', *, *, #1326, .F. ) ;
#770 = DIRECTION ( 'NONE',  ( -0.000000000000000000, 0.000000000000000000, 1.000000000000000000 ) ) ;
#771 = ORIENTED_EDGE ( 'NONE', *, *, #75, .T. ) ;
#772 = DIRECTION ( 'NONE',  ( -0.000000000000000000, -0.000000000000000000, 1.000000000000000000 ) ) ;
#773 = FACE_OUTER_BOUND ( 'NONE', #25, .T. ) ;
#774 = ADVANCED_FACE ( 'NONE', ( #927 ), #2346, .F. ) ;
#775 = EDGE_CURVE ( 'NONE', #2677, #987, #2196, .T. ) ;
#776 = EDGE_CURVE ( 'NONE', #2207, #1095, #1482, .T. ) ;
#777 = FACE_BOUND ( 'NONE', #686, .T. ) ;
#778 = VERTEX_POINT ( 'NONE', #1422 ) ;
#779 = DIRECTION ( 'NONE',  ( -0.000000000000000000, -0.000000000000000000, 1.000000000000000000 ) ) ;
#780 = CIRCLE ( 'NONE', #2208, 0.8549999999999995381 ) ;
#781 = CARTESIAN_POINT ( 'NONE',  ( -7.657480320000000340, 0.000000000000000000, 0.2500000000000000000 ) ) ;
#782 = CIRCLE ( 'NONE', #533, 0.05314960629921275381 ) ;
#783 = VERTEX_POINT ( 'NONE', #2390 ) ;
#784 = CIRCLE ( 'NONE', #889, 0.05314960629921275381 ) ;
#785 = FACE_OUTER_BOUND ( 'NONE', #2737, .T. ) ;
#786 = ORIENTED_EDGE ( 'NONE', *, *, #1077, .T. ) ;
#787 = CIRCLE ( 'NONE', #1607, 0.04921259842519641603 ) ;
#788 = CARTESIAN_POINT ( 'NONE',  ( -0.6249999999999994449, -2.999999999999999556, 0.000000000000000000 ) ) ;
#789 = CIRCLE ( 'NONE', #2573, 0.04921259842519634664 ) ;
#790 = DIRECTION ( 'NONE',  ( 0.000000000000000000, -0.000000000000000000, -1.000000000000000000 ) ) ;
#791 = LINE ( 'NONE', #840, #407 ) ;
#792 = LINE ( 'NONE', #2483, #2080 ) ;
#793 = ORIENTED_EDGE ( 'NONE', *, *, #2322, .F. ) ;
#794 = VECTOR ( 'NONE', #2657, 39.37007874015748143 ) ;
#795 = DIRECTION ( 'NONE',  ( 1.000000000000000000, 0.000000000000000000, 0.000000000000000000 ) ) ;
#796 = CIRCLE ( 'NONE', #1463, 0.04921259842519662420 ) ;
#797 = EDGE_CURVE ( 'NONE', #441, #1674, #1480, .T. ) ;
#798 = AXIS2_PLACEMENT_3D ( 'NONE', #2434, #478, #1447 ) ;
#799 = CARTESIAN_POINT ( 'NONE',  ( -0.2499999999999996947, 0.3124999999999985012, 0.2500000000000000000 ) ) ;
#800 = CARTESIAN_POINT ( 'NONE',  ( -3.822940651178508453, -2.875000000000000000, 0.2500000000000000000 ) ) ;
#801 = ORIENTED_EDGE ( 'NONE', *, *, #2374, .F. ) ;
#802 = LINE ( 'NONE', #1778, #1914 ) ;
#803 = EDGE_LOOP ( 'NONE', ( #2850, #1443, #2901, #771 ) ) ;
#804 = LINE ( 'NONE', #321, #2330 ) ;
#805 = AXIS2_PLACEMENT_3D ( 'NONE', #2151, #1680, #1898 ) ;
#806 = CARTESIAN_POINT ( 'NONE',  ( -7.500000000000000000, 7.409113134841469265E-17, 0.2500000000000000000 ) ) ;
#807 = EDGE_LOOP ( 'NONE', ( #1474, #299, #165, #1303 ) ) ;
#808 = CARTESIAN_POINT ( 'NONE',  ( -2.573716625472568964, -0.3124999999999993339, -4.290509469491086136 ) ) ;
#809 = DIRECTION ( 'NONE',  ( -0.000000000000000000, -0.000000000000000000, -1.000000000000000000 ) ) ;
#810 = ORIENTED_EDGE ( 'NONE', *, *, #1235, .T. ) ;
#811 = CYLINDRICAL_SURFACE ( 'NONE', #2063, 0.05314960629921275381 ) ;
#812 = EDGE_CURVE ( 'NONE', #964, #2143, #1978, .T. ) ;
#813 = CARTESIAN_POINT ( 'NONE',  ( -3.937305639802034740, -0.06249999999999929917, 0.2500000000000000000 ) ) ;
#814 = DIRECTION ( 'NONE',  ( -0.000000000000000000, -0.000000000000000000, 1.000000000000000000 ) ) ;
#815 = ORIENTED_EDGE ( 'NONE', *, *, #513, .T. ) ;
#816 = CARTESIAN_POINT ( 'NONE',  ( -0.1250000000000016653, 2.500000000000000000, 0.000000000000000000 ) ) ;
#817 = ORIENTED_EDGE ( 'NONE', *, *, #3122, .F. ) ;
#818 = CIRCLE ( 'NONE', #2146, 0.08437499999999996392 ) ;
#819 = EDGE_CURVE ( 'NONE', #2291, #2894, #122, .T. ) ;
#820 = FACE_BOUND ( 'NONE', #1955, .T. ) ;
#821 = ADVANCED_FACE ( 'NONE', ( #2602 ), #1392, .F. ) ;
#822 = FACE_OUTER_BOUND ( 'NONE', #1840, .T. ) ;
#823 = DIRECTION ( 'NONE',  ( -0.7771458215321032093, 0.6293205638426191406, 0.000000000000000000 ) ) ;
#824 = CARTESIAN_POINT ( 'NONE',  ( -3.937305639802034740, 0.3124999999999993339, 0.1000000000000000194 ) ) ;
#825 = PLANE ( 'NONE',  #401 ) ;
#826 = ORIENTED_EDGE ( 'NONE', *, *, #656, .T. ) ;
#827 = DIRECTION ( 'NONE',  ( -0.000000000000000000, -0.000000000000000000, 1.000000000000000000 ) ) ;
#828 = LINE ( 'NONE', #2501, #302 ) ;
#829 = DIRECTION ( 'NONE',  ( -0.000000000000000000, -0.000000000000000000, 1.000000000000000000 ) ) ;
#830 = AXIS2_PLACEMENT_3D ( 'NONE', #1366, #615, #3053 ) ;
#831 = EDGE_LOOP ( 'NONE', ( #2448, #1953, #11, #1586 ) ) ;
#832 = DIRECTION ( 'NONE',  ( -0.000000000000000000, -0.000000000000000000, 1.000000000000000000 ) ) ;
#833 = ORIENTED_EDGE ( 'NONE', *, *, #2296, .F. ) ;
#834 = FACE_BOUND ( 'NONE', #2412, .T. ) ;
#835 = EDGE_CURVE ( 'NONE', #3115, #3104, #2973, .T. ) ;
#836 = EDGE_CURVE ( 'NONE', #2585, #1344, #2497, .T. ) ;
#837 = CARTESIAN_POINT ( 'NONE',  ( -3.255511132637301852, -0.3740157480314973415, 0.000000000000000000 ) ) ;
#838 = CIRCLE ( 'NONE', #1043, 0.2499999999999998890 ) ;
#839 = CARTESIAN_POINT ( 'NONE',  ( 5.226440785060678430E-16, -2.874999999999999112, 0.1000000000000000194 ) ) ;
#840 = CARTESIAN_POINT ( 'NONE',  ( 5.226440785060678430E-16, -2.874999999999999112, 0.2500000000000000000 ) ) ;
#841 = VECTOR ( 'NONE', #2627, 39.37007874015748143 ) ;
#842 = EDGE_CURVE ( 'NONE', #1154, #496, #2705, .T. ) ;
#843 = LINE ( 'NONE', #2328, #903 ) ;
#844 = ORIENTED_EDGE ( 'NONE', *, *, #2201, .T. ) ;
#845 = DIRECTION ( 'NONE',  ( -0.000000000000000000, -0.000000000000000000, -1.000000000000000000 ) ) ;
#846 = AXIS2_PLACEMENT_3D ( 'NONE', #1759, #2732, #99 ) ;
#847 = VECTOR ( 'NONE', #1957, 39.37007874015748143 ) ;
#848 = AXIS2_PLACEMENT_3D ( 'NONE', #2537, #2013, #2280 ) ;
#849 = CYLINDRICAL_SURFACE ( 'NONE', #507, 0.04921259842519662420 ) ;
#850 = AXIS2_PLACEMENT_3D ( 'NONE', #3013, #1375, #2104 ) ;
#851 = CIRCLE ( 'NONE', #349, 0.05314960629921275381 ) ;
#852 = ORIENTED_EDGE ( 'NONE', *, *, #898, .F. ) ;
#853 = CARTESIAN_POINT ( 'NONE',  ( -3.575787401574802793, -3.000000000000009326, 0.000000000000000000 ) ) ;
#854 = EDGE_LOOP ( 'NONE', ( #2391, #1535, #1711, #173 ) ) ;
#855 = DIRECTION ( 'NONE',  ( -0.000000000000000000, 0.000000000000000000, 1.000000000000000000 ) ) ;
#856 = ORIENTED_EDGE ( 'NONE', *, *, #378, .T. ) ;
#857 = CARTESIAN_POINT ( 'NONE',  ( -0.6250000000000018874, 2.999999999999998668, 0.2500000000000000555 ) ) ;
#858 = CARTESIAN_POINT ( 'NONE',  ( -3.710040804080457555, 0.2083333333333330928, 0.2500000000000000000 ) ) ;
#859 = DIRECTION ( 'NONE',  ( 0.000000000000000000, -0.000000000000000000, -1.000000000000000000 ) ) ;
#860 = EDGE_CURVE ( 'NONE', #1931, #3074, #3113, .T. ) ;
#861 = DIRECTION ( 'NONE',  ( -0.000000000000000000, -0.000000000000000000, 1.000000000000000000 ) ) ;
#862 = ORIENTED_EDGE ( 'NONE', *, *, #1118, .F. ) ;
#863 = EDGE_CURVE ( 'NONE', #1062, #369, #2751, .T. ) ;
#864 = CARTESIAN_POINT ( 'NONE',  ( -3.255511132637301852, -1.422987339896824252E-15, 0.2500000000000000000 ) ) ;
#865 = DIRECTION ( 'NONE',  ( -0.000000000000000000, -0.000000000000000000, 1.000000000000000000 ) ) ;
#866 = ORIENTED_EDGE ( 'NONE', *, *, #3076, .T. ) ;
#867 = DIRECTION ( 'NONE',  ( 1.000000000000000000, 0.000000000000000000, 0.000000000000000000 ) ) ;
#868 = ORIENTED_EDGE ( 'NONE', *, *, #878, .T. ) ;
#869 = DIRECTION ( 'NONE',  ( -1.000000000000000000, -1.910151592828277954E-16, 0.000000000000000000 ) ) ;
#870 = EDGE_LOOP ( 'NONE', ( #2236, #1171, #1862, #2834 ) ) ;
#871 = LINE ( 'NONE', #244, #3038 ) ;
#872 = CARTESIAN_POINT ( 'NONE',  ( -7.657480320000000340, -0.1760683369028015477, 0.2500000000000000000 ) ) ;
#873 = DIRECTION ( 'NONE',  ( -0.000000000000000000, -0.000000000000000000, 1.000000000000000000 ) ) ;
#874 = EDGE_CURVE ( 'NONE', #1257, #783, #818, .T. ) ;
#875 = DIRECTION ( 'NONE',  ( -0.000000000000000000, -0.000000000000000000, 1.000000000000000000 ) ) ;
#876 = ORIENTED_EDGE ( 'NONE', *, *, #1540, .F. ) ;
#877 = DIRECTION ( 'NONE',  ( -1.000000000000000000, 0.000000000000000000, 0.000000000000000000 ) ) ;
#878 = EDGE_CURVE ( 'NONE', #2050, #1707, #1995, .T. ) ;
#879 = EDGE_CURVE ( 'NONE', #2344, #2176, #2398, .T. ) ;
#880 = CARTESIAN_POINT ( 'NONE',  ( 0.000000000000000000, 0.000000000000000000, 0.1000000000000000056 ) ) ;
#881 = CARTESIAN_POINT ( 'NONE',  ( -3.755511132637301408, 0.5590169943749490056, 0.2500000000000000000 ) ) ;
#882 = ORIENTED_EDGE ( 'NONE', *, *, #1524, .T. ) ;
#883 = LINE ( 'NONE', #2814, #1112 ) ;
#884 = VERTEX_POINT ( 'NONE', #1262 ) ;
#885 = EDGE_LOOP ( 'NONE', ( #2042, #1130, #1777, #633 ) ) ;
#886 = CARTESIAN_POINT ( 'NONE',  ( -1.624999999999999112, -3.000000000000003109, 0.000000000000000000 ) ) ;
#887 = PERSON_AND_ORGANIZATION ( #1979, #192 ) ;
#888 = CLOSED_SHELL ( 'NONE', ( #1347, #2129, #1143, #3060, #1387, #1341, #647, #1022, #1647, #821, #249, #2437, #2552, #722, #1501, #2674, #2881, #1500, #2965, #2279, #922, #193, #2764, #531, #2094, #2438, #938, #2983, #774, #1035, #1991, #684, #2204, #174, #2413, #2852, #649, #762, #3059, #2491, #37, #2691, #289, #57, #3040, #2454, #1222, #2832, #2668, #962, #2111, #1973, #2637, #1390, #2809, #2494, #1429, #2978, #2418, #2471, #317, #2380, #2633, #1034, #1076, #2073, #567, #687, #1483, #1000, #627, #3106, #490, #1504, #2045, #1658, #937, #2512, #750, #2148, #979, #38, #17, #422, #998, #1200, #2005, #2220, #439, #1256, #626 ) ) ;
#889 = AXIS2_PLACEMENT_3D ( 'NONE', #1252, #2742, #315 ) ;
#890 = DIRECTION ( 'NONE',  ( -0.000000000000000000, -0.000000000000000000, 1.000000000000000000 ) ) ;
#891 = CC_DESIGN_SECURITY_CLASSIFICATION ( #3032, ( #2721 ) ) ;
#892 = VERTEX_POINT ( 'NONE', #556 ) ;
#893 = CARTESIAN_POINT ( 'NONE',  ( -0.2499999999999998612, 2.624999999999997335, 0.1000000000000000194 ) ) ;
#894 = CIRCLE ( 'NONE', #2828, 0.1000000000000000194 ) ;
#895 = DIRECTION ( 'NONE',  ( -0.000000000000000000, -0.000000000000000000, 1.000000000000000000 ) ) ;
#896 = ORIENTED_EDGE ( 'NONE', *, *, #1681, .F. ) ;
#897 = DIRECTION ( 'NONE',  ( -0.000000000000000000, 0.000000000000000000, 1.000000000000000000 ) ) ;
#898 = EDGE_CURVE ( 'NONE', #3052, #1758, #1133, .T. ) ;
#899 = DIRECTION ( 'NONE',  ( -0.000000000000000000, -0.000000000000000000, -1.000000000000000000 ) ) ;
#900 = ORIENTED_EDGE ( 'NONE', *, *, #546, .F. ) ;
#901 = PLANE ( 'NONE',  #2078 ) ;
#902 = EDGE_CURVE ( 'NONE', #1190, #3088, #1735, .T. ) ;
#903 = VECTOR ( 'NONE', #409, 39.37007874015748143 ) ;
#904 = VECTOR ( 'NONE', #1488, 39.37007874015748854 ) ;
#905 = ORIENTED_EDGE ( 'NONE', *, *, #495, .T. ) ;
#906 = ORIENTED_EDGE ( 'NONE', *, *, #1910, .F. ) ;
#907 = DIRECTION ( 'NONE',  ( 1.000000000000000000, 0.000000000000000000, 0.000000000000000000 ) ) ;
#908 = DATE_AND_TIME ( #3091, #2163 ) ;
#909 = ORIENTED_EDGE ( 'NONE', *, *, #2787, .T. ) ;
#910 = CYLINDRICAL_SURFACE ( 'NONE', #2366, 0.1000000000000000194 ) ;
#911 = CIRCLE ( 'NONE', #1123, 0.04921259842519658950 ) ;
#912 = DIRECTION ( 'NONE',  ( -0.000000000000000000, 0.000000000000000000, 1.000000000000000000 ) ) ;
#913 = ORIENTED_EDGE ( 'NONE', *, *, #1286, .F. ) ;
#914 = CARTESIAN_POINT ( 'NONE',  ( -3.505511132637301852, 0.000000000000000000, 0.1000000000000000194 ) ) ;
#915 = CARTESIAN_POINT ( 'NONE',  ( 1.929738330837323521E-17, 0.06249999999999850814, 0.1000000000000000194 ) ) ;
#916 = ORIENTED_EDGE ( 'NONE', *, *, #707, .T. ) ;
#917 = CC_DESIGN_DATE_AND_TIME_ASSIGNMENT ( #539, #524, ( #3032 ) ) ;
#918 = ADVANCED_BREP_SHAPE_REPRESENTATION ( 'Top Plate_Vf', ( #3111, #2673 ), #1961 ) ;
#919 = FACE_OUTER_BOUND ( 'NONE', #1019, .T. ) ;
#920 = ORIENTED_EDGE ( 'NONE', *, *, #1096, .F. ) ;
#921 = CYLINDRICAL_SURFACE ( 'NONE', #47, 0.8549999999999995381 ) ;
#922 = ADVANCED_FACE ( 'NONE', ( #2241 ), #3009, .F. ) ;
#923 = CARTESIAN_POINT ( 'NONE',  ( -2.955203117947985625, -3.649370268260074823, 0.1000000000000000194 ) ) ;
#924 = LINE ( 'NONE', #1373, #943 ) ;
#925 = AXIS2_PLACEMENT_3D ( 'NONE', #2019, #1746, #2482 ) ;
#926 = ORIENTED_EDGE ( 'NONE', *, *, #2555, .T. ) ;
#927 = FACE_OUTER_BOUND ( 'NONE', #2956, .T. ) ;
#928 = VERTEX_POINT ( 'NONE', #763 ) ;
#929 = DIRECTION ( 'NONE',  ( -0.000000000000000000, -0.000000000000000000, 1.000000000000000000 ) ) ;
#930 = CYLINDRICAL_SURFACE ( 'NONE', #1495, 0.04921259842519689481 ) ;
#931 = VERTEX_POINT ( 'NONE', #525 ) ;
#932 = DIRECTION ( 'NONE',  ( 1.000000000000000000, 0.000000000000000000, 0.000000000000000000 ) ) ;
#933 = ORIENTED_EDGE ( 'NONE', *, *, #1755, .T. ) ;
#934 = LINE ( 'NONE', #1475, #452 ) ;
#935 = DIRECTION ( 'NONE',  ( 0.000000000000000000, -0.000000000000000000, -1.000000000000000000 ) ) ;
#936 =( NAMED_UNIT ( * ) PLANE_ANGLE_UNIT ( ) SI_UNIT ( $, .RADIAN. ) );
#937 = ADVANCED_FACE ( 'NONE', ( #822 ), #1494, .T. ) ;
#938 = ADVANCED_FACE ( 'NONE', ( #1302 ), #570, .T. ) ;
#939 = AXIS2_PLACEMENT_3D ( 'NONE', #145, #1599, #2064 ) ;
#940 = ORIENTED_EDGE ( 'NONE', *, *, #630, .F. ) ;
#941 = EDGE_CURVE ( 'NONE', #181, #337, #2348, .T. ) ;
#942 = VECTOR ( 'NONE', #1321, 39.37007874015748143 ) ;
#943 = VECTOR ( 'NONE', #2818, 39.37007874015748143 ) ;
#944 = AXIS2_PLACEMENT_3D ( 'NONE', #2801, #3071, #355 ) ;
#945 = CARTESIAN_POINT ( 'NONE',  ( -3.755511132637301408, 2.875000000000000000, 0.2500000000000000000 ) ) ;
#946 = DIRECTION ( 'NONE',  ( 1.000000000000000000, 0.000000000000000000, 0.000000000000000000 ) ) ;
#947 = EDGE_LOOP ( 'NONE', ( #1694, #1025 ) ) ;
#948 = CARTESIAN_POINT ( 'NONE',  ( -2.573716625472568964, -0.06249999999999943795, 0.2499999999999998057 ) ) ;
#949 = VERTEX_POINT ( 'NONE', #1048 ) ;
#950 = DIRECTION ( 'NONE',  ( -0.000000000000000000, -0.000000000000000000, 1.000000000000000000 ) ) ;
#951 = AXIS2_PLACEMENT_3D ( 'NONE', #816, #521, #553 ) ;
#952 = CARTESIAN_POINT ( 'NONE',  ( -3.505511132637301852, 2.625000000000000000, 0.2500000000000000000 ) ) ;
#953 = CIRCLE ( 'NONE', #2376, 0.08437499999999996392 ) ;
#954 = CARTESIAN_POINT ( 'NONE',  ( -3.674212598425198983, 3.000000000000006217, 0.000000000000000000 ) ) ;
#955 = PERSON_AND_ORGANIZATION ( #1979, #192 ) ;
#956 = VECTOR ( 'NONE', #527, 39.37007874015748143 ) ;
#957 = AXIS2_PLACEMENT_3D ( 'NONE', #2779, #2734, #2991 ) ;
#958 = CIRCLE ( 'NONE', #103, 0.2500000000000003331 ) ;
#959 = EDGE_CURVE ( 'NONE', #2291, #1922, #2736, .T. ) ;
#960 = EDGE_CURVE ( 'NONE', #1645, #327, #296, .T. ) ;
#961 = ORIENTED_EDGE ( 'NONE', *, *, #383, .F. ) ;
#962 = ADVANCED_FACE ( 'NONE', ( #773 ), #1275, .F. ) ;
#964 = VERTEX_POINT ( 'NONE', #2859 ) ;
#963 = ORIENTED_EDGE ( 'NONE', *, *, #2161, .F. ) ;
#965 = CYLINDRICAL_SURFACE ( 'NONE', #2847, 0.05314960629921275381 ) ;
#966 = CIRCLE ( 'NONE', #358, 0.05314960629921275381 ) ;
#967 = DIRECTION ( 'NONE',  ( -0.000000000000000000, -0.000000000000000000, 1.000000000000000000 ) ) ;
#968 = ORIENTED_EDGE ( 'NONE', *, *, #2649, .T. ) ;
#969 = CARTESIAN_POINT ( 'NONE',  ( -2.573716625472568964, 0.3124999999999993339, -4.290509469491086136 ) ) ;
#970 = ORIENTED_EDGE ( 'NONE', *, *, #1349, .F. ) ;
#971 = CARTESIAN_POINT ( 'NONE',  ( -0.2499999999999996947, 0.3124999999999985012, 0.1000000000000000194 ) ) ;
#972 = CYLINDRICAL_SURFACE ( 'NONE', #253, 0.2362204699999995716 ) ;
#973 = CARTESIAN_POINT ( 'NONE',  ( -1.624999999999999112, -3.000000000000003109, 0.2500000000000000555 ) ) ;
#974 = EDGE_LOOP ( 'NONE', ( #1230, #1278, #1702, #618 ) ) ;
#975 = AXIS2_PLACEMENT_3D ( 'NONE', #1558, #790, #2527 ) ;
#977 = VERTEX_POINT ( 'NONE', #676 ) ;
#976 = ORIENTED_EDGE ( 'NONE', *, *, #1663, .T. ) ;
#978 = FACE_OUTER_BOUND ( 'NONE', #1335, .T. ) ;
#979 = ADVANCED_FACE ( 'NONE', ( #377 ), #849, .F. ) ;
#980 = EDGE_CURVE ( 'NONE', #2440, #1505, #1394, .T. ) ;
#981 = DIRECTION ( 'NONE',  ( 1.000000000000000000, 0.000000000000000000, 0.000000000000000000 ) ) ;
#982 = ORIENTED_EDGE ( 'NONE', *, *, #879, .F. ) ;
#983 = LINE ( 'NONE', #2520, #651 ) ;
#984 = EDGE_CURVE ( 'NONE', #2176, #2344, #1629, .T. ) ;
#985 = EDGE_LOOP ( 'NONE', ( #450, #2540, #826, #2316 ) ) ;
#986 = LINE ( 'NONE', #1954, #1212 ) ;
#987 = VERTEX_POINT ( 'NONE', #1128 ) ;
#988 = DIRECTION ( 'NONE',  ( 1.000000000000000000, 0.000000000000000000, 0.000000000000000000 ) ) ;
#989 = CARTESIAN_POINT ( 'NONE',  ( 0.000000000000000000, 2.875000000000000000, 0.2500000000000000000 ) ) ;
#990 = FACE_OUTER_BOUND ( 'NONE', #1201, .T. ) ;
#991 = VECTOR ( 'NONE', #1439, 39.37007874015748143 ) ;
#992 = DIRECTION ( 'NONE',  ( -0.000000000000000000, 0.000000000000000000, 1.000000000000000000 ) ) ;
#994 = EDGE_LOOP ( 'NONE', ( #2645, #1997, #2970, #1989 ) ) ;
#993 = EDGE_LOOP ( 'NONE', ( #1292, #2544, #1507, #876 ) ) ;
#995 = DIRECTION ( 'NONE',  ( 1.000000000000000000, 2.731847993664265191E-15, 0.000000000000000000 ) ) ;
#996 = ORIENTED_EDGE ( 'NONE', *, *, #340, .T. ) ;
#997 = VECTOR ( 'NONE', #2372, 39.37007874015748143 ) ;
#998 = ADVANCED_FACE ( 'NONE', ( #446 ), #644, .F. ) ;
#999 = CARTESIAN_POINT ( 'NONE',  ( -3.710040804080457555, 0.2083333333333330928, -4.290509469491086136 ) ) ;
#1000 = ADVANCED_FACE ( 'NONE', ( #2824 ), #143, .T. ) ;
#1001 = ORIENTED_EDGE ( 'NONE', *, *, #479, .F. ) ;
#1002 = CARTESIAN_POINT ( 'NONE',  ( -0.1742125984251980952, 2.500000000000000000, 0.2500000000000000555 ) ) ;
#1003 = ORIENTED_EDGE ( 'NONE', *, *, #1793, .T. ) ;
#1004 = DIRECTION ( 'NONE',  ( -0.000000000000000000, 0.000000000000000000, 1.000000000000000000 ) ) ;
#1005 = LINE ( 'NONE', #730, #96 ) ;
#1006 = CALENDAR_DATE ( 2026, 20, 3 ) ;
#1007 = CIRCLE ( 'NONE', #2780, 0.8549999999999995381 ) ;
#1008 = DIRECTION ( 'NONE',  ( -0.000000000000000000, -0.000000000000000000, 1.000000000000000000 ) ) ;
#1009 = AXIS2_PLACEMENT_3D ( 'NONE', #2415, #1004, #1717 ) ;
#1010 = VECTOR ( 'NONE', #2893, 39.37007874015748143 ) ;
#1011 = PLANE ( 'NONE',  #2730 ) ;
#1012 = ORIENTED_EDGE ( 'NONE', *, *, #2576, .F. ) ;
#1013 = CARTESIAN_POINT ( 'NONE',  ( -2.940550502716042125, 0.000000000000000000, 0.2500000000000000000 ) ) ;
#1014 = ORIENTED_EDGE ( 'NONE', *, *, #2090, .F. ) ;
#1015 = CARTESIAN_POINT ( 'NONE',  ( -0.000000000000000000, 0.000000000000000000, 0.000000000000000000 ) ) ;
#1016 = VERTEX_POINT ( 'NONE', #2794 ) ;
#1017 = AXIS2_PLACEMENT_3D ( 'NONE', #2347, #2110, #2362 ) ;
#1018 = CARTESIAN_POINT ( 'NONE',  ( -0.6250000000000018874, 2.999999999999998668, 0.000000000000000000 ) ) ;
#1019 = EDGE_LOOP ( 'NONE', ( #2145, #1352, #1823, #344 ) ) ;
#1020 = LINE ( 'NONE', #1196, #794 ) ;
#1021 = APPROVAL_ROLE ( '' ) ;
#1022 = ADVANCED_FACE ( 'NONE', ( #2081 ), #2604, .F. ) ;
#1023 = CARTESIAN_POINT ( 'NONE',  ( -0.5000000000000016653, -2.874999999999999112, -4.290509469491086136 ) ) ;
#1024 = FACE_BOUND ( 'NONE', #1045, .T. ) ;
#1025 = ORIENTED_EDGE ( 'NONE', *, *, #21, .F. ) ;
#1026 = CARTESIAN_POINT ( 'NONE',  ( -3.308660738936514800, -0.3740157480314973415, 0.2500000000000000000 ) ) ;
#1027 = DIRECTION ( 'NONE',  ( 0.7771458215321034313, -0.6293205638426191406, 0.000000000000000000 ) ) ;
#1028 = AXIS2_PLACEMENT_3D ( 'NONE', #2251, #541, #354 ) ;
#1029 = ORIENTED_EDGE ( 'NONE', *, *, #1137, .F. ) ;
#1030 = CYLINDRICAL_SURFACE ( 'NONE', #846, 0.2499999999999998890 ) ;
#1031 = ORIENTED_EDGE ( 'NONE', *, *, #2342, .T. ) ;
#1032 = DIRECTION ( 'NONE',  ( -1.000000000000000000, -3.087581329339791589E-16, 0.000000000000000000 ) ) ;
#1033 = DIRECTION ( 'NONE',  ( 1.000000000000000000, 0.000000000000000000, 0.000000000000000000 ) ) ;
#1034 = ADVANCED_FACE ( 'NONE', ( #2589, #3065 ), #2810, .T. ) ;
#1035 = ADVANCED_FACE ( 'NONE', ( #1850 ), #1820, .T. ) ;
#1036 = CARTESIAN_POINT ( 'NONE',  ( -3.755511132637301408, -0.5590169943749490056, 0.1000000000000000194 ) ) ;
#1037 = ORIENTED_EDGE ( 'NONE', *, *, #126, .F. ) ;
#1038 = EDGE_CURVE ( 'NONE', #2440, #636, #2031, .T. ) ;
#1039 = CARTESIAN_POINT ( 'NONE',  ( -7.342519680000000548, 0.1760683369028015477, 0.000000000000000000 ) ) ;
#1040 = CIRCLE ( 'NONE', #1799, 0.2499999999999998057 ) ;
#1041 = LINE ( 'NONE', #578, #2475 ) ;
#1042 = VERTEX_POINT ( 'NONE', #1583 ) ;
#1043 = AXIS2_PLACEMENT_3D ( 'NONE', #2725, #3000, #795 ) ;
#1044 = CARTESIAN_POINT ( 'NONE',  ( -0.4999999999999996114, 0.3124999999999985012, 0.2500000000000000000 ) ) ;
#1045 = EDGE_LOOP ( 'NONE', ( #2902, #896 ) ) ;
#1046 = FACE_BOUND ( 'NONE', #614, .T. ) ;
#1047 = CIRCLE ( 'NONE', #2722, 0.2500000000000008882 ) ;
#1048 = CARTESIAN_POINT ( 'NONE',  ( -0.5000000000000014433, 0.06249999999999866079, 0.2500000000000000000 ) ) ;
#1049 = ORIENTED_EDGE ( 'NONE', *, *, #2924, .T. ) ;
#1050 = DIRECTION ( 'NONE',  ( -0.000000000000000000, -0.000000000000000000, 1.000000000000000000 ) ) ;
#1051 = CC_DESIGN_PERSON_AND_ORGANIZATION_ASSIGNMENT ( #887, #1860, ( #2486 ) ) ;
#1052 = FACE_BOUND ( 'NONE', #2805, .T. ) ;
#1053 = CIRCLE ( 'NONE', #951, 0.04921259842519658950 ) ;
#1054 = ORIENTED_EDGE ( 'NONE', *, *, #383, .T. ) ;
#1055 = AXIS2_PLACEMENT_3D ( 'NONE', #623, #2837, #3073 ) ;
#1056 = FACE_OUTER_BOUND ( 'NONE', #1873, .T. ) ;
#1057 = CIRCLE ( 'NONE', #2127, 0.04921259842519689481 ) ;
#1058 = EDGE_CURVE ( 'NONE', #1758, #2935, #413, .T. ) ;
#1059 = CIRCLE ( 'NONE', #256, 0.2499999999999998057 ) ;
#1060 = CARTESIAN_POINT ( 'NONE',  ( 4.268512490100409923E-16, 3.124999999999999112, 0.2500000000000000000 ) ) ;
#1061 = LINE ( 'NONE', #2947, #1915 ) ;
#1062 = VERTEX_POINT ( 'NONE', #664 ) ;
#1063 = CARTESIAN_POINT ( 'NONE',  ( -1.575787401574802571, -3.000000000000003109, 0.000000000000000000 ) ) ;
#1064 = ORIENTED_EDGE ( 'NONE', *, *, #1306, .T. ) ;
#1065 = CYLINDRICAL_SURFACE ( 'NONE', #1768, 0.2499999999999998890 ) ;
#1066 = CIRCLE ( 'NONE', #108, 0.2500000000000008882 ) ;
#1067 = CARTESIAN_POINT ( 'NONE',  ( -7.500000000000000000, 7.409113134841469265E-17, 0.2500000000000000000 ) ) ;
#1068 = EDGE_LOOP ( 'NONE', ( #1661, #1012, #2733, #2664 ) ) ;
#1069 = CARTESIAN_POINT ( 'NONE',  ( -3.623621368857774971, -1.416478390373796995E-15, 0.000000000000000000 ) ) ;
#1070 = CARTESIAN_POINT ( 'NONE',  ( 1.193844745517645988E-17, -0.06249999999999854977, -4.290509469491086136 ) ) ;
#1071 = CYLINDRICAL_SURFACE ( 'NONE', #2680, 0.04921259842519662420 ) ;
#1072 = ORIENTED_EDGE ( 'NONE', *, *, #1582, .F. ) ;
#1073 = DIRECTION ( 'NONE',  ( -0.000000000000000000, -0.000000000000000000, 1.000000000000000000 ) ) ;
#1074 = CARTESIAN_POINT ( 'NONE',  ( -3.255511132637301852, -1.422987339896824252E-15, 0.2500000000000000000 ) ) ;
#1075 = CARTESIAN_POINT ( 'NONE',  ( -7.657480320000000340, 0.1760683369028015477, 0.2500000000000000000 ) ) ;
#1076 = ADVANCED_FACE ( 'NONE', ( #629 ), #394, .F. ) ;
#1077 = EDGE_CURVE ( 'NONE', #616, #1150, #3033, .T. ) ;
#1078 = EDGE_LOOP ( 'NONE', ( #2731, #2833 ) ) ;
#1079 = DIRECTION ( 'NONE',  ( -0.000000000000000000, -0.000000000000000000, 1.000000000000000000 ) ) ;
#1080 = ORIENTED_EDGE ( 'NONE', *, *, #2694, .T. ) ;
#1081 = AXIS2_PLACEMENT_3D ( 'NONE', #2453, #2212, #3077 ) ;
#1082 = FACE_OUTER_BOUND ( 'NONE', #719, .T. ) ;
#1083 = EDGE_CURVE ( 'NONE', #403, #720, #2436, .T. ) ;
#1084 = CARTESIAN_POINT ( 'NONE',  ( -3.755511132637301408, 2.625000000000000000, 0.1000000000000000194 ) ) ;
#1085 = DIRECTION ( 'NONE',  ( 0.000000000000000000, 1.000000000000000000, 0.000000000000000000 ) ) ;
#1086 = DIRECTION ( 'NONE',  ( 1.000000000000000000, 0.000000000000000000, 0.000000000000000000 ) ) ;
#1087 = CARTESIAN_POINT ( 'NONE',  ( -2.573716625472568964, -0.06249999999999929917, -4.290509469491086136 ) ) ;
#1088 = VERTEX_POINT ( 'NONE', #2843 ) ;
#1089 = CARTESIAN_POINT ( 'NONE',  ( 1.929738330837323521E-17, -0.06249999999999850814, 0.1000000000000000194 ) ) ;
#1090 = DIRECTION ( 'NONE',  ( 1.000000000000000000, 0.000000000000000000, 0.000000000000000000 ) ) ;
#1091 = DIRECTION ( 'NONE',  ( 1.000000000000000000, 0.000000000000000000, 0.000000000000000000 ) ) ;
#1092 = CIRCLE ( 'NONE', #2618, 0.2499999999999998057 ) ;
#1093 = EDGE_LOOP ( 'NONE', ( #2153, #705, #500, #467 ) ) ;
#1094 = DIRECTION ( 'NONE',  ( 1.000000000000000000, 0.000000000000000000, 0.000000000000000000 ) ) ;
#1095 = VERTEX_POINT ( 'NONE', #945 ) ;
#1096 = EDGE_CURVE ( 'NONE', #1223, #1707, #1665, .T. ) ;
#1097 = CYLINDRICAL_SURFACE ( 'NONE', #1465, 0.2499999999999998890 ) ;
#1098 = ORIENTED_EDGE ( 'NONE', *, *, #1253, .T. ) ;
#1099 = CARTESIAN_POINT ( 'NONE',  ( -3.255511132637301852, 0.000000000000000000, 0.2500000000000000000 ) ) ;
#1100 = EDGE_CURVE ( 'NONE', #3057, #1272, #2281, .T. ) ;
#1101 = AXIS2_PLACEMENT_3D ( 'NONE', #1174, #929, #2636 ) ;
#1102 = DIRECTION ( 'NONE',  ( 0.000000000000000000, -0.000000000000000000, -1.000000000000000000 ) ) ;
#1103 = DIRECTION ( 'NONE',  ( 0.000000000000000000, -1.000000000000000000, 0.000000000000000000 ) ) ;
#1104 = AXIS2_PLACEMENT_3D ( 'NONE', #1592, #2564, #387 ) ;
#1105 = CARTESIAN_POINT ( 'NONE',  ( 0.000000000000000000, -2.875000000000000000, -4.290509469491086136 ) ) ;
#1106 = EDGE_LOOP ( 'NONE', ( #153, #2710, #2878, #961 ) ) ;
#1107 = DIRECTION ( 'NONE',  ( -0.000000000000000000, 0.000000000000000000, 1.000000000000000000 ) ) ;
#1108 = CIRCLE ( 'NONE', #2883, 0.5000000000000001110 ) ;
#1109 = VECTOR ( 'NONE', #1941, 39.37007874015748143 ) ;
#1110 = VECTOR ( 'NONE', #306, 39.37007874015748143 ) ;
#1111 = CARTESIAN_POINT ( 'NONE',  ( -3.755511132637301408, -2.625000000000000000, 0.1000000000000000194 ) ) ;
#1112 = VECTOR ( 'NONE', #648, 39.37007874015748143 ) ;
#1113 = CIRCLE ( 'NONE', #3044, 0.2499999999999998057 ) ;
#1114 = ORIENTED_EDGE ( 'NONE', *, *, #265, .T. ) ;
#1115 = CARTESIAN_POINT ( 'NONE',  ( -6.722856462524415377, 0.3564728911992242066, 0.2500000000000000000 ) ) ;
#1116 = VERTEX_POINT ( 'NONE', #1455 ) ;
#1117 = CARTESIAN_POINT ( 'NONE',  ( -3.255511132637301852, 0.000000000000000000, -4.290509469491086136 ) ) ;
#1118 = EDGE_CURVE ( 'NONE', #2420, #2778, #63, .T. ) ;
#1119 = ORIENTED_EDGE ( 'NONE', *, *, #513, .F. ) ;
#1120 = CARTESIAN_POINT ( 'NONE',  ( -0.1250000000000006939, -5.310615137435790852E-16, 0.2500000000000000000 ) ) ;
#1121 = DIRECTION ( 'NONE',  ( -0.000000000000000000, -0.000000000000000000, -1.000000000000000000 ) ) ;
#1122 = DIRECTION ( 'NONE',  ( 1.000000000000000000, 0.000000000000000000, 0.000000000000000000 ) ) ;
#1123 = AXIS2_PLACEMENT_3D ( 'NONE', #2890, #2937, #484 ) ;
#1124 = EDGE_CURVE ( 'NONE', #1297, #884, #911, .T. ) ;
#1125 = PLANE ( 'NONE',  #1817 ) ;
#1126 = ORIENTED_EDGE ( 'NONE', *, *, #3101, .F. ) ;
#1127 = FACE_OUTER_BOUND ( 'NONE', #1900, .T. ) ;
#1128 = CARTESIAN_POINT ( 'NONE',  ( -3.255511132637301852, -0.7071067811865487940, 0.2500000000000000000 ) ) ;
#1129 = LINE ( 'NONE', #3085, #580 ) ;
#1130 = ORIENTED_EDGE ( 'NONE', *, *, #2361, .T. ) ;
#1131 = CARTESIAN_POINT ( 'NONE',  ( -3.755511132637301408, 2.875000000000000000, -4.290509469491086136 ) ) ;
#1132 = ORIENTED_EDGE ( 'NONE', *, *, #812, .F. ) ;
#1133 = CIRCLE ( 'NONE', #2909, 0.2499999999999998057 ) ;
#1134 = ORIENTED_EDGE ( 'NONE', *, *, #2235, .T. ) ;
#1135 = DIRECTION ( 'NONE',  ( -0.000000000000000000, 0.000000000000000000, 1.000000000000000000 ) ) ;
#1136 = DIRECTION ( 'NONE',  ( 1.000000000000000000, 0.000000000000000000, 0.000000000000000000 ) ) ;
#1137 = EDGE_CURVE ( 'NONE', #2468, #51, #2895, .T. ) ;
#1138 = EDGE_CURVE ( 'NONE', #1928, #2297, #162, .T. ) ;
#1139 = CARTESIAN_POINT ( 'NONE',  ( -3.005511132637302296, -2.625000000000000000, 0.2500000000000000000 ) ) ;
#1140 = VERTEX_POINT ( 'NONE', #20 ) ;
#1141 = CARTESIAN_POINT ( 'NONE',  ( -0.4999999999999996114, -0.3124999999999985012, 0.2500000000000000000 ) ) ;
#1142 = DIRECTION ( 'NONE',  ( 0.000000000000000000, -0.000000000000000000, -1.000000000000000000 ) ) ;
#1143 = ADVANCED_FACE ( 'NONE', ( #978 ), #965, .F. ) ;
#1144 = DIRECTION ( 'NONE',  ( 1.000000000000000000, 0.000000000000000000, 0.000000000000000000 ) ) ;
#1145 = LINE ( 'NONE', #1620, #3023 ) ;
#1146 = EDGE_LOOP ( 'NONE', ( #1785, #1064, #1807, #1187 ) ) ;
#1147 = DIRECTION ( 'NONE',  ( 0.000000000000000000, -0.000000000000000000, -1.000000000000000000 ) ) ;
#1148 = AXIS2_PLACEMENT_3D ( 'NONE', #2638, #1668, #981 ) ;
#1149 = VERTEX_POINT ( 'NONE', #1947 ) ;
#1150 = VERTEX_POINT ( 'NONE', #2903 ) ;
#1151 = LINE ( 'NONE', #216, #2164 ) ;
#1152 = CARTESIAN_POINT ( 'NONE',  ( 0.000000000000000000, 0.000000000000000000, 0.000000000000000000 ) ) ;
#1153 = AXIS2_PLACEMENT_3D ( 'NONE', #3063, #845, #877 ) ;
#1154 = VERTEX_POINT ( 'NONE', #721 ) ;
#1155 = DIRECTION ( 'NONE',  ( 1.000000000000000000, 3.087581329339791589E-16, 0.000000000000000000 ) ) ;
#1156 = VECTOR ( 'NONE', #338, 39.37007874015748854 ) ;
#1157 = EDGE_CURVE ( 'NONE', #1931, #255, #1066, .T. ) ;
#1158 = DIRECTION ( 'NONE',  ( -0.000000000000000000, -0.000000000000000000, -1.000000000000000000 ) ) ;
#1159 = EDGE_LOOP ( 'NONE', ( #3094, #2172, #2476, #1472 ) ) ;
#1160 = CARTESIAN_POINT ( 'NONE',  ( -3.822940651178508453, -2.625000000000000000, -4.290509469491086136 ) ) ;
#1161 = EDGE_CURVE ( 'NONE', #2591, #1149, #2423, .T. ) ;
#1162 = VECTOR ( 'NONE', #2969, 39.37007874015748143 ) ;
#1163 = LINE ( 'NONE', #915, #2057 ) ;
#1164 = ORIENTED_EDGE ( 'NONE', *, *, #1911, .F. ) ;
#1165 = DIRECTION ( 'NONE',  ( 1.000000000000000000, -0.000000000000000000, 0.000000000000000000 ) ) ;
#1166 = AXIS2_PLACEMENT_3D ( 'NONE', #1924, #14, #988 ) ;
#1167 = ORIENTED_EDGE ( 'NONE', *, *, #1874, .F. ) ;
#1168 = CARTESIAN_POINT ( 'NONE',  ( -0.6742125984251985393, 2.999999999999998668, 0.000000000000000000 ) ) ;
#1169 = CARTESIAN_POINT ( 'NONE',  ( -3.588844465970635333, 0.3726779962499665033, -4.290509469491086136 ) ) ;
#1170 = DIRECTION ( 'NONE',  ( 0.000000000000000000, 0.000000000000000000, 1.000000000000000000 ) ) ;
#1171 = ORIENTED_EDGE ( 'NONE', *, *, #1603, .T. ) ;
#1172 = DIRECTION ( 'NONE',  ( 1.000000000000000000, 0.000000000000000000, 0.000000000000000000 ) ) ;
#1173 = ORIENTED_EDGE ( 'NONE', *, *, #1221, .F. ) ;
#1174 = CARTESIAN_POINT ( 'NONE',  ( -7.500000000000000000, 7.409113134841469265E-17, -4.290509469491086136 ) ) ;
#1175 = DIRECTION ( 'NONE',  ( 0.000000000000000000, -0.000000000000000000, -1.000000000000000000 ) ) ;
#1176 = ORIENTED_EDGE ( 'NONE', *, *, #73, .F. ) ;
#1177 = EDGE_CURVE ( 'NONE', #2939, #41, #1438, .T. ) ;
#1178 = FACE_OUTER_BOUND ( 'NONE', #1371, .T. ) ;
#1179 = EDGE_LOOP ( 'NONE', ( #673, #3139, #1679, #1853 ) ) ;
#1180 = LINE ( 'NONE', #1655, #2325 ) ;
#1181 = EDGE_CURVE ( 'NONE', #2488, #1430, #2336, .T. ) ;
#1182 = DIRECTION ( 'NONE',  ( -0.000000000000000000, -0.000000000000000000, 1.000000000000000000 ) ) ;
#1183 = DIRECTION ( 'NONE',  ( -0.000000000000000000, 0.000000000000000000, 1.000000000000000000 ) ) ;
#1184 = AXIS2_PLACEMENT_3D ( 'NONE', #443, #1186, #1613 ) ;
#1185 = VERTEX_POINT ( 'NONE', #257 ) ;
#1186 = DIRECTION ( 'NONE',  ( -0.000000000000000000, 0.000000000000000000, 1.000000000000000000 ) ) ;
#1187 = ORIENTED_EDGE ( 'NONE', *, *, #1077, .F. ) ;
#1188 = CARTESIAN_POINT ( 'NONE',  ( -3.255511132637301852, 0.7071067811865487940, -4.290509469491086136 ) ) ;
#1189 = DIRECTION ( 'NONE',  ( -1.365923996832131609E-16, 1.000000000000000000, 0.000000000000000000 ) ) ;
#1190 = VERTEX_POINT ( 'NONE', #1225 ) ;
#1191 = FACE_OUTER_BOUND ( 'NONE', #140, .T. ) ;
#1192 = EDGE_CURVE ( 'NONE', #631, #1150, #966, .T. ) ;
#1193 = ORIENTED_EDGE ( 'NONE', *, *, #2900, .T. ) ;
#1194 = EDGE_CURVE ( 'NONE', #949, #928, #458, .T. ) ;
#1195 = DIRECTION ( 'NONE',  ( 1.000000000000000000, 0.000000000000000000, 0.000000000000000000 ) ) ;
#1196 = CARTESIAN_POINT ( 'NONE',  ( -0.2499999999999996114, 2.428309327701562991E-17, 0.1000000000000000194 ) ) ;
#1197 = CARTESIAN_POINT ( 'NONE',  ( -3.155511132637301763, -1.410740871905350500E-15, 0.2500000000000000000 ) ) ;
#1198 = DATE_TIME_ROLE ( 'creation_date' ) ;
#1199 = VECTOR ( 'NONE', #2920, 39.37007874015748143 ) ;
#1200 = ADVANCED_FACE ( 'NONE', ( #691 ), #1709, .F. ) ;
#1201 = EDGE_LOOP ( 'NONE', ( #2132, #1690, #110, #1651 ) ) ;
#1202 = APPROVAL_PERSON_ORGANIZATION ( #955, #2743, #2194 ) ;
#1204 = VERTEX_POINT ( 'NONE', #502 ) ;
#1203 = ORIENTED_EDGE ( 'NONE', *, *, #248, .T. ) ;
#1205 = VECTOR ( 'NONE', #465, 39.37007874015748143 ) ;
#1206 = CARTESIAN_POINT ( 'NONE',  ( -3.255511132637301852, 1.422987339896824252E-15, 0.1000000000000000194 ) ) ;
#1207 = CARTESIAN_POINT ( 'NONE',  ( -3.755511132637301408, -2.875000000000000000, 0.1000000000000000194 ) ) ;
#1208 = VERTEX_POINT ( 'NONE', #1469 ) ;
#1209 = CYLINDRICAL_SURFACE ( 'NONE', #1765, 0.2499999999999998057 ) ;
#1210 = ORIENTED_EDGE ( 'NONE', *, *, #2091, .T. ) ;
#1211 = LINE ( 'NONE', #2177, #298 ) ;
#1212 = VECTOR ( 'NONE', #950, 39.37007874015748143 ) ;
#1213 = LINE ( 'NONE', #2946, #1513 ) ;
#1214 = VECTOR ( 'NONE', #1641, 39.37007874015748143 ) ;
#1215 = DIRECTION ( 'NONE',  ( -0.000000000000000000, -0.000000000000000000, 1.000000000000000000 ) ) ;
#1216 = PERSON_AND_ORGANIZATION ( #1979, #192 ) ;
#1217 = CIRCLE ( 'NONE', #1362, 0.2499999999999998057 ) ;
#1218 = AXIS2_PLACEMENT_3D ( 'NONE', #2114, #3037, #166 ) ;
#1219 = AXIS2_PLACEMENT_3D ( 'NONE', #808, #2769, #1783 ) ;
#1220 = ORIENTED_EDGE ( 'NONE', *, *, #2254, .F. ) ;
#1221 = EDGE_CURVE ( 'NONE', #211, #2939, #2442, .T. ) ;
#1222 = ADVANCED_FACE ( 'NONE', ( #1966 ), #208, .T. ) ;
#1224 = ORIENTED_EDGE ( 'NONE', *, *, #1934, .T. ) ;
#1223 = VERTEX_POINT ( 'NONE', #2216 ) ;
#1225 = CARTESIAN_POINT ( 'NONE',  ( -3.088844465970635778, -0.4714045207910331214, 0.1000000000000000194 ) ) ;
#1226 = VECTOR ( 'NONE', #3097, 39.37007874015748143 ) ;
#1227 = DIRECTION ( 'NONE',  ( -0.000000000000000000, -0.000000000000000000, 1.000000000000000000 ) ) ;
#1228 = ORIENTED_EDGE ( 'NONE', *, *, #58, .F. ) ;
#1229 = DIRECTION ( 'NONE',  ( 1.000000000000000000, 0.000000000000000000, 0.000000000000000000 ) ) ;
#1230 = ORIENTED_EDGE ( 'NONE', *, *, #2400, .T. ) ;
#1231 = DIRECTION ( 'NONE',  ( 1.000000000000000000, 1.912293595564985633E-15, 0.000000000000000000 ) ) ;
#1232 = CARTESIAN_POINT ( 'NONE',  ( -7.001364847079792675, 0.6945415641070313839, 0.000000000000000000 ) ) ;
#1233 = CARTESIAN_POINT ( 'NONE',  ( -3.710040804080457555, 0.2083333333333330928, 0.1000000000000000194 ) ) ;
#1234 = PERSON_AND_ORGANIZATION ( #1979, #192 ) ;
#1235 = EDGE_CURVE ( 'NONE', #727, #273, #784, .T. ) ;
#1236 = AXIS2_PLACEMENT_3D ( 'NONE', #806, #74, #323 ) ;
#1237 = FACE_BOUND ( 'NONE', #1078, .T. ) ;
#1239 = ORIENTED_EDGE ( 'NONE', *, *, #2130, .F. ) ;
#1238 = ORIENTED_EDGE ( 'NONE', *, *, #3003, .F. ) ;
#1240 = DIRECTION ( 'NONE',  ( 0.7771458215321032093, 0.6293205638426191406, 0.000000000000000000 ) ) ;
#1241 = EDGE_LOOP ( 'NONE', ( #2266, #417, #2068, #2002 ) ) ;
#1242 = DIRECTION ( 'NONE',  ( 1.000000000000000000, -1.776356839400250070E-15, 0.000000000000000000 ) ) ;
#1243 = ORIENTED_EDGE ( 'NONE', *, *, #1748, .T. ) ;
#1244 = CARTESIAN_POINT ( 'NONE',  ( -3.674212598425195875, -3.000000000000009326, 0.2500000000000000555 ) ) ;
#1245 = VERTEX_POINT ( 'NONE', #1531 ) ;
#1246 = DIRECTION ( 'NONE',  ( -0.000000000000000000, -0.000000000000000000, 1.000000000000000000 ) ) ;
#1247 = CARTESIAN_POINT ( 'NONE',  ( -3.255511132637301852, -0.3740157480314973415, 0.000000000000000000 ) ) ;
#1248 = PERSON_AND_ORGANIZATION_ROLE ( 'creator' ) ;
#1249 = DIRECTION ( 'NONE',  ( 1.000000000000000000, 0.000000000000000000, 0.000000000000000000 ) ) ;
#1250 = FACE_BOUND ( 'NONE', #2600, .T. ) ;
#1251 = ORIENTED_EDGE ( 'NONE', *, *, #1834, .F. ) ;
#1252 = CARTESIAN_POINT ( 'NONE',  ( -2.940550502716042125, 0.000000000000000000, 0.000000000000000000 ) ) ;
#1253 = EDGE_CURVE ( 'NONE', #314, #2182, #1350, .T. ) ;
#1254 = VERTEX_POINT ( 'NONE', #1517 ) ;
#1255 = LINE ( 'NONE', #1060, #1568 ) ;
#1256 = ADVANCED_FACE ( 'NONE', ( #2244 ), #1279, .F. ) ;
#1257 = VERTEX_POINT ( 'NONE', #78 ) ;
#1258 = CARTESIAN_POINT ( 'NONE',  ( -7.001364847079792675, -0.6945415641070313839, 0.2500000000000000000 ) ) ;
#1259 = VERTEX_POINT ( 'NONE', #1039 ) ;
#1260 = CARTESIAN_POINT ( 'NONE',  ( -3.755511132637301408, -0.5590169943749490056, 0.2500000000000000000 ) ) ;
#1261 = AXIS2_PLACEMENT_3D ( 'NONE', #1044, #2015, #2989 ) ;
#1262 = CARTESIAN_POINT ( 'NONE',  ( -0.07578740157480295947, -2.500000000000000000, 0.000000000000000000 ) ) ;
#1263 = VECTOR ( 'NONE', #2955, 39.37007874015748143 ) ;
#1264 = AXIS2_PLACEMENT_3D ( 'NONE', #353, #2479, #1274 ) ;
#1265 = AXIS2_PLACEMENT_3D ( 'NONE', #1355, #1289, #1812 ) ;
#1266 = CARTESIAN_POINT ( 'NONE',  ( -3.005511132637302296, -2.875000000000000000, 0.1000000000000000194 ) ) ;
#1267 = VERTEX_POINT ( 'NONE', #2043 ) ;
#1268 = DIRECTION ( 'NONE',  ( 1.000000000000000000, 0.000000000000000000, 0.000000000000000000 ) ) ;
#1269 = FACE_OUTER_BOUND ( 'NONE', #993, .T. ) ;
#1270 = ORIENTED_EDGE ( 'NONE', *, *, #1406, .T. ) ;
#1271 = CARTESIAN_POINT ( 'NONE',  ( -2.993700109015255073, 6.508949523027290279E-18, 0.000000000000000000 ) ) ;
#1272 = VERTEX_POINT ( 'NONE', #561 ) ;
#1273 = EDGE_CURVE ( 'NONE', #2367, #2585, #1752, .T. ) ;
#1274 = DIRECTION ( 'NONE',  ( 1.000000000000000000, 0.000000000000000000, 0.000000000000000000 ) ) ;
#1275 = CYLINDRICAL_SURFACE ( 'NONE', #2997, 0.2500000000000003331 ) ;
#1276 = EDGE_CURVE ( 'NONE', #2935, #2297, #690, .T. ) ;
#1277 = DIRECTION ( 'NONE',  ( 1.000000000000000000, -1.365923996832131609E-16, 0.000000000000000000 ) ) ;
#1278 = ORIENTED_EDGE ( 'NONE', *, *, #860, .F. ) ;
#1279 = CYLINDRICAL_SURFACE ( 'NONE', #85, 0.05314960629921275381 ) ;
#1280 = DIRECTION ( 'NONE',  ( -0.000000000000000000, -0.000000000000000000, 1.000000000000000000 ) ) ;
#1281 = ORIENTED_EDGE ( 'NONE', *, *, #3140, .T. ) ;
#1282 = CARTESIAN_POINT ( 'NONE',  ( -0.07578740157480409745, -5.310615137435790852E-16, 0.2500000000000000000 ) ) ;
#1283 = ORIENTED_EDGE ( 'NONE', *, *, #1124, .T. ) ;
#1284 = DIRECTION ( 'NONE',  ( -0.000000000000000000, -0.000000000000000000, 1.000000000000000000 ) ) ;
#1285 = CC_DESIGN_DATE_AND_TIME_ASSIGNMENT ( #1942, #1198, ( #1948 ) ) ;
#1286 = EDGE_CURVE ( 'NONE', #987, #207, #111, .T. ) ;
#1287 = DIRECTION ( 'NONE',  ( 0.000000000000000000, -1.000000000000000000, 0.000000000000000000 ) ) ;
#1288 = VERTEX_POINT ( 'NONE', #2500 ) ;
#1289 = DIRECTION ( 'NONE',  ( -1.000000000000000000, 0.000000000000000000, 0.000000000000000000 ) ) ;
#1290 = EDGE_CURVE ( 'NONE', #2619, #179, #1982, .T. ) ;
#1291 = FACE_BOUND ( 'NONE', #1654, .T. ) ;
#1292 = ORIENTED_EDGE ( 'NONE', *, *, #546, .T. ) ;
#1293 = LINE ( 'NONE', #2258, #2877 ) ;
#1294 = CARTESIAN_POINT ( 'NONE',  ( -3.505511132637301852, 2.625000000000000000, -4.290509469491086136 ) ) ;
#1295 = CARTESIAN_POINT ( 'NONE',  ( -0.5757874015748053464, 2.999999999999998668, 0.2500000000000000000 ) ) ;
#1296 = CIRCLE ( 'NONE', #1602, 0.04921259842519641603 ) ;
#1297 = VERTEX_POINT ( 'NONE', #328 ) ;
#1298 = DIRECTION ( 'NONE',  ( -0.000000000000000000, -0.000000000000000000, -1.000000000000000000 ) ) ;
#1299 = ORIENTED_EDGE ( 'NONE', *, *, #1723, .F. ) ;
#1300 = FACE_BOUND ( 'NONE', #2329, .T. ) ;
#1301 = VECTOR ( 'NONE', #2149, 39.37007874015748143 ) ;
#1302 = FACE_OUTER_BOUND ( 'NONE', #2503, .T. ) ;
#1303 = ORIENTED_EDGE ( 'NONE', *, *, #612, .T. ) ;
#1304 = CARTESIAN_POINT ( 'NONE',  ( -3.505511132637301852, 0.000000000000000000, 0.2500000000000000000 ) ) ;
#1305 = DIRECTION ( 'NONE',  ( -1.000000000000000000, 1.817892446977627644E-16, 0.000000000000000000 ) ) ;
#1306 = EDGE_CURVE ( 'NONE', #476, #631, #66, .T. ) ;
#1307 = CARTESIAN_POINT ( 'NONE',  ( -3.588844465970635333, -0.3726779962499663368, -4.290509469491086136 ) ) ;
#1308 = ORIENTED_EDGE ( 'NONE', *, *, #1410, .T. ) ;
#1309 = AXIS2_PLACEMENT_3D ( 'NONE', #2929, #1314, #114 ) ;
#1310 = CARTESIAN_POINT ( 'NONE',  ( -3.255511132637301852, 0.3740157480314945104, 0.2500000000000000000 ) ) ;
#1311 = VECTOR ( 'NONE', #36, 39.37007874015748143 ) ;
#1312 = EDGE_CURVE ( 'NONE', #964, #1645, #838, .T. ) ;
#1313 = CARTESIAN_POINT ( 'NONE',  ( -3.005511132637302296, 0.7071067811865487940, -4.290509469491086136 ) ) ;
#1314 = DIRECTION ( 'NONE',  ( -0.000000000000000000, -0.000000000000000000, 1.000000000000000000 ) ) ;
#1315 = EDGE_LOOP ( 'NONE', ( #1963, #415, #1423, #70, #2199, #2741, #1126, #144, #963, #913 ) ) ;
#1316 = LINE ( 'NONE', #116, #234 ) ;
#1317 = EDGE_LOOP ( 'NONE', ( #3029, #261, #2371, #1876 ) ) ;
#1318 = CARTESIAN_POINT ( 'NONE',  ( 1.929738330837323521E-17, 0.06249999999999850814, -4.290509469491086136 ) ) ;
#1319 = AXIS2_PLACEMENT_3D ( 'NONE', #2697, #2141, #2200 ) ;
#1320 = CARTESIAN_POINT ( 'NONE',  ( -3.822940651178508453, -2.875000000000000000, -4.290509469491086136 ) ) ;
#1321 = DIRECTION ( 'NONE',  ( 1.000000000000000000, 1.817892446977627644E-16, 0.000000000000000000 ) ) ;
#1322 = CARTESIAN_POINT ( 'NONE',  ( -3.505511132637301852, 0.000000000000000000, 0.2500000000000000000 ) ) ;
#1323 = CARTESIAN_POINT ( 'NONE',  ( -3.202361526338089348, 0.3740157480314945104, 0.000000000000000000 ) ) ;
#1324 = ORIENTED_EDGE ( 'NONE', *, *, #2257, .F. ) ;
#1325 = DIRECTION ( 'NONE',  ( 1.000000000000000000, 0.000000000000000000, 0.000000000000000000 ) ) ;
#1326 = EDGE_CURVE ( 'NONE', #2394, #1800, #1293, .T. ) ;
#1327 = DIRECTION ( 'NONE',  ( -0.000000000000000000, -0.000000000000000000, 1.000000000000000000 ) ) ;
#1328 = CARTESIAN_POINT ( 'NONE',  ( -3.505511132637301852, -0.5590169943749490056, 0.2500000000000000000 ) ) ;
#1329 = ORIENTED_EDGE ( 'NONE', *, *, #819, .F. ) ;
#1330 = CARTESIAN_POINT ( 'NONE',  ( -3.255511132637301852, -1.422987339896824252E-15, 0.1000000000000000194 ) ) ;
#1331 = ORIENTED_EDGE ( 'NONE', *, *, #1038, .F. ) ;
#1332 = AXIS2_PLACEMENT_3D ( 'NONE', #1781, #2465, #2719 ) ;
#1333 = DIRECTION ( 'NONE',  ( -0.000000000000000000, -0.000000000000000000, 1.000000000000000000 ) ) ;
#1334 = ORIENTED_EDGE ( 'NONE', *, *, #1749, .F. ) ;
#1335 = EDGE_LOOP ( 'NONE', ( #2988, #1527, #2892, #528 ) ) ;
#1336 = DIRECTION ( 'NONE',  ( 1.000000000000000000, 0.000000000000000000, 0.000000000000000000 ) ) ;
#1337 = CARTESIAN_POINT ( 'NONE',  ( -3.088844465970635778, -0.4714045207910331214, 0.2500000000000000000 ) ) ;
#1338 = CARTESIAN_POINT ( 'NONE',  ( -0.2499999999999996947, -0.3124999999999985012, 0.2500000000000000000 ) ) ;
#1339 = EDGE_LOOP ( 'NONE', ( #1331, #2925, #1950, #815, #86, #2685, #54, #1792, #1396, #933, #1329, #1491 ) ) ;
#1340 = FACE_OUTER_BOUND ( 'NONE', #1485, .T. ) ;
#1341 = ADVANCED_FACE ( 'NONE', ( #1056 ), #2028, .F. ) ;
#1342 = CARTESIAN_POINT ( 'NONE',  ( -3.202361526338089348, -0.3740157480314973415, 0.2500000000000000000 ) ) ;
#1343 = AXIS2_PLACEMENT_3D ( 'NONE', #2393, #967, #946 ) ;
#1344 = VERTEX_POINT ( 'NONE', #767 ) ;
#1345 = CARTESIAN_POINT ( 'NONE',  ( -7.500000000000000000, -7.409113134841469265E-17, 0.000000000000000000 ) ) ;
#1346 = EDGE_LOOP ( 'NONE', ( #593, #2338 ) ) ;
#1347 = ADVANCED_FACE ( 'NONE', ( #1998 ), #811, .F. ) ;
#1348 = LINE ( 'NONE', #2319, #2270 ) ;
#1349 = EDGE_CURVE ( 'NONE', #2771, #2285, #2259, .T. ) ;
#1350 = CIRCLE ( 'NONE', #240, 0.05314960629921275381 ) ;
#1351 = ORIENTED_EDGE ( 'NONE', *, *, #398, .T. ) ;
#1352 = ORIENTED_EDGE ( 'NONE', *, *, #3076, .F. ) ;
#1353 = VECTOR ( 'NONE', #1121, 39.37007874015748143 ) ;
#1354 = CARTESIAN_POINT ( 'NONE',  ( -0.1250000000000006939, -5.310615137435790852E-16, 0.2500000000000000555 ) ) ;
#1355 = CARTESIAN_POINT ( 'NONE',  ( -7.342519680000000548, 0.000000000000000000, 0.2500000000000000000 ) ) ;
#1356 = FACE_OUTER_BOUND ( 'NONE', #1987, .T. ) ;
#1357 = ORIENTED_EDGE ( 'NONE', *, *, #2922, .F. ) ;
#1358 = DIRECTION ( 'NONE',  ( 1.000000000000000000, 0.000000000000000000, 0.000000000000000000 ) ) ;
#1359 = CIRCLE ( 'NONE', #1562, 0.2499999999999998057 ) ;
#1360 = AXIS2_PLACEMENT_3D ( 'NONE', #2745, #1700, #1478 ) ;
#1361 = ORIENTED_EDGE ( 'NONE', *, *, #3083, .F. ) ;
#1362 = AXIS2_PLACEMENT_3D ( 'NONE', #180, #1147, #1875 ) ;
#1363 = CARTESIAN_POINT ( 'NONE',  ( -3.005511132637302296, 2.625000000000000000, 0.2500000000000000000 ) ) ;
#1364 = CIRCLE ( 'NONE', #2430, 0.2499999999999998057 ) ;
#1365 = AXIS2_PLACEMENT_3D ( 'NONE', #3011, #2975, #1544 ) ;
#1366 = CARTESIAN_POINT ( 'NONE',  ( -0.1249999999999995559, -2.500000000000000000, 0.2500000000000000000 ) ) ;
#1367 = EDGE_LOOP ( 'NONE', ( #766, #2165 ) ) ;
#1368 = DIRECTION ( 'NONE',  ( 0.000000000000000000, 0.000000000000000000, -1.000000000000000000 ) ) ;
#1369 = EDGE_CURVE ( 'NONE', #469, #1042, #2417, .T. ) ;
#1370 = ORIENTED_EDGE ( 'NONE', *, *, #2578, .T. ) ;
#1371 = EDGE_LOOP ( 'NONE', ( #1530, #2404, #1790, #2858 ) ) ;
#1372 = LINE ( 'NONE', #2768, #1156 ) ;
#1373 = CARTESIAN_POINT ( 'NONE',  ( -8.355000000000000426, 7.409113134841469265E-17, 0.2500000000000000000 ) ) ;
#1374 = CIRCLE ( 'NONE', #1866, 0.04921259842519634664 ) ;
#1375 = DIRECTION ( 'NONE',  ( -0.000000000000000000, -0.000000000000000000, 1.000000000000000000 ) ) ;
#1376 = ORIENTED_EDGE ( 'NONE', *, *, #608, .F. ) ;
#1377 = CARTESIAN_POINT ( 'NONE',  ( -8.355000000000000426, 7.409113134841469265E-17, 0.000000000000000000 ) ) ;
#1378 = CARTESIAN_POINT ( 'NONE',  ( -3.005511132637302296, -0.7071067811865487940, 0.2500000000000000000 ) ) ;
#1379 = DIRECTION ( 'NONE',  ( 0.000000000000000000, -1.000000000000000000, 0.000000000000000000 ) ) ;
#1380 = CYLINDRICAL_SURFACE ( 'NONE', #2155, 0.05314960629921275381 ) ;
#1381 = EDGE_LOOP ( 'NONE', ( #2596, #572, #1224, #1804 ) ) ;
#1382 = CARTESIAN_POINT ( 'NONE',  ( -3.112533258908639855, -3.843656723643099404, 0.000000000000000000 ) ) ;
#1383 = ORIENTED_EDGE ( 'NONE', *, *, #2161, .T. ) ;
#1384 = FACE_OUTER_BOUND ( 'NONE', #370, .T. ) ;
#1385 = DIRECTION ( 'NONE',  ( -0.000000000000000000, -0.000000000000000000, -1.000000000000000000 ) ) ;
#1386 = CARTESIAN_POINT ( 'NONE',  ( -3.575787401574802793, -3.000000000000009326, 0.2500000000000000000 ) ) ;
#1387 = ADVANCED_FACE ( 'NONE', ( #594 ), #284, .F. ) ;
#1388 = DIRECTION ( 'NONE',  ( -9.713237310806267989E-17, 1.000000000000000000, 0.000000000000000000 ) ) ;
#1389 = ORIENTED_EDGE ( 'NONE', *, *, #1058, .T. ) ;
#1390 = ADVANCED_FACE ( 'NONE', ( #2232 ), #2106, .T. ) ;
#1391 = CYLINDRICAL_SURFACE ( 'NONE', #336, 0.2499999999999998057 ) ;
#1392 = CYLINDRICAL_SURFACE ( 'NONE', #925, 0.04921259842519658950 ) ;
#1393 = VERTEX_POINT ( 'NONE', #1377 ) ;
#1394 = LINE ( 'NONE', #914, #1226 ) ;
#1395 = FACE_OUTER_BOUND ( 'NONE', #994, .T. ) ;
#1396 = ORIENTED_EDGE ( 'NONE', *, *, #1659, .F. ) ;
#1397 = DIRECTION ( 'NONE',  ( -0.000000000000000000, 0.000000000000000000, 1.000000000000000000 ) ) ;
#1398 = ORIENTED_EDGE ( 'NONE', *, *, #1545, .F. ) ;
#1399 = CARTESIAN_POINT ( 'NONE',  ( -3.937305639802034740, -0.3124999999999993339, -4.290509469491086136 ) ) ;
#1400 = LINE ( 'NONE', #2136, #2933 ) ;
#1401 = CARTESIAN_POINT ( 'NONE',  ( -4.000000000000000000, -3.124999999999999556, 0.000000000000000000 ) ) ;
#1402 = AXIS2_PLACEMENT_3D ( 'NONE', #1632, #2601, #1358 ) ;
#1403 = ORIENTED_EDGE ( 'NONE', *, *, #421, .F. ) ;
#1404 = CARTESIAN_POINT ( 'NONE',  ( -3.755511132637301408, -2.875000000000000000, -4.290509469491086136 ) ) ;
#1405 = CARTESIAN_POINT ( 'NONE',  ( 1.929738330837323521E-17, -0.06249999999999850814, -4.290509469491086136 ) ) ;
#1406 = EDGE_CURVE ( 'NONE', #1826, #1245, #3080, .T. ) ;
#1407 = ORIENTED_EDGE ( 'NONE', *, *, #3117, .T. ) ;
#1408 = DIRECTION ( 'NONE',  ( -0.000000000000000000, 0.000000000000000000, 1.000000000000000000 ) ) ;
#1409 = CIRCLE ( 'NONE', #2919, 0.5000000000000001110 ) ;
#1410 = EDGE_CURVE ( 'NONE', #884, #1297, #1451, .T. ) ;
#1411 = PLANE ( 'NONE',  #135 ) ;
#1412 = ORIENTED_EDGE ( 'NONE', *, *, #2301, .F. ) ;
#1413 = CARTESIAN_POINT ( 'NONE',  ( -7.657480320000000340, 0.1760683369028015477, 0.000000000000000000 ) ) ;
#1414 = AXIS2_PLACEMENT_3D ( 'NONE', #2703, #760, #729 ) ;
#1415 = AXIS2_PLACEMENT_3D ( 'NONE', #969, #1937, #2653 ) ;
#1416 = ORIENTED_EDGE ( 'NONE', *, *, #2803, .T. ) ;
#1417 = DIRECTION ( 'NONE',  ( 1.000000000000000000, 0.000000000000000000, 0.000000000000000000 ) ) ;
#1418 = CARTESIAN_POINT ( 'NONE',  ( -7.001364847079792675, -0.6945415641070313839, 0.2500000000000000000 ) ) ;
#1419 = CARTESIAN_POINT ( 'NONE',  ( 1.193844745517645988E-17, 0.06249999999999854977, -4.290509469491086136 ) ) ;
#1420 = EDGE_LOOP ( 'NONE', ( #2953, #752, #307, #2101 ) ) ;
#1421 = VECTOR ( 'NONE', #3081, 39.37007874015748143 ) ;
#1422 = CARTESIAN_POINT ( 'NONE',  ( -0.5000000000000016653, 2.874999999999999112, 0.2500000000000000000 ) ) ;
#1423 = ORIENTED_EDGE ( 'NONE', *, *, #1776, .F. ) ;
#1424 = DIRECTION ( 'NONE',  ( -0.000000000000000000, -0.000000000000000000, 1.000000000000000000 ) ) ;
#1425 = EDGE_CURVE ( 'NONE', #1542, #2603, #1705, .T. ) ;
#1426 = CARTESIAN_POINT ( 'NONE',  ( -3.255511132637301852, 0.3740157480314945104, 0.2500000000000000000 ) ) ;
#1427 = EDGE_LOOP ( 'NONE', ( #506, #131, #2990, #1449 ) ) ;
#1428 = DIRECTION ( 'NONE',  ( -0.000000000000000000, -0.000000000000000000, -1.000000000000000000 ) ) ;
#1429 = ADVANCED_FACE ( 'NONE', ( #1595 ), #1391, .F. ) ;
#1430 = VERTEX_POINT ( 'NONE', #1612 ) ;
#1431 = DIRECTION ( 'NONE',  ( -0.000000000000000000, -0.000000000000000000, -1.000000000000000000 ) ) ;
#1432 = LINE ( 'NONE', #419, #2977 ) ;
#1433 = FACE_OUTER_BOUND ( 'NONE', #375, .T. ) ;
#1434 = AXIS2_PLACEMENT_3D ( 'NONE', #1959, #2632, #29 ) ;
#1435 = VERTEX_POINT ( 'NONE', #426 ) ;
#1437 = ORIENTED_EDGE ( 'NONE', *, *, #2615, .F. ) ;
#1436 = VERTEX_POINT ( 'NONE', #141 ) ;
#1438 = LINE ( 'NONE', #754, #3100 ) ;
#1439 = DIRECTION ( 'NONE',  ( -0.000000000000000000, -0.000000000000000000, -1.000000000000000000 ) ) ;
#1440 = VERTEX_POINT ( 'NONE', #2331 ) ;
#1441 = APPROVAL ( #420, 'UNSPECIFIED' ) ;
#1442 = DIRECTION ( 'NONE',  ( -0.000000000000000000, -0.000000000000000000, 1.000000000000000000 ) ) ;
#1443 = ORIENTED_EDGE ( 'NONE', *, *, #836, .F. ) ;
#1444 = CARTESIAN_POINT ( 'NONE',  ( -3.255511132637301852, -2.625000000000000000, 0.2500000000000000000 ) ) ;
#1445 = EDGE_CURVE ( 'NONE', #1554, #181, #2345, .T. ) ;
#1446 = EDGE_CURVE ( 'NONE', #390, #1016, #2059, .T. ) ;
#1447 = DIRECTION ( 'NONE',  ( 1.000000000000000000, 0.000000000000000000, 0.000000000000000000 ) ) ;
#1448 = DIRECTION ( 'NONE',  ( 1.000000000000000000, 0.000000000000000000, 0.000000000000000000 ) ) ;
#1449 = ORIENTED_EDGE ( 'NONE', *, *, #2183, .F. ) ;
#1450 = AXIS2_PLACEMENT_3D ( 'NONE', #1120, #2339, #1625 ) ;
#1451 = CIRCLE ( 'NONE', #1604, 0.04921259842519658950 ) ;
#1453 = ORIENTED_EDGE ( 'NONE', *, *, #2979, .T. ) ;
#1452 = VERTEX_POINT ( 'NONE', #175 ) ;
#1454 = CIRCLE ( 'NONE', #2419, 0.2499999999999998057 ) ;
#1455 = CARTESIAN_POINT ( 'NONE',  ( -6.722856462524416266, 0.3564728911992237625, 0.1000000000000000194 ) ) ;
#1456 = CARTESIAN_POINT ( 'NONE',  ( -0.4999999999999996114, -0.3124999999999985012, -4.290509469491086136 ) ) ;
#1457 = VERTEX_POINT ( 'NONE', #376 ) ;
#1458 = CARTESIAN_POINT ( 'NONE',  ( -3.755511132637301408, -0.5590169943749490056, -4.290509469491086136 ) ) ;
#1459 = VERTEX_POINT ( 'NONE', #893 ) ;
#1460 = CARTESIAN_POINT ( 'NONE',  ( -6.652951651006830502, 0.6549911861141872738, 0.1000000000000000194 ) ) ;
#1461 = CARTESIAN_POINT ( 'NONE',  ( -0.5000000000000011102, 2.749999999999998668, 0.000000000000000000 ) ) ;
#1462 = LINE ( 'NONE', #1719, #2630 ) ;
#1463 = AXIS2_PLACEMENT_3D ( 'NONE', #212, #382, #433 ) ;
#1464 = EDGE_CURVE ( 'NONE', #384, #2405, #2571, .T. ) ;
#1465 = AXIS2_PLACEMENT_3D ( 'NONE', #555, #2506, #2003 ) ;
#1466 = EDGE_CURVE ( 'NONE', #2190, #367, #3031, .T. ) ;
#1468 = ORIENTED_EDGE ( 'NONE', *, *, #267, .T. ) ;
#1467 = ORIENTED_EDGE ( 'NONE', *, *, #421, .T. ) ;
#1469 = CARTESIAN_POINT ( 'NONE',  ( -0.1742125984251982618, 2.500000000000000000, 0.000000000000000000 ) ) ;
#1470 = AXIS2_PLACEMENT_3D ( 'NONE', #1835, #430, #1144 ) ;
#1471 = PLANE ( 'NONE',  #2307 ) ;
#1472 = ORIENTED_EDGE ( 'NONE', *, *, #2594, .F. ) ;
#1473 = CARTESIAN_POINT ( 'NONE',  ( -2.955203117947985625, -3.649370268260074823, 0.2500000000000000000 ) ) ;
#1474 = ORIENTED_EDGE ( 'NONE', *, *, #3117, .F. ) ;
#1475 = CARTESIAN_POINT ( 'NONE',  ( -3.355511132637301941, -1.422987339896824252E-15, 0.2500000000000000000 ) ) ;
#1476 = EDGE_LOOP ( 'NONE', ( #333, #1849, #352, #2166 ) ) ;
#1477 = CARTESIAN_POINT ( 'NONE',  ( -3.588844465970635333, 0.3726779962499665033, 0.1000000000000000194 ) ) ;
#1478 = DIRECTION ( 'NONE',  ( 1.000000000000000000, 0.000000000000000000, 0.000000000000000000 ) ) ;
#1479 = APPROVAL_STATUS ( 'not_yet_approved' ) ;
#1480 = LINE ( 'NONE', #281, #2605 ) ;
#1481 = CC_DESIGN_PERSON_AND_ORGANIZATION_ASSIGNMENT ( #1509, #2451, ( #3032 ) ) ;
#1482 = CIRCLE ( 'NONE', #1434, 0.2499999999999998057 ) ;
#1483 = ADVANCED_FACE ( 'NONE', ( #1340 ), #2856, .F. ) ;
#1484 = CARTESIAN_POINT ( 'NONE',  ( -3.980270792139163127, -2.819286455383026802, 0.1000000000000000194 ) ) ;
#1485 = EDGE_LOOP ( 'NONE', ( #2093, #1243, #905, #755 ) ) ;
#1486 = DIRECTION ( 'NONE',  ( -0.000000000000000000, -0.000000000000000000, 1.000000000000000000 ) ) ;
#1487 = ORIENTED_EDGE ( 'NONE', *, *, #1312, .F. ) ;
#1488 = DIRECTION ( 'NONE',  ( -0.7771458215321032093, 0.6293205638426191406, 0.000000000000000000 ) ) ;
#1489 = ORIENTED_EDGE ( 'NONE', *, *, #3064, .T. ) ;
#1490 = CYLINDRICAL_SURFACE ( 'NONE', #650, 0.04921259842519662420 ) ;
#1491 = ORIENTED_EDGE ( 'NONE', *, *, #2846, .T. ) ;
#1492 = DIRECTION ( 'NONE',  ( -1.000000000000000000, 0.000000000000000000, 0.000000000000000000 ) ) ;
#1493 = CALENDAR_DATE ( 2026, 20, 3 ) ;
#1494 = PLANE ( 'NONE',  #568 ) ;
#1495 = AXIS2_PLACEMENT_3D ( 'NONE', #2171, #723, #1693 ) ;
#1496 = AXIS2_PLACEMENT_3D ( 'NONE', #1399, #3024, #199 ) ;
#1497 = FACE_BOUND ( 'NONE', #214, .T. ) ;
#1498 = ORIENTED_EDGE ( 'NONE', *, *, #980, .F. ) ;
#1499 = DIRECTION ( 'NONE',  ( 1.000000000000000000, 0.000000000000000000, 0.000000000000000000 ) ) ;
#1500 = ADVANCED_FACE ( 'NONE', ( #3050 ), #910, .F. ) ;
#1501 = ADVANCED_FACE ( 'NONE', ( #1127 ), #2095, .T. ) ;
#1502 = AXIS2_PLACEMENT_3D ( 'NONE', #2457, #545, #345 ) ;
#1503 = DIRECTION ( 'NONE',  ( 1.000000000000000000, -1.365923996832131609E-16, 0.000000000000000000 ) ) ;
#1504 = ADVANCED_FACE ( 'NONE', ( #1846 ), #2309, .T. ) ;
#1505 = VERTEX_POINT ( 'NONE', #2806 ) ;
#1506 = DIRECTION ( 'NONE',  ( -0.000000000000000000, 0.000000000000000000, 1.000000000000000000 ) ) ;
#1507 = ORIENTED_EDGE ( 'NONE', *, *, #459, .T. ) ;
#1508 = CARTESIAN_POINT ( 'NONE',  ( -3.575787401574803237, -3.000000000000009326, 0.2500000000000000555 ) ) ;
#1509 = PERSON_AND_ORGANIZATION ( #1979, #192 ) ;
#1510 = DIRECTION ( 'NONE',  ( 0.000000000000000000, 0.000000000000000000, 1.000000000000000000 ) ) ;
#1511 = VECTOR ( 'NONE', #2210, 39.37007874015748143 ) ;
#1512 = AXIS2_PLACEMENT_3D ( 'NONE', #3116, #2396, #1242 ) ;
#1513 = VECTOR ( 'NONE', #2192, 39.37007874015748143 ) ;
#1514 = VECTOR ( 'NONE', #2023, 39.37007874015748143 ) ;
#1515 = DIRECTION ( 'NONE',  ( 1.000000000000000000, 0.000000000000000000, 0.000000000000000000 ) ) ;
#1516 = VERTEX_POINT ( 'NONE', #411 ) ;
#1517 = CARTESIAN_POINT ( 'NONE',  ( -4.000000000000000000, 3.124999999999999556, 0.000000000000000000 ) ) ;
#1518 = CC_DESIGN_PERSON_AND_ORGANIZATION_ASSIGNMENT ( #437, #1248, ( #1948 ) ) ;
#1519 = DIRECTION ( 'NONE',  ( 0.000000000000000000, 1.000000000000000000, -0.000000000000000000 ) ) ;
#1520 = EDGE_CURVE ( 'NONE', #2405, #384, #2931, .T. ) ;
#1521 = EDGE_LOOP ( 'NONE', ( #1167, #1029, #2058, #2907 ) ) ;
#1522 = CARTESIAN_POINT ( 'NONE',  ( -1.624999999999999112, -3.000000000000003109, 0.000000000000000000 ) ) ;
#1523 = ORIENTED_EDGE ( 'NONE', *, *, #75, .F. ) ;
#1524 = EDGE_CURVE ( 'NONE', #146, #2167, #186, .T. ) ;
#1525 = FACE_BOUND ( 'NONE', #1726, .T. ) ;
#1526 = CARTESIAN_POINT ( 'NONE',  ( -3.088844465970635778, -0.4714045207910331214, -4.290509469491086136 ) ) ;
#1527 = ORIENTED_EDGE ( 'NONE', *, *, #126, .T. ) ;
#1528 = DIRECTION ( 'NONE',  ( 1.000000000000000000, 0.000000000000000000, 0.000000000000000000 ) ) ;
#1529 = FACE_OUTER_BOUND ( 'NONE', #807, .T. ) ;
#1530 = ORIENTED_EDGE ( 'NONE', *, *, #591, .T. ) ;
#1531 = CARTESIAN_POINT ( 'NONE',  ( -3.575787401574805013, 3.000000000000006217, 0.000000000000000000 ) ) ;
#1532 = VECTOR ( 'NONE', #84, 39.37007874015748143 ) ;
#1533 = CARTESIAN_POINT ( 'NONE',  ( -0.2499999999999996114, 2.428309327701562991E-17, 0.2500000000000000000 ) ) ;
#1534 = LINE ( 'NONE', #2502, #1511 ) ;
#1535 = ORIENTED_EDGE ( 'NONE', *, *, #2183, .T. ) ;
#1536 = CARTESIAN_POINT ( 'NONE',  ( -0.5000000000000013323, -0.06249999999999866079, 0.2500000000000000000 ) ) ;
#1537 = ORIENTED_EDGE ( 'NONE', *, *, #1425, .T. ) ;
#1538 = FACE_BOUND ( 'NONE', #1346, .T. ) ;
#1539 = EDGE_CURVE ( 'NONE', #636, #1452, #442, .T. ) ;
#1540 = EDGE_CURVE ( 'NONE', #1288, #2277, #674, .T. ) ;
#1541 = CARTESIAN_POINT ( 'NONE',  ( 4.268512490100409923E-16, 3.124999999999999112, 0.2500000000000000000 ) ) ;
#1542 = VERTEX_POINT ( 'NONE', #1069 ) ;
#1543 = DIRECTION ( 'NONE',  ( 1.000000000000000000, 0.000000000000000000, 0.000000000000000000 ) ) ;
#1544 = DIRECTION ( 'NONE',  ( 0.7771458215321034313, 0.6293205638426191406, 0.000000000000000000 ) ) ;
#1545 = EDGE_CURVE ( 'NONE', #496, #1154, #1805, .T. ) ;
#1546 = FACE_BOUND ( 'NONE', #947, .T. ) ;
#1547 = VECTOR ( 'NONE', #2574, 39.37007874015748143 ) ;
#1548 = VERTEX_POINT ( 'NONE', #588 ) ;
#1549 = DIRECTION ( 'NONE',  ( -0.000000000000000000, -0.000000000000000000, 1.000000000000000000 ) ) ;
#1550 = CARTESIAN_POINT ( 'NONE',  ( -7.342519680000000548, -0.1760683369028015477, 0.000000000000000000 ) ) ;
#1551 = DIRECTION ( 'NONE',  ( -1.000000000000000000, 0.000000000000000000, -0.000000000000000000 ) ) ;
#1552 = ORIENTED_EDGE ( 'NONE', *, *, #21, .T. ) ;
#1553 = CARTESIAN_POINT ( 'NONE',  ( -0.2499999999999996669, -0.3124999999999985012, 0.1000000000000000194 ) ) ;
#1554 = VERTEX_POINT ( 'NONE', #169 ) ;
#1555 = LOCAL_TIME ( 19, 6, 50.00000000000000000, #60 ) ;
#1556 = PLANE ( 'NONE',  #1264 ) ;
#1557 = VECTOR ( 'NONE', #716, 39.37007874015748854 ) ;
#1558 = CARTESIAN_POINT ( 'NONE',  ( -0.4999999999999996114, -0.3124999999999985012, 0.1000000000000000194 ) ) ;
#1559 = CYLINDRICAL_SURFACE ( 'NONE', #944, 0.04921259842519658950 ) ;
#1560 = CARTESIAN_POINT ( 'NONE',  ( -3.937305639802034740, -0.06249999999999943795, 0.1000000000000000194 ) ) ;
#1561 = EDGE_CURVE ( 'NONE', #931, #292, #3130, .T. ) ;
#1562 = AXIS2_PLACEMENT_3D ( 'NONE', #2191, #464, #2879 ) ;
#1563 = CARTESIAN_POINT ( 'NONE',  ( -0.2499999999999998612, -2.624999999999999556, 0.2500000000000000000 ) ) ;
#1564 = EDGE_LOOP ( 'NONE', ( #2382, #2661 ) ) ;
#1565 = EDGE_CURVE ( 'NONE', #2677, #1190, #142, .T. ) ;
#1566 = CIRCLE ( 'NONE', #2227, 0.2500000000000008882 ) ;
#1567 = DIRECTION ( 'NONE',  ( -0.000000000000000000, -0.000000000000000000, 1.000000000000000000 ) ) ;
#1568 = VECTOR ( 'NONE', #1503, 39.37007874015748143 ) ;
#1569 = LINE ( 'NONE', #1294, #2529 ) ;
#1570 = CARTESIAN_POINT ( 'NONE',  ( -1.674212598425198539, 3.000000000000000888, 0.000000000000000000 ) ) ;
#1571 = EDGE_LOOP ( 'NONE', ( #2100, #1733, #678, #2087, #2377, #379, #3034, #233, #1576, #2033, #3086, #1771 ) ) ;
#1572 = CARTESIAN_POINT ( 'NONE',  ( -3.575787401574805457, 3.000000000000006217, 0.2500000000000000555 ) ) ;
#1573 = EDGE_LOOP ( 'NONE', ( #68, #624 ) ) ;
#1574 = LINE ( 'NONE', #2972, #2839 ) ;
#1575 = ORIENTED_EDGE ( 'NONE', *, *, #860, .T. ) ;
#1576 = ORIENTED_EDGE ( 'NONE', *, *, #3140, .F. ) ;
#1577 = DIRECTION ( 'NONE',  ( -0.000000000000000000, 0.000000000000000000, 1.000000000000000000 ) ) ;
#1578 = CARTESIAN_POINT ( 'NONE',  ( -6.679903410280993548, -0.2417986425339377632, 0.2500000000000000000 ) ) ;
#1579 = LINE ( 'NONE', #1307, #2269 ) ;
#1580 = ORIENTED_EDGE ( 'NONE', *, *, #1464, .F. ) ;
#1581 = DIRECTION ( 'NONE',  ( 1.000000000000000000, 0.000000000000000000, 0.000000000000000000 ) ) ;
#1582 = EDGE_CURVE ( 'NONE', #2921, #1645, #637, .T. ) ;
#1583 = CARTESIAN_POINT ( 'NONE',  ( -0.1742125984251972626, -5.250347086296649035E-16, 0.000000000000000000 ) ) ;
#1584 = EDGE_LOOP ( 'NONE', ( #3070, #2352, #1552, #906 ) ) ;
#1585 = LINE ( 'NONE', #2334, #1547 ) ;
#1586 = ORIENTED_EDGE ( 'NONE', *, *, #1813, .T. ) ;
#1587 = AXIS2_PLACEMENT_3D ( 'NONE', #1067, #2960, #2767 ) ;
#1588 = CARTESIAN_POINT ( 'NONE',  ( 0.000000000000000000, 0.000000000000000000, 0.1000000000000000056 ) ) ;
#1589 = ORIENTED_EDGE ( 'NONE', *, *, #1952, .F. ) ;
#1590 = ORIENTED_EDGE ( 'NONE', *, *, #1906, .T. ) ;
#1591 = CARTESIAN_POINT ( 'NONE',  ( -0.5000000000000016653, 2.874999999999999112, -4.290509469491086136 ) ) ;
#1592 = CARTESIAN_POINT ( 'NONE',  ( -0.4999999999999998335, -2.624999999999999556, 0.2500000000000000000 ) ) ;
#1593 = FACE_OUTER_BOUND ( 'NONE', #2795, .T. ) ;
#1594 = ORIENTED_EDGE ( 'NONE', *, *, #112, .T. ) ;
#1595 = FACE_OUTER_BOUND ( 'NONE', #759, .T. ) ;
#1596 = DIRECTION ( 'NONE',  ( 1.000000000000000000, 0.000000000000000000, 0.000000000000000000 ) ) ;
#1597 = EDGE_CURVE ( 'NONE', #381, #1457, #2720, .T. ) ;
#1598 = EDGE_CURVE ( 'NONE', #635, #2207, #1811, .T. ) ;
#1599 = DIRECTION ( 'NONE',  ( -0.000000000000000000, -0.000000000000000000, 1.000000000000000000 ) ) ;
#1600 = ORIENTED_EDGE ( 'NONE', *, *, #2090, .T. ) ;
#1601 = DIRECTION ( 'NONE',  ( -0.000000000000000000, -0.000000000000000000, 1.000000000000000000 ) ) ;
#1602 = AXIS2_PLACEMENT_3D ( 'NONE', #2800, #1841, #2303 ) ;
#1603 = EDGE_CURVE ( 'NONE', #1826, #1154, #386, .T. ) ;
#1604 = AXIS2_PLACEMENT_3D ( 'NONE', #361, #1818, #661 ) ;
#1605 = VERTEX_POINT ( 'NONE', #858 ) ;
#1606 = FACE_OUTER_BOUND ( 'NONE', #1903, .T. ) ;
#1607 = AXIS2_PLACEMENT_3D ( 'NONE', #3121, #202, #466 ) ;
#1608 = CIRCLE ( 'NONE', #242, 0.2499999999999998057 ) ;
#1609 = DIRECTION ( 'NONE',  ( 1.000000000000000000, 3.551402391763529759E-15, 0.000000000000000000 ) ) ;
#1610 = LINE ( 'NONE', #2584, #3092 ) ;
#1611 = VERTEX_POINT ( 'NONE', #573 ) ;
#1612 = CARTESIAN_POINT ( 'NONE',  ( -3.623621368857774971, -1.416478390373796995E-15, 0.2500000000000000000 ) ) ;
#1613 = DIRECTION ( 'NONE',  ( 1.000000000000000000, 0.000000000000000000, 0.000000000000000000 ) ) ;
#1614 = CIRCLE ( 'NONE', #2582, 0.2500000000000008882 ) ;
#1615 = ORIENTED_EDGE ( 'NONE', *, *, #608, .T. ) ;
#1616 = AXIS2_PLACEMENT_3D ( 'NONE', #2409, #1428, #3131 ) ;
#1617 = CARTESIAN_POINT ( 'NONE',  ( -0.1249999999999995559, -2.500000000000000000, 0.2500000000000000000 ) ) ;
#1618 = AXIS2_PLACEMENT_3D ( 'NONE', #2300, #2239, #101 ) ;
#1619 = AXIS2_PLACEMENT_3D ( 'NONE', #1070, #2253, #2289 ) ;
#1620 = CARTESIAN_POINT ( 'NONE',  ( -0.07578740157480508277, 2.500000000000000000, 0.2500000000000000000 ) ) ;
#1621 = ORIENTED_EDGE ( 'NONE', *, *, #1194, .T. ) ;
#1622 = EDGE_CURVE ( 'NONE', #2050, #2444, #2039, .T. ) ;
#1623 = CARTESIAN_POINT ( 'NONE',  ( 1.193844745517645988E-17, 0.06249999999999854977, 0.1000000000000000194 ) ) ;
#1624 = ORIENTED_EDGE ( 'NONE', *, *, #158, .F. ) ;
#1625 = DIRECTION ( 'NONE',  ( 1.000000000000000000, 0.000000000000000000, 0.000000000000000000 ) ) ;
#1626 = EDGE_CURVE ( 'NONE', #1140, #1779, #2288, .T. ) ;
#1627 = CARTESIAN_POINT ( 'NONE',  ( -3.255511132637301852, 1.422987339896824252E-15, 0.2500000000000000000 ) ) ;
#1628 = CARTESIAN_POINT ( 'NONE',  ( -7.342519680000000548, 0.000000000000000000, 0.000000000000000000 ) ) ;
#1629 = CIRCLE ( 'NONE', #1470, 0.05314960629921275381 ) ;
#1630 = DIRECTION ( 'NONE',  ( -0.000000000000000000, -0.000000000000000000, 1.000000000000000000 ) ) ;
#1631 = EDGE_LOOP ( 'NONE', ( #448, #2299, #652, #1437 ) ) ;
#1632 = CARTESIAN_POINT ( 'NONE',  ( -3.755511132637301408, 0.5590169943749490056, -4.290509469491086136 ) ) ;
#1633 = FACE_OUTER_BOUND ( 'NONE', #1427, .T. ) ;
#1634 = ORIENTED_EDGE ( 'NONE', *, *, #1829, .F. ) ;
#1635 = CARTESIAN_POINT ( 'NONE',  ( -3.624999999999999556, -3.000000000000009326, 0.2500000000000000000 ) ) ;
#1636 = DIRECTION ( 'NONE',  ( 1.000000000000000000, 0.000000000000000000, 0.000000000000000000 ) ) ;
#1637 = ORIENTED_EDGE ( 'NONE', *, *, #2507, .T. ) ;
#1638 = DIRECTION ( 'NONE',  ( -0.000000000000000000, -0.000000000000000000, 1.000000000000000000 ) ) ;
#1639 = ORIENTED_EDGE ( 'NONE', *, *, #2808, .T. ) ;
#1640 = FACE_OUTER_BOUND ( 'NONE', #2247, .T. ) ;
#1641 = DIRECTION ( 'NONE',  ( -0.000000000000000000, -0.000000000000000000, 1.000000000000000000 ) ) ;
#1642 = APPROVAL_DATE_TIME ( #908, #1441 ) ;
#1643 = EDGE_CURVE ( 'NONE', #581, #1605, #1454, .T. ) ;
#1644 = EDGE_CURVE ( 'NONE', #1254, #2308, #1372, .T. ) ;
#1645 = VERTEX_POINT ( 'NONE', #408 ) ;
#1646 = CARTESIAN_POINT ( 'NONE',  ( -1.575787401574805235, 3.000000000000000888, 0.2500000000000000000 ) ) ;
#1647 = ADVANCED_FACE ( 'NONE', ( #120 ), #1559, .F. ) ;
#1648 = DIRECTION ( 'NONE',  ( 1.000000000000000000, 0.000000000000000000, 0.000000000000000000 ) ) ;
#1649 = DIRECTION ( 'NONE',  ( -0.000000000000000000, -0.000000000000000000, 1.000000000000000000 ) ) ;
#1650 = DIRECTION ( 'NONE',  ( -0.000000000000000000, -0.000000000000000000, 1.000000000000000000 ) ) ;
#1651 = ORIENTED_EDGE ( 'NONE', *, *, #2472, .F. ) ;
#1652 = CARTESIAN_POINT ( 'NONE',  ( -6.440109085801751121, -0.3124999999999998335, 0.2500000000000000000 ) ) ;
#1653 = CIRCLE ( 'NONE', #2871, 0.2499999999999998057 ) ;
#1654 = EDGE_LOOP ( 'NONE', ( #2927, #1909 ) ) ;
#1655 = CARTESIAN_POINT ( 'NONE',  ( -2.993700109015255073, 6.508949523027290279E-18, 0.2500000000000000000 ) ) ;
#1656 = DIRECTION ( 'NONE',  ( -0.000000000000000000, -0.000000000000000000, 1.000000000000000000 ) ) ;
#1657 = COORDINATED_UNIVERSAL_TIME_OFFSET ( 8, 0, .BEHIND. ) ;
#1658 = ADVANCED_FACE ( 'NONE', ( #2088 ), #2546, .F. ) ;
#1659 = EDGE_CURVE ( 'NONE', #3126, #743, #1047, .T. ) ;
#1660 = LOCAL_TIME ( 19, 6, 50.00000000000000000, #1701 ) ;
#1661 = ORIENTED_EDGE ( 'NONE', *, *, #2322, .T. ) ;
#1662 = CARTESIAN_POINT ( 'NONE',  ( -3.588844465970635333, 0.3726779962499665033, 0.2500000000000000000 ) ) ;
#1663 = EDGE_CURVE ( 'NONE', #1016, #778, #620, .T. ) ;
#1664 = ORIENTED_EDGE ( 'NONE', *, *, #3025, .F. ) ;
#1665 = LINE ( 'NONE', #237, #2951 ) ;
#1666 = CIRCLE ( 'NONE', #2728, 0.1000000000000000194 ) ;
#1667 = AXIS2_PLACEMENT_3D ( 'NONE', #1139, #1861, #639 ) ;
#1668 = DIRECTION ( 'NONE',  ( -0.000000000000000000, -0.000000000000000000, 1.000000000000000000 ) ) ;
#1669 = VERTEX_POINT ( 'NONE', #2340 ) ;
#1670 = AXIS2_PLACEMENT_3D ( 'NONE', #2744, #3016, #562 ) ;
#1671 = CARTESIAN_POINT ( 'NONE',  ( -3.624999999999999556, -3.000000000000009326, 0.000000000000000000 ) ) ;
#1672 = VECTOR ( 'NONE', #1601, 39.37007874015748143 ) ;
#1673 = VECTOR ( 'NONE', #2071, 39.37007874015748143 ) ;
#1674 = VERTEX_POINT ( 'NONE', #2563 ) ;
#1675 = DIRECTION ( 'NONE',  ( -0.000000000000000000, -0.000000000000000000, 1.000000000000000000 ) ) ;
#1676 = CARTESIAN_POINT ( 'NONE',  ( -0.5000000000000014433, 0.06249999999999866079, -4.290509469491086136 ) ) ;
#1677 = DIRECTION ( 'NONE',  ( -0.000000000000000000, 0.000000000000000000, 1.000000000000000000 ) ) ;
#1678 = ORIENTED_EDGE ( 'NONE', *, *, #2240, .T. ) ;
#1679 = ORIENTED_EDGE ( 'NONE', *, *, #1273, .F. ) ;
#1680 = DIRECTION ( 'NONE',  ( -0.000000000000000000, 0.000000000000000000, 1.000000000000000000 ) ) ;
#1681 = EDGE_CURVE ( 'NONE', #1685, #2882, #3132, .T. ) ;
#1682 = LINE ( 'NONE', #2861, #1199 ) ;
#1683 = VERTEX_POINT ( 'NONE', #872 ) ;
#1684 = CARTESIAN_POINT ( 'NONE',  ( -3.822940651178508453, 2.875000000000000000, 0.1000000000000000194 ) ) ;
#1685 = VERTEX_POINT ( 'NONE', #1842 ) ;
#1686 = DIRECTION ( 'NONE',  ( 1.000000000000000000, 1.910151592828277954E-16, 0.000000000000000000 ) ) ;
#1687 = DIRECTION ( 'NONE',  ( 1.000000000000000000, 0.000000000000000000, 0.000000000000000000 ) ) ;
#1688 = LINE ( 'NONE', #923, #1557 ) ;
#1689 = ORIENTED_EDGE ( 'NONE', *, *, #2400, .F. ) ;
#1691 = VERTEX_POINT ( 'NONE', #1893 ) ;
#1690 = ORIENTED_EDGE ( 'NONE', *, *, #526, .T. ) ;
#1692 = DIRECTION ( 'NONE',  ( 1.000000000000000000, 0.000000000000000000, 0.000000000000000000 ) ) ;
#1693 = DIRECTION ( 'NONE',  ( 1.000000000000000000, 0.000000000000000000, 0.000000000000000000 ) ) ;
#1694 = ORIENTED_EDGE ( 'NONE', *, *, #72, .F. ) ;
#1695 = EDGE_CURVE ( 'NONE', #3057, #2713, #1400, .T. ) ;
#1696 = DIRECTION ( 'NONE',  ( -0.000000000000000000, -0.000000000000000000, 1.000000000000000000 ) ) ;
#1697 = ORIENTED_EDGE ( 'NONE', *, *, #1446, .F. ) ;
#1698 = CARTESIAN_POINT ( 'NONE',  ( -6.495621510046174052, 0.4607047307311612494, 0.1000000000000000194 ) ) ;
#1699 = LINE ( 'NONE', #2912, #3039 ) ;
#1700 = DIRECTION ( 'NONE',  ( -0.000000000000000000, 0.000000000000000000, 1.000000000000000000 ) ) ;
#1701 = COORDINATED_UNIVERSAL_TIME_OFFSET ( 8, 0, .BEHIND. ) ;
#1702 = ORIENTED_EDGE ( 'NONE', *, *, #2694, .F. ) ;
#1703 = AXIS2_PLACEMENT_3D ( 'NONE', #2562, #2816, #2117 ) ;
#1704 = UNCERTAINTY_MEASURE_WITH_UNIT (LENGTH_MEASURE( 1.000000000000000082E-05 ), #2089, 'distance_accuracy_value', 'NONE');
#1705 = CIRCLE ( 'NONE', #2314, 0.05314960629921275381 ) ;
#1706 = AXIS2_PLACEMENT_3D ( 'NONE', #3105, #215, #1231 ) ;
#1708 = ORIENTED_EDGE ( 'NONE', *, *, #2654, .F. ) ;
#1707 = VERTEX_POINT ( 'NONE', #3120 ) ;
#1709 = CYLINDRICAL_SURFACE ( 'NONE', #2181, 0.04921259842519662420 ) ;
#1710 = DIRECTION ( 'NONE',  ( -1.000000000000000000, 0.000000000000000000, -0.000000000000000000 ) ) ;
#1711 = ORIENTED_EDGE ( 'NONE', *, *, #1776, .T. ) ;
#1712 = DIRECTION ( 'NONE',  ( 1.000000000000000000, 0.000000000000000000, 0.000000000000000000 ) ) ;
#1713 = EDGE_CURVE ( 'NONE', #218, #1691, #3136, .T. ) ;
#1714 = ORIENTED_EDGE ( 'NONE', *, *, #2318, .F. ) ;
#1715 = DIRECTION ( 'NONE',  ( -1.000000000000000000, -1.817892446977627644E-16, 0.000000000000000000 ) ) ;
#1716 = ORIENTED_EDGE ( 'NONE', *, *, #1425, .F. ) ;
#1717 = DIRECTION ( 'NONE',  ( 1.000000000000000000, 0.000000000000000000, 0.000000000000000000 ) ) ;
#1718 = CIRCLE ( 'NONE', #1360, 0.04921259842519658950 ) ;
#1719 = CARTESIAN_POINT ( 'NONE',  ( -3.937305639802034740, 0.06249999999999943795, -4.290509469491086136 ) ) ;
#1720 = COORDINATED_UNIVERSAL_TIME_OFFSET ( 8, 0, .BEHIND. ) ;
#1721 = VECTOR ( 'NONE', #1442, 39.37007874015748143 ) ;
#1722 = EDGE_CURVE ( 'NONE', #2921, #741, #2519, .T. ) ;
#1723 = EDGE_CURVE ( 'NONE', #1782, #2188, #894, .T. ) ;
#1724 = CARTESIAN_POINT ( 'NONE',  ( -0.5000000000000011102, 2.749999999999998668, -4.724409448818897795E-07 ) ) ;
#1725 = CARTESIAN_POINT ( 'NONE',  ( -3.755511132637301408, -2.625000000000000000, 0.2500000000000000000 ) ) ;
#1726 = EDGE_LOOP ( 'NONE', ( #1308, #1283 ) ) ;
#1727 = CARTESIAN_POINT ( 'NONE',  ( 1.929738330837323521E-17, 0.06249999999999850814, 0.2500000000000000000 ) ) ;
#1728 = AXIS2_PLACEMENT_3D ( 'NONE', #3127, #2648, #470 ) ;
#1729 = ORIENTED_EDGE ( 'NONE', *, *, #2551, .T. ) ;
#1730 = DIRECTION ( 'NONE',  ( -0.000000000000000000, 0.000000000000000000, 1.000000000000000000 ) ) ;
#1731 = ORIENTED_EDGE ( 'NONE', *, *, #2355, .F. ) ;
#1732 = CARTESIAN_POINT ( 'NONE',  ( -3.255511132637301852, -1.422987339896824252E-15, 0.2500000000000000000 ) ) ;
#1733 = ORIENTED_EDGE ( 'NONE', *, *, #2007, .F. ) ;
#1734 = DIRECTION ( 'NONE',  ( 1.000000000000000000, 0.000000000000000000, 0.000000000000000000 ) ) ;
#1735 = LINE ( 'NONE', #1526, #172 ) ;
#1736 = EDGE_CURVE ( 'NONE', #737, #1605, #89, .T. ) ;
#1737 = VECTOR ( 'NONE', #1287, 39.37007874015748143 ) ;
#1738 = CARTESIAN_POINT ( 'NONE',  ( -3.822940651178508453, -2.625000000000000000, 0.2500000000000000000 ) ) ;
#1739 = ORIENTED_EDGE ( 'NONE', *, *, #1058, .F. ) ;
#1740 = CARTESIAN_POINT ( 'NONE',  ( -3.255511132637301852, 0.3740157480314945104, 0.2500000000000000000 ) ) ;
#1741 = DIRECTION ( 'NONE',  ( 0.000000000000000000, -0.000000000000000000, -1.000000000000000000 ) ) ;
#1742 = ORIENTED_EDGE ( 'NONE', *, *, #2395, .T. ) ;
#1743 = DIRECTION ( 'NONE',  ( -0.000000000000000000, -0.000000000000000000, 1.000000000000000000 ) ) ;
#1744 = ORIENTED_EDGE ( 'NONE', *, *, #2905, .F. ) ;
#1745 = DIRECTION ( 'NONE',  ( 3.087581329339791589E-16, 1.000000000000000000, 0.000000000000000000 ) ) ;
#1746 = DIRECTION ( 'NONE',  ( -0.000000000000000000, -0.000000000000000000, 1.000000000000000000 ) ) ;
#1747 = AXIS2_PLACEMENT_3D ( 'NONE', #22, #1227, #1886 ) ;
#1748 = EDGE_CURVE ( 'NONE', #2297, #737, #682, .T. ) ;
#1749 = EDGE_CURVE ( 'NONE', #2484, #928, #2626, .T. ) ;
#1750 = FACE_BOUND ( 'NONE', #2432, .T. ) ;
#1751 = EDGE_LOOP ( 'NONE', ( #601, #290, #456, #1132 ) ) ;
#1752 = LINE ( 'NONE', #2011, #2773 ) ;
#1753 = AXIS2_PLACEMENT_3D ( 'NONE', #886, #1135, #2070 ) ;
#1754 = CC_DESIGN_APPROVAL ( #225, ( #3032 ) ) ;
#1755 = EDGE_CURVE ( 'NONE', #3126, #2894, #1688, .T. ) ;
#1756 = AXIS2_PLACEMENT_3D ( 'NONE', #1827, #371, #2304 ) ;
#1757 = DIRECTION ( 'NONE',  ( -1.000000000000000000, 0.000000000000000000, -0.000000000000000000 ) ) ;
#1758 = VERTEX_POINT ( 'NONE', #1878 ) ;
#1759 = CARTESIAN_POINT ( 'NONE',  ( -0.4999999999999996114, 0.3124999999999985012, -4.290509469491086136 ) ) ;
#1760 = EDGE_LOOP ( 'NONE', ( #2899, #2936, #3049, #817 ) ) ;
#1761 = LINE ( 'NONE', #538, #548 ) ;
#1762 = CIRCLE ( 'NONE', #2373, 0.04921259842519662420 ) ;
#1763 = CARTESIAN_POINT ( 'NONE',  ( 0.000000000000000000, 0.000000000000000000, 0.2500000000000000000 ) ) ;
#1764 = CIRCLE ( 'NONE', #252, 0.5000000000000001110 ) ;
#1765 = AXIS2_PLACEMENT_3D ( 'NONE', #1458, #260, #1229 ) ;
#1766 = ORIENTED_EDGE ( 'NONE', *, *, #1582, .T. ) ;
#1767 = PLANE ( 'NONE',  #1365 ) ;
#1768 = AXIS2_PLACEMENT_3D ( 'NONE', #133, #1284, #118 ) ;
#1769 = AXIS2_PLACEMENT_3D ( 'NONE', #2952, #559, #313 ) ;
#1770 = DIRECTION ( 'NONE',  ( 1.000000000000000000, 4.370956789862824305E-15, 0.000000000000000000 ) ) ;
#1771 = ORIENTED_EDGE ( 'NONE', *, *, #764, .F. ) ;
#1772 = DIRECTION ( 'NONE',  ( -0.000000000000000000, -0.000000000000000000, 1.000000000000000000 ) ) ;
#1773 = CARTESIAN_POINT ( 'NONE',  ( -7.342519680000000548, -0.1760683369028015477, 0.2500000000000000000 ) ) ;
#1774 = AXIS2_PLACEMENT_3D ( 'NONE', #1111, #2312, #177 ) ;
#1775 = DIRECTION ( 'NONE',  ( -0.000000000000000000, 0.000000000000000000, 1.000000000000000000 ) ) ;
#1776 = EDGE_CURVE ( 'NONE', #2622, #1674, #194, .T. ) ;
#1777 = ORIENTED_EDGE ( 'NONE', *, *, #2355, .T. ) ;
#1778 = CARTESIAN_POINT ( 'NONE',  ( -4.000000000000000000, -3.124999999999999556, 0.2500000000000000000 ) ) ;
#1779 = VERTEX_POINT ( 'NONE', #1418 ) ;
#1780 = CYLINDRICAL_SURFACE ( 'NONE', #2992, 0.04921259842519662420 ) ;
#1781 = CARTESIAN_POINT ( 'NONE',  ( -3.625000000000001776, 3.000000000000006217, 0.2500000000000000555 ) ) ;
#1782 = VERTEX_POINT ( 'NONE', #2611 ) ;
#1783 = DIRECTION ( 'NONE',  ( 1.000000000000000000, 0.000000000000000000, 0.000000000000000000 ) ) ;
#1784 = CARTESIAN_POINT ( 'NONE',  ( -3.980270792139163127, -2.819286455383026357, 0.2500000000000000000 ) ) ;
#1785 = ORIENTED_EDGE ( 'NONE', *, *, #1992, .F. ) ;
#1786 = DIRECTION ( 'NONE',  ( -0.7771458215321032093, -0.6293205638426191406, 0.000000000000000000 ) ) ;
#1787 = AXIS2_PLACEMENT_3D ( 'NONE', #2932, #1158, #1883 ) ;
#1788 = CARTESIAN_POINT ( 'NONE',  ( -3.255511132637301852, -1.422987339896824252E-15, 0.1000000000000000194 ) ) ;
#1789 = CARTESIAN_POINT ( 'NONE',  ( -0.6249999999999994449, -2.999999999999999556, 0.2500000000000000000 ) ) ;
#1790 = ORIENTED_EDGE ( 'NONE', *, *, #1161, .F. ) ;
#1791 = CARTESIAN_POINT ( 'NONE',  ( -3.255511132637301852, -2.625000000000000000, -4.290509469491086136 ) ) ;
#1792 = ORIENTED_EDGE ( 'NONE', *, *, #2788, .T. ) ;
#1793 = EDGE_CURVE ( 'NONE', #2440, #1881, #2597, .T. ) ;
#1794 = CARTESIAN_POINT ( 'NONE',  ( -3.505511132637301852, -2.625000000000000000, 0.1000000000000000194 ) ) ;
#1795 = CARTESIAN_POINT ( 'NONE',  ( -0.5000000000000011102, 2.749999999999998668, 0.1000000000000000056 ) ) ;
#1796 = CARTESIAN_POINT ( 'NONE',  ( -3.112533258908639855, -3.843656723643099404, 0.2500000000000000000 ) ) ;
#1797 = CARTESIAN_POINT ( 'NONE',  ( -0.5000000000000011102, 2.749999999999998668, 0.000000000000000000 ) ) ;
#1798 = LINE ( 'NONE', #2533, #2884 ) ;
#1799 = AXIS2_PLACEMENT_3D ( 'NONE', #2284, #2349, #867 ) ;
#1800 = VERTEX_POINT ( 'NONE', #2386 ) ;
#1801 = CARTESIAN_POINT ( 'NONE',  ( -0.1250000000000006939, -5.310615137435790852E-16, 0.000000000000000000 ) ) ;
#1802 = DIRECTION ( 'NONE',  ( -9.713237310806267989E-17, -1.000000000000000000, 0.000000000000000000 ) ) ;
#1803 = FACE_OUTER_BOUND ( 'NONE', #1890, .T. ) ;
#1804 = ORIENTED_EDGE ( 'NONE', *, *, #209, .T. ) ;
#1805 = CIRCLE ( 'NONE', #445, 0.04921259842519634664 ) ;
#1806 = FACE_OUTER_BOUND ( 'NONE', #2579, .T. ) ;
#1807 = ORIENTED_EDGE ( 'NONE', *, *, #1192, .T. ) ;
#1808 = CARTESIAN_POINT ( 'NONE',  ( -4.000000000000000000, 3.124999999999999556, 0.2500000000000000000 ) ) ;
#1809 = EDGE_CURVE ( 'NONE', #1457, #576, #1151, .T. ) ;
#1810 = DIRECTION ( 'NONE',  ( -0.000000000000000000, -0.000000000000000000, 1.000000000000000000 ) ) ;
#1811 = LINE ( 'NONE', #1304, #1858 ) ;
#1812 = DIRECTION ( 'NONE',  ( 0.000000000000000000, 0.000000000000000000, 1.000000000000000000 ) ) ;
#1813 = EDGE_CURVE ( 'NONE', #1185, #576, #789, .T. ) ;
#1814 = AXIS2_PLACEMENT_3D ( 'NONE', #508, #477, #1715 ) ;
#1815 = CARTESIAN_POINT ( 'NONE',  ( -3.624999999999999556, -3.000000000000009326, 0.000000000000000000 ) ) ;
#1816 = ORIENTED_EDGE ( 'NONE', *, *, #1235, .F. ) ;
#1817 = AXIS2_PLACEMENT_3D ( 'NONE', #2092, #139, #2276 ) ;
#1818 = DIRECTION ( 'NONE',  ( -0.000000000000000000, 0.000000000000000000, 1.000000000000000000 ) ) ;
#1819 = AXIS2_PLACEMENT_3D ( 'NONE', #1313, #2030, #67 ) ;
#1820 = CYLINDRICAL_SURFACE ( 'NONE', #12, 0.5000000000000001110 ) ;
#1821 = ORIENTED_EDGE ( 'NONE', *, *, #2949, .F. ) ;
#1822 = DIRECTION ( 'NONE',  ( -0.000000000000000000, 0.000000000000000000, 1.000000000000000000 ) ) ;
#1823 = ORIENTED_EDGE ( 'NONE', *, *, #2472, .T. ) ;
#1824 = CARTESIAN_POINT ( 'NONE',  ( -6.440109085801751121, -0.3124999999999998335, -4.290509469491086136 ) ) ;
#1825 = ORIENTED_EDGE ( 'NONE', *, *, #2708, .F. ) ;
#1826 = VERTEX_POINT ( 'NONE', #954 ) ;
#1827 = CARTESIAN_POINT ( 'NONE',  ( -2.955203117947985625, 3.649370268260074823, -4.290509469491086136 ) ) ;
#1828 = DIRECTION ( 'NONE',  ( -0.000000000000000000, 0.000000000000000000, 1.000000000000000000 ) ) ;
#1829 = EDGE_CURVE ( 'NONE', #2098, #949, #2401, .T. ) ;
#1830 = EDGE_CURVE ( 'NONE', #2585, #2308, #1432, .T. ) ;
#1831 = DIRECTION ( 'NONE',  ( 0.000000000000000000, -0.000000000000000000, -1.000000000000000000 ) ) ;
#1832 = EDGE_LOOP ( 'NONE', ( #2134, #2422, #1467, #2958 ) ) ;
#1833 = CARTESIAN_POINT ( 'NONE',  ( -7.500000000000000000, -7.409113134841469265E-17, -4.290509469491086136 ) ) ;
#1834 = EDGE_CURVE ( 'NONE', #2614, #928, #1608, .T. ) ;
#1835 = CARTESIAN_POINT ( 'NONE',  ( -3.255511132637301852, 0.3740157480314945104, 0.000000000000000000 ) ) ;
#1836 = ORIENTED_EDGE ( 'NONE', *, *, #1157, .F. ) ;
#1837 = DIRECTION ( 'NONE',  ( -0.000000000000000000, -0.000000000000000000, 1.000000000000000000 ) ) ;
#1838 = ORIENTED_EDGE ( 'NONE', *, *, #209, .F. ) ;
#1839 = FACE_OUTER_BOUND ( 'NONE', #360, .T. ) ;
#1840 = EDGE_LOOP ( 'NONE', ( #425, #1173, #3014, #1351, #2660, #1637, #1664, #167, #3036, #1739, #852, #2746 ) ) ;
#1841 = DIRECTION ( 'NONE',  ( -0.000000000000000000, -0.000000000000000000, 1.000000000000000000 ) ) ;
#1842 = CARTESIAN_POINT ( 'NONE',  ( -0.1742125984251970960, -5.250347086296649035E-16, 0.2500000000000000555 ) ) ;
#1843 = CARTESIAN_POINT ( 'NONE',  ( -6.652951651006830502, -0.6549911861141872738, 0.1000000000000000194 ) ) ;
#1844 = CARTESIAN_POINT ( 'NONE',  ( -6.679903410280993548, 0.2417986425339372913, -4.290509469491086136 ) ) ;
#1845 = ORIENTED_EDGE ( 'NONE', *, *, #2225, .F. ) ;
#1846 = FACE_OUTER_BOUND ( 'NONE', #320, .T. ) ;
#1847 = EDGE_CURVE ( 'NONE', #331, #2188, #2416, .T. ) ;
#1848 = EDGE_CURVE ( 'NONE', #576, #1185, #1374, .T. ) ;
#1849 = ORIENTED_EDGE ( 'NONE', *, *, #2791, .F. ) ;
#1850 = FACE_OUTER_BOUND ( 'NONE', #2646, .T. ) ;
#1851 = EDGE_CURVE ( 'NONE', #2109, #468, #1566, .T. ) ;
#1852 = DIRECTION ( 'NONE',  ( -0.000000000000000000, 0.000000000000000000, 1.000000000000000000 ) ) ;
#1853 = ORIENTED_EDGE ( 'NONE', *, *, #2867, .T. ) ;
#1854 = FACE_OUTER_BOUND ( 'NONE', #2811, .T. ) ;
#1855 = ORIENTED_EDGE ( 'NONE', *, *, #941, .F. ) ;
#1856 = FACE_OUTER_BOUND ( 'NONE', #1420, .T. ) ;
#1857 = AXIS2_PLACEMENT_3D ( 'NONE', #1419, #2402, #2387 ) ;
#1858 = VECTOR ( 'NONE', #1085, 39.37007874015748143 ) ;
#1859 = DIRECTION ( 'NONE',  ( -0.000000000000000000, -0.000000000000000000, 1.000000000000000000 ) ) ;
#1860 = PERSON_AND_ORGANIZATION_ROLE ( 'design_owner' ) ;
#1861 = DIRECTION ( 'NONE',  ( -0.000000000000000000, 0.000000000000000000, 1.000000000000000000 ) ) ;
#1862 = ORIENTED_EDGE ( 'NONE', *, *, #842, .T. ) ;
#1863 = DIRECTION ( 'NONE',  ( -0.000000000000000000, -0.000000000000000000, 1.000000000000000000 ) ) ;
#1864 = DESIGN_CONTEXT ( 'detailed design', #2233, 'design' ) ;
#1865 = DIRECTION ( 'NONE',  ( 1.000000000000000000, -2.185478394931407814E-15, 0.000000000000000000 ) ) ;
#1866 = AXIS2_PLACEMENT_3D ( 'NONE', #1925, #183, #2898 ) ;
#1867 = EDGE_LOOP ( 'NONE', ( #610, #269, #916, #3041 ) ) ;
#1868 = VECTOR ( 'NONE', #2774, 39.37007874015748143 ) ;
#1869 = DIRECTION ( 'NONE',  ( 1.000000000000000000, 0.000000000000000000, 0.000000000000000000 ) ) ;
#1870 = VECTOR ( 'NONE', #1246, 39.37007874015748143 ) ;
#1871 = AXIS2_PLACEMENT_3D ( 'NONE', #2786, #339, #107 ) ;
#1872 = DIRECTION ( 'NONE',  ( 1.000000000000000000, 0.000000000000000000, 0.000000000000000000 ) ) ;
#1873 = EDGE_LOOP ( 'NONE', ( #499, #2516, #504, #1624 ) ) ;
#1874 = EDGE_CURVE ( 'NONE', #51, #1516, #2854, .T. ) ;
#1875 = DIRECTION ( 'NONE',  ( 1.000000000000000000, 1.912293595564985633E-15, 0.000000000000000000 ) ) ;
#1876 = ORIENTED_EDGE ( 'NONE', *, *, #213, .F. ) ;
#1877 = CARTESIAN_POINT ( 'NONE',  ( -0.1742125984251972626, -5.250347086296649035E-16, 0.2500000000000000000 ) ) ;
#1878 = CARTESIAN_POINT ( 'NONE',  ( -3.505511132637301852, 2.625000000000000000, 0.1000000000000000194 ) ) ;
#1879 = CARTESIAN_POINT ( 'NONE',  ( -6.440109085801751121, 0.3124999999999998335, 0.2500000000000000000 ) ) ;
#1880 = VECTOR ( 'NONE', #1424, 39.37007874015748143 ) ;
#1881 = VERTEX_POINT ( 'NONE', #2295 ) ;
#1882 = DIRECTION ( 'NONE',  ( -0.000000000000000000, -0.000000000000000000, 1.000000000000000000 ) ) ;
#1883 = DIRECTION ( 'NONE',  ( -1.000000000000000000, 0.000000000000000000, 0.000000000000000000 ) ) ;
#1884 = ORIENTED_EDGE ( 'NONE', *, *, #1829, .T. ) ;
#1885 = DIRECTION ( 'NONE',  ( 1.000000000000000000, 0.000000000000000000, 0.000000000000000000 ) ) ;
#1886 = DIRECTION ( 'NONE',  ( 1.000000000000000000, 0.000000000000000000, 0.000000000000000000 ) ) ;
#1887 = ORIENTED_EDGE ( 'NONE', *, *, #744, .F. ) ;
#1888 = DIRECTION ( 'NONE',  ( 1.000000000000000000, 0.000000000000000000, 0.000000000000000000 ) ) ;
#1889 = EDGE_CURVE ( 'NONE', #337, #2190, #1061, .T. ) ;
#1890 = EDGE_LOOP ( 'NONE', ( #2830, #287, #2150, #640 ) ) ;
#1891 = AXIS2_PLACEMENT_3D ( 'NONE', #2107, #1142, #1865 ) ;
#1892 = CARTESIAN_POINT ( 'NONE',  ( -0.1249999999999995559, -2.500000000000000000, 0.2500000000000000555 ) ) ;
#1893 = CARTESIAN_POINT ( 'NONE',  ( -6.440109085801751121, 0.06249999999999977796, 0.2500000000000000000 ) ) ;
#1894 = LENGTH_MEASURE_WITH_UNIT ( LENGTH_MEASURE( 0.02539999999999999897 ), #2644 );
#1895 = ORIENTED_EDGE ( 'NONE', *, *, #305, .F. ) ;
#1896 = DIRECTION ( 'NONE',  ( -0.000000000000000000, -0.000000000000000000, 1.000000000000000000 ) ) ;
#1897 = ORIENTED_EDGE ( 'NONE', *, *, #62, .T. ) ;
#1898 = DIRECTION ( 'NONE',  ( 1.000000000000000000, 0.000000000000000000, 0.000000000000000000 ) ) ;
#1899 = CARTESIAN_POINT ( 'NONE',  ( -3.005511132637302296, 0.7071067811865487940, 0.1000000000000000194 ) ) ;
#1900 = EDGE_LOOP ( 'NONE', ( #801, #227, #1193, #2575 ) ) ;
#1901 = CARTESIAN_POINT ( 'NONE',  ( -0.07578740157480313988, -2.500000000000000000, 0.2500000000000000555 ) ) ;
#1902 = AXIS2_PLACEMENT_3D ( 'NONE', #1426, #8, #2152 ) ;
#1903 = EDGE_LOOP ( 'NONE', ( #731, #1164, #2505, #124 ) ) ;
#1904 = CARTESIAN_POINT ( 'NONE',  ( -6.440109085801751121, -0.06249999999999953509, 0.2500000000000000000 ) ) ;
#1905 = DIRECTION ( 'NONE',  ( 1.000000000000000000, 0.000000000000000000, 0.000000000000000000 ) ) ;
#1906 = EDGE_CURVE ( 'NONE', #2176, #2285, #1005, .T. ) ;
#1907 = AXIS2_PLACEMENT_3D ( 'NONE', #3026, #2530, #1336 ) ;
#1908 = AXIS2_PLACEMENT_3D ( 'NONE', #1879, #1677, #2137 ) ;
#1909 = ORIENTED_EDGE ( 'NONE', *, *, #1848, .F. ) ;
#1910 = EDGE_CURVE ( 'NONE', #2468, #1435, #2671, .T. ) ;
#1911 = EDGE_CURVE ( 'NONE', #2696, #1208, #1718, .T. ) ;
#1912 = EDGE_LOOP ( 'NONE', ( #463, #868, #920, #48 ) ) ;
#1913 = CARTESIAN_POINT ( 'NONE',  ( -3.937305639802034740, -0.3124999999999993339, 0.1000000000000000194 ) ) ;
#1914 = VECTOR ( 'NONE', #2747, 39.37007874015748143 ) ;
#1915 = VECTOR ( 'NONE', #128, 39.37007874015748143 ) ;
#1916 = DIRECTION ( 'NONE',  ( 1.000000000000000000, 0.000000000000000000, 0.000000000000000000 ) ) ;
#1917 = VERTEX_POINT ( 'NONE', #1328 ) ;
#1918 = AXIS2_PLACEMENT_3D ( 'NONE', #1788, #346, #2727 ) ;
#1919 = CARTESIAN_POINT ( 'NONE',  ( -3.255511132637301852, -0.7071067811865487940, 0.1000000000000000194 ) ) ;
#1920 = CIRCLE ( 'NONE', #3, 0.04921259842519662420 ) ;
#1921 = AXIS2_PLACEMENT_3D ( 'NONE', #1036, #2980, #1770 ) ;
#1922 = VERTEX_POINT ( 'NONE', #800 ) ;
#1923 = DIRECTION ( 'NONE',  ( -0.000000000000000000, -0.000000000000000000, 1.000000000000000000 ) ) ;
#1924 = CARTESIAN_POINT ( 'NONE',  ( -3.005511132637302296, -2.625000000000000000, -4.290509469491086136 ) ) ;
#1925 = CARTESIAN_POINT ( 'NONE',  ( -1.624999999999999112, -3.000000000000003109, 0.2500000000000000555 ) ) ;
#1926 = SHAPE_DEFINITION_REPRESENTATION ( #2036, #918 ) ;
#1927 = AXIS2_PLACEMENT_3D ( 'NONE', #1913, #33, #995 ) ;
#1928 = VERTEX_POINT ( 'NONE', #1233 ) ;
#1929 = EDGE_CURVE ( 'NONE', #1062, #2559, #28, .T. ) ;
#1930 = EDGE_CURVE ( 'NONE', #2614, #2277, #1764, .T. ) ;
#1932 = ORIENTED_EDGE ( 'NONE', *, *, #842, .F. ) ;
#1931 = VERTEX_POINT ( 'NONE', #2282 ) ;
#1933 = DIRECTION ( 'NONE',  ( 1.000000000000000000, 0.000000000000000000, 0.000000000000000000 ) ) ;
#1934 = EDGE_CURVE ( 'NONE', #884, #2628, #1534, .T. ) ;
#1935 = CYLINDRICAL_SURFACE ( 'NONE', #1902, 0.05314960629921275381 ) ;
#1936 = ORIENTED_EDGE ( 'NONE', *, *, #3122, .T. ) ;
#1937 = DIRECTION ( 'NONE',  ( -0.000000000000000000, -0.000000000000000000, 1.000000000000000000 ) ) ;
#1938 = ORIENTED_EDGE ( 'NONE', *, *, #1194, .F. ) ;
#1939 = DIRECTION ( 'NONE',  ( 0.000000000000000000, -0.000000000000000000, -1.000000000000000000 ) ) ;
#1940 = DIRECTION ( 'NONE',  ( 1.000000000000000000, 0.000000000000000000, 0.000000000000000000 ) ) ;
#1941 = DIRECTION ( 'NONE',  ( -0.000000000000000000, -0.000000000000000000, -1.000000000000000000 ) ) ;
#1942 = DATE_AND_TIME ( #1006, #2369 ) ;
#1943 = AXIS2_PLACEMENT_3D ( 'NONE', #2004, #2053, #1510 ) ;
#1944 = ORIENTED_EDGE ( 'NONE', *, *, #170, .T. ) ;
#1946 = EDGE_LOOP ( 'NONE', ( #2659, #534, #2138, #2580 ) ) ;
#1945 = ORIENTED_EDGE ( 'NONE', *, *, #836, .T. ) ;
#1947 = CARTESIAN_POINT ( 'NONE',  ( -3.255511132637301852, 0.7071067811865487940, 0.2500000000000000000 ) ) ;
#1948 = PRODUCT_DEFINITION ( 'UNKNOWN', '', #2721, #1864 ) ;
#1949 = CARTESIAN_POINT ( 'NONE',  ( -3.505511132637301852, 0.5590169943749490056, 0.2500000000000000000 ) ) ;
#1950 = ORIENTED_EDGE ( 'NONE', *, *, #2961, .F. ) ;
#1951 = LINE ( 'NONE', #1473, #904 ) ;
#1952 = EDGE_CURVE ( 'NONE', #236, #2614, #2450, .T. ) ;
#1953 = ORIENTED_EDGE ( 'NONE', *, *, #1597, .F. ) ;
#1954 = CARTESIAN_POINT ( 'NONE',  ( -3.005511132637302296, -2.875000000000000000, -4.290509469491086136 ) ) ;
#1955 = EDGE_LOOP ( 'NONE', ( #3118, #2822 ) ) ;
#1956 = CIRCLE ( 'NONE', #2360, 0.5000000000000001110 ) ;
#1957 = DIRECTION ( 'NONE',  ( 1.000000000000000000, -0.000000000000000000, 0.000000000000000000 ) ) ;
#1958 = CARTESIAN_POINT ( 'NONE',  ( -0.5843750000000010880, 2.749999999999998668, 0.000000000000000000 ) ) ;
#1959 = CARTESIAN_POINT ( 'NONE',  ( -3.755511132637301408, 2.625000000000000000, 0.2500000000000000000 ) ) ;
#1960 = AXIS2_PLACEMENT_3D ( 'NONE', #1801, #2772, #2469 ) ;
#1961 =( GEOMETRIC_REPRESENTATION_CONTEXT ( 3 ) GLOBAL_UNCERTAINTY_ASSIGNED_CONTEXT ( ( #1704 ) ) GLOBAL_UNIT_ASSIGNED_CONTEXT ( ( #2089, #936, #2612 ) ) REPRESENTATION_CONTEXT ( 'NONE', 'WORKASPACE' ) );
#1962 = CARTESIAN_POINT ( 'NONE',  ( -0.07578740157480426398, -5.310615137435790852E-16, 0.2500000000000000555 ) ) ;
#1964 = ORIENTED_EDGE ( 'NONE', *, *, #960, .F. ) ;
#1963 = ORIENTED_EDGE ( 'NONE', *, *, #707, .F. ) ;
#1965 = AXIS2_PLACEMENT_3D ( 'NONE', #436, #453, #1448 ) ;
#1966 = FACE_OUTER_BOUND ( 'NONE', #974, .T. ) ;
#1967 = ORIENTED_EDGE ( 'NONE', *, *, #898, .T. ) ;
#1968 = CYLINDRICAL_SURFACE ( 'NONE', #1415, 0.2499999999999998057 ) ;
#1969 = AXIS2_PLACEMENT_3D ( 'NONE', #1522, #2248, #2477 ) ;
#1970 = VERTEX_POINT ( 'NONE', #1570 ) ;
#1971 = CARTESIAN_POINT ( 'NONE',  ( -3.005511132637302296, 2.875000000000000000, 0.1000000000000000194 ) ) ;
#1972 = VERTEX_POINT ( 'NONE', #1958 ) ;
#1973 = ADVANCED_FACE ( 'NONE', ( #1803 ), #494, .F. ) ;
#1974 = LINE ( 'NONE', #523, #2024 ) ;
#1975 = CIRCLE ( 'NONE', #348, 0.05314960629921275381 ) ;
#1976 = DIRECTION ( 'NONE',  ( -0.000000000000000000, -0.000000000000000000, 1.000000000000000000 ) ) ;
#1977 = CIRCLE ( 'NONE', #1918, 0.5000000000000001110 ) ;
#1978 = LINE ( 'NONE', #176, #373 ) ;
#1979 = PERSON ( 'UNSPECIFIED', 'UNSPECIFIED', 'UNSPECIFIED', ('UNSPECIFIED'), ('UNSPECIFIED'), ('UNSPECIFIED') ) ;
#1980 = FACE_BOUND ( 'NONE', #239, .T. ) ;
#1981 = ORIENTED_EDGE ( 'NONE', *, *, #2296, .T. ) ;
#1982 = LINE ( 'NONE', #2954, #388 ) ;
#1983 = AXIS2_PLACEMENT_3D ( 'NONE', #880, #1408, #2379 ) ;
#1984 = ORIENTED_EDGE ( 'NONE', *, *, #2513, .F. ) ;
#1985 = FACE_OUTER_BOUND ( 'NONE', #711, .T. ) ;
#1986 = DIMENSIONAL_EXPONENTS ( 1.000000000000000000, 0.000000000000000000, 0.000000000000000000, 0.000000000000000000, 0.000000000000000000, 0.000000000000000000, 0.000000000000000000 ) ;
#1987 = EDGE_LOOP ( 'NONE', ( #32, #1054, #1383, #2205 ) ) ;
#1988 = DIRECTION ( 'NONE',  ( 1.000000000000000000, 0.000000000000000000, 0.000000000000000000 ) ) ;
#1989 = ORIENTED_EDGE ( 'NONE', *, *, #362, .F. ) ;
#1990 = DIRECTION ( 'NONE',  ( -0.000000000000000000, 0.000000000000000000, 1.000000000000000000 ) ) ;
#1991 = ADVANCED_FACE ( 'NONE', ( #2521 ), #280, .F. ) ;
#1992 = EDGE_CURVE ( 'NONE', #476, #616, #1975, .T. ) ;
#1993 = DIRECTION ( 'NONE',  ( -0.000000000000000000, -0.000000000000000000, 1.000000000000000000 ) ) ;
#1994 = EDGE_CURVE ( 'NONE', #1436, #581, #1462, .T. ) ;
#1995 = CIRCLE ( 'NONE', #622, 0.2362204699999995716 ) ;
#1996 = CARTESIAN_POINT ( 'NONE',  ( -7.657480320000000340, 0.000000000000000000, 0.000000000000000000 ) ) ;
#1997 = ORIENTED_EDGE ( 'NONE', *, *, #1889, .T. ) ;
#1998 = FACE_OUTER_BOUND ( 'NONE', #2813, .T. ) ;
#1999 = DIRECTION ( 'NONE',  ( -0.000000000000000000, 0.000000000000000000, 1.000000000000000000 ) ) ;
#2000 = ORIENTED_EDGE ( 'NONE', *, *, #2825, .T. ) ;
#2001 = CARTESIAN_POINT ( 'NONE',  ( -3.937305639802034740, -0.3124999999999993339, 0.2500000000000000000 ) ) ;
#2002 = ORIENTED_EDGE ( 'NONE', *, *, #1138, .F. ) ;
#2003 = DIRECTION ( 'NONE',  ( 1.000000000000000000, 0.000000000000000000, 0.000000000000000000 ) ) ;
#2004 = CARTESIAN_POINT ( 'NONE',  ( -7.657480320000000340, 0.000000000000000000, 0.2500000000000000000 ) ) ;
#2005 = ADVANCED_FACE ( 'NONE', ( #511 ), #2689, .F. ) ;
#2006 = AXIS2_PLACEMENT_3D ( 'NONE', #1345, #899, #2112 ) ;
#2007 = EDGE_CURVE ( 'NONE', #1095, #179, #2435, .T. ) ;
#2008 = AXIS2_PLACEMENT_3D ( 'NONE', #182, #2851, #670 ) ;
#2009 = DIRECTION ( 'NONE',  ( -0.000000000000000000, -0.000000000000000000, -1.000000000000000000 ) ) ;
#2010 = ORIENTED_EDGE ( 'NONE', *, *, #473, .F. ) ;
#2011 = CARTESIAN_POINT ( 'NONE',  ( -3.112533258908639855, 3.843656723643099404, 0.2500000000000000000 ) ) ;
#2012 = VECTOR ( 'NONE', #246, 39.37007874015748143 ) ;
#2013 = DIRECTION ( 'NONE',  ( 0.000000000000000000, -0.000000000000000000, -1.000000000000000000 ) ) ;
#2014 = ORIENTED_EDGE ( 'NONE', *, *, #878, .F. ) ;
#2015 = DIRECTION ( 'NONE',  ( -0.000000000000000000, 0.000000000000000000, 1.000000000000000000 ) ) ;
#2016 = ORIENTED_EDGE ( 'NONE', *, *, #151, .T. ) ;
#2017 = FACE_OUTER_BOUND ( 'NONE', #105, .T. ) ;
#2018 = VECTOR ( 'NONE', #1686, 39.37007874015748143 ) ;
#2019 = CARTESIAN_POINT ( 'NONE',  ( -0.1250000000000016653, 2.500000000000000000, 0.2500000000000000000 ) ) ;
#2020 = AXIS2_PLACEMENT_3D ( 'NONE', #2775, #95, #2032 ) ;
#2021 = CIRCLE ( 'NONE', #3093, 0.2362204699999995716 ) ;
#2022 = ORIENTED_EDGE ( 'NONE', *, *, #1934, .F. ) ;
#2023 = DIRECTION ( 'NONE',  ( 1.000000000000000000, 1.365923996832131609E-16, 0.000000000000000000 ) ) ;
#2024 = VECTOR ( 'NONE', #1388, 39.37007874015748143 ) ;
#2025 = CIRCLE ( 'NONE', #655, 0.08437499999999996392 ) ;
#2026 = CARTESIAN_POINT ( 'NONE',  ( -0.4999999999999996114, 0.3124999999999985012, 0.1000000000000000194 ) ) ;
#2027 = ORIENTED_EDGE ( 'NONE', *, *, #2868, .T. ) ;
#2028 = CYLINDRICAL_SURFACE ( 'NONE', #1502, 0.04921259842519662420 ) ;
#2029 = EDGE_CURVE ( 'NONE', #1245, #496, #264, .T. ) ;
#2030 = DIRECTION ( 'NONE',  ( -0.000000000000000000, -0.000000000000000000, 1.000000000000000000 ) ) ;
#2031 = CIRCLE ( 'NONE', #1774, 0.2499999999999998057 ) ;
#2032 = DIRECTION ( 'NONE',  ( 1.000000000000000000, 0.000000000000000000, 0.000000000000000000 ) ) ;
#2033 = ORIENTED_EDGE ( 'NONE', *, *, #630, .T. ) ;
#2034 = LINE ( 'NONE', #1791, #543 ) ;
#2035 = ORIENTED_EDGE ( 'NONE', *, *, #341, .T. ) ;
#2036 = PRODUCT_DEFINITION_SHAPE ( 'NONE', 'NONE',  #1948 ) ;
#2037 = FACE_BOUND ( 'NONE', #2781, .T. ) ;
#2038 = DIRECTION ( 'NONE',  ( -0.000000000000000000, -0.000000000000000000, -1.000000000000000000 ) ) ;
#2039 = LINE ( 'NONE', #3010, #1353 ) ;
#2040 = CARTESIAN_POINT ( 'NONE',  ( -3.980270792139163127, -2.819286455383026357, -4.290509469491086136 ) ) ;
#2041 = CARTESIAN_POINT ( 'NONE',  ( -0.5000000000000014433, 0.06249999999999866079, 0.1000000000000000194 ) ) ;
#2042 = ORIENTED_EDGE ( 'NONE', *, *, #2961, .T. ) ;
#2043 = CARTESIAN_POINT ( 'NONE',  ( -6.440109085801751121, -0.06249999999999977796, 0.1000000000000000194 ) ) ;
#2044 = CIRCLE ( 'NONE', #672, 0.04921259842519641603 ) ;
#2045 = ADVANCED_FACE ( 'NONE', ( #43 ), #347, .F. ) ;
#2046 = CYLINDRICAL_SURFACE ( 'NONE', #1819, 0.2499999999999998057 ) ;
#2047 = CARTESIAN_POINT ( 'NONE',  ( -3.255511132637301852, 1.422987339896824252E-15, 0.2500000000000000000 ) ) ;
#2048 = ORIENTED_EDGE ( 'NONE', *, *, #1626, .F. ) ;
#2049 = CYLINDRICAL_SURFACE ( 'NONE', #438, 0.2499999999999998057 ) ;
#2050 = VERTEX_POINT ( 'NONE', #1075 ) ;
#2051 = EDGE_CURVE ( 'NONE', #1208, #292, #1798, .T. ) ;
#2052 = FACE_BOUND ( 'NONE', #2121, .T. ) ;
#2053 = DIRECTION ( 'NONE',  ( -1.000000000000000000, 0.000000000000000000, 0.000000000000000000 ) ) ;
#2054 = DIRECTION ( 'NONE',  ( 1.000000000000000000, 0.000000000000000000, 0.000000000000000000 ) ) ;
#2055 = FACE_OUTER_BOUND ( 'NONE', #3054, .T. ) ;
#2056 = DIRECTION ( 'NONE',  ( -0.000000000000000000, -0.000000000000000000, 1.000000000000000000 ) ) ;
#2057 = VECTOR ( 'NONE', #3098, 39.37007874015748143 ) ;
#2058 = ORIENTED_EDGE ( 'NONE', *, *, #1910, .T. ) ;
#2059 = LINE ( 'NONE', #125, #2160 ) ;
#2060 = CARTESIAN_POINT ( 'NONE',  ( -0.2499999999999996114, 2.428309327701562991E-17, -4.290509469491086136 ) ) ;
#2061 = CARTESIAN_POINT ( 'NONE',  ( -3.822940651178508453, 2.625000000000000000, -4.290509469491086136 ) ) ;
#2062 = ORIENTED_EDGE ( 'NONE', *, *, #726, .T. ) ;
#2063 = AXIS2_PLACEMENT_3D ( 'NONE', #1740, #1549, #2517 ) ;
#2064 = DIRECTION ( 'NONE',  ( 1.000000000000000000, 0.000000000000000000, 0.000000000000000000 ) ) ;
#2065 = ORIENTED_EDGE ( 'NONE', *, *, #2507, .F. ) ;
#2066 = CARTESIAN_POINT ( 'NONE',  ( -7.657480320000000340, -0.1760683369028015477, 0.000000000000000000 ) ) ;
#2067 = EDGE_CURVE ( 'NONE', #599, #31, #2306, .T. ) ;
#2068 = ORIENTED_EDGE ( 'NONE', *, *, #1748, .F. ) ;
#2069 = ORIENTED_EDGE ( 'NONE', *, *, #761, .T. ) ;
#2070 = DIRECTION ( 'NONE',  ( 1.000000000000000000, 0.000000000000000000, 0.000000000000000000 ) ) ;
#2071 = DIRECTION ( 'NONE',  ( -0.000000000000000000, -0.000000000000000000, 1.000000000000000000 ) ) ;
#2072 = AXIS2_PLACEMENT_3D ( 'NONE', #3134, #2157, #1195 ) ;
#2073 = ADVANCED_FACE ( 'NONE', ( #659 ), #1125, .F. ) ;
#2074 = CIRCLE ( 'NONE', #203, 0.04921259842519689481 ) ;
#2075 = CIRCLE ( 'NONE', #97, 0.2499999999999998057 ) ;
#2076 = DIRECTION ( 'NONE',  ( -0.000000000000000000, 0.000000000000000000, 1.000000000000000000 ) ) ;
#2077 = ORIENTED_EDGE ( 'NONE', *, *, #1369, .T. ) ;
#2078 = AXIS2_PLACEMENT_3D ( 'NONE', #1117, #1165, #1368 ) ;
#2079 = CARTESIAN_POINT ( 'NONE',  ( -3.005511132637302296, 2.625000000000000000, -4.290509469491086136 ) ) ;
#2080 = VECTOR ( 'NONE', #1277, 39.37007874015748143 ) ;
#2081 = FACE_OUTER_BOUND ( 'NONE', #2549, .T. ) ;
#2082 = ORIENTED_EDGE ( 'NONE', *, *, #2922, .T. ) ;
#2083 = DIRECTION ( 'NONE',  ( -0.000000000000000000, -0.000000000000000000, 1.000000000000000000 ) ) ;
#2084 = ORIENTED_EDGE ( 'NONE', *, *, #2536, .T. ) ;
#2085 = DIRECTION ( 'NONE',  ( -0.7771458215321032093, 0.6293205638426191406, 0.000000000000000000 ) ) ;
#2086 = ORIENTED_EDGE ( 'NONE', *, *, #2513, .T. ) ;
#2087 = ORIENTED_EDGE ( 'NONE', *, *, #1598, .F. ) ;
#2088 = FACE_OUTER_BOUND ( 'NONE', #129, .T. ) ;
#2089 =( CONVERSION_BASED_UNIT ( 'INCH', #1894 ) LENGTH_UNIT ( ) NAMED_UNIT ( #1986 ) );
#2090 = EDGE_CURVE ( 'NONE', #1683, #2420, #843, .T. ) ;
#2091 = EDGE_CURVE ( 'NONE', #1204, #444, #2074, .T. ) ;
#2092 = CARTESIAN_POINT ( 'NONE',  ( 0.000000000000000000, 2.875000000000000000, -4.290509469491086136 ) ) ;
#2093 = ORIENTED_EDGE ( 'NONE', *, *, #1276, .T. ) ;
#2094 = ADVANCED_FACE ( 'NONE', ( #1593 ), #2789, .T. ) ;
#2095 = CYLINDRICAL_SURFACE ( 'NONE', #1153, 0.8549999999999995381 ) ;
#2096 = DIRECTION ( 'NONE',  ( -0.000000000000000000, -0.000000000000000000, 1.000000000000000000 ) ) ;
#2097 = CARTESIAN_POINT ( 'NONE',  ( -3.308660738936514800, -0.3740157480314973415, 0.000000000000000000 ) ) ;
#2098 = VERTEX_POINT ( 'NONE', #2041 ) ;
#2099 = CYLINDRICAL_SURFACE ( 'NONE', #3043, 0.2499999999999998057 ) ;
#2100 = ORIENTED_EDGE ( 'NONE', *, *, #3123, .F. ) ;
#2101 = ORIENTED_EDGE ( 'NONE', *, *, #571, .T. ) ;
#2102 = DIRECTION ( 'NONE',  ( -0.000000000000000000, -0.000000000000000000, 1.000000000000000000 ) ) ;
#2103 = CARTESIAN_POINT ( 'NONE',  ( -3.822940651178508453, 2.625000000000000000, 0.2500000000000000000 ) ) ;
#2104 = DIRECTION ( 'NONE',  ( 1.000000000000000000, 0.000000000000000000, 0.000000000000000000 ) ) ;
#2105 = ORIENTED_EDGE ( 'NONE', *, *, #2707, .T. ) ;
#2106 = CYLINDRICAL_SURFACE ( 'NONE', #2974, 0.5000000000000001110 ) ;
#2107 = CARTESIAN_POINT ( 'NONE',  ( -3.822940651178508453, -2.625000000000000000, 0.1000000000000000194 ) ) ;
#2108 = EDGE_CURVE ( 'NONE', #2490, #1440, #1579, .T. ) ;
#2109 = VERTEX_POINT ( 'NONE', #2343 ) ;
#2110 = DIRECTION ( 'NONE',  ( -0.000000000000000000, -0.000000000000000000, 1.000000000000000000 ) ) ;
#2111 = ADVANCED_FACE ( 'NONE', ( #609 ), #825, .T. ) ;
#2112 = DIRECTION ( 'NONE',  ( 1.000000000000000000, 0.000000000000000000, 0.000000000000000000 ) ) ;
#2113 = ORIENTED_EDGE ( 'NONE', *, *, #2108, .T. ) ;
#2114 = CARTESIAN_POINT ( 'NONE',  ( -0.2499999999999996114, -2.428309327701562991E-17, -4.290509469491086136 ) ) ;
#2115 = VECTOR ( 'NONE', #1155, 39.37007874015748143 ) ;
#2116 = ORIENTED_EDGE ( 'NONE', *, *, #3008, .T. ) ;
#2117 = DIRECTION ( 'NONE',  ( -0.000000000000000000, 0.000000000000000000, 1.000000000000000000 ) ) ;
#2118 = VECTOR ( 'NONE', #2354, 39.37007874015748143 ) ;
#2119 = CARTESIAN_POINT ( 'NONE',  ( -6.495621510046174052, 0.4607047307311612494, 0.2500000000000000000 ) ) ;
#2120 = PERSON_AND_ORGANIZATION ( #1979, #192 ) ;
#2121 = EDGE_LOOP ( 'NONE', ( #2077, #3089 ) ) ;
#2122 = DIRECTION ( 'NONE',  ( 1.000000000000000000, -1.817892446977627644E-16, 0.000000000000000000 ) ) ;
#2123 = CIRCLE ( 'NONE', #748, 0.2499999999999998057 ) ;
#2124 = CYLINDRICAL_SURFACE ( 'NONE', #2452, 0.08437499999999996392 ) ;
#2125 = CIRCLE ( 'NONE', #149, 0.2500000000000003331 ) ;
#2126 = EDGE_LOOP ( 'NONE', ( #2460, #1981, #1615, #769 ) ) ;
#2127 = AXIS2_PLACEMENT_3D ( 'NONE', #1671, #2640, #462 ) ;
#2128 = DIRECTION ( 'NONE',  ( -0.000000000000000000, -0.000000000000000000, 1.000000000000000000 ) ) ;
#2129 = ADVANCED_FACE ( 'NONE', ( #3061 ), #359, .F. ) ;
#2130 = EDGE_CURVE ( 'NONE', #1267, #196, #2819, .T. ) ;
#2131 = FACE_OUTER_BOUND ( 'NONE', #115, .T. ) ;
#2132 = ORIENTED_EDGE ( 'NONE', *, *, #2218, .F. ) ;
#2133 = LINE ( 'NONE', #2337, #1672 ) ;
#2134 = ORIENTED_EDGE ( 'NONE', *, *, #266, .F. ) ;
#2135 = CARTESIAN_POINT ( 'NONE',  ( -3.822940651178508453, 2.875000000000000000, 0.2500000000000000000 ) ) ;
#2136 = CARTESIAN_POINT ( 'NONE',  ( -3.937305639802034740, -0.06249999999999929917, -4.290509469491086136 ) ) ;
#2137 = DIRECTION ( 'NONE',  ( 1.000000000000000000, 0.000000000000000000, 0.000000000000000000 ) ) ;
#2138 = ORIENTED_EDGE ( 'NONE', *, *, #2007, .T. ) ;
#2139 = LINE ( 'NONE', #3110, #2293 ) ;
#2140 = ORIENTED_EDGE ( 'NONE', *, *, #2650, .T. ) ;
#2141 = DIRECTION ( 'NONE',  ( -0.000000000000000000, 0.000000000000000000, 1.000000000000000000 ) ) ;
#2142 = CARTESIAN_POINT ( 'NONE',  ( -3.937305639802034740, 0.06249999999999943795, 0.2500000000000000000 ) ) ;
#2143 = VERTEX_POINT ( 'NONE', #1563 ) ;
#2144 = PLANE ( 'NONE',  #2173 ) ;
#2145 = ORIENTED_EDGE ( 'NONE', *, *, #526, .F. ) ;
#2146 = AXIS2_PLACEMENT_3D ( 'NONE', #1795, #2508, #335 ) ;
#2147 = CARTESIAN_POINT ( 'NONE',  ( -1.575787401574805235, 3.000000000000000888, 0.000000000000000000 ) ) ;
#2148 = ADVANCED_FACE ( 'NONE', ( #123 ), #1071, .F. ) ;
#2149 = DIRECTION ( 'NONE',  ( -0.000000000000000000, -0.000000000000000000, 1.000000000000000000 ) ) ;
#2150 = ORIENTED_EDGE ( 'NONE', *, *, #2904, .T. ) ;
#2151 = CARTESIAN_POINT ( 'NONE',  ( -7.500000000000000000, 7.409113134841469265E-17, 0.000000000000000000 ) ) ;
#2152 = DIRECTION ( 'NONE',  ( 1.000000000000000000, 0.000000000000000000, 0.000000000000000000 ) ) ;
#2153 = ORIENTED_EDGE ( 'NONE', *, *, #475, .F. ) ;
#2154 = CARTESIAN_POINT ( 'NONE',  ( 0.000000000000000000, 0.000000000000000000, 0.1000000000000000056 ) ) ;
#2155 = AXIS2_PLACEMENT_3D ( 'NONE', #3019, #832, #164 ) ;
#2156 = ORIENTED_EDGE ( 'NONE', *, *, #1834, .T. ) ;
#2157 = DIRECTION ( 'NONE',  ( -0.000000000000000000, 0.000000000000000000, 1.000000000000000000 ) ) ;
#2158 = CARTESIAN_POINT ( 'NONE',  ( -3.822940651178508453, -2.875000000000000444, 0.1000000000000000194 ) ) ;
#2159 = CARTESIAN_POINT ( 'NONE',  ( -3.005511132637302296, -2.625000000000000000, 0.1000000000000000194 ) ) ;
#2160 = VECTOR ( 'NONE', #2122, 39.37007874015748143 ) ;
#2161 = EDGE_CURVE ( 'NONE', #207, #3079, #2474, .T. ) ;
#2162 = EDGE_CURVE ( 'NONE', #1204, #384, #1610, .T. ) ;
#2163 = LOCAL_TIME ( 19, 6, 50.00000000000000000, #1657 ) ;
#2164 = VECTOR ( 'NONE', #1182, 39.37007874015748143 ) ;
#2165 = ORIENTED_EDGE ( 'NONE', *, *, #2853, .F. ) ;
#2167 = VERTEX_POINT ( 'NONE', #592 ) ;
#2166 = ORIENTED_EDGE ( 'NONE', *, *, #2846, .F. ) ;
#2168 = DIRECTION ( 'NONE',  ( 0.000000000000000000, -0.000000000000000000, -1.000000000000000000 ) ) ;
#2169 = VECTOR ( 'NONE', #1675, 39.37007874015748143 ) ;
#2170 = CIRCLE ( 'NONE', #1009, 0.04921259842519662420 ) ;
#2171 = CARTESIAN_POINT ( 'NONE',  ( -3.624999999999999556, -3.000000000000009326, 0.2500000000000000000 ) ) ;
#2172 = ORIENTED_EDGE ( 'NONE', *, *, #90, .T. ) ;
#2173 = AXIS2_PLACEMENT_3D ( 'NONE', #2876, #695, #2174 ) ;
#2174 = DIRECTION ( 'NONE',  ( -0.7771458215321032093, 0.6293205638426191406, 0.000000000000000000 ) ) ;
#2175 = AXIS2_PLACEMENT_3D ( 'NONE', #2753, #1050, #1528 ) ;
#2176 = VERTEX_POINT ( 'NONE', #1323 ) ;
#2177 = CARTESIAN_POINT ( 'NONE',  ( -3.308660738936514800, 0.3740157480314945104, 0.2500000000000000000 ) ) ;
#2178 = CARTESIAN_POINT ( 'NONE',  ( -3.088844465970635778, 0.4714045207910331214, 0.2500000000000000000 ) ) ;
#2179 = DIRECTION ( 'NONE',  ( 1.000000000000000000, 0.000000000000000000, 0.000000000000000000 ) ) ;
#2180 = CC_DESIGN_PERSON_AND_ORGANIZATION_ASSIGNMENT ( #1216, #2914, ( #2721 ) ) ;
#2181 = AXIS2_PLACEMENT_3D ( 'NONE', #2679, #221, #2392 ) ;
#2182 = VERTEX_POINT ( 'NONE', #2290 ) ;
#2183 = EDGE_CURVE ( 'NONE', #1554, #2622, #2565, .T. ) ;
#2185 = ORIENTED_EDGE ( 'NONE', *, *, #398, .F. ) ;
#2184 = ORIENTED_EDGE ( 'NONE', *, *, #2924, .F. ) ;
#2186 = CARTESIAN_POINT ( 'NONE',  ( -3.255511132637301852, -0.3740157480314973415, 0.2500000000000000000 ) ) ;
#2187 = CARTESIAN_POINT ( 'NONE',  ( -1.674212598425195653, -3.000000000000003109, 0.2500000000000000555 ) ) ;
#2188 = VERTEX_POINT ( 'NONE', #374 ) ;
#2189 = DIRECTION ( 'NONE',  ( 1.000000000000000000, 0.000000000000000000, 0.000000000000000000 ) ) ;
#2190 = VERTEX_POINT ( 'NONE', #1338 ) ;
#2191 = CARTESIAN_POINT ( 'NONE',  ( -2.573716625472568964, 0.3124999999999993339, 0.1000000000000000194 ) ) ;
#2192 = DIRECTION ( 'NONE',  ( -0.000000000000000000, -0.000000000000000000, 1.000000000000000000 ) ) ;
#2193 = CARTESIAN_POINT ( 'NONE',  ( -3.575787401574805013, 3.000000000000006217, 0.2500000000000000000 ) ) ;
#2194 = APPROVAL_ROLE ( '' ) ;
#2195 = VECTOR ( 'NONE', #312, 39.37007874015748143 ) ;
#2196 = LINE ( 'NONE', #3096, #222 ) ;
#2197 = FACE_BOUND ( 'NONE', #1315, .T. ) ;
#2199 = ORIENTED_EDGE ( 'NONE', *, *, #1466, .F. ) ;
#2198 = ORIENTED_EDGE ( 'NONE', *, *, #2749, .F. ) ;
#2200 = DIRECTION ( 'NONE',  ( 1.000000000000000000, 0.000000000000000000, 0.000000000000000000 ) ) ;
#2201 = EDGE_CURVE ( 'NONE', #2939, #2619, #2125, .T. ) ;
#2202 = ORIENTED_EDGE ( 'NONE', *, *, #151, .F. ) ;
#2203 = CARTESIAN_POINT ( 'NONE',  ( -3.505511132637301852, 0.5590169943749490056, -4.290509469491086136 ) ) ;
#2204 = ADVANCED_FACE ( 'NONE', ( #1356 ), #3135, .F. ) ;
#2205 = ORIENTED_EDGE ( 'NONE', *, *, #132, .F. ) ;
#2206 = DIRECTION ( 'NONE',  ( 1.000000000000000000, 0.000000000000000000, 0.000000000000000000 ) ) ;
#2207 = VERTEX_POINT ( 'NONE', #952 ) ;
#2208 = AXIS2_PLACEMENT_3D ( 'NONE', #223, #736, #1916 ) ;
#2209 = CARTESIAN_POINT ( 'NONE',  ( -7.500000000000000000, 7.409113134841469265E-17, 0.2500000000000000000 ) ) ;
#2210 = DIRECTION ( 'NONE',  ( -0.000000000000000000, -0.000000000000000000, 1.000000000000000000 ) ) ;
#2211 = COORDINATED_UNIVERSAL_TIME_OFFSET ( 8, 0, .BEHIND. ) ;
#2212 = DIRECTION ( 'NONE',  ( -0.000000000000000000, 0.000000000000000000, 1.000000000000000000 ) ) ;
#2213 = AXIS2_PLACEMENT_3D ( 'NONE', #3045, #2785, #2510 ) ;
#2214 = FACE_BOUND ( 'NONE', #1912, .T. ) ;
#2215 = ORIENTED_EDGE ( 'NONE', *, *, #959, .F. ) ;
#2216 = CARTESIAN_POINT ( 'NONE',  ( -7.342519680000000548, -0.1760683369028015477, 0.2500000000000000000 ) ) ;
#2217 = EDGE_LOOP ( 'NONE', ( #2964, #1228, #786, #2140 ) ) ;
#2218 = EDGE_CURVE ( 'NONE', #1972, #977, #953, .T. ) ;
#2219 = CARTESIAN_POINT ( 'NONE',  ( -7.500000000000000000, 7.409113134841469265E-17, 0.1000000000000000194 ) ) ;
#2220 = ADVANCED_FACE ( 'NONE', ( #2897 ), #2464, .F. ) ;
#2221 = CIRCLE ( 'NONE', #1414, 0.05314960629921275381 ) ;
#2222 = EDGE_LOOP ( 'NONE', ( #810, #1678 ) ) ;
#2223 = CARTESIAN_POINT ( 'NONE',  ( -0.4999999999999998335, 2.624999999999999556, 0.2500000000000000000 ) ) ;
#2224 = ORIENTED_EDGE ( 'NONE', *, *, #459, .F. ) ;
#2225 = EDGE_CURVE ( 'NONE', #146, #1970, #2170, .T. ) ;
#2226 = DIRECTION ( 'NONE',  ( 1.000000000000000000, 0.000000000000000000, 0.000000000000000000 ) ) ;
#2227 = AXIS2_PLACEMENT_3D ( 'NONE', #2119, #3090, #907 ) ;
#2228 = AXIS2_PLACEMENT_3D ( 'NONE', #1074, #1999, #550 ) ;
#2229 = DIRECTION ( 'NONE',  ( -0.000000000000000000, -0.000000000000000000, 1.000000000000000000 ) ) ;
#2230 = CARTESIAN_POINT ( 'NONE',  ( -3.505511132637301852, 0.5590169943749490056, 0.1000000000000000194 ) ) ;
#2231 = ORIENTED_EDGE ( 'NONE', *, *, #1626, .T. ) ;
#2232 = FACE_OUTER_BOUND ( 'NONE', #3109, .T. ) ;
#2233 = APPLICATION_CONTEXT ( 'configuration controlled 3d designs of mechanical parts and assemblies' ) ;
#2234 = DIRECTION ( 'NONE',  ( -0.000000000000000000, -0.000000000000000000, 1.000000000000000000 ) ) ;
#2235 = EDGE_CURVE ( 'NONE', #1245, #1826, #2783, .T. ) ;
#2236 = ORIENTED_EDGE ( 'NONE', *, *, #1406, .F. ) ;
#2237 = FACE_OUTER_BOUND ( 'NONE', #404, .T. ) ;
#2238 = ORIENTED_EDGE ( 'NONE', *, *, #2787, .F. ) ;
#2239 = DIRECTION ( 'NONE',  ( -0.000000000000000000, -0.000000000000000000, 1.000000000000000000 ) ) ;
#2240 = EDGE_CURVE ( 'NONE', #273, #727, #2221, .T. ) ;
#2241 = FACE_OUTER_BOUND ( 'NONE', #309, .T. ) ;
#2242 = LINE ( 'NONE', #76, #304 ) ;
#2243 = ORIENTED_EDGE ( 'NONE', *, *, #1889, .F. ) ;
#2244 = FACE_OUTER_BOUND ( 'NONE', #2217, .T. ) ;
#2245 = FACE_OUTER_BOUND ( 'NONE', #434, .T. ) ;
#2246 = AXIS2_PLACEMENT_3D ( 'NONE', #857, #619, #2385 ) ;
#2247 = EDGE_LOOP ( 'NONE', ( #318, #708, #134, #2462 ) ) ;
#2248 = DIRECTION ( 'NONE',  ( -0.000000000000000000, 0.000000000000000000, 1.000000000000000000 ) ) ;
#2249 = ORIENTED_EDGE ( 'NONE', *, *, #213, .T. ) ;
#2250 = CARTESIAN_POINT ( 'NONE',  ( -0.5757874015748029040, -2.999999999999999556, 0.000000000000000000 ) ) ;
#2251 = CARTESIAN_POINT ( 'NONE',  ( -3.255511132637301852, 0.3740157480314945104, 0.000000000000000000 ) ) ;
#2252 = EDGE_LOOP ( 'NONE', ( #1134, #1270 ) ) ;
#2253 = DIRECTION ( 'NONE',  ( -1.910151592828277954E-16, 1.000000000000000000, 0.000000000000000000 ) ) ;
#2254 = EDGE_CURVE ( 'NONE', #1970, #1611, #2959, .T. ) ;
#2255 = LINE ( 'NONE', #2934, #2274 ) ;
#2256 = VERTEX_POINT ( 'NONE', #2670 ) ;
#2257 = EDGE_CURVE ( 'NONE', #964, #337, #1020, .T. ) ;
#2258 = CARTESIAN_POINT ( 'NONE',  ( -0.5757874015748029040, -2.999999999999999556, 0.2500000000000000000 ) ) ;
#2259 = CIRCLE ( 'NONE', #190, 0.05314960629921275381 ) ;
#2260 = APPROVAL_PERSON_ORGANIZATION ( #2480, #225, #1021 ) ;
#2261 = AXIS2_PLACEMENT_3D ( 'NONE', #2159, #935, #2866 ) ;
#2262 = FACE_OUTER_BOUND ( 'NONE', #396, .T. ) ;
#2263 = DIRECTION ( 'NONE',  ( 1.000000000000000000, 0.000000000000000000, 0.000000000000000000 ) ) ;
#2264 = ORIENTED_EDGE ( 'NONE', *, *, #2765, .F. ) ;
#2265 = DIRECTION ( 'NONE',  ( -0.000000000000000000, 0.000000000000000000, 1.000000000000000000 ) ) ;
#2266 = ORIENTED_EDGE ( 'NONE', *, *, #2615, .T. ) ;
#2267 = DIRECTION ( 'NONE',  ( -0.000000000000000000, -0.000000000000000000, 1.000000000000000000 ) ) ;
#2268 = DIRECTION ( 'NONE',  ( -1.000000000000000000, 1.365923996832131609E-16, 0.000000000000000000 ) ) ;
#2269 = VECTOR ( 'NONE', #890, 39.37007874015748143 ) ;
#2270 = VECTOR ( 'NONE', #869, 39.37007874015748143 ) ;
#2271 = ORIENTED_EDGE ( 'NONE', *, *, #2532, .F. ) ;
#2272 = CARTESIAN_POINT ( 'NONE',  ( -3.088844465970635778, 0.4714045207910331214, -4.290509469491086136 ) ) ;
#2273 = DIRECTION ( 'NONE',  ( -0.000000000000000000, -0.000000000000000000, 1.000000000000000000 ) ) ;
#2274 = VECTOR ( 'NONE', #751, 39.37007874015748143 ) ;
#2275 = EDGE_CURVE ( 'NONE', #2619, #3052, #245, .T. ) ;
#2276 = DIRECTION ( 'NONE',  ( 0.000000000000000000, -0.000000000000000000, 1.000000000000000000 ) ) ;
#2277 = VERTEX_POINT ( 'NONE', #2178 ) ;
#2278 = DIRECTION ( 'NONE',  ( 1.000000000000000000, 0.000000000000000000, 0.000000000000000000 ) ) ;
#2279 = ADVANCED_FACE ( 'NONE', ( #2928 ), #972, .F. ) ;
#2280 = DIRECTION ( 'NONE',  ( 1.000000000000000000, 2.622574073917693952E-14, 0.000000000000000000 ) ) ;
#2281 = CIRCLE ( 'NONE', #1927, 0.2499999999999998057 ) ;
#2282 = CARTESIAN_POINT ( 'NONE',  ( -6.722856462524416266, -0.3564728911992235960, 0.2500000000000000000 ) ) ;
#2283 = ORIENTED_EDGE ( 'NONE', *, *, #2317, .F. ) ;
#2284 = CARTESIAN_POINT ( 'NONE',  ( -3.005511132637302296, 0.7071067811865487940, 0.2500000000000000000 ) ) ;
#2285 = VERTEX_POINT ( 'NONE', #2688 ) ;
#2286 = FACE_BOUND ( 'NONE', #80, .T. ) ;
#2287 = CARTESIAN_POINT ( 'NONE',  ( -7.500000000000000000, -7.409113134841469265E-17, 0.2500000000000000000 ) ) ;
#2288 = LINE ( 'NONE', #1796, #489 ) ;
#2289 = DIRECTION ( 'NONE',  ( -1.000000000000000000, -1.910151592828277954E-16, 0.000000000000000000 ) ) ;
#2290 = CARTESIAN_POINT ( 'NONE',  ( -2.993700109015255073, 6.508949523027290279E-18, 0.2500000000000000000 ) ) ;
#2291 = VERTEX_POINT ( 'NONE', #2158 ) ;
#2292 = DIRECTION ( 'NONE',  ( 1.000000000000000000, 0.000000000000000000, 0.000000000000000000 ) ) ;
#2293 = VECTOR ( 'NONE', #2588, 39.37007874015748854 ) ;
#2294 = DIRECTION ( 'NONE',  ( -1.000000000000000000, 9.713237310806267989E-17, 0.000000000000000000 ) ) ;
#2295 = CARTESIAN_POINT ( 'NONE',  ( -3.505511132637301852, -2.625000000000000000, 0.2500000000000000000 ) ) ;
#2296 = EDGE_CURVE ( 'NONE', #509, #1669, #1699, .T. ) ;
#2297 = VERTEX_POINT ( 'NONE', #1477 ) ;
#2298 = CARTESIAN_POINT ( 'NONE',  ( 4.268512490100409923E-16, -3.124999999999999112, 0.2500000000000000000 ) ) ;
#2299 = ORIENTED_EDGE ( 'NONE', *, *, #1994, .T. ) ;
#2300 = CARTESIAN_POINT ( 'NONE',  ( -2.940550502716042125, 0.000000000000000000, 0.2500000000000000000 ) ) ;
#2301 = EDGE_CURVE ( 'NONE', #2167, #1611, #102, .T. ) ;
#2302 = ORIENTED_EDGE ( 'NONE', *, *, #2301, .T. ) ;
#2303 = DIRECTION ( 'NONE',  ( 1.000000000000000000, 0.000000000000000000, 0.000000000000000000 ) ) ;
#2304 = DIRECTION ( 'NONE',  ( -0.7771458215321032093, -0.6293205638426191406, 0.000000000000000000 ) ) ;
#2305 = FACE_OUTER_BOUND ( 'NONE', #854, .T. ) ;
#2306 = LINE ( 'NONE', #1844, #699 ) ;
#2307 = AXIS2_PLACEMENT_3D ( 'NONE', #2443, #219, #457 ) ;
#2308 = VERTEX_POINT ( 'NONE', #1232 ) ;
#2309 = CYLINDRICAL_SURFACE ( 'NONE', #587, 0.8549999999999995381 ) ;
#2310 = CIRCLE ( 'NONE', #2246, 0.04921259842519641603 ) ;
#2311 = AXIS2_PLACEMENT_3D ( 'NONE', #2358, #1567, #1325 ) ;
#2312 = DIRECTION ( 'NONE',  ( 0.000000000000000000, -0.000000000000000000, -1.000000000000000000 ) ) ;
#2313 = EDGE_LOOP ( 'NONE', ( #2875, #1238, #1964, #1072 ) ) ;
#2314 = AXIS2_PLACEMENT_3D ( 'NONE', #641, #1882, #611 ) ;
#2315 = DIRECTION ( 'NONE',  ( -0.000000000000000000, -0.000000000000000000, 1.000000000000000000 ) ) ;
#2316 = ORIENTED_EDGE ( 'NONE', *, *, #1524, .F. ) ;
#2317 = EDGE_CURVE ( 'NONE', #243, #2790, #1213, .T. ) ;
#2318 = EDGE_CURVE ( 'NONE', #1042, #469, #654, .T. ) ;
#2319 = CARTESIAN_POINT ( 'NONE',  ( 1.193844745517645988E-17, -0.06249999999999854977, 0.2500000000000000000 ) ) ;
#2320 = EDGE_LOOP ( 'NONE', ( #862, #1014, #365, #1416 ) ) ;
#2321 = ORIENTED_EDGE ( 'NONE', *, *, #405, .F. ) ;
#2322 = EDGE_CURVE ( 'NONE', #3126, #255, #279, .T. ) ;
#2323 = DIRECTION ( 'NONE',  ( -0.000000000000000000, -0.000000000000000000, 1.000000000000000000 ) ) ;
#2324 = DIRECTION ( 'NONE',  ( 1.817892446977627644E-16, 1.000000000000000000, 0.000000000000000000 ) ) ;
#2325 = VECTOR ( 'NONE', #1923, 39.37007874015748143 ) ;
#2326 = AXIS2_PLACEMENT_3D ( 'NONE', #745, #1630, #1940 ) ;
#2327 = AXIS2_PLACEMENT_3D ( 'NONE', #363, #1327, #1090 ) ;
#2328 = CARTESIAN_POINT ( 'NONE',  ( -7.657480320000000340, -0.1760683369028015477, 0.2500000000000000000 ) ) ;
#2329 = EDGE_LOOP ( 'NONE', ( #520, #393, #3069, #1407 ) ) ;
#2330 = VECTOR ( 'NONE', #2267, 39.37007874015748143 ) ;
#2331 = CARTESIAN_POINT ( 'NONE',  ( -3.588844465970635333, -0.3726779962499663368, 0.2500000000000000000 ) ) ;
#2332 = CIRCLE ( 'NONE', #2841, 0.2499999999999998890 ) ;
#2333 = CARTESIAN_POINT ( 'NONE',  ( -3.505511132637301852, 0.000000000000000000, 0.1000000000000000194 ) ) ;
#2334 = CARTESIAN_POINT ( 'NONE',  ( -6.652951651006830502, 0.6549911861141872738, -4.290509469491086136 ) ) ;
#2335 = ORIENTED_EDGE ( 'NONE', *, *, #405, .T. ) ;
#2336 = CIRCLE ( 'NONE', #1728, 0.05314960629921275381 ) ;
#2337 = CARTESIAN_POINT ( 'NONE',  ( -0.4156250000000011879, 2.749999999999998668, -4.724409448818897795E-07 ) ) ;
#2338 = ORIENTED_EDGE ( 'NONE', *, *, #397, .T. ) ;
#2339 = DIRECTION ( 'NONE',  ( -0.000000000000000000, -0.000000000000000000, 1.000000000000000000 ) ) ;
#2340 = CARTESIAN_POINT ( 'NONE',  ( -0.6742125984251958748, -2.999999999999999556, 0.2500000000000000555 ) ) ;
#2341 = DIRECTION ( 'NONE',  ( 1.000000000000000000, 0.000000000000000000, 0.000000000000000000 ) ) ;
#2342 = EDGE_CURVE ( 'NONE', #2790, #1088, #1974, .T. ) ;
#2343 = CARTESIAN_POINT ( 'NONE',  ( -6.652951651006830502, 0.6549911861141872738, 0.2500000000000000000 ) ) ;
#2344 = VERTEX_POINT ( 'NONE', #2356 ) ;
#2345 = LINE ( 'NONE', #1089, #2115 ) ;
#2346 = CYLINDRICAL_SURFACE ( 'NONE', #1787, 0.2362204699999995716 ) ;
#2347 = CARTESIAN_POINT ( 'NONE',  ( -3.255511132637301852, 1.422987339896824252E-15, -4.290509469491086136 ) ) ;
#2348 = CIRCLE ( 'NONE', #975, 0.2499999999999998890 ) ;
#2349 = DIRECTION ( 'NONE',  ( -0.000000000000000000, 0.000000000000000000, 1.000000000000000000 ) ) ;
#2350 = EDGE_LOOP ( 'NONE', ( #552, #1210 ) ) ;
#2351 = LINE ( 'NONE', #1382, #2784 ) ;
#2352 = ORIENTED_EDGE ( 'NONE', *, *, #1874, .T. ) ;
#2353 = CYLINDRICAL_SURFACE ( 'NONE', #2008, 0.04921259842519658950 ) ;
#2354 = DIRECTION ( 'NONE',  ( -0.000000000000000000, -0.000000000000000000, 1.000000000000000000 ) ) ;
#2355 = EDGE_CURVE ( 'NONE', #1917, #1440, #1364, .T. ) ;
#2356 = CARTESIAN_POINT ( 'NONE',  ( -3.308660738936514800, 0.3740157480314945104, 0.000000000000000000 ) ) ;
#2357 = ORIENTED_EDGE ( 'NONE', *, *, #1445, .F. ) ;
#2358 = CARTESIAN_POINT ( 'NONE',  ( -3.624999999999999556, -3.000000000000009326, 0.2500000000000000555 ) ) ;
#2359 = DIRECTION ( 'NONE',  ( -0.000000000000000000, -0.000000000000000000, 1.000000000000000000 ) ) ;
#2360 = AXIS2_PLACEMENT_3D ( 'NONE', #1330, #2590, #1872 ) ;
#2361 = EDGE_CURVE ( 'NONE', #1505, #1917, #1574, .T. ) ;
#2362 = DIRECTION ( 'NONE',  ( 1.000000000000000000, 0.000000000000000000, 0.000000000000000000 ) ) ;
#2363 = CARTESIAN_POINT ( 'NONE',  ( -1.625000000000001998, 3.000000000000000888, 0.2500000000000000555 ) ) ;
#2364 = ORIENTED_EDGE ( 'NONE', *, *, #2556, .T. ) ;
#2365 = FACE_OUTER_BOUND ( 'NONE', #2624, .T. ) ;
#2366 = AXIS2_PLACEMENT_3D ( 'NONE', #864, #161, #2840 ) ;
#2367 = VERTEX_POINT ( 'NONE', #1808 ) ;
#2368 = DIRECTION ( 'NONE',  ( -0.000000000000000000, -0.000000000000000000, 1.000000000000000000 ) ) ;
#2369 = LOCAL_TIME ( 19, 6, 50.00000000000000000, #2211 ) ;
#2370 = CARTESIAN_POINT ( 'NONE',  ( -6.440109085801751121, 0.06249999999999977796, -4.290509469491086136 ) ) ;
#2371 = ORIENTED_EDGE ( 'NONE', *, *, #1851, .T. ) ;
#2372 = DIRECTION ( 'NONE',  ( -0.000000000000000000, -0.000000000000000000, 1.000000000000000000 ) ) ;
#2373 = AXIS2_PLACEMENT_3D ( 'NONE', #1018, #1822, #1636 ) ;
#2374 = EDGE_CURVE ( 'NONE', #1344, #1779, #498, .T. ) ;
#2375 = DIRECTION ( 'NONE',  ( -3.087581329339791589E-16, 1.000000000000000000, 0.000000000000000000 ) ) ;
#2376 = AXIS2_PLACEMENT_3D ( 'NONE', #1461, #1990, #1734 ) ;
#2377 = ORIENTED_EDGE ( 'NONE', *, *, #495, .F. ) ;
#2378 = CIRCLE ( 'NONE', #2228, 0.1000000000000000194 ) ;
#2379 = DIRECTION ( 'NONE',  ( 1.000000000000000000, 0.000000000000000000, 0.000000000000000000 ) ) ;
#2380 = ADVANCED_FACE ( 'NONE', ( #1082 ), #2492, .T. ) ;
#2381 = CARTESIAN_POINT ( 'NONE',  ( -7.342519680000000548, 0.1760683369028015477, 0.2500000000000000000 ) ) ;
#2382 = ORIENTED_EDGE ( 'NONE', *, *, #58, .T. ) ;
#2383 = CARTESIAN_POINT ( 'NONE',  ( -1.213184216936841517E-31, 3.124999999999999112, 0.000000000000000000 ) ) ;
#2384 = ORIENTED_EDGE ( 'NONE', *, *, #2029, .T. ) ;
#2385 = DIRECTION ( 'NONE',  ( 1.000000000000000000, 0.000000000000000000, 0.000000000000000000 ) ) ;
#2386 = CARTESIAN_POINT ( 'NONE',  ( -0.5757874015748030150, -2.999999999999999556, 0.2500000000000000555 ) ) ;
#2387 = DIRECTION ( 'NONE',  ( -1.000000000000000000, 1.910151592828277954E-16, 0.000000000000000000 ) ) ;
#2388 = AXIS2_PLACEMENT_3D ( 'NONE', #1363, #897, #1869 ) ;
#2389 = ORIENTED_EDGE ( 'NONE', *, *, #1906, .F. ) ;
#2390 = CARTESIAN_POINT ( 'NONE',  ( -0.4156250000000011879, 2.749999999999998668, 0.1000000000000000056 ) ) ;
#2391 = ORIENTED_EDGE ( 'NONE', *, *, #73, .T. ) ;
#2392 = DIRECTION ( 'NONE',  ( 1.000000000000000000, 0.000000000000000000, 0.000000000000000000 ) ) ;
#2393 = CARTESIAN_POINT ( 'NONE',  ( -3.937305639802034740, 0.3124999999999993339, -4.290509469491086136 ) ) ;
#2394 = VERTEX_POINT ( 'NONE', #2250 ) ;
#2395 = EDGE_CURVE ( 'NONE', #509, #2394, #1920, .T. ) ;
#2396 = DIRECTION ( 'NONE',  ( 0.000000000000000000, -0.000000000000000000, -1.000000000000000000 ) ) ;
#2397 = ORIENTED_EDGE ( 'NONE', *, *, #1929, .F. ) ;
#2398 = CIRCLE ( 'NONE', #1028, 0.05314960629921275381 ) ;
#2399 = LINE ( 'NONE', #2642, #400 ) ;
#2400 = EDGE_CURVE ( 'NONE', #2776, #3074, #804, .T. ) ;
#2401 = LINE ( 'NONE', #1676, #1205 ) ;
#2402 = DIRECTION ( 'NONE',  ( 1.910151592828277954E-16, 1.000000000000000000, 0.000000000000000000 ) ) ;
#2403 = ORIENTED_EDGE ( 'NONE', *, *, #3123, .T. ) ;
#2405 = VERTEX_POINT ( 'NONE', #1508 ) ;
#2404 = ORIENTED_EDGE ( 'NONE', *, *, #62, .F. ) ;
#2406 = DIRECTION ( 'NONE',  ( 0.000000000000000000, 1.000000000000000000, -0.000000000000000000 ) ) ;
#2407 = CARTESIAN_POINT ( 'NONE',  ( -3.255511132637301852, 0.000000000000000000, 0.1000000000000000194 ) ) ;
#2408 = EDGE_LOOP ( 'NONE', ( #833, #2799, #757, #2069 ) ) ;
#2409 = CARTESIAN_POINT ( 'NONE',  ( -3.255511132637301852, -1.422987339896824252E-15, 0.2500000000000000000 ) ) ;
#2410 = CIRCLE ( 'NONE', #530, 0.04921259842519634664 ) ;
#2411 = EDGE_CURVE ( 'NONE', #367, #2622, #1761, .T. ) ;
#2412 = EDGE_LOOP ( 'NONE', ( #39, #254 ) ) ;
#2413 = ADVANCED_FACE ( 'NONE', ( #584 ), #1065, .F. ) ;
#2414 = DIRECTION ( 'NONE',  ( -0.000000000000000000, -0.000000000000000000, 1.000000000000000000 ) ) ;
#2415 = CARTESIAN_POINT ( 'NONE',  ( -1.625000000000001998, 3.000000000000000888, 0.000000000000000000 ) ) ;
#2416 = LINE ( 'NONE', #1197, #2012 ) ;
#2417 = CIRCLE ( 'NONE', #1960, 0.04921259842519658950 ) ;
#2418 = ADVANCED_FACE ( 'NONE', ( #2017 ), #1097, .F. ) ;
#2419 = AXIS2_PLACEMENT_3D ( 'NONE', #605, #1577, #1543 ) ;
#2420 = VERTEX_POINT ( 'NONE', #2066 ) ;
#2422 = ORIENTED_EDGE ( 'NONE', *, *, #2051, .T. ) ;
#2421 = ORIENTED_EDGE ( 'NONE', *, *, #874, .F. ) ;
#2423 = LINE ( 'NONE', #1188, #1880 ) ;
#2424 = VECTOR ( 'NONE', #69, 39.37007874015748143 ) ;
#2425 = VECTOR ( 'NONE', #2539, 39.37007874015748143 ) ;
#2426 = DIRECTION ( 'NONE',  ( -0.000000000000000000, -0.000000000000000000, 1.000000000000000000 ) ) ;
#2427 = ORIENTED_EDGE ( 'NONE', *, *, #427, .T. ) ;
#2428 = CIRCLE ( 'NONE', #848, 0.2499999999999998890 ) ;
#2429 = DIRECTION ( 'NONE',  ( 1.000000000000000000, 0.000000000000000000, 0.000000000000000000 ) ) ;
#2430 = AXIS2_PLACEMENT_3D ( 'NONE', #1260, #230, #2226 ) ;
#2431 = VECTOR ( 'NONE', #1103, 39.37007874015748143 ) ;
#2432 = EDGE_LOOP ( 'NONE', ( #2702, #1376 ) ) ;
#2433 = DIRECTION ( 'NONE',  ( 1.000000000000000000, 0.000000000000000000, 0.000000000000000000 ) ) ;
#2434 = CARTESIAN_POINT ( 'NONE',  ( -1.625000000000001998, 3.000000000000000888, 0.2500000000000000555 ) ) ;
#2435 = LINE ( 'NONE', #989, #598 ) ;
#2436 = CIRCLE ( 'NONE', #2388, 0.2499999999999998057 ) ;
#2437 = ADVANCED_FACE ( 'NONE', ( #2717 ), #1780, .F. ) ;
#2438 = ADVANCED_FACE ( 'NONE', ( #820, #2525, #2763, #2750, #569, #1046, #3007, #1525, #2052, #3022, #1538, #2286, #334, #2037, #311, #1300, #834 ), #1556, .F. ) ;
#2440 = VERTEX_POINT ( 'NONE', #1794 ) ;
#2439 = ORIENTED_EDGE ( 'NONE', *, *, #2257, .T. ) ;
#2441 = EDGE_CURVE ( 'NONE', #2182, #314, #406, .T. ) ;
#2442 = LINE ( 'NONE', #271, #2592 ) ;
#2443 = CARTESIAN_POINT ( 'NONE',  ( -3.505511132637301852, 0.000000000000000000, -4.290509469491086136 ) ) ;
#2444 = VERTEX_POINT ( 'NONE', #1413 ) ;
#2445 = CARTESIAN_POINT ( 'NONE',  ( -2.800981461194146593, 0.2083333333333332871, 0.2499999999999998057 ) ) ;
#2446 = ORIENTED_EDGE ( 'NONE', *, *, #1659, .T. ) ;
#2447 = FACE_OUTER_BOUND ( 'NONE', #2313, .T. ) ;
#2448 = ORIENTED_EDGE ( 'NONE', *, *, #1809, .F. ) ;
#2449 = DIRECTION ( 'NONE',  ( 1.000000000000000000, 0.000000000000000000, 0.000000000000000000 ) ) ;
#2450 = LINE ( 'NONE', #330, #300 ) ;
#2451 = PERSON_AND_ORGANIZATION_ROLE ( 'classification_officer' ) ;
#2452 = AXIS2_PLACEMENT_3D ( 'NONE', #1724, #2617, #1648 ) ;
#2453 = CARTESIAN_POINT ( 'NONE',  ( -0.6249999999999994449, -2.999999999999999556, 0.000000000000000000 ) ) ;
#2454 = ADVANCED_FACE ( 'NONE', ( #1839 ), #2099, .F. ) ;
#2455 = DIRECTION ( 'NONE',  ( 0.000000000000000000, -0.000000000000000000, -1.000000000000000000 ) ) ;
#2456 = ORIENTED_EDGE ( 'NONE', *, *, #322, .T. ) ;
#2457 = CARTESIAN_POINT ( 'NONE',  ( -1.624999999999999112, -3.000000000000003109, 0.2500000000000000000 ) ) ;
#2458 = ORIENTED_EDGE ( 'NONE', *, *, #706, .F. ) ;
#2459 = CARTESIAN_POINT ( 'NONE',  ( -3.255511132637301852, 0.3740157480314945104, 0.2500000000000000000 ) ) ;
#2460 = ORIENTED_EDGE ( 'NONE', *, *, #2395, .F. ) ;
#2461 = LINE ( 'NONE', #1282, #1162 ) ;
#2462 = ORIENTED_EDGE ( 'NONE', *, *, #1695, .F. ) ;
#2463 = CIRCLE ( 'NONE', #1148, 0.04921259842519641603 ) ;
#2464 = CYLINDRICAL_SURFACE ( 'NONE', #2326, 0.05314960629921275381 ) ;
#2465 = DIRECTION ( 'NONE',  ( -0.000000000000000000, -0.000000000000000000, 1.000000000000000000 ) ) ;
#2466 = VECTOR ( 'NONE', #2616, 39.37007874015748143 ) ;
#2467 = FACE_BOUND ( 'NONE', #1367, .T. ) ;
#2468 = VERTEX_POINT ( 'NONE', #634 ) ;
#2469 = DIRECTION ( 'NONE',  ( 1.000000000000000000, 0.000000000000000000, 0.000000000000000000 ) ) ;
#2470 = LINE ( 'NONE', #1773, #1110 ) ;
#2471 = ADVANCED_FACE ( 'NONE', ( #1854 ), #679, .F. ) ;
#2472 = EDGE_CURVE ( 'NONE', #977, #783, #2133, .T. ) ;
#2473 = AXIS2_PLACEMENT_3D ( 'NONE', #2223, #770, #2206 ) ;
#2474 = CIRCLE ( 'NONE', #1667, 0.2499999999999998057 ) ;
#2475 = VECTOR ( 'NONE', #1757, 39.37007874015748143 ) ;
#2476 = ORIENTED_EDGE ( 'NONE', *, *, #189, .T. ) ;
#2477 = DIRECTION ( 'NONE',  ( 1.000000000000000000, 0.000000000000000000, 0.000000000000000000 ) ) ;
#2478 = VERTEX_POINT ( 'NONE', #2831 ) ;
#2479 = DIRECTION ( 'NONE',  ( -0.000000000000000000, 0.000000000000000000, 1.000000000000000000 ) ) ;
#2480 = PERSON_AND_ORGANIZATION ( #1979, #192 ) ;
#2481 = CIRCLE ( 'NONE', #2735, 0.2499999999999998057 ) ;
#2482 = DIRECTION ( 'NONE',  ( 1.000000000000000000, 0.000000000000000000, 0.000000000000000000 ) ) ;
#2483 = CARTESIAN_POINT ( 'NONE',  ( 4.268512490100409923E-16, 3.124999999999999112, 0.000000000000000000 ) ) ;
#2484 = VERTEX_POINT ( 'NONE', #147 ) ;
#2485 = DIRECTION ( 'NONE',  ( 1.000000000000000000, 0.000000000000000000, 0.000000000000000000 ) ) ;
#2486 = PRODUCT ( 'Top Plate_Vf', 'Top Plate_Vf', '', ( #3108 ) ) ;
#2487 = LINE ( 'NONE', #1533, #2583 ) ;
#2488 = VERTEX_POINT ( 'NONE', #2798 ) ;
#2489 = DIRECTION ( 'NONE',  ( -0.000000000000000000, -0.000000000000000000, 1.000000000000000000 ) ) ;
#2490 = VERTEX_POINT ( 'NONE', #2577 ) ;
#2491 = ADVANCED_FACE ( 'NONE', ( #2365 ), #3102, .T. ) ;
#2492 = PLANE ( 'NONE',  #2634 ) ;
#2493 = DIRECTION ( 'NONE',  ( 1.000000000000000000, 0.000000000000000000, 0.000000000000000000 ) ) ;
#2494 = ADVANCED_FACE ( 'NONE', ( #1178 ), #901, .T. ) ;
#2495 = ORIENTED_EDGE ( 'NONE', *, *, #189, .F. ) ;
#2496 = LINE ( 'NONE', #2040, #1673 ) ;
#2497 = CIRCLE ( 'NONE', #1236, 0.8549999999999995381 ) ;
#2498 = FACE_BOUND ( 'NONE', #2797, .T. ) ;
#2499 = ORIENTED_EDGE ( 'NONE', *, *, #1253, .F. ) ;
#2500 = CARTESIAN_POINT ( 'NONE',  ( -3.088844465970635778, 0.4714045207910331214, 0.1000000000000000194 ) ) ;
#2501 = CARTESIAN_POINT ( 'NONE',  ( 0.000000000000000000, -2.875000000000000000, 0.1000000000000000194 ) ) ;
#2502 = CARTESIAN_POINT ( 'NONE',  ( -0.07578740157480295947, -2.500000000000000000, 0.2500000000000000000 ) ) ;
#2503 = EDGE_LOOP ( 'NONE', ( #694, #350, #909, #117 ) ) ;
#2504 = LINE ( 'NONE', #1258, #595 ) ;
#2505 = ORIENTED_EDGE ( 'NONE', *, *, #440, .T. ) ;
#2506 = DIRECTION ( 'NONE',  ( -0.000000000000000000, -0.000000000000000000, 1.000000000000000000 ) ) ;
#2507 = EDGE_CURVE ( 'NONE', #218, #1436, #3068, .T. ) ;
#2508 = DIRECTION ( 'NONE',  ( -0.000000000000000000, 0.000000000000000000, 1.000000000000000000 ) ) ;
#2509 = ORIENTED_EDGE ( 'NONE', *, *, #112, .F. ) ;
#2510 = DIRECTION ( 'NONE',  ( 1.000000000000000000, 0.000000000000000000, 0.000000000000000000 ) ) ;
#2511 = CARTESIAN_POINT ( 'NONE',  ( 4.268512490100409923E-16, -3.124999999999999112, 0.2500000000000000000 ) ) ;
#2512 = ADVANCED_FACE ( 'NONE', ( #919 ), #617, .F. ) ;
#2513 = EDGE_CURVE ( 'NONE', #1459, #1088, #883, .T. ) ;
#2514 = VECTOR ( 'NONE', #3042, 39.37007874015748143 ) ;
#2515 = DIRECTION ( 'NONE',  ( 0.000000000000000000, -0.000000000000000000, 1.000000000000000000 ) ) ;
#2516 = ORIENTED_EDGE ( 'NONE', *, *, #1809, .T. ) ;
#2517 = DIRECTION ( 'NONE',  ( 1.000000000000000000, 0.000000000000000000, 0.000000000000000000 ) ) ;
#2518 = LOCAL_TIME ( 19, 6, 50.00000000000000000, #1720 ) ;
#2519 = CIRCLE ( 'NONE', #2261, 0.2499999999999998057 ) ;
#2520 = CARTESIAN_POINT ( 'NONE',  ( -6.722856462524416266, -0.3564728911992235960, -4.290509469491086136 ) ) ;
#2521 = FACE_OUTER_BOUND ( 'NONE', #1867, .T. ) ;
#2522 = ORIENTED_EDGE ( 'NONE', *, *, #2905, .T. ) ;
#2523 = CARTESIAN_POINT ( 'NONE',  ( -0.5000000000000016653, -2.874999999999999112, 0.2500000000000000000 ) ) ;
#2524 = ORIENTED_EDGE ( 'NONE', *, *, #819, .T. ) ;
#2525 = FACE_BOUND ( 'NONE', #1564, .T. ) ;
#2526 = AXIS2_PLACEMENT_3D ( 'NONE', #2761, #1743, #40 ) ;
#2527 = DIRECTION ( 'NONE',  ( 1.000000000000000000, 0.000000000000000000, 0.000000000000000000 ) ) ;
#2528 = VECTOR ( 'NONE', #2056, 39.37007874015748143 ) ;
#2529 = VECTOR ( 'NONE', #1280, 39.37007874015748143 ) ;
#2530 = DIRECTION ( 'NONE',  ( 0.000000000000000000, -0.000000000000000000, -1.000000000000000000 ) ) ;
#2531 = LINE ( 'NONE', #2511, #1514 ) ;
#2532 = EDGE_CURVE ( 'NONE', #3052, #1095, #416, .T. ) ;
#2533 = CARTESIAN_POINT ( 'NONE',  ( -0.1742125984251982618, 2.500000000000000000, 0.2500000000000000000 ) ) ;
#2534 = ORIENTED_EDGE ( 'NONE', *, *, #2441, .F. ) ;
#2535 = CARTESIAN_POINT ( 'NONE',  ( -3.255511132637301852, 1.422987339896824252E-15, -4.290509469491086136 ) ) ;
#2536 = EDGE_CURVE ( 'NONE', #3115, #892, #2351, .T. ) ;
#2537 = CARTESIAN_POINT ( 'NONE',  ( -0.4999999999999998335, 2.624999999999999556, 0.1000000000000000194 ) ) ;
#2538 = VECTOR ( 'NONE', #735, 39.37007874015748143 ) ;
#2539 = DIRECTION ( 'NONE',  ( -0.000000000000000000, -0.000000000000000000, 1.000000000000000000 ) ) ;
#2540 = ORIENTED_EDGE ( 'NONE', *, *, #2254, .T. ) ;
#2541 = CARTESIAN_POINT ( 'NONE',  ( -2.800981461194146593, -0.2083333333333335091, 0.1000000000000000194 ) ) ;
#2542 = ORIENTED_EDGE ( 'NONE', *, *, #2613, .F. ) ;
#2543 = DIRECTION ( 'NONE',  ( -0.000000000000000000, 0.000000000000000000, 1.000000000000000000 ) ) ;
#2544 = ORIENTED_EDGE ( 'NONE', *, *, #1161, .T. ) ;
#2545 = EDGE_LOOP ( 'NONE', ( #1716, #689, #3056, #2542 ) ) ;
#2546 = PLANE ( 'NONE',  #1756 ) ;
#2547 = CARTESIAN_POINT ( 'NONE',  ( -2.887400896416829621, 0.000000000000000000, 0.2500000000000000000 ) ) ;
#2548 = DIRECTION ( 'NONE',  ( 1.000000000000000000, 0.000000000000000000, 0.000000000000000000 ) ) ;
#2549 = EDGE_LOOP ( 'NONE', ( #5, #1203, #2569, #2022 ) ) ;
#2550 = DIRECTION ( 'NONE',  ( 1.000000000000000000, 0.000000000000000000, 0.000000000000000000 ) ) ;
#2551 = EDGE_CURVE ( 'NONE', #2776, #1267, #1217, .T. ) ;
#2552 = ADVANCED_FACE ( 'NONE', ( #2863 ), #2560, .F. ) ;
#2553 = CIRCLE ( 'NONE', #1184, 0.08437499999999996392 ) ;
#2554 = DIRECTION ( 'NONE',  ( 1.000000000000000000, 0.000000000000000000, 0.000000000000000000 ) ) ;
#2555 = EDGE_CURVE ( 'NONE', #1970, #146, #796, .T. ) ;
#2556 = EDGE_CURVE ( 'NONE', #196, #3074, #2075, .T. ) ;
#2557 = ORIENTED_EDGE ( 'NONE', *, *, #2650, .F. ) ;
#2558 = CARTESIAN_POINT ( 'NONE',  ( -0.07578740157480409745, -5.310615137435790852E-16, 0.000000000000000000 ) ) ;
#2559 = VERTEX_POINT ( 'NONE', #2383 ) ;
#2560 = CYLINDRICAL_SURFACE ( 'NONE', #2987, 0.04921259842519689481 ) ;
#2561 = ORIENTED_EDGE ( 'NONE', *, *, #612, .F. ) ;
#2562 = CARTESIAN_POINT ( 'NONE',  ( -3.505511132637301852, 0.000000000000000000, -4.290509469491086136 ) ) ;
#2563 = CARTESIAN_POINT ( 'NONE',  ( -2.800981461194146593, -0.2083333333333335369, 0.2500000000000000000 ) ) ;
#2564 = DIRECTION ( 'NONE',  ( -0.000000000000000000, 0.000000000000000000, 1.000000000000000000 ) ) ;
#2565 = LINE ( 'NONE', #1087, #2528 ) ;
#2566 = AXIS2_PLACEMENT_3D ( 'NONE', #1456, #2426, #258 ) ;
#2567 = ORIENTED_EDGE ( 'NONE', *, *, #2826, .F. ) ;
#2568 = CARTESIAN_POINT ( 'NONE',  ( -3.624999999999999556, -3.000000000000009326, 0.2500000000000000555 ) ) ;
#2569 = ORIENTED_EDGE ( 'NONE', *, *, #3103, .T. ) ;
#2570 = EDGE_CURVE ( 'NONE', #2713, #196, #1348, .T. ) ;
#2571 = CIRCLE ( 'NONE', #638, 0.04921259842519634664 ) ;
#2572 = DIRECTION ( 'NONE',  ( -0.000000000000000000, -0.000000000000000000, 1.000000000000000000 ) ) ;
#2573 = AXIS2_PLACEMENT_3D ( 'NONE', #973, #480, #700 ) ;
#2574 = DIRECTION ( 'NONE',  ( -0.000000000000000000, -0.000000000000000000, 1.000000000000000000 ) ) ;
#2575 = ORIENTED_EDGE ( 'NONE', *, *, #378, .F. ) ;
#2576 = EDGE_CURVE ( 'NONE', #2862, #255, #1951, .T. ) ;
#2577 = CARTESIAN_POINT ( 'NONE',  ( -3.588844465970635333, -0.3726779962499663923, 0.1000000000000000194 ) ) ;
#2578 = EDGE_CURVE ( 'NONE', #1288, #236, #2, .T. ) ;
#2579 = EDGE_LOOP ( 'NONE', ( #486, #1821, #3129, #2035 ) ) ;
#2580 = ORIENTED_EDGE ( 'NONE', *, *, #1290, .F. ) ;
#2581 = DIRECTION ( 'NONE',  ( -0.000000000000000000, -0.000000000000000000, 1.000000000000000000 ) ) ;
#2582 = AXIS2_PLACEMENT_3D ( 'NONE', #1698, #1939, #714 ) ;
#2583 = VECTOR ( 'NONE', #1802, 39.37007874015748143 ) ;
#2584 = CARTESIAN_POINT ( 'NONE',  ( -3.674212598425196763, -3.000000000000009326, 0.2500000000000000000 ) ) ;
#2585 = VERTEX_POINT ( 'NONE', #2941 ) ;
#2586 = DIRECTION ( 'NONE',  ( 1.000000000000000000, 0.000000000000000000, 0.000000000000000000 ) ) ;
#2587 = VECTOR ( 'NONE', #2273, 39.37007874015748143 ) ;
#2588 = DIRECTION ( 'NONE',  ( -0.7771458215321032093, -0.6293205638426191406, 0.000000000000000000 ) ) ;
#2589 = FACE_BOUND ( 'NONE', #9, .T. ) ;
#2590 = DIRECTION ( 'NONE',  ( 0.000000000000000000, -0.000000000000000000, -1.000000000000000000 ) ) ;
#2591 = VERTEX_POINT ( 'NONE', #2923 ) ;
#2592 = VECTOR ( 'NONE', #1240, 39.37007874015748854 ) ;
#2593 = DIRECTION ( 'NONE',  ( 1.000000000000000000, 0.000000000000000000, 0.000000000000000000 ) ) ;
#2594 = EDGE_CURVE ( 'NONE', #2188, #1782, #2635, .T. ) ;
#2595 = ORIENTED_EDGE ( 'NONE', *, *, #1561, .F. ) ;
#2596 = ORIENTED_EDGE ( 'NONE', *, *, #248, .F. ) ;
#2597 = LINE ( 'NONE', #2880, #392 ) ;
#2598 = EDGE_CURVE ( 'NONE', #1683, #1223, #2021, .T. ) ;
#2599 = CARTESIAN_POINT ( 'NONE',  ( -1.674212598425198539, 3.000000000000000888, 0.2500000000000000000 ) ) ;
#2600 = EDGE_LOOP ( 'NONE', ( #1398, #1932 ) ) ;
#2601 = DIRECTION ( 'NONE',  ( -0.000000000000000000, -0.000000000000000000, 1.000000000000000000 ) ) ;
#2602 = FACE_OUTER_BOUND ( 'NONE', #1832, .T. ) ;
#2603 = VERTEX_POINT ( 'NONE', #725 ) ;
#2604 = CYLINDRICAL_SURFACE ( 'NONE', #2793, 0.04921259842519658950 ) ;
#2605 = VECTOR ( 'NONE', #1008, 39.37007874015748143 ) ;
#2606 = CARTESIAN_POINT ( 'NONE',  ( -3.308660738936514800, -0.3740157480314973415, 0.2500000000000000000 ) ) ;
#2607 = ORIENTED_EDGE ( 'NONE', *, *, #1290, .T. ) ;
#2608 = DIRECTION ( 'NONE',  ( 1.000000000000000000, 0.000000000000000000, 0.000000000000000000 ) ) ;
#2609 = ORIENTED_EDGE ( 'NONE', *, *, #1681, .T. ) ;
#2610 = LINE ( 'NONE', #1877, #3078 ) ;
#2611 = CARTESIAN_POINT ( 'NONE',  ( -3.355511132637301941, -1.422987339896824252E-15, 0.000000000000000000 ) ) ;
#2612 =( NAMED_UNIT ( * ) SI_UNIT ( $, .STERADIAN. ) SOLID_ANGLE_UNIT ( ) );
#2613 = EDGE_CURVE ( 'NONE', #2603, #2488, #474, .T. ) ;
#2614 = VERTEX_POINT ( 'NONE', #2445 ) ;
#2615 = EDGE_CURVE ( 'NONE', #1928, #1605, #274, .T. ) ;
#2616 = DIRECTION ( 'NONE',  ( -0.000000000000000000, -0.000000000000000000, 1.000000000000000000 ) ) ;
#2617 = DIRECTION ( 'NONE',  ( -0.000000000000000000, -0.000000000000000000, 1.000000000000000000 ) ) ;
#2618 = AXIS2_PLACEMENT_3D ( 'NONE', #881, #1852, #351 ) ;
#2619 = VERTEX_POINT ( 'NONE', #1684 ) ;
#2620 = CARTESIAN_POINT ( 'NONE',  ( -0.6250000000000018874, 2.999999999999998668, 0.2500000000000000000 ) ) ;
#2621 = CARTESIAN_POINT ( 'NONE',  ( -3.710040804080457555, -0.2083333333333330095, 0.2500000000000000000 ) ) ;
#2622 = VERTEX_POINT ( 'NONE', #948 ) ;
#2623 = DIRECTION ( 'NONE',  ( 1.000000000000000000, -1.910151592828277954E-16, 0.000000000000000000 ) ) ;
#2624 = EDGE_LOOP ( 'NONE', ( #1176, #1639, #554, #23, #2855, #1766, #1487, #2439, #1855, #2357 ) ) ;
#2625 = DIRECTION ( 'NONE',  ( -1.000000000000000000, 1.817892446977627644E-16, 0.000000000000000000 ) ) ;
#2626 = LINE ( 'NONE', #3107, #1301 ) ;
#2627 = DIRECTION ( 'NONE',  ( 0.000000000000000000, 1.000000000000000000, -0.000000000000000000 ) ) ;
#2628 = VERTEX_POINT ( 'NONE', #1901 ) ;
#2629 = CIRCLE ( 'NONE', #1261, 0.2499999999999998890 ) ;
#2630 = VECTOR ( 'NONE', #814, 39.37007874015748143 ) ;
#2631 = VECTOR ( 'NONE', #1519, 39.37007874015748143 ) ;
#2632 = DIRECTION ( 'NONE',  ( -0.000000000000000000, 0.000000000000000000, 1.000000000000000000 ) ) ;
#2633 = ADVANCED_FACE ( 'NONE', ( #1191 ), #1968, .F. ) ;
#2634 = AXIS2_PLACEMENT_3D ( 'NONE', #1318, #1745, #602 ) ;
#2635 = CIRCLE ( 'NONE', #2683, 0.1000000000000000194 ) ;
#2636 = DIRECTION ( 'NONE',  ( 1.000000000000000000, 0.000000000000000000, 0.000000000000000000 ) ) ;
#2637 = ADVANCED_FACE ( 'NONE', ( #756 ), #2665, .T. ) ;
#2638 = CARTESIAN_POINT ( 'NONE',  ( -0.6249999999999994449, -2.999999999999999556, 0.2500000000000000555 ) ) ;
#2639 = ORIENTED_EDGE ( 'NONE', *, *, #2949, .T. ) ;
#2640 = DIRECTION ( 'NONE',  ( -0.000000000000000000, 0.000000000000000000, 1.000000000000000000 ) ) ;
#2641 = ORIENTED_EDGE ( 'NONE', *, *, #1603, .F. ) ;
#2642 = CARTESIAN_POINT ( 'NONE',  ( 5.226440785060678430E-16, 2.874999999999999112, 0.2500000000000000000 ) ) ;
#2643 = CARTESIAN_POINT ( 'NONE',  ( -3.255511132637301852, -1.422987339896824252E-15, 0.000000000000000000 ) ) ;
#2644 =( LENGTH_UNIT ( ) NAMED_UNIT ( * ) SI_UNIT ( $, .METRE. ) );
#2645 = ORIENTED_EDGE ( 'NONE', *, *, #941, .T. ) ;
#2647 = ORIENTED_EDGE ( 'NONE', *, *, #265, .F. ) ;
#2646 = EDGE_LOOP ( 'NONE', ( #3006, #1895, #2915, #432 ) ) ;
#2648 = DIRECTION ( 'NONE',  ( -0.000000000000000000, -0.000000000000000000, 1.000000000000000000 ) ) ;
#2649 = EDGE_CURVE ( 'NONE', #2935, #635, #2908, .T. ) ;
#2650 = EDGE_CURVE ( 'NONE', #1150, #631, #150, .T. ) ;
#2651 = DIRECTION ( 'NONE',  ( 0.000000000000000000, -1.000000000000000000, 0.000000000000000000 ) ) ;
#2652 = ORIENTED_EDGE ( 'NONE', *, *, #2578, .F. ) ;
#2653 = DIRECTION ( 'NONE',  ( 1.000000000000000000, 0.000000000000000000, 0.000000000000000000 ) ) ;
#2654 = EDGE_CURVE ( 'NONE', #2285, #2771, #851, .T. ) ;
#2655 = ORIENTED_EDGE ( 'NONE', *, *, #2130, .T. ) ;
#2656 = FACE_OUTER_BOUND ( 'NONE', #803, .T. ) ;
#2657 = DIRECTION ( 'NONE',  ( 9.713237310806267989E-17, 1.000000000000000000, 0.000000000000000000 ) ) ;
#2658 = DIRECTION ( 'NONE',  ( -0.000000000000000000, -0.000000000000000000, 1.000000000000000000 ) ) ;
#2659 = ORIENTED_EDGE ( 'NONE', *, *, #2275, .T. ) ;
#2661 = ORIENTED_EDGE ( 'NONE', *, *, #1992, .T. ) ;
#2660 = ORIENTED_EDGE ( 'NONE', *, *, #2979, .F. ) ;
#2662 = DIRECTION ( 'NONE',  ( -0.000000000000000000, 0.000000000000000000, 1.000000000000000000 ) ) ;
#2663 = CYLINDRICAL_SURFACE ( 'NONE', #2566, 0.2499999999999998890 ) ;
#2664 = ORIENTED_EDGE ( 'NONE', *, *, #1755, .F. ) ;
#2665 = PLANE ( 'NONE',  #52 ) ;
#2666 = ORIENTED_EDGE ( 'NONE', *, *, #1622, .T. ) ;
#2667 = CARTESIAN_POINT ( 'NONE',  ( -0.1742125984251961524, -2.500000000000000000, 0.2500000000000000000 ) ) ;
#2668 = ADVANCED_FACE ( 'NONE', ( #288 ), #2144, .T. ) ;
#2669 = EDGE_CURVE ( 'NONE', #444, #1204, #1057, .T. ) ;
#2670 = CARTESIAN_POINT ( 'NONE',  ( -3.355511132637301941, -1.422987339896824252E-15, 0.2500000000000000000 ) ) ;
#2671 = LINE ( 'NONE', #1295, #1 ) ;
#2672 = VECTOR ( 'NONE', #577, 39.37007874015748143 ) ;
#2673 = AXIS2_PLACEMENT_3D ( 'NONE', #1152, #1170, #2341 ) ;
#2674 = ADVANCED_FACE ( 'NONE', ( #10 ), #488, .F. ) ;
#2675 = VECTOR ( 'NONE', #1656, 39.37007874015748143 ) ;
#2676 = ORIENTED_EDGE ( 'NONE', *, *, #2570, .T. ) ;
#2678 = ORIENTED_EDGE ( 'NONE', *, *, #3021, .T. ) ;
#2677 = VERTEX_POINT ( 'NONE', #1919 ) ;
#2679 = CARTESIAN_POINT ( 'NONE',  ( -1.624999999999999112, -3.000000000000003109, 0.2500000000000000000 ) ) ;
#2680 = AXIS2_PLACEMENT_3D ( 'NONE', #171, #875, #2548 ) ;
#2681 = DIRECTION ( 'NONE',  ( -0.000000000000000000, 0.000000000000000000, 1.000000000000000000 ) ) ;
#2682 = ORIENTED_EDGE ( 'NONE', *, *, #1952, .T. ) ;
#2683 = AXIS2_PLACEMENT_3D ( 'NONE', #712, #2684, #932 ) ;
#2684 = DIRECTION ( 'NONE',  ( -0.000000000000000000, 0.000000000000000000, 1.000000000000000000 ) ) ;
#2685 = ORIENTED_EDGE ( 'NONE', *, *, #170, .F. ) ;
#2686 = CARTESIAN_POINT ( 'NONE',  ( -3.255511132637301852, -1.422987339896824252E-15, 0.2500000000000000000 ) ) ;
#2687 = ORIENTED_EDGE ( 'NONE', *, *, #776, .T. ) ;
#2688 = CARTESIAN_POINT ( 'NONE',  ( -3.202361526338089348, 0.3740157480314945104, 0.2500000000000000000 ) ) ;
#2689 = CYLINDRICAL_SURFACE ( 'NONE', #2938, 0.04921259842519662420 ) ;
#2690 = APPROVAL_STATUS ( 'not_yet_approved' ) ;
#2691 = ADVANCED_FACE ( 'NONE', ( #241 ), #1209, .F. ) ;
#2692 = LINE ( 'NONE', #412, #3125 ) ;
#2693 = AXIS2_PLACEMENT_3D ( 'NONE', #1206, #2168, #7 ) ;
#2694 = EDGE_CURVE ( 'NONE', #743, #1931, #983, .T. ) ;
#2695 = DIRECTION ( 'NONE',  ( 1.000000000000000000, 0.000000000000000000, 0.000000000000000000 ) ) ;
#2696 = VERTEX_POINT ( 'NONE', #53 ) ;
#2697 = CARTESIAN_POINT ( 'NONE',  ( -0.6250000000000018874, 2.999999999999998668, 0.000000000000000000 ) ) ;
#2698 = ORIENTED_EDGE ( 'NONE', *, *, #812, .T. ) ;
#2699 = CARTESIAN_POINT ( 'NONE',  ( -3.255511132637301852, -0.3740157480314973415, 0.2500000000000000000 ) ) ;
#2700 = ORIENTED_EDGE ( 'NONE', *, *, #1520, .T. ) ;
#2701 = CARTESIAN_POINT ( 'NONE',  ( -2.887400896416829621, 0.000000000000000000, 0.2500000000000000000 ) ) ;
#2702 = ORIENTED_EDGE ( 'NONE', *, *, #761, .F. ) ;
#2703 = CARTESIAN_POINT ( 'NONE',  ( -2.940550502716042125, 0.000000000000000000, 0.000000000000000000 ) ) ;
#2704 = DATE_AND_TIME ( #2948, #2518 ) ;
#2705 = CIRCLE ( 'NONE', #1332, 0.04921259842519634664 ) ;
#2706 = DIRECTION ( 'NONE',  ( 1.000000000000000000, 0.000000000000000000, 0.000000000000000000 ) ) ;
#2707 = EDGE_CURVE ( 'NONE', #2559, #3104, #316, .T. ) ;
#2708 = EDGE_CURVE ( 'NONE', #2190, #2143, #2487, .T. ) ;
#2709 = CARTESIAN_POINT ( 'NONE',  ( -3.005511132637302296, 2.625000000000000000, 0.1000000000000000194 ) ) ;
#2710 = ORIENTED_EDGE ( 'NONE', *, *, #775, .T. ) ;
#2711 = DIRECTION ( 'NONE',  ( 1.000000000000000000, 0.000000000000000000, 0.000000000000000000 ) ) ;
#2712 = DIRECTION ( 'NONE',  ( 1.000000000000000000, 8.881784197001256268E-16, 0.000000000000000000 ) ) ;
#2713 = VERTEX_POINT ( 'NONE', #813 ) ;
#2714 = DIRECTION ( 'NONE',  ( 1.000000000000000000, 0.000000000000000000, 0.000000000000000000 ) ) ;
#2715 = ORIENTED_EDGE ( 'NONE', *, *, #2654, .T. ) ;
#2716 = VECTOR ( 'NONE', #1837, 39.37007874015748143 ) ;
#2717 = FACE_OUTER_BOUND ( 'NONE', #985, .T. ) ;
#2718 = SECURITY_CLASSIFICATION_LEVEL ( 'unclassified' ) ;
#2719 = DIRECTION ( 'NONE',  ( 1.000000000000000000, 0.000000000000000000, 0.000000000000000000 ) ) ;
#2720 = CIRCLE ( 'NONE', #1753, 0.04921259842519662420 ) ;
#2721 = PRODUCT_DEFINITION_FORMATION_WITH_SPECIFIED_SOURCE ( 'ANY', '', #2486, .NOT_KNOWN. ) ;
#2722 = AXIS2_PLACEMENT_3D ( 'NONE', #137, #1102, #1609 ) ;
#2723 = DIRECTION ( 'NONE',  ( -0.000000000000000000, 0.000000000000000000, 1.000000000000000000 ) ) ;
#2724 = EDGE_LOOP ( 'NONE', ( #900, #1370, #2509, #560, #2184, #2647, #3020, #1697, #1357, #461 ) ) ;
#2725 = CARTESIAN_POINT ( 'NONE',  ( -0.4999999999999998335, -2.624999999999999556, 0.1000000000000000194 ) ) ;
#2726 = EDGE_CURVE ( 'NONE', #1016, #1459, #2428, .T. ) ;
#2727 = DIRECTION ( 'NONE',  ( 1.000000000000000000, 0.000000000000000000, 0.000000000000000000 ) ) ;
#2728 = AXIS2_PLACEMENT_3D ( 'NONE', #2686, #742, #1417 ) ;
#2729 = AXIS2_PLACEMENT_3D ( 'NONE', #59, #715, #1687 ) ;
#2730 = AXIS2_PLACEMENT_3D ( 'NONE', #64, #992, #765 ) ;
#2731 = ORIENTED_EDGE ( 'NONE', *, *, #2825, .F. ) ;
#2732 = DIRECTION ( 'NONE',  ( -0.000000000000000000, -0.000000000000000000, 1.000000000000000000 ) ) ;
#2733 = ORIENTED_EDGE ( 'NONE', *, *, #3021, .F. ) ;
#2734 = DIRECTION ( 'NONE',  ( -0.000000000000000000, 0.000000000000000000, 1.000000000000000000 ) ) ;
#2735 = AXIS2_PLACEMENT_3D ( 'NONE', #1725, #46, #514 ) ;
#2736 = LINE ( 'NONE', #1320, #2195 ) ;
#2737 = EDGE_LOOP ( 'NONE', ( #2113, #2321, #1001, #1119 ) ) ;
#2738 = CARTESIAN_POINT ( 'NONE',  ( 5.226440785060678430E-16, 2.874999999999999112, -4.290509469491086136 ) ) ;
#2739 = AXIS2_PLACEMENT_3D ( 'NONE', #1635, #2096, #1885 ) ;
#2740 = LINE ( 'NONE', #2998, #402 ) ;
#2741 = ORIENTED_EDGE ( 'NONE', *, *, #2708, .T. ) ;
#2742 = DIRECTION ( 'NONE',  ( -0.000000000000000000, -0.000000000000000000, 1.000000000000000000 ) ) ;
#2743 = APPROVAL ( #1479, 'UNSPECIFIED' ) ;
#2744 = CARTESIAN_POINT ( 'NONE',  ( -6.495621510046174052, -0.4607047307311612494, -4.290509469491086136 ) ) ;
#2745 = CARTESIAN_POINT ( 'NONE',  ( -0.1250000000000016653, 2.500000000000000000, 0.000000000000000000 ) ) ;
#2746 = ORIENTED_EDGE ( 'NONE', *, *, #2275, .F. ) ;
#2747 = DIRECTION ( 'NONE',  ( -0.000000000000000000, -0.000000000000000000, -1.000000000000000000 ) ) ;
#2748 = ORIENTED_EDGE ( 'NONE', *, *, #1545, .T. ) ;
#2749 = EDGE_CURVE ( 'NONE', #1758, #2207, #1569, .T. ) ;
#2750 = FACE_BOUND ( 'NONE', #2910, .T. ) ;
#2751 = LINE ( 'NONE', #1763, #1737 ) ;
#2752 = ORIENTED_EDGE ( 'NONE', *, *, #984, .F. ) ;
#2753 = CARTESIAN_POINT ( 'NONE',  ( -3.570471762558562023, -1.422987339896824252E-15, 0.000000000000000000 ) ) ;
#2754 = VECTOR ( 'NONE', #1993, 39.37007874015748143 ) ;
#2755 = LINE ( 'NONE', #1996, #956 ) ;
#2756 = ORIENTED_EDGE ( 'NONE', *, *, #1598, .T. ) ;
#2757 = DIRECTION ( 'NONE',  ( 0.000000000000000000, -0.000000000000000000, -1.000000000000000000 ) ) ;
#2758 = CARTESIAN_POINT ( 'NONE',  ( -3.112533258908639855, -3.843656723643099404, 0.2500000000000000000 ) ) ;
#2759 = DIRECTION ( 'NONE',  ( -0.000000000000000000, -0.000000000000000000, 1.000000000000000000 ) ) ;
#2760 = ORIENTED_EDGE ( 'NONE', *, *, #1192, .F. ) ;
#2761 = CARTESIAN_POINT ( 'NONE',  ( -3.255511132637301852, -1.422987339896824252E-15, -4.290509469491086136 ) ) ;
#2762 = EDGE_LOOP ( 'NONE', ( #1220, #1845, #882, #2302 ) ) ;
#2763 = FACE_BOUND ( 'NONE', #2222, .T. ) ;
#2764 = ADVANCED_FACE ( 'NONE', ( #1985 ), #113, .T. ) ;
#2765 = EDGE_CURVE ( 'NONE', #390, #403, #94, .T. ) ;
#2766 = AXIS2_PLACEMENT_3D ( 'NONE', #2874, #3128, #677 ) ;
#2767 = DIRECTION ( 'NONE',  ( 1.000000000000000000, 0.000000000000000000, 0.000000000000000000 ) ) ;
#2768 = CARTESIAN_POINT ( 'NONE',  ( -3.112533258908639855, 3.843656723643099404, 0.000000000000000000 ) ) ;
#2769 = DIRECTION ( 'NONE',  ( -0.000000000000000000, -0.000000000000000000, 1.000000000000000000 ) ) ;
#2770 = DIRECTION ( 'NONE',  ( -0.000000000000000000, -0.000000000000000000, 1.000000000000000000 ) ) ;
#2771 = VERTEX_POINT ( 'NONE', #2984 ) ;
#2772 = DIRECTION ( 'NONE',  ( -0.000000000000000000, 0.000000000000000000, 1.000000000000000000 ) ) ;
#2773 = VECTOR ( 'NONE', #1786, 39.37007874015748854 ) ;
#2774 = DIRECTION ( 'NONE',  ( 0.000000000000000000, -1.000000000000000000, 0.000000000000000000 ) ) ;
#2775 = CARTESIAN_POINT ( 'NONE',  ( -3.005511132637302296, -0.7071067811865487940, -4.290509469491086136 ) ) ;
#2776 = VERTEX_POINT ( 'NONE', #596 ) ;
#2777 = PLANE ( 'NONE',  #286 ) ;
#2778 = VERTEX_POINT ( 'NONE', #1550 ) ;
#2779 = CARTESIAN_POINT ( 'NONE',  ( -7.500000000000000000, 7.409113134841469265E-17, 0.2500000000000000000 ) ) ;
#2780 = AXIS2_PLACEMENT_3D ( 'NONE', #2844, #395, #2796 ) ;
#2781 = EDGE_LOOP ( 'NONE', ( #866, #250 ) ) ;
#2782 = DIRECTION ( 'NONE',  ( 1.000000000000000000, 0.000000000000000000, 0.000000000000000000 ) ) ;
#2783 = CIRCLE ( 'NONE', #2729, 0.04921259842519689481 ) ;
#2784 = VECTOR ( 'NONE', #2085, 39.37007874015748854 ) ;
#2785 = DIRECTION ( 'NONE',  ( -0.000000000000000000, -0.000000000000000000, 1.000000000000000000 ) ) ;
#2786 = CARTESIAN_POINT ( 'NONE',  ( -3.570471762558562023, -1.422987339896824252E-15, 0.2500000000000000000 ) ) ;
#2787 = EDGE_CURVE ( 'NONE', #2367, #1062, #1255, .T. ) ;
#2788 = EDGE_CURVE ( 'NONE', #2776, #743, #455, .T. ) ;
#2789 = PLANE ( 'NONE',  #1055 ) ;
#2790 = VERTEX_POINT ( 'NONE', #799 ) ;
#2791 = EDGE_CURVE ( 'NONE', #1452, #1922, #1041, .T. ) ;
#2792 = DIRECTION ( 'NONE',  ( -0.000000000000000000, -0.000000000000000000, 1.000000000000000000 ) ) ;
#2793 = AXIS2_PLACEMENT_3D ( 'NONE', #1617, #1649, #1596 ) ;
#2794 = CARTESIAN_POINT ( 'NONE',  ( -0.5000000000000016653, 2.874999999999999112, 0.1000000000000000194 ) ) ;
#2795 = EDGE_LOOP ( 'NONE', ( #19, #2397, #82, #2639 ) ) ;
#2796 = DIRECTION ( 'NONE',  ( 1.000000000000000000, 2.042810365310289297E-14, 0.000000000000000000 ) ) ;
#2797 = EDGE_LOOP ( 'NONE', ( #753, #1580 ) ) ;
#2798 = CARTESIAN_POINT ( 'NONE',  ( -3.517322156259349075, -1.422987339896824252E-15, 0.2500000000000000000 ) ) ;
#2799 = ORIENTED_EDGE ( 'NONE', *, *, #726, .F. ) ;
#2800 = CARTESIAN_POINT ( 'NONE',  ( -0.6250000000000018874, 2.999999999999998668, 0.2500000000000000555 ) ) ;
#2801 = CARTESIAN_POINT ( 'NONE',  ( -0.1250000000000006939, -5.310615137435790852E-16, 0.2500000000000000000 ) ) ;
#2802 = DIRECTION ( 'NONE',  ( 1.000000000000000000, 0.000000000000000000, 0.000000000000000000 ) ) ;
#2803 = EDGE_CURVE ( 'NONE', #1223, #2778, #2470, .T. ) ;
#2804 = CARTESIAN_POINT ( 'NONE',  ( -3.822940651178508453, 2.625000000000000000, 0.1000000000000000194 ) ) ;
#2805 = EDGE_LOOP ( 'NONE', ( #1838, #224 ) ) ;
#2806 = CARTESIAN_POINT ( 'NONE',  ( -3.505511132637301852, -0.5590169943749490056, 0.1000000000000000194 ) ) ;
#2807 = AXIS2_PLACEMENT_3D ( 'NONE', #2870, #2359, #1249 ) ;
#2808 = EDGE_CURVE ( 'NONE', #441, #1190, #1977, .T. ) ;
#2809 = ADVANCED_FACE ( 'NONE', ( #1269 ), #2046, .F. ) ;
#2810 = PLANE ( 'NONE',  #1983 ) ;
#2811 = EDGE_LOOP ( 'NONE', ( #1114, #2999, #1031, #1984 ) ) ;
#2812 = DIRECTION ( 'NONE',  ( 1.000000000000000000, 0.000000000000000000, 0.000000000000000000 ) ) ;
#2813 = EDGE_LOOP ( 'NONE', ( #982, #481, #16, #2389 ) ) ;
#2814 = CARTESIAN_POINT ( 'NONE',  ( -0.2499999999999998612, 2.624999999999997335, -4.290509469491086136 ) ) ;
#2815 = EDGE_LOOP ( 'NONE', ( #1714, #3062, #2609, #92 ) ) ;
#2816 = DIRECTION ( 'NONE',  ( -1.000000000000000000, 0.000000000000000000, -0.000000000000000000 ) ) ;
#2817 = DIRECTION ( 'NONE',  ( -0.000000000000000000, -0.000000000000000000, 1.000000000000000000 ) ) ;
#2818 = DIRECTION ( 'NONE',  ( -0.000000000000000000, -0.000000000000000000, -1.000000000000000000 ) ) ;
#2819 = LINE ( 'NONE', #109, #454 ) ;
#2820 = ORIENTED_EDGE ( 'NONE', *, *, #2669, .F. ) ;
#2821 = DIRECTION ( 'NONE',  ( 1.000000000000000000, 0.000000000000000000, 0.000000000000000000 ) ) ;
#2822 = ORIENTED_EDGE ( 'NONE', *, *, #879, .T. ) ;
#2823 = AXIS2_PLACEMENT_3D ( 'NONE', #529, #301, #1268 ) ;
#2824 = FACE_OUTER_BOUND ( 'NONE', #1241, .T. ) ;
#2825 = EDGE_CURVE ( 'NONE', #2256, #331, #2378, .T. ) ;
#2826 = EDGE_CURVE ( 'NONE', #1683, #2050, #2967, .T. ) ;
#2827 = CIRCLE ( 'NONE', #2072, 0.8549999999999995381 ) ;
#2828 = AXIS2_PLACEMENT_3D ( 'NONE', #2643, #15, #2179 ) ;
#2829 = CARTESIAN_POINT ( 'NONE',  ( -3.710040804080457555, -0.2083333333333330095, -4.290509469491086136 ) ) ;
#2830 = ORIENTED_EDGE ( 'NONE', *, *, #1038, .T. ) ;
#2831 = CARTESIAN_POINT ( 'NONE',  ( -0.1742125984251959858, -2.500000000000000000, 0.2500000000000000555 ) ) ;
#2832 = ADVANCED_FACE ( 'NONE', ( #2245 ), #79, .F. ) ;
#2833 = ORIENTED_EDGE ( 'NONE', *, *, #90, .F. ) ;
#2834 = ORIENTED_EDGE ( 'NONE', *, *, #2029, .F. ) ;
#2835 = DIRECTION ( 'NONE',  ( -0.000000000000000000, 0.000000000000000000, 1.000000000000000000 ) ) ;
#2836 = CARTESIAN_POINT ( 'NONE',  ( -1.213184216936841517E-31, -3.124999999999999112, 0.000000000000000000 ) ) ;
#2837 = DIRECTION ( 'NONE',  ( 1.000000000000000000, 0.000000000000000000, -0.000000000000000000 ) ) ;
#2838 = ORIENTED_EDGE ( 'NONE', *, *, #591, .F. ) ;
#2839 = VECTOR ( 'NONE', #772, 39.37007874015748143 ) ;
#2840 = DIRECTION ( 'NONE',  ( -1.000000000000000000, 0.000000000000000000, 0.000000000000000000 ) ) ;
#2841 = AXIS2_PLACEMENT_3D ( 'NONE', #2026, #2455, #282 ) ;
#2842 = CARTESIAN_POINT ( 'NONE',  ( -3.255511132637301852, -2.625000000000000000, 0.1000000000000000194 ) ) ;
#2843 = CARTESIAN_POINT ( 'NONE',  ( -0.2499999999999998612, 2.624999999999997335, 0.2500000000000000000 ) ) ;
#2844 = CARTESIAN_POINT ( 'NONE',  ( -7.500000000000000000, -7.409113134841469265E-17, 0.1000000000000000194 ) ) ;
#2845 = ORIENTED_EDGE ( 'NONE', *, *, #1446, .T. ) ;
#2846 = EDGE_CURVE ( 'NONE', #2291, #636, #828, .T. ) ;
#2847 = AXIS2_PLACEMENT_3D ( 'NONE', #3112, #709, #1933 ) ;
#2848 = DIRECTION ( 'NONE',  ( -0.000000000000000000, -0.000000000000000000, 1.000000000000000000 ) ) ;
#2849 = APPLICATION_CONTEXT ( 'configuration controlled 3d designs of mechanical parts and assemblies' ) ;
#2850 = ORIENTED_EDGE ( 'NONE', *, *, #3138, .F. ) ;
#2851 = DIRECTION ( 'NONE',  ( -0.000000000000000000, -0.000000000000000000, 1.000000000000000000 ) ) ;
#2852 = ADVANCED_FACE ( 'NONE', ( #2262 ), #3001, .T. ) ;
#2853 = EDGE_CURVE ( 'NONE', #1430, #2488, #547, .T. ) ;
#2854 = LINE ( 'NONE', #671, #1214 ) ;
#2855 = ORIENTED_EDGE ( 'NONE', *, *, #1722, .F. ) ;
#2856 = CYLINDRICAL_SURFACE ( 'NONE', #1402, 0.2499999999999998057 ) ;
#2857 = DIRECTION ( 'NONE',  ( -0.000000000000000000, -0.000000000000000000, 1.000000000000000000 ) ) ;
#2858 = ORIENTED_EDGE ( 'NONE', *, *, #551, .F. ) ;
#2859 = CARTESIAN_POINT ( 'NONE',  ( -0.2499999999999999722, -2.624999999999999556, 0.1000000000000000194 ) ) ;
#2860 = AXIS2_PLACEMENT_3D ( 'NONE', #1405, #2375, #206 ) ;
#2861 = CARTESIAN_POINT ( 'NONE',  ( -3.255511132637301852, 2.625000000000000000, -4.290509469491086136 ) ) ;
#2862 = VERTEX_POINT ( 'NONE', #1784 ) ;
#2863 = FACE_OUTER_BOUND ( 'NONE', #870, .T. ) ;
#2864 = ORIENTED_EDGE ( 'NONE', *, *, #3047, .T. ) ;
#2865 = CARTESIAN_POINT ( 'NONE',  ( -2.800981461194146593, 0.2083333333333333426, 0.1000000000000000194 ) ) ;
#2866 = DIRECTION ( 'NONE',  ( 1.000000000000000000, 0.000000000000000000, 0.000000000000000000 ) ) ;
#2867 = EDGE_CURVE ( 'NONE', #2367, #1254, #2740, .T. ) ;
#2868 = EDGE_CURVE ( 'NONE', #2420, #2444, #2755, .T. ) ;
#2869 = ORIENTED_EDGE ( 'NONE', *, *, #656, .F. ) ;
#2870 = CARTESIAN_POINT ( 'NONE',  ( -3.625000000000001776, 3.000000000000006217, 0.2500000000000000000 ) ) ;
#2871 = AXIS2_PLACEMENT_3D ( 'NONE', #1899, #1175, #2891 ) ;
#2872 = ORIENTED_EDGE ( 'NONE', *, *, #1622, .F. ) ;
#2873 = CARTESIAN_POINT ( 'NONE',  ( -6.495621510046174052, -0.4607047307311612494, 0.2500000000000000000 ) ) ;
#2874 = CARTESIAN_POINT ( 'NONE',  ( -3.755511132637301408, 2.625000000000000000, -4.290509469491086136 ) ) ;
#2875 = ORIENTED_EDGE ( 'NONE', *, *, #132, .T. ) ;
#2876 = CARTESIAN_POINT ( 'NONE',  ( -2.955203117947985625, -3.649370268260074823, -4.290509469491086136 ) ) ;
#2877 = VECTOR ( 'NONE', #93, 39.37007874015748143 ) ;
#2878 = ORIENTED_EDGE ( 'NONE', *, *, #1286, .T. ) ;
#2879 = DIRECTION ( 'NONE',  ( 1.000000000000000000, 0.000000000000000000, 0.000000000000000000 ) ) ;
#2880 = CARTESIAN_POINT ( 'NONE',  ( -3.505511132637301852, -2.625000000000000000, -4.290509469491086136 ) ) ;
#2881 = ADVANCED_FACE ( 'NONE', ( #575, #1497, #542, #2467, #1750, #1291, #2498, #1052, #1024, #326, #1546, #1980, #1250, #268, #2963, #2214, #1237, #2197, #30, #777 ), #1011, .T. ) ;
#2882 = VERTEX_POINT ( 'NONE', #1962 ) ;
#2883 = AXIS2_PLACEMENT_3D ( 'NONE', #1732, #1506, #319 ) ;
#2884 = VECTOR ( 'NONE', #343, 39.37007874015748143 ) ;
#2885 = AXIS2_PLACEMENT_3D ( 'NONE', #2060, #2294, #127 ) ;
#2886 = EDGE_CURVE ( 'NONE', #741, #2677, #2255, .T. ) ;
#2887 = AXIS2_PLACEMENT_3D ( 'NONE', #399, #3055, #1888 ) ;
#2888 = ORIENTED_EDGE ( 'NONE', *, *, #2726, .T. ) ;
#2889 = CIRCLE ( 'NONE', #2175, 0.05314960629921275381 ) ;
#2890 = CARTESIAN_POINT ( 'NONE',  ( -0.1249999999999995559, -2.500000000000000000, 0.000000000000000000 ) ) ;
#2891 = DIRECTION ( 'NONE',  ( 1.000000000000000000, 0.000000000000000000, 0.000000000000000000 ) ) ;
#2892 = ORIENTED_EDGE ( 'NONE', *, *, #2441, .T. ) ;
#2893 = DIRECTION ( 'NONE',  ( -0.000000000000000000, -0.000000000000000000, 1.000000000000000000 ) ) ;
#2894 = VERTEX_POINT ( 'NONE', #1484 ) ;
#2895 = CIRCLE ( 'NONE', #1319, 0.04921259842519662420 ) ;
#2896 = LINE ( 'NONE', #2926, #2169 ) ;
#2897 = FACE_OUTER_BOUND ( 'NONE', #1093, .T. ) ;
#2898 = DIRECTION ( 'NONE',  ( 1.000000000000000000, 0.000000000000000000, 0.000000000000000000 ) ) ;
#2899 = ORIENTED_EDGE ( 'NONE', *, *, #2091, .F. ) ;
#2900 = EDGE_CURVE ( 'NONE', #1393, #892, #549, .T. ) ;
#2902 = ORIENTED_EDGE ( 'NONE', *, *, #571, .F. ) ;
#2901 = ORIENTED_EDGE ( 'NONE', *, *, #1830, .T. ) ;
#2903 = CARTESIAN_POINT ( 'NONE',  ( -3.202361526338089348, -0.3740157480314973415, 0.2500000000000000000 ) ) ;
#2904 = EDGE_CURVE ( 'NONE', #1452, #1881, #2481, .T. ) ;
#2905 = EDGE_CURVE ( 'NONE', #2862, #1922, #958, .T. ) ;
#2906 = CYLINDRICAL_SURFACE ( 'NONE', #1343, 0.2499999999999998057 ) ;
#2907 = ORIENTED_EDGE ( 'NONE', *, *, #72, .T. ) ;
#2908 = LINE ( 'NONE', #2203, #1721 ) ;
#2909 = AXIS2_PLACEMENT_3D ( 'NONE', #1084, #119, #2706 ) ;
#2910 = EDGE_LOOP ( 'NONE', ( #2116, #1537 ) ) ;
#2911 = LINE ( 'NONE', #2667, #251 ) ;
#2912 = CARTESIAN_POINT ( 'NONE',  ( -0.6742125984251960968, -2.999999999999999556, 0.2500000000000000000 ) ) ;
#2913 = CARTESIAN_POINT ( 'NONE',  ( -1.213184216936841517E-31, 3.124999999999999112, 0.2500000000000000000 ) ) ;
#2914 = PERSON_AND_ORGANIZATION_ROLE ( 'design_supplier' ) ;
#2915 = ORIENTED_EDGE ( 'NONE', *, *, #902, .F. ) ;
#2917 = ORIENTED_EDGE ( 'NONE', *, *, #1597, .T. ) ;
#2916 = EDGE_LOOP ( 'NONE', ( #1731, #324, #3099, #35, #1744, #544, #1836, #1575, #537, #283, #152, #2335 ) ) ;
#2918 = DIRECTION ( 'NONE',  ( -0.000000000000000000, -0.000000000000000000, 1.000000000000000000 ) ) ;
#2919 = AXIS2_PLACEMENT_3D ( 'NONE', #3066, #130, #1094 ) ;
#2920 = DIRECTION ( 'NONE',  ( -0.000000000000000000, -0.000000000000000000, 1.000000000000000000 ) ) ;
#2921 = VERTEX_POINT ( 'NONE', #1266 ) ;
#2922 = EDGE_CURVE ( 'NONE', #1548, #390, #1059, .T. ) ;
#2923 = CARTESIAN_POINT ( 'NONE',  ( -3.255511132637301852, 0.7071067811865487940, 0.1000000000000000194 ) ) ;
#2924 = EDGE_CURVE ( 'NONE', #243, #2098, #2332, .T. ) ;
#2925 = ORIENTED_EDGE ( 'NONE', *, *, #980, .T. ) ;
#2926 = CARTESIAN_POINT ( 'NONE',  ( -1.575787401574802571, -3.000000000000003109, 0.2500000000000000000 ) ) ;
#2927 = ORIENTED_EDGE ( 'NONE', *, *, #1813, .F. ) ;
#2928 = FACE_OUTER_BOUND ( 'NONE', #2320, .T. ) ;
#2929 = CARTESIAN_POINT ( 'NONE',  ( -6.495621510046174052, 0.4607047307311612494, -4.290509469491086136 ) ) ;
#2930 = CALENDAR_DATE ( 2026, 20, 3 ) ;
#2931 = CIRCLE ( 'NONE', #2311, 0.04921259842519634664 ) ;
#2932 = CARTESIAN_POINT ( 'NONE',  ( -7.500000000000000000, -7.409113134841469265E-17, 0.2500000000000000000 ) ) ;
#2933 = VECTOR ( 'NONE', #1215, 39.37007874015748143 ) ;
#2934 = CARTESIAN_POINT ( 'NONE',  ( -3.255511132637301852, 0.000000000000000000, 0.1000000000000000194 ) ) ;
#2936 = ORIENTED_EDGE ( 'NONE', *, *, #2162, .T. ) ;
#2935 = VERTEX_POINT ( 'NONE', #2230 ) ;
#2937 = DIRECTION ( 'NONE',  ( -0.000000000000000000, 0.000000000000000000, 1.000000000000000000 ) ) ;
#2938 = AXIS2_PLACEMENT_3D ( 'NONE', #1789, #2759, #579 ) ;
#2939 = VERTEX_POINT ( 'NONE', #91 ) ;
#2940 = AXIS2_PLACEMENT_3D ( 'NONE', #2758, #768, #1027 ) ;
#2941 = CARTESIAN_POINT ( 'NONE',  ( -7.001364847079792675, 0.6945415641070313839, 0.2500000000000000000 ) ) ;
#2942 = EDGE_CURVE ( 'NONE', #1254, #2559, #792, .T. ) ;
#2943 = ORIENTED_EDGE ( 'NONE', *, *, #267, .F. ) ;
#2944 = LINE ( 'NONE', #2957, #2424 ) ;
#2945 = ORIENTED_EDGE ( 'NONE', *, *, #1713, .F. ) ;
#2946 = CARTESIAN_POINT ( 'NONE',  ( -0.2499999999999996947, 0.3124999999999985012, -4.290509469491086136 ) ) ;
#2947 = CARTESIAN_POINT ( 'NONE',  ( -0.2499999999999996947, -0.3124999999999985012, -4.290509469491086136 ) ) ;
#2948 = CALENDAR_DATE ( 2026, 20, 3 ) ;
#2949 = EDGE_CURVE ( 'NONE', #369, #3104, #2242, .T. ) ;
#2950 = CARTESIAN_POINT ( 'NONE',  ( -6.722856462524415377, -0.3564728911992240401, 0.1000000000000000194 ) ) ;
#2951 = VECTOR ( 'NONE', #2406, 39.37007874015748143 ) ;
#2952 = CARTESIAN_POINT ( 'NONE',  ( -7.500000000000000000, 7.409113134841469265E-17, 0.000000000000000000 ) ) ;
#2953 = ORIENTED_EDGE ( 'NONE', *, *, #34, .F. ) ;
#2954 = CARTESIAN_POINT ( 'NONE',  ( -3.822940651178508453, 2.875000000000000000, -4.290509469491086136 ) ) ;
#2955 = DIRECTION ( 'NONE',  ( -0.000000000000000000, -0.000000000000000000, 1.000000000000000000 ) ) ;
#2956 = EDGE_LOOP ( 'NONE', ( #2427, #2561, #2014, #2666 ) ) ;
#2957 = CARTESIAN_POINT ( 'NONE',  ( -0.2499999999999996114, -2.428309327701562991E-17, 0.1000000000000000194 ) ) ;
#2958 = ORIENTED_EDGE ( 'NONE', *, *, #440, .F. ) ;
#2959 = LINE ( 'NONE', #2599, #50 ) ;
#2960 = DIRECTION ( 'NONE',  ( -0.000000000000000000, 0.000000000000000000, 1.000000000000000000 ) ) ;
#2961 = EDGE_CURVE ( 'NONE', #2490, #1505, #2993, .T. ) ;
#2962 = CIRCLE ( 'NONE', #1706, 0.2499999999999998057 ) ;
#2963 = FACE_OUTER_BOUND ( 'NONE', #2981, .T. ) ;
#2964 = ORIENTED_EDGE ( 'NONE', *, *, #1306, .F. ) ;
#2965 = ADVANCED_FACE ( 'NONE', ( #1529 ), #574, .T. ) ;
#2966 = CARTESIAN_POINT ( 'NONE',  ( -3.755511132637301408, 0.5590169943749490056, 0.1000000000000000194 ) ) ;
#2967 = LINE ( 'NONE', #781, #2631 ) ;
#2968 = ORIENTED_EDGE ( 'NONE', *, *, #1273, .T. ) ;
#2969 = DIRECTION ( 'NONE',  ( -0.000000000000000000, -0.000000000000000000, 1.000000000000000000 ) ) ;
#2970 = ORIENTED_EDGE ( 'NONE', *, *, #1466, .T. ) ;
#2971 = CIRCLE ( 'NONE', #939, 0.04921259842519641603 ) ;
#2972 = CARTESIAN_POINT ( 'NONE',  ( -3.505511132637301852, -0.5590169943749490056, -4.290509469491086136 ) ) ;
#2973 = LINE ( 'NONE', #2994, #1532 ) ;
#2974 = AXIS2_PLACEMENT_3D ( 'NONE', #2535, #625, #2821 ) ;
#2975 = DIRECTION ( 'NONE',  ( 0.6293205638426191406, -0.7771458215321034313, 0.000000000000000000 ) ) ;
#2976 = APPROVAL_PERSON_ORGANIZATION ( #2120, #1441, #683 ) ;
#2977 = VECTOR ( 'NONE', #1385, 39.37007874015748143 ) ;
#2978 = ADVANCED_FACE ( 'NONE', ( #2055 ), #87, .F. ) ;
#2979 = EDGE_CURVE ( 'NONE', #218, #599, #1113, .T. ) ;
#2980 = DIRECTION ( 'NONE',  ( 0.000000000000000000, -0.000000000000000000, -1.000000000000000000 ) ) ;
#2981 = EDGE_LOOP ( 'NONE', ( #3018, #2238, #2968, #1945, #278, #2048, #2864 ) ) ;
#2982 = CARTESIAN_POINT ( 'NONE',  ( -3.255511132637301852, 0.000000000000000000, 0.2500000000000000000 ) ) ;
#2983 = ADVANCED_FACE ( 'NONE', ( #372 ), #1767, .F. ) ;
#2984 = CARTESIAN_POINT ( 'NONE',  ( -3.308660738936514800, 0.3740157480314945104, 0.2500000000000000000 ) ) ;
#2985 = AXIS2_PLACEMENT_3D ( 'NONE', #1892, #2414, #2433 ) ;
#2986 = AXIS2_PLACEMENT_3D ( 'NONE', #3017, #746, #2263 ) ;
#2987 = AXIS2_PLACEMENT_3D ( 'NONE', #667, #1638, #2608 ) ;
#2988 = ORIENTED_EDGE ( 'NONE', *, *, #2240, .F. ) ;
#2989 = DIRECTION ( 'NONE',  ( 1.000000000000000000, 0.000000000000000000, 0.000000000000000000 ) ) ;
#2990 = ORIENTED_EDGE ( 'NONE', *, *, #2411, .T. ) ;
#2991 = DIRECTION ( 'NONE',  ( 1.000000000000000000, 0.000000000000000000, 0.000000000000000000 ) ) ;
#2992 = AXIS2_PLACEMENT_3D ( 'NONE', #368, #1333, #83 ) ;
#2993 = CIRCLE ( 'NONE', #1921, 0.2499999999999998057 ) ;
#2994 = CARTESIAN_POINT ( 'NONE',  ( 4.268512490100409923E-16, -3.124999999999999112, 0.000000000000000000 ) ) ;
#2995 = ORIENTED_EDGE ( 'NONE', *, *, #2900, .F. ) ;
#2996 = CARTESIAN_POINT ( 'NONE',  ( -3.755511132637301408, 2.875000000000000000, 0.1000000000000000194 ) ) ;
#2997 = AXIS2_PLACEMENT_3D ( 'NONE', #1160, #191, #163 ) ;
#2998 = CARTESIAN_POINT ( 'NONE',  ( -4.000000000000000000, 3.124999999999999556, 0.2500000000000000000 ) ) ;
#2999 = ORIENTED_EDGE ( 'NONE', *, *, #2317, .T. ) ;
#3000 = DIRECTION ( 'NONE',  ( 0.000000000000000000, -0.000000000000000000, -1.000000000000000000 ) ) ;
#3001 = PLANE ( 'NONE',  #2885 ) ;
#3002 = DIRECTION ( 'NONE',  ( -0.000000000000000000, -0.000000000000000000, 1.000000000000000000 ) ) ;
#3003 = EDGE_CURVE ( 'NONE', #327, #3079, #791, .T. ) ;
#3004 = EDGE_LOOP ( 'NONE', ( #2062, #1742 ) ) ;
#3005 = FACE_OUTER_BOUND ( 'NONE', #1584, .T. ) ;
#3006 = ORIENTED_EDGE ( 'NONE', *, *, #797, .T. ) ;
#3007 = FACE_BOUND ( 'NONE', #2350, .T. ) ;
#3008 = EDGE_CURVE ( 'NONE', #2603, #1542, #2889, .T. ) ;
#3009 = PLANE ( 'NONE',  #1943 ) ;
#3010 = CARTESIAN_POINT ( 'NONE',  ( -7.657480320000000340, 0.1760683369028015477, 0.2500000000000000000 ) ) ;
#3011 = CARTESIAN_POINT ( 'NONE',  ( -3.112533258908639855, 3.843656723643099404, 0.2500000000000000000 ) ) ;
#3012 = CIRCLE ( 'NONE', #1081, 0.04921259842519662420 ) ;
#3013 = CARTESIAN_POINT ( 'NONE',  ( -3.255511132637301852, -0.3740157480314973415, 0.2500000000000000000 ) ) ;
#3014 = ORIENTED_EDGE ( 'NONE', *, *, #188, .F. ) ;
#3015 = DIRECTION ( 'NONE',  ( -0.000000000000000000, -0.000000000000000000, 1.000000000000000000 ) ) ;
#3016 = DIRECTION ( 'NONE',  ( -0.000000000000000000, -0.000000000000000000, 1.000000000000000000 ) ) ;
#3017 = CARTESIAN_POINT ( 'NONE',  ( -3.755511132637301408, -2.625000000000000000, -4.290509469491086136 ) ) ;
#3018 = ORIENTED_EDGE ( 'NONE', *, *, #863, .F. ) ;
#3019 = CARTESIAN_POINT ( 'NONE',  ( -2.940550502716042125, 0.000000000000000000, 0.2500000000000000000 ) ) ;
#3020 = ORIENTED_EDGE ( 'NONE', *, *, #2726, .F. ) ;
#3021 = EDGE_CURVE ( 'NONE', #2894, #2862, #2496, .T. ) ;
#3022 = FACE_BOUND ( 'NONE', #1573, .T. ) ;
#3023 = VECTOR ( 'NONE', #2083, 39.37007874015748143 ) ;
#3024 = DIRECTION ( 'NONE',  ( -0.000000000000000000, -0.000000000000000000, 1.000000000000000000 ) ) ;
#3025 = EDGE_CURVE ( 'NONE', #1928, #1436, #6, .T. ) ;
#3026 = CARTESIAN_POINT ( 'NONE',  ( -3.005511132637302296, -0.7071067811865487940, 0.1000000000000000194 ) ) ;
#3027 = CARTESIAN_POINT ( 'NONE',  ( -6.440109085801751121, 0.3124999999999998335, 0.1000000000000000194 ) ) ;
#3028 = DIRECTION ( 'NONE',  ( -0.000000000000000000, -0.000000000000000000, 1.000000000000000000 ) ) ;
#3029 = ORIENTED_EDGE ( 'NONE', *, *, #188, .T. ) ;
#3030 = DIRECTION ( 'NONE',  ( 1.000000000000000000, 0.000000000000000000, 0.000000000000000000 ) ) ;
#3031 = CIRCLE ( 'NONE', #540, 0.2499999999999998890 ) ;
#3032 = SECURITY_CLASSIFICATION ( '', '', #2718 ) ;
#3033 = LINE ( 'NONE', #1342, #1421 ) ;
#3034 = ORIENTED_EDGE ( 'NONE', *, *, #1643, .F. ) ;
#3035 = FACE_OUTER_BOUND ( 'NONE', #235, .T. ) ;
#3036 = ORIENTED_EDGE ( 'NONE', *, *, #1276, .F. ) ;
#3037 = DIRECTION ( 'NONE',  ( 1.000000000000000000, 9.713237310806267989E-17, 0.000000000000000000 ) ) ;
#3038 = VECTOR ( 'NONE', #262, 39.37007874015748143 ) ;
#3039 = VECTOR ( 'NONE', #493, 39.37007874015748143 ) ;
#3040 = ADVANCED_FACE ( 'NONE', ( #325 ), #3046, .F. ) ;
#3041 = ORIENTED_EDGE ( 'NONE', *, *, #775, .F. ) ;
#3042 = DIRECTION ( 'NONE',  ( 0.000000000000000000, 1.000000000000000000, 0.000000000000000000 ) ) ;
#3043 = AXIS2_PLACEMENT_3D ( 'NONE', #1824, #2848, #2593 ) ;
#3044 = AXIS2_PLACEMENT_3D ( 'NONE', #3027, #157, #1122 ) ;
#3045 = CARTESIAN_POINT ( 'NONE',  ( -0.1250000000000016653, 2.500000000000000000, 0.2500000000000000555 ) ) ;
#3046 = PLANE ( 'NONE',  #1619 ) ;
#3047 = EDGE_CURVE ( 'NONE', #1140, #369, #2531, .T. ) ;
#3048 = DIRECTION ( 'NONE',  ( 0.000000000000000000, 1.000000000000000000, 0.000000000000000000 ) ) ;
#3049 = ORIENTED_EDGE ( 'NONE', *, *, #1464, .T. ) ;
#3050 = FACE_OUTER_BOUND ( 'NONE', #1159, .T. ) ;
#3051 = DIRECTION ( 'NONE',  ( 1.000000000000000000, 0.000000000000000000, 0.000000000000000000 ) ) ;
#3052 = VERTEX_POINT ( 'NONE', #2996 ) ;
#3053 = DIRECTION ( 'NONE',  ( 1.000000000000000000, 0.000000000000000000, 0.000000000000000000 ) ) ;
#3054 = EDGE_LOOP ( 'NONE', ( #2845, #976, #2016, #2264 ) ) ;
#3055 = DIRECTION ( 'NONE',  ( -0.000000000000000000, -0.000000000000000000, 1.000000000000000000 ) ) ;
#3056 = ORIENTED_EDGE ( 'NONE', *, *, #2853, .T. ) ;
#3057 = VERTEX_POINT ( 'NONE', #1560 ) ;
#3058 = DIRECTION ( 'NONE',  ( 1.000000000000000000, 0.000000000000000000, 0.000000000000000000 ) ) ;
#3059 = ADVANCED_FACE ( 'NONE', ( #2305 ), #138, .F. ) ;
#3060 = ADVANCED_FACE ( 'NONE', ( #121 ), #621, .F. ) ;
#3061 = FACE_OUTER_BOUND ( 'NONE', #1146, .T. ) ;
#3062 = ORIENTED_EDGE ( 'NONE', *, *, #34, .T. ) ;
#3063 = CARTESIAN_POINT ( 'NONE',  ( -7.500000000000000000, 7.409113134841469265E-17, 0.2500000000000000000 ) ) ;
#3064 = EDGE_CURVE ( 'NONE', #727, #314, #606, .T. ) ;
#3065 = FACE_OUTER_BOUND ( 'NONE', #2724, .T. ) ;
#3066 = CARTESIAN_POINT ( 'NONE',  ( -3.255511132637301852, -1.422987339896824252E-15, 0.2500000000000000000 ) ) ;
#3067 = ORIENTED_EDGE ( 'NONE', *, *, #2536, .F. ) ;
#3068 = LINE ( 'NONE', #1623, #703 ) ;
#3069 = ORIENTED_EDGE ( 'NONE', *, *, #1118, .T. ) ;
#3070 = ORIENTED_EDGE ( 'NONE', *, *, #397, .F. ) ;
#3071 = DIRECTION ( 'NONE',  ( -0.000000000000000000, -0.000000000000000000, 1.000000000000000000 ) ) ;
#3072 = APPLICATION_PROTOCOL_DEFINITION ( 'international standard', 'config_control_design', 1994, #2849 ) ;
#3073 = DIRECTION ( 'NONE',  ( -0.000000000000000000, 0.000000000000000000, -1.000000000000000000 ) ) ;
#3074 = VERTEX_POINT ( 'NONE', #1578 ) ;
#3075 = DIRECTION ( 'NONE',  ( -0.000000000000000000, 0.000000000000000000, 1.000000000000000000 ) ) ;
#3076 = EDGE_CURVE ( 'NONE', #977, #1972, #2025, .T. ) ;
#3077 = DIRECTION ( 'NONE',  ( 1.000000000000000000, 0.000000000000000000, 0.000000000000000000 ) ) ;
#3078 = VECTOR ( 'NONE', #2368, 39.37007874015748143 ) ;
#3079 = VERTEX_POINT ( 'NONE', #589 ) ;
#3080 = CIRCLE ( 'NONE', #44, 0.04921259842519689481 ) ;
#3081 = DIRECTION ( 'NONE',  ( -0.000000000000000000, -0.000000000000000000, 1.000000000000000000 ) ) ;
#3082 = CIRCLE ( 'NONE', #88, 0.2500000000000003331 ) ;
#3083 = EDGE_CURVE ( 'NONE', #1917, #1881, #356, .T. ) ;
#3084 = AXIS2_PLACEMENT_3D ( 'NONE', #1627, #201, #1905 ) ;
#3085 = CARTESIAN_POINT ( 'NONE',  ( -3.623621368857774971, -1.416478390373796995E-15, 0.2500000000000000000 ) ) ;
#3086 = ORIENTED_EDGE ( 'NONE', *, *, #1851, .F. ) ;
#3087 = DIRECTION ( 'NONE',  ( -0.000000000000000000, -0.000000000000000000, 1.000000000000000000 ) ) ;
#3088 = VERTEX_POINT ( 'NONE', #1337 ) ;
#3089 = ORIENTED_EDGE ( 'NONE', *, *, #2318, .T. ) ;
#3090 = DIRECTION ( 'NONE',  ( -0.000000000000000000, 0.000000000000000000, 1.000000000000000000 ) ) ;
#3091 = CALENDAR_DATE ( 2026, 20, 3 ) ;
#3092 = VECTOR ( 'NONE', #2770, 39.37007874015748143 ) ;
#3093 = AXIS2_PLACEMENT_3D ( 'NONE', #226, #738, #1712 ) ;
#3094 = ORIENTED_EDGE ( 'NONE', *, *, #1847, .F. ) ;
#3095 = CARTESIAN_POINT ( 'NONE',  ( -3.625000000000001776, 3.000000000000006217, 0.000000000000000000 ) ) ;
#3096 = CARTESIAN_POINT ( 'NONE',  ( -3.255511132637301852, -0.7071067811865487940, -4.290509469491086136 ) ) ;
#3097 = DIRECTION ( 'NONE',  ( 0.000000000000000000, 1.000000000000000000, 0.000000000000000000 ) ) ;
#3098 = DIRECTION ( 'NONE',  ( 1.000000000000000000, -3.087581329339791589E-16, 0.000000000000000000 ) ) ;
#3099 = ORIENTED_EDGE ( 'NONE', *, *, #2904, .F. ) ;
#3100 = VECTOR ( 'NONE', #1486, 39.37007874015748143 ) ;
#3101 = EDGE_CURVE ( 'NONE', #327, #2143, #501, .T. ) ;
#3102 = PLANE ( 'NONE',  #303 ) ;
#3103 = EDGE_CURVE ( 'NONE', #2478, #2628, #787, .T. ) ;
#3104 = VERTEX_POINT ( 'NONE', #2836 ) ;
#3105 = CARTESIAN_POINT ( 'NONE',  ( -2.573716625472568964, -0.3124999999999993339, 0.1000000000000000194 ) ) ;
#3106 = ADVANCED_FACE ( 'NONE', ( #1433 ), #658, .T. ) ;
#3107 = CARTESIAN_POINT ( 'NONE',  ( -2.573716625472568964, 0.06249999999999943795, -4.290509469491086136 ) ) ;
#3108 = MECHANICAL_CONTEXT ( 'NONE', #2849, 'mechanical' ) ;
#3109 = EDGE_LOOP ( 'NONE', ( #185, #733, #1589, #2652 ) ) ;
#3110 = CARTESIAN_POINT ( 'NONE',  ( -2.955203117947985625, 3.649370268260074823, 0.2500000000000000000 ) ) ;
#3111 = MANIFOLD_SOLID_BREP ( 'M2.5 Clearance Hole1', #888 ) ;
#3112 = CARTESIAN_POINT ( 'NONE',  ( -2.940550502716042125, 0.000000000000000000, 0.2500000000000000000 ) ) ;
#3113 = CIRCLE ( 'NONE', #1587, 0.8549999999999995381 ) ;
#3114 = FACE_OUTER_BOUND ( 'NONE', #1631, .T. ) ;
#3115 = VERTEX_POINT ( 'NONE', #1401 ) ;
#3116 = CARTESIAN_POINT ( 'NONE',  ( -3.255511132637301852, 1.422987339896824252E-15, 0.1000000000000000194 ) ) ;
#3117 = EDGE_CURVE ( 'NONE', #2778, #1259, #217, .T. ) ;
#3118 = ORIENTED_EDGE ( 'NONE', *, *, #984, .T. ) ;
#3119 = LINE ( 'NONE', #681, #2018 ) ;
#3120 = CARTESIAN_POINT ( 'NONE',  ( -7.342519680000000548, 0.1760683369028015477, 0.2500000000000000000 ) ) ;
#3121 = CARTESIAN_POINT ( 'NONE',  ( -0.1249999999999995559, -2.500000000000000000, 0.2500000000000000555 ) ) ;
#3122 = EDGE_CURVE ( 'NONE', #444, #2405, #232, .T. ) ;
#3123 = EDGE_CURVE ( 'NONE', #179, #41, #3082, .T. ) ;
#3124 = ORIENTED_EDGE ( 'NONE', *, *, #2162, .F. ) ;
#3125 = VECTOR ( 'NONE', #675, 39.37007874015748143 ) ;
#3126 = VERTEX_POINT ( 'NONE', #1843 ) ;
#3127 = CARTESIAN_POINT ( 'NONE',  ( -3.570471762558562023, -1.422987339896824252E-15, 0.2500000000000000000 ) ) ;
#3128 = DIRECTION ( 'NONE',  ( -0.000000000000000000, -0.000000000000000000, 1.000000000000000000 ) ) ;
#3129 = ORIENTED_EDGE ( 'NONE', *, *, #3047, .F. ) ;
#3130 = CIRCLE ( 'NONE', #2213, 0.04921259842519641603 ) ;
#3131 = DIRECTION ( 'NONE',  ( -1.000000000000000000, 0.000000000000000000, 0.000000000000000000 ) ) ;
#3132 = CIRCLE ( 'NONE', #740, 0.04921259842519641603 ) ;
#3133 = ORIENTED_EDGE ( 'NONE', *, *, #1177, .T. ) ;
#3134 = CARTESIAN_POINT ( 'NONE',  ( -7.500000000000000000, 7.409113134841469265E-17, 0.000000000000000000 ) ) ;
#3135 = CYLINDRICAL_SURFACE ( 'NONE', #1166, 0.2499999999999998057 ) ;
#3136 = LINE ( 'NONE', #2370, #2118 ) ;
#3137 = PERSON_AND_ORGANIZATION_ROLE ( 'creator' ) ;
#3138 = EDGE_CURVE ( 'NONE', #1344, #1393, #924, .T. ) ;
#3139 = ORIENTED_EDGE ( 'NONE', *, *, #1830, .F. ) ;
#3140 = EDGE_CURVE ( 'NONE', #31, #1691, #590, .T. ) ;
#3141 = VECTOR ( 'NONE', #291, 39.37007874015748143 ) ;
ENDSEC;
END-ISO-10303-21;
