ISO-10303-21;
HEADER;
FILE_DESCRIPTION (( 'STEP AP203' ),
    '1' );
FILE_NAME ('Top Chassis Plate.STEP',
    '2026-03-20T23:15:15',
    ( '' ),
    ( '' ),
    'SwSTEP 2.0',
    'SolidWorks 2025',
    '' );
FILE_SCHEMA (( 'CONFIG_CONTROL_DESIGN' ));
ENDSEC;

DATA;
#1 = VERTEX_POINT ( 'NONE', #2160 ) ;
#2 = VECTOR ( 'NONE', #1249, 39.37007874015748143 ) ;
#3 = ORIENTED_EDGE ( 'NONE', *, *, #1879, .F. ) ;
#4 = CARTESIAN_POINT ( 'NONE',  ( 0.2500000000000000000, 5.399999999999997691, 2.224999999999987210 ) ) ;
#5 = FACE_BOUND ( 'NONE', #1306, .T. ) ;
#6 = DIRECTION ( 'NONE',  ( 0.000000000000000000, -0.7771458215321028762, 0.6293205638426198067 ) ) ;
#7 = ORIENTED_EDGE ( 'NONE', *, *, #1856, .F. ) ;
#8 = DIRECTION ( 'NONE',  ( 0.000000000000000000, 0.000000000000000000, 1.000000000000000000 ) ) ;
#9 = ORIENTED_EDGE ( 'NONE', *, *, #995, .F. ) ;
#10 = DIRECTION ( 'NONE',  ( 0.000000000000000000, 1.000000000000000000, 3.658815161332900647E-16 ) ) ;
#11 = DATE_TIME_ROLE ( 'creation_date' ) ;
#12 = ORIENTED_EDGE ( 'NONE', *, *, #786, .F. ) ;
#13 = EDGE_CURVE ( 'NONE', #1798, #2226, #4254, .T. ) ;
#14 = EDGE_CURVE ( 'NONE', #4272, #4663, #3786, .T. ) ;
#15 = CARTESIAN_POINT ( 'NONE',  ( 0.2500000000000000000, 2.850000000000002309, 1.374999999999986899 ) ) ;
#16 = EDGE_CURVE ( 'NONE', #518, #4079, #3401, .T. ) ;
#17 = DIRECTION ( 'NONE',  ( 0.000000000000000000, 1.000000000000000000, -1.050710766793959016E-16 ) ) ;
#18 = LINE ( 'NONE', #2578, #4171 ) ;
#19 = ORIENTED_EDGE ( 'NONE', *, *, #316, .F. ) ;
#20 = EDGE_LOOP ( 'NONE', ( #801, #1042 ) ) ;
#21 = DIRECTION ( 'NONE',  ( -1.000000000000000000, -0.000000000000000000, -0.000000000000000000 ) ) ;
#22 = LINE ( 'NONE', #278, #3976 ) ;
#23 = LINE ( 'NONE', #3405, #2775 ) ;
#24 = ORIENTED_EDGE ( 'NONE', *, *, #494, .T. ) ;
#25 = ORIENTED_EDGE ( 'NONE', *, *, #1223, .T. ) ;
#26 = FACE_OUTER_BOUND ( 'NONE', #2971, .T. ) ;
#27 = CARTESIAN_POINT ( 'NONE',  ( 0.2500000000000000000, 1.125000000000001776, 3.315999999999999837 ) ) ;
#28 = AXIS2_PLACEMENT_3D ( 'NONE', #2888, #334, #4371 ) ;
#29 = LINE ( 'NONE', #4460, #4456 ) ;
#30 = EDGE_LOOP ( 'NONE', ( #1446, #770, #3636, #4402 ) ) ;
#31 = CARTESIAN_POINT ( 'NONE',  ( 0.2500000000000000000, 6.720782628522115054, 2.469275428407054385 ) ) ;
#32 = VERTEX_POINT ( 'NONE', #2183 ) ;
#33 = VECTOR ( 'NONE', #1926, 39.37007874015748143 ) ;
#34 = DIRECTION ( 'NONE',  ( -1.000000000000000000, -0.000000000000000000, -0.000000000000000000 ) ) ;
#35 = VERTEX_POINT ( 'NONE', #3340 ) ;
#36 = DIRECTION ( 'NONE',  ( -1.000000000000000000, -0.000000000000000000, -0.000000000000000000 ) ) ;
#37 = CARTESIAN_POINT ( 'NONE',  ( 0.000000000000000000, 6.624999999999999112, 0.06599999999999889289 ) ) ;
#38 = DIRECTION ( 'NONE',  ( -1.000000000000000000, -0.000000000000000000, -0.000000000000000000 ) ) ;
#39 = AXIS2_PLACEMENT_3D ( 'NONE', #2427, #2790, #2044 ) ;
#40 = AXIS2_PLACEMENT_3D ( 'NONE', #3849, #951, #4581 ) ;
#41 = EDGE_LOOP ( 'NONE', ( #253, #3607 ) ) ;
#42 = ORIENTED_EDGE ( 'NONE', *, *, #4455, .F. ) ;
#43 = CARTESIAN_POINT ( 'NONE',  ( 0.000000000000000000, 3.749999999999996891, 1.274999999999999023 ) ) ;
#44 = AXIS2_PLACEMENT_3D ( 'NONE', #478, #1639, #2336 ) ;
#45 = DIRECTION ( 'NONE',  ( -1.000000000000000000, -0.000000000000000000, -0.000000000000000000 ) ) ;
#46 = DIRECTION ( 'NONE',  ( 0.000000000000000000, -0.6293205638426204729, 0.7771458215321022100 ) ) ;
#47 = VECTOR ( 'NONE', #1624, 39.37007874015748143 ) ;
#48 = EDGE_CURVE ( 'NONE', #2817, #1509, #396, .T. ) ;
#49 = EDGE_LOOP ( 'NONE', ( #975, #2372, #4463, #734 ) ) ;
#50 = DIRECTION ( 'NONE',  ( -0.000000000000000000, -0.000000000000000000, 1.000000000000000000 ) ) ;
#51 = FACE_BOUND ( 'NONE', #989, .T. ) ;
#52 = DIRECTION ( 'NONE',  ( -1.000000000000000000, 0.000000000000000000, 0.000000000000000000 ) ) ;
#53 = VERTEX_POINT ( 'NONE', #1893 ) ;
#54 = CARTESIAN_POINT ( 'NONE',  ( 0.2500000000000000000, 3.649999999999999023, 2.224999999999993427 ) ) ;
#55 = ORIENTED_EDGE ( 'NONE', *, *, #2560, .T. ) ;
#56 = FACE_OUTER_BOUND ( 'NONE', #4578, .T. ) ;
#57 = ORIENTED_EDGE ( 'NONE', *, *, #723, .F. ) ;
#58 = CARTESIAN_POINT ( 'NONE',  ( 0.000000000000000000, 4.599999999999988987, 3.460263137648710519 ) ) ;
#59 = VECTOR ( 'NONE', #2448, 39.37007874015748143 ) ;
#60 = DIRECTION ( 'NONE',  ( 0.000000000000000000, 0.2873478855663469389, 0.9578262852211509859 ) ) ;
#61 = DIRECTION ( 'NONE',  ( 0.000000000000000000, 0.000000000000000000, 1.000000000000000000 ) ) ;
#62 = EDGE_CURVE ( 'NONE', #2837, #853, #4645, .T. ) ;
#63 = VECTOR ( 'NONE', #4772, 39.37007874015748143 ) ;
#64 = ORIENTED_EDGE ( 'NONE', *, *, #3060, .F. ) ;
#65 = CARTESIAN_POINT ( 'NONE',  ( 0.000000000000000000, 3.649999999999990141, 3.560263137648704834 ) ) ;
#66 = CARTESIAN_POINT ( 'NONE',  ( 0.2500000000000000000, 4.124999999999966249, 1.749999999999833245 ) ) ;
#67 = CARTESIAN_POINT ( 'NONE',  ( 0.2500000000000000000, 6.624999999999999112, 0.06599999999999889289 ) ) ;
#68 = LOCAL_TIME ( 16, 15, 15.00000000000000000, #3327 ) ;
#69 = AXIS2_PLACEMENT_3D ( 'NONE', #2977, #4503, #3776 ) ;
#70 = ADVANCED_FACE ( 'NONE', ( #3365 ), #1822, .F. ) ;
#71 = VERTEX_POINT ( 'NONE', #2590 ) ;
#72 = CIRCLE ( 'NONE', #2609, 0.05900000000000010791 ) ;
#73 = VECTOR ( 'NONE', #4527, 39.37007874015748143 ) ;
#74 = ADVANCED_FACE ( 'NONE', ( #414, #26 ), #346, .T. ) ;
#75 = DIRECTION ( 'NONE',  ( 1.000000000000000000, 0.000000000000000000, 0.000000000000000000 ) ) ;
#76 = LINE ( 'NONE', #464, #1540 ) ;
#77 = CARTESIAN_POINT ( 'NONE',  ( 0.000000000000000000, 4.499999999999999112, 2.224999999999993872 ) ) ;
#78 = ORIENTED_EDGE ( 'NONE', *, *, #1523, .F. ) ;
#79 = EDGE_CURVE ( 'NONE', #2109, #184, #814, .T. ) ;
#80 = FACE_OUTER_BOUND ( 'NONE', #679, .T. ) ;
#81 = ADVANCED_FACE ( 'NONE', ( #4458 ), #442, .F. ) ;
#82 = CIRCLE ( 'NONE', #2856, 0.05900000000000005934 ) ;
#83 = ORIENTED_EDGE ( 'NONE', *, *, #2453, .F. ) ;
#84 = CARTESIAN_POINT ( 'NONE',  ( 0.2500000000000000000, 3.649999999999999023, 3.875000000000000000 ) ) ;
#85 = AXIS2_PLACEMENT_3D ( 'NONE', #949, #2421, #1871 ) ;
#86 = ORIENTED_EDGE ( 'NONE', *, *, #4303, .T. ) ;
#87 = CARTESIAN_POINT ( 'NONE',  ( 0.000000000000000000, 7.249999999999999112, 0.000000000000000000 ) ) ;
#88 = DIRECTION ( 'NONE',  ( -1.000000000000000000, -0.000000000000000000, -0.000000000000000000 ) ) ;
#89 = CYLINDRICAL_SURFACE ( 'NONE', #2082, 0.1000000000000000194 ) ;
#90 = EDGE_CURVE ( 'NONE', #1408, #3775, #3515, .T. ) ;
#91 = ORIENTED_EDGE ( 'NONE', *, *, #1353, .T. ) ;
#92 = CYLINDRICAL_SURFACE ( 'NONE', #2689, 0.2499999999999998057 ) ;
#93 = CARTESIAN_POINT ( 'NONE',  ( 0.000000000000000000, 2.999999999999999556, 0.2500000000000000555 ) ) ;
#94 = LINE ( 'NONE', #67, #1084 ) ;
#95 = EDGE_CURVE ( 'NONE', #4120, #3792, #1586, .T. ) ;
#96 = ORIENTED_EDGE ( 'NONE', *, *, #2879, .T. ) ;
#97 = DIRECTION ( 'NONE',  ( 0.000000000000000000, 0.000000000000000000, 1.000000000000000000 ) ) ;
#98 = FACE_BOUND ( 'NONE', #3893, .T. ) ;
#99 = CARTESIAN_POINT ( 'NONE',  ( 0.2500000000000000000, 2.850000000000000533, 2.984908903522902168 ) ) ;
#100 = ORIENTED_EDGE ( 'NONE', *, *, #4713, .F. ) ;
#101 = DIRECTION ( 'NONE',  ( 0.000000000000000000, 0.000000000000000000, 1.000000000000000000 ) ) ;
#102 = EDGE_CURVE ( 'NONE', #739, #2340, #2253, .T. ) ;
#103 = EDGE_LOOP ( 'NONE', ( #4127, #1135, #2857, #1284 ) ) ;
#104 = ADVANCED_FACE ( 'NONE', ( #1454 ), #4480, .F. ) ;
#105 = FACE_BOUND ( 'NONE', #908, .T. ) ;
#106 = DIRECTION ( 'NONE',  ( 0.000000000000000000, 1.000000000000000000, 0.000000000000000000 ) ) ;
#107 = ORIENTED_EDGE ( 'NONE', *, *, #2142, .F. ) ;
#108 = AXIS2_PLACEMENT_3D ( 'NONE', #1672, #4418, #4032 ) ;
#109 = LINE ( 'NONE', #15, #2886 ) ;
#110 = DIRECTION ( 'NONE',  ( 1.000000000000000000, 0.000000000000000000, 0.000000000000000000 ) ) ;
#111 = DIRECTION ( 'NONE',  ( -1.000000000000000000, -0.000000000000000000, -0.000000000000000000 ) ) ;
#112 = ORIENTED_EDGE ( 'NONE', *, *, #1102, .F. ) ;
#113 = CARTESIAN_POINT ( 'NONE',  ( 0.000000000000000000, 4.677714582153210010, 5.881998857807020364 ) ) ;
#114 = AXIS2_PLACEMENT_3D ( 'NONE', #2481, #4613, #647 ) ;
#115 = CARTESIAN_POINT ( 'NONE',  ( 0.1250000000000000000, 4.124999999999999112, 5.633050410571259548 ) ) ;
#116 = AXIS2_PLACEMENT_3D ( 'NONE', #4062, #749, #2250 ) ;
#117 = AXIS2_PLACEMENT_3D ( 'NONE', #3779, #470, #2869 ) ;
#118 = ORIENTED_EDGE ( 'NONE', *, *, #3298, .F. ) ;
#119 = AXIS2_PLACEMENT_3D ( 'NONE', #1844, #6, #3367 ) ;
#120 = DIRECTION ( 'NONE',  ( 0.000000000000000000, 0.000000000000000000, 1.000000000000000000 ) ) ;
#121 = DIRECTION ( 'NONE',  ( 0.000000000000000000, 0.000000000000000000, 1.000000000000000000 ) ) ;
#122 = DIRECTION ( 'NONE',  ( 0.000000000000000000, 0.000000000000000000, -1.000000000000000000 ) ) ;
#123 = ORIENTED_EDGE ( 'NONE', *, *, #3676, .T. ) ;
#124 = LINE ( 'NONE', #920, #1006 ) ;
#125 = CIRCLE ( 'NONE', #1368, 0.1000000000000000194 ) ;
#126 = VERTEX_POINT ( 'NONE', #2949 ) ;
#127 = EDGE_CURVE ( 'NONE', #1756, #752, #3035, .T. ) ;
#128 = DIRECTION ( 'NONE',  ( 0.000000000000000000, 1.000000000000000000, -3.902639990948947455E-17 ) ) ;
#129 = DIRECTION ( 'NONE',  ( 0.000000000000000000, 1.000000000000000000, 0.000000000000000000 ) ) ;
#130 = DIRECTION ( 'NONE',  ( 0.000000000000000000, 0.000000000000000000, -1.000000000000000000 ) ) ;
#131 = ORIENTED_EDGE ( 'NONE', *, *, #1840, .T. ) ;
#132 = EDGE_CURVE ( 'NONE', #758, #1384, #4750, .T. ) ;
#133 = EDGE_CURVE ( 'NONE', #1029, #3890, #2036, .T. ) ;
#134 = CARTESIAN_POINT ( 'NONE',  ( 0.2500000000000000000, 2.999999999999999556, 0.2500000000000000555 ) ) ;
#135 = VERTEX_POINT ( 'NONE', #1093 ) ;
#136 = EDGE_CURVE ( 'NONE', #3106, #135, #4743, .T. ) ;
#137 = EDGE_CURVE ( 'NONE', #2964, #2216, #1841, .T. ) ;
#138 = ORIENTED_EDGE ( 'NONE', *, *, #2346, .F. ) ;
#139 = CARTESIAN_POINT ( 'NONE',  ( 0.1742125984251966242, 4.124999999999999112, 5.633050410571259548 ) ) ;
#140 = FACE_OUTER_BOUND ( 'NONE', #4218, .T. ) ;
#141 = DIRECTION ( 'NONE',  ( 1.000000000000000000, 0.000000000000000000, 0.000000000000000000 ) ) ;
#142 = VECTOR ( 'NONE', #3387, 39.37007874015748143 ) ;
#143 = ORIENTED_EDGE ( 'NONE', *, *, #1817, .T. ) ;
#144 = CARTESIAN_POINT ( 'NONE',  ( 0.2500000000000000000, 2.000000000000000888, 2.499999999999987121 ) ) ;
#145 = DIRECTION ( 'NONE',  ( -1.000000000000000000, -0.000000000000000000, -0.000000000000000000 ) ) ;
#146 = AXIS2_PLACEMENT_3D ( 'NONE', #1866, #3335, #3764 ) ;
#147 = CIRCLE ( 'NONE', #1076, 0.05900000000000010791 ) ;
#148 = CARTESIAN_POINT ( 'NONE',  ( 0.2500393700787401641, 6.762707872179214874, 3.842104857881508462 ) ) ;
#149 = ORIENTED_EDGE ( 'NONE', *, *, #2701, .F. ) ;
#150 = LINE ( 'NONE', #3479, #3316 ) ;
#151 = VERTEX_POINT ( 'NONE', #2749 ) ;
#152 = CC_DESIGN_APPROVAL ( #4534, ( #4091 ) ) ;
#153 = AXIS2_PLACEMENT_3D ( 'NONE', #221, #3942, #4673 ) ;
#154 = FACE_BOUND ( 'NONE', #2917, .T. ) ;
#155 = CARTESIAN_POINT ( 'NONE',  ( 0.2500000000000000000, 5.499999999999997335, 2.984908903522902612 ) ) ;
#156 = DIRECTION ( 'NONE',  ( -0.000000000000000000, -0.000000000000000000, 1.000000000000000000 ) ) ;
#157 = CARTESIAN_POINT ( 'NONE',  ( 0.000000000000000000, 4.626760563380264202, 3.556615990473975586 ) ) ;
#158 = ORIENTED_EDGE ( 'NONE', *, *, #1376, .T. ) ;
#159 = CIRCLE ( 'NONE', #3939, 0.09999999999999975575 ) ;
#160 = AXIS2_PLACEMENT_3D ( 'NONE', #4444, #3662, #1059 ) ;
#161 = DIRECTION ( 'NONE',  ( -1.000000000000000000, 0.000000000000000000, 0.000000000000000000 ) ) ;
#162 = EDGE_LOOP ( 'NONE', ( #3105, #2521, #2334, #1783, #1412, #3511 ) ) ;
#163 = EDGE_CURVE ( 'NONE', #1918, #2964, #264, .T. ) ;
#164 = EDGE_CURVE ( 'NONE', #2104, #4407, #824, .T. ) ;
#165 = EDGE_CURVE ( 'NONE', #3427, #2109, #2677, .T. ) ;
#166 = ORIENTED_EDGE ( 'NONE', *, *, #2847, .T. ) ;
#167 = CARTESIAN_POINT ( 'NONE',  ( 0.2500000000000000000, 3.749999999999998668, 2.294281086116925827 ) ) ;
#168 = ADVANCED_FACE ( 'NONE', ( #3815 ), #506, .F. ) ;
#169 = DIRECTION ( 'NONE',  ( 0.000000000000000000, 0.000000000000000000, 1.000000000000000000 ) ) ;
#170 = DIRECTION ( 'NONE',  ( 0.000000000000000000, -0.2873478855663465503, -0.9578262852211510969 ) ) ;
#171 = ORIENTED_EDGE ( 'NONE', *, *, #259, .F. ) ;
#172 = DIRECTION ( 'NONE',  ( -1.000000000000000000, -0.000000000000000000, -0.000000000000000000 ) ) ;
#173 = CARTESIAN_POINT ( 'NONE',  ( 0.000000000000000000, 5.399999999999997691, 0.5150910964771503453 ) ) ;
#174 = LINE ( 'NONE', #1648, #3602 ) ;
#175 = ORIENTED_EDGE ( 'NONE', *, *, #2477, .F. ) ;
#176 = DIRECTION ( 'NONE',  ( 0.000000000000000000, 1.000000000000000000, 0.000000000000000000 ) ) ;
#177 = ORIENTED_EDGE ( 'NONE', *, *, #3522, .T. ) ;
#178 = FACE_BOUND ( 'NONE', #2883, .T. ) ;
#179 = CARTESIAN_POINT ( 'NONE',  ( 0.2500000000000000000, 1.000000000000001110, 0.000000000000000000 ) ) ;
#180 = DIRECTION ( 'NONE',  ( 0.000000000000000000, 0.000000000000000000, 1.000000000000000000 ) ) ;
#181 = DIRECTION ( 'NONE',  ( -1.000000000000000000, 0.000000000000000000, 0.000000000000000000 ) ) ;
#182 = ORIENTED_EDGE ( 'NONE', *, *, #3770, .F. ) ;
#183 = DIRECTION ( 'NONE',  ( 0.000000000000000000, 0.000000000000000000, 1.000000000000000000 ) ) ;
#184 = VERTEX_POINT ( 'NONE', #4157 ) ;
#185 = AXIS2_PLACEMENT_3D ( 'NONE', #3794, #1251, #482 ) ;
#186 = AXIS2_PLACEMENT_3D ( 'NONE', #1881, #1178, #1130 ) ;
#187 = ORIENTED_EDGE ( 'NONE', *, *, #1292, .F. ) ;
#188 = LINE ( 'NONE', #3864, #1998 ) ;
#189 = DIRECTION ( 'NONE',  ( 0.000000000000000000, 0.000000000000000000, 1.000000000000000000 ) ) ;
#190 = CYLINDRICAL_SURFACE ( 'NONE', #2934, 0.05899999999999683276 ) ;
#191 = ORIENTED_EDGE ( 'NONE', *, *, #2672, .T. ) ;
#192 = AXIS2_PLACEMENT_3D ( 'NONE', #4736, #4786, #3661 ) ;
#193 = CARTESIAN_POINT ( 'NONE',  ( 0.000000000000000000, 1.865596934910894289, 3.399999999999998579 ) ) ;
#194 = LINE ( 'NONE', #4204, #4396 ) ;
#195 = VECTOR ( 'NONE', #1397, 39.37007874015748143 ) ;
#196 = CARTESIAN_POINT ( 'NONE',  ( 0.2500000000000000000, 5.679999999999999716, 2.499999999999986233 ) ) ;
#197 = ORIENTED_EDGE ( 'NONE', *, *, #997, .T. ) ;
#198 = DIRECTION ( 'NONE',  ( 0.000000000000000000, 0.000000000000000000, 1.000000000000000000 ) ) ;
#199 = EDGE_CURVE ( 'NONE', #2862, #280, #1188, .T. ) ;
#200 = AXIS2_PLACEMENT_3D ( 'NONE', #3436, #854, #1965 ) ;
#201 = ORIENTED_EDGE ( 'NONE', *, *, #4541, .F. ) ;
#202 = AXIS2_PLACEMENT_3D ( 'NONE', #348, #52, #1168 ) ;
#203 = ORIENTED_EDGE ( 'NONE', *, *, #2120, .T. ) ;
#204 = CARTESIAN_POINT ( 'NONE',  ( 0.2500000000000000000, 1.125000000000001776, 3.434000000000000163 ) ) ;
#205 = DIRECTION ( 'NONE',  ( 1.000000000000000000, 0.000000000000000000, 0.000000000000000000 ) ) ;
#206 = LINE ( 'NONE', #1241, #3594 ) ;
#207 = CARTESIAN_POINT ( 'NONE',  ( 0.2500000000000000000, 1.125000000000001776, 3.375000000000000000 ) ) ;
#208 = ORIENTED_EDGE ( 'NONE', *, *, #1850, .T. ) ;
#209 = FACE_OUTER_BOUND ( 'NONE', #3996, .T. ) ;
#210 = VECTOR ( 'NONE', #2179, 39.37007874015748143 ) ;
#211 = DIRECTION ( 'NONE',  ( -1.000000000000000000, -0.000000000000000000, -0.000000000000000000 ) ) ;
#212 = ORIENTED_EDGE ( 'NONE', *, *, #1106, .F. ) ;
#213 = ORIENTED_EDGE ( 'NONE', *, *, #3185, .T. ) ;
#214 = FACE_OUTER_BOUND ( 'NONE', #3339, .T. ) ;
#215 = CARTESIAN_POINT ( 'NONE',  ( 0.2500000000000000000, 4.301068336902801548, 6.383050410571259548 ) ) ;
#216 = EDGE_LOOP ( 'NONE', ( #4674, #604, #2909, #96 ) ) ;
#217 = CARTESIAN_POINT ( 'NONE',  ( 0.2500000000000000000, 4.599999999999999645, 5.919066801422759205 ) ) ;
#218 = CARTESIAN_POINT ( 'NONE',  ( 0.2500000000000000000, 4.626760563380264202, 3.556615990473975586 ) ) ;
#219 = VECTOR ( 'NONE', #590, 39.37007874015748143 ) ;
#220 = VERTEX_POINT ( 'NONE', #2323 ) ;
#221 = CARTESIAN_POINT ( 'NONE',  ( 0.2500000000000000000, 3.649999999999999467, 3.975000000000000089 ) ) ;
#222 = EDGE_CURVE ( 'NONE', #2361, #4447, #4523, .T. ) ;
#223 = ORIENTED_EDGE ( 'NONE', *, *, #2171, .F. ) ;
#224 = EDGE_CURVE ( 'NONE', #3253, #1573, #416, .T. ) ;
#225 = ORIENTED_EDGE ( 'NONE', *, *, #2171, .T. ) ;
#226 = CIRCLE ( 'NONE', #2613, 0.1000000000000005745 ) ;
#227 = ORIENTED_EDGE ( 'NONE', *, *, #1732, .F. ) ;
#228 = CARTESIAN_POINT ( 'NONE',  ( 0.2500000000000000000, 1.625000000000000888, 0.1250000000000000000 ) ) ;
#229 = CARTESIAN_POINT ( 'NONE',  ( 0.2500000000000000000, 7.124999999999999112, 0.1249999999999999029 ) ) ;
#230 = DIRECTION ( 'NONE',  ( -1.000000000000000000, -0.000000000000000000, -0.000000000000000000 ) ) ;
#231 = ORIENTED_EDGE ( 'NONE', *, *, #1640, .T. ) ;
#232 = ADVANCED_FACE ( 'NONE', ( #1957 ), #847, .F. ) ;
#233 = CARTESIAN_POINT ( 'NONE',  ( 0.000000000000000000, 3.754999999999853788, 2.575000000000124079 ) ) ;
#234 = VECTOR ( 'NONE', #1182, 39.37007874015748143 ) ;
#235 = CIRCLE ( 'NONE', #4089, 0.06102362000000141617 ) ;
#236 = CIRCLE ( 'NONE', #2623, 0.05900000000000010791 ) ;
#237 = DIRECTION ( 'NONE',  ( 0.000000000000000000, 0.000000000000000000, 1.000000000000000000 ) ) ;
#238 = ORIENTED_EDGE ( 'NONE', *, *, #4302, .F. ) ;
#239 = ADVANCED_FACE ( 'NONE', ( #1232 ), #3065, .F. ) ;
#240 = CIRCLE ( 'NONE', #700, 0.06102362000000141617 ) ;
#241 = VERTEX_POINT ( 'NONE', #1622 ) ;
#242 = DATE_AND_TIME ( #2599, #2849 ) ;
#243 = DIRECTION ( 'NONE',  ( 1.000000000000000000, -0.000000000000000000, -0.000000000000000000 ) ) ;
#244 = CYLINDRICAL_SURFACE ( 'NONE', #544, 0.05900000000000005934 ) ;
#245 = EDGE_CURVE ( 'NONE', #660, #3985, #4586, .T. ) ;
#246 = ORIENTED_EDGE ( 'NONE', *, *, #4102, .T. ) ;
#247 = CARTESIAN_POINT ( 'NONE',  ( 0.1250000000000000000, 4.124999999999999112, 6.633050410571259548 ) ) ;
#248 = LINE ( 'NONE', #2826, #2981 ) ;
#249 = EDGE_CURVE ( 'NONE', #2278, #719, #3733, .T. ) ;
#250 = DIRECTION ( 'NONE',  ( -1.000000000000000000, 0.000000000000000000, 0.000000000000000000 ) ) ;
#251 = ORIENTED_EDGE ( 'NONE', *, *, #596, .T. ) ;
#252 = ORIENTED_EDGE ( 'NONE', *, *, #459, .F. ) ;
#253 = ORIENTED_EDGE ( 'NONE', *, *, #3854, .F. ) ;
#254 = LINE ( 'NONE', #27, #2229 ) ;
#255 = CARTESIAN_POINT ( 'NONE',  ( 0.000000000000000000, 1.529217371477884502, 2.469275428407054385 ) ) ;
#256 = FACE_OUTER_BOUND ( 'NONE', #4757, .T. ) ;
#257 = ORIENTED_EDGE ( 'NONE', *, *, #452, .T. ) ;
#258 = DIRECTION ( 'NONE',  ( 1.000000000000000000, 0.000000000000000000, 0.000000000000000000 ) ) ;
#259 = EDGE_CURVE ( 'NONE', #2686, #151, #3475, .T. ) ;
#260 = CARTESIAN_POINT ( 'NONE',  ( 0.2500000000000000000, 4.125000000000000000, 1.750000000000000000 ) ) ;
#261 = VERTEX_POINT ( 'NONE', #2394 ) ;
#262 = EDGE_CURVE ( 'NONE', #3234, #3345, #2116, .T. ) ;
#263 = ORIENTED_EDGE ( 'NONE', *, *, #2435, .T. ) ;
#264 = CIRCLE ( 'NONE', #185, 0.09999999999999975575 ) ;
#265 = PERSON_AND_ORGANIZATION ( #270, #3620 ) ;
#266 = LINE ( 'NONE', #4716, #430 ) ;
#267 = CARTESIAN_POINT ( 'NONE',  ( 0.000000000000000000, 1.125000000000000666, 0.06600000000000003086 ) ) ;
#268 = AXIS2_PLACEMENT_3D ( 'NONE', #4464, #2620, #10 ) ;
#269 = EDGE_LOOP ( 'NONE', ( #4357, #2923, #1688, #1477 ) ) ;
#270 = PERSON ( 'UNSPECIFIED', 'UNSPECIFIED', 'UNSPECIFIED', ('UNSPECIFIED'), ('UNSPECIFIED'), ('UNSPECIFIED') ) ;
#271 = DIRECTION ( 'NONE',  ( 1.000000000000000000, 0.000000000000000000, 0.000000000000000000 ) ) ;
#272 = DIRECTION ( 'NONE',  ( 1.000000000000000000, 0.000000000000000000, 0.000000000000000000 ) ) ;
#273 = DIRECTION ( 'NONE',  ( 0.000000000000000000, -0.9578262852211510969, -0.2873478855663466058 ) ) ;
#274 = ORIENTED_EDGE ( 'NONE', *, *, #2143, .F. ) ;
#275 = VERTEX_POINT ( 'NONE', #3868 ) ;
#276 = ORIENTED_EDGE ( 'NONE', *, *, #2666, .T. ) ;
#277 = CARTESIAN_POINT ( 'NONE',  ( 0.2500000000000000000, 4.494999999999854445, 2.675000000000123723 ) ) ;
#278 = CARTESIAN_POINT ( 'NONE',  ( 0.2500000000000000000, 2.078988887027202637, 4.037932056384262225 ) ) ;
#279 = DIRECTION ( 'NONE',  ( -1.000000000000000000, -0.000000000000000000, -0.000000000000000000 ) ) ;
#280 = VERTEX_POINT ( 'NONE', #4203 ) ;
#282 = AXIS2_PLACEMENT_3D ( 'NONE', #4443, #2577, #1786 ) ;
#281 = CARTESIAN_POINT ( 'NONE',  ( 0.000000000000000000, 4.499999999999996447, 1.100480947161670109 ) ) ;
#283 = AXIS2_PLACEMENT_3D ( 'NONE', #390, #411, #1867 ) ;
#284 = EDGE_CURVE ( 'NONE', #856, #2361, #1277, .T. ) ;
#285 = AXIS2_PLACEMENT_3D ( 'NONE', #4129, #437, #4567 ) ;
#286 = DIRECTION ( 'NONE',  ( 0.000000000000000000, 0.000000000000000000, 1.000000000000000000 ) ) ;
#287 = ORIENTED_EDGE ( 'NONE', *, *, #3974, .F. ) ;
#288 = AXIS2_PLACEMENT_3D ( 'NONE', #1960, #894, #534 ) ;
#289 = EDGE_CURVE ( 'NONE', #4422, #1521, #1806, .T. ) ;
#290 = VERTEX_POINT ( 'NONE', #892 ) ;
#291 = CARTESIAN_POINT ( 'NONE',  ( 0.2500000000000000000, 5.499999999999997335, 0.5150910964771501233 ) ) ;
#292 = APPROVAL_DATE_TIME ( #1374, #4688 ) ;
#293 = FACE_OUTER_BOUND ( 'NONE', #4227, .T. ) ;
#294 = EDGE_CURVE ( 'NONE', #2511, #2730, #3020, .T. ) ;
#295 = DIRECTION ( 'NONE',  ( -1.000000000000000000, -0.000000000000000000, -0.000000000000000000 ) ) ;
#296 = EDGE_CURVE ( 'NONE', #4670, #3268, #2339, .T. ) ;
#297 = EDGE_LOOP ( 'NONE', ( #4108, #1651, #2627, #1496 ) ) ;
#298 = CARTESIAN_POINT ( 'NONE',  ( 0.000000000000000000, 1.384403065089106155, 3.399999999999998579 ) ) ;
#299 = DIRECTION ( 'NONE',  ( 0.000000000000000000, 0.000000000000000000, -1.000000000000000000 ) ) ;
#300 = CARTESIAN_POINT ( 'NONE',  ( 0.2500000000000000000, 3.649999999999990141, 3.460263137648704301 ) ) ;
#301 = VERTEX_POINT ( 'NONE', #4715 ) ;
#302 = VERTEX_POINT ( 'NONE', #4620 ) ;
#303 = EDGE_LOOP ( 'NONE', ( #274, #1330, #3451, #2673 ) ) ;
#304 = LINE ( 'NONE', #1364, #1781 ) ;
#305 = AXIS2_PLACEMENT_3D ( 'NONE', #3153, #4191, #952 ) ;
#306 = DIRECTION ( 'NONE',  ( 0.000000000000000000, 0.000000000000000000, 1.000000000000000000 ) ) ;
#307 = CYLINDRICAL_SURFACE ( 'NONE', #1276, 0.09999999999999975575 ) ;
#308 = EDGE_LOOP ( 'NONE', ( #618, #1608, #2518, #1590, #953, #1116, #1301, #4705, #2383 ) ) ;
#309 = CARTESIAN_POINT ( 'NONE',  ( 0.000000000000000000, 3.749999999999999556, 3.975000000000000533 ) ) ;
#310 = AXIS2_PLACEMENT_3D ( 'NONE', #798, #3726, #2273 ) ;
#311 = VECTOR ( 'NONE', #21, 39.37007874015748143 ) ;
#312 = ORIENTED_EDGE ( 'NONE', *, *, #2526, .F. ) ;
#313 = AXIS2_PLACEMENT_3D ( 'NONE', #815, #3902, #1950 ) ;
#314 = CARTESIAN_POINT ( 'NONE',  ( 0.000000000000000000, 1.487292127820782683, 3.903128477881510072 ) ) ;
#315 = DIRECTION ( 'NONE',  ( 0.000000000000000000, 3.130716044161714238E-15, 1.000000000000000000 ) ) ;
#316 = EDGE_CURVE ( 'NONE', #3282, #3098, #1302, .T. ) ;
#317 = DIRECTION ( 'NONE',  ( 0.000000000000000000, 0.000000000000000000, -1.000000000000000000 ) ) ;
#318 = AXIS2_PLACEMENT_3D ( 'NONE', #3912, #3888, #2436 ) ;
#319 = EDGE_CURVE ( 'NONE', #2547, #1620, #2420, .T. ) ;
#320 = ADVANCED_FACE ( 'NONE', ( #3596 ), #358, .T. ) ;
#321 = ORIENTED_EDGE ( 'NONE', *, *, #3147, .T. ) ;
#322 = VERTEX_POINT ( 'NONE', #3956 ) ;
#323 = DIRECTION ( 'NONE',  ( -1.000000000000000000, -0.000000000000000000, -0.000000000000000000 ) ) ;
#324 = DIRECTION ( 'NONE',  ( -1.000000000000000000, -0.000000000000000000, -0.000000000000000000 ) ) ;
#325 = DIRECTION ( 'NONE',  ( 1.000000000000000000, 0.000000000000000000, 0.000000000000000000 ) ) ;
#326 = ORIENTED_EDGE ( 'NONE', *, *, #2346, .T. ) ;
#327 = VERTEX_POINT ( 'NONE', #291 ) ;
#328 = VERTEX_POINT ( 'NONE', #1080 ) ;
#329 = DIRECTION ( 'NONE',  ( -1.000000000000000000, -0.000000000000000000, -0.000000000000000000 ) ) ;
#330 = CARTESIAN_POINT ( 'NONE',  ( 0.2500000000000000000, 1.865596934910894289, 3.399999999999998579 ) ) ;
#331 = ORIENTED_EDGE ( 'NONE', *, *, #1171, .T. ) ;
#332 = DIRECTION ( 'NONE',  ( 0.000000000000000000, -1.000000000000000000, 1.577254715120068969E-14 ) ) ;
#333 = EDGE_LOOP ( 'NONE', ( #2765, #3076, #227, #4304 ) ) ;
#334 = DIRECTION ( 'NONE',  ( -1.000000000000000000, -0.000000000000000000, -0.000000000000000000 ) ) ;
#335 = DIRECTION ( 'NONE',  ( -1.000000000000000000, -0.000000000000000000, -0.000000000000000000 ) ) ;
#336 = DIRECTION ( 'NONE',  ( 0.000000000000000000, 0.000000000000000000, 1.000000000000000000 ) ) ;
#337 = ORIENTED_EDGE ( 'NONE', *, *, #2824, .F. ) ;
#338 = VERTEX_POINT ( 'NONE', #1057 ) ;
#339 = FACE_OUTER_BOUND ( 'NONE', #782, .T. ) ;
#340 = FACE_OUTER_BOUND ( 'NONE', #732, .T. ) ;
#341 = FACE_OUTER_BOUND ( 'NONE', #366, .T. ) ;
#342 = VECTOR ( 'NONE', #2191, 39.37007874015748143 ) ;
#343 = EDGE_CURVE ( 'NONE', #327, #4259, #4353, .T. ) ;
#344 = ORIENTED_EDGE ( 'NONE', *, *, #3738, .T. ) ;
#345 = VERTEX_POINT ( 'NONE', #2939 ) ;
#346 = PLANE ( 'NONE',  #3667 ) ;
#347 = DIRECTION ( 'NONE',  ( 0.000000000000000000, 0.000000000000000000, 1.000000000000000000 ) ) ;
#348 = CARTESIAN_POINT ( 'NONE',  ( 0.000000000000000000, 7.124999999999999112, 3.375000000000000000 ) ) ;
#349 = ORIENTED_EDGE ( 'NONE', *, *, #776, .F. ) ;
#350 = EDGE_CURVE ( 'NONE', #535, #4447, #3660, .T. ) ;
#351 = DIRECTION ( 'NONE',  ( 1.000000000000000000, 0.000000000000000000, 0.000000000000000000 ) ) ;
#352 = EDGE_CURVE ( 'NONE', #624, #2716, #725, .T. ) ;
#353 = CARTESIAN_POINT ( 'NONE',  ( 0.2500000000000000000, 1.125000000000000666, 0.1839999999999999691 ) ) ;
#354 = CIRCLE ( 'NONE', #2127, 0.1000000000000000194 ) ;
#355 = CIRCLE ( 'NONE', #1514, 1.875000000000000444 ) ;
#356 = ORIENTED_EDGE ( 'NONE', *, *, #2307, .T. ) ;
#357 = CIRCLE ( 'NONE', #3050, 0.04999999999999973910 ) ;
#358 = PLANE ( 'NONE',  #3276 ) ;
#359 = CARTESIAN_POINT ( 'NONE',  ( 0.2500000000000000000, 4.599999999999999645, 2.224999999999993872 ) ) ;
#360 = DIRECTION ( 'NONE',  ( 0.000000000000000000, 0.000000000000000000, -1.000000000000000000 ) ) ;
#361 = CIRCLE ( 'NONE', #2665, 0.1000000000000000194 ) ;
#362 = VERTEX_POINT ( 'NONE', #4323 ) ;
#363 = ORIENTED_EDGE ( 'NONE', *, *, #2696, .T. ) ;
#364 = CARTESIAN_POINT ( 'NONE',  ( 0.2500000000000000000, 3.649999999999995914, 1.375000000000000000 ) ) ;
#365 = LINE ( 'NONE', #1528, #391 ) ;
#366 = EDGE_LOOP ( 'NONE', ( #2000, #2952, #326, #3111 ) ) ;
#367 = EDGE_LOOP ( 'NONE', ( #2070, #2495 ) ) ;
#368 = CARTESIAN_POINT ( 'NONE',  ( 0.2500000000000000000, 5.679999999999999716, 2.499999999999986233 ) ) ;
#369 = FACE_BOUND ( 'NONE', #3763, .T. ) ;
#370 = DIRECTION ( 'NONE',  ( 0.000000000000000000, 0.2873478855663465503, -0.9578262852211509859 ) ) ;
#371 = ORIENTED_EDGE ( 'NONE', *, *, #3943, .F. ) ;
#372 = CARTESIAN_POINT ( 'NONE',  ( 0.2500000000000000000, 2.750000000000003109, 0.5150910964771503453 ) ) ;
#373 = EDGE_CURVE ( 'NONE', #3561, #4753, #2912, .T. ) ;
#374 = ADVANCED_FACE ( 'NONE', ( #697 ), #2576, .F. ) ;
#375 = ORIENTED_EDGE ( 'NONE', *, *, #1992, .F. ) ;
#376 = DIRECTION ( 'NONE',  ( -1.000000000000000000, -0.000000000000000000, -0.000000000000000000 ) ) ;
#377 = DIRECTION ( 'NONE',  ( 1.000000000000000000, 0.000000000000000000, 0.000000000000000000 ) ) ;
#378 = EDGE_LOOP ( 'NONE', ( #3553, #586, #4732, #2902 ) ) ;
#379 = CIRCLE ( 'NONE', #1770, 0.5000000000000006661 ) ;
#380 = APPROVAL_PERSON_ORGANIZATION ( #265, #3026, #3597 ) ;
#381 = VECTOR ( 'NONE', #4484, 39.37007874015748143 ) ;
#382 = LINE ( 'NONE', #4536, #3114 ) ;
#383 = DIRECTION ( 'NONE',  ( 1.000000000000000000, 0.000000000000000000, 0.000000000000000000 ) ) ;
#384 = CARTESIAN_POINT ( 'NONE',  ( 0.2500000000000000000, 1.865596934910894289, 3.399999999999998579 ) ) ;
#385 = PRODUCT_DEFINITION_FORMATION_WITH_SPECIFIED_SOURCE ( 'ANY', '', #981, .NOT_KNOWN. ) ;
#386 = CIRCLE ( 'NONE', #2549, 0.5000000000000006661 ) ;
#387 = ORIENTED_EDGE ( 'NONE', *, *, #3623, .F. ) ;
#388 = ORIENTED_EDGE ( 'NONE', *, *, #2103, .T. ) ;
#389 = FACE_OUTER_BOUND ( 'NONE', #3614, .T. ) ;
#390 = CARTESIAN_POINT ( 'NONE',  ( 0.000000000000000000, 2.570000000000001172, 2.499999999999986233 ) ) ;
#391 = VECTOR ( 'NONE', #2608, 39.37007874015748143 ) ;
#392 = CYLINDRICAL_SURFACE ( 'NONE', #1549, 0.05900000000000010791 ) ;
#393 = ORIENTED_EDGE ( 'NONE', *, *, #671, .T. ) ;
#394 = VECTOR ( 'NONE', #1419, 39.37007874015748143 ) ;
#395 = ORIENTED_EDGE ( 'NONE', *, *, #262, .F. ) ;
#396 = LINE ( 'NONE', #3725, #1934 ) ;
#397 = FACE_BOUND ( 'NONE', #3196, .T. ) ;
#398 = FACE_OUTER_BOUND ( 'NONE', #3741, .T. ) ;
#399 = VERTEX_POINT ( 'NONE', #3302 ) ;
#400 = LINE ( 'NONE', #1875, #4555 ) ;
#401 = EDGE_LOOP ( 'NONE', ( #493, #2887 ) ) ;
#402 = DIRECTION ( 'NONE',  ( -1.000000000000000000, -0.000000000000000000, -0.000000000000000000 ) ) ;
#403 = ORIENTED_EDGE ( 'NONE', *, *, #1022, .F. ) ;
#404 = DIRECTION ( 'NONE',  ( 0.000000000000000000, -1.082897341793066155E-14, 1.000000000000000000 ) ) ;
#405 = CARTESIAN_POINT ( 'NONE',  ( 0.2500000000000000000, 2.999999999999999556, 0.2500000000000000555 ) ) ;
#406 = CARTESIAN_POINT ( 'NONE',  ( 0.000000000000000000, 3.948931663097198452, 6.383050410571259548 ) ) ;
#407 = EDGE_CURVE ( 'NONE', #3985, #752, #2484, .T. ) ;
#408 = ORIENTED_EDGE ( 'NONE', *, *, #4170, .T. ) ;
#409 = VERTEX_POINT ( 'NONE', #1103 ) ;
#410 = CARTESIAN_POINT ( 'NONE',  ( 0.2500000000000000000, 2.850000000000002309, 1.274999999999986811 ) ) ;
#411 = DIRECTION ( 'NONE',  ( -1.000000000000000000, 0.000000000000000000, 0.000000000000000000 ) ) ;
#412 = LINE ( 'NONE', #2630, #210 ) ;
#413 = ORIENTED_EDGE ( 'NONE', *, *, #3978, .T. ) ;
#414 = FACE_BOUND ( 'NONE', #4626, .T. ) ;
#415 = FACE_BOUND ( 'NONE', #3844, .T. ) ;
#416 = CIRCLE ( 'NONE', #4121, 0.04921259842519662420 ) ;
#417 = DIRECTION ( 'NONE',  ( -1.000000000000000000, -0.000000000000000000, -0.000000000000000000 ) ) ;
#418 = ORIENTED_EDGE ( 'NONE', *, *, #3418, .F. ) ;
#419 = CARTESIAN_POINT ( 'NONE',  ( 0.2500000000000000000, 6.384403065089104601, 3.299999999999999822 ) ) ;
#420 = ORIENTED_EDGE ( 'NONE', *, *, #3860, .T. ) ;
#421 = AXIS2_PLACEMENT_3D ( 'NONE', #4080, #3056, #2624 ) ;
#422 = CARTESIAN_POINT ( 'NONE',  ( 0.2500000000000000000, 3.749999999999992450, 0.3499999999999995892 ) ) ;
#423 = ORIENTED_EDGE ( 'NONE', *, *, #1288, .T. ) ;
#424 = EDGE_CURVE ( 'NONE', #2982, #2837, #4785, .T. ) ;
#425 = CIRCLE ( 'NONE', #2046, 0.2499999999999998057 ) ;
#426 = VECTOR ( 'NONE', #1248, 39.37007874015748143 ) ;
#427 = LINE ( 'NONE', #3687, #654 ) ;
#428 = DIRECTION ( 'NONE',  ( 1.000000000000000000, 0.000000000000000000, 0.000000000000000000 ) ) ;
#429 = CYLINDRICAL_SURFACE ( 'NONE', #4476, 0.7581413655442191812 ) ;
#430 = VECTOR ( 'NONE', #2101, 39.37007874015748143 ) ;
#431 = EDGE_CURVE ( 'NONE', #3699, #3851, #495, .T. ) ;
#432 = EDGE_CURVE ( 'NONE', #1708, #3289, #1959, .T. ) ;
#433 = ORIENTED_EDGE ( 'NONE', *, *, #3360, .F. ) ;
#434 = EDGE_CURVE ( 'NONE', #648, #1408, #676, .T. ) ;
#435 = CARTESIAN_POINT ( 'NONE',  ( 0.2500000000000000000, 6.624999999999999112, 0.06599999999999889289 ) ) ;
#436 = VECTOR ( 'NONE', #2206, 39.37007874015748143 ) ;
#437 = DIRECTION ( 'NONE',  ( 1.000000000000000000, 0.000000000000000000, 0.000000000000000000 ) ) ;
#438 = EDGE_CURVE ( 'NONE', #1071, #1819, #489, .T. ) ;
#439 = DIRECTION ( 'NONE',  ( 0.000000000000000000, 0.000000000000000000, -1.000000000000000000 ) ) ;
#440 = VECTOR ( 'NONE', #1917, 39.37007874015748143 ) ;
#441 = EDGE_LOOP ( 'NONE', ( #3169, #3873, #2948, #4183 ) ) ;
#442 = CYLINDRICAL_SURFACE ( 'NONE', #740, 0.09999999999999947820 ) ;
#443 = FACE_BOUND ( 'NONE', #1956, .T. ) ;
#444 = FACE_OUTER_BOUND ( 'NONE', #1123, .T. ) ;
#445 = VERTEX_POINT ( 'NONE', #1417 ) ;
#446 = DIRECTION ( 'NONE',  ( -1.000000000000000000, -0.000000000000000000, -0.000000000000000000 ) ) ;
#447 = EDGE_LOOP ( 'NONE', ( #792, #2252, #2737, #3148 ) ) ;
#448 = LINE ( 'NONE', #1851, #4758 ) ;
#449 = ORIENTED_EDGE ( 'NONE', *, *, #2264, .F. ) ;
#450 = DIRECTION ( 'NONE',  ( 0.000000000000000000, 0.000000000000000000, 1.000000000000000000 ) ) ;
#451 = CARTESIAN_POINT ( 'NONE',  ( 0.2500000000000000000, 6.384403065089105489, 3.399999999999999911 ) ) ;
#452 = EDGE_CURVE ( 'NONE', #2812, #648, #3110, .T. ) ;
#453 = CARTESIAN_POINT ( 'NONE',  ( 0.2500000000000000000, 6.384403065089105489, 3.399999999999999911 ) ) ;
#454 = VECTOR ( 'NONE', #3408, 39.37007874015748143 ) ;
#455 = ORIENTED_EDGE ( 'NONE', *, *, #289, .T. ) ;
#456 = ADVANCED_FACE ( 'NONE', ( #1807 ), #3278, .T. ) ;
#457 = CARTESIAN_POINT ( 'NONE',  ( 0.2500000000000000000, 2.850000000000002753, 0.5150910964771503453 ) ) ;
#458 = DIRECTION ( 'NONE',  ( -1.000000000000000000, 0.000000000000000000, 0.000000000000000000 ) ) ;
#459 = EDGE_CURVE ( 'NONE', #301, #1773, #832, .T. ) ;
#460 = DIRECTION ( 'NONE',  ( -1.000000000000000000, -0.000000000000000000, -0.000000000000000000 ) ) ;
#461 = AXIS2_PLACEMENT_3D ( 'NONE', #3400, #1686, #565 ) ;
#462 = ORIENTED_EDGE ( 'NONE', *, *, #407, .T. ) ;
#463 = DIRECTION ( 'NONE',  ( 0.000000000000000000, 1.000000000000000000, 4.728198450572700078E-16 ) ) ;
#464 = CARTESIAN_POINT ( 'NONE',  ( 0.2500000000000000000, 6.249999999999999112, 2.440999999999990511 ) ) ;
#465 = FACE_OUTER_BOUND ( 'NONE', #3417, .T. ) ;
#466 = VERTEX_POINT ( 'NONE', #2601 ) ;
#467 = CARTESIAN_POINT ( 'NONE',  ( 0.2500000000000000000, 2.850000000000004086, 2.124999999999987121 ) ) ;
#468 = CIRCLE ( 'NONE', #2246, 0.09999999999999975575 ) ;
#469 = ORIENTED_EDGE ( 'NONE', *, *, #3528, .F. ) ;
#470 = DIRECTION ( 'NONE',  ( 1.000000000000000000, 0.000000000000000000, 0.000000000000000000 ) ) ;
#471 = CLOSED_SHELL ( 'NONE', ( #4720, #3300, #632, #645, #70, #2621, #2173, #2355, #864, #3412, #4449, #644, #3048, #2527, #3702, #3085, #4185, #1935, #3348, #4100, #1115, #168, #2064, #1322, #1880, #2441, #809, #4245, #2490, #4073, #2376, #646, #2480, #3001, #1969, #808, #3304, #3174, #4488, #703, #3659, #4522, #3714, #1343, #3675, #1706, #1464, #491, #4385, #924, #788, #3415, #1505, #3793, #1440, #3569, #3808, #3168, #3208, #1079, #320, #1857, #4389, #3882, #2969, #4746, #3857, #3568, #1810, #2175, #960, #4365, #1436, #4535, #1559, #4568, #1577, #1140, #1997, #760, #1274, #232, #1642, #4427, #4661, #873, #3861, #935, #4660, #74, #2062, #3498, #1351, #4035, #2338, #2801, #3444, #2937, #932, #3118, #374, #1438, #4209, #4002, #3215, #3210, #1172, #3029, #4510, #1963, #2724, #3564, #81, #1795, #2199, #456, #4725, #2810, #4239, #2692, #3311, #1378, #4008, #239, #4064, #104, #2728, #480, #3025, #988, #1493, #1020, #2788, #3791, #2088, #2986 ) ) ;
#472 = EDGE_LOOP ( 'NONE', ( #4223, #1388 ) ) ;
#473 = LINE ( 'NONE', #1859, #3501 ) ;
#474 = DIRECTION ( 'NONE',  ( 0.000000000000000000, 0.2873478855663463283, -0.9578262852211510969 ) ) ;
#475 = DIRECTION ( 'NONE',  ( 0.000000000000000000, 1.000000000000000000, 0.000000000000000000 ) ) ;
#476 = ORIENTED_EDGE ( 'NONE', *, *, #2877, .T. ) ;
#477 = LINE ( 'NONE', #938, #1229 ) ;
#478 = CARTESIAN_POINT ( 'NONE',  ( 0.2500000000000000000, 4.125000000000042633, 1.749999999999786837 ) ) ;
#479 = CYLINDRICAL_SURFACE ( 'NONE', #1621, 0.05900000000000010791 ) ;
#480 = ADVANCED_FACE ( 'NONE', ( #1517 ), #1489, .F. ) ;
#481 = EDGE_LOOP ( 'NONE', ( #1985, #2260, #4507, #3559 ) ) ;
#482 = DIRECTION ( 'NONE',  ( 0.000000000000000000, 0.000000000000000000, -1.000000000000000000 ) ) ;
#483 = DIRECTION ( 'NONE',  ( -1.000000000000000000, -0.000000000000000000, -0.000000000000000000 ) ) ;
#484 = CARTESIAN_POINT ( 'NONE',  ( 0.000000000000000000, 1.720782628522116386, 2.469275428407054385 ) ) ;
#485 = ORIENTED_EDGE ( 'NONE', *, *, #2762, .F. ) ;
#486 = CARTESIAN_POINT ( 'NONE',  ( 0.2500000000000000000, 6.624999999999999112, 1.601989783036314785 ) ) ;
#487 = EDGE_CURVE ( 'NONE', #2418, #1536, #3967, .T. ) ;
#488 = ORIENTED_EDGE ( 'NONE', *, *, #79, .T. ) ;
#489 = CIRCLE ( 'NONE', #4195, 0.06102362000000032677 ) ;
#490 = PLANE ( 'NONE',  #200 ) ;
#491 = ADVANCED_FACE ( 'NONE', ( #3760 ), #4490, .T. ) ;
#492 = LINE ( 'NONE', #3900, #1069 ) ;
#493 = ORIENTED_EDGE ( 'NONE', *, *, #1106, .T. ) ;
#494 = EDGE_CURVE ( 'NONE', #860, #2074, #2243, .T. ) ;
#495 = CIRCLE ( 'NONE', #4049, 0.06102361999999923042 ) ;
#496 = DIRECTION ( 'NONE',  ( 0.000000000000000000, 0.000000000000000000, 1.000000000000000000 ) ) ;
#497 = FACE_OUTER_BOUND ( 'NONE', #1700, .T. ) ;
#498 = ORIENTED_EDGE ( 'NONE', *, *, #165, .T. ) ;
#499 = CARTESIAN_POINT ( 'NONE',  ( 0.000000000000000000, 3.543101460860224261, 6.633050410571259548 ) ) ;
#500 = CARTESIAN_POINT ( 'NONE',  ( 0.2500393700787401641, 5.189406462572663692, 5.784969411711764486 ) ) ;
#501 = AXIS2_PLACEMENT_3D ( 'NONE', #2646, #1585, #3013 ) ;
#502 = LINE ( 'NONE', #3766, #2 ) ;
#503 = CIRCLE ( 'NONE', #4132, 0.04999999999999973910 ) ;
#504 = ORIENTED_EDGE ( 'NONE', *, *, #1222, .F. ) ;
#505 = AXIS2_PLACEMENT_3D ( 'NONE', #4359, #617, #3586 ) ;
#506 = CYLINDRICAL_SURFACE ( 'NONE', #958, 0.09999999999999975575 ) ;
#507 = DIRECTION ( 'NONE',  ( 0.000000000000000000, 1.000000000000000000, -3.756859252994005021E-14 ) ) ;
#508 = LINE ( 'NONE', #1940, #3219 ) ;
#509 = EDGE_LOOP ( 'NONE', ( #1637, #4343, #1246, #2796 ) ) ;
#510 = DIRECTION ( 'NONE',  ( 1.000000000000000000, 0.000000000000000000, 0.000000000000000000 ) ) ;
#511 = CIRCLE ( 'NONE', #3520, 1.874999999999999778 ) ;
#512 = ORIENTED_EDGE ( 'NONE', *, *, #2954, .T. ) ;
#513 = CARTESIAN_POINT ( 'NONE',  ( 0.2500000000000000000, 2.570000000000001172, 2.558999999999986397 ) ) ;
#514 = CARTESIAN_POINT ( 'NONE',  ( 0.2500000000000000000, 6.624999999999999112, 0.1839999999999990254 ) ) ;
#515 = LINE ( 'NONE', #3461, #2430 ) ;
#516 = EDGE_CURVE ( 'NONE', #758, #1408, #1891, .T. ) ;
#517 = DIRECTION ( 'NONE',  ( -1.000000000000000000, -0.000000000000000000, -0.000000000000000000 ) ) ;
#518 = VERTEX_POINT ( 'NONE', #4466 ) ;
#519 = EDGE_CURVE ( 'NONE', #3960, #4262, #1736, .T. ) ;
#520 = EDGE_CURVE ( 'NONE', #71, #1114, #427, .T. ) ;
#521 = DIRECTION ( 'NONE',  ( -0.000000000000000000, 1.050710766793959016E-16, 1.000000000000000000 ) ) ;
#522 = ORIENTED_EDGE ( 'NONE', *, *, #3494, .F. ) ;
#523 = VERTEX_POINT ( 'NONE', #4442 ) ;
#524 = CIRCLE ( 'NONE', #3841, 0.09999999999999996392 ) ;
#525 = CARTESIAN_POINT ( 'NONE',  ( 0.000000000000000000, 3.754999999999853788, 2.675000000000123723 ) ) ;
#526 = LINE ( 'NONE', #4540, #3905 ) ;
#527 = CARTESIAN_POINT ( 'NONE',  ( 0.2500000000000000000, 1.625000000000000888, 0.1840000000000001079 ) ) ;
#528 = CIRCLE ( 'NONE', #3846, 0.09999999999999947820 ) ;
#529 = VERTEX_POINT ( 'NONE', #2983 ) ;
#530 = CARTESIAN_POINT ( 'NONE',  ( 0.2500000000000000000, 2.750000000000002220, 2.224999999999987654 ) ) ;
#531 = DIRECTION ( 'NONE',  ( 0.000000000000000000, 0.000000000000000000, -1.000000000000000000 ) ) ;
#532 = LOCAL_TIME ( 16, 15, 15.00000000000000000, #2957 ) ;
#533 = AXIS2_PLACEMENT_3D ( 'NONE', #3258, #4754, #3588 ) ;
#534 = DIRECTION ( 'NONE',  ( 1.000000000000000000, 0.000000000000000000, 0.000000000000000000 ) ) ;
#535 = VERTEX_POINT ( 'NONE', #3012 ) ;
#536 = CARTESIAN_POINT ( 'NONE',  ( 0.2500000000000000000, 3.948931663097198452, 6.383050410571259548 ) ) ;
#537 = VERTEX_POINT ( 'NONE', #812 ) ;
#538 = CIRCLE ( 'NONE', #1467, 0.05900000000000010791 ) ;
#539 = DIRECTION ( 'NONE',  ( -1.000000000000000000, -0.000000000000000000, -0.000000000000000000 ) ) ;
#540 = CARTESIAN_POINT ( 'NONE',  ( 0.2500000000000000000, 5.399999999999997691, 0.5150910964771503453 ) ) ;
#541 = DIRECTION ( 'NONE',  ( -1.000000000000000000, -0.000000000000000000, -0.000000000000000000 ) ) ;
#542 = DIRECTION ( 'NONE',  ( 0.000000000000000000, 0.000000000000000000, -1.000000000000000000 ) ) ;
#543 = ORIENTED_EDGE ( 'NONE', *, *, #600, .F. ) ;
#544 = AXIS2_PLACEMENT_3D ( 'NONE', #2771, #4276, #629 ) ;
#545 = DIRECTION ( 'NONE',  ( -1.000000000000000000, -0.000000000000000000, -0.000000000000000000 ) ) ;
#546 = VERTEX_POINT ( 'NONE', #2311 ) ;
#547 = EDGE_LOOP ( 'NONE', ( #2118, #1964, #1557, #2370, #476, #3719, #612 ) ) ;
#548 = CARTESIAN_POINT ( 'NONE',  ( 0.2500000000000000000, 6.961379563433009565, 3.271265211443364240 ) ) ;
#549 = DIRECTION ( 'NONE',  ( 0.000000000000000000, 0.000000000000000000, -1.000000000000000000 ) ) ;
#550 = EDGE_CURVE ( 'NONE', #2829, #1788, #1658, .T. ) ;
#551 = DIRECTION ( 'NONE',  ( -1.000000000000000000, -0.000000000000000000, -0.000000000000000000 ) ) ;
#552 = ORIENTED_EDGE ( 'NONE', *, *, #2632, .T. ) ;
#553 = DIRECTION ( 'NONE',  ( 0.000000000000000000, -1.000000000000000000, 0.000000000000000000 ) ) ;
#554 = DIRECTION ( 'NONE',  ( 1.000000000000000000, 0.000000000000000000, 0.000000000000000000 ) ) ;
#555 = APPLICATION_CONTEXT ( 'configuration controlled 3d designs of mechanical parts and assemblies' ) ;
#556 = DIRECTION ( 'NONE',  ( -1.000000000000000000, -0.000000000000000000, -0.000000000000000000 ) ) ;
#557 = ORIENTED_EDGE ( 'NONE', *, *, #3242, .T. ) ;
#558 = DIRECTION ( 'NONE',  ( 0.000000000000000000, 0.000000000000000000, 1.000000000000000000 ) ) ;
#559 = ORIENTED_EDGE ( 'NONE', *, *, #3860, .F. ) ;
#560 = FACE_BOUND ( 'NONE', #2649, .T. ) ;
#561 = DIRECTION ( 'NONE',  ( -1.000000000000000000, -0.000000000000000000, -0.000000000000000000 ) ) ;
#562 = FACE_OUTER_BOUND ( 'NONE', #2557, .T. ) ;
#563 = CARTESIAN_POINT ( 'NONE',  ( 0.2500000000000000000, 3.649999999999998579, 5.819066801422758672 ) ) ;
#564 = ORIENTED_EDGE ( 'NONE', *, *, #137, .F. ) ;
#565 = DIRECTION ( 'NONE',  ( 0.000000000000000000, 0.000000000000000000, 1.000000000000000000 ) ) ;
#566 = EDGE_CURVE ( 'NONE', #529, #2074, #473, .T. ) ;
#567 = DIRECTION ( 'NONE',  ( 0.000000000000000000, -1.000000000000000000, 1.048223005760002867E-14 ) ) ;
#568 = VERTEX_POINT ( 'NONE', #1156 ) ;
#569 = AXIS2_PLACEMENT_3D ( 'NONE', #144, #1938, #4136 ) ;
#570 = ORIENTED_EDGE ( 'NONE', *, *, #2023, .T. ) ;
#571 = DIRECTION ( 'NONE',  ( -1.000000000000000000, 0.000000000000000000, 0.000000000000000000 ) ) ;
#572 = LINE ( 'NONE', #1740, #1902 ) ;
#573 = EDGE_CURVE ( 'NONE', #957, #715, #1420, .T. ) ;
#574 = DIRECTION ( 'NONE',  ( 0.000000000000000000, 0.000000000000000000, 1.000000000000000000 ) ) ;
#575 = EDGE_CURVE ( 'NONE', #3263, #4670, #109, .T. ) ;
#576 = EDGE_LOOP ( 'NONE', ( #2653, #212, #661, #3334 ) ) ;
#577 = EDGE_CURVE ( 'NONE', #1839, #720, #4438, .T. ) ;
#578 = VECTOR ( 'NONE', #3761, 39.37007874015748143 ) ;
#579 = CARTESIAN_POINT ( 'NONE',  ( 0.2500000000000000000, 7.124999999999999112, 0.1839999999999999691 ) ) ;
#580 = CIRCLE ( 'NONE', #1430, 0.04921259842519682542 ) ;
#581 = CYLINDRICAL_SURFACE ( 'NONE', #4066, 0.1000000000000000194 ) ;
#582 = ORIENTED_EDGE ( 'NONE', *, *, #4006, .F. ) ;
#583 = DIRECTION ( 'NONE',  ( -1.000000000000000000, -0.000000000000000000, -0.000000000000000000 ) ) ;
#584 = AXIS2_PLACEMENT_3D ( 'NONE', #3750, #4431, #3651 ) ;
#585 = VECTOR ( 'NONE', #376, 39.37007874015748143 ) ;
#586 = ORIENTED_EDGE ( 'NONE', *, *, #4572, .F. ) ;
#587 = AXIS2_PLACEMENT_3D ( 'NONE', #2674, #2002, #3404 ) ;
#588 = ORIENTED_EDGE ( 'NONE', *, *, #2148, .T. ) ;
#589 = ORIENTED_EDGE ( 'NONE', *, *, #742, .F. ) ;
#590 = DIRECTION ( 'NONE',  ( -1.000000000000000000, -0.000000000000000000, -0.000000000000000000 ) ) ;
#591 = CARTESIAN_POINT ( 'NONE',  ( 0.2500000000000000000, 4.494999999999854445, 2.625000000000123901 ) ) ;
#592 = DIRECTION ( 'NONE',  ( 1.000000000000000000, 0.000000000000000000, 0.000000000000000000 ) ) ;
#593 = CIRCLE ( 'NONE', #4374, 1.875000000000154321 ) ;
#594 = ORIENTED_EDGE ( 'NONE', *, *, #776, .T. ) ;
#595 = CARTESIAN_POINT ( 'NONE',  ( 0.2500000000000000000, 7.124999999999999112, 0.1249999999999999029 ) ) ;
#596 = EDGE_CURVE ( 'NONE', #328, #4748, #382, .T. ) ;
#597 = DIRECTION ( 'NONE',  ( 0.000000000000000000, 0.000000000000000000, -1.000000000000000000 ) ) ;
#598 = ORIENTED_EDGE ( 'NONE', *, *, #1992, .T. ) ;
#599 = ORIENTED_EDGE ( 'NONE', *, *, #3472, .T. ) ;
#600 = EDGE_CURVE ( 'NONE', #3709, #2893, #789, .T. ) ;
#601 = APPROVAL_DATE_TIME ( #2459, #3026 ) ;
#602 = DIRECTION ( 'NONE',  ( -1.000000000000000000, -0.000000000000000000, -0.000000000000000000 ) ) ;
#603 = CARTESIAN_POINT ( 'NONE',  ( 0.2500000000000000000, 3.749999999999990230, 3.460263137648705634 ) ) ;
#604 = ORIENTED_EDGE ( 'NONE', *, *, #2877, .F. ) ;
#605 = EDGE_CURVE ( 'NONE', #322, #3343, #3398, .T. ) ;
#606 = EDGE_CURVE ( 'NONE', #1099, #1568, #3737, .T. ) ;
#607 = DIRECTION ( 'NONE',  ( -0.000000000000000000, -0.000000000000000000, 1.000000000000000000 ) ) ;
#608 = CARTESIAN_POINT ( 'NONE',  ( 0.000000000000000000, 4.600000000000000533, 1.374999999999993339 ) ) ;
#609 = AXIS2_PLACEMENT_3D ( 'NONE', #4557, #2711, #877 ) ;
#610 = DIRECTION ( 'NONE',  ( 0.000000000000000000, 2.962851445030681809E-16, -1.000000000000000000 ) ) ;
#611 = ORIENTED_EDGE ( 'NONE', *, *, #1527, .T. ) ;
#612 = ORIENTED_EDGE ( 'NONE', *, *, #1222, .T. ) ;
#613 = CIRCLE ( 'NONE', #4711, 0.7581413655441404664 ) ;
#614 = ORIENTED_EDGE ( 'NONE', *, *, #102, .T. ) ;
#615 = DIRECTION ( 'NONE',  ( -1.000000000000000000, -0.000000000000000000, -0.000000000000000000 ) ) ;
#616 = DIRECTION ( 'NONE',  ( 0.000000000000000000, 0.000000000000000000, -1.000000000000000000 ) ) ;
#617 = DIRECTION ( 'NONE',  ( 0.000000000000000000, 0.000000000000000000, 1.000000000000000000 ) ) ;
#618 = ORIENTED_EDGE ( 'NONE', *, *, #4637, .F. ) ;
#619 = LINE ( 'NONE', #1780, #1849 ) ;
#620 = VECTOR ( 'NONE', #4589, 39.37007874015748143 ) ;
#621 = AXIS2_PLACEMENT_3D ( 'NONE', #536, #1602, #2398 ) ;
#622 = VECTOR ( 'NONE', #2779, 39.37007874015748143 ) ;
#623 = CARTESIAN_POINT ( 'NONE',  ( 0.000000000000000000, 5.499999999999997335, 2.224999999999987654 ) ) ;
#624 = VERTEX_POINT ( 'NONE', #3805 ) ;
#625 = AXIS2_PLACEMENT_3D ( 'NONE', #3191, #3526, #1300 ) ;
#626 = ORIENTED_EDGE ( 'NONE', *, *, #4530, .F. ) ;
#627 = PERSON_AND_ORGANIZATION_ROLE ( 'design_owner' ) ;
#628 = FACE_OUTER_BOUND ( 'NONE', #1952, .T. ) ;
#629 = DIRECTION ( 'NONE',  ( 0.000000000000000000, 0.000000000000000000, 1.000000000000000000 ) ) ;
#630 = ORIENTED_EDGE ( 'NONE', *, *, #4302, .T. ) ;
#631 = CYLINDRICAL_SURFACE ( 'NONE', #4707, 0.09999999999999975575 ) ;
#632 = ADVANCED_FACE ( 'NONE', ( #1971 ), #857, .F. ) ;
#633 = DIRECTION ( 'NONE',  ( 0.000000000000000000, 0.000000000000000000, -1.000000000000000000 ) ) ;
#634 = CARTESIAN_POINT ( 'NONE',  ( 0.2500000000000000000, 6.249999999999999112, 2.499999999999987121 ) ) ;
#635 = ORIENTED_EDGE ( 'NONE', *, *, #787, .F. ) ;
#636 = VERTEX_POINT ( 'NONE', #2956 ) ;
#637 = EDGE_LOOP ( 'NONE', ( #201, #3028 ) ) ;
#638 = FACE_OUTER_BOUND ( 'NONE', #1372, .T. ) ;
#639 = LINE ( 'NONE', #2223, #3211 ) ;
#640 = EDGE_CURVE ( 'NONE', #2013, #1788, #1176, .T. ) ;
#641 = CARTESIAN_POINT ( 'NONE',  ( 0.000000000000000000, 3.749999999999999112, 2.224999999999993427 ) ) ;
#642 = ORIENTED_EDGE ( 'NONE', *, *, #2238, .T. ) ;
#643 = FACE_OUTER_BOUND ( 'NONE', #3197, .T. ) ;
#644 = ADVANCED_FACE ( 'NONE', ( #1558 ), #2933, .F. ) ;
#645 = ADVANCED_FACE ( 'NONE', ( #1100 ), #3731, .F. ) ;
#646 = ADVANCED_FACE ( 'NONE', ( #1463, #806 ), #4119, .T. ) ;
#647 = DIRECTION ( 'NONE',  ( 0.000000000000000000, 0.000000000000000000, 1.000000000000000000 ) ) ;
#648 = VERTEX_POINT ( 'NONE', #4778 ) ;
#649 = ORIENTED_EDGE ( 'NONE', *, *, #4300, .T. ) ;
#650 = DIRECTION ( 'NONE',  ( 0.000000000000000000, -2.156980644126815069E-15, 1.000000000000000000 ) ) ;
#651 = COORDINATED_UNIVERSAL_TIME_OFFSET ( 8, 0, .BEHIND. ) ;
#652 = DIRECTION ( 'NONE',  ( -1.000000000000000000, -0.000000000000000000, -0.000000000000000000 ) ) ;
#653 = LINE ( 'NONE', #4692, #1237 ) ;
#654 = VECTOR ( 'NONE', #404, 39.37007874015748143 ) ;
#655 = ORIENTED_EDGE ( 'NONE', *, *, #550, .T. ) ;
#656 = CYLINDRICAL_SURFACE ( 'NONE', #3077, 0.1000000000000000194 ) ;
#657 = CARTESIAN_POINT ( 'NONE',  ( 0.2500000000000000000, 6.384403065089105489, 0.6000000000000001998 ) ) ;
#658 = LINE ( 'NONE', #2899, #4169 ) ;
#659 = ORIENTED_EDGE ( 'NONE', *, *, #4001, .F. ) ;
#660 = VERTEX_POINT ( 'NONE', #422 ) ;
#661 = ORIENTED_EDGE ( 'NONE', *, *, #1668, .T. ) ;
#662 = DIRECTION ( 'NONE',  ( -1.000000000000000000, -0.000000000000000000, -0.000000000000000000 ) ) ;
#663 = CARTESIAN_POINT ( 'NONE',  ( 0.2500000000000000000, 5.499999999999997335, 1.274999999999985922 ) ) ;
#664 = CARTESIAN_POINT ( 'NONE',  ( 0.2500000000000000000, 6.529217371477883169, 2.469275428407054385 ) ) ;
#665 = EDGE_LOOP ( 'NONE', ( #3218, #182, #3519, #2156 ) ) ;
#667 = CIRCLE ( 'NONE', #192, 0.1000000000000000194 ) ;
#666 = DIRECTION ( 'NONE',  ( 0.000000000000000000, 0.000000000000000000, -1.000000000000000000 ) ) ;
#668 = VECTOR ( 'NONE', #2016, 39.37007874015748143 ) ;
#669 = EDGE_CURVE ( 'NONE', #4267, #1341, #1151, .T. ) ;
#670 = VECTOR ( 'NONE', #279, 39.37007874015748143 ) ;
#671 = EDGE_CURVE ( 'NONE', #2505, #184, #4050, .T. ) ;
#672 = EDGE_CURVE ( 'NONE', #3392, #1773, #4415, .T. ) ;
#673 = ORIENTED_EDGE ( 'NONE', *, *, #1733, .F. ) ;
#674 = EDGE_CURVE ( 'NONE', #3044, #445, #2270, .T. ) ;
#675 = AXIS2_PLACEMENT_3D ( 'NONE', #3557, #4723, #3266 ) ;
#676 = LINE ( 'NONE', #2144, #1652 ) ;
#677 = CARTESIAN_POINT ( 'NONE',  ( 0.000000000000000000, 1.625000000000000888, 0.1250000000000000000 ) ) ;
#678 = DIRECTION ( 'NONE',  ( 0.000000000000000000, 7.189935480423463357E-16, -1.000000000000000000 ) ) ;
#679 = EDGE_LOOP ( 'NONE', ( #4295, #707, #3246, #197 ) ) ;
#680 = VERTEX_POINT ( 'NONE', #84 ) ;
#681 = CYLINDRICAL_SURFACE ( 'NONE', #3071, 0.1000000000000000194 ) ;
#682 = DIRECTION ( 'NONE',  ( 0.000000000000000000, 0.000000000000000000, 1.000000000000000000 ) ) ;
#683 = FACE_OUTER_BOUND ( 'NONE', #3463, .T. ) ;
#684 = VERTEX_POINT ( 'NONE', #3710 ) ;
#685 = ORIENTED_EDGE ( 'NONE', *, *, #2320, .F. ) ;
#686 = ORIENTED_EDGE ( 'NONE', *, *, #2642, .T. ) ;
#687 = DIRECTION ( 'NONE',  ( -1.000000000000000000, -0.000000000000000000, -0.000000000000000000 ) ) ;
#688 = VECTOR ( 'NONE', #662, 39.37007874015748143 ) ;
#689 = DIRECTION ( 'NONE',  ( -1.000000000000000000, -0.000000000000000000, -0.000000000000000000 ) ) ;
#690 = VERTEX_POINT ( 'NONE', #3393 ) ;
#691 = DIRECTION ( 'NONE',  ( 0.000000000000000000, -1.577254715120068969E-14, -1.000000000000000000 ) ) ;
#692 = AXIS2_PLACEMENT_3D ( 'NONE', #3795, #1233, #3429 ) ;
#693 = ORIENTED_EDGE ( 'NONE', *, *, #640, .F. ) ;
#694 = AXIS2_PLACEMENT_3D ( 'NONE', #2187, #4027, #2500 ) ;
#695 = VECTOR ( 'NONE', #106, 39.37007874015748143 ) ;
#696 = VECTOR ( 'NONE', #3647, 39.37007874015748143 ) ;
#697 = FACE_OUTER_BOUND ( 'NONE', #3257, .T. ) ;
#698 = DIRECTION ( 'NONE',  ( -0.000000000000000000, -0.000000000000000000, 1.000000000000000000 ) ) ;
#699 = CARTESIAN_POINT ( 'NONE',  ( 0.2500000000000000000, 3.749999999999999112, 2.224999999999993427 ) ) ;
#700 = AXIS2_PLACEMENT_3D ( 'NONE', #3137, #2795, #4255 ) ;
#701 = ORIENTED_EDGE ( 'NONE', *, *, #3909, .T. ) ;
#702 = ORIENTED_EDGE ( 'NONE', *, *, #3715, .F. ) ;
#703 = ADVANCED_FACE ( 'NONE', ( #56 ), #2214, .F. ) ;
#704 = DIRECTION ( 'NONE',  ( -1.000000000000000000, -0.000000000000000000, -0.000000000000000000 ) ) ;
#705 = CARTESIAN_POINT ( 'NONE',  ( 0.2500000000000000000, 1.625000000000000888, 0.06599999999999987821 ) ) ;
#706 = FACE_OUTER_BOUND ( 'NONE', #2564, .T. ) ;
#707 = ORIENTED_EDGE ( 'NONE', *, *, #1767, .F. ) ;
#708 = ORIENTED_EDGE ( 'NONE', *, *, #3945, .F. ) ;
#709 = DIRECTION ( 'NONE',  ( 0.000000000000000000, 0.000000000000000000, 1.000000000000000000 ) ) ;
#710 = CARTESIAN_POINT ( 'NONE',  ( 0.2500000000000000000, 4.500000000000000000, 2.294281086116926272 ) ) ;
#711 = CARTESIAN_POINT ( 'NONE',  ( 0.2500000000000000000, 1.487292127820782683, 3.964152097881510350 ) ) ;
#712 = ORIENTED_EDGE ( 'NONE', *, *, #4243, .T. ) ;
#713 = CARTESIAN_POINT ( 'NONE',  ( 0.2500000000000000000, 6.624999999999999112, 2.498010216963684638 ) ) ;
#714 = CARTESIAN_POINT ( 'NONE',  ( 0.000000000000000000, 3.649999999999992362, 0.2500000000000002776 ) ) ;
#715 = VERTEX_POINT ( 'NONE', #3684 ) ;
#716 = CARTESIAN_POINT ( 'NONE',  ( 0.000000000000000000, 3.948931663097198452, 6.383050410571259548 ) ) ;
#717 = CARTESIAN_POINT ( 'NONE',  ( 0.2500000000000000000, 5.399999999999995914, 2.124999999999987121 ) ) ;
#718 = CARTESIAN_POINT ( 'NONE',  ( 0.2500000000000000000, 1.720782628522116386, 2.469275428407054385 ) ) ;
#719 = VERTEX_POINT ( 'NONE', #2188 ) ;
#720 = VERTEX_POINT ( 'NONE', #783 ) ;
#721 = EDGE_CURVE ( 'NONE', #3338, #4470, #4505, .T. ) ;
#722 = CARTESIAN_POINT ( 'NONE',  ( 0.2500393700787401641, 3.060593537427334088, 5.907016651711765043 ) ) ;
#723 = EDGE_CURVE ( 'NONE', #3008, #2392, #1901, .T. ) ;
#724 = CARTESIAN_POINT ( 'NONE',  ( 0.2500000000000000000, 7.124999999999999112, 3.375000000000000000 ) ) ;
#725 = CIRCLE ( 'NONE', #108, 0.09999999999999947820 ) ;
#726 = VERTEX_POINT ( 'NONE', #3757 ) ;
#727 = EDGE_CURVE ( 'NONE', #3082, #2094, #1124, .T. ) ;
#728 = ORIENTED_EDGE ( 'NONE', *, *, #2660, .F. ) ;
#729 = DIRECTION ( 'NONE',  ( 0.000000000000000000, 0.000000000000000000, 1.000000000000000000 ) ) ;
#730 = FACE_BOUND ( 'NONE', #4576, .T. ) ;
#731 = FACE_OUTER_BOUND ( 'NONE', #1657, .T. ) ;
#732 = EDGE_LOOP ( 'NONE', ( #3713, #2781, #4652, #4333 ) ) ;
#733 = DIRECTION ( 'NONE',  ( 0.000000000000000000, 0.000000000000000000, -1.000000000000000000 ) ) ;
#734 = ORIENTED_EDGE ( 'NONE', *, *, #2529, .T. ) ;
#735 = EDGE_CURVE ( 'NONE', #2828, #3343, #448, .T. ) ;
#736 = CARTESIAN_POINT ( 'NONE',  ( 0.2500000000000000000, 4.677714582153210010, 5.881998857807020364 ) ) ;
#737 = CIRCLE ( 'NONE', #3979, 0.1000000000000000194 ) ;
#738 = AXIS2_PLACEMENT_3D ( 'NONE', #3722, #4495, #1183 ) ;
#739 = VERTEX_POINT ( 'NONE', #1922 ) ;
#740 = AXIS2_PLACEMENT_3D ( 'NONE', #753, #3292, #4771 ) ;
#741 = VECTOR ( 'NONE', #2794, 39.37007874015748143 ) ;
#742 = EDGE_CURVE ( 'NONE', #2528, #2278, #1538, .T. ) ;
#743 = DIRECTION ( 'NONE',  ( 0.000000000000000000, 0.2873478855663469389, 0.9578262852211509859 ) ) ;
#744 = LINE ( 'NONE', #2889, #1513 ) ;
#745 = CARTESIAN_POINT ( 'NONE',  ( 0.000000000000000000, 4.125000000000000000, 1.750000000000000000 ) ) ;
#746 = ORIENTED_EDGE ( 'NONE', *, *, #4277, .T. ) ;
#747 = EDGE_LOOP ( 'NONE', ( #751, #1715 ) ) ;
#748 = CYLINDRICAL_SURFACE ( 'NONE', #2618, 0.2362204699999908286 ) ;
#749 = DIRECTION ( 'NONE',  ( 0.000000000000000000, -1.000000000000000000, 2.504572835329379595E-14 ) ) ;
#750 = DIRECTION ( 'NONE',  ( -1.000000000000000000, -0.000000000000000000, -0.000000000000000000 ) ) ;
#751 = ORIENTED_EDGE ( 'NONE', *, *, #319, .F. ) ;
#752 = VERTEX_POINT ( 'NONE', #714 ) ;
#753 = CARTESIAN_POINT ( 'NONE',  ( 0.2500000000000000000, 6.624999999999999112, 1.501989783036315140 ) ) ;
#754 = CARTESIAN_POINT ( 'NONE',  ( 0.2500000000000000000, 7.124999999999999112, 0.1249999999999999029 ) ) ;
#755 = CARTESIAN_POINT ( 'NONE',  ( 0.000000000000000000, 1.000000000000001110, 0.000000000000000000 ) ) ;
#756 = ORIENTED_EDGE ( 'NONE', *, *, #4363, .F. ) ;
#757 = DIRECTION ( 'NONE',  ( 0.000000000000000000, 0.000000000000000000, 1.000000000000000000 ) ) ;
#758 = VERTEX_POINT ( 'NONE', #3657 ) ;
#759 = CARTESIAN_POINT ( 'NONE',  ( 0.2500000000000000000, 2.750000000000002665, 1.274999999999985922 ) ) ;
#760 = ADVANCED_FACE ( 'NONE', ( #4531 ), #830, .F. ) ;
#761 = ORIENTED_EDGE ( 'NONE', *, *, #1732, .T. ) ;
#762 = AXIS2_PLACEMENT_3D ( 'NONE', #3869, #2414, #3891 ) ;
#763 = AXIS2_PLACEMENT_3D ( 'NONE', #3721, #2989, #2628 ) ;
#764 = AXIS2_PLACEMENT_3D ( 'NONE', #1180, #834, #2314 ) ;
#765 = DIRECTION ( 'NONE',  ( 0.000000000000000000, 0.6293205638426198067, -0.7771458215321028762 ) ) ;
#766 = CARTESIAN_POINT ( 'NONE',  ( 0.1250000000000000000, 4.124999999999999112, 6.633050410571259548 ) ) ;
#767 = PLANE ( 'NONE',  #2863 ) ;
#768 = CC_DESIGN_SECURITY_CLASSIFICATION ( #4091, ( #385 ) ) ;
#769 = AXIS2_PLACEMENT_3D ( 'NONE', #4332, #4281, #2827 ) ;
#770 = ORIENTED_EDGE ( 'NONE', *, *, #1379, .F. ) ;
#771 = VERTEX_POINT ( 'NONE', #3801 ) ;
#772 = DIRECTION ( 'NONE',  ( 0.000000000000000000, 0.000000000000000000, 1.000000000000000000 ) ) ;
#773 = DIRECTION ( 'NONE',  ( -1.000000000000000000, -0.000000000000000000, -0.000000000000000000 ) ) ;
#774 = CARTESIAN_POINT ( 'NONE',  ( 0.000000000000000000, 4.124999999999966249, 1.749999999999833245 ) ) ;
#775 = ORIENTED_EDGE ( 'NONE', *, *, #434, .T. ) ;
#776 = EDGE_CURVE ( 'NONE', #2110, #1384, #3823, .T. ) ;
#777 = DIRECTION ( 'NONE',  ( 0.000000000000000000, 0.000000000000000000, -1.000000000000000000 ) ) ;
#778 = CARTESIAN_POINT ( 'NONE',  ( 0.2500000000000000000, 1.000000000000001110, 3.500000000000000000 ) ) ;
#779 = CYLINDRICAL_SURFACE ( 'NONE', #2215, 0.06102362000000141617 ) ;
#780 = ORIENTED_EDGE ( 'NONE', *, *, #1488, .F. ) ;
#781 = DIRECTION ( 'NONE',  ( -1.000000000000000000, -0.000000000000000000, -0.000000000000000000 ) ) ;
#782 = EDGE_LOOP ( 'NONE', ( #2138, #831, #3642, #3324 ) ) ;
#783 = CARTESIAN_POINT ( 'NONE',  ( 0.1742125984251967352, 4.124999999999999112, 6.068089770571259756 ) ) ;
#784 = EDGE_CURVE ( 'NONE', #2535, #3385, #3481, .T. ) ;
#785 = ORIENTED_EDGE ( 'NONE', *, *, #4636, .F. ) ;
#786 = EDGE_CURVE ( 'NONE', #3947, #241, #3284, .T. ) ;
#787 = EDGE_CURVE ( 'NONE', #1555, #35, #2661, .T. ) ;
#788 = ADVANCED_FACE ( 'NONE', ( #2684 ), #490, .T. ) ;
#789 = LINE ( 'NONE', #2261, #33 ) ;
#790 = DIRECTION ( 'NONE',  ( 1.000000000000000000, 0.000000000000000000, 0.000000000000000000 ) ) ;
#791 = DIRECTION ( 'NONE',  ( 0.000000000000000000, 0.000000000000000000, -1.000000000000000000 ) ) ;
#792 = ORIENTED_EDGE ( 'NONE', *, *, #1056, .T. ) ;
#793 = CARTESIAN_POINT ( 'NONE',  ( 0.2500000000000000000, 4.124999999999999112, 2.874999999999999112 ) ) ;
#794 = DIRECTION ( 'NONE',  ( -1.000000000000000000, -0.000000000000000000, -0.000000000000000000 ) ) ;
#795 = CARTESIAN_POINT ( 'NONE',  ( 0.2500000000000000000, 1.125000000000001776, 3.375000000000000000 ) ) ;
#796 = ORIENTED_EDGE ( 'NONE', *, *, #199, .F. ) ;
#797 = CARTESIAN_POINT ( 'NONE',  ( 0.2500000000000000000, 3.948931663097198452, 6.068089770571259756 ) ) ;
#798 = CARTESIAN_POINT ( 'NONE',  ( 0.2500000000000000000, 1.288620436566990435, 0.7287347885566365369 ) ) ;
#799 = VECTOR ( 'NONE', #3452, 39.37007874015748143 ) ;
#800 = CARTESIAN_POINT ( 'NONE',  ( 0.2500000000000000000, 6.961379563433009565, 3.271265211443364240 ) ) ;
#801 = ORIENTED_EDGE ( 'NONE', *, *, #4572, .T. ) ;
#802 = FACE_OUTER_BOUND ( 'NONE', #4729, .T. ) ;
#803 = VERTEX_POINT ( 'NONE', #513 ) ;
#804 = VECTOR ( 'NONE', #3299, 39.37007874015748143 ) ;
#805 = APPLICATION_CONTEXT ( 'configuration controlled 3d designs of mechanical parts and assemblies' ) ;
#806 = FACE_OUTER_BOUND ( 'NONE', #4611, .T. ) ;
#807 = ORIENTED_EDGE ( 'NONE', *, *, #137, .T. ) ;
#808 = ADVANCED_FACE ( 'NONE', ( #1605 ), #1987, .F. ) ;
#809 = ADVANCED_FACE ( 'NONE', ( #105, #3072, #2400, #3459, #2710, #1681, #2755, #4556, #900, #178, #1653, #3049, #3874, #4236, #2733, #3120, #3099, #876, #2349, #154, #1216, #2373, #4606, #4143, #3847, #4166, #1286, #3507, #560 ), #2305, .F. ) ;
#810 = EDGE_CURVE ( 'NONE', #71, #3283, #1588, .T. ) ;
#811 = AXIS2_PLACEMENT_3D ( 'NONE', #2092, #1989, #3152 ) ;
#812 = CARTESIAN_POINT ( 'NONE',  ( 0.2500000000000000000, 2.778169014084509225, 0.4455187638843143838 ) ) ;
#813 = DIRECTION ( 'NONE',  ( -1.000000000000000000, -0.000000000000000000, -0.000000000000000000 ) ) ;
#814 = CIRCLE ( 'NONE', #971, 0.09999999999999947820 ) ;
#815 = CARTESIAN_POINT ( 'NONE',  ( 0.000000000000000000, 3.060593537427334088, 5.845993031711765653 ) ) ;
#816 = AXIS2_PLACEMENT_3D ( 'NONE', #4188, #2014, #1629 ) ;
#817 = VERTEX_POINT ( 'NONE', #4667 ) ;
#818 = PLANE ( 'NONE',  #146 ) ;
#819 = VECTOR ( 'NONE', #3221, 39.37007874015748143 ) ;
#820 = CARTESIAN_POINT ( 'NONE',  ( 0.000000000000000000, 6.249999999999999112, 2.499999999999987121 ) ) ;
#821 = DIRECTION ( 'NONE',  ( -1.000000000000000000, 0.000000000000000000, 0.000000000000000000 ) ) ;
#822 = VECTOR ( 'NONE', #4379, 39.37007874015748143 ) ;
#823 = ORIENTED_EDGE ( 'NONE', *, *, #2234, .T. ) ;
#824 = LINE ( 'NONE', #2298, #3807 ) ;
#825 = CARTESIAN_POINT ( 'NONE',  ( 0.2500000000000000000, 5.250000000000000888, 0.2500000000000003331 ) ) ;
#826 = CARTESIAN_POINT ( 'NONE',  ( 0.000000000000000000, 6.762707872179214874, 3.964152097881511239 ) ) ;
#827 = ORIENTED_EDGE ( 'NONE', *, *, #2313, .F. ) ;
#828 = DIRECTION ( 'NONE',  ( 0.000000000000000000, 0.2873478855663463283, 0.9578262852211510969 ) ) ;
#829 = ORIENTED_EDGE ( 'NONE', *, *, #1083, .T. ) ;
#830 = CYLINDRICAL_SURFACE ( 'NONE', #816, 0.09999999999999975575 ) ;
#831 = ORIENTED_EDGE ( 'NONE', *, *, #1200, .F. ) ;
#832 = LINE ( 'NONE', #3375, #2265 ) ;
#833 = DIRECTION ( 'NONE',  ( -1.000000000000000000, -0.000000000000000000, -0.000000000000000000 ) ) ;
#834 = DIRECTION ( 'NONE',  ( 1.000000000000000000, -0.000000000000000000, -0.000000000000000000 ) ) ;
#835 = AXIS2_PLACEMENT_3D ( 'NONE', #3318, #1211, #1553 ) ;
#836 = ORIENTED_EDGE ( 'NONE', *, *, #566, .F. ) ;
#837 = EDGE_CURVE ( 'NONE', #4046, #2588, #357, .T. ) ;
#838 = CARTESIAN_POINT ( 'NONE',  ( 0.2500000000000000000, 4.840968060580278731, 6.474905339539486882 ) ) ;
#839 = CARTESIAN_POINT ( 'NONE',  ( 0.000000000000000000, 1.125000000000000666, 0.1839999999999999691 ) ) ;
#840 = CARTESIAN_POINT ( 'NONE',  ( 0.2500000000000000000, 4.494999999999854445, 2.575000000000124079 ) ) ;
#841 = AXIS2_PLACEMENT_3D ( 'NONE', #1524, #2918, #772 ) ;
#842 = AXIS2_PLACEMENT_3D ( 'NONE', #3230, #332, #691 ) ;
#843 = EDGE_CURVE ( 'NONE', #4422, #2588, #2026, .T. ) ;
#844 = ORIENTED_EDGE ( 'NONE', *, *, #2453, .T. ) ;
#845 = EDGE_CURVE ( 'NONE', #934, #151, #4369, .T. ) ;
#846 = AXIS2_PLACEMENT_3D ( 'NONE', #2517, #273, #3917 ) ;
#847 = CYLINDRICAL_SURFACE ( 'NONE', #3656, 0.1000000000000000194 ) ;
#848 = PLANE ( 'NONE',  #2763 ) ;
#849 = DIRECTION ( 'NONE',  ( -1.000000000000000000, -0.000000000000000000, -0.000000000000000000 ) ) ;
#850 = VERTEX_POINT ( 'NONE', #939 ) ;
#851 = LINE ( 'NONE', #1650, #622 ) ;
#852 = VECTOR ( 'NONE', #3959, 39.37007874015748143 ) ;
#853 = VERTEX_POINT ( 'NONE', #3935 ) ;
#854 = DIRECTION ( 'NONE',  ( -0.000000000000000000, 1.091898964333354438E-14, 1.000000000000000000 ) ) ;
#855 = DIRECTION ( 'NONE',  ( 0.000000000000000000, 0.000000000000000000, -1.000000000000000000 ) ) ;
#856 = VERTEX_POINT ( 'NONE', #4346 ) ;
#857 = CYLINDRICAL_SURFACE ( 'NONE', #4196, 0.06102361999999923042 ) ;
#858 = EDGE_CURVE ( 'NONE', #3082, #4150, #2843, .T. ) ;
#859 = CARTESIAN_POINT ( 'NONE',  ( 0.000000000000000000, 1.288620436566990435, 0.7287347885566365369 ) ) ;
#860 = VERTEX_POINT ( 'NONE', #2770 ) ;
#861 =( CONVERSION_BASED_UNIT ( 'INCH', #1592 ) LENGTH_UNIT ( ) NAMED_UNIT ( #4187 ) );
#862 = LINE ( 'NONE', #2364, #1749 ) ;
#863 = FACE_OUTER_BOUND ( 'NONE', #4339, .T. ) ;
#864 = ADVANCED_FACE ( 'NONE', ( #628 ), #1692, .F. ) ;
#865 = EDGE_LOOP ( 'NONE', ( #2055, #1920, #4278, #3368, #3803, #3533, #1799 ) ) ;
#866 = EDGE_CURVE ( 'NONE', #2822, #726, #986, .T. ) ;
#867 = DIRECTION ( 'NONE',  ( -1.000000000000000000, -0.000000000000000000, -0.000000000000000000 ) ) ;
#868 = DIRECTION ( 'NONE',  ( 0.000000000000000000, -3.756859252994005021E-14, -1.000000000000000000 ) ) ;
#869 = EDGE_CURVE ( 'NONE', #399, #3575, #3438, .T. ) ;
#870 = DIRECTION ( 'NONE',  ( 0.000000000000000000, 0.000000000000000000, 1.000000000000000000 ) ) ;
#871 = ORIENTED_EDGE ( 'NONE', *, *, #4149, .F. ) ;
#872 = CARTESIAN_POINT ( 'NONE',  ( 0.000000000000000000, 3.749999999999998668, 5.819066801422758672 ) ) ;
#873 = ADVANCED_FACE ( 'NONE', ( #1350 ), #1717, .F. ) ;
#874 = ORIENTED_EDGE ( 'NONE', *, *, #4782, .T. ) ;
#875 = VECTOR ( 'NONE', #1012, 39.37007874015748143 ) ;
#876 = FACE_BOUND ( 'NONE', #4539, .T. ) ;
#877 = DIRECTION ( 'NONE',  ( 0.000000000000000000, 0.000000000000000000, 1.000000000000000000 ) ) ;
#878 = DIRECTION ( 'NONE',  ( 0.000000000000000000, 0.000000000000000000, 1.000000000000000000 ) ) ;
#879 = DIRECTION ( 'NONE',  ( 0.000000000000000000, 0.000000000000000000, 1.000000000000000000 ) ) ;
#880 = EDGE_LOOP ( 'NONE', ( #1724, #2866 ) ) ;
#881 = AXIS2_PLACEMENT_3D ( 'NONE', #1906, #4511, #1948 ) ;
#882 = CARTESIAN_POINT ( 'NONE',  ( 0.2500000000000000000, 5.250000000000000888, 0.2500000000000003331 ) ) ;
#883 = ORIENTED_EDGE ( 'NONE', *, *, #2585, .T. ) ;
#884 = ORIENTED_EDGE ( 'NONE', *, *, #294, .F. ) ;
#885 = DIRECTION ( 'NONE',  ( -1.000000000000000000, -0.000000000000000000, -0.000000000000000000 ) ) ;
#886 = DIRECTION ( 'NONE',  ( 0.000000000000000000, 1.000000000000000000, -1.050710766793959016E-16 ) ) ;
#887 = CIRCLE ( 'NONE', #282, 0.05900000000000010791 ) ;
#888 = CARTESIAN_POINT ( 'NONE',  ( 0.000000000000000000, 3.649999999999999023, 2.124999999999993783 ) ) ;
#889 = AXIS2_PLACEMENT_3D ( 'NONE', #1713, #3186, #183 ) ;
#890 = VERTEX_POINT ( 'NONE', #963 ) ;
#891 = CIRCLE ( 'NONE', #4685, 0.1000000000000000194 ) ;
#892 = CARTESIAN_POINT ( 'NONE',  ( 0.000000000000000000, 1.720782628522116386, 1.530724571592945615 ) ) ;
#893 = CARTESIAN_POINT ( 'NONE',  ( 0.2500000000000000000, 3.749999999999996891, 1.274999999999999023 ) ) ;
#894 = DIRECTION ( 'NONE',  ( -0.000000000000000000, -0.000000000000000000, 1.000000000000000000 ) ) ;
#895 = ORIENTED_EDGE ( 'NONE', *, *, #3003, .T. ) ;
#896 = DIRECTION ( 'NONE',  ( -1.000000000000000000, -0.000000000000000000, -0.000000000000000000 ) ) ;
#897 = AXIS2_PLACEMENT_3D ( 'NONE', #1458, #4024, #4482 ) ;
#898 = EDGE_CURVE ( 'NONE', #53, #1192, #572, .T. ) ;
#899 = ORIENTED_EDGE ( 'NONE', *, *, #3804, .F. ) ;
#900 = FACE_BOUND ( 'NONE', #1257, .T. ) ;
#901 = CARTESIAN_POINT ( 'NONE',  ( 0.000000000000000000, 6.249999999999999112, 2.440999999999990511 ) ) ;
#902 = DIRECTION ( 'NONE',  ( 0.000000000000000000, 1.000000000000000000, 0.000000000000000000 ) ) ;
#903 = CARTESIAN_POINT ( 'NONE',  ( 0.2500000000000000000, 3.749999999999996003, 2.955718913883070176 ) ) ;
#904 = EDGE_LOOP ( 'NONE', ( #3503, #3497 ) ) ;
#905 = EDGE_CURVE ( 'NONE', #690, #726, #1827, .T. ) ;
#906 = CARTESIAN_POINT ( 'NONE',  ( 0.2500000000000000000, 1.125000000000001776, 3.375000000000000000 ) ) ;
#907 = EDGE_LOOP ( 'NONE', ( #387, #4779, #655, #693 ) ) ;
#908 = EDGE_LOOP ( 'NONE', ( #4334, #3896 ) ) ;
#909 = CIRCLE ( 'NONE', #4155, 0.05900000000000010791 ) ;
#910 = CYLINDRICAL_SURFACE ( 'NONE', #3005, 0.5000000000000001110 ) ;
#911 = LINE ( 'NONE', #500, #2132 ) ;
#912 = CARTESIAN_POINT ( 'NONE',  ( 0.2500000000000000000, 1.625000000000000888, 0.1250000000000000000 ) ) ;
#913 = AXIS2_PLACEMENT_3D ( 'NONE', #2178, #4740, #3247 ) ;
#914 = ORIENTED_EDGE ( 'NONE', *, *, #3535, .T. ) ;
#915 = CARTESIAN_POINT ( 'NONE',  ( 0.2500000000000000000, 1.384403065089106155, 3.399999999999998579 ) ) ;
#916 = LINE ( 'NONE', #217, #4783 ) ;
#917 = VECTOR ( 'NONE', #885, 39.37007874015748143 ) ;
#918 = LINE ( 'NONE', #3409, #1206 ) ;
#919 = ORIENTED_EDGE ( 'NONE', *, *, #1090, .F. ) ;
#920 = CARTESIAN_POINT ( 'NONE',  ( 0.2500000000000000000, 5.499999999999997335, 2.984908903522902612 ) ) ;
#921 = ORIENTED_EDGE ( 'NONE', *, *, #373, .T. ) ;
#922 = AXIS2_PLACEMENT_3D ( 'NONE', #2831, #3969, #1026 ) ;
#923 = AXIS2_PLACEMENT_3D ( 'NONE', #634, #2107, #3578 ) ;
#924 = ADVANCED_FACE ( 'NONE', ( #293 ), #4299, .T. ) ;
#925 = CARTESIAN_POINT ( 'NONE',  ( 0.2500000000000000000, 4.499999999999984013, 2.955718913883090160 ) ) ;
#926 = LINE ( 'NONE', #4655, #4015 ) ;
#927 = DIRECTION ( 'NONE',  ( -1.000000000000000000, -0.000000000000000000, -0.000000000000000000 ) ) ;
#928 = PLANE ( 'NONE',  #3544 ) ;
#929 = ORIENTED_EDGE ( 'NONE', *, *, #4420, .F. ) ;
#930 = CARTESIAN_POINT ( 'NONE',  ( 0.2500000000000000000, 1.865596934910894289, 0.6000000000000013101 ) ) ;
#931 = EDGE_CURVE ( 'NONE', #4194, #1961, #266, .T. ) ;
#932 = ADVANCED_FACE ( 'NONE', ( #214 ), #4644, .F. ) ;
#933 = CARTESIAN_POINT ( 'NONE',  ( 0.000000000000000000, 5.399999999999997691, 1.274999999999986811 ) ) ;
#934 = VERTEX_POINT ( 'NONE', #1375 ) ;
#935 = ADVANCED_FACE ( 'NONE', ( #3491 ), #1328, .F. ) ;
#936 = EDGE_CURVE ( 'NONE', #3263, #3587, #3911, .T. ) ;
#937 = ORIENTED_EDGE ( 'NONE', *, *, #16, .T. ) ;
#938 = CARTESIAN_POINT ( 'NONE',  ( 0.000000000000000000, 6.529217371477883169, 2.469275428407054385 ) ) ;
#939 = CARTESIAN_POINT ( 'NONE',  ( 0.2500000000000000000, 3.623239436619713150, 3.556615990473965816 ) ) ;
#940 = CARTESIAN_POINT ( 'NONE',  ( 0.2500000000000000000, 4.499999999999988454, 3.460263137648711407 ) ) ;
#941 = ORIENTED_EDGE ( 'NONE', *, *, #3217, .T. ) ;
#942 = FACE_BOUND ( 'NONE', #1373, .T. ) ;
#943 = DIRECTION ( 'NONE',  ( 0.000000000000000000, 0.000000000000000000, 1.000000000000000000 ) ) ;
#944 = ORIENTED_EDGE ( 'NONE', *, *, #727, .T. ) ;
#945 = LINE ( 'NONE', #4207, #4712 ) ;
#946 = ORIENTED_EDGE ( 'NONE', *, *, #3496, .T. ) ;
#947 = EDGE_CURVE ( 'NONE', #3203, #2716, #2076, .T. ) ;
#948 = ORIENTED_EDGE ( 'NONE', *, *, #4098, .F. ) ;
#949 = CARTESIAN_POINT ( 'NONE',  ( 0.2500000000000000000, 3.649999999999998579, 5.819066801422758672 ) ) ;
#950 = CARTESIAN_POINT ( 'NONE',  ( 0.2500000000000000000, 6.384403065089105489, 0.6000000000000001998 ) ) ;
#951 = DIRECTION ( 'NONE',  ( -1.000000000000000000, -0.000000000000000000, -0.000000000000000000 ) ) ;
#952 = DIRECTION ( 'NONE',  ( 0.000000000000000000, 0.000000000000000000, 1.000000000000000000 ) ) ;
#953 = ORIENTED_EDGE ( 'NONE', *, *, #2855, .T. ) ;
#954 = CARTESIAN_POINT ( 'NONE',  ( 0.2500393700787401641, 3.060593537427334088, 5.784969411711766263 ) ) ;
#955 = EDGE_CURVE ( 'NONE', #4407, #1633, #887, .T. ) ;
#956 = CARTESIAN_POINT ( 'NONE',  ( 0.2500000000000000000, 4.599999999999999645, 2.224999999999993872 ) ) ;
#957 = VERTEX_POINT ( 'NONE', #4419 ) ;
#958 = AXIS2_PLACEMENT_3D ( 'NONE', #4228, #4573, #3771 ) ;
#959 = EDGE_CURVE ( 'NONE', #890, #3985, #1490, .T. ) ;
#960 = ADVANCED_FACE ( 'NONE', ( #3688 ), #4398, .F. ) ;
#961 = EDGE_LOOP ( 'NONE', ( #3402, #4502 ) ) ;
#962 = CALENDAR_DATE ( 2026, 20, 3 ) ;
#963 = CARTESIAN_POINT ( 'NONE',  ( 0.2500000000000000000, 2.999999999999999556, 0.2500000000000000555 ) ) ;
#964 = FACE_OUTER_BOUND ( 'NONE', #576, .T. ) ;
#965 = ORIENTED_EDGE ( 'NONE', *, *, #1850, .F. ) ;
#966 = VECTOR ( 'NONE', #1469, 39.37007874015748143 ) ;
#967 = CARTESIAN_POINT ( 'NONE',  ( 0.000000000000000000, 1.000000000000001110, 3.500000000000000000 ) ) ;
#968 = AXIS2_PLACEMENT_3D ( 'NONE', #906, #2382, #1031 ) ;
#969 = LINE ( 'NONE', #2467, #3373 ) ;
#970 = CYLINDRICAL_SURFACE ( 'NONE', #1159, 0.1000000000000000194 ) ;
#971 = AXIS2_PLACEMENT_3D ( 'NONE', #2204, #2973, #4069 ) ;
#972 = ORIENTED_EDGE ( 'NONE', *, *, #4201, .T. ) ;
#973 = AXIS2_PLACEMENT_3D ( 'NONE', #3765, #4516, #3381 ) ;
#974 = ORIENTED_EDGE ( 'NONE', *, *, #1668, .F. ) ;
#975 = ORIENTED_EDGE ( 'NONE', *, *, #1671, .T. ) ;
#976 = DIRECTION ( 'NONE',  ( 0.000000000000000000, 0.000000000000000000, -1.000000000000000000 ) ) ;
#977 = CARTESIAN_POINT ( 'NONE',  ( 0.1250000000000000000, 4.124999999999999112, 6.633050410571259548 ) ) ;
#978 = FACE_OUTER_BOUND ( 'NONE', #297, .T. ) ;
#979 = ORIENTED_EDGE ( 'NONE', *, *, #1292, .T. ) ;
#980 = CARTESIAN_POINT ( 'NONE',  ( 0.2500000000000000000, 6.288620436566989547, 0.7287347885566355377 ) ) ;
#981 = PRODUCT ( 'Top Chassis Plate', 'Top Chassis Plate', '', ( #4666 ) ) ;
#982 = CARTESIAN_POINT ( 'NONE',  ( 0.2500000000000000000, 1.961379563433010231, 0.7287347885566365369 ) ) ;
#983 = EDGE_LOOP ( 'NONE', ( #9, #2520, #2181, #4283 ) ) ;
#984 = EDGE_CURVE ( 'NONE', #4654, #3015, #737, .T. ) ;
#985 = ORIENTED_EDGE ( 'NONE', *, *, #222, .T. ) ;
#986 = LINE ( 'NONE', #2410, #4133 ) ;
#987 = DIRECTION ( 'NONE',  ( -0.000000000000000000, -0.000000000000000000, 1.000000000000000000 ) ) ;
#988 = ADVANCED_FACE ( 'NONE', ( #3303 ), #2553, .F. ) ;
#989 = EDGE_LOOP ( 'NONE', ( #3938, #3837, #4625, #4392, #2994, #1243, #871 ) ) ;
#990 = EDGE_CURVE ( 'NONE', #32, #290, #744, .T. ) ;
#991 = PLANE ( 'NONE',  #4317 ) ;
#992 = CARTESIAN_POINT ( 'NONE',  ( 0.2500000000000000000, 3.572285417846788214, 5.881998857807020364 ) ) ;
#993 = CIRCLE ( 'NONE', #4010, 1.875000000000198730 ) ;
#994 = CARTESIAN_POINT ( 'NONE',  ( 0.2500000000000000000, 5.189406462572663692, 5.784969411711764486 ) ) ;
#995 = EDGE_CURVE ( 'NONE', #1472, #1887, #1081, .T. ) ;
#996 = ORIENTED_EDGE ( 'NONE', *, *, #3590, .T. ) ;
#997 = EDGE_CURVE ( 'NONE', #1788, #2829, #4055, .T. ) ;
#998 = ORIENTED_EDGE ( 'NONE', *, *, #3472, .F. ) ;
#999 = AXIS2_PLACEMENT_3D ( 'NONE', #453, #1199, #2647 ) ;
#1000 = ORIENTED_EDGE ( 'NONE', *, *, #3845, .T. ) ;
#1001 = LINE ( 'NONE', #3584, #4316 ) ;
#1002 = DIRECTION ( 'NONE',  ( 0.000000000000000000, 1.000000000000000000, 0.000000000000000000 ) ) ;
#1003 = CARTESIAN_POINT ( 'NONE',  ( 0.2500000000000000000, 6.762707872179214874, 3.903128477881510072 ) ) ;
#1004 = ORIENTED_EDGE ( 'NONE', *, *, #3439, .T. ) ;
#1005 = CARTESIAN_POINT ( 'NONE',  ( 0.2500000000000000000, 4.795313972298068883, 6.579769905211409586 ) ) ;
#1006 = VECTOR ( 'NONE', #2033, 39.37007874015748143 ) ;
#1007 = VECTOR ( 'NONE', #2675, 39.37007874015748143 ) ;
#1008 = DIRECTION ( 'NONE',  ( -1.000000000000000000, 0.000000000000000000, 0.000000000000000000 ) ) ;
#1009 = ORIENTED_EDGE ( 'NONE', *, *, #837, .F. ) ;
#1010 = VECTOR ( 'NONE', #2941, 39.37007874015748143 ) ;
#1011 = ORIENTED_EDGE ( 'NONE', *, *, #1024, .T. ) ;
#1012 = DIRECTION ( 'NONE',  ( 0.000000000000000000, 1.000000000000000000, 2.096446011520030032E-14 ) ) ;
#1013 = PERSON_AND_ORGANIZATION ( #270, #3620 ) ;
#1014 = DIRECTION ( 'NONE',  ( 0.000000000000000000, 0.000000000000000000, 1.000000000000000000 ) ) ;
#1015 = CARTESIAN_POINT ( 'NONE',  ( 0.000000000000000000, 4.125000000000042633, 1.749999999999786837 ) ) ;
#1016 = ORIENTED_EDGE ( 'NONE', *, *, #955, .T. ) ;
#1017 = LINE ( 'NONE', #2442, #2078 ) ;
#1018 = CARTESIAN_POINT ( 'NONE',  ( 0.000000000000000000, 6.762707872179214874, 3.842104857881508462 ) ) ;
#1019 = DIRECTION ( 'NONE',  ( 0.000000000000000000, 0.000000000000000000, 1.000000000000000000 ) ) ;
#1020 = ADVANCED_FACE ( 'NONE', ( #2145 ), #4081, .F. ) ;
#1021 = EDGE_LOOP ( 'NONE', ( #1295, #3965, #112, #883 ) ) ;
#1022 = EDGE_CURVE ( 'NONE', #1141, #860, #1444, .T. ) ;
#1023 = ORIENTED_EDGE ( 'NONE', *, *, #2643, .T. ) ;
#1024 = EDGE_CURVE ( 'NONE', #3709, #2862, #4372, .T. ) ;
#1025 = ORIENTED_EDGE ( 'NONE', *, *, #3998, .T. ) ;
#1026 = DIRECTION ( 'NONE',  ( 0.000000000000000000, 0.000000000000000000, 1.000000000000000000 ) ) ;
#1027 = LINE ( 'NONE', #4703, #3126 ) ;
#1028 = DIRECTION ( 'NONE',  ( 0.000000000000000000, 0.000000000000000000, 1.000000000000000000 ) ) ;
#1029 = VERTEX_POINT ( 'NONE', #717 ) ;
#1030 = CARTESIAN_POINT ( 'NONE',  ( 0.2500000000000000000, 4.124999999999999112, 6.225570090571260096 ) ) ;
#1031 = DIRECTION ( 'NONE',  ( 0.000000000000000000, 0.000000000000000000, 1.000000000000000000 ) ) ;
#1032 = VERTEX_POINT ( 'NONE', #37 ) ;
#1033 = AXIS2_PLACEMENT_3D ( 'NONE', #4760, #1443, #3419 ) ;
#1034 = DIRECTION ( 'NONE',  ( -1.000000000000000000, 0.000000000000000000, 0.000000000000000000 ) ) ;
#1035 = DIRECTION ( 'NONE',  ( -1.000000000000000000, -0.000000000000000000, -0.000000000000000000 ) ) ;
#1036 = CARTESIAN_POINT ( 'NONE',  ( 0.2500393700787401641, 1.487292127820782683, 3.903128477881510072 ) ) ;
#1037 = AXIS2_PLACEMENT_3D ( 'NONE', #2572, #1828, #3346 ) ;
#1038 = ORIENTED_EDGE ( 'NONE', *, *, #4781, .F. ) ;
#1039 = FACE_OUTER_BOUND ( 'NONE', #4348, .T. ) ;
#1040 = FACE_OUTER_BOUND ( 'NONE', #4641, .T. ) ;
#1041 = PLANE ( 'NONE',  #846 ) ;
#1042 = ORIENTED_EDGE ( 'NONE', *, *, #4544, .T. ) ;
#1043 = AXIS2_PLACEMENT_3D ( 'NONE', #134, #521, #3446 ) ;
#1044 = VERTEX_POINT ( 'NONE', #1808 ) ;
#1045 = VECTOR ( 'NONE', #3880, 39.37007874015748143 ) ;
#1046 = ORIENTED_EDGE ( 'NONE', *, *, #3920, .T. ) ;
#1047 = CARTESIAN_POINT ( 'NONE',  ( 0.2500000000000000000, 6.529217371477883169, 2.469275428407054385 ) ) ;
#1048 = CARTESIAN_POINT ( 'NONE',  ( 0.2500000000000000000, 4.599999999999999645, 2.124999999999993783 ) ) ;
#1049 = VERTEX_POINT ( 'NONE', #2170 ) ;
#1051 = AXIS2_PLACEMENT_3D ( 'NONE', #3865, #549, #2433 ) ;
#1050 = DIRECTION ( 'NONE',  ( 0.000000000000000000, 0.000000000000000000, 1.000000000000000000 ) ) ;
#1052 = AXIS2_PLACEMENT_3D ( 'NONE', #2951, #3320, #1895 ) ;
#1053 = AXIS2_PLACEMENT_3D ( 'NONE', #1405, #1332, #633 ) ;
#1054 = ORIENTED_EDGE ( 'NONE', *, *, #672, .F. ) ;
#1055 = AXIS2_PLACEMENT_3D ( 'NONE', #1139, #3361, #1450 ) ;
#1056 = EDGE_CURVE ( 'NONE', #2408, #3991, #3639, .T. ) ;
#1057 = CARTESIAN_POINT ( 'NONE',  ( 0.000000000000000000, 3.649999999999999023, 2.124999999999993783 ) ) ;
#1058 = DIRECTION ( 'NONE',  ( 0.000000000000000000, 1.000000000000000000, -3.130716044161714238E-15 ) ) ;
#1059 = DIRECTION ( 'NONE',  ( 0.000000000000000000, 0.000000000000000000, 1.000000000000000000 ) ) ;
#1060 = ORIENTED_EDGE ( 'NONE', *, *, #163, .T. ) ;
#1061 = EDGE_LOOP ( 'NONE', ( #2743, #1245, #3926, #701 ) ) ;
#1062 = DIRECTION ( 'NONE',  ( -1.000000000000000000, -0.000000000000000000, -0.000000000000000000 ) ) ;
#1063 = CARTESIAN_POINT ( 'NONE',  ( 0.2500000000000000000, 4.706898539139774407, 6.533050410571259903 ) ) ;
#1064 = FACE_OUTER_BOUND ( 'NONE', #49, .T. ) ;
#1065 = ORIENTED_EDGE ( 'NONE', *, *, #2911, .F. ) ;
#1066 = EDGE_LOOP ( 'NONE', ( #979, #4564, #4282, #4319 ) ) ;
#1067 = CARTESIAN_POINT ( 'NONE',  ( 0.000000000000000000, 1.625000000000000888, 0.1250000000000000000 ) ) ;
#1068 = LINE ( 'NONE', #710, #2154 ) ;
#1069 = VECTOR ( 'NONE', #3850, 39.37007874015748143 ) ;
#1070 = CARTESIAN_POINT ( 'NONE',  ( 0.2500000000000000000, 4.706898539139774407, 6.633050410571259548 ) ) ;
#1071 = VERTEX_POINT ( 'NONE', #4761 ) ;
#1072 = DIRECTION ( 'NONE',  ( 0.000000000000000000, 0.000000000000000000, 1.000000000000000000 ) ) ;
#1073 = VECTOR ( 'NONE', #531, 39.37007874015748143 ) ;
#1074 = VECTOR ( 'NONE', #2267, 39.37007874015748143 ) ;
#1075 = ORIENTED_EDGE ( 'NONE', *, *, #4067, .F. ) ;
#1076 = AXIS2_PLACEMENT_3D ( 'NONE', #4097, #2953, #4436 ) ;
#1077 = EDGE_CURVE ( 'NONE', #4447, #2817, #667, .T. ) ;
#1078 = AXIS2_PLACEMENT_3D ( 'NONE', #54, #3411, #1535 ) ;
#1079 = ADVANCED_FACE ( 'NONE', ( #3717 ), #2913, .F. ) ;
#1080 = CARTESIAN_POINT ( 'NONE',  ( 0.2500000000000000000, 3.948931663097198452, 6.068089770571259756 ) ) ;
#1081 = LINE ( 'NONE', #2940, #1898 ) ;
#1082 = CARTESIAN_POINT ( 'NONE',  ( 0.2500000000000000000, 6.961379563433009565, 0.7287347885566355377 ) ) ;
#1083 = EDGE_CURVE ( 'NONE', #4376, #2157, #2961, .T. ) ;
#1084 = VECTOR ( 'NONE', #3450, 39.37007874015748143 ) ;
#1085 = ORIENTED_EDGE ( 'NONE', *, *, #4596, .F. ) ;
#1086 = VERTEX_POINT ( 'NONE', #3982 ) ;
#1087 = FACE_OUTER_BOUND ( 'NONE', #3946, .T. ) ;
#1088 = DIRECTION ( 'NONE',  ( 0.000000000000000000, 0.000000000000000000, 1.000000000000000000 ) ) ;
#1089 = FACE_OUTER_BOUND ( 'NONE', #2524, .T. ) ;
#1090 = EDGE_CURVE ( 'NONE', #135, #3106, #1582, .T. ) ;
#1091 = ORIENTED_EDGE ( 'NONE', *, *, #1580, .T. ) ;
#1092 = ORIENTED_EDGE ( 'NONE', *, *, #3155, .T. ) ;
#1093 = CARTESIAN_POINT ( 'NONE',  ( 0.000000000000000000, 1.625000000000000888, 0.06599999999999987821 ) ) ;
#1094 = CARTESIAN_POINT ( 'NONE',  ( 0.000000000000000000, 4.599999999999999645, 5.819066801422758672 ) ) ;
#1095 = LINE ( 'NONE', #800, #3517 ) ;
#1096 = ORIENTED_EDGE ( 'NONE', *, *, #3884, .F. ) ;
#1097 = CARTESIAN_POINT ( 'NONE',  ( 0.000000000000000000, 1.125000000000001776, 3.434000000000000163 ) ) ;
#1098 = EDGE_CURVE ( 'NONE', #1337, #1049, #3125, .T. ) ;
#1099 = VERTEX_POINT ( 'NONE', #859 ) ;
#1100 = FACE_OUTER_BOUND ( 'NONE', #3229, .T. ) ;
#1101 = EDGE_LOOP ( 'NONE', ( #3124, #1254, #3103, #462 ) ) ;
#1102 = EDGE_CURVE ( 'NONE', #4322, #2499, #1179, .T. ) ;
#1103 = CARTESIAN_POINT ( 'NONE',  ( 0.2500000000000000000, 5.189406462572663692, 5.907016651711766819 ) ) ;
#1104 = CARTESIAN_POINT ( 'NONE',  ( 0.2500000000000000000, 3.749999999999996891, 1.274999999999999023 ) ) ;
#1105 = LINE ( 'NONE', #1082, #394 ) ;
#1106 = EDGE_CURVE ( 'NONE', #3521, #3374, #4683, .T. ) ;
#1107 = VECTOR ( 'NONE', #463, 39.37007874015748143 ) ;
#1108 = ORIENTED_EDGE ( 'NONE', *, *, #2379, .T. ) ;
#1109 = EDGE_LOOP ( 'NONE', ( #2759, #1991, #1735, #3455 ) ) ;
#1110 = DIRECTION ( 'NONE',  ( 1.000000000000000000, 0.000000000000000000, 0.000000000000000000 ) ) ;
#1111 = DIRECTION ( 'NONE',  ( 1.000000000000000000, 0.000000000000000000, 0.000000000000000000 ) ) ;
#1112 = DIRECTION ( 'NONE',  ( -0.000000000000000000, 0.7771458215321023211, 0.6293205638426205839 ) ) ;
#1113 = AXIS2_PLACEMENT_3D ( 'NONE', #3783, #4105, #2645 ) ;
#1114 = VERTEX_POINT ( 'NONE', #3830 ) ;
#1115 = ADVANCED_FACE ( 'NONE', ( #497 ), #4563, .F. ) ;
#1116 = ORIENTED_EDGE ( 'NONE', *, *, #3643, .T. ) ;
#1117 = CARTESIAN_POINT ( 'NONE',  ( 0.1250000000000000000, 4.124999999999999112, 6.633050410571259548 ) ) ;
#1118 = PLANE ( 'NONE',  #310 ) ;
#1119 = DIRECTION ( 'NONE',  ( 0.000000000000000000, 0.000000000000000000, 1.000000000000000000 ) ) ;
#1120 = ORIENTED_EDGE ( 'NONE', *, *, #1805, .F. ) ;
#1121 = LINE ( 'NONE', #467, #2543 ) ;
#1122 = EDGE_CURVE ( 'NONE', #1573, #3253, #1428, .T. ) ;
#1123 = EDGE_LOOP ( 'NONE', ( #1886, #1025, #4601, #2802 ) ) ;
#1124 = LINE ( 'NONE', #3007, #585 ) ;
#1125 = VECTOR ( 'NONE', #2262, 39.37007874015748143 ) ;
#1126 = COORDINATED_UNIVERSAL_TIME_OFFSET ( 8, 0, .BEHIND. ) ;
#1127 = AXIS2_PLACEMENT_3D ( 'NONE', #3570, #1734, #3906 ) ;
#1128 = ORIENTED_EDGE ( 'NONE', *, *, #1457, .F. ) ;
#1129 = AXIS2_PLACEMENT_3D ( 'NONE', #4071, #1508, #2185 ) ;
#1130 = DIRECTION ( 'NONE',  ( 0.000000000000000000, 0.000000000000000000, 1.000000000000000000 ) ) ;
#1131 = CARTESIAN_POINT ( 'NONE',  ( 0.000000000000000000, 1.125000000000000666, 0.1250000000000000000 ) ) ;
#1132 = LINE ( 'NONE', #2603, #1010 ) ;
#1133 = AXIS2_PLACEMENT_3D ( 'NONE', #3477, #849, #870 ) ;
#1134 = EDGE_CURVE ( 'NONE', #2059, #2900, #3663, .T. ) ;
#1135 = ORIENTED_EDGE ( 'NONE', *, *, #1792, .F. ) ;
#1136 = ORIENTED_EDGE ( 'NONE', *, *, #424, .F. ) ;
#1137 = CARTESIAN_POINT ( 'NONE',  ( 0.000000000000000000, 1.125000000000001776, 3.375000000000000000 ) ) ;
#1138 = DIRECTION ( 'NONE',  ( -0.000000000000000000, 1.000000000000000000, 7.189935480423462371E-16 ) ) ;
#1139 = CARTESIAN_POINT ( 'NONE',  ( 0.000000000000000000, 6.624999999999999112, 1.501989783036315140 ) ) ;
#1140 = ADVANCED_FACE ( 'NONE', ( #1221 ), #4106, .T. ) ;
#1141 = VERTEX_POINT ( 'NONE', #1157 ) ;
#1142 = DIRECTION ( 'NONE',  ( 0.000000000000000000, 0.2873478855663469389, -0.9578262852211509859 ) ) ;
#1143 = FACE_BOUND ( 'NONE', #3769, .T. ) ;
#1144 = LINE ( 'NONE', #4411, #436 ) ;
#1145 = ORIENTED_EDGE ( 'NONE', *, *, #3665, .F. ) ;
#1146 = EDGE_CURVE ( 'NONE', #1536, #1044, #4491, .T. ) ;
#1147 = CARTESIAN_POINT ( 'NONE',  ( 0.2500000000000000000, 4.499999999999999112, 3.975000000000000533 ) ) ;
#1148 = EDGE_CURVE ( 'NONE', #445, #3044, #425, .T. ) ;
#1149 = ORIENTED_EDGE ( 'NONE', *, *, #1712, .F. ) ;
#1150 = CIRCLE ( 'NONE', #1843, 0.09999999999999947820 ) ;
#1151 = LINE ( 'NONE', #2639, #1264 ) ;
#1152 = ORIENTED_EDGE ( 'NONE', *, *, #1148, .F. ) ;
#1153 = VECTOR ( 'NONE', #1532, 39.37007874015748143 ) ;
#1154 = AXIS2_PLACEMENT_3D ( 'NONE', #457, #2197, #2944 ) ;
#1155 = AXIS2_PLACEMENT_3D ( 'NONE', #4047, #446, #8 ) ;
#1156 = CARTESIAN_POINT ( 'NONE',  ( 0.000000000000000000, 1.961379563433010231, 0.7287347885566365369 ) ) ;
#1157 = CARTESIAN_POINT ( 'NONE',  ( 0.2500000000000000000, 7.249999999999999112, 0.000000000000000000 ) ) ;
#1158 = CARTESIAN_POINT ( 'NONE',  ( 0.2500000000000000000, 2.999999999999999556, 0.2500000000000000555 ) ) ;
#1159 = AXIS2_PLACEMENT_3D ( 'NONE', #300, #3222, #1771 ) ;
#1160 = ORIENTED_EDGE ( 'NONE', *, *, #4664, .F. ) ;
#1161 = DIRECTION ( 'NONE',  ( 0.000000000000000000, -3.130716044161714238E-15, -1.000000000000000000 ) ) ;
#1162 = LINE ( 'NONE', #2607, #3364 ) ;
#1163 = AXIS2_PLACEMENT_3D ( 'NONE', #1036, #1693, #3936 ) ;
#1164 = DIRECTION ( 'NONE',  ( 1.000000000000000000, 0.000000000000000000, 0.000000000000000000 ) ) ;
#1165 = ORIENTED_EDGE ( 'NONE', *, *, #3643, .F. ) ;
#1166 = DIRECTION ( 'NONE',  ( 0.000000000000000000, 0.000000000000000000, 1.000000000000000000 ) ) ;
#1167 = FACE_BOUND ( 'NONE', #41, .T. ) ;
#1168 = DIRECTION ( 'NONE',  ( 0.000000000000000000, 0.000000000000000000, 1.000000000000000000 ) ) ;
#1169 = ORIENTED_EDGE ( 'NONE', *, *, #2703, .F. ) ;
#1170 = CARTESIAN_POINT ( 'NONE',  ( 0.000000000000000000, 3.572285417846788214, 5.881998857807020364 ) ) ;
#1171 = EDGE_CURVE ( 'NONE', #1555, #4267, #4755, .T. ) ;
#1172 = ADVANCED_FACE ( 'NONE', ( #3784 ), #4124, .F. ) ;
#1173 = EDGE_CURVE ( 'NONE', #1876, #624, #2715, .T. ) ;
#1174 = ORIENTED_EDGE ( 'NONE', *, *, #4031, .T. ) ;
#1175 = EDGE_CURVE ( 'NONE', #1878, #3232, #4193, .T. ) ;
#1176 = LINE ( 'NONE', #353, #804 ) ;
#1177 = ORIENTED_EDGE ( 'NONE', *, *, #1175, .T. ) ;
#1178 = DIRECTION ( 'NONE',  ( -1.000000000000000000, -0.000000000000000000, -0.000000000000000000 ) ) ;
#1179 = LINE ( 'NONE', #1994, #2509 ) ;
#1180 = CARTESIAN_POINT ( 'NONE',  ( 0.000000000000000000, 3.754999999999853788, 2.625000000000123901 ) ) ;
#1181 = VERTEX_POINT ( 'NONE', #3420 ) ;
#1182 = DIRECTION ( 'NONE',  ( 0.000000000000000000, 0.2873478855663463283, -0.9578262852211510969 ) ) ;
#1183 = DIRECTION ( 'NONE',  ( 0.000000000000000000, 0.000000000000000000, 1.000000000000000000 ) ) ;
#1184 = DIRECTION ( 'NONE',  ( -1.000000000000000000, -0.000000000000000000, -0.000000000000000000 ) ) ;
#1185 = EDGE_LOOP ( 'NONE', ( #433, #564, #3914, #4076 ) ) ;
#1186 = DIRECTION ( 'NONE',  ( -1.000000000000000000, -0.000000000000000000, -0.000000000000000000 ) ) ;
#1187 = FACE_BOUND ( 'NONE', #3363, .T. ) ;
#1188 = CIRCLE ( 'NONE', #1885, 0.1000000000000000194 ) ;
#1189 = FACE_OUTER_BOUND ( 'NONE', #3223, .T. ) ;
#1190 = EDGE_LOOP ( 'NONE', ( #2207, #3087, #2386, #4791 ) ) ;
#1191 = CYLINDRICAL_SURFACE ( 'NONE', #2005, 0.05900000000000005934 ) ;
#1192 = VERTEX_POINT ( 'NONE', #882 ) ;
#1193 = DIRECTION ( 'NONE',  ( 0.000000000000000000, 7.189935480423463357E-16, -1.000000000000000000 ) ) ;
#1194 = ORIENTED_EDGE ( 'NONE', *, *, #1955, .T. ) ;
#1195 = CIRCLE ( 'NONE', #1970, 0.1000000000000000194 ) ;
#1196 = AXIS2_PLACEMENT_3D ( 'NONE', #3540, #3180, #3563 ) ;
#1197 = DIRECTION ( 'NONE',  ( 0.000000000000000000, -0.7771458215321028762, -0.6293205638426198067 ) ) ;
#1198 = DIRECTION ( 'NONE',  ( 1.000000000000000000, 0.000000000000000000, 0.000000000000000000 ) ) ;
#1199 = DIRECTION ( 'NONE',  ( 0.000000000000000000, 0.000000000000000000, 1.000000000000000000 ) ) ;
#1200 = EDGE_CURVE ( 'NONE', #4059, #4653, #1927, .T. ) ;
#1201 = AXIS2_PLACEMENT_3D ( 'NONE', #2329, #4579, #1945 ) ;
#1202 = CIRCLE ( 'NONE', #2897, 0.05899999999999683276 ) ;
#1203 = EDGE_CURVE ( 'NONE', #2361, #2488, #1195, .T. ) ;
#1204 = VERTEX_POINT ( 'NONE', #1562 ) ;
#1205 = DIRECTION ( 'NONE',  ( 0.000000000000000000, 0.000000000000000000, 1.000000000000000000 ) ) ;
#1206 = VECTOR ( 'NONE', #3142, 39.37007874015748854 ) ;
#1207 = LINE ( 'NONE', #93, #2282 ) ;
#1208 = CARTESIAN_POINT ( 'NONE',  ( 0.2500000000000000000, 3.649999999999990141, 3.460263137648704301 ) ) ;
#1209 = ORIENTED_EDGE ( 'NONE', *, *, #1203, .F. ) ;
#1210 = CARTESIAN_POINT ( 'NONE',  ( 0.000000000000000000, 4.599999999999992539, 0.2500000000000000555 ) ) ;
#1211 = DIRECTION ( 'NONE',  ( -1.000000000000000000, -0.000000000000000000, -0.000000000000000000 ) ) ;
#1212 = LINE ( 'NONE', #3115, #2823 ) ;
#1213 = ORIENTED_EDGE ( 'NONE', *, *, #1604, .T. ) ;
#1214 = CARTESIAN_POINT ( 'NONE',  ( 0.000000000000000000, 4.599999999999992539, 0.3500000000000000333 ) ) ;
#1215 = ORIENTED_EDGE ( 'NONE', *, *, #3060, .T. ) ;
#1216 = FACE_OUTER_BOUND ( 'NONE', #1838, .T. ) ;
#1217 = DIRECTION ( 'NONE',  ( 0.000000000000000000, 1.000000000000000000, -9.746076076137871816E-15 ) ) ;
#1218 = ORIENTED_EDGE ( 'NONE', *, *, #4243, .F. ) ;
#1219 = DIRECTION ( 'NONE',  ( 0.000000000000000000, -0.2873478855663465503, 0.9578262852211510969 ) ) ;
#1220 = CIRCLE ( 'NONE', #3928, 0.1000000000000000194 ) ;
#1221 = FACE_OUTER_BOUND ( 'NONE', #1101, .T. ) ;
#1222 = EDGE_CURVE ( 'NONE', #32, #1369, #2358, .T. ) ;
#1223 = EDGE_CURVE ( 'NONE', #2571, #817, #4208, .T. ) ;
#1224 = CIRCLE ( 'NONE', #1775, 0.09999999999999947820 ) ;
#1225 = ORIENTED_EDGE ( 'NONE', *, *, #1413, .F. ) ;
#1226 = DIRECTION ( 'NONE',  ( 0.000000000000000000, 0.000000000000000000, -1.000000000000000000 ) ) ;
#1227 = DIRECTION ( 'NONE',  ( -1.000000000000000000, -0.000000000000000000, -0.000000000000000000 ) ) ;
#1228 = CARTESIAN_POINT ( 'NONE',  ( 0.2500000000000000000, 1.625000000000000888, 0.1840000000000001079 ) ) ;
#1229 = VECTOR ( 'NONE', #3834, 39.37007874015748143 ) ;
#1230 = CIRCLE ( 'NONE', #3248, 0.09999999999999975575 ) ;
#1231 = ORIENTED_EDGE ( 'NONE', *, *, #1056, .F. ) ;
#1232 = FACE_OUTER_BOUND ( 'NONE', #2589, .T. ) ;
#1233 = DIRECTION ( 'NONE',  ( 1.000000000000000000, 0.000000000000000000, 0.000000000000000000 ) ) ;
#1234 = CARTESIAN_POINT ( 'NONE',  ( 0.000000000000000000, 4.124999999999999112, 2.624999999999999556 ) ) ;
#1235 = VERTEX_POINT ( 'NONE', #4269 ) ;
#1236 = CARTESIAN_POINT ( 'NONE',  ( 0.000000000000000000, 5.679999999999999716, 2.499999999999986233 ) ) ;
#1237 = VECTOR ( 'NONE', #987, 39.37007874015748143 ) ;
#1238 = ORIENTED_EDGE ( 'NONE', *, *, #1500, .T. ) ;
#1239 = DIRECTION ( 'NONE',  ( -1.000000000000000000, -0.000000000000000000, -0.000000000000000000 ) ) ;
#1240 = LINE ( 'NONE', #514, #1537 ) ;
#1241 = CARTESIAN_POINT ( 'NONE',  ( 0.2500000000000000000, 7.124999999999999112, 0.06599999999999983658 ) ) ;
#1242 = DIRECTION ( 'NONE',  ( 0.000000000000000000, 9.746076076137871816E-15, 1.000000000000000000 ) ) ;
#1243 = ORIENTED_EDGE ( 'NONE', *, *, #2140, .F. ) ;
#1244 = CARTESIAN_POINT ( 'NONE',  ( 0.2500000000000000000, 4.124999999999999112, 2.624999999999999556 ) ) ;
#1245 = ORIENTED_EDGE ( 'NONE', *, *, #947, .F. ) ;
#1246 = ORIENTED_EDGE ( 'NONE', *, *, #723, .T. ) ;
#1247 = DIRECTION ( 'NONE',  ( -1.000000000000000000, -0.000000000000000000, -0.000000000000000000 ) ) ;
#1248 = DIRECTION ( 'NONE',  ( -1.000000000000000000, -0.000000000000000000, -0.000000000000000000 ) ) ;
#1249 = DIRECTION ( 'NONE',  ( 0.000000000000000000, 0.2873478855663469389, -0.9578262852211509859 ) ) ;
#1250 = EDGE_LOOP ( 'NONE', ( #2754, #203, #3724, #1169 ) ) ;
#1251 = DIRECTION ( 'NONE',  ( 1.000000000000000000, 0.000000000000000000, 0.000000000000000000 ) ) ;
#1252 = CARTESIAN_POINT ( 'NONE',  ( 0.2500000000000000000, 5.189406462572663692, 5.845993031711765653 ) ) ;
#1253 = CARTESIAN_POINT ( 'NONE',  ( 0.2500000000000000000, 2.778169014084495458, 3.054481236115698550 ) ) ;
#1254 = ORIENTED_EDGE ( 'NONE', *, *, #2963, .F. ) ;
#1255 = CARTESIAN_POINT ( 'NONE',  ( 0.2500000000000000000, 5.471830985915490331, 0.4455187638843141618 ) ) ;
#1256 = EDGE_CURVE ( 'NONE', #660, #1756, #3929, .T. ) ;
#1257 = EDGE_LOOP ( 'NONE', ( #4085, #158 ) ) ;
#1258 = AXIS2_PLACEMENT_3D ( 'NONE', #3407, #1569, #3041 ) ;
#1259 = CARTESIAN_POINT ( 'NONE',  ( 0.2500000000000000000, 1.000000000000001110, 3.500000000000000000 ) ) ;
#1260 = CARTESIAN_POINT ( 'NONE',  ( 0.2500000000000000000, 3.649999999999999023, 3.875000000000000000 ) ) ;
#1261 = PLANE ( 'NONE',  #1196 ) ;
#1262 = DIRECTION ( 'NONE',  ( 0.000000000000000000, 0.000000000000000000, 1.000000000000000000 ) ) ;
#1263 = VERTEX_POINT ( 'NONE', #623 ) ;
#1264 = VECTOR ( 'NONE', #2280, 39.37007874015748143 ) ;
#1265 = DIRECTION ( 'NONE',  ( 1.000000000000000000, 0.000000000000000000, 0.000000000000000000 ) ) ;
#1266 = ORIENTED_EDGE ( 'NONE', *, *, #4777, .F. ) ;
#1267 = VECTOR ( 'NONE', #1860, 39.37007874015748143 ) ;
#1268 = ORIENTED_EDGE ( 'NONE', *, *, #810, .T. ) ;
#1269 = DIRECTION ( 'NONE',  ( 0.8571673007021123336, 0.000000000000000000, 0.5150380749100541555 ) ) ;
#1270 = PLANE ( 'NONE',  #1361 ) ;
#1271 = VECTOR ( 'NONE', #2117, 39.37007874015748143 ) ;
#1272 = CARTESIAN_POINT ( 'NONE',  ( 0.2500000000000000000, 1.288620436566990435, 0.7287347885566365369 ) ) ;
#1273 = AXIS2_PLACEMENT_3D ( 'NONE', #4584, #1008, #286 ) ;
#1274 = ADVANCED_FACE ( 'NONE', ( #1324 ), #4686, .F. ) ;
#1275 = ORIENTED_EDGE ( 'NONE', *, *, #4148, .F. ) ;
#1276 = AXIS2_PLACEMENT_3D ( 'NONE', #3228, #1366, #1754 ) ;
#1277 = LINE ( 'NONE', #3112, #3349 ) ;
#1278 = DIRECTION ( 'NONE',  ( 0.000000000000000000, 0.000000000000000000, -1.000000000000000000 ) ) ;
#1279 = CARTESIAN_POINT ( 'NONE',  ( 0.2500000000000000000, 4.599999999999999645, 3.975000000000000089 ) ) ;
#1280 = EDGE_LOOP ( 'NONE', ( #2133, #2638, #3628, #1398 ) ) ;
#1281 = CARTESIAN_POINT ( 'NONE',  ( 0.2500000000000000000, 4.599999999999999645, 5.919066801422759205 ) ) ;
#1282 = CIRCLE ( 'NONE', #3828, 0.09999999999999947820 ) ;
#1283 = EDGE_CURVE ( 'NONE', #3082, #1825, #354, .T. ) ;
#1284 = ORIENTED_EDGE ( 'NONE', *, *, #2722, .T. ) ;
#1285 = EDGE_CURVE ( 'NONE', #4588, #3207, #2201, .T. ) ;
#1286 = FACE_BOUND ( 'NONE', #1534, .T. ) ;
#1287 = DIRECTION ( 'NONE',  ( 0.000000000000000000, 0.000000000000000000, 1.000000000000000000 ) ) ;
#1288 = EDGE_CURVE ( 'NONE', #1521, #4422, #1355, .T. ) ;
#1289 = CARTESIAN_POINT ( 'NONE',  ( 0.2500000000000000000, 1.625000000000000222, 1.501989783036315140 ) ) ;
#1290 = DIRECTION ( 'NONE',  ( 1.000000000000000000, 0.000000000000000000, 0.000000000000000000 ) ) ;
#1291 = ORIENTED_EDGE ( 'NONE', *, *, #1256, .F. ) ;
#1292 = EDGE_CURVE ( 'NONE', #3991, #2741, #1743, .T. ) ;
#1293 = FACE_OUTER_BOUND ( 'NONE', #2935, .T. ) ;
#1294 = CYLINDRICAL_SURFACE ( 'NONE', #2357, 0.1000000000000000194 ) ;
#1295 = ORIENTED_EDGE ( 'NONE', *, *, #606, .T. ) ;
#1296 = ORIENTED_EDGE ( 'NONE', *, *, #1288, .F. ) ;
#1297 = CIRCLE ( 'NONE', #2915, 0.04999999999999973910 ) ;
#1298 = LINE ( 'NONE', #139, #3464 ) ;
#1299 = DIRECTION ( 'NONE',  ( 0.000000000000000000, -0.000000000000000000, 1.000000000000000000 ) ) ;
#1300 = DIRECTION ( 'NONE',  ( 0.000000000000000000, -0.2873478855663463283, -0.9578262852211510969 ) ) ;
#1301 = ORIENTED_EDGE ( 'NONE', *, *, #1879, .T. ) ;
#1302 = LINE ( 'NONE', #2506, #875 ) ;
#1303 = DIRECTION ( 'NONE',  ( 0.000000000000000000, 0.000000000000000000, 1.000000000000000000 ) ) ;
#1304 = CIRCLE ( 'NONE', #4788, 0.7581413655441404664 ) ;
#1305 = LINE ( 'NONE', #3172, #4141 ) ;
#1306 = EDGE_LOOP ( 'NONE', ( #965, #2186, #2006, #1995, #2200, #1453 ) ) ;
#1307 = EDGE_CURVE ( 'NONE', #1636, #362, #1659, .T. ) ;
#1308 = CARTESIAN_POINT ( 'NONE',  ( 0.000000000000000000, 4.124999999999999112, 2.624999999999999556 ) ) ;
#1309 = ORIENTED_EDGE ( 'NONE', *, *, #606, .F. ) ;
#1310 = AXIS2_PLACEMENT_3D ( 'NONE', #4532, #1217, #1242 ) ;
#1311 = AXIS2_PLACEMENT_3D ( 'NONE', #2563, #1451, #4040 ) ;
#1312 = ORIENTED_EDGE ( 'NONE', *, *, #990, .T. ) ;
#1313 = DIRECTION ( 'NONE',  ( 1.000000000000000000, 0.000000000000000000, 0.000000000000000000 ) ) ;
#1314 = FACE_OUTER_BOUND ( 'NONE', #3560, .T. ) ;
#1315 = LINE ( 'NONE', #2757, #3514 ) ;
#1316 = EDGE_CURVE ( 'NONE', #4048, #3901, #2019, .T. ) ;
#1317 = CARTESIAN_POINT ( 'NONE',  ( 0.000000000000000000, 3.754999999999853788, 2.575000000000124079 ) ) ;
#1318 = ORIENTED_EDGE ( 'NONE', *, *, #2995, .F. ) ;
#1319 = AXIS2_PLACEMENT_3D ( 'NONE', #3305, #4737, #3280 ) ;
#1320 = CARTESIAN_POINT ( 'NONE',  ( 0.2500000000000000000, 3.649999999999999023, 2.124999999999993783 ) ) ;
#1321 = CC_DESIGN_PERSON_AND_ORGANIZATION_ASSIGNMENT ( #2075, #1349, ( #2022 ) ) ;
#1322 = ADVANCED_FACE ( 'NONE', ( #2406 ), #1294, .F. ) ;
#1323 = EDGE_CURVE ( 'NONE', #2499, #1568, #3129, .T. ) ;
#1324 = FACE_OUTER_BOUND ( 'NONE', #447, .T. ) ;
#1325 = EDGE_LOOP ( 'NONE', ( #3301, #3728, #3871, #3993 ) ) ;
#1326 = EDGE_LOOP ( 'NONE', ( #4545, #375, #1750, #588 ) ) ;
#1327 = DATE_AND_TIME ( #1739, #4708 ) ;
#1328 = PLANE ( 'NONE',  #3747 ) ;
#1329 = CARTESIAN_POINT ( 'NONE',  ( 0.2500000000000000000, 6.249999999999999112, 2.499999999999987121 ) ) ;
#1330 = ORIENTED_EDGE ( 'NONE', *, *, #2146, .F. ) ;
#1331 = FACE_OUTER_BOUND ( 'NONE', #4403, .T. ) ;
#1332 = DIRECTION ( 'NONE',  ( 1.000000000000000000, -0.000000000000000000, -0.000000000000000000 ) ) ;
#1333 = ORIENTED_EDGE ( 'NONE', *, *, #424, .T. ) ;
#1334 = DIRECTION ( 'NONE',  ( 0.000000000000000000, 0.000000000000000000, 1.000000000000000000 ) ) ;
#1335 = EDGE_LOOP ( 'NONE', ( #2195, #1703, #1213, #874 ) ) ;
#1336 = ORIENTED_EDGE ( 'NONE', *, *, #984, .T. ) ;
#1337 = VERTEX_POINT ( 'NONE', #2811 ) ;
#1338 = DIRECTION ( 'NONE',  ( 0.000000000000000000, 0.000000000000000000, -1.000000000000000000 ) ) ;
#1339 = DIRECTION ( 'NONE',  ( 1.000000000000000000, 0.000000000000000000, -0.000000000000000000 ) ) ;
#1340 = DIRECTION ( 'NONE',  ( 0.000000000000000000, 0.000000000000000000, 1.000000000000000000 ) ) ;
#1341 = VERTEX_POINT ( 'NONE', #3159 ) ;
#1342 = CARTESIAN_POINT ( 'NONE',  ( 0.000000000000000000, 4.499999999999992895, 0.3500000000000005884 ) ) ;
#1343 = ADVANCED_FACE ( 'NONE', ( #3591 ), #4640, .F. ) ;
#1344 = CARTESIAN_POINT ( 'NONE',  ( 0.2500000000000000000, 2.570000000000001172, 2.440999999999986514 ) ) ;
#1345 = EDGE_LOOP ( 'NONE', ( #4677, #4284, #1016, #2676 ) ) ;
#1346 = VECTOR ( 'NONE', #3678, 39.37007874015748143 ) ;
#1347 = EDGE_CURVE ( 'NONE', #1192, #4259, #355, .T. ) ;
#1348 = VERTEX_POINT ( 'NONE', #2072 ) ;
#1349 = PERSON_AND_ORGANIZATION_ROLE ( 'creator' ) ;
#1350 = FACE_OUTER_BOUND ( 'NONE', #1751, .T. ) ;
#1351 = ADVANCED_FACE ( 'NONE', ( #3546 ), #2454, .F. ) ;
#1352 = CARTESIAN_POINT ( 'NONE',  ( 0.000000000000000000, 1.288620436566990435, 3.271265211443363352 ) ) ;
#1353 = EDGE_CURVE ( 'NONE', #275, #1473, #2892, .T. ) ;
#1354 = ORIENTED_EDGE ( 'NONE', *, *, #4340, .T. ) ;
#1355 = CIRCLE ( 'NONE', #39, 0.04999999999999973910 ) ;
#1356 = CARTESIAN_POINT ( 'NONE',  ( 0.2500000000000000000, 1.125000000000000666, 0.06600000000000003086 ) ) ;
#1357 = CONICAL_SURFACE ( 'NONE', #3435, 0.04921259842519662420, 1.029744258676654534 ) ;
#1358 = DIRECTION ( 'NONE',  ( 1.000000000000000000, 0.000000000000000000, 0.000000000000000000 ) ) ;
#1359 = FACE_OUTER_BOUND ( 'NONE', #1392, .T. ) ;
#1360 = ORIENTED_EDGE ( 'NONE', *, *, #4303, .F. ) ;
#1361 = AXIS2_PLACEMENT_3D ( 'NONE', #2388, #169, #4225 ) ;
#1362 = EDGE_LOOP ( 'NONE', ( #1596, #2235 ) ) ;
#1363 = VERTEX_POINT ( 'NONE', #4294 ) ;
#1364 = CARTESIAN_POINT ( 'NONE',  ( 0.2500000000000000000, 3.649999999999999023, 3.875000000000000000 ) ) ;
#1365 = CARTESIAN_POINT ( 'NONE',  ( 0.000000000000000000, 1.384403065089105045, 0.7000000000000012879 ) ) ;
#1366 = DIRECTION ( 'NONE',  ( -1.000000000000000000, -0.000000000000000000, -0.000000000000000000 ) ) ;
#1367 = ADVANCED_BREP_SHAPE_REPRESENTATION ( 'Top Chassis Plate', ( #3133, #2845 ), #2465 ) ;
#1368 = AXIS2_PLACEMENT_3D ( 'NONE', #2443, #3916, #2153 ) ;
#1369 = VERTEX_POINT ( 'NONE', #982 ) ;
#1370 = DIRECTION ( 'NONE',  ( 0.000000000000000000, -7.886273575600313290E-15, 1.000000000000000000 ) ) ;
#1371 = DIRECTION ( 'NONE',  ( 0.000000000000000000, 0.000000000000000000, -1.000000000000000000 ) ) ;
#1372 = EDGE_LOOP ( 'NONE', ( #3972, #3885, #4493, #4192 ) ) ;
#1373 = EDGE_LOOP ( 'NONE', ( #649, #642 ) ) ;
#1374 = DATE_AND_TIME ( #962, #532 ) ;
#1375 = CARTESIAN_POINT ( 'NONE',  ( 0.000000000000000000, 2.850000000000004086, 2.124999999999987121 ) ) ;
#1376 = EDGE_CURVE ( 'NONE', #1636, #803, #4367, .T. ) ;
#1377 = CARTESIAN_POINT ( 'NONE',  ( 0.2500000000000000000, 6.865596934910894511, 0.7000000000000001776 ) ) ;
#1378 = ADVANCED_FACE ( 'NONE', ( #2740 ), #4221, .F. ) ;
#1379 = EDGE_CURVE ( 'NONE', #3019, #2098, #3231, .T. ) ;
#1380 = ORIENTED_EDGE ( 'NONE', *, *, #2666, .F. ) ;
#1381 = FACE_OUTER_BOUND ( 'NONE', #4360, .T. ) ;
#1382 = CARTESIAN_POINT ( 'NONE',  ( 0.000000000000000000, 6.762707872179214874, 3.903128477881510072 ) ) ;
#1383 = DIRECTION ( 'NONE',  ( 0.000000000000000000, 0.000000000000000000, -1.000000000000000000 ) ) ;
#1384 = VERTEX_POINT ( 'NONE', #2865 ) ;
#1385 = ORIENTED_EDGE ( 'NONE', *, *, #4126, .F. ) ;
#1386 = VECTOR ( 'NONE', #1161, 39.37007874015748143 ) ;
#1387 = VECTOR ( 'NONE', #4682, 39.37007874015748143 ) ;
#1388 = ORIENTED_EDGE ( 'NONE', *, *, #1285, .F. ) ;
#1389 = DIRECTION ( 'NONE',  ( 1.000000000000000000, 0.000000000000000000, 0.000000000000000000 ) ) ;
#1390 = LINE ( 'NONE', #4312, #2510 ) ;
#1391 = LINE ( 'NONE', #1433, #1905 ) ;
#1392 = EDGE_LOOP ( 'NONE', ( #2471, #3047, #1892, #2804 ) ) ;
#1393 = DIRECTION ( 'NONE',  ( 0.000000000000000000, 2.504572835329379595E-14, 1.000000000000000000 ) ) ;
#1394 = LOCAL_TIME ( 16, 15, 15.00000000000000000, #651 ) ;
#1395 = AXIS2_PLACEMENT_3D ( 'NONE', #3175, #4651, #1334 ) ;
#1396 = VECTOR ( 'NONE', #3599, 39.37007874015748143 ) ;
#1397 = DIRECTION ( 'NONE',  ( -1.000000000000000000, -0.000000000000000000, -0.000000000000000000 ) ) ;
#1398 = ORIENTED_EDGE ( 'NONE', *, *, #947, .T. ) ;
#1399 = DIRECTION ( 'NONE',  ( 0.000000000000000000, 0.000000000000000000, 1.000000000000000000 ) ) ;
#1400 = DIRECTION ( 'NONE',  ( -1.000000000000000000, -0.000000000000000000, -0.000000000000000000 ) ) ;
#1401 = DIRECTION ( 'NONE',  ( -1.000000000000000000, -0.000000000000000000, -0.000000000000000000 ) ) ;
#1402 = ORIENTED_EDGE ( 'NONE', *, *, #296, .F. ) ;
#1403 = CC_DESIGN_DATE_AND_TIME_ASSIGNMENT ( #1327, #11, ( #2022 ) ) ;
#1404 = DIRECTION ( 'NONE',  ( -1.000000000000000000, -0.000000000000000000, -0.000000000000000000 ) ) ;
#1405 = CARTESIAN_POINT ( 'NONE',  ( 0.000000000000000000, 3.754999999999853788, 2.625000000000123901 ) ) ;
#1406 = LINE ( 'NONE', #1426, #3856 ) ;
#1407 = ORIENTED_EDGE ( 'NONE', *, *, #2762, .T. ) ;
#1408 = VERTEX_POINT ( 'NONE', #4342 ) ;
#1409 = ORIENTED_EDGE ( 'NONE', *, *, #1634, .F. ) ;
#1410 = DIRECTION ( 'NONE',  ( 0.000000000000000000, 0.000000000000000000, 1.000000000000000000 ) ) ;
#1411 = DIRECTION ( 'NONE',  ( 0.000000000000000000, 0.000000000000000000, -1.000000000000000000 ) ) ;
#1412 = ORIENTED_EDGE ( 'NONE', *, *, #3360, .T. ) ;
#1413 = EDGE_CURVE ( 'NONE', #1235, #1620, #206, .T. ) ;
#1414 = DIRECTION ( 'NONE',  ( 0.000000000000000000, 0.000000000000000000, -1.000000000000000000 ) ) ;
#1415 = ORIENTED_EDGE ( 'NONE', *, *, #674, .F. ) ;
#1416 = VECTOR ( 'NONE', #1186, 39.37007874015748143 ) ;
#1417 = CARTESIAN_POINT ( 'NONE',  ( 0.2500000000000000000, 4.124999999999999112, 2.874999999999999112 ) ) ;
#1418 = CARTESIAN_POINT ( 'NONE',  ( 0.000000000000000000, 3.649999999999990141, 3.460263137648704301 ) ) ;
#1419 = DIRECTION ( 'NONE',  ( 0.000000000000000000, -0.2873478855663465503, 0.9578262852211510969 ) ) ;
#1420 = CIRCLE ( 'NONE', #186, 0.1000000000000000194 ) ;
#1421 = ORIENTED_EDGE ( 'NONE', *, *, #3379, .T. ) ;
#1422 = ORIENTED_EDGE ( 'NONE', *, *, #3943, .T. ) ;
#1423 = CARTESIAN_POINT ( 'NONE',  ( 0.2500000000000000000, 4.599999999999992539, 0.3500000000000000333 ) ) ;
#1424 = EDGE_CURVE ( 'NONE', #2045, #32, #1583, .T. ) ;
#1425 = CARTESIAN_POINT ( 'NONE',  ( 0.2500000000000000000, 1.288620436566990435, 3.271265211443363352 ) ) ;
#1426 = CARTESIAN_POINT ( 'NONE',  ( 0.2500000000000000000, 2.750000000000002665, 1.274999999999985922 ) ) ;
#1427 = ORIENTED_EDGE ( 'NONE', *, *, #4395, .T. ) ;
#1428 = CIRCLE ( 'NONE', #2429, 0.04921259842519662420 ) ;
#1429 = ORIENTED_EDGE ( 'NONE', *, *, #2642, .F. ) ;
#1430 = AXIS2_PLACEMENT_3D ( 'NONE', #977, #2449, #3899 ) ;
#1431 = CARTESIAN_POINT ( 'NONE',  ( 0.000000000000000000, 4.499999999999988454, 3.460263137648711407 ) ) ;
#1432 = DIRECTION ( 'NONE',  ( 0.000000000000000000, 0.000000000000000000, 1.000000000000000000 ) ) ;
#1433 = CARTESIAN_POINT ( 'NONE',  ( 0.2500000000000000000, 6.171011112972796475, 4.037932056384262225 ) ) ;
#1434 = ORIENTED_EDGE ( 'NONE', *, *, #199, .T. ) ;
#1435 = CARTESIAN_POINT ( 'NONE',  ( 0.2500000000000000000, 1.961379563433010231, 0.7287347885566365369 ) ) ;
#1436 = ADVANCED_FACE ( 'NONE', ( #2423 ), #4608, .F. ) ;
#1437 = CIRCLE ( 'NONE', #4293, 0.05900000000000007322 ) ;
#1438 = ADVANCED_FACE ( 'NONE', ( #1655 ), #2375, .F. ) ;
#1439 = AXIS2_PLACEMENT_3D ( 'NONE', #1279, #4600, #122 ) ;
#1440 = ADVANCED_FACE ( 'NONE', ( #4286 ), #3074, .F. ) ;
#1441 = ORIENTED_EDGE ( 'NONE', *, *, #3496, .F. ) ;
#1442 = AXIS2_PLACEMENT_3D ( 'NONE', #4428, #3312, #1814 ) ;
#1443 = DIRECTION ( 'NONE',  ( 0.000000000000000000, 0.000000000000000000, 1.000000000000000000 ) ) ;
#1444 = LINE ( 'NONE', #2984, #1267 ) ;
#1445 = CARTESIAN_POINT ( 'NONE',  ( 0.2500000000000000000, 6.093296530819586110, 3.875000000000000000 ) ) ;
#1446 = ORIENTED_EDGE ( 'NONE', *, *, #4747, .T. ) ;
#1447 = ORIENTED_EDGE ( 'NONE', *, *, #1634, .T. ) ;
#1448 = LINE ( 'NONE', #1930, #234 ) ;
#1449 = EDGE_CURVE ( 'NONE', #1235, #4256, #3822, .T. ) ;
#1450 = DIRECTION ( 'NONE',  ( 0.000000000000000000, 0.000000000000000000, -1.000000000000000000 ) ) ;
#1451 = DIRECTION ( 'NONE',  ( -1.000000000000000000, -0.000000000000000000, -0.000000000000000000 ) ) ;
#1452 = ORIENTED_EDGE ( 'NONE', *, *, #3354, .F. ) ;
#1453 = ORIENTED_EDGE ( 'NONE', *, *, #4747, .F. ) ;
#1454 = FACE_OUTER_BOUND ( 'NONE', #303, .T. ) ;
#1455 = DIRECTION ( 'NONE',  ( -1.000000000000000000, -0.000000000000000000, -0.000000000000000000 ) ) ;
#1456 = VECTOR ( 'NONE', #561, 39.37007874015748143 ) ;
#1457 = EDGE_CURVE ( 'NONE', #3061, #4776, #2068, .T. ) ;
#1458 = CARTESIAN_POINT ( 'NONE',  ( 0.2500000000000000000, 3.649999999999990141, 3.460263137648704301 ) ) ;
#1459 = ORIENTED_EDGE ( 'NONE', *, *, #3829, .F. ) ;
#1460 = CARTESIAN_POINT ( 'NONE',  ( 0.000000000000000000, 6.720782628522115054, 1.530724571592945615 ) ) ;
#1461 = ORIENTED_EDGE ( 'NONE', *, *, #4508, .F. ) ;
#1462 = AXIS2_PLACEMENT_3D ( 'NONE', #247, #607, #271 ) ;
#1463 = FACE_BOUND ( 'NONE', #961, .T. ) ;
#1464 = ADVANCED_FACE ( 'NONE', ( #1705 ), #3483, .F. ) ;
#1465 = ORIENTED_EDGE ( 'NONE', *, *, #3297, .F. ) ;
#1466 = VECTOR ( 'NONE', #475, 39.37007874015748143 ) ;
#1467 = AXIS2_PLACEMENT_3D ( 'NONE', #2012, #4624, #4577 ) ;
#1468 = DIRECTION ( 'NONE',  ( -1.000000000000000000, -0.000000000000000000, -0.000000000000000000 ) ) ;
#1469 = DIRECTION ( 'NONE',  ( -1.000000000000000000, -0.000000000000000000, -0.000000000000000000 ) ) ;
#1470 = CARTESIAN_POINT ( 'NONE',  ( 0.2500000000000000000, 1.625000000000000222, 1.501989783036315140 ) ) ;
#1471 = CIRCLE ( 'NONE', #4485, 0.1000000000000000194 ) ;
#1472 = VERTEX_POINT ( 'NONE', #2712 ) ;
#1473 = VERTEX_POINT ( 'NONE', #3122 ) ;
#1474 = FACE_OUTER_BOUND ( 'NONE', #1811, .T. ) ;
#1475 = CARTESIAN_POINT ( 'NONE',  ( 0.000000000000000000, 2.000000000000000888, 2.558999999999987285 ) ) ;
#1476 = DIRECTION ( 'NONE',  ( -1.000000000000000000, -0.000000000000000000, -0.000000000000000000 ) ) ;
#1477 = ORIENTED_EDGE ( 'NONE', *, *, #1996, .T. ) ;
#1478 = ORIENTED_EDGE ( 'NONE', *, *, #4390, .F. ) ;
#1479 = DIRECTION ( 'NONE',  ( -1.000000000000000000, -0.000000000000000000, -0.000000000000000000 ) ) ;
#1480 = DIRECTION ( 'NONE',  ( -1.000000000000000000, -0.000000000000000000, -0.000000000000000000 ) ) ;
#1481 = LINE ( 'NONE', #3022, #2821 ) ;
#1482 = ORIENTED_EDGE ( 'NONE', *, *, #2233, .F. ) ;
#1483 = CARTESIAN_POINT ( 'NONE',  ( 0.2500393700787401641, 5.189406462572663692, 5.845993031711765653 ) ) ;
#1484 = ORIENTED_EDGE ( 'NONE', *, *, #4727, .F. ) ;
#1485 = DIRECTION ( 'NONE',  ( 0.000000000000000000, 0.000000000000000000, 1.000000000000000000 ) ) ;
#1486 = PERSON_AND_ORGANIZATION_ROLE ( 'design_supplier' ) ;
#1487 = ORIENTED_EDGE ( 'NONE', *, *, #3319, .T. ) ;
#1488 = EDGE_CURVE ( 'NONE', #4728, #3338, #1315, .T. ) ;
#1489 = CYLINDRICAL_SURFACE ( 'NONE', #421, 0.04999999999999973910 ) ;
#1490 = LINE ( 'NONE', #405, #1661 ) ;
#1491 = EDGE_CURVE ( 'NONE', #1, #4429, #580, .T. ) ;
#1492 = CARTESIAN_POINT ( 'NONE',  ( 0.000000000000000000, 4.600000000000000533, 3.875000000000000000 ) ) ;
#1493 = ADVANCED_FACE ( 'NONE', ( #562 ), #1357, .F. ) ;
#1494 = AXIS2_PLACEMENT_3D ( 'NONE', #3260, #2530, #1761 ) ;
#1495 = EDGE_LOOP ( 'NONE', ( #3132, #2425, #3951, #974 ) ) ;
#1496 = ORIENTED_EDGE ( 'NONE', *, *, #1737, .F. ) ;
#1497 = EDGE_CURVE ( 'NONE', #3427, #2505, #4684, .T. ) ;
#1498 = LINE ( 'NONE', #43, #1386 ) ;
#1499 = CARTESIAN_POINT ( 'NONE',  ( 0.2500000000000000000, 6.249999999999999112, 2.558999999999983732 ) ) ;
#1500 = EDGE_CURVE ( 'NONE', #2588, #4046, #503, .T. ) ;
#1501 = DIRECTION ( 'NONE',  ( -1.000000000000000000, 0.000000000000000000, 0.000000000000000000 ) ) ;
#1502 = AXIS2_PLACEMENT_3D ( 'NONE', #1584, #450, #2286 ) ;
#1503 = EDGE_LOOP ( 'NONE', ( #1923, #4368, #371, #1698 ) ) ;
#1504 = EDGE_LOOP ( 'NONE', ( #1748, #1714, #1796, #3797 ) ) ;
#1505 = ADVANCED_FACE ( 'NONE', ( #3876 ), #1261, .F. ) ;
#1506 = DIRECTION ( 'NONE',  ( 0.000000000000000000, 0.000000000000000000, 1.000000000000000000 ) ) ;
#1507 = FACE_BOUND ( 'NONE', #3863, .T. ) ;
#1508 = DIRECTION ( 'NONE',  ( -1.000000000000000000, -0.000000000000000000, -0.000000000000000000 ) ) ;
#1509 = VERTEX_POINT ( 'NONE', #255 ) ;
#1510 = DIRECTION ( 'NONE',  ( 1.000000000000000000, 0.000000000000000000, 0.000000000000000000 ) ) ;
#1511 = ORIENTED_EDGE ( 'NONE', *, *, #133, .T. ) ;
#1512 = DIRECTION ( 'NONE',  ( 1.000000000000000000, 0.000000000000000000, 0.000000000000000000 ) ) ;
#1513 = VECTOR ( 'NONE', #4467, 39.37007874015748143 ) ;
#1514 = AXIS2_PLACEMENT_3D ( 'NONE', #260, #3206, #597 ) ;
#1515 = VERTEX_POINT ( 'NONE', #4190 ) ;
#1516 = AXIS2_PLACEMENT_3D ( 'NONE', #2807, #592, #1411 ) ;
#1517 = FACE_OUTER_BOUND ( 'NONE', #1702, .T. ) ;
#1518 = CARTESIAN_POINT ( 'NONE',  ( 0.2500393700787401641, 6.762707872179214874, 3.964152097881511239 ) ) ;
#1519 = CARTESIAN_POINT ( 'NONE',  ( 0.2500393700787401641, 6.762707872179214874, 3.903128477881510072 ) ) ;
#1520 = CIRCLE ( 'NONE', #4220, 0.2499999999999998057 ) ;
#1521 = VERTEX_POINT ( 'NONE', #2352 ) ;
#1522 = ORIENTED_EDGE ( 'NONE', *, *, #3332, .F. ) ;
#1523 = EDGE_CURVE ( 'NONE', #4272, #3457, #515, .T. ) ;
#1524 = CARTESIAN_POINT ( 'NONE',  ( 0.2500000000000000000, 6.624999999999999112, 0.1249999999999989592 ) ) ;
#1525 = LINE ( 'NONE', #4337, #4599 ) ;
#1526 = EDGE_CURVE ( 'NONE', #4059, #2483, #2735, .T. ) ;
#1527 = EDGE_CURVE ( 'NONE', #4653, #399, #1525, .T. ) ;
#1528 = CARTESIAN_POINT ( 'NONE',  ( 0.000000000000000000, 3.749999999999999112, 5.819066801422758672 ) ) ;
#1529 = EDGE_CURVE ( 'NONE', #1676, #1887, #2860, .T. ) ;
#1530 = ORIENTED_EDGE ( 'NONE', *, *, #438, .T. ) ;
#1531 = DIRECTION ( 'NONE',  ( 1.000000000000000000, 0.000000000000000000, 0.000000000000000000 ) ) ;
#1532 = DIRECTION ( 'NONE',  ( -1.000000000000000000, -0.000000000000000000, -0.000000000000000000 ) ) ;
#1533 = CARTESIAN_POINT ( 'NONE',  ( 0.2500000000000000000, 1.125000000000000666, 0.1839999999999999691 ) ) ;
#1534 = EDGE_LOOP ( 'NONE', ( #4435, #3004, #3691, #2657, #2011, #4745 ) ) ;
#1535 = DIRECTION ( 'NONE',  ( 0.000000000000000000, 0.000000000000000000, 1.000000000000000000 ) ) ;
#1536 = VERTEX_POINT ( 'NONE', #3227 ) ;
#1537 = VECTOR ( 'NONE', #2783, 39.37007874015748143 ) ;
#1538 = LINE ( 'NONE', #4487, #2434 ) ;
#1539 = ORIENTED_EDGE ( 'NONE', *, *, #3945, .T. ) ;
#1540 = VECTOR ( 'NONE', #1939, 39.37007874015748143 ) ;
#1541 = CIRCLE ( 'NONE', #4164, 0.05900000000000010791 ) ;
#1542 = AXIS2_PLACEMENT_3D ( 'NONE', #1483, #3391, #1556 ) ;
#1543 = DIRECTION ( 'NONE',  ( 0.000000000000000000, 0.000000000000000000, 1.000000000000000000 ) ) ;
#1544 = DIRECTION ( 'NONE',  ( 0.000000000000000000, 0.000000000000000000, 1.000000000000000000 ) ) ;
#1545 = FACE_OUTER_BOUND ( 'NONE', #2830, .T. ) ;
#1546 = ORIENTED_EDGE ( 'NONE', *, *, #3145, .F. ) ;
#1547 = DIRECTION ( 'NONE',  ( -1.000000000000000000, -0.000000000000000000, -0.000000000000000000 ) ) ;
#1548 = CARTESIAN_POINT ( 'NONE',  ( 0.2500000000000000000, 3.749999999999990230, 3.460263137648705634 ) ) ;
#1549 = AXIS2_PLACEMENT_3D ( 'NONE', #724, #4405, #1088 ) ;
#1550 = CARTESIAN_POINT ( 'NONE',  ( 0.000000000000000000, 1.865596934910895399, 3.299999999999998490 ) ) ;
#1551 = ORIENTED_EDGE ( 'NONE', *, *, #3319, .F. ) ;
#1552 = DIRECTION ( 'NONE',  ( 0.000000000000000000, 0.000000000000000000, -1.000000000000000000 ) ) ;
#1553 = DIRECTION ( 'NONE',  ( 0.000000000000000000, 0.000000000000000000, 1.000000000000000000 ) ) ;
#1554 = DIRECTION ( 'NONE',  ( -1.000000000000000000, -0.000000000000000000, -0.000000000000000000 ) ) ;
#1555 = VERTEX_POINT ( 'NONE', #2112 ) ;
#1556 = DIRECTION ( 'NONE',  ( 0.000000000000000000, 0.000000000000000000, 1.000000000000000000 ) ) ;
#1557 = ORIENTED_EDGE ( 'NONE', *, *, #1986, .T. ) ;
#1558 = FACE_OUTER_BOUND ( 'NONE', #3730, .T. ) ;
#1559 = ADVANCED_FACE ( 'NONE', ( #2136 ), #4452, .T. ) ;
#1560 = EDGE_LOOP ( 'NONE', ( #3506, #1772, #4619, #594 ) ) ;
#1561 = CARTESIAN_POINT ( 'NONE',  ( 0.000000000000000000, 6.961379563433009565, 0.7287347885566355377 ) ) ;
#1562 = CARTESIAN_POINT ( 'NONE',  ( 0.000000000000000000, 2.570000000000001172, 2.558999999999986397 ) ) ;
#1563 = DIRECTION ( 'NONE',  ( -1.000000000000000000, -0.000000000000000000, -0.000000000000000000 ) ) ;
#1564 = ORIENTED_EDGE ( 'NONE', *, *, #4424, .T. ) ;
#1565 = DIRECTION ( 'NONE',  ( 0.000000000000000000, 0.000000000000000000, 1.000000000000000000 ) ) ;
#1566 = CARTESIAN_POINT ( 'NONE',  ( 0.2500000000000000000, 7.124999999999999112, 0.1839999999999999691 ) ) ;
#1567 = DIRECTION ( 'NONE',  ( -1.000000000000000000, -0.000000000000000000, -0.000000000000000000 ) ) ;
#1568 = VERTEX_POINT ( 'NONE', #4426 ) ;
#1569 = DIRECTION ( 'NONE',  ( -1.000000000000000000, -0.000000000000000000, -0.000000000000000000 ) ) ;
#1570 = FACE_BOUND ( 'NONE', #1983, .T. ) ;
#1571 = VECTOR ( 'NONE', #4113, 39.37007874015748143 ) ;
#1572 = DIRECTION ( 'NONE',  ( -1.000000000000000000, -0.000000000000000000, -0.000000000000000000 ) ) ;
#1573 = VERTEX_POINT ( 'NONE', #3310 ) ;
#1574 = FACE_OUTER_BOUND ( 'NONE', #3176, .T. ) ;
#1575 = VERTEX_POINT ( 'NONE', #663 ) ;
#1576 = DIRECTION ( 'NONE',  ( -1.000000000000000000, -0.000000000000000000, -0.000000000000000000 ) ) ;
#1577 = ADVANCED_FACE ( 'NONE', ( #2268 ), #3743, .F. ) ;
#1578 = PLANE ( 'NONE',  #1310 ) ;
#1579 = ORIENTED_EDGE ( 'NONE', *, *, #3354, .T. ) ;
#1580 = EDGE_CURVE ( 'NONE', #850, #3015, #1162, .T. ) ;
#1581 = EDGE_CURVE ( 'NONE', #4048, #3019, #1727, .T. ) ;
#1582 = CIRCLE ( 'NONE', #3513, 0.05900000000000010791 ) ;
#1583 = CIRCLE ( 'NONE', #2739, 0.09999999999999975575 ) ;
#1584 = CARTESIAN_POINT ( 'NONE',  ( 0.1250000000000000000, 4.124999999999999112, 6.068089770571259756 ) ) ;
#1585 = DIRECTION ( 'NONE',  ( -1.000000000000000000, -0.000000000000000000, -0.000000000000000000 ) ) ;
#1586 = CIRCLE ( 'NONE', #4009, 0.04999999999999973910 ) ;
#1587 = DIRECTION ( 'NONE',  ( -1.000000000000000000, 0.000000000000000000, 0.000000000000000000 ) ) ;
#1588 = CIRCLE ( 'NONE', #117, 0.5000000000000001110 ) ;
#1589 = AXIS2_PLACEMENT_3D ( 'NONE', #1594, #3812, #2746 ) ;
#1590 = ORIENTED_EDGE ( 'NONE', *, *, #3083, .T. ) ;
#1591 = EDGE_CURVE ( 'NONE', #4670, #3960, #1027, .T. ) ;
#1592 = LENGTH_MEASURE_WITH_UNIT ( LENGTH_MEASURE( 0.02539999999999999897 ), #4151 );
#1593 = CIRCLE ( 'NONE', #3131, 0.05900000000000010791 ) ;
#1594 = CARTESIAN_POINT ( 'NONE',  ( 0.2500000000000000000, 6.384403065089104601, 0.7000000000000001776 ) ) ;
#1595 = DIRECTION ( 'NONE',  ( 0.000000000000000000, 0.000000000000000000, -1.000000000000000000 ) ) ;
#1596 = ORIENTED_EDGE ( 'NONE', *, *, #3770, .T. ) ;
#1597 = EDGE_CURVE ( 'NONE', #2822, #684, #22, .T. ) ;
#1598 = DIRECTION ( 'NONE',  ( -0.000000000000000000, -0.000000000000000000, 1.000000000000000000 ) ) ;
#1599 = CYLINDRICAL_SURFACE ( 'NONE', #762, 0.1000000000000005745 ) ;
#1600 = CYLINDRICAL_SURFACE ( 'NONE', #288, 0.04921259842519672134 ) ;
#1601 = ORIENTED_EDGE ( 'NONE', *, *, #931, .F. ) ;
#1602 = DIRECTION ( 'NONE',  ( 0.000000000000000000, 0.000000000000000000, 1.000000000000000000 ) ) ;
#1603 = EDGE_LOOP ( 'NONE', ( #2231, #7, #2768, #985 ) ) ;
#1604 = EDGE_CURVE ( 'NONE', #409, #2782, #3970, .T. ) ;
#1605 = FACE_OUTER_BOUND ( 'NONE', #1109, .T. ) ;
#1606 = FACE_OUTER_BOUND ( 'NONE', #2702, .T. ) ;
#1607 = CARTESIAN_POINT ( 'NONE',  ( 0.000000000000000000, 1.487292127820782683, 3.903128477881510072 ) ) ;
#1608 = ORIENTED_EDGE ( 'NONE', *, *, #519, .F. ) ;
#1609 = CC_DESIGN_DATE_AND_TIME_ASSIGNMENT ( #242, #1716, ( #4091 ) ) ;
#1610 = AXIS2_PLACEMENT_3D ( 'NONE', #3226, #2859, #3609 ) ;
#1611 = CARTESIAN_POINT ( 'NONE',  ( 0.2500000000000000000, 6.865596934910894511, 3.299999999999999822 ) ) ;
#1612 = ORIENTED_EDGE ( 'NONE', *, *, #2351, .T. ) ;
#1613 = VECTOR ( 'NONE', #3655, 39.37007874015748143 ) ;
#1614 = ORIENTED_EDGE ( 'NONE', *, *, #4713, .T. ) ;
#1615 = LINE ( 'NONE', #3403, #917 ) ;
#1616 = DIRECTION ( 'NONE',  ( 1.000000000000000000, 0.000000000000000000, 0.000000000000000000 ) ) ;
#1617 = EDGE_CURVE ( 'NONE', #2331, #322, #1390, .T. ) ;
#1618 = CARTESIAN_POINT ( 'NONE',  ( 0.000000000000000000, 6.093296530819586110, 3.875000000000000000 ) ) ;
#1619 = CIRCLE ( 'NONE', #4321, 0.09999999999999947820 ) ;
#1620 = VERTEX_POINT ( 'NONE', #4473 ) ;
#1621 = AXIS2_PLACEMENT_3D ( 'NONE', #912, #4542, #4178 ) ;
#1622 = CARTESIAN_POINT ( 'NONE',  ( 0.000000000000000000, 6.249999999999999112, 2.558999999999983732 ) ) ;
#1623 = CARTESIAN_POINT ( 'NONE',  ( 0.2500000000000000000, 1.288620436566990435, 0.7287347885566365369 ) ) ;
#1624 = DIRECTION ( 'NONE',  ( -1.000000000000000000, -0.000000000000000000, -0.000000000000000000 ) ) ;
#1625 = EDGE_LOOP ( 'NONE', ( #3571, #2225, #3314, #4514 ) ) ;
#1626 = CARTESIAN_POINT ( 'NONE',  ( 0.2500000000000000000, 6.249999999999999112, 2.499999999999987121 ) ) ;
#1627 = AXIS2_PLACEMENT_3D ( 'NONE', #699, #3718, #4373 ) ;
#1628 = VERTEX_POINT ( 'NONE', #2497 ) ;
#1629 = DIRECTION ( 'NONE',  ( 0.000000000000000000, 0.000000000000000000, 1.000000000000000000 ) ) ;
#1630 = DIRECTION ( 'NONE',  ( 1.000000000000000000, 0.000000000000000000, 0.000000000000000000 ) ) ;
#1631 = DIRECTION ( 'NONE',  ( -1.000000000000000000, -0.000000000000000000, -0.000000000000000000 ) ) ;
#1632 = DIRECTION ( 'NONE',  ( -1.000000000000000000, 0.000000000000000000, 0.000000000000000000 ) ) ;
#1633 = VERTEX_POINT ( 'NONE', #1475 ) ;
#1634 = EDGE_CURVE ( 'NONE', #126, #1099, #4056, .T. ) ;
#1635 = CARTESIAN_POINT ( 'NONE',  ( 0.2500000000000000000, 5.471830985915503653, 3.054481236115698550 ) ) ;
#1636 = VERTEX_POINT ( 'NONE', #1753 ) ;
#1637 = ORIENTED_EDGE ( 'NONE', *, *, #2855, .F. ) ;
#1638 = FACE_OUTER_BOUND ( 'NONE', #3485, .T. ) ;
#1639 = DIRECTION ( 'NONE',  ( -1.000000000000000000, -0.000000000000000000, -0.000000000000000000 ) ) ;
#1640 = EDGE_CURVE ( 'NONE', #2982, #4748, #4291, .T. ) ;
#1641 = DIRECTION ( 'NONE',  ( 0.000000000000000000, 0.000000000000000000, 1.000000000000000000 ) ) ;
#1642 = ADVANCED_FACE ( 'NONE', ( #2474 ), #3949, .F. ) ;
#1643 = EDGE_CURVE ( 'NONE', #1521, #4046, #639, .T. ) ;
#1644 = ORIENTED_EDGE ( 'NONE', *, *, #4277, .F. ) ;
#1645 = EDGE_CURVE ( 'NONE', #362, #1204, #2816, .T. ) ;
#1646 = CARTESIAN_POINT ( 'NONE',  ( 0.000000000000000000, 2.850000000000000533, 2.984908903522902168 ) ) ;
#1647 = CARTESIAN_POINT ( 'NONE',  ( 0.2500000000000000000, 3.649999999999996803, 1.274999999999999911 ) ) ;
#1648 = CARTESIAN_POINT ( 'NONE',  ( 0.2500000000000000000, 5.679999999999999716, 2.440999999999986514 ) ) ;
#1649 = ORIENTED_EDGE ( 'NONE', *, *, #2838, .F. ) ;
#1650 = CARTESIAN_POINT ( 'NONE',  ( 0.000000000000000000, 1.865596934910894289, 0.6000000000000011990 ) ) ;
#1651 = ORIENTED_EDGE ( 'NONE', *, *, #1413, .T. ) ;
#1652 = VECTOR ( 'NONE', #3616, 39.37007874015748143 ) ;
#1653 = FACE_BOUND ( 'NONE', #3273, .T. ) ;
#1654 = CYLINDRICAL_SURFACE ( 'NONE', #4780, 0.09999999999999947820 ) ;
#1655 = FACE_OUTER_BOUND ( 'NONE', #216, .T. ) ;
#1656 = LINE ( 'NONE', #2040, #4638 ) ;
#1657 = EDGE_LOOP ( 'NONE', ( #4118, #4012, #225, #2695 ) ) ;
#1658 = CIRCLE ( 'NONE', #3198, 0.05899999999999996914 ) ;
#1659 = LINE ( 'NONE', #1344, #3362 ) ;
#1660 = ORIENTED_EDGE ( 'NONE', *, *, #1674, .F. ) ;
#1661 = VECTOR ( 'NONE', #17, 39.37007874015748143 ) ;
#1662 = ORIENTED_EDGE ( 'NONE', *, *, #487, .F. ) ;
#1663 = CARTESIAN_POINT ( 'NONE',  ( 0.2500000000000000000, 4.124999999999999112, 2.624999999999999556 ) ) ;
#1664 = DIRECTION ( 'NONE',  ( -0.000000000000000000, 1.000000000000000000, 0.000000000000000000 ) ) ;
#1665 = VECTOR ( 'NONE', #602, 39.37007874015748143 ) ;
#1666 = DIRECTION ( 'NONE',  ( -1.000000000000000000, -0.000000000000000000, -0.000000000000000000 ) ) ;
#1667 = AXIS2_PLACEMENT_3D ( 'NONE', #4386, #4287, #2905 ) ;
#1668 = EDGE_CURVE ( 'NONE', #3521, #241, #3336, .T. ) ;
#1669 = ORIENTED_EDGE ( 'NONE', *, *, #2146, .T. ) ;
#1670 = CIRCLE ( 'NONE', #2056, 0.06102362000000141617 ) ;
#1671 = EDGE_CURVE ( 'NONE', #3188, #3842, #1900, .T. ) ;
#1672 = CARTESIAN_POINT ( 'NONE',  ( 0.000000000000000000, 4.706898539139774407, 6.533050410571259903 ) ) ;
#1673 = LINE ( 'NONE', #4648, #1924 ) ;
#1674 = EDGE_CURVE ( 'NONE', #2059, #1071, #3038, .T. ) ;
#1675 = LINE ( 'NONE', #2656, #3445 ) ;
#1676 = VERTEX_POINT ( 'NONE', #2651 ) ;
#1677 = DIRECTION ( 'NONE',  ( -1.000000000000000000, -0.000000000000000000, -0.000000000000000000 ) ) ;
#1678 = CIRCLE ( 'NONE', #4377, 0.05900000000000010791 ) ;
#1679 = ORIENTED_EDGE ( 'NONE', *, *, #2356, .T. ) ;
#1680 = EDGE_LOOP ( 'NONE', ( #1865, #4197, #344, #1974 ) ) ;
#1681 = FACE_BOUND ( 'NONE', #1766, .T. ) ;
#1682 = CARTESIAN_POINT ( 'NONE',  ( 0.000000000000000000, 3.649999999999995914, 1.375000000000000000 ) ) ;
#1683 = DIRECTION ( 'NONE',  ( 0.000000000000000000, -0.2873478855663465503, -0.9578262852211510969 ) ) ;
#1684 = DIRECTION ( 'NONE',  ( 0.000000000000000000, 0.000000000000000000, 1.000000000000000000 ) ) ;
#1685 = ORIENTED_EDGE ( 'NONE', *, *, #735, .T. ) ;
#1686 = DIRECTION ( 'NONE',  ( -1.000000000000000000, -0.000000000000000000, -0.000000000000000000 ) ) ;
#1687 = DIRECTION ( 'NONE',  ( 0.000000000000000000, 0.000000000000000000, 1.000000000000000000 ) ) ;
#1688 = ORIENTED_EDGE ( 'NONE', *, *, #3918, .T. ) ;
#1689 = ORIENTED_EDGE ( 'NONE', *, *, #2789, .T. ) ;
#1690 = AXIS2_PLACEMENT_3D ( 'NONE', #2758, #2785, #3123 ) ;
#1691 = CALENDAR_DATE ( 2026, 20, 3 ) ;
#1692 = CYLINDRICAL_SURFACE ( 'NONE', #2052, 0.04999999999999973910 ) ;
#1693 = DIRECTION ( 'NONE',  ( -1.000000000000000000, -0.000000000000000000, -0.000000000000000000 ) ) ;
#1694 = VECTOR ( 'NONE', #4500, 39.37007874015748143 ) ;
#1695 = ORIENTED_EDGE ( 'NONE', *, *, #284, .F. ) ;
#1696 = CARTESIAN_POINT ( 'NONE',  ( 0.2500000000000000000, 4.124999999999999112, 2.624999999999999556 ) ) ;
#1697 = CARTESIAN_POINT ( 'NONE',  ( 0.2500000000000000000, 4.499999999999988454, 3.460263137648711407 ) ) ;
#1698 = ORIENTED_EDGE ( 'NONE', *, *, #3492, .T. ) ;
#1699 = CARTESIAN_POINT ( 'NONE',  ( 0.000000000000000000, 4.500000000000000000, 2.294281086116926272 ) ) ;
#1700 = EDGE_LOOP ( 'NONE', ( #413, #498, #83, #4142 ) ) ;
#1701 = VECTOR ( 'NONE', #4552, 39.37007874015748143 ) ;
#1702 = EDGE_LOOP ( 'NONE', ( #4553, #4021, #3068, #1238 ) ) ;
#1703 = ORIENTED_EDGE ( 'NONE', *, *, #3145, .T. ) ;
#1704 = DIRECTION ( 'NONE',  ( -1.000000000000000000, -0.000000000000000000, -0.000000000000000000 ) ) ;
#1705 = FACE_OUTER_BOUND ( 'NONE', #4065, .T. ) ;
#1706 = ADVANCED_FACE ( 'NONE', ( #140 ), #1270, .T. ) ;
#1707 = CARTESIAN_POINT ( 'NONE',  ( 0.1249999999999997363, 4.124999999999999112, 5.603480498217541239 ) ) ;
#1708 = VERTEX_POINT ( 'NONE', #3017 ) ;
#1709 = AXIS2_PLACEMENT_3D ( 'NONE', #2269, #1164, #439 ) ;
#1710 = CARTESIAN_POINT ( 'NONE',  ( 0.2500000000000000000, 5.499999999999997335, 1.274999999999985922 ) ) ;
#1711 = EDGE_CURVE ( 'NONE', #2094, #4423, #3441, .T. ) ;
#1712 = EDGE_CURVE ( 'NONE', #3536, #3392, #2978, .T. ) ;
#1713 = CARTESIAN_POINT ( 'NONE',  ( 0.2500000000000000000, 4.125000000000067502, 6.225570090571221904 ) ) ;
#1714 = ORIENTED_EDGE ( 'NONE', *, *, #2529, .F. ) ;
#1715 = ORIENTED_EDGE ( 'NONE', *, *, #1937, .F. ) ;
#1716 = DATE_TIME_ROLE ( 'classification_date' ) ;
#1717 = CYLINDRICAL_SURFACE ( 'NONE', #2210, 1.875000000000000444 ) ;
#1718 = FACE_OUTER_BOUND ( 'NONE', #1185, .T. ) ;
#1719 = ORIENTED_EDGE ( 'NONE', *, *, #1671, .F. ) ;
#1720 = CARTESIAN_POINT ( 'NONE',  ( 0.000000000000000000, 4.600000000000000533, 3.875000000000000000 ) ) ;
#1721 = LINE ( 'NONE', #1697, #3674 ) ;
#1722 = CARTESIAN_POINT ( 'NONE',  ( 0.000000000000000000, 2.850000000000002753, 0.5150910964771503453 ) ) ;
#1723 = ORIENTED_EDGE ( 'NONE', *, *, #1283, .F. ) ;
#1724 = ORIENTED_EDGE ( 'NONE', *, *, #4098, .T. ) ;
#1725 = EDGE_LOOP ( 'NONE', ( #3, #337, #4308, #3777 ) ) ;
#1726 = DIRECTION ( 'NONE',  ( 0.000000000000000000, -0.2873478855663468834, 0.9578262852211509859 ) ) ;
#1727 = LINE ( 'NONE', #3610, #1903 ) ;
#1728 = DIRECTION ( 'NONE',  ( -1.000000000000000000, 0.000000000000000000, 0.000000000000000000 ) ) ;
#1729 = ORIENTED_EDGE ( 'NONE', *, *, #2148, .F. ) ;
#1730 = CARTESIAN_POINT ( 'NONE',  ( 0.2500000000000000000, 7.249999999999999112, 3.500000000000000000 ) ) ;
#1731 = AXIS2_PLACEMENT_3D ( 'NONE', #368, #2926, #1166 ) ;
#1732 = EDGE_CURVE ( 'NONE', #2528, #2283, #4217, .T. ) ;
#1733 = EDGE_CURVE ( 'NONE', #241, #3947, #1202, .T. ) ;
#1734 = DIRECTION ( 'NONE',  ( 0.000000000000000000, -0.7771458215321032093, 0.6293205638426195847 ) ) ;
#1735 = ORIENTED_EDGE ( 'NONE', *, *, #3379, .F. ) ;
#1736 = CIRCLE ( 'NONE', #1113, 0.1000000000000000194 ) ;
#1737 = EDGE_CURVE ( 'NONE', #4256, #2547, #2294, .T. ) ;
#1738 = EDGE_LOOP ( 'NONE', ( #1225, #3040, #2786, #4261 ) ) ;
#1739 = CALENDAR_DATE ( 2026, 20, 3 ) ;
#1740 = CARTESIAN_POINT ( 'NONE',  ( 0.2500000000000000000, 4.599999999999992539, 0.2500000000000000555 ) ) ;
#1741 = DIRECTION ( 'NONE',  ( 0.000000000000000000, 0.000000000000000000, 1.000000000000000000 ) ) ;
#1742 = ORIENTED_EDGE ( 'NONE', *, *, #2264, .T. ) ;
#1743 = CIRCLE ( 'NONE', #4445, 0.09999999999999975575 ) ;
#1744 = LINE ( 'NONE', #4014, #4159 ) ;
#1745 = VECTOR ( 'NONE', #4679, 39.37007874015748143 ) ;
#1746 = CARTESIAN_POINT ( 'NONE',  ( 0.2500000000000000000, 2.750000000000003109, 0.5150910964771503453 ) ) ;
#1747 = CARTESIAN_POINT ( 'NONE',  ( 0.000000000000000000, 5.399999999999997691, 2.224999999999987210 ) ) ;
#1748 = ORIENTED_EDGE ( 'NONE', *, *, #2504, .T. ) ;
#1749 = VECTOR ( 'NONE', #3835, 39.37007874015748143 ) ;
#1750 = ORIENTED_EDGE ( 'NONE', *, *, #4028, .F. ) ;
#1751 = EDGE_LOOP ( 'NONE', ( #3759, #2551, #3810, #2399 ) ) ;
#1752 = FACE_OUTER_BOUND ( 'NONE', #481, .T. ) ;
#1753 = CARTESIAN_POINT ( 'NONE',  ( 0.2500000000000000000, 2.570000000000001172, 2.440999999999986514 ) ) ;
#1754 = DIRECTION ( 'NONE',  ( 0.000000000000000000, 0.000000000000000000, 1.000000000000000000 ) ) ;
#1755 = AXIS2_PLACEMENT_3D ( 'NONE', #3892, #272, #2798 ) ;
#1756 = VERTEX_POINT ( 'NONE', #3062 ) ;
#1757 = DIRECTION ( 'NONE',  ( -1.000000000000000000, -0.000000000000000000, -0.000000000000000000 ) ) ;
#1758 = CARTESIAN_POINT ( 'NONE',  ( 0.2500000000000000000, 1.384403065089105045, 3.299999999999998490 ) ) ;
#1759 = EDGE_LOOP ( 'NONE', ( #4658, #4354, #2636, #78 ) ) ;
#1760 = ORIENTED_EDGE ( 'NONE', *, *, #1591, .F. ) ;
#1761 = DIRECTION ( 'NONE',  ( 0.000000000000000000, 0.000000000000000000, 1.000000000000000000 ) ) ;
#1762 = DATE_AND_TIME ( #2123, #1394 ) ;
#1763 = DIRECTION ( 'NONE',  ( 1.000000000000000000, -0.000000000000000000, -0.000000000000000000 ) ) ;
#1764 = CARTESIAN_POINT ( 'NONE',  ( 0.000000000000000000, 5.499999999999997335, 1.274999999999985700 ) ) ;
#1765 = VECTOR ( 'NONE', #129, 39.37007874015748143 ) ;
#1766 = EDGE_LOOP ( 'NONE', ( #2469, #1009 ) ) ;
#1767 = EDGE_CURVE ( 'NONE', #2013, #4726, #4135, .T. ) ;
#1768 = CARTESIAN_POINT ( 'NONE',  ( 0.000000000000000000, 5.399999999999997691, 2.984908903522902612 ) ) ;
#1769 = CARTESIAN_POINT ( 'NONE',  ( 0.2500000000000000000, 6.961379563433009565, 0.7287347885566355377 ) ) ;
#1770 = AXIS2_PLACEMENT_3D ( 'NONE', #1696, #3171, #121 ) ;
#1771 = DIRECTION ( 'NONE',  ( 0.000000000000000000, 0.000000000000000000, 1.000000000000000000 ) ) ;
#1772 = ORIENTED_EDGE ( 'NONE', *, *, #3712, .F. ) ;
#1773 = VERTEX_POINT ( 'NONE', #113 ) ;
#1774 = AXIS2_PLACEMENT_3D ( 'NONE', #1768, #2080, #3961 ) ;
#1775 = AXIS2_PLACEMENT_3D ( 'NONE', #2172, #3640, #336 ) ;
#1776 = ORIENTED_EDGE ( 'NONE', *, *, #3083, .F. ) ;
#1777 = CARTESIAN_POINT ( 'NONE',  ( 0.2500000000000000000, 2.570000000000001172, 2.499999999999986233 ) ) ;
#1778 = CARTESIAN_POINT ( 'NONE',  ( 0.2500000000000000000, 4.599999999999999645, 5.819066801422758672 ) ) ;
#1779 = EDGE_LOOP ( 'NONE', ( #1644, #1465, #1177, #3321 ) ) ;
#1780 = CARTESIAN_POINT ( 'NONE',  ( 0.000000000000000000, 3.749999999999999112, 2.224999999999993427 ) ) ;
#1781 = VECTOR ( 'NONE', #4336, 39.37007874015748143 ) ;
#1782 = AXIS2_PLACEMENT_3D ( 'NONE', #4646, #295, #574 ) ;
#1783 = ORIENTED_EDGE ( 'NONE', *, *, #4675, .T. ) ;
#1784 = EDGE_CURVE ( 'NONE', #2604, #1536, #3286, .T. ) ;
#1785 = CARTESIAN_POINT ( 'NONE',  ( 0.000000000000000000, 3.649999999999998579, 5.819066801422758672 ) ) ;
#1786 = DIRECTION ( 'NONE',  ( 0.000000000000000000, 0.000000000000000000, 1.000000000000000000 ) ) ;
#1787 = CARTESIAN_POINT ( 'NONE',  ( 0.1742125984251967352, 4.124999999999999112, 6.383050410571259548 ) ) ;
#1788 = VERTEX_POINT ( 'NONE', #839 ) ;
#1789 = ORIENTED_EDGE ( 'NONE', *, *, #4271, .T. ) ;
#1790 = EDGE_CURVE ( 'NONE', #3878, #752, #1207, .T. ) ;
#1791 = DIRECTION ( 'NONE',  ( -1.000000000000000000, -0.000000000000000000, -0.000000000000000000 ) ) ;
#1792 = EDGE_CURVE ( 'NONE', #1086, #71, #526, .T. ) ;
#1793 = FACE_OUTER_BOUND ( 'NONE', #1280, .T. ) ;
#1794 = DIRECTION ( 'NONE',  ( -1.000000000000000000, -0.000000000000000000, -0.000000000000000000 ) ) ;
#1795 = ADVANCED_FACE ( 'NONE', ( #2317 ), #1953, .T. ) ;
#1796 = ORIENTED_EDGE ( 'NONE', *, *, #2103, .F. ) ;
#1797 = EDGE_CURVE ( 'NONE', #2297, #2922, #2595, .T. ) ;
#1798 = VERTEX_POINT ( 'NONE', #1548 ) ;
#1799 = ORIENTED_EDGE ( 'NONE', *, *, #2938, .F. ) ;
#1800 = LINE ( 'NONE', #3255, #688 ) ;
#1801 = FACE_OUTER_BOUND ( 'NONE', #4734, .T. ) ;
#1802 = ORIENTED_EDGE ( 'NONE', *, *, #3676, .F. ) ;
#1803 = PLANE ( 'NONE',  #1999 ) ;
#1804 = ORIENTED_EDGE ( 'NONE', *, *, #2792, .T. ) ;
#1805 = EDGE_CURVE ( 'NONE', #2964, #302, #862, .T. ) ;
#1806 = CIRCLE ( 'NONE', #2803, 0.04999999999999973910 ) ;
#1807 = FACE_OUTER_BOUND ( 'NONE', #4764, .T. ) ;
#1808 = CARTESIAN_POINT ( 'NONE',  ( 0.000000000000000000, 5.471830985915503653, 3.054481236115698550 ) ) ;
#1809 = LINE ( 'NONE', #954, #4165 ) ;
#1810 = ADVANCED_FACE ( 'NONE', ( #3789 ), #3471, .F. ) ;
#1811 = EDGE_LOOP ( 'NONE', ( #1165, #2778, #4533, #2090 ) ) ;
#1812 = ORIENTED_EDGE ( 'NONE', *, *, #4530, .T. ) ;
#1813 = DIRECTION ( 'NONE',  ( -1.000000000000000000, -0.000000000000000000, -0.000000000000000000 ) ) ;
#1814 = DIRECTION ( 'NONE',  ( 0.000000000000000000, 0.000000000000000000, 1.000000000000000000 ) ) ;
#1815 = CYLINDRICAL_SURFACE ( 'NONE', #3384, 0.1000000000000005745 ) ;
#1816 = EDGE_LOOP ( 'NONE', ( #3897, #4526, #3549, #1802, #2266, #1309, #1409 ) ) ;
#1817 = EDGE_CURVE ( 'NONE', #3666, #1348, #911, .T. ) ;
#1818 = EDGE_CURVE ( 'NONE', #2569, #2893, #891, .T. ) ;
#1819 = VERTEX_POINT ( 'NONE', #3272 ) ;
#1820 = AXIS2_PLACEMENT_3D ( 'NONE', #3509, #3101, #1339 ) ;
#1821 = EDGE_CURVE ( 'NONE', #771, #1032, #4451, .T. ) ;
#1822 = CYLINDRICAL_SURFACE ( 'NONE', #2432, 0.04921259842519672134 ) ;
#1823 = CARTESIAN_POINT ( 'NONE',  ( 0.2500000000000000000, 4.599999999999992539, 0.2500000000000000555 ) ) ;
#1824 = CARTESIAN_POINT ( 'NONE',  ( 0.2500000000000000000, 4.301068336902801548, 6.068089770571259756 ) ) ;
#1825 = VERTEX_POINT ( 'NONE', #1048 ) ;
#1827 = CIRCLE ( 'NONE', #4603, 0.1000000000000000194 ) ;
#1826 = PLANE ( 'NONE',  #533 ) ;
#1828 = DIRECTION ( 'NONE',  ( -1.000000000000000000, -0.000000000000000000, -0.000000000000000000 ) ) ;
#1829 = ORIENTED_EDGE ( 'NONE', *, *, #4506, .T. ) ;
#1830 = CARTESIAN_POINT ( 'NONE',  ( 0.2500000000000000000, 3.543101460860224261, 6.633050410571259548 ) ) ;
#1831 = DIRECTION ( 'NONE',  ( 0.000000000000000000, 0.000000000000000000, 1.000000000000000000 ) ) ;
#1832 = DIRECTION ( 'NONE',  ( 0.000000000000000000, 0.000000000000000000, 1.000000000000000000 ) ) ;
#1833 = EDGE_LOOP ( 'NONE', ( #1679, #3315, #3907, #2275 ) ) ;
#1834 = EDGE_LOOP ( 'NONE', ( #1429, #2947, #3800, #557 ) ) ;
#1835 = CARTESIAN_POINT ( 'NONE',  ( 0.000000000000000000, 1.625000000000000222, 2.498010216963684638 ) ) ;
#1836 = DIRECTION ( 'NONE',  ( 0.000000000000000000, 0.000000000000000000, 1.000000000000000000 ) ) ;
#1837 = CARTESIAN_POINT ( 'NONE',  ( 0.2500000000000000000, 3.749999999999999556, 3.975000000000000533 ) ) ;
#1838 = EDGE_LOOP ( 'NONE', ( #1484, #941, #4202, #702, #3992, #3000, #223, #1421, #3780, #3092 ) ) ;
#1839 = VERTEX_POINT ( 'NONE', #2546 ) ;
#1840 = EDGE_CURVE ( 'NONE', #3621, #3023, #2137, .T. ) ;
#1841 = LINE ( 'NONE', #3317, #3964 ) ;
#1842 = FACE_BOUND ( 'NONE', #1816, .T. ) ;
#1843 = AXIS2_PLACEMENT_3D ( 'NONE', #3508, #205, #1338 ) ;
#1844 = CARTESIAN_POINT ( 'NONE',  ( 0.2500000000000000000, 1.000000000000001110, 3.500000000000000000 ) ) ;
#1845 = ORIENTED_EDGE ( 'NONE', *, *, #431, .F. ) ;
#1846 = CARTESIAN_POINT ( 'NONE',  ( 0.2500000000000000000, 2.850000000000004086, 2.124999999999987121 ) ) ;
#1847 = VERTEX_POINT ( 'NONE', #4752 ) ;
#1848 = VECTOR ( 'NONE', #483, 39.37007874015748143 ) ;
#1849 = VECTOR ( 'NONE', #1370, 39.37007874015748143 ) ;
#1850 = EDGE_CURVE ( 'NONE', #4470, #3901, #3370, .T. ) ;
#1851 = CARTESIAN_POINT ( 'NONE',  ( 0.2500000000000000000, 6.720782628522115054, 1.530724571592945615 ) ) ;
#1852 = COORDINATED_UNIVERSAL_TIME_OFFSET ( 8, 0, .BEHIND. ) ;
#1853 = AXIS2_PLACEMENT_3D ( 'NONE', #410, #3670, #2966 ) ;
#1854 = EDGE_LOOP ( 'NONE', ( #3434, #1360 ) ) ;
#1855 = AXIS2_PLACEMENT_3D ( 'NONE', #3963, #325, #1383 ) ;
#1856 = EDGE_CURVE ( 'NONE', #856, #535, #2162, .T. ) ;
#1857 = ADVANCED_FACE ( 'NONE', ( #1801 ), #307, .F. ) ;
#1858 = CONICAL_SURFACE ( 'NONE', #3252, 0.04921259842519662420, 1.029744258676654534 ) ;
#1859 = CARTESIAN_POINT ( 'NONE',  ( 0.000000000000000000, 1.000000000000001110, 3.500000000000000000 ) ) ;
#1860 = DIRECTION ( 'NONE',  ( -1.000000000000000000, -0.000000000000000000, -0.000000000000000000 ) ) ;
#1861 = PLANE ( 'NONE',  #1627 ) ;
#1862 = VECTOR ( 'NONE', #3689, 39.37007874015748143 ) ;
#1863 = DESIGN_CONTEXT ( 'detailed design', #805, 'design' ) ;
#1864 = EDGE_LOOP ( 'NONE', ( #1459, #2063, #2151, #3139 ) ) ;
#1865 = ORIENTED_EDGE ( 'NONE', *, *, #95, .F. ) ;
#1866 = CARTESIAN_POINT ( 'NONE',  ( 0.2500000000000000000, 4.599999999999992539, 0.2500000000000000555 ) ) ;
#1867 = DIRECTION ( 'NONE',  ( 0.000000000000000000, 0.000000000000000000, 1.000000000000000000 ) ) ;
#1868 = CARTESIAN_POINT ( 'NONE',  ( 0.2500000000000000000, 1.125000000000001776, 3.434000000000000163 ) ) ;
#1869 = ORIENTED_EDGE ( 'NONE', *, *, #2504, .F. ) ;
#1870 = EDGE_LOOP ( 'NONE', ( #1268, #2248, #3673, #4551 ) ) ;
#1871 = DIRECTION ( 'NONE',  ( 0.000000000000000000, 0.000000000000000000, -1.000000000000000000 ) ) ;
#1872 = FACE_BOUND ( 'NONE', #3119, .T. ) ;
#1873 = CARTESIAN_POINT ( 'NONE',  ( 0.2500393700787401641, 5.189406462572663692, 5.845993031711765653 ) ) ;
#1874 = ORIENTED_EDGE ( 'NONE', *, *, #3138, .T. ) ;
#1875 = CARTESIAN_POINT ( 'NONE',  ( 0.000000000000000000, 2.078988887027202637, 4.037932056384262225 ) ) ;
#1876 = VERTEX_POINT ( 'NONE', #1070 ) ;
#1877 = CARTESIAN_POINT ( 'NONE',  ( 0.2500000000000000000, 2.570000000000001172, 2.499999999999986233 ) ) ;
#1878 = VERTEX_POINT ( 'NONE', #3181 ) ;
#1879 = EDGE_CURVE ( 'NONE', #4335, #3878, #4061, .T. ) ;
#1880 = ADVANCED_FACE ( 'NONE', ( #256 ), #2882, .F. ) ;
#1881 = CARTESIAN_POINT ( 'NONE',  ( 0.000000000000000000, 6.384403065089104601, 0.7000000000000001776 ) ) ;
#1882 = EDGE_CURVE ( 'NONE', #280, #3392, #1391, .T. ) ;
#1883 = DIRECTION ( 'NONE',  ( 0.000000000000000000, 1.000000000000000000, -1.048223005760003025E-14 ) ) ;
#1884 = FACE_OUTER_BOUND ( 'NONE', #4593, .T. ) ;
#1885 = AXIS2_PLACEMENT_3D ( 'NONE', #3631, #4499, #1552 ) ;
#1886 = ORIENTED_EDGE ( 'NONE', *, *, #13, .T. ) ;
#1887 = VERTEX_POINT ( 'NONE', #3925 ) ;
#1888 = LINE ( 'NONE', #4472, #1074 ) ;
#1889 = CARTESIAN_POINT ( 'NONE',  ( 0.2500000000000000000, 2.750000000000002665, 1.274999999999985922 ) ) ;
#1890 = CARTESIAN_POINT ( 'NONE',  ( 0.2500000000000000000, 6.865596934910893623, 3.399999999999999911 ) ) ;
#1891 = CIRCLE ( 'NONE', #3582, 0.1000000000000000194 ) ;
#1892 = ORIENTED_EDGE ( 'NONE', *, *, #2233, .T. ) ;
#1893 = CARTESIAN_POINT ( 'NONE',  ( 0.2500000000000000000, 4.599999999999992539, 0.2500000000000000555 ) ) ;
#1894 = CARTESIAN_POINT ( 'NONE',  ( 0.2500000000000000000, 1.384403065089106155, 0.6000000000000013101 ) ) ;
#1895 = DIRECTION ( 'NONE',  ( 0.000000000000000000, 0.000000000000000000, 1.000000000000000000 ) ) ;
#1896 = ORIENTED_EDGE ( 'NONE', *, *, #3529, .T. ) ;
#1897 = CARTESIAN_POINT ( 'NONE',  ( 0.2500000000000000000, 6.249999999999999112, 2.440999999999990511 ) ) ;
#1898 = VECTOR ( 'NONE', #2531, 39.37007874015748143 ) ;
#1899 = EDGE_LOOP ( 'NONE', ( #4251, #4288, #1402, #2066 ) ) ;
#1900 = CIRCLE ( 'NONE', #738, 0.1000000000000000194 ) ;
#1901 = LINE ( 'NONE', #759, #2281 ) ;
#1902 = VECTOR ( 'NONE', #2124, 39.37007874015748143 ) ;
#1903 = VECTOR ( 'NONE', #4110, 39.37007874015748143 ) ;
#1904 = ORIENTED_EDGE ( 'NONE', *, *, #2644, .T. ) ;
#1905 = VECTOR ( 'NONE', #3202, 39.37007874015748854 ) ;
#1906 = CARTESIAN_POINT ( 'NONE',  ( 0.2500000000000000000, 5.399999999999997691, 2.984908903522902612 ) ) ;
#1907 = DIRECTION ( 'NONE',  ( -1.000000000000000000, -0.000000000000000000, -0.000000000000000000 ) ) ;
#1908 = CARTESIAN_POINT ( 'NONE',  ( 0.000000000000000000, 6.384403065089105489, 0.6000000000000001998 ) ) ;
#1909 = ORIENTED_EDGE ( 'NONE', *, *, #2667, .F. ) ;
#1910 = LINE ( 'NONE', #3380, #2766 ) ;
#1911 = DIRECTION ( 'NONE',  ( 0.000000000000000000, 0.2873478855663465503, 0.9578262852211509859 ) ) ;
#1912 = LINE ( 'NONE', #4063, #822 ) ;
#1913 = EDGE_CURVE ( 'NONE', #3859, #2988, #2054, .T. ) ;
#1914 = ORIENTED_EDGE ( 'NONE', *, *, #4562, .T. ) ;
#1915 = DIRECTION ( 'NONE',  ( 0.000000000000000000, 0.000000000000000000, 1.000000000000000000 ) ) ;
#1916 = FACE_OUTER_BOUND ( 'NONE', #4297, .T. ) ;
#1917 = DIRECTION ( 'NONE',  ( 0.000000000000000000, 1.000000000000000000, 0.000000000000000000 ) ) ;
#1918 = VERTEX_POINT ( 'NONE', #4338 ) ;
#1919 = CYLINDRICAL_SURFACE ( 'NONE', #1542, 0.06102362000000141617 ) ;
#1920 = ORIENTED_EDGE ( 'NONE', *, *, #3535, .F. ) ;
#1921 = AXIS2_PLACEMENT_3D ( 'NONE', #2330, #3802, #130 ) ;
#1922 = CARTESIAN_POINT ( 'NONE',  ( 0.2500000000000000000, 6.865596934910893623, 0.6000000000000001998 ) ) ;
#1923 = ORIENTED_EDGE ( 'NONE', *, *, #3239, .T. ) ;
#1924 = VECTOR ( 'NONE', #4158, 39.37007874015748143 ) ;
#1925 = CIRCLE ( 'NONE', #4401, 0.05900000000000007322 ) ;
#1926 = DIRECTION ( 'NONE',  ( -1.000000000000000000, -0.000000000000000000, -0.000000000000000000 ) ) ;
#1927 = LINE ( 'NONE', #451, #1125 ) ;
#1928 = DIRECTION ( 'NONE',  ( -1.000000000000000000, -0.000000000000000000, -0.000000000000000000 ) ) ;
#1929 = ORIENTED_EDGE ( 'NONE', *, *, #4393, .T. ) ;
#1930 = CARTESIAN_POINT ( 'NONE',  ( 0.000000000000000000, 1.720782628522116608, 1.530724571592945615 ) ) ;
#1931 = CARTESIAN_POINT ( 'NONE',  ( 0.2500393700787401641, 1.487292127820782683, 3.964152097881510350 ) ) ;
#1932 = CIRCLE ( 'NONE', #4642, 0.09999999999999996392 ) ;
#1933 = FACE_OUTER_BOUND ( 'NONE', #3225, .T. ) ;
#1934 = VECTOR ( 'NONE', #1142, 39.37007874015748143 ) ;
#1935 = ADVANCED_FACE ( 'NONE', ( #978 ), #2069, .F. ) ;
#1936 = VERTEX_POINT ( 'NONE', #2450 ) ;
#1937 = EDGE_CURVE ( 'NONE', #1620, #2547, #1437, .T. ) ;
#1938 = DIRECTION ( 'NONE',  ( -1.000000000000000000, -0.000000000000000000, -0.000000000000000000 ) ) ;
#1939 = DIRECTION ( 'NONE',  ( -1.000000000000000000, -0.000000000000000000, -0.000000000000000000 ) ) ;
#1940 = CARTESIAN_POINT ( 'NONE',  ( 0.2500000000000000000, 6.865596934910893623, 3.399999999999999911 ) ) ;
#1941 = ORIENTED_EDGE ( 'NONE', *, *, #494, .F. ) ;
#1942 = LINE ( 'NONE', #2209, #3323 ) ;
#1943 = EDGE_CURVE ( 'NONE', #35, #2408, #3671, .T. ) ;
#1944 = ORIENTED_EDGE ( 'NONE', *, *, #787, .T. ) ;
#1945 = DIRECTION ( 'NONE',  ( 0.000000000000000000, 0.000000000000000000, 1.000000000000000000 ) ) ;
#1946 = DIRECTION ( 'NONE',  ( -1.000000000000000000, -0.000000000000000000, -0.000000000000000000 ) ) ;
#1947 = VERTEX_POINT ( 'NONE', #1707 ) ;
#1948 = DIRECTION ( 'NONE',  ( 0.000000000000000000, 0.000000000000000000, -1.000000000000000000 ) ) ;
#1949 = DIRECTION ( 'NONE',  ( 0.000000000000000000, 0.000000000000000000, 1.000000000000000000 ) ) ;
#1950 = DIRECTION ( 'NONE',  ( 0.000000000000000000, 0.000000000000000000, 1.000000000000000000 ) ) ;
#1951 = EDGE_CURVE ( 'NONE', #1633, #4407, #2360, .T. ) ;
#1952 = EDGE_LOOP ( 'NONE', ( #1296, #4560, #4042, #3818 ) ) ;
#1953 = PLANE ( 'NONE',  #3749 ) ;
#1954 = CARTESIAN_POINT ( 'NONE',  ( 0.000000000000000000, 6.529217371477883169, 1.530724571592945615 ) ) ;
#1955 = EDGE_CURVE ( 'NONE', #4376, #523, #2519, .T. ) ;
#1956 = EDGE_LOOP ( 'NONE', ( #2556, #946, #2942, #728, #2182, #1092, #3467, #4206, #3580, #1336, #149 ) ) ;
#1957 = FACE_OUTER_BOUND ( 'NONE', #3251, .T. ) ;
#1958 = CARTESIAN_POINT ( 'NONE',  ( 0.000000000000000000, 2.778169014084509225, 0.4455187638843143838 ) ) ;
#1959 = CIRCLE ( 'NONE', #2574, 0.1000000000000005745 ) ;
#1960 = CARTESIAN_POINT ( 'NONE',  ( 0.1250000000000000000, 4.124999999999999112, 6.633050410571259548 ) ) ;
#1961 = VERTEX_POINT ( 'NONE', #641 ) ;
#1962 = CARTESIAN_POINT ( 'NONE',  ( 0.2500000000000000000, 1.865596934910895399, 3.299999999999998490 ) ) ;
#1963 = ADVANCED_FACE ( 'NONE', ( #2113 ), #3971, .F. ) ;
#1964 = ORIENTED_EDGE ( 'NONE', *, *, #4455, .T. ) ;
#1965 = DIRECTION ( 'NONE',  ( 0.000000000000000000, -1.000000000000000000, 1.091898964333354438E-14 ) ) ;
#1966 = CARTESIAN_POINT ( 'NONE',  ( 0.07578740157480327866, 4.124999999999999112, 6.383050410571259548 ) ) ;
#1967 = DIRECTION ( 'NONE',  ( -1.000000000000000000, -0.000000000000000000, -0.000000000000000000 ) ) ;
#1968 = ORIENTED_EDGE ( 'NONE', *, *, #1077, .F. ) ;
#1969 = ADVANCED_FACE ( 'NONE', ( #731 ), #2568, .T. ) ;
#1970 = AXIS2_PLACEMENT_3D ( 'NONE', #3399, #110, #3739 ) ;
#1971 = FACE_OUTER_BOUND ( 'NONE', #3277, .T. ) ;
#1972 = CARTESIAN_POINT ( 'NONE',  ( 0.2500000000000000000, 4.600000000000000533, 1.274999999999993472 ) ) ;
#1973 = AXIS2_PLACEMENT_3D ( 'NONE', #2719, #458, #3425 ) ;
#1974 = ORIENTED_EDGE ( 'NONE', *, *, #3003, .F. ) ;
#1975 = CARTESIAN_POINT ( 'NONE',  ( 0.000000000000000000, 5.189406462572663692, 5.845993031711765653 ) ) ;
#1976 = CIRCLE ( 'NONE', #4528, 0.09999999999999947820 ) ;
#1977 = DIRECTION ( 'NONE',  ( -1.000000000000000000, -0.000000000000000000, -0.000000000000000000 ) ) ;
#1978 = DIRECTION ( 'NONE',  ( -1.000000000000000000, 0.000000000000000000, 0.000000000000000000 ) ) ;
#1979 = ORIENTED_EDGE ( 'NONE', *, *, #259, .T. ) ;
#1980 = DIRECTION ( 'NONE',  ( 1.000000000000000000, 0.000000000000000000, 0.000000000000000000 ) ) ;
#1981 = LINE ( 'NONE', #3453, #3388 ) ;
#1982 = DIRECTION ( 'NONE',  ( 0.000000000000000000, 0.000000000000000000, 1.000000000000000000 ) ) ;
#1983 = EDGE_LOOP ( 'NONE', ( #2682, #2303 ) ) ;
#1984 = FACE_BOUND ( 'NONE', #880, .T. ) ;
#1985 = ORIENTED_EDGE ( 'NONE', *, *, #1148, .T. ) ;
#1986 = EDGE_CURVE ( 'NONE', #466, #4322, #3128, .T. ) ;
#1987 = PLANE ( 'NONE',  #2895 ) ;
#1988 = LINE ( 'NONE', #3923, #1456 ) ;
#1989 = DIRECTION ( 'NONE',  ( -1.000000000000000000, -0.000000000000000000, -0.000000000000000000 ) ) ;
#1990 = CARTESIAN_POINT ( 'NONE',  ( 0.000000000000000000, 3.060593537427334088, 5.907016651711765043 ) ) ;
#1991 = ORIENTED_EDGE ( 'NONE', *, *, #4562, .F. ) ;
#1992 = EDGE_CURVE ( 'NONE', #4728, #3575, #1095, .T. ) ;
#1993 = VECTOR ( 'NONE', #3988, 39.37007874015748143 ) ;
#1994 = CARTESIAN_POINT ( 'NONE',  ( 0.2500000000000000000, 1.288620436566990435, 0.7287347885566365369 ) ) ;
#1995 = ORIENTED_EDGE ( 'NONE', *, *, #1527, .F. ) ;
#1996 = EDGE_CURVE ( 'NONE', #1049, #1337, #4370, .T. ) ;
#1997 = ADVANCED_FACE ( 'NONE', ( #1189 ), #3294, .F. ) ;
#1998 = VECTOR ( 'NONE', #1247, 39.37007874015748143 ) ;
#1999 = AXIS2_PLACEMENT_3D ( 'NONE', #1730, #3275, #2908 ) ;
#2000 = ORIENTED_EDGE ( 'NONE', *, *, #2291, .F. ) ;
#2001 = LINE ( 'NONE', #3490, #3778 ) ;
#2002 = DIRECTION ( 'NONE',  ( -1.000000000000000000, -0.000000000000000000, -0.000000000000000000 ) ) ;
#2003 = DIRECTION ( 'NONE',  ( -1.000000000000000000, 0.000000000000000000, 0.000000000000000000 ) ) ;
#2004 = APPROVAL_PERSON_ORGANIZATION ( #4078, #4534, #3957 ) ;
#2005 = AXIS2_PLACEMENT_3D ( 'NONE', #3707, #3682, #2637 ) ;
#2006 = ORIENTED_EDGE ( 'NONE', *, *, #869, .F. ) ;
#2007 = CIRCLE ( 'NONE', #3468, 0.05900000000000010791 ) ;
#2008 = DIRECTION ( 'NONE',  ( 0.000000000000000000, 0.000000000000000000, 1.000000000000000000 ) ) ;
#2009 = CYLINDRICAL_SURFACE ( 'NONE', #2457, 0.1000000000000000194 ) ;
#2010 = DIRECTION ( 'NONE',  ( 1.000000000000000000, 0.000000000000000000, 0.000000000000000000 ) ) ;
#2011 = ORIENTED_EDGE ( 'NONE', *, *, #1526, .T. ) ;
#2012 = CARTESIAN_POINT ( 'NONE',  ( 0.000000000000000000, 5.679999999999999716, 2.499999999999986233 ) ) ;
#2013 = VERTEX_POINT ( 'NONE', #1533 ) ;
#2014 = DIRECTION ( 'NONE',  ( -1.000000000000000000, -0.000000000000000000, -0.000000000000000000 ) ) ;
#2015 = LINE ( 'NONE', #4629, #1765 ) ;
#2016 = DIRECTION ( 'NONE',  ( -1.000000000000000000, -0.000000000000000000, -0.000000000000000000 ) ) ;
#2017 = DIRECTION ( 'NONE',  ( -1.000000000000000000, 0.000000000000000000, 0.000000000000000000 ) ) ;
#2018 = ORIENTED_EDGE ( 'NONE', *, *, #2458, .F. ) ;
#2019 = LINE ( 'NONE', #4662, #1271 ) ;
#2020 = VERTEX_POINT ( 'NONE', #4045 ) ;
#2021 = EDGE_CURVE ( 'NONE', #2048, #1337, #2274, .T. ) ;
#2022 = PRODUCT_DEFINITION ( 'UNKNOWN', '', #385, #1863 ) ;
#2023 = EDGE_CURVE ( 'NONE', #3575, #4470, #1481, .T. ) ;
#2024 = ORIENTED_EDGE ( 'NONE', *, *, #3645, .T. ) ;
#2025 = CARTESIAN_POINT ( 'NONE',  ( 0.000000000000000000, 1.865596934910894289, 0.6000000000000013101 ) ) ;
#2026 = LINE ( 'NONE', #3136, #2819 ) ;
#2027 = LINE ( 'NONE', #4347, #852 ) ;
#2028 = ORIENTED_EDGE ( 'NONE', *, *, #352, .T. ) ;
#2029 = CARTESIAN_POINT ( 'NONE',  ( 0.2500000000000000000, 1.720782628522116608, 1.530724571592945615 ) ) ;
#2030 = CARTESIAN_POINT ( 'NONE',  ( 0.2500000000000000000, 4.600000000000000533, 1.374999999999993339 ) ) ;
#2031 = DIRECTION ( 'NONE',  ( 1.000000000000000000, 0.000000000000000000, 0.000000000000000000 ) ) ;
#2032 = EDGE_LOOP ( 'NONE', ( #4116, #2221, #4701, #3867 ) ) ;
#2033 = DIRECTION ( 'NONE',  ( -1.000000000000000000, -0.000000000000000000, -0.000000000000000000 ) ) ;
#2034 = EDGE_LOOP ( 'NONE', ( #1461, #2943, #2189, #3986 ) ) ;
#2035 = ORIENTED_EDGE ( 'NONE', *, *, #3297, .T. ) ;
#2036 = CIRCLE ( 'NONE', #3579, 0.09999999999999975575 ) ;
#2037 = CARTESIAN_POINT ( 'NONE',  ( 0.2500000000000000000, 4.125000000000067502, 6.225570090571221904 ) ) ;
#2038 = LINE ( 'NONE', #155, #3855 ) ;
#2039 = CARTESIAN_POINT ( 'NONE',  ( 0.2500000000000000000, 1.865596934910894289, 0.6000000000000013101 ) ) ;
#2040 = CARTESIAN_POINT ( 'NONE',  ( 0.2500000000000000000, 3.543101460860224261, 6.633050410571259548 ) ) ;
#2041 = ORIENTED_EDGE ( 'NONE', *, *, #4075, .F. ) ;
#2042 = CARTESIAN_POINT ( 'NONE',  ( 0.2500000000000000000, 4.124999999999999112, 2.374999999999999556 ) ) ;
#2043 = VECTOR ( 'NONE', #1219, 39.37007874015748143 ) ;
#2044 = DIRECTION ( 'NONE',  ( 0.000000000000000000, 0.000000000000000000, 1.000000000000000000 ) ) ;
#2045 = VERTEX_POINT ( 'NONE', #2592 ) ;
#2046 = AXIS2_PLACEMENT_3D ( 'NONE', #1244, #428, #2333 ) ;
#2047 = VECTOR ( 'NONE', #902, 39.37007874015748143 ) ;
#2048 = VERTEX_POINT ( 'NONE', #2635 ) ;
#2049 = AXIS2_PLACEMENT_3D ( 'NONE', #2611, #2227, #709 ) ;
#2050 = APPROVAL_DATE_TIME ( #1762, #4534 ) ;
#2051 = DIRECTION ( 'NONE',  ( 0.000000000000000000, 0.000000000000000000, 1.000000000000000000 ) ) ;
#2052 = AXIS2_PLACEMENT_3D ( 'NONE', #3190, #243, #4325 ) ;
#2053 = DIRECTION ( 'NONE',  ( 0.000000000000000000, -5.824207538370990081E-15, -1.000000000000000000 ) ) ;
#2054 = CIRCLE ( 'NONE', #505, 0.04921259842519672134 ) ;
#2055 = ORIENTED_EDGE ( 'NONE', *, *, #2319, .F. ) ;
#2056 = AXIS2_PLACEMENT_3D ( 'NONE', #1382, #1501, #4088 ) ;
#2057 = CARTESIAN_POINT ( 'NONE',  ( 0.000000000000000000, 3.749999999999996891, 1.274999999999999023 ) ) ;
#2058 = CARTESIAN_POINT ( 'NONE',  ( 0.2500000000000000000, 1.625000000000000222, 2.498010216963684638 ) ) ;
#2059 = VERTEX_POINT ( 'NONE', #711 ) ;
#2060 = LINE ( 'NONE', #3843, #73 ) ;
#2061 = CIRCLE ( 'NONE', #1055, 0.09999999999999947820 ) ;
#2062 = ADVANCED_FACE ( 'NONE', ( #398 ), #4115, .F. ) ;
#2063 = ORIENTED_EDGE ( 'NONE', *, *, #102, .F. ) ;
#2064 = ADVANCED_FACE ( 'NONE', ( #444 ), #2975, .F. ) ;
#2065 = EDGE_LOOP ( 'NONE', ( #1145, #948, #55, #1427 ) ) ;
#2066 = ORIENTED_EDGE ( 'NONE', *, *, #1591, .T. ) ;
#2067 = DIRECTION ( 'NONE',  ( -1.000000000000000000, -0.000000000000000000, -0.000000000000000000 ) ) ;
#2068 = LINE ( 'NONE', #2039, #668 ) ;
#2069 = CYLINDRICAL_SURFACE ( 'NONE', #2211, 0.05900000000000007322 ) ;
#2070 = ORIENTED_EDGE ( 'NONE', *, *, #4782, .F. ) ;
#2071 = CARTESIAN_POINT ( 'NONE',  ( 0.2500000000000000000, 4.125000000000067502, 6.225570090571221904 ) ) ;
#2072 = CARTESIAN_POINT ( 'NONE',  ( 0.000000000000000000, 5.189406462572663692, 5.784969411711764486 ) ) ;
#2073 = ORIENTED_EDGE ( 'NONE', *, *, #3494, .T. ) ;
#2074 = VERTEX_POINT ( 'NONE', #755 ) ;
#2075 = PERSON_AND_ORGANIZATION ( #270, #3620 ) ;
#2076 = LINE ( 'NONE', #2602, #3975 ) ;
#2077 = CARTESIAN_POINT ( 'NONE',  ( 0.2500000000000000000, 2.778169014084509225, 0.4455187638843143838 ) ) ;
#2078 = VECTOR ( 'NONE', #1404, 39.37007874015748143 ) ;
#2079 = ORIENTED_EDGE ( 'NONE', *, *, #721, .F. ) ;
#2080 = DIRECTION ( 'NONE',  ( 1.000000000000000000, 0.000000000000000000, 0.000000000000000000 ) ) ;
#2081 = CIRCLE ( 'NONE', #4400, 0.04921259842519672134 ) ;
#2082 = AXIS2_PLACEMENT_3D ( 'NONE', #3421, #1563, #2760 ) ;
#2083 = CARTESIAN_POINT ( 'NONE',  ( 0.000000000000000000, 3.649999999999999023, 2.224999999999993427 ) ) ;
#2084 = CARTESIAN_POINT ( 'NONE',  ( 0.2500000000000000000, 2.750000000000000888, 2.984908903522902168 ) ) ;
#2085 = EDGE_CURVE ( 'NONE', #3587, #3960, #2928, .T. ) ;
#2086 = VERTEX_POINT ( 'NONE', #1824 ) ;
#2087 = CIRCLE ( 'NONE', #1855, 0.09999999999999975575 ) ;
#2088 = ADVANCED_FACE ( 'NONE', ( #3389 ), #779, .F. ) ;
#2089 = ORIENTED_EDGE ( 'NONE', *, *, #3623, .T. ) ;
#2090 = ORIENTED_EDGE ( 'NONE', *, *, #2824, .T. ) ;
#2091 = DIRECTION ( 'NONE',  ( 0.000000000000000000, 0.000000000000000000, 1.000000000000000000 ) ) ;
#2092 = CARTESIAN_POINT ( 'NONE',  ( 0.2500000000000000000, 6.093296530819586110, 3.975000000000000533 ) ) ;
#2093 = CARTESIAN_POINT ( 'NONE',  ( 0.000000000000000000, 2.000000000000000888, 2.499999999999987121 ) ) ;
#2094 = VERTEX_POINT ( 'NONE', #77 ) ;
#2095 = CIRCLE ( 'NONE', #3708, 0.1000000000000000194 ) ;
#2096 = CARTESIAN_POINT ( 'NONE',  ( 0.2500000000000000000, 7.124999999999999112, 3.375000000000000000 ) ) ;
#2097 = CARTESIAN_POINT ( 'NONE',  ( 0.2500000000000000000, 4.599999999999988987, 3.460263137648710519 ) ) ;
#2098 = VERTEX_POINT ( 'NONE', #4095 ) ;
#2099 = EDGE_LOOP ( 'NONE', ( #4437, #552, #3622, #1096 ) ) ;
#2100 = PERSON_AND_ORGANIZATION ( #270, #3620 ) ;
#2101 = DIRECTION ( 'NONE',  ( -1.000000000000000000, -0.000000000000000000, -0.000000000000000000 ) ) ;
#2102 = FACE_OUTER_BOUND ( 'NONE', #2976, .T. ) ;
#2103 = EDGE_CURVE ( 'NONE', #4272, #1181, #1144, .T. ) ;
#2104 = VERTEX_POINT ( 'NONE', #3680 ) ;
#2105 = LINE ( 'NONE', #1720, #1993 ) ;
#2106 = CARTESIAN_POINT ( 'NONE',  ( 0.2500000000000000000, 4.706898539139774407, 6.533050410571259903 ) ) ;
#2107 = DIRECTION ( 'NONE',  ( -1.000000000000000000, 0.000000000000000000, 0.000000000000000000 ) ) ;
#2108 = ORIENTED_EDGE ( 'NONE', *, *, #4275, .F. ) ;
#2109 = VERTEX_POINT ( 'NONE', #2230 ) ;
#2110 = VERTEX_POINT ( 'NONE', #3342 ) ;
#2111 = CARTESIAN_POINT ( 'NONE',  ( 0.2500000000000000000, 5.679999999999999716, 2.558999999999986397 ) ) ;
#2112 = CARTESIAN_POINT ( 'NONE',  ( 0.2500000000000000000, 4.500000000000000888, 1.274999999999995248 ) ) ;
#2113 = FACE_OUTER_BOUND ( 'NONE', #30, .T. ) ;
#2114 = ORIENTED_EDGE ( 'NONE', *, *, #984, .F. ) ;
#2115 = PLANE ( 'NONE',  #842 ) ;
#2116 = CIRCLE ( 'NONE', #4509, 0.7581413655442191812 ) ;
#2117 = DIRECTION ( 'NONE',  ( -1.000000000000000000, -0.000000000000000000, -0.000000000000000000 ) ) ;
#2118 = ORIENTED_EDGE ( 'NONE', *, *, #2853, .F. ) ;
#2119 = AXIS2_PLACEMENT_3D ( 'NONE', #2980, #4439, #3325 ) ;
#2120 = EDGE_CURVE ( 'NONE', #1573, #1839, #29, .T. ) ;
#2121 = EDGE_LOOP ( 'NONE', ( #2177, #3448, #3930, #420 ) ) ;
#2122 = CARTESIAN_POINT ( 'NONE',  ( 0.2500000000000000000, 5.399999999999997691, 0.5150910964771503453 ) ) ;
#2123 = CALENDAR_DATE ( 2026, 20, 3 ) ;
#2124 = DIRECTION ( 'NONE',  ( 0.000000000000000000, 1.000000000000000000, 4.728198450572700078E-16 ) ) ;
#2125 = DIRECTION ( 'NONE',  ( -1.000000000000000000, -0.000000000000000000, -0.000000000000000000 ) ) ;
#2126 = EDGE_LOOP ( 'NONE', ( #611, #1729, #2932, #4104 ) ) ;
#2127 = AXIS2_PLACEMENT_3D ( 'NONE', #956, #1265, #1371 ) ;
#2128 = CARTESIAN_POINT ( 'NONE',  ( 0.2500000000000000000, 6.384403065089104601, 3.299999999999999822 ) ) ;
#2129 = DIRECTION ( 'NONE',  ( -1.000000000000000000, -0.000000000000000000, -0.000000000000000000 ) ) ;
#2130 = DIRECTION ( 'NONE',  ( 1.000000000000000000, 0.000000000000000000, 0.000000000000000000 ) ) ;
#2131 = ORIENTED_EDGE ( 'NONE', *, *, #13, .F. ) ;
#2132 = VECTOR ( 'NONE', #1977, 39.37007874015748143 ) ;
#2133 = ORIENTED_EDGE ( 'NONE', *, *, #352, .F. ) ;
#2134 = ORIENTED_EDGE ( 'NONE', *, *, #136, .T. ) ;
#2135 = CARTESIAN_POINT ( 'NONE',  ( 0.07578740157480337580, 4.124999999999999112, 5.633050410571259548 ) ) ;
#2136 = FACE_OUTER_BOUND ( 'NONE', #509, .T. ) ;
#2137 = LINE ( 'NONE', #3565, #670 ) ;
#2138 = ORIENTED_EDGE ( 'NONE', *, *, #3832, .F. ) ;
#2139 = LINE ( 'NONE', #281, #2767 ) ;
#2140 = EDGE_CURVE ( 'NONE', #3720, #1773, #4296, .T. ) ;
#2141 = ORIENTED_EDGE ( 'NONE', *, *, #3768, .F. ) ;
#2142 = EDGE_CURVE ( 'NONE', #275, #3234, #4622, .T. ) ;
#2143 = EDGE_CURVE ( 'NONE', #518, #2202, #174, .T. ) ;
#2144 = CARTESIAN_POINT ( 'NONE',  ( 0.2500000000000000000, 4.599999999999988987, 3.560263137648710607 ) ) ;
#2145 = FACE_OUTER_BOUND ( 'NONE', #1325, .T. ) ;
#2146 = EDGE_CURVE ( 'NONE', #4079, #518, #2598, .T. ) ;
#2147 = CARTESIAN_POINT ( 'NONE',  ( 0.000000000000000000, 5.679999999999999716, 2.558999999999986397 ) ) ;
#2148 = EDGE_CURVE ( 'NONE', #2483, #399, #508, .T. ) ;
#2149 = AXIS2_PLACEMENT_3D ( 'NONE', #3877, #4582, #1262 ) ;
#2150 = ORIENTED_EDGE ( 'NONE', *, *, #936, .T. ) ;
#2151 = ORIENTED_EDGE ( 'NONE', *, *, #2319, .T. ) ;
#2152 = CARTESIAN_POINT ( 'NONE',  ( 0.2500000000000000000, 2.156703469180412558, 3.975000000000000089 ) ) ;
#2153 = DIRECTION ( 'NONE',  ( 0.000000000000000000, 0.000000000000000000, -1.000000000000000000 ) ) ;
#2154 = VECTOR ( 'NONE', #687, 39.37007874015748143 ) ;
#2155 = DIRECTION ( 'NONE',  ( 0.000000000000000000, 0.000000000000000000, 1.000000000000000000 ) ) ;
#2156 = ORIENTED_EDGE ( 'NONE', *, *, #4541, .T. ) ;
#2157 = VERTEX_POINT ( 'NONE', #826 ) ;
#2158 = AXIS2_PLACEMENT_3D ( 'NONE', #4566, #4198, #4224 ) ;
#2159 = VECTOR ( 'NONE', #4147, 39.37007874015748143 ) ;
#2160 = CARTESIAN_POINT ( 'NONE',  ( 0.07578740157480316764, 4.124999999999999112, 6.633050410571259548 ) ) ;
#2161 = FACE_OUTER_BOUND ( 'NONE', #3753, .T. ) ;
#2162 = LINE ( 'NONE', #330, #3600 ) ;
#2163 = ORIENTED_EDGE ( 'NONE', *, *, #2380, .F. ) ;
#2164 = DIRECTION ( 'NONE',  ( 1.000000000000000000, 0.000000000000000000, 0.000000000000000000 ) ) ;
#2165 = AXIS2_PLACEMENT_3D ( 'NONE', #1777, #329, #1432 ) ;
#2166 = AXIS2_PLACEMENT_3D ( 'NONE', #1214, #510, #2681 ) ;
#2167 = AXIS2_PLACEMENT_3D ( 'NONE', #4496, #1978, #4591 ) ;
#2168 = ORIENTED_EDGE ( 'NONE', *, *, #62, .T. ) ;
#2169 = DIRECTION ( 'NONE',  ( -0.000000000000000000, 0.9578262852211512079, 0.2873478855663463838 ) ) ;
#2170 = CARTESIAN_POINT ( 'NONE',  ( 0.000000000000000000, 7.124999999999999112, 3.434000000000000163 ) ) ;
#2171 = EDGE_CURVE ( 'NONE', #1363, #275, #918, .T. ) ;
#2172 = CARTESIAN_POINT ( 'NONE',  ( 0.2500000000000000000, 6.624999999999999112, 2.498010216963684638 ) ) ;
#2173 = ADVANCED_FACE ( 'NONE', ( #465 ), #1600, .F. ) ;
#2174 = EDGE_CURVE ( 'NONE', #537, #890, #511, .T. ) ;
#2175 = ADVANCED_FACE ( 'NONE', ( #2300 ), #3043, .F. ) ;
#2176 = ORIENTED_EDGE ( 'NONE', *, *, #1821, .F. ) ;
#2177 = ORIENTED_EDGE ( 'NONE', *, *, #573, .T. ) ;
#2178 = CARTESIAN_POINT ( 'NONE',  ( 0.000000000000000000, 6.762707872179214874, 3.903128477881510072 ) ) ;
#2179 = DIRECTION ( 'NONE',  ( 0.000000000000000000, -1.000000000000000000, -3.658815161332901634E-16 ) ) ;
#2180 = CARTESIAN_POINT ( 'NONE',  ( 0.2500000000000000000, 4.499999999999988454, 3.460263137648711407 ) ) ;
#2181 = ORIENTED_EDGE ( 'NONE', *, *, #4727, .T. ) ;
#2182 = ORIENTED_EDGE ( 'NONE', *, *, #2356, .F. ) ;
#2183 = CARTESIAN_POINT ( 'NONE',  ( 0.2500000000000000000, 1.720782628522116386, 1.530724571592945615 ) ) ;
#2184 = LINE ( 'NONE', #1823, #63 ) ;
#2185 = DIRECTION ( 'NONE',  ( 0.000000000000000000, 0.000000000000000000, 1.000000000000000000 ) ) ;
#2186 = ORIENTED_EDGE ( 'NONE', *, *, #2023, .F. ) ;
#2187 = CARTESIAN_POINT ( 'NONE',  ( 0.000000000000000000, 3.649999999999998579, 5.819066801422758672 ) ) ;
#2188 = CARTESIAN_POINT ( 'NONE',  ( 0.000000000000000000, 2.778169014084495458, 3.054481236115698550 ) ) ;
#2189 = ORIENTED_EDGE ( 'NONE', *, *, #487, .T. ) ;
#2190 = AXIS2_PLACEMENT_3D ( 'NONE', #1646, #867, #2008 ) ;
#2191 = DIRECTION ( 'NONE',  ( -1.000000000000000000, -0.000000000000000000, -0.000000000000000000 ) ) ;
#2192 = DIRECTION ( 'NONE',  ( 0.000000000000000000, 0.000000000000000000, -1.000000000000000000 ) ) ;
#2193 = CARTESIAN_POINT ( 'NONE',  ( 0.000000000000000000, 2.750000000000002665, 1.274999999999985922 ) ) ;
#2194 = EDGE_CURVE ( 'NONE', #327, #4739, #1675, .T. ) ;
#2195 = ORIENTED_EDGE ( 'NONE', *, *, #1817, .F. ) ;
#2196 = ORIENTED_EDGE ( 'NONE', *, *, #4275, .T. ) ;
#2197 = DIRECTION ( 'NONE',  ( -1.000000000000000000, -0.000000000000000000, -0.000000000000000000 ) ) ;
#2198 = FACE_OUTER_BOUND ( 'NONE', #3469, .T. ) ;
#2199 = ADVANCED_FACE ( 'NONE', ( #4138 ), #4160, .F. ) ;
#2200 = ORIENTED_EDGE ( 'NONE', *, *, #3832, .T. ) ;
#2201 = CIRCLE ( 'NONE', #114, 0.06102361999999923042 ) ;
#2202 = VERTEX_POINT ( 'NONE', #4182 ) ;
#2203 = AXIS2_PLACEMENT_3D ( 'NONE', #4793, #1111, #2584 ) ;
#2204 = CARTESIAN_POINT ( 'NONE',  ( 0.000000000000000000, 6.624999999999999112, 1.501989783036315140 ) ) ;
#2205 = FACE_BOUND ( 'NONE', #367, .T. ) ;
#2206 = DIRECTION ( 'NONE',  ( 0.000000000000000000, 2.962851445030681809E-16, -1.000000000000000000 ) ) ;
#2207 = ORIENTED_EDGE ( 'NONE', *, *, #2701, .T. ) ;
#2208 = EDGE_CURVE ( 'NONE', #3561, #1473, #1282, .T. ) ;
#2210 = AXIS2_PLACEMENT_3D ( 'NONE', #3165, #3598, #3958 ) ;
#2209 = CARTESIAN_POINT ( 'NONE',  ( 0.2500000000000000000, 1.000000000000001110, 3.500000000000000000 ) ) ;
#2211 = AXIS2_PLACEMENT_3D ( 'NONE', #2523, #230, #1028 ) ;
#2212 = EDGE_CURVE ( 'NONE', #302, #220, #1212, .T. ) ;
#2213 = ORIENTED_EDGE ( 'NONE', *, *, #3665, .T. ) ;
#2214 = PLANE ( 'NONE',  #268 ) ;
#2215 = AXIS2_PLACEMENT_3D ( 'NONE', #1873, #2614, #3653 ) ;
#2216 = VERTEX_POINT ( 'NONE', #484 ) ;
#2217 = DIRECTION ( 'NONE',  ( 0.000000000000000000, 0.000000000000000000, 1.000000000000000000 ) ) ;
#2218 = DIRECTION ( 'NONE',  ( 0.000000000000000000, 0.000000000000000000, 1.000000000000000000 ) ) ;
#2219 = DIRECTION ( 'NONE',  ( 1.000000000000000000, 0.000000000000000000, 0.000000000000000000 ) ) ;
#2220 = ORIENTED_EDGE ( 'NONE', *, *, #1175, .F. ) ;
#2221 = ORIENTED_EDGE ( 'NONE', *, *, #2194, .F. ) ;
#2222 = CARTESIAN_POINT ( 'NONE',  ( 0.2500000000000000000, 4.124999999999987566, 6.225570090571260096 ) ) ;
#2223 = CARTESIAN_POINT ( 'NONE',  ( 0.000000000000000000, 4.494999999999854445, 2.675000000000123723 ) ) ;
#2224 = CARTESIAN_POINT ( 'NONE',  ( 0.2500000000000000000, 3.948931663097198452, 6.383050410571259548 ) ) ;
#2225 = ORIENTED_EDGE ( 'NONE', *, *, #727, .F. ) ;
#2226 = VERTEX_POINT ( 'NONE', #3430 ) ;
#2227 = DIRECTION ( 'NONE',  ( -1.000000000000000000, -0.000000000000000000, -0.000000000000000000 ) ) ;
#2228 = DIRECTION ( 'NONE',  ( -1.000000000000000000, -0.000000000000000000, -0.000000000000000000 ) ) ;
#2229 = VECTOR ( 'NONE', #1480, 39.37007874015748143 ) ;
#2230 = CARTESIAN_POINT ( 'NONE',  ( 0.000000000000000000, 6.624999999999999112, 1.601989783036314785 ) ) ;
#2231 = ORIENTED_EDGE ( 'NONE', *, *, #350, .F. ) ;
#2232 = CARTESIAN_POINT ( 'NONE',  ( 0.000000000000000000, 3.454686027701928897, 6.579769905211409586 ) ) ;
#2233 = EDGE_CURVE ( 'NONE', #3328, #3709, #3908, .T. ) ;
#2234 = EDGE_CURVE ( 'NONE', #1575, #327, #3067, .T. ) ;
#2235 = ORIENTED_EDGE ( 'NONE', *, *, #2503, .T. ) ;
#2236 = CIRCLE ( 'NONE', #3932, 0.2362204699999908286 ) ;
#2237 = AXIS2_PLACEMENT_3D ( 'NONE', #2096, #3613, #757 ) ;
#2238 = EDGE_CURVE ( 'NONE', #4471, #345, #1520, .T. ) ;
#2239 = DIRECTION ( 'NONE',  ( -1.000000000000000000, -0.000000000000000000, -0.000000000000000000 ) ) ;
#2240 = EDGE_LOOP ( 'NONE', ( #1669, #937 ) ) ;
#2241 = VECTOR ( 'NONE', #4724, 39.37007874015748143 ) ;
#2242 = VECTOR ( 'NONE', #170, 39.37007874015748143 ) ;
#2243 = LINE ( 'NONE', #87, #4587 ) ;
#2244 = DIRECTION ( 'NONE',  ( 0.000000000000000000, 1.000000000000000000, 0.000000000000000000 ) ) ;
#2245 = LINE ( 'NONE', #2193, #2550 ) ;
#2246 = AXIS2_PLACEMENT_3D ( 'NONE', #1470, #2914, #1832 ) ;
#2247 = ORIENTED_EDGE ( 'NONE', *, *, #3418, .T. ) ;
#2248 = ORIENTED_EDGE ( 'NONE', *, *, #4453, .F. ) ;
#2249 = DIRECTION ( 'NONE',  ( 0.000000000000000000, -2.962851445030681809E-16, 1.000000000000000000 ) ) ;
#2250 = DIRECTION ( 'NONE',  ( 0.000000000000000000, -2.504572835329379595E-14, -1.000000000000000000 ) ) ;
#2251 = CYLINDRICAL_SURFACE ( 'NONE', #2289, 0.1000000000000005745 ) ;
#2252 = ORIENTED_EDGE ( 'NONE', *, *, #4698, .F. ) ;
#2253 = LINE ( 'NONE', #2996, #1571 ) ;
#2254 = FACE_OUTER_BOUND ( 'NONE', #1738, .T. ) ;
#2255 = DIRECTION ( 'NONE',  ( -0.000000000000000000, -0.000000000000000000, 1.000000000000000000 ) ) ;
#2256 = EDGE_LOOP ( 'NONE', ( #1649, #775, #2354, #3581 ) ) ;
#2257 = CARTESIAN_POINT ( 'NONE',  ( 0.1742125984251966242, 4.124999999999999112, 5.633050410571259548 ) ) ;
#2258 = ORIENTED_EDGE ( 'NONE', *, *, #672, .T. ) ;
#2259 = DIRECTION ( 'NONE',  ( -1.000000000000000000, -0.000000000000000000, -0.000000000000000000 ) ) ;
#2260 = ORIENTED_EDGE ( 'NONE', *, *, #3913, .T. ) ;
#2261 = CARTESIAN_POINT ( 'NONE',  ( 0.2500000000000000000, 4.600000000000000533, 3.875000000000000000 ) ) ;
#2262 = DIRECTION ( 'NONE',  ( -1.000000000000000000, -0.000000000000000000, -0.000000000000000000 ) ) ;
#2263 = DIRECTION ( 'NONE',  ( -1.000000000000000000, -0.000000000000000000, -0.000000000000000000 ) ) ;
#2264 = EDGE_CURVE ( 'NONE', #523, #2328, #2751, .T. ) ;
#2265 = VECTOR ( 'NONE', #3716, 39.37007874015748854 ) ;
#2266 = ORIENTED_EDGE ( 'NONE', *, *, #2879, .F. ) ;
#2267 = DIRECTION ( 'NONE',  ( -1.000000000000000000, -0.000000000000000000, -0.000000000000000000 ) ) ;
#2268 = FACE_OUTER_BOUND ( 'NONE', #1725, .T. ) ;
#2269 = CARTESIAN_POINT ( 'NONE',  ( 0.000000000000000000, 3.754999999999853788, 2.625000000000123901 ) ) ;
#2270 = CIRCLE ( 'NONE', #4122, 0.2499999999999998057 ) ;
#2271 = VERTEX_POINT ( 'NONE', #3095 ) ;
#2272 = DIRECTION ( 'NONE',  ( -1.000000000000000000, -0.000000000000000000, -0.000000000000000000 ) ) ;
#2273 = DIRECTION ( 'NONE',  ( 0.000000000000000000, -0.2873478855663468834, -0.9578262852211509859 ) ) ;
#2274 = LINE ( 'NONE', #3705, #4759 ) ;
#2275 = ORIENTED_EDGE ( 'NONE', *, *, #931, .T. ) ;
#2276 = DIRECTION ( 'NONE',  ( 0.000000000000000000, 0.6293205638426194737, 0.7771458215321030982 ) ) ;
#2277 = VECTOR ( 'NONE', #2244, 39.37007874015748143 ) ;
#2278 = VERTEX_POINT ( 'NONE', #4575 ) ;
#2279 = AXIS2_PLACEMENT_3D ( 'NONE', #229, #3825, #878 ) ;
#2280 = DIRECTION ( 'NONE',  ( 0.000000000000000000, 1.000000000000000000, 0.000000000000000000 ) ) ;
#2281 = VECTOR ( 'NONE', #1193, 39.37007874015748143 ) ;
#2282 = VECTOR ( 'NONE', #886, 39.37007874015748143 ) ;
#2283 = VERTEX_POINT ( 'NONE', #1253 ) ;
#2284 = EDGE_CURVE ( 'NONE', #4267, #2408, #2729, .T. ) ;
#2285 = VECTOR ( 'NONE', #3502, 39.37007874015748143 ) ;
#2286 = DIRECTION ( 'NONE',  ( 1.000000000000000000, 0.000000000000000000, 0.000000000000000000 ) ) ;
#2287 = DIRECTION ( 'NONE',  ( 0.000000000000000000, 0.000000000000000000, 1.000000000000000000 ) ) ;
#2288 = CARTESIAN_POINT ( 'NONE',  ( 0.2500000000000000000, 1.125000000000000666, 0.1250000000000000000 ) ) ;
#2289 = AXIS2_PLACEMENT_3D ( 'NONE', #4454, #4741, #3723 ) ;
#2290 = EDGE_CURVE ( 'NONE', #1676, #1141, #248, .T. ) ;
#2291 = EDGE_CURVE ( 'NONE', #4663, #1708, #3532, .T. ) ;
#2292 = ORIENTED_EDGE ( 'NONE', *, *, #1256, .T. ) ;
#2293 = CYLINDRICAL_SURFACE ( 'NONE', #1154, 0.09999999999999947820 ) ;
#2294 = LINE ( 'NONE', #1566, #2437 ) ;
#2295 = EDGE_CURVE ( 'NONE', #2812, #2110, #1721, .T. ) ;
#2296 = CARTESIAN_POINT ( 'NONE',  ( 0.1742125984251967352, 4.124999999999999112, 6.633050410571259548 ) ) ;
#2297 = VERTEX_POINT ( 'NONE', #657 ) ;
#2298 = CARTESIAN_POINT ( 'NONE',  ( 0.2500000000000000000, 2.000000000000000888, 2.440999999999986958 ) ) ;
#2299 = FACE_OUTER_BOUND ( 'NONE', #1021, .T. ) ;
#2300 = FACE_OUTER_BOUND ( 'NONE', #333, .T. ) ;
#2301 = ORIENTED_EDGE ( 'NONE', *, *, #14, .F. ) ;
#2302 = DIRECTION ( 'NONE',  ( 0.000000000000000000, 0.000000000000000000, -1.000000000000000000 ) ) ;
#2303 = ORIENTED_EDGE ( 'NONE', *, *, #550, .F. ) ;
#2304 = AXIS2_PLACEMENT_3D ( 'NONE', #3875, #1704, #1287 ) ;
#2305 = PLANE ( 'NONE',  #3516 ) ;
#2306 = ORIENTED_EDGE ( 'NONE', *, *, #3529, .F. ) ;
#2307 = EDGE_CURVE ( 'NONE', #2604, #3775, #2851, .T. ) ;
#2308 = VECTOR ( 'NONE', #3141, 39.37007874015748143 ) ;
#2309 = CIRCLE ( 'NONE', #841, 0.05900000000000005934 ) ;
#2310 = AXIS2_PLACEMENT_3D ( 'NONE', #4633, #4107, #791 ) ;
#2311 = CARTESIAN_POINT ( 'NONE',  ( 0.000000000000000000, 1.625000000000000222, 1.601989783036315007 ) ) ;
#2312 = CARTESIAN_POINT ( 'NONE',  ( 0.1250000000000000000, 4.124999999999999112, 5.633050410571259548 ) ) ;
#2313 = EDGE_CURVE ( 'NONE', #2641, #301, #125, .T. ) ;
#2314 = DIRECTION ( 'NONE',  ( 0.000000000000000000, 0.000000000000000000, -1.000000000000000000 ) ) ;
#2315 = VECTOR ( 'NONE', #176, 39.37007874015748143 ) ;
#2316 = ORIENTED_EDGE ( 'NONE', *, *, #3086, .T. ) ;
#2317 = FACE_OUTER_BOUND ( 'NONE', #1834, .T. ) ;
#2318 = VECTOR ( 'NONE', #1476, 39.37007874015748143 ) ;
#2319 = EDGE_CURVE ( 'NONE', #739, #2331, #2745, .T. ) ;
#2320 = EDGE_CURVE ( 'NONE', #280, #301, #1305, .T. ) ;
#2321 = LINE ( 'NONE', #888, #3326 ) ;
#2322 = ORIENTED_EDGE ( 'NONE', *, *, #2290, .T. ) ;
#2323 = CARTESIAN_POINT ( 'NONE',  ( 0.000000000000000000, 1.961379563433010231, 3.271265211443363352 ) ) ;
#2324 = DIRECTION ( 'NONE',  ( -1.000000000000000000, -0.000000000000000000, -0.000000000000000000 ) ) ;
#2325 = DIRECTION ( 'NONE',  ( -1.000000000000000000, -0.000000000000000000, -0.000000000000000000 ) ) ;
#2326 = ORIENTED_EDGE ( 'NONE', *, *, #3531, .T. ) ;
#2327 = DIRECTION ( 'NONE',  ( 0.000000000000000000, 0.000000000000000000, 1.000000000000000000 ) ) ;
#2328 = VERTEX_POINT ( 'NONE', #1018 ) ;
#2329 = CARTESIAN_POINT ( 'NONE',  ( 0.000000000000000000, 6.249999999999999112, 2.499999999999987121 ) ) ;
#2330 = CARTESIAN_POINT ( 'NONE',  ( 0.000000000000000000, 6.384403065089104601, 3.299999999999999822 ) ) ;
#2331 = VERTEX_POINT ( 'NONE', #1769 ) ;
#2332 = DIRECTION ( 'NONE',  ( -1.000000000000000000, -0.000000000000000000, -0.000000000000000000 ) ) ;
#2333 = DIRECTION ( 'NONE',  ( 0.000000000000000000, 0.000000000000000000, -1.000000000000000000 ) ) ;
#2334 = ORIENTED_EDGE ( 'NONE', *, *, #48, .T. ) ;
#2335 = DIRECTION ( 'NONE',  ( -1.000000000000000000, -0.000000000000000000, -0.000000000000000000 ) ) ;
#2336 = DIRECTION ( 'NONE',  ( 0.000000000000000000, 0.000000000000000000, 1.000000000000000000 ) ) ;
#2337 = DIRECTION ( 'NONE',  ( 1.000000000000000000, 0.000000000000000000, 0.000000000000000000 ) ) ;
#2338 = ADVANCED_FACE ( 'NONE', ( #1040 ), #581, .F. ) ;
#2339 = CIRCLE ( 'NONE', #1258, 0.1000000000000000194 ) ;
#2340 = VERTEX_POINT ( 'NONE', #2415 ) ;
#2341 = DIRECTION ( 'NONE',  ( 0.000000000000000000, 0.000000000000000000, 1.000000000000000000 ) ) ;
#2342 = DIRECTION ( 'NONE',  ( -1.000000000000000000, 0.000000000000000000, -0.000000000000000000 ) ) ;
#2343 = DIRECTION ( 'NONE',  ( 0.000000000000000000, 0.000000000000000000, -1.000000000000000000 ) ) ;
#2344 = ORIENTED_EDGE ( 'NONE', *, *, #2140, .T. ) ;
#2345 = LINE ( 'NONE', #3456, #2315 ) ;
#2346 = EDGE_CURVE ( 'NONE', #684, #3289, #3577, .T. ) ;
#2347 = EDGE_CURVE ( 'NONE', #2283, #719, #969, .T. ) ;
#2348 = ORIENTED_EDGE ( 'NONE', *, *, #127, .T. ) ;
#2349 = FACE_BOUND ( 'NONE', #4037, .T. ) ;
#2350 = DIRECTION ( 'NONE',  ( -1.000000000000000000, 0.000000000000000000, 0.000000000000000000 ) ) ;
#2351 = EDGE_CURVE ( 'NONE', #4753, #3345, #1976, .T. ) ;
#2352 = CARTESIAN_POINT ( 'NONE',  ( 0.000000000000000000, 4.494999999999854445, 2.675000000000123723 ) ) ;
#2353 = CARTESIAN_POINT ( 'NONE',  ( 0.2500000000000000000, 2.000000000000000888, 2.499999999999987121 ) ) ;
#2354 = ORIENTED_EDGE ( 'NONE', *, *, #90, .T. ) ;
#2355 = ADVANCED_FACE ( 'NONE', ( #4649 ), #3604, .F. ) ;
#2356 = EDGE_CURVE ( 'NONE', #1961, #338, #361, .T. ) ;
#2357 = AXIS2_PLACEMENT_3D ( 'NONE', #2097, #211, #1687 ) ;
#2358 = LINE ( 'NONE', #3033, #2970 ) ;
#2359 = EDGE_LOOP ( 'NONE', ( #2916, #1723, #2622, #238, #3572, #257, #4585, #4414, #1662, #1422, #3177 ) ) ;
#2360 = CIRCLE ( 'NONE', #3052, 0.05900000000000010791 ) ;
#2361 = VERTEX_POINT ( 'NONE', #3626 ) ;
#2362 = DIRECTION ( 'NONE',  ( 0.000000000000000000, 0.000000000000000000, 1.000000000000000000 ) ) ;
#2363 = AXIS2_PLACEMENT_3D ( 'NONE', #196, #3817, #3796 ) ;
#2364 = CARTESIAN_POINT ( 'NONE',  ( 0.2500000000000000000, 1.720782628522116608, 2.469275428407054385 ) ) ;
#2365 = CARTESIAN_POINT ( 'NONE',  ( 0.2500000000000000000, 3.754999999999853788, 2.575000000000124079 ) ) ;
#2366 = ORIENTED_EDGE ( 'NONE', *, *, #4637, .T. ) ;
#2367 = CARTESIAN_POINT ( 'NONE',  ( 0.1250000000000000000, 4.124999999999999112, 5.633050410571259548 ) ) ;
#2368 = CARTESIAN_POINT ( 'NONE',  ( 0.2500000000000000000, 4.301068336902801548, 6.068089770571259756 ) ) ;
#2369 = DIRECTION ( 'NONE',  ( -1.000000000000000000, -0.000000000000000000, -0.000000000000000000 ) ) ;
#2370 = ORIENTED_EDGE ( 'NONE', *, *, #1102, .T. ) ;
#2371 = DIRECTION ( 'NONE',  ( 0.000000000000000000, -7.886273575600313290E-15, 1.000000000000000000 ) ) ;
#2372 = ORIENTED_EDGE ( 'NONE', *, *, #4031, .F. ) ;
#2373 = FACE_BOUND ( 'NONE', #2359, .T. ) ;
#2374 = CARTESIAN_POINT ( 'NONE',  ( 0.000000000000000000, 1.865596934910895399, 0.7000000000000012879 ) ) ;
#2375 = CYLINDRICAL_SURFACE ( 'NONE', #3746, 0.09999999999999975575 ) ;
#2376 = ADVANCED_FACE ( 'NONE', ( #1793 ), #2516, .T. ) ;
#2377 = DIRECTION ( 'NONE',  ( 0.000000000000000000, -1.000000000000000000, -1.082897341793066155E-14 ) ) ;
#2378 = ORIENTED_EDGE ( 'NONE', *, *, #1711, .T. ) ;
#2379 = EDGE_CURVE ( 'NONE', #2104, #2020, #1593, .T. ) ;
#2380 = EDGE_CURVE ( 'NONE', #4663, #684, #3755, .T. ) ;
#2381 = AXIS2_PLACEMENT_3D ( 'NONE', #3603, #4279, #2848 ) ;
#2382 = DIRECTION ( 'NONE',  ( -1.000000000000000000, -0.000000000000000000, -0.000000000000000000 ) ) ;
#2383 = ORIENTED_EDGE ( 'NONE', *, *, #127, .F. ) ;
#2384 = AXIS2_PLACEMENT_3D ( 'NONE', #4450, #4060, #3693 ) ;
#2385 = VECTOR ( 'NONE', #666, 39.37007874015748143 ) ;
#2386 = ORIENTED_EDGE ( 'NONE', *, *, #4506, .F. ) ;
#2387 = DIRECTION ( 'NONE',  ( 1.000000000000000000, 0.000000000000000000, 0.000000000000000000 ) ) ;
#2388 = CARTESIAN_POINT ( 'NONE',  ( 0.2500000000000000000, 4.600000000000000533, 3.875000000000000000 ) ) ;
#2389 = DIRECTION ( 'NONE',  ( -0.000000000000000000, -0.000000000000000000, 1.000000000000000000 ) ) ;
#2390 = VECTOR ( 'NONE', #4730, 39.37007874015748143 ) ;
#2391 = CIRCLE ( 'NONE', #3933, 0.05899999999999996914 ) ;
#2392 = VERTEX_POINT ( 'NONE', #1746 ) ;
#2393 = CIRCLE ( 'NONE', #3629, 1.875000000000198730 ) ;
#2394 = CARTESIAN_POINT ( 'NONE',  ( 0.000000000000000000, 2.750000000000003109, 0.5150910964771503453 ) ) ;
#2395 = CARTESIAN_POINT ( 'NONE',  ( 0.000000000000000000, 4.124999999999999112, 2.624999999999999556 ) ) ;
#2396 = CARTESIAN_POINT ( 'NONE',  ( 0.2500000000000000000, 4.125000000000000000, 1.750000000000000000 ) ) ;
#2397 = EDGE_LOOP ( 'NONE', ( #2600, #1760, #4623, #2150 ) ) ;
#2398 = DIRECTION ( 'NONE',  ( 1.000000000000000000, 0.000000000000000000, -0.000000000000000000 ) ) ;
#2399 = ORIENTED_EDGE ( 'NONE', *, *, #3528, .T. ) ;
#2400 = FACE_BOUND ( 'NONE', #472, .T. ) ;
#2401 = CARTESIAN_POINT ( 'NONE',  ( 0.000000000000000000, 2.999999999999999556, 0.2500000000000000555 ) ) ;
#2402 = CARTESIAN_POINT ( 'NONE',  ( 0.2500000000000000000, 6.624999999999999112, 1.501989783036315140 ) ) ;
#2403 = DIRECTION ( 'NONE',  ( 0.000000000000000000, 1.082897341793066155E-14, -1.000000000000000000 ) ) ;
#2404 = VERTEX_POINT ( 'NONE', #4280 ) ;
#2405 = CARTESIAN_POINT ( 'NONE',  ( 0.000000000000000000, 4.774519052838332556, 2.124999999999993783 ) ) ;
#2406 = FACE_OUTER_BOUND ( 'NONE', #2256, .T. ) ;
#2407 = ORIENTED_EDGE ( 'NONE', *, *, #316, .T. ) ;
#2408 = VERTEX_POINT ( 'NONE', #608 ) ;
#2409 = DIRECTION ( 'NONE',  ( -1.000000000000000000, -0.000000000000000000, -0.000000000000000000 ) ) ;
#2410 = CARTESIAN_POINT ( 'NONE',  ( 0.2500000000000000000, 2.078988887027202637, 4.037932056384262225 ) ) ;
#2411 = EDGE_CURVE ( 'NONE', #2328, #2157, #1670, .T. ) ;
#2412 = DIRECTION ( 'NONE',  ( 0.000000000000000000, 0.000000000000000000, 1.000000000000000000 ) ) ;
#2413 = ORIENTED_EDGE ( 'NONE', *, *, #2438, .F. ) ;
#2414 = DIRECTION ( 'NONE',  ( -1.000000000000000000, -0.000000000000000000, -0.000000000000000000 ) ) ;
#2415 = CARTESIAN_POINT ( 'NONE',  ( 0.000000000000000000, 6.865596934910893623, 0.6000000000000001998 ) ) ;
#2416 = ORIENTED_EDGE ( 'NONE', *, *, #4364, .F. ) ;
#2417 = CARTESIAN_POINT ( 'NONE',  ( 0.2500000000000000000, 5.399999999999997691, 2.224999999999987210 ) ) ;
#2418 = VERTEX_POINT ( 'NONE', #3287 ) ;
#2419 = ORIENTED_EDGE ( 'NONE', *, *, #4592, .T. ) ;
#2420 = CIRCLE ( 'NONE', #1494, 0.05900000000000007322 ) ;
#2421 = DIRECTION ( 'NONE',  ( 1.000000000000000000, 0.000000000000000000, 0.000000000000000000 ) ) ;
#2422 = DIRECTION ( 'NONE',  ( -1.000000000000000000, -0.000000000000000000, -0.000000000000000000 ) ) ;
#2423 = FACE_OUTER_BOUND ( 'NONE', #2397, .T. ) ;
#2424 = FACE_OUTER_BOUND ( 'NONE', #2034, .T. ) ;
#2425 = ORIENTED_EDGE ( 'NONE', *, *, #4174, .T. ) ;
#2426 = DIRECTION ( 'NONE',  ( 0.000000000000000000, 0.000000000000000000, 1.000000000000000000 ) ) ;
#2427 = CARTESIAN_POINT ( 'NONE',  ( 0.000000000000000000, 4.494999999999854445, 2.625000000000123901 ) ) ;
#2428 = ORIENTED_EDGE ( 'NONE', *, *, #1943, .F. ) ;
#2429 = AXIS2_PLACEMENT_3D ( 'NONE', #2312, #3081, #790 ) ;
#2430 = VECTOR ( 'NONE', #1631, 39.37007874015748143 ) ;
#2431 = ORIENTED_EDGE ( 'NONE', *, *, #165, .F. ) ;
#2432 = AXIS2_PLACEMENT_3D ( 'NONE', #1117, #50, #1531 ) ;
#2433 = DIRECTION ( 'NONE',  ( -1.000000000000000000, 0.000000000000000000, -0.000000000000000000 ) ) ;
#2434 = VECTOR ( 'NONE', #4029, 39.37007874015748143 ) ;
#2435 = EDGE_CURVE ( 'NONE', #3775, #1044, #593, .T. ) ;
#2436 = DIRECTION ( 'NONE',  ( 0.000000000000000000, 0.000000000000000000, 1.000000000000000000 ) ) ;
#2437 = VECTOR ( 'NONE', #1227, 39.37007874015748143 ) ;
#2438 = EDGE_CURVE ( 'NONE', #1086, #1798, #4017, .T. ) ;
#2439 = ORIENTED_EDGE ( 'NONE', *, *, #1316, .F. ) ;
#2440 = VECTOR ( 'NONE', #4306, 39.37007874015748143 ) ;
#2441 = ADVANCED_FACE ( 'NONE', ( #3646 ), #2251, .F. ) ;
#2442 = CARTESIAN_POINT ( 'NONE',  ( 0.2500000000000000000, 3.749999999999998668, 2.294281086116925827 ) ) ;
#2443 = CARTESIAN_POINT ( 'NONE',  ( 0.000000000000000000, 6.093296530819586110, 3.975000000000000533 ) ) ;
#2444 = FACE_OUTER_BOUND ( 'NONE', #441, .T. ) ;
#2445 = ORIENTED_EDGE ( 'NONE', *, *, #3589, .F. ) ;
#2446 = ORIENTED_EDGE ( 'NONE', *, *, #1597, .F. ) ;
#2447 = ORIENTED_EDGE ( 'NONE', *, *, #1943, .T. ) ;
#2448 = DIRECTION ( 'NONE',  ( -1.000000000000000000, -0.000000000000000000, -0.000000000000000000 ) ) ;
#2449 = DIRECTION ( 'NONE',  ( -0.000000000000000000, -0.000000000000000000, 1.000000000000000000 ) ) ;
#2450 = CARTESIAN_POINT ( 'NONE',  ( 0.2500000000000000000, 4.840968060580278731, 6.474905339539486882 ) ) ;
#2451 = ORIENTED_EDGE ( 'NONE', *, *, #3804, .T. ) ;
#2452 = CARTESIAN_POINT ( 'NONE',  ( 0.000000000000000000, 5.499999999999997335, 2.984908903522902612 ) ) ;
#2453 = EDGE_CURVE ( 'NONE', #3343, #2109, #2061, .T. ) ;
#2454 = CYLINDRICAL_SURFACE ( 'NONE', #4211, 0.1000000000000000194 ) ;
#2455 = ORIENTED_EDGE ( 'NONE', *, *, #4214, .F. ) ;
#2456 = ORIENTED_EDGE ( 'NONE', *, *, #516, .F. ) ;
#2457 = AXIS2_PLACEMENT_3D ( 'NONE', #1647, #4621, #1303 ) ;
#2458 = EDGE_CURVE ( 'NONE', #2741, #4739, #1912, .T. ) ;
#2459 = DATE_AND_TIME ( #1691, #68 ) ;
#2460 = DIRECTION ( 'NONE',  ( -0.000000000000000000, 1.000000000000000000, 2.962851445030681809E-16 ) ) ;
#2461 = CARTESIAN_POINT ( 'NONE',  ( 0.2500000000000000000, 6.720782628522115054, 1.530724571592945615 ) ) ;
#2462 = VERTEX_POINT ( 'NONE', #705 ) ;
#2463 = CC_DESIGN_PERSON_AND_ORGANIZATION_ASSIGNMENT ( #1013, #3550, ( #4091 ) ) ;
#2464 = DIRECTION ( 'NONE',  ( 0.000000000000000000, 0.6293205638426198067, 0.7771458215321026541 ) ) ;
#2465 =( GEOMETRIC_REPRESENTATION_CONTEXT ( 3 ) GLOBAL_UNCERTAINTY_ASSIGNED_CONTEXT ( ( #2579 ) ) GLOBAL_UNIT_ASSIGNED_CONTEXT ( ( #861, #2697, #3237 ) ) REPRESENTATION_CONTEXT ( 'NONE', 'WORKASPACE' ) );
#2466 = AXIS2_PLACEMENT_3D ( 'NONE', #2417, #583, #2327 ) ;
#2467 = CARTESIAN_POINT ( 'NONE',  ( 0.2500000000000000000, 2.778169014084495458, 3.054481236115698550 ) ) ;
#2468 = CARTESIAN_POINT ( 'NONE',  ( 0.2500000000000000000, 1.125000000000000666, 0.1250000000000000000 ) ) ;
#2469 = ORIENTED_EDGE ( 'NONE', *, *, #1500, .F. ) ;
#2470 = VECTOR ( 'NONE', #3063, 39.37007874015748143 ) ;
#2471 = ORIENTED_EDGE ( 'NONE', *, *, #1818, .F. ) ;
#2472 = EDGE_LOOP ( 'NONE', ( #4520, #2196, #24, #836, #2791, #3583, #2965, #4013, #2028, #785 ) ) ;
#2473 = DIRECTION ( 'NONE',  ( -1.000000000000000000, -0.000000000000000000, -0.000000000000000000 ) ) ;
#2474 = FACE_OUTER_BOUND ( 'NONE', #3378, .T. ) ;
#2475 = DIRECTION ( 'NONE',  ( 1.000000000000000000, 0.000000000000000000, 0.000000000000000000 ) ) ;
#2476 = ORIENTED_EDGE ( 'NONE', *, *, #4508, .T. ) ;
#2477 = EDGE_CURVE ( 'NONE', #3842, #690, #412, .T. ) ;
#2478 = AXIS2_PLACEMENT_3D ( 'NONE', #2626, #2962, #317 ) ;
#2479 = DIRECTION ( 'NONE',  ( 1.000000000000000000, 0.000000000000000000, 0.000000000000000000 ) ) ;
#2480 = ADVANCED_FACE ( 'NONE', ( #2198 ), #2919, .T. ) ;
#2481 = CARTESIAN_POINT ( 'NONE',  ( 0.2500000000000000000, 3.060593537427334088, 5.845993031711765653 ) ) ;
#2482 = ORIENTED_EDGE ( 'NONE', *, *, #1491, .T. ) ;
#2483 = VERTEX_POINT ( 'NONE', #1890 ) ;
#2484 = LINE ( 'NONE', #4397, #342 ) ;
#2485 = APPROVAL_STATUS ( 'not_yet_approved' ) ;
#2486 = DIRECTION ( 'NONE',  ( 1.000000000000000000, 0.000000000000000000, 0.000000000000000000 ) ) ;
#2487 = DIRECTION ( 'NONE',  ( 0.000000000000000000, 0.000000000000000000, 1.000000000000000000 ) ) ;
#2488 = VERTEX_POINT ( 'NONE', #1425 ) ;
#2489 = CARTESIAN_POINT ( 'NONE',  ( 0.000000000000000000, 6.720782628522115054, 2.469275428407054385 ) ) ;
#2490 = ADVANCED_FACE ( 'NONE', ( #4794 ), #4111, .T. ) ;
#2491 = DIRECTION ( 'NONE',  ( 0.000000000000000000, 0.000000000000000000, 1.000000000000000000 ) ) ;
#2492 = DIRECTION ( 'NONE',  ( 0.000000000000000000, 0.000000000000000000, -1.000000000000000000 ) ) ;
#2493 = ORIENTED_EDGE ( 'NONE', *, *, #2582, .F. ) ;
#2494 = VERTEX_POINT ( 'NONE', #2224 ) ;
#2495 = ORIENTED_EDGE ( 'NONE', *, *, #2587, .F. ) ;
#2496 = DIRECTION ( 'NONE',  ( -1.000000000000000000, -0.000000000000000000, -0.000000000000000000 ) ) ;
#2497 = CARTESIAN_POINT ( 'NONE',  ( 0.000000000000000000, 1.125000000000001776, 3.315999999999999837 ) ) ;
#2498 = CARTESIAN_POINT ( 'NONE',  ( 0.000000000000000000, 7.124999999999999112, 0.1249999999999999029 ) ) ;
#2499 = VERTEX_POINT ( 'NONE', #3695 ) ;
#2500 = DIRECTION ( 'NONE',  ( 0.000000000000000000, 0.000000000000000000, -1.000000000000000000 ) ) ;
#2501 = EDGE_CURVE ( 'NONE', #1876, #3203, #3758, .T. ) ;
#2502 = VECTOR ( 'NONE', #4052, 39.37007874015748143 ) ;
#2503 = EDGE_CURVE ( 'NONE', #4416, #2535, #1678, .T. ) ;
#2504 = EDGE_CURVE ( 'NONE', #3457, #3188, #365, .T. ) ;
#2505 = VERTEX_POINT ( 'NONE', #2991 ) ;
#2506 = CARTESIAN_POINT ( 'NONE',  ( 0.2500000000000000000, 2.850000000000004086, 2.124999999999987121 ) ) ;
#2507 = CARTESIAN_POINT ( 'NONE',  ( 0.1250000000000000000, 4.124999999999999112, 6.633050410571259548 ) ) ;
#2508 = CARTESIAN_POINT ( 'NONE',  ( 0.2500000000000000000, 4.499999999999999112, 5.819066801422758672 ) ) ;
#2509 = VECTOR ( 'NONE', #60, 39.37007874015748143 ) ;
#2510 = VECTOR ( 'NONE', #2990, 39.37007874015748143 ) ;
#2511 = VERTEX_POINT ( 'NONE', #3745 ) ;
#2512 = ORIENTED_EDGE ( 'NONE', *, *, #596, .F. ) ;
#2513 = AXIS2_PLACEMENT_3D ( 'NONE', #3238, #2460, #3525 ) ;
#2514 = DIRECTION ( 'NONE',  ( 0.000000000000000000, -1.000000000000000000, 0.000000000000000000 ) ) ;
#2515 = AXIS2_PLACEMENT_3D ( 'NONE', #664, #3611, #370 ) ;
#2516 = CYLINDRICAL_SURFACE ( 'NONE', #3135, 0.09999999999999947820 ) ;
#2517 = CARTESIAN_POINT ( 'NONE',  ( 0.2500000000000000000, 6.961379563433009565, 0.7287347885566355377 ) ) ;
#2518 = ORIENTED_EDGE ( 'NONE', *, *, #2085, .F. ) ;
#2519 = CIRCLE ( 'NONE', #4605, 0.06102362000000141617 ) ;
#2520 = ORIENTED_EDGE ( 'NONE', *, *, #3909, .F. ) ;
#2521 = ORIENTED_EDGE ( 'NONE', *, *, #1077, .T. ) ;
#2522 = CARTESIAN_POINT ( 'NONE',  ( 0.2500000000000000000, 1.288620436566990435, 3.271265211443363352 ) ) ;
#2523 = CARTESIAN_POINT ( 'NONE',  ( 0.2500000000000000000, 7.124999999999999112, 0.1249999999999999029 ) ) ;
#2524 = EDGE_LOOP ( 'NONE', ( #2907, #3966, #2839, #4465 ) ) ;
#2525 = FACE_OUTER_BOUND ( 'NONE', #3748, .T. ) ;
#2526 = EDGE_CURVE ( 'NONE', #3792, #4120, #3170, .T. ) ;
#2527 = ADVANCED_FACE ( 'NONE', ( #340 ), #392, .F. ) ;
#2528 = VERTEX_POINT ( 'NONE', #2561 ) ;
#2529 = EDGE_CURVE ( 'NONE', #1181, #3188, #4039, .T. ) ;
#2530 = DIRECTION ( 'NONE',  ( -1.000000000000000000, 0.000000000000000000, 0.000000000000000000 ) ) ;
#2531 = DIRECTION ( 'NONE',  ( 0.000000000000000000, 0.6293205638426205839, -0.7771458215321023211 ) ) ;
#2532 = FACE_OUTER_BOUND ( 'NONE', #1603, .T. ) ;
#2533 = AXIS2_PLACEMENT_3D ( 'NONE', #2522, #4751, #1726 ) ;
#2534 = ORIENTED_EDGE ( 'NONE', *, *, #4596, .T. ) ;
#2535 = VERTEX_POINT ( 'NONE', #1868 ) ;
#2536 = DIRECTION ( 'NONE',  ( 0.000000000000000000, 0.000000000000000000, 1.000000000000000000 ) ) ;
#2537 = DIRECTION ( 'NONE',  ( -1.000000000000000000, 0.000000000000000000, 0.000000000000000000 ) ) ;
#2538 = AXIS2_PLACEMENT_3D ( 'NONE', #4410, #1455, #2927 ) ;
#2539 = DIRECTION ( 'NONE',  ( -0.000000000000000000, -0.000000000000000000, 1.000000000000000000 ) ) ;
#2540 = ORIENTED_EDGE ( 'NONE', *, *, #2696, .F. ) ;
#2541 = ORIENTED_EDGE ( 'NONE', *, *, #3155, .F. ) ;
#2542 = CIRCLE ( 'NONE', #2384, 0.1000000000000000194 ) ;
#2543 = VECTOR ( 'NONE', #781, 39.37007874015748143 ) ;
#2544 = DIRECTION ( 'NONE',  ( 0.000000000000000000, 0.000000000000000000, 1.000000000000000000 ) ) ;
#2545 = CARTESIAN_POINT ( 'NONE',  ( 0.2500000000000000000, 6.384403065089105489, 3.399999999999999911 ) ) ;
#2546 = CARTESIAN_POINT ( 'NONE',  ( 0.07578740157480327866, 4.124999999999999112, 6.068089770571259756 ) ) ;
#2547 = VERTEX_POINT ( 'NONE', #3337 ) ;
#2548 = CARTESIAN_POINT ( 'NONE',  ( 0.2500000000000000000, 4.124999999999999112, 2.624999999999999556 ) ) ;
#2549 = AXIS2_PLACEMENT_3D ( 'NONE', #1308, #896, #2731 ) ;
#2550 = VECTOR ( 'NONE', #678, 39.37007874015748143 ) ;
#2551 = ORIENTED_EDGE ( 'NONE', *, *, #4170, .F. ) ;
#2552 = CARTESIAN_POINT ( 'NONE',  ( 0.000000000000000000, 3.060593537427334088, 5.845993031711765653 ) ) ;
#2553 = CYLINDRICAL_SURFACE ( 'NONE', #3046, 0.04921259842519672134 ) ;
#2554 = EDGE_CURVE ( 'NONE', #2752, #2837, #23, .T. ) ;
#2555 = CARTESIAN_POINT ( 'NONE',  ( 0.2500000000000000000, 1.487292127820782683, 3.842104857881509350 ) ) ;
#2556 = ORIENTED_EDGE ( 'NONE', *, *, #249, .F. ) ;
#2557 = EDGE_LOOP ( 'NONE', ( #2041, #1614, #4168 ) ) ;
#2558 = EDGE_CURVE ( 'NONE', #2488, #1918, #502, .T. ) ;
#2559 = CARTESIAN_POINT ( 'NONE',  ( 0.2500000000000000000, 3.060593537427334088, 5.784969411711766263 ) ) ;
#2560 = EDGE_CURVE ( 'NONE', #2988, #4429, #3383, .T. ) ;
#2561 = CARTESIAN_POINT ( 'NONE',  ( 0.2500000000000000000, 2.750000000000019540, 2.984908903522902168 ) ) ;
#2562 = PRODUCT_DEFINITION_SHAPE ( 'NONE', 'NONE',  #2022 ) ;
#2563 = CARTESIAN_POINT ( 'NONE',  ( 0.2500000000000000000, 1.125000000000001776, 3.375000000000000000 ) ) ;
#2564 = EDGE_LOOP ( 'NONE', ( #4134, #3881, #3356, #1685 ) ) ;
#2565 = ORIENTED_EDGE ( 'NONE', *, *, #4075, .T. ) ;
#2566 = DIRECTION ( 'NONE',  ( -1.000000000000000000, 0.000000000000000000, 0.000000000000000000 ) ) ;
#2567 = CYLINDRICAL_SURFACE ( 'NONE', #4246, 0.05900000000000010791 ) ;
#2568 = PLANE ( 'NONE',  #119 ) ;
#2569 = VERTEX_POINT ( 'NONE', #3091 ) ;
#2570 = CARTESIAN_POINT ( 'NONE',  ( 0.2500000000000000000, 4.677714582153210010, 5.881998857807020364 ) ) ;
#2571 = VERTEX_POINT ( 'NONE', #2365 ) ;
#2572 = CARTESIAN_POINT ( 'NONE',  ( 0.2500393700787401641, 1.487292127820782683, 3.903128477881510072 ) ) ;
#2573 = ORIENTED_EDGE ( 'NONE', *, *, #721, .T. ) ;
#2574 = AXIS2_PLACEMENT_3D ( 'NONE', #1785, #2867, #4344 ) ;
#2575 = AXIS2_PLACEMENT_3D ( 'NONE', #2122, #1468, #2841 ) ;
#2576 = PLANE ( 'NONE',  #4669 ) ;
#2577 = DIRECTION ( 'NONE',  ( -1.000000000000000000, 0.000000000000000000, 0.000000000000000000 ) ) ;
#2578 = CARTESIAN_POINT ( 'NONE',  ( 0.2500000000000000000, 3.454686027701928897, 6.579769905211409586 ) ) ;
#2579 = UNCERTAINTY_MEASURE_WITH_UNIT (LENGTH_MEASURE( 1.000000000000000082E-05 ), #861, 'distance_accuracy_value', 'NONE');
#2580 = ORIENTED_EDGE ( 'NONE', *, *, #1784, .F. ) ;
#2581 = ORIENTED_EDGE ( 'NONE', *, *, #955, .F. ) ;
#2582 = EDGE_CURVE ( 'NONE', #4079, #2987, #4518, .T. ) ;
#2583 = DIRECTION ( 'NONE',  ( -1.000000000000000000, -0.000000000000000000, -0.000000000000000000 ) ) ;
#2584 = DIRECTION ( 'NONE',  ( 0.000000000000000000, 0.000000000000000000, -1.000000000000000000 ) ) ;
#2585 = EDGE_CURVE ( 'NONE', #4322, #1099, #3866, .T. ) ;
#2586 = CARTESIAN_POINT ( 'NONE',  ( 0.2500000000000000000, 3.749999999999996003, 2.955718913883070176 ) ) ;
#2587 = EDGE_CURVE ( 'NONE', #1348, #2782, #3011, .T. ) ;
#2588 = VERTEX_POINT ( 'NONE', #840 ) ;
#2589 = EDGE_LOOP ( 'NONE', ( #2593, #3096, #166, #4774 ) ) ;
#2590 = CARTESIAN_POINT ( 'NONE',  ( 0.000000000000000000, 3.749999999999996003, 2.955718913883070176 ) ) ;
#2591 = LINE ( 'NONE', #3751, #4003 ) ;
#2592 = CARTESIAN_POINT ( 'NONE',  ( 0.2500000000000000000, 1.625000000000000222, 1.601989783036315007 ) ) ;
#2593 = ORIENTED_EDGE ( 'NONE', *, *, #164, .F. ) ;
#2594 = CARTESIAN_POINT ( 'NONE',  ( 0.2500000000000000000, 4.599999999999992539, 0.3500000000000000333 ) ) ;
#2595 = CIRCLE ( 'NONE', #1589, 0.1000000000000000194 ) ;
#2596 = ORIENTED_EDGE ( 'NONE', *, *, #1840, .F. ) ;
#2597 = DIRECTION ( 'NONE',  ( -1.000000000000000000, -0.000000000000000000, -0.000000000000000000 ) ) ;
#2598 = CIRCLE ( 'NONE', #2363, 0.05900000000000010791 ) ;
#2599 = CALENDAR_DATE ( 2026, 20, 3 ) ;
#2600 = ORIENTED_EDGE ( 'NONE', *, *, #2085, .T. ) ;
#2601 = CARTESIAN_POINT ( 'NONE',  ( 0.2500000000000000000, 1.384403065089106155, 0.6000000000000013101 ) ) ;
#2602 = CARTESIAN_POINT ( 'NONE',  ( 0.2500000000000000000, 4.795313972298068883, 6.579769905211409586 ) ) ;
#2603 = CARTESIAN_POINT ( 'NONE',  ( 0.2500000000000000000, 4.599999999999999645, 2.124999999999993783 ) ) ;
#2604 = VERTEX_POINT ( 'NONE', #2720 ) ;
#2605 = ORIENTED_EDGE ( 'NONE', *, *, #132, .T. ) ;
#2606 = DIRECTION ( 'NONE',  ( 0.000000000000000000, 0.000000000000000000, 1.000000000000000000 ) ) ;
#2607 = CARTESIAN_POINT ( 'NONE',  ( 0.2500000000000000000, 3.623239436619713150, 3.556615990473965816 ) ) ;
#2608 = DIRECTION ( 'NONE',  ( 0.000000000000000000, 2.962851445030681809E-16, -1.000000000000000000 ) ) ;
#2609 = AXIS2_PLACEMENT_3D ( 'NONE', #2353, #2017, #1684 ) ;
#2610 = ORIENTED_EDGE ( 'NONE', *, *, #294, .T. ) ;
#2611 = CARTESIAN_POINT ( 'NONE',  ( 0.000000000000000000, 4.599999999999988987, 3.460263137648710519 ) ) ;
#2612 = FACE_BOUND ( 'NONE', #3423, .T. ) ;
#2613 = AXIS2_PLACEMENT_3D ( 'NONE', #1094, #615, #2091 ) ;
#2614 = DIRECTION ( 'NONE',  ( -1.000000000000000000, -0.000000000000000000, -0.000000000000000000 ) ) ;
#2615 = ORIENTED_EDGE ( 'NONE', *, *, #4350, .F. ) ;
#2616 = LINE ( 'NONE', #2658, #4247 ) ;
#2617 = VERTEX_POINT ( 'NONE', #1228 ) ;
#2618 = AXIS2_PLACEMENT_3D ( 'NONE', #2222, #1547, #4128 ) ;
#2619 = CIRCLE ( 'NONE', #313, 0.06102361999999923042 ) ;
#2620 = DIRECTION ( 'NONE',  ( 0.000000000000000000, 3.658815161332900647E-16, -1.000000000000000000 ) ) ;
#2621 = ADVANCED_FACE ( 'NONE', ( #1933 ), #1858, .F. ) ;
#2622 = ORIENTED_EDGE ( 'NONE', *, *, #858, .T. ) ;
#2623 = AXIS2_PLACEMENT_3D ( 'NONE', #3627, #3605, #3250 ) ;
#2624 = DIRECTION ( 'NONE',  ( 0.000000000000000000, 0.000000000000000000, -1.000000000000000000 ) ) ;
#2625 = CARTESIAN_POINT ( 'NONE',  ( 0.2500000000000000000, 4.499999999999999112, 5.819066801422758672 ) ) ;
#2626 = CARTESIAN_POINT ( 'NONE',  ( 0.000000000000000000, 3.649999999999990141, 3.460263137648704301 ) ) ;
#2627 = ORIENTED_EDGE ( 'NONE', *, *, #1937, .T. ) ;
#2628 = DIRECTION ( 'NONE',  ( 0.000000000000000000, 0.000000000000000000, 1.000000000000000000 ) ) ;
#2629 = CARTESIAN_POINT ( 'NONE',  ( 0.2500000000000000000, 7.249999999999999112, 3.500000000000000000 ) ) ;
#2630 = CARTESIAN_POINT ( 'NONE',  ( 0.000000000000000000, 3.649999999999999023, 3.875000000000000000 ) ) ;
#2631 = ORIENTED_EDGE ( 'NONE', *, *, #1347, .F. ) ;
#2632 = EDGE_CURVE ( 'NONE', #4650, #1032, #94, .T. ) ;
#2633 = DIRECTION ( 'NONE',  ( 1.000000000000000000, 0.000000000000000000, -0.000000000000000000 ) ) ;
#2634 = FACE_BOUND ( 'NONE', #3480, .T. ) ;
#2635 = CARTESIAN_POINT ( 'NONE',  ( 0.2500000000000000000, 7.124999999999999112, 3.315999999999999837 ) ) ;
#2636 = ORIENTED_EDGE ( 'NONE', *, *, #3185, .F. ) ;
#2637 = DIRECTION ( 'NONE',  ( 0.000000000000000000, 0.000000000000000000, 1.000000000000000000 ) ) ;
#2638 = ORIENTED_EDGE ( 'NONE', *, *, #1173, .F. ) ;
#2639 = CARTESIAN_POINT ( 'NONE',  ( 0.2500000000000000000, 4.600000000000001421, 1.374999999999993339 ) ) ;
#2640 = EDGE_CURVE ( 'NONE', #2226, #850, #1471, .T. ) ;
#2641 = VERTEX_POINT ( 'NONE', #1618 ) ;
#2642 = EDGE_CURVE ( 'NONE', #184, #715, #2747, .T. ) ;
#2643 = EDGE_CURVE ( 'NONE', #535, #220, #2095, .T. ) ;
#2644 = EDGE_CURVE ( 'NONE', #1341, #1575, #159, .T. ) ;
#2645 = DIRECTION ( 'NONE',  ( 0.000000000000000000, 0.000000000000000000, 1.000000000000000000 ) ) ;
#2646 = CARTESIAN_POINT ( 'NONE',  ( 0.2500000000000000000, 6.624999999999999112, 1.501989783036315140 ) ) ;
#2647 = DIRECTION ( 'NONE',  ( 1.000000000000000000, 0.000000000000000000, -0.000000000000000000 ) ) ;
#2648 = VECTOR ( 'NONE', #2726, 39.37007874015748143 ) ;
#2649 = EDGE_LOOP ( 'NONE', ( #1152, #1415 ) ) ;
#2650 = DIRECTION ( 'NONE',  ( -1.000000000000000000, 0.000000000000000000, 0.000000000000000000 ) ) ;
#2651 = CARTESIAN_POINT ( 'NONE',  ( 0.2500000000000000000, 7.249999999999999112, 3.500000000000000000 ) ) ;
#2652 = LINE ( 'NONE', #527, #2470 ) ;
#2653 = ORIENTED_EDGE ( 'NONE', *, *, #4174, .F. ) ;
#2654 = CARTESIAN_POINT ( 'NONE',  ( 0.2500000000000000000, 4.600000000000000533, 1.274999999999993472 ) ) ;
#2655 = DIRECTION ( 'NONE',  ( -1.000000000000000000, -0.000000000000000000, -0.000000000000000000 ) ) ;
#2656 = CARTESIAN_POINT ( 'NONE',  ( 0.2500000000000000000, 5.499999999999997335, 0.5150910964771503453 ) ) ;
#2657 = ORIENTED_EDGE ( 'NONE', *, *, #3357, .F. ) ;
#2658 = CARTESIAN_POINT ( 'NONE',  ( 0.000000000000000000, 1.720782628522116608, 2.469275428407054385 ) ) ;
#2659 = ORIENTED_EDGE ( 'NONE', *, *, #163, .F. ) ;
#2660 = EDGE_CURVE ( 'NONE', #338, #934, #2321, .T. ) ;
#2661 = LINE ( 'NONE', #4212, #3669 ) ;
#2662 = AXIS2_PLACEMENT_3D ( 'NONE', #4253, #1035, #4617 ) ;
#2663 = AXIS2_PLACEMENT_3D ( 'NONE', #4434, #1554, #1119 ) ;
#2664 = ORIENTED_EDGE ( 'NONE', *, *, #3998, .F. ) ;
#2665 = AXIS2_PLACEMENT_3D ( 'NONE', #2083, #2873, #4351 ) ;
#2666 = EDGE_CURVE ( 'NONE', #2617, #3106, #2652, .T. ) ;
#2667 = EDGE_CURVE ( 'NONE', #1032, #771, #82, .T. ) ;
#2668 = DIRECTION ( 'NONE',  ( 0.000000000000000000, -1.000000000000000000, 0.000000000000000000 ) ) ;
#2669 = EDGE_CURVE ( 'NONE', #1847, #2048, #2007, .T. ) ;
#2670 = DIRECTION ( 'NONE',  ( 0.000000000000000000, 0.000000000000000000, 1.000000000000000000 ) ) ;
#2671 = CYLINDRICAL_SURFACE ( 'NONE', #764, 0.04999999999999973910 ) ;
#2672 = EDGE_CURVE ( 'NONE', #1825, #1029, #3473, .T. ) ;
#2673 = ORIENTED_EDGE ( 'NONE', *, *, #3486, .T. ) ;
#2674 = CARTESIAN_POINT ( 'NONE',  ( 0.2500000000000000000, 4.599999999999999645, 5.819066801422758672 ) ) ;
#2675 = DIRECTION ( 'NONE',  ( 0.000000000000000000, 1.000000000000000000, 1.565358022080791052E-15 ) ) ;
#2676 = ORIENTED_EDGE ( 'NONE', *, *, #2847, .F. ) ;
#2677 = LINE ( 'NONE', #4597, #1416 ) ;
#2678 = DIRECTION ( 'NONE',  ( 0.000000000000000000, 0.000000000000000000, 1.000000000000000000 ) ) ;
#2679 = DIRECTION ( 'NONE',  ( -1.000000000000000000, -0.000000000000000000, -0.000000000000000000 ) ) ;
#2680 = ORIENTED_EDGE ( 'NONE', *, *, #3920, .F. ) ;
#2681 = DIRECTION ( 'NONE',  ( 0.000000000000000000, 0.000000000000000000, -1.000000000000000000 ) ) ;
#2682 = ORIENTED_EDGE ( 'NONE', *, *, #997, .F. ) ;
#2683 = VECTOR ( 'NONE', #2734, 39.37007874015748143 ) ;
#2684 = FACE_OUTER_BOUND ( 'NONE', #4232, .T. ) ;
#2685 = CARTESIAN_POINT ( 'NONE',  ( 0.000000000000000000, 6.865596934910894511, 0.7000000000000001776 ) ) ;
#2686 = VERTEX_POINT ( 'NONE', #3039 ) ;
#2687 = AXIS2_PLACEMENT_3D ( 'NONE', #3555, #1062, #2872 ) ;
#2688 = CIRCLE ( 'NONE', #4784, 0.09999999999999947820 ) ;
#2689 = AXIS2_PLACEMENT_3D ( 'NONE', #1663, #2335, #1565 ) ;
#2690 = VECTOR ( 'NONE', #3014, 39.37007874015748143 ) ;
#2692 = ADVANCED_FACE ( 'NONE', ( #863 ), #479, .F. ) ;
#2691 = CARTESIAN_POINT ( 'NONE',  ( 0.000000000000000000, 1.288620436566990435, 0.7287347885566365369 ) ) ;
#2693 = CARTESIAN_POINT ( 'NONE',  ( 0.000000000000000000, 7.124999999999999112, 3.375000000000000000 ) ) ;
#2694 = AXIS2_PLACEMENT_3D ( 'NONE', #419, #1510, #3754 ) ;
#2695 = ORIENTED_EDGE ( 'NONE', *, *, #2142, .T. ) ;
#2696 = EDGE_CURVE ( 'NONE', #1878, #3328, #3813, .T. ) ;
#2697 =( NAMED_UNIT ( * ) PLANE_ANGLE_UNIT ( ) SI_UNIT ( $, .RADIAN. ) );
#2698 = DIRECTION ( 'NONE',  ( -1.000000000000000000, -0.000000000000000000, -0.000000000000000000 ) ) ;
#2699 = CIRCLE ( 'NONE', #1782, 0.1000000000000000194 ) ;
#2700 = CARTESIAN_POINT ( 'NONE',  ( 0.2500000000000000000, 5.399999999999997691, 1.274999999999986811 ) ) ;
#2701 = EDGE_CURVE ( 'NONE', #719, #3015, #2393, .T. ) ;
#2702 = EDGE_LOOP ( 'NONE', ( #1447, #3606, #2808, #712 ) ) ;
#2703 = EDGE_CURVE ( 'NONE', #3253, #720, #653, .T. ) ;
#2704 = CARTESIAN_POINT ( 'NONE',  ( 0.2500000000000000000, 3.649999999999992362, 0.3500000000000000888 ) ) ;
#2705 = CARTESIAN_POINT ( 'NONE',  ( 0.2500000000000000000, 3.649999999999999023, 2.124999999999993783 ) ) ;
#2706 = DIRECTION ( 'NONE',  ( 1.000000000000000000, 0.000000000000000000, 0.000000000000000000 ) ) ;
#2707 = ORIENTED_EDGE ( 'NONE', *, *, #3715, .T. ) ;
#2708 = DIRECTION ( 'NONE',  ( -1.000000000000000000, 0.000000000000000000, 0.000000000000000000 ) ) ;
#2709 = ORIENTED_EDGE ( 'NONE', *, *, #2725, .T. ) ;
#2710 = FACE_BOUND ( 'NONE', #3333, .T. ) ;
#2711 = DIRECTION ( 'NONE',  ( -1.000000000000000000, -0.000000000000000000, -0.000000000000000000 ) ) ;
#2712 = CARTESIAN_POINT ( 'NONE',  ( 0.000000000000000000, 4.840968060580278731, 6.474905339539486882 ) ) ;
#2713 = DIRECTION ( 'NONE',  ( 0.000000000000000000, 1.000000000000000000, 0.000000000000000000 ) ) ;
#2714 = EDGE_LOOP ( 'NONE', ( #2431, #3478, #393, #3814 ) ) ;
#2715 = LINE ( 'NONE', #3104, #578 ) ;
#2716 = VERTEX_POINT ( 'NONE', #3574 ) ;
#2717 = ORIENTED_EDGE ( 'NONE', *, *, #990, .F. ) ;
#2718 = CARTESIAN_POINT ( 'NONE',  ( 0.2500000000000000000, 4.124999999999999112, 2.624999999999999556 ) ) ;
#2719 = CARTESIAN_POINT ( 'NONE',  ( 0.2500000000000000000, 1.125000000000000666, 0.1250000000000000000 ) ) ;
#2720 = CARTESIAN_POINT ( 'NONE',  ( 0.2500000000000000000, 4.626760563380264202, 3.556615990473975586 ) ) ;
#2721 = AXIS2_PLACEMENT_3D ( 'NONE', #1067, #2566, #729 ) ;
#2722 = EDGE_CURVE ( 'NONE', #1798, #1114, #4717, .T. ) ;
#2723 = EDGE_LOOP ( 'NONE', ( #2378, #1874, #996, #3371, #2476, #4719, #3538, #2456, #2605, #2871, #1266 ) ) ;
#2724 = ADVANCED_FACE ( 'NONE', ( #3983 ), #4326, .F. ) ;
#2725 = EDGE_CURVE ( 'NONE', #3207, #4588, #4718, .T. ) ;
#2726 = DIRECTION ( 'NONE',  ( -1.000000000000000000, -0.000000000000000000, -0.000000000000000000 ) ) ;
#2727 = DIRECTION ( 'NONE',  ( -0.000000000000000000, 0.000000000000000000, 1.000000000000000000 ) ) ;
#2728 = ADVANCED_FACE ( 'NONE', ( #964 ), #190, .F. ) ;
#2729 = LINE ( 'NONE', #4205, #4612 ) ;
#2730 = VERTEX_POINT ( 'NONE', #2844 ) ;
#2731 = DIRECTION ( 'NONE',  ( 0.000000000000000000, 0.000000000000000000, 1.000000000000000000 ) ) ;
#2732 = EDGE_LOOP ( 'NONE', ( #2366, #1291, #4186, #1789 ) ) ;
#2733 = FACE_BOUND ( 'NONE', #4084, .T. ) ;
#2734 = DIRECTION ( 'NONE',  ( 0.000000000000000000, -1.000000000000000000, -3.658815161332901634E-16 ) ) ;
#2735 = LINE ( 'NONE', #4215, #2047 ) ;
#2736 = LINE ( 'NONE', #3510, #3157 ) ;
#2737 = ORIENTED_EDGE ( 'NONE', *, *, #669, .F. ) ;
#2738 = VECTOR ( 'NONE', #88, 39.37007874015748143 ) ;
#2739 = AXIS2_PLACEMENT_3D ( 'NONE', #1289, #541, #2806 ) ;
#2740 = FACE_OUTER_BOUND ( 'NONE', #665, .T. ) ;
#2741 = VERTEX_POINT ( 'NONE', #1764 ) ;
#2742 = AXIS2_PLACEMENT_3D ( 'NONE', #3633, #2861, #1340 ) ;
#2743 = ORIENTED_EDGE ( 'NONE', *, *, #4636, .T. ) ;
#2744 = LINE ( 'NONE', #525, #3548 ) ;
#2745 = CIRCLE ( 'NONE', #675, 0.09999999999999996392 ) ;
#2746 = DIRECTION ( 'NONE',  ( 0.000000000000000000, 0.000000000000000000, 1.000000000000000000 ) ) ;
#2747 = LINE ( 'NONE', #1954, #2242 ) ;
#2748 = EDGE_LOOP ( 'NONE', ( #2615, #1546 ) ) ;
#2749 = CARTESIAN_POINT ( 'NONE',  ( 0.000000000000000000, 2.750000000000002220, 2.224999999999987654 ) ) ;
#2750 = FACE_OUTER_BOUND ( 'NONE', #1779, .T. ) ;
#2751 = LINE ( 'NONE', #148, #47 ) ;
#2752 = VERTEX_POINT ( 'NONE', #215 ) ;
#2753 = DIRECTION ( 'NONE',  ( -1.000000000000000000, -0.000000000000000000, -0.000000000000000000 ) ) ;
#2754 = ORIENTED_EDGE ( 'NONE', *, *, #1122, .F. ) ;
#2755 = FACE_BOUND ( 'NONE', #401, .T. ) ;
#2756 = CARTESIAN_POINT ( 'NONE',  ( 0.2500000000000000000, 5.499999999999997335, 2.224999999999987654 ) ) ;
#2757 = CARTESIAN_POINT ( 'NONE',  ( 0.2500000000000000000, 6.961379563433009565, 3.271265211443364240 ) ) ;
#2758 = CARTESIAN_POINT ( 'NONE',  ( 0.2500000000000000000, 5.399999999999997691, 2.984908903522902612 ) ) ;
#2759 = ORIENTED_EDGE ( 'NONE', *, *, #566, .T. ) ;
#2760 = DIRECTION ( 'NONE',  ( 0.000000000000000000, 0.000000000000000000, 1.000000000000000000 ) ) ;
#2761 = VECTOR ( 'NONE', #4384, 39.37007874015748143 ) ;
#2762 = EDGE_CURVE ( 'NONE', #2494, #2752, #2027, .T. ) ;
#2763 = AXIS2_PLACEMENT_3D ( 'NONE', #3476, #2342, #2727 ) ;
#2764 = DIRECTION ( 'NONE',  ( -0.000000000000000000, 1.048223005760002867E-14, 1.000000000000000000 ) ) ;
#2765 = ORIENTED_EDGE ( 'NONE', *, *, #249, .T. ) ;
#2766 = VECTOR ( 'NONE', #2583, 39.37007874015748143 ) ;
#2767 = VECTOR ( 'NONE', #1393, 39.37007874015748143 ) ;
#2768 = ORIENTED_EDGE ( 'NONE', *, *, #284, .T. ) ;
#2769 = DIRECTION ( 'NONE',  ( 1.000000000000000000, -0.000000000000000000, -0.000000000000000000 ) ) ;
#2770 = CARTESIAN_POINT ( 'NONE',  ( 0.000000000000000000, 7.249999999999999112, 0.000000000000000000 ) ) ;
#2771 = CARTESIAN_POINT ( 'NONE',  ( 0.2500000000000000000, 6.624999999999999112, 0.1249999999999989592 ) ) ;
#2772 = CIRCLE ( 'NONE', #1921, 0.1000000000000000194 ) ;
#2773 = VECTOR ( 'NONE', #2539, 39.37007874015748143 ) ;
#2774 = EDGE_LOOP ( 'NONE', ( #2316, #3154, #3595, #844, #488, #686, #3566 ) ) ;
#2775 = VECTOR ( 'NONE', #551, 39.37007874015748143 ) ;
#2776 = CARTESIAN_POINT ( 'NONE',  ( 0.2500000000000000000, 5.471830985915490331, 0.4455187638843141618 ) ) ;
#2777 = CARTESIAN_POINT ( 'NONE',  ( 0.2500000000000000000, 2.000000000000000888, 2.499999999999987121 ) ) ;
#2778 = ORIENTED_EDGE ( 'NONE', *, *, #3274, .F. ) ;
#2779 = DIRECTION ( 'NONE',  ( 0.000000000000000000, -1.000000000000000000, 0.000000000000000000 ) ) ;
#2780 = ORIENTED_EDGE ( 'NONE', *, *, #62, .F. ) ;
#2781 = ORIENTED_EDGE ( 'NONE', *, *, #2021, .T. ) ;
#2782 = VERTEX_POINT ( 'NONE', #2870 ) ;
#2783 = DIRECTION ( 'NONE',  ( -1.000000000000000000, -0.000000000000000000, -0.000000000000000000 ) ) ;
#2784 = CARTESIAN_POINT ( 'NONE',  ( 0.2500000000000000000, 1.625000000000000222, 1.501989783036315140 ) ) ;
#2785 = DIRECTION ( 'NONE',  ( -1.000000000000000000, -0.000000000000000000, -0.000000000000000000 ) ) ;
#2786 = ORIENTED_EDGE ( 'NONE', *, *, #1737, .T. ) ;
#2787 = CARTESIAN_POINT ( 'NONE',  ( 0.2500000000000000000, 6.288620436566989547, 3.271265211443364240 ) ) ;
#2788 = ADVANCED_FACE ( 'NONE', ( #2102 ), #3240, .F. ) ;
#2789 = EDGE_CURVE ( 'NONE', #1181, #680, #2699, .T. ) ;
#2790 = DIRECTION ( 'NONE',  ( 1.000000000000000000, 0.000000000000000000, 0.000000000000000000 ) ) ;
#2791 = ORIENTED_EDGE ( 'NONE', *, *, #4391, .T. ) ;
#2792 = EDGE_CURVE ( 'NONE', #523, #4376, #240, .T. ) ;
#2793 = ORIENTED_EDGE ( 'NONE', *, *, #48, .F. ) ;
#2794 = DIRECTION ( 'NONE',  ( 0.000000000000000000, 1.577254715120068969E-14, 1.000000000000000000 ) ) ;
#2795 = DIRECTION ( 'NONE',  ( 1.000000000000000000, 0.000000000000000000, 0.000000000000000000 ) ) ;
#2796 = ORIENTED_EDGE ( 'NONE', *, *, #3274, .T. ) ;
#2797 = CARTESIAN_POINT ( 'NONE',  ( 0.2500000000000000000, 1.865596934910894289, 0.6000000000000011990 ) ) ;
#2798 = DIRECTION ( 'NONE',  ( 0.000000000000000000, 0.000000000000000000, -1.000000000000000000 ) ) ;
#2799 = LINE ( 'NONE', #2084, #2241 ) ;
#2800 = ORIENTED_EDGE ( 'NONE', *, *, #3027, .T. ) ;
#2801 = ADVANCED_FACE ( 'NONE', ( #1718 ), #4618, .T. ) ;
#2802 = ORIENTED_EDGE ( 'NONE', *, *, #2722, .F. ) ;
#2803 = AXIS2_PLACEMENT_3D ( 'NONE', #3386, #75, #3093 ) ;
#2804 = ORIENTED_EDGE ( 'NONE', *, *, #600, .T. ) ;
#2805 = CARTESIAN_POINT ( 'NONE',  ( 0.000000000000000000, 6.529217371477883169, 2.469275428407054385 ) ) ;
#2806 = DIRECTION ( 'NONE',  ( 0.000000000000000000, 0.000000000000000000, 1.000000000000000000 ) ) ;
#2807 = CARTESIAN_POINT ( 'NONE',  ( 0.000000000000000000, 4.125000000000000000, 1.750000000000000000 ) ) ;
#2808 = ORIENTED_EDGE ( 'NONE', *, *, #1986, .F. ) ;
#2809 = FACE_OUTER_BOUND ( 'NONE', #3910, .T. ) ;
#2810 = ADVANCED_FACE ( 'NONE', ( #4668 ), #244, .F. ) ;
#2811 = CARTESIAN_POINT ( 'NONE',  ( 0.000000000000000000, 7.124999999999999112, 3.315999999999999837 ) ) ;
#2812 = VERTEX_POINT ( 'NONE', #940 ) ;
#2813 = AXIS2_PLACEMENT_3D ( 'NONE', #1104, #1058, #315 ) ;
#2814 = CC_DESIGN_PERSON_AND_ORGANIZATION_ASSIGNMENT ( #4345, #1486, ( #385 ) ) ;
#2815 = EDGE_CURVE ( 'NONE', #3268, #660, #3552, .T. ) ;
#2816 = CIRCLE ( 'NONE', #283, 0.05900000000000010791 ) ;
#2817 = VERTEX_POINT ( 'NONE', #1352 ) ;
#2818 = CARTESIAN_POINT ( 'NONE',  ( 0.2500000000000000000, 4.499999999999999112, 2.224999999999993872 ) ) ;
#2819 = VECTOR ( 'NONE', #1763, 39.37007874015748143 ) ;
#2820 = CARTESIAN_POINT ( 'NONE',  ( 0.2500000000000000000, 2.078988887027202637, 4.037932056384262225 ) ) ;
#2821 = VECTOR ( 'NONE', #2999, 39.37007874015748143 ) ;
#2822 = VERTEX_POINT ( 'NONE', #2820 ) ;
#2823 = VECTOR ( 'NONE', #2325, 39.37007874015748143 ) ;
#2824 = EDGE_CURVE ( 'NONE', #537, #4335, #3166, .T. ) ;
#2825 = FACE_OUTER_BOUND ( 'NONE', #1504, .T. ) ;
#2826 = CARTESIAN_POINT ( 'NONE',  ( 0.2500000000000000000, 7.249999999999999112, 3.500000000000000000 ) ) ;
#2827 = DIRECTION ( 'NONE',  ( 0.000000000000000000, 0.000000000000000000, 1.000000000000000000 ) ) ;
#2828 = VERTEX_POINT ( 'NONE', #2461 ) ;
#2829 = VERTEX_POINT ( 'NONE', #267 ) ;
#2830 = EDGE_LOOP ( 'NONE', ( #395, #107, #91, #3895 ) ) ;
#2831 = CARTESIAN_POINT ( 'NONE',  ( 0.2500000000000000000, 4.124999999999999112, 6.225570090571260096 ) ) ;
#2832 = DIRECTION ( 'NONE',  ( 0.000000000000000000, -7.189935480423462371E-16, 1.000000000000000000 ) ) ;
#2833 = DIRECTION ( 'NONE',  ( 0.000000000000000000, 0.000000000000000000, 1.000000000000000000 ) ) ;
#2834 = ORIENTED_EDGE ( 'NONE', *, *, #3799, .T. ) ;
#2835 = FACE_OUTER_BOUND ( 'NONE', #3199, .T. ) ;
#2836 = CARTESIAN_POINT ( 'NONE',  ( 0.2500000000000000000, 1.529217371477884502, 1.530724571592945615 ) ) ;
#2837 = VERTEX_POINT ( 'NONE', #3619 ) ;
#2838 = EDGE_CURVE ( 'NONE', #648, #2604, #3554, .T. ) ;
#2839 = ORIENTED_EDGE ( 'NONE', *, *, #3556, .T. ) ;
#2840 = CIRCLE ( 'NONE', #3458, 0.06102362000000141617 ) ;
#2841 = DIRECTION ( 'NONE',  ( 0.000000000000000000, 0.000000000000000000, 1.000000000000000000 ) ) ;
#2842 = PERSON_AND_ORGANIZATION ( #270, #3620 ) ;
#2843 = LINE ( 'NONE', #2818, #741 ) ;
#2844 = CARTESIAN_POINT ( 'NONE',  ( 0.000000000000000000, 5.250000000000000888, 0.2500000000000003331 ) ) ;
#2845 = AXIS2_PLACEMENT_3D ( 'NONE', #3617, #4440, #377 ) ;
#2846 = EDGE_LOOP ( 'NONE', ( #1579, #138, #2446, #3537 ) ) ;
#2847 = EDGE_CURVE ( 'NONE', #2020, #1633, #4787, .T. ) ;
#2848 = DIRECTION ( 'NONE',  ( 0.000000000000000000, 0.000000000000000000, 1.000000000000000000 ) ) ;
#2849 = LOCAL_TIME ( 16, 15, 15.00000000000000000, #1126 ) ;
#2850 = CIRCLE ( 'NONE', #1395, 0.09999999999999975575 ) ;
#2851 = LINE ( 'NONE', #218, #819 ) ;
#2852 = CYLINDRICAL_SURFACE ( 'NONE', #153, 0.1000000000000000194 ) ;
#2853 = EDGE_CURVE ( 'NONE', #3061, #1369, #1932, .T. ) ;
#2854 = ORIENTED_EDGE ( 'NONE', *, *, #3637, .F. ) ;
#2855 = EDGE_CURVE ( 'NONE', #4375, #261, #2245, .T. ) ;
#2856 = AXIS2_PLACEMENT_3D ( 'NONE', #4131, #821, #1641 ) ;
#2857 = ORIENTED_EDGE ( 'NONE', *, *, #2438, .T. ) ;
#2858 = ORIENTED_EDGE ( 'NONE', *, *, #1171, .F. ) ;
#2859 = DIRECTION ( 'NONE',  ( -1.000000000000000000, -0.000000000000000000, -0.000000000000000000 ) ) ;
#2860 = LINE ( 'NONE', #2629, #4756 ) ;
#2861 = DIRECTION ( 'NONE',  ( -1.000000000000000000, 0.000000000000000000, 0.000000000000000000 ) ) ;
#2862 = VERTEX_POINT ( 'NONE', #1445 ) ;
#2863 = AXIS2_PLACEMENT_3D ( 'NONE', #384, #4421, #4399 ) ;
#2864 = LINE ( 'NONE', #1435, #1613 ) ;
#2865 = CARTESIAN_POINT ( 'NONE',  ( 0.000000000000000000, 4.499999999999984013, 2.955718913883090160 ) ) ;
#2866 = ORIENTED_EDGE ( 'NONE', *, *, #1913, .T. ) ;
#2867 = DIRECTION ( 'NONE',  ( 1.000000000000000000, 0.000000000000000000, 0.000000000000000000 ) ) ;
#2868 = PERSON_AND_ORGANIZATION_ROLE ( 'creator' ) ;
#2869 = DIRECTION ( 'NONE',  ( 0.000000000000000000, 0.000000000000000000, -1.000000000000000000 ) ) ;
#2870 = CARTESIAN_POINT ( 'NONE',  ( 0.000000000000000000, 5.189406462572663692, 5.907016651711766819 ) ) ;
#2871 = ORIENTED_EDGE ( 'NONE', *, *, #3443, .T. ) ;
#2872 = DIRECTION ( 'NONE',  ( 0.000000000000000000, 0.000000000000000000, 1.000000000000000000 ) ) ;
#2873 = DIRECTION ( 'NONE',  ( -1.000000000000000000, -0.000000000000000000, -0.000000000000000000 ) ) ;
#2874 = CARTESIAN_POINT ( 'NONE',  ( 0.2500000000000000000, 4.599999999999988987, 3.460263137648710519 ) ) ;
#2875 = EDGE_CURVE ( 'NONE', #1473, #3345, #18, .T. ) ;
#2876 = EDGE_LOOP ( 'NONE', ( #2894, #4714, #3955, #3833 ) ) ;
#2877 = EDGE_CURVE ( 'NONE', #2499, #2045, #468, .T. ) ;
#2878 = ORIENTED_EDGE ( 'NONE', *, *, #4694, .F. ) ;
#2879 = EDGE_CURVE ( 'NONE', #1568, #546, #4329, .T. ) ;
#2880 = ORIENTED_EDGE ( 'NONE', *, *, #1285, .T. ) ;
#2881 = DIRECTION ( 'NONE',  ( -1.000000000000000000, -0.000000000000000000, -0.000000000000000000 ) ) ;
#2882 = CYLINDRICAL_SURFACE ( 'NONE', #3984, 0.1000000000000005745 ) ;
#2883 = EDGE_LOOP ( 'NONE', ( #2834, #1108 ) ) ;
#2884 = LINE ( 'NONE', #2452, #2385 ) ;
#2885 = ORIENTED_EDGE ( 'NONE', *, *, #3734, .T. ) ;
#2886 = VECTOR ( 'NONE', #2960, 39.37007874015748143 ) ;
#2887 = ORIENTED_EDGE ( 'NONE', *, *, #3685, .T. ) ;
#2888 = CARTESIAN_POINT ( 'NONE',  ( 0.2500000000000000000, 4.599999999999988987, 3.460263137648710519 ) ) ;
#2889 = CARTESIAN_POINT ( 'NONE',  ( 0.2500000000000000000, 1.720782628522116386, 1.530724571592945615 ) ) ;
#2890 = FACE_OUTER_BOUND ( 'NONE', #4647, .T. ) ;
#2891 = AXIS2_PLACEMENT_3D ( 'NONE', #2693, #4173, #3057 ) ;
#2892 = CIRCLE ( 'NONE', #889, 0.7581413655442191812 ) ;
#2893 = VERTEX_POINT ( 'NONE', #1492 ) ;
#2894 = ORIENTED_EDGE ( 'NONE', *, *, #3913, .F. ) ;
#2895 = AXIS2_PLACEMENT_3D ( 'NONE', #1259, #128, #3414 ) ;
#2896 = DIRECTION ( 'NONE',  ( -1.000000000000000000, -0.000000000000000000, -0.000000000000000000 ) ) ;
#2897 = AXIS2_PLACEMENT_3D ( 'NONE', #820, #3089, #4590 ) ;
#2898 = DIRECTION ( 'NONE',  ( 0.000000000000000000, 0.000000000000000000, 1.000000000000000000 ) ) ;
#2899 = CARTESIAN_POINT ( 'NONE',  ( 0.000000000000000000, 4.499999999999999112, 5.819066801422758672 ) ) ;
#2900 = VERTEX_POINT ( 'NONE', #2555 ) ;
#2901 = AXIS2_PLACEMENT_3D ( 'NONE', #99, #3840, #1982 ) ;
#2902 = ORIENTED_EDGE ( 'NONE', *, *, #1821, .T. ) ;
#2903 = CARTESIAN_POINT ( 'NONE',  ( 0.000000000000000000, 3.649999999999992362, 0.3500000000000000888 ) ) ;
#2904 = CARTESIAN_POINT ( 'NONE',  ( 0.1250000000000000000, 4.124999999999999112, 6.383050410571259548 ) ) ;
#2905 = DIRECTION ( 'NONE',  ( 0.000000000000000000, 0.000000000000000000, 1.000000000000000000 ) ) ;
#2906 = AXIS2_PLACEMENT_3D ( 'NONE', #4474, #1112, #46 ) ;
#2907 = ORIENTED_EDGE ( 'NONE', *, *, #2503, .F. ) ;
#2908 = DIRECTION ( 'NONE',  ( 0.000000000000000000, -0.000000000000000000, 1.000000000000000000 ) ) ;
#2909 = ORIENTED_EDGE ( 'NONE', *, *, #1323, .T. ) ;
#2910 = EDGE_CURVE ( 'NONE', #1114, #4654, #4561, .T. ) ;
#2911 = EDGE_CURVE ( 'NONE', #1825, #4423, #1132, .T. ) ;
#2912 = LINE ( 'NONE', #1830, #3422 ) ;
#2913 = CYLINDRICAL_SURFACE ( 'NONE', #3593, 0.1000000000000000194 ) ;
#2914 = DIRECTION ( 'NONE',  ( -1.000000000000000000, -0.000000000000000000, -0.000000000000000000 ) ) ;
#2915 = AXIS2_PLACEMENT_3D ( 'NONE', #3484, #1290, #542 ) ;
#2916 = ORIENTED_EDGE ( 'NONE', *, *, #2672, .F. ) ;
#2917 = EDGE_LOOP ( 'NONE', ( #3658, #2451, #4687, #2163, #2301, #388, #1689 ) ) ;
#2918 = DIRECTION ( 'NONE',  ( -1.000000000000000000, 0.000000000000000000, 0.000000000000000000 ) ) ;
#2919 = CYLINDRICAL_SURFACE ( 'NONE', #1442, 0.09999999999999947820 ) ;
#2920 = AXIS2_PLACEMENT_3D ( 'NONE', #2904, #1410, #1389 ) ;
#2921 = CARTESIAN_POINT ( 'NONE',  ( 0.2500000000000000000, 4.600000000000000533, 3.875000000000000000 ) ) ;
#2922 = VERTEX_POINT ( 'NONE', #4082 ) ;
#2923 = ORIENTED_EDGE ( 'NONE', *, *, #2669, .F. ) ;
#2924 = CIRCLE ( 'NONE', #4634, 0.09999999999999975575 ) ;
#2925 = AXIS2_PLACEMENT_3D ( 'NONE', #4361, #2164, #4733 ) ;
#2926 = DIRECTION ( 'NONE',  ( -1.000000000000000000, -0.000000000000000000, -0.000000000000000000 ) ) ;
#2927 = DIRECTION ( 'NONE',  ( 0.000000000000000000, 0.000000000000000000, 1.000000000000000000 ) ) ;
#2928 = LINE ( 'NONE', #4501, #440 ) ;
#2929 = EDGE_LOOP ( 'NONE', ( #3641, #2089 ) ) ;
#2930 = CARTESIAN_POINT ( 'NONE',  ( 0.2500000000000000000, 7.249999999999999112, 0.000000000000000000 ) ) ;
#2931 = CIRCLE ( 'NONE', #3080, 0.2362204700000039570 ) ;
#2932 = ORIENTED_EDGE ( 'NONE', *, *, #1526, .F. ) ;
#2933 = CYLINDRICAL_SURFACE ( 'NONE', #4749, 0.05900000000000010791 ) ;
#2934 = AXIS2_PLACEMENT_3D ( 'NONE', #1329, #2125, #2487 ) ;
#2935 = EDGE_LOOP ( 'NONE', ( #287, #1128, #4483, #3355 ) ) ;
#2936 = AXIS2_PLACEMENT_3D ( 'NONE', #3270, #1313, #4263 ) ;
#2937 = ADVANCED_FACE ( 'NONE', ( #2532 ), #767, .T. ) ;
#2938 = EDGE_CURVE ( 'NONE', #2331, #2828, #1105, .T. ) ;
#2939 = CARTESIAN_POINT ( 'NONE',  ( 0.000000000000000000, 4.124999999999999112, 2.874999999999999112 ) ) ;
#2940 = CARTESIAN_POINT ( 'NONE',  ( 0.000000000000000000, 4.840968060580278731, 6.474905339539486882 ) ) ;
#2941 = DIRECTION ( 'NONE',  ( -1.000000000000000000, -0.000000000000000000, -0.000000000000000000 ) ) ;
#2942 = ORIENTED_EDGE ( 'NONE', *, *, #845, .F. ) ;
#2943 = ORIENTED_EDGE ( 'NONE', *, *, #3492, .F. ) ;
#2944 = DIRECTION ( 'NONE',  ( 0.000000000000000000, 0.000000000000000000, 1.000000000000000000 ) ) ;
#2945 = DIRECTION ( 'NONE',  ( -1.000000000000000000, -0.000000000000000000, -0.000000000000000000 ) ) ;
#2946 = DIRECTION ( 'NONE',  ( 0.000000000000000000, 0.000000000000000000, 1.000000000000000000 ) ) ;
#2947 = ORIENTED_EDGE ( 'NONE', *, *, #671, .F. ) ;
#2948 = ORIENTED_EDGE ( 'NONE', *, *, #3712, .T. ) ;
#2949 = CARTESIAN_POINT ( 'NONE',  ( 0.000000000000000000, 1.384403065089106155, 0.6000000000000013101 ) ) ;
#2950 = LINE ( 'NONE', #4432, #454 ) ;
#2951 = CARTESIAN_POINT ( 'NONE',  ( 0.2500000000000000000, 1.384403065089105045, 0.7000000000000012879 ) ) ;
#2952 = ORIENTED_EDGE ( 'NONE', *, *, #2380, .T. ) ;
#2953 = DIRECTION ( 'NONE',  ( -1.000000000000000000, 0.000000000000000000, 0.000000000000000000 ) ) ;
#2954 = EDGE_CURVE ( 'NONE', #2730, #1515, #3711, .T. ) ;
#2955 = ORIENTED_EDGE ( 'NONE', *, *, #1083, .F. ) ;
#2956 = CARTESIAN_POINT ( 'NONE',  ( 0.000000000000000000, 5.399999999999995914, 2.124999999999987121 ) ) ;
#2957 = COORDINATED_UNIVERSAL_TIME_OFFSET ( 8, 0, .BEHIND. ) ;
#2958 = ORIENTED_EDGE ( 'NONE', *, *, #4363, .T. ) ;
#2959 = VECTOR ( 'NONE', #2259, 39.37007874015748143 ) ;
#2960 = DIRECTION ( 'NONE',  ( 0.000000000000000000, 1.000000000000000000, 2.096446011520022774E-14 ) ) ;
#2961 = LINE ( 'NONE', #1518, #966 ) ;
#2962 = DIRECTION ( 'NONE',  ( 1.000000000000000000, 0.000000000000000000, 0.000000000000000000 ) ) ;
#2963 = EDGE_CURVE ( 'NONE', #890, #3878, #4034, .T. ) ;
#2964 = VERTEX_POINT ( 'NONE', #718 ) ;
#2965 = ORIENTED_EDGE ( 'NONE', *, *, #2351, .F. ) ;
#2966 = DIRECTION ( 'NONE',  ( 0.000000000000000000, 0.000000000000000000, 1.000000000000000000 ) ) ;
#2967 = DIRECTION ( 'NONE',  ( -1.000000000000000000, -0.000000000000000000, -0.000000000000000000 ) ) ;
#2968 = DIRECTION ( 'NONE',  ( 0.000000000000000000, -1.082897341793066155E-14, 1.000000000000000000 ) ) ;
#2969 = ADVANCED_FACE ( 'NONE', ( #2890 ), #1861, .T. ) ;
#2970 = VECTOR ( 'NONE', #474, 39.37007874015748143 ) ;
#2971 = EDGE_LOOP ( 'NONE', ( #3968, #2512, #4571, #2958 ) ) ;
#2972 = VECTOR ( 'NONE', #2967, 39.37007874015748143 ) ;
#2973 = DIRECTION ( 'NONE',  ( 1.000000000000000000, 0.000000000000000000, 0.000000000000000000 ) ) ;
#2974 = LINE ( 'NONE', #778, #1694 ) ;
#2975 = CYLINDRICAL_SURFACE ( 'NONE', #897, 0.1000000000000000194 ) ;
#2976 = EDGE_LOOP ( 'NONE', ( #4036, #86, #4529, #1530 ) ) ;
#2977 = CARTESIAN_POINT ( 'NONE',  ( 0.2500000000000000000, 1.125000000000000666, 0.1250000000000000000 ) ) ;
#2978 = CIRCLE ( 'NONE', #587, 0.1000000000000005745 ) ;
#2979 = ORIENTED_EDGE ( 'NONE', *, *, #4453, .T. ) ;
#2980 = CARTESIAN_POINT ( 'NONE',  ( 0.2500000000000000000, 3.543101460860224261, 6.633050410571259548 ) ) ;
#2981 = VECTOR ( 'NONE', #299, 39.37007874015748143 ) ;
#2982 = VERTEX_POINT ( 'NONE', #406 ) ;
#2983 = CARTESIAN_POINT ( 'NONE',  ( 0.000000000000000000, 1.000000000000001110, 3.500000000000000000 ) ) ;
#2984 = CARTESIAN_POINT ( 'NONE',  ( 0.2500000000000000000, 7.249999999999999112, 0.000000000000000000 ) ) ;
#2985 = DIRECTION ( 'NONE',  ( -1.000000000000000000, -0.000000000000000000, -0.000000000000000000 ) ) ;
#2986 = ADVANCED_FACE ( 'NONE', ( #1884 ), #3353, .F. ) ;
#2987 = VERTEX_POINT ( 'NONE', #2147 ) ;
#2988 = VERTEX_POINT ( 'NONE', #1787 ) ;
#2989 = DIRECTION ( 'NONE',  ( -1.000000000000000000, 0.000000000000000000, 0.000000000000000000 ) ) ;
#2990 = DIRECTION ( 'NONE',  ( -1.000000000000000000, -0.000000000000000000, -0.000000000000000000 ) ) ;
#2991 = CARTESIAN_POINT ( 'NONE',  ( 0.2500000000000000000, 6.529217371477883169, 1.530724571592945615 ) ) ;
#2992 = AXIS2_PLACEMENT_3D ( 'NONE', #3416, #517, #3462 ) ;
#2993 = EDGE_CURVE ( 'NONE', #3338, #4048, #1224, .T. ) ;
#2994 = ORIENTED_EDGE ( 'NONE', *, *, #459, .T. ) ;
#2995 = EDGE_CURVE ( 'NONE', #4588, #3699, #1809, .T. ) ;
#2996 = CARTESIAN_POINT ( 'NONE',  ( 0.2500000000000000000, 6.865596934910893623, 0.6000000000000001998 ) ) ;
#2997 = CYLINDRICAL_SURFACE ( 'NONE', #835, 0.05900000000000010791 ) ;
#2998 = CIRCLE ( 'NONE', #1462, 0.04921259842519682542 ) ;
#2999 = DIRECTION ( 'NONE',  ( 0.000000000000000000, -0.2873478855663465503, -0.9578262852211510969 ) ) ;
#3000 = ORIENTED_EDGE ( 'NONE', *, *, #1353, .F. ) ;
#3001 = ADVANCED_FACE ( 'NONE', ( #1545 ), #429, .T. ) ;
#3002 = LINE ( 'NONE', #372, #381 ) ;
#3003 = EDGE_CURVE ( 'NONE', #3792, #2571, #4125, .T. ) ;
#3004 = ORIENTED_EDGE ( 'NONE', *, *, #2993, .T. ) ;
#3005 = AXIS2_PLACEMENT_3D ( 'NONE', #2718, #2409, #2362 ) ;
#3006 = CIRCLE ( 'NONE', #3853, 0.09999999999999975575 ) ;
#3007 = CARTESIAN_POINT ( 'NONE',  ( 0.2500000000000000000, 4.499999999999999112, 2.224999999999993872 ) ) ;
#3008 = VERTEX_POINT ( 'NONE', #3543 ) ;
#3009 = CIRCLE ( 'NONE', #3767, 0.05900000000000010791 ) ;
#3010 = VECTOR ( 'NONE', #4233, 39.37007874015748143 ) ;
#3011 = CIRCLE ( 'NONE', #2167, 0.06102362000000141617 ) ;
#3012 = CARTESIAN_POINT ( 'NONE',  ( 0.000000000000000000, 1.865596934910894289, 3.399999999999998579 ) ) ;
#3013 = DIRECTION ( 'NONE',  ( 0.000000000000000000, 0.000000000000000000, 1.000000000000000000 ) ) ;
#3014 = DIRECTION ( 'NONE',  ( 1.000000000000000000, -0.000000000000000000, -0.000000000000000000 ) ) ;
#3015 = VERTEX_POINT ( 'NONE', #3512 ) ;
#3016 = DIRECTION ( 'NONE',  ( -0.000000000000000000, 1.000000000000000000, 2.962851445030681809E-16 ) ) ;
#3017 = CARTESIAN_POINT ( 'NONE',  ( 0.000000000000000000, 3.649999999999998579, 5.919066801422759205 ) ) ;
#3018 = DIRECTION ( 'NONE',  ( 0.000000000000000000, 0.000000000000000000, 1.000000000000000000 ) ) ;
#3019 = VERTEX_POINT ( 'NONE', #2787 ) ;
#3020 = LINE ( 'NONE', #1210, #1107 ) ;
#3021 = CARTESIAN_POINT ( 'NONE',  ( 0.2500000000000000000, 3.749999999999999112, 2.224999999999993427 ) ) ;
#3022 = CARTESIAN_POINT ( 'NONE',  ( 0.000000000000000000, 6.961379563433009565, 3.271265211443364240 ) ) ;
#3023 = VERTEX_POINT ( 'NONE', #1342 ) ;
#3024 = CYLINDRICAL_SURFACE ( 'NONE', #69, 0.05899999999999996914 ) ;
#3025 = ADVANCED_FACE ( 'NONE', ( #209 ), #2671, .F. ) ;
#3026 = APPROVAL ( #4273, 'UNSPECIFIED' ) ;
#3027 = EDGE_CURVE ( 'NONE', #3851, #3699, #2619, .T. ) ;
#3028 = ORIENTED_EDGE ( 'NONE', *, *, #3556, .F. ) ;
#3029 = ADVANCED_FACE ( 'NONE', ( #3879 ), #3034, .F. ) ;
#3030 = CARTESIAN_POINT ( 'NONE',  ( 0.2500000000000000000, 4.124999999999999112, 2.624999999999999556 ) ) ;
#3031 = ORIENTED_EDGE ( 'NONE', *, *, #2669, .T. ) ;
#3032 = CARTESIAN_POINT ( 'NONE',  ( 0.2500000000000000000, 6.171011112972796475, 4.037932056384262225 ) ) ;
#3033 = CARTESIAN_POINT ( 'NONE',  ( 0.2500000000000000000, 1.720782628522116608, 1.530724571592945615 ) ) ;
#3034 = PLANE ( 'NONE',  #999 ) ;
#3035 = CIRCLE ( 'NONE', #4433, 0.09999999999999975575 ) ;
#3036 = ORIENTED_EDGE ( 'NONE', *, *, #2875, .F. ) ;
#3037 = CARTESIAN_POINT ( 'NONE',  ( 0.000000000000000000, 5.499999999999997335, 0.5150910964771503453 ) ) ;
#3038 = LINE ( 'NONE', #1931, #426 ) ;
#3039 = CARTESIAN_POINT ( 'NONE',  ( 0.2500000000000000000, 2.750000000000002220, 2.224999999999987654 ) ) ;
#3040 = ORIENTED_EDGE ( 'NONE', *, *, #3059, .F. ) ;
#3041 = DIRECTION ( 'NONE',  ( 0.000000000000000000, 0.000000000000000000, 1.000000000000000000 ) ) ;
#3042 = FACE_BOUND ( 'NONE', #162, .T. ) ;
#3043 = CYLINDRICAL_SURFACE ( 'NONE', #2901, 0.09999999999998090972 ) ;
#3044 = VERTEX_POINT ( 'NONE', #2042 ) ;
#3045 = CARTESIAN_POINT ( 'NONE',  ( 0.2500000000000000000, 6.249999999999999112, 2.558999999999983732 ) ) ;
#3046 = AXIS2_PLACEMENT_3D ( 'NONE', #766, #3279, #3618 ) ;
#3047 = ORIENTED_EDGE ( 'NONE', *, *, #4424, .F. ) ;
#3048 = ADVANCED_FACE ( 'NONE', ( #4513 ), #3785, .F. ) ;
#3049 = FACE_BOUND ( 'NONE', #1362, .T. ) ;
#3050 = AXIS2_PLACEMENT_3D ( 'NONE', #4691, #2486, #189 ) ;
#3051 = DIRECTION ( 'NONE',  ( 0.000000000000000000, 0.000000000000000000, 1.000000000000000000 ) ) ;
#3052 = AXIS2_PLACEMENT_3D ( 'NONE', #2093, #1728, #4680 ) ;
#3053 = ORIENTED_EDGE ( 'NONE', *, *, #1122, .T. ) ;
#3054 = EDGE_CURVE ( 'NONE', #1575, #2741, #3377, .T. ) ;
#3055 = VECTOR ( 'NONE', #2968, 39.37007874015748143 ) ;
#3056 = DIRECTION ( 'NONE',  ( 1.000000000000000000, -0.000000000000000000, -0.000000000000000000 ) ) ;
#3057 = DIRECTION ( 'NONE',  ( 0.000000000000000000, 0.000000000000000000, 1.000000000000000000 ) ) ;
#3058 = CYLINDRICAL_SURFACE ( 'NONE', #3931, 0.05899999999999996914 ) ;
#3059 = EDGE_CURVE ( 'NONE', #4256, #1235, #1925, .T. ) ;
#3060 = EDGE_CURVE ( 'NONE', #1555, #3621, #4492, .T. ) ;
#3061 = VERTEX_POINT ( 'NONE', #930 ) ;
#3062 = CARTESIAN_POINT ( 'NONE',  ( 0.000000000000000000, 3.749999999999992450, 0.3499999999999995892 ) ) ;
#3063 = DIRECTION ( 'NONE',  ( -1.000000000000000000, -0.000000000000000000, -0.000000000000000000 ) ) ;
#3064 = EDGE_LOOP ( 'NONE', ( #4241, #1904, #823, #4738, #2631, #4030, #118, #64, #331 ) ) ;
#3065 = CYLINDRICAL_SURFACE ( 'NONE', #569, 0.05900000000000010791 ) ;
#3066 = FACE_OUTER_BOUND ( 'NONE', #3505, .T. ) ;
#3067 = LINE ( 'NONE', #4550, #2285 ) ;
#3068 = ORIENTED_EDGE ( 'NONE', *, *, #843, .T. ) ;
#3069 = LINE ( 'NONE', #1255, #1701 ) ;
#3070 = ORIENTED_EDGE ( 'NONE', *, *, #2477, .T. ) ;
#3071 = AXIS2_PLACEMENT_3D ( 'NONE', #2152, #704, #4349 ) ;
#3072 = FACE_BOUND ( 'NONE', #2748, .T. ) ;
#3073 = CYLINDRICAL_SURFACE ( 'NONE', #609, 0.1000000000000000194 ) ;
#3074 = CYLINDRICAL_SURFACE ( 'NONE', #40, 1.875000000000154321 ) ;
#3075 = FACE_OUTER_BOUND ( 'NONE', #1560, .T. ) ;
#3076 = ORIENTED_EDGE ( 'NONE', *, *, #2347, .F. ) ;
#3077 = AXIS2_PLACEMENT_3D ( 'NONE', #2128, #1813, #3285 ) ;
#3078 = AXIS2_PLACEMENT_3D ( 'NONE', #1519, #2985, #4468 ) ;
#3079 = APPROVAL_PERSON_ORGANIZATION ( #3213, #4688, #4298 ) ;
#3080 = AXIS2_PLACEMENT_3D ( 'NONE', #3894, #1677, #558 ) ;
#3081 = DIRECTION ( 'NONE',  ( -0.000000000000000000, -0.000000000000000000, 1.000000000000000000 ) ) ;
#3082 = VERTEX_POINT ( 'NONE', #4659 ) ;
#3083 = EDGE_CURVE ( 'NONE', #3587, #4375, #3244, .T. ) ;
#3084 = VECTOR ( 'NONE', #2389, 39.37007874015748143 ) ;
#3085 = ADVANCED_FACE ( 'NONE', ( #4268 ), #3058, .F. ) ;
#3086 = EDGE_CURVE ( 'NONE', #957, #2340, #3740, .T. ) ;
#3087 = ORIENTED_EDGE ( 'NONE', *, *, #1580, .F. ) ;
#3088 = DIRECTION ( 'NONE',  ( 0.000000000000000000, 0.000000000000000000, 1.000000000000000000 ) ) ;
#3089 = DIRECTION ( 'NONE',  ( -1.000000000000000000, 0.000000000000000000, 0.000000000000000000 ) ) ;
#3090 = AXIS2_PLACEMENT_3D ( 'NONE', #745, #2219, #4007 ) ;
#3091 = CARTESIAN_POINT ( 'NONE',  ( 0.000000000000000000, 4.499999999999999112, 3.975000000000000533 ) ) ;
#3092 = ORIENTED_EDGE ( 'NONE', *, *, #2290, .F. ) ;
#3093 = DIRECTION ( 'NONE',  ( 0.000000000000000000, 0.000000000000000000, 1.000000000000000000 ) ) ;
#3094 = DIRECTION ( 'NONE',  ( 1.000000000000000000, 0.000000000000000000, 0.000000000000000000 ) ) ;
#3095 = CARTESIAN_POINT ( 'NONE',  ( 0.2500000000000000000, 2.156703469180412558, 3.874999999999999556 ) ) ;
#3096 = ORIENTED_EDGE ( 'NONE', *, *, #3799, .F. ) ;
#3097 = FACE_OUTER_BOUND ( 'NONE', #4314, .T. ) ;
#3098 = VERTEX_POINT ( 'NONE', #1320 ) ;
#3099 = FACE_BOUND ( 'NONE', #4222, .T. ) ;
#3100 = CARTESIAN_POINT ( 'NONE',  ( 0.2500000000000000000, 4.124999999999999112, 2.374999999999999556 ) ) ;
#3101 = DIRECTION ( 'NONE',  ( 0.000000000000000000, 0.000000000000000000, 1.000000000000000000 ) ) ;
#3102 = CARTESIAN_POINT ( 'NONE',  ( 0.000000000000000000, 3.649999999999999023, 3.875000000000000000 ) ) ;
#3103 = ORIENTED_EDGE ( 'NONE', *, *, #959, .T. ) ;
#3104 = CARTESIAN_POINT ( 'NONE',  ( 0.2500000000000000000, 4.706898539139774407, 6.633050410571259548 ) ) ;
#3105 = ORIENTED_EDGE ( 'NONE', *, *, #350, .T. ) ;
#3106 = VERTEX_POINT ( 'NONE', #3762 ) ;
#3107 = FACE_OUTER_BOUND ( 'NONE', #2876, .T. ) ;
#3108 = DIRECTION ( 'NONE',  ( 0.000000000000000000, 0.000000000000000000, 1.000000000000000000 ) ) ;
#3109 = DIRECTION ( 'NONE',  ( 0.000000000000000000, 0.000000000000000000, 1.000000000000000000 ) ) ;
#3110 = CIRCLE ( 'NONE', #28, 0.1000000000000000194 ) ;
#3111 = ORIENTED_EDGE ( 'NONE', *, *, #432, .F. ) ;
#3112 = CARTESIAN_POINT ( 'NONE',  ( 0.2500000000000000000, 1.865596934910894289, 3.399999999999998579 ) ) ;
#3113 = CARTESIAN_POINT ( 'NONE',  ( 0.000000000000000000, 2.750000000000002665, 1.274999999999985922 ) ) ;
#3114 = VECTOR ( 'NONE', #36, 39.37007874015748143 ) ;
#3115 = CARTESIAN_POINT ( 'NONE',  ( 0.2500000000000000000, 1.961379563433010231, 3.271265211443363352 ) ) ;
#3116 = ORIENTED_EDGE ( 'NONE', *, *, #1913, .F. ) ;
#3117 = PLANE ( 'NONE',  #621 ) ;
#3118 = ADVANCED_FACE ( 'NONE', ( #1293 ), #89, .F. ) ;
#3119 = EDGE_LOOP ( 'NONE', ( #455, #423 ) ) ;
#3120 = FACE_BOUND ( 'NONE', #20, .T. ) ;
#3121 = DIRECTION ( 'NONE',  ( -1.000000000000000000, -0.000000000000000000, -0.000000000000000000 ) ) ;
#3122 = CARTESIAN_POINT ( 'NONE',  ( 0.2500000000000000000, 3.454686027701928897, 6.579769905211409586 ) ) ;
#3123 = DIRECTION ( 'NONE',  ( 0.000000000000000000, 0.000000000000000000, 1.000000000000000000 ) ) ;
#3124 = ORIENTED_EDGE ( 'NONE', *, *, #1790, .F. ) ;
#3125 = CIRCLE ( 'NONE', #2891, 0.05900000000000010791 ) ;
#3126 = VECTOR ( 'NONE', #773, 39.37007874015748143 ) ;
#3127 = VECTOR ( 'NONE', #1576, 39.37007874015748143 ) ;
#3128 = CIRCLE ( 'NONE', #1052, 0.1000000000000000194 ) ;
#3129 = LINE ( 'NONE', #2836, #1045 ) ;
#3130 = ORIENTED_EDGE ( 'NONE', *, *, #858, .F. ) ;
#3131 = AXIS2_PLACEMENT_3D ( 'NONE', #2777, #4258, #943 ) ;
#3132 = ORIENTED_EDGE ( 'NONE', *, *, #3685, .F. ) ;
#3133 = MANIFOLD_SOLID_BREP ( 'Cut-Extrude4', #471 ) ;
#3134 = CYLINDRICAL_SURFACE ( 'NONE', #2158, 0.06102362000000141617 ) ;
#3135 = AXIS2_PLACEMENT_3D ( 'NONE', #2106, #3989, #682 ) ;
#3136 = CARTESIAN_POINT ( 'NONE',  ( 0.000000000000000000, 4.494999999999854445, 2.575000000000124079 ) ) ;
#3137 = CARTESIAN_POINT ( 'NONE',  ( 0.2500000000000000000, 6.762707872179214874, 3.903128477881510072 ) ) ;
#3138 = EDGE_CURVE ( 'NONE', #4423, #636, #4242, .T. ) ;
#3139 = ORIENTED_EDGE ( 'NONE', *, *, #1617, .T. ) ;
#3140 = DIRECTION ( 'NONE',  ( -1.000000000000000000, -0.000000000000000000, -0.000000000000000000 ) ) ;
#3141 = DIRECTION ( 'NONE',  ( -1.000000000000000000, -0.000000000000000000, -0.000000000000000000 ) ) ;
#3142 = DIRECTION ( 'NONE',  ( 0.000000000000000000, 0.6293205638426198067, 0.7771458215321026541 ) ) ;
#3143 = ORIENTED_EDGE ( 'NONE', *, *, #936, .F. ) ;
#3144 = CYLINDRICAL_SURFACE ( 'NONE', #2466, 0.09999999999999975575 ) ;
#3145 = EDGE_CURVE ( 'NONE', #3666, #409, #235, .T. ) ;
#3146 = ORIENTED_EDGE ( 'NONE', *, *, #3332, .T. ) ;
#3147 = EDGE_CURVE ( 'NONE', #1086, #4689, #4244, .T. ) ;
#3148 = ORIENTED_EDGE ( 'NONE', *, *, #2284, .T. ) ;
#3149 = DIRECTION ( 'NONE',  ( -1.000000000000000000, 0.000000000000000000, -0.000000000000000000 ) ) ;
#3150 = LINE ( 'NONE', #4285, #59 ) ;
#3151 = EDGE_CURVE ( 'NONE', #1369, #568, #2864, .T. ) ;
#3152 = DIRECTION ( 'NONE',  ( 0.000000000000000000, 0.000000000000000000, 1.000000000000000000 ) ) ;
#3153 = CARTESIAN_POINT ( 'NONE',  ( 0.2500000000000000000, 2.156703469180412558, 3.975000000000000089 ) ) ;
#3154 = ORIENTED_EDGE ( 'NONE', *, *, #3829, .T. ) ;
#3155 = EDGE_CURVE ( 'NONE', #1961, #3283, #619, .T. ) ;
#3156 = CARTESIAN_POINT ( 'NONE',  ( 0.2500000000000000000, 4.499999999999996447, 1.100480947161670109 ) ) ;
#3157 = VECTOR ( 'NONE', #1967, 39.37007874015748143 ) ;
#3158 = AXIS2_PLACEMENT_3D ( 'NONE', #754, #2228, #4137 ) ;
#3159 = CARTESIAN_POINT ( 'NONE',  ( 0.2500000000000000000, 5.399999999999997691, 1.374999999999986899 ) ) ;
#3160 = ORIENTED_EDGE ( 'NONE', *, *, #2995, .T. ) ;
#3161 = CIRCLE ( 'NONE', #763, 0.05900000000000005934 ) ;
#3162 = AXIS2_PLACEMENT_3D ( 'NONE', #713, #3997, #1072 ) ;
#3163 = VERTEX_POINT ( 'NONE', #4706 ) ;
#3164 = APPLICATION_PROTOCOL_DEFINITION ( 'international standard', 'config_control_design', 1994, #805 ) ;
#3165 = CARTESIAN_POINT ( 'NONE',  ( 0.2500000000000000000, 4.125000000000000000, 1.750000000000000000 ) ) ;
#3166 = LINE ( 'NONE', #2077, #3397 ) ;
#3167 = CIRCLE ( 'NONE', #4092, 0.05900000000000010791 ) ;
#3168 = ADVANCED_FACE ( 'NONE', ( #2835 ), #4315, .T. ) ;
#3169 = ORIENTED_EDGE ( 'NONE', *, *, #434, .F. ) ;
#3170 = CIRCLE ( 'NONE', #1709, 0.04999999999999973910 ) ;
#3171 = DIRECTION ( 'NONE',  ( -1.000000000000000000, -0.000000000000000000, -0.000000000000000000 ) ) ;
#3172 = CARTESIAN_POINT ( 'NONE',  ( 0.2500000000000000000, 6.171011112972796475, 4.037932056384262225 ) ) ;
#3173 = ORIENTED_EDGE ( 'NONE', *, *, #3738, .F. ) ;
#3174 = ADVANCED_FACE ( 'NONE', ( #2525 ), #1803, .T. ) ;
#3175 = CARTESIAN_POINT ( 'NONE',  ( 0.000000000000000000, 1.625000000000000222, 1.501989783036315140 ) ) ;
#3176 = EDGE_LOOP ( 'NONE', ( #1333, #4139, #485, #972 ) ) ;
#3177 = ORIENTED_EDGE ( 'NONE', *, *, #133, .F. ) ;
#3178 = ORIENTED_EDGE ( 'NONE', *, *, #1098, .F. ) ;
#3179 = DIRECTION ( 'NONE',  ( 0.000000000000000000, 0.000000000000000000, -1.000000000000000000 ) ) ;
#3180 = DIRECTION ( 'NONE',  ( -0.000000000000000000, 1.000000000000000000, 0.000000000000000000 ) ) ;
#3181 = CARTESIAN_POINT ( 'NONE',  ( 0.2500000000000000000, 4.499999999999999112, 5.819066801422758672 ) ) ;
#3182 = ORIENTED_EDGE ( 'NONE', *, *, #4099, .T. ) ;
#3183 = DIRECTION ( 'NONE',  ( -1.000000000000000000, -0.000000000000000000, -0.000000000000000000 ) ) ;
#3184 = CC_DESIGN_PERSON_AND_ORGANIZATION_ASSIGNMENT ( #2100, #627, ( #981 ) ) ;
#3185 = EDGE_CURVE ( 'NONE', #3457, #1708, #4635, .T. ) ;
#3186 = DIRECTION ( 'NONE',  ( -1.000000000000000000, -0.000000000000000000, -0.000000000000000000 ) ) ;
#3187 = ORIENTED_EDGE ( 'NONE', *, *, #3645, .F. ) ;
#3188 = VERTEX_POINT ( 'NONE', #309 ) ;
#3189 = APPROVAL_STATUS ( 'not_yet_approved' ) ;
#3190 = CARTESIAN_POINT ( 'NONE',  ( 0.000000000000000000, 4.494999999999854445, 2.625000000000123901 ) ) ;
#3191 = CARTESIAN_POINT ( 'NONE',  ( 0.2500000000000000000, 1.720782628522116608, 2.469275428407054385 ) ) ;
#3192 = ORIENTED_EDGE ( 'NONE', *, *, #2993, .F. ) ;
#3193 = CARTESIAN_POINT ( 'NONE',  ( 0.000000000000000000, 2.000000000000000888, 2.440999999999986958 ) ) ;
#3194 = DIRECTION ( 'NONE',  ( -1.000000000000000000, -0.000000000000000000, -0.000000000000000000 ) ) ;
#3195 = CARTESIAN_POINT ( 'NONE',  ( 0.07578740157480327866, 4.124999999999999112, 6.633050410571259548 ) ) ;
#3196 = EDGE_LOOP ( 'NONE', ( #3648, #4112 ) ) ;
#3197 = EDGE_LOOP ( 'NONE', ( #570, #2079, #780, #598 ) ) ;
#3198 = AXIS2_PLACEMENT_3D ( 'NONE', #3351, #4123, #2217 ) ;
#3199 = EDGE_LOOP ( 'NONE', ( #4497, #349, #630, #246 ) ) ;
#3200 = PLANE ( 'NONE',  #2533 ) ;
#3201 = DIRECTION ( 'NONE',  ( 0.000000000000000000, 0.6293205638426194737, 0.7771458215321030982 ) ) ;
#3202 = DIRECTION ( 'NONE',  ( 0.000000000000000000, -0.6293205638426198067, 0.7771458215321026541 ) ) ;
#3203 = VERTEX_POINT ( 'NONE', #1005 ) ;
#3204 = CARTESIAN_POINT ( 'NONE',  ( 0.2500000000000000000, 5.189406462572663692, 5.845993031711765653 ) ) ;
#3205 = EDGE_CURVE ( 'NONE', #2392, #537, #2688, .T. ) ;
#3206 = DIRECTION ( 'NONE',  ( 1.000000000000000000, 0.000000000000000000, 0.000000000000000000 ) ) ;
#3207 = VERTEX_POINT ( 'NONE', #3952 ) ;
#3208 = ADVANCED_FACE ( 'NONE', ( #4341 ), #2115, .F. ) ;
#3209 = AXIS2_PLACEMENT_3D ( 'NONE', #2507, #698, #383 ) ;
#3210 = ADVANCED_FACE ( 'NONE', ( #643 ), #1826, .F. ) ;
#3211 = VECTOR ( 'NONE', #3694, 39.37007874015748143 ) ;
#3212 = ORIENTED_EDGE ( 'NONE', *, *, #1134, .T. ) ;
#3213 = PERSON_AND_ORGANIZATION ( #270, #3620 ) ;
#3214 = CARTESIAN_POINT ( 'NONE',  ( 0.2500000000000000000, 5.499999999999997335, 1.274999999999985922 ) ) ;
#3215 = ADVANCED_FACE ( 'NONE', ( #2809 ), #4388, .F. ) ;
#3216 = CARTESIAN_POINT ( 'NONE',  ( 0.2500000000000000000, 3.749999999999996447, 1.100480947161673217 ) ) ;
#3217 = EDGE_CURVE ( 'NONE', #1936, #3203, #613, .T. ) ;
#3218 = ORIENTED_EDGE ( 'NONE', *, *, #4153, .F. ) ;
#3219 = VECTOR ( 'NONE', #1572, 39.37007874015748143 ) ;
#3220 = LINE ( 'NONE', #967, #4083 ) ;
#3221 = DIRECTION ( 'NONE',  ( -1.000000000000000000, -0.000000000000000000, -0.000000000000000000 ) ) ;
#3222 = DIRECTION ( 'NONE',  ( -1.000000000000000000, -0.000000000000000000, -0.000000000000000000 ) ) ;
#3223 = EDGE_LOOP ( 'NONE', ( #2348, #4041, #3394, #2292 ) ) ;
#3224 = ORIENTED_EDGE ( 'NONE', *, *, #1024, .F. ) ;
#3225 = EDGE_LOOP ( 'NONE', ( #100, #2565, #3053 ) ) ;
#3226 = CARTESIAN_POINT ( 'NONE',  ( 0.2500000000000000000, 4.124999999999999112, 2.624999999999999556 ) ) ;
#3227 = CARTESIAN_POINT ( 'NONE',  ( 0.2500000000000000000, 5.471830985915503653, 3.054481236115698550 ) ) ;
#3228 = CARTESIAN_POINT ( 'NONE',  ( 0.2500000000000000000, 2.850000000000002309, 2.224999999999987210 ) ) ;
#3229 = EDGE_LOOP ( 'NONE', ( #3212, #3182, #1000, #1660 ) ) ;
#3230 = CARTESIAN_POINT ( 'NONE',  ( 0.2500000000000000000, 4.499999999999999112, 2.224999999999993872 ) ) ;
#3231 = LINE ( 'NONE', #4709, #195 ) ;
#3232 = VERTEX_POINT ( 'NONE', #3296 ) ;
#3233 = VECTOR ( 'NONE', #2067, 39.37007874015748143 ) ;
#3234 = VERTEX_POINT ( 'NONE', #4775 ) ;
#3235 = CIRCLE ( 'NONE', #4548, 0.2499999999999998057 ) ;
#3236 = DIRECTION ( 'NONE',  ( 0.000000000000000000, -0.2873478855663463283, 0.9578262852211510969 ) ) ;
#3237 =( NAMED_UNIT ( * ) SI_UNIT ( $, .STERADIAN. ) SOLID_ANGLE_UNIT ( ) );
#3238 = CARTESIAN_POINT ( 'NONE',  ( 0.2500000000000000000, 4.499999999999999112, 5.819066801422758672 ) ) ;
#3239 = EDGE_CURVE ( 'NONE', #3163, #1263, #2884, .T. ) ;
#3240 = CYLINDRICAL_SURFACE ( 'NONE', #1163, 0.06102362000000032677 ) ;
#3241 = EDGE_CURVE ( 'NONE', #3023, #35, #2139, .T. ) ;
#3242 = EDGE_CURVE ( 'NONE', #2922, #715, #4289, .T. ) ;
#3243 = CIRCLE ( 'NONE', #1774, 0.09999999999998090972 ) ;
#3244 = CIRCLE ( 'NONE', #2310, 0.09999999999999975575 ) ;
#3245 = EDGE_CURVE ( 'NONE', #2048, #1847, #4549, .T. ) ;
#3246 = ORIENTED_EDGE ( 'NONE', *, *, #640, .T. ) ;
#3247 = DIRECTION ( 'NONE',  ( 0.000000000000000000, 0.000000000000000000, 1.000000000000000000 ) ) ;
#3248 = AXIS2_PLACEMENT_3D ( 'NONE', #1747, #4352, #2492 ) ;
#3249 = CARTESIAN_POINT ( 'NONE',  ( 0.000000000000000000, 3.543101460860224261, 6.533050410571259903 ) ) ;
#3250 = DIRECTION ( 'NONE',  ( 0.000000000000000000, 0.000000000000000000, 1.000000000000000000 ) ) ;
#3251 = EDGE_LOOP ( 'NONE', ( #2447, #4234, #2858, #1944 ) ) ;
#3252 = AXIS2_PLACEMENT_3D ( 'NONE', #115, #4200, #2337 ) ;
#3253 = VERTEX_POINT ( 'NONE', #2257 ) ;
#3254 = ORIENTED_EDGE ( 'NONE', *, *, #4744, .T. ) ;
#3255 = CARTESIAN_POINT ( 'NONE',  ( 0.2500000000000000000, 1.288620436566990435, 3.271265211443363352 ) ) ;
#3256 = CARTESIAN_POINT ( 'NONE',  ( 0.000000000000000000, 4.600000000000000533, 1.274999999999993472 ) ) ;
#3257 = EDGE_LOOP ( 'NONE', ( #2419, #3406, #504, #1312 ) ) ;
#3258 = CARTESIAN_POINT ( 'NONE',  ( 0.2500000000000000000, 6.961379563433009565, 3.271265211443364240 ) ) ;
#3259 = ORIENTED_EDGE ( 'NONE', *, *, #3735, .T. ) ;
#3260 = CARTESIAN_POINT ( 'NONE',  ( 0.000000000000000000, 7.124999999999999112, 0.1249999999999999029 ) ) ;
#3261 = DIRECTION ( 'NONE',  ( -1.000000000000000000, 0.000000000000000000, 0.000000000000000000 ) ) ;
#3262 = DIRECTION ( 'NONE',  ( -1.000000000000000000, -0.000000000000000000, -0.000000000000000000 ) ) ;
#3263 = VERTEX_POINT ( 'NONE', #4117 ) ;
#3264 = ORIENTED_EDGE ( 'NONE', *, *, #1376, .F. ) ;
#3265 = CARTESIAN_POINT ( 'NONE',  ( 0.000000000000000000, 4.494999999999854445, 2.575000000000124079 ) ) ;
#3266 = DIRECTION ( 'NONE',  ( 0.000000000000000000, 0.000000000000000000, -1.000000000000000000 ) ) ;
#3267 = CARTESIAN_POINT ( 'NONE',  ( 0.000000000000000000, 2.850000000000002309, 1.374999999999986455 ) ) ;
#3268 = VERTEX_POINT ( 'NONE', #3344 ) ;
#3269 = ORIENTED_EDGE ( 'NONE', *, *, #1223, .F. ) ;
#3270 = CARTESIAN_POINT ( 'NONE',  ( 0.2500000000000000000, 3.649999999999990141, 3.460263137648704301 ) ) ;
#3271 = CARTESIAN_POINT ( 'NONE',  ( 0.2500000000000000000, 7.124999999999999112, 3.375000000000000000 ) ) ;
#3272 = CARTESIAN_POINT ( 'NONE',  ( 0.000000000000000000, 1.487292127820782683, 3.842104857881509350 ) ) ;
#3273 = EDGE_LOOP ( 'NONE', ( #3031, #3977 ) ) ;
#3274 = EDGE_CURVE ( 'NONE', #2392, #261, #3002, .T. ) ;
#3275 = DIRECTION ( 'NONE',  ( -0.000000000000000000, 1.000000000000000000, 0.000000000000000000 ) ) ;
#3276 = AXIS2_PLACEMENT_3D ( 'NONE', #3981, #4004, #650 ) ;
#3277 = EDGE_LOOP ( 'NONE', ( #2709, #3160, #4058, #1160 ) ) ;
#3278 = PLANE ( 'NONE',  #1033 ) ;
#3279 = DIRECTION ( 'NONE',  ( -0.000000000000000000, -0.000000000000000000, 1.000000000000000000 ) ) ;
#3280 = DIRECTION ( 'NONE',  ( 0.000000000000000000, 0.000000000000000000, 1.000000000000000000 ) ) ;
#3281 = AXIS2_PLACEMENT_3D ( 'NONE', #3806, #161, #1544 ) ;
#3282 = VERTEX_POINT ( 'NONE', #1846 ) ;
#3283 = VERTEX_POINT ( 'NONE', #3322 ) ;
#3284 = CIRCLE ( 'NONE', #1201, 0.05899999999999683276 ) ;
#3285 = DIRECTION ( 'NONE',  ( 0.000000000000000000, 0.000000000000000000, 1.000000000000000000 ) ) ;
#3286 = CIRCLE ( 'NONE', #4521, 1.875000000000154321 ) ;
#3287 = CARTESIAN_POINT ( 'NONE',  ( 0.2500000000000000000, 5.499999999999997335, 2.984908903522902612 ) ) ;
#3288 = LINE ( 'NONE', #2180, #696 ) ;
#3289 = VERTEX_POINT ( 'NONE', #1170 ) ;
#3290 = AXIS2_PLACEMENT_3D ( 'NONE', #3727, #417, #4230 ) ;
#3291 = ORIENTED_EDGE ( 'NONE', *, *, #845, .T. ) ;
#3292 = DIRECTION ( 'NONE',  ( -1.000000000000000000, -0.000000000000000000, -0.000000000000000000 ) ) ;
#3293 = CARTESIAN_POINT ( 'NONE',  ( 0.000000000000000000, 3.754999999999853788, 2.675000000000123723 ) ) ;
#3294 = CYLINDRICAL_SURFACE ( 'NONE', #2663, 0.09999999999999975575 ) ;
#3295 = ORIENTED_EDGE ( 'NONE', *, *, #2660, .T. ) ;
#3296 = CARTESIAN_POINT ( 'NONE',  ( 0.000000000000000000, 4.499999999999999112, 5.819066801422758672 ) ) ;
#3297 = EDGE_CURVE ( 'NONE', #1878, #3536, #3697, .T. ) ;
#3298 = EDGE_CURVE ( 'NONE', #3621, #53, #3006, .T. ) ;
#3299 = DIRECTION ( 'NONE',  ( -1.000000000000000000, -0.000000000000000000, -0.000000000000000000 ) ) ;
#3300 = ADVANCED_FACE ( 'NONE', ( #4462 ), #1919, .F. ) ;
#3301 = ORIENTED_EDGE ( 'NONE', *, *, #2120, .F. ) ;
#3302 = CARTESIAN_POINT ( 'NONE',  ( 0.000000000000000000, 6.865596934910893623, 3.399999999999999911 ) ) ;
#3303 = FACE_OUTER_BOUND ( 'NONE', #2065, .T. ) ;
#3304 = ADVANCED_FACE ( 'NONE', ( #802 ), #4140, .T. ) ;
#3305 = CARTESIAN_POINT ( 'NONE',  ( 0.2500000000000000000, 4.599999999999988987, 3.460263137648710519 ) ) ;
#3306 = AXIS2_PLACEMENT_3D ( 'NONE', #1607, #181, #879 ) ;
#3307 = ORIENTED_EDGE ( 'NONE', *, *, #2320, .T. ) ;
#3308 = ORIENTED_EDGE ( 'NONE', *, *, #2558, .T. ) ;
#3309 = DIRECTION ( 'NONE',  ( 1.000000000000000000, 0.000000000000000000, 0.000000000000000000 ) ) ;
#3310 = CARTESIAN_POINT ( 'NONE',  ( 0.07578740157480337580, 4.124999999999999112, 5.633050410571259548 ) ) ;
#3311 = ADVANCED_FACE ( 'NONE', ( #80 ), #3024, .F. ) ;
#3312 = DIRECTION ( 'NONE',  ( -1.000000000000000000, -0.000000000000000000, -0.000000000000000000 ) ) ;
#3313 = VECTOR ( 'NONE', #3927, 39.37007874015748143 ) ;
#3314 = ORIENTED_EDGE ( 'NONE', *, *, #1283, .T. ) ;
#3315 = ORIENTED_EDGE ( 'NONE', *, *, #4340, .F. ) ;
#3316 = VECTOR ( 'NONE', #4602, 39.37007874015748143 ) ;
#3317 = CARTESIAN_POINT ( 'NONE',  ( 0.2500000000000000000, 1.720782628522116386, 2.469275428407054385 ) ) ;
#3318 = CARTESIAN_POINT ( 'NONE',  ( 0.2500000000000000000, 1.625000000000000888, 0.1250000000000000000 ) ) ;
#3319 = EDGE_CURVE ( 'NONE', #2617, #2462, #147, .T. ) ;
#3320 = DIRECTION ( 'NONE',  ( -1.000000000000000000, -0.000000000000000000, -0.000000000000000000 ) ) ;
#3321 = ORIENTED_EDGE ( 'NONE', *, *, #4149, .T. ) ;
#3322 = CARTESIAN_POINT ( 'NONE',  ( 0.000000000000000000, 3.749999999999998668, 2.294281086116925827 ) ) ;
#3323 = VECTOR ( 'NONE', #3369, 39.37007874015748143 ) ;
#3324 = ORIENTED_EDGE ( 'NONE', *, *, #1379, .T. ) ;
#3325 = DIRECTION ( 'NONE',  ( 1.000000000000000000, 0.000000000000000000, -0.000000000000000000 ) ) ;
#3326 = VECTOR ( 'NONE', #3836, 39.37007874015748143 ) ;
#3327 = COORDINATED_UNIVERSAL_TIME_OFFSET ( 8, 0, .BEHIND. ) ;
#3328 = VERTEX_POINT ( 'NONE', #1147 ) ;
#3329 = DIRECTION ( 'NONE',  ( 0.000000000000000000, -3.902639990948947455E-17, -1.000000000000000000 ) ) ;
#3330 = CARTESIAN_POINT ( 'NONE',  ( 0.000000000000000000, 4.774519052838324562, 1.374999999999993339 ) ) ;
#3331 = CARTESIAN_POINT ( 'NONE',  ( 0.2500000000000000000, 1.865596934910895399, 0.7000000000000012879 ) ) ;
#3332 = EDGE_CURVE ( 'NONE', #3282, #934, #1121, .T. ) ;
#3333 = EDGE_LOOP ( 'NONE', ( #3269, #3173 ) ) ;
#3334 = ORIENTED_EDGE ( 'NONE', *, *, #1733, .T. ) ;
#3335 = DIRECTION ( 'NONE',  ( 0.000000000000000000, -4.728198450572700078E-16, 1.000000000000000000 ) ) ;
#3336 = LINE ( 'NONE', #1499, #2972 ) ;
#3337 = CARTESIAN_POINT ( 'NONE',  ( 0.000000000000000000, 7.124999999999999112, 0.1839999999999999691 ) ) ;
#3338 = VERTEX_POINT ( 'NONE', #31 ) ;
#3339 = EDGE_LOOP ( 'NONE', ( #1004, #1218, #42, #3831 ) ) ;
#3340 = CARTESIAN_POINT ( 'NONE',  ( 0.000000000000000000, 4.500000000000000888, 1.274999999999995248 ) ) ;
#3341 = LINE ( 'NONE', #825, #142 ) ;
#3342 = CARTESIAN_POINT ( 'NONE',  ( 0.2500000000000000000, 4.499999999999984013, 2.955718913883090160 ) ) ;
#3343 = VERTEX_POINT ( 'NONE', #1460 ) ;
#3344 = CARTESIAN_POINT ( 'NONE',  ( 0.2500000000000000000, 3.749999999999996891, 1.274999999999999023 ) ) ;
#3345 = VERTEX_POINT ( 'NONE', #2232 ) ;
#3346 = DIRECTION ( 'NONE',  ( 0.000000000000000000, 0.000000000000000000, 1.000000000000000000 ) ) ;
#3347 = ORIENTED_EDGE ( 'NONE', *, *, #3590, .F. ) ;
#3348 = ADVANCED_FACE ( 'NONE', ( #3729 ), #1191, .F. ) ;
#3349 = VECTOR ( 'NONE', #553, 39.37007874015748143 ) ;
#3350 = VECTOR ( 'NONE', #743, 39.37007874015748143 ) ;
#3351 = CARTESIAN_POINT ( 'NONE',  ( 0.000000000000000000, 1.125000000000000666, 0.1250000000000000000 ) ) ;
#3352 = DIRECTION ( 'NONE',  ( -1.000000000000000000, -0.000000000000000000, -0.000000000000000000 ) ) ;
#3353 = CYLINDRICAL_SURFACE ( 'NONE', #3078, 0.06102362000000141617 ) ;
#3354 = EDGE_CURVE ( 'NONE', #726, #3289, #400, .T. ) ;
#3355 = ORIENTED_EDGE ( 'NONE', *, *, #3151, .T. ) ;
#3356 = ORIENTED_EDGE ( 'NONE', *, *, #2938, .T. ) ;
#3357 = EDGE_CURVE ( 'NONE', #4059, #3019, #3396, .T. ) ;
#3358 = DIRECTION ( 'NONE',  ( 0.000000000000000000, 0.000000000000000000, -1.000000000000000000 ) ) ;
#3359 = CARTESIAN_POINT ( 'NONE',  ( 0.2500393700787401641, 5.189406462572663692, 5.907016651711766819 ) ) ;
#3360 = EDGE_CURVE ( 'NONE', #2216, #220, #2616, .T. ) ;
#3361 = DIRECTION ( 'NONE',  ( 1.000000000000000000, 0.000000000000000000, 0.000000000000000000 ) ) ;
#3362 = VECTOR ( 'NONE', #3487, 39.37007874015748143 ) ;
#3363 = EDGE_LOOP ( 'NONE', ( #1136, #231, #2326, #2780 ) ) ;
#3364 = VECTOR ( 'NONE', #4087, 39.37007874015748143 ) ;
#3365 = FACE_OUTER_BOUND ( 'NONE', #1250, .T. ) ;
#3366 = FACE_BOUND ( 'NONE', #2723, .T. ) ;
#3367 = DIRECTION ( 'NONE',  ( 0.000000000000000000, -0.6293205638426198067, -0.7771458215321028762 ) ) ;
#3368 = ORIENTED_EDGE ( 'NONE', *, *, #4057, .F. ) ;
#3369 = DIRECTION ( 'NONE',  ( 0.000000000000000000, -3.902639990948947455E-17, -1.000000000000000000 ) ) ;
#3370 = CIRCLE ( 'NONE', #1667, 0.09999999999999947820 ) ;
#3371 = ORIENTED_EDGE ( 'NONE', *, *, #3239, .F. ) ;
#3372 = CARTESIAN_POINT ( 'NONE',  ( 0.2500000000000000000, 6.720782628522115054, 2.469275428407054385 ) ) ;
#3373 = VECTOR ( 'NONE', #2129, 39.37007874015748143 ) ;
#3374 = VERTEX_POINT ( 'NONE', #1897 ) ;
#3375 = CARTESIAN_POINT ( 'NONE',  ( 0.000000000000000000, 6.171011112972796475, 4.037932056384262225 ) ) ;
#3376 = DIRECTION ( 'NONE',  ( 0.000000000000000000, 0.000000000000000000, 1.000000000000000000 ) ) ;
#3377 = LINE ( 'NONE', #1710, #4789 ) ;
#3378 = EDGE_LOOP ( 'NONE', ( #4072, #635, #1215, #131 ) ) ;
#3379 = EDGE_CURVE ( 'NONE', #1363, #3922, #1942, .T. ) ;
#3380 = CARTESIAN_POINT ( 'NONE',  ( 0.2500000000000000000, 1.000000000000001110, 0.000000000000000000 ) ) ;
#3381 = DIRECTION ( 'NONE',  ( 0.000000000000000000, 0.000000000000000000, 1.000000000000000000 ) ) ;
#3382 = EDGE_CURVE ( 'NONE', #4194, #3098, #3465, .T. ) ;
#3383 = LINE ( 'NONE', #2296, #3084 ) ;
#3384 = AXIS2_PLACEMENT_3D ( 'NONE', #563, #1946, #4631 ) ;
#3385 = VERTEX_POINT ( 'NONE', #1097 ) ;
#3386 = CARTESIAN_POINT ( 'NONE',  ( 0.000000000000000000, 4.494999999999854445, 2.625000000000123901 ) ) ;
#3387 = DIRECTION ( 'NONE',  ( -1.000000000000000000, -0.000000000000000000, -0.000000000000000000 ) ) ;
#3388 = VECTOR ( 'NONE', #3624, 39.37007874015748143 ) ;
#3389 = FACE_OUTER_BOUND ( 'NONE', #1335, .T. ) ;
#3390 = EDGE_LOOP ( 'NONE', ( #1776, #3143, #4604, #4408 ) ) ;
#3391 = DIRECTION ( 'NONE',  ( -1.000000000000000000, -0.000000000000000000, -0.000000000000000000 ) ) ;
#3392 = VERTEX_POINT ( 'NONE', #2570 ) ;
#3393 = CARTESIAN_POINT ( 'NONE',  ( 0.000000000000000000, 2.156703469180412558, 3.874999999999999556 ) ) ;
#3394 = ORIENTED_EDGE ( 'NONE', *, *, #245, .F. ) ;
#3395 = VECTOR ( 'NONE', #3121, 39.37007874015748143 ) ;
#3396 = CIRCLE ( 'NONE', #2694, 0.1000000000000000194 ) ;
#3397 = VECTOR ( 'NONE', #4301, 39.37007874015748143 ) ;
#3398 = LINE ( 'NONE', #1561, #2043 ) ;
#3399 = CARTESIAN_POINT ( 'NONE',  ( 0.2500000000000000000, 1.384403065089105045, 3.299999999999998490 ) ) ;
#3400 = CARTESIAN_POINT ( 'NONE',  ( 0.2500000000000000000, 2.000000000000000888, 2.499999999999987121 ) ) ;
#3401 = CIRCLE ( 'NONE', #4025, 0.05900000000000010791 ) ;
#3402 = ORIENTED_EDGE ( 'NONE', *, *, #4395, .F. ) ;
#3403 = CARTESIAN_POINT ( 'NONE',  ( 0.2500000000000000000, 5.399999999999997691, 1.374999999999986899 ) ) ;
#3404 = DIRECTION ( 'NONE',  ( 0.000000000000000000, 0.000000000000000000, 1.000000000000000000 ) ) ;
#3405 = CARTESIAN_POINT ( 'NONE',  ( 0.2500000000000000000, 4.301068336902801548, 6.383050410571259548 ) ) ;
#3406 = ORIENTED_EDGE ( 'NONE', *, *, #3151, .F. ) ;
#3407 = CARTESIAN_POINT ( 'NONE',  ( 0.2500000000000000000, 3.649999999999996803, 1.274999999999999911 ) ) ;
#3408 = DIRECTION ( 'NONE',  ( -1.000000000000000000, -0.000000000000000000, -0.000000000000000000 ) ) ;
#3409 = CARTESIAN_POINT ( 'NONE',  ( 0.2500000000000000000, 1.000000000000001110, 3.500000000000000000 ) ) ;
#3410 = ORIENTED_EDGE ( 'NONE', *, *, #296, .T. ) ;
#3411 = DIRECTION ( 'NONE',  ( -1.000000000000000000, -0.000000000000000000, -0.000000000000000000 ) ) ;
#3412 = ADVANCED_FACE ( 'NONE', ( #3819 ), #4260, .F. ) ;
#3413 = EDGE_LOOP ( 'NONE', ( #1023, #3821, #626, #4665 ) ) ;
#3414 = DIRECTION ( 'NONE',  ( 0.000000000000000000, 3.902639990948947455E-17, 1.000000000000000000 ) ) ;
#3415 = ADVANCED_FACE ( 'NONE', ( #3097 ), #3144, .F. ) ;
#3416 = CARTESIAN_POINT ( 'NONE',  ( 0.2500393700787401641, 3.060593537427334088, 5.845993031711765653 ) ) ;
#3417 = EDGE_LOOP ( 'NONE', ( #3116, #2213, #2482, #3698 ) ) ;
#3418 = EDGE_CURVE ( 'NONE', #1029, #636, #4162, .T. ) ;
#3419 = DIRECTION ( 'NONE',  ( 1.000000000000000000, 0.000000000000000000, -0.000000000000000000 ) ) ;
#3420 = CARTESIAN_POINT ( 'NONE',  ( 0.2500000000000000000, 3.749999999999999556, 3.975000000000000533 ) ) ;
#3421 = CARTESIAN_POINT ( 'NONE',  ( 0.2500000000000000000, 1.865596934910895399, 0.7000000000000012879 ) ) ;
#3422 = VECTOR ( 'NONE', #3140, 39.37007874015748143 ) ;
#3423 = EDGE_LOOP ( 'NONE', ( #4090, #919 ) ) ;
#3424 = CARTESIAN_POINT ( 'NONE',  ( 0.1250000000000000000, 4.124999999999999112, 6.068089770571259756 ) ) ;
#3425 = DIRECTION ( 'NONE',  ( 0.000000000000000000, 0.000000000000000000, 1.000000000000000000 ) ) ;
#3426 = CARTESIAN_POINT ( 'NONE',  ( 0.2500000000000000000, 5.679999999999999716, 2.558999999999986397 ) ) ;
#3427 = VERTEX_POINT ( 'NONE', #486 ) ;
#3428 = DIRECTION ( 'NONE',  ( -1.000000000000000000, -0.000000000000000000, -0.000000000000000000 ) ) ;
#3429 = DIRECTION ( 'NONE',  ( 0.000000000000000000, 0.000000000000000000, 1.000000000000000000 ) ) ;
#3430 = CARTESIAN_POINT ( 'NONE',  ( 0.2500000000000000000, 3.649999999999990141, 3.560263137648704834 ) ) ;
#3431 = ORIENTED_EDGE ( 'NONE', *, *, #2208, .F. ) ;
#3432 = CARTESIAN_POINT ( 'NONE',  ( 0.2500000000000000000, 5.399999999999995914, 2.124999999999987121 ) ) ;
#3433 = AXIS2_PLACEMENT_3D ( 'NONE', #1611, #813, #2287 ) ;
#3434 = ORIENTED_EDGE ( 'NONE', *, *, #1134, .F. ) ;
#3435 = AXIS2_PLACEMENT_3D ( 'NONE', #3924, #156, #4238 ) ;
#3436 = CARTESIAN_POINT ( 'NONE',  ( 0.2500000000000000000, 4.774519052838332556, 2.124999999999993783 ) ) ;
#3437 = CARTESIAN_POINT ( 'NONE',  ( 0.000000000000000000, 5.399999999999997691, 1.374999999999986899 ) ) ;
#3438 = CIRCLE ( 'NONE', #2662, 0.1000000000000000194 ) ;
#3439 = EDGE_CURVE ( 'NONE', #4776, #126, #851, .T. ) ;
#3440 = CYLINDRICAL_SURFACE ( 'NONE', #2992, 0.06102361999999923042 ) ;
#3441 = CIRCLE ( 'NONE', #285, 0.1000000000000000194 ) ;
#3442 = ORIENTED_EDGE ( 'NONE', *, *, #245, .T. ) ;
#3443 = EDGE_CURVE ( 'NONE', #1384, #3630, #386, .T. ) ;
#3444 = ADVANCED_FACE ( 'NONE', ( #3872 ), #3798, .F. ) ;
#3445 = VECTOR ( 'NONE', #2679, 39.37007874015748143 ) ;
#3446 = DIRECTION ( 'NONE',  ( 0.000000000000000000, -1.000000000000000000, 1.050710766793959016E-16 ) ) ;
#3447 = ORIENTED_EDGE ( 'NONE', *, *, #1640, .F. ) ;
#3448 = ORIENTED_EDGE ( 'NONE', *, *, #3242, .F. ) ;
#3449 = CARTESIAN_POINT ( 'NONE',  ( 0.000000000000000000, 4.599999999999999645, 3.975000000000000089 ) ) ;
#3450 = DIRECTION ( 'NONE',  ( -1.000000000000000000, -0.000000000000000000, -0.000000000000000000 ) ) ;
#3451 = ORIENTED_EDGE ( 'NONE', *, *, #2582, .T. ) ;
#3452 = DIRECTION ( 'NONE',  ( -1.000000000000000000, -0.000000000000000000, -0.000000000000000000 ) ) ;
#3453 = CARTESIAN_POINT ( 'NONE',  ( 0.2500000000000000000, 1.625000000000000888, 0.06599999999999987821 ) ) ;
#3454 = DIRECTION ( 'NONE',  ( 0.000000000000000000, 0.000000000000000000, -1.000000000000000000 ) ) ;
#3455 = ORIENTED_EDGE ( 'NONE', *, *, #4219, .T. ) ;
#3456 = CARTESIAN_POINT ( 'NONE',  ( 0.000000000000000000, 3.948931663097198452, 6.068089770571259756 ) ) ;
#3457 = VERTEX_POINT ( 'NONE', #872 ) ;
#3458 = AXIS2_PLACEMENT_3D ( 'NONE', #1252, #3094, #2678 ) ;
#3459 = FACE_BOUND ( 'NONE', #1854, .T. ) ;
#3460 = LINE ( 'NONE', #4237, #3233 ) ;
#3461 = CARTESIAN_POINT ( 'NONE',  ( 0.2500000000000000000, 3.749999999999998668, 5.819066801422758672 ) ) ;
#3462 = DIRECTION ( 'NONE',  ( 0.000000000000000000, 0.000000000000000000, 1.000000000000000000 ) ) ;
#3463 = EDGE_LOOP ( 'NONE', ( #2664, #3934, #1091, #2114 ) ) ;
#3464 = VECTOR ( 'NONE', #1269, 39.37007874015748143 ) ;
#3465 = CIRCLE ( 'NONE', #1078, 0.1000000000000000194 ) ;
#3466 = DIRECTION ( 'NONE',  ( 1.000000000000000000, 0.000000000000000000, 0.000000000000000000 ) ) ;
#3467 = ORIENTED_EDGE ( 'NONE', *, *, #810, .F. ) ;
#3468 = AXIS2_PLACEMENT_3D ( 'NONE', #4154, #2003, #4226 ) ;
#3469 = EDGE_LOOP ( 'NONE', ( #1612, #3036, #3431, #921 ) ) ;
#3470 = DIRECTION ( 'NONE',  ( 1.000000000000000000, 0.000000000000000000, 0.000000000000000000 ) ) ;
#3471 = CYLINDRICAL_SURFACE ( 'NONE', #44, 1.875000000000198730 ) ;
#3472 = EDGE_CURVE ( 'NONE', #2752, #2086, #2931, .T. ) ;
#3473 = LINE ( 'NONE', #3790, #1007 ) ;
#3474 = ORIENTED_EDGE ( 'NONE', *, *, #4722, .F. ) ;
#3475 = LINE ( 'NONE', #530, #2648 ) ;
#3476 = CARTESIAN_POINT ( 'NONE',  ( 0.000000000000000000, 4.125000000000067502, 6.225570090571221904 ) ) ;
#3477 = CARTESIAN_POINT ( 'NONE',  ( 0.2500000000000000000, 6.384403065089104601, 0.7000000000000001776 ) ) ;
#3478 = ORIENTED_EDGE ( 'NONE', *, *, #1497, .T. ) ;
#3479 = CARTESIAN_POINT ( 'NONE',  ( 0.2500000000000000000, 6.384403065089105489, 0.6000000000000001998 ) ) ;
#3480 = EDGE_LOOP ( 'NONE', ( #4461, #175, #1719, #1869, #213, #4448, #1452 ) ) ;
#3481 = LINE ( 'NONE', #204, #3127 ) ;
#3482 = DIRECTION ( 'NONE',  ( 0.000000000000000000, 0.000000000000000000, 1.000000000000000000 ) ) ;
#3483 = CYLINDRICAL_SURFACE ( 'NONE', #811, 0.1000000000000000194 ) ;
#3484 = CARTESIAN_POINT ( 'NONE',  ( 0.2500000000000000000, 3.754999999999853788, 2.625000000000123901 ) ) ;
#3485 = EDGE_LOOP ( 'NONE', ( #1194, #1742, #4026, #2955 ) ) ;
#3486 = EDGE_CURVE ( 'NONE', #2987, #2202, #538, .T. ) ;
#3487 = DIRECTION ( 'NONE',  ( -1.000000000000000000, -0.000000000000000000, -0.000000000000000000 ) ) ;
#3488 = EDGE_LOOP ( 'NONE', ( #1038, #1407, #599, #2141 ) ) ;
#3489 = ORIENTED_EDGE ( 'NONE', *, *, #577, .F. ) ;
#3490 = CARTESIAN_POINT ( 'NONE',  ( 0.000000000000000000, 4.499999999999999112, 2.224999999999993872 ) ) ;
#3491 = FACE_OUTER_BOUND ( 'NONE', #2032, .T. ) ;
#3492 = EDGE_CURVE ( 'NONE', #2418, #3163, #124, .T. ) ;
#3493 = DIRECTION ( 'NONE',  ( 0.000000000000000000, 2.962851445030681809E-16, -1.000000000000000000 ) ) ;
#3494 = EDGE_CURVE ( 'NONE', #4194, #4689, #945, .T. ) ;
#3495 = AXIS2_PLACEMENT_3D ( 'NONE', #2704, #4180, #97 ) ;
#3496 = EDGE_CURVE ( 'NONE', #2278, #151, #2060, .T. ) ;
#3497 = ORIENTED_EDGE ( 'NONE', *, *, #3845, .F. ) ;
#3498 = ADVANCED_FACE ( 'NONE', ( #1984, #1574 ), #3117, .F. ) ;
#3499 = DIRECTION ( 'NONE',  ( 0.000000000000000000, -1.000000000000000000, 0.000000000000000000 ) ) ;
#3500 = CARTESIAN_POINT ( 'NONE',  ( 0.000000000000000000, 7.249999999999999112, 3.500000000000000000 ) ) ;
#3501 = VECTOR ( 'NONE', #3329, 39.37007874015748143 ) ;
#3502 = DIRECTION ( 'NONE',  ( 0.000000000000000000, 0.000000000000000000, -1.000000000000000000 ) ) ;
#3503 = ORIENTED_EDGE ( 'NONE', *, *, #438, .F. ) ;
#3504 = DIRECTION ( 'NONE',  ( -1.000000000000000000, -0.000000000000000000, -0.000000000000000000 ) ) ;
#3505 = EDGE_LOOP ( 'NONE', ( #3295, #1522, #2407, #1354 ) ) ;
#3506 = ORIENTED_EDGE ( 'NONE', *, *, #132, .F. ) ;
#3507 = FACE_BOUND ( 'NONE', #865, .T. ) ;
#3508 = CARTESIAN_POINT ( 'NONE',  ( 0.2500000000000000000, 6.624999999999999112, 1.501989783036315140 ) ) ;
#3509 = CARTESIAN_POINT ( 'NONE',  ( 0.2500000000000000000, 3.475480947161670997, 1.375000000000000000 ) ) ;
#3510 = CARTESIAN_POINT ( 'NONE',  ( 0.2500000000000000000, 1.625000000000000222, 1.601989783036315007 ) ) ;
#3511 = ORIENTED_EDGE ( 'NONE', *, *, #2643, .F. ) ;
#3513 = AXIS2_PLACEMENT_3D ( 'NONE', #677, #3261, #1949 ) ;
#3512 = CARTESIAN_POINT ( 'NONE',  ( 0.000000000000000000, 3.623239436619713150, 3.556615990473965816 ) ) ;
#3514 = VECTOR ( 'NONE', #1683, 39.37007874015748143 ) ;
#3515 = CIRCLE ( 'NONE', #2049, 0.1000000000000000194 ) ;
#3516 = AXIS2_PLACEMENT_3D ( 'NONE', #2037, #3149, #4628 ) ;
#3517 = VECTOR ( 'NONE', #3752, 39.37007874015748143 ) ;
#3518 = DIRECTION ( 'NONE',  ( -1.000000000000000000, -0.000000000000000000, -0.000000000000000000 ) ) ;
#3519 = ORIENTED_EDGE ( 'NONE', *, *, #784, .T. ) ;
#3520 = AXIS2_PLACEMENT_3D ( 'NONE', #2396, #2010, #3870 ) ;
#3521 = VERTEX_POINT ( 'NONE', #3045 ) ;
#3522 = EDGE_CURVE ( 'NONE', #3023, #2511, #3781, .T. ) ;
#3523 = SHAPE_DEFINITION_REPRESENTATION ( #2562, #1367 ) ;
#3524 = AXIS2_PLACEMENT_3D ( 'NONE', #1063, #750, #2898 ) ;
#3525 = DIRECTION ( 'NONE',  ( 0.000000000000000000, -2.962851445030681809E-16, 1.000000000000000000 ) ) ;
#3526 = DIRECTION ( 'NONE',  ( 0.000000000000000000, -0.9578262852211512079, 0.2873478855663463838 ) ) ;
#3527 = ORIENTED_EDGE ( 'NONE', *, *, #4201, .F. ) ;
#3528 = EDGE_CURVE ( 'NONE', #4259, #1515, #3069, .T. ) ;
#3529 = EDGE_CURVE ( 'NONE', #2202, #2987, #3167, .T. ) ;
#3530 = LINE ( 'NONE', #893, #1848 ) ;
#3531 = EDGE_CURVE ( 'NONE', #4748, #853, #2345, .T. ) ;
#3532 = LINE ( 'NONE', #3962, #3987 ) ;
#3533 = ORIENTED_EDGE ( 'NONE', *, *, #3978, .F. ) ;
#3534 = CYLINDRICAL_SURFACE ( 'NONE', #769, 0.1000000000000000194 ) ;
#3535 = EDGE_CURVE ( 'NONE', #2297, #739, #150, .T. ) ;
#3536 = VERTEX_POINT ( 'NONE', #1281 ) ;
#3537 = ORIENTED_EDGE ( 'NONE', *, *, #866, .T. ) ;
#3538 = ORIENTED_EDGE ( 'NONE', *, *, #90, .F. ) ;
#3539 = LINE ( 'NONE', #950, #3395 ) ;
#3540 = CARTESIAN_POINT ( 'NONE',  ( 0.2500000000000000000, 5.499999999999997335, 2.984908903522902612 ) ) ;
#3541 = DIRECTION ( 'NONE',  ( 0.000000000000000000, 0.000000000000000000, 1.000000000000000000 ) ) ;
#3542 = ORIENTED_EDGE ( 'NONE', *, *, #898, .T. ) ;
#3543 = CARTESIAN_POINT ( 'NONE',  ( 0.2500000000000000000, 2.750000000000002665, 1.274999999999985922 ) ) ;
#3544 = AXIS2_PLACEMENT_3D ( 'NONE', #903, #2377, #2403 ) ;
#3545 = CIRCLE ( 'NONE', #913, 0.06102362000000141617 ) ;
#3546 = FACE_OUTER_BOUND ( 'NONE', #4769, .T. ) ;
#3547 = EDGE_LOOP ( 'NONE', ( #4270, #2306 ) ) ;
#3548 = VECTOR ( 'NONE', #2769, 39.37007874015748143 ) ;
#3549 = ORIENTED_EDGE ( 'NONE', *, *, #4592, .F. ) ;
#3550 = PERSON_AND_ORGANIZATION_ROLE ( 'classification_officer' ) ;
#3551 = CARTESIAN_POINT ( 'NONE',  ( 0.000000000000000000, 2.156703469180412558, 3.975000000000000089 ) ) ;
#3552 = LINE ( 'NONE', #3216, #3862 ) ;
#3553 = ORIENTED_EDGE ( 'NONE', *, *, #2632, .F. ) ;
#3554 = CIRCLE ( 'NONE', #1319, 0.1000000000000000194 ) ;
#3555 = CARTESIAN_POINT ( 'NONE',  ( 0.2500000000000000000, 5.679999999999999716, 2.499999999999986233 ) ) ;
#3556 = EDGE_CURVE ( 'NONE', #1628, #3385, #236, .T. ) ;
#3557 = CARTESIAN_POINT ( 'NONE',  ( 0.2500000000000000000, 6.865596934910894511, 0.7000000000000001776 ) ) ;
#3558 = LINE ( 'NONE', #3195, #2773 ) ;
#3559 = ORIENTED_EDGE ( 'NONE', *, *, #4570, .F. ) ;
#3560 = EDGE_LOOP ( 'NONE', ( #4477, #469, #4700, #4156 ) ) ;
#3561 = VERTEX_POINT ( 'NONE', #4380 ) ;
#3562 = CARTESIAN_POINT ( 'NONE',  ( 0.2500000000000000000, 4.500000000000000000, 2.294281086116926272 ) ) ;
#3563 = DIRECTION ( 'NONE',  ( 0.000000000000000000, -0.000000000000000000, 1.000000000000000000 ) ) ;
#3564 = ADVANCED_FACE ( 'NONE', ( #706 ), #1041, .T. ) ;
#3565 = CARTESIAN_POINT ( 'NONE',  ( 0.2500000000000000000, 4.499999999999992895, 0.3500000000000005884 ) ) ;
#3566 = ORIENTED_EDGE ( 'NONE', *, *, #573, .F. ) ;
#3567 = DIRECTION ( 'NONE',  ( 0.000000000000000000, 0.000000000000000000, 1.000000000000000000 ) ) ;
#3568 = ADVANCED_FACE ( 'NONE', ( #683 ), #970, .F. ) ;
#3569 = ADVANCED_FACE ( 'NONE', ( #2444 ), #4307, .F. ) ;
#3570 = CARTESIAN_POINT ( 'NONE',  ( 0.2500000000000000000, 2.078988887027202637, 4.037932056384262225 ) ) ;
#3571 = ORIENTED_EDGE ( 'NONE', *, *, #1711, .F. ) ;
#3572 = ORIENTED_EDGE ( 'NONE', *, *, #2295, .F. ) ;
#3573 = CARTESIAN_POINT ( 'NONE',  ( 0.000000000000000000, 2.850000000000002309, 2.224999999999987210 ) ) ;
#3574 = CARTESIAN_POINT ( 'NONE',  ( 0.000000000000000000, 4.795313972298068883, 6.579769905211409586 ) ) ;
#3575 = VERTEX_POINT ( 'NONE', #3990 ) ;
#3576 = DIRECTION ( 'NONE',  ( 0.000000000000000000, 0.000000000000000000, 1.000000000000000000 ) ) ;
#3577 = LINE ( 'NONE', #992, #2440 ) ;
#3578 = DIRECTION ( 'NONE',  ( 0.000000000000000000, 0.000000000000000000, 1.000000000000000000 ) ) ;
#3579 = AXIS2_PLACEMENT_3D ( 'NONE', #4, #4409, #4383 ) ;
#3580 = ORIENTED_EDGE ( 'NONE', *, *, #2910, .T. ) ;
#3581 = ORIENTED_EDGE ( 'NONE', *, *, #2307, .F. ) ;
#3582 = AXIS2_PLACEMENT_3D ( 'NONE', #58, #4145, #1543 ) ;
#3583 = ORIENTED_EDGE ( 'NONE', *, *, #262, .T. ) ;
#3584 = CARTESIAN_POINT ( 'NONE',  ( 0.2500393700787401641, 1.487292127820782683, 3.842104857881509350 ) ) ;
#3585 = CARTESIAN_POINT ( 'NONE',  ( 0.2500000000000000000, 4.125000000000000000, 1.750000000000000000 ) ) ;
#3586 = DIRECTION ( 'NONE',  ( 1.000000000000000000, 0.000000000000000000, 0.000000000000000000 ) ) ;
#3587 = VERTEX_POINT ( 'NONE', #3267 ) ;
#3588 = DIRECTION ( 'NONE',  ( 0.000000000000000000, 0.2873478855663465503, 0.9578262852211509859 ) ) ;
#3589 = EDGE_CURVE ( 'NONE', #3232, #2569, #658, .T. ) ;
#3590 = EDGE_CURVE ( 'NONE', #636, #1263, #1230, .T. ) ;
#3591 = FACE_OUTER_BOUND ( 'NONE', #2846, .T. ) ;
#3592 = EDGE_LOOP ( 'NONE', ( #1318, #2880, #4457, #2800 ) ) ;
#3593 = AXIS2_PLACEMENT_3D ( 'NONE', #359, #3352, #1831 ) ;
#3594 = VECTOR ( 'NONE', #927, 39.37007874015748143 ) ;
#3595 = ORIENTED_EDGE ( 'NONE', *, *, #605, .T. ) ;
#3596 = FACE_OUTER_BOUND ( 'NONE', #3692, .T. ) ;
#3597 = APPROVAL_ROLE ( '' ) ;
#3598 = DIRECTION ( 'NONE',  ( -1.000000000000000000, -0.000000000000000000, -0.000000000000000000 ) ) ;
#3599 = DIRECTION ( 'NONE',  ( -1.000000000000000000, -0.000000000000000000, -0.000000000000000000 ) ) ;
#3600 = VECTOR ( 'NONE', #4731, 39.37007874015748143 ) ;
#3601 = ORIENTED_EDGE ( 'NONE', *, *, #2640, .F. ) ;
#3602 = VECTOR ( 'NONE', #556, 39.37007874015748143 ) ;
#3603 = CARTESIAN_POINT ( 'NONE',  ( 0.2500000000000000000, 2.570000000000001172, 2.499999999999986233 ) ) ;
#3604 = CYLINDRICAL_SURFACE ( 'NONE', #1053, 0.04999999999999973910 ) ;
#3605 = DIRECTION ( 'NONE',  ( -1.000000000000000000, 0.000000000000000000, 0.000000000000000000 ) ) ;
#3606 = ORIENTED_EDGE ( 'NONE', *, *, #2585, .F. ) ;
#3607 = ORIENTED_EDGE ( 'NONE', *, *, #1645, .F. ) ;
#3608 = ORIENTED_EDGE ( 'NONE', *, *, #1529, .F. ) ;
#3609 = DIRECTION ( 'NONE',  ( 0.000000000000000000, 0.000000000000000000, 1.000000000000000000 ) ) ;
#3610 = CARTESIAN_POINT ( 'NONE',  ( 0.2500000000000000000, 6.529217371477883169, 2.469275428407054385 ) ) ;
#3611 = DIRECTION ( 'NONE',  ( 0.000000000000000000, -0.9578262852211510969, -0.2873478855663466058 ) ) ;
#3612 = ORIENTED_EDGE ( 'NONE', *, *, #2143, .T. ) ;
#3613 = DIRECTION ( 'NONE',  ( -1.000000000000000000, 0.000000000000000000, 0.000000000000000000 ) ) ;
#3614 = EDGE_LOOP ( 'NONE', ( #884, #1385, #3542, #408 ) ) ;
#3615 = CIRCLE ( 'NONE', #4478, 0.09999999999999996392 ) ;
#3616 = DIRECTION ( 'NONE',  ( -1.000000000000000000, -0.000000000000000000, -0.000000000000000000 ) ) ;
#3617 = CARTESIAN_POINT ( 'NONE',  ( 0.000000000000000000, 0.000000000000000000, 0.000000000000000000 ) ) ;
#3618 = DIRECTION ( 'NONE',  ( 1.000000000000000000, 0.000000000000000000, 0.000000000000000000 ) ) ;
#3619 = CARTESIAN_POINT ( 'NONE',  ( 0.000000000000000000, 4.301068336902801548, 6.383050410571259548 ) ) ;
#3620 = ORGANIZATION ( 'UNSPECIFIED', 'UNSPECIFIED', '' ) ;
#3621 = VERTEX_POINT ( 'NONE', #4697 ) ;
#3622 = ORIENTED_EDGE ( 'NONE', *, *, #2667, .T. ) ;
#3623 = EDGE_CURVE ( 'NONE', #4726, #2013, #2391, .T. ) ;
#3624 = DIRECTION ( 'NONE',  ( -1.000000000000000000, -0.000000000000000000, -0.000000000000000000 ) ) ;
#3625 = CIRCLE ( 'NONE', #2920, 0.04921259842519672134 ) ;
#3626 = CARTESIAN_POINT ( 'NONE',  ( 0.2500000000000000000, 1.384403065089106155, 3.399999999999998579 ) ) ;
#3627 = CARTESIAN_POINT ( 'NONE',  ( 0.000000000000000000, 1.125000000000001776, 3.375000000000000000 ) ) ;
#3628 = ORIENTED_EDGE ( 'NONE', *, *, #2501, .T. ) ;
#3629 = AXIS2_PLACEMENT_3D ( 'NONE', #1015, #1666, #2412 ) ;
#3630 = VERTEX_POINT ( 'NONE', #1699 ) ;
#3631 = CARTESIAN_POINT ( 'NONE',  ( 0.2500000000000000000, 6.093296530819586110, 3.975000000000000533 ) ) ;
#3632 = CYLINDRICAL_SURFACE ( 'NONE', #2165, 0.05900000000000010791 ) ;
#3633 = CARTESIAN_POINT ( 'NONE',  ( 0.000000000000000000, 6.624999999999999112, 0.1249999999999989592 ) ) ;
#3634 = ORIENTED_EDGE ( 'NONE', *, *, #3086, .F. ) ;
#3635 = DIRECTION ( 'NONE',  ( 0.000000000000000000, 0.000000000000000000, -1.000000000000000000 ) ) ;
#3636 = ORIENTED_EDGE ( 'NONE', *, *, #1581, .F. ) ;
#3637 = EDGE_CURVE ( 'NONE', #3263, #3008, #2087, .T. ) ;
#3638 = DIRECTION ( 'NONE',  ( 0.000000000000000000, 0.000000000000000000, 1.000000000000000000 ) ) ;
#3639 = LINE ( 'NONE', #3330, #4594 ) ;
#3640 = DIRECTION ( 'NONE',  ( -1.000000000000000000, -0.000000000000000000, -0.000000000000000000 ) ) ;
#3641 = ORIENTED_EDGE ( 'NONE', *, *, #1767, .T. ) ;
#3642 = ORIENTED_EDGE ( 'NONE', *, *, #3357, .T. ) ;
#3643 = EDGE_CURVE ( 'NONE', #261, #4335, #1619, .T. ) ;
#3644 = CARTESIAN_POINT ( 'NONE',  ( 0.2500000000000000000, 4.125000000000042633, 1.749999999999786837 ) ) ;
#3645 = EDGE_CURVE ( 'NONE', #2528, #2686, #2799, .T. ) ;
#3646 = FACE_OUTER_BOUND ( 'NONE', #1759, .T. ) ;
#3647 = DIRECTION ( 'NONE',  ( -1.000000000000000000, -0.000000000000000000, -0.000000000000000000 ) ) ;
#3648 = ORIENTED_EDGE ( 'NONE', *, *, #2526, .T. ) ;
#3649 = EDGE_CURVE ( 'NONE', #3008, #4375, #1406, .T. ) ;
#3650 = ORIENTED_EDGE ( 'NONE', *, *, #4744, .F. ) ;
#3651 = DIRECTION ( 'NONE',  ( 0.000000000000000000, 0.000000000000000000, 1.000000000000000000 ) ) ;
#3652 = CARTESIAN_POINT ( 'NONE',  ( 0.2500000000000000000, 6.865596934910894511, 3.299999999999999822 ) ) ;
#3653 = DIRECTION ( 'NONE',  ( 0.000000000000000000, 0.000000000000000000, 1.000000000000000000 ) ) ;
#3654 = ORIENTED_EDGE ( 'NONE', *, *, #4777, .T. ) ;
#3655 = DIRECTION ( 'NONE',  ( -1.000000000000000000, -0.000000000000000000, -0.000000000000000000 ) ) ;
#3656 = AXIS2_PLACEMENT_3D ( 'NONE', #2654, #3428, #120 ) ;
#3657 = CARTESIAN_POINT ( 'NONE',  ( 0.000000000000000000, 4.499999999999988454, 3.460263137648711407 ) ) ;
#3658 = ORIENTED_EDGE ( 'NONE', *, *, #4006, .T. ) ;
#3659 = ADVANCED_FACE ( 'NONE', ( #1064 ), #2852, .F. ) ;
#3660 = LINE ( 'NONE', #193, #3889 ) ;
#3661 = DIRECTION ( 'NONE',  ( 0.000000000000000000, 0.000000000000000000, -1.000000000000000000 ) ) ;
#3662 = DIRECTION ( 'NONE',  ( -1.000000000000000000, -0.000000000000000000, -0.000000000000000000 ) ) ;
#3663 = CIRCLE ( 'NONE', #4130, 0.06102362000000032677 ) ;
#3664 = AXIS2_PLACEMENT_3D ( 'NONE', #2402, #4265, #616 ) ;
#3665 = EDGE_CURVE ( 'NONE', #3859, #1, #3558, .T. ) ;
#3666 = VERTEX_POINT ( 'NONE', #994 ) ;
#3667 = AXIS2_PLACEMENT_3D ( 'NONE', #797, #1506, #2633 ) ;
#3668 = ORIENTED_EDGE ( 'NONE', *, *, #1645, .T. ) ;
#3669 = VECTOR ( 'NONE', #539, 39.37007874015748143 ) ;
#3670 = DIRECTION ( 'NONE',  ( -1.000000000000000000, -0.000000000000000000, -0.000000000000000000 ) ) ;
#3671 = CIRCLE ( 'NONE', #4610, 0.1000000000000000194 ) ;
#3672 = DIRECTION ( 'NONE',  ( 0.000000000000000000, 0.000000000000000000, 1.000000000000000000 ) ) ;
#3673 = ORIENTED_EDGE ( 'NONE', *, *, #3147, .F. ) ;
#3674 = VECTOR ( 'NONE', #4672, 39.37007874015748143 ) ;
#3675 = ADVANCED_FACE ( 'NONE', ( #1359 ), #3534, .F. ) ;
#3676 = EDGE_CURVE ( 'NONE', #546, #290, #2850, .T. ) ;
#3677 = ORIENTED_EDGE ( 'NONE', *, *, #4102, .F. ) ;
#3678 = DIRECTION ( 'NONE',  ( 0.000000000000000000, -9.746076076137871816E-15, -1.000000000000000000 ) ) ;
#3679 = FACE_BOUND ( 'NONE', #747, .T. ) ;
#3680 = CARTESIAN_POINT ( 'NONE',  ( 0.2500000000000000000, 2.000000000000000888, 2.440999999999986958 ) ) ;
#3681 = ORIENTED_EDGE ( 'NONE', *, *, #1022, .T. ) ;
#3682 = DIRECTION ( 'NONE',  ( -1.000000000000000000, -0.000000000000000000, -0.000000000000000000 ) ) ;
#3683 = ORIENTED_EDGE ( 'NONE', *, *, #2558, .F. ) ;
#3684 = CARTESIAN_POINT ( 'NONE',  ( 0.000000000000000000, 6.288620436566989547, 0.7287347885566355377 ) ) ;
#3685 = EDGE_CURVE ( 'NONE', #3374, #3521, #4479, .T. ) ;
#3686 = ORIENTED_EDGE ( 'NONE', *, *, #3205, .F. ) ;
#3687 = CARTESIAN_POINT ( 'NONE',  ( 0.000000000000000000, 3.749999999999996003, 2.955718913883070176 ) ) ;
#3688 = FACE_OUTER_BOUND ( 'NONE', #2732, .T. ) ;
#3689 = DIRECTION ( 'NONE',  ( -1.000000000000000000, -0.000000000000000000, -0.000000000000000000 ) ) ;
#3690 = VECTOR ( 'NONE', #2514, 39.37007874015748143 ) ;
#3691 = ORIENTED_EDGE ( 'NONE', *, *, #1581, .T. ) ;
#3692 = EDGE_LOOP ( 'NONE', ( #1441, #589, #2024, #1979 ) ) ;
#3693 = DIRECTION ( 'NONE',  ( 0.000000000000000000, 0.000000000000000000, 1.000000000000000000 ) ) ;
#3694 = DIRECTION ( 'NONE',  ( 1.000000000000000000, -0.000000000000000000, -0.000000000000000000 ) ) ;
#3695 = CARTESIAN_POINT ( 'NONE',  ( 0.2500000000000000000, 1.529217371477884502, 1.530724571592945615 ) ) ;
#3696 = VECTOR ( 'NONE', #4494, 39.37007874015748143 ) ;
#3697 = CIRCLE ( 'NONE', #1155, 0.1000000000000005745 ) ;
#3698 = ORIENTED_EDGE ( 'NONE', *, *, #2560, .F. ) ;
#3699 = VERTEX_POINT ( 'NONE', #4768 ) ;
#3700 = CC_DESIGN_APPROVAL ( #4688, ( #385 ) ) ;
#3701 = AXIS2_PLACEMENT_3D ( 'NONE', #2874, #1794, #1019 ) ;
#3702 = ADVANCED_FACE ( 'NONE', ( #1089 ), #4406, .F. ) ;
#3703 = CARTESIAN_POINT ( 'NONE',  ( 0.000000000000000000, 3.754999999999853788, 2.625000000000123901 ) ) ;
#3704 = FACE_BOUND ( 'NONE', #904, .T. ) ;
#3705 = CARTESIAN_POINT ( 'NONE',  ( 0.2500000000000000000, 7.124999999999999112, 3.315999999999999837 ) ) ;
#3706 = ORIENTED_EDGE ( 'NONE', *, *, #222, .F. ) ;
#3707 = CARTESIAN_POINT ( 'NONE',  ( 0.2500000000000000000, 6.624999999999999112, 0.1249999999999989592 ) ) ;
#3708 = AXIS2_PLACEMENT_3D ( 'NONE', #1550, #1184, #3018 ) ;
#3709 = VERTEX_POINT ( 'NONE', #2921 ) ;
#3710 = CARTESIAN_POINT ( 'NONE',  ( 0.2500000000000000000, 3.572285417846788658, 5.881998857807020364 ) ) ;
#3711 = CIRCLE ( 'NONE', #3090, 1.875000000000000444 ) ;
#3712 = EDGE_CURVE ( 'NONE', #2812, #758, #3288, .T. ) ;
#3713 = ORIENTED_EDGE ( 'NONE', *, *, #3245, .F. ) ;
#3714 = ADVANCED_FACE ( 'NONE', ( #341 ), #1815, .F. ) ;
#3715 = EDGE_CURVE ( 'NONE', #3561, #1876, #1656, .T. ) ;
#3716 = DIRECTION ( 'NONE',  ( 0.000000000000000000, -0.6293205638426198067, 0.7771458215321026541 ) ) ;
#3717 = FACE_OUTER_BOUND ( 'NONE', #1625, .T. ) ;
#3718 = DIRECTION ( 'NONE',  ( 0.000000000000000000, -1.000000000000000000, -7.886273575600313290E-15 ) ) ;
#3719 = ORIENTED_EDGE ( 'NONE', *, *, #1424, .T. ) ;
#3720 = VERTEX_POINT ( 'NONE', #4559 ) ;
#3721 = CARTESIAN_POINT ( 'NONE',  ( 0.2500000000000000000, 6.624999999999999112, 0.1249999999999989592 ) ) ;
#3722 = CARTESIAN_POINT ( 'NONE',  ( 0.000000000000000000, 3.649999999999999467, 3.975000000000000089 ) ) ;
#3723 = DIRECTION ( 'NONE',  ( 0.000000000000000000, 0.000000000000000000, 1.000000000000000000 ) ) ;
#3724 = ORIENTED_EDGE ( 'NONE', *, *, #577, .T. ) ;
#3725 = CARTESIAN_POINT ( 'NONE',  ( 0.000000000000000000, 1.288620436566990435, 3.271265211443363352 ) ) ;
#3726 = DIRECTION ( 'NONE',  ( 0.000000000000000000, -0.9578262852211509859, 0.2873478855663468834 ) ) ;
#3727 = CARTESIAN_POINT ( 'NONE',  ( 0.000000000000000000, 4.599999999999999645, 5.819066801422758672 ) ) ;
#3728 = ORIENTED_EDGE ( 'NONE', *, *, #224, .F. ) ;
#3729 = FACE_OUTER_BOUND ( 'NONE', #2099, .T. ) ;
#3730 = EDGE_LOOP ( 'NONE', ( #3264, #3787, #3668, #2455 ) ) ;
#3731 = CYLINDRICAL_SURFACE ( 'NONE', #1037, 0.06102362000000032677 ) ;
#3732 = ORIENTED_EDGE ( 'NONE', *, *, #16, .F. ) ;
#3733 = CIRCLE ( 'NONE', #2190, 0.09999999999998090972 ) ;
#3734 = EDGE_CURVE ( 'NONE', #3890, #1263, #492, .T. ) ;
#3735 = EDGE_CURVE ( 'NONE', #2045, #546, #2736, .T. ) ;
#3736 = VECTOR ( 'NONE', #402, 39.37007874015748143 ) ;
#3737 = LINE ( 'NONE', #2691, #3350 ) ;
#3738 = EDGE_CURVE ( 'NONE', #817, #2571, #1297, .T. ) ;
#3739 = DIRECTION ( 'NONE',  ( 0.000000000000000000, 0.000000000000000000, -1.000000000000000000 ) ) ;
#3740 = LINE ( 'NONE', #1908, #1466 ) ;
#3741 = EDGE_LOOP ( 'NONE', ( #2168, #756, #998, #4019 ) ) ;
#3742 = CARTESIAN_POINT ( 'NONE',  ( 0.000000000000000000, 4.124999999999999112, 6.225570090571260096 ) ) ;
#3743 = CYLINDRICAL_SURFACE ( 'NONE', #3980, 1.874999999999999778 ) ;
#3744 = AXIS2_PLACEMENT_3D ( 'NONE', #1972, #833, #2670 ) ;
#3745 = CARTESIAN_POINT ( 'NONE',  ( 0.000000000000000000, 4.599999999999992539, 0.2500000000000000555 ) ) ;
#3746 = AXIS2_PLACEMENT_3D ( 'NONE', #2784, #4656, #4630 ) ;
#3747 = AXIS2_PLACEMENT_3D ( 'NONE', #3214, #1664, #1299 ) ;
#3748 = EDGE_LOOP ( 'NONE', ( #2108, #3608, #2322, #3681 ) ) ;
#3749 = AXIS2_PLACEMENT_3D ( 'NONE', #4177, #4152, #1911 ) ;
#3750 = CARTESIAN_POINT ( 'NONE',  ( 0.000000000000000000, 4.124999999999994671, 6.225570090571260096 ) ) ;
#3751 = CARTESIAN_POINT ( 'NONE',  ( 0.2500000000000000000, 2.570000000000001172, 2.558999999999986397 ) ) ;
#3752 = DIRECTION ( 'NONE',  ( -1.000000000000000000, -0.000000000000000000, -0.000000000000000000 ) ) ;
#3753 = EDGE_LOOP ( 'NONE', ( #2793, #1075, #3308, #2534 ) ) ;
#3754 = DIRECTION ( 'NONE',  ( 0.000000000000000000, 0.000000000000000000, -1.000000000000000000 ) ) ;
#3755 = CIRCLE ( 'NONE', #1755, 0.1000000000000005745 ) ;
#3756 = ORIENTED_EDGE ( 'NONE', *, *, #4675, .F. ) ;
#3757 = CARTESIAN_POINT ( 'NONE',  ( 0.000000000000000000, 2.078988887027202637, 4.037932056384262225 ) ) ;
#3758 = CIRCLE ( 'NONE', #3524, 0.09999999999999947820 ) ;
#3759 = ORIENTED_EDGE ( 'NONE', *, *, #2954, .F. ) ;
#3760 = FACE_OUTER_BOUND ( 'NONE', #4249, .T. ) ;
#3761 = DIRECTION ( 'NONE',  ( -1.000000000000000000, -0.000000000000000000, -0.000000000000000000 ) ) ;
#3762 = CARTESIAN_POINT ( 'NONE',  ( 0.000000000000000000, 1.625000000000000888, 0.1840000000000001079 ) ) ;
#3763 = EDGE_LOOP ( 'NONE', ( #187, #1231, #2428, #4565, #177, #2610, #512, #2416, #2018 ) ) ;
#3764 = DIRECTION ( 'NONE',  ( 0.000000000000000000, -1.000000000000000000, -4.728198450572700078E-16 ) ) ;
#3765 = CARTESIAN_POINT ( 'NONE',  ( 0.2500000000000000000, 2.850000000000000533, 2.984908903522902168 ) ) ;
#3766 = CARTESIAN_POINT ( 'NONE',  ( 0.2500000000000000000, 1.288620436566990435, 3.271265211443363352 ) ) ;
#3767 = AXIS2_PLACEMENT_3D ( 'NONE', #207, #1632, #3051 ) ;
#3768 = EDGE_CURVE ( 'NONE', #328, #2086, #4266, .T. ) ;
#3769 = EDGE_LOOP ( 'NONE', ( #2176, #1909 ) ) ;
#3770 = EDGE_CURVE ( 'NONE', #2535, #4416, #3009, .T. ) ;
#3771 = DIRECTION ( 'NONE',  ( 0.000000000000000000, 0.000000000000000000, 1.000000000000000000 ) ) ;
#3772 = LINE ( 'NONE', #1894, #1153 ) ;
#3773 = CIRCLE ( 'NONE', #2538, 0.09999999999999975575 ) ;
#3774 = CARTESIAN_POINT ( 'NONE',  ( 0.2500000000000000000, 3.409031939419718604, 6.474905339539487770 ) ) ;
#3775 = VERTEX_POINT ( 'NONE', #157 ) ;
#3776 = DIRECTION ( 'NONE',  ( 0.000000000000000000, 0.000000000000000000, 1.000000000000000000 ) ) ;
#3777 = ORIENTED_EDGE ( 'NONE', *, *, #2963, .T. ) ;
#3778 = VECTOR ( 'NONE', #4616, 39.37007874015748143 ) ;
#3779 = CARTESIAN_POINT ( 'NONE',  ( 0.000000000000000000, 4.124999999999999112, 2.624999999999999556 ) ) ;
#3780 = ORIENTED_EDGE ( 'NONE', *, *, #4362, .F. ) ;
#3781 = CIRCLE ( 'NONE', #2166, 0.09999999999999975575 ) ;
#3782 = AXIS2_PLACEMENT_3D ( 'NONE', #1377, #1401, #1741 ) ;
#3783 = CARTESIAN_POINT ( 'NONE',  ( 0.000000000000000000, 3.649999999999996803, 1.274999999999999911 ) ) ;
#3784 = FACE_OUTER_BOUND ( 'NONE', #1326, .T. ) ;
#3785 = CYLINDRICAL_SURFACE ( 'NONE', #461, 0.05900000000000010791 ) ;
#3786 = CIRCLE ( 'NONE', #85, 0.1000000000000005745 ) ;
#3787 = ORIENTED_EDGE ( 'NONE', *, *, #1307, .T. ) ;
#3788 = LINE ( 'NONE', #838, #620 ) ;
#3789 = FACE_OUTER_BOUND ( 'NONE', #1190, .T. ) ;
#3790 = CARTESIAN_POINT ( 'NONE',  ( 0.2500000000000000000, 4.599999999999999645, 2.124999999999993783 ) ) ;
#3791 = ADVANCED_FACE ( 'NONE', ( #4609 ), #3440, .F. ) ;
#3792 = VERTEX_POINT ( 'NONE', #1317 ) ;
#3793 = ADVANCED_FACE ( 'NONE', ( #2424 ), #4240, .F. ) ;
#3794 = CARTESIAN_POINT ( 'NONE',  ( 0.2500000000000000000, 1.625000000000000222, 2.498010216963684638 ) ) ;
#3795 = CARTESIAN_POINT ( 'NONE',  ( 0.2500000000000000000, 1.487292127820782683, 3.903128477881510072 ) ) ;
#3796 = DIRECTION ( 'NONE',  ( 0.000000000000000000, 0.000000000000000000, 1.000000000000000000 ) ) ;
#3797 = ORIENTED_EDGE ( 'NONE', *, *, #1523, .T. ) ;
#3798 = CYLINDRICAL_SURFACE ( 'NONE', #4016, 0.1000000000000000194 ) ;
#3799 = EDGE_CURVE ( 'NONE', #2020, #2104, #72, .T. ) ;
#3800 = ORIENTED_EDGE ( 'NONE', *, *, #4057, .T. ) ;
#3801 = CARTESIAN_POINT ( 'NONE',  ( 0.000000000000000000, 6.624999999999999112, 0.1839999999999990254 ) ) ;
#3802 = DIRECTION ( 'NONE',  ( 1.000000000000000000, 0.000000000000000000, 0.000000000000000000 ) ) ;
#3803 = ORIENTED_EDGE ( 'NONE', *, *, #1497, .F. ) ;
#3804 = EDGE_CURVE ( 'NONE', #2271, #2822, #4394, .T. ) ;
#3805 = CARTESIAN_POINT ( 'NONE',  ( 0.000000000000000000, 4.706898539139774407, 6.633050410571259548 ) ) ;
#3806 = CARTESIAN_POINT ( 'NONE',  ( 0.2500000000000000000, 6.249999999999999112, 2.499999999999987121 ) ) ;
#3807 = VECTOR ( 'NONE', #4546, 39.37007874015748143 ) ;
#3808 = ADVANCED_FACE ( 'NONE', ( #3075 ), #1578, .T. ) ;
#3809 = AXIS2_PLACEMENT_3D ( 'NONE', #3032, #1197, #765 ) ;
#3810 = ORIENTED_EDGE ( 'NONE', *, *, #1347, .T. ) ;
#3811 = CARTESIAN_POINT ( 'NONE',  ( 0.000000000000000000, 3.948931663097198452, 6.068089770571259756 ) ) ;
#3812 = DIRECTION ( 'NONE',  ( -1.000000000000000000, -0.000000000000000000, -0.000000000000000000 ) ) ;
#3813 = LINE ( 'NONE', #2508, #4327 ) ;
#3814 = ORIENTED_EDGE ( 'NONE', *, *, #79, .F. ) ;
#3815 = FACE_OUTER_BOUND ( 'NONE', #4681, .T. ) ;
#3816 = DIRECTION ( 'NONE',  ( -1.000000000000000000, -0.000000000000000000, -0.000000000000000000 ) ) ;
#3817 = DIRECTION ( 'NONE',  ( -1.000000000000000000, 0.000000000000000000, 0.000000000000000000 ) ) ;
#3818 = ORIENTED_EDGE ( 'NONE', *, *, #843, .F. ) ;
#3819 = FACE_OUTER_BOUND ( 'NONE', #1495, .T. ) ;
#3820 = AXIS2_PLACEMENT_3D ( 'NONE', #4512, #1198, #4146 ) ;
#3821 = ORIENTED_EDGE ( 'NONE', *, *, #2212, .F. ) ;
#3822 = CIRCLE ( 'NONE', #2279, 0.05900000000000007322 ) ;
#3823 = LINE ( 'NONE', #925, #4519 ) ;
#3824 = DIRECTION ( 'NONE',  ( -1.000000000000000000, -0.000000000000000000, -0.000000000000000000 ) ) ;
#3825 = DIRECTION ( 'NONE',  ( -1.000000000000000000, 0.000000000000000000, 0.000000000000000000 ) ) ;
#3826 = CARTESIAN_POINT ( 'NONE',  ( 0.2500000000000000000, 3.948931663097198452, 6.068089770571259756 ) ) ;
#3827 = ORIENTED_EDGE ( 'NONE', *, *, #3138, .F. ) ;
#3828 = AXIS2_PLACEMENT_3D ( 'NONE', #4525, #2031, #2343 ) ;
#3829 = EDGE_CURVE ( 'NONE', #2340, #322, #524, .T. ) ;
#3830 = CARTESIAN_POINT ( 'NONE',  ( 0.000000000000000000, 3.749999999999990230, 3.460263137648705634 ) ) ;
#3831 = ORIENTED_EDGE ( 'NONE', *, *, #1457, .T. ) ;
#3832 = EDGE_CURVE ( 'NONE', #4653, #2098, #2772, .T. ) ;
#3833 = ORIENTED_EDGE ( 'NONE', *, *, #2238, .F. ) ;
#3834 = DIRECTION ( 'NONE',  ( 0.000000000000000000, -0.2873478855663465503, 0.9578262852211510969 ) ) ;
#3835 = DIRECTION ( 'NONE',  ( 0.000000000000000000, 0.2873478855663463283, 0.9578262852211510969 ) ) ;
#3836 = DIRECTION ( 'NONE',  ( 0.000000000000000000, -1.000000000000000000, 3.756859252994005021E-14 ) ) ;
#3837 = ORIENTED_EDGE ( 'NONE', *, *, #1818, .T. ) ;
#3838 = CARTESIAN_POINT ( 'NONE',  ( 0.000000000000000000, 4.125000000000067502, 6.225570090571221904 ) ) ;
#3839 = DIRECTION ( 'NONE',  ( 0.000000000000000000, 0.000000000000000000, 1.000000000000000000 ) ) ;
#3840 = DIRECTION ( 'NONE',  ( -1.000000000000000000, -0.000000000000000000, -0.000000000000000000 ) ) ;
#3841 = AXIS2_PLACEMENT_3D ( 'NONE', #2685, #4167, #855 ) ;
#3842 = VERTEX_POINT ( 'NONE', #3102 ) ;
#3843 = CARTESIAN_POINT ( 'NONE',  ( 0.000000000000000000, 2.750000000000000888, 2.984908903522902168 ) ) ;
#3844 = EDGE_LOOP ( 'NONE', ( #673, #12 ) ) ;
#3845 = EDGE_CURVE ( 'NONE', #1819, #1071, #4000, .T. ) ;
#3846 = AXIS2_PLACEMENT_3D ( 'NONE', #173, #2324, #3839 ) ;
#3847 = FACE_BOUND ( 'NONE', #3488, .T. ) ;
#3848 = CARTESIAN_POINT ( 'NONE',  ( 0.2500000000000000000, 3.649999999999992362, 0.2500000000000002776 ) ) ;
#3849 = CARTESIAN_POINT ( 'NONE',  ( 0.2500000000000000000, 4.124999999999966249, 1.749999999999833245 ) ) ;
#3850 = DIRECTION ( 'NONE',  ( -1.000000000000000000, -0.000000000000000000, -0.000000000000000000 ) ) ;
#3851 = VERTEX_POINT ( 'NONE', #1990 ) ;
#3852 = CIRCLE ( 'NONE', #4554, 0.06102362000000141617 ) ;
#3853 = AXIS2_PLACEMENT_3D ( 'NONE', #2594, #4074, #2302 ) ;
#3854 = EDGE_CURVE ( 'NONE', #1204, #362, #4231, .T. ) ;
#3855 = VECTOR ( 'NONE', #976, 39.37007874015748143 ) ;
#3856 = VECTOR ( 'NONE', #4018, 39.37007874015748143 ) ;
#3857 = ADVANCED_FACE ( 'NONE', ( #4216 ), #928, .T. ) ;
#3858 = CARTESIAN_POINT ( 'NONE',  ( 0.2500000000000000000, 3.749999999999992450, 0.3499999999999995892 ) ) ;
#3859 = VERTEX_POINT ( 'NONE', #1966 ) ;
#3860 = EDGE_CURVE ( 'NONE', #2297, #957, #3539, .T. ) ;
#3861 = ADVANCED_FACE ( 'NONE', ( #1314 ), #1654, .F. ) ;
#3862 = VECTOR ( 'NONE', #2053, 39.37007874015748143 ) ;
#3863 = EDGE_LOOP ( 'NONE', ( #3944, #3178 ) ) ;
#3864 = CARTESIAN_POINT ( 'NONE',  ( 0.2500000000000000000, 2.156703469180412558, 3.874999999999999556 ) ) ;
#3865 = CARTESIAN_POINT ( 'NONE',  ( 0.2500000000000000000, 1.865596934910894289, 0.6000000000000011990 ) ) ;
#3866 = LINE ( 'NONE', #1272, #3937 ) ;
#3867 = ORIENTED_EDGE ( 'NONE', *, *, #3054, .T. ) ;
#3868 = CARTESIAN_POINT ( 'NONE',  ( 0.2500000000000000000, 3.409031939419718604, 6.474905339539487770 ) ) ;
#3869 = CARTESIAN_POINT ( 'NONE',  ( 0.2500000000000000000, 4.599999999999999645, 5.819066801422758672 ) ) ;
#3870 = DIRECTION ( 'NONE',  ( 0.000000000000000000, 0.000000000000000000, -1.000000000000000000 ) ) ;
#3871 = ORIENTED_EDGE ( 'NONE', *, *, #2703, .T. ) ;
#3872 = FACE_OUTER_BOUND ( 'NONE', #3413, .T. ) ;
#3873 = ORIENTED_EDGE ( 'NONE', *, *, #452, .F. ) ;
#3874 = FACE_BOUND ( 'NONE', #2929, .T. ) ;
#3875 = CARTESIAN_POINT ( 'NONE',  ( 0.2500000000000000000, 3.649999999999999023, 2.224999999999993427 ) ) ;
#3876 = FACE_OUTER_BOUND ( 'NONE', #1503, .T. ) ;
#3877 = CARTESIAN_POINT ( 'NONE',  ( 0.000000000000000000, 2.570000000000001172, 2.499999999999986233 ) ) ;
#3878 = VERTEX_POINT ( 'NONE', #2401 ) ;
#3879 = FACE_OUTER_BOUND ( 'NONE', #2126, .T. ) ;
#3880 = DIRECTION ( 'NONE',  ( -1.000000000000000000, -0.000000000000000000, -0.000000000000000000 ) ) ;
#3881 = ORIENTED_EDGE ( 'NONE', *, *, #1617, .F. ) ;
#3882 = ADVANCED_FACE ( 'NONE', ( #4264 ), #4607, .F. ) ;
#3883 = CC_DESIGN_PERSON_AND_ORGANIZATION_ASSIGNMENT ( #2842, #2868, ( #385 ) ) ;
#3884 = EDGE_CURVE ( 'NONE', #2404, #771, #1240, .T. ) ;
#3885 = ORIENTED_EDGE ( 'NONE', *, *, #4417, .F. ) ;
#3886 = CARTESIAN_POINT ( 'NONE',  ( 0.2500000000000000000, 4.124999999999987566, 6.225570090571260096 ) ) ;
#3887 = CARTESIAN_POINT ( 'NONE',  ( 0.2500000000000000000, 2.850000000000002309, 1.374999999999986455 ) ) ;
#3888 = DIRECTION ( 'NONE',  ( 1.000000000000000000, 0.000000000000000000, 0.000000000000000000 ) ) ;
#3889 = VECTOR ( 'NONE', #3499, 39.37007874015748143 ) ;
#3890 = VERTEX_POINT ( 'NONE', #2756 ) ;
#3891 = DIRECTION ( 'NONE',  ( 0.000000000000000000, 0.000000000000000000, 1.000000000000000000 ) ) ;
#3892 = CARTESIAN_POINT ( 'NONE',  ( 0.2500000000000000000, 3.649999999999998579, 5.819066801422758672 ) ) ;
#3893 = EDGE_LOOP ( 'NONE', ( #4175, #2581 ) ) ;
#3894 = CARTESIAN_POINT ( 'NONE',  ( 0.2500000000000000000, 4.124999999999994671, 6.225570090571260096 ) ) ;
#3895 = ORIENTED_EDGE ( 'NONE', *, *, #2875, .T. ) ;
#3896 = ORIENTED_EDGE ( 'NONE', *, *, #2792, .F. ) ;
#3897 = ORIENTED_EDGE ( 'NONE', *, *, #3439, .F. ) ;
#3898 = LINE ( 'NONE', #3100, #219 ) ;
#3899 = DIRECTION ( 'NONE',  ( 1.000000000000000000, 0.000000000000000000, 0.000000000000000000 ) ) ;
#3900 = CARTESIAN_POINT ( 'NONE',  ( 0.2500000000000000000, 5.499999999999997335, 2.224999999999987654 ) ) ;
#3901 = VERTEX_POINT ( 'NONE', #2805 ) ;
#3903 = VECTOR ( 'NONE', #545, 39.37007874015748143 ) ;
#3902 = DIRECTION ( 'NONE',  ( -1.000000000000000000, 0.000000000000000000, 0.000000000000000000 ) ) ;
#3904 = AXIS2_PLACEMENT_3D ( 'NONE', #1889, #1138, #2832 ) ;
#3905 = VECTOR ( 'NONE', #2698, 39.37007874015748143 ) ;
#3906 = DIRECTION ( 'NONE',  ( 0.000000000000000000, -0.6293205638426194737, -0.7771458215321030982 ) ) ;
#3907 = ORIENTED_EDGE ( 'NONE', *, *, #3382, .F. ) ;
#3908 = CIRCLE ( 'NONE', #1439, 0.1000000000000000194 ) ;
#3909 = EDGE_CURVE ( 'NONE', #1936, #1472, #926, .T. ) ;
#3910 = EDGE_LOOP ( 'NONE', ( #208, #2439, #3192, #2573 ) ) ;
#3911 = LINE ( 'NONE', #3887, #1665 ) ;
#3912 = CARTESIAN_POINT ( 'NONE',  ( 0.2500000000000000000, 3.060593537427334088, 5.845993031711765653 ) ) ;
#3913 = EDGE_CURVE ( 'NONE', #3044, #4471, #3898, .T. ) ;
#3914 = ORIENTED_EDGE ( 'NONE', *, *, #1805, .T. ) ;
#3915 = CARTESIAN_POINT ( 'NONE',  ( 0.000000000000000000, 4.599999999999999645, 2.124999999999993783 ) ) ;
#3916 = DIRECTION ( 'NONE',  ( 1.000000000000000000, 0.000000000000000000, 0.000000000000000000 ) ) ;
#3917 = DIRECTION ( 'NONE',  ( 0.000000000000000000, 0.2873478855663465503, -0.9578262852211509859 ) ) ;
#3918 = EDGE_CURVE ( 'NONE', #1847, #1049, #1988, .T. ) ;
#3919 = ORIENTED_EDGE ( 'NONE', *, *, #3298, .T. ) ;
#3920 = EDGE_CURVE ( 'NONE', #2862, #2641, #3460, .T. ) ;
#3921 = ORIENTED_EDGE ( 'NONE', *, *, #959, .F. ) ;
#3922 = VERTEX_POINT ( 'NONE', #179 ) ;
#3923 = CARTESIAN_POINT ( 'NONE',  ( 0.2500000000000000000, 7.124999999999999112, 3.434000000000000163 ) ) ;
#3924 = CARTESIAN_POINT ( 'NONE',  ( 0.1250000000000000000, 4.124999999999999112, 5.633050410571259548 ) ) ;
#3925 = CARTESIAN_POINT ( 'NONE',  ( 0.000000000000000000, 7.249999999999999112, 3.500000000000000000 ) ) ;
#3926 = ORIENTED_EDGE ( 'NONE', *, *, #3217, .F. ) ;
#3927 = DIRECTION ( 'NONE',  ( -1.000000000000000000, -0.000000000000000000, -0.000000000000000000 ) ) ;
#3928 = AXIS2_PLACEMENT_3D ( 'NONE', #3652, #2881, #4678 ) ;
#3929 = LINE ( 'NONE', #3858, #3903 ) ;
#3930 = ORIENTED_EDGE ( 'NONE', *, *, #1797, .F. ) ;
#3931 = AXIS2_PLACEMENT_3D ( 'NONE', #2288, #2263, #4538 ) ;
#3932 = AXIS2_PLACEMENT_3D ( 'NONE', #3886, #3470, #4515 ) ;
#3933 = AXIS2_PLACEMENT_3D ( 'NONE', #2468, #250, #2155 ) ;
#3934 = ORIENTED_EDGE ( 'NONE', *, *, #2640, .T. ) ;
#3935 = CARTESIAN_POINT ( 'NONE',  ( 0.000000000000000000, 4.301068336902801548, 6.068089770571259756 ) ) ;
#3936 = DIRECTION ( 'NONE',  ( 0.000000000000000000, 0.000000000000000000, 1.000000000000000000 ) ) ;
#3937 = VECTOR ( 'NONE', #1567, 39.37007874015748143 ) ;
#3938 = ORIENTED_EDGE ( 'NONE', *, *, #3589, .T. ) ;
#3939 = AXIS2_PLACEMENT_3D ( 'NONE', #2700, #4569, #3109 ) ;
#3940 = LINE ( 'NONE', #1356, #4543 ) ;
#3941 = DIRECTION ( 'NONE',  ( -1.000000000000000000, -0.000000000000000000, -0.000000000000000000 ) ) ;
#3942 = DIRECTION ( 'NONE',  ( -1.000000000000000000, -0.000000000000000000, -0.000000000000000000 ) ) ;
#3943 = EDGE_CURVE ( 'NONE', #2418, #3890, #2038, .T. ) ;
#3944 = ORIENTED_EDGE ( 'NONE', *, *, #1996, .F. ) ;
#3945 = EDGE_CURVE ( 'NONE', #2462, #2617, #909, .T. ) ;
#3946 = EDGE_LOOP ( 'NONE', ( #3447, #3527, #4101, #251 ) ) ;
#3947 = VERTEX_POINT ( 'NONE', #901 ) ;
#3948 = CARTESIAN_POINT ( 'NONE',  ( 0.2500000000000000000, 6.529217371477883169, 1.530724571592945615 ) ) ;
#3949 = PLANE ( 'NONE',  #116 ) ;
#3950 = DIRECTION ( 'NONE',  ( 0.000000000000000000, 0.000000000000000000, 1.000000000000000000 ) ) ;
#3951 = ORIENTED_EDGE ( 'NONE', *, *, #786, .T. ) ;
#3952 = CARTESIAN_POINT ( 'NONE',  ( 0.2500000000000000000, 3.060593537427334088, 5.907016651711765043 ) ) ;
#3953 = CARTESIAN_POINT ( 'NONE',  ( 0.2500000000000000000, 4.774519052838324562, 1.374999999999993339 ) ) ;
#3954 = ORIENTED_EDGE ( 'NONE', *, *, #4350, .T. ) ;
#3955 = ORIENTED_EDGE ( 'NONE', *, *, #4570, .T. ) ;
#3956 = CARTESIAN_POINT ( 'NONE',  ( 0.000000000000000000, 6.961379563433009565, 0.7287347885566355377 ) ) ;
#3957 = APPROVAL_ROLE ( '' ) ;
#3958 = DIRECTION ( 'NONE',  ( 0.000000000000000000, 0.000000000000000000, 1.000000000000000000 ) ) ;
#3959 = DIRECTION ( 'NONE',  ( 0.000000000000000000, 1.000000000000000000, 0.000000000000000000 ) ) ;
#3960 = VERTEX_POINT ( 'NONE', #1682 ) ;
#3961 = DIRECTION ( 'NONE',  ( 0.000000000000000000, 0.000000000000000000, -1.000000000000000000 ) ) ;
#3962 = CARTESIAN_POINT ( 'NONE',  ( 0.2500000000000000000, 3.649999999999998579, 5.919066801422759205 ) ) ;
#3963 = CARTESIAN_POINT ( 'NONE',  ( 0.2500000000000000000, 2.850000000000002309, 1.274999999999986811 ) ) ;
#3964 = VECTOR ( 'NONE', #1479, 39.37007874015748143 ) ;
#3965 = ORIENTED_EDGE ( 'NONE', *, *, #1323, .F. ) ;
#3966 = ORIENTED_EDGE ( 'NONE', *, *, #4153, .T. ) ;
#3967 = CIRCLE ( 'NONE', #881, 0.09999999999998090972 ) ;
#3968 = ORIENTED_EDGE ( 'NONE', *, *, #3531, .F. ) ;
#3969 = DIRECTION ( 'NONE',  ( -1.000000000000000000, -0.000000000000000000, -0.000000000000000000 ) ) ;
#3970 = LINE ( 'NONE', #3359, #1745 ) ;
#3971 = PLANE ( 'NONE',  #2515 ) ;
#3972 = ORIENTED_EDGE ( 'NONE', *, *, #1307, .F. ) ;
#3973 = CARTESIAN_POINT ( 'NONE',  ( 0.2500000000000000000, 2.850000000000002753, 0.5150910964771503453 ) ) ;
#3974 = EDGE_CURVE ( 'NONE', #4776, #568, #3615, .T. ) ;
#3975 = VECTOR ( 'NONE', #335, 39.37007874015748143 ) ;
#3976 = VECTOR ( 'NONE', #3201, 39.37007874015748854 ) ;
#3977 = ORIENTED_EDGE ( 'NONE', *, *, #3245, .T. ) ;
#3978 = EDGE_CURVE ( 'NONE', #2828, #3427, #1150, .T. ) ;
#3979 = AXIS2_PLACEMENT_3D ( 'NONE', #1418, #4053, #2192 ) ;
#3980 = AXIS2_PLACEMENT_3D ( 'NONE', #3585, #45, #306 ) ;
#3981 = CARTESIAN_POINT ( 'NONE',  ( 0.2500000000000000000, 2.750000000000000888, 2.984908903522902168 ) ) ;
#3982 = CARTESIAN_POINT ( 'NONE',  ( 0.2500000000000000000, 3.749999999999996003, 2.955718913883070176 ) ) ;
#3983 = FACE_OUTER_BOUND ( 'NONE', #1864, .T. ) ;
#3984 = AXIS2_PLACEMENT_3D ( 'NONE', #1778, #4704, #2833 ) ;
#3985 = VERTEX_POINT ( 'NONE', #3848 ) ;
#3986 = ORIENTED_EDGE ( 'NONE', *, *, #1146, .T. ) ;
#3987 = VECTOR ( 'NONE', #3941, 39.37007874015748143 ) ;
#3988 = DIRECTION ( 'NONE',  ( 0.000000000000000000, 1.000000000000000000, 0.000000000000000000 ) ) ;
#3989 = DIRECTION ( 'NONE',  ( -1.000000000000000000, -0.000000000000000000, -0.000000000000000000 ) ) ;
#3990 = CARTESIAN_POINT ( 'NONE',  ( 0.000000000000000000, 6.961379563433009565, 3.271265211443364240 ) ) ;
#3991 = VERTEX_POINT ( 'NONE', #3437 ) ;
#3992 = ORIENTED_EDGE ( 'NONE', *, *, #2208, .T. ) ;
#3993 = ORIENTED_EDGE ( 'NONE', *, *, #4722, .T. ) ;
#3994 = CYLINDRICAL_SURFACE ( 'NONE', #1610, 0.2499999999999998057 ) ;
#3995 = DIRECTION ( 'NONE',  ( -1.000000000000000000, 0.000000000000000000, 0.000000000000000000 ) ) ;
#3996 = EDGE_LOOP ( 'NONE', ( #2878, #312, #895, #25 ) ) ;
#3997 = DIRECTION ( 'NONE',  ( -1.000000000000000000, -0.000000000000000000, -0.000000000000000000 ) ) ;
#3998 = EDGE_CURVE ( 'NONE', #2226, #4654, #3150, .T. ) ;
#3999 = ORIENTED_EDGE ( 'NONE', *, *, #1449, .T. ) ;
#4000 = CIRCLE ( 'NONE', #3306, 0.06102362000000032677 ) ;
#4001 = EDGE_CURVE ( 'NONE', #4753, #624, #2015, .T. ) ;
#4002 = ADVANCED_FACE ( 'NONE', ( #1606 ), #3073, .F. ) ;
#4003 = VECTOR ( 'NONE', #2655, 39.37007874015748143 ) ;
#4004 = DIRECTION ( 'NONE',  ( -0.000000000000000000, 1.000000000000000000, 2.156980644126815069E-15 ) ) ;
#4005 = DIRECTION ( 'NONE',  ( -1.000000000000000000, 0.000000000000000000, 0.000000000000000000 ) ) ;
#4006 = EDGE_CURVE ( 'NONE', #680, #2271, #4580, .T. ) ;
#4007 = DIRECTION ( 'NONE',  ( 0.000000000000000000, 0.000000000000000000, -1.000000000000000000 ) ) ;
#4008 = ADVANCED_FACE ( 'NONE', ( #4213 ), #2567, .F. ) ;
#4009 = AXIS2_PLACEMENT_3D ( 'NONE', #3703, #4093, #777 ) ;
#4010 = AXIS2_PLACEMENT_3D ( 'NONE', #3644, #4305, #2536 ) ;
#4011 = AXIS2_PLACEMENT_3D ( 'NONE', #2548, #1757, #3567 ) ;
#4012 = ORIENTED_EDGE ( 'NONE', *, *, #4219, .F. ) ;
#4013 = ORIENTED_EDGE ( 'NONE', *, *, #4001, .T. ) ;
#4014 = CARTESIAN_POINT ( 'NONE',  ( 0.2500000000000000000, 4.499999999999999112, 3.975000000000000533 ) ) ;
#4015 = VECTOR ( 'NONE', #2422, 39.37007874015748143 ) ;
#4016 = AXIS2_PLACEMENT_3D ( 'NONE', #1962, #3504, #101 ) ;
#4017 = LINE ( 'NONE', #2586, #3055 ) ;
#4018 = DIRECTION ( 'NONE',  ( -1.000000000000000000, -0.000000000000000000, -0.000000000000000000 ) ) ;
#4019 = ORIENTED_EDGE ( 'NONE', *, *, #2554, .T. ) ;
#4020 = VECTOR ( 'NONE', #3262, 39.37007874015748143 ) ;
#4021 = ORIENTED_EDGE ( 'NONE', *, *, #289, .F. ) ;
#4022 = DIRECTION ( 'NONE',  ( -1.000000000000000000, 0.000000000000000000, 0.000000000000000000 ) ) ;
#4023 = FACE_OUTER_BOUND ( 'NONE', #1061, .T. ) ;
#4024 = DIRECTION ( 'NONE',  ( -1.000000000000000000, -0.000000000000000000, -0.000000000000000000 ) ) ;
#4025 = AXIS2_PLACEMENT_3D ( 'NONE', #4043, #4022, #2544 ) ;
#4026 = ORIENTED_EDGE ( 'NONE', *, *, #2411, .T. ) ;
#4027 = DIRECTION ( 'NONE',  ( 1.000000000000000000, 0.000000000000000000, 0.000000000000000000 ) ) ;
#4028 = EDGE_CURVE ( 'NONE', #2483, #4728, #1220, .T. ) ;
#4029 = DIRECTION ( 'NONE',  ( -1.000000000000000000, -0.000000000000000000, -0.000000000000000000 ) ) ;
#4030 = ORIENTED_EDGE ( 'NONE', *, *, #898, .F. ) ;
#4031 = EDGE_CURVE ( 'NONE', #680, #3842, #304, .T. ) ;
#4032 = DIRECTION ( 'NONE',  ( 0.000000000000000000, 0.000000000000000000, 1.000000000000000000 ) ) ;
#4033 = CARTESIAN_POINT ( 'NONE',  ( 0.2500000000000000000, 4.600000000000000533, 3.875000000000000000 ) ) ;
#4034 = LINE ( 'NONE', #1158, #1862 ) ;
#4035 = ADVANCED_FACE ( 'NONE', ( #2161 ), #3200, .T. ) ;
#4036 = ORIENTED_EDGE ( 'NONE', *, *, #4099, .F. ) ;
#4037 = EDGE_LOOP ( 'NONE', ( #1482, #2540, #2035, #4643, #4051, #796, #3224 ) ) ;
#4038 = LINE ( 'NONE', #722, #311 ) ;
#4039 = LINE ( 'NONE', #1837, #2318 ) ;
#4040 = DIRECTION ( 'NONE',  ( 0.000000000000000000, 0.000000000000000000, 1.000000000000000000 ) ) ;
#4041 = ORIENTED_EDGE ( 'NONE', *, *, #407, .F. ) ;
#4042 = ORIENTED_EDGE ( 'NONE', *, *, #837, .T. ) ;
#4043 = CARTESIAN_POINT ( 'NONE',  ( 0.2500000000000000000, 5.679999999999999716, 2.499999999999986233 ) ) ;
#4044 = FACE_BOUND ( 'NONE', #4614, .T. ) ;
#4045 = CARTESIAN_POINT ( 'NONE',  ( 0.2500000000000000000, 2.000000000000000888, 2.558999999999987285 ) ) ;
#4046 = VERTEX_POINT ( 'NONE', #277 ) ;
#4047 = CARTESIAN_POINT ( 'NONE',  ( 0.2500000000000000000, 4.599999999999999645, 5.819066801422758672 ) ) ;
#4048 = VERTEX_POINT ( 'NONE', #1047 ) ;
#4049 = AXIS2_PLACEMENT_3D ( 'NONE', #2552, #1034, #1399 ) ;
#4050 = LINE ( 'NONE', #4077, #3736 ) ;
#4051 = ORIENTED_EDGE ( 'NONE', *, *, #1882, .F. ) ;
#4052 = DIRECTION ( 'NONE',  ( 0.000000000000000000, 1.000000000000000000, 0.000000000000000000 ) ) ;
#4053 = DIRECTION ( 'NONE',  ( 1.000000000000000000, 0.000000000000000000, 0.000000000000000000 ) ) ;
#4054 = DIRECTION ( 'NONE',  ( 1.000000000000000000, 0.000000000000000000, 0.000000000000000000 ) ) ;
#4055 = CIRCLE ( 'NONE', #4517, 0.05899999999999996914 ) ;
#4056 = CIRCLE ( 'NONE', #4446, 0.1000000000000000194 ) ;
#4057 = EDGE_CURVE ( 'NONE', #2505, #2922, #4702, .T. ) ;
#4058 = ORIENTED_EDGE ( 'NONE', *, *, #431, .T. ) ;
#4059 = VERTEX_POINT ( 'NONE', #2545 ) ;
#4060 = DIRECTION ( 'NONE',  ( -1.000000000000000000, -0.000000000000000000, -0.000000000000000000 ) ) ;
#4061 = CIRCLE ( 'NONE', #1516, 1.874999999999999778 ) ;
#4062 = CARTESIAN_POINT ( 'NONE',  ( 0.2500000000000000000, 4.499999999999996447, 1.100480947161670109 ) ) ;
#4063 = CARTESIAN_POINT ( 'NONE',  ( 0.000000000000000000, 5.499999999999997335, 1.274999999999985922 ) ) ;
#4064 = ADVANCED_FACE ( 'NONE', ( #638 ), #3632, .F. ) ;
#4065 = EDGE_LOOP ( 'NONE', ( #827, #2680, #1434, #3307 ) ) ;
#4066 = AXIS2_PLACEMENT_3D ( 'NONE', #2058, #4331, #2491 ) ;
#4067 = EDGE_CURVE ( 'NONE', #2488, #2817, #1800, .T. ) ;
#4068 = EDGE_LOOP ( 'NONE', ( #1487, #1539 ) ) ;
#4069 = DIRECTION ( 'NONE',  ( 0.000000000000000000, 0.000000000000000000, -1.000000000000000000 ) ) ;
#4070 = CYLINDRICAL_SURFACE ( 'NONE', #3158, 0.05900000000000007322 ) ;
#4071 = CARTESIAN_POINT ( 'NONE',  ( 0.2500000000000000000, 4.124999999999994671, 6.225570090571260096 ) ) ;
#4072 = ORIENTED_EDGE ( 'NONE', *, *, #3241, .T. ) ;
#4073 = ADVANCED_FACE ( 'NONE', ( #4023 ), #4358, .T. ) ;
#4074 = DIRECTION ( 'NONE',  ( 1.000000000000000000, 0.000000000000000000, 0.000000000000000000 ) ) ;
#4075 = EDGE_CURVE ( 'NONE', #1947, #1573, #4311, .T. ) ;
#4076 = ORIENTED_EDGE ( 'NONE', *, *, #2212, .T. ) ;
#4077 = CARTESIAN_POINT ( 'NONE',  ( 0.2500000000000000000, 6.529217371477883169, 1.530724571592945615 ) ) ;
#4078 = PERSON_AND_ORGANIZATION ( #270, #3620 ) ;
#4079 = VERTEX_POINT ( 'NONE', #2111 ) ;
#4080 = CARTESIAN_POINT ( 'NONE',  ( 0.000000000000000000, 4.494999999999854445, 2.625000000000123901 ) ) ;
#4081 = CYLINDRICAL_SURFACE ( 'NONE', #3209, 0.04921259842519672134 ) ;
#4082 = CARTESIAN_POINT ( 'NONE',  ( 0.2500000000000000000, 6.288620436566989547, 0.7287347885566355377 ) ) ;
#4083 = VECTOR ( 'NONE', #2464, 39.37007874015748854 ) ;
#4084 = EDGE_LOOP ( 'NONE', ( #4163, #3999 ) ) ;
#4085 = ORIENTED_EDGE ( 'NONE', *, *, #4417, .T. ) ;
#4086 = LINE ( 'NONE', #793, #3696 ) ;
#4087 = DIRECTION ( 'NONE',  ( -1.000000000000000000, -0.000000000000000000, -0.000000000000000000 ) ) ;
#4088 = DIRECTION ( 'NONE',  ( 0.000000000000000000, 0.000000000000000000, 1.000000000000000000 ) ) ;
#4089 = AXIS2_PLACEMENT_3D ( 'NONE', #3204, #258, #1050 ) ;
#4090 = ORIENTED_EDGE ( 'NONE', *, *, #136, .F. ) ;
#4091 = SECURITY_CLASSIFICATION ( '', '', #4324 ) ;
#4092 = AXIS2_PLACEMENT_3D ( 'NONE', #1236, #2708, #4184 ) ;
#4093 = DIRECTION ( 'NONE',  ( 1.000000000000000000, 0.000000000000000000, 0.000000000000000000 ) ) ;
#4094 = FACE_BOUND ( 'NONE', #2774, .T. ) ;
#4095 = CARTESIAN_POINT ( 'NONE',  ( 0.000000000000000000, 6.288620436566989547, 3.271265211443364240 ) ) ;
#4096 = ORIENTED_EDGE ( 'NONE', *, *, #4126, .T. ) ;
#4097 = CARTESIAN_POINT ( 'NONE',  ( 0.2500000000000000000, 1.625000000000000888, 0.1250000000000000000 ) ) ;
#4098 = EDGE_CURVE ( 'NONE', #2988, #3859, #3625, .T. ) ;
#4099 = EDGE_CURVE ( 'NONE', #2900, #1819, #1001, .T. ) ;
#4100 = ADVANCED_FACE ( 'NONE', ( #1752 ), #3994, .F. ) ;
#4101 = ORIENTED_EDGE ( 'NONE', *, *, #4781, .T. ) ;
#4102 = EDGE_CURVE ( 'NONE', #4150, #3630, #1068, .T. ) ;
#4103 = DIRECTION ( 'NONE',  ( 0.000000000000000000, 0.000000000000000000, -1.000000000000000000 ) ) ;
#4104 = ORIENTED_EDGE ( 'NONE', *, *, #1200, .T. ) ;
#4105 = DIRECTION ( 'NONE',  ( -1.000000000000000000, -0.000000000000000000, -0.000000000000000000 ) ) ;
#4106 = PLANE ( 'NONE',  #1043 ) ;
#4107 = DIRECTION ( 'NONE',  ( 1.000000000000000000, 0.000000000000000000, 0.000000000000000000 ) ) ;
#4108 = ORIENTED_EDGE ( 'NONE', *, *, #1449, .F. ) ;
#4109 = CARTESIAN_POINT ( 'NONE',  ( 0.2500000000000000000, 3.749999999999999112, 5.819066801422758672 ) ) ;
#4110 = DIRECTION ( 'NONE',  ( 0.000000000000000000, -0.2873478855663465503, 0.9578262852211510969 ) ) ;
#4111 = PLANE ( 'NONE',  #2906 ) ;
#4112 = ORIENTED_EDGE ( 'NONE', *, *, #95, .T. ) ;
#4113 = DIRECTION ( 'NONE',  ( -1.000000000000000000, -0.000000000000000000, -0.000000000000000000 ) ) ;
#4114 = FACE_BOUND ( 'NONE', #308, .T. ) ;
#4115 = CYLINDRICAL_SURFACE ( 'NONE', #1129, 0.2362204700000039570 ) ;
#4116 = ORIENTED_EDGE ( 'NONE', *, *, #2458, .T. ) ;
#4117 = CARTESIAN_POINT ( 'NONE',  ( 0.2500000000000000000, 2.850000000000002309, 1.374999999999986455 ) ) ;
#4118 = ORIENTED_EDGE ( 'NONE', *, *, #4391, .F. ) ;
#4119 = PLANE ( 'NONE',  #2119 ) ;
#4120 = VERTEX_POINT ( 'NONE', #3293 ) ;
#4121 = AXIS2_PLACEMENT_3D ( 'NONE', #2367, #1598, #1980 ) ;
#4122 = AXIS2_PLACEMENT_3D ( 'NONE', #3030, #1512, #4103 ) ;
#4123 = DIRECTION ( 'NONE',  ( -1.000000000000000000, 0.000000000000000000, 0.000000000000000000 ) ) ;
#4124 = CYLINDRICAL_SURFACE ( 'NONE', #3433, 0.1000000000000000194 ) ;
#4125 = LINE ( 'NONE', #233, #2690 ) ;
#4126 = EDGE_CURVE ( 'NONE', #53, #2511, #2184, .T. ) ;
#4127 = ORIENTED_EDGE ( 'NONE', *, *, #520, .F. ) ;
#4128 = DIRECTION ( 'NONE',  ( 0.000000000000000000, 0.000000000000000000, 1.000000000000000000 ) ) ;
#4129 = CARTESIAN_POINT ( 'NONE',  ( 0.000000000000000000, 4.599999999999999645, 2.224999999999993872 ) ) ;
#4130 = AXIS2_PLACEMENT_3D ( 'NONE', #4537, #3466, #3376 ) ;
#4131 = CARTESIAN_POINT ( 'NONE',  ( 0.000000000000000000, 6.624999999999999112, 0.1249999999999989592 ) ) ;
#4132 = AXIS2_PLACEMENT_3D ( 'NONE', #591, #4558, #180 ) ;
#4133 = VECTOR ( 'NONE', #1400, 39.37007874015748143 ) ;
#4134 = ORIENTED_EDGE ( 'NONE', *, *, #605, .F. ) ;
#4135 = CIRCLE ( 'NONE', #1973, 0.05899999999999996914 ) ;
#4136 = DIRECTION ( 'NONE',  ( 0.000000000000000000, 0.000000000000000000, 1.000000000000000000 ) ) ;
#4137 = DIRECTION ( 'NONE',  ( 0.000000000000000000, 0.000000000000000000, 1.000000000000000000 ) ) ;
#4138 = FACE_OUTER_BOUND ( 'NONE', #2121, .T. ) ;
#4139 = ORIENTED_EDGE ( 'NONE', *, *, #2554, .F. ) ;
#4140 = PLANE ( 'NONE',  #4320 ) ;
#4141 = VECTOR ( 'NONE', #324, 39.37007874015748143 ) ;
#4142 = ORIENTED_EDGE ( 'NONE', *, *, #735, .F. ) ;
#4143 = FACE_BOUND ( 'NONE', #3064, .T. ) ;
#4144 = ORIENTED_EDGE ( 'NONE', *, *, #1882, .T. ) ;
#4145 = DIRECTION ( 'NONE',  ( -1.000000000000000000, -0.000000000000000000, -0.000000000000000000 ) ) ;
#4146 = DIRECTION ( 'NONE',  ( 0.000000000000000000, 0.000000000000000000, -1.000000000000000000 ) ) ;
#4147 = DIRECTION ( 'NONE',  ( 0.000000000000000000, -4.368155653778267016E-15, -1.000000000000000000 ) ) ;
#4148 = EDGE_CURVE ( 'NONE', #3282, #2686, #3773, .T. ) ;
#4149 = EDGE_CURVE ( 'NONE', #3232, #3720, #226, .T. ) ;
#4150 = VERTEX_POINT ( 'NONE', #3562 ) ;
#4151 =( LENGTH_UNIT ( ) NAMED_UNIT ( * ) SI_UNIT ( $, .METRE. ) );
#4152 = DIRECTION ( 'NONE',  ( 0.000000000000000000, 0.9578262852211510969, -0.2873478855663466058 ) ) ;
#4153 = EDGE_CURVE ( 'NONE', #4416, #1628, #254, .T. ) ;
#4154 = CARTESIAN_POINT ( 'NONE',  ( 0.2500000000000000000, 7.124999999999999112, 3.375000000000000000 ) ) ;
#4155 = AXIS2_PLACEMENT_3D ( 'NONE', #228, #2350, #4189 ) ;
#4156 = ORIENTED_EDGE ( 'NONE', *, *, #2194, .T. ) ;
#4157 = CARTESIAN_POINT ( 'NONE',  ( 0.000000000000000000, 6.529217371477883169, 1.530724571592945615 ) ) ;
#4158 = DIRECTION ( 'NONE',  ( 0.000000000000000000, -1.000000000000000000, 0.000000000000000000 ) ) ;
#4159 = VECTOR ( 'NONE', #2896, 39.37007874015748143 ) ;
#4160 = CYLINDRICAL_SURFACE ( 'NONE', #1133, 0.1000000000000000194 ) ;
#4161 = ORIENTED_EDGE ( 'NONE', *, *, #3522, .F. ) ;
#4162 = LINE ( 'NONE', #3432, #3010 ) ;
#4163 = ORIENTED_EDGE ( 'NONE', *, *, #3059, .T. ) ;
#4164 = AXIS2_PLACEMENT_3D ( 'NONE', #1137, #2650, #2606 ) ;
#4165 = VECTOR ( 'NONE', #111, 39.37007874015748143 ) ;
#4166 = FACE_BOUND ( 'NONE', #547, .T. ) ;
#4167 = DIRECTION ( 'NONE',  ( 1.000000000000000000, 0.000000000000000000, 0.000000000000000000 ) ) ;
#4168 = ORIENTED_EDGE ( 'NONE', *, *, #224, .T. ) ;
#4169 = VECTOR ( 'NONE', #610, 39.37007874015748143 ) ;
#4170 = EDGE_CURVE ( 'NONE', #1192, #2730, #3341, .T. ) ;
#4171 = VECTOR ( 'NONE', #38, 39.37007874015748143 ) ;
#4172 = CARTESIAN_POINT ( 'NONE',  ( 0.2500393700787401641, 3.060593537427334088, 5.845993031711765653 ) ) ;
#4173 = DIRECTION ( 'NONE',  ( -1.000000000000000000, 0.000000000000000000, 0.000000000000000000 ) ) ;
#4174 = EDGE_CURVE ( 'NONE', #3374, #3947, #76, .T. ) ;
#4175 = ORIENTED_EDGE ( 'NONE', *, *, #1951, .F. ) ;
#4176 = CARTESIAN_POINT ( 'NONE',  ( 0.2500000000000000000, 1.125000000000000666, 0.06600000000000003086 ) ) ;
#4177 = CARTESIAN_POINT ( 'NONE',  ( 0.2500000000000000000, 6.529217371477883169, 1.530724571592945615 ) ) ;
#4178 = DIRECTION ( 'NONE',  ( 0.000000000000000000, 0.000000000000000000, 1.000000000000000000 ) ) ;
#4179 = ORIENTED_EDGE ( 'NONE', *, *, #1424, .F. ) ;
#4180 = DIRECTION ( 'NONE',  ( -1.000000000000000000, -0.000000000000000000, -0.000000000000000000 ) ) ;
#4181 = LINE ( 'NONE', #3500, #1073 ) ;
#4182 = CARTESIAN_POINT ( 'NONE',  ( 0.000000000000000000, 5.679999999999999716, 2.440999999999986514 ) ) ;
#4183 = ORIENTED_EDGE ( 'NONE', *, *, #516, .T. ) ;
#4184 = DIRECTION ( 'NONE',  ( 0.000000000000000000, 0.000000000000000000, 1.000000000000000000 ) ) ;
#4185 = ADVANCED_FACE ( 'NONE', ( #1916 ), #2997, .F. ) ;
#4186 = ORIENTED_EDGE ( 'NONE', *, *, #2815, .F. ) ;
#4187 = DIMENSIONAL_EXPONENTS ( 1.000000000000000000, 0.000000000000000000, 0.000000000000000000, 0.000000000000000000, 0.000000000000000000, 0.000000000000000000, 0.000000000000000000 ) ;
#4188 = CARTESIAN_POINT ( 'NONE',  ( 0.2500000000000000000, 5.399999999999997691, 1.274999999999986811 ) ) ;
#4189 = DIRECTION ( 'NONE',  ( 0.000000000000000000, 0.000000000000000000, 1.000000000000000000 ) ) ;
#4190 = CARTESIAN_POINT ( 'NONE',  ( 0.000000000000000000, 5.471830985915490331, 0.4455187638843141618 ) ) ;
#4191 = DIRECTION ( 'NONE',  ( -1.000000000000000000, -0.000000000000000000, -0.000000000000000000 ) ) ;
#4192 = ORIENTED_EDGE ( 'NONE', *, *, #3854, .T. ) ;
#4193 = LINE ( 'NONE', #2625, #2738 ) ;
#4194 = VERTEX_POINT ( 'NONE', #3021 ) ;
#4195 = AXIS2_PLACEMENT_3D ( 'NONE', #314, #4735, #3638 ) ;
#4196 = AXIS2_PLACEMENT_3D ( 'NONE', #4172, #2332, #496 ) ;
#4197 = ORIENTED_EDGE ( 'NONE', *, *, #4694, .T. ) ;
#4198 = DIRECTION ( 'NONE',  ( -1.000000000000000000, -0.000000000000000000, -0.000000000000000000 ) ) ;
#4199 = DIRECTION ( 'NONE',  ( -1.000000000000000000, -0.000000000000000000, -0.000000000000000000 ) ) ;
#4200 = DIRECTION ( 'NONE',  ( -0.000000000000000000, -0.000000000000000000, 1.000000000000000000 ) ) ;
#4201 = EDGE_CURVE ( 'NONE', #2494, #2982, #2950, .T. ) ;
#4202 = ORIENTED_EDGE ( 'NONE', *, *, #2501, .F. ) ;
#4203 = CARTESIAN_POINT ( 'NONE',  ( 0.2500000000000000000, 6.171011112972796475, 4.037932056384262225 ) ) ;
#4204 = CARTESIAN_POINT ( 'NONE',  ( 0.2500000000000000000, 3.649999999999999023, 2.124999999999993783 ) ) ;
#4205 = CARTESIAN_POINT ( 'NONE',  ( 0.2500000000000000000, 4.600000000000000533, 1.374999999999993339 ) ) ;
#4206 = ORIENTED_EDGE ( 'NONE', *, *, #520, .T. ) ;
#4207 = CARTESIAN_POINT ( 'NONE',  ( 0.2500000000000000000, 3.749999999999999112, 2.224999999999993427 ) ) ;
#4208 = CIRCLE ( 'NONE', #3820, 0.04999999999999973910 ) ;
#4209 = ADVANCED_FACE ( 'NONE', ( #2299 ), #1118, .F. ) ;
#4210 = ORIENTED_EDGE ( 'NONE', *, *, #1604, .F. ) ;
#4211 = AXIS2_PLACEMENT_3D ( 'NONE', #1758, #4318, #237 ) ;
#4212 = CARTESIAN_POINT ( 'NONE',  ( 0.2500000000000000000, 4.500000000000000888, 1.274999999999995248 ) ) ;
#4213 = FACE_OUTER_BOUND ( 'NONE', #269, .T. ) ;
#4214 = EDGE_CURVE ( 'NONE', #803, #1204, #2591, .T. ) ;
#4215 = CARTESIAN_POINT ( 'NONE',  ( 0.2500000000000000000, 6.384403065089105489, 3.399999999999999911 ) ) ;
#4216 = FACE_OUTER_BOUND ( 'NONE', #103, .T. ) ;
#4217 = CIRCLE ( 'NONE', #973, 0.09999999999998090972 ) ;
#4218 = EDGE_LOOP ( 'NONE', ( #929, #543, #1011, #1046 ) ) ;
#4219 = EDGE_CURVE ( 'NONE', #1363, #529, #2974, .T. ) ;
#4220 = AXIS2_PLACEMENT_3D ( 'NONE', #1234, #2706, #3454 ) ;
#4221 = CYLINDRICAL_SURFACE ( 'NONE', #968, 0.05900000000000010791 ) ;
#4222 = EDGE_LOOP ( 'NONE', ( #1209, #1695, #1812, #1120, #2659, #3683 ) ) ;
#4223 = ORIENTED_EDGE ( 'NONE', *, *, #2725, .F. ) ;
#4224 = DIRECTION ( 'NONE',  ( 0.000000000000000000, 0.000000000000000000, 1.000000000000000000 ) ) ;
#4225 = DIRECTION ( 'NONE',  ( 1.000000000000000000, 0.000000000000000000, -0.000000000000000000 ) ) ;
#4226 = DIRECTION ( 'NONE',  ( 0.000000000000000000, 0.000000000000000000, 1.000000000000000000 ) ) ;
#4227 = EDGE_LOOP ( 'NONE', ( #2445, #2220, #363, #1564 ) ) ;
#4228 = CARTESIAN_POINT ( 'NONE',  ( 0.2500000000000000000, 1.625000000000000222, 1.501989783036315140 ) ) ;
#4229 = FACE_OUTER_BOUND ( 'NONE', #1899, .T. ) ;
#4230 = DIRECTION ( 'NONE',  ( 0.000000000000000000, 0.000000000000000000, 1.000000000000000000 ) ) ;
#4231 = CIRCLE ( 'NONE', #2149, 0.05900000000000010791 ) ;
#4232 = EDGE_LOOP ( 'NONE', ( #3827, #1065, #191, #2247 ) ) ;
#4233 = DIRECTION ( 'NONE',  ( -1.000000000000000000, -0.000000000000000000, -0.000000000000000000 ) ) ;
#4234 = ORIENTED_EDGE ( 'NONE', *, *, #2284, .F. ) ;
#4235 = CIRCLE ( 'NONE', #692, 0.06102362000000032677 ) ;
#4236 = FACE_BOUND ( 'NONE', #4068, .T. ) ;
#4237 = CARTESIAN_POINT ( 'NONE',  ( 0.2500000000000000000, 6.093296530819586110, 3.875000000000000000 ) ) ;
#4238 = DIRECTION ( 'NONE',  ( 1.000000000000000000, 0.000000000000000000, 0.000000000000000000 ) ) ;
#4239 = ADVANCED_FACE ( 'NONE', ( #2254 ), #4070, .F. ) ;
#4240 = CYLINDRICAL_SURFACE ( 'NONE', #1690, 0.09999999999998090972 ) ;
#4241 = ORIENTED_EDGE ( 'NONE', *, *, #669, .T. ) ;
#4242 = LINE ( 'NONE', #2405, #1387 ) ;
#4243 = EDGE_CURVE ( 'NONE', #466, #126, #3772, .T. ) ;
#4244 = CIRCLE ( 'NONE', #2925, 0.5000000000000001110 ) ;
#4245 = ADVANCED_FACE ( 'NONE', ( #4044, #2205, #730, #3704, #397, #1872, #415, #4481, #1167, #98, #1507, #4459, #1570, #2612, #3679, #1143, #4094, #3042, #1187, #443, #3366, #51, #4524, #2634, #4114, #369, #1842, #5, #942 ), #848, .T. ) ;
#4246 = AXIS2_PLACEMENT_3D ( 'NONE', #3271, #2473, #347 ) ;
#4247 = VECTOR ( 'NONE', #828, 39.37007874015748143 ) ;
#4248 = DIRECTION ( 'NONE',  ( 0.000000000000000000, 0.000000000000000000, 1.000000000000000000 ) ) ;
#4249 = EDGE_LOOP ( 'NONE', ( #252, #685, #4144, #2258 ) ) ;
#4250 = VECTOR ( 'NONE', #460, 39.37007874015748143 ) ;
#4251 = ORIENTED_EDGE ( 'NONE', *, *, #519, .T. ) ;
#4252 = FACE_OUTER_BOUND ( 'NONE', #1870, .T. ) ;
#4253 = CARTESIAN_POINT ( 'NONE',  ( 0.000000000000000000, 6.865596934910894511, 3.299999999999999822 ) ) ;
#4254 = CIRCLE ( 'NONE', #2936, 0.1000000000000000194 ) ;
#4255 = DIRECTION ( 'NONE',  ( 0.000000000000000000, 0.000000000000000000, 1.000000000000000000 ) ) ;
#4256 = VERTEX_POINT ( 'NONE', #579 ) ;
#4257 = CARTESIAN_POINT ( 'NONE',  ( 0.2500000000000000000, 3.749999999999998668, 5.819066801422758672 ) ) ;
#4258 = DIRECTION ( 'NONE',  ( -1.000000000000000000, 0.000000000000000000, 0.000000000000000000 ) ) ;
#4259 = VERTEX_POINT ( 'NONE', #2776 ) ;
#4260 = CYLINDRICAL_SURFACE ( 'NONE', #4639, 0.05899999999999683276 ) ;
#4261 = ORIENTED_EDGE ( 'NONE', *, *, #319, .T. ) ;
#4262 = VERTEX_POINT ( 'NONE', #2057 ) ;
#4263 = DIRECTION ( 'NONE',  ( 0.000000000000000000, 0.000000000000000000, -1.000000000000000000 ) ) ;
#4264 = FACE_OUTER_BOUND ( 'NONE', #1833, .T. ) ;
#4265 = DIRECTION ( 'NONE',  ( 1.000000000000000000, 0.000000000000000000, 0.000000000000000000 ) ) ;
#4266 = LINE ( 'NONE', #3826, #695 ) ;
#4267 = VERTEX_POINT ( 'NONE', #2030 ) ;
#4268 = FACE_OUTER_BOUND ( 'NONE', #907, .T. ) ;
#4269 = CARTESIAN_POINT ( 'NONE',  ( 0.2500000000000000000, 7.124999999999999112, 0.06599999999999983658 ) ) ;
#4270 = ORIENTED_EDGE ( 'NONE', *, *, #3486, .F. ) ;
#4271 = EDGE_CURVE ( 'NONE', #3268, #4262, #3530, .T. ) ;
#4272 = VERTEX_POINT ( 'NONE', #4257 ) ;
#4273 = APPROVAL_STATUS ( 'not_yet_approved' ) ;
#4274 = DIRECTION ( 'NONE',  ( -1.000000000000000000, -0.000000000000000000, -0.000000000000000000 ) ) ;
#4275 = EDGE_CURVE ( 'NONE', #1887, #860, #4181, .T. ) ;
#4276 = DIRECTION ( 'NONE',  ( -1.000000000000000000, -0.000000000000000000, -0.000000000000000000 ) ) ;
#4277 = EDGE_CURVE ( 'NONE', #3536, #3720, #916, .T. ) ;
#4278 = ORIENTED_EDGE ( 'NONE', *, *, #1797, .T. ) ;
#4279 = DIRECTION ( 'NONE',  ( -1.000000000000000000, 0.000000000000000000, 0.000000000000000000 ) ) ;
#4280 = CARTESIAN_POINT ( 'NONE',  ( 0.2500000000000000000, 6.624999999999999112, 0.1839999999999990254 ) ) ;
#4281 = DIRECTION ( 'NONE',  ( -1.000000000000000000, -0.000000000000000000, -0.000000000000000000 ) ) ;
#4282 = ORIENTED_EDGE ( 'NONE', *, *, #2644, .F. ) ;
#4283 = ORIENTED_EDGE ( 'NONE', *, *, #1529, .T. ) ;
#4284 = ORIENTED_EDGE ( 'NONE', *, *, #164, .T. ) ;
#4285 = CARTESIAN_POINT ( 'NONE',  ( 0.2500000000000000000, 3.649999999999990141, 3.560263137648704390 ) ) ;
#4286 = FACE_OUTER_BOUND ( 'NONE', #4486, .T. ) ;
#4287 = DIRECTION ( 'NONE',  ( -1.000000000000000000, -0.000000000000000000, -0.000000000000000000 ) ) ;
#4288 = ORIENTED_EDGE ( 'NONE', *, *, #4271, .F. ) ;
#4290 = AXIS2_PLACEMENT_3D ( 'NONE', #3953, #2764, #567 ) ;
#4289 = LINE ( 'NONE', #980, #3313 ) ;
#4291 = CIRCLE ( 'NONE', #2203, 0.2362204699999908286 ) ;
#4292 = AXIS2_PLACEMENT_3D ( 'NONE', #3573, #652, #1014 ) ;
#4293 = AXIS2_PLACEMENT_3D ( 'NONE', #2498, #3995, #4313 ) ;
#4294 = CARTESIAN_POINT ( 'NONE',  ( 0.2500000000000000000, 1.000000000000001110, 3.500000000000000000 ) ) ;
#4295 = ORIENTED_EDGE ( 'NONE', *, *, #4498, .F. ) ;
#4296 = CIRCLE ( 'NONE', #3290, 0.1000000000000005745 ) ;
#4297 = EDGE_LOOP ( 'NONE', ( #708, #4710, #4615, #1380 ) ) ;
#4298 = APPROVAL_ROLE ( '' ) ;
#4299 = PLANE ( 'NONE',  #2513 ) ;
#4300 = EDGE_CURVE ( 'NONE', #345, #4471, #3235, .T. ) ;
#4301 = DIRECTION ( 'NONE',  ( -1.000000000000000000, -0.000000000000000000, -0.000000000000000000 ) ) ;
#4302 = EDGE_CURVE ( 'NONE', #2110, #4150, #379, .T. ) ;
#4303 = EDGE_CURVE ( 'NONE', #2900, #2059, #4235, .T. ) ;
#4304 = ORIENTED_EDGE ( 'NONE', *, *, #742, .T. ) ;
#4305 = DIRECTION ( 'NONE',  ( -1.000000000000000000, -0.000000000000000000, -0.000000000000000000 ) ) ;
#4306 = DIRECTION ( 'NONE',  ( -1.000000000000000000, -0.000000000000000000, -0.000000000000000000 ) ) ;
#4307 = CYLINDRICAL_SURFACE ( 'NONE', #3701, 0.1000000000000000194 ) ;
#4308 = ORIENTED_EDGE ( 'NONE', *, *, #2174, .T. ) ;
#4309 = EDGE_LOOP ( 'NONE', ( #3954, #143, #4504, #4210 ) ) ;
#4310 = ORIENTED_EDGE ( 'NONE', *, *, #2815, .T. ) ;
#4311 = LINE ( 'NONE', #2135, #2390 ) ;
#4312 = CARTESIAN_POINT ( 'NONE',  ( 0.2500000000000000000, 6.961379563433009565, 0.7287347885566355377 ) ) ;
#4313 = DIRECTION ( 'NONE',  ( 0.000000000000000000, 0.000000000000000000, 1.000000000000000000 ) ) ;
#4314 = EDGE_LOOP ( 'NONE', ( #3347, #418, #1511, #2885 ) ) ;
#4315 = CYLINDRICAL_SURFACE ( 'NONE', #4011, 0.5000000000000006661 ) ;
#4316 = VECTOR ( 'NONE', #2496, 39.37007874015748143 ) ;
#4317 = AXIS2_PLACEMENT_3D ( 'NONE', #4109, #3016, #2249 ) ;
#4318 = DIRECTION ( 'NONE',  ( -1.000000000000000000, -0.000000000000000000, -0.000000000000000000 ) ) ;
#4319 = ORIENTED_EDGE ( 'NONE', *, *, #4698, .T. ) ;
#4320 = AXIS2_PLACEMENT_3D ( 'NONE', #2930, #733, #4413 ) ;
#4321 = AXIS2_PLACEMENT_3D ( 'NONE', #1722, #2130, #4742 ) ;
#4322 = VERTEX_POINT ( 'NONE', #1623 ) ;
#4323 = CARTESIAN_POINT ( 'NONE',  ( 0.000000000000000000, 2.570000000000001172, 2.440999999999986514 ) ) ;
#4324 = SECURITY_CLASSIFICATION_LEVEL ( 'unclassified' ) ;
#4325 = DIRECTION ( 'NONE',  ( 0.000000000000000000, 0.000000000000000000, -1.000000000000000000 ) ) ;
#4326 = CYLINDRICAL_SURFACE ( 'NONE', #3782, 0.1000000000000000194 ) ;
#4327 = VECTOR ( 'NONE', #3493, 39.37007874015748143 ) ;
#4328 = EDGE_LOOP ( 'NONE', ( #3410, #4310, #3442, #3921, #4765, #3686, #57, #2854, #4676 ) ) ;
#4329 = CIRCLE ( 'NONE', #160, 0.09999999999999975575 ) ;
#4330 = CARTESIAN_POINT ( 'NONE',  ( 0.1742125984251968185, 4.124999999999999112, 6.633050410571259548 ) ) ;
#4331 = DIRECTION ( 'NONE',  ( -1.000000000000000000, -0.000000000000000000, -0.000000000000000000 ) ) ;
#4332 = CARTESIAN_POINT ( 'NONE',  ( 0.2500000000000000000, 4.599999999999999645, 3.975000000000000089 ) ) ;
#4333 = ORIENTED_EDGE ( 'NONE', *, *, #3918, .F. ) ;
#4334 = ORIENTED_EDGE ( 'NONE', *, *, #1955, .F. ) ;
#4335 = VERTEX_POINT ( 'NONE', #1958 ) ;
#4336 = DIRECTION ( 'NONE',  ( -1.000000000000000000, -0.000000000000000000, -0.000000000000000000 ) ) ;
#4337 = CARTESIAN_POINT ( 'NONE',  ( 0.000000000000000000, 6.384403065089105489, 3.399999999999999911 ) ) ;
#4338 = CARTESIAN_POINT ( 'NONE',  ( 0.2500000000000000000, 1.529217371477884502, 2.469275428407054385 ) ) ;
#4339 = EDGE_LOOP ( 'NONE', ( #1478, #1551, #276, #2134 ) ) ;
#4340 = EDGE_CURVE ( 'NONE', #3098, #338, #194, .T. ) ;
#4341 = FACE_OUTER_BOUND ( 'NONE', #4412, .T. ) ;
#4342 = CARTESIAN_POINT ( 'NONE',  ( 0.000000000000000000, 4.599999999999988987, 3.560263137648710607 ) ) ;
#4343 = ORIENTED_EDGE ( 'NONE', *, *, #3649, .F. ) ;
#4344 = DIRECTION ( 'NONE',  ( 0.000000000000000000, 0.000000000000000000, -1.000000000000000000 ) ) ;
#4345 = PERSON_AND_ORGANIZATION ( #270, #3620 ) ;
#4346 = CARTESIAN_POINT ( 'NONE',  ( 0.2500000000000000000, 1.865596934910894289, 3.399999999999998579 ) ) ;
#4347 = CARTESIAN_POINT ( 'NONE',  ( 0.2500000000000000000, 3.948931663097198452, 6.383050410571259548 ) ) ;
#4348 = EDGE_LOOP ( 'NONE', ( #4161, #2596, #3919, #4096 ) ) ;
#4349 = DIRECTION ( 'NONE',  ( 0.000000000000000000, 0.000000000000000000, 1.000000000000000000 ) ) ;
#4350 = EDGE_CURVE ( 'NONE', #409, #3666, #2840, .T. ) ;
#4351 = DIRECTION ( 'NONE',  ( 0.000000000000000000, 0.000000000000000000, 1.000000000000000000 ) ) ;
#4352 = DIRECTION ( 'NONE',  ( 1.000000000000000000, 0.000000000000000000, 0.000000000000000000 ) ) ;
#4353 = CIRCLE ( 'NONE', #2575, 0.09999999999999947820 ) ;
#4354 = ORIENTED_EDGE ( 'NONE', *, *, #2291, .T. ) ;
#4355 = ORIENTED_EDGE ( 'NONE', *, *, #4148, .T. ) ;
#4356 = VECTOR ( 'NONE', #34, 39.37007874015748143 ) ;
#4357 = ORIENTED_EDGE ( 'NONE', *, *, #2021, .F. ) ;
#4358 = CYLINDRICAL_SURFACE ( 'NONE', #922, 0.7581413655441404664 ) ;
#4359 = CARTESIAN_POINT ( 'NONE',  ( 0.1250000000000000000, 4.124999999999999112, 6.383050410571259548 ) ) ;
#4360 = EDGE_LOOP ( 'NONE', ( #4430, #4632, #899, #3254 ) ) ;
#4361 = CARTESIAN_POINT ( 'NONE',  ( 0.2500000000000000000, 4.124999999999999112, 2.624999999999999556 ) ) ;
#4362 = EDGE_CURVE ( 'NONE', #1141, #3922, #1673, .T. ) ;
#4363 = EDGE_CURVE ( 'NONE', #2086, #853, #4574, .T. ) ;
#4364 = EDGE_CURVE ( 'NONE', #4739, #1515, #528, .T. ) ;
#4365 = ADVANCED_FACE ( 'NONE', ( #4229 ), #2009, .F. ) ;
#4366 = VECTOR ( 'NONE', #1907, 39.37007874015748143 ) ;
#4367 = CIRCLE ( 'NONE', #1273, 0.05900000000000010791 ) ;
#4368 = ORIENTED_EDGE ( 'NONE', *, *, #3734, .F. ) ;
#4369 = CIRCLE ( 'NONE', #4292, 0.09999999999999975575 ) ;
#4370 = CIRCLE ( 'NONE', #202, 0.05900000000000010791 ) ;
#4371 = DIRECTION ( 'NONE',  ( 0.000000000000000000, 0.000000000000000000, 1.000000000000000000 ) ) ;
#4372 = LINE ( 'NONE', #4033, #2277 ) ;
#4373 = DIRECTION ( 'NONE',  ( 0.000000000000000000, 7.886273575600313290E-15, -1.000000000000000000 ) ) ;
#4374 = AXIS2_PLACEMENT_3D ( 'NONE', #774, #4767, #2946 ) ;
#4375 = VERTEX_POINT ( 'NONE', #3113 ) ;
#4376 = VERTEX_POINT ( 'NONE', #4598 ) ;
#4377 = AXIS2_PLACEMENT_3D ( 'NONE', #795, #2537, #3672 ) ;
#4378 = CYLINDRICAL_SURFACE ( 'NONE', #2687, 0.05900000000000010791 ) ;
#4379 = DIRECTION ( 'NONE',  ( 0.000000000000000000, 0.000000000000000000, -1.000000000000000000 ) ) ;
#4380 = CARTESIAN_POINT ( 'NONE',  ( 0.2500000000000000000, 3.543101460860224261, 6.633050410571259548 ) ) ;
#4381 = ORIENTED_EDGE ( 'NONE', *, *, #4362, .T. ) ;
#4382 = ORIENTED_EDGE ( 'NONE', *, *, #373, .F. ) ;
#4383 = DIRECTION ( 'NONE',  ( 0.000000000000000000, 0.000000000000000000, -1.000000000000000000 ) ) ;
#4384 = DIRECTION ( 'NONE',  ( 0.000000000000000000, -0.2873478855663465503, -0.9578262852211510969 ) ) ;
#4385 = ADVANCED_FACE ( 'NONE', ( #2750 ), #1599, .F. ) ;
#4386 = CARTESIAN_POINT ( 'NONE',  ( 0.000000000000000000, 6.624999999999999112, 2.498010216963684638 ) ) ;
#4387 = ORIENTED_EDGE ( 'NONE', *, *, #1203, .T. ) ;
#4388 = CYLINDRICAL_SURFACE ( 'NONE', #3162, 0.09999999999999947820 ) ;
#4389 = ADVANCED_FACE ( 'NONE', ( #3066 ), #4547, .F. ) ;
#4390 = EDGE_CURVE ( 'NONE', #2462, #135, #1981, .T. ) ;
#4391 = EDGE_CURVE ( 'NONE', #529, #3234, #3220, .T. ) ;
#4392 = ORIENTED_EDGE ( 'NONE', *, *, #2313, .T. ) ;
#4393 = EDGE_CURVE ( 'NONE', #2157, #2328, #3545, .T. ) ;
#4394 = CIRCLE ( 'NONE', #305, 0.1000000000000000194 ) ;
#4395 = EDGE_CURVE ( 'NONE', #4429, #1, #2998, .T. ) ;
#4396 = VECTOR ( 'NONE', #145, 39.37007874015748143 ) ;
#4397 = CARTESIAN_POINT ( 'NONE',  ( 0.2500000000000000000, 3.649999999999992362, 0.2500000000000002776 ) ) ;
#4398 = PLANE ( 'NONE',  #2813 ) ;
#4399 = DIRECTION ( 'NONE',  ( -1.000000000000000000, 0.000000000000000000, -0.000000000000000000 ) ) ;
#4400 = AXIS2_PLACEMENT_3D ( 'NONE', #3424, #3088, #2387 ) ;
#4401 = AXIS2_PLACEMENT_3D ( 'NONE', #595, #1587, #61 ) ;
#4402 = ORIENTED_EDGE ( 'NONE', *, *, #1316, .T. ) ;
#4403 = EDGE_LOOP ( 'NONE', ( #3732, #3612, #1896, #2493 ) ) ;
#4404 = CARTESIAN_POINT ( 'NONE',  ( 0.000000000000000000, 6.384403065089105489, 3.399999999999999911 ) ) ;
#4405 = DIRECTION ( 'NONE',  ( -1.000000000000000000, -0.000000000000000000, -0.000000000000000000 ) ) ;
#4406 = CYLINDRICAL_SURFACE ( 'NONE', #1311, 0.05900000000000010791 ) ;
#4407 = VERTEX_POINT ( 'NONE', #3193 ) ;
#4408 = ORIENTED_EDGE ( 'NONE', *, *, #3649, .T. ) ;
#4409 = DIRECTION ( 'NONE',  ( 1.000000000000000000, 0.000000000000000000, 0.000000000000000000 ) ) ;
#4410 = CARTESIAN_POINT ( 'NONE',  ( 0.2500000000000000000, 2.850000000000002309, 2.224999999999987210 ) ) ;
#4411 = CARTESIAN_POINT ( 'NONE',  ( 0.2500000000000000000, 3.749999999999999112, 5.819066801422758672 ) ) ;
#4412 = EDGE_LOOP ( 'NONE', ( #3654, #3677, #3130, #944 ) ) ;
#4413 = DIRECTION ( 'NONE',  ( -1.000000000000000000, 0.000000000000000000, -0.000000000000000000 ) ) ;
#4414 = ORIENTED_EDGE ( 'NONE', *, *, #1784, .T. ) ;
#4415 = LINE ( 'NONE', #736, #4356 ) ;
#4416 = VERTEX_POINT ( 'NONE', #4721 ) ;
#4417 = EDGE_CURVE ( 'NONE', #803, #1636, #4469, .T. ) ;
#4418 = DIRECTION ( 'NONE',  ( -1.000000000000000000, -0.000000000000000000, -0.000000000000000000 ) ) ;
#4419 = CARTESIAN_POINT ( 'NONE',  ( 0.000000000000000000, 6.384403065089105489, 0.6000000000000001998 ) ) ;
#4420 = EDGE_CURVE ( 'NONE', #2893, #2641, #2105, .T. ) ;
#4421 = DIRECTION ( 'NONE',  ( 0.000000000000000000, 0.000000000000000000, -1.000000000000000000 ) ) ;
#4422 = VERTEX_POINT ( 'NONE', #3265 ) ;
#4423 = VERTEX_POINT ( 'NONE', #3915 ) ;
#4424 = EDGE_CURVE ( 'NONE', #3328, #2569, #1744, .T. ) ;
#4425 = FACE_OUTER_BOUND ( 'NONE', #3390, .T. ) ;
#4426 = CARTESIAN_POINT ( 'NONE',  ( 0.000000000000000000, 1.529217371477884502, 1.530724571592945615 ) ) ;
#4427 = ADVANCED_FACE ( 'NONE', ( #1039 ), #631, .F. ) ;
#4428 = CARTESIAN_POINT ( 'NONE',  ( 0.2500000000000000000, 3.543101460860224261, 6.533050410571259903 ) ) ;
#4429 = VERTEX_POINT ( 'NONE', #4330 ) ;
#4430 = ORIENTED_EDGE ( 'NONE', *, *, #905, .T. ) ;
#4431 = DIRECTION ( 'NONE',  ( -1.000000000000000000, -0.000000000000000000, -0.000000000000000000 ) ) ;
#4432 = CARTESIAN_POINT ( 'NONE',  ( 0.2500000000000000000, 3.948931663097198452, 6.383050410571259548 ) ) ;
#4433 = AXIS2_PLACEMENT_3D ( 'NONE', #2903, #2272, #1915 ) ;
#4434 = CARTESIAN_POINT ( 'NONE',  ( 0.2500000000000000000, 3.649999999999992362, 0.3500000000000000888 ) ) ;
#4435 = ORIENTED_EDGE ( 'NONE', *, *, #1488, .T. ) ;
#4436 = DIRECTION ( 'NONE',  ( 0.000000000000000000, 0.000000000000000000, 1.000000000000000000 ) ) ;
#4437 = ORIENTED_EDGE ( 'NONE', *, *, #4544, .F. ) ;
#4438 = CIRCLE ( 'NONE', #1502, 0.04921259842519672134 ) ;
#4439 = DIRECTION ( 'NONE',  ( 0.000000000000000000, 0.000000000000000000, 1.000000000000000000 ) ) ;
#4440 = DIRECTION ( 'NONE',  ( 0.000000000000000000, 0.000000000000000000, 1.000000000000000000 ) ) ;
#4441 = ORIENTED_EDGE ( 'NONE', *, *, #3382, .T. ) ;
#4442 = CARTESIAN_POINT ( 'NONE',  ( 0.2500000000000000000, 6.762707872179214874, 3.842104857881508462 ) ) ;
#4443 = CARTESIAN_POINT ( 'NONE',  ( 0.000000000000000000, 2.000000000000000888, 2.499999999999987121 ) ) ;
#4444 = CARTESIAN_POINT ( 'NONE',  ( 0.000000000000000000, 1.625000000000000222, 1.501989783036315140 ) ) ;
#4445 = AXIS2_PLACEMENT_3D ( 'NONE', #933, #3518, #4248 ) ;
#4446 = AXIS2_PLACEMENT_3D ( 'NONE', #1365, #2945, #1836 ) ;
#4447 = VERTEX_POINT ( 'NONE', #298 ) ;
#4448 = ORIENTED_EDGE ( 'NONE', *, *, #432, .T. ) ;
#4449 = ADVANCED_FACE ( 'NONE', ( #1331 ), #4378, .F. ) ;
#4450 = CARTESIAN_POINT ( 'NONE',  ( 0.2500000000000000000, 1.865596934910895399, 3.299999999999998490 ) ) ;
#4451 = CIRCLE ( 'NONE', #2742, 0.05900000000000005934 ) ;
#4452 = PLANE ( 'NONE',  #3904 ) ;
#4453 = EDGE_CURVE ( 'NONE', #4689, #3283, #1017, .T. ) ;
#4454 = CARTESIAN_POINT ( 'NONE',  ( 0.2500000000000000000, 3.649999999999998579, 5.819066801422758672 ) ) ;
#4455 = EDGE_CURVE ( 'NONE', #3061, #466, #4671, .T. ) ;
#4456 = VECTOR ( 'NONE', #2255, 39.37007874015748143 ) ;
#4457 = ORIENTED_EDGE ( 'NONE', *, *, #4664, .T. ) ;
#4458 = FACE_OUTER_BOUND ( 'NONE', #2714, .T. ) ;
#4459 = FACE_BOUND ( 'NONE', #637, .T. ) ;
#4460 = CARTESIAN_POINT ( 'NONE',  ( 0.07578740157480327866, 4.124999999999999112, 6.633050410571259548 ) ) ;
#4461 = ORIENTED_EDGE ( 'NONE', *, *, #905, .F. ) ;
#4462 = FACE_OUTER_BOUND ( 'NONE', #4309, .T. ) ;
#4463 = ORIENTED_EDGE ( 'NONE', *, *, #2789, .F. ) ;
#4464 = CARTESIAN_POINT ( 'NONE',  ( 0.2500000000000000000, 3.649999999999999023, 3.875000000000000000 ) ) ;
#4465 = ORIENTED_EDGE ( 'NONE', *, *, #784, .F. ) ;
#4466 = CARTESIAN_POINT ( 'NONE',  ( 0.2500000000000000000, 5.679999999999999716, 2.440999999999986514 ) ) ;
#4467 = DIRECTION ( 'NONE',  ( -1.000000000000000000, -0.000000000000000000, -0.000000000000000000 ) ) ;
#4468 = DIRECTION ( 'NONE',  ( 0.000000000000000000, 0.000000000000000000, 1.000000000000000000 ) ) ;
#4469 = CIRCLE ( 'NONE', #2381, 0.05900000000000010791 ) ;
#4470 = VERTEX_POINT ( 'NONE', #2489 ) ;
#4471 = VERTEX_POINT ( 'NONE', #4695 ) ;
#4472 = CARTESIAN_POINT ( 'NONE',  ( 0.2500000000000000000, 1.529217371477884502, 2.469275428407054385 ) ) ;
#4473 = CARTESIAN_POINT ( 'NONE',  ( 0.000000000000000000, 7.124999999999999112, 0.06599999999999983658 ) ) ;
#4474 = CARTESIAN_POINT ( 'NONE',  ( 0.2500000000000000000, 4.840968060580278731, 6.474905339539486882 ) ) ;
#4475 = CC_DESIGN_APPROVAL ( #3026, ( #2022 ) ) ;
#4476 = AXIS2_PLACEMENT_3D ( 'NONE', #2071, #1928, #2426 ) ;
#4477 = ORIENTED_EDGE ( 'NONE', *, *, #4364, .T. ) ;
#4478 = AXIS2_PLACEMENT_3D ( 'NONE', #2374, #1630, #3179 ) ;
#4479 = CIRCLE ( 'NONE', #923, 0.05899999999999683276 ) ;
#4480 = CYLINDRICAL_SURFACE ( 'NONE', #1731, 0.05900000000000010791 ) ;
#4481 = FACE_BOUND ( 'NONE', #3547, .T. ) ;
#4482 = DIRECTION ( 'NONE',  ( 0.000000000000000000, 0.000000000000000000, 1.000000000000000000 ) ) ;
#4483 = ORIENTED_EDGE ( 'NONE', *, *, #2853, .T. ) ;
#4484 = DIRECTION ( 'NONE',  ( -1.000000000000000000, -0.000000000000000000, -0.000000000000000000 ) ) ;
#4485 = AXIS2_PLACEMENT_3D ( 'NONE', #1208, #141, #1595 ) ;
#4486 = EDGE_LOOP ( 'NONE', ( #263, #4583, #2580, #356 ) ) ;
#4487 = CARTESIAN_POINT ( 'NONE',  ( 0.2500000000000000000, 2.750000000000019540, 2.984908903522902168 ) ) ;
#4488 = ADVANCED_FACE ( 'NONE', ( #1381 ), #681, .F. ) ;
#4489 = ORIENTED_EDGE ( 'NONE', *, *, #4067, .T. ) ;
#4490 = PLANE ( 'NONE',  #3809 ) ;
#4491 = LINE ( 'NONE', #1635, #4366 ) ;
#4492 = LINE ( 'NONE', #3156, #2159 ) ;
#4493 = ORIENTED_EDGE ( 'NONE', *, *, #4214, .T. ) ;
#4494 = DIRECTION ( 'NONE',  ( -1.000000000000000000, -0.000000000000000000, -0.000000000000000000 ) ) ;
#4495 = DIRECTION ( 'NONE',  ( -1.000000000000000000, -0.000000000000000000, -0.000000000000000000 ) ) ;
#4496 = CARTESIAN_POINT ( 'NONE',  ( 0.000000000000000000, 5.189406462572663692, 5.845993031711765653 ) ) ;
#4497 = ORIENTED_EDGE ( 'NONE', *, *, #3443, .F. ) ;
#4498 = EDGE_CURVE ( 'NONE', #4726, #2829, #3940, .T. ) ;
#4499 = DIRECTION ( 'NONE',  ( 1.000000000000000000, 0.000000000000000000, 0.000000000000000000 ) ) ;
#4500 = DIRECTION ( 'NONE',  ( -1.000000000000000000, -0.000000000000000000, -0.000000000000000000 ) ) ;
#4501 = CARTESIAN_POINT ( 'NONE',  ( 0.000000000000000000, 3.475480947161670997, 1.375000000000000000 ) ) ;
#4502 = ORIENTED_EDGE ( 'NONE', *, *, #1491, .F. ) ;
#4503 = DIRECTION ( 'NONE',  ( -1.000000000000000000, -0.000000000000000000, -0.000000000000000000 ) ) ;
#4504 = ORIENTED_EDGE ( 'NONE', *, *, #2587, .T. ) ;
#4505 = LINE ( 'NONE', #3372, #2959 ) ;
#4506 = EDGE_CURVE ( 'NONE', #2283, #850, #993, .T. ) ;
#4507 = ORIENTED_EDGE ( 'NONE', *, *, #4300, .F. ) ;
#4508 = EDGE_CURVE ( 'NONE', #3163, #1044, #3243, .T. ) ;
#4509 = AXIS2_PLACEMENT_3D ( 'NONE', #3838, #172, #2341 ) ;
#4510 = ADVANCED_FACE ( 'NONE', ( #339 ), #656, .F. ) ;
#4511 = DIRECTION ( 'NONE',  ( 1.000000000000000000, 0.000000000000000000, 0.000000000000000000 ) ) ;
#4512 = CARTESIAN_POINT ( 'NONE',  ( 0.2500000000000000000, 3.754999999999853788, 2.625000000000123901 ) ) ;
#4513 = FACE_OUTER_BOUND ( 'NONE', #1345, .T. ) ;
#4514 = ORIENTED_EDGE ( 'NONE', *, *, #2911, .T. ) ;
#4515 = DIRECTION ( 'NONE',  ( 0.000000000000000000, 0.000000000000000000, -1.000000000000000000 ) ) ;
#4516 = DIRECTION ( 'NONE',  ( -1.000000000000000000, -0.000000000000000000, -0.000000000000000000 ) ) ;
#4517 = AXIS2_PLACEMENT_3D ( 'NONE', #1131, #4005, #2218 ) ;
#4518 = LINE ( 'NONE', #3426, #4250 ) ;
#4519 = VECTOR ( 'NONE', #1239, 39.37007874015748143 ) ;
#4520 = ORIENTED_EDGE ( 'NONE', *, *, #995, .T. ) ;
#4521 = AXIS2_PLACEMENT_3D ( 'NONE', #66, #4199, #3108 ) ;
#4522 = ADVANCED_FACE ( 'NONE', ( #2825 ), #991, .F. ) ;
#4523 = LINE ( 'NONE', #915, #799 ) ;
#4524 = FACE_OUTER_BOUND ( 'NONE', #2472, .T. ) ;
#4525 = CARTESIAN_POINT ( 'NONE',  ( 0.2500000000000000000, 3.543101460860224261, 6.533050410571259903 ) ) ;
#4526 = ORIENTED_EDGE ( 'NONE', *, *, #3974, .T. ) ;
#4527 = DIRECTION ( 'NONE',  ( 0.000000000000000000, 2.156980644126815069E-15, -1.000000000000000000 ) ) ;
#4528 = AXIS2_PLACEMENT_3D ( 'NONE', #3249, #1358, #4696 ) ;
#4529 = ORIENTED_EDGE ( 'NONE', *, *, #1674, .T. ) ;
#4530 = EDGE_CURVE ( 'NONE', #856, #302, #2542, .T. ) ;
#4531 = FACE_OUTER_BOUND ( 'NONE', #1066, .T. ) ;
#4532 = CARTESIAN_POINT ( 'NONE',  ( 0.2500000000000000000, 4.499999999999988454, 3.460263137648711407 ) ) ;
#4533 = ORIENTED_EDGE ( 'NONE', *, *, #3205, .T. ) ;
#4534 = APPROVAL ( #2485, 'UNSPECIFIED' ) ;
#4535 = ADVANCED_FACE ( 'NONE', ( #4425 ), #4792, .F. ) ;
#4536 = CARTESIAN_POINT ( 'NONE',  ( 0.2500000000000000000, 3.948931663097198452, 6.068089770571259756 ) ) ;
#4537 = CARTESIAN_POINT ( 'NONE',  ( 0.2500000000000000000, 1.487292127820782683, 3.903128477881510072 ) ) ;
#4538 = DIRECTION ( 'NONE',  ( 0.000000000000000000, 0.000000000000000000, 1.000000000000000000 ) ) ;
#4539 = EDGE_LOOP ( 'NONE', ( #3187, #761, #1829, #3601, #2131, #2413, #321, #522, #4441, #19, #4355 ) ) ;
#4540 = CARTESIAN_POINT ( 'NONE',  ( 0.2500000000000000000, 3.749999999999996003, 2.955718913883070176 ) ) ;
#4541 = EDGE_CURVE ( 'NONE', #3385, #1628, #1541, .T. ) ;
#4542 = DIRECTION ( 'NONE',  ( -1.000000000000000000, -0.000000000000000000, -0.000000000000000000 ) ) ;
#4543 = VECTOR ( 'NONE', #1791, 39.37007874015748143 ) ;
#4544 = EDGE_CURVE ( 'NONE', #4650, #2404, #2309, .T. ) ;
#4545 = ORIENTED_EDGE ( 'NONE', *, *, #869, .T. ) ;
#4546 = DIRECTION ( 'NONE',  ( -1.000000000000000000, -0.000000000000000000, -0.000000000000000000 ) ) ;
#4547 = PLANE ( 'NONE',  #4627 ) ;
#4548 = AXIS2_PLACEMENT_3D ( 'NONE', #2395, #554, #1278 ) ;
#4549 = CIRCLE ( 'NONE', #2237, 0.05900000000000010791 ) ;
#4550 = CARTESIAN_POINT ( 'NONE',  ( 0.2500000000000000000, 5.499999999999997335, 1.274999999999985922 ) ) ;
#4551 = ORIENTED_EDGE ( 'NONE', *, *, #1792, .T. ) ;
#4552 = DIRECTION ( 'NONE',  ( -1.000000000000000000, -0.000000000000000000, -0.000000000000000000 ) ) ;
#4553 = ORIENTED_EDGE ( 'NONE', *, *, #1643, .F. ) ;
#4554 = AXIS2_PLACEMENT_3D ( 'NONE', #1975, #571, #1205 ) ;
#4555 = VECTOR ( 'NONE', #2276, 39.37007874015748854 ) ;
#4556 = FACE_BOUND ( 'NONE', #2240, .T. ) ;
#4557 = CARTESIAN_POINT ( 'NONE',  ( 0.2500000000000000000, 1.384403065089105045, 0.7000000000000012879 ) ) ;
#4558 = DIRECTION ( 'NONE',  ( 1.000000000000000000, 0.000000000000000000, 0.000000000000000000 ) ) ;
#4559 = CARTESIAN_POINT ( 'NONE',  ( 0.000000000000000000, 4.599999999999999645, 5.919066801422759205 ) ) ;
#4560 = ORIENTED_EDGE ( 'NONE', *, *, #1643, .T. ) ;
#4561 = CIRCLE ( 'NONE', #2478, 0.1000000000000000194 ) ;
#4562 = EDGE_CURVE ( 'NONE', #3922, #2074, #1910, .T. ) ;
#4563 = CYLINDRICAL_SURFACE ( 'NONE', #501, 0.09999999999999947820 ) ;
#4564 = ORIENTED_EDGE ( 'NONE', *, *, #3054, .F. ) ;
#4565 = ORIENTED_EDGE ( 'NONE', *, *, #3241, .F. ) ;
#4566 = CARTESIAN_POINT ( 'NONE',  ( 0.2500393700787401641, 6.762707872179214874, 3.903128477881510072 ) ) ;
#4567 = DIRECTION ( 'NONE',  ( 0.000000000000000000, 0.000000000000000000, -1.000000000000000000 ) ) ;
#4568 = ADVANCED_FACE ( 'NONE', ( #1474 ), #2293, .F. ) ;
#4569 = DIRECTION ( 'NONE',  ( -1.000000000000000000, -0.000000000000000000, -0.000000000000000000 ) ) ;
#4570 = EDGE_CURVE ( 'NONE', #445, #345, #4086, .T. ) ;
#4571 = ORIENTED_EDGE ( 'NONE', *, *, #3768, .T. ) ;
#4572 = EDGE_CURVE ( 'NONE', #2404, #4650, #3161, .T. ) ;
#4573 = DIRECTION ( 'NONE',  ( -1.000000000000000000, -0.000000000000000000, -0.000000000000000000 ) ) ;
#4574 = LINE ( 'NONE', #2368, #2308 ) ;
#4575 = CARTESIAN_POINT ( 'NONE',  ( 0.000000000000000000, 2.750000000000019540, 2.984908903522902168 ) ) ;
#4576 = EDGE_LOOP ( 'NONE', ( #4770, #1845 ) ) ;
#4577 = DIRECTION ( 'NONE',  ( 0.000000000000000000, 0.000000000000000000, 1.000000000000000000 ) ) ;
#4578 = EDGE_LOOP ( 'NONE', ( #3070, #3650, #582, #1174 ) ) ;
#4579 = DIRECTION ( 'NONE',  ( -1.000000000000000000, 0.000000000000000000, 0.000000000000000000 ) ) ;
#4580 = LINE ( 'NONE', #1260, #2683 ) ;
#4581 = DIRECTION ( 'NONE',  ( 0.000000000000000000, 0.000000000000000000, 1.000000000000000000 ) ) ;
#4582 = DIRECTION ( 'NONE',  ( -1.000000000000000000, 0.000000000000000000, 0.000000000000000000 ) ) ;
#4583 = ORIENTED_EDGE ( 'NONE', *, *, #1146, .F. ) ;
#4584 = CARTESIAN_POINT ( 'NONE',  ( 0.2500000000000000000, 2.570000000000001172, 2.499999999999986233 ) ) ;
#4585 = ORIENTED_EDGE ( 'NONE', *, *, #2838, .T. ) ;
#4586 = CIRCLE ( 'NONE', #3495, 0.09999999999999975575 ) ;
#4587 = VECTOR ( 'NONE', #2668, 39.37007874015748143 ) ;
#4588 = VERTEX_POINT ( 'NONE', #2559 ) ;
#4589 = DIRECTION ( 'NONE',  ( 0.000000000000000000, 0.6293205638426205839, -0.7771458215321023211 ) ) ;
#4590 = DIRECTION ( 'NONE',  ( 0.000000000000000000, 0.000000000000000000, 1.000000000000000000 ) ) ;
#4591 = DIRECTION ( 'NONE',  ( 0.000000000000000000, 0.000000000000000000, 1.000000000000000000 ) ) ;
#4592 = EDGE_CURVE ( 'NONE', #290, #568, #1448, .T. ) ;
#4593 = EDGE_LOOP ( 'NONE', ( #449, #1804, #829, #1929 ) ) ;
#4594 = VECTOR ( 'NONE', #1883, 39.37007874015748143 ) ;
#4595 = PRODUCT_RELATED_PRODUCT_CATEGORY ( 'detail', '', ( #981 ) ) ;
#4596 = EDGE_CURVE ( 'NONE', #1918, #1509, #1888, .T. ) ;
#4597 = CARTESIAN_POINT ( 'NONE',  ( 0.2500000000000000000, 6.624999999999999112, 1.601989783036314785 ) ) ;
#4598 = CARTESIAN_POINT ( 'NONE',  ( 0.2500000000000000000, 6.762707872179214874, 3.964152097881511239 ) ) ;
#4599 = VECTOR ( 'NONE', #1002, 39.37007874015748143 ) ;
#4600 = DIRECTION ( 'NONE',  ( 1.000000000000000000, 0.000000000000000000, 0.000000000000000000 ) ) ;
#4601 = ORIENTED_EDGE ( 'NONE', *, *, #2910, .F. ) ;
#4602 = DIRECTION ( 'NONE',  ( 0.000000000000000000, 1.000000000000000000, 0.000000000000000000 ) ) ;
#4603 = AXIS2_PLACEMENT_3D ( 'NONE', #3551, #4274, #2051 ) ;
#4604 = ORIENTED_EDGE ( 'NONE', *, *, #3637, .T. ) ;
#4605 = AXIS2_PLACEMENT_3D ( 'NONE', #1003, #2475, #3950 ) ;
#4606 = FACE_BOUND ( 'NONE', #4328, .T. ) ;
#4607 = CYLINDRICAL_SURFACE ( 'NONE', #2304, 0.1000000000000000194 ) ;
#4608 = PLANE ( 'NONE',  #1820 ) ;
#4609 = FACE_OUTER_BOUND ( 'NONE', #3592, .T. ) ;
#4610 = AXIS2_PLACEMENT_3D ( 'NONE', #3256, #689, #3541 ) ;
#4611 = EDGE_LOOP ( 'NONE', ( #659, #4382, #2707, #4790 ) ) ;
#4612 = VECTOR ( 'NONE', #3194, 39.37007874015748143 ) ;
#4613 = DIRECTION ( 'NONE',  ( 1.000000000000000000, 0.000000000000000000, 0.000000000000000000 ) ) ;
#4614 = EDGE_LOOP ( 'NONE', ( #4699, #4693 ) ) ;
#4615 = ORIENTED_EDGE ( 'NONE', *, *, #1090, .T. ) ;
#4616 = DIRECTION ( 'NONE',  ( 0.000000000000000000, 1.577254715120068969E-14, 1.000000000000000000 ) ) ;
#4617 = DIRECTION ( 'NONE',  ( 0.000000000000000000, 0.000000000000000000, 1.000000000000000000 ) ) ;
#4618 = PLANE ( 'NONE',  #625 ) ;
#4619 = ORIENTED_EDGE ( 'NONE', *, *, #2295, .T. ) ;
#4620 = CARTESIAN_POINT ( 'NONE',  ( 0.2500000000000000000, 1.961379563433010231, 3.271265211443363352 ) ) ;
#4621 = DIRECTION ( 'NONE',  ( -1.000000000000000000, -0.000000000000000000, -0.000000000000000000 ) ) ;
#4622 = LINE ( 'NONE', #3774, #4763 ) ;
#4623 = ORIENTED_EDGE ( 'NONE', *, *, #575, .F. ) ;
#4624 = DIRECTION ( 'NONE',  ( -1.000000000000000000, 0.000000000000000000, 0.000000000000000000 ) ) ;
#4625 = ORIENTED_EDGE ( 'NONE', *, *, #4420, .T. ) ;
#4626 = EDGE_LOOP ( 'NONE', ( #3474, #3489 ) ) ;
#4627 = AXIS2_PLACEMENT_3D ( 'NONE', #2705, #868, #507 ) ;
#4628 = DIRECTION ( 'NONE',  ( -0.000000000000000000, 0.000000000000000000, 1.000000000000000000 ) ) ;
#4629 = CARTESIAN_POINT ( 'NONE',  ( 0.000000000000000000, 3.543101460860224261, 6.633050410571259548 ) ) ;
#4630 = DIRECTION ( 'NONE',  ( 0.000000000000000000, 0.000000000000000000, 1.000000000000000000 ) ) ;
#4631 = DIRECTION ( 'NONE',  ( 0.000000000000000000, 0.000000000000000000, 1.000000000000000000 ) ) ;
#4632 = ORIENTED_EDGE ( 'NONE', *, *, #866, .F. ) ;
#4633 = CARTESIAN_POINT ( 'NONE',  ( 0.000000000000000000, 2.850000000000002309, 1.274999999999986811 ) ) ;
#4634 = AXIS2_PLACEMENT_3D ( 'NONE', #1835, #3309, #1226 ) ;
#4635 = CIRCLE ( 'NONE', #694, 0.1000000000000005745 ) ;
#4636 = EDGE_CURVE ( 'NONE', #1472, #2716, #1304, .T. ) ;
#4637 = EDGE_CURVE ( 'NONE', #4262, #1756, #1498, .T. ) ;
#4638 = VECTOR ( 'NONE', #2713, 39.37007874015748143 ) ;
#4639 = AXIS2_PLACEMENT_3D ( 'NONE', #1626, #2753, #198 ) ;
#4640 = PLANE ( 'NONE',  #1127 ) ;
#4641 = EDGE_LOOP ( 'NONE', ( #3756, #1085, #1060, #807 ) ) ;
#4642 = AXIS2_PLACEMENT_3D ( 'NONE', #3331, #4054, #360 ) ;
#4643 = ORIENTED_EDGE ( 'NONE', *, *, #1712, .T. ) ;
#4644 = PLANE ( 'NONE',  #1051 ) ;
#4645 = CIRCLE ( 'NONE', #584, 0.2362204700000039570 ) ;
#4646 = CARTESIAN_POINT ( 'NONE',  ( 0.2500000000000000000, 3.649999999999999467, 3.975000000000000089 ) ) ;
#4647 = EDGE_LOOP ( 'NONE', ( #2541, #1601, #2073, #2979 ) ) ;
#4648 = CARTESIAN_POINT ( 'NONE',  ( 0.2500000000000000000, 7.249999999999999112, 0.000000000000000000 ) ) ;
#4649 = FACE_OUTER_BOUND ( 'NONE', #1680, .T. ) ;
#4650 = VERTEX_POINT ( 'NONE', #435 ) ;
#4651 = DIRECTION ( 'NONE',  ( -1.000000000000000000, -0.000000000000000000, -0.000000000000000000 ) ) ;
#4652 = ORIENTED_EDGE ( 'NONE', *, *, #1098, .T. ) ;
#4653 = VERTEX_POINT ( 'NONE', #4404 ) ;
#4654 = VERTEX_POINT ( 'NONE', #65 ) ;
#4655 = CARTESIAN_POINT ( 'NONE',  ( 0.2500000000000000000, 4.840968060580278731, 6.474905339539486882 ) ) ;
#4656 = DIRECTION ( 'NONE',  ( -1.000000000000000000, -0.000000000000000000, -0.000000000000000000 ) ) ;
#4657 = DIRECTION ( 'NONE',  ( 0.000000000000000000, 0.000000000000000000, -1.000000000000000000 ) ) ;
#4658 = ORIENTED_EDGE ( 'NONE', *, *, #14, .T. ) ;
#4659 = CARTESIAN_POINT ( 'NONE',  ( 0.2500000000000000000, 4.499999999999999112, 2.224999999999993872 ) ) ;
#4660 = ADVANCED_FACE ( 'NONE', ( #1087 ), #748, .F. ) ;
#4661 = ADVANCED_FACE ( 'NONE', ( #389 ), #818, .T. ) ;
#4662 = CARTESIAN_POINT ( 'NONE',  ( 0.2500000000000000000, 6.529217371477883169, 2.469275428407054385 ) ) ;
#4663 = VERTEX_POINT ( 'NONE', #4766 ) ;
#4664 = EDGE_CURVE ( 'NONE', #3207, #3851, #4038, .T. ) ;
#4665 = ORIENTED_EDGE ( 'NONE', *, *, #1856, .T. ) ;
#4666 = MECHANICAL_CONTEXT ( 'NONE', #555, 'mechanical' ) ;
#4667 = CARTESIAN_POINT ( 'NONE',  ( 0.2500000000000000000, 3.754999999999853788, 2.675000000000123723 ) ) ;
#4668 = FACE_OUTER_BOUND ( 'NONE', #378, .T. ) ;
#4669 = AXIS2_PLACEMENT_3D ( 'NONE', #2029, #2169, #3236 ) ;
#4670 = VERTEX_POINT ( 'NONE', #364 ) ;
#4671 = LINE ( 'NONE', #2797, #3690 ) ;
#4672 = DIRECTION ( 'NONE',  ( 0.000000000000000000, -9.746076076137871816E-15, -1.000000000000000000 ) ) ;
#4673 = DIRECTION ( 'NONE',  ( 0.000000000000000000, 0.000000000000000000, 1.000000000000000000 ) ) ;
#4674 = ORIENTED_EDGE ( 'NONE', *, *, #3735, .F. ) ;
#4675 = EDGE_CURVE ( 'NONE', #1509, #2216, #2924, .T. ) ;
#4676 = ORIENTED_EDGE ( 'NONE', *, *, #575, .T. ) ;
#4677 = ORIENTED_EDGE ( 'NONE', *, *, #2379, .F. ) ;
#4678 = DIRECTION ( 'NONE',  ( 0.000000000000000000, 0.000000000000000000, 1.000000000000000000 ) ) ;
#4679 = DIRECTION ( 'NONE',  ( -1.000000000000000000, -0.000000000000000000, -0.000000000000000000 ) ) ;
#4680 = DIRECTION ( 'NONE',  ( 0.000000000000000000, 0.000000000000000000, 1.000000000000000000 ) ) ;
#4681 = EDGE_LOOP ( 'NONE', ( #4179, #3259, #123, #2717 ) ) ;
#4683 = CIRCLE ( 'NONE', #3281, 0.05899999999999683276 ) ;
#4682 = DIRECTION ( 'NONE',  ( 0.000000000000000000, 1.000000000000000000, -1.091898964333354595E-14 ) ) ;
#4684 = CIRCLE ( 'NONE', #3664, 0.09999999999999947820 ) ;
#4685 = AXIS2_PLACEMENT_3D ( 'NONE', #3449, #1616, #4657 ) ;
#4686 = PLANE ( 'NONE',  #4290 ) ;
#4687 = ORIENTED_EDGE ( 'NONE', *, *, #1597, .T. ) ;
#4688 = APPROVAL ( #3189, 'UNSPECIFIED' ) ;
#4689 = VERTEX_POINT ( 'NONE', #167 ) ;
#4690 = APPLICATION_PROTOCOL_DEFINITION ( 'international standard', 'config_control_design', 1994, #555 ) ;
#4691 = CARTESIAN_POINT ( 'NONE',  ( 0.2500000000000000000, 4.494999999999854445, 2.625000000000123901 ) ) ;
#4692 = CARTESIAN_POINT ( 'NONE',  ( 0.1742125984251967352, 4.124999999999999112, 6.633050410571259548 ) ) ;
#4693 = ORIENTED_EDGE ( 'NONE', *, *, #2411, .F. ) ;
#4694 = EDGE_CURVE ( 'NONE', #4120, #817, #2744, .T. ) ;
#4695 = CARTESIAN_POINT ( 'NONE',  ( 0.000000000000000000, 4.124999999999999112, 2.374999999999999556 ) ) ;
#4696 = DIRECTION ( 'NONE',  ( 0.000000000000000000, 0.000000000000000000, -1.000000000000000000 ) ) ;
#4697 = CARTESIAN_POINT ( 'NONE',  ( 0.2500000000000000000, 4.499999999999992895, 0.3500000000000005884 ) ) ;
#4698 = EDGE_CURVE ( 'NONE', #1341, #3991, #1615, .T. ) ;
#4699 = ORIENTED_EDGE ( 'NONE', *, *, #4393, .F. ) ;
#4700 = ORIENTED_EDGE ( 'NONE', *, *, #343, .F. ) ;
#4701 = ORIENTED_EDGE ( 'NONE', *, *, #2234, .F. ) ;
#4702 = LINE ( 'NONE', #3948, #2761 ) ;
#4703 = CARTESIAN_POINT ( 'NONE',  ( 0.2500000000000000000, 3.649999999999995914, 1.375000000000000000 ) ) ;
#4704 = DIRECTION ( 'NONE',  ( -1.000000000000000000, -0.000000000000000000, -0.000000000000000000 ) ) ;
#4705 = ORIENTED_EDGE ( 'NONE', *, *, #1790, .T. ) ;
#4706 = CARTESIAN_POINT ( 'NONE',  ( 0.000000000000000000, 5.499999999999997335, 2.984908903522902612 ) ) ;
#4707 = AXIS2_PLACEMENT_3D ( 'NONE', #1423, #323, #3576 ) ;
#4708 = LOCAL_TIME ( 16, 15, 15.00000000000000000, #1852 ) ;
#4709 = CARTESIAN_POINT ( 'NONE',  ( 0.2500000000000000000, 6.288620436566989547, 3.271265211443364240 ) ) ;
#4710 = ORIENTED_EDGE ( 'NONE', *, *, #4390, .T. ) ;
#4711 = AXIS2_PLACEMENT_3D ( 'NONE', #1030, #351, #1414 ) ;
#4712 = VECTOR ( 'NONE', #2371, 39.37007874015748143 ) ;
#4713 = EDGE_CURVE ( 'NONE', #1947, #3253, #1298, .T. ) ;
#4714 = ORIENTED_EDGE ( 'NONE', *, *, #674, .T. ) ;
#4715 = CARTESIAN_POINT ( 'NONE',  ( 0.000000000000000000, 6.171011112972796475, 4.037932056384262225 ) ) ;
#4716 = CARTESIAN_POINT ( 'NONE',  ( 0.2500000000000000000, 3.749999999999999112, 2.224999999999993427 ) ) ;
#4717 = LINE ( 'NONE', #603, #1396 ) ;
#4718 = CIRCLE ( 'NONE', #318, 0.06102361999999923042 ) ;
#4719 = ORIENTED_EDGE ( 'NONE', *, *, #2435, .F. ) ;
#4720 = ADVANCED_FACE ( 'NONE', ( #1638 ), #3134, .F. ) ;
#4721 = CARTESIAN_POINT ( 'NONE',  ( 0.2500000000000000000, 1.125000000000001776, 3.315999999999999837 ) ) ;
#4722 = EDGE_CURVE ( 'NONE', #720, #1839, #2081, .T. ) ;
#4723 = DIRECTION ( 'NONE',  ( 1.000000000000000000, 0.000000000000000000, 0.000000000000000000 ) ) ;
#4724 = DIRECTION ( 'NONE',  ( 0.000000000000000000, 2.156980644126815069E-15, -1.000000000000000000 ) ) ;
#4725 = ADVANCED_FACE ( 'NONE', ( #3107 ), #92, .F. ) ;
#4726 = VERTEX_POINT ( 'NONE', #4176 ) ;
#4727 = EDGE_CURVE ( 'NONE', #1936, #1676, #3788, .T. ) ;
#4728 = VERTEX_POINT ( 'NONE', #548 ) ;
#4729 = EDGE_LOOP ( 'NONE', ( #1941, #403, #4381, #1914 ) ) ;
#4730 = DIRECTION ( 'NONE',  ( -0.8571673007021123336, 1.049727191138618696E-16, 0.5150380749100541555 ) ) ;
#4731 = DIRECTION ( 'NONE',  ( -1.000000000000000000, -0.000000000000000000, -0.000000000000000000 ) ) ;
#4732 = ORIENTED_EDGE ( 'NONE', *, *, #3884, .T. ) ;
#4733 = DIRECTION ( 'NONE',  ( 0.000000000000000000, 0.000000000000000000, -1.000000000000000000 ) ) ;
#4734 = EDGE_LOOP ( 'NONE', ( #3291, #171, #1275, #3146 ) ) ;
#4735 = DIRECTION ( 'NONE',  ( -1.000000000000000000, 0.000000000000000000, 0.000000000000000000 ) ) ;
#4736 = CARTESIAN_POINT ( 'NONE',  ( 0.000000000000000000, 1.384403065089105045, 3.299999999999998490 ) ) ;
#4737 = DIRECTION ( 'NONE',  ( -1.000000000000000000, -0.000000000000000000, -0.000000000000000000 ) ) ;
#4738 = ORIENTED_EDGE ( 'NONE', *, *, #343, .T. ) ;
#4739 = VERTEX_POINT ( 'NONE', #3037 ) ;
#4740 = DIRECTION ( 'NONE',  ( -1.000000000000000000, 0.000000000000000000, 0.000000000000000000 ) ) ;
#4741 = DIRECTION ( 'NONE',  ( -1.000000000000000000, -0.000000000000000000, -0.000000000000000000 ) ) ;
#4742 = DIRECTION ( 'NONE',  ( 0.000000000000000000, 0.000000000000000000, -1.000000000000000000 ) ) ;
#4743 = CIRCLE ( 'NONE', #2721, 0.05900000000000010791 ) ;
#4744 = EDGE_CURVE ( 'NONE', #2271, #690, #188, .T. ) ;
#4745 = ORIENTED_EDGE ( 'NONE', *, *, #4028, .T. ) ;
#4746 = ADVANCED_FACE ( 'NONE', ( #4252 ), #910, .T. ) ;
#4747 = EDGE_CURVE ( 'NONE', #3901, #2098, #477, .T. ) ;
#4748 = VERTEX_POINT ( 'NONE', #3811 ) ;
#4749 = AXIS2_PLACEMENT_3D ( 'NONE', #1877, #2239, #1485 ) ;
#4750 = LINE ( 'NONE', #1431, #1346 ) ;
#4751 = DIRECTION ( 'NONE',  ( -0.000000000000000000, 0.9578262852211509859, 0.2873478855663468834 ) ) ;
#4752 = CARTESIAN_POINT ( 'NONE',  ( 0.2500000000000000000, 7.124999999999999112, 3.434000000000000163 ) ) ;
#4753 = VERTEX_POINT ( 'NONE', #499 ) ;
#4754 = DIRECTION ( 'NONE',  ( 0.000000000000000000, 0.9578262852211510969, -0.2873478855663466058 ) ) ;
#4755 = CIRCLE ( 'NONE', #3744, 0.1000000000000000194 ) ;
#4756 = VECTOR ( 'NONE', #794, 39.37007874015748143 ) ;
#4757 = EDGE_LOOP ( 'NONE', ( #1149, #746, #2344, #1054 ) ) ;
#4758 = VECTOR ( 'NONE', #2597, 39.37007874015748143 ) ;
#4759 = VECTOR ( 'NONE', #4773, 39.37007874015748143 ) ;
#4760 = CARTESIAN_POINT ( 'NONE',  ( 0.2500000000000000000, 6.384403065089105489, 0.6000000000000001998 ) ) ;
#4761 = CARTESIAN_POINT ( 'NONE',  ( 0.000000000000000000, 1.487292127820782683, 3.964152097881510350 ) ) ;
#4762 = CARTESIAN_POINT ( 'NONE',  ( 0.2500000000000000000, 2.000000000000000888, 2.558999999999987285 ) ) ;
#4763 = VECTOR ( 'NONE', #2369, 39.37007874015748143 ) ;
#4764 = EDGE_LOOP ( 'NONE', ( #3634, #559, #914, #614 ) ) ;
#4765 = ORIENTED_EDGE ( 'NONE', *, *, #2174, .F. ) ;
#4766 = CARTESIAN_POINT ( 'NONE',  ( 0.2500000000000000000, 3.649999999999998579, 5.919066801422759205 ) ) ;
#4767 = DIRECTION ( 'NONE',  ( -1.000000000000000000, -0.000000000000000000, -0.000000000000000000 ) ) ;
#4768 = CARTESIAN_POINT ( 'NONE',  ( 0.000000000000000000, 3.060593537427334088, 5.784969411711766263 ) ) ;
#4769 = EDGE_LOOP ( 'NONE', ( #1968, #3706, #4387, #4489 ) ) ;
#4770 = ORIENTED_EDGE ( 'NONE', *, *, #3027, .F. ) ;
#4771 = DIRECTION ( 'NONE',  ( 0.000000000000000000, 0.000000000000000000, 1.000000000000000000 ) ) ;
#4772 = DIRECTION ( 'NONE',  ( -1.000000000000000000, -0.000000000000000000, -0.000000000000000000 ) ) ;
#4773 = DIRECTION ( 'NONE',  ( -1.000000000000000000, -0.000000000000000000, -0.000000000000000000 ) ) ;
#4774 = ORIENTED_EDGE ( 'NONE', *, *, #1951, .T. ) ;
#4775 = CARTESIAN_POINT ( 'NONE',  ( 0.000000000000000000, 3.409031939419718604, 6.474905339539487770 ) ) ;
#4776 = VERTEX_POINT ( 'NONE', #2025 ) ;
#4777 = EDGE_CURVE ( 'NONE', #2094, #3630, #2001, .T. ) ;
#4778 = CARTESIAN_POINT ( 'NONE',  ( 0.2500000000000000000, 4.599999999999988987, 3.560263137648710607 ) ) ;
#4779 = ORIENTED_EDGE ( 'NONE', *, *, #4498, .T. ) ;
#4780 = AXIS2_PLACEMENT_3D ( 'NONE', #540, #3824, #3482 ) ;
#4781 = EDGE_CURVE ( 'NONE', #2494, #328, #2236, .T. ) ;
#4782 = EDGE_CURVE ( 'NONE', #2782, #1348, #3852, .T. ) ;
#4783 = VECTOR ( 'NONE', #3816, 39.37007874015748143 ) ;
#4784 = AXIS2_PLACEMENT_3D ( 'NONE', #3973, #2479, #3635 ) ;
#4785 = LINE ( 'NONE', #716, #2502 ) ;
#4786 = DIRECTION ( 'NONE',  ( 1.000000000000000000, 0.000000000000000000, 0.000000000000000000 ) ) ;
#4787 = LINE ( 'NONE', #4762, #4020 ) ;
#4788 = AXIS2_PLACEMENT_3D ( 'NONE', #3742, #1110, #3358 ) ;
#4789 = VECTOR ( 'NONE', #3183, 39.37007874015748143 ) ;
#4790 = ORIENTED_EDGE ( 'NONE', *, *, #1173, .T. ) ;
#4791 = ORIENTED_EDGE ( 'NONE', *, *, #2347, .T. ) ;
#4792 = CYLINDRICAL_SURFACE ( 'NONE', #1853, 0.09999999999999975575 ) ;
#4793 = CARTESIAN_POINT ( 'NONE',  ( 0.000000000000000000, 4.124999999999987566, 6.225570090571260096 ) ) ;
#4794 = FACE_OUTER_BOUND ( 'NONE', #983, .T. ) ;
ENDSEC;
END-ISO-10303-21;
