ISO-10303-21;
HEADER;
FILE_DESCRIPTION (( 'STEP AP203' ),
    '1' );
FILE_NAME ('Weapon Spinner_Vf.STEP',
    '2026-03-21T02:19:49',
    ( '' ),
    ( '' ),
    'SwSTEP 2.0',
    'SolidWorks 2025',
    '' );
FILE_SCHEMA (( 'CONFIG_CONTROL_DESIGN' ));
ENDSEC;

DATA;
#1 = ORIENTED_EDGE ( 'NONE', *, *, #334, .T. ) ;
#2 = VERTEX_POINT ( 'NONE', #79 ) ;
#3 = DIRECTION ( 'NONE',  ( 1.776356839400250465E-15, 1.000000000000000000, 0.000000000000000000 ) ) ;
#4 = CARTESIAN_POINT ( 'NONE',  ( 10.00000000000000000, 26.00345361677944922, 0.000000000000000000 ) ) ;
#5 = CARTESIAN_POINT ( 'NONE',  ( 0.000000000000000000, 0.000000000000000000, 6.350000000000001421 ) ) ;
#6 = CARTESIAN_POINT ( 'NONE',  ( 1.649999999999999911, 17.00000000000000000, 5.751789778912483816E-32 ) ) ;
#7 = DIRECTION ( 'NONE',  ( -3.485933199340899084E-32, -3.697785493223493385E-32, 1.000000000000000000 ) ) ;
#8 = CARTESIAN_POINT ( 'NONE',  ( -14.99999999999999289, -26.00345361677943856, -1.484441915479501656E-30 ) ) ;
#9 = ORGANIZATION ( 'UNSPECIFIED', 'UNSPECIFIED', '' ) ;
#10 = CARTESIAN_POINT ( 'NONE',  ( 15.00000000000000178, -26.00345361677944922, 6.350000000000001421 ) ) ;
#11 = ORIENTED_EDGE ( 'NONE', *, *, #619, .T. ) ;
#12 = EDGE_CURVE ( 'NONE', #1221, #104, #262, .T. ) ;
#13 = VECTOR ( 'NONE', #257, 1000.000000000000000 ) ;
#14 = DIRECTION ( 'NONE',  ( 3.485933199340899084E-32, 3.697785493223493385E-32, -1.000000000000000000 ) ) ;
#15 =( LENGTH_UNIT ( ) NAMED_UNIT ( * ) SI_UNIT ( .MILLI., .METRE. ) );
#16 = ADVANCED_FACE ( 'NONE', ( #496 ), #634, .F. ) ;
#17 = VERTEX_POINT ( 'NONE', #842 ) ;
#18 = EDGE_CURVE ( 'NONE', #392, #1040, #1018, .T. ) ;
#19 = ORIENTED_EDGE ( 'NONE', *, *, #896, .T. ) ;
#20 = AXIS2_PLACEMENT_3D ( 'NONE', #1130, #597, #1030 ) ;
#21 = DIRECTION ( 'NONE',  ( 1.000000000000000000, 0.000000000000000000, 0.000000000000000000 ) ) ;
#22 = DIRECTION ( 'NONE',  ( -0.000000000000000000, -0.000000000000000000, -1.000000000000000000 ) ) ;
#23 = CIRCLE ( 'NONE', #617, 1.650000000000000577 ) ;
#24 = ORIENTED_EDGE ( 'NONE', *, *, #111, .T. ) ;
#25 = DIRECTION ( 'NONE',  ( -0.000000000000000000, -0.000000000000000000, -1.000000000000000000 ) ) ;
#26 = LINE ( 'NONE', #437, #52 ) ;
#27 = ADVANCED_FACE ( 'NONE', ( #948 ), #1285, .F. ) ;
#28 = CARTESIAN_POINT ( 'NONE',  ( 25.00000000000000000, 2.891205793294679017E-15, 0.000000000000000000 ) ) ;
#29 = VECTOR ( 'NONE', #765, 1000.000000000000000 ) ;
#30 = DIRECTION ( 'NONE',  ( 1.000000000000000000, 0.000000000000000000, 0.000000000000000000 ) ) ;
#31 = ORIENTED_EDGE ( 'NONE', *, *, #983, .F. ) ;
#32 = CARTESIAN_POINT ( 'NONE',  ( 0.000000000000000000, 0.000000000000000000, 31.80584412271571182 ) ) ;
#33 = ORIENTED_EDGE ( 'NONE', *, *, #887, .T. ) ;
#34 = CIRCLE ( 'NONE', #207, 1.650000000000000355 ) ;
#35 = CARTESIAN_POINT ( 'NONE',  ( -9.000000000000000000, 0.000000000000000000, 31.80584412271571182 ) ) ;
#36 = ORIENTED_EDGE ( 'NONE', *, *, #130, .F. ) ;
#37 = CARTESIAN_POINT ( 'NONE',  ( -21.13596476272274671, 61.90197291107460131, 6.350000000000001421 ) ) ;
#38 = ORIENTED_EDGE ( 'NONE', *, *, #85, .T. ) ;
#39 = LINE ( 'NONE', #909, #1231 ) ;
#40 = DIRECTION ( 'NONE',  ( -1.302166903349365335E-15, -1.000000000000000000, -3.697785493223497764E-32 ) ) ;
#41 = AXIS2_PLACEMENT_3D ( 'NONE', #1237, #810, #122 ) ;
#42 = LINE ( 'NONE', #362, #299 ) ;
#43 = VERTEX_POINT ( 'NONE', #1154 ) ;
#44 = ADVANCED_FACE ( 'NONE', ( #608 ), #385, .F. ) ;
#45 = DIRECTION ( 'NONE',  ( -1.000000000000000000, 0.000000000000000000, 0.000000000000000000 ) ) ;
#46 = DIRECTION ( 'NONE',  ( 0.000000000000000000, 0.000000000000000000, -1.000000000000000000 ) ) ;
#47 = CIRCLE ( 'NONE', #220, 74.99999999999995737 ) ;
#48 = DIRECTION ( 'NONE',  ( -1.000000000000000000, 0.000000000000000000, 0.000000000000000000 ) ) ;
#49 = CYLINDRICAL_SURFACE ( 'NONE', #323, 5.000000000000002665 ) ;
#50 = PLANE ( 'NONE',  #908 ) ;
#51 = EDGE_LOOP ( 'NONE', ( #850, #1275, #132, #1227 ) ) ;
#52 = VECTOR ( 'NONE', #538, 1000.000000000000000 ) ;
#53 = APPROVAL_DATE_TIME ( #370, #598 ) ;
#54 = CARTESIAN_POINT ( 'NONE',  ( -40.00000000000000000, -31.08495283014144661, 0.000000000000000000 ) ) ;
#55 = CYLINDRICAL_SURFACE ( 'NONE', #1307, 1.000000000000000888 ) ;
#56 = CARTESIAN_POINT ( 'NONE',  ( 17.00000000000000000, 1.040949779275260198E-15, 6.350000000000001421 ) ) ;
#57 = ORIENTED_EDGE ( 'NONE', *, *, #1077, .F. ) ;
#58 = CARTESIAN_POINT ( 'NONE',  ( 6.938893903907228378E-15, -67.16990566028302112, 6.349999999999999645 ) ) ;
#59 = AXIS2_PLACEMENT_3D ( 'NONE', #529, #1092, #1208 ) ;
#60 = CARTESIAN_POINT ( 'NONE',  ( 0.000000000000000000, 17.00000000000000000, 6.350000000000001421 ) ) ;
#61 = CARTESIAN_POINT ( 'NONE',  ( 8.205312275664045529, 21.33664571714208691, 1.075015094795936949E-30 ) ) ;
#62 = PERSON_AND_ORGANIZATION_ROLE ( 'creator' ) ;
#63 = ADVANCED_FACE ( 'NONE', ( #488 ), #530, .F. ) ;
#64 = DIRECTION ( 'NONE',  ( 0.000000000000000000, 0.000000000000000000, -1.000000000000000000 ) ) ;
#65 = ORIENTED_EDGE ( 'NONE', *, *, #1314, .F. ) ;
#66 = CARTESIAN_POINT ( 'NONE',  ( 14.99999999999999822, 30.00000000000000000, 6.350000000000001421 ) ) ;
#67 = CALENDAR_DATE ( 2026, 20, 3 ) ;
#68 = EDGE_CURVE ( 'NONE', #114, #1340, #710, .T. ) ;
#69 = ORIENTED_EDGE ( 'NONE', *, *, #1233, .T. ) ;
#70 = EDGE_LOOP ( 'NONE', ( #113, #1385, #1205, #376 ) ) ;
#71 = CARTESIAN_POINT ( 'NONE',  ( 0.000000000000000000, 0.000000000000000000, 6.349999999999999645 ) ) ;
#72 = AXIS2_PLACEMENT_3D ( 'NONE', #519, #409, #853 ) ;
#73 = VECTOR ( 'NONE', #447, 1000.000000000000000 ) ;
#74 = CYLINDRICAL_SURFACE ( 'NONE', #600, 40.13203773588680434 ) ;
#75 = VERTEX_POINT ( 'NONE', #332 ) ;
#76 = AXIS2_PLACEMENT_3D ( 'NONE', #756, #542, #768 ) ;
#77 = EDGE_CURVE ( 'NONE', #514, #239, #565, .T. ) ;
#78 = CIRCLE ( 'NONE', #875, 5.000000000000000888 ) ;
#79 = CARTESIAN_POINT ( 'NONE',  ( -15.00000000000000000, 26.00345361677943856, 6.350000000000001421 ) ) ;
#80 = ORIENTED_EDGE ( 'NONE', *, *, #486, .F. ) ;
#81 = FACE_BOUND ( 'NONE', #261, .T. ) ;
#82 = CYLINDRICAL_SURFACE ( 'NONE', #890, 74.99999999999995737 ) ;
#83 = ORIENTED_EDGE ( 'NONE', *, *, #1028, .T. ) ;
#84 = ADVANCED_BREP_SHAPE_REPRESENTATION ( 'Weapon Spinner_Vf', ( #637, #341 ), #954 ) ;
#85 = EDGE_CURVE ( 'NONE', #467, #863, #424, .T. ) ;
#86 = ORIENTED_EDGE ( 'NONE', *, *, #1096, .T. ) ;
#87 = DIRECTION ( 'NONE',  ( -3.485933199340899084E-32, -3.697785493223493385E-32, 1.000000000000000000 ) ) ;
#88 = CARTESIAN_POINT ( 'NONE',  ( 25.00000000000000000, 2.891205793294679017E-15, 6.349999999999999645 ) ) ;
#89 = ORIENTED_EDGE ( 'NONE', *, *, #1016, .T. ) ;
#90 = VERTEX_POINT ( 'NONE', #432 ) ;
#91 = ORIENTED_EDGE ( 'NONE', *, *, #157, .F. ) ;
#92 = ADVANCED_FACE ( 'NONE', ( #754 ), #981, .T. ) ;
#93 = ORIENTED_EDGE ( 'NONE', *, *, #594, .T. ) ;
#94 = DIRECTION ( 'NONE',  ( -0.000000000000000000, -0.000000000000000000, -1.000000000000000000 ) ) ;
#96 = CARTESIAN_POINT ( 'NONE',  ( -14.99999999999999822, -30.00000000000000000, -1.632225627868179933E-30 ) ) ;
#95 = VECTOR ( 'NONE', #1185, 1000.000000000000000 ) ;
#97 = DIRECTION ( 'NONE',  ( -0.000000000000000000, -0.000000000000000000, -1.000000000000000000 ) ) ;
#98 = CARTESIAN_POINT ( 'NONE',  ( 15.00000000000000000, -29.99999999999999289, 6.350000000000001421 ) ) ;
#99 = CARTESIAN_POINT ( 'NONE',  ( -40.00000000000000000, -31.08495283014144661, 6.349999999999999645 ) ) ;
#100 = CIRCLE ( 'NONE', #893, 1.000000000000000888 ) ;
#101 = ORIENTED_EDGE ( 'NONE', *, *, #951, .T. ) ;
#102 = CARTESIAN_POINT ( 'NONE',  ( -40.00000000000000000, -31.08495283014144661, 6.350000000000001421 ) ) ;
#103 = EDGE_CURVE ( 'NONE', #917, #1047, #1164, .T. ) ;
#104 = VERTEX_POINT ( 'NONE', #990 ) ;
#105 = CYLINDRICAL_SURFACE ( 'NONE', #1065, 84.99999999999997158 ) ;
#106 = DIRECTION ( 'NONE',  ( 0.000000000000000000, 1.000000000000000000, 0.000000000000000000 ) ) ;
#107 = DIRECTION ( 'NONE',  ( -1.302166903349365335E-15, -1.000000000000000000, -3.697785493223497764E-32 ) ) ;
#108 = CARTESIAN_POINT ( 'NONE',  ( 8.205312275664041977, -21.33664571714207270, 6.350000000000001421 ) ) ;
#109 = CIRCLE ( 'NONE', #191, 30.13203773588680079 ) ;
#110 = DIRECTION ( 'NONE',  ( -1.000000000000000000, 0.000000000000000000, 0.000000000000000000 ) ) ;
#111 = EDGE_CURVE ( 'NONE', #322, #897, #962, .T. ) ;
#112 = VECTOR ( 'NONE', #854, 1000.000000000000000 ) ;
#113 = ORIENTED_EDGE ( 'NONE', *, *, #1010, .T. ) ;
#114 = VERTEX_POINT ( 'NONE', #651 ) ;
#115 = CARTESIAN_POINT ( 'NONE',  ( -20.13596476272274671, 61.90197291107460131, 6.350000000000001421 ) ) ;
#116 = CARTESIAN_POINT ( 'NONE',  ( 5.509291039429783099E-14, 0.000000000000000000, 6.350000000000001421 ) ) ;
#117 = ORIENTED_EDGE ( 'NONE', *, *, #477, .T. ) ;
#118 = VECTOR ( 'NONE', #618, 1000.000000000000000 ) ;
#119 = EDGE_LOOP ( 'NONE', ( #397, #1128, #69, #1337 ) ) ;
#120 = VECTOR ( 'NONE', #344, 1000.000000000000000 ) ;
#121 = ORIENTED_EDGE ( 'NONE', *, *, #1005, .T. ) ;
#122 = DIRECTION ( 'NONE',  ( -1.000000000000000000, 0.000000000000000000, 0.000000000000000000 ) ) ;
#123 = DIRECTION ( 'NONE',  ( 0.000000000000000000, 1.000000000000000000, 0.000000000000000000 ) ) ;
#124 = ORIENTED_EDGE ( 'NONE', *, *, #1299, .T. ) ;
#125 = ADVANCED_FACE ( 'NONE', ( #1080 ), #105, .T. ) ;
#126 = CARTESIAN_POINT ( 'NONE',  ( 15.13203773588680612, -29.99999999999999645, 6.349999999999999645 ) ) ;
#127 = DIRECTION ( 'NONE',  ( -1.000000000000000000, 0.000000000000000000, 0.000000000000000000 ) ) ;
#128 = DIRECTION ( 'NONE',  ( 0.000000000000000000, 0.000000000000000000, 1.000000000000000000 ) ) ;
#129 = CARTESIAN_POINT ( 'NONE',  ( -15.13203773588680612, 29.99999999999999645, 6.350000000000001421 ) ) ;
#130 = EDGE_CURVE ( 'NONE', #1129, #1040, #666, .T. ) ;
#131 = DIRECTION ( 'NONE',  ( -3.485933199340899084E-32, -3.697785493223493385E-32, 1.000000000000000000 ) ) ;
#132 = ORIENTED_EDGE ( 'NONE', *, *, #1148, .T. ) ;
#133 = AXIS2_PLACEMENT_3D ( 'NONE', #1069, #188, #1194 ) ;
#134 = CIRCLE ( 'NONE', #937, 40.13203773588680434 ) ;
#135 = DIRECTION ( 'NONE',  ( 1.000000000000000000, 0.000000000000000000, 0.000000000000000000 ) ) ;
#136 = VERTEX_POINT ( 'NONE', #8 ) ;
#137 = LINE ( 'NONE', #903, #461 ) ;
#138 = AXIS2_PLACEMENT_3D ( 'NONE', #88, #649, #639 ) ;
#139 = CARTESIAN_POINT ( 'NONE',  ( 24.99999999999999645, 30.00000000000000000, 0.000000000000000000 ) ) ;
#140 = ORIENTED_EDGE ( 'NONE', *, *, #280, .T. ) ;
#141 = CARTESIAN_POINT ( 'NONE',  ( 1.650000000000002354, -17.00000000000000000, 6.350000000000001421 ) ) ;
#142 = AXIS2_PLACEMENT_3D ( 'NONE', #535, #644, #3 ) ;
#143 = EDGE_CURVE ( 'NONE', #90, #1129, #23, .T. ) ;
#144 = DIRECTION ( 'NONE',  ( -1.000000000000000000, 0.000000000000000000, 0.000000000000000000 ) ) ;
#145 = EDGE_CURVE ( 'NONE', #602, #917, #566, .T. ) ;
#146 = FACE_BOUND ( 'NONE', #358, .T. ) ;
#147 = CARTESIAN_POINT ( 'NONE',  ( 15.35000000000000320, 1.040949779275260198E-15, -5.751789778912480532E-32 ) ) ;
#148 = ORIENTED_EDGE ( 'NONE', *, *, #352, .T. ) ;
#149 = CARTESIAN_POINT ( 'NONE',  ( 25.00000000000000000, 2.891205793294679017E-15, 6.349999999999999645 ) ) ;
#150 = VECTOR ( 'NONE', #64, 1000.000000000000000 ) ;
#151 = ORIENTED_EDGE ( 'NONE', *, *, #244, .T. ) ;
#152 = DIRECTION ( 'NONE',  ( -3.485933199340899084E-32, -3.697785493223493385E-32, 1.000000000000000000 ) ) ;
#153 = CARTESIAN_POINT ( 'NONE',  ( -14.99999999999995737, 1.953250355024042461E-14, 6.350000000000001421 ) ) ;
#154 = FACE_OUTER_BOUND ( 'NONE', #511, .T. ) ;
#155 = CARTESIAN_POINT ( 'NONE',  ( 10.00000000000000178, -26.00345361677944922, 6.350000000000001421 ) ) ;
#156 = CIRCLE ( 'NONE', #541, 1.650000000000000577 ) ;
#157 = EDGE_CURVE ( 'NONE', #1090, #2, #1061, .T. ) ;
#158 = ORIENTED_EDGE ( 'NONE', *, *, #177, .F. ) ;
#159 = CARTESIAN_POINT ( 'NONE',  ( 15.13203773588680612, -29.99999999999999645, 0.000000000000000000 ) ) ;
#160 = DIRECTION ( 'NONE',  ( 3.485933199340899084E-32, 3.697785493223493385E-32, -1.000000000000000000 ) ) ;
#161 = AXIS2_PLACEMENT_3D ( 'NONE', #873, #330, #881 ) ;
#162 = EDGE_CURVE ( 'NONE', #1110, #441, #640, .T. ) ;
#163 = VECTOR ( 'NONE', #797, 1000.000000000000000 ) ;
#164 = CC_DESIGN_APPROVAL ( #785, ( #1220 ) ) ;
#165 = DIRECTION ( 'NONE',  ( 0.000000000000000000, 0.000000000000000000, -1.000000000000000000 ) ) ;
#166 = AXIS2_PLACEMENT_3D ( 'NONE', #102, #524, #965 ) ;
#167 = DIRECTION ( 'NONE',  ( -3.485933199340899084E-32, -3.697785493223493385E-32, 1.000000000000000000 ) ) ;
#168 = DATE_TIME_ROLE ( 'classification_date' ) ;
#169 = EDGE_LOOP ( 'NONE', ( #1066, #24, #57, #531 ) ) ;
#170 = ORIENTED_EDGE ( 'NONE', *, *, #77, .F. ) ;
#171 = EDGE_CURVE ( 'NONE', #443, #356, #47, .T. ) ;
#172 = ORIENTED_EDGE ( 'NONE', *, *, #692, .T. ) ;
#173 = AXIS2_PLACEMENT_3D ( 'NONE', #126, #1228, #495 ) ;
#174 = VERTEX_POINT ( 'NONE', #793 ) ;
#175 = DIRECTION ( 'NONE',  ( -0.000000000000000000, 0.000000000000000000, -1.000000000000000000 ) ) ;
#176 = DIRECTION ( 'NONE',  ( 0.000000000000000000, 0.000000000000000000, -1.000000000000000000 ) ) ;
#177 = EDGE_CURVE ( 'NONE', #1214, #192, #1007, .T. ) ;
#178 = DATE_AND_TIME ( #718, #740 ) ;
#179 = EDGE_LOOP ( 'NONE', ( #557, #1098, #1255, #498 ) ) ;
#180 = LOCAL_TIME ( 19, 19, 49.00000000000000000, #379 ) ;
#181 = ADVANCED_FACE ( 'NONE', ( #154 ), #1223, .F. ) ;
#182 = DIRECTION ( 'NONE',  ( -3.485933199340899084E-32, -3.697785493223493385E-32, 1.000000000000000000 ) ) ;
#183 = ORIENTED_EDGE ( 'NONE', *, *, #748, .F. ) ;
#184 = LINE ( 'NONE', #1393, #324 ) ;
#185 = CARTESIAN_POINT ( 'NONE',  ( -9.999999999999998224, 26.00345361677943856, 6.350000000000001421 ) ) ;
#186 = ORIENTED_EDGE ( 'NONE', *, *, #886, .T. ) ;
#187 = DIRECTION ( 'NONE',  ( -3.485933199340899084E-32, -3.697785493223493385E-32, 1.000000000000000000 ) ) ;
#188 = DIRECTION ( 'NONE',  ( -3.485933199340899084E-32, -3.697785493223493385E-32, 1.000000000000000000 ) ) ;
#189 = VERTEX_POINT ( 'NONE', #61 ) ;
#190 = ORIENTED_EDGE ( 'NONE', *, *, #1133, .T. ) ;
#191 = AXIS2_PLACEMENT_3D ( 'NONE', #375, #271, #817 ) ;
#192 = VERTEX_POINT ( 'NONE', #1250 ) ;
#193 = FACE_BOUND ( 'NONE', #492, .T. ) ;
#194 = CARTESIAN_POINT ( 'NONE',  ( 3.770563018870944028, -57.90800226407321816, 6.350000000000001421 ) ) ;
#195 = FACE_OUTER_BOUND ( 'NONE', #236, .T. ) ;
#196 = DIRECTION ( 'NONE',  ( 4.340556344497895791E-16, -1.000000000000000000, 0.000000000000000000 ) ) ;
#197 = ORIENTED_EDGE ( 'NONE', *, *, #692, .F. ) ;
#198 = VECTOR ( 'NONE', #400, 1000.000000000000000 ) ;
#199 = ORIENTED_EDGE ( 'NONE', *, *, #619, .F. ) ;
#200 = ADVANCED_FACE ( 'NONE', ( #265 ), #931, .F. ) ;
#201 = LOCAL_TIME ( 19, 19, 49.00000000000000000, #812 ) ;
#202 = CARTESIAN_POINT ( 'NONE',  ( 0.000000000000000000, 0.000000000000000000, 0.000000000000000000 ) ) ;
#203 = LINE ( 'NONE', #329, #1049 ) ;
#204 = CARTESIAN_POINT ( 'NONE',  ( 0.000000000000000000, 0.000000000000000000, 0.000000000000000000 ) ) ;
#205 = LINE ( 'NONE', #860, #973 ) ;
#206 = DIRECTION ( 'NONE',  ( -4.340556344497895298E-16, 1.000000000000000000, 3.697785493223491743E-32 ) ) ;
#207 = AXIS2_PLACEMENT_3D ( 'NONE', #453, #241, #688 ) ;
#208 = CARTESIAN_POINT ( 'NONE',  ( 1.650000000000002354, -17.00000000000000000, 6.350000000000001421 ) ) ;
#209 = CARTESIAN_POINT ( 'NONE',  ( 40.00000000000000000, 31.08495283014144661, 6.349999999999999645 ) ) ;
#210 = CARTESIAN_POINT ( 'NONE',  ( -1.649999999999999911, 17.00000000000000000, -5.751789778912484911E-32 ) ) ;
#211 = DIRECTION ( 'NONE',  ( 0.000000000000000000, 1.000000000000000000, 3.697785493223489006E-32 ) ) ;
#212 = VERTEX_POINT ( 'NONE', #66 ) ;
#213 = ORIENTED_EDGE ( 'NONE', *, *, #417, .T. ) ;
#214 = CARTESIAN_POINT ( 'NONE',  ( 10.00000000000000178, -26.00345361677944922, 0.000000000000000000 ) ) ;
#215 = CARTESIAN_POINT ( 'NONE',  ( 9.000000000000000000, 1.102182119232617714E-15, 3.137339879406809394E-31 ) ) ;
#216 = ADVANCED_FACE ( 'NONE', ( #81, #193, #504, #844, #1271, #1190, #287, #857 ), #1295, .T. ) ;
#217 = CARTESIAN_POINT ( 'NONE',  ( 6.938893903907228378E-15, -67.16990566028302112, 0.000000000000000000 ) ) ;
#218 = ORIENTED_EDGE ( 'NONE', *, *, #402, .T. ) ;
#219 = VECTOR ( 'NONE', #975, 1000.000000000000000 ) ;
#220 = AXIS2_PLACEMENT_3D ( 'NONE', #1033, #1102, #555 ) ;
#221 = DIRECTION ( 'NONE',  ( 0.000000000000000000, 1.000000000000000000, 3.697785493223493385E-32 ) ) ;
#222 = ORIENTED_EDGE ( 'NONE', *, *, #787, .T. ) ;
#223 = DIRECTION ( 'NONE',  ( -1.000000000000000000, 0.000000000000000000, 0.000000000000000000 ) ) ;
#224 = CIRCLE ( 'NONE', #790, 1.649999999999998579 ) ;
#225 = DIRECTION ( 'NONE',  ( -1.000000000000000000, 0.000000000000000000, 0.000000000000000000 ) ) ;
#226 = ADVANCED_FACE ( 'NONE', ( #1386 ), #737, .T. ) ;
#227 = ORIENTED_EDGE ( 'NONE', *, *, #396, .T. ) ;
#228 = ORIENTED_EDGE ( 'NONE', *, *, #77, .T. ) ;
#229 = CARTESIAN_POINT ( 'NONE',  ( -15.35000000000000142, 1.243016501134542979E-15, 5.751789778912487101E-32 ) ) ;
#230 = CIRCLE ( 'NONE', #292, 96.08495283014146082 ) ;
#231 = DIRECTION ( 'NONE',  ( 0.000000000000000000, 1.000000000000000000, 3.697785493223493385E-32 ) ) ;
#232 = DIRECTION ( 'NONE',  ( 0.000000000000000000, 0.000000000000000000, -1.000000000000000000 ) ) ;
#233 = VERTEX_POINT ( 'NONE', #743 ) ;
#234 = CARTESIAN_POINT ( 'NONE',  ( 18.64999999999999858, 1.243016501134573350E-15, 6.350000000000001421 ) ) ;
#235 = ORIENTED_EDGE ( 'NONE', *, *, #612, .F. ) ;
#236 = EDGE_LOOP ( 'NONE', ( #1189, #945, #1088, #1298 ) ) ;
#237 = LINE ( 'NONE', #573, #571 ) ;
#238 = DIRECTION ( 'NONE',  ( -1.784692699068078896E-15, 1.000000000000000000, 0.000000000000000000 ) ) ;
#239 = VERTEX_POINT ( 'NONE', #1170 ) ;
#240 = DIRECTION ( 'NONE',  ( 0.000000000000000000, 1.000000000000000000, 0.000000000000000000 ) ) ;
#241 = DIRECTION ( 'NONE',  ( -3.485933199340899084E-32, -3.697785493223493385E-32, 1.000000000000000000 ) ) ;
#242 = EDGE_CURVE ( 'NONE', #966, #699, #184, .T. ) ;
#243 = DIRECTION ( 'NONE',  ( 1.957060072957617620E-14, 1.000000000000000000, 3.697785493223560713E-32 ) ) ;
#244 = EDGE_CURVE ( 'NONE', #1040, #392, #650, .T. ) ;
#245 = DIRECTION ( 'NONE',  ( -3.485933199340899084E-32, -3.697785493223493385E-32, 1.000000000000000000 ) ) ;
#246 = ORIENTED_EDGE ( 'NONE', *, *, #1111, .F. ) ;
#247 = AXIS2_PLACEMENT_3D ( 'NONE', #859, #429, #1059 ) ;
#248 = DIRECTION ( 'NONE',  ( -0.000000000000000000, -0.000000000000000000, -1.000000000000000000 ) ) ;
#249 = VECTOR ( 'NONE', #335, 1000.000000000000000 ) ;
#250 = CARTESIAN_POINT ( 'NONE',  ( -15.00000000000000000, -8.906048822441147554E-77, 6.350000000000001421 ) ) ;
#251 = CIRCLE ( 'NONE', #919, 30.13203773588680434 ) ;
#252 = DATE_TIME_ROLE ( 'creation_date' ) ;
#253 = CARTESIAN_POINT ( 'NONE',  ( 8.205312275664041977, -21.33664571714207270, 6.350000000000001421 ) ) ;
#254 = DIRECTION ( 'NONE',  ( -1.000000000000000000, 0.000000000000000000, 0.000000000000000000 ) ) ;
#255 = AXIS2_PLACEMENT_3D ( 'NONE', #318, #773, #221 ) ;
#256 = CARTESIAN_POINT ( 'NONE',  ( -15.13203773588680612, 29.99999999999999645, 0.000000000000000000 ) ) ;
#257 = DIRECTION ( 'NONE',  ( 0.000000000000000000, 0.000000000000000000, -1.000000000000000000 ) ) ;
#258 = DIRECTION ( 'NONE',  ( 0.000000000000000000, 1.000000000000000000, 3.697785493223493385E-32 ) ) ;
#259 = FACE_OUTER_BOUND ( 'NONE', #281, .T. ) ;
#260 = EDGE_CURVE ( 'NONE', #548, #622, #1074, .T. ) ;
#261 = EDGE_LOOP ( 'NONE', ( #741, #91, #1108, #1219, #1406, #878, #523, #1045, #1270, #1159 ) ) ;
#262 = CIRCLE ( 'NONE', #822, 106.0849528301414608 ) ;
#263 = FACE_OUTER_BOUND ( 'NONE', #846, .T. ) ;
#264 = ORIENTED_EDGE ( 'NONE', *, *, #1384, .F. ) ;
#265 = FACE_OUTER_BOUND ( 'NONE', #720, .T. ) ;
#266 = APPROVAL_DATE_TIME ( #1141, #338 ) ;
#267 = LINE ( 'NONE', #388, #533 ) ;
#268 = AXIS2_PLACEMENT_3D ( 'NONE', #1290, #428, #959 ) ;
#269 = PERSON_AND_ORGANIZATION_ROLE ( 'classification_officer' ) ;
#270 = DIRECTION ( 'NONE',  ( 0.000000000000000000, 1.000000000000000000, 0.000000000000000000 ) ) ;
#271 = DIRECTION ( 'NONE',  ( -3.485933199340899084E-32, -3.697785493223493385E-32, 1.000000000000000000 ) ) ;
#272 = VECTOR ( 'NONE', #176, 1000.000000000000000 ) ;
#273 = ORIENTED_EDGE ( 'NONE', *, *, #382, .T. ) ;
#274 = EDGE_CURVE ( 'NONE', #956, #957, #942, .T. ) ;
#275 = CC_DESIGN_SECURITY_CLASSIFICATION ( #1220, ( #1002 ) ) ;
#276 = VECTOR ( 'NONE', #841, 1000.000000000000000 ) ;
#277 = EDGE_LOOP ( 'NONE', ( #1318, #222 ) ) ;
#278 = ORIENTED_EDGE ( 'NONE', *, *, #681, .F. ) ;
#279 = EDGE_LOOP ( 'NONE', ( #921, #771, #315, #367, #636, #1126, #158, #839 ) ) ;
#280 = EDGE_CURVE ( 'NONE', #2, #174, #595, .T. ) ;
#281 = EDGE_LOOP ( 'NONE', ( #963, #213, #943, #913 ) ) ;
#282 = DIRECTION ( 'NONE',  ( -1.000000000000000000, 0.000000000000000000, 0.000000000000000000 ) ) ;
#283 = LINE ( 'NONE', #733, #272 ) ;
#284 = EDGE_LOOP ( 'NONE', ( #558, #264, #708, #609 ) ) ;
#285 = AXIS2_PLACEMENT_3D ( 'NONE', #116, #1390, #1060 ) ;
#286 = VERTEX_POINT ( 'NONE', #58 ) ;
#287 = FACE_BOUND ( 'NONE', #687, .T. ) ;
#288 = CARTESIAN_POINT ( 'NONE',  ( -15.13203773588680612, 29.99999999999999645, 6.349999999999999645 ) ) ;
#289 = DIRECTION ( 'NONE',  ( 0.000000000000000000, 0.000000000000000000, 1.000000000000000000 ) ) ;
#290 = ADVANCED_FACE ( 'NONE', ( #928 ), #826, .F. ) ;
#291 = CARTESIAN_POINT ( 'NONE',  ( 21.06461633524924437, -61.53101973769001631, 4.608922610497016952E-32 ) ) ;
#292 = AXIS2_PLACEMENT_3D ( 'NONE', #1240, #360, #243 ) ;
#293 = CARTESIAN_POINT ( 'NONE',  ( -17.00000000000000000, 1.040949779275229432E-15, 0.000000000000000000 ) ) ;
#294 = ORIENTED_EDGE ( 'NONE', *, *, #1055, .T. ) ;
#295 = ORIENTED_EDGE ( 'NONE', *, *, #260, .T. ) ;
#296 = VECTOR ( 'NONE', #97, 1000.000000000000000 ) ;
#297 = DIRECTION ( 'NONE',  ( -1.000000000000000000, 0.000000000000000000, 0.000000000000000000 ) ) ;
#298 = LINE ( 'NONE', #1186, #296 ) ;
#299 = VECTOR ( 'NONE', #449, 1000.000000000000000 ) ;
#300 = DIRECTION ( 'NONE',  ( 0.000000000000000000, 1.000000000000000000, 0.000000000000000000 ) ) ;
#301 = CARTESIAN_POINT ( 'NONE',  ( 99.99999999999994316, -30.00000000000000355, 6.349999999999999645 ) ) ;
#302 = EDGE_LOOP ( 'NONE', ( #988, #452, #464, #801, #384, #199, #1378, #411 ) ) ;
#303 = DIRECTION ( 'NONE',  ( -3.485933199340899084E-32, -3.697785493223493385E-32, 1.000000000000000000 ) ) ;
#304 = CARTESIAN_POINT ( 'NONE',  ( 0.000000000000000000, 17.00000000000000000, 6.350000000000001421 ) ) ;
#305 = CARTESIAN_POINT ( 'NONE',  ( -99.99999999999994316, 30.00000000000000355, 6.350000000000001421 ) ) ;
#306 = EDGE_CURVE ( 'NONE', #174, #750, #78, .T. ) ;
#307 = ORIENTED_EDGE ( 'NONE', *, *, #1225, .F. ) ;
#308 = ORIENTED_EDGE ( 'NONE', *, *, #559, .F. ) ;
#309 = ORIENTED_EDGE ( 'NONE', *, *, #1010, .F. ) ;
#310 = VERTEX_POINT ( 'NONE', #147 ) ;
#311 = DIRECTION ( 'NONE',  ( 1.000000000000000000, 0.000000000000000000, 0.000000000000000000 ) ) ;
#312 = DIRECTION ( 'NONE',  ( -1.000000000000000000, 0.000000000000000000, 0.000000000000000000 ) ) ;
#313 = DIRECTION ( 'NONE',  ( 0.000000000000000000, 1.000000000000000000, 3.697785493223493385E-32 ) ) ;
#314 = CARTESIAN_POINT ( 'NONE',  ( 0.000000000000000000, 0.000000000000000000, 6.350000000000001421 ) ) ;
#315 = ORIENTED_EDGE ( 'NONE', *, *, #610, .F. ) ;
#316 = ADVANCED_FACE ( 'NONE', ( #1352 ), #1245, .T. ) ;
#318 = CARTESIAN_POINT ( 'NONE',  ( 0.000000000000000000, 0.000000000000000000, 0.000000000000000000 ) ) ;
#317 = AXIS2_PLACEMENT_3D ( 'NONE', #5, #413, #1404 ) ;
#319 = CARTESIAN_POINT ( 'NONE',  ( 8.205312275664041977, -21.33664571714207270, 1.100069303022760129E-31 ) ) ;
#320 = CARTESIAN_POINT ( 'NONE',  ( 17.00000000000000000, 1.040949779275260198E-15, 6.350000000000001421 ) ) ;
#321 = CARTESIAN_POINT ( 'NONE',  ( -15.35000000000000142, 1.243016501134542979E-15, 6.350000000000001421 ) ) ;
#322 = VERTEX_POINT ( 'NONE', #234 ) ;
#323 = AXIS2_PLACEMENT_3D ( 'NONE', #1244, #474, #711 ) ;
#324 = VECTOR ( 'NONE', #107, 1000.000000000000000 ) ;
#325 = LINE ( 'NONE', #800, #1006 ) ;
#326 = ORIENTED_EDGE ( 'NONE', *, *, #306, .T. ) ;
#327 = VERTEX_POINT ( 'NONE', #705 ) ;
#328 = DIRECTION ( 'NONE',  ( -1.000000000000000000, 0.000000000000000000, 0.000000000000000000 ) ) ;
#329 = CARTESIAN_POINT ( 'NONE',  ( -3.770563018870942251, 57.90800226407321105, 6.350000000000001421 ) ) ;
#330 = DIRECTION ( 'NONE',  ( 0.000000000000000000, 0.000000000000000000, -1.000000000000000000 ) ) ;
#331 = CARTESIAN_POINT ( 'NONE',  ( -15.35000000000000142, 1.243016501134542979E-15, 6.350000000000001421 ) ) ;
#332 = CARTESIAN_POINT ( 'NONE',  ( 25.00000000000000000, -30.00000000000000000, 0.000000000000000000 ) ) ;
#333 = AXIS2_PLACEMENT_3D ( 'NONE', #694, #245, #672 ) ;
#334 = EDGE_CURVE ( 'NONE', #957, #956, #34, .T. ) ;
#335 = DIRECTION ( 'NONE',  ( -0.000000000000000000, -0.000000000000000000, -1.000000000000000000 ) ) ;
#336 = AXIS2_PLACEMENT_3D ( 'NONE', #546, #781, #1320 ) ;
#337 = ORIENTED_EDGE ( 'NONE', *, *, #145, .F. ) ;
#338 = APPROVAL ( #365, 'UNSPECIFIED' ) ;
#339 = CARTESIAN_POINT ( 'NONE',  ( 40.00000000000000000, 31.08495283014144661, 6.349999999999999645 ) ) ;
#340 = CARTESIAN_POINT ( 'NONE',  ( 99.99999999999994316, -30.00000000000000355, 6.350000000000001421 ) ) ;
#341 = AXIS2_PLACEMENT_3D ( 'NONE', #202, #289, #135 ) ;
#342 = CARTESIAN_POINT ( 'NONE',  ( 2.081899558550520396E-15, -17.00000000000000000, 6.350000000000001421 ) ) ;
#343 = DIRECTION ( 'NONE',  ( 1.156482317317871478E-16, -1.000000000000000000, 0.000000000000000000 ) ) ;
#344 = DIRECTION ( 'NONE',  ( -0.000000000000000000, -0.000000000000000000, -1.000000000000000000 ) ) ;
#345 = DIRECTION ( 'NONE',  ( -1.000000000000000000, 0.000000000000000000, 0.000000000000000000 ) ) ;
#346 = CARTESIAN_POINT ( 'NONE',  ( 99.99999999999994316, -30.00000000000000355, 6.349999999999999645 ) ) ;
#347 = DIRECTION ( 'NONE',  ( 0.000000000000000000, 1.000000000000000000, 3.697785493223493385E-32 ) ) ;
#348 = EDGE_CURVE ( 'NONE', #1214, #75, #1020, .T. ) ;
#349 = DIRECTION ( 'NONE',  ( 3.485933199340899084E-32, 3.697785493223493385E-32, -1.000000000000000000 ) ) ;
#350 = EDGE_LOOP ( 'NONE', ( #1311, #308, #1173, #774 ) ) ;
#351 = EDGE_LOOP ( 'NONE', ( #1343, #378, #190, #1323 ) ) ;
#352 = EDGE_CURVE ( 'NONE', #991, #1256, #673, .T. ) ;
#353 = CARTESIAN_POINT ( 'NONE',  ( 9.000000000000000000, 1.102182119232617714E-15, 31.80584412271571182 ) ) ;
#354 = CIRCLE ( 'NONE', #1160, 106.0849528301414608 ) ;
#355 = FACE_OUTER_BOUND ( 'NONE', #1329, .T. ) ;
#356 = VERTEX_POINT ( 'NONE', #532 ) ;
#357 = CARTESIAN_POINT ( 'NONE',  ( 15.00000000000000000, 26.00345361677944922, 1.484441915479507787E-30 ) ) ;
#358 = EDGE_LOOP ( 'NONE', ( #861, #86 ) ) ;
#359 = EDGE_CURVE ( 'NONE', #233, #1155, #604, .T. ) ;
#360 = DIRECTION ( 'NONE',  ( -3.485933199340899084E-32, -3.697785493223493385E-32, 1.000000000000000000 ) ) ;
#361 = CYLINDRICAL_SURFACE ( 'NONE', #1328, 9.000000000000000000 ) ;
#362 = CARTESIAN_POINT ( 'NONE',  ( -8.205312275664025989, -21.33664571714206915, 6.350000000000001421 ) ) ;
#363 = FACE_OUTER_BOUND ( 'NONE', #179, .T. ) ;
#364 = FACE_OUTER_BOUND ( 'NONE', #723, .T. ) ;
#365 = APPROVAL_STATUS ( 'not_yet_approved' ) ;
#366 = COORDINATED_UNIVERSAL_TIME_OFFSET ( 8, 0, .BEHIND. ) ;
#367 = ORIENTED_EDGE ( 'NONE', *, *, #732, .T. ) ;
#368 = DIRECTION ( 'NONE',  ( -0.000000000000000000, -0.000000000000000000, -1.000000000000000000 ) ) ;
#369 = CARTESIAN_POINT ( 'NONE',  ( 10.00000000000000000, 26.00345361677944922, 6.350000000000001421 ) ) ;
#370 = DATE_AND_TIME ( #605, #717 ) ;
#371 = DIRECTION ( 'NONE',  ( -0.000000000000000000, 0.000000000000000000, 1.000000000000000000 ) ) ;
#372 = EDGE_CURVE ( 'NONE', #1211, #1197, #984, .T. ) ;
#373 = AXIS2_PLACEMENT_3D ( 'NONE', #129, #993, #238 ) ;
#374 = DIRECTION ( 'NONE',  ( -0.000000000000000000, 0.000000000000000000, 1.000000000000000000 ) ) ;
#375 = CARTESIAN_POINT ( 'NONE',  ( -15.13203773588680612, 29.99999999999999645, 0.000000000000000000 ) ) ;
#376 = ORIENTED_EDGE ( 'NONE', *, *, #1133, .F. ) ;
#377 = DIRECTION ( 'NONE',  ( 0.000000000000000000, 0.000000000000000000, -1.000000000000000000 ) ) ;
#378 = ORIENTED_EDGE ( 'NONE', *, *, #1111, .T. ) ;
#379 = COORDINATED_UNIVERSAL_TIME_OFFSET ( 8, 0, .BEHIND. ) ;
#380 = DIRECTION ( 'NONE',  ( -1.000000000000000000, 0.000000000000000000, 0.000000000000000000 ) ) ;
#381 = LINE ( 'NONE', #1259, #1252 ) ;
#382 = EDGE_CURVE ( 'NONE', #286, #1053, #325, .T. ) ;
#383 = CC_DESIGN_APPROVAL ( #338, ( #1002 ) ) ;
#384 = ORIENTED_EDGE ( 'NONE', *, *, #1200, .T. ) ;
#385 = CYLINDRICAL_SURFACE ( 'NONE', #423, 1.649999999999999911 ) ;
#386 = EDGE_LOOP ( 'NONE', ( #827, #151 ) ) ;
#387 = ORIENTED_EDGE ( 'NONE', *, *, #1225, .T. ) ;
#388 = CARTESIAN_POINT ( 'NONE',  ( -19.92705646918063067, 62.87990814660368244, 6.350000000000001421 ) ) ;
#389 = ORIENTED_EDGE ( 'NONE', *, *, #68, .F. ) ;
#390 = EDGE_CURVE ( 'NONE', #966, #548, #941, .T. ) ;
#391 = EDGE_CURVE ( 'NONE', #1354, #43, #1357, .T. ) ;
#392 = VERTEX_POINT ( 'NONE', #898 ) ;
#393 = CIRCLE ( 'NONE', #614, 5.000000000000004441 ) ;
#394 = DIRECTION ( 'NONE',  ( -1.000000000000000000, 0.000000000000000000, 0.000000000000000000 ) ) ;
#395 = ORIENTED_EDGE ( 'NONE', *, *, #391, .F. ) ;
#396 = EDGE_CURVE ( 'NONE', #514, #174, #926, .T. ) ;
#397 = ORIENTED_EDGE ( 'NONE', *, *, #306, .F. ) ;
#398 = CARTESIAN_POINT ( 'NONE',  ( 24.99999999999999645, 30.00000000000000000, 6.349999999999999645 ) ) ;
#399 = PLANE ( 'NONE',  #138 ) ;
#400 = DIRECTION ( 'NONE',  ( 0.000000000000000000, 0.000000000000000000, -1.000000000000000000 ) ) ;
#401 =( NAMED_UNIT ( * ) SI_UNIT ( $, .STERADIAN. ) SOLID_ANGLE_UNIT ( ) );
#402 = EDGE_CURVE ( 'NONE', #322, #510, #872, .T. ) ;
#403 = CYLINDRICAL_SURFACE ( 'NONE', #588, 1.650000000000000133 ) ;
#404 = AXIS2_PLACEMENT_3D ( 'NONE', #678, #1132, #225 ) ;
#405 = VERTEX_POINT ( 'NONE', #139 ) ;
#406 = VECTOR ( 'NONE', #664, 1000.000000000000000 ) ;
#407 = EDGE_CURVE ( 'NONE', #327, #1053, #726, .T. ) ;
#408 = CARTESIAN_POINT ( 'NONE',  ( -14.99999999999999289, -26.00345361677943856, 6.350000000000001421 ) ) ;
#409 = DIRECTION ( 'NONE',  ( 0.000000000000000000, -0.000000000000000000, -1.000000000000000000 ) ) ;
#410 = DIRECTION ( 'NONE',  ( 0.000000000000000000, 0.000000000000000000, -1.000000000000000000 ) ) ;
#411 = ORIENTED_EDGE ( 'NONE', *, *, #645, .T. ) ;
#412 = LINE ( 'NONE', #108, #219 ) ;
#413 = DIRECTION ( 'NONE',  ( -0.000000000000000000, 0.000000000000000000, 1.000000000000000000 ) ) ;
#414 = CARTESIAN_POINT ( 'NONE',  ( 99.99999999999994316, -30.00000000000000355, 0.000000000000000000 ) ) ;
#415 = CARTESIAN_POINT ( 'NONE',  ( 2.081899558550520396E-15, -17.00000000000000000, 6.350000000000001421 ) ) ;
#416 = EDGE_CURVE ( 'NONE', #899, #602, #251, .T. ) ;
#417 = EDGE_CURVE ( 'NONE', #991, #1155, #590, .T. ) ;
#418 = VECTOR ( 'NONE', #775, 1000.000000000000000 ) ;
#419 = CARTESIAN_POINT ( 'NONE',  ( -1.649999999999999911, 17.00000000000000000, 6.350000000000001421 ) ) ;
#420 = ORIENTED_EDGE ( 'NONE', *, *, #944, .T. ) ;
#421 = DIRECTION ( 'NONE',  ( -3.485933199340899084E-32, -3.697785493223493385E-32, 1.000000000000000000 ) ) ;
#422 = DIRECTION ( 'NONE',  ( 0.000000000000000000, 0.000000000000000000, -1.000000000000000000 ) ) ;
#423 = AXIS2_PLACEMENT_3D ( 'NONE', #60, #1269, #833 ) ;
#424 = LINE ( 'NONE', #867, #1235 ) ;
#425 = ORIENTED_EDGE ( 'NONE', *, *, #891, .T. ) ;
#426 = DIRECTION ( 'NONE',  ( -3.485933199340899084E-32, -3.697785493223493385E-32, 1.000000000000000000 ) ) ;
#427 = CARTESIAN_POINT ( 'NONE',  ( 2.081899558550520396E-15, -17.00000000000000000, 0.000000000000000000 ) ) ;
#428 = DIRECTION ( 'NONE',  ( -3.485933199340899084E-32, -3.697785493223493385E-32, 1.000000000000000000 ) ) ;
#429 = DIRECTION ( 'NONE',  ( -3.485933199340899084E-32, -3.697785493223493385E-32, 1.000000000000000000 ) ) ;
#430 = CYLINDRICAL_SURFACE ( 'NONE', #161, 1.649999999999999911 ) ;
#431 = LINE ( 'NONE', #1175, #1218 ) ;
#432 = CARTESIAN_POINT ( 'NONE',  ( -18.65000000000000213, 1.040949779275229432E-15, 6.350000000000001421 ) ) ;
#433 = ORIENTED_EDGE ( 'NONE', *, *, #732, .F. ) ;
#434 = ORIENTED_EDGE ( 'NONE', *, *, #758, .T. ) ;
#435 = ORIENTED_EDGE ( 'NONE', *, *, #583, .F. ) ;
#436 = DIRECTION ( 'NONE',  ( 0.000000000000000000, 0.000000000000000000, -1.000000000000000000 ) ) ;
#437 = CARTESIAN_POINT ( 'NONE',  ( 14.99999999999999822, 30.00000000000000000, 6.350000000000001421 ) ) ;
#438 = DIRECTION ( 'NONE',  ( 0.000000000000000000, 0.000000000000000000, -1.000000000000000000 ) ) ;
#439 = EDGE_LOOP ( 'NONE', ( #65, #1158 ) ) ;
#440 = DIRECTION ( 'NONE',  ( -3.485933199340899084E-32, -3.697785493223493385E-32, 1.000000000000000000 ) ) ;
#441 = VERTEX_POINT ( 'NONE', #1136 ) ;
#442 = CARTESIAN_POINT ( 'NONE',  ( -14.99999999999995737, 1.953250355024042461E-14, -5.228899799011298923E-31 ) ) ;
#443 = VERTEX_POINT ( 'NONE', #905 ) ;
#444 = PRODUCT_DEFINITION ( 'UNKNOWN', '', #1002, #679 ) ;
#445 = DIRECTION ( 'NONE',  ( 0.000000000000000000, 1.000000000000000000, 0.000000000000000000 ) ) ;
#446 = VECTOR ( 'NONE', #967, 1000.000000000000000 ) ;
#447 = DIRECTION ( 'NONE',  ( 1.156482317317871478E-16, -1.000000000000000000, 0.000000000000000000 ) ) ;
#448 = CIRCLE ( 'NONE', #1260, 1.000000000000014655 ) ;
#449 = DIRECTION ( 'NONE',  ( 0.000000000000000000, 0.000000000000000000, -1.000000000000000000 ) ) ;
#450 = VERTEX_POINT ( 'NONE', #601 ) ;
#451 = AXIS2_PLACEMENT_3D ( 'NONE', #427, #780, #1206 ) ;
#452 = ORIENTED_EDGE ( 'NONE', *, *, #838, .T. ) ;
#453 = CARTESIAN_POINT ( 'NONE',  ( 2.081899558550520396E-15, -17.00000000000000000, 0.000000000000000000 ) ) ;
#454 = ORIENTED_EDGE ( 'NONE', *, *, #157, .T. ) ;
#455 = DIRECTION ( 'NONE',  ( 0.000000000000000000, -1.000000000000000000, 0.000000000000000000 ) ) ;
#456 = DIRECTION ( 'NONE',  ( 0.000000000000000000, 1.000000000000000000, 0.000000000000000000 ) ) ;
#457 = CARTESIAN_POINT ( 'NONE',  ( -14.99999999999998579, 30.00000000000000355, 0.000000000000000000 ) ) ;
#458 = EDGE_LOOP ( 'NONE', ( #1346, #660, #454, #140 ) ) ;
#459 = DIRECTION ( 'NONE',  ( 0.000000000000000000, 0.000000000000000000, -1.000000000000000000 ) ) ;
#460 = PERSON_AND_ORGANIZATION ( #536, #9 ) ;
#461 = VECTOR ( 'NONE', #1008, 1000.000000000000000 ) ;
#462 = CIRCLE ( 'NONE', #1183, 84.99999999999997158 ) ;
#463 = DIRECTION ( 'NONE',  ( -1.000000000000000000, 0.000000000000000000, 0.000000000000000000 ) ) ;
#464 = ORIENTED_EDGE ( 'NONE', *, *, #543, .T. ) ;
#465 = DIRECTION ( 'NONE',  ( 0.000000000000000000, 1.000000000000000000, 3.697785493223493385E-32 ) ) ;
#466 = CARTESIAN_POINT ( 'NONE',  ( -40.00000000000000000, -31.08495283014144661, 6.350000000000001421 ) ) ;
#467 = VERTEX_POINT ( 'NONE', #357 ) ;
#468 = EDGE_CURVE ( 'NONE', #1062, #1365, #1286, .T. ) ;
#469 = CARTESIAN_POINT ( 'NONE',  ( -9.999999999999998224, 26.00345361677943856, 0.000000000000000000 ) ) ;
#470 = ORIENTED_EDGE ( 'NONE', *, *, #244, .F. ) ;
#471 = PERSON_AND_ORGANIZATION ( #536, #9 ) ;
#472 = CARTESIAN_POINT ( 'NONE',  ( 15.00000000000000000, 26.00345361677944922, 6.350000000000001421 ) ) ;
#473 = CYLINDRICAL_SURFACE ( 'NONE', #41, 1.650000000000002132 ) ;
#474 = DIRECTION ( 'NONE',  ( 0.000000000000000000, 0.000000000000000000, -1.000000000000000000 ) ) ;
#475 = DIRECTION ( 'NONE',  ( 1.302166903349365533E-15, 1.000000000000000000, 0.000000000000000000 ) ) ;
#476 = AXIS2_PLACEMENT_3D ( 'NONE', #1335, #349, #240 ) ;
#477 = EDGE_CURVE ( 'NONE', #727, #443, #1027, .T. ) ;
#478 = CARTESIAN_POINT ( 'NONE',  ( 0.000000000000000000, 17.00000000000000000, 0.000000000000000000 ) ) ;
#479 = CALENDAR_DATE ( 2026, 20, 3 ) ;
#480 = FACE_BOUND ( 'NONE', #277, .T. ) ;
#481 = EDGE_LOOP ( 'NONE', ( #1363, #621, #796, #534 ) ) ;
#482 = PERSON_AND_ORGANIZATION ( #536, #9 ) ;
#483 = DIRECTION ( 'NONE',  ( -0.000000000000000000, -0.000000000000000000, -1.000000000000000000 ) ) ;
#484 = ORIENTED_EDGE ( 'NONE', *, *, #998, .T. ) ;
#485 = ORIENTED_EDGE ( 'NONE', *, *, #274, .T. ) ;
#486 = EDGE_CURVE ( 'NONE', #1155, #239, #100, .T. ) ;
#487 = EDGE_LOOP ( 'NONE', ( #1076, #1402, #925, #1114 ) ) ;
#488 = FACE_OUTER_BOUND ( 'NONE', #657, .T. ) ;
#489 = ADVANCED_FACE ( 'NONE', ( #263 ), #49, .F. ) ;
#490 = CIRCLE ( 'NONE', #317, 9.000000000000000000 ) ;
#491 = LOCAL_TIME ( 19, 19, 49.00000000000000000, #1382 ) ;
#492 = EDGE_LOOP ( 'NONE', ( #235, #949, #1124, #995, #395, #1293, #1381, #1287, #295 ) ) ;
#493 = AXIS2_PLACEMENT_3D ( 'NONE', #346, #128, #829 ) ;
#494 = APPROVAL_STATUS ( 'not_yet_approved' ) ;
#495 = DIRECTION ( 'NONE',  ( -1.000000000000000000, 0.000000000000000000, 0.000000000000000000 ) ) ;
#496 = FACE_OUTER_BOUND ( 'NONE', #1177, .T. ) ;
#497 = ADVANCED_FACE ( 'NONE', ( #567, #1032, #146, #1012, #1350, #480, #1000, #1361 ), #584, .F. ) ;
#498 = ORIENTED_EDGE ( 'NONE', *, *, #559, .T. ) ;
#499 = DIRECTION ( 'NONE',  ( -0.000000000000000000, -0.000000000000000000, -1.000000000000000000 ) ) ;
#500 = CIRCLE ( 'NONE', #821, 4.999999999999997335 ) ;
#501 = DIRECTION ( 'NONE',  ( 0.000000000000000000, 1.000000000000000000, 3.697785493223493933E-32 ) ) ;
#502 = EDGE_CURVE ( 'NONE', #548, #1062, #42, .T. ) ;
#503 = ORIENTED_EDGE ( 'NONE', *, *, #681, .T. ) ;
#504 = FACE_BOUND ( 'NONE', #992, .T. ) ;
#505 = DIRECTION ( 'NONE',  ( 0.000000000000000000, 1.000000000000000000, 0.000000000000000000 ) ) ;
#506 = LINE ( 'NONE', #1174, #163 ) ;
#507 = CIRCLE ( 'NONE', #268, 84.99999999999997158 ) ;
#508 = DIRECTION ( 'NONE',  ( 0.000000000000000000, 0.000000000000000000, -1.000000000000000000 ) ) ;
#509 = CARTESIAN_POINT ( 'NONE',  ( -15.00000000000000000, -8.906048822441147554E-77, 6.350000000000001421 ) ) ;
#510 = VERTEX_POINT ( 'NONE', #811 ) ;
#511 = EDGE_LOOP ( 'NONE', ( #197, #719, #434, #1180 ) ) ;
#512 = APPROVAL_PERSON_ORGANIZATION ( #1022, #598, #830 ) ;
#513 = VECTOR ( 'NONE', #343, 1000.000000000000000 ) ;
#514 = VERTEX_POINT ( 'NONE', #457 ) ;
#515 = CYLINDRICAL_SURFACE ( 'NONE', #1117, 4.999999999999999112 ) ;
#516 = CARTESIAN_POINT ( 'NONE',  ( 1.649999999999999911, 17.00000000000000000, 6.350000000000001421 ) ) ;
#517 = EDGE_CURVE ( 'NONE', #1267, #1273, #1100, .T. ) ;
#518 = LINE ( 'NONE', #1303, #29 ) ;
#519 = CARTESIAN_POINT ( 'NONE',  ( -15.13203773588680612, 29.99999999999999645, 6.349999999999999645 ) ) ;
#520 = AXIS2_PLACEMENT_3D ( 'NONE', #1358, #920, #825 ) ;
#521 = ORIENTED_EDGE ( 'NONE', *, *, #923, .F. ) ;
#522 = CARTESIAN_POINT ( 'NONE',  ( -8.205312275664025989, -21.33664571714206915, 6.350000000000001421 ) ) ;
#523 = ORIENTED_EDGE ( 'NONE', *, *, #758, .F. ) ;
#524 = DIRECTION ( 'NONE',  ( -3.485933199340899084E-32, -3.697785493223493385E-32, 1.000000000000000000 ) ) ;
#525 = ORIENTED_EDGE ( 'NONE', *, *, #1371, .T. ) ;
#526 = CARTESIAN_POINT ( 'NONE',  ( 3.770563018870944028, -57.90800226407321816, 6.350000000000001421 ) ) ;
#527 = EDGE_CURVE ( 'NONE', #43, #1144, #448, .T. ) ;
#528 = DIRECTION ( 'NONE',  ( -3.485933199340899084E-32, -3.697785493223493385E-32, 1.000000000000000000 ) ) ;
#529 = CARTESIAN_POINT ( 'NONE',  ( 17.00000000000000000, 1.040949779275260198E-15, 0.000000000000000000 ) ) ;
#530 = CYLINDRICAL_SURFACE ( 'NONE', #1143, 1.650000000000000133 ) ;
#531 = ORIENTED_EDGE ( 'NONE', *, *, #1134, .F. ) ;
#532 = CARTESIAN_POINT ( 'NONE',  ( -40.00000000000000000, 75.00000000000000000, 0.000000000000000000 ) ) ;
#533 = VECTOR ( 'NONE', #879, 1000.000000000000000 ) ;
#534 = ORIENTED_EDGE ( 'NONE', *, *, #1109, .T. ) ;
#535 = CARTESIAN_POINT ( 'NONE',  ( 5.509291039429783099E-14, 0.000000000000000000, 6.350000000000001421 ) ) ;
#536 = PERSON ( 'UNSPECIFIED', 'UNSPECIFIED', 'UNSPECIFIED', ('UNSPECIFIED'), ('UNSPECIFIED'), ('UNSPECIFIED') ) ;
#537 = DIRECTION ( 'NONE',  ( -3.485933199340899084E-32, -3.697785493223493385E-32, 1.000000000000000000 ) ) ;
#538 = DIRECTION ( 'NONE',  ( 0.000000000000000000, 0.000000000000000000, -1.000000000000000000 ) ) ;
#539 = CARTESIAN_POINT ( 'NONE',  ( -8.205312275664025989, -21.33664571714206915, 2.351301607165218766E-31 ) ) ;
#540 = DIRECTION ( 'NONE',  ( 0.000000000000000000, 0.000000000000000000, -1.000000000000000000 ) ) ;
#541 = AXIS2_PLACEMENT_3D ( 'NONE', #864, #303, #505 ) ;
#542 = DIRECTION ( 'NONE',  ( 0.000000000000000000, 0.000000000000000000, 1.000000000000000000 ) ) ;
#543 = EDGE_CURVE ( 'NONE', #75, #327, #697, .T. ) ;
#544 = ORIENTED_EDGE ( 'NONE', *, *, #274, .F. ) ;
#546 = CARTESIAN_POINT ( 'NONE',  ( 99.99999999999994316, -30.00000000000000355, 6.350000000000001421 ) ) ;
#545 = VECTOR ( 'NONE', #848, 1000.000000000000000 ) ;
#547 = DIRECTION ( 'NONE',  ( 0.000000000000000000, 0.000000000000000000, -1.000000000000000000 ) ) ;
#548 = VERTEX_POINT ( 'NONE', #522 ) ;
#549 = ORIENTED_EDGE ( 'NONE', *, *, #103, .F. ) ;
#550 = ADVANCED_FACE ( 'NONE', ( #868 ), #1308, .F. ) ;
#551 = ORIENTED_EDGE ( 'NONE', *, *, #527, .T. ) ;
#552 = ORIENTED_EDGE ( 'NONE', *, *, #348, .F. ) ;
#553 = DIRECTION ( 'NONE',  ( 0.000000000000000000, 1.000000000000000000, 0.000000000000000000 ) ) ;
#554 = DIRECTION ( 'NONE',  ( 0.000000000000000000, 1.000000000000000000, 0.000000000000000000 ) ) ;
#555 = DIRECTION ( 'NONE',  ( 1.000000000000000000, 0.000000000000000000, 0.000000000000000000 ) ) ;
#556 = LINE ( 'NONE', #442, #631 ) ;
#557 = ORIENTED_EDGE ( 'NONE', *, *, #782, .F. ) ;
#558 = ORIENTED_EDGE ( 'NONE', *, *, #1016, .F. ) ;
#559 = EDGE_CURVE ( 'NONE', #699, #899, #1072, .T. ) ;
#560 = CIRCLE ( 'NONE', #333, 22.85999999999999943 ) ;
#561 = CARTESIAN_POINT ( 'NONE',  ( -21.13596476272274671, 61.90197291107460131, 6.350000000000001421 ) ) ;
#562 = AXIS2_PLACEMENT_3D ( 'NONE', #1383, #1063, #394 ) ;
#563 = DIRECTION ( 'NONE',  ( 0.000000000000000000, 0.000000000000000000, -1.000000000000000000 ) ) ;
#564 = CYLINDRICAL_SURFACE ( 'NONE', #1217, 1.650000000000002132 ) ;
#565 = CIRCLE ( 'NONE', #133, 84.99999999999997158 ) ;
#566 = CIRCLE ( 'NONE', #977, 96.08495283014146082 ) ;
#567 = FACE_BOUND ( 'NONE', #924, .T. ) ;
#568 = EDGE_LOOP ( 'NONE', ( #877, #836, #101, #1051 ) ) ;
#569 = LINE ( 'NONE', #997, #837 ) ;
#570 = DIRECTION ( 'NONE',  ( 0.000000000000000000, 0.000000000000000000, -1.000000000000000000 ) ) ;
#571 = VECTOR ( 'NONE', #802, 1000.000000000000000 ) ;
#572 = VECTOR ( 'NONE', #582, 1000.000000000000000 ) ;
#573 = CARTESIAN_POINT ( 'NONE',  ( 1.649999999999999911, 17.00000000000000000, 6.350000000000001421 ) ) ;
#574 = EDGE_CURVE ( 'NONE', #192, #286, #784, .T. ) ;
#575 = DIRECTION ( 'NONE',  ( 0.000000000000000000, -0.000000000000000000, -1.000000000000000000 ) ) ;
#576 = UNCERTAINTY_MEASURE_WITH_UNIT (LENGTH_MEASURE( 1.000000000000000082E-05 ), #15, 'distance_accuracy_value', 'NONE');
#577 = DIRECTION ( 'NONE',  ( 0.000000000000000000, 1.000000000000000000, 3.697785493223495027E-32 ) ) ;
#578 = AXIS2_PLACEMENT_3D ( 'NONE', #761, #1373, #282 ) ;
#579 = LINE ( 'NONE', #353, #625 ) ;
#580 = CALENDAR_DATE ( 2026, 20, 3 ) ;
#581 = DIRECTION ( 'NONE',  ( 0.000000000000000000, 0.000000000000000000, -1.000000000000000000 ) ) ;
#582 = DIRECTION ( 'NONE',  ( 0.000000000000000000, 0.000000000000000000, -1.000000000000000000 ) ) ;
#583 = EDGE_CURVE ( 'NONE', #1110, #1144, #462, .T. ) ;
#584 = PLANE ( 'NONE',  #1120 ) ;
#585 = DIRECTION ( 'NONE',  ( -1.289023321486893220E-63, 1.000000000000000000, 0.000000000000000000 ) ) ;
#586 = CARTESIAN_POINT ( 'NONE',  ( 8.205312275664045529, 21.33664571714208691, 6.350000000000001421 ) ) ;
#587 = FACE_OUTER_BOUND ( 'NONE', #906, .T. ) ;
#588 = AXIS2_PLACEMENT_3D ( 'NONE', #1003, #570, #254 ) ;
#589 = LINE ( 'NONE', #918, #249 ) ;
#590 = LINE ( 'NONE', #37, #13 ) ;
#591 = DIRECTION ( 'NONE',  ( 1.000000000000000000, -1.302166903349365533E-15, 0.000000000000000000 ) ) ;
#592 = ORIENTED_EDGE ( 'NONE', *, *, #68, .T. ) ;
#593 = VECTOR ( 'NONE', #436, 1000.000000000000000 ) ;
#594 = EDGE_CURVE ( 'NONE', #90, #392, #1355, .T. ) ;
#595 = LINE ( 'NONE', #680, #1262 ) ;
#596 = DIRECTION ( 'NONE',  ( -1.000000000000000000, 0.000000000000000000, 0.000000000000000000 ) ) ;
#597 = DIRECTION ( 'NONE',  ( -1.000000000000000000, 4.340556344497903187E-16, 0.000000000000000000 ) ) ;
#598 = APPROVAL ( #1375, 'UNSPECIFIED' ) ;
#599 = ORIENTED_EDGE ( 'NONE', *, *, #645, .F. ) ;
#600 = AXIS2_PLACEMENT_3D ( 'NONE', #288, #22, #1258 ) ;
#601 = CARTESIAN_POINT ( 'NONE',  ( -9.000000000000000000, 2.390746569188674625E-62, -3.137339879406808956E-31 ) ) ;
#602 = VERTEX_POINT ( 'NONE', #1014 ) ;
#603 = EDGE_CURVE ( 'NONE', #759, #750, #39, .T. ) ;
#604 = CIRCLE ( 'NONE', #725, 1.000000000000000888 ) ;
#605 = CALENDAR_DATE ( 2026, 20, 3 ) ;
#606 = DIRECTION ( 'NONE',  ( 0.000000000000000000, 0.000000000000000000, -1.000000000000000000 ) ) ;
#607 = EDGE_LOOP ( 'NONE', ( #682, #1168 ) ) ;
#608 = FACE_OUTER_BOUND ( 'NONE', #70, .T. ) ;
#609 = ORIENTED_EDGE ( 'NONE', *, *, #652, .T. ) ;
#610 = EDGE_CURVE ( 'NONE', #727, #1221, #994, .T. ) ;
#611 = LINE ( 'NONE', #933, #972 ) ;
#612 = EDGE_CURVE ( 'NONE', #1211, #622, #393, .T. ) ;
#613 = AXIS2_PLACEMENT_3D ( 'NONE', #293, #182, #501 ) ;
#614 = AXIS2_PLACEMENT_3D ( 'NONE', #155, #700, #1241 ) ;
#615 = ORIENTED_EDGE ( 'NONE', *, *, #372, .T. ) ;
#616 = ORIENTED_EDGE ( 'NONE', *, *, #468, .T. ) ;
#617 = AXIS2_PLACEMENT_3D ( 'NONE', #1317, #1283, #300 ) ;
#618 = DIRECTION ( 'NONE',  ( -0.000000000000000000, -0.000000000000000000, -1.000000000000000000 ) ) ;
#619 = EDGE_CURVE ( 'NONE', #443, #1138, #611, .T. ) ;
#620 = CIRCLE ( 'NONE', #1071, 9.000000000000000000 ) ;
#621 = ORIENTED_EDGE ( 'NONE', *, *, #477, .F. ) ;
#622 = VERTEX_POINT ( 'NONE', #253 ) ;
#623 = DIRECTION ( 'NONE',  ( 1.000000000000000000, 0.000000000000000000, -0.000000000000000000 ) ) ;
#624 = AXIS2_PLACEMENT_3D ( 'NONE', #56, #686, #270 ) ;
#625 = VECTOR ( 'NONE', #459, 1000.000000000000000 ) ;
#626 = ORIENTED_EDGE ( 'NONE', *, *, #502, .T. ) ;
#627 = DIRECTION ( 'NONE',  ( 0.000000000000000000, 1.000000000000000000, 0.000000000000000000 ) ) ;
#628 = CYLINDRICAL_SURFACE ( 'NONE', #763, 106.0849528301414324 ) ;
#629 = CARTESIAN_POINT ( 'NONE',  ( -20.13596476272274671, 61.90197291107460131, 6.350000000000001421 ) ) ;
#630 = FACE_OUTER_BOUND ( 'NONE', #169, .T. ) ;
#631 = VECTOR ( 'NONE', #40, 1000.000000000000000 ) ;
#632 = DIRECTION ( 'NONE',  ( 0.000000000000000000, 1.000000000000000000, 3.697785493223493933E-32 ) ) ;
#633 = ORIENTED_EDGE ( 'NONE', *, *, #143, .F. ) ;
#634 = CYLINDRICAL_SURFACE ( 'NONE', #562, 1.000000000000000888 ) ;
#635 = ADVANCED_FACE ( 'NONE', ( #587 ), #1034, .T. ) ;
#636 = ORIENTED_EDGE ( 'NONE', *, *, #951, .F. ) ;
#637 = MANIFOLD_SOLID_BREP ( 'Cut outs', #707 ) ;
#638 = LINE ( 'NONE', #408, #95 ) ;
#639 = DIRECTION ( 'NONE',  ( -1.156482317317871478E-16, 1.000000000000000000, 0.000000000000000000 ) ) ;
#640 = LINE ( 'NONE', #98, #912 ) ;
#641 = ORIENTED_EDGE ( 'NONE', *, *, #1083, .T. ) ;
#642 = ORIENTED_EDGE ( 'NONE', *, *, #1299, .F. ) ;
#643 = CC_DESIGN_APPROVAL ( #598, ( #444 ) ) ;
#644 = DIRECTION ( 'NONE',  ( -3.485933199340899084E-32, -3.697785493223493385E-32, 1.000000000000000000 ) ) ;
#645 = EDGE_CURVE ( 'NONE', #356, #17, #354, .T. ) ;
#646 = CARTESIAN_POINT ( 'NONE',  ( 1.650000000000002354, -17.00000000000000000, 5.751789778912484911E-32 ) ) ;
#647 = ORIENTED_EDGE ( 'NONE', *, *, #1005, .F. ) ;
#648 = CARTESIAN_POINT ( 'NONE',  ( -24.99999999999999645, -30.00000000000000000, 6.349999999999999645 ) ) ;
#649 = DIRECTION ( 'NONE',  ( 1.000000000000000000, 1.156482317317871478E-16, -0.000000000000000000 ) ) ;
#650 = CIRCLE ( 'NONE', #1379, 1.650000000000000577 ) ;
#651 = CARTESIAN_POINT ( 'NONE',  ( 9.000000000000000000, 1.102182119232617714E-15, 6.350000000000001421 ) ) ;
#652 = EDGE_CURVE ( 'NONE', #1082, #233, #267, .T. ) ;
#653 = APPLICATION_PROTOCOL_DEFINITION ( 'international standard', 'config_control_design', 1994, #1360 ) ;
#654 = CARTESIAN_POINT ( 'NONE',  ( -3.770563018870942251, 57.90800226407321105, 1.428031478264562026E-30 ) ) ;
#655 = ADVANCED_FACE ( 'NONE', ( #1199 ), #403, .F. ) ;
#656 = CARTESIAN_POINT ( 'NONE',  ( 15.00000000000001243, 6.510834516746847384E-15, 6.350000000000001421 ) ) ;
#657 = EDGE_LOOP ( 'NONE', ( #521, #124, #425, #544 ) ) ;
#658 = ORIENTED_EDGE ( 'NONE', *, *, #806, .F. ) ;
#659 = APPROVAL_DATE_TIME ( #730, #785 ) ;
#660 = ORIENTED_EDGE ( 'NONE', *, *, #668, .F. ) ;
#661 = EDGE_LOOP ( 'NONE', ( #228, #865, #970, #828 ) ) ;
#662 = LINE ( 'NONE', #752, #593 ) ;
#663 = DIRECTION ( 'NONE',  ( 0.000000000000000000, 0.000000000000000000, -1.000000000000000000 ) ) ;
#664 = DIRECTION ( 'NONE',  ( 0.000000000000000000, 0.000000000000000000, -1.000000000000000000 ) ) ;
#665 = FACE_OUTER_BOUND ( 'NONE', #1157, .T. ) ;
#666 = LINE ( 'NONE', #321, #714 ) ;
#667 = EDGE_CURVE ( 'NONE', #1273, #759, #1019, .T. ) ;
#668 = EDGE_CURVE ( 'NONE', #1090, #514, #927, .T. ) ;
#669 = ORIENTED_EDGE ( 'NONE', *, *, #162, .T. ) ;
#670 = DIRECTION ( 'NONE',  ( -3.485933199340899084E-32, -3.697785493223493385E-32, 1.000000000000000000 ) ) ;
#671 = DIRECTION ( 'NONE',  ( -0.000000000000000000, -0.000000000000000000, -1.000000000000000000 ) ) ;
#672 = DIRECTION ( 'NONE',  ( 0.000000000000000000, 1.000000000000000000, 3.697785493223492838E-32 ) ) ;
#673 = CIRCLE ( 'NONE', #958, 1.000000000000000888 ) ;
#674 = ADVANCED_FACE ( 'NONE', ( #1249 ), #1362, .F. ) ;
#675 = AXIS2_PLACEMENT_3D ( 'NONE', #901, #440, #445 ) ;
#676 = ORIENTED_EDGE ( 'NONE', *, *, #162, .F. ) ;
#677 = LINE ( 'NONE', #648, #446 ) ;
#678 = CARTESIAN_POINT ( 'NONE',  ( 15.13203773588680612, -29.99999999999999645, 6.350000000000001421 ) ) ;
#679 = DESIGN_CONTEXT ( 'detailed design', #684, 'design' ) ;
#680 = CARTESIAN_POINT ( 'NONE',  ( -15.00000000000000000, 26.00345361677943856, 6.350000000000001421 ) ) ;
#681 = EDGE_CURVE ( 'NONE', #136, #1062, #500, .T. ) ;
#682 = ORIENTED_EDGE ( 'NONE', *, *, #1294, .T. ) ;
#683 = DIRECTION ( 'NONE',  ( -3.485933199340899084E-32, -3.697785493223493385E-32, 1.000000000000000000 ) ) ;
#684 = APPLICATION_CONTEXT ( 'configuration controlled 3d designs of mechanical parts and assemblies' ) ;
#685 = CC_DESIGN_PERSON_AND_ORGANIZATION_ASSIGNMENT ( #1347, #691, ( #935 ) ) ;
#686 = DIRECTION ( 'NONE',  ( -3.485933199340899084E-32, -3.697785493223493385E-32, 1.000000000000000000 ) ) ;
#687 = EDGE_LOOP ( 'NONE', ( #1238, #389 ) ) ;
#688 = DIRECTION ( 'NONE',  ( 0.000000000000000000, 1.000000000000000000, 3.697785493223492838E-32 ) ) ;
#689 = ORIENTED_EDGE ( 'NONE', *, *, #1380, .T. ) ;
#690 = LINE ( 'NONE', #586, #1370 ) ;
#691 = PERSON_AND_ORGANIZATION_ROLE ( 'design_owner' ) ;
#692 = EDGE_CURVE ( 'NONE', #863, #1089, #109, .T. ) ;
#693 = AXIS2_PLACEMENT_3D ( 'NONE', #304, #7, #1085 ) ;
#694 = CARTESIAN_POINT ( 'NONE',  ( 5.509291039429783099E-14, 0.000000000000000000, 0.000000000000000000 ) ) ;
#695 = DIRECTION ( 'NONE',  ( 0.000000000000000000, 0.000000000000000000, -1.000000000000000000 ) ) ;
#696 = ORIENTED_EDGE ( 'NONE', *, *, #260, .F. ) ;
#697 = CIRCLE ( 'NONE', #76, 74.99999999999995737 ) ;
#698 = DIRECTION ( 'NONE',  ( -3.485933199340899084E-32, -3.697785493223493385E-32, 1.000000000000000000 ) ) ;
#699 = VERTEX_POINT ( 'NONE', #722 ) ;
#700 = DIRECTION ( 'NONE',  ( -3.485933199340899084E-32, -3.697785493223493385E-32, 1.000000000000000000 ) ) ;
#701 = CARTESIAN_POINT ( 'NONE',  ( 5.509291039429783099E-14, 0.000000000000000000, 6.350000000000001421 ) ) ;
#702 = CARTESIAN_POINT ( 'NONE',  ( -9.999999999999994671, -26.00345361677943856, 6.350000000000001421 ) ) ;
#703 = DIRECTION ( 'NONE',  ( 0.000000000000000000, 0.000000000000000000, -1.000000000000000000 ) ) ;
#704 = DIRECTION ( 'NONE',  ( 1.289023321486892950E-63, -1.000000000000000000, -3.697785493223493385E-32 ) ) ;
#705 = CARTESIAN_POINT ( 'NONE',  ( 40.00000000000000000, -75.00000000000000000, 0.000000000000000000 ) ) ;
#706 = AXIS2_PLACEMENT_3D ( 'NONE', #728, #371, #813 ) ;
#707 = CLOSED_SHELL ( 'NONE', ( #1274, #44, #738, #655, #1064, #290, #1263, #936, #1212, #200, #1119, #216, #497, #1043, #1035, #27, #818, #550, #63, #795, #1334, #635, #489, #226, #1178, #724, #814, #824, #1050, #869, #316, #1209, #1052, #674, #92, #181, #709, #16, #125 ) ) ;
#708 = ORIENTED_EDGE ( 'NONE', *, *, #971, .T. ) ;
#709 = ADVANCED_FACE ( 'NONE', ( #1137 ), #1037, .F. ) ;
#710 = CIRCLE ( 'NONE', #885, 9.000000000000000000 ) ;
#711 = DIRECTION ( 'NONE',  ( -1.000000000000000000, 0.000000000000000000, 0.000000000000000000 ) ) ;
#712 = CARTESIAN_POINT ( 'NONE',  ( -9.999999999999994671, -26.00345361677943856, 0.000000000000000000 ) ) ;
#713 = CIRCLE ( 'NONE', #1348, 5.000000000000000888 ) ;
#714 = VECTOR ( 'NONE', #547, 1000.000000000000000 ) ;
#715 = CARTESIAN_POINT ( 'NONE',  ( 25.00000000000000000, -30.00000000000000000, 6.349999999999999645 ) ) ;
#716 = PERSON_AND_ORGANIZATION ( #536, #9 ) ;
#717 = LOCAL_TIME ( 19, 19, 49.00000000000000000, #922 ) ;
#718 = CALENDAR_DATE ( 2026, 20, 3 ) ;
#719 = ORIENTED_EDGE ( 'NONE', *, *, #1278, .F. ) ;
#720 = EDGE_LOOP ( 'NONE', ( #11, #1181, #433, #117 ) ) ;
#721 = AXIS2_PLACEMENT_3D ( 'NONE', #1326, #232, #48 ) ;
#722 = CARTESIAN_POINT ( 'NONE',  ( -14.99999999999999822, -30.00000000000000000, 6.350000000000001421 ) ) ;
#723 = EDGE_LOOP ( 'NONE', ( #904, #1372, #1031, #273 ) ) ;
#724 = ADVANCED_FACE ( 'NONE', ( #363 ), #50, .T. ) ;
#725 = AXIS2_PLACEMENT_3D ( 'NONE', #1416, #426, #870 ) ;
#726 = CIRCLE ( 'NONE', #1312, 106.0849528301414608 ) ;
#727 = VERTEX_POINT ( 'NONE', #911 ) ;
#728 = CARTESIAN_POINT ( 'NONE',  ( -99.99999999999994316, 30.00000000000000355, 6.349999999999999645 ) ) ;
#729 = CARTESIAN_POINT ( 'NONE',  ( 15.13203773588680612, -29.99999999999999645, 0.000000000000000000 ) ) ;
#730 = DATE_AND_TIME ( #479, #491 ) ;
#731 = ORIENTED_EDGE ( 'NONE', *, *, #612, .T. ) ;
#732 = EDGE_CURVE ( 'NONE', #727, #1169, #137, .T. ) ;
#733 = CARTESIAN_POINT ( 'NONE',  ( 21.06461633524924437, -61.53101973769001631, 6.350000000000001421 ) ) ;
#734 = AXIS2_PLACEMENT_3D ( 'NONE', #369, #606, #1147 ) ;
#735 = AXIS2_PLACEMENT_3D ( 'NONE', #1079, #1412, #110 ) ;
#736 = ORIENTED_EDGE ( 'NONE', *, *, #891, .F. ) ;
#737 = CYLINDRICAL_SURFACE ( 'NONE', #578, 22.85999999999999943 ) ;
#738 = ADVANCED_FACE ( 'NONE', ( #794 ), #473, .F. ) ;
#739 = FACE_OUTER_BOUND ( 'NONE', #1056, .T. ) ;
#740 = LOCAL_TIME ( 19, 19, 49.00000000000000000, #366 ) ;
#741 = ORIENTED_EDGE ( 'NONE', *, *, #1233, .F. ) ;
#742 = ORIENTED_EDGE ( 'NONE', *, *, #543, .F. ) ;
#743 = CARTESIAN_POINT ( 'NONE',  ( -19.92705646918063067, 62.87990814660368244, 4.344435083327655112E-32 ) ) ;
#744 = AXIS2_PLACEMENT_3D ( 'NONE', #1115, #698, #914 ) ;
#745 = CYLINDRICAL_SURFACE ( 'NONE', #1198, 1.649999999999998579 ) ;
#746 = CARTESIAN_POINT ( 'NONE',  ( 40.00000000000000000, 31.08495283014144661, 0.000000000000000000 ) ) ;
#747 = ORIENTED_EDGE ( 'NONE', *, *, #748, .T. ) ;
#748 = EDGE_CURVE ( 'NONE', #189, #750, #560, .T. ) ;
#749 = EDGE_LOOP ( 'NONE', ( #1094, #1359, #755, #799 ) ) ;
#750 = VERTEX_POINT ( 'NONE', #1122 ) ;
#751 = ORIENTED_EDGE ( 'NONE', *, *, #847, .T. ) ;
#752 = CARTESIAN_POINT ( 'NONE',  ( -1.649999999999998135, -17.00000000000000000, 6.350000000000001421 ) ) ;
#753 = CARTESIAN_POINT ( 'NONE',  ( 19.92705646918063778, -62.87990814660371086, 6.350000000000001421 ) ) ;
#754 = FACE_OUTER_BOUND ( 'NONE', #749, .T. ) ;
#755 = ORIENTED_EDGE ( 'NONE', *, *, #1356, .T. ) ;
#756 = CARTESIAN_POINT ( 'NONE',  ( 99.99999999999994316, -30.00000000000000355, 0.000000000000000000 ) ) ;
#757 =( NAMED_UNIT ( * ) PLANE_ANGLE_UNIT ( ) SI_UNIT ( $, .RADIAN. ) );
#758 = EDGE_CURVE ( 'NONE', #212, #1338, #1139, .T. ) ;
#759 = VERTEX_POINT ( 'NONE', #1106 ) ;
#760 = EDGE_LOOP ( 'NONE', ( #633, #1013 ) ) ;
#761 = CARTESIAN_POINT ( 'NONE',  ( 5.509291039429783099E-14, 0.000000000000000000, 6.350000000000001421 ) ) ;
#762 = DIRECTION ( 'NONE',  ( 0.000000000000000000, 1.000000000000000000, 3.697785493223493385E-32 ) ) ;
#763 = AXIS2_PLACEMENT_3D ( 'NONE', #1058, #858, #312 ) ;
#764 = ORIENTED_EDGE ( 'NONE', *, *, #486, .T. ) ;
#765 = DIRECTION ( 'NONE',  ( -4.340556344497895298E-16, 1.000000000000000000, 3.697785493223491743E-32 ) ) ;
#766 = CARTESIAN_POINT ( 'NONE',  ( -24.99999999999999645, -30.00000000000000000, 6.349999999999999645 ) ) ;
#767 = VERTEX_POINT ( 'NONE', #1103 ) ;
#768 = DIRECTION ( 'NONE',  ( -1.000000000000000000, 0.000000000000000000, 0.000000000000000000 ) ) ;
#769 = SHAPE_DEFINITION_REPRESENTATION ( #1261, #84 ) ;
#770 = AXIS2_PLACEMENT_3D ( 'NONE', #414, #1297, #313 ) ;
#771 = ORIENTED_EDGE ( 'NONE', *, *, #12, .F. ) ;
#772 = EDGE_CURVE ( 'NONE', #17, #405, #1364, .T. ) ;
#773 = DIRECTION ( 'NONE',  ( -3.485933199340899084E-32, -3.697785493223493385E-32, 1.000000000000000000 ) ) ;
#774 = ORIENTED_EDGE ( 'NONE', *, *, #1396, .T. ) ;
#775 = DIRECTION ( 'NONE',  ( 0.000000000000000000, 0.000000000000000000, -1.000000000000000000 ) ) ;
#776 = AXIS2_PLACEMENT_3D ( 'NONE', #1253, #152, #1107 ) ;
#777 = DIRECTION ( 'NONE',  ( 0.000000000000000000, 0.000000000000000000, -1.000000000000000000 ) ) ;
#778 = LINE ( 'NONE', #753, #1025 ) ;
#779 = ORIENTED_EDGE ( 'NONE', *, *, #862, .T. ) ;
#780 = DIRECTION ( 'NONE',  ( -3.485933199340899084E-32, -3.697785493223493385E-32, 1.000000000000000000 ) ) ;
#781 = DIRECTION ( 'NONE',  ( 0.000000000000000000, 0.000000000000000000, -1.000000000000000000 ) ) ;
#782 = EDGE_CURVE ( 'NONE', #136, #899, #556, .T. ) ;
#783 = DIRECTION ( 'NONE',  ( -1.000000000000000000, 0.000000000000000000, 0.000000000000000000 ) ) ;
#784 = CIRCLE ( 'NONE', #1087, 106.0849528301414608 ) ;
#785 = APPROVAL ( #494, 'UNSPECIFIED' ) ;
#786 = DIRECTION ( 'NONE',  ( 0.000000000000000000, 1.000000000000000000, 3.697785493223492290E-32 ) ) ;
#787 = EDGE_CURVE ( 'NONE', #897, #310, #1135, .T. ) ;
#788 = CARTESIAN_POINT ( 'NONE',  ( -17.00000000000000000, 1.040949779275229432E-15, 6.350000000000001421 ) ) ;
#789 = ORIENTED_EDGE ( 'NONE', *, *, #517, .F. ) ;
#791 = DIRECTION ( 'NONE',  ( -1.000000000000000000, 0.000000000000000000, 0.000000000000000000 ) ) ;
#790 = AXIS2_PLACEMENT_3D ( 'NONE', #1411, #421, #866 ) ;
#792 = DIRECTION ( 'NONE',  ( 0.000000000000000000, 1.000000000000000000, 0.000000000000000000 ) ) ;
#793 = CARTESIAN_POINT ( 'NONE',  ( -15.00000000000000000, 26.00345361677943856, 4.386619556772377551E-31 ) ) ;
#794 = FACE_OUTER_BOUND ( 'NONE', #487, .T. ) ;
#795 = ADVANCED_FACE ( 'NONE', ( #1339 ), #564, .F. ) ;
#796 = ORIENTED_EDGE ( 'NONE', *, *, #610, .T. ) ;
#797 = DIRECTION ( 'NONE',  ( 4.340556344497902694E-16, 1.000000000000000000, 3.697785493223495027E-32 ) ) ;
#798 = LINE ( 'NONE', #149, #513 ) ;
#799 = ORIENTED_EDGE ( 'NONE', *, *, #1278, .T. ) ;
#800 = CARTESIAN_POINT ( 'NONE',  ( 6.938893903907228378E-15, -67.16990566028302112, 6.349999999999999645 ) ) ;
#801 = ORIENTED_EDGE ( 'NONE', *, *, #407, .T. ) ;
#802 = DIRECTION ( 'NONE',  ( 0.000000000000000000, 0.000000000000000000, -1.000000000000000000 ) ) ;
#803 = CYLINDRICAL_SURFACE ( 'NONE', #721, 96.08495283014146082 ) ;
#804 = ORIENTED_EDGE ( 'NONE', *, *, #787, .F. ) ;
#805 = CARTESIAN_POINT ( 'NONE',  ( -25.00000000000000000, 30.00000000000000000, 6.349999999999999645 ) ) ;
#806 = EDGE_CURVE ( 'NONE', #1340, #450, #999, .T. ) ;
#807 = EDGE_LOOP ( 'NONE', ( #1324, #307, #435, #669 ) ) ;
#808 = EDGE_CURVE ( 'NONE', #699, #1354, #1151, .T. ) ;
#809 = APPROVAL_PERSON_ORGANIZATION ( #471, #338, #1246 ) ;
#810 = DIRECTION ( 'NONE',  ( 0.000000000000000000, 0.000000000000000000, -1.000000000000000000 ) ) ;
#811 = CARTESIAN_POINT ( 'NONE',  ( 15.35000000000000320, 1.040949779275260198E-15, 6.350000000000001421 ) ) ;
#812 = COORDINATED_UNIVERSAL_TIME_OFFSET ( 8, 0, .BEHIND. ) ;
#813 = DIRECTION ( 'NONE',  ( 1.000000000000000000, 0.000000000000000000, 0.000000000000000000 ) ) ;
#814 = ADVANCED_FACE ( 'NONE', ( #1113 ), #1015, .F. ) ;
#815 = CIRCLE ( 'NONE', #59, 1.649999999999998579 ) ;
#816 = DIRECTION ( 'NONE',  ( -1.000000000000000000, 0.000000000000000000, 0.000000000000000000 ) ) ;
#817 = DIRECTION ( 'NONE',  ( -1.784692699068078896E-15, 1.000000000000000000, 3.697785493223487364E-32 ) ) ;
#818 = ADVANCED_FACE ( 'NONE', ( #1224 ), #361, .F. ) ;
#819 = CARTESIAN_POINT ( 'NONE',  ( -15.13203773588680612, 29.99999999999999645, 6.350000000000001421 ) ) ;
#820 = DIRECTION ( 'NONE',  ( 0.000000000000000000, -0.000000000000000000, -1.000000000000000000 ) ) ;
#821 = AXIS2_PLACEMENT_3D ( 'NONE', #712, #160, #258 ) ;
#822 = AXIS2_PLACEMENT_3D ( 'NONE', #99, #1165, #1407 ) ;
#823 = EDGE_CURVE ( 'NONE', #1408, #1214, #798, .T. ) ;
#824 = ADVANCED_FACE ( 'NONE', ( #355 ), #803, .F. ) ;
#825 = DIRECTION ( 'NONE',  ( 0.000000000000000000, 1.000000000000000000, 0.000000000000000000 ) ) ;
#826 = CYLINDRICAL_SURFACE ( 'NONE', #1123, 9.000000000000000000 ) ;
#827 = ORIENTED_EDGE ( 'NONE', *, *, #18, .T. ) ;
#828 = ORIENTED_EDGE ( 'NONE', *, *, #668, .T. ) ;
#829 = DIRECTION ( 'NONE',  ( -1.000000000000000000, 0.000000000000000000, 0.000000000000000000 ) ) ;
#830 = APPROVAL_ROLE ( '' ) ;
#831 = DIRECTION ( 'NONE',  ( -1.000000000000000000, 0.000000000000000000, 0.000000000000000000 ) ) ;
#832 = EDGE_LOOP ( 'NONE', ( #647, #592, #856, #31 ) ) ;
#833 = DIRECTION ( 'NONE',  ( -1.000000000000000000, 0.000000000000000000, 0.000000000000000000 ) ) ;
#834 = ORIENTED_EDGE ( 'NONE', *, *, #1247, .T. ) ;
#835 = EDGE_CURVE ( 'NONE', #1408, #405, #589, .T. ) ;
#836 = ORIENTED_EDGE ( 'NONE', *, *, #382, .F. ) ;
#837 = VECTOR ( 'NONE', #25, 1000.000000000000000 ) ;
#838 = EDGE_CURVE ( 'NONE', #405, #75, #1230, .T. ) ;
#839 = ORIENTED_EDGE ( 'NONE', *, *, #823, .F. ) ;
#840 = CARTESIAN_POINT ( 'NONE',  ( 15.00000000000000178, -26.00345361677944922, 6.350000000000001421 ) ) ;
#841 = DIRECTION ( 'NONE',  ( 4.340556344497902694E-16, 1.000000000000000000, 3.697785493223495027E-32 ) ) ;
#842 = CARTESIAN_POINT ( 'NONE',  ( -6.938893903907228378E-15, 67.16990566028302112, 0.000000000000000000 ) ) ;
#843 = ORIENTED_EDGE ( 'NONE', *, *, #372, .F. ) ;
#844 = FACE_BOUND ( 'NONE', #760, .T. ) ;
#845 = CARTESIAN_POINT ( 'NONE',  ( -99.99999999999994316, 30.00000000000000355, 6.349999999999999645 ) ) ;
#846 = EDGE_LOOP ( 'NONE', ( #1153, #843, #731, #186 ) ) ;
#847 = EDGE_CURVE ( 'NONE', #1110, #1211, #894, .T. ) ;
#848 = DIRECTION ( 'NONE',  ( 0.000000000000000000, 0.000000000000000000, -1.000000000000000000 ) ) ;
#849 = CIRCLE ( 'NONE', #939, 1.650000000000000355 ) ;
#850 = ORIENTED_EDGE ( 'NONE', *, *, #772, .F. ) ;
#851 = LINE ( 'NONE', #208, #976 ) ;
#852 = EDGE_CURVE ( 'NONE', #1116, #1279, #1234, .T. ) ;
#853 = DIRECTION ( 'NONE',  ( 1.000000000000000000, 0.000000000000000000, 0.000000000000000000 ) ) ;
#854 = DIRECTION ( 'NONE',  ( 1.289023321486892950E-63, -1.000000000000000000, -3.697785493223493385E-32 ) ) ;
#855 = ORIENTED_EDGE ( 'NONE', *, *, #1380, .F. ) ;
#856 = ORIENTED_EDGE ( 'NONE', *, *, #806, .T. ) ;
#857 = FACE_OUTER_BOUND ( 'NONE', #279, .T. ) ;
#858 = DIRECTION ( 'NONE',  ( -0.000000000000000000, -0.000000000000000000, -1.000000000000000000 ) ) ;
#859 = CARTESIAN_POINT ( 'NONE',  ( 2.081899558550520396E-15, -17.00000000000000000, 6.350000000000001421 ) ) ;
#860 = CARTESIAN_POINT ( 'NONE',  ( 15.00000000000000000, 26.00345361677944922, 6.350000000000001421 ) ) ;
#861 = ORIENTED_EDGE ( 'NONE', *, *, #852, .T. ) ;
#862 = EDGE_CURVE ( 'NONE', #1256, #239, #381, .T. ) ;
#863 = VERTEX_POINT ( 'NONE', #1280 ) ;
#864 = CARTESIAN_POINT ( 'NONE',  ( -17.00000000000000000, 1.040949779275229432E-15, 6.350000000000001421 ) ) ;
#865 = ORIENTED_EDGE ( 'NONE', *, *, #862, .F. ) ;
#866 = DIRECTION ( 'NONE',  ( 0.000000000000000000, 1.000000000000000000, 0.000000000000000000 ) ) ;
#867 = CARTESIAN_POINT ( 'NONE',  ( 15.00000000000001243, 6.510834516746847384E-15, 5.228899799011383001E-31 ) ) ;
#868 = FACE_OUTER_BOUND ( 'NONE', #1266, .T. ) ;
#869 = ADVANCED_FACE ( 'NONE', ( #1184 ), #1394, .T. ) ;
#870 = DIRECTION ( 'NONE',  ( 0.000000000000000000, 1.000000000000000000, 3.697785493223491743E-32 ) ) ;
#871 = CIRCLE ( 'NONE', #985, 5.000000000000000888 ) ;
#872 = CIRCLE ( 'NONE', #624, 1.649999999999998579 ) ;
#873 = CARTESIAN_POINT ( 'NONE',  ( 0.000000000000000000, 17.00000000000000000, 6.350000000000001421 ) ) ;
#874 = CARTESIAN_POINT ( 'NONE',  ( 15.35000000000000320, 1.040949779275260198E-15, 6.350000000000001421 ) ) ;
#875 = AXIS2_PLACEMENT_3D ( 'NONE', #469, #1345, #916 ) ;
#876 = EDGE_LOOP ( 'NONE', ( #855, #642 ) ) ;
#877 = ORIENTED_EDGE ( 'NONE', *, *, #1200, .F. ) ;
#878 = ORIENTED_EDGE ( 'NONE', *, *, #971, .F. ) ;
#879 = DIRECTION ( 'NONE',  ( 0.000000000000000000, 0.000000000000000000, -1.000000000000000000 ) ) ;
#880 = MECHANICAL_CONTEXT ( 'NONE', #1360, 'mechanical' ) ;
#881 = DIRECTION ( 'NONE',  ( -1.000000000000000000, 0.000000000000000000, 0.000000000000000000 ) ) ;
#882 = DIRECTION ( 'NONE',  ( -0.000000000000000000, -0.000000000000000000, -1.000000000000000000 ) ) ;
#883 = ORIENTED_EDGE ( 'NONE', *, *, #1414, .F. ) ;
#884 = AXIS2_PLACEMENT_3D ( 'NONE', #478, #167, #1368 ) ;
#885 = AXIS2_PLACEMENT_3D ( 'NONE', #314, #953, #1093 ) ;
#886 = EDGE_CURVE ( 'NONE', #622, #1365, #412, .T. ) ;
#887 = EDGE_CURVE ( 'NONE', #1197, #1365, #1026, .T. ) ;
#888 = CARTESIAN_POINT ( 'NONE',  ( 0.000000000000000000, 0.000000000000000000, 31.80584412271571182 ) ) ;
#889 = VERTEX_POINT ( 'NONE', #419 ) ;
#890 = AXIS2_PLACEMENT_3D ( 'NONE', #845, #499, #831 ) ;
#891 = EDGE_CURVE ( 'NONE', #767, #957, #662, .T. ) ;
#892 = CYLINDRICAL_SURFACE ( 'NONE', #173, 40.13203773588680434 ) ;
#893 = AXIS2_PLACEMENT_3D ( 'NONE', #1125, #131, #577 ) ;
#894 = LINE ( 'NONE', #1333, #276 ) ;
#895 = AXIS2_PLACEMENT_3D ( 'NONE', #250, #1127, #585 ) ;
#896 = EDGE_CURVE ( 'NONE', #1129, #90, #156, .T. ) ;
#897 = VERTEX_POINT ( 'NONE', #1091 ) ;
#898 = CARTESIAN_POINT ( 'NONE',  ( -18.65000000000000213, 1.040949779275229432E-15, -5.751789778912484911E-32 ) ) ;
#899 = VERTEX_POINT ( 'NONE', #96 ) ;
#900 = EDGE_LOOP ( 'NONE', ( #1, #485 ) ) ;
#901 = CARTESIAN_POINT ( 'NONE',  ( 0.000000000000000000, 17.00000000000000000, 6.350000000000001421 ) ) ;
#902 = ORIENTED_EDGE ( 'NONE', *, *, #1294, .F. ) ;
#903 = CARTESIAN_POINT ( 'NONE',  ( -25.00000000000000000, 0.000000000000000000, 6.349999999999999645 ) ) ;
#904 = ORIENTED_EDGE ( 'NONE', *, *, #407, .F. ) ;
#905 = CARTESIAN_POINT ( 'NONE',  ( -25.00000000000000000, 30.00000000000000000, 0.000000000000000000 ) ) ;
#906 = EDGE_LOOP ( 'NONE', ( #883, #676, #751, #615 ) ) ;
#907 = EDGE_CURVE ( 'NONE', #1090, #1256, #507, .T. ) ;
#908 = AXIS2_PLACEMENT_3D ( 'NONE', #153, #591, #475 ) ;
#909 = CARTESIAN_POINT ( 'NONE',  ( -8.205312275664022437, 21.33664571714205493, 6.350000000000001421 ) ) ;
#910 = AXIS2_PLACEMENT_3D ( 'NONE', #301, #483, #1038 ) ;
#911 = CARTESIAN_POINT ( 'NONE',  ( -25.00000000000000000, 30.00000000000000000, 6.349999999999999645 ) ) ;
#912 = VECTOR ( 'NONE', #438, 1000.000000000000000 ) ;
#913 = ORIENTED_EDGE ( 'NONE', *, *, #652, .F. ) ;
#914 = DIRECTION ( 'NONE',  ( 0.000000000000000000, 1.000000000000000000, 0.000000000000000000 ) ) ;
#915 = DIRECTION ( 'NONE',  ( 0.000000000000000000, 0.000000000000000000, -1.000000000000000000 ) ) ;
#916 = DIRECTION ( 'NONE',  ( 0.000000000000000000, 1.000000000000000000, 3.697785493223492290E-32 ) ) ;
#917 = VERTEX_POINT ( 'NONE', #1315 ) ;
#918 = CARTESIAN_POINT ( 'NONE',  ( 24.99999999999999645, 30.00000000000000000, 6.349999999999999645 ) ) ;
#919 = AXIS2_PLACEMENT_3D ( 'NONE', #159, #1248, #465 ) ;
#920 = DIRECTION ( 'NONE',  ( 3.485933199340899084E-32, 3.697785493223493385E-32, -1.000000000000000000 ) ) ;
#921 = ORIENTED_EDGE ( 'NONE', *, *, #1148, .F. ) ;
#922 = COORDINATED_UNIVERSAL_TIME_OFFSET ( 8, 0, .BEHIND. ) ;
#923 = EDGE_CURVE ( 'NONE', #1001, #956, #851, .T. ) ;
#924 = EDGE_LOOP ( 'NONE', ( #227, #326, #183, #1306, #38, #172, #89, #1284, #764, #170 ) ) ;
#925 = ORIENTED_EDGE ( 'NONE', *, *, #18, .F. ) ;
#926 = LINE ( 'NONE', #1146, #1332 ) ;
#927 = LINE ( 'NONE', #1254, #150 ) ;
#928 = FACE_OUTER_BOUND ( 'NONE', #1330, .T. ) ;
#929 = AXIS2_PLACEMENT_3D ( 'NONE', #1242, #683, #347 ) ;
#930 = VERTEX_POINT ( 'NONE', #516 ) ;
#931 = PLANE ( 'NONE',  #1201 ) ;
#932 = PERSON_AND_ORGANIZATION_ROLE ( 'design_supplier' ) ;
#933 = CARTESIAN_POINT ( 'NONE',  ( -25.00000000000000000, 0.000000000000000000, 0.000000000000000000 ) ) ;
#934 = AXIS2_PLACEMENT_3D ( 'NONE', #256, #575, #21 ) ;
#935 = PRODUCT ( 'Weapon Spinner_Vf', 'Weapon Spinner_Vf', '', ( #880 ) ) ;
#936 = ADVANCED_FACE ( 'NONE', ( #987 ), #628, .T. ) ;
#937 = AXIS2_PLACEMENT_3D ( 'NONE', #1409, #1395, #328 ) ;
#938 = ORIENTED_EDGE ( 'NONE', *, *, #923, .T. ) ;
#939 = AXIS2_PLACEMENT_3D ( 'NONE', #342, #528, #792 ) ;
#940 = APPROVAL_ROLE ( '' ) ;
#941 = CIRCLE ( 'NONE', #520, 4.999999999999997335 ) ;
#942 = CIRCLE ( 'NONE', #451, 1.650000000000000355 ) ;
#943 = ORIENTED_EDGE ( 'NONE', *, *, #359, .F. ) ;
#944 = EDGE_CURVE ( 'NONE', #467, #189, #713, .T. ) ;
#945 = ORIENTED_EDGE ( 'NONE', *, *, #835, .F. ) ;
#946 = AXIS2_PLACEMENT_3D ( 'NONE', #466, #915, #1351 ) ;
#947 = CARTESIAN_POINT ( 'NONE',  ( -19.92705646918063067, 62.87990814660368244, 6.350000000000001421 ) ) ;
#948 = FACE_OUTER_BOUND ( 'NONE', #974, .T. ) ;
#949 = ORIENTED_EDGE ( 'NONE', *, *, #847, .F. ) ;
#950 = DIRECTION ( 'NONE',  ( -0.000000000000000000, 0.000000000000000000, 1.000000000000000000 ) ) ;
#951 = EDGE_CURVE ( 'NONE', #286, #1169, #134, .T. ) ;
#952 = CARTESIAN_POINT ( 'NONE',  ( -24.99999999999999645, -30.00000000000000000, 0.000000000000000000 ) ) ;
#953 = DIRECTION ( 'NONE',  ( -0.000000000000000000, 0.000000000000000000, 1.000000000000000000 ) ) ;
#954 =( GEOMETRIC_REPRESENTATION_CONTEXT ( 3 ) GLOBAL_UNCERTAINTY_ASSIGNED_CONTEXT ( ( #576 ) ) GLOBAL_UNIT_ASSIGNED_CONTEXT ( ( #15, #757, #401 ) ) REPRESENTATION_CONTEXT ( 'NONE', 'WORKASPACE' ) );
#955 = CC_DESIGN_PERSON_AND_ORGANIZATION_ASSIGNMENT ( #1163, #269, ( #1220 ) ) ;
#956 = VERTEX_POINT ( 'NONE', #646 ) ;
#957 = VERTEX_POINT ( 'NONE', #1191 ) ;
#958 = AXIS2_PLACEMENT_3D ( 'NONE', #1226, #1081, #106 ) ;
#959 = DIRECTION ( 'NONE',  ( -2.612289469706251658E-15, 1.000000000000000000, 0.000000000000000000 ) ) ;
#960 = CARTESIAN_POINT ( 'NONE',  ( -14.99999999999999822, -30.00000000000000000, 6.350000000000001421 ) ) ;
#961 = DIRECTION ( 'NONE',  ( 0.000000000000000000, 1.000000000000000000, 3.697785493223496122E-32 ) ) ;
#962 = LINE ( 'NONE', #1399, #198 ) ;
#963 = ORIENTED_EDGE ( 'NONE', *, *, #1369, .T. ) ;
#964 = ORIENTED_EDGE ( 'NONE', *, *, #111, .F. ) ;
#965 = DIRECTION ( 'NONE',  ( 1.957060072957617620E-14, 1.000000000000000000, 0.000000000000000000 ) ) ;
#966 = VERTEX_POINT ( 'NONE', #1075 ) ;
#967 = DIRECTION ( 'NONE',  ( -0.000000000000000000, -0.000000000000000000, -1.000000000000000000 ) ) ;
#968 = CYLINDRICAL_SURFACE ( 'NONE', #285, 22.85999999999999943 ) ;
#969 = DIRECTION ( 'NONE',  ( -1.000000000000000000, -4.340556344497895791E-16, 0.000000000000000000 ) ) ;
#970 = ORIENTED_EDGE ( 'NONE', *, *, #907, .F. ) ;
#971 = EDGE_CURVE ( 'NONE', #1338, #1082, #1301, .T. ) ;
#972 = VECTOR ( 'NONE', #455, 1000.000000000000000 ) ;
#973 = VECTOR ( 'NONE', #422, 1000.000000000000000 ) ;
#974 = EDGE_LOOP ( 'NONE', ( #742, #552, #1152, #484 ) ) ;
#975 = DIRECTION ( 'NONE',  ( 0.000000000000000000, 0.000000000000000000, -1.000000000000000000 ) ) ;
#976 = VECTOR ( 'NONE', #1403, 1000.000000000000000 ) ;
#977 = AXIS2_PLACEMENT_3D ( 'NONE', #746, #1176, #632 ) ;
#978 = CC_DESIGN_PERSON_AND_ORGANIZATION_ASSIGNMENT ( #482, #932, ( #1002 ) ) ;
#979 = DIRECTION ( 'NONE',  ( 0.000000000000000000, 1.000000000000000000, 0.000000000000000000 ) ) ;
#980 = LINE ( 'NONE', #874, #545 ) ;
#981 = PLANE ( 'NONE',  #1415 ) ;
#982 = CARTESIAN_POINT ( 'NONE',  ( 17.00000000000000000, 1.040949779275260198E-15, 6.350000000000001421 ) ) ;
#983 = EDGE_CURVE ( 'NONE', #1391, #450, #1331, .T. ) ;
#984 = LINE ( 'NONE', #10, #1401 ) ;
#985 = AXIS2_PLACEMENT_3D ( 'NONE', #185, #87, #627 ) ;
#986 = EDGE_LOOP ( 'NONE', ( #420, #1207, #789, #294 ) ) ;
#987 = FACE_OUTER_BOUND ( 'NONE', #1388, .T. ) ;
#988 = ORIENTED_EDGE ( 'NONE', *, *, #772, .T. ) ;
#989 = VECTOR ( 'NONE', #248, 1000.000000000000000 ) ;
#990 = CARTESIAN_POINT ( 'NONE',  ( -6.938893903907228378E-15, 67.16990566028302112, 6.349999999999999645 ) ) ;
#991 = VERTEX_POINT ( 'NONE', #561 ) ;
#992 = EDGE_LOOP ( 'NONE', ( #309, #246 ) ) ;
#993 = DIRECTION ( 'NONE',  ( -3.485933199340899084E-32, -3.697785493223493385E-32, 1.000000000000000000 ) ) ;
#994 = CIRCLE ( 'NONE', #706, 74.99999999999995737 ) ;
#995 = ORIENTED_EDGE ( 'NONE', *, *, #527, .F. ) ;
#996 = ORIENTED_EDGE ( 'NONE', *, *, #12, .T. ) ;
#997 = CARTESIAN_POINT ( 'NONE',  ( 40.00000000000000000, -75.00000000000000000, 6.349999999999999645 ) ) ;
#998 = EDGE_CURVE ( 'NONE', #192, #327, #569, .T. ) ;
#999 = LINE ( 'NONE', #35, #572 ) ;
#1000 = FACE_BOUND ( 'NONE', #607, .T. ) ;
#1001 = VERTEX_POINT ( 'NONE', #141 ) ;
#1002 = PRODUCT_DEFINITION_FORMATION_WITH_SPECIFIED_SOURCE ( 'ANY', '', #935, .NOT_KNOWN. ) ;
#1003 = CARTESIAN_POINT ( 'NONE',  ( 2.081899558550520396E-15, -17.00000000000000000, 6.350000000000001421 ) ) ;
#1004 = APPROVAL_PERSON_ORGANIZATION ( #1036, #785, #940 ) ;
#1005 = EDGE_CURVE ( 'NONE', #114, #1391, #579, .T. ) ;
#1006 = VECTOR ( 'NONE', #1239, 1000.000000000000000 ) ;
#1007 = CIRCLE ( 'NONE', #493, 74.99999999999995737 ) ;
#1008 = DIRECTION ( 'NONE',  ( 0.000000000000000000, -1.000000000000000000, 0.000000000000000000 ) ) ;
#1009 = AXIS2_PLACEMENT_3D ( 'NONE', #819, #563, #596 ) ;
#1010 = EDGE_CURVE ( 'NONE', #889, #930, #1288, .T. ) ;
#1011 = ORIENTED_EDGE ( 'NONE', *, *, #886, .F. ) ;
#1012 = FACE_BOUND ( 'NONE', #386, .T. ) ;
#1013 = ORIENTED_EDGE ( 'NONE', *, *, #896, .F. ) ;
#1014 = CARTESIAN_POINT ( 'NONE',  ( 3.770563018870944028, -57.90800226407321816, -1.428031478264562026E-30 ) ) ;
#1015 = CYLINDRICAL_SURFACE ( 'NONE', #404, 30.13203773588680434 ) ;
#1016 = EDGE_CURVE ( 'NONE', #1089, #233, #230, .T. ) ;
#1017 = CARTESIAN_POINT ( 'NONE',  ( 0.000000000000000000, 0.000000000000000000, 0.000000000000000000 ) ) ;
#1018 = CIRCLE ( 'NONE', #613, 1.650000000000000577 ) ;
#1019 = CIRCLE ( 'NONE', #1341, 22.85999999999999943 ) ;
#1020 = LINE ( 'NONE', #715, #120 ) ;
#1021 = ORIENTED_EDGE ( 'NONE', *, *, #502, .F. ) ;
#1022 = PERSON_AND_ORGANIZATION ( #536, #9 ) ;
#1023 = CC_DESIGN_DATE_AND_TIME_ASSIGNMENT ( #178, #168, ( #1220 ) ) ;
#1024 = DIRECTION ( 'NONE',  ( 0.000000000000000000, 0.000000000000000000, -1.000000000000000000 ) ) ;
#1025 = VECTOR ( 'NONE', #1282, 1000.000000000000000 ) ;
#1026 = CIRCLE ( 'NONE', #1213, 5.000000000000004441 ) ;
#1027 = LINE ( 'NONE', #805, #989 ) ;
#1028 = EDGE_CURVE ( 'NONE', #1273, #189, #690, .T. ) ;
#1029 = DIRECTION ( 'NONE',  ( 0.000000000000000000, 0.000000000000000000, -1.000000000000000000 ) ) ;
#1030 = DIRECTION ( 'NONE',  ( -4.340556344497903187E-16, -1.000000000000000000, 0.000000000000000000 ) ) ;
#1031 = ORIENTED_EDGE ( 'NONE', *, *, #574, .T. ) ;
#1032 = FACE_BOUND ( 'NONE', #1400, .T. ) ;
#1033 = CARTESIAN_POINT ( 'NONE',  ( -99.99999999999994316, 30.00000000000000355, 0.000000000000000000 ) ) ;
#1034 = PLANE ( 'NONE',  #20 ) ;
#1035 = ADVANCED_FACE ( 'NONE', ( #364 ), #1099, .T. ) ;
#1036 = PERSON_AND_ORGANIZATION ( #536, #9 ) ;
#1037 = CYLINDRICAL_SURFACE ( 'NONE', #946, 96.08495283014143240 ) ;
#1038 = DIRECTION ( 'NONE',  ( -1.000000000000000000, 0.000000000000000000, 0.000000000000000000 ) ) ;
#1039 = EDGE_LOOP ( 'NONE', ( #616, #1011, #696, #626 ) ) ;
#1040 = VERTEX_POINT ( 'NONE', #229 ) ;
#1041 = APPLICATION_PROTOCOL_DEFINITION ( 'international standard', 'config_control_design', 1994, #684 ) ;
#1042 = AXIS2_PLACEMENT_3D ( 'NONE', #982, #695, #1067 ) ;
#1043 = ADVANCED_FACE ( 'NONE', ( #1105 ), #892, .T. ) ;
#1044 = AXIS2_PLACEMENT_3D ( 'NONE', #339, #882, #791 ) ;
#1045 = ORIENTED_EDGE ( 'NONE', *, *, #1356, .F. ) ;
#1046 = ORIENTED_EDGE ( 'NONE', *, *, #782, .T. ) ;
#1047 = VERTEX_POINT ( 'NONE', #291 ) ;
#1048 = CARTESIAN_POINT ( 'NONE',  ( -21.06461633524922661, 61.53101973769000921, 6.349999999999999645 ) ) ;
#1049 = VECTOR ( 'NONE', #1078, 1000.000000000000000 ) ;
#1050 = ADVANCED_FACE ( 'NONE', ( #739 ), #1304, .F. ) ;
#1051 = ORIENTED_EDGE ( 'NONE', *, *, #1310, .T. ) ;
#1052 = ADVANCED_FACE ( 'NONE', ( #665 ), #968, .T. ) ;
#1053 = VERTEX_POINT ( 'NONE', #217 ) ;
#1054 = ORIENTED_EDGE ( 'NONE', *, *, #1134, .T. ) ;
#1055 = EDGE_CURVE ( 'NONE', #1267, #467, #205, .T. ) ;
#1056 = EDGE_LOOP ( 'NONE', ( #549, #1302, #551, #387 ) ) ;
#1057 = CARTESIAN_POINT ( 'NONE',  ( -9.999999999999998224, 26.00345361677943856, 6.350000000000001421 ) ) ;
#1058 = CARTESIAN_POINT ( 'NONE',  ( -40.00000000000000000, -31.08495283014144661, 6.349999999999999645 ) ) ;
#1059 = DIRECTION ( 'NONE',  ( 0.000000000000000000, 1.000000000000000000, 0.000000000000000000 ) ) ;
#1060 = DIRECTION ( 'NONE',  ( -1.000000000000000000, 0.000000000000000000, 0.000000000000000000 ) ) ;
#1061 = LINE ( 'NONE', #509, #112 ) ;
#1062 = VERTEX_POINT ( 'NONE', #539 ) ;
#1063 = DIRECTION ( 'NONE',  ( 0.000000000000000000, 0.000000000000000000, -1.000000000000000000 ) ) ;
#1064 = ADVANCED_FACE ( 'NONE', ( #630 ), #745, .F. ) ;
#1065 = AXIS2_PLACEMENT_3D ( 'NONE', #305, #540, #1292 ) ;
#1066 = ORIENTED_EDGE ( 'NONE', *, *, #1314, .T. ) ;
#1067 = DIRECTION ( 'NONE',  ( -1.000000000000000000, 0.000000000000000000, 0.000000000000000000 ) ) ;
#1068 = DIRECTION ( 'NONE',  ( 0.000000000000000000, 0.000000000000000000, -1.000000000000000000 ) ) ;
#1069 = CARTESIAN_POINT ( 'NONE',  ( -99.99999999999994316, 30.00000000000000355, 0.000000000000000000 ) ) ;
#1070 = ORIENTED_EDGE ( 'NONE', *, *, #390, .F. ) ;
#1071 = AXIS2_PLACEMENT_3D ( 'NONE', #204, #1325, #231 ) ;
#1072 = LINE ( 'NONE', #960, #418 ) ;
#1073 = ORIENTED_EDGE ( 'NONE', *, *, #391, .T. ) ;
#1074 = CIRCLE ( 'NONE', #142, 22.85999999999999943 ) ;
#1075 = CARTESIAN_POINT ( 'NONE',  ( -14.99999999999999289, -26.00345361677943856, 6.350000000000001421 ) ) ;
#1076 = ORIENTED_EDGE ( 'NONE', *, *, #143, .T. ) ;
#1077 = EDGE_CURVE ( 'NONE', #310, #897, #815, .T. ) ;
#1078 = DIRECTION ( 'NONE',  ( 0.000000000000000000, 0.000000000000000000, -1.000000000000000000 ) ) ;
#1079 = CARTESIAN_POINT ( 'NONE',  ( 20.13596476272275382, -61.90197291107461552, 6.350000000000001421 ) ) ;
#1080 = FACE_OUTER_BOUND ( 'NONE', #661, .T. ) ;
#1081 = DIRECTION ( 'NONE',  ( -3.485933199340899084E-32, -3.697785493223493385E-32, 1.000000000000000000 ) ) ;
#1082 = VERTEX_POINT ( 'NONE', #947 ) ;
#1083 = EDGE_CURVE ( 'NONE', #43, #917, #778, .T. ) ;
#1084 = FACE_OUTER_BOUND ( 'NONE', #351, .T. ) ;
#1085 = DIRECTION ( 'NONE',  ( 0.000000000000000000, 1.000000000000000000, 0.000000000000000000 ) ) ;
#1086 = DIRECTION ( 'NONE',  ( -3.485933199340899084E-32, -3.697785493223493385E-32, 1.000000000000000000 ) ) ;
#1087 = AXIS2_PLACEMENT_3D ( 'NONE', #209, #671, #127 ) ;
#1088 = ORIENTED_EDGE ( 'NONE', *, *, #823, .T. ) ;
#1089 = VERTEX_POINT ( 'NONE', #654 ) ;
#1090 = VERTEX_POINT ( 'NONE', #1203 ) ;
#1091 = CARTESIAN_POINT ( 'NONE',  ( 18.64999999999999858, 1.243016501134573350E-15, 5.751789778912480532E-32 ) ) ;
#1092 = DIRECTION ( 'NONE',  ( -3.485933199340899084E-32, -3.697785493223493385E-32, 1.000000000000000000 ) ) ;
#1093 = DIRECTION ( 'NONE',  ( 1.000000000000000000, 0.000000000000000000, 0.000000000000000000 ) ) ;
#1094 = ORIENTED_EDGE ( 'NONE', *, *, #85, .F. ) ;
#1095 = CIRCLE ( 'NONE', #1195, 1.649999999999998579 ) ;
#1096 = EDGE_CURVE ( 'NONE', #1279, #1116, #1095, .T. ) ;
#1097 = CIRCLE ( 'NONE', #770, 84.99999999999997158 ) ;
#1098 = ORIENTED_EDGE ( 'NONE', *, *, #1344, .F. ) ;
#1099 = CYLINDRICAL_SURFACE ( 'NONE', #1044, 106.0849528301414608 ) ;
#1100 = CIRCLE ( 'NONE', #476, 5.000000000000000888 ) ;
#1101 = DIRECTION ( 'NONE',  ( -3.485933199340899084E-32, -3.697785493223493385E-32, 1.000000000000000000 ) ) ;
#1102 = DIRECTION ( 'NONE',  ( -0.000000000000000000, 0.000000000000000000, 1.000000000000000000 ) ) ;
#1103 = CARTESIAN_POINT ( 'NONE',  ( -1.649999999999998135, -17.00000000000000000, 6.350000000000001421 ) ) ;
#1104 = DIRECTION ( 'NONE',  ( 0.000000000000000000, 1.000000000000000000, 3.697785493223493933E-32 ) ) ;
#1105 = FACE_OUTER_BOUND ( 'NONE', #568, .T. ) ;
#1106 = CARTESIAN_POINT ( 'NONE',  ( -8.205312275664022437, 21.33664571714205493, 6.350000000000001421 ) ) ;
#1107 = DIRECTION ( 'NONE',  ( 1.776356839400250465E-15, 1.000000000000000000, 3.697785493223498859E-32 ) ) ;
#1108 = ORIENTED_EDGE ( 'NONE', *, *, #907, .T. ) ;
#1109 = EDGE_CURVE ( 'NONE', #1221, #356, #298, .T. ) ;
#1110 = VERTEX_POINT ( 'NONE', #1291 ) ;
#1111 = EDGE_CURVE ( 'NONE', #930, #889, #1374, .T. ) ;
#1112 = CYLINDRICAL_SURFACE ( 'NONE', #1353, 4.999999999999997335 ) ;
#1113 = FACE_OUTER_BOUND ( 'NONE', #350, .T. ) ;
#1114 = ORIENTED_EDGE ( 'NONE', *, *, #594, .F. ) ;
#1115 = CARTESIAN_POINT ( 'NONE',  ( 40.00000000000000000, 31.08495283014144661, 6.350000000000001421 ) ) ;
#1116 = VERTEX_POINT ( 'NONE', #210 ) ;
#1117 = AXIS2_PLACEMENT_3D ( 'NONE', #1057, #1377, #380 ) ;
#1118 = DATE_AND_TIME ( #67, #201 ) ;
#1119 = ADVANCED_FACE ( 'NONE', ( #195 ), #399, .T. ) ;
#1120 = AXIS2_PLACEMENT_3D ( 'NONE', #1017, #374, #30 ) ;
#1121 = ORIENTED_EDGE ( 'NONE', *, *, #468, .F. ) ;
#1122 = CARTESIAN_POINT ( 'NONE',  ( -8.205312275664022437, 21.33664571714205493, 5.029516853420024049E-31 ) ) ;
#1123 = AXIS2_PLACEMENT_3D ( 'NONE', #32, #377, #45 ) ;
#1124 = ORIENTED_EDGE ( 'NONE', *, *, #583, .T. ) ;
#1125 = CARTESIAN_POINT ( 'NONE',  ( -20.13596476272274671, 61.90197291107460131, 0.000000000000000000 ) ) ;
#1126 = ORIENTED_EDGE ( 'NONE', *, *, #574, .F. ) ;
#1127 = DIRECTION ( 'NONE',  ( 1.000000000000000000, 1.289023321486893220E-63, 0.000000000000000000 ) ) ;
#1128 = ORIENTED_EDGE ( 'NONE', *, *, #280, .F. ) ;
#1129 = VERTEX_POINT ( 'NONE', #331 ) ;
#1130 = CARTESIAN_POINT ( 'NONE',  ( 15.00000000000001421, -6.510834516746860006E-15, 6.350000000000001421 ) ) ;
#1131 = DIRECTION ( 'NONE',  ( 0.000000000000000000, 0.000000000000000000, -1.000000000000000000 ) ) ;
#1132 = DIRECTION ( 'NONE',  ( 0.000000000000000000, 0.000000000000000000, -1.000000000000000000 ) ) ;
#1133 = EDGE_CURVE ( 'NONE', #889, #1116, #431, .T. ) ;
#1134 = EDGE_CURVE ( 'NONE', #510, #310, #980, .T. ) ;
#1135 = CIRCLE ( 'NONE', #929, 1.649999999999998579 ) ;
#1136 = CARTESIAN_POINT ( 'NONE',  ( 14.99999999999998579, -29.99999999999999289, 0.000000000000000000 ) ) ;
#1137 = FACE_OUTER_BOUND ( 'NONE', #284, .T. ) ;
#1138 = VERTEX_POINT ( 'NONE', #952 ) ;
#1139 = CIRCLE ( 'NONE', #373, 30.13203773588680079 ) ;
#1140 = ORIENTED_EDGE ( 'NONE', *, *, #103, .T. ) ;
#1141 = DATE_AND_TIME ( #580, #180 ) ;
#1142 = CARTESIAN_POINT ( 'NONE',  ( -18.65000000000000213, 1.040949779275229432E-15, 6.350000000000001421 ) ) ;
#1143 = AXIS2_PLACEMENT_3D ( 'NONE', #415, #410, #1305 ) ;
#1144 = VERTEX_POINT ( 'NONE', #1316 ) ;
#1145 = EDGE_LOOP ( 'NONE', ( #36, #19, #93, #470 ) ) ;
#1146 = CARTESIAN_POINT ( 'NONE',  ( -15.00000000000000000, -8.906048822441147554E-77, -5.228899799011320818E-31 ) ) ;
#1147 = DIRECTION ( 'NONE',  ( -1.000000000000000000, 0.000000000000000000, 0.000000000000000000 ) ) ;
#1148 = EDGE_CURVE ( 'NONE', #104, #1408, #1397, .T. ) ;
#1149 = CIRCLE ( 'NONE', #247, 1.650000000000000355 ) ;
#1150 = PERSON_AND_ORGANIZATION_ROLE ( 'creator' ) ;
#1151 = CIRCLE ( 'NONE', #1376, 30.13203773588680434 ) ;
#1152 = ORIENTED_EDGE ( 'NONE', *, *, #177, .T. ) ;
#1153 = ORIENTED_EDGE ( 'NONE', *, *, #887, .F. ) ;
#1154 = CARTESIAN_POINT ( 'NONE',  ( 19.92705646918063778, -62.87990814660371086, 6.350000000000001421 ) ) ;
#1155 = VERTEX_POINT ( 'NONE', #1405 ) ;
#1156 = CARTESIAN_POINT ( 'NONE',  ( 8.205312275664045529, 21.33664571714208691, 6.350000000000001421 ) ) ;
#1157 = EDGE_LOOP ( 'NONE', ( #747, #1179, #1204, #83 ) ) ;
#1158 = ORIENTED_EDGE ( 'NONE', *, *, #402, .F. ) ;
#1159 = ORIENTED_EDGE ( 'NONE', *, *, #667, .T. ) ;
#1160 = AXIS2_PLACEMENT_3D ( 'NONE', #54, #820, #1251 ) ;
#1161 = CARTESIAN_POINT ( 'NONE',  ( -6.938893903907228378E-15, 67.16990566028302112, 6.349999999999999645 ) ) ;
#1162 = EDGE_CURVE ( 'NONE', #441, #1047, #1097, .T. ) ;
#1163 = PERSON_AND_ORGANIZATION ( #536, #9 ) ;
#1164 = CIRCLE ( 'NONE', #1236, 1.000000000000014655 ) ;
#1165 = DIRECTION ( 'NONE',  ( 0.000000000000000000, -0.000000000000000000, -1.000000000000000000 ) ) ;
#1166 = ORIENTED_EDGE ( 'NONE', *, *, #416, .T. ) ;
#1167 = AXIS2_PLACEMENT_3D ( 'NONE', #729, #94, #297 ) ;
#1168 = ORIENTED_EDGE ( 'NONE', *, *, #983, .T. ) ;
#1169 = VERTEX_POINT ( 'NONE', #766 ) ;
#1170 = CARTESIAN_POINT ( 'NONE',  ( -21.06461633524922661, 61.53101973769000921, -4.608922610496946887E-32 ) ) ;
#1171 = CC_DESIGN_PERSON_AND_ORGANIZATION_ASSIGNMENT ( #460, #62, ( #444 ) ) ;
#1172 = CARTESIAN_POINT ( 'NONE',  ( -40.00000000000000000, 75.00000000000000000, 6.349999999999999645 ) ) ;
#1173 = ORIENTED_EDGE ( 'NONE', *, *, #808, .T. ) ;
#1174 = CARTESIAN_POINT ( 'NONE',  ( 15.00000000000001421, -6.510834516746860006E-15, 5.228899799011378622E-31 ) ) ;
#1175 = CARTESIAN_POINT ( 'NONE',  ( -1.649999999999999911, 17.00000000000000000, 6.350000000000001421 ) ) ;
#1176 = DIRECTION ( 'NONE',  ( -3.485933199340899084E-32, -3.697785493223493385E-32, 1.000000000000000000 ) ) ;
#1177 = EDGE_LOOP ( 'NONE', ( #1268, #148, #779, #80 ) ) ;
#1178 = ADVANCED_FACE ( 'NONE', ( #1193 ), #1112, .F. ) ;
#1179 = ORIENTED_EDGE ( 'NONE', *, *, #603, .F. ) ;
#1180 = ORIENTED_EDGE ( 'NONE', *, *, #1384, .T. ) ;
#1181 = ORIENTED_EDGE ( 'NONE', *, *, #1310, .F. ) ;
#1182 = LINE ( 'NONE', #1161, #118 ) ;
#1183 = AXIS2_PLACEMENT_3D ( 'NONE', #340, #1229, #553 ) ;
#1184 = FACE_OUTER_BOUND ( 'NONE', #807, .T. ) ;
#1185 = DIRECTION ( 'NONE',  ( 0.000000000000000000, 0.000000000000000000, -1.000000000000000000 ) ) ;
#1186 = CARTESIAN_POINT ( 'NONE',  ( -40.00000000000000000, 75.00000000000000000, 6.349999999999999645 ) ) ;
#1187 = CARTESIAN_POINT ( 'NONE',  ( 20.13596476272275382, -61.90197291107461552, 0.000000000000000000 ) ) ;
#1188 = EDGE_CURVE ( 'NONE', #930, #1279, #237, .T. ) ;
#1189 = ORIENTED_EDGE ( 'NONE', *, *, #838, .F. ) ;
#1190 = FACE_BOUND ( 'NONE', #439, .T. ) ;
#1191 = CARTESIAN_POINT ( 'NONE',  ( -1.649999999999998135, -17.00000000000000000, -5.751789778912483816E-32 ) ) ;
#1192 = CARTESIAN_POINT ( 'NONE',  ( -9.000000000000000000, 0.000000000000000000, 6.350000000000001421 ) ) ;
#1193 = FACE_OUTER_BOUND ( 'NONE', #1392, .T. ) ;
#1194 = DIRECTION ( 'NONE',  ( -2.612289469706251658E-15, 1.000000000000000000, 3.697785493223483532E-32 ) ) ;
#1195 = AXIS2_PLACEMENT_3D ( 'NONE', #1398, #187, #961 ) ;
#1196 = CC_DESIGN_DATE_AND_TIME_ASSIGNMENT ( #1118, #252, ( #444 ) ) ;
#1197 = VERTEX_POINT ( 'NONE', #1289 ) ;
#1198 = AXIS2_PLACEMENT_3D ( 'NONE', #320, #1068, #783 ) ;
#1199 = FACE_OUTER_BOUND ( 'NONE', #1300, .T. ) ;
#1200 = EDGE_CURVE ( 'NONE', #1053, #1138, #1281, .T. ) ;
#1201 = AXIS2_PLACEMENT_3D ( 'NONE', #1366, #623, #175 ) ;
#1202 = CARTESIAN_POINT ( 'NONE',  ( -3.770563018870942251, 57.90800226407321105, 6.350000000000001421 ) ) ;
#1203 = CARTESIAN_POINT ( 'NONE',  ( -15.00000000000000000, 30.00000000000001421, 6.350000000000001421 ) ) ;
#1204 = ORIENTED_EDGE ( 'NONE', *, *, #667, .F. ) ;
#1205 = ORIENTED_EDGE ( 'NONE', *, *, #852, .F. ) ;
#1206 = DIRECTION ( 'NONE',  ( 0.000000000000000000, 1.000000000000000000, 3.697785493223492838E-32 ) ) ;
#1207 = ORIENTED_EDGE ( 'NONE', *, *, #1028, .F. ) ;
#1208 = DIRECTION ( 'NONE',  ( 0.000000000000000000, 1.000000000000000000, 3.697785493223493385E-32 ) ) ;
#1209 = ADVANCED_FACE ( 'NONE', ( #1387 ), #515, .F. ) ;
#1210 = VECTOR ( 'NONE', #581, 1000.000000000000000 ) ;
#1211 = VERTEX_POINT ( 'NONE', #840 ) ;
#1212 = ADVANCED_FACE ( 'NONE', ( #1265 ), #82, .F. ) ;
#1213 = AXIS2_PLACEMENT_3D ( 'NONE', #214, #1296, #786 ) ;
#1214 = VERTEX_POINT ( 'NONE', #1277 ) ;
#1215 = DIRECTION ( 'NONE',  ( -3.485933199340899084E-32, -3.697785493223493385E-32, 1.000000000000000000 ) ) ;
#1216 = DIRECTION ( 'NONE',  ( -3.485933199340899084E-32, -3.697785493223493385E-32, 1.000000000000000000 ) ) ;
#1217 = AXIS2_PLACEMENT_3D ( 'NONE', #788, #703, #144 ) ;
#1218 = VECTOR ( 'NONE', #508, 1000.000000000000000 ) ;
#1219 = ORIENTED_EDGE ( 'NONE', *, *, #352, .F. ) ;
#1220 = SECURITY_CLASSIFICATION ( '', '', #1367 ) ;
#1221 = VERTEX_POINT ( 'NONE', #1172 ) ;
#1222 = PRODUCT_RELATED_PRODUCT_CATEGORY ( 'detail', '', ( #935 ) ) ;
#1223 = CYLINDRICAL_SURFACE ( 'NONE', #1009, 30.13203773588680434 ) ;
#1224 = FACE_OUTER_BOUND ( 'NONE', #832, .T. ) ;
#1225 = EDGE_CURVE ( 'NONE', #1144, #1047, #283, .T. ) ;
#1226 = CARTESIAN_POINT ( 'NONE',  ( -20.13596476272274671, 61.90197291107460131, 6.350000000000001421 ) ) ;
#1227 = ORIENTED_EDGE ( 'NONE', *, *, #835, .T. ) ;
#1228 = DIRECTION ( 'NONE',  ( -0.000000000000000000, -0.000000000000000000, -1.000000000000000000 ) ) ;
#1229 = DIRECTION ( 'NONE',  ( -3.485933199340899084E-32, -3.697785493223493385E-32, 1.000000000000000000 ) ) ;
#1230 = LINE ( 'NONE', #28, #73 ) ;
#1231 = VECTOR ( 'NONE', #165, 1000.000000000000000 ) ;
#1232 = CARTESIAN_POINT ( 'NONE',  ( 40.00000000000000000, 31.08495283014144661, 0.000000000000000000 ) ) ;
#1233 = EDGE_CURVE ( 'NONE', #2, #759, #871, .T. ) ;
#1234 = CIRCLE ( 'NONE', #884, 1.649999999999998579 ) ;
#1235 = VECTOR ( 'NONE', #206, 1000.000000000000000 ) ;
#1236 = AXIS2_PLACEMENT_3D ( 'NONE', #1187, #1086, #211 ) ;
#1237 = CARTESIAN_POINT ( 'NONE',  ( -17.00000000000000000, 1.040949779275229432E-15, 6.350000000000001421 ) ) ;
#1238 = ORIENTED_EDGE ( 'NONE', *, *, #1371, .F. ) ;
#1239 = DIRECTION ( 'NONE',  ( -0.000000000000000000, -0.000000000000000000, -1.000000000000000000 ) ) ;
#1240 = CARTESIAN_POINT ( 'NONE',  ( -40.00000000000000000, -31.08495283014144661, 0.000000000000000000 ) ) ;
#1241 = DIRECTION ( 'NONE',  ( 0.000000000000000000, 1.000000000000000000, 0.000000000000000000 ) ) ;
#1242 = CARTESIAN_POINT ( 'NONE',  ( 17.00000000000000000, 1.040949779275260198E-15, 0.000000000000000000 ) ) ;
#1243 = ORIENTED_EDGE ( 'NONE', *, *, #1109, .F. ) ;
#1244 = CARTESIAN_POINT ( 'NONE',  ( 10.00000000000000178, -26.00345361677944922, 6.350000000000001421 ) ) ;
#1245 = PLANE ( 'NONE',  #895 ) ;
#1246 = APPROVAL_ROLE ( '' ) ;
#1247 = EDGE_CURVE ( 'NONE', #104, #17, #1182, .T. ) ;
#1248 = DIRECTION ( 'NONE',  ( -3.485933199340899084E-32, -3.697785493223493385E-32, 1.000000000000000000 ) ) ;
#1249 = FACE_OUTER_BOUND ( 'NONE', #986, .T. ) ;
#1250 = CARTESIAN_POINT ( 'NONE',  ( 40.00000000000000000, -75.00000000000000000, 6.349999999999999645 ) ) ;
#1251 = DIRECTION ( 'NONE',  ( 1.000000000000000000, 0.000000000000000000, 0.000000000000000000 ) ) ;
#1252 = VECTOR ( 'NONE', #663, 1000.000000000000000 ) ;
#1253 = CARTESIAN_POINT ( 'NONE',  ( 5.509291039429783099E-14, 0.000000000000000000, 0.000000000000000000 ) ) ;
#1254 = CARTESIAN_POINT ( 'NONE',  ( -15.00000000000000000, 30.00000000000001421, 6.350000000000001421 ) ) ;
#1255 = ORIENTED_EDGE ( 'NONE', *, *, #242, .T. ) ;
#1256 = VERTEX_POINT ( 'NONE', #1048 ) ;
#1257 = AXIS2_PLACEMENT_3D ( 'NONE', #629, #537, #979 ) ;
#1258 = DIRECTION ( 'NONE',  ( -1.000000000000000000, 0.000000000000000000, 0.000000000000000000 ) ) ;
#1259 = CARTESIAN_POINT ( 'NONE',  ( -21.06461633524922661, 61.53101973769000921, 6.350000000000001421 ) ) ;
#1260 = AXIS2_PLACEMENT_3D ( 'NONE', #1342, #1216, #123 ) ;
#1261 = PRODUCT_DEFINITION_SHAPE ( 'NONE', 'NONE',  #444 ) ;
#1262 = VECTOR ( 'NONE', #1029, 1000.000000000000000 ) ;
#1263 = ADVANCED_FACE ( 'NONE', ( #1272 ), #74, .T. ) ;
#1264 = ORIENTED_EDGE ( 'NONE', *, *, #145, .T. ) ;
#1265 = FACE_OUTER_BOUND ( 'NONE', #481, .T. ) ;
#1266 = EDGE_LOOP ( 'NONE', ( #964, #218, #1054, #804 ) ) ;
#1267 = VERTEX_POINT ( 'NONE', #472 ) ;
#1268 = ORIENTED_EDGE ( 'NONE', *, *, #417, .F. ) ;
#1269 = DIRECTION ( 'NONE',  ( 0.000000000000000000, 0.000000000000000000, -1.000000000000000000 ) ) ;
#1270 = ORIENTED_EDGE ( 'NONE', *, *, #517, .T. ) ;
#1271 = FACE_BOUND ( 'NONE', #876, .T. ) ;
#1272 = FACE_OUTER_BOUND ( 'NONE', #51, .T. ) ;
#1273 = VERTEX_POINT ( 'NONE', #1156 ) ;
#1274 = ADVANCED_FACE ( 'NONE', ( #259 ), #55, .F. ) ;
#1275 = ORIENTED_EDGE ( 'NONE', *, *, #1247, .F. ) ;
#1276 = ORIENTED_EDGE ( 'NONE', *, *, #1344, .T. ) ;
#1277 = CARTESIAN_POINT ( 'NONE',  ( 25.00000000000000000, -30.00000000000000000, 6.349999999999999645 ) ) ;
#1278 = EDGE_CURVE ( 'NONE', #212, #863, #26, .T. ) ;
#1279 = VERTEX_POINT ( 'NONE', #6 ) ;
#1280 = CARTESIAN_POINT ( 'NONE',  ( 14.99999999999999822, 30.00000000000000000, 1.632225627868185538E-30 ) ) ;
#1281 = CIRCLE ( 'NONE', #1167, 40.13203773588680434 ) ;
#1282 = DIRECTION ( 'NONE',  ( 0.000000000000000000, 0.000000000000000000, -1.000000000000000000 ) ) ;
#1283 = DIRECTION ( 'NONE',  ( -3.485933199340899084E-32, -3.697785493223493385E-32, 1.000000000000000000 ) ) ;
#1284 = ORIENTED_EDGE ( 'NONE', *, *, #359, .T. ) ;
#1285 = CYLINDRICAL_SURFACE ( 'NONE', #910, 74.99999999999995737 ) ;
#1286 = CIRCLE ( 'NONE', #776, 22.85999999999999943 ) ;
#1287 = ORIENTED_EDGE ( 'NONE', *, *, #390, .T. ) ;
#1288 = CIRCLE ( 'NONE', #675, 1.649999999999998579 ) ;
#1289 = CARTESIAN_POINT ( 'NONE',  ( 15.00000000000000178, -26.00345361677944922, -4.386619556772325878E-31 ) ) ;
#1290 = CARTESIAN_POINT ( 'NONE',  ( -99.99999999999994316, 30.00000000000000355, 6.350000000000001421 ) ) ;
#1291 = CARTESIAN_POINT ( 'NONE',  ( 15.00000000000000000, -29.99999999999999289, 6.350000000000001421 ) ) ;
#1292 = DIRECTION ( 'NONE',  ( -1.000000000000000000, 0.000000000000000000, 0.000000000000000000 ) ) ;
#1293 = ORIENTED_EDGE ( 'NONE', *, *, #808, .F. ) ;
#1294 = EDGE_CURVE ( 'NONE', #450, #1391, #620, .T. ) ;
#1295 = PLANE ( 'NONE',  #1313 ) ;
#1296 = DIRECTION ( 'NONE',  ( -3.485933199340899084E-32, -3.697785493223493385E-32, 1.000000000000000000 ) ) ;
#1297 = DIRECTION ( 'NONE',  ( -3.485933199340899084E-32, -3.697785493223493385E-32, 1.000000000000000000 ) ) ;
#1298 = ORIENTED_EDGE ( 'NONE', *, *, #348, .T. ) ;
#1299 = EDGE_CURVE ( 'NONE', #1001, #767, #849, .T. ) ;
#1300 = EDGE_LOOP ( 'NONE', ( #689, #938, #1410, #736 ) ) ;
#1301 = CIRCLE ( 'NONE', #166, 96.08495283014146082 ) ;
#1302 = ORIENTED_EDGE ( 'NONE', *, *, #1083, .F. ) ;
#1303 = CARTESIAN_POINT ( 'NONE',  ( 15.00000000000001243, 6.510834516746847384E-15, 6.350000000000001421 ) ) ;
#1304 = CYLINDRICAL_SURFACE ( 'NONE', #735, 1.000000000000014655 ) ;
#1305 = DIRECTION ( 'NONE',  ( -1.000000000000000000, 0.000000000000000000, 0.000000000000000000 ) ) ;
#1306 = ORIENTED_EDGE ( 'NONE', *, *, #944, .F. ) ;
#1307 = AXIS2_PLACEMENT_3D ( 'NONE', #115, #777, #345 ) ;
#1308 = CYLINDRICAL_SURFACE ( 'NONE', #1042, 1.649999999999998579 ) ;
#1309 = DIRECTION ( 'NONE',  ( 0.000000000000000000, 0.000000000000000000, -1.000000000000000000 ) ) ;
#1310 = EDGE_CURVE ( 'NONE', #1169, #1138, #677, .T. ) ;
#1311 = ORIENTED_EDGE ( 'NONE', *, *, #416, .F. ) ;
#1312 = AXIS2_PLACEMENT_3D ( 'NONE', #1232, #368, #816 ) ;
#1313 = AXIS2_PLACEMENT_3D ( 'NONE', #71, #950, #311 ) ;
#1314 = EDGE_CURVE ( 'NONE', #510, #322, #224, .T. ) ;
#1315 = CARTESIAN_POINT ( 'NONE',  ( 19.92705646918063778, -62.87990814660371086, -4.344435083327709302E-32 ) ) ;
#1316 = CARTESIAN_POINT ( 'NONE',  ( 21.06461633524922661, -61.53101973769002342, 6.349999999999999645 ) ) ;
#1317 = CARTESIAN_POINT ( 'NONE',  ( -17.00000000000000000, 1.040949779275229432E-15, 6.350000000000001421 ) ) ;
#1318 = ORIENTED_EDGE ( 'NONE', *, *, #1077, .T. ) ;
#1319 = CARTESIAN_POINT ( 'NONE',  ( -17.00000000000000000, 1.040949779275229432E-15, 0.000000000000000000 ) ) ;
#1320 = DIRECTION ( 'NONE',  ( -1.000000000000000000, 0.000000000000000000, 0.000000000000000000 ) ) ;
#1321 = CC_DESIGN_PERSON_AND_ORGANIZATION_ASSIGNMENT ( #716, #1150, ( #1002 ) ) ;
#1322 = ORIENTED_EDGE ( 'NONE', *, *, #1414, .T. ) ;
#1323 = ORIENTED_EDGE ( 'NONE', *, *, #1096, .F. ) ;
#1324 = ORIENTED_EDGE ( 'NONE', *, *, #1162, .T. ) ;
#1325 = DIRECTION ( 'NONE',  ( -3.485933199340899084E-32, -3.697785493223493385E-32, 1.000000000000000000 ) ) ;
#1326 = CARTESIAN_POINT ( 'NONE',  ( 40.00000000000000000, 31.08495283014144661, 6.350000000000001421 ) ) ;
#1327 = CIRCLE ( 'NONE', #1257, 1.000000000000000888 ) ;
#1328 = AXIS2_PLACEMENT_3D ( 'NONE', #888, #1024, #463 ) ;
#1329 = EDGE_LOOP ( 'NONE', ( #337, #1336, #1073, #641 ) ) ;
#1330 = EDGE_LOOP ( 'NONE', ( #525, #121, #902, #658 ) ) ;
#1331 = CIRCLE ( 'NONE', #255, 9.000000000000000000 ) ;
#1332 = VECTOR ( 'NONE', #704, 1000.000000000000000 ) ;
#1333 = CARTESIAN_POINT ( 'NONE',  ( 15.00000000000001421, -6.510834516746860006E-15, 6.350000000000001421 ) ) ;
#1334 = ADVANCED_FACE ( 'NONE', ( #1084 ), #430, .F. ) ;
#1335 = CARTESIAN_POINT ( 'NONE',  ( 10.00000000000000000, 26.00345361677944922, 6.350000000000001421 ) ) ;
#1336 = ORIENTED_EDGE ( 'NONE', *, *, #1396, .F. ) ;
#1337 = ORIENTED_EDGE ( 'NONE', *, *, #603, .T. ) ;
#1338 = VERTEX_POINT ( 'NONE', #1202 ) ;
#1339 = FACE_OUTER_BOUND ( 'NONE', #1145, .T. ) ;
#1340 = VERTEX_POINT ( 'NONE', #1192 ) ;
#1341 = AXIS2_PLACEMENT_3D ( 'NONE', #701, #1101, #554 ) ;
#1342 = CARTESIAN_POINT ( 'NONE',  ( 20.13596476272275382, -61.90197291107461552, 6.350000000000001421 ) ) ;
#1343 = ORIENTED_EDGE ( 'NONE', *, *, #1188, .F. ) ;
#1344 = EDGE_CURVE ( 'NONE', #966, #136, #638, .T. ) ;
#1345 = DIRECTION ( 'NONE',  ( -3.485933199340899084E-32, -3.697785493223493385E-32, 1.000000000000000000 ) ) ;
#1346 = ORIENTED_EDGE ( 'NONE', *, *, #396, .F. ) ;
#1347 = PERSON_AND_ORGANIZATION ( #536, #9 ) ;
#1348 = AXIS2_PLACEMENT_3D ( 'NONE', #4, #14, #762 ) ;
#1349 = CARTESIAN_POINT ( 'NONE',  ( 15.13203773588680612, -29.99999999999999645, 6.350000000000001421 ) ) ;
#1350 = FACE_BOUND ( 'NONE', #900, .T. ) ;
#1351 = DIRECTION ( 'NONE',  ( -1.000000000000000000, 0.000000000000000000, 0.000000000000000000 ) ) ;
#1352 = FACE_OUTER_BOUND ( 'NONE', #458, .T. ) ;
#1353 = AXIS2_PLACEMENT_3D ( 'NONE', #702, #1131, #223 ) ;
#1354 = VERTEX_POINT ( 'NONE', #194 ) ;
#1355 = LINE ( 'NONE', #1142, #1210 ) ;
#1356 = EDGE_CURVE ( 'NONE', #1267, #212, #518, .T. ) ;
#1357 = CIRCLE ( 'NONE', #744, 96.08495283014146082 ) ;
#1358 = CARTESIAN_POINT ( 'NONE',  ( -9.999999999999994671, -26.00345361677943856, 6.350000000000001421 ) ) ;
#1359 = ORIENTED_EDGE ( 'NONE', *, *, #1055, .F. ) ;
#1360 = APPLICATION_CONTEXT ( 'configuration controlled 3d designs of mechanical parts and assemblies' ) ;
#1361 = FACE_OUTER_BOUND ( 'NONE', #302, .T. ) ;
#1362 = CYLINDRICAL_SURFACE ( 'NONE', #734, 5.000000000000000888 ) ;
#1363 = ORIENTED_EDGE ( 'NONE', *, *, #171, .F. ) ;
#1364 = CIRCLE ( 'NONE', #934, 40.13203773588680434 ) ;
#1365 = VERTEX_POINT ( 'NONE', #319 ) ;
#1366 = CARTESIAN_POINT ( 'NONE',  ( -25.00000000000000000, 0.000000000000000000, 6.349999999999999645 ) ) ;
#1367 = SECURITY_CLASSIFICATION_LEVEL ( 'unclassified' ) ;
#1368 = DIRECTION ( 'NONE',  ( 0.000000000000000000, 1.000000000000000000, 3.697785493223496122E-32 ) ) ;
#1369 = EDGE_CURVE ( 'NONE', #1082, #991, #1327, .T. ) ;
#1370 = VECTOR ( 'NONE', #46, 1000.000000000000000 ) ;
#1371 = EDGE_CURVE ( 'NONE', #1340, #114, #490, .T. ) ;
#1372 = ORIENTED_EDGE ( 'NONE', *, *, #998, .F. ) ;
#1373 = DIRECTION ( 'NONE',  ( 0.000000000000000000, 0.000000000000000000, -1.000000000000000000 ) ) ;
#1374 = CIRCLE ( 'NONE', #693, 1.649999999999998579 ) ;
#1375 = APPROVAL_STATUS ( 'not_yet_approved' ) ;
#1376 = AXIS2_PLACEMENT_3D ( 'NONE', #1349, #1215, #456 ) ;
#1377 = DIRECTION ( 'NONE',  ( 0.000000000000000000, 0.000000000000000000, -1.000000000000000000 ) ) ;
#1378 = ORIENTED_EDGE ( 'NONE', *, *, #171, .T. ) ;
#1379 = AXIS2_PLACEMENT_3D ( 'NONE', #1319, #670, #1104 ) ;
#1380 = EDGE_CURVE ( 'NONE', #767, #1001, #1149, .T. ) ;
#1381 = ORIENTED_EDGE ( 'NONE', *, *, #242, .F. ) ;
#1382 = COORDINATED_UNIVERSAL_TIME_OFFSET ( 8, 0, .BEHIND. ) ;
#1383 = CARTESIAN_POINT ( 'NONE',  ( -20.13596476272274671, 61.90197291107460131, 6.350000000000001421 ) ) ;
#1384 = EDGE_CURVE ( 'NONE', #1338, #1089, #203, .T. ) ;
#1385 = ORIENTED_EDGE ( 'NONE', *, *, #1188, .T. ) ;
#1386 = FACE_OUTER_BOUND ( 'NONE', #1039, .T. ) ;
#1387 = FACE_OUTER_BOUND ( 'NONE', #119, .T. ) ;
#1388 = EDGE_LOOP ( 'NONE', ( #599, #1243, #996, #834 ) ) ;
#1389 = LINE ( 'NONE', #526, #406 ) ;
#1390 = DIRECTION ( 'NONE',  ( 0.000000000000000000, 0.000000000000000000, -1.000000000000000000 ) ) ;
#1391 = VERTEX_POINT ( 'NONE', #215 ) ;
#1392 = EDGE_LOOP ( 'NONE', ( #503, #1021, #1070, #1276 ) ) ;
#1393 = CARTESIAN_POINT ( 'NONE',  ( -14.99999999999995737, 1.953250355024042461E-14, 6.350000000000001421 ) ) ;
#1394 = CYLINDRICAL_SURFACE ( 'NONE', #336, 84.99999999999997158 ) ;
#1395 = DIRECTION ( 'NONE',  ( -0.000000000000000000, -0.000000000000000000, -1.000000000000000000 ) ) ;
#1396 = EDGE_CURVE ( 'NONE', #1354, #602, #1389, .T. ) ;
#1397 = CIRCLE ( 'NONE', #72, 40.13203773588680434 ) ;
#1398 = CARTESIAN_POINT ( 'NONE',  ( 0.000000000000000000, 17.00000000000000000, 0.000000000000000000 ) ) ;
#1399 = CARTESIAN_POINT ( 'NONE',  ( 18.64999999999999858, 1.243016501134573350E-15, 6.350000000000001421 ) ) ;
#1400 = EDGE_LOOP ( 'NONE', ( #1322, #33, #1121, #278, #1046, #1166, #1264, #1140, #1413 ) ) ;
#1401 = VECTOR ( 'NONE', #1309, 1000.000000000000000 ) ;
#1402 = ORIENTED_EDGE ( 'NONE', *, *, #130, .T. ) ;
#1403 = DIRECTION ( 'NONE',  ( 0.000000000000000000, 0.000000000000000000, -1.000000000000000000 ) ) ;
#1404 = DIRECTION ( 'NONE',  ( 1.000000000000000000, 0.000000000000000000, 0.000000000000000000 ) ) ;
#1405 = CARTESIAN_POINT ( 'NONE',  ( -21.13596476272274671, 61.90197291107460131, -3.485933199340901273E-32 ) ) ;
#1406 = ORIENTED_EDGE ( 'NONE', *, *, #1369, .F. ) ;
#1407 = DIRECTION ( 'NONE',  ( 1.000000000000000000, 0.000000000000000000, 0.000000000000000000 ) ) ;
#1408 = VERTEX_POINT ( 'NONE', #398 ) ;
#1409 = CARTESIAN_POINT ( 'NONE',  ( 15.13203773588680612, -29.99999999999999645, 6.349999999999999645 ) ) ;
#1410 = ORIENTED_EDGE ( 'NONE', *, *, #334, .F. ) ;
#1411 = CARTESIAN_POINT ( 'NONE',  ( 17.00000000000000000, 1.040949779275260198E-15, 6.350000000000001421 ) ) ;
#1412 = DIRECTION ( 'NONE',  ( 0.000000000000000000, 0.000000000000000000, -1.000000000000000000 ) ) ;
#1413 = ORIENTED_EDGE ( 'NONE', *, *, #1162, .F. ) ;
#1414 = EDGE_CURVE ( 'NONE', #441, #1197, #506, .T. ) ;
#1415 = AXIS2_PLACEMENT_3D ( 'NONE', #656, #969, #196 ) ;
#1416 = CARTESIAN_POINT ( 'NONE',  ( -20.13596476272274671, 61.90197291107460131, 0.000000000000000000 ) ) ;
ENDSEC;
END-ISO-10303-21;
